# Blender 3.6.0
# www.blender.org
mtllib Building4.mtl
o Building4
v -62.089153 153.021454 -289.308868
v -98.442688 109.299866 -232.362152
v -57.565727 142.651276 -297.880920
v -57.532478 145.996628 -295.624084
v -98.442688 109.299866 -300.902008
v -62.450623 146.017426 -296.259216
v -65.970016 145.261810 -296.818970
v -68.835793 142.488068 -298.314789
v -29.844513 109.299866 -232.362152
v -71.471802 144.562912 -296.472900
v -75.261093 144.079285 -295.596069
v -29.844513 109.299866 -300.902008
v -51.601784 141.258453 -296.855835
v -80.863388 139.426804 -295.811737
v -45.998604 135.925156 -296.651672
v -44.234764 132.657135 -296.718384
v -49.024078 133.764221 -299.066162
v -79.998955 135.399139 -298.128601
v -80.617035 130.706909 -299.181824
v -84.513580 131.932297 -296.587006
v -44.521538 128.567703 -297.813293
v -86.222473 128.530334 -296.087860
v -74.120041 152.203644 -288.230988
v -41.580868 126.552231 -295.954071
v -41.532257 128.490753 -295.717712
v -45.294392 126.564102 -298.484222
v -84.653130 126.545212 -297.368408
v -83.809372 126.553329 -297.915314
v -82.853981 126.520950 -298.618561
v -72.801476 150.222610 -291.118988
v -86.647423 126.557556 -295.952209
v -102.534943 126.402390 -306.370331
v -104.532242 125.612762 -303.951080
v -78.811783 145.555939 -292.835175
v -73.739906 147.409271 -293.567780
v -81.060181 147.680038 -289.367004
v -68.621109 147.400070 -294.840057
v -91.122322 133.778351 -290.069794
v -88.934776 138.469238 -289.995789
v -88.683655 142.382446 -287.297455
v -86.589462 141.131287 -290.510590
v -91.750572 126.555511 -291.284271
v -87.682915 131.809708 -294.172699
v -93.373993 126.576309 -289.216949
v -93.424591 132.302063 -287.800690
v -91.054825 130.391632 -291.351257
v -86.061119 145.454224 -246.053513
v -83.981888 143.285095 -242.134949
v -83.335266 146.777008 -244.792816
v -86.285583 152.195374 -275.297058
v -86.382820 153.405075 -266.737549
v -89.484276 149.760483 -274.171387
v -88.870041 151.275009 -268.697693
v -92.025734 147.694260 -271.778931
v -93.208832 146.656662 -268.768494
v -90.696304 143.260269 -283.674805
v -87.264381 148.049576 -282.419373
v -87.605606 145.945602 -284.845245
v -84.953751 147.701935 -285.823853
v -89.990997 145.978287 -281.174072
v -85.065750 151.157120 -280.305328
v -91.865921 145.287888 -278.602844
v -61.356838 140.215271 -299.794464
v -55.035019 139.793350 -298.873413
v -66.528297 140.116943 -299.873016
v -71.964325 140.442566 -298.862335
v -57.400097 153.545517 -287.690704
v -49.702530 145.391678 -293.092773
v -45.057232 144.658371 -290.666260
v -53.252716 147.828751 -292.658020
v -55.211704 150.429932 -290.821259
v -49.673119 150.534485 -287.814117
v -58.860062 136.458633 -301.122375
v -58.919533 149.996033 -292.338379
v -73.998856 136.360199 -300.162048
v -53.630943 132.928696 -301.078918
v -77.273819 133.977859 -299.820618
v -42.642365 136.910263 -293.923004
v -42.192142 140.200378 -291.676788
v -39.138206 136.997253 -290.702026
v -40.003326 141.593094 -288.523834
v -47.457802 129.616791 -299.296692
v -51.018627 128.879868 -301.009949
v -35.041824 129.035446 -289.164734
v -39.744034 132.727234 -293.213440
v -36.739281 133.566330 -289.746368
v -45.806168 126.553696 -298.768616
v -46.380028 126.566071 -299.053131
v -47.080959 126.553726 -299.439270
v -47.876083 126.578735 -299.808441
v -48.647995 126.557816 -300.192474
v -49.350441 126.578217 -300.500031
v -50.105370 126.568344 -300.847931
v -80.631638 127.939636 -299.584167
v -79.366043 126.546661 -300.303589
v -78.734528 126.801804 -300.513489
v -78.123810 126.568573 -300.847717
v -82.523087 126.645554 -298.666870
v -81.848869 126.566025 -299.053131
v -83.798187 126.509094 -306.082855
v -41.709736 144.047775 -245.102921
v -44.880905 147.072632 -245.092178
v -43.289089 142.740189 -242.502090
v -34.843761 145.477097 -273.486267
v -34.163811 145.595001 -268.751129
v -37.720245 148.162689 -275.762512
v -40.832485 151.015564 -276.098724
v -40.918503 151.872589 -273.616730
v -40.098572 151.889420 -269.316772
v -39.169632 145.217148 -283.819824
v -43.809933 149.286575 -284.308746
v -40.870537 148.978943 -280.821991
v -84.425919 139.532852 -293.390320
v -77.308472 140.424072 -297.075897
v -69.949066 126.570297 -303.151855
v -69.394699 128.217789 -303.104309
v -67.259392 147.739105 -238.471390
v -68.657761 152.303543 -243.384354
v -72.934212 150.909393 -242.957520
v -70.858788 149.216660 -240.499527
v -72.664352 145.617477 -237.875565
v -80.838638 149.916733 -246.355606
v -78.690598 148.565674 -243.200958
v -81.012505 145.350128 -241.631210
v -78.133636 144.032089 -238.878235
v -74.937210 147.675873 -240.437592
v -82.756798 154.723938 -274.978973
v -78.947311 156.547714 -275.453918
v -79.323669 157.139420 -271.980988
v -70.623230 154.408936 -286.433350
v -72.470612 156.727875 -281.408630
v -80.342560 151.778061 -284.675995
v -76.988480 153.768082 -284.231415
v -81.361771 153.049454 -281.473022
v -76.488121 156.177338 -279.676880
v -80.665138 154.709259 -278.583588
v -63.353279 136.422913 -301.540955
v -69.406883 136.675705 -301.022980
v -86.696594 128.490738 -237.546494
v -86.653946 126.576630 -237.322632
v -90.757347 137.492432 -244.719666
v -54.691788 135.706955 -300.522217
v -87.761055 141.758942 -244.373199
v -88.926514 134.548233 -241.204391
v -88.297722 138.276459 -242.517899
v -66.721825 134.419159 -302.088562
v -69.817131 132.442703 -302.295990
v -84.860886 136.455017 -238.544174
v -60.005856 131.954926 -302.649811
v -97.154419 138.917618 -274.244232
v -76.751274 130.757919 -300.837341
v -95.158005 143.050797 -273.044067
v -100.636581 126.562271 -272.482330
v -100.460381 128.541290 -272.443329
v -73.448013 129.947464 -302.067627
v -94.146324 138.854965 -282.418762
v -95.783806 139.189102 -278.282745
v -54.317863 128.390091 -302.137939
v -53.107307 126.573700 -301.917358
v -54.350479 126.518707 -302.407715
v -54.456734 126.819885 -302.241669
v -55.549129 126.558197 -302.590363
v -73.173492 126.578186 -302.456970
v -71.455299 126.631424 -302.826569
v -72.342171 126.507980 -302.870728
v -75.181351 126.605728 -301.882599
v -74.144875 126.560059 -302.216583
v -76.875443 126.576492 -301.336792
v -75.899086 126.513428 -301.799591
v -89.054550 146.739838 -251.593689
v -87.119751 149.365356 -252.775925
v -88.317741 145.312317 -248.578110
v -85.364075 148.050781 -248.380371
v -86.073502 153.434036 -263.029999
v -90.590012 147.833313 -256.821655
v -92.014603 148.197998 -266.054016
v -47.662689 142.537567 -294.105682
v -49.320374 138.823456 -297.186890
v -58.280262 126.570572 -303.151672
v -52.045845 141.733154 -236.469894
v -56.265602 144.304993 -236.754166
v -47.327610 150.466385 -247.176178
v -47.332649 145.339386 -241.544617
v -50.537003 145.383194 -239.727371
v -52.054115 149.238739 -242.540100
v -57.219997 150.052124 -241.372391
v -45.376781 154.742813 -274.557648
v -58.218796 159.916763 -272.260193
v -51.565292 153.639557 -284.655640
v -51.026306 155.911896 -279.670990
v -47.962326 153.050735 -282.589874
v -44.976364 152.179901 -280.792511
v -47.469719 154.553665 -278.823486
v -53.131840 158.333084 -274.398193
v -55.106518 157.716125 -278.441040
v -37.263008 136.501846 -244.415176
v -39.997711 140.096558 -243.630951
v -43.276546 137.152908 -238.967133
v -34.911381 126.579147 -243.987946
v -35.728306 129.008957 -243.264008
v -35.021614 132.193405 -245.127228
v -38.072151 131.846436 -241.436096
v -30.301899 137.484375 -273.500854
v -32.512989 142.244080 -272.797699
v -27.621670 126.580490 -272.502380
v -27.890892 126.555389 -274.204651
v -31.312241 136.121384 -278.911011
v -33.988762 139.146896 -281.960907
v -32.468174 130.999908 -284.652313
v -31.696918 133.251266 -282.116730
v -43.536674 151.319016 -252.720932
v -40.611748 145.950943 -248.439835
v -64.470146 130.262268 -303.224457
v -40.887329 152.446213 -263.066864
v -34.514210 146.025345 -264.484802
v -34.327896 144.958282 -260.376770
v -39.511932 150.624817 -259.752594
v -24.128078 126.242767 -305.426025
v -25.911221 126.505600 -306.424011
v -60.112926 126.513077 -303.611664
v -68.095024 126.518265 -303.603821
v -64.685280 126.746323 -303.578094
v -104.284134 125.980362 -305.253418
v -73.870529 139.899658 -234.655518
v -72.287453 136.244446 -232.613785
v -69.949089 126.569962 -230.112152
v -81.348953 140.714920 -238.468506
v -69.114677 157.253342 -251.606079
v -74.064339 154.831833 -249.026749
v -80.753029 154.561035 -254.451019
v -77.370880 155.383469 -252.494644
v -74.339569 157.532455 -255.316116
v -80.277573 153.055557 -250.693863
v -77.349823 151.972412 -246.499741
v -68.390907 159.987335 -260.002014
v -82.883888 154.774048 -258.928894
v -78.636734 156.478104 -256.967712
v -97.450859 135.736267 -255.473709
v -95.850418 137.703079 -253.350143
v -91.826691 142.034363 -250.020538
v -98.066803 130.421936 -253.067688
v -95.760681 130.999817 -248.611847
v -98.408325 135.641541 -258.787109
v -100.333931 126.564468 -259.071625
v -99.815964 128.084763 -257.449982
v -52.791111 134.772751 -233.039246
v -56.847878 135.646057 -232.203720
v -44.518288 133.257248 -236.553314
v -58.022198 126.509308 -230.010452
v -58.688866 128.573380 -230.202393
v -51.043259 155.922913 -253.583557
v -47.513901 152.802246 -250.630737
v -51.002422 154.108246 -249.862854
v -59.127548 159.737518 -259.359192
v -33.367207 138.279037 -251.747559
v -32.509796 133.639999 -249.847748
v -35.472652 140.175842 -249.681946
v -27.591736 126.564194 -260.778931
v -24.143364 125.690338 -305.800995
v -24.884415 126.324005 -306.315796
v -26.227283 126.294571 -306.781982
v -26.667088 125.718094 -307.035706
v -102.043472 126.269302 -306.812927
v -101.573936 125.688202 -307.034393
v -42.167740 145.454178 -287.210724
v -103.891678 126.089676 -305.977905
v -103.423248 126.296707 -306.293213
v -24.995979 125.785278 -306.626709
v -45.927708 147.615753 -288.464783
v -103.309662 125.577881 -306.595551
v -25.392986 117.401550 -307.072998
v -84.929230 144.663025 -289.122192
v -23.706589 125.704468 -304.314667
v -104.283524 126.313232 -303.702576
v -88.638748 126.589340 -294.268616
v -39.649048 126.645996 -294.294708
v -23.932693 126.297562 -303.826782
v -83.338127 136.279556 -295.810089
v -81.975319 142.926254 -292.948578
v -53.438519 144.531723 -295.481049
v -89.643013 128.221802 -293.186798
v -39.463860 126.526382 -294.389679
v -24.395298 126.509811 -305.057922
v -62.345722 149.709503 -293.096069
v -103.884827 126.506363 -304.958618
v -91.817543 126.518234 -291.037811
v -36.461548 126.591873 -291.133606
v -38.078327 128.988831 -292.600464
v -87.560379 135.703659 -292.855804
v -77.823036 149.693848 -289.339844
v -49.968979 148.301163 -290.587555
v -69.666557 149.897278 -292.351715
v -65.298531 149.858658 -293.000519
v -94.950584 126.573181 -286.986877
v -33.967751 126.560257 -288.027771
v -91.580612 139.047928 -286.412994
v -96.194313 126.511749 -285.239380
v -95.539902 126.601227 -286.087708
v -32.244820 126.551224 -285.430847
v -32.860565 126.560349 -286.364746
v -31.305164 126.516098 -284.281189
v -93.911278 136.342712 -284.850006
v -36.217003 137.920593 -286.619598
v -34.474407 134.606140 -286.215668
v -37.807377 141.269913 -286.060791
v -47.305489 150.477753 -286.111023
v -74.217781 154.239578 -285.148468
v -67.625107 153.638779 -288.362671
v -63.902752 154.823471 -286.850037
v -53.577652 152.682755 -287.307617
v -97.056572 126.552933 -283.387115
v -96.433823 126.580200 -284.540466
v -95.691071 129.256454 -285.433136
v -95.718452 133.642868 -283.415894
v -82.391815 149.883316 -285.606537
v -62.999561 156.718430 -283.556915
v -60.480240 155.176453 -285.997375
v -98.411163 126.657211 -280.313690
v -98.196182 126.547928 -281.028625
v -97.467552 128.056091 -282.344482
v -30.271713 128.709045 -281.111572
v -29.978149 126.537857 -280.938263
v -29.817711 126.657211 -280.313690
v -96.802429 134.750412 -280.374146
v -36.386196 142.537613 -282.625275
v -67.857712 156.754028 -283.151886
v -58.225025 157.308258 -281.271210
v -54.877975 155.676636 -283.107117
v -99.155067 126.557617 -278.466095
v -98.806244 126.576569 -279.382629
v -28.757687 126.500778 -278.011475
v -29.090668 126.546127 -278.529327
v -29.422871 126.581482 -279.377014
v -98.132141 131.114792 -279.662231
v -37.682518 146.673904 -278.960999
v -67.513489 158.549316 -278.974701
v -63.259003 158.622559 -279.196136
v -59.761829 158.894714 -277.588135
v -99.757370 126.582870 -276.411285
v -99.479126 129.540710 -276.491791
v -28.756565 126.604797 -277.368073
v -28.112743 128.715897 -274.227386
v -28.903709 129.357315 -277.119202
v -32.014313 139.726135 -276.208099
v -94.046432 141.891251 -278.974457
v -34.993557 143.617889 -278.309784
v -88.660080 148.932755 -278.447540
v -43.606781 152.428360 -278.130859
v -98.103973 135.334579 -276.160797
v -29.300949 133.561462 -275.060730
v -92.890526 145.248001 -275.901428
v -49.018120 156.639816 -274.753937
v -75.438629 158.027390 -275.098633
v -71.625687 158.794968 -276.208466
v -66.617493 159.930130 -274.360077
v -56.580486 158.956970 -275.467865
v -99.532074 133.921677 -271.349457
v -28.992840 134.973816 -270.972595
v -97.923523 138.812103 -269.696075
v -86.075523 153.329865 -271.000946
v -45.933937 155.793152 -270.859497
v -75.537796 158.716553 -271.131805
v -62.409901 160.194382 -273.290283
v -27.371292 126.623672 -270.595642
v -100.407104 131.500900 -268.677765
v -27.828091 130.608307 -270.546143
v -95.510956 143.305817 -269.687073
v -36.771015 148.320786 -271.729034
v -42.732388 153.830185 -270.234314
v -70.659515 160.037170 -270.556091
v -66.282310 160.585251 -270.149506
v -104.526337 125.721024 -229.404022
v -23.694942 125.674835 -228.978455
v -103.693436 126.584442 -228.266174
v -101.081055 126.520203 -270.593597
v -101.044312 126.745956 -265.994904
v -100.936539 128.457138 -266.565735
v -27.133934 126.515610 -270.609497
v -27.144131 126.738434 -266.778290
v -24.294804 126.506683 -268.611023
v -27.704380 131.056183 -266.200134
v -28.372520 133.737946 -267.802155
v -99.218193 135.858246 -266.268158
v -30.209373 138.863800 -268.015411
v -31.469307 141.422089 -266.053375
v -95.526459 143.498672 -265.263184
v -37.730568 149.840500 -265.791321
v -82.972656 155.647919 -268.376984
v -80.238472 157.132904 -266.000549
v -46.716606 156.476700 -267.891907
v -72.853355 159.771072 -267.493500
v -55.147682 159.646713 -268.707062
v -50.974388 158.394012 -265.597473
v -51.060192 158.329010 -269.661285
v -68.111084 160.587784 -265.653870
v -64.645493 160.809723 -266.367676
v -60.542515 160.562683 -269.274475
v -58.932968 160.458817 -266.767456
v -100.906891 126.575241 -262.761047
v -100.709595 128.461563 -262.453613
v -27.138149 126.511703 -262.640320
v -100.135269 132.263535 -263.587769
v -27.969307 130.713013 -261.569580
v -99.031647 135.603363 -262.443756
v -29.378708 136.518829 -263.379669
v -97.417709 140.121613 -265.229065
v -32.622070 143.096176 -263.405090
v -37.058601 148.752625 -262.301208
v -89.804214 150.435974 -264.773041
v -82.286926 155.795822 -262.395966
v -43.939037 154.633331 -262.763947
v -76.375481 158.758041 -266.285309
v -47.360367 156.702789 -263.883667
v -71.932037 159.748764 -262.469116
v -64.108383 160.447113 -261.318146
v -60.824856 160.515594 -263.104767
v -55.509811 159.744888 -264.574738
v -23.959206 126.303040 -228.833267
v -29.447659 135.390717 -260.089203
v -97.037994 139.885117 -260.830872
v -31.612720 140.528137 -260.339722
v -94.350449 144.797165 -262.161469
v -92.175468 147.471512 -261.545746
v -89.763794 149.873505 -260.761841
v -78.213463 157.607132 -261.032043
v -51.234749 158.217590 -262.153809
v -55.438053 159.297012 -260.731354
v -99.935745 130.865784 -259.932281
v -94.069839 144.031448 -258.241394
v -37.108139 148.091446 -259.201569
v -42.889462 152.819473 -257.583466
v -47.277702 156.036957 -259.628693
v -74.260818 158.610428 -259.148773
v -51.288136 157.569473 -258.506958
v -28.788551 128.676178 -256.318085
v -98.905685 131.589249 -256.269592
v -29.668163 133.144531 -256.343445
v -96.116821 139.956741 -257.138000
v -31.729801 138.785385 -256.421722
v -34.204220 143.600861 -257.234833
v -36.046837 145.319672 -255.524780
v -86.894165 151.819260 -258.240143
v -70.126030 158.569366 -255.366272
v -65.741013 159.355240 -256.502197
v -53.647980 158.038269 -257.189270
v -56.544582 158.023819 -254.615356
v -99.472023 126.605042 -255.895782
v -99.270325 126.577591 -255.238708
v -34.410400 141.746689 -253.586700
v -93.229965 143.328796 -254.462219
v -37.819199 145.833878 -252.551910
v -39.681358 149.038742 -254.826324
v -84.467239 152.547058 -255.142929
v -46.713303 154.503433 -255.314102
v -65.087051 158.241928 -253.105972
v -61.677643 159.453079 -256.984131
v -99.138252 126.543930 -254.721039
v -98.805809 126.581665 -253.886978
v -98.344864 126.554459 -252.615891
v -97.585236 128.255203 -251.245026
v -29.067345 126.554794 -254.797379
v -30.433262 128.440842 -251.663101
v -31.432899 134.760971 -252.883102
v -60.704571 158.211624 -253.389221
v -97.944618 126.580521 -251.754303
v -97.562012 126.596039 -250.963043
v -29.884758 126.557709 -252.617874
v -31.146545 131.087204 -251.171432
v -95.809517 134.390137 -250.468811
v -94.033661 139.396423 -251.215530
v -41.360130 148.424149 -250.871277
v -82.277863 150.553162 -248.508560
v -44.191936 149.177444 -248.397125
v -72.358536 156.778870 -251.934189
v -62.663830 156.976334 -250.243958
v -60.064697 156.249756 -249.198517
v -54.619049 154.960831 -248.958054
v -97.295380 126.529892 -250.322311
v -95.968010 128.132523 -248.069946
v -96.655518 126.541794 -249.083588
v -96.249283 126.589615 -248.385468
v -31.016815 126.555634 -250.167252
v -31.353539 126.646545 -249.619965
v -31.582157 126.543457 -249.077240
v -32.611118 130.005798 -247.981949
v -24.354961 126.502487 -228.158691
v -93.534714 136.850449 -248.143585
v -90.401962 141.256729 -247.166046
v -37.480667 143.058167 -249.429153
v -72.452042 153.774536 -246.496170
v -67.752159 156.103012 -248.854630
v -64.748917 154.248444 -245.513870
v -95.877388 126.564072 -247.681625
v -96.487015 126.512131 -247.949875
v -95.356667 126.576019 -246.889297
v -94.846619 126.556503 -246.094574
v -32.188286 126.571365 -247.996964
v -32.864494 126.582138 -246.848740
v -33.388947 126.566071 -246.089767
v -93.871681 131.693130 -245.880295
v -34.911705 136.466064 -247.538177
v -51.261379 152.080139 -246.424500
v -57.517948 154.208893 -246.560455
v -104.207321 126.304489 -228.198608
v -94.261024 126.558716 -245.234726
v -93.302788 128.298492 -244.156555
v -91.797478 131.338776 -243.072800
v -92.100739 134.645004 -244.806915
v -38.012596 140.481583 -246.212952
v -48.914677 149.025177 -244.134735
v -54.945435 152.091034 -244.545441
v -60.510010 152.927689 -243.995178
v -91.753845 126.595581 -242.117706
v -89.732414 129.470779 -240.319656
v -36.463120 126.596603 -242.132751
v -39.574276 135.676498 -241.421768
v -65.020569 151.631470 -242.206238
v -38.585857 128.221802 -240.077408
v -39.454918 126.523514 -238.878677
v -39.671089 126.624634 -238.946960
v -85.096802 139.816284 -240.588165
v -44.922909 141.278427 -240.140228
v -62.571724 148.934021 -239.401093
v -88.691040 126.561951 -239.019562
v -41.186119 130.953674 -238.279175
v -84.980904 132.233582 -237.075256
v -47.992889 141.302872 -238.155579
v -53.084694 146.555634 -239.532990
v -56.895576 147.063004 -238.700531
v -85.531807 126.545395 -236.470993
v -83.707260 128.567749 -235.450882
v -83.832367 126.544968 -235.349335
v -82.848816 126.520218 -234.642288
v -82.535599 126.684433 -234.620880
v -44.517220 128.569473 -235.447067
v -45.292053 126.562988 -234.779953
v -42.727676 126.559906 -236.465332
v -25.712440 126.498993 -226.868179
v -80.470261 137.428757 -236.255646
v -46.585747 136.777954 -236.623291
v -49.861809 138.125717 -235.520325
v -76.817230 140.933823 -236.255325
v -70.504623 142.901825 -235.500397
v -65.719955 144.599228 -235.966827
v -60.726219 145.812729 -236.968689
v -81.848274 126.566498 -234.210983
v -81.146698 126.553879 -233.824493
v -80.352951 126.578751 -233.455856
v -78.124977 126.563705 -232.414673
v -49.355816 126.590805 -232.765701
v -49.889217 126.526581 -232.412323
v -45.813316 126.578140 -234.504532
v -46.650482 126.556839 -234.061981
v -47.398651 126.552292 -233.662109
v -80.771027 129.616730 -233.967499
v -80.073540 133.561356 -234.546356
v -48.044960 131.245163 -233.975128
v -76.728470 135.638657 -233.799652
v -49.005753 134.707565 -234.531006
v -64.517006 138.879089 -232.743073
v -54.704597 138.313232 -233.808121
v -66.910370 140.843506 -233.810959
v -62.983051 142.231964 -234.476898
v -60.298389 138.680023 -232.836456
v -56.965530 141.487747 -234.801804
v -78.392365 126.509659 -226.824524
v -75.851616 126.573074 -231.552704
v -76.403137 127.917953 -231.859283
v -74.072708 126.568146 -231.024490
v -72.407944 129.419098 -230.868118
v -72.880234 126.578674 -230.749298
v -71.508316 126.600616 -230.440277
v -55.539074 126.707520 -230.732361
v -54.528370 126.779816 -230.965958
v -56.178234 126.554153 -230.513824
v -53.165512 126.725601 -231.368347
v -52.743725 126.511307 -231.317947
v -54.383965 126.501236 -230.827896
v -50.435078 126.655350 -232.308701
v -51.368366 126.574905 -231.920547
v -75.596817 131.209808 -232.091415
v -69.004028 132.949432 -230.953476
v -53.522655 130.869476 -231.727417
v -64.029312 134.595215 -231.102875
v -59.398052 133.403137 -231.063995
v -104.331764 125.598785 -227.965973
v -104.480255 117.378555 -227.642654
v -24.155716 125.817902 -227.386703
v -67.359299 128.475342 -229.946503
v -68.101929 126.517654 -229.658966
v -60.124573 126.514038 -229.646988
v -63.989109 126.759247 -229.701294
v -63.817680 129.541031 -229.921997
v -60.347519 126.671417 -229.911560
v -103.062332 117.432175 -226.240082
v -101.597076 125.258774 -226.173340
v -25.062397 117.438751 -226.274841
v -26.639984 117.441040 -225.978287
v -103.799843 126.009903 -227.121262
v -103.103409 126.098389 -226.623367
v -101.759872 126.154709 -226.332214
v -40.557800 125.704651 -226.204697
v -26.576164 125.697662 -226.218872
v -24.437592 126.303650 -227.330963
v -25.202019 126.110794 -226.576996
v -103.112473 126.474014 -226.982468
v -26.238728 126.299927 -226.453339
v -24.901913 0.034799 -307.982635
v -103.108124 -0.504366 -307.768494
v -25.358482 -0.525118 -307.797058
v -24.234650 -0.439947 -307.474731
v -104.093185 0.291881 -307.653625
v -101.910919 0.513515 -308.051514
v -103.657074 -0.163267 -307.861786
v -24.572788 8.612747 -307.649200
v -105.076035 -0.529123 -305.889984
v -104.517532 -0.529425 -306.838074
v -23.187981 -0.361123 -306.604980
v -23.900818 0.025969 -307.531860
v -22.862999 0.099748 -306.218536
v -105.292206 0.036577 -306.377808
v -23.520386 4.927747 -307.091736
v -24.212105 16.086113 -307.170898
v -103.904144 10.172754 -307.479980
v -23.563705 16.147436 -306.518250
v -103.101730 13.755449 -307.639160
v -101.864090 31.685791 -307.246368
v -104.848282 20.800833 -305.709808
v -103.762390 31.774143 -306.640747
v -23.719360 31.883606 -305.543304
v -104.381592 31.714413 -305.889832
v -104.394577 21.223179 -306.557861
v -103.919785 32.342590 -306.257721
v -102.896027 32.030144 -307.036743
v -101.044403 32.765236 -306.871948
v -26.569775 32.733635 -306.882874
v -26.100204 31.752853 -307.232239
v -24.609440 32.090332 -306.699615
v -25.195694 31.746361 -307.029327
v -24.058517 31.636597 -306.232635
v -103.627632 33.040321 -305.468903
v -101.609009 33.949081 -305.294800
v -102.518333 32.990353 -306.458405
v -100.391846 33.957684 -305.536163
v -27.760452 33.927620 -305.539215
v -26.416023 33.928699 -305.192688
v -24.300045 32.694862 -305.836121
v -25.493305 32.931160 -306.425293
v -103.858871 116.798828 -306.248749
v -102.996323 116.222931 -306.182495
v -100.694916 116.227570 -306.663300
v -102.081726 116.812820 -307.078400
v -26.468601 116.243073 -306.648438
v -25.907200 116.775299 -307.040833
v -23.892906 116.713943 -305.276825
v -24.808025 116.242722 -305.848083
v -103.989388 117.416061 -306.444885
v -102.785645 117.384628 -307.081085
v -101.140030 117.389008 -307.265656
v -27.061665 117.483658 -307.269226
v -23.823719 117.375519 -305.798340
v -24.473629 117.238083 -306.592468
v -105.484741 0.133362 -305.753540
v -22.986053 -0.517484 -305.569519
v -104.461182 32.402954 -304.896606
v -23.890869 32.771950 -304.183563
v -23.504700 31.620228 -304.606689
v -102.646217 33.944229 -304.332886
v -25.926426 34.654350 -304.078857
v -25.545582 33.911587 -304.348724
v -101.537628 34.728275 -304.817963
v -100.347275 34.731712 -305.207977
v -102.209900 34.733952 -304.197174
v -101.841927 42.926033 -304.220337
v -100.590462 44.911114 -304.827820
v -26.479778 34.691936 -304.696686
v -102.424850 41.996712 -303.099243
v -27.888592 34.670547 -305.228973
v -102.215088 46.048492 -303.303619
v -26.988598 45.491581 -304.540985
v -101.039276 46.904400 -304.490875
v -101.441971 50.767517 -304.005341
v -26.366989 53.905411 -303.437866
v -101.189697 61.250881 -303.844910
v -100.360428 60.778278 -304.318176
v -27.725437 62.902187 -304.187744
v -27.246258 74.311417 -303.355103
v -29.066971 74.854828 -304.127319
v -100.253128 75.731644 -303.820374
v -46.230316 85.739594 -303.859497
v -29.084442 88.360352 -303.731415
v -100.631012 86.026703 -303.158600
v -79.194565 86.349915 -303.779114
v -78.928406 85.815231 -303.781769
v -69.793510 86.364243 -302.567078
v -69.776375 85.720032 -303.849426
v -67.836975 86.577530 -303.636719
v -67.541855 85.835983 -303.720398
v -68.054512 85.749741 -303.867554
v -57.622833 86.607437 -303.813843
v -58.103771 85.855835 -303.708405
v -57.717487 85.441833 -303.873779
v -55.909615 86.329102 -302.635864
v -55.877327 85.840454 -303.714966
v -55.640362 85.168106 -303.886597
v -46.478226 86.489761 -303.646912
v -46.731186 85.859558 -303.712891
v -28.032764 83.848846 -303.586243
v -68.078827 91.872452 -303.682190
v -56.224449 86.535980 -303.609253
v -56.398167 86.251526 -303.829163
v -69.198914 86.088409 -303.852142
v -57.698483 91.407364 -303.588287
v -46.307976 91.015427 -303.697266
v -99.917755 90.171005 -303.327393
v -69.366211 86.369644 -303.689423
v -57.542107 104.617294 -303.353088
v -28.310402 93.780396 -303.259979
v -46.355019 101.319229 -303.374451
v -79.231895 101.426346 -303.381592
v -69.278656 100.149368 -303.443756
v -56.351917 100.703979 -303.416687
v -99.435074 89.752609 -303.634979
v -79.055710 106.103638 -303.052826
v -69.424561 105.380554 -303.120544
v -57.765625 104.441177 -303.183746
v -78.116241 107.737091 -303.063171
v -77.936615 108.404037 -303.241821
v -79.273689 106.426331 -303.302979
v -69.308609 105.889633 -303.310425
v -66.551979 107.781082 -303.173676
v -67.097878 107.210815 -303.212860
v -68.046227 105.557159 -303.324127
v -67.834450 105.067368 -303.065735
v -59.016140 107.687988 -303.166473
v -58.358299 107.062897 -303.255737
v -58.040756 106.024902 -303.168549
v -56.243183 106.160629 -303.251343
v -55.471718 107.376617 -303.187286
v -46.221680 105.415955 -303.323639
v -46.491577 105.286987 -303.086182
v -77.501923 108.081696 -303.054993
v -76.131073 109.466400 -303.163818
v -77.280876 108.665939 -303.182983
v -71.414886 108.748383 -303.195496
v -72.605362 109.518967 -303.188416
v -72.173065 108.832764 -303.152405
v -70.972748 107.978195 -303.083313
v -70.437981 107.913910 -303.220490
v -65.881210 108.772278 -303.213867
v -64.730392 109.494568 -303.194824
v -64.993111 108.827377 -303.139343
v -60.942657 109.472305 -303.183533
v -59.790695 108.777557 -303.222534
v -60.584846 108.837982 -303.158203
v -54.970840 108.032654 -303.211182
v -53.315521 109.591965 -303.228882
v -54.272842 108.737183 -303.190948
v -53.092537 109.313980 -303.013550
v -53.522202 108.789322 -303.086884
v -49.570831 109.533371 -303.187653
v -47.964684 109.309311 -303.252228
v -49.287224 108.830307 -303.158051
v -48.339569 108.750473 -303.212585
v -47.507462 107.868011 -303.174774
v -30.435852 113.859772 -303.109253
v -29.217319 113.809143 -302.920593
v -98.417328 113.774078 -303.081482
v -98.525017 114.597733 -303.239105
v -73.041992 114.463837 -303.181946
v -82.070786 113.876266 -303.140289
v -51.596851 114.581406 -303.242157
v -51.270191 113.956360 -303.145935
v -29.644974 114.593964 -303.229675
v -104.123741 116.231628 -304.289459
v -104.576569 117.180115 -305.288330
v -99.527847 115.369202 -304.588135
v -28.463638 114.612717 -302.708588
v -27.183144 115.188034 -303.415314
v -28.678120 115.337784 -304.525452
v -24.143944 116.197388 -304.134491
v -104.762238 117.412659 -303.924988
v -25.523174 34.689240 -302.897827
v -101.175018 85.326035 -302.306702
v -78.046280 87.462967 -301.185974
v -78.242599 87.172867 -302.316101
v -78.650146 86.307053 -302.607178
v -77.752853 87.000412 -302.182983
v -70.643486 86.963425 -302.249969
v -66.492699 87.015396 -302.240051
v -66.794075 86.726059 -302.452850
v -67.578407 86.322876 -302.678009
v -59.302773 86.989258 -302.203278
v -59.065247 86.424622 -302.525574
v -58.972466 87.404724 -302.256805
v -58.102913 86.272781 -302.700012
v -54.990730 86.952942 -302.241760
v -47.585915 86.998383 -302.213715
v -47.156235 86.275742 -302.624695
v -46.712772 86.533508 -302.578674
v -78.931732 86.538971 -302.593597
v -70.247879 87.214279 -302.270203
v -69.665741 86.514420 -302.574463
v -55.363438 87.293640 -302.253021
v -47.341904 87.522858 -302.281281
v -70.152390 91.531509 -302.203918
v -66.793365 91.842194 -302.194519
v -58.639484 86.981964 -302.418335
v -55.903221 86.733063 -302.509094
v -100.881348 89.687057 -302.375275
v -100.592941 96.659790 -302.467010
v -58.061634 92.489456 -302.448975
v -47.234825 92.145767 -302.141968
v -78.346611 92.263000 -302.140015
v -67.527115 86.880066 -302.491089
v -58.842445 91.766891 -302.176819
v -70.203140 103.596268 -301.886505
v -58.960915 104.349030 -301.619843
v -58.754425 104.625916 -301.887329
v -55.541561 103.141891 -301.931946
v -78.281166 104.558289 -301.782471
v -78.921478 104.957123 -302.105896
v -70.643303 105.396164 -301.810699
v -69.717903 105.025681 -302.035950
v -66.660675 104.342850 -301.639435
v -67.569153 104.830276 -302.060852
v -66.847137 104.371262 -301.905518
v -58.063351 104.237488 -302.198730
v -55.348610 104.150574 -301.647064
v -55.262238 105.098114 -301.895081
v -55.898285 105.138199 -302.038513
v -47.672672 105.422394 -301.774994
v -47.327835 103.532486 -301.759003
v -47.290871 103.726700 -301.838562
v -46.689178 104.791534 -302.081635
v -100.864212 102.120972 -301.166565
v -77.989853 107.197571 -302.148743
v -75.879662 107.749817 -301.677643
v -76.383484 107.066772 -301.624725
v -77.410522 106.322510 -301.678131
v -77.207146 107.033783 -301.869995
v -76.326363 108.122360 -302.174835
v -77.147644 108.002823 -302.189880
v -72.936287 107.792007 -301.711365
v -72.427765 107.092651 -301.671356
v -71.836426 106.966690 -301.670563
v -71.464920 107.920929 -302.097229
v -71.204117 106.062790 -301.752747
v -70.973885 107.268448 -302.063934
v -70.501213 107.148743 -302.249939
v -70.273407 106.139023 -301.974792
v -66.278481 107.281052 -302.159149
v -66.863594 106.539948 -302.127106
v -66.083382 106.133392 -301.770813
v -65.336143 106.989685 -301.730896
v -64.435585 107.834930 -301.726868
v -64.808792 107.203522 -301.722595
v -65.781006 108.025757 -302.166168
v -66.124908 108.101318 -303.058258
v -61.265953 107.825089 -301.707275
v -60.362083 107.064560 -301.733948
v -59.588596 106.207520 -301.769135
v -60.804829 107.079834 -301.609985
v -59.906784 107.978699 -302.153564
v -58.454170 106.173889 -302.126099
v -54.599541 106.206848 -301.763062
v -55.075172 107.288422 -302.215271
v -55.295322 106.487549 -301.983917
v -53.897160 106.976288 -301.708496
v -52.958687 107.736450 -301.661804
v -54.180634 107.956909 -302.109772
v -53.406105 107.181534 -301.731110
v -49.873543 107.831818 -301.730804
v -48.889061 106.993271 -301.665741
v -49.503006 107.126129 -301.656006
v -48.153908 105.923370 -301.721008
v -49.319996 108.130020 -302.200745
v -48.478172 108.014038 -302.173340
v -48.121773 107.349197 -302.140106
v -48.163834 108.120193 -303.092163
v -47.310150 106.485153 -302.118744
v -27.943356 104.155930 -302.523071
v -100.292496 113.822342 -301.806763
v -99.623505 110.269684 -302.772491
v -75.937775 108.784729 -302.214630
v -76.449661 108.827530 -303.108856
v -72.646362 108.682571 -302.082886
v -72.160248 108.011215 -302.103180
v -64.668755 108.800110 -302.201508
v -64.981705 108.177307 -302.236816
v -61.284386 108.737534 -302.125610
v -60.711079 108.158844 -302.197540
v -53.015640 108.750153 -302.148193
v -53.459328 108.135468 -302.175720
v -54.578262 107.330322 -302.102417
v -49.651291 108.779907 -302.191101
v -99.834442 113.633316 -302.426666
v -28.523594 113.755814 -302.548309
v -100.359917 114.582535 -301.955109
v -99.767395 114.598419 -302.704407
v -27.505451 114.591660 -300.964417
v -27.909660 113.795074 -301.746307
v -27.786781 114.586624 -301.866211
v -101.812241 115.297440 -302.932861
v -23.657299 116.795547 -303.228149
v -22.699585 0.429759 -305.247375
v -104.477585 32.530880 -297.769684
v -104.739624 31.772598 -304.264465
v -104.129738 32.988411 -304.079224
v -104.558258 116.771286 -302.591431
v -101.066360 87.182434 -291.802643
v -101.285355 86.990967 -291.980133
v -100.761780 106.318695 -291.948029
v -100.758156 108.190994 -291.295929
v -100.518677 105.878479 -291.813782
v -100.599869 113.850067 -300.679962
v -26.346661 115.289337 -302.434875
v -23.470436 117.389145 -304.090393
v -105.348923 -0.404931 -305.537781
v -100.173294 87.547577 -291.347534
v -99.818985 87.969879 -290.699524
v -99.983597 88.139160 -291.549896
v -99.633560 93.314865 -290.785675
v -99.683487 99.506363 -291.547089
v -100.579102 108.444855 -290.841736
v -99.208755 107.840881 -289.289093
v -99.170471 106.988068 -290.045868
v -99.370712 105.955994 -290.838654
v -99.109467 105.572998 -290.671143
v -99.530685 105.779449 -291.521088
v -100.660080 110.210693 -289.159332
v -100.628632 109.506424 -289.754974
v -100.679047 109.193817 -290.296204
v -99.534073 108.668335 -289.589935
v -99.630005 108.715073 -290.021332
v -99.405624 107.475266 -290.607849
v -99.672157 107.862000 -290.756195
v -99.928955 87.658340 -290.313477
v -99.597679 109.425751 -289.018677
v -100.717163 114.585587 -300.965118
v -101.298889 86.540436 -291.468689
v -99.179230 108.456100 -284.923218
v -99.145599 108.486069 -288.630676
v -99.759598 88.007126 -283.007874
v -100.138031 87.934235 -282.116394
v -99.989914 87.688675 -283.030121
v -99.274452 105.421402 -282.913849
v -99.572777 107.739655 -282.827209
v -99.699051 106.518509 -282.326294
v -99.251419 107.706329 -283.880920
v -100.691696 109.343048 -283.377930
v -100.670113 108.652954 -282.800385
v -100.608406 108.787003 -283.154236
v -100.590988 109.533218 -284.122467
v -100.671753 110.241562 -284.634216
v -99.708130 108.186371 -283.193939
v -99.637604 108.701538 -283.590851
v -99.618103 108.767090 -284.261414
v -99.643112 109.481949 -284.750031
v -99.143539 107.886765 -284.558899
v -27.601570 113.938675 -300.323120
v -101.082703 86.856064 -282.051697
v -101.192627 88.165665 -281.728943
v -99.761276 104.979889 -282.062195
v -100.751694 105.963654 -281.738342
v -100.669449 107.093094 -282.131897
v -104.176178 116.234818 -285.769684
v -105.337852 -0.424813 -227.754532
v -102.727478 34.677731 -250.040741
v -25.192692 33.937706 -303.199371
v -100.784630 107.687607 -281.136261
v -23.909168 32.814671 -267.825073
v -103.033028 33.937801 -303.236786
v -101.506203 80.681931 -271.072937
v -22.696709 1.099658 -228.332092
v -22.942883 -0.515460 -227.820557
v -102.705429 34.680748 -302.932953
v -102.011963 60.409939 -270.939789
v -102.031601 59.364513 -270.444946
v -100.641846 60.392040 -269.429352
v -100.494675 60.845463 -269.559784
v -100.766640 60.515850 -270.380615
v -101.689926 60.497272 -270.614655
v -101.726044 69.041153 -270.748169
v -26.579689 74.989807 -301.241486
v -100.307922 78.303970 -270.373596
v -100.264832 80.401077 -269.569550
v -100.190155 79.055222 -269.998047
v -101.472015 78.547546 -270.729736
v -100.010796 80.018280 -268.651154
v -99.932129 79.518372 -269.085693
v -100.033913 78.412933 -269.498718
v -101.392639 82.135117 -268.998749
v -100.206169 81.160034 -268.942383
v -101.320831 81.567612 -269.206818
v -100.338936 80.772598 -269.216736
v -101.407394 81.262009 -269.652405
v -101.581299 59.925770 -270.321838
v -101.771561 59.826824 -260.957123
v -102.047760 59.103321 -260.930237
v -100.527451 60.391048 -261.950165
v -99.847115 80.533569 -267.819153
v -99.996536 80.506989 -268.379669
v -101.363487 82.848984 -268.095367
v -101.214920 82.114609 -268.367859
v -100.513931 81.604706 -268.363861
v -99.873550 81.157928 -267.465454
v -100.289795 81.994400 -267.907501
v -101.313873 86.795746 -281.684357
v -26.844620 84.344437 -258.302460
v -27.543552 114.548874 -257.318146
v -104.243210 116.312546 -257.863586
v -105.524750 0.506522 -227.841339
v -100.224747 81.959976 -263.513000
v -99.877693 81.158340 -263.800201
v -22.772785 0.025953 -227.420944
v -25.524384 34.704319 -230.467133
v -99.982933 80.432465 -262.857880
v -100.163773 80.921631 -262.326385
v -99.869736 79.419937 -262.197540
v -100.042755 78.517166 -261.765594
v -101.384094 82.869324 -263.218903
v -101.310806 82.191025 -262.836517
v -100.496796 81.562531 -262.900146
v -101.337097 82.105759 -262.323090
v -101.409546 81.059143 -261.505646
v -100.545776 80.810913 -261.800110
v -99.932404 80.598633 -263.438293
v -104.742905 117.374695 -229.015213
v -100.624786 60.465336 -261.428680
v -100.959991 60.549015 -260.877167
v -101.990265 60.487469 -260.399811
v -100.267220 60.926624 -261.768372
v -100.224213 70.172470 -261.662415
v -100.695145 65.580917 -260.936707
v -101.625198 67.237839 -260.577759
v -100.549210 78.212387 -260.843018
v -101.378578 78.416168 -260.588318
v -101.556122 78.405807 -260.313812
v -100.178375 79.129196 -261.317474
v -100.282425 80.037766 -261.526093
v -101.439819 79.694962 -260.964874
v -27.505360 106.608643 -256.135864
v -104.749878 31.706676 -228.943375
v -102.134727 55.277203 -249.907928
v -27.650444 84.423874 -257.900208
v -27.121075 83.762939 -257.724274
v -26.870365 83.486404 -257.856476
v -28.058655 84.200134 -257.385925
v -28.259808 102.084015 -257.814880
v -27.458454 104.062988 -257.902588
v -27.353561 102.636414 -258.284790
v -28.439842 103.314545 -257.589874
v -28.465275 84.828430 -256.666046
v -28.398190 85.225922 -256.994720
v -28.830067 102.376526 -257.045166
v -28.626209 104.688583 -257.121643
v -28.568630 105.256943 -256.425140
v -28.903011 104.440079 -256.244873
v -28.963799 104.917511 -255.783844
v -28.499500 105.859985 -256.116150
v -27.614460 106.647110 -255.642746
v -28.557770 105.918396 -255.576553
v -27.496544 107.376221 -255.293823
v -28.552883 106.572266 -255.200531
v -27.485172 105.832031 -257.033325
v -100.731041 114.592834 -232.721039
v -104.157745 32.946716 -228.661255
v -24.059879 32.966583 -238.096298
v -28.444588 84.796234 -249.550064
v -28.058952 84.191879 -248.433517
v -28.962341 105.661316 -255.004654
v -29.041298 105.561676 -251.267151
v -28.671589 106.434036 -251.043839
v -27.491753 107.346634 -250.937027
v -27.510078 114.580505 -232.209732
v -24.059486 116.228394 -229.959930
v -25.174950 33.925961 -230.219086
v -26.751221 82.896103 -246.706329
v -26.927105 83.609695 -248.333115
v -29.533478 85.211838 -249.606094
v -28.965172 105.021713 -250.960876
v -27.619179 106.599472 -250.644745
v -28.652073 105.866043 -250.683197
v -27.594082 113.928986 -239.866592
v -105.069733 -0.534510 -227.227081
v -102.581985 34.861984 -249.541000
v -101.385506 36.677078 -249.502502
v -101.521439 36.100887 -249.430740
v -101.419441 35.930508 -248.713501
v -101.161995 45.272030 -249.497360
v -101.096443 36.956318 -248.943405
v -102.556282 36.022316 -249.798416
v -102.028549 54.707420 -249.804611
v -100.635414 53.331955 -248.927444
v -101.125168 54.770172 -249.526413
v -101.921837 55.726303 -249.360001
v -100.838142 54.583153 -249.257935
v -100.910629 55.890396 -248.778442
v -100.660599 55.077301 -248.263199
v -101.992676 56.885624 -248.547180
v -101.107445 56.407902 -248.347565
v -28.404770 85.130798 -249.252914
v -28.308796 89.875793 -248.374527
v -28.839272 102.981857 -249.238190
v -28.595699 103.337296 -248.536499
v -28.637619 102.324249 -248.383820
v -28.928486 104.779343 -250.363678
v -28.664070 105.125061 -249.603577
v -28.866962 104.113068 -249.707947
v -28.657784 104.684036 -249.096802
v -27.622807 105.810394 -249.304474
v -27.450268 104.188904 -248.421066
v -27.505611 103.044739 -248.093002
v -28.594204 105.707520 -249.867508
v -27.509819 106.517853 -249.763336
v -27.425114 105.612823 -248.904877
v -100.608604 113.684998 -233.025696
v -103.036407 33.926304 -229.964752
v -102.595619 34.907433 -240.107269
v -100.316528 55.584297 -247.333267
v -102.016342 57.607273 -248.057480
v -100.999420 56.855694 -247.957214
v -102.006287 57.754963 -247.323959
v -100.626236 56.390446 -246.837738
v -100.975204 56.913654 -247.265320
v -101.073891 57.718494 -246.758560
v -100.478668 56.646824 -246.421494
v -102.004005 58.406597 -246.769470
v -26.904705 84.330551 -247.997086
v -26.981571 83.655273 -246.198303
v -28.060120 84.226227 -246.237701
v -27.071903 91.138641 -247.994980
v -28.262001 89.441635 -246.276245
v -26.869659 84.279404 -246.683517
v -27.095623 90.819000 -246.640472
v -27.348576 103.160110 -247.905396
v -28.606224 102.781052 -246.286499
v -27.448700 103.639877 -246.622055
v -27.508083 104.859955 -246.151810
v -27.369137 104.557755 -246.826111
v -27.496075 106.592468 -244.773697
v -27.509274 107.343933 -243.811737
v -104.456612 32.551769 -229.148178
v -101.081421 57.693302 -242.908966
v -102.017960 58.432117 -242.987274
v -26.807297 83.274582 -236.574371
v -28.557152 84.892212 -245.353394
v -28.299385 84.590424 -245.394119
v -28.433910 85.818146 -245.742950
v -28.808697 101.802353 -245.696594
v -28.875668 103.092041 -245.470551
v -28.937794 104.904739 -244.263565
v -28.600510 104.164886 -245.909790
v -28.448555 105.157974 -245.341110
v -28.614830 105.737274 -244.748154
v -28.872578 103.998306 -245.118332
v -29.151707 104.950394 -243.835312
v -27.631729 106.557404 -244.338242
v -28.520756 105.925735 -244.215302
v -57.613369 -0.560266 -225.693985
v -100.529213 55.488506 -242.105896
v -100.672455 55.216679 -241.560165
v -100.463959 56.572491 -243.210052
v -100.923553 56.825024 -242.444702
v -100.588211 56.039829 -242.751099
v -100.937393 56.762280 -241.973328
v -102.012466 57.539059 -241.669510
v -101.996750 56.821697 -241.142181
v -100.986023 56.306179 -241.621826
v -101.972977 57.822788 -242.511887
v -28.053692 84.181061 -237.032074
v -28.427670 84.779663 -237.897308
v -26.973354 83.669434 -237.020142
v -28.974068 105.659409 -243.348145
v -28.588833 106.542252 -243.548996
v -28.554535 106.558151 -239.463821
v -27.594135 113.820908 -234.791199
v -102.006165 115.340454 -231.405197
v -23.454735 117.554047 -229.176437
v -101.401276 35.918331 -240.971436
v -101.761322 35.909859 -240.244858
v -102.658455 35.069248 -239.889847
v -101.124283 36.305103 -240.837189
v -101.385376 47.220638 -240.231201
v -100.732628 52.024601 -240.785721
v -100.636398 52.943272 -240.989731
v -100.678391 54.237221 -241.207840
v -101.173553 54.276188 -240.328018
v -100.885666 53.456871 -240.574585
v -102.132545 54.116554 -239.902573
v -100.852722 55.916603 -241.076859
v -102.071602 55.292042 -240.371750
v -102.105560 56.963230 -240.706985
v -29.003792 105.570389 -239.667526
v -28.956524 104.976578 -239.312714
v -27.505539 107.357086 -239.346786
v -104.521927 116.758072 -228.511871
v -26.177620 115.357941 -231.308075
v -23.482174 31.731960 -229.348694
v -102.666092 34.756969 -230.317017
v -28.445263 85.142532 -237.688049
v -28.591240 92.115799 -237.606644
v -28.820957 101.901184 -237.623825
v -28.688217 104.037064 -237.310822
v -28.604443 103.385559 -236.999268
v -28.863285 104.701767 -238.860550
v -28.671455 104.976944 -238.121857
v -28.875553 104.144424 -238.399719
v -27.636669 105.799362 -238.050217
v -28.815208 102.896774 -237.845688
v -28.674328 104.342316 -237.665710
v -27.555069 105.271927 -237.606506
v -27.855984 104.860214 -237.338562
v -27.423416 104.596619 -236.922440
v -28.585854 105.876282 -239.043671
v -27.502071 106.536636 -238.435684
v -28.534370 105.786026 -238.451294
v -27.605591 106.590988 -239.033936
v -27.389870 105.853104 -237.302780
v -104.153076 116.234558 -229.004333
v -102.387955 44.263432 -230.343521
v -27.055870 84.417435 -236.778687
v -101.890854 64.442795 -231.444000
v -27.111362 92.424210 -236.669708
v -27.355663 104.080673 -236.457397
v -27.494888 103.583572 -236.738861
v -23.895199 32.770058 -229.074738
v -27.753311 113.853516 -231.956650
v -23.760895 116.718597 -228.445282
v -23.651638 31.988873 -227.998856
v -25.900482 45.621273 -230.245331
v -101.611565 66.172699 -230.384705
v -26.979519 71.620224 -230.077469
v -100.889626 85.133377 -230.348480
v -27.283566 88.732727 -230.777390
v -101.414520 79.805054 -231.198441
v -100.306137 86.436050 -229.848328
v -27.653606 87.291763 -230.147949
v -100.624397 91.661392 -230.524048
v -100.301788 102.533051 -230.672699
v -100.799561 99.571472 -231.354630
v -99.792435 93.236816 -229.877380
v -27.767090 100.031097 -230.724258
v -100.342377 113.879654 -231.481110
v -98.439087 113.780563 -230.176727
v -99.623344 113.779800 -230.632385
v -28.662327 113.819809 -230.589737
v -100.403496 114.576859 -231.308624
v -99.811890 114.622192 -230.511063
v -28.013878 114.485458 -231.233063
v -28.611938 114.600052 -230.454132
v -100.878273 115.036865 -230.387192
v -27.276062 115.071152 -230.307678
v -23.263630 -0.494667 -226.784439
v -104.888794 22.412481 -227.910339
v -104.392212 31.944172 -227.411926
v -102.449829 33.985592 -228.621201
v -101.778931 34.700466 -228.597839
v -100.879044 33.940689 -227.736328
v -100.464157 34.654789 -228.020355
v -27.423725 33.956387 -227.728210
v -25.705326 33.984772 -228.693253
v -26.544018 34.708824 -228.536285
v -24.420624 32.829407 -227.479889
v -102.383934 34.666130 -229.315796
v -25.954144 34.677727 -229.128036
v -101.347183 42.728996 -228.642868
v -101.997353 44.042091 -229.332748
v -100.321838 39.170715 -228.196808
v -27.782093 34.716042 -228.047028
v -100.670731 48.741180 -228.592041
v -27.019829 43.990818 -228.624146
v -101.853226 51.566803 -229.686523
v -101.246193 65.591476 -229.728210
v -100.240479 69.062164 -229.174500
v -98.636932 79.272842 -229.210663
v -27.582699 76.234756 -229.674576
v -28.234631 85.470947 -229.641006
v -29.907490 98.511597 -229.727036
v -28.990765 73.958679 -229.111237
v -28.311302 93.654037 -229.981171
v -29.079243 90.998535 -229.589523
v -98.604500 114.586319 -230.023895
v -85.415955 114.470703 -230.073090
v -61.852272 114.571259 -230.021545
v -44.308186 114.469543 -230.073395
v -29.578133 114.593643 -230.028015
v -29.695412 113.829834 -230.184296
v -103.080933 116.217773 -227.121307
v -99.949036 115.326859 -228.784653
v -28.833305 115.299942 -228.804916
v -27.396038 116.235733 -226.565308
v -24.537354 116.218079 -227.840546
v -25.584625 116.221405 -226.947571
v -23.783966 117.401566 -227.532578
v -105.370735 0.098676 -227.073853
v -105.000992 0.099254 -226.368164
v -103.151382 -0.559762 -225.717316
v -104.002098 -0.440102 -225.787872
v -25.059372 -0.504553 -225.499573
v -23.379971 0.081553 -226.188751
v -23.993965 -0.388872 -225.865356
v -104.296402 0.122715 -225.670044
v -23.039478 6.707715 -227.059265
v -103.273666 7.881071 -225.476700
v -23.456318 6.093455 -226.262634
v -104.480598 17.402912 -226.570206
v -103.961807 14.122673 -225.957382
v -23.973438 18.557760 -226.398666
v -24.892635 19.580315 -225.900391
v -23.412319 17.204321 -227.131073
v -24.817745 31.728596 -226.385880
v -103.752510 31.820282 -226.610199
v -102.977982 31.740013 -226.205780
v -24.017490 31.697308 -227.081421
v -103.758850 32.521530 -227.022614
v -101.907288 31.728916 -225.999222
v -102.014923 32.707329 -226.367538
v -93.445534 32.703495 -226.340118
v -25.916470 31.764969 -226.024567
v -26.032837 32.446674 -226.252594
v -24.374527 32.387444 -226.986710
v -102.828247 33.048820 -227.033035
v -94.263741 33.846977 -227.590179
v -65.409012 33.934887 -227.678650
v -26.196747 33.023163 -226.695496
v -102.144516 116.757309 -226.218750
v -100.486473 116.212601 -226.592239
v -26.111012 116.786224 -226.190399
v -103.891113 117.116074 -226.753967
v -101.648117 117.451004 -225.990799
v -24.245564 117.031906 -226.864807
v -103.382416 -0.360161 -225.386246
v -102.803360 0.361558 -225.222931
v -25.570160 0.440884 -225.210693
v -24.545181 0.108106 -225.349777
v -54.196312 106.111069 -300.938599
v -54.592194 105.625122 -300.944183
v -53.895527 106.453751 -300.934662
v -29.791584 104.686340 -243.567627
v -29.789288 104.486023 -243.746368
v -29.795780 105.051926 -243.276642
v -99.168213 78.704071 -269.148132
v -99.157791 79.143463 -268.967743
v -99.180115 78.202240 -269.325745
v -70.515755 87.781082 -301.148895
v -70.405800 103.427658 -300.969391
v -29.796043 105.075241 -252.858521
v -29.795822 105.055725 -251.284210
v -29.795883 105.061066 -254.938522
v -60.185558 87.426559 -301.152954
v -59.249878 87.421158 -301.153015
v -66.344322 87.371887 -301.153595
v -59.096199 104.085464 -300.961853
v -59.189346 88.048996 -301.145813
v -59.207226 87.477417 -301.152374
v -47.685242 87.365875 -301.153656
v -54.971893 87.368393 -301.153625
v -29.568401 85.233078 -251.632431
v -29.568626 85.252838 -256.733215
v -100.175514 36.225883 -241.196686
v -100.176025 36.204510 -248.484665
v -101.047775 -0.557728 -231.101776
v -28.584724 -0.506158 -231.102356
v -101.047127 -0.530309 -302.162079
v -28.584568 -0.519901 -302.161957
v -99.594177 60.741154 -269.189117
v -99.593918 60.752254 -262.102844
v -53.463799 106.574249 -300.933289
v -53.232510 106.662369 -300.932281
v -49.591644 106.621201 -300.932739
v -49.949249 107.230682 -300.925751
v -78.014404 104.335922 -300.958954
v -78.153442 103.956558 -300.963318
v -77.397308 105.707062 -300.943237
v -77.786201 104.886444 -300.952637
v -100.166649 36.599716 -241.050247
v -99.796799 52.196236 -241.040115
v -29.787212 104.305344 -244.040375
v -29.785961 104.196289 -244.248734
v -29.620201 89.748123 -245.431564
v -29.573029 85.636520 -245.429993
v -29.752724 101.299332 -245.482559
v -99.593033 60.789143 -269.208191
v -99.585327 61.114399 -269.353210
v -98.472565 108.039963 -288.583405
v -98.480377 107.710159 -288.902832
v -98.488281 107.377274 -289.189484
v -77.743309 87.362305 -301.153687
v -78.009430 87.461182 -301.152557
v -52.818291 107.256424 -300.925476
v -53.024990 106.947220 -300.929016
v -71.116508 105.338516 -300.947449
v -70.869507 105.028198 -300.951019
v -71.519409 105.928665 -300.940704
v -71.419884 105.797272 -300.942200
v -64.342583 107.245590 -300.925598
v -61.338676 107.262589 -300.925385
v -29.764572 102.332108 -245.276505
v -29.770607 102.857819 -245.191864
v -29.781540 103.811020 -244.594376
v -29.774887 103.231018 -245.044525
v -54.954048 104.680893 -300.955017
v -55.221928 104.014160 -300.962646
v -99.122742 80.621826 -267.484436
v -99.122215 80.643784 -263.800415
v -98.532349 105.518707 -290.537781
v -98.939758 88.338043 -290.508911
v -55.135590 87.797607 -301.148712
v -98.523880 105.875992 -290.404938
v -98.508980 106.504105 -290.118103
v -99.775764 53.083351 -248.694305
v -100.162216 36.786957 -248.726471
v -29.795887 105.061264 -239.811905
v -29.795441 105.022369 -241.641342
v -29.791801 104.705093 -251.065033
v -29.789131 104.472672 -250.942993
v -59.375465 104.840103 -300.953186
v -59.717049 105.616013 -300.944275
v -76.172112 106.610352 -300.932861
v -76.624687 106.517578 -300.933929
v -76.963402 106.433350 -300.934906
v -29.757038 101.675140 -237.794907
v -29.571415 85.495834 -237.851776
v -70.615463 87.438446 -301.152832
v -70.686188 87.391876 -301.153351
v -54.995903 87.390732 -301.153381
v -78.041122 87.514587 -301.151947
v -66.503258 89.088745 -301.133911
v -66.421669 87.774323 -301.148987
v -47.540398 87.885483 -301.147705
v -47.661026 87.422058 -301.153015
v -99.729889 55.018173 -247.534805
v -99.715569 55.621864 -246.968109
v -99.707916 55.944839 -246.696350
v -47.471489 103.198273 -300.972015
v -66.590752 103.956360 -300.963318
v -66.539078 103.996262 -300.962860
v -99.138832 79.943024 -263.199341
v -99.141266 79.840546 -262.881805
v -99.136742 80.031326 -263.456635
v -70.559204 104.076431 -300.961945
v -98.501129 106.835358 -289.811493
v -98.489792 107.313110 -289.411255
v -47.813232 104.877792 -300.952759
v -47.658249 104.054779 -300.962189
v -75.723343 107.235855 -300.925690
v -75.970261 106.928925 -300.929199
v -77.073151 106.182236 -300.937775
v -72.945137 107.277710 -300.925201
v -72.735336 107.002335 -300.928375
v -72.049507 106.530151 -300.933777
v -72.306572 106.584290 -300.933167
v -64.940598 106.556473 -300.933472
v -64.699318 106.656311 -300.932343
v -60.726532 106.619598 -300.932770
v -60.921848 106.661819 -300.932281
v -29.774364 103.185501 -256.332642
v -29.759716 101.908798 -256.842316
v -29.783806 104.008423 -256.022034
v -49.006790 106.442444 -300.934784
v -48.513882 105.786133 -300.942322
v -49.297890 106.554794 -300.933502
v -48.215183 105.336212 -300.947479
v -47.620220 103.488968 -300.968689
v -65.314613 106.305634 -300.936371
v -60.356411 106.360733 -300.935730
v -98.943680 88.172958 -290.408905
v -98.946152 88.068359 -290.256012
v -98.938568 88.388382 -283.108673
v -98.944626 88.133011 -283.312469
v -98.946602 88.049606 -283.343567
v -98.490685 107.275681 -284.186249
v -98.495483 107.073456 -283.942719
v -98.487961 107.390335 -284.492706
v -98.480507 107.704895 -284.818695
v -98.473732 107.990509 -285.015686
v -98.547913 104.862427 -283.031860
v -65.668007 105.936859 -300.940613
v -65.956650 105.596497 -300.944489
v -51.454487 107.278427 -300.925201
v -29.786587 104.250641 -250.428696
v -29.788017 104.375671 -250.723969
v -60.021851 105.980545 -300.940094
v -99.136810 80.028427 -267.779449
v -99.129372 80.342194 -267.650085
v -99.138153 79.971802 -268.018890
v -99.143173 79.760193 -268.388153
v -99.148285 79.544449 -268.507446
v -99.153275 79.334152 -268.717102
v -74.144920 107.269562 -300.925293
v -99.162323 78.952698 -262.411041
v -99.170982 78.587311 -262.133575
v -99.181824 78.130005 -261.944702
v -99.583450 61.193668 -261.917664
v -99.590843 60.881672 -262.037201
v -66.295700 104.686081 -300.954956
v -29.568966 85.282379 -256.756348
v -29.766148 102.469162 -238.066849
v -29.760925 102.013901 -237.871796
v -29.778095 103.510529 -238.411285
v -29.786255 104.221710 -255.832977
v -29.788780 104.441788 -255.449219
v -29.792477 104.763962 -255.107330
v -99.130165 80.308640 -263.626648
v -29.568581 85.248749 -249.625137
v -100.172318 36.360558 -248.531036
v -99.763412 53.604168 -248.488495
v -29.568790 85.267105 -249.595779
v -29.572422 85.583618 -249.468842
v -29.767300 102.569611 -249.427475
v -29.617218 89.488052 -249.456223
v -29.774204 103.171494 -249.752441
v -29.782410 103.886520 -250.188507
v -29.779205 103.607513 -249.930862
v -99.744904 54.384735 -248.104904
v -99.734924 54.805695 -247.804581
v -99.704605 56.084465 -246.526382
v -29.570480 85.414261 -245.343292
v -29.568211 85.216385 -245.220123
v -99.740112 54.586788 -241.743652
v -99.726852 55.146332 -242.225525
v -99.742424 54.489418 -241.604294
v -99.716087 55.600048 -242.678268
v -99.705032 56.066170 -243.175476
v -99.722153 55.344212 -242.474670
v -100.174286 36.277554 -241.166946
v -98.946976 88.033707 -285.571991
v -99.747757 54.264385 -241.522049
v -99.777023 53.030636 -241.199127
v -29.569164 85.299652 -240.135117
v -29.568993 85.284668 -238.130066
v -29.792549 104.770477 -239.547974
v -29.790131 104.559479 -239.427948
v -29.570709 85.434326 -237.888000
v -29.779949 103.672348 -238.672974
v -29.787395 104.321121 -239.159241
v -29.785854 104.186890 -238.977020
v -29.782555 103.899445 -238.866394
v -98.510788 106.427811 -283.689270
v -98.538116 105.275406 -283.194244
v -99.704384 56.093533 -244.558670
v -99.788300 52.555016 -241.112930
v -100.402512 85.388641 -230.040146
v -100.402512 83.093872 -230.040146
v -100.402512 85.388641 -301.701904
v -100.402512 83.093872 -301.701904
v -28.740757 85.388641 -230.040146
v -28.740757 83.093872 -230.040146
v -28.740757 85.388641 -301.701904
v -28.740757 83.093872 -301.701904
v -100.402512 26.039482 -230.040131
v -100.402512 23.744713 -230.040131
v -100.402512 26.039478 -301.701904
v -100.402512 23.744715 -301.701904
v -28.740757 26.039482 -230.040131
v -28.740757 23.744713 -230.040131
v -28.740757 26.039478 -301.701904
v -28.740757 23.744715 -301.701904
vn -0.9528 0.1611 -0.2575
vn -0.9204 0.3053 -0.2442
vn -0.8817 0.2961 -0.3673
vn -0.9130 0.1972 -0.3571
vn -0.0005 -0.9253 0.3793
vn -0.0004 -0.9112 0.4120
vn -0.0003 -0.9077 0.4197
vn 0.9459 0.1652 -0.2791
vn 0.9711 0.1445 -0.1902
vn 0.9754 0.0983 -0.1974
vn 0.9625 0.0827 -0.2585
vn 0.9456 0.0924 -0.3120
vn 0.6083 -0.6136 0.5035
vn -0.9964 0.0292 0.0790
vn -0.9960 0.0847 0.0290
vn -0.9996 0.0268 -0.0002
vn -0.9997 0.0258 -0.0002
vn -0.9997 0.0261 -0.0009
vn -0.9977 -0.0671 -0.0003
vn -0.9996 0.0269 0.0025
vn -0.8859 0.4375 0.1540
vn -0.9252 0.3253 0.1953
vn -0.9047 0.3184 0.2832
vn -0.8580 0.3793 0.3464
vn -0.8590 0.4435 0.2558
vn 0.4005 0.4038 -0.8225
vn 0.4960 0.3303 -0.8030
vn 0.4014 0.2784 -0.8726
vn -0.5216 0.3320 -0.7860
vn -0.4348 0.4302 -0.7911
vn -0.4234 0.3164 -0.8489
vn -0.9536 0.0227 0.3001
vn -0.8405 0.0336 0.5407
vn 0.4422 0.8969 0.0032
vn 0.0016 1.0000 0.0085
vn -0.0021 1.0000 -0.0001
vn -0.0029 1.0000 -0.0020
vn 0.0766 0.9970 0.0121
vn -0.8203 -0.5719 -0.0000
vn -0.8916 -0.4528 -0.0084
vn -0.8632 -0.5017 -0.0568
vn 0.4212 0.7926 -0.4408
vn 0.4540 0.7182 -0.5274
vn 0.3805 0.7254 -0.5736
vn 0.2922 0.7764 -0.5584
vn 0.3464 0.8071 -0.4781
vn -0.3685 0.7583 -0.5377
vn -0.4149 0.6569 -0.6296
vn -0.4169 0.6517 -0.6336
vn -0.3654 0.7641 -0.5316
vn 0.6949 -0.5918 -0.4086
vn 0.2910 0.1847 0.9387
vn 0.1471 0.1321 0.9803
vn 0.2398 0.1378 0.9610
vn 0.2839 0.1218 0.9511
vn -0.5534 0.4189 -0.7200
vn -0.5500 0.2218 -0.8052
vn -0.6365 0.2223 -0.7386
vn -0.6288 0.3224 -0.7076
vn -0.3623 0.7079 -0.6063
vn -0.4458 0.6523 -0.6130
vn -0.4980 0.7005 -0.5111
vn -0.4362 0.7574 -0.4859
vn 0.2996 0.6225 0.7230
vn 0.3686 0.5851 0.7223
vn 0.4456 0.5844 0.6782
vn 0.4051 0.6882 0.6019
vn 0.3203 0.6847 0.6546
vn -0.3854 0.5936 -0.7065
vn -0.3062 0.5418 -0.7828
vn -0.3441 0.4526 -0.8226
vn -0.4775 0.5182 -0.7095
vn -0.6202 0.6583 -0.4267
vn -0.5562 0.6474 -0.5211
vn -0.6353 0.5876 -0.5011
vn -0.0950 0.8684 0.4868
vn -0.1335 0.9044 0.4053
vn -0.2242 0.8879 0.4016
vn -0.2702 0.8394 0.4716
vn -0.2120 0.8096 0.5474
vn -0.6659 0.6789 -0.3095
vn -0.7014 0.6499 -0.2928
vn -0.7856 0.5736 -0.2322
vn -0.7414 0.6550 -0.1457
vn -0.6786 0.7044 -0.2083
vn 0.2034 0.6354 0.7449
vn 0.2540 0.7588 0.5997
vn 0.1785 0.7113 0.6798
vn -0.2200 0.4494 -0.8658
vn -0.2625 0.3464 -0.9006
vn 0.2248 -0.9160 -0.3323
vn 0.1893 -0.9041 -0.3831
vn 0.0749 -0.9209 -0.3826
vn 0.2382 -0.9384 -0.2503
vn 0.0154 0.3396 -0.9404
vn -0.0535 0.4394 -0.8967
vn 0.0752 0.4565 -0.8865
vn 0.1268 0.3463 -0.9295
vn -0.0265 0.9300 0.3666
vn -0.0432 0.9601 0.2762
vn -0.1592 0.9428 0.2930
vn 0.1861 -0.2767 -0.9428
vn 0.1251 -0.1606 -0.9791
vn 0.1761 -0.2577 -0.9500
vn -0.0001 0.4040 0.9147
vn 0.4629 0.3617 -0.8092
vn -0.4004 0.0243 -0.9160
vn 0.6022 -0.7798 0.1708
vn 0.2481 0.8429 -0.4774
vn 0.9526 -0.1113 -0.2831
vn -0.9528 0.0082 -0.3035
vn -0.9506 0.0079 -0.3104
vn -0.9251 0.0048 -0.3798
vn 0.3059 0.6938 -0.6520
vn -0.0000 -0.8589 0.5121
vn -0.3856 0.0361 -0.9219
vn -0.3190 0.0282 -0.9473
vn -0.3904 0.0367 -0.9199
vn -0.3884 0.1888 -0.9020
vn -0.4051 0.1237 -0.9058
vn -0.4510 0.1105 -0.8856
vn -0.4523 0.1852 -0.8724
vn -0.3330 0.1878 -0.9240
vn -0.3445 0.1173 -0.9314
vn -0.3495 0.3375 -0.8741
vn 0.2646 0.9284 0.2608
vn 0.3496 0.9117 0.2160
vn 0.3449 0.9301 0.1263
vn 0.2223 0.9619 0.1589
vn -0.3805 0.8078 -0.4502
vn -0.3470 0.8477 -0.4013
vn -0.3721 0.8184 -0.4379
vn -0.3359 0.6155 -0.7129
vn -0.9498 0.2802 -0.1392
vn -0.9104 0.4048 -0.0853
vn -0.8838 0.4187 -0.2088
vn 0.6010 -0.7992 -0.0000
vn 0.5778 0.8115 -0.0870
vn 0.6538 0.7541 -0.0619
vn 0.6213 0.7631 -0.1779
vn -0.1804 0.5200 0.8349
vn -0.0465 0.5692 0.8209
vn -0.0826 0.6427 0.7617
vn -0.1660 0.6833 0.7111
vn -0.2293 0.5867 0.7766
vn -0.5598 0.3324 0.7590
vn -0.5572 0.4368 0.7062
vn -0.6512 0.3860 0.6534
vn -0.6630 0.2863 0.6917
vn 0.2996 0.2964 0.9068
vn 0.4086 0.3040 0.8606
vn 0.3852 0.3842 0.8391
vn 0.3339 0.4833 0.8093
vn 0.2589 0.3984 0.8799
vn 0.4578 0.7271 0.5116
vn 0.5176 0.6277 0.5815
vn 0.5333 0.6857 0.4954
vn 0.4598 0.0364 -0.8873
vn 0.5389 0.0292 -0.8419
vn 0.4560 0.0367 -0.8892
vn 0.9506 0.0076 -0.3103
vn -0.9436 0.1086 -0.3127
vn -0.9690 0.0864 -0.2314
vn -0.9841 0.0879 -0.1545
vn -0.9782 0.1334 -0.1593
vn 0.7378 -0.5283 -0.4202
vn 0.0012 0.9151 -0.4033
vn -0.7636 -0.2383 0.6000
vn 0.9672 -0.1173 -0.2255
vn 0.9670 -0.1250 -0.2222
vn 0.9704 -0.0944 -0.2224
vn 0.9665 -0.1504 -0.2081
vn 0.2145 0.5415 0.8129
vn 0.1846 0.4775 0.8591
vn 0.0113 -0.8163 -0.5775
vn 0.2779 0.2511 -0.9272
vn 0.3567 0.1383 -0.9239
vn 0.2584 0.1327 -0.9569
vn -0.8032 0.4195 -0.4229
vn -0.7375 0.4099 -0.5367
vn -0.8024 0.3359 -0.4934
vn -0.8819 -0.0382 -0.4698
vn -0.8903 -0.0086 -0.4554
vn -0.8699 -0.0757 -0.4873
vn -0.5592 0.0370 0.8282
vn 0.2755 0.8379 0.4711
vn 0.6971 0.2349 0.6774
vn 0.7597 0.1463 0.6336
vn 0.7844 0.2289 0.5764
vn 0.7887 0.3364 0.5145
vn 0.7259 0.3406 0.5976
vn 0.6569 0.3290 0.6785
vn -0.1271 -0.7945 -0.5938
vn 0.2885 0.5383 -0.7918
vn 0.2255 0.5302 -0.8174
vn 0.2104 0.5279 -0.8228
vn 0.1456 0.5165 -0.8438
vn 0.4587 0.7780 0.4293
vn 0.3452 0.8206 0.4554
vn 0.3424 0.7660 0.5441
vn -0.1094 0.9202 -0.3759
vn 0.0046 0.9994 -0.0332
vn 0.0217 0.9963 -0.0827
vn 0.0038 0.9994 -0.0352
vn -0.1708 0.7551 -0.6330
vn 0.0220 0.9974 -0.0681
vn -0.0059 1.0000 0.0014
vn -0.1658 0.8681 -0.4679
vn -0.4912 0.0435 -0.8699
vn -0.3582 0.0776 -0.9304
vn -0.4871 0.0446 -0.8722
vn -0.1036 0.9763 0.1900
vn -0.3437 0.3491 -0.8718
vn 0.4923 -0.5633 0.6635
vn -0.2719 -0.3246 0.9059
vn -0.2084 0.9710 0.1170
vn -0.2306 0.9730 -0.0112
vn -0.3391 0.9406 0.0154
vn -0.3709 0.9173 0.1449
vn -0.2667 0.9449 0.1898
vn -0.2116 0.5677 -0.7956
vn -0.1277 0.5030 -0.8548
vn 0.6204 0.0358 -0.7835
vn 0.5295 0.0396 -0.8474
vn 0.5317 0.0395 -0.8460
vn -0.7546 -0.5152 -0.4063
vn -0.4363 0.0255 -0.8994
vn -0.4100 0.0113 -0.9120
vn -0.3599 -0.0553 -0.9314
vn -0.9430 -0.2608 0.2066
vn -0.9315 -0.2671 0.2471
vn -0.9267 -0.2693 0.2621
vn -0.0073 0.9989 0.0472
vn 0.0103 0.9971 -0.0751
vn 0.0019 1.0000 0.0016
vn -0.0037 0.9996 0.0297
vn -0.3685 -0.2801 -0.8864
vn 0.7016 0.4540 0.5492
vn 0.7191 0.5177 0.4637
vn 0.6327 0.5930 0.4981
vn 0.6024 0.5523 0.5762
vn 0.6439 0.4444 0.6228
vn 0.0876 0.5929 0.8005
vn 0.2306 0.9718 0.0496
vn 0.1354 0.9907 0.0125
vn 0.0951 0.9912 0.0921
vn 0.1388 0.9713 0.1932
vn 0.7398 0.6588 -0.1365
vn 0.7048 0.6665 -0.2429
vn 0.6309 0.7384 -0.2381
vn -0.4627 0.5798 0.6706
vn -0.3851 0.6700 0.6346
vn -0.4546 0.7009 0.5496
vn -0.5177 0.6225 0.5869
vn 0.5639 0.5061 0.6526
vn -0.1382 0.7143 -0.6861
vn -0.1169 0.6389 -0.7604
vn -0.2676 0.6414 -0.7190
vn -0.2443 0.7063 -0.6644
vn -0.1107 0.9773 0.1808
vn -0.2745 0.9137 0.2995
vn -0.7145 0.0219 -0.6993
vn -0.7130 0.0216 -0.7009
vn -0.6441 0.0098 -0.7649
vn 0.8891 0.4407 -0.1237
vn 0.9186 0.3935 -0.0365
vn 0.9050 0.4178 -0.0804
vn 0.6284 0.7710 -0.1032
vn 0.9353 0.0974 -0.3402
vn 0.9116 0.1159 -0.3943
vn 0.9084 0.1524 -0.3894
vn 0.0003 1.0000 -0.0047
vn -0.0065 0.9964 -0.0844
vn 0.0040 0.9998 0.0175
vn 0.0136 0.9956 0.0924
vn -0.0038 0.9997 -0.0234
vn -0.7406 0.2101 0.6383
vn -0.6936 0.1674 0.7006
vn -0.7226 0.3650 0.5871
vn -0.7565 0.2827 0.5897
vn -0.9654 0.0094 -0.2606
vn 0.5654 -0.8248 -0.0056
vn -0.0009 0.1252 -0.9921
vn -0.0871 0.8250 -0.5583
vn 0.2475 0.8521 0.4611
vn 0.1775 0.8293 0.5299
vn 0.8627 0.4364 -0.2556
vn 0.8764 0.3379 -0.3432
vn 0.8133 0.4119 -0.4109
vn 0.7455 0.5090 -0.4303
vn 0.7856 0.5367 -0.3079
vn -0.7499 0.6469 -0.1386
vn -0.7086 0.6760 -0.2021
vn -0.7135 0.6651 -0.2203
vn 0.9633 0.0812 -0.2560
vn 0.9461 0.1636 -0.2796
vn 0.9667 0.0583 -0.2492
vn -0.0020 1.0000 -0.0039
vn 0.0109 0.9999 -0.0013
vn 0.6690 0.5819 -0.4624
vn 0.6319 0.6742 -0.3824
vn 0.7075 0.6263 -0.3274
vn -0.9640 -0.1709 0.2039
vn 0.0164 0.8969 0.4420
vn -0.8545 0.2634 -0.4477
vn -0.8459 0.1596 -0.5089
vn -0.8955 0.1282 -0.4263
vn -0.2019 0.1294 0.9708
vn -0.2264 0.1629 0.9603
vn -0.3074 0.1969 0.9310
vn -0.3305 0.1338 0.9343
vn -0.2650 0.1192 0.9568
vn 0.1679 0.8087 -0.5638
vn 0.2494 0.8617 -0.4418
vn 0.6933 0.1106 0.7122
vn 0.6477 0.0978 0.7556
vn 0.7316 0.0647 0.6787
vn 0.7846 0.1069 0.6107
vn 0.9471 0.0324 -0.3192
vn 0.9456 0.0324 -0.3238
vn 0.9751 0.0321 -0.2196
vn 0.1109 0.2092 -0.9716
vn 0.0007 0.1707 -0.9853
vn -0.0654 0.2887 -0.9552
vn 0.1047 0.8788 0.4656
vn 0.1104 0.9290 0.3533
vn 0.3921 0.0881 -0.9157
vn 0.4396 0.1702 -0.8819
vn 0.5254 0.1416 -0.8390
vn 0.4864 0.0891 -0.8692
vn 0.4411 0.0987 -0.8920
vn -0.4959 0.0355 -0.8677
vn -0.3575 0.0403 -0.9330
vn -0.3709 0.0341 -0.9281
vn -0.4315 0.0347 -0.9014
vn -0.3727 0.0341 -0.9273
vn -0.5648 0.0294 -0.8247
vn -0.4983 0.0353 -0.8663
vn -0.8160 0.5666 0.1143
vn -0.8416 0.5377 0.0509
vn -0.8952 0.4422 0.0557
vn -0.7985 0.5542 0.2349
vn -0.9961 0.0886 0.0014
vn -0.9873 0.1081 0.1166
vn -0.9837 0.1402 0.1126
vn -0.9928 0.1202 -0.0023
vn 0.6610 0.0356 0.7495
vn 0.5954 0.0397 0.8025
vn 0.6585 0.0358 0.7517
vn -0.0006 0.9365 -0.3506
vn -0.2622 -0.9045 0.3362
vn -0.2388 -0.9085 0.3429
vn -0.3593 -0.8901 0.2804
vn -0.3947 -0.8957 0.2045
vn 0.4395 0.8480 -0.2961
vn 0.7232 0.3741 -0.5806
vn 0.7149 0.3396 -0.6112
vn 0.7001 0.2877 -0.6535
vn 0.1921 0.9573 -0.2161
vn 0.6877 0.2508 -0.6813
vn 0.2870 0.4335 -0.8542
vn 0.1994 0.7569 -0.6223
vn 0.2210 0.2467 -0.9436
vn -0.9475 -0.3197 0.0002
vn -0.9189 -0.3918 -0.0464
vn -0.3281 0.3217 -0.8882
vn -0.1433 0.8926 -0.4275
vn -0.1097 0.9006 -0.4207
vn -0.0218 0.9161 -0.4004
vn -0.1328 0.9711 -0.1985
vn -0.5520 0.7732 -0.3123
vn -0.5904 0.7485 -0.3020
vn -0.2486 0.0678 -0.9662
vn -0.2515 0.1605 -0.9544
vn -0.1491 0.0633 -0.9868
vn 0.9777 0.1780 -0.1116
vn 0.9883 0.1191 -0.0955
vn 0.9840 0.1130 -0.1380
vn -0.6103 0.2233 -0.7601
vn 0.6974 0.0398 -0.7156
vn 0.7030 0.0390 -0.7101
vn 0.7645 0.0304 -0.6439
vn 0.7711 0.0294 -0.6361
vn 0.2360 0.0405 -0.9709
vn 0.1246 -0.0370 -0.9915
vn 0.1165 0.0337 -0.9926
vn -0.4941 0.7303 0.4717
vn -0.5491 0.7778 0.3058
vn -0.6258 0.6875 0.3685
vn -0.5662 0.6718 0.4776
vn -0.7929 0.3544 0.4957
vn -0.8554 0.2805 0.4353
vn -0.8490 0.1994 0.4893
vn -0.8053 0.2121 0.5536
vn -0.1240 -0.0245 -0.9920
vn -0.4667 0.0225 -0.8841
vn 0.0726 0.9657 0.2493
vn -0.0011 0.0980 -0.9952
vn 0.1480 0.1435 -0.9785
vn -0.4251 0.2623 0.8663
vn -0.4429 0.1562 0.8829
vn -0.4268 0.1262 0.8955
vn -0.3887 0.1547 0.9083
vn -0.3219 0.1210 0.9390
vn -0.9675 0.0106 -0.2527
vn 0.4108 0.9098 -0.0594
vn -0.8785 0.4777 0.0009
vn -0.9420 0.3356 -0.0019
vn -0.9421 0.3352 -0.0019
vn 0.8042 0.5913 -0.0601
vn 0.8540 0.4968 -0.1547
vn 0.7906 0.5795 -0.1980
vn -0.6059 -0.7143 0.3503
vn 0.0874 0.0672 0.9939
vn 0.1436 0.0260 0.9893
vn -0.6536 0.7541 -0.0635
vn -0.6563 0.1244 -0.7442
vn -0.6915 0.0520 -0.7205
vn -0.6796 0.1101 -0.7253
vn 0.7469 0.0671 -0.6615
vn 0.6654 0.1097 -0.7384
vn 0.7041 0.1241 -0.6992
vn -0.5047 0.8371 0.2110
vn -0.3945 0.8820 0.2578
vn -0.4896 0.8639 0.1184
vn 0.7002 0.0370 0.7130
vn 0.5943 0.0398 0.8033
vn 0.6341 0.0371 0.7724
vn -0.0676 0.9930 -0.0964
vn -0.0597 0.9772 -0.2037
vn -0.1977 0.9459 -0.2574
vn -0.1747 0.9785 -0.1099
vn -0.0388 0.7115 -0.7017
vn -0.1605 0.9814 0.1049
vn -0.7267 0.1676 -0.6662
vn -0.7889 0.2319 -0.5691
vn -0.7235 0.2851 -0.6287
vn -0.6765 0.3904 -0.6244
vn -0.5537 0.5694 -0.6076
vn -0.6052 0.4768 -0.6375
vn -0.6640 0.5145 -0.5425
vn 0.0008 -0.2619 0.9651
vn -0.9997 0.0251 -0.0002
vn -0.9990 0.0428 0.0085
vn -0.9981 -0.0351 0.0513
vn -0.9980 0.0242 -0.0589
vn 0.5535 -0.2835 -0.7831
vn 0.3791 0.6610 -0.6476
vn 0.2865 0.6586 -0.6958
vn 0.2364 0.7171 -0.6557
vn -0.3028 0.6506 0.6964
vn -0.2480 0.7348 0.6313
vn -0.3517 0.7626 0.5429
vn 0.9829 0.1025 0.1529
vn 0.9747 0.1791 0.1336
vn 0.9529 0.1471 0.2651
vn 0.9469 0.1063 0.3033
vn -0.8191 0.0364 -0.5725
vn -0.4319 0.3782 0.8188
vn -0.5622 0.2302 0.7943
vn -0.0021 0.9395 -0.3425
vn -0.4358 0.7886 0.4338
vn -0.3637 0.8469 0.3880
vn -0.4589 0.8244 0.3313
vn 0.6080 0.6630 0.4367
vn 0.7105 0.5950 0.3756
vn 0.6570 0.6862 0.3122
vn 0.5596 0.7412 0.3708
vn -0.9829 0.0336 -0.1808
vn -0.9460 0.0334 -0.3225
vn -0.9548 0.0301 -0.2958
vn -0.5013 0.8275 -0.2528
vn -0.4173 0.8794 -0.2290
vn -0.4213 0.8772 -0.2302
vn 0.0023 0.5125 -0.8587
vn -0.6764 0.5741 -0.4613
vn 0.5131 -0.8583 -0.0002
vn 0.4802 -0.8764 -0.0356
vn 0.3703 -0.9248 -0.0875
vn 0.3989 -0.9151 0.0589
vn 0.5737 0.7822 0.2429
vn 0.4649 0.8324 0.3015
vn 0.5560 0.0388 -0.8303
vn 0.6221 0.0357 -0.7821
vn 0.6202 0.0358 -0.7837
vn 0.4152 0.1218 0.9015
vn 0.4609 0.1190 0.8794
vn 0.4649 0.0620 0.8832
vn 0.4924 0.0997 0.8647
vn 0.5332 0.1310 0.8358
vn 0.4278 0.2002 0.8814
vn 0.8485 0.1790 -0.4980
vn 0.8020 0.2936 -0.5201
vn 0.8724 0.2560 -0.4165
vn -0.9343 0.3459 0.0862
vn -0.9250 0.3682 0.0935
vn -0.9442 0.3294 -0.0002
vn 0.5760 0.3589 -0.7344
vn 0.6470 0.2437 -0.7225
vn 0.5400 0.2391 -0.8070
vn -0.1047 0.8908 -0.4422
vn 0.0301 0.8908 -0.4533
vn -0.0098 0.8301 -0.5575
vn -0.0871 0.8017 -0.5913
vn -0.1640 0.8289 -0.5348
vn -0.2756 0.8246 -0.4941
vn -0.2798 0.7557 -0.5921
vn -0.0824 0.4435 0.8925
vn -0.2204 0.4780 0.8503
vn -0.1304 0.3906 0.9113
vn 0.9083 0.3758 -0.1835
vn 0.9353 0.2622 -0.2376
vn 0.1081 0.8501 -0.5155
vn 0.1230 0.2623 0.9571
vn -0.0020 0.2943 0.9557
vn 0.0097 0.1490 0.9888
vn -0.5074 0.8233 -0.2544
vn 0.8106 0.4772 0.3394
vn 0.8079 0.5293 0.2589
vn 0.7536 0.5781 0.3129
vn 0.7709 0.5131 0.3774
vn 0.8273 0.4008 0.3937
vn -0.3470 0.2867 -0.8930
vn 0.5164 -0.3949 -0.7598
vn -0.0007 -0.2839 -0.9588
vn 0.7657 -0.4496 -0.4599
vn 0.3577 0.9338 0.0034
vn -0.5114 -0.5562 0.6551
vn 0.9997 0.0257 -0.0003
vn 0.9974 0.0278 0.0662
vn 0.9987 -0.0074 0.0505
vn 0.9997 0.0249 -0.0003
vn -0.0001 -0.5642 0.8256
vn -0.3247 0.3155 0.8917
vn -0.2813 0.2985 0.9120
vn -0.3457 0.3734 0.8609
vn -0.3377 0.4585 0.8221
vn -0.9445 0.3281 0.0151
vn -0.9764 0.2084 -0.0564
vn 0.1326 0.0312 -0.9907
vn 0.2325 0.0328 -0.9721
vn 0.1356 0.0298 -0.9903
vn 0.0642 0.0289 -0.9975
vn -0.8492 0.4207 -0.3191
vn -0.8045 0.4948 -0.3285
vn -0.2293 0.9734 -0.0003
vn 0.4066 0.0232 -0.9133
vn -0.7771 0.1272 0.6163
vn 0.9336 0.3090 0.1815
vn 0.9276 0.2503 0.2772
vn -0.9709 0.1139 0.2108
vn -0.9618 0.1077 0.2518
vn -0.9391 0.2104 0.2719
vn -0.9658 0.1942 0.1718
vn -0.0010 -1.0000 -0.0012
vn 0.0001 -1.0000 -0.0016
vn 0.0179 -0.9996 -0.0198
vn 0.0399 -0.9986 -0.0359
vn -0.0016 -1.0000 -0.0009
vn -0.0018 -1.0000 -0.0008
vn -0.0015 -1.0000 -0.0010
vn -0.0032 -1.0000 -0.0003
vn -0.3942 0.9190 0.0029
vn -0.3918 0.9200 0.0029
vn -0.3376 0.9413 0.0020
vn 0.4414 0.8346 -0.3296
vn 0.5148 0.7660 -0.3851
vn -0.9767 -0.2144 0.0003
vn -0.9783 -0.2036 0.0395
vn -0.9782 -0.2046 0.0360
vn -0.7827 0.1216 -0.6104
vn -0.7972 0.1330 -0.5889
vn -0.8343 0.1095 -0.5403
vn -0.5554 -0.4884 -0.6730
vn -0.3882 -0.4524 -0.8029
vn -0.3652 -0.3229 -0.8731
vn -0.3577 -0.2961 -0.8857
vn -0.3403 -0.3028 -0.8902
vn -0.8419 0.4347 -0.3196
vn -0.6601 0.5819 0.4750
vn -0.5901 0.5929 0.5479
vn -0.6881 0.6074 0.3969
vn -0.7753 0.0408 0.6303
vn -0.6848 0.0321 0.7280
vn -0.6825 0.0319 0.7301
vn -0.9289 -0.1675 -0.3303
vn -0.9199 -0.2200 -0.3247
vn -0.9262 -0.2640 -0.2694
vn 0.8150 0.4935 -0.3037
vn -0.4169 0.8984 -0.1381
vn -0.3951 0.8867 -0.2402
vn -0.4473 0.8354 -0.3195
vn -0.5035 0.8348 -0.2228
vn -0.7004 0.7048 -0.1127
vn 0.0018 1.0000 -0.0040
vn 0.0752 0.9971 0.0114
vn 0.0907 0.9958 0.0147
vn -0.8790 0.0768 -0.4706
vn -0.9179 0.1076 -0.3819
vn 0.7732 -0.1887 -0.6054
vn 0.2715 -0.7839 -0.5583
vn -0.4712 -0.3834 -0.7943
vn -0.4578 0.0628 -0.8868
vn -0.5056 0.1207 -0.8543
vn 0.9817 0.1893 0.0217
vn 0.9929 0.1192 0.0052
vn -0.7866 -0.4569 -0.4153
vn 0.3582 0.9216 -0.1496
vn -0.6154 0.7580 0.2161
vn -0.5885 0.8021 0.1016
vn -0.0169 0.7465 0.6651
vn 0.0915 0.7865 0.6108
vn -0.0173 0.8266 0.5625
vn -0.1103 0.7719 0.6262
vn 0.0048 0.0617 0.9981
vn 0.8533 -0.3819 -0.3549
vn 0.9997 0.0235 0.0004
vn 0.9991 0.0208 -0.0362
vn 0.9992 0.0210 -0.0327
vn 0.9997 0.0257 0.0011
vn 0.9997 0.0253 0.0010
vn 0.9971 -0.0764 0.0006
vn 0.9998 0.0211 0.0004
vn 0.9989 -0.0460 -0.0010
vn -0.0825 0.9400 -0.3309
vn -0.9617 0.0080 -0.2740
vn -0.3571 0.4804 0.8010
vn -0.3496 0.5309 0.7720
vn -0.3521 0.5155 0.7812
vn -0.6114 0.1465 0.7776
vn 0.3511 0.9355 0.0393
vn 0.4498 0.5023 -0.7385
vn 0.5125 0.5616 -0.6495
vn 0.5934 0.4461 -0.6700
vn 0.0511 0.7806 -0.6229
vn -0.2415 0.0078 -0.9704
vn 0.0613 0.8796 0.4717
vn 0.0795 0.9211 0.3812
vn 0.0619 0.8813 0.4685
vn -0.9266 0.0355 0.3745
vn -0.8600 0.0348 0.5091
vn -0.9031 0.0375 0.4277
vn 0.9446 0.3063 -0.1183
vn -0.7098 0.6503 0.2707
vn -0.6904 0.7038 0.1673
vn -0.7613 0.6361 0.1257
vn -0.5326 0.1185 -0.8381
vn -0.6151 0.1150 -0.7800
vn -0.5917 0.1316 -0.7953
vn -0.5980 0.7661 -0.2358
vn -0.5910 0.7977 -0.1196
vn -0.8080 0.4254 0.4077
vn -0.7450 0.4957 0.4464
vn -0.7720 0.5350 0.3432
vn -0.9079 -0.2766 0.3151
vn 0.8572 0.1316 -0.4979
vn -0.4782 0.8783 0.0006
vn -0.4355 0.9002 0.0002
vn -0.4356 0.9001 0.0002
vn 0.0001 0.0254 0.9997
vn -0.0928 0.0289 0.9953
vn -0.0054 0.0255 0.9997
vn 0.5538 0.8272 0.0948
vn 0.4511 0.8725 0.1879
vn 0.8484 0.5218 0.0895
vn 0.8770 0.4506 0.1667
vn 0.9338 0.3483 0.0817
vn 0.9066 0.4199 -0.0407
vn 0.8760 0.4820 0.0147
vn 0.5905 -0.7060 0.3909
vn 0.3105 0.0704 -0.9480
vn 0.2246 0.1428 -0.9639
vn 0.3488 0.8702 0.3481
vn 0.2111 0.9193 0.3321
vn 0.0425 0.9826 -0.1807
vn 0.1018 0.9491 -0.2979
vn 0.0202 0.9410 -0.3379
vn -0.1281 0.1293 -0.9833
vn -0.1678 0.2279 -0.9591
vn 0.0865 0.9944 -0.0611
vn 0.1727 0.9745 -0.1431
vn 0.7732 0.3953 0.4958
vn 0.6109 0.1387 -0.7794
vn -0.9961 0.0279 0.0834
vn -0.9864 0.0287 0.1617
vn -0.9967 0.0279 0.0766
vn 0.6075 0.0997 -0.7880
vn -0.8790 0.0752 0.4709
vn -0.8491 0.1100 0.5166
vn -0.8572 0.1309 0.4981
vn -0.8968 0.1705 0.4083
vn -0.9869 0.0313 0.1584
vn -0.9469 -0.3207 0.0233
vn 0.9993 0.0363 0.0005
vn 0.5589 0.7747 -0.2958
vn -0.6659 0.7435 -0.0617
vn -0.9066 -0.4220 0.0051
vn 0.0998 0.4150 0.9043
vn 0.0406 0.5128 0.8576
vn -0.2871 0.0083 0.9578
vn 0.7326 0.6719 0.1088
vn 0.7879 0.6138 0.0491
vn 0.7029 0.7110 0.0196
vn 0.4482 0.8939 0.0012
vn 0.2491 0.0045 0.9685
vn -0.9299 0.0373 0.3660
vn -0.9688 0.0028 0.2478
vn -0.9506 -0.0495 0.3065
vn -0.9724 0.0162 0.2326
vn -0.9719 0.0165 0.2350
vn -0.3172 0.3707 0.8729
vn 0.2867 0.5287 0.7989
vn -0.1173 0.9926 0.0310
vn -0.9925 0.0231 -0.1204
vn 0.8729 0.4050 0.2720
vn 0.7230 0.6600 0.2042
vn 0.2499 0.3437 -0.9052
vn 0.2446 0.4276 -0.8702
vn 0.3314 0.3594 -0.8723
vn 0.3451 0.8711 -0.3494
vn -0.1387 0.3575 -0.9235
vn 0.8729 0.1225 0.4723
vn 0.9060 0.1295 0.4030
vn 0.8861 0.2001 0.4181
vn 0.8413 0.1706 0.5129
vn 0.8379 0.1277 0.5307
vn 0.8802 0.3065 0.3624
vn -0.0991 0.9939 -0.0489
vn -0.0005 1.0000 -0.0004
vn 0.0145 0.9999 0.0005
vn -0.8857 0.0241 -0.4636
vn -0.9448 0.0269 -0.3267
vn -0.8848 0.0241 -0.4653
vn -0.4823 0.8060 0.3432
vn -0.4999 0.8246 0.2650
vn -0.4943 0.8190 0.2915
vn -0.6807 0.0937 0.7265
vn -0.6079 0.1105 0.7863
vn 0.9562 -0.2928 -0.0011
vn -0.4349 0.9004 0.0128
vn -0.5030 0.8629 -0.0494
vn -0.5925 0.8056 0.0012
vn 0.5919 0.0398 0.8050
vn 0.5628 0.0367 0.8258
vn 0.4563 0.8874 0.0650
vn -0.4552 -0.6044 0.6538
vn 0.8005 0.5750 0.1692
vn 0.0035 -0.8042 -0.5944
vn 0.2849 0.0079 -0.9585
vn 0.3028 -0.0453 -0.9520
vn 0.3084 -0.0624 -0.9492
vn -0.9496 0.0320 -0.3118
vn -0.9446 0.0330 -0.3265
vn -0.9119 0.0316 -0.4092
vn 0.2827 -0.9493 -0.1377
vn 0.3170 -0.9440 -0.0913
vn 0.0007 -0.0367 -0.9993
vn -0.0012 0.0151 -0.9999
vn 0.0002 0.0267 -0.9996
vn -0.0011 0.0162 -0.9999
vn -0.0013 0.0144 -0.9999
vn -0.0009 0.0184 -0.9998
vn -0.0007 -0.0705 -0.9975
vn -0.6390 0.0340 0.7684
vn -0.6273 0.0322 0.7781
vn -0.7336 0.0443 0.6782
vn 0.5580 0.8055 -0.1995
vn 0.4957 0.8406 -0.2182
vn -0.8674 -0.3580 -0.3456
vn 0.4042 -0.9003 -0.1613
vn 0.5516 0.6841 -0.4772
vn 0.2382 -0.0385 -0.9705
vn -0.0006 0.3318 -0.9433
vn -0.6978 -0.6017 -0.3886
vn 0.3915 0.5820 -0.7127
vn 0.3281 0.5154 -0.7917
vn 0.2891 0.5640 -0.7735
vn 0.2404 0.9684 -0.0672
vn 0.3516 0.9322 -0.0860
vn -0.9351 0.1363 0.3272
vn -0.9088 0.2239 0.3521
vn 0.9280 0.3725 0.0002
vn 0.3658 0.8807 -0.3010
vn 0.1733 0.5013 -0.8477
vn 0.1728 0.5992 -0.7817
vn 0.1492 0.7044 -0.6939
vn 0.0434 0.7042 -0.7087
vn -0.3968 -0.9179 -0.0001
vn -0.6328 0.4930 0.5971
vn -0.7041 0.4722 0.5304
vn -0.9282 0.1081 0.3561
vn -0.8980 0.1528 0.4125
vn -0.8966 0.1086 0.4294
vn -0.8100 0.4442 0.3828
vn 0.9162 -0.4005 0.0109
vn 0.8389 0.2830 0.4648
vn 0.2156 0.2523 -0.9433
vn -0.1456 0.1140 -0.9827
vn -0.5693 0.7373 -0.3636
vn -0.4758 0.7868 -0.3932
vn -0.2642 0.0064 0.9644
vn 0.9609 0.2766 -0.0153
vn 0.7951 -0.0041 -0.6064
vn 0.7848 -0.0077 -0.6197
vn 0.8604 0.0248 -0.5090
vn -0.8953 0.0857 0.4371
vn 0.0084 -0.4286 -0.9035
vn 0.8706 0.1109 0.4794
vn 0.8538 0.1348 0.5029
vn 0.7975 0.4346 0.4185
vn 0.9235 -0.0392 0.3816
vn -0.9769 0.0322 -0.2114
vn 0.6467 0.7385 0.1908
vn 0.9258 0.0913 0.3668
vn -0.8889 0.0330 -0.4569
vn -0.6902 0.7218 0.0505
vn -0.7781 0.6264 -0.0476
vn -0.7547 0.6560 0.0100
vn -0.0711 0.9966 0.0421
vn -0.1834 0.9809 0.0647
vn -0.1110 0.9929 0.0425
vn -0.1939 0.9697 0.1483
vn -0.1884 0.9716 0.1432
vn 0.8761 -0.2843 0.3894
vn 0.4674 -0.5213 -0.7140
vn 0.7167 -0.5059 -0.4800
vn -0.1935 0.1308 -0.9724
vn -0.2463 0.1213 -0.9616
vn -0.2533 0.1694 -0.9524
vn -0.4653 0.4621 0.7549
vn -0.3759 0.5420 0.7516
vn -0.1819 0.0309 0.9828
vn -0.2929 0.0343 0.9555
vn -0.1761 0.0307 0.9839
vn -0.3357 0.0350 0.9413
vn -0.1785 0.0307 0.9835
vn -0.0301 0.9995 0.0015
vn 0.3121 0.9286 -0.2005
vn 0.3970 0.8927 -0.2130
vn 0.2551 0.9118 -0.3217
vn 0.2145 0.9485 -0.2329
vn -0.8340 0.5215 -0.1802
vn -0.7903 0.5101 -0.3394
vn -0.4783 0.8782 0.0006
vn -0.8782 0.4782 0.0009
vn 0.0392 0.6802 0.7320
vn 0.5777 0.7032 0.4145
vn 0.0001 0.0258 0.9997
vn 0.0001 0.0265 0.9996
vn -0.0003 0.1039 0.9946
vn 0.2824 -0.9432 0.1749
vn -0.7241 -0.5406 -0.4283
vn -0.7002 -0.5481 -0.4575
vn -0.7455 -0.5328 -0.4004
vn 0.6629 0.7487 -0.0000
vn 0.6604 0.7509 -0.0000
vn 0.7094 0.7048 0.0002
vn 0.4721 0.8808 -0.0369
vn 0.6148 0.1949 0.7642
vn 0.5299 0.2605 0.8071
vn 0.3203 0.9459 0.0514
vn 0.5699 0.8007 -0.1845
vn -0.7445 0.0931 -0.6611
vn 0.0028 -0.8086 -0.5883
vn -0.7379 0.6122 -0.2841
vn 0.8724 -0.3394 0.3518
vn -0.0031 0.9999 0.0107
vn 0.3192 0.8943 0.3136
vn -0.3121 -0.2445 -0.9181
vn -0.3875 -0.2512 -0.8870
vn -0.3070 -0.2206 -0.9258
vn -0.3393 -0.1597 -0.9270
vn -0.1372 0.2598 0.9559
vn -0.6906 0.0422 0.7220
vn -0.6942 0.0424 0.7185
vn -0.5734 0.0339 0.8186
vn 0.3216 -0.1599 0.9333
vn 0.9803 0.0299 -0.1953
vn 0.5955 0.5897 -0.5455
vn -0.0014 0.9999 0.0102
vn -0.0002 1.0000 0.0051
vn -0.0232 0.9941 0.1058
vn -0.3325 0.8733 -0.3562
vn -0.3023 0.9245 -0.2322
vn -0.2258 0.8907 -0.3945
vn 0.4514 0.0115 0.8923
vn -0.9034 0.1257 0.4099
vn -0.9115 0.1874 0.3661
vn 0.4969 -0.5623 0.6610
vn 0.9709 -0.0031 -0.2396
vn 0.9723 0.0258 -0.2324
vn 0.9483 0.0731 -0.3088
vn 0.9628 -0.0529 -0.2648
vn 0.4896 0.6693 -0.5589
vn 0.1612 0.9026 -0.3992
vn -0.7697 0.1059 -0.6296
vn -0.7112 0.0275 -0.7024
vn -0.7131 0.0279 -0.7006
vn 0.6249 0.7758 0.0877
vn -0.9061 -0.4231 -0.0076
vn -0.3300 -0.8533 0.4037
vn -0.5227 -0.6461 0.5561
vn -0.4063 0.6981 0.5896
vn 0.8236 0.0357 0.5660
vn 0.9202 0.0330 -0.3900
vn 0.8925 0.0367 -0.4495
vn 0.9937 -0.1119 -0.0014
vn 0.9992 -0.0398 0.0001
vn 0.0021 0.9230 -0.3849
vn -0.6940 0.5948 -0.4057
vn 0.9041 -0.3464 -0.2500
vn -0.3481 0.5667 0.7468
vn 0.0015 1.0000 0.0093
vn 0.0026 1.0000 -0.0006
vn -0.0000 0.9751 -0.2218
vn -0.5214 0.1373 0.8422
vn -0.5257 0.1085 0.8437
vn -0.4740 0.0893 0.8760
vn -0.2492 0.8412 0.4799
vn 0.6089 -0.7932 -0.0075
vn 0.2897 0.7643 0.5762
vn -0.3209 -0.3608 -0.8757
vn -0.3049 -0.3867 -0.8704
vn -0.3362 -0.3351 -0.8801
vn 0.4870 0.6413 -0.5929
vn -0.8983 0.0244 -0.4387
vn 0.1826 0.3169 0.9307
vn 0.1760 0.0304 0.9839
vn 0.0465 0.0272 0.9985
vn 0.3594 0.0280 0.9327
vn 0.2633 0.0320 0.9642
vn 0.2631 0.0324 0.9642
vn 0.2260 0.0321 0.9736
vn 0.2432 -0.8870 0.3925
vn -0.5721 -0.8202 0.0022
vn 0.5614 0.3621 0.7441
vn 0.5194 0.4716 0.7126
vn -0.9868 0.0304 -0.1590
vn -0.9961 0.0289 -0.0835
vn -0.9959 0.0289 -0.0862
vn -0.2318 0.1899 0.9541
vn 0.2747 0.1964 0.9413
vn -0.2735 0.0093 0.9618
vn 0.2010 0.5213 0.8294
vn 0.2187 0.5314 0.8184
vn 0.2332 0.6219 0.7475
vn 0.2575 0.6704 0.6959
vn 0.9914 0.0295 0.1277
vn 0.9979 -0.0235 0.0604
vn 0.2661 0.6836 0.6796
vn 0.0140 0.9983 -0.0560
vn 0.1186 0.9546 0.2732
vn -0.0298 0.9904 0.1350
vn 0.0810 0.7861 -0.6128
vn 0.0447 0.7697 -0.6369
vn 0.1268 0.8045 -0.5803
vn -0.1361 0.1236 0.9830
vn -0.0830 0.1167 0.9897
vn 0.2004 -0.3016 -0.9321
vn 0.0463 0.9517 -0.3035
vn -0.8252 0.1350 0.5484
vn -0.8037 0.1240 0.5820
vn -0.0039 0.9905 0.1378
vn -0.6073 -0.7945 -0.0017
vn -0.9690 0.2311 0.0872
vn -0.9395 0.3211 0.1196
vn 0.2601 0.0084 -0.9655
vn -0.9642 0.2192 0.1491
vn 0.0405 0.5933 -0.8039
vn -0.0403 0.5758 -0.8166
vn 0.6004 0.0981 0.7936
vn -0.0014 0.1954 0.9807
vn -0.7223 0.5259 -0.4490
vn -0.8689 0.0323 0.4939
vn -0.8677 0.0325 0.4960
vn 0.9027 0.3558 0.2420
vn 0.8634 0.4312 0.2619
vn 0.9142 0.3303 0.2349
vn 0.8461 0.4601 0.2692
vn 0.7205 0.6545 0.2291
vn 0.2271 0.0212 -0.9736
vn 0.2195 0.0226 -0.9753
vn 0.0768 0.0479 -0.9959
vn 0.9996 0.0267 0.0015
vn 0.9996 0.0201 -0.0188
vn 0.9996 0.0267 0.0021
vn 0.9874 0.0270 0.1560
vn -0.2448 0.0673 0.9672
vn -0.1853 0.0263 0.9823
vn -0.1739 0.0242 0.9845
vn 0.8155 0.0260 0.5781
vn 0.9806 0.0068 -0.1958
vn -0.2485 0.0720 0.9660
vn -0.2152 0.1325 0.9675
vn -0.0008 0.1745 0.9847
vn 0.6352 0.2863 0.7173
vn -0.4330 0.8600 0.2699
vn -0.8674 0.2870 0.4065
vn -0.5658 0.7155 0.4097
vn -0.5200 0.5837 0.6236
vn -0.1829 0.6770 0.7129
vn -0.0007 0.8273 0.5618
vn -0.0041 0.8936 0.4487
vn 0.0005 0.9010 0.4338
vn 0.0005 0.9013 0.4332
vn 0.2818 0.7847 0.5521
vn 0.2465 0.7677 0.5915
vn 0.2115 0.7491 0.6278
vn 0.1635 0.2770 0.9469
vn 0.2344 0.9397 0.2491
vn 0.3103 0.7968 0.5184
vn -0.2037 -0.3938 0.8963
vn -0.4966 -0.8675 0.0280
vn -0.3957 -0.9169 0.0524
vn -0.4103 -0.9120 -0.0003
vn -0.5242 -0.8516 -0.0005
vn -0.3522 0.8100 -0.4690
vn 0.3027 -0.4647 -0.8321
vn 0.3465 -0.4137 -0.8419
vn 0.2739 -0.4964 -0.8238
vn 0.3779 -0.3746 -0.8467
vn -0.4026 0.0242 -0.9151
vn -0.4102 0.0239 -0.9117
vn -0.0047 0.0246 -0.9997
vn -0.0609 0.0226 -0.9979
vn -0.1159 0.0205 -0.9931
vn 0.4263 0.0208 -0.9043
vn 0.4107 0.0197 -0.9116
vn -0.4056 0.0596 -0.9121
vn -0.3092 0.0282 -0.9506
vn -0.2446 0.0319 -0.9691
vn -0.9169 -0.3245 -0.2325
vn -0.0021 0.4976 -0.8674
vn -0.3623 -0.7385 -0.5687
vn 0.1205 -0.9855 -0.1191
vn 0.2288 -0.9550 -0.1888
vn 0.5775 -0.4935 -0.6503
vn 0.8761 -0.4212 -0.2345
vn -0.9771 0.0321 -0.2105
vn -0.9682 0.0337 -0.2481
vn -0.7413 0.0943 0.6646
vn -0.9522 0.0301 -0.3040
vn -0.8827 -0.3473 -0.3167
vn 0.9243 0.0373 0.3798
vn 0.8877 0.0360 0.4590
vn 0.8853 0.0221 0.4645
vn -0.2423 0.0049 0.9702
vn -0.3144 0.9415 -0.1216
vn 0.8914 0.0368 -0.4518
vn 0.0013 0.9076 -0.4198
vn 0.2121 0.0323 0.9767
vn 0.5805 -0.8143 -0.0067
vn -0.7717 0.0944 -0.6289
vn -0.8405 0.4114 -0.3526
vn -0.7634 0.2020 -0.6135
vn -0.4760 0.3970 -0.7847
vn -0.1461 0.5519 -0.8210
vn -0.8426 0.5329 -0.0777
vn 0.1403 -0.7984 -0.5856
vn 0.2286 0.4675 -0.8539
vn 0.2291 0.4688 -0.8531
vn 0.2488 0.5267 -0.8128
vn -0.5358 0.5241 0.6620
vn -0.6913 0.6768 -0.2531
vn -0.6964 0.6622 -0.2767
vn -0.7022 0.6420 -0.3078
vn -0.4201 0.7513 -0.5089
vn -0.3725 0.5819 -0.7229
vn -0.9232 -0.0787 -0.3763
vn -0.8829 -0.0367 -0.4680
vn -0.9064 -0.0661 -0.4173
vn -0.9508 -0.0805 -0.2991
vn -0.0429 0.7717 -0.6345
vn -0.1196 0.8101 -0.5740
vn -0.0261 0.7622 -0.6468
vn -0.4208 -0.2537 -0.8710
vn 0.0001 0.3879 -0.9217
vn -0.4267 0.9044 0.0034
vn 0.9481 -0.2835 -0.1439
vn 0.9539 -0.2424 -0.1770
vn 0.9549 -0.2323 -0.1849
vn 0.4343 0.6574 -0.6158
vn -0.5132 -0.8034 -0.3019
vn 0.9590 -0.1371 -0.2481
vn 0.9589 -0.1282 -0.2530
vn 0.9575 -0.1844 -0.2219
vn -0.1311 -0.7612 -0.6351
vn -0.3593 -0.5148 -0.7784
vn -0.3377 -0.5901 -0.7333
vn -0.3992 -0.4543 -0.7964
vn 0.0002 -0.5856 -0.8106
vn 0.5577 -0.7955 -0.2372
vn 0.6659 -0.5440 -0.5106
vn 0.6236 -0.5916 -0.5110
vn 0.6633 -0.5470 -0.5107
vn 0.4097 -0.6306 -0.6591
vn 0.2887 -0.7465 -0.5995
vn -0.8149 -0.3248 -0.4800
vn -0.3868 -0.4416 -0.8096
vn -0.4440 -0.3552 -0.8226
vn -0.1100 -0.1400 -0.9840
vn -0.0624 0.0007 -0.9980
vn 0.1089 -0.1399 -0.9842
vn 0.0651 0.0030 -0.9979
vn 0.7196 -0.4747 -0.5067
vn 0.3819 -0.3573 -0.8523
vn -0.7077 0.0459 -0.7050
vn 0.4665 0.0250 -0.8841
vn 0.6937 0.0375 -0.7193
vn -0.9546 0.2035 -0.2176
vn 0.9377 0.3461 -0.0291
vn 0.9348 0.3493 -0.0638
vn 0.9287 0.3531 -0.1135
vn 0.8288 0.5106 -0.2290
vn 0.3582 0.0353 0.9330
vn -0.6836 0.6956 -0.2210
vn -0.2672 0.5207 -0.8109
vn -0.1816 0.3927 -0.9016
vn 0.6320 0.4922 -0.5985
vn 0.6388 0.4853 -0.5970
vn 0.6830 0.4373 -0.5851
vn 0.5972 0.5262 -0.6053
vn 0.2717 0.4992 -0.8228
vn 0.2516 0.4577 -0.8528
vn 0.2907 0.5383 -0.7910
vn 0.2275 0.4084 -0.8840
vn 0.2993 -0.4596 -0.8362
vn 0.3467 0.0303 -0.9375
vn 0.2732 0.0323 -0.9614
vn 0.3529 0.0301 -0.9352
vn -0.3113 0.0280 -0.9499
vn -0.9296 0.1184 -0.3491
vn -0.6780 0.0284 -0.7345
vn 0.9703 0.0291 -0.2402
vn -0.8791 -0.3377 -0.3363
vn -0.3364 0.0828 -0.9381
vn -0.7437 0.0435 -0.6671
vn -0.7465 0.0433 -0.6640
vn -0.8384 0.0362 -0.5439
vn -0.5938 0.0266 -0.8042
vn 0.2158 0.4303 -0.8765
vn 0.7019 0.4740 -0.5317
vn 0.6513 0.4832 -0.5851
vn 0.7667 0.3712 -0.5238
vn -0.7478 0.6639 -0.0033
vn -0.6643 0.7474 -0.0013
vn -0.6616 0.7499 -0.0013
vn -0.5543 0.8128 -0.1792
vn -0.0067 -0.2067 -0.9784
vn 0.8638 0.4313 -0.2603
vn -0.2426 0.3737 -0.8953
vn 0.9135 0.3800 -0.1454
vn 0.2387 0.2022 -0.9498
vn 0.0242 0.8235 -0.5668
vn 0.0004 0.3713 -0.9285
vn -0.8368 0.5062 -0.2086
vn -0.3237 0.0748 -0.9432
vn 0.8683 0.4611 -0.1828
vn 0.6658 -0.5716 -0.4796
vn 0.6367 -0.6045 -0.4788
vn 0.6540 -0.5851 -0.4794
vn -0.0120 0.2434 -0.9699
vn -0.0015 0.7715 -0.6363
vn -0.8988 0.3831 -0.2130
vn -0.2327 0.1932 -0.9532
vn -0.7058 0.0688 -0.7051
vn -0.6953 0.0531 -0.7168
vn -0.7237 0.0967 -0.6833
vn 0.7146 0.0195 -0.6992
vn 0.6823 0.0247 -0.7307
vn 0.6815 0.0248 -0.7314
vn 0.4353 0.4742 0.7653
vn -0.6247 0.0148 -0.7807
vn 0.9659 0.0080 -0.2586
vn -0.9188 0.0041 -0.3948
vn 0.1917 -0.7998 -0.5689
vn -0.7257 0.0208 -0.6877
vn -0.5789 -0.0487 -0.8139
vn -0.7265 0.0208 -0.6869
vn -0.8627 0.0347 0.5045
vn -0.9293 0.0333 0.3678
vn -0.9300 0.0332 0.3660
vn 0.7747 0.0156 -0.6321
vn -0.6820 0.0174 -0.7311
vn -0.5949 -0.0177 -0.8036
vn 0.9138 0.4061 -0.0001
vn -0.0000 0.3797 -0.9251
vn -0.8536 -0.3930 -0.3419
vn 0.4802 0.0273 -0.8767
vn -0.4540 0.0258 -0.8906
vn 0.7643 0.0165 -0.6447
vn -0.8620 0.0073 -0.5068
vn 0.9710 0.0310 0.2372
vn -0.6685 0.0310 -0.7430
vn 0.5058 -0.2985 -0.8094
vn 0.5543 -0.3514 -0.7545
vn 0.5498 -0.3464 -0.7601
vn 0.5007 -0.2931 -0.8145
vn -0.4580 -0.2172 -0.8620
vn 0.4956 -0.2278 -0.8381
vn -0.4597 -0.3683 -0.8081
vn -0.9044 -0.3020 -0.3015
vn -0.9301 -0.3021 -0.2091
vn -0.5561 -0.0887 -0.8263
vn -0.4786 -0.1991 -0.8552
vn -0.5650 -0.2485 -0.7868
vn -0.5691 -0.2509 -0.7831
vn -0.4742 -0.1965 -0.8582
vn 0.5955 -0.7891 0.1506
vn 0.1153 -0.1421 -0.9831
vn -0.0114 -0.0055 -0.9999
vn -0.0106 -0.0043 -0.9999
vn -0.0669 -0.0942 -0.9933
vn -0.2703 -0.2889 -0.9184
vn 0.3492 -0.2726 -0.8965
vn 0.0122 -0.0098 -0.9999
vn 0.0165 -0.0158 -0.9997
vn 0.0903 -0.1178 -0.9889
vn 0.4858 -0.3611 -0.7960
vn -0.0161 -0.0067 -0.9998
vn -0.0141 -0.0044 -0.9999
vn -0.0871 -0.0888 -0.9922
vn 0.4381 -0.4563 0.7745
vn 0.1485 -0.2092 -0.9665
vn 0.4730 -0.2701 -0.8386
vn -0.0009 -0.6128 -0.7902
vn -0.2114 -0.2400 -0.9475
vn 0.4686 0.3627 0.8055
vn -0.0022 -0.1858 -0.9826
vn -0.0024 -0.1883 -0.9821
vn -0.0018 0.0057 -1.0000
vn 0.1001 -0.8062 -0.5831
vn 0.1338 -0.2991 -0.9448
vn -0.8858 -0.4597 -0.0637
vn -0.1852 -0.9608 -0.2061
vn -0.2847 -0.9443 -0.1652
vn -0.2165 -0.9569 -0.1936
vn -0.7162 -0.6386 -0.2817
vn -0.1336 -0.9649 -0.2261
vn -0.1690 -0.9045 -0.3916
vn -0.2409 -0.9046 -0.3516
vn -0.2184 -0.8931 -0.3932
vn -0.2966 -0.9106 -0.2877
vn -0.0002 -0.4256 -0.9049
vn -0.0000 -0.8650 -0.5018
vn -0.0008 -0.9081 -0.4187
vn 0.3832 -0.9145 0.1298
vn 0.4283 -0.8863 0.1759
vn 0.9175 -0.3921 -0.0662
vn 0.9384 -0.3450 -0.0186
vn 0.9065 -0.4129 -0.0878
vn 0.9480 -0.2521 -0.1941
vn -0.2334 -0.1104 -0.9661
vn -0.2453 -0.0544 -0.9679
vn -0.2643 -0.1490 -0.9529
vn -0.7989 0.6014 -0.0003
vn -0.8612 0.5081 -0.0106
vn -0.8635 0.5042 -0.0110
vn 0.9755 0.0321 -0.2174
vn 0.5733 0.8029 0.1635
vn 0.1855 0.0069 -0.9826
vn 0.3129 0.1670 -0.9350
vn 0.5618 0.7072 -0.4292
vn -0.5177 0.7899 -0.3288
vn -0.1942 0.2293 -0.9538
vn 0.1137 0.3066 -0.9450
vn 0.0147 0.5791 -0.8151
vn 0.0068 0.5000 -0.8660
vn 0.0114 0.5019 -0.8648
vn 0.0101 0.4724 -0.8813
vn 0.0062 0.4977 -0.8673
vn 0.0025 0.7611 -0.6486
vn -0.4797 0.2740 -0.8336
vn 0.6523 0.7043 -0.2802
vn 0.4370 -0.5665 0.6986
vn 0.4493 -0.5428 0.7096
vn 0.4557 -0.5300 0.7151
vn -0.5438 0.1466 -0.8263
vn -0.0500 0.2582 -0.9648
vn -0.4097 0.7871 -0.4611
vn 0.6306 0.3820 -0.6756
vn 0.4565 0.0239 -0.8894
vn 0.3418 0.0395 -0.9389
vn 0.3581 0.0373 -0.9329
vn 0.1575 0.2473 -0.9561
vn -0.8987 0.2655 -0.3489
vn -0.1284 0.0607 -0.9899
vn -0.5142 0.0245 -0.8573
vn 0.9857 0.1016 -0.1348
vn 0.9874 0.0926 -0.1287
vn 0.9724 0.0157 -0.2329
vn 0.9904 0.0563 -0.1259
vn 0.9632 0.1873 -0.1930
vn 0.5490 0.0421 -0.8348
vn 0.0626 0.0503 -0.9968
vn 0.0004 1.0000 -0.0043
vn 0.0021 1.0000 -0.0050
vn 0.0462 0.9986 -0.0245
vn 0.0030 1.0000 -0.0054
vn -0.7789 0.5929 -0.2046
vn -0.4914 0.0231 -0.8707
vn -0.4117 0.0285 -0.9109
vn -0.4064 0.0289 -0.9132
vn -0.4177 0.0388 -0.9078
vn -0.3109 0.0268 -0.9501
vn -0.4232 0.0394 -0.9052
vn 0.8930 0.3103 -0.3259
vn -0.0005 0.7835 0.6214
vn -0.0002 0.7389 0.6738
vn -0.0002 0.7378 0.6750
vn -0.0002 0.7374 0.6754
vn 0.0008 0.6532 0.7572
vn -0.0002 0.7380 0.6748
vn -0.9075 0.3549 -0.2250
vn -0.9170 0.3256 -0.2303
vn -0.9380 0.2469 -0.2433
vn -0.8952 0.3884 -0.2185
vn -0.0034 0.9999 -0.0157
vn -0.4117 -0.6584 0.6301
vn -0.3874 -0.6006 0.6994
vn -0.4058 -0.6441 0.6484
vn -0.3266 0.0083 -0.9451
vn -0.4115 -0.0003 -0.9114
vn -0.3317 0.0078 -0.9434
vn 0.0005 -0.3909 0.9204
vn -0.0000 -0.4549 0.8906
vn -0.0002 -0.4134 0.9105
vn 0.8244 0.0361 0.5648
vn 0.8833 0.0223 0.4683
vn -0.4935 0.0230 -0.8695
vn -0.9628 0.0544 0.2649
vn -0.3846 -0.0092 -0.9230
vn -0.9742 0.0081 -0.2257
vn -0.0983 -0.0090 -0.9951
vn 0.3543 0.8530 -0.3833
vn 0.7912 0.0213 -0.6112
vn 0.5461 -0.7017 -0.4576
vn -0.5622 -0.7822 -0.2684
vn -0.8008 0.0190 -0.5986
vn -0.9127 0.0063 -0.4087
vn 0.9836 -0.0208 -0.1793
vn 0.9730 0.0041 -0.2309
vn 0.9851 -0.0252 -0.1701
vn -0.9461 -0.2922 0.1399
vn -0.9180 -0.2542 -0.3044
vn -0.9339 -0.2336 -0.2706
vn -0.8895 -0.2859 -0.3564
vn -0.9432 -0.2202 -0.2489
vn -0.3634 -0.6179 0.6972
vn -0.9564 0.0058 -0.2920
vn 0.7690 -0.2897 -0.5698
vn -0.4487 -0.5165 0.7293
vn -0.6101 -0.2660 -0.7463
vn 0.9744 -0.1358 -0.1793
vn 0.9571 -0.0804 -0.2784
vn 0.5810 -0.2553 -0.7728
vn -0.9448 -0.1747 -0.2772
vn -0.9432 -0.1310 -0.3053
vn -0.9437 -0.1389 -0.3003
vn -0.7256 -0.1381 -0.6742
vn 0.3621 0.1238 0.9239
vn 0.4742 0.0264 -0.8800
vn 0.7857 -0.3366 -0.5190
vn 0.4281 -0.7512 -0.5024
vn 0.7996 -0.4623 -0.3833
vn 0.6868 -0.5174 -0.5106
vn 0.6744 -0.5367 -0.5071
vn 0.6976 -0.4997 -0.5135
vn 0.7152 0.0194 -0.6986
vn -0.7677 0.5716 -0.2895
vn 0.8058 -0.3942 -0.4419
vn 0.8236 -0.3548 -0.4425
vn 0.7890 -0.4281 -0.4407
vn 0.2707 -0.4564 -0.8476
vn 0.0634 -0.3164 -0.9465
vn 0.2578 -0.3196 -0.9118
vn 0.9038 -0.1832 -0.3868
vn 0.0853 -0.7358 -0.6718
vn -0.3072 -0.2542 -0.9171
vn -0.3218 -0.1287 -0.9380
vn -0.3063 -0.2025 -0.9302
vn -0.7397 -0.5593 -0.3742
vn -0.7140 -0.5957 -0.3680
vn -0.7040 -0.6089 -0.3655
vn 0.4072 -0.1695 -0.8975
vn -0.1748 -0.8241 -0.5388
vn -0.6553 -0.6681 -0.3525
vn -0.3144 -0.2828 -0.9062
vn -0.3046 -0.2273 -0.9250
vn -0.3431 -0.2121 -0.9150
vn -0.4165 -0.3253 -0.8490
vn -0.7251 -0.3285 -0.6053
vn -0.4072 -0.7041 -0.5817
vn 0.5880 -0.7908 -0.1698
vn 0.8763 -0.3391 -0.3422
vn 0.8915 -0.3278 -0.3127
vn 0.8603 -0.3498 -0.3709
vn 0.8396 -0.3622 -0.4049
vn 0.0180 0.9998 0.0011
vn 0.3800 -0.7206 -0.5800
vn 0.3512 -0.7386 -0.5755
vn 0.3166 -0.7588 -0.5693
vn 0.1478 -0.3284 -0.9329
vn -0.1792 -0.8232 -0.5387
vn -0.2556 -0.4451 -0.8582
vn 0.1258 -0.9510 -0.2825
vn 0.0884 -0.9452 -0.3143
vn -0.0397 -0.4005 -0.9154
vn -0.6689 -0.5664 -0.4815
vn -0.6822 -0.5597 -0.4705
vn -0.6264 -0.5858 -0.5142
vn 0.2936 0.0085 0.9559
vn 0.8035 -0.3818 -0.4567
vn 0.7802 -0.4009 -0.4801
vn 0.7977 -0.4232 -0.4296
vn 0.7941 -0.3343 -0.5076
vn 0.8574 -0.3458 -0.3812
vn 0.7374 -0.5758 -0.3531
vn 0.0463 -0.4006 -0.9151
vn 0.0744 -0.3767 -0.9234
vn 0.1038 -0.3508 -0.9307
vn 0.3727 -0.3291 0.8676
vn 0.2075 0.0313 -0.9777
vn 0.1973 -0.7951 -0.5735
vn -0.9666 -0.1434 0.2124
vn -0.9551 -0.2102 0.2090
vn -0.9624 -0.1709 0.2111
vn -0.7265 -0.5050 -0.4660
vn -0.7416 -0.4991 -0.4482
vn -0.6948 -0.5161 -0.5008
vn -0.1814 -0.7958 -0.5778
vn -0.2047 -0.7852 -0.5845
vn -0.2261 -0.7749 -0.5903
vn -0.7174 -0.5259 -0.4569
vn -0.6918 -0.5469 -0.4715
vn -0.5078 -0.3186 -0.8004
vn -0.5242 -0.2892 -0.8010
vn -0.4932 -0.3437 -0.7991
vn -0.0562 -0.4425 -0.8950
vn -0.0810 -0.4494 -0.8896
vn -0.1131 -0.4579 -0.8818
vn -0.0307 -0.4351 -0.8998
vn -0.8418 -0.4218 -0.3367
vn -0.8720 -0.3531 -0.3391
vn -0.8235 -0.4582 -0.3347
vn -0.6060 0.4517 -0.6548
vn -0.5684 -0.5491 -0.6128
vn 0.1573 -0.7914 -0.5907
vn 0.1751 -0.7952 -0.5806
vn 0.1252 -0.7838 -0.6083
vn 0.2058 -0.8009 -0.5624
vn 0.8353 -0.3989 -0.3784
vn 0.0166 -0.4462 -0.8948
vn 0.0019 -0.4040 -0.9148
vn -0.0051 -0.3836 -0.9235
vn 0.0213 -0.4595 -0.8879
vn 0.3754 -0.2658 -0.8879
vn -0.7032 -0.5521 -0.4480
vn -0.7554 -0.5249 -0.3921
vn -0.7359 -0.5358 -0.4140
vn -0.7888 -0.5040 -0.3518
vn -0.2382 -0.7969 -0.5551
vn 0.0101 -0.4655 -0.8850
vn 0.8008 -0.4862 -0.3499
vn 0.7791 -0.5237 -0.3447
vn 0.8274 -0.4346 -0.3558
vn -0.0072 -0.4341 -0.9008
vn 0.8471 -0.3911 -0.3597
vn 0.6061 -0.6364 -0.4771
vn -0.6164 -0.5394 -0.5737
vn -0.3600 -0.2278 0.9047
vn -0.7807 -0.4574 -0.4259
vn 0.0214 -0.4214 -0.9066
vn -0.2811 0.9586 -0.0448
vn 0.7645 -0.4901 -0.4189
vn 0.5916 -0.5698 -0.5704
vn -0.5383 -0.2626 -0.8008
vn -0.0220 0.4002 0.9162
vn -0.8872 -0.3123 -0.3396
vn -0.3549 -0.7341 -0.5789
vn 0.8378 0.0365 -0.5447
vn 0.7921 0.0463 -0.6086
vn 0.7941 0.0459 -0.6061
vn -0.9657 -0.0536 -0.2542
vn -0.9585 -0.0807 -0.2735
vn -0.9403 -0.1869 -0.2843
vn -0.9057 -0.2708 -0.3260
vn -0.7950 -0.1479 -0.5883
vn -0.7771 -0.1236 -0.6171
vn -0.7955 -0.1486 -0.5874
vn -0.8166 -0.1795 -0.5486
vn -0.4240 0.0663 -0.9033
vn 0.9363 -0.3065 -0.1717
vn 0.9402 -0.2403 -0.2413
vn 0.9396 -0.2688 -0.2119
vn 0.9376 -0.1897 -0.2914
vn 0.7351 0.2692 -0.6222
vn 0.6778 0.3610 -0.6406
vn -0.3301 -0.9254 -0.1862
vn -0.3664 -0.9214 -0.1294
vn 0.3530 -0.9179 -0.1811
vn 0.1475 -0.9561 0.2530
vn -0.8879 0.0326 -0.4588
vn 0.0057 1.0000 0.0026
vn -0.9352 -0.0589 -0.3492
vn -0.8405 -0.4262 -0.3344
vn 0.7242 -0.4529 -0.5200
vn 0.7460 -0.5039 -0.4354
vn -0.6442 -0.5617 -0.5191
vn 0.4534 -0.6693 -0.5886
vn -0.4691 -0.6640 -0.5822
vn -0.2889 -0.7416 -0.6054
vn -0.0522 0.9453 0.3220
vn 0.4095 -0.4518 0.7926
vn -0.7965 0.6046 -0.0000
vn -0.6380 0.0160 0.7699
vn -0.5295 -0.0339 0.8476
vn -0.6562 -0.5738 -0.4900
vn -0.5469 0.5147 0.6603
vn -0.5469 0.5336 0.6451
vn -0.5443 0.4448 0.7112
vn -0.7658 0.4925 0.4136
vn -0.3749 0.4869 0.7889
vn -0.3538 0.7746 0.5243
vn -0.8588 0.4897 0.1505
vn -0.8721 0.4548 0.1805
vn -0.8869 0.4060 0.2203
vn -0.8949 0.3715 0.2472
vn -0.5427 0.4224 0.7260
vn 0.3732 0.8425 -0.3884
vn -0.9805 0.0258 0.1949
vn -0.9278 0.0382 0.3712
vn -0.5246 0.0145 0.8512
vn 0.5290 -0.3386 -0.7782
vn -0.2838 0.0029 0.9589
vn -0.8885 -0.1494 0.4338
vn -0.7674 -0.2428 0.5934
vn -0.9408 -0.0719 0.3313
vn -0.7759 -0.2826 0.5639
vn -0.7407 -0.2754 0.6128
vn 0.7756 -0.4629 -0.4292
vn -0.9482 -0.2289 0.2205
vn -0.6854 -0.4863 0.5420
vn -0.6120 -0.7893 0.0506
vn -0.4653 -0.7470 0.4748
vn -0.3415 0.2056 0.9171
vn -0.7993 -0.3690 0.4742
vn -0.5942 -0.8043 0.0041
vn 0.3483 -0.9360 0.0499
vn 0.8393 0.0362 -0.5425
vn 0.8554 0.0359 0.5168
vn 0.9167 0.0214 0.3990
vn 0.9285 -0.0225 0.3706
vn 0.9352 -0.0672 0.3476
vn 0.9198 0.0205 0.3919
vn -0.3053 0.1101 -0.9459
vn -0.5708 0.1256 0.8114
vn -0.5487 -0.8020 0.2359
vn 0.8203 -0.1958 -0.5373
vn -0.2900 0.9567 -0.0254
vn -0.6662 0.7457 -0.0097
vn -0.6037 0.7972 -0.0069
vn -0.4852 0.8742 0.0171
vn -0.4773 0.8786 0.0187
vn 0.9500 0.0270 0.3109
vn 0.9594 0.0330 0.2800
vn 0.9470 0.0276 0.3200
vn 0.9176 0.0349 0.3959
vn 0.9170 0.0351 0.3973
vn -0.3615 0.5869 -0.7245
vn -0.3748 0.3316 -0.8658
vn -0.6108 0.7918 -0.0084
vn -0.4892 -0.5256 -0.6960
vn 0.7817 0.1465 -0.6062
vn -0.9515 -0.1117 -0.2866
vn -0.9426 -0.1791 -0.2818
vn -0.9400 -0.1944 -0.2805
vn -0.5686 -0.6273 -0.5321
vn -0.5577 -0.7758 -0.2952
vn -0.4255 -0.6463 -0.6334
vn -0.9671 -0.1803 -0.1793
vn -0.9530 -0.2115 -0.2171
vn -0.9359 -0.2429 -0.2552
vn -0.9500 -0.2467 -0.1915
vn -0.5249 -0.7616 -0.3801
vn -0.5356 -0.6269 -0.5659
vn -0.4057 -0.3928 -0.8253
vn -0.3928 -0.4919 -0.7770
vn -0.4013 -0.4315 -0.8079
vn -0.3864 -0.5291 -0.7555
vn -0.5398 -0.7953 -0.2761
vn 0.0900 -0.6156 -0.7829
vn -0.9212 -0.2781 -0.2721
vn -0.6242 -0.7756 -0.0940
vn -0.9364 -0.3456 -0.0610
vn -0.8855 -0.3943 -0.2458
vn -0.4314 -0.5053 -0.7474
vn -0.1390 0.0086 -0.9903
vn -0.2976 0.2048 -0.9324
vn -0.8492 0.0581 -0.5249
vn -0.2105 0.0028 0.9776
vn -0.4489 0.0106 -0.8935
vn -0.3246 0.0088 -0.9458
vn -0.4043 0.0100 -0.9146
vn -0.5150 -0.2484 -0.8204
vn -0.2796 -0.1514 -0.9481
vn -0.3415 -0.3492 -0.8726
vn -0.3008 -0.3352 -0.8929
vn -0.3492 -0.3518 -0.8685
vn -0.3852 -0.3636 -0.8482
vn 0.6617 -0.5722 -0.4845
vn 0.0029 -0.8269 -0.5623
vn -0.9720 -0.1679 -0.1643
vn 0.7089 -0.2775 -0.6484
vn 0.9999 0.0131 0.0012
vn 0.9890 -0.0728 0.1287
vn 0.9968 -0.0030 -0.0803
vn -0.5519 -0.8339 -0.0117
vn 0.5137 -0.7850 -0.3461
vn -0.3016 -0.3452 0.8888
vn -0.9229 0.3474 0.1663
vn -0.5686 0.8029 0.1791
vn -0.2320 0.4083 0.8829
vn -0.5685 0.2870 0.7710
vn -0.7158 0.3097 0.6258
vn -0.9284 0.0353 0.3700
vn -0.9592 0.0294 0.2812
vn -0.7115 0.0080 0.7026
vn -0.6570 -0.5658 -0.4983
vn 0.8327 0.1286 -0.5385
vn 0.8115 0.1121 -0.5734
vn 0.0918 0.9948 -0.0447
vn -0.1197 0.9895 0.0804
vn -0.9254 -0.1606 0.3433
vn -0.3383 -0.3613 0.8689
vn -0.3422 -0.3776 0.8604
vn -0.3554 -0.4354 0.8271
vn -0.3594 -0.4541 0.8152
vn -0.9088 -0.2401 0.3412
vn -0.3020 0.0340 0.9527
vn -0.3916 0.0274 0.9197
vn -0.8819 -0.0309 0.4704
vn -0.9341 0.3569 0.0082
vn -0.7790 0.6270 -0.0092
vn 0.8211 0.4977 -0.2795
vn -0.3173 -0.4553 0.8319
vn -0.3033 -0.3570 0.8835
vn -0.3118 -0.4141 0.8551
vn -0.5759 -0.7948 0.1912
vn -0.6002 -0.6904 0.4038
vn -0.3780 -0.4411 0.8140
vn -0.4497 -0.6252 0.6378
vn -0.4466 -0.6429 0.6223
vn -0.4420 -0.6657 0.6012
vn -0.4301 -0.7147 0.5515
vn 0.0090 -0.8333 -0.5527
vn -0.5221 -0.5048 0.6875
vn -0.2840 -0.3835 0.8788
vn -0.9262 -0.2808 0.2518
vn -0.5831 -0.8005 0.1383
vn -0.6006 -0.7789 0.1805
vn -0.6142 -0.7591 0.2159
vn -0.6231 -0.7442 0.2406
vn -0.3200 -0.4772 0.8185
vn -0.8944 -0.2485 0.3719
vn -0.9120 -0.2570 0.3196
vn -0.9197 -0.2609 0.2935
vn -0.6979 -0.3380 0.6314
vn -0.9283 -0.2656 0.2601
vn -0.8947 -0.4195 -0.1535
vn -0.9655 -0.1044 0.2386
vn -0.7386 -0.5113 -0.4395
vn -0.7047 -0.7095 0.0003
vn 0.9393 0.3432 -0.0000
vn -0.6198 -0.7848 0.0018
vn -0.0005 0.7469 -0.6649
vn -0.1879 0.0345 -0.9816
vn 0.9894 -0.1449 0.0007
vn 0.4221 -0.1605 -0.8922
vn -0.3304 -0.4360 -0.8371
vn -0.5364 -0.5023 -0.6782
vn -0.9654 -0.0915 -0.2442
vn -0.9110 -0.2919 -0.2914
vn -0.3398 -0.3521 -0.8721
vn -0.5383 -0.4573 -0.7079
vn -0.5231 -0.5482 -0.6525
vn -0.5319 -0.5006 -0.6830
vn -0.5111 -0.5996 -0.6158
vn -0.6111 -0.7752 -0.1600
vn -0.4066 -0.5447 -0.7335
vn -0.4024 -0.4647 -0.7887
vn -0.8644 -0.2107 -0.4565
vn -0.7440 -0.3594 -0.5633
vn -0.9656 -0.2154 -0.1457
vn -0.9091 -0.4108 0.0688
vn -0.6660 -0.6590 -0.3495
vn -0.6434 -0.5069 -0.5737
vn -0.5925 -0.5856 -0.5532
vn -0.6280 -0.5323 -0.5678
vn -0.9860 -0.1489 -0.0752
vn 0.9054 -0.2985 -0.3019
vn -0.7498 0.2637 -0.6069
vn -0.5414 0.8123 -0.2168
vn 0.4121 0.9001 -0.1413
vn -0.5685 0.6887 -0.4501
vn -0.3850 0.5173 -0.7643
vn -0.4204 -0.0012 -0.9074
vn -0.3114 0.4182 -0.8533
vn -0.3268 0.3449 -0.8799
vn -0.3162 0.3965 -0.8619
vn -0.3072 0.4363 -0.8457
vn -0.8435 0.4869 -0.2268
vn -0.6964 0.0115 -0.7175
vn -0.7219 0.0208 -0.6916
vn 0.3260 -0.2216 -0.9190
vn -0.9460 0.0270 -0.3232
vn -0.8398 0.0180 -0.5425
vn -0.9895 -0.1443 -0.0003
vn -0.8005 0.0137 -0.5992
vn -0.8197 -0.1976 -0.5376
vn -0.8748 -0.0622 -0.4804
vn -0.9844 -0.1379 -0.1096
vn -0.4699 -0.2483 -0.8471
vn -0.6804 -0.4396 -0.5864
vn 0.4696 0.5582 0.6841
vn 0.5013 0.5739 0.6476
vn 0.4520 0.5491 0.7030
vn 0.3345 0.0341 -0.9418
vn 0.2739 0.0326 -0.9612
vn 0.6916 0.3167 0.6492
vn 0.4196 0.5319 0.7355
vn 0.7931 0.0226 0.6087
vn 0.8404 -0.0358 0.5408
vn 0.8055 0.0082 0.5925
vn -0.9036 0.0341 0.4270
vn -0.9050 0.0336 0.4240
vn -0.9209 0.0284 0.3887
vn 0.5375 -0.1811 0.8236
vn 0.4069 -0.1575 0.8998
vn 0.3786 -0.1126 0.9187
vn 0.4276 -0.1916 0.8834
vn -0.9583 -0.1376 0.2506
vn 0.8903 -0.3156 -0.3282
vn -0.3877 -0.2263 -0.8936
vn 0.9125 0.1581 0.3774
vn 0.1865 0.6072 0.7724
vn 0.3160 -0.3437 -0.8843
vn 0.2917 -0.3084 -0.9054
vn 0.2519 -0.2512 -0.9346
vn 0.2041 0.0077 0.9789
vn 0.8565 -0.0586 0.5128
vn 0.4516 -0.2323 0.8614
vn 0.3452 -0.4097 0.8444
vn 0.9568 -0.0751 0.2808
vn 0.9219 -0.3340 0.1964
vn 0.4568 -0.5872 0.6683
vn 0.5747 -0.7083 0.4100
vn 0.5720 -0.5939 0.5658
vn 0.3608 -0.4577 0.8126
vn 0.9069 -0.3971 0.1409
vn 0.8302 -0.3602 0.4254
vn 0.8332 -0.3386 0.4372
vn 0.8388 -0.2761 0.4693
vn 0.8204 -0.4144 0.3940
vn 0.9381 -0.2608 0.2279
vn -0.3447 -0.4693 -0.8129
vn 0.3890 -0.4517 0.8029
vn -0.0011 0.9373 -0.3485
vn 0.7398 0.6728 -0.0043
vn 0.7261 0.6876 -0.0053
vn -0.0011 -0.9222 -0.3866
vn 0.8607 -0.2208 -0.4587
vn 0.8597 -0.1893 -0.4744
vn 0.8607 -0.2515 -0.4426
vn 0.8576 -0.1569 -0.4898
vn 0.3104 -0.3918 -0.8661
vn 0.4346 -0.4721 -0.7670
vn 0.7523 0.3841 -0.5352
vn -0.9646 0.0773 0.2523
vn -0.9160 0.3101 0.2545
vn -0.9149 0.3021 0.2676
vn -0.9049 0.2559 0.3401
vn -0.9180 0.3362 0.2104
vn -0.7460 0.6162 0.2525
vn -0.2098 0.3152 0.9255
vn -0.2039 0.3233 0.9241
vn -0.1336 0.4155 0.8997
vn -0.2334 0.2821 0.9306
vn -0.8696 0.0218 0.4932
vn -0.6446 0.0185 0.7643
vn -0.6814 0.0049 0.7319
vn -0.8290 0.0146 0.5591
vn -0.8272 0.0143 0.5617
vn -0.8849 0.0237 0.4652
vn -0.2507 -0.3650 0.8966
vn -0.9008 -0.0909 0.4245
vn -0.7452 -0.2657 0.6116
vn -0.4198 -0.4060 0.8118
vn -0.3364 -0.3392 0.8785
vn -0.3564 -0.3496 0.8665
vn -0.6284 -0.4640 0.6244
vn -0.3662 -0.5076 0.7799
vn -0.3853 -0.4603 0.7998
vn -0.3656 -0.5088 0.7793
vn -0.3463 -0.5527 0.7581
vn -0.5548 0.4545 -0.6968
vn -0.4857 -0.6610 0.5720
vn 0.9450 0.0689 -0.3199
vn 0.9567 0.1213 -0.2647
vn 0.9695 0.2449 0.0026
vn 0.7629 0.5506 -0.3388
vn 0.3022 0.3578 -0.8835
vn 0.2745 0.6201 -0.7349
vn -0.6562 0.7546 0.0001
vn 0.1886 0.0050 -0.9820
vn 0.3853 -0.3803 -0.8408
vn 0.3862 -0.3779 -0.8414
vn 0.3628 -0.4395 -0.8217
vn 0.3720 -0.5082 -0.7768
vn -0.1238 0.2779 -0.9526
vn 0.4848 -0.5903 -0.6453
vn 0.3982 -0.3435 -0.8506
vn 0.5644 -0.6193 -0.5459
vn 0.5593 -0.6003 -0.5717
vn 0.5400 -0.5378 -0.6474
vn 0.2991 -0.4318 -0.8509
vn 0.3251 -0.3171 -0.8909
vn 0.3259 -0.3165 -0.8909
vn 0.2672 -0.3596 -0.8940
vn 0.3827 -0.2717 -0.8830
vn -0.7304 0.5834 -0.3551
vn 0.3914 -0.4184 -0.8196
vn 0.5333 -0.5186 -0.6683
vn 0.9655 -0.2195 -0.1401
vn 0.6721 -0.4755 -0.5676
vn -0.9184 0.3956 0.0001
vn -0.7793 0.6266 -0.0041
vn 0.6601 0.7512 -0.0000
vn -0.4590 -0.4290 0.7780
vn -0.4743 -0.6873 0.5502
vn -0.4980 -0.4958 0.7115
vn -0.0478 -0.6498 0.7586
vn -0.9430 -0.2617 0.2056
vn -0.6195 -0.5699 0.5399
vn -0.6294 -0.7601 0.1617
vn -0.6202 -0.7720 0.1393
vn -0.6090 -0.7851 0.1129
vn -0.5976 -0.7970 0.0877
vn -0.8562 -0.5115 0.0728
vn -0.4587 -0.5483 0.6992
vn -0.4960 -0.5617 0.6622
vn -0.4415 -0.5418 0.7152
vn -0.3961 -0.5235 0.7543
vn -0.8627 -0.2858 0.4173
vn -0.8515 -0.3502 0.3903
vn -0.8581 -0.3156 0.4051
vn -0.8697 -0.2182 0.4427
vn -0.4263 -0.6949 0.5791
vn 0.2822 0.3981 -0.8728
vn 0.9948 0.0160 -0.1006
vn 0.9459 0.0758 0.3156
vn 0.2683 0.5608 0.7833
vn -0.3454 0.0263 0.9381
vn -0.2243 0.0271 0.9741
vn -0.3301 0.0355 0.9433
vn -0.3472 0.0265 0.9374
vn -0.9997 0.0242 -0.0004
vn 0.7598 0.0223 -0.6497
vn 0.8904 0.0239 0.4546
vn 0.8084 0.0240 0.5881
vn 0.8880 0.0239 0.4593
vn 0.8079 0.0240 0.5888
vn 0.3366 -0.1539 -0.9290
vn 0.3566 -0.2468 0.9011
vn 0.4115 -0.2737 0.8693
vn 0.4127 -0.2743 0.8686
vn 0.4636 -0.2989 0.8341
vn 0.9754 -0.0363 0.2172
vn 0.9864 -0.0820 0.1423
vn 0.9221 -0.2448 0.2997
vn 0.3750 -0.2114 0.9026
vn 0.9715 0.0070 -0.2369
vn -0.8523 -0.3168 -0.4163
vn 0.8507 0.0368 0.5243
vn 0.9654 0.1635 0.2032
vn 0.1938 0.3584 0.9132
vn 0.4696 0.2885 0.8344
vn 0.2713 0.5109 0.8157
vn -0.3161 -0.9440 0.0949
vn -0.3766 -0.9264 -0.0003
vn 0.9401 -0.1458 0.3080
vn 0.9400 -0.1624 0.3000
vn -0.2652 0.0098 0.9641
vn 0.4743 -0.4910 0.7307
vn 0.6377 -0.4539 0.6223
vn 0.3595 -0.3391 0.8694
vn 0.0002 0.0247 -0.9997
vn 0.9258 -0.3767 -0.0302
vn 0.5381 -0.5624 0.6278
vn 0.4786 -0.5387 0.6934
vn 0.5240 -0.5571 0.6443
vn 0.9129 -0.3155 0.2590
vn 0.5464 0.0294 -0.8370
vn -0.3631 -0.6031 -0.7103
vn -0.5534 -0.6784 -0.4832
vn -0.8470 -0.3621 -0.3892
vn -0.8680 -0.1920 -0.4579
vn -0.4099 -0.5159 -0.7522
vn -0.4134 -0.4867 -0.7696
vn -0.4051 -0.5505 -0.7300
vn -0.6805 -0.7235 -0.1163
vn -0.9364 -0.3327 -0.1114
vn -0.9273 -0.3664 -0.0760
vn -0.9421 -0.3046 -0.1400
vn -0.9450 -0.2863 -0.1583
vn -0.6129 -0.7397 -0.2779
vn -0.8885 -0.2544 -0.3819
vn -0.8696 -0.2611 -0.4190
vn -0.8985 -0.2504 -0.3606
vn -0.0598 0.9338 -0.3527
vn -0.8431 -0.2690 -0.4657
vn -0.4118 -0.6602 -0.6281
vn -0.2394 -0.6011 -0.7625
vn -0.3917 -0.7169 -0.5768
vn -0.3999 -0.5820 -0.7081
vn -0.9844 -0.1474 -0.0958
vn -0.5467 -0.6942 -0.4682
vn 0.8418 0.5398 0.0014
vn 0.8163 0.5777 -0.0002
vn 0.7601 0.6497 -0.0034
vn 0.9261 0.3772 -0.0018
vn 0.9558 0.2938 -0.0057
vn 0.9552 0.2958 -0.0056
vn 0.9224 0.3863 -0.0014
vn -0.3238 0.0088 -0.9461
vn 0.5693 -0.5736 0.5889
vn -0.0019 0.0097 -1.0000
vn 0.7596 -0.4867 0.4313
vn -0.2786 0.4633 -0.8413
vn -0.2874 0.4162 -0.8627
vn -0.2742 0.4847 -0.8306
vn -0.6747 0.4852 -0.5561
vn -0.3008 0.3311 -0.8944
vn 0.0008 0.3682 0.9297
vn -0.3473 0.9378 -0.0023
vn -0.8676 -0.0195 -0.4968
vn -0.6364 0.0085 -0.7713
vn -0.3618 0.0083 -0.9322
vn -0.9667 -0.0814 -0.2426
vn -0.8060 -0.1081 -0.5820
vn -0.2995 -0.2824 -0.9114
vn -0.2834 -0.2644 -0.9219
vn -0.2944 -0.3219 -0.8998
vn -0.2396 -0.1904 -0.9520
vn -0.5582 -0.7335 -0.3878
vn -0.9608 -0.2743 0.0389
vn -0.9715 -0.0998 -0.2151
vn -0.9686 -0.1608 -0.1899
vn -0.9716 -0.1195 -0.2040
vn -0.9400 -0.0854 -0.3304
vn -0.2833 -0.4203 -0.8620
vn 0.3972 0.9177 0.0054
vn 0.3192 0.9476 -0.0121
vn 0.3034 0.9527 -0.0155
vn 0.4035 0.9150 0.0068
vn 0.4921 -0.5820 -0.6475
vn 0.3439 -0.4613 -0.8179
vn -0.9375 -0.3478 -0.0121
vn -0.0027 -0.8203 -0.5719
vn -0.9363 -0.0873 -0.3403
vn 0.9422 0.2005 -0.2685
vn 0.4355 0.7670 -0.4712
vn 0.2741 0.4904 -0.8273
vn -0.0001 0.3263 0.9453
vn 0.8822 0.0254 -0.4702
vn 0.9395 0.0115 -0.3423
vn 0.9516 -0.0106 -0.3071
vn 0.2252 -0.2132 -0.9507
vn 0.9916 -0.0699 -0.1090
vn 0.9893 -0.0452 -0.1384
vn 0.9950 -0.0920 -0.0402
vn 0.5162 -0.7268 -0.4531
vn 0.4501 -0.7003 -0.5540
vn 0.4218 -0.6762 -0.6041
vn 0.4553 -0.7046 -0.5444
vn 0.4637 -0.7114 -0.5280
vn 0.3019 -0.3394 -0.8909
vn 0.9712 -0.0530 -0.2325
vn -0.3873 -0.3498 -0.8530
vn 0.4935 -0.5606 -0.6649
vn 0.9667 -0.0633 -0.2479
vn 0.5992 -0.6850 -0.4145
vn 0.5974 -0.6326 -0.4928
vn 0.5989 -0.6958 -0.3966
vn 0.5963 -0.6200 -0.5099
vn 0.3375 -0.3704 -0.8654
vn 0.4821 -0.4214 -0.7681
vn 0.0001 0.0259 0.9997
vn 0.0024 0.0259 0.9997
vn 0.2745 -0.6574 -0.7018
vn 0.4516 -0.4830 -0.7502
vn 0.2959 -0.3940 -0.8702
vn 0.8558 -0.2718 -0.4401
vn 0.8568 -0.2442 -0.4542
vn 0.8539 -0.3008 -0.4246
vn 0.8568 -0.2125 -0.4698
vn 0.9382 -0.2922 -0.1852
vn 0.9386 -0.2889 -0.1885
vn 0.9298 -0.3433 -0.1331
vn 0.9414 -0.2512 -0.2253
vn 0.3738 -0.4287 -0.8225
vn 0.3632 -0.4829 -0.7968
vn 0.3684 -0.4577 -0.8092
vn 0.3783 -0.4034 -0.8332
vn 0.9620 -0.2011 -0.1847
vn 0.9089 -0.3111 -0.2777
vn 0.1615 0.3192 -0.9338
vn 0.9632 0.1727 -0.2058
vn 0.0013 0.6095 0.7928
vn 0.6744 0.0147 -0.7382
vn 0.8761 0.0271 -0.4813
vn 0.2563 -0.1898 -0.9478
vn -0.4378 -0.5709 0.6945
vn 0.9526 -0.2989 0.0569
vn 0.8113 -0.5847 -0.0011
vn -0.8402 0.0361 -0.5411
vn 0.9683 0.0092 -0.2497
vn -0.5647 -0.8252 -0.0104
vn 0.8661 -0.3914 -0.3109
vn -0.6780 0.0283 -0.7345
vn -0.7598 0.0435 0.6488
vn -0.3392 0.0351 0.9401
vn 0.9479 0.0274 0.3174
vn -0.0622 -0.3983 -0.9151
vn 0.8853 -0.1420 0.4428
vn 0.7721 -0.1569 0.6159
vn -0.3055 -0.9472 0.0969
vn 0.0804 0.9229 0.3766
vn 0.5256 0.0301 0.8502
vn 0.5290 0.0304 0.8481
vn 0.6500 0.0408 0.7588
vn -0.4062 0.0099 -0.9137
vn 0.1612 0.5119 0.8438
vn -0.9830 0.0319 0.1808
vn -0.9041 0.3919 0.1707
vn -0.8800 0.4371 0.1856
vn 0.7891 0.5260 0.3173
vn 0.8007 0.5076 0.3180
vn 0.7853 0.5718 0.2374
vn -0.5137 0.8373 0.1873
vn -0.8832 0.3742 0.2828
vn -0.8284 0.4625 0.3160
vn -0.8391 0.4468 0.3102
vn -0.8029 0.4973 0.3286
vn -0.6362 0.5804 0.5083
vn -0.4139 0.4234 0.8058
vn -0.3679 0.4724 0.8009
vn -0.3314 0.5086 0.7947
vn -0.4435 0.3898 0.8071
vn 0.5971 0.5691 0.5653
vn 0.3225 0.4916 0.8089
vn 0.4545 0.3488 0.8196
vn 0.9776 0.0093 -0.2102
vn -0.4012 0.0267 0.9156
vn 0.4690 0.8832 -0.0000
vn -0.0969 -0.8039 -0.5868
vn 0.3675 0.0276 0.9296
vn -0.9614 0.0289 0.2736
vn -0.7596 0.0340 0.6495
vn -0.6685 0.0506 0.7420
vn -0.7650 0.0327 0.6431
vn 0.0003 -0.3078 -0.9514
vn -0.7948 0.0487 0.6049
vn -0.5795 0.0352 0.8142
vn -0.5719 0.0338 0.8196
vn -0.0008 0.9186 -0.3951
vn -0.8750 -0.4841 -0.0059
vn -0.9637 0.0256 0.2657
vn -0.8858 0.0239 0.4635
vn -0.2588 0.0037 -0.9659
vn 0.8812 0.0255 -0.4721
vn 0.3301 -0.9408 0.0772
vn -0.6745 0.0529 0.7364
vn 0.9996 0.0290 -0.0002
vn 0.0020 -0.1860 0.9826
vn 0.8389 0.4692 0.2759
vn -0.0013 -0.2003 0.9797
vn -0.2822 -0.9472 0.1522
vn -0.1379 -0.9575 0.2532
vn -0.1727 -0.9167 0.3604
vn -0.0000 -0.1562 -0.9877
vn -0.0002 -0.4134 0.9106
vn 0.7278 0.0379 -0.6847
vn 0.0005 -0.3907 0.9205
vn -0.2206 -0.1776 -0.9591
vn 0.6082 -0.7825 0.1333
vn -0.9634 -0.1943 0.1849
vn 0.9640 -0.2006 0.1745
vn -0.9776 -0.1872 0.0967
vn -0.8230 -0.4689 0.3208
vn -0.8083 -0.4700 0.3545
vn -0.7959 -0.4706 0.3810
vn -0.7814 -0.4706 0.4098
vn -0.6179 -0.6083 0.4983
vn -0.1514 -0.9727 0.1761
vn -0.6183 -0.4572 0.6394
vn 0.6650 -0.4677 0.5823
vn 0.1926 -0.9457 0.2619
vn 0.5701 -0.1955 0.7980
vn 0.8433 -0.4645 0.2704
vn 0.8570 -0.2765 0.4348
vn 0.2695 0.0324 -0.9625
vn -0.6988 -0.5509 -0.4563
vn 0.6095 0.0391 0.7918
vn -0.1101 -0.7874 -0.6065
vn 0.4613 0.0233 -0.8870
vn 0.9456 -0.3254 0.0007
vn 0.8434 0.5372 0.0015
vn 0.3133 0.0360 0.9490
vn 0.3071 0.0357 0.9510
vn 0.1876 0.0291 0.9818
vn -0.9224 0.0279 0.3853
vn -0.7779 0.0410 0.6270
vn -0.4594 0.0382 0.8874
vn 0.9241 0.0373 0.3804
vn -0.7387 0.5865 0.3320
vn -0.7029 0.3558 0.6159
vn -0.1755 0.3299 0.9276
vn 0.8038 0.4394 0.4010
vn 0.8199 0.3634 0.4424
vn 0.3698 0.4779 0.7968
vn 0.3295 0.3987 0.8558
vn 0.3546 0.4476 0.8209
vn 0.6432 0.2326 0.7295
vn 0.6564 0.0413 0.7533
vn 0.3032 0.3484 0.8869
vn -0.3433 -0.3352 0.8774
vn -0.3354 0.6063 0.7211
vn -0.2031 0.8403 0.5026
vn -0.2306 0.8612 0.4530
vn -0.1842 0.8245 0.5350
vn -0.1499 0.7932 0.5903
vn -0.8192 0.4926 -0.2938
vn 0.8847 0.0219 0.4657
vn 0.3360 0.6514 0.6803
vn 0.3438 0.6974 0.6288
vn 0.3464 0.7145 0.6079
vn 0.3324 0.6322 0.6999
vn -0.3443 -0.6044 0.7185
vn -0.1241 -0.7897 0.6008
vn 0.5369 0.8436 -0.0016
vn 0.1837 0.0289 0.9826
vn -0.6555 -0.3339 -0.6773
vn 0.1312 -0.7487 0.6497
vn 0.6815 -0.6492 0.3377
vn 0.4251 -0.7536 0.5014
vn 0.3365 -0.6276 0.7021
vn -0.7895 -0.4811 0.3813
vn -0.3446 -0.4425 0.8279
vn -0.1676 -0.1974 0.9659
vn 0.9132 -0.4074 -0.0044
vn -0.0002 -0.3102 0.9507
vn 0.5812 -0.7953 -0.1722
vn 0.8412 0.5407 0.0003
vn 0.1819 -0.1669 0.9690
vn 0.8368 -0.4281 0.3415
vn 0.3545 -0.4648 0.8114
vn 0.9386 -0.1991 0.2818
vn -0.0041 0.8942 0.4477
vn -0.4597 -0.4058 0.7900
vn -0.1606 -0.8908 0.4250
vn -0.0010 -0.9017 0.4324
vn -0.0003 -0.8568 0.5157
vn -0.0003 -0.8565 0.5162
vn -0.0010 -0.9018 0.4321
vn 0.3313 -0.4771 0.8140
vn 0.9997 -0.0237 -0.0000
vn -0.0000 -0.0115 0.9999
vn -0.9999 -0.0115 -0.0000
vn -0.0000 -0.0115 -0.9999
vn -0.0000 -1.0000 -0.0000
vn 1.0000 -0.0000 -0.0000
vn -0.0000 -0.0000 1.0000
vn -1.0000 -0.0000 -0.0000
vn -0.0000 -0.0000 -1.0000
vn -0.0000 1.0000 -0.0000
vt 0.565075 0.913046
vt 0.580419 0.911103
vt 0.581088 0.920905
vt 0.570849 0.920111
vt 0.788509 0.010448
vt 0.789892 0.005358
vt 0.794237 0.013032
vt 0.794278 0.152344
vt 0.789425 0.157113
vt 0.788427 0.153541
vt 0.686628 0.894000
vt 0.688033 0.886287
vt 0.693491 0.886169
vt 0.693632 0.894606
vt 0.693889 0.897707
vt 0.687520 0.493916
vt 0.689503 0.496219
vt 0.685542 0.495266
vt 0.684058 0.493460
vt 0.374309 0.022844
vt 0.410718 0.098008
vt 0.366199 0.095803
vt 0.362770 0.096977
vt 0.363993 0.121155
vt 0.366616 0.122555
vt 0.417009 0.125626
vt 0.411759 0.124415
vt 0.418439 0.122048
vt 0.420564 0.120511
vt 0.432870 0.153359
vt 0.432835 0.178145
vt 0.433988 0.179502
vt 0.482060 0.182001
vt 0.486637 0.180624
vt 0.489117 0.178190
vt 0.501276 0.205194
vt 0.472177 0.204831
vt 0.304523 0.200318
vt 0.301353 0.066088
vt 0.352613 0.068480
vt 0.358346 0.064062
vt 0.358675 0.062216
vt 0.360250 0.060905
vt 0.360076 0.051318
vt 0.356245 0.045363
vt 0.349160 0.042911
vt 0.301774 0.040342
vt 0.300429 0.016003
vt 0.324094 0.017327
vt 0.588725 0.871510
vt 0.576622 0.867398
vt 0.576819 0.858388
vt 0.582458 0.851896
vt 0.588741 0.861567
vt 0.903757 0.747462
vt 0.912351 0.755083
vt 0.904726 0.760579
vt 0.814807 0.753944
vt 0.821280 0.745741
vt 0.823788 0.756145
vt 0.792288 0.850180
vt 0.793323 0.852935
vt 0.790880 0.851704
vt 0.789906 0.849805
vt 0.790825 0.805526
vt 0.793053 0.806452
vt 0.792564 0.275338
vt 0.790185 0.295695
vt 0.787534 0.295830
vt 0.790191 0.273866
vt 0.833363 0.803536
vt 0.836417 0.803373
vt 0.835717 0.827837
vt 0.833203 0.826880
vt 0.572958 0.592902
vt 0.585529 0.659697
vt 0.584664 0.661880
vt 0.584310 0.663225
vt 0.793524 0.001602
vt 0.987047 0.001508
vt 0.991483 0.003292
vt 0.943102 0.003184
vt 0.870202 0.002919
vt 0.794811 0.003230
vt 0.517881 0.908340
vt 0.520729 0.917731
vt 0.514883 0.922619
vt 0.504237 0.921769
vt 0.508792 0.914340
vt 0.627661 0.776402
vt 0.624329 0.774461
vt 0.622135 0.773039
vt 0.626821 0.776296
vt 0.793826 0.805674
vt 0.794091 0.803373
vt 0.796131 0.804709
vt 0.796068 0.805728
vt 0.795987 0.807159
vt 0.709338 0.851161
vt 0.703094 0.864550
vt 0.698323 0.856358
vt 0.698552 0.853734
vt 0.811702 0.745566
vt 0.811810 0.765249
vt 0.803258 0.765674
vt 0.803442 0.755574
vt 0.442168 0.932251
vt 0.434140 0.933242
vt 0.429562 0.923414
vt 0.434358 0.920323
vt 0.751442 0.850547
vt 0.748425 0.843906
vt 0.748603 0.835659
vt 0.758604 0.839965
vt 0.758903 0.848058
vt 0.826316 0.729903
vt 0.835897 0.733639
vt 0.830710 0.743094
vt 0.818061 0.736743
vt 0.622233 0.919302
vt 0.624112 0.926384
vt 0.617362 0.925728
vt 0.459578 0.824060
vt 0.456334 0.831324
vt 0.448054 0.832883
vt 0.443445 0.825930
vt 0.447361 0.819178
vt 0.622285 0.910162
vt 0.610701 0.912803
vt 0.609094 0.906658
vt 0.614819 0.895586
vt 0.622593 0.899877
vt 0.752620 0.860444
vt 0.766635 0.855744
vt 0.760823 0.861471
vt 0.844865 0.742989
vt 0.839688 0.753569
vt 0.987341 0.154256
vt 0.988702 0.151975
vt 0.992087 0.152583
vt 0.989187 0.155769
vt 0.867631 0.753407
vt 0.859167 0.743824
vt 0.872655 0.743607
vt 0.879308 0.753366
vt 0.466895 0.834293
vt 0.465620 0.843099
vt 0.454160 0.841119
vt 0.298105 0.780582
vt 0.297617 0.782334
vt 0.292916 0.785104
vt 0.295913 0.783015
vt 0.296504 0.781482
vt 0.200658 0.090204
vt 0.199701 0.092233
vt 0.009893 0.091874
vt 0.008828 0.089967
vt 0.101462 0.090039
vt 0.239941 0.723425
vt 0.239301 0.721678
vt 0.241288 0.724505
vt 0.240861 0.725236
vt 0.276059 0.725126
vt 0.277384 0.738210
vt 0.277581 0.769705
vt 0.276301 0.773446
vt 0.689549 0.497475
vt 0.687243 0.497453
vt 0.687123 0.496065
vt 0.717966 0.779254
vt 0.721873 0.777281
vt 0.720046 0.778292
vt 0.682949 0.547540
vt 0.681608 0.546793
vt 0.684248 0.546296
vt 0.685928 0.544462
vt 0.687251 0.543270
vt 0.687497 0.545270
vt 0.821350 0.848563
vt 0.819020 0.849443
vt 0.819139 0.817397
vt 0.821574 0.804274
vt 0.821710 0.819614
vt 0.715956 0.780262
vt 0.714119 0.781064
vt 0.797474 0.016945
vt 0.797462 0.088943
vt 0.797474 0.152107
vt 0.415703 0.306730
vt 0.406336 0.304633
vt 0.462711 0.304811
vt 0.463402 0.307116
vt 0.827326 0.778483
vt 0.825652 0.779156
vt 0.822272 0.775547
vt 0.822276 0.768340
vt 0.832558 0.768147
vt 0.832273 0.779041
vt 0.828958 0.779079
vt 0.497424 0.842689
vt 0.503891 0.845717
vt 0.504589 0.855102
vt 0.493196 0.852078
vt 0.363106 0.794152
vt 0.365503 0.791040
vt 0.368205 0.793537
vt 0.366006 0.796728
vt 0.817223 0.778962
vt 0.819027 0.779154
vt 0.816353 0.779287
vt 0.574570 0.899941
vt 0.587548 0.894532
vt 0.589566 0.905511
vt 0.691317 0.528255
vt 0.691325 0.539872
vt 0.688791 0.539351
vt 0.688760 0.528715
vt 0.529020 0.875062
vt 0.536059 0.872429
vt 0.534733 0.883777
vt 0.741218 0.895768
vt 0.745737 0.883305
vt 0.754302 0.887494
vt 0.758449 0.897030
vt 0.748654 0.901568
vt 0.584711 0.807243
vt 0.593320 0.812451
vt 0.587376 0.819500
vt 0.577333 0.816724
vt 0.719722 0.849340
vt 0.719797 0.839554
vt 0.728858 0.841858
vt 0.738401 0.847627
vt 0.729064 0.854391
vt 0.513406 0.816462
vt 0.508985 0.809066
vt 0.520015 0.811036
vt 0.522026 0.819201
vt 0.421926 0.512549
vt 0.402431 0.511696
vt 0.462818 0.509897
vt 0.463700 0.511387
vt 0.959756 0.773015
vt 0.959456 0.774062
vt 0.956837 0.773709
vt 0.956231 0.737332
vt 0.956270 0.723246
vt 0.959581 0.725674
vt 0.558466 0.917920
vt 0.557526 0.913127
vt 0.555781 0.903783
vt 0.560801 0.903501
vt 0.972715 0.806297
vt 0.971287 0.806949
vt 0.971159 0.804258
vt 0.972715 0.803373
vt 0.842354 0.803430
vt 0.845048 0.803373
vt 0.845048 0.827968
vt 0.842254 0.828135
vt 0.499689 0.026745
vt 0.499113 0.029117
vt 0.497458 0.029414
vt 0.497784 0.026813
vt 0.683026 0.544079
vt 0.682430 0.542130
vt 0.683872 0.540914
vt 0.684663 0.542871
vt 0.745133 0.858667
vt 0.737484 0.860363
vt 0.871377 0.823753
vt 0.870863 0.817240
vt 0.873456 0.816071
vt 0.873627 0.822607
vt 0.892934 0.762624
vt 0.899725 0.773221
vt 0.891244 0.774418
vt 0.593901 0.924172
vt 0.597469 0.932557
vt 0.588496 0.930244
vt 0.780982 0.808693
vt 0.778812 0.809906
vt 0.780311 0.806245
vt 0.782197 0.803373
vt 0.491653 0.507048
vt 0.491495 0.508900
vt 0.468244 0.509104
vt 0.468994 0.506906
vt 0.569581 0.589974
vt 0.566027 0.592974
vt 0.561553 0.590480
vt 0.564917 0.587917
vt 0.685791 0.803373
vt 0.691954 0.807561
vt 0.683369 0.812246
vt 0.672234 0.818502
vt 0.673332 0.810940
vt 0.676622 0.803704
vt 0.855284 0.814285
vt 0.852471 0.815388
vt 0.852620 0.813504
vt 0.855146 0.812623
vt 0.894369 0.779182
vt 0.891182 0.779291
vt 0.890886 0.778513
vt 0.888075 0.779170
vt 0.513127 0.825156
vt 0.503672 0.823663
vt 0.502739 0.815055
vt 0.656482 0.787209
vt 0.654192 0.787346
vt 0.652016 0.786260
vt 0.624313 0.795767
vt 0.646781 0.784765
vt 0.649489 0.785639
vt 0.644928 0.784566
vt 0.642375 0.783353
vt 0.359741 0.611370
vt 0.357624 0.621775
vt 0.356409 0.616587
vt 0.358858 0.589990
vt 0.975210 0.803373
vt 0.975219 0.805436
vt 0.974094 0.806896
vt 0.974094 0.804224
vt 0.974817 0.803674
vt 0.808873 0.853237
vt 0.808675 0.850408
vt 0.810934 0.849912
vt 0.810934 0.851194
vt 0.810935 0.852313
vt 0.450570 0.859784
vt 0.449109 0.873032
vt 0.439921 0.870725
vt 0.434380 0.857584
vt 0.444112 0.851766
vt 0.845891 0.732356
vt 0.852975 0.737697
vt 0.165236 0.693293
vt 0.164360 0.618083
vt 0.166363 0.663538
vt 0.920125 0.816883
vt 0.920156 0.814848
vt 0.922850 0.813318
vt 0.922969 0.815428
vt 0.217836 0.727743
vt 0.217583 0.739810
vt 0.217791 0.770041
vt 0.216195 0.772835
vt 0.216157 0.725175
vt 0.484975 0.176319
vt 0.486998 0.174549
vt 0.488772 0.175631
vt 0.488830 0.176791
vt 0.486005 0.177959
vt 0.705743 0.600673
vt 0.701473 0.599403
vt 0.776226 0.588966
vt 0.709312 0.602230
vt 0.283946 0.783000
vt 0.282674 0.781247
vt 0.283420 0.778825
vt 0.284744 0.780654
vt 0.736690 0.811628
vt 0.743904 0.810455
vt 0.751282 0.818567
vt 0.745804 0.821211
vt 0.735282 0.816640
vt 0.749078 0.870331
vt 0.493643 0.862027
vt 0.485021 0.868304
vt 0.479410 0.859142
vt 0.483269 0.849174
vt 0.545829 0.878549
vt 0.544144 0.889250
vt 0.535582 0.890337
vt 0.610583 0.812192
vt 0.620811 0.814511
vt 0.623168 0.823860
vt 0.612986 0.821672
vt 0.741989 0.825161
vt 0.850146 0.718652
vt 0.853153 0.725051
vt 0.839646 0.725059
vt 0.841823 0.717846
vt 0.459267 0.852636
vt 0.443395 0.841964
vt 0.970275 0.720123
vt 0.970112 0.749679
vt 0.969218 0.766014
vt 0.968691 0.762298
vt 0.968574 0.721232
vt 0.741849 0.368077
vt 0.742069 0.372282
vt 0.740650 0.371086
vt 0.779142 0.792863
vt 0.780394 0.789684
vt 0.779884 0.793863
vt 0.693915 0.899991
vt 0.693863 0.902522
vt 0.694218 0.904185
vt 0.688760 0.904712
vt 0.775183 0.796432
vt 0.690829 0.788015
vt 0.697953 0.786542
vt 0.701085 0.786067
vt 0.686060 0.789230
vt 0.567523 0.823456
vt 0.563922 0.815194
vt 0.583971 0.826720
vt 0.575864 0.827927
vt 0.827255 0.843777
vt 0.827121 0.814097
vt 0.827121 0.803373
vt 0.829762 0.804367
vt 0.829459 0.843045
vt 0.684492 0.504265
vt 0.684468 0.498854
vt 0.686394 0.498855
vt 0.686078 0.508564
vt 0.684432 0.508362
vt 0.870184 0.812267
vt 0.869584 0.824205
vt 0.869584 0.803373
vt 0.660416 0.788060
vt 0.493943 0.821902
vt 0.486104 0.816342
vt 0.492812 0.810892
vt 0.661405 0.892399
vt 0.670252 0.899254
vt 0.663565 0.907835
vt 0.655905 0.910145
vt 0.652664 0.898588
vt 0.984954 0.272956
vt 0.987949 0.272122
vt 0.988825 0.273764
vt 0.740423 0.367118
vt 0.584461 0.723800
vt 0.585361 0.726186
vt 0.586945 0.730480
vt 0.589899 0.736626
vt 0.592141 0.741459
vt 0.595360 0.746002
vt 0.599454 0.751811
vt 0.603509 0.756562
vt 0.575496 0.796606
vt 0.571968 0.792914
vt 0.583775 0.664935
vt 0.581515 0.673226
vt 0.579995 0.682848
vt 0.579500 0.703283
vt 0.580638 0.708201
vt 0.582900 0.718440
vt 0.552562 0.895977
vt 0.549951 0.907628
vt 0.542436 0.910907
vt 0.536748 0.902916
vt 0.545120 0.897771
vt 0.498952 0.032901
vt 0.496840 0.033465
vt 0.472897 0.826549
vt 0.579996 0.927910
vt 0.569692 0.933136
vt 0.564509 0.926550
vt 0.697928 0.898043
vt 0.705340 0.900422
vt 0.710183 0.908832
vt 0.701559 0.910921
vt 0.697912 0.901646
vt 0.494212 0.923397
vt 0.499510 0.910679
vt 0.703777 0.812709
vt 0.699435 0.815467
vt 0.699863 0.807301
vt 0.700108 0.803373
vt 0.706330 0.805459
vt 0.505714 0.377556
vt 0.505447 0.374391
vt 0.554757 0.375277
vt 0.876476 0.765041
vt 0.864884 0.769401
vt 0.858894 0.758588
vt 0.479593 0.823419
vt 0.478343 0.834170
vt 0.902079 0.779273
vt 0.908822 0.771410
vt 0.916307 0.774248
vt 0.914359 0.779441
vt 0.913057 0.779450
vt 0.911592 0.779399
vt 0.907776 0.779315
vt 0.904009 0.779270
vt 0.354931 0.734718
vt 0.354274 0.787183
vt 0.353635 0.733642
vt 0.355716 0.697031
vt 0.355904 0.658002
vt 0.358124 0.659211
vt 0.356803 0.723885
vt 0.603380 0.872925
vt 0.599980 0.881585
vt 0.590088 0.882867
vt 0.600748 0.862860
vt 0.554293 0.887656
vt 0.553183 0.879400
vt 0.557924 0.878429
vt 0.558746 0.888969
vt 0.198981 0.300748
vt 0.197329 0.298912
vt 0.198262 0.246230
vt 0.199642 0.262976
vt 0.910025 0.803447
vt 0.910105 0.822191
vt 0.907217 0.821854
vt 0.907217 0.805812
vt 0.907219 0.803373
vt 0.798747 0.014519
vt 0.798423 0.011714
vt 0.800830 0.013439
vt 0.777892 0.796174
vt 0.741718 0.365583
vt 0.740283 0.364767
vt 0.990497 0.245818
vt 0.993947 0.245766
vt 0.993693 0.247157
vt 0.774395 0.797400
vt 0.989380 0.247310
vt 0.794839 0.000103
vt 0.990530 0.000000
vt 0.788977 0.245805
vt 0.792638 0.245849
vt 0.789310 0.247666
vt 0.573200 0.796425
vt 0.576797 0.797779
vt 0.572018 0.795636
vt 0.990457 0.273145
vt 0.793890 0.247356
vt 0.683181 0.876647
vt 0.693221 0.876657
vt 0.693371 0.881677
vt 0.787718 0.246362
vt 0.718537 0.365279
vt 0.719183 0.367492
vt 0.992725 0.269030
vt 0.624093 0.830232
vt 0.628865 0.848379
vt 0.618252 0.844264
vt 0.615357 0.832039
vt 0.580960 0.837234
vt 0.573601 0.844700
vt 0.564812 0.840090
vt 0.567394 0.831913
vt 0.790749 0.269040
vt 0.787534 0.268991
vt 0.476252 0.843539
vt 0.864348 0.778564
vt 0.881013 0.779090
vt 0.716671 0.920688
vt 0.706292 0.922469
vt 0.698293 0.921341
vt 0.698104 0.915454
vt 0.698007 0.909459
vt 0.822112 0.846414
vt 0.821710 0.815547
vt 0.821750 0.804685
vt 0.824398 0.804514
vt 0.824383 0.805938
vt 0.823715 0.845559
vt 0.772190 0.693013
vt 0.772231 0.703038
vt 0.770935 0.707966
vt 0.771593 0.702986
vt 0.796352 0.275197
vt 0.985589 0.274896
vt 0.641632 0.881905
vt 0.647577 0.873529
vt 0.655288 0.883653
vt 0.648003 0.886009
vt 0.788932 0.002219
vt 0.698082 0.868861
vt 0.697887 0.858013
vt 0.927174 0.810985
vt 0.926787 0.803849
vt 0.927174 0.803373
vt 0.800750 0.779297
vt 0.792282 0.779521
vt 0.798011 0.775083
vt 0.696622 0.932258
vt 0.697805 0.941243
vt 0.691132 0.936466
vt 0.422383 0.853432
vt 0.432734 0.847255
vt 0.424389 0.862189
vt 0.202902 0.092293
vt 0.204403 0.092304
vt 0.201707 0.188787
vt 0.199961 0.229666
vt 0.200164 0.200758
vt 0.201665 0.116511
vt 0.466529 0.878531
vt 0.466567 0.889642
vt 0.454110 0.895596
vt 0.455332 0.880528
vt 0.861621 0.718749
vt 0.603675 0.757199
vt 0.794123 0.769503
vt 0.787534 0.764683
vt 0.793813 0.760724
vt 0.799534 0.748491
vt 0.617449 0.934804
vt 0.607716 0.939531
vt 0.608292 0.932759
vt 0.208292 0.001576
vt 0.205625 0.002420
vt 0.003929 0.002007
vt 0.002405 0.000149
vt 0.206939 -0.000000
vt 0.422295 0.118308
vt 0.422037 0.105947
vt 0.417453 0.101342
vt 0.414034 0.099784
vt 0.491572 0.175445
vt 0.491369 0.163972
vt 0.489063 0.160661
vt 0.484770 0.154779
vt 0.262557 0.780767
vt 0.263530 0.779117
vt 0.263924 0.781688
vt 0.263113 0.783312
vt 0.515053 0.930205
vt 0.506994 0.936304
vt 0.501070 0.931547
vt 0.754403 0.907676
vt 0.763230 0.902615
vt 0.766524 0.914383
vt 0.757129 0.917663
vt 0.693860 0.851173
vt 0.683328 0.853330
vt 0.689146 0.839859
vt 0.694790 0.835965
vt 0.501540 0.207865
vt 0.501508 0.209135
vt 0.459033 0.207151
vt 0.430595 0.205396
vt 0.727016 0.921841
vt 0.724807 0.933459
vt 0.713573 0.933672
vt 0.876911 0.803372
vt 0.876995 0.822664
vt 0.874094 0.822678
vt 0.874090 0.803686
vt 0.632450 0.834343
vt 0.641023 0.836888
vt 0.636707 0.844101
vt 0.529989 0.825185
vt 0.539993 0.829222
vt 0.534975 0.835055
vt 0.524133 0.830018
vt 0.295675 0.204483
vt 0.295939 0.208385
vt 0.268634 0.206574
vt 0.217164 0.203971
vt 0.591509 0.739627
vt 0.593825 0.743655
vt 0.240152 0.724645
vt 0.237801 0.726253
vt 0.218479 0.726370
vt 0.217309 0.724504
vt 0.562457 0.933072
vt 0.563425 0.934779
vt 0.564061 0.936661
vt 0.709858 0.558185
vt 0.709916 0.492854
vt 0.710311 0.379308
vt 0.712644 0.375728
vt 0.712461 0.560814
vt 0.526440 0.842328
vt 0.515762 0.836942
vt 0.167220 0.771197
vt 0.167283 0.718215
vt 0.168069 0.744137
vt 0.698403 0.835295
vt 0.698479 0.833368
vt 0.698606 0.831211
vt 0.698611 0.829868
vt 0.703949 0.827890
vt 0.710686 0.837006
vt 0.683725 0.914453
vt 0.675298 0.919008
vt 0.677683 0.907678
vt 0.445987 0.810471
vt 0.434973 0.820405
vt 0.291027 0.013311
vt 0.293375 0.013781
vt 0.297385 0.187955
vt 0.297507 0.206015
vt 0.920797 0.752676
vt 0.928259 0.763659
vt 0.916947 0.763627
vt 0.465583 0.913201
vt 0.478291 0.913302
vt 0.476915 0.922312
vt 0.467746 0.927146
vt 0.459450 0.922610
vt 0.449900 0.920000
vt 0.451113 0.928285
vt 0.735608 0.886268
vt 0.733245 0.904500
vt 0.723407 0.900228
vt 0.666500 0.884942
vt 0.676075 0.888751
vt 0.485584 0.919370
vt 0.715818 0.866462
vt 0.718912 0.878560
vt 0.705552 0.877926
vt 0.658185 0.834130
vt 0.653178 0.843575
vt 0.649661 0.839571
vt 0.649259 0.832263
vt 0.656369 0.824051
vt 0.662861 0.824222
vt 0.666703 0.829087
vt 0.831090 0.759787
vt 0.293538 0.781542
vt 0.292521 0.783274
vt 0.292429 0.780542
vt 0.293749 0.778756
vt 0.378466 0.306791
vt 0.379361 0.305367
vt 0.381142 0.309943
vt 0.380044 0.510913
vt 0.378571 0.509702
vt 0.962417 0.807528
vt 0.962310 0.804491
vt 0.963824 0.803372
vt 0.963824 0.806418
vt 0.910204 0.803466
vt 0.913116 0.803373
vt 0.913056 0.821925
vt 0.910105 0.822047
vt 0.910109 0.808748
vt 0.864682 0.821135
vt 0.861070 0.820917
vt 0.862413 0.819342
vt 0.865866 0.819505
vt 0.993603 0.242879
vt 0.797804 0.243177
vt 0.793712 0.164751
vt 0.993794 0.163027
vt 0.467684 0.305943
vt 0.467235 0.504507
vt 0.465880 0.500201
vt 0.466300 0.309324
vt 0.721989 0.911904
vt 0.736173 0.912303
vt 0.578347 0.886829
vt 0.567216 0.893852
vt 0.170521 0.796431
vt 0.170021 0.730006
vt 0.169899 0.694753
vt 0.173679 0.796573
vt 0.592360 0.914797
vt 0.600624 0.915302
vt 0.876995 0.823561
vt 0.876995 0.803373
vt 0.880137 0.803892
vt 0.880186 0.822901
vt 0.240235 0.773739
vt 0.239311 0.768519
vt 0.238773 0.727144
vt 0.240151 0.725693
vt 0.559054 0.827295
vt 0.672025 0.849843
vt 0.678051 0.840146
vt 0.552711 0.869699
vt 0.556486 0.865207
vt 0.565589 0.861503
vt 0.563867 0.871465
vt 0.160817 0.798222
vt 0.159723 0.800699
vt 0.157006 0.803129
vt 0.004714 0.803191
vt 0.000081 0.797372
vt 0.000000 0.594263
vt 0.000664 0.591557
vt 0.004164 0.588201
vt 0.067818 0.588714
vt 0.156995 0.588782
vt 0.152879 0.602848
vt 0.011064 0.602838
vt 0.011040 0.788471
vt 0.152925 0.788483
vt 0.160796 0.592726
vt 0.838830 0.825708
vt 0.839510 0.806212
vt 0.841872 0.806592
vt 0.841511 0.825070
vt 0.518175 0.898235
vt 0.525469 0.903199
vt 0.215942 0.203261
vt 0.211279 0.005834
vt 0.213417 0.006306
vt 0.579653 0.937513
vt 0.577759 0.944977
vt 0.565913 0.941251
vt 0.901452 0.804786
vt 0.904310 0.803504
vt 0.905595 0.804868
vt 0.902155 0.805697
vt 0.943050 0.775243
vt 0.940004 0.772692
vt 0.940590 0.767862
vt 0.942803 0.768296
vt 0.943051 0.771649
vt 0.559780 0.922092
vt 0.559863 0.923759
vt 0.559026 0.920004
vt 0.606227 0.834589
vt 0.607800 0.826709
vt 0.609894 0.842648
vt 0.292032 0.006807
vt 0.255876 0.004983
vt 0.212780 0.002191
vt 0.213407 0.000000
vt 0.248207 0.002625
vt 0.854973 0.825745
vt 0.852404 0.825467
vt 0.852290 0.821350
vt 0.854993 0.822467
vt 0.433627 0.886348
vt 0.435364 0.895391
vt 0.431830 0.904128
vt 0.425719 0.895162
vt 0.936043 0.785691
vt 0.935701 0.719442
vt 0.936043 0.717846
vt 0.766195 0.725901
vt 0.767073 0.723694
vt 0.767952 0.722350
vt 0.562257 0.931463
vt 0.561394 0.928963
vt 0.709938 0.374546
vt 0.710175 0.376896
vt 0.708082 0.377207
vt 0.707705 0.374979
vt 0.235139 0.777117
vt 0.235055 0.778522
vt 0.233771 0.779060
vt 0.233410 0.777661
vt 0.234013 0.777431
vt 0.254289 0.783145
vt 0.252783 0.781637
vt 0.253094 0.778788
vt 0.254288 0.780740
vt 0.682143 0.865313
vt 0.692973 0.866673
vt 0.915514 0.810122
vt 0.917625 0.809251
vt 0.917411 0.811195
vt 0.915515 0.811876
vt 0.767941 0.720656
vt 0.625848 0.857838
vt 0.636597 0.856820
vt 0.640467 0.865150
vt 0.631693 0.869342
vt 0.466278 0.806856
vt 0.478090 0.810439
vt 0.467108 0.815039
vt 0.456918 0.810543
vt 0.698263 0.878357
vt 0.994780 0.724703
vt 0.995125 0.719763
vt 0.997083 0.721317
vt 0.997028 0.723607
vt 0.996998 0.725128
vt 0.996982 0.726167
vt 0.632303 0.521746
vt 0.628800 0.521763
vt 0.632427 0.518319
vt 0.649861 0.518045
vt 0.680654 0.517790
vt 0.686934 0.515085
vt 0.689228 0.512800
vt 0.691375 0.509722
vt 0.691476 0.498384
vt 0.679369 0.490803
vt 0.632553 0.491521
vt 0.630332 0.492705
vt 0.608877 0.380199
vt 0.708583 0.380977
vt 0.708191 0.538267
vt 0.684233 0.520544
vt 0.500488 0.805506
vt 0.465360 0.902015
vt 0.819020 0.849890
vt 0.816563 0.851422
vt 0.816195 0.841788
vt 0.816126 0.816450
vt 0.816463 0.805132
vt 0.819020 0.804890
vt 0.001396 0.084257
vt 0.003446 0.083988
vt 0.005951 0.086538
vt 0.001353 0.086149
vt 0.573829 0.803754
vt 0.563302 0.806208
vt 0.505875 0.863983
vt 0.907742 0.737934
vt 0.914151 0.732594
vt 0.921725 0.744204
vt 0.482427 0.928604
vt 0.451241 0.803906
vt 0.435395 0.835524
vt 0.427943 0.831739
vt 0.966072 0.722080
vt 0.966233 0.762825
vt 0.686516 0.596344
vt 0.691994 0.597284
vt 0.685906 0.597011
vt 0.676400 0.596463
vt 0.323827 0.014494
vt 0.377596 0.018275
vt 0.342513 0.016433
vt 0.672463 0.878046
vt 0.612631 0.856838
vt 0.619320 0.866177
vt 0.611610 0.869838
vt 0.811513 0.779277
vt 0.806143 0.779306
vt 0.807277 0.774149
vt 0.417083 0.897040
vt 0.416614 0.885664
vt 0.587597 0.845241
vt 0.595619 0.840670
vt 0.598766 0.852779
vt 0.488603 0.172936
vt 0.490550 0.174333
vt 0.695036 0.916414
vt 0.570972 0.789670
vt 0.204705 0.084233
vt 0.006256 0.083931
vt 0.524338 0.855755
vt 0.514812 0.848060
vt 0.653515 0.859247
vt 0.659783 0.851025
vt 0.668963 0.858389
vt 0.663126 0.870653
vt 0.657194 0.865856
vt 0.684410 0.527895
vt 0.682924 0.527994
vt 0.682462 0.527236
vt 0.682183 0.526698
vt 0.684393 0.526833
vt 0.503919 0.833094
vt 0.489419 0.836567
vt 0.477253 0.885993
vt 0.485182 0.896833
vt 0.476444 0.901743
vt 0.852009 0.774713
vt 0.850832 0.763718
vt 0.481287 0.875128
vt 0.488005 0.882527
vt 0.663364 0.815806
vt 0.923864 0.774580
vt 0.793822 0.295925
vt 0.932518 0.773466
vt 0.928605 0.779486
vt 0.923756 0.779630
vt 0.553471 0.839990
vt 0.553538 0.837966
vt 0.557431 0.838955
vt 0.552946 0.845580
vt 0.553193 0.842025
vt 0.461801 0.027224
vt 0.378750 0.020247
vt 0.412558 0.024236
vt 0.873627 0.803373
vt 0.874090 0.811827
vt 0.873627 0.823835
vt 0.870752 0.824105
vt 0.870184 0.814149
vt 0.870764 0.803373
vt 0.528485 0.895971
vt 0.625478 0.885588
vt 0.633410 0.889486
vt 0.631502 0.900518
vt 0.886569 0.809306
vt 0.888630 0.808544
vt 0.888885 0.820022
vt 0.886617 0.818881
vt 0.729847 0.868934
vt 0.739348 0.876057
vt 0.972717 0.743141
vt 0.973527 0.720853
vt 0.975952 0.720947
vt 0.975680 0.767351
vt 0.972596 0.767939
vt 0.543240 0.854022
vt 0.550774 0.859583
vt 0.541940 0.863080
vt 0.849383 0.803373
vt 0.852290 0.803409
vt 0.852271 0.827346
vt 0.849358 0.827372
vt 0.982596 0.720670
vt 0.985564 0.721110
vt 0.985806 0.762797
vt 0.983317 0.761521
vt 0.982786 0.731392
vt 0.450929 0.176426
vt 0.482305 0.178296
vt 0.481772 0.180098
vt 0.466186 0.179316
vt 0.809010 0.804587
vt 0.808675 0.803373
vt 0.811396 0.804342
vt 0.811393 0.804471
vt 0.811374 0.805341
vt 0.698478 0.850202
vt 0.698178 0.845546
vt 0.698134 0.841716
vt 0.698451 0.843134
vt 0.460937 0.867198
vt 0.480587 0.156029
vt 0.487347 0.159079
vt 0.664474 0.840857
vt 0.545251 0.836678
vt 0.542657 0.846062
vt 0.890113 0.755390
vt 0.889044 0.744801
vt 0.897776 0.741104
vt 0.508834 0.900949
vt 0.805727 0.741527
vt 0.809915 0.732387
vt 0.851773 0.752732
vt 0.696431 0.819021
vt 0.696185 0.821686
vt 0.690681 0.828143
vt 0.684217 0.827040
vt 0.687789 0.819091
vt 0.696756 0.816195
vt 0.674830 0.831571
vt 0.772273 0.682257
vt 0.771093 0.677396
vt 0.779645 0.697817
vt 0.815716 0.816019
vt 0.815041 0.848704
vt 0.814550 0.827939
vt 0.814137 0.803597
vt 0.815308 0.803373
vt 0.295885 0.007510
vt 0.298615 0.011454
vt 0.294578 0.012425
vt 0.293779 0.007963
vt 0.557273 0.811317
vt 0.558557 0.805678
vt 0.792371 0.160484
vt 0.994660 0.160459
vt 0.996345 0.162103
vt 0.791314 0.161954
vt 0.427125 0.841394
vt 0.430134 0.870974
vt 0.423751 0.877902
vt 0.415005 0.874625
vt 0.415111 0.864916
vt 0.198475 0.224838
vt 0.515266 0.859051
vt 0.859847 0.818479
vt 0.858959 0.820255
vt 0.856735 0.820127
vt 0.857250 0.819346
vt 0.857754 0.818480
vt 0.641023 0.857449
vt 0.642868 0.849396
vt 0.649619 0.851781
vt 0.646797 0.862515
vt 0.283712 0.785243
vt 0.949677 0.737497
vt 0.949709 0.719709
vt 0.952679 0.719451
vt 0.952946 0.734306
vt 0.952946 0.766832
vt 0.949978 0.768618
vt 0.322802 0.201668
vt 0.332979 0.202667
vt 0.325663 0.204303
vt 0.305159 0.203238
vt 0.995542 0.158597
vt 0.991065 0.159976
vt 0.986626 0.157232
vt 0.308431 0.796621
vt 0.301095 0.777172
vt 0.300965 0.764117
vt 0.300787 0.724761
vt 0.300091 0.723364
vt 0.276198 0.723119
vt 0.244724 0.722393
vt 0.244486 0.725434
vt 0.244370 0.772448
vt 0.246517 0.778830
vt 0.238993 0.779646
vt 0.240996 0.776473
vt 0.241248 0.762230
vt 0.214747 0.723169
vt 0.214981 0.736940
vt 0.214832 0.774532
vt 0.219398 0.784697
vt 0.228048 0.796829
vt 0.166604 0.589857
vt 0.355706 0.590020
vt 0.351098 0.796352
vt 0.011595 0.244934
vt 0.012011 0.298624
vt 0.010223 0.269298
vt 0.009377 0.240923
vt 0.520446 0.877043
vt 0.522782 0.886700
vt 0.919822 0.809870
vt 0.919885 0.803500
vt 0.922715 0.803373
vt 0.922319 0.808592
vt 0.999956 0.793921
vt 0.999982 0.792543
vt 0.999978 0.795679
vt 0.529702 0.912521
vt 0.238670 0.777260
vt 0.236880 0.776516
vt 0.238591 0.773627
vt 0.465386 0.506289
vt 0.462844 0.507560
vt 0.462516 0.309835
vt 0.465317 0.311926
vt 0.162219 0.799496
vt 0.161566 0.797302
vt 0.902313 0.730519
vt 0.892837 0.732614
vt 0.495374 0.872718
vt 0.506423 0.874580
vt 0.552720 0.855586
vt 0.552562 0.857915
vt 0.741611 0.567384
vt 0.740117 0.567091
vt 0.463890 0.938450
vt 0.455451 0.935815
vt 0.865953 0.823713
vt 0.865866 0.823615
vt 0.865889 0.822905
vt 0.868629 0.822893
vt 0.868942 0.824203
vt 0.882337 0.737371
vt 0.882176 0.728752
vt 0.491799 0.936284
vt 0.483090 0.938970
vt 0.161510 0.594104
vt 0.596871 0.823715
vt 0.594160 0.832539
vt 0.552716 0.852069
vt 0.552894 0.849626
vt 0.553050 0.847373
vt 0.688925 0.498409
vt 0.688490 0.509201
vt 0.678322 0.823929
vt 0.453999 0.942765
vt 0.441030 0.942119
vt 0.850560 0.779010
vt 0.423355 0.924790
vt 0.416649 0.916341
vt 0.421384 0.909972
vt 0.430872 0.912014
vt 0.959945 0.720911
vt 0.962979 0.722656
vt 0.962991 0.745078
vt 0.962453 0.769847
vt 0.960079 0.769662
vt 0.675485 0.869647
vt 0.997407 0.160769
vt 1.000000 0.161438
vt 0.998969 0.174220
vt 0.475370 0.939283
vt 0.695855 0.824386
vt 0.695795 0.823043
vt 0.536036 0.847613
vt 0.695239 0.830491
vt 0.989965 0.294567
vt 0.987324 0.295672
vt 0.621669 0.876320
vt 0.610542 0.888799
vt 0.614652 0.881097
vt 0.591624 0.644216
vt 0.592227 0.645339
vt 0.591172 0.647169
vt 0.595904 0.639365
vt 0.594566 0.641436
vt 0.683287 0.495686
vt 0.684485 0.496854
vt 0.932030 0.807933
vt 0.930850 0.807162
vt 0.930850 0.803373
vt 0.932104 0.804494
vt 0.990863 0.805854
vt 0.989323 0.806454
vt 0.989336 0.804165
vt 0.990126 0.803753
vt 0.990863 0.803373
vt 0.846592 0.778857
vt 0.842064 0.779003
vt 0.841318 0.770222
vt 0.735920 0.924285
vt 0.744648 0.915917
vt 0.009333 0.128696
vt 0.010259 0.103678
vt 0.014640 0.208419
vt 0.015134 0.298559
vt 0.010442 0.181781
vt 0.470035 0.868340
vt 0.501922 0.887309
vt 0.512999 0.887661
vt 0.497661 0.898300
vt 0.493042 0.890683
vt 0.601105 0.901015
vt 0.551700 0.883139
vt 0.571669 0.592771
vt 0.793223 0.273491
vt 0.768708 0.870239
vt 0.765034 0.881899
vt 0.757581 0.875315
vt 0.752124 0.633635
vt 0.756081 0.639112
vt 0.757440 0.641087
vt 0.490926 0.307170
vt 0.490873 0.343682
vt 0.489402 0.503084
vt 0.469012 0.503196
vt 0.469357 0.307311
vt 0.999861 0.794762
vt 0.999922 0.792543
vt 0.999922 0.798048
vt 0.913234 0.814997
vt 0.915212 0.812640
vt 0.915343 0.815446
vt 0.915428 0.817700
vt 0.913177 0.817827
vt 0.913198 0.816806
vt 0.913226 0.815419
vt 0.570961 0.594136
vt 0.570916 0.695184
vt 0.570497 0.617635
vt 0.517730 0.869382
vt 0.710615 0.819381
vt 0.716344 0.827969
vt 0.631135 0.821842
vt 0.570972 0.790006
vt 0.569919 0.794332
vt 0.566456 0.790279
vt 0.567372 0.787274
vt 0.792078 0.779630
vt 0.787804 0.779563
vt 0.917719 0.804555
vt 0.919822 0.803373
vt 0.919715 0.809596
vt 0.917665 0.810408
vt 0.753677 0.829494
vt 0.771653 0.852046
vt 0.769217 0.854732
vt 0.769562 0.851262
vt 0.771673 0.851053
vt 0.687209 0.527019
vt 0.686312 0.529179
vt 0.417981 0.844209
vt 0.589498 0.650403
vt 0.748089 0.628800
vt 0.739744 0.620500
vt 0.740326 0.620337
vt 0.220062 0.775773
vt 0.219933 0.779519
vt 0.217815 0.777261
vt 0.218799 0.774467
vt 0.714575 0.891540
vt 0.429775 0.021137
vt 0.446978 0.021921
vt 0.442414 0.023826
vt 0.426090 0.022562
vt 0.983378 0.764182
vt 0.985744 0.766128
vt 0.983407 0.765540
vt 0.996100 0.243458
vt 0.535233 0.920285
vt 0.731805 0.614050
vt 0.725132 0.609665
vt 0.721597 0.607799
vt 0.719651 0.606759
vt 0.714549 0.604423
vt 0.442614 0.905943
vt 0.444138 0.893568
vt 0.453274 0.909579
vt 0.949658 0.767867
vt 0.947282 0.766415
vt 0.947604 0.720349
vt 0.949677 0.720150
vt 0.557196 0.848045
vt 0.562601 0.852896
vt 0.983488 0.767933
vt 0.983433 0.766490
vt 0.985843 0.768436
vt 0.985795 0.770671
vt 0.983528 0.768884
vt 0.677918 0.516274
vt 0.646050 0.516814
vt 0.633807 0.514673
vt 0.679523 0.513981
vt 0.490162 0.906333
vt 0.380537 0.304203
vt 0.379801 0.300927
vt 0.435148 0.303197
vt 0.532737 0.856249
vt 0.859287 0.808810
vt 0.861938 0.808200
vt 0.999649 0.787723
vt 0.999649 0.778615
vt 0.999776 0.781778
vt 0.924344 0.807977
vt 0.925442 0.808490
vt 0.926347 0.811661
vt 0.925129 0.811626
vt 0.486692 0.803373
vt 0.993532 0.806342
vt 0.993044 0.803887
vt 0.993532 0.803373
vt 0.643471 0.562875
vt 0.672310 0.562502
vt 0.639592 0.564477
vt 0.599591 0.565370
vt 0.997951 0.203057
vt 0.707882 0.551476
vt 0.833026 0.826193
vt 0.830142 0.827408
vt 0.829762 0.803577
vt 0.832649 0.803373
vt 0.631180 0.912399
vt 0.614578 0.918033
vt 0.794058 0.811305
vt 0.795923 0.809754
vt 0.795874 0.811591
vt 0.698310 0.927938
vt 0.698370 0.925297
vt 0.698737 0.927119
vt 0.631691 0.607314
vt 0.629858 0.608323
vt 0.627256 0.609458
vt 0.624683 0.611302
vt 0.620246 0.614234
vt 0.611993 0.620890
vt 0.603984 0.628976
vt 0.597435 0.637120
vt 0.586743 0.656385
vt 0.574501 0.589569
vt 0.696789 0.598583
vt 0.665724 0.596406
vt 0.660897 0.597587
vt 0.656826 0.598444
vt 0.653252 0.599258
vt 0.650144 0.599982
vt 0.645504 0.601366
vt 0.639574 0.603624
vt 0.633758 0.606346
vt 0.638924 0.589055
vt 0.703770 0.930235
vt 0.698479 0.930554
vt 0.711728 0.603226
vt 0.713173 0.603514
vt 0.972468 0.770712
vt 0.969252 0.772467
vt 0.970057 0.768120
vt 0.972596 0.767612
vt 0.525288 0.923984
vt 0.528518 0.929954
vt 0.531946 0.819060
vt 0.540812 0.821423
vt 0.721853 0.859879
vt 0.196522 0.194733
vt 0.194117 0.258855
vt 0.196280 0.239243
vt 0.798587 0.153988
vt 0.800621 0.155357
vt 0.798204 0.155789
vt 0.884200 0.809321
vt 0.884220 0.818945
vt 0.726878 0.824890
vt 0.723419 0.815384
vt 0.737809 0.829270
vt 0.984017 0.295273
vt 0.697922 0.904778
vt 0.998391 0.763783
vt 0.997806 0.731806
vt 0.997672 0.717846
vt 0.999957 0.718837
vt 0.999910 0.763660
vt 0.697805 0.853348
vt 0.697914 0.849097
vt 0.794342 0.243760
vt 0.790711 0.179018
vt 0.999758 0.771083
vt 0.999649 0.778615
vt 0.999649 0.767373
vt 0.563996 0.797080
vt 0.560681 0.793405
vt 0.564185 0.792487
vt 0.566767 0.795845
vt 0.697805 0.893949
vt 0.702761 0.887176
vt 0.238071 0.779364
vt 0.236787 0.779468
vt 0.674102 0.789124
vt 0.553798 0.835619
vt 0.553970 0.833273
vt 0.554242 0.830713
vt 0.470556 0.855151
vt 0.904205 0.818177
vt 0.904072 0.808122
vt 0.907186 0.808294
vt 0.907217 0.818175
vt 0.568059 0.880786
vt 0.576923 0.877051
vt 0.979102 0.769433
vt 0.976225 0.769863
vt 0.975952 0.740696
vt 0.976310 0.719792
vt 0.978899 0.719254
vt 0.869338 0.719154
vt 0.869415 0.728631
vt 0.860292 0.730551
vt 0.698873 0.823283
vt 0.868941 0.803373
vt 0.869584 0.813468
vt 0.868941 0.824206
vt 0.607912 0.924911
vt 0.469489 0.025638
vt 0.740265 0.571119
vt 0.741385 0.571181
vt 0.779581 0.590198
vt 0.780818 0.594114
vt 0.779755 0.592326
vt 0.268822 0.771730
vt 0.268620 0.739021
vt 0.270489 0.726077
vt 0.270689 0.772937
vt 0.266849 0.776325
vt 0.707876 0.558812
vt 0.505308 0.565997
vt 0.629685 0.548097
vt 0.653080 0.547455
vt 0.717623 0.572766
vt 0.718788 0.571123
vt 0.796223 0.853259
vt 0.793323 0.854670
vt 0.491762 0.503520
vt 0.491430 0.300927
vt 0.492687 0.301659
vt 0.492065 0.303605
vt 0.789532 0.272122
vt 0.788540 0.273040
vt 0.492687 0.507096
vt 0.578087 0.587917
vt 0.774893 0.587917
vt 0.777628 0.588265
vt 0.492534 0.306305
vt 0.998184 0.767373
vt 0.999919 0.764572
vt 0.999937 0.766168
vt 0.804520 0.012770
vt 0.801083 0.008980
vt 0.987938 0.009434
vt 0.982798 0.012809
vt 0.442617 0.918227
vt 0.378779 0.512597
vt 0.379999 0.513473
vt 0.162763 0.797865
vt 0.278650 0.726282
vt 0.276393 0.724734
vt 0.299502 0.724587
vt 0.297212 0.726375
vt 0.158671 0.803373
vt 0.002660 0.802349
vt 0.000747 0.800077
vt 0.999910 0.160087
vt 0.555615 0.821174
vt 0.217129 0.205425
vt 0.871007 0.803866
vt 0.873627 0.803373
vt 0.873568 0.807518
vt 0.870835 0.810320
vt 0.791418 0.205844
vt 0.807930 0.848245
vt 0.805644 0.848834
vt 0.806161 0.806115
vt 0.808632 0.805743
vt 0.443010 0.883172
vt 0.997962 0.242668
vt 0.849125 0.827242
vt 0.845987 0.826586
vt 0.845914 0.803512
vt 0.849358 0.803373
vt 0.469404 0.303211
vt 0.686047 0.538751
vt 0.684376 0.538209
vt 0.684287 0.533451
vt 0.684373 0.529195
vt 0.462514 0.303108
vt 0.297908 0.209136
vt 0.464175 0.304353
vt 0.465880 0.308031
vt 0.600614 0.892759
vt 0.235867 0.783200
vt 0.233920 0.783330
vt 0.233860 0.781574
vt 0.235750 0.781105
vt 0.465880 0.509044
vt 0.603179 0.815503
vt 0.299834 0.207063
vt 0.362468 0.796319
vt 0.923346 0.809063
vt 0.923281 0.805806
vt 0.924344 0.806584
vt 0.924344 0.812915
vt 0.371376 0.794152
vt 0.221990 0.778564
vt 0.220861 0.781257
vt 0.166231 0.587933
vt 0.355783 0.588015
vt 0.836418 0.803661
vt 0.836418 0.828070
vt 0.687035 0.510164
vt 0.686649 0.512305
vt 0.684112 0.510969
vt 0.684722 0.509398
vt 0.569220 0.796680
vt 0.996428 0.005515
vt 0.996601 0.002830
vt 0.683983 0.514331
vt 0.682422 0.512712
vt 0.685117 0.512996
vt 0.998768 0.006286
vt 0.997683 0.010014
vt 0.792587 0.270534
vt 0.790097 0.272122
vt 0.787853 0.270614
vt 0.991381 0.270667
vt 0.989871 0.272078
vt 0.796159 0.272085
vt 0.717447 0.368856
vt 0.715996 0.371788
vt 0.715820 0.367173
vt 0.995069 0.269483
vt 0.994111 0.272122
vt 0.994092 0.000766
vt 0.997113 0.001508
vt 0.795065 0.269020
vt 0.988393 0.268804
vt 0.999797 0.202602
vt 0.999324 0.243583
vt 0.992639 0.245665
vt 0.997030 0.245279
vt 0.194659 0.298874
vt 0.299188 0.203829
vt 0.358987 0.587980
vt 0.503364 0.371404
vt 0.505295 0.372653
vt 0.565332 0.789465
vt 0.162763 0.587917
vt 0.162989 0.589884
vt 0.985869 0.804249
vt 0.985869 0.806617
vt 0.984594 0.805958
vt 0.984602 0.803373
vt 0.985107 0.803720
vt 0.360685 0.589972
vt 0.719369 0.372017
vt 0.919823 0.815679
vt 0.919393 0.820118
vt 0.917673 0.820293
vt 0.917667 0.818441
vt 0.917661 0.816431
vt 0.358740 0.631839
vt 0.360828 0.619477
vt 0.697805 0.809243
vt 0.424607 0.933791
vt 0.659676 0.919418
vt 0.659745 0.926352
vt 0.650847 0.923462
vt 0.650229 0.913924
vt 0.301903 0.064760
vt 0.301443 0.040832
vt 0.305019 0.042459
vt 0.305494 0.062122
vt 0.361806 0.790541
vt 0.364496 0.788187
vt 0.271702 0.723197
vt 0.953033 0.775775
vt 0.952946 0.774522
vt 0.956079 0.773892
vt 0.275148 0.724807
vt 0.274692 0.724081
vt 0.939205 0.776335
vt 0.936536 0.777602
vt 0.936634 0.775828
vt 0.001770 0.992624
vt 0.001313 0.990590
vt 0.002651 0.990590
vt 0.998252 0.793048
vt 0.998610 0.767373
vt 0.998655 0.794369
vt 0.245752 0.723465
vt 0.270382 0.723415
vt 0.819020 0.805649
vt 0.819052 0.803373
vt 0.956693 0.775341
vt 0.936429 0.722420
vt 0.936614 0.720702
vt 0.939351 0.721831
vt 0.939355 0.724004
vt 0.829762 0.828740
vt 0.816181 0.803373
vt 0.215421 0.725117
vt 0.216072 0.723474
vt 0.357555 0.733404
vt 0.936082 0.762326
vt 0.936043 0.778064
vt 0.737555 0.837155
vt 0.939663 0.774873
vt 0.936798 0.728266
vt 0.939489 0.728723
vt 0.295341 0.777065
vt 0.295870 0.778682
vt 0.293276 0.777527
vt 0.294457 0.777285
vt 0.522788 0.939711
vt 0.516760 0.937078
vt 0.244721 0.737958
vt 0.956247 0.774528
vt 0.528828 0.810864
vt 0.274979 0.760784
vt 0.244973 0.771979
vt 0.503464 0.566751
vt 0.503934 0.376875
vt 0.873415 0.814299
vt 0.870925 0.815468
vt 0.215165 0.763834
vt 0.953667 0.723646
vt 0.953055 0.735761
vt 0.952946 0.722921
vt 0.802657 0.852081
vt 0.802206 0.853460
vt 0.802359 0.839341
vt 0.719341 0.566918
vt 0.215564 0.774182
vt 0.300554 0.776316
vt 0.278049 0.781052
vt 0.275086 0.775770
vt 0.275410 0.774430
vt 0.271789 0.774902
vt 0.269331 0.779215
vt 0.271266 0.773609
vt 0.250263 0.783307
vt 0.248246 0.780458
vt 0.855265 0.820055
vt 0.855412 0.825886
vt 0.245697 0.776115
vt 0.218211 0.780928
vt 0.689396 0.525782
vt 0.689241 0.526885
vt 0.686685 0.525618
vt 0.293753 0.783433
vt 0.280603 0.783230
vt 0.282587 0.783448
vt 0.279460 0.781213
vt 0.266159 0.783293
vt 0.267912 0.780702
vt 0.263160 0.785179
vt 0.263850 0.783433
vt 0.266812 0.781533
vt 0.253276 0.785120
vt 0.252344 0.783462
vt 0.999776 0.795130
vt 0.999861 0.792543
vt 0.999861 0.798483
vt 0.233366 0.785434
vt 0.232808 0.784697
vt 0.223598 0.785279
vt 0.220380 0.783235
vt 0.219934 0.781583
vt 0.725527 0.833375
vt 0.351362 0.798512
vt 0.284864 0.798157
vt 0.266018 0.781288
vt 0.171603 0.798497
vt 0.992262 0.013784
vt 0.988738 0.017081
vt 0.987341 0.014647
vt 0.228890 0.798466
vt 0.988739 0.109009
vt 0.711215 0.563171
vt 0.709378 0.560612
vt 0.717752 0.374238
vt 0.277760 0.776351
vt 0.278743 0.774402
vt 0.280215 0.776140
vt 0.567420 0.596956
vt 0.798795 0.847563
vt 0.796360 0.848090
vt 0.796313 0.822524
vt 0.796314 0.804311
vt 0.799213 0.805307
vt 0.298475 0.726833
vt 0.845914 0.827360
vt 0.865987 0.804341
vt 0.868942 0.803373
vt 0.868922 0.804359
vt 0.865995 0.804517
vt 0.277616 0.726938
vt 0.268580 0.725672
vt 0.270600 0.724631
vt 0.267819 0.726417
vt 0.248400 0.724888
vt 0.249059 0.726346
vt 0.841872 0.805962
vt 0.248192 0.727434
vt 0.876972 0.823696
vt 0.874090 0.822744
vt 0.552562 0.870672
vt 0.946555 0.777455
vt 0.943577 0.775294
vt 0.943935 0.773864
vt 0.946319 0.773153
vt 0.833203 0.827301
vt 0.998936 0.810046
vt 0.998936 0.810208
vt 0.998860 0.810155
vt 0.298778 0.740118
vt 0.300239 0.725192
vt 0.829707 0.803438
vt 0.994597 0.767759
vt 0.991778 0.769750
vt 0.991601 0.757473
vt 0.994556 0.764416
vt 0.994622 0.768759
vt 0.723372 0.776538
vt 0.724706 0.775793
vt 0.734404 0.769182
vt 0.739936 0.765099
vt 0.747771 0.756586
vt 0.754297 0.748481
vt 0.757193 0.744140
vt 0.761269 0.738707
vt 0.764746 0.729981
vt 0.704319 0.784775
vt 0.712151 0.781975
vt 0.821710 0.803373
vt 0.824373 0.804339
vt 0.247871 0.738823
vt 0.247303 0.726338
vt 0.245804 0.740725
vt 0.245868 0.724501
vt 0.796263 0.854242
vt 0.026113 0.089718
vt 0.028332 0.086547
vt 0.203930 0.087616
vt 0.824398 0.804883
vt 0.827065 0.804206
vt 0.827121 0.805450
vt 0.824453 0.803373
vt 0.827052 0.804047
vt 0.507659 0.944147
vt 0.496770 0.945119
vt 0.665255 0.789240
vt 0.611760 0.764964
vt 0.616945 0.769352
vt 0.629429 0.777419
vt 0.635896 0.780673
vt 0.639126 0.782084
vt 0.901035 0.818417
vt 0.899048 0.819733
vt 0.896926 0.820281
vt 0.897926 0.818790
vt 0.898462 0.818075
vt 0.939663 0.734887
vt 0.939844 0.721725
vt 0.942299 0.739097
vt 0.156505 0.300486
vt 0.110692 0.300696
vt 0.049152 0.300378
vt 0.792028 0.242843
vt 0.789699 0.209068
vt 0.788710 0.177247
vt 0.247705 0.772393
vt 0.552730 0.861102
vt 0.824590 0.844323
vt 0.824489 0.816360
vt 0.826519 0.843267
vt 0.358320 0.722010
vt 0.356808 0.751620
vt 0.713440 0.811460
vt 0.739433 0.764833
vt 0.793323 0.813990
vt 0.991755 0.725273
vt 0.992491 0.725259
vt 0.994296 0.726091
vt 0.994285 0.726217
vt 0.882834 0.806929
vt 0.885506 0.806851
vt 0.885703 0.808366
vt 0.883164 0.808429
vt 0.883012 0.807758
vt 0.248274 0.771656
vt 0.824398 0.844845
vt 0.956231 0.726514
vt 0.924981 0.805541
vt 0.926347 0.806220
vt 0.913139 0.820080
vt 0.915507 0.821679
vt 0.913116 0.821502
vt 0.857530 0.822321
vt 0.855412 0.822636
vt 0.855921 0.821803
vt 0.856662 0.820711
vt 0.805254 0.850816
vt 0.802814 0.805303
vt 0.805443 0.805262
vt 0.992199 0.720390
vt 0.936867 0.807171
vt 0.937490 0.804595
vt 0.938517 0.805113
vt 0.938184 0.808409
vt 0.249899 0.776518
vt 0.793385 0.808830
vt 0.680544 0.515851
vt 0.238843 0.771139
vt 0.917661 0.817727
vt 0.917583 0.821670
vt 0.915516 0.820100
vt 0.915507 0.818374
vt 0.217897 0.769530
vt 0.698358 0.840346
vt 0.168753 0.796272
vt 0.956196 0.720325
vt 0.953755 0.719014
vt 0.953896 0.717846
vt 0.984594 0.805528
vt 0.982931 0.806617
vt 0.982931 0.804247
vt 0.983726 0.803817
vt 0.936043 0.727112
vt 0.805394 0.804782
vt 0.802206 0.803373
vt 0.994622 0.717846
vt 0.997152 0.719250
vt 0.997138 0.719946
vt 0.295679 0.781230
vt 0.297880 0.779125
vt 0.296421 0.776815
vt 0.934091 0.805618
vt 0.935520 0.803372
vt 0.935520 0.807467
vt 0.250689 0.781164
vt 0.246897 0.776449
vt 0.251924 0.778755
vt 0.913347 0.809874
vt 0.915425 0.809064
vt 0.915255 0.811265
vt 0.913328 0.810761
vt 0.298677 0.772212
vt 0.300311 0.773271
vt 0.913294 0.812323
vt 0.913278 0.812920
vt 0.280859 0.781011
vt 0.279580 0.779305
vt 0.281876 0.778496
vt 0.726040 0.809548
vt 0.278325 0.779002
vt 0.922969 0.806379
vt 0.922840 0.809709
vt 0.689394 0.510479
vt 0.766950 0.891476
vt 0.770227 0.712410
vt 0.263965 0.777386
vt 0.264905 0.778559
vt 0.263335 0.777646
vt 0.919442 0.811785
vt 0.919757 0.812681
vt 0.917664 0.812718
vt 0.917667 0.812263
vt 0.997633 0.155344
vt 0.855075 0.817683
vt 0.943303 0.767824
vt 0.943296 0.733025
vt 0.943471 0.719409
vt 0.946555 0.719541
vt 0.946412 0.736597
vt 0.946362 0.770041
vt 0.959756 0.721925
vt 0.956518 0.719762
vt 0.959143 0.719772
vt 0.956520 0.717846
vt 0.989234 0.765733
vt 0.989156 0.762482
vt 0.991601 0.763675
vt 0.991597 0.768936
vt 0.989283 0.767831
vt 0.237684 0.781361
vt 0.353299 0.063391
vt 0.356480 0.059949
vt 0.355117 0.064971
vt 0.351987 0.065949
vt 0.349060 0.064801
vt 0.917423 0.812627
vt 0.915507 0.815431
vt 0.915507 0.813331
vt 0.915511 0.812566
vt 0.917537 0.815917
vt 0.915508 0.816794
vt 0.224553 0.780758
vt 0.223055 0.781561
vt 0.223593 0.778911
vt 0.873470 0.812449
vt 0.871066 0.812039
vt 0.873540 0.810601
vt 0.361806 0.587917
vt 0.934460 0.808708
vt 0.922818 0.811801
vt 0.919992 0.813222
vt 0.920217 0.811017
vt 0.939393 0.719687
vt 0.936988 0.719678
vt 0.232613 0.780505
vt 0.232707 0.783178
vt 0.223922 0.783258
vt 0.936591 0.717846
vt 0.852471 0.811377
vt 0.855245 0.810827
vt 0.014713 0.300637
vt 0.011528 0.300802
vt 0.579586 0.691256
vt 0.957435 0.804347
vt 0.958941 0.803373
vt 0.957435 0.807823
vt 0.959298 0.806771
vt 0.730333 0.879945
vt 0.870764 0.813476
vt 0.683279 0.375518
vt 0.503364 0.208396
vt 0.985384 0.013514
vt 0.982053 0.014311
vt 0.356300 0.798404
vt 0.354667 0.798485
vt 0.354872 0.795950
vt 0.994490 0.806313
vt 0.993532 0.804524
vt 0.994490 0.803373
vt 0.935701 0.761670
vt 0.929567 0.752642
vt 0.712007 0.372985
vt 0.985140 0.155627
vt 0.791758 0.159169
vt 0.270118 0.208517
vt 0.767289 0.661805
vt 0.765172 0.656124
vt 0.762238 0.649738
vt 0.760774 0.646899
vt 0.759196 0.644080
vt 0.003889 0.992579
vt 0.002651 0.991162
vt 0.003889 0.990590
vt 0.999630 0.807991
vt 0.998860 0.806062
vt 0.999630 0.805868
vt 0.984523 0.803373
vt 0.994540 0.719591
vt 0.992436 0.717845
vt 0.994622 0.718774
vt 0.917661 0.813891
vt 0.955279 0.804414
vt 0.956556 0.803373
vt 0.956556 0.806489
vt 0.955301 0.807886
vt 0.599096 0.939875
vt 0.585745 0.941670
vt 0.979242 0.717845
vt 0.979813 0.718334
vt 0.979242 0.768266
vt 0.979917 0.767116
vt 0.982568 0.750527
vt 0.434638 0.178949
vt 0.436285 0.177312
vt 0.999965 0.718391
vt 0.880186 0.822371
vt 0.882676 0.822169
vt 0.882661 0.822552
vt 0.880409 0.823331
vt 0.436708 0.174558
vt 0.437593 0.175518
vt 0.437919 0.177801
vt 0.997672 0.764789
vt 0.982524 0.766887
vt 0.487391 0.179402
vt 0.481178 0.181449
vt 0.481578 0.177657
vt 0.486735 0.178553
vt 0.978578 0.805875
vt 0.977073 0.806855
vt 0.977073 0.804265
vt 0.978498 0.803373
vt 0.489899 0.176833
vt 0.862921 0.824083
vt 0.864324 0.822572
vt 0.862903 0.825273
vt 0.861405 0.822026
vt 0.959974 0.717846
vt 0.962668 0.721134
vt 0.858917 0.823709
vt 0.860129 0.824025
vt 0.865242 0.807701
vt 0.715660 0.564785
vt 0.606840 0.374568
vt 0.635540 0.523774
vt 0.644942 0.522299
vt 0.679095 0.521722
vt 0.679766 0.523771
vt 0.676481 0.523244
vt 0.836757 0.778948
vt 0.703876 0.938182
vt 0.698850 0.938054
vt 0.698644 0.935067
vt 0.680287 0.517269
vt 0.683257 0.516388
vt 0.687354 0.513993
vt 0.999060 0.767373
vt 0.999649 0.768321
vt 0.999060 0.792928
vt 0.433241 0.154161
vt 0.845048 0.803373
vt 0.845915 0.824956
vt 0.845048 0.827603
vt 0.550682 0.841005
vt 0.550692 0.849011
vt 0.505035 0.569382
vt 0.533214 0.566102
vt 0.987997 0.718698
vt 0.985883 0.719780
vt 0.985850 0.719124
vt 0.985843 0.718908
vt 0.988563 0.717846
vt 0.789906 0.854732
vt 0.632287 0.878915
vt 0.641023 0.880721
vt 0.955279 0.806718
vt 0.953792 0.807890
vt 0.953792 0.804647
vt 0.955179 0.803373
vt 0.689769 0.926802
vt 0.678862 0.928732
vt 0.784682 0.803532
vt 0.855412 0.806475
vt 0.857973 0.806161
vt 0.855790 0.807090
vt 0.858178 0.807923
vt 0.856030 0.807877
vt 0.856609 0.808696
vt 0.936867 0.807064
vt 0.935520 0.808474
vt 0.935963 0.807287
vt 0.863782 0.806448
vt 0.863535 0.804514
vt 0.935520 0.804519
vt 0.936345 0.803373
vt 0.942724 0.803373
vt 0.943560 0.806500
vt 0.941843 0.804558
vt 0.942445 0.807322
vt 0.860400 0.805258
vt 0.941843 0.808391
vt 0.858495 0.803373
vt 0.860579 0.807002
vt 0.996702 0.805967
vt 0.996124 0.804240
vt 0.997357 0.803373
vt 0.997357 0.805586
vt 0.988503 0.764190
vt 0.986538 0.762809
vt 0.965805 0.721434
vt 0.962991 0.720932
vt 0.965378 0.718041
vt 0.979352 0.803373
vt 0.979352 0.806864
vt 0.978578 0.803799
vt 0.966018 0.717846
vt 0.966052 0.767932
vt 0.965881 0.770909
vt 0.963353 0.765457
vt 0.963282 0.769494
vt 0.965928 0.775019
vt 0.962991 0.772719
vt 0.994465 0.720701
vt 0.994404 0.721708
vt 0.915566 0.804460
vt 0.917500 0.803373
vt 0.915541 0.807092
vt 0.999776 0.781736
vt 0.999921 0.778615
vt 0.999921 0.786132
vt 0.893009 0.724152
vt 0.901339 0.723050
vt 0.689211 0.542272
vt 0.857119 0.809181
vt 0.682360 0.510618
vt 0.682683 0.509845
vt 0.682934 0.509272
vt 0.982061 0.772190
vt 0.979647 0.773655
vt 0.793323 0.805191
vt 0.790502 0.803373
vt 0.973878 0.719329
vt 0.972741 0.717846
vt 0.367090 0.121550
vt 0.300390 0.013279
vt 0.388118 0.123190
vt 0.917661 0.815203
vt 0.695256 0.918991
vt 0.695693 0.923582
vt 0.758806 0.741704
vt 0.593205 0.643506
vt 0.791826 0.854901
vt 0.962310 0.807719
vt 0.961301 0.806666
vt 0.962310 0.803705
vt 0.961330 0.803373
vt 0.419241 0.120911
vt 0.007556 0.113023
vt 0.000000 0.990590
vt 0.001313 0.993123
vt 0.000048 0.992963
vt 0.364794 0.096987
vt 0.365759 0.120656
vt 0.503713 0.373804
vt 0.985869 0.805652
vt 0.985869 0.803373
vt 0.986536 0.803812
vt 0.992082 0.805972
vt 0.991458 0.805872
vt 0.991578 0.803608
vt 0.993044 0.803373
vt 0.993044 0.806335
vt 0.981569 0.806670
vt 0.980603 0.805902
vt 0.981144 0.803373
vt 0.981569 0.803714
vt 0.925417 0.803507
vt 0.926039 0.803702
vt 0.924700 0.803373
vt 0.913508 0.804508
vt 0.915507 0.803373
vt 0.913417 0.807540
vt 0.892468 0.820492
vt 0.888657 0.821216
vt 0.968854 0.807257
vt 0.968097 0.805504
vt 0.968854 0.803373
vt 0.890912 0.821213
vt 0.891305 0.822859
vt 0.887295 0.822735
vt 0.987126 0.806601
vt 0.987126 0.804197
vt 0.975219 0.804708
vt 0.977073 0.803373
vt 0.975643 0.806344
vt 0.885747 0.821275
vt 0.977073 0.806848
vt 0.001313 0.990918
vt 0.898052 0.245766
vt 0.797230 0.245658
vt 0.892468 0.807753
vt 0.369887 0.797826
vt 0.168580 0.798518
vt 0.960096 0.803373
vt 0.961301 0.805776
vt 0.960096 0.807789
vt 0.938517 0.808318
vt 0.939577 0.805713
vt 0.941843 0.804398
vt 0.939401 0.807969
vt 0.972715 0.803373
vt 0.974094 0.806183
vt 0.972715 0.806886
vt 0.938517 0.803373
vt 0.811838 0.849791
vt 0.814137 0.850719
vt 0.813714 0.853115
vt 0.811827 0.850996
vt 0.968097 0.803373
vt 0.968097 0.807238
vt 0.966769 0.804584
vt 0.891146 0.806762
vt 0.888466 0.806944
vt 0.891042 0.805421
vt 0.942875 0.778028
vt 0.940738 0.774699
vt 0.886697 0.805455
vt 0.887246 0.804077
vt 0.991458 0.803373
vt 0.991458 0.806443
vt 0.990863 0.804558
vt 0.927174 0.806828
vt 0.927526 0.803373
vt 0.927526 0.809874
vt 0.942526 0.717846
vt 0.942578 0.721433
vt 0.941877 0.719763
vt 0.839270 0.804837
vt 0.838410 0.803373
vt 0.813205 0.804782
vt 0.811428 0.805545
vt 0.811406 0.804737
vt 0.811396 0.804402
vt 0.813817 0.803373
vt 0.005046 0.990590
vt 0.005046 0.992222
vt 0.003889 0.991080
vt 0.814137 0.803529
vt 0.813903 0.828915
vt 0.943296 0.768235
vt 0.268844 0.777406
vt 0.267315 0.779343
vt 0.816126 0.849974
vt 0.998252 0.794944
vt 0.997672 0.795172
vt 0.997672 0.767373
vt 0.503003 0.206098
vt 0.939663 0.770319
vt 0.996124 0.803373
vt 0.996124 0.805999
vt 0.995364 0.803586
vt 0.815598 0.852192
vt 0.814137 0.851196
vt 0.885389 0.803373
vt 0.946555 0.719714
vt 0.948950 0.718563
vt 0.949577 0.717846
vt 0.631622 0.493627
vt 0.632387 0.492377
vt 0.677531 0.491834
vt 0.680612 0.492334
vt 0.678018 0.493693
vt 0.634102 0.494530
vt 0.212500 0.004204
vt 0.267945 0.009380
vt 0.949510 0.771534
vt 0.946914 0.769600
vt 0.926347 0.811492
vt 0.926347 0.803373
vt 0.926787 0.808049
vt 0.994341 0.724205
vt 0.633047 0.495383
vt 0.988564 0.719031
vt 0.991420 0.717846
vt 0.991601 0.718929
vt 0.988563 0.719112
vt 0.798675 0.852388
vt 0.796286 0.853990
vt 0.796264 0.850700
vt 0.798778 0.848452
vt 0.798743 0.849651
vt 0.946555 0.773123
vt 0.949621 0.776013
vt 0.991499 0.770113
vt 0.989302 0.768358
vt 0.682882 0.497549
vt 0.682319 0.496559
vt 0.683707 0.498426
vt 0.959298 0.804688
vt 0.960096 0.803373
vt 0.960096 0.807841
vt 0.733884 0.934213
vt 0.981569 0.806635
vt 0.981569 0.804082
vt 0.982882 0.803373
vt 0.982931 0.805759
vt 0.982187 0.806239
vt 0.987782 0.803921
vt 0.988292 0.803373
vt 0.988292 0.806558
vt 0.836417 0.828227
vt 0.910106 0.803511
vt 0.949387 0.803373
vt 0.950581 0.808164
vt 0.949250 0.806670
vt 0.950581 0.804285
vt 0.667547 0.920484
vt 0.671088 0.931800
vt 0.664197 0.935074
vt 0.304800 0.065572
vt 0.305868 0.064029
vt 0.308315 0.062665
vt 0.307409 0.064216
vt 0.808665 0.804602
vt 0.805443 0.803373
vt 0.808675 0.804188
vt 0.959756 0.771156
vt 0.352215 0.066830
vt 0.328779 0.065356
vt 0.960321 0.772259
vt 0.994490 0.806151
vt 0.994490 0.803373
vt 0.995364 0.805083
vt 0.805443 0.853280
vt 0.807922 0.849573
vt 0.933489 0.808172
vt 0.934091 0.803373
vt 0.934091 0.809520
vt 0.962991 0.772670
vt 0.960116 0.775153
vt 0.999922 0.797403
vt 0.999922 0.792543
vt 0.999956 0.795541
vt 0.965856 0.805820
vt 0.966769 0.803373
vt 0.966769 0.807260
vt 0.631545 0.516919
vt 0.632930 0.513903
vt 0.630565 0.517465
vt 0.998949 0.810208
vt 0.998949 0.810307
vt 0.998860 0.810299
vt 0.802111 0.804529
vt 0.802201 0.804675
vt 0.802206 0.805496
vt 0.799213 0.804229
vt 0.799302 0.803373
vt 0.298041 0.015207
vt 0.302427 0.201175
vt 0.801688 0.849858
vt 0.799264 0.850867
vt 0.802088 0.815693
vt 0.801632 0.851446
vt 0.987782 0.804079
vt 0.987126 0.806617
vt 0.987126 0.803373
vt 0.680707 0.511938
vt 0.681424 0.511257
vt 0.801597 0.852594
vt 0.799213 0.853846
vt 0.949951 0.775907
vt 0.949716 0.771618
vt 0.952753 0.773030
vt 0.952749 0.769481
vt 0.304643 0.040830
vt 0.306204 0.042010
vt 0.951399 0.804689
vt 0.950581 0.808112
vt 0.950581 0.803373
vt 0.807916 0.851551
vt 0.896576 0.820989
vt 0.898870 0.822164
vt 0.895876 0.821781
vt 0.936867 0.803373
vt 0.357369 0.063084
vt 0.928941 0.804536
vt 0.930850 0.804827
vt 0.928688 0.808004
vt 0.930493 0.808109
vt 0.927526 0.809559
vt 0.927526 0.803373
vt 0.953792 0.805159
vt 0.952822 0.808019
vt 0.952822 0.803373
vt 0.901178 0.817328
vt 0.902634 0.819518
vt 0.999713 0.803373
vt 0.999713 0.805868
vt 0.998860 0.804391
vt 0.898693 0.817628
vt 0.949778 0.717846
vt 0.630644 0.523004
vt 0.946250 0.717846
vt 0.002693 0.021655
vt 0.000872 0.038004
vt 0.000000 0.001449
vt 0.681835 0.521088
vt 0.649020 0.521575
vt 0.943435 0.771373
vt 0.684943 0.522255
vt 0.197471 0.300927
vt 0.194976 0.300842
vt 0.631620 0.522630
vt 0.632442 0.524756
vt 0.982591 0.720077
vt 0.985196 0.718645
vt 0.985843 0.717846
vt 0.982589 0.719542
vt 0.682654 0.522654
vt 0.682097 0.524656
vt 0.598083 0.804581
vt 0.609006 0.803373
vt 0.982589 0.720871
vt 0.685274 0.524134
vt 0.956556 0.803373
vt 0.957435 0.806087
vt 0.956556 0.807887
vt 0.392779 0.514393
vt 0.988292 0.803373
vt 0.989323 0.805415
vt 0.988292 0.806489
vt 0.896043 0.805161
vt 0.895876 0.804799
vt 0.898953 0.804651
vt 0.899157 0.806075
vt 0.902249 0.806928
vt 0.900934 0.808941
vt 0.900244 0.807749
vt 0.944969 0.806470
vt 0.943560 0.808314
vt 0.943560 0.804535
vt 0.906031 0.807064
vt 0.897773 0.807584
vt 0.898571 0.808875
vt 0.970725 0.807086
vt 0.970016 0.804289
vt 0.971159 0.803373
vt 0.971159 0.806562
vt 0.897337 0.807057
vt 0.896998 0.806410
vt 0.944685 0.803373
vt 0.964347 0.803373
vt 0.964347 0.807531
vt 0.963823 0.805607
vt 0.999949 0.786132
vt 0.999949 0.792543
vt 0.999776 0.788769
vt 0.895876 0.803543
vt 0.895876 0.823125
vt 0.895153 0.822961
vt 0.630628 0.546884
vt 0.222859 0.783441
vt 0.271801 0.739179
vt 0.820054 0.724521
vt 0.966056 0.721245
vt 0.966052 0.721112
vt 0.969253 0.720211
vt 0.882786 0.809960
vt 0.880186 0.803373
vt 0.882834 0.804146
vt 0.923254 0.803373
vt 0.972596 0.717846
vt 0.922969 0.811687
vt 0.966199 0.768255
vt 0.968661 0.768102
vt 0.968676 0.770679
vt 0.966192 0.768847
vt 0.966223 0.765014
vt 0.900503 0.803373
vt 0.357802 0.047836
vt 0.356017 0.046381
vt 0.352137 0.044241
vt 0.972294 0.774754
vt 0.892700 0.809253
vt 0.892468 0.822524
vt 0.892802 0.804027
vt 0.683628 0.538906
vt 0.968854 0.806132
vt 0.969630 0.803842
vt 0.970016 0.804244
vt 0.970016 0.807189
vt 0.998655 0.767373
vt 0.999060 0.792383
vt 0.998655 0.792949
vt 0.852794 0.804646
vt 0.855412 0.803373
vt 0.631450 0.546583
vt 0.632824 0.544224
vt 0.633748 0.544751
vt 0.892783 0.803373
vt 0.799210 0.805148
vt 0.796264 0.803373
vt 0.204386 0.086045
vt 0.651617 0.544683
vt 0.676680 0.544240
vt 0.680593 0.545863
vt 0.682233 0.545010
vt 0.679245 0.543629
vt 0.999587 0.810046
vt 0.998860 0.809704
vt 0.999587 0.807991
vt 0.969199 0.803373
vt 0.684539 0.539706
vt 0.682127 0.540414
vt 0.682472 0.539935
vt 0.980603 0.804053
vt 0.980603 0.806795
vt 0.979944 0.803680
vt 0.988563 0.770210
vt 0.986521 0.768637
vt 0.986524 0.766936
vt 0.986536 0.763897
vt 0.979352 0.805999
vt 0.979425 0.803373
vt 0.684730 0.545103
vt 0.979242 0.771155
vt 0.977014 0.773250
vt 0.975952 0.772512
vt 0.976171 0.774318
vt 0.952822 0.804570
vt 0.952822 0.807996
vt 0.951468 0.803373
vt 0.951399 0.806536
vt 0.687021 0.540461
vt 0.686808 0.542017
vt 0.933489 0.806160
vt 0.933273 0.809482
vt 0.689307 0.540690
vt 0.976115 0.717846
vt 0.632512 0.547467
vt 0.717048 0.568778
vt 0.371356 0.205703
vt 0.441598 0.206047
vt 0.432843 0.207336
vt 0.878192 0.718469
vt 0.898655 0.812488
vt 0.748493 0.923620
vt 0.964347 0.804261
vt 0.965856 0.803373
vt 0.965856 0.806276
vt 0.964416 0.807421
vt 0.010247 0.227193
vt 0.998860 0.805910
vt 0.997357 0.804776
vt 0.998860 0.803373
vt 0.207372 0.052441
vt 0.211279 0.001638
vt 0.211082 0.017328
vt 0.209738 0.049853
vt 0.207550 0.084196
vt 0.245864 0.771395
vt 0.291831 0.009245
vt 0.793205 0.245570
vt 0.300956 0.011099
vt 0.006421 0.092078
vt 0.004667 0.090215
vt 0.205081 0.090431
vt 0.997672 0.768399
vt 0.997586 0.768535
vt 0.994622 0.769404
vt 0.994699 0.756359
vt 0.768878 0.803373
vt 0.768878 0.915290
vt 0.768708 0.814679
vt 0.007775 0.172812
vt 0.005813 0.116552
vt 0.797295 0.160087
vt 0.800817 0.157444
vt 0.321114 0.012156
vt 0.336510 0.012522
vt 0.503364 0.570595
vt 0.532839 0.372559
vt 0.968483 0.764714
vt 0.966228 0.763766
vt 0.715402 0.570188
vt 0.792292 0.297252
vt 0.162480 0.592326
vt 0.161757 0.590482
vt 0.158868 0.588966
vt 0.160418 0.588658
vt 0.789751 0.160391
vt 0.788252 0.161820
vt 0.787534 0.160329
vt 0.002277 0.589156
vt 0.209697 0.000360
vt 0.468437 0.301117
vt 0.536992 0.932644
vt 0.541829 0.923816
vt 0.791893 0.244455
vt 0.208668 0.086007
vt 0.209593 0.084223
vt 0.975952 0.769263
vt 0.975676 0.772700
vt 0.972617 0.774857
vt 0.003783 0.087528
vt 0.949251 0.803373
vt 0.949251 0.808084
vt 0.945370 0.806833
vt 0.944970 0.804103
vt 0.769217 0.895821
vt 0.768878 0.878560
vt 0.769217 0.803373
vt 0.302843 0.203726
vt 0.682248 0.938468
vt 0.569779 0.588755
vt 0.465962 0.507012
vt 0.787534 0.006259
vt 0.378348 0.303004
vt 0.466330 0.304619
vt 0.714926 0.572267
vt 0.791254 0.000611
vt 0.000760 -0.000000
vt 0.157793 0.587917
vt 0.662886 0.083518
vt 0.662045 0.083905
vt 0.661921 0.083956
vt 0.661907 0.102392
vt 0.662241 0.102559
vt 0.645377 0.139000
vt 0.643363 0.138026
vt 0.642019 0.137506
vt 0.599927 0.137909
vt 0.598825 0.138430
vt 0.598421 0.138555
vt 0.598433 0.157515
vt 0.503364 0.184877
vt 0.503861 0.000000
vt 0.787534 0.000000
vt 0.777705 0.027077
vt 0.733329 0.027665
vt 0.732902 0.027930
vt 0.732631 0.028331
vt 0.732513 0.040519
vt 0.732541 0.046316
vt 0.732756 0.046394
vt 0.733415 0.046917
vt 0.709451 0.083983
vt 0.708317 0.083527
vt 0.707022 0.083080
vt 0.709942 0.084629
vt 0.775965 0.046625
vt 0.777033 0.046190
vt 0.780012 0.044868
vt 0.781681 0.044189
vt 0.782205 0.043550
vt 0.782503 0.042749
vt 0.783318 0.041891
vt 0.784056 0.041370
vt 0.784205 0.032087
vt 0.783356 0.031266
vt 0.782497 0.030530
vt 0.782333 0.029955
vt 0.781101 0.028928
vt 0.780248 0.028140
vt 0.778627 0.027412
vt 0.787123 0.178319
vt 0.598566 0.157591
vt 0.599397 0.157885
vt 0.639682 0.157446
vt 0.640609 0.157246
vt 0.641838 0.157008
vt 0.645026 0.156131
vt 0.645608 0.155910
vt 0.645860 0.155544
vt 0.647309 0.154274
vt 0.647821 0.153620
vt 0.648483 0.153083
vt 0.649690 0.151775
vt 0.649769 0.148176
vt 0.649758 0.143057
vt 0.649398 0.142619
vt 0.648565 0.141921
vt 0.647009 0.140465
vt 0.646462 0.139769
vt 0.663046 0.102861
vt 0.706791 0.102285
vt 0.707974 0.101780
vt 0.708919 0.101047
vt 0.711215 0.099796
vt 0.711482 0.098967
vt 0.711711 0.098295
vt 0.712429 0.097844
vt 0.713295 0.097382
vt 0.713261 0.087798
vt 0.712539 0.087375
vt 0.711730 0.087048
vt 0.711585 0.086427
vt 0.711041 0.085472
vt 0.710484 0.085169
vt 0.294439 0.580267
vt 0.294948 0.580156
vt 0.295914 0.579482
vt 0.296786 0.578491
vt 0.297580 0.577541
vt 0.298468 0.575518
vt 0.299193 0.573552
vt 0.309311 0.573364
vt 0.310014 0.575102
vt 0.310963 0.577562
vt 0.312000 0.578829
vt 0.312787 0.579722
vt 0.313915 0.580036
vt 0.314519 0.580265
vt 0.315063 0.581007
vt 0.315604 0.581813
vt 0.319166 0.581870
vt 0.323097 0.581745
vt 0.324027 0.580156
vt 0.324794 0.579983
vt 0.325554 0.579690
vt 0.326838 0.577980
vt 0.327616 0.576807
vt 0.328663 0.575612
vt 0.375611 0.587130
vt 0.196466 0.587156
vt 0.249425 0.573223
vt 0.249790 0.574211
vt 0.250388 0.575646
vt 0.251408 0.577784
vt 0.252257 0.579023
vt 0.252545 0.579677
vt 0.253430 0.579897
vt 0.254612 0.580138
vt 0.255141 0.580968
vt 0.255787 0.581768
vt 0.259910 0.581855
vt 0.263043 0.581876
vt 0.263589 0.581158
vt 0.264707 0.580069
vt 0.265378 0.579928
vt 0.266759 0.578360
vt 0.267019 0.578017
vt 0.267808 0.576822
vt 0.268452 0.576013
vt 0.269258 0.573532
vt 0.269655 0.571841
vt 0.279621 0.573218
vt 0.279756 0.573322
vt 0.280395 0.575120
vt 0.281285 0.577492
vt 0.282040 0.578379
vt 0.282965 0.579340
vt 0.283943 0.579993
vt 0.284574 0.580254
vt 0.285508 0.581789
vt 0.293353 0.581832
vt 0.329064 0.573467
vt 0.329160 0.571993
vt 0.329547 0.571235
vt 0.329290 0.531328
vt 0.328973 0.530121
vt 0.328909 0.529974
vt 0.309880 0.529983
vt 0.309817 0.530042
vt 0.309455 0.531102
vt 0.298869 0.531759
vt 0.298820 0.530269
vt 0.298708 0.530123
vt 0.296265 0.530137
vt 0.280181 0.529997
vt 0.279981 0.531046
vt 0.279774 0.534471
vt 0.269289 0.531065
vt 0.269027 0.530172
vt 0.268842 0.530051
vt 0.250412 0.529976
vt 0.249718 0.530234
vt 0.249635 0.530373
vt 0.189112 0.300927
vt 0.378348 0.300927
vt 0.760960 0.207068
vt 0.760512 0.206401
vt 0.757885 0.205499
vt 0.756729 0.204992
vt 0.755881 0.204787
vt 0.716111 0.204461
vt 0.715967 0.204551
vt 0.715645 0.205160
vt 0.716065 0.210236
vt 0.716832 0.223107
vt 0.717342 0.223424
vt 0.717906 0.223650
vt 0.728015 0.223773
vt 0.728145 0.233955
vt 0.718547 0.233873
vt 0.717794 0.234185
vt 0.717754 0.234259
vt 0.718099 0.239340
vt 0.719123 0.252254
vt 0.719200 0.252313
vt 0.760096 0.253013
vt 0.786691 0.364767
vt 0.516912 0.364767
vt 0.773590 0.191256
vt 0.762283 0.207853
vt 0.761555 0.207565
vt 0.764388 0.219489
vt 0.765231 0.218763
vt 0.764846 0.214622
vt 0.764592 0.209992
vt 0.763827 0.209315
vt 0.763285 0.209005
vt 0.762648 0.208318
vt 0.763138 0.251760
vt 0.765102 0.250998
vt 0.765590 0.250525
vt 0.766058 0.249560
vt 0.766785 0.248704
vt 0.767483 0.248286
vt 0.767120 0.243020
vt 0.766771 0.239034
vt 0.765867 0.238469
vt 0.765273 0.238154
vt 0.764992 0.237596
vt 0.764628 0.236845
vt 0.763687 0.236227
vt 0.762952 0.235566
vt 0.761846 0.235102
vt 0.760304 0.234262
vt 0.756427 0.224238
vt 0.758926 0.223746
vt 0.760203 0.223547
vt 0.761092 0.223185
vt 0.762432 0.222063
vt 0.763314 0.221199
vt 0.763542 0.220674
vt 0.763930 0.219935
vt 0.189112 0.300927
vt 0.182220 0.587917
vt 0.003195 0.587789
vt 0.000000 0.300927
vt 0.280670 0.982423
vt 0.280670 0.803373
vt 0.415005 0.803383
vt 0.415005 0.982434
vt 0.787628 0.706557
vt 0.787534 0.700655
vt 0.973975 0.700655
vt 0.974070 0.706557
vt 0.974679 0.676781
vt 0.974688 0.682766
vt 0.787542 0.682766
vt 0.787534 0.676781
vt 0.969941 0.712201
vt 0.969465 0.717846
vt 0.787534 0.717846
vt 0.788010 0.712201
vt 0.974554 0.688759
vt 0.974559 0.694753
vt 0.787539 0.694753
vt 0.787534 0.688759
vt 0.280670 0.990590
vt 0.140335 0.990579
vt 0.140335 0.803373
vt 0.280670 0.803384
vt 0.974414 0.297252
vt 0.975165 0.484024
vt 0.788284 0.484024
vt 0.787534 0.297252
vt 0.787628 0.700655
vt 0.787534 0.694753
vt 0.973975 0.694753
vt 0.974070 0.700655
vt 0.974679 0.670797
vt 0.974688 0.676781
vt 0.787542 0.676781
vt 0.787534 0.670797
vt 0.969941 0.706557
vt 0.969465 0.712201
vt 0.787534 0.712201
vt 0.788010 0.706557
vt 0.974554 0.682766
vt 0.974559 0.688759
vt 0.787539 0.688759
vt 0.787534 0.682766
vt 0.140335 0.990590
vt 0.000000 0.990579
vt 0.000000 0.803373
vt 0.140335 0.803384
vt 0.974414 0.484024
vt 0.975165 0.670797
vt 0.788284 0.670797
vt 0.787534 0.484024
s 1
usemtl 
f 340/1/1 349/2/2 324/3/3 334/4/4
f 1329/5/5 1290/6/5 1291/7/6 1292/8/7 1295/9/5 1293/10/5
f 343/11/8 342/12/9 206/13/10 341/14/11 332/15/12
f 1066/16/13 1043/17/13 1058/18/13 1057/19/13
f 1224/20/14 1039/21/15 1032/22/16 1000/23/16 979/24/16 978/25/16 974/26/16 989/27/16 997/28/16 993/29/17 1009/30/18 941/31/16 912/32/16 913/33/16 914/34/16 933/35/17 916/36/19 836/37/16 977/38/16 969/39/16 1045/40/16 1122/41/16 1124/42/16 1129/43/16 1146/44/16 1194/45/16 1191/46/16 1183/47/16 1201/48/16 1222/49/20
f 420/50/21 243/51/22 238/52/23 239/53/24 438/54/25
f 178/55/26 15/56/27 17/57/28
f 278/58/29 14/59/30 18/60/31
f 992/61/32 991/62/32 988/63/32 986/64/32 982/65/32 981/66/32
f 586/67/33 587/68/33 1331/69/33 599/70/33
f 1071/71/34 1080/72/34 1047/73/34 1049/74/34
f 374/75/35 458/76/36 457/77/37 448/78/38
f 1198/79/39 910/80/40 775/81/41 967/82/39 1012/83/39 1221/84/39
f 191/85/42 306/86/43 72/87/44 310/88/45 189/89/46
f 98/90/47 28/91/48 27/92/49
f 98/90/47 29/93/50 28/91/48
f 866/94/51 869/95/51 1340/96/51 1338/97/51 1339/98/51
f 583/99/52 250/100/53 573/101/54 574/102/55
f 113/103/56 278/58/29 20/104/57 43/105/58 289/106/59
f 290/107/60 36/108/61 315/109/62 132/110/63
f 528/111/64 184/112/65 183/113/66 510/114/67 185/115/68
f 34/116/69 11/117/70 114/118/71 14/59/30 279/119/72
f 57/120/73 59/121/74 58/122/75
f 491/123/76 228/124/77 474/125/78 229/126/79 490/127/80
f 347/128/81 62/129/82 351/130/83 54/131/84 52/132/85
f 529/133/86 528/111/64 185/115/68 511/134/87 186/135/88
f 114/118/71 66/136/89 75/137/90
f 778/138/91 774/139/92 780/140/93 779/141/94
f 137/142/95 65/143/96 63/144/97 73/145/98
f 228/124/77 455/146/99 444/147/100 443/148/101
f 727/149/102 728/150/102 743/151/103 744/152/104 742/153/102
f 1262/154/105 1271/155/105 1261/156/105 1260/157/105 1326/158/105
f 704/159/106 705/160/106 711/161/106 710/162/106
f 803/163/107 806/164/107 817/165/107 824/166/107
f 1043/17/108 1062/167/108 1063/168/108 1061/169/108
f 90/170/109 88/171/109 89/172/109
f 1226/173/110 1227/174/110 1215/175/110 1213/176/110 1210/177/110 1220/178/110
f 828/179/111 726/180/111 713/181/112 796/182/113 812/183/111
f 90/170/114 91/184/114 92/185/114
f 1291/7/6 1284/186/115 1286/187/115 1288/188/115 1292/8/7
f 626/189/116 624/190/117 629/191/118 634/192/118
f 96/193/119 95/194/120 94/195/121 19/196/122 151/197/123 168/198/124
f 96/193/119 97/199/125 95/194/120
f 445/200/126 434/201/127 426/202/128 427/203/129
f 641/204/130 668/205/131 642/206/131 643/207/132
f 98/208/133 99/209/133 29/210/133
f 349/2/2 357/211/134 359/212/135 150/213/136
f 1143/214/137 1197/215/137 1177/216/137 1176/217/137
f 369/218/138 109/219/139 108/220/140
f 543/221/141 544/222/142 117/223/143 120/224/144 121/225/145
f 148/226/146 521/227/147 145/228/148 144/229/149
f 246/230/150 559/231/151 541/232/152 180/233/153 561/234/154
f 182/235/155 510/236/67 102/237/156 473/238/157
f 623/239/158 615/240/159 639/241/160 638/242/160
f 809/243/161 703/244/161 710/245/161 722/246/161 738/247/161 831/248/161
f 340/1/1 329/249/162 339/250/163 153/251/164 154/252/165
f 760/253/166 759/254/166 893/255/166 894/256/166
f 113/103/56 279/119/72 14/59/30 278/58/29
f 796/257/167 701/258/167 698/259/167 792/260/167
f 1250/261/168 1249/262/168 1245/263/168 1247/264/168
f 1212/265/169 1209/266/170 1207/267/171 1208/268/172
f 180/233/153 181/269/173 565/270/174 561/234/154
f 759/271/175 761/272/175 896/273/175 893/274/175
f 76/275/176 83/276/177 158/277/178
f 156/278/179 296/279/180 302/280/181
f 947/281/182 964/282/183 949/283/184 948/284/184
f 600/285/185 599/286/185 1331/287/185 595/288/185
f 1265/289/186 1263/290/186 1262/291/186 1327/292/186
f 202/293/187 200/294/188 201/295/189 501/296/190 196/297/191 516/298/192
f 754/299/193 864/300/193 892/301/193 755/302/193
f 159/303/194 160/304/195 161/305/196
f 161/305/196 160/304/195 162/306/197
f 510/236/67 182/235/155 252/307/198 253/308/199 502/309/200
f 164/310/201 165/311/201 163/312/201
f 100/313/202 163/312/203 165/311/204
f 166/314/205 163/312/205 167/315/205
f 100/313/202 166/314/206 167/315/207
f 100/313/202 167/315/207 163/312/203
f 166/314/208 169/316/208 168/317/208
f 674/318/209 681/319/210 675/320/211 671/321/209
f 166/314/212 100/313/212 169/316/212
f 96/193/119 168/198/213 97/199/125
f 1342/322/214 1158/323/214 1175/324/214 1343/325/214 1341/326/214
f 991/327/215 992/328/215 1346/329/215 1344/330/215 1345/331/215
f 414/332/216 391/333/217 412/334/218 425/335/219 433/336/220
f 114/118/71 11/117/70 10/337/221 8/338/222 66/136/89
f 687/339/223 680/340/224 686/341/225
f 746/342/226 747/343/226 888/344/226 887/345/226
f 805/346/227 813/347/227 834/348/228 835/349/229 800/350/227
f 927/351/230 926/352/231 934/353/232 935/354/230 936/355/230
f 577/356/233 578/357/234 538/358/235 580/359/236
f 887/360/237 888/361/237 845/362/237 844/363/237
f 509/364/238 489/365/239 212/366/240 101/367/241 197/368/242
f 181/269/173 529/133/86 545/369/243
f 427/203/129 417/370/244 398/371/245 416/372/246 254/373/247
f 109/219/139 368/374/248 106/375/249 107/376/250 108/220/140
f 124/377/251 123/378/252 122/379/253 49/380/254
f 197/368/242 101/367/241 103/381/255
f 292/382/256 37/383/257 10/337/221 35/384/258 30/385/259
f 235/386/260 414/332/216 433/336/220 232/387/261 443/148/101
f 1182/388/262 1185/389/263 1190/390/264 1186/391/262 1184/392/262
f 218/393/265 277/394/266 273/395/267
f 283/396/268 277/397/268 218/398/268
f 343/11/8 332/15/12 333/399/269 323/400/269 322/401/270 321/402/271
f 219/403/272 179/404/273 162/405/274
f 160/406/275 219/403/272 162/405/274
f 219/403/272 220/407/276 179/404/273
f 507/408/277 514/409/278 144/229/149 145/228/148 141/410/279 508/411/280
f 817/412/281 806/413/281 802/414/281 1347/415/281 1348/416/281
f 1349/417/282 1351/418/282 1072/419/282 1073/420/282 1350/421/282
f 222/422/283 220/423/283 221/424/283
f 165/311/284 164/310/284 115/425/284
f 502/309/200 253/308/199 477/426/285 503/427/286 511/428/87
f 344/429/287 207/430/288 208/431/289 325/432/290 346/433/291
f 274/434/292 285/435/293 223/436/294
f 259/437/295 218/393/296 273/395/297
f 329/438/298 330/439/298 319/440/298 311/441/298 297/442/298 294/443/298 44/444/298 286/445/298 32/446/298 285/447/298 374/75/35 447/448/299 244/449/298 399/450/298 375/451/298 153/452/298 339/453/298
f 346/454/291 325/455/290 110/456/300 112/457/301 335/458/302
f 1245/263/303 1249/262/303 1067/459/303 1118/460/303
f 491/123/76 475/461/304 455/146/99 228/124/77
f 324/3/3 314/462/305 313/463/306 320/464/307 334/4/4
f 572/465/308 570/466/309 581/467/310 568/468/311 571/469/312
f 189/89/46 310/88/45 67/470/313 328/471/314
f 518/472/315 520/473/316 515/474/317 199/475/318 200/476/188
f 783/477/319 669/478/320 683/479/321
f 149/480/322 213/481/323 146/482/324 137/142/95 73/145/98
f 476/483/325 464/484/326 455/146/99 475/461/304
f 93/485/327 83/276/177 82/486/328 21/487/329 26/488/330 87/489/331 88/490/331 90/491/331 92/492/331
f 715/493/332 884/494/333 723/495/334 689/496/335 685/497/336 675/320/337 684/498/338 692/499/332
f 422/500/339 386/501/340 406/502/341 420/50/21 438/54/25 429/503/342
f 376/504/343 399/505/344 400/506/345 377/507/346
f 1251/508/347 1248/509/347 1282/510/348 1244/511/349
f 793/512/350 790/513/350 1354/514/350 1352/515/350 1353/516/350
f 1250/517/351 1291/7/352 1253/518/353 1249/519/354
f 218/398/355 260/520/355 283/396/355
f 218/393/356 259/437/357 260/521/358
f 283/396/359 260/520/359 219/403/359
f 268/522/360 260/521/358 259/437/357
f 261/523/361 260/524/361 268/525/361
f 261/526/362 219/403/362 260/520/362
f 261/523/363 268/525/363 262/527/363
f 910/80/40 1198/79/364 1029/528/364 782/529/365
f 267/530/366 263/531/366 270/532/366
f 267/533/367 32/446/368 263/534/369
f 285/447/370 32/446/370 267/533/370
f 285/447/293 267/533/371 266/535/372
f 266/536/372 223/436/294 285/435/293
f 270/532/373 263/531/374 264/537/375
f 366/538/376 364/539/377 205/540/378 206/13/10 342/12/9
f 266/541/379 267/530/379 270/532/379
f 268/522/380 259/437/381 662/542/382
f 259/437/381 661/543/383 662/542/382
f 268/525/384 271/544/385 262/527/386
f 472/545/387 453/546/388 171/547/389 173/548/390
f 508/411/280 487/549/391 469/550/392 242/551/393 500/552/394
f 264/537/375 658/553/395 270/532/373
f 270/532/396 658/553/396 657/554/396
f 455/146/99 464/484/326 456/555/397 444/147/100
f 222/556/398 213/481/323 149/480/322 179/557/399
f 556/558/400 555/559/401 548/560/402 549/561/403 567/562/404 568/468/311 581/467/310
f 818/563/405 816/564/405 795/565/405 1357/566/405 1356/567/405 1355/568/405
f 379/569/406 378/570/406 205/571/406 364/572/406
f 372/573/407 274/434/408 223/436/409 33/574/409
f 368/575/248 105/576/410 204/577/411 104/578/412
f 1331/579/413 1198/79/413 1221/84/413 1290/6/413
f 250/100/53 594/580/414 575/581/415
f 281/582/416 42/583/416 286/584/416
f 275/585/417 42/586/418 281/587/419
f 287/588/420 276/589/421 288/590/422
f 236/591/423 237/592/424 425/335/219 410/593/425
f 1264/594/426 1267/595/426 1234/596/426 1239/597/427 1278/598/428 1273/599/426
f 371/600/429 355/601/430 354/602/431 370/603/432
f 292/382/256 293/604/433 37/383/257
f 286/445/434 42/605/434 32/446/434
f 46/606/435 45/607/436 38/608/437
f 39/609/438 289/106/59 38/608/437
f 58/122/75 59/121/74 272/610/439 41/611/440 40/612/441
f 1337/613/442 1336/614/442 1335/615/442 1334/616/442 1301/617/442
f 1004/618/443 1022/619/443 1026/620/443 1042/621/444 1224/20/14 1118/460/445 916/36/19 933/35/17 931/622/443 955/623/443 951/624/443 971/625/446 1009/30/18 993/29/17
f 856/626/447 857/627/447 890/628/447 889/629/447
f 291/630/448 70/631/449 71/632/450 310/88/45 72/87/44
f 126/633/451 119/634/452 234/635/453 123/636/252
f 258/637/454 403/638/455 435/639/456 461/640/457
f 10/337/221 11/117/70 34/116/69 35/384/258
f 883/641/458 897/642/458 811/643/458 784/644/458
f 556/558/400 539/645/459 148/646/146 526/647/460
f 798/648/461 797/649/461 1359/650/461 1358/651/461
f 233/652/462 231/653/463 230/654/464 453/546/388 472/545/387
f 67/470/313 310/88/45 71/632/450
f 471/655/465 451/656/466 452/657/467 211/658/468
f 908/659/469 631/660/469 628/661/470 663/662/471
f 312/663/472 298/664/473 297/442/474
f 703/665/475 797/666/475 798/667/475 799/668/475
f 297/669/476 298/670/476 294/671/476
f 1076/672/477 1011/673/477 901/674/478 917/675/479 1199/676/480
f 211/658/468 431/677/481 454/678/482 252/307/198
f 882/679/483 687/339/223 686/341/225 708/680/484 718/681/485
f 554/682/486 553/683/487 552/684/488 536/685/489 535/686/490 557/687/491
f 209/688/492 304/689/493 210/690/494
f 119/691/452 490/127/80 229/126/79 234/692/453
f 1044/693/495 1144/694/496 907/695/497 665/696/497 908/659/497
f 78/697/498 85/698/499 16/699/500 15/56/27
f 326/700/501 316/701/502 309/702/503 308/703/504 130/704/505
f 307/705/506 130/704/505 23/706/507
f 562/707/508 543/221/141 224/708/509 225/709/510
f 207/430/288 344/429/287 203/710/511 350/711/512
f 309/702/503 316/701/502 317/712/513
f 250/100/53 585/713/514 584/714/515 593/715/516
f 311/441/517 312/663/472 297/442/474
f 449/716/518 440/717/519 441/718/520 451/719/466 489/720/239 257/721/521 255/722/522
f 75/137/90 77/723/523 18/60/31 14/59/30 114/118/71
f 842/724/524 885/725/524 838/726/524 839/727/524
f 609/728/525 614/729/525 613/730/525 608/731/525 610/732/525
f 743/733/526 885/734/526 842/735/526 886/736/526
f 1081/737/527 1070/738/527 1054/739/527 1361/740/527 1360/741/527
f 932/742/528 934/743/528 939/744/528 931/745/528
f 667/746/529 1200/747/530 975/748/531 906/749/532
f 1330/750/533 1328/751/533 1329/752/533 1293/753/533
f 558/754/534 225/709/535 224/708/536 542/755/537 539/645/459 556/558/400
f 383/756/538 359/212/135 357/211/134 365/757/539
f 767/758/540 691/759/541 688/760/542 766/761/543
f 157/762/544 345/763/545 156/278/179
f 1090/764/546 1181/765/546 1362/766/546 1363/767/546
f 831/768/547 820/769/547 804/770/547 809/771/547
f 507/408/277 508/411/280 500/552/394 506/772/548
f 419/773/549 437/774/550 435/639/456 403/638/455
f 400/506/345 399/505/344 244/775/551 245/776/552 436/777/553 428/778/554
f 616/779/555 617/780/556 609/781/556 610/782/557 664/783/558 976/784/556 1255/785/556 1301/786/556 1161/787/556 1299/788/559 1364/789/560 1365/790/556 1367/791/556 1366/792/561
f 1364/789/560 1299/788/559 1086/793/562 616/779/555 1366/792/561
f 980/794/563 1001/795/564 1369/796/565 1368/797/565
f 193/798/566 192/799/567 191/85/42
f 919/800/568 968/801/569 1013/802/570 663/662/568
f 313/463/306 45/803/436 46/804/435 44/805/571 294/671/572 298/670/573
f 1170/806/574 1169/807/574 1168/808/574 1167/809/574
f 1026/810/575 1041/811/576 1037/812/577 1038/813/578 1042/814/578
f 318/815/579 319/816/579 330/817/579
f 172/818/580 47/819/581 173/548/390 171/547/389 170/820/582
f 1314/821/583 1308/822/584 1298/823/585 1304/824/585 1309/825/585
f 726/826/586 828/827/586 865/828/587 737/829/588
f 333/399/589 322/401/589 323/400/589
f 129/830/590 128/831/591 136/832/592 127/833/593
f 283/834/594 331/835/594 341/836/594
f 283/396/595 333/837/596 332/838/597 331/839/597
f 313/463/306 298/670/573 312/840/598 311/841/598 319/816/599 320/464/307
f 778/842/600 903/843/600 902/844/600 898/845/600
f 1340/846/601 869/847/601 872/848/601 1371/849/601 1370/850/601
f 891/851/602 892/852/602 863/853/602 860/854/602
f 99/209/603 98/208/604 94/195/121 95/194/120
f 366/538/376 381/855/605 379/856/606 364/539/377
f 1373/857/607 873/858/607 875/859/607 1372/860/607
f 331/839/608 332/838/608 341/861/608
f 442/862/609 453/546/388 236/863/423 410/864/425 174/865/610
f 517/866/611 512/867/612 492/868/613 118/869/614
f 594/580/414 250/100/53 593/715/516 592/870/615
f 821/871/616 840/872/616 1376/873/616 1377/874/616 1374/875/616 1375/876/616
f 1135/877/617 1079/878/618 1130/879/619 1133/880/617 1137/881/617 1117/882/617 1116/883/617 1075/884/617 1064/885/617 1043/17/617 1066/16/617 1052/886/617 1010/887/617 1048/888/620 985/889/621 961/890/622 1011/673/623 1085/891/624 1141/892/617
f 185/893/68 510/236/67 502/309/200 511/428/87
f 354/602/431 355/601/430 336/894/625
f 835/895/626 741/896/626 719/897/626 714/898/626 706/899/626 800/900/626
f 1314/901/627 1315/902/627 1319/903/628 1317/904/629
f 526/905/460 148/226/146 144/229/149 514/409/278 139/906/630
f 426/202/128 393/907/631 417/370/244 427/203/129
f 177/908/632 69/909/633 79/910/634 78/697/498
f 317/712/513 67/470/313 1/911/635 309/702/503
f 490/127/80 119/691/452 120/912/144 118/869/614
f 121/225/145 120/224/144 119/634/452 126/633/451
f 234/692/453 229/126/79 231/913/463 233/914/462
f 1378/915/636 1184/392/636 1186/391/636 1379/916/636
f 591/917/637 249/918/638 594/919/639 592/920/637
f 1269/921/640 1275/922/641 1274/923/642
f 350/711/512 203/710/511 358/924/643
f 422/500/339 429/503/342 175/925/644 424/926/645 423/927/646
f 27/928/647 31/929/648 22/930/649
f 127/833/593 50/931/650 360/932/651
f 470/933/652 240/934/653 450/935/654 429/503/342 438/54/25 239/53/24
f 934/353/232 926/352/231 943/936/655 939/937/655
f 322/401/270 299/938/656 209/688/492 210/690/494 321/402/271
f 374/75/657 285/447/658 274/939/659
f 1336/614/660 1321/940/660 1318/941/661 1335/615/662
f 454/678/482 431/677/481 411/942/663 432/943/664
f 407/944/665 421/945/666 405/946/667 384/947/668 385/948/669
f 1158/949/670 1342/950/670 1380/951/670 1381/952/670 1153/953/670
f 161/305/671 162/306/672 158/277/178 83/276/177 93/485/327 159/303/671
f 251/954/673 446/955/674 477/426/285 253/308/199
f 355/601/430 363/956/675 338/957/676 337/958/677 336/894/625
f 116/959/678 147/960/679 146/482/324 213/481/323
f 397/961/680 188/962/681 363/956/675
f 509/963/238 196/297/191 501/296/190 257/721/682 489/720/239
f 406/502/341 359/212/135 383/756/538
f 450/935/654 170/820/582 171/547/389 175/925/644 429/503/342
f 85/698/499 25/964/683 21/487/329 16/699/500
f 1029/965/684 587/68/685 586/67/685 372/573/686
f 288/966/422 276/967/421 24/968/687 25/964/683 85/698/499
f 481/969/688 493/970/689 479/971/690 478/972/691 480/973/688
f 1242/974/692 1245/263/692 1118/460/445 1224/20/14 1222/49/20 1233/975/692 1237/976/692
f 399/977/693 376/978/693 375/979/693
f 378/980/694 379/981/694 401/982/694
f 348/983/695 107/376/250 106/375/249 335/458/302 112/457/301
f 53/984/696 360/985/651 50/986/650 52/132/85 54/131/84
f 1015/987/697 1014/988/697 1008/989/697 1007/990/697
f 564/991/698 565/270/174 181/269/173 545/369/243 563/992/699
f 984/993/700 983/994/700 982/995/700 986/996/700 989/997/700
f 408/998/701 215/999/702 387/1000/703
f 1172/1001/704 1174/1002/704 1131/1003/704 1132/1004/704
f 1383/1005/705 1150/1006/705 1151/1007/705 1384/1008/705 1382/1009/705
f 923/1010/706 928/1011/707 936/355/708 930/1012/709 924/1013/710
f 981/1014/711 980/1015/711 1368/1016/711 1385/1017/711 1386/1018/711
f 576/1019/712 580/1020/712 551/1021/712 579/1022/712
f 395/1023/713 391/333/217 414/332/216
f 965/1024/714 1009/30/18 971/625/446 952/1025/714
f 421/945/666 439/1026/715 419/773/549 405/946/667
f 451/656/466 441/1027/520 430/1028/716 452/657/467
f 142/1029/717 64/1030/718 13/1031/719 178/55/26 17/57/28 76/275/176
f 193/798/566 191/85/42 189/89/46 328/471/314 190/1032/720
f 41/1033/440 272/1034/439 279/119/72 113/103/56
f 138/1035/721 75/137/90 66/136/89 8/338/222 65/143/96
f 497/1036/722 484/1037/722 462/1038/723 468/1039/724 485/1040/725 498/1041/726
f 468/1039/724 462/1038/723 435/639/456 437/774/550 463/1042/727
f 401/1043/728 258/1044/729 380/1045/730
f 1035/1046/731 1021/1047/732 1034/1048/733 1030/1049/733 1031/1050/733
f 1324/1051/734 1258/1052/735 1068/1053/736 1317/1054/734
f 524/1055/737 140/1056/738 139/906/630 514/409/278
f 976/1057/739 664/1058/739 620/1059/739 906/749/739 1016/1060/739
f 231/913/463 232/387/261 237/592/424 230/1061/464
f 410/593/425 389/1062/740 388/1063/741 51/1064/742 174/1065/610
f 1278/598/428 1279/1066/743 1273/599/744
f 411/942/663 413/1067/745 432/943/664
f 943/1068/746 926/1069/746 1389/1070/746 1388/1071/746 1387/1072/746
f 408/1073/701 430/1074/716 216/1075/747 407/944/665 215/1076/702
f 743/151/748 746/1077/748 887/360/748 885/725/748
f 314/462/305 302/280/181 45/803/436 313/463/306
f 1133/1078/749 1130/1079/749 1071/1080/749 1104/1081/749 1107/1082/750 1114/1083/751
f 677/1084/752 679/1085/753 674/1086/754 673/1087/754 977/38/754
f 150/213/136 157/762/544 324/3/3 349/2/2
f 779/141/94 656/1088/755 781/1089/756 917/1090/479
f 211/658/468 252/307/198 182/235/155 473/238/157 471/655/465
f 771/1091/757 743/151/758 728/150/759 729/1092/759 720/1093/759 693/1094/759 694/1095/759 696/1096/759 702/1097/759 700/1098/759 717/1099/759 736/1100/760 739/1101/761 738/1102/759 722/1103/759 711/161/759 705/160/759 690/1104/759 714/1105/759 740/1106/759 762/1107/762 773/1108/763 766/761/543 688/760/542 678/1109/759 672/1110/759 768/1111/759
f 1243/1112/764 1247/1113/765 1241/1114/765 1240/1115/766
f 361/1116/767 369/218/138 108/220/140 107/376/250 348/983/695 187/1117/768
f 749/1118/769 725/1119/769 824/1120/769 850/1121/769
f 448/1122/770 457/1123/770 447/1124/770
f 348/983/695 112/457/301 111/1125/771 192/799/567
f 868/1126/772 866/1127/772 830/1128/772 820/769/772 831/768/772
f 636/1129/773 637/1130/773 627/1131/773 634/192/773 635/1132/773
f 251/954/673 253/308/199 252/307/198 454/678/482
f 621/1133/774 617/780/774 616/779/774 919/1134/774
f 68/1135/775 177/908/632 178/55/26 13/1031/776 280/1136/777
f 443/148/101 444/147/100 235/386/260
f 392/1137/778 417/370/244 393/907/631 394/1138/779
f 447/448/299 374/75/35 448/78/38
f 458/1139/780 245/776/552 457/1140/781
f 277/394/266 418/1141/782 373/1142/782 273/395/267
f 292/1143/256 30/1144/259 23/706/507 130/704/505 308/703/504
f 785/1145/783 1391/1146/783 1390/1147/783 788/1148/783 786/1149/783
f 13/1031/776 64/1030/718 3/1150/784 4/1151/785 280/1136/777
f 71/632/450 74/1152/786 284/1153/787 1/911/635 67/470/313
f 968/1154/788 919/1134/788 616/779/788 1086/793/788
f 143/1155/789 488/1156/790 141/410/279 145/228/148
f 459/1157/791 478/972/792 465/1158/793
f 466/1159/794 465/1158/794 478/972/794
f 1073/420/795 1072/419/795 1065/1160/795 1074/1161/795
f 21/487/329 82/486/328 17/57/28 15/56/27 16/699/500
f 256/1162/796 468/1039/724 463/1042/727
f 290/107/60 23/706/507 30/1144/259 35/1163/258 34/1164/69 36/108/61
f 797/666/797 703/665/797 809/771/797 804/770/797
f 222/556/398 115/1165/798 116/959/678 213/481/323
f 132/110/63 315/109/62 59/1166/74 57/1167/73 61/1168/799 134/1169/800
f 1093/1170/801 1088/1171/801 1091/1172/801 1096/1173/801 1094/1174/801
f 384/947/668 405/946/667 382/1175/802 358/924/643
f 620/1059/803 618/1176/804 619/1177/804 622/1178/805
f 478/972/691 479/971/690 466/1159/806
f 308/703/504 309/702/503 1/911/635 284/1153/787 293/1179/433 292/1143/256
f 856/626/807 889/629/807 891/851/807 860/854/807
f 482/1180/808 462/1038/723 483/1181/809
f 483/1181/810 484/1037/810 482/1180/810
f 483/1181/811 462/1038/811 484/1037/811
f 677/1084/752 784/644/812 679/1085/753
f 431/677/481 211/658/468 452/657/467 430/1028/716 217/1182/813
f 462/1038/723 467/1183/814 461/640/457 435/639/456
f 657/1184/815 776/1185/815 223/436/815 266/536/815
f 409/1186/816 53/984/696 54/131/84 55/1187/817 176/1188/818
f 494/1189/819 481/1190/820 480/1191/821
f 496/1192/822 495/1193/823 494/1189/819
f 1059/1194/824 1058/18/824 1061/169/824 1060/1195/824
f 1210/1196/825 1213/1197/825 1212/1198/825 1208/1199/825
f 141/410/279 487/549/391 508/411/280
f 872/1200/826 870/1201/826 1392/1202/826 1393/1203/826 1371/1204/826
f 164/1205/827 163/1206/828 155/1207/829 147/960/679 116/959/678 115/1165/798
f 227/1208/830 539/645/459 542/755/537 125/1209/831
f 1272/1210/832 1270/1211/833 1277/1212/834 1246/1213/835 1276/1214/836
f 358/924/643 366/538/376 342/12/9 343/11/8 350/711/512
f 18/60/31 19/196/122 20/104/57 278/58/29
f 396/1215/837 371/600/429 370/603/432 391/333/217 395/1023/713
f 194/1216/838 352/1217/839 190/1032/720 195/1218/840 356/1219/841
f 157/762/544 150/213/136 152/1220/842 351/130/83 62/129/843 345/763/545
f 346/454/291 335/458/302 106/375/249 368/374/248 104/1221/412
f 504/1222/844 374/75/657 274/939/659
f 372/573/407 504/1223/845 274/434/408
f 186/135/88 512/1224/612 517/1225/611 523/1226/846
f 199/1227/847 499/1228/847 498/1229/847
f 603/1230/848 602/1231/849 596/1232/850 1332/1233/848 598/1234/848
f 498/1235/851 499/1236/851 497/1237/851
f 1396/1238/852 846/1239/853 848/1240/854 823/1241/854 1395/1242/854 1394/1243/854 1397/1244/854
f 1228/1245/855 972/1246/856 1069/1247/857
f 393/907/631 413/1067/745 390/1248/858 394/1138/779
f 557/687/491 535/686/490 525/1249/859 248/1250/860
f 122/379/253 123/378/252 234/1251/453
f 258/1044/861 401/1043/861 379/569/861
f 666/1252/862 647/1253/862 670/1254/862 970/1255/862
f 432/943/664 413/1067/745 393/907/631 426/202/128 434/201/127
f 286/1256/863 44/1257/571 46/606/435 281/587/419
f 1398/1258/864 856/1259/864 860/1260/864 1399/1261/864
f 216/1075/747 440/717/519 421/945/666 407/944/665
f 102/1262/156 510/114/67 183/113/66
f 946/1263/865 962/1264/865 945/1265/865 944/1266/865
f 1153/953/866 1160/1267/866 1176/217/866 1175/1268/866
f 237/592/424 236/591/423 453/1269/388 230/1061/464
f 478/1270/867 494/1189/819 480/1191/821
f 515/1271/868 520/1272/868 519/1273/868
f 876/1274/869 879/1275/870 881/1276/871 832/1277/872
f 570/466/309 582/1278/873 225/709/535 558/754/534 581/467/310
f 1238/1279/874 1243/1280/764 1240/1281/766 1235/1282/875 1275/922/876
f 1400/1283/877 1384/1008/877 1151/1007/877 1152/1284/877 1401/1285/877
f 667/746/878 906/749/878 620/1059/878 630/1286/878
f 111/1125/771 112/457/301 110/456/300 265/1287/879
f 538/358/880 520/1272/881 537/1288/881 536/1289/881 553/1290/881 554/1291/881 550/1292/882
f 135/1293/883 353/1294/884 354/602/431 131/1295/885
f 1052/1296/886 1050/1297/886 1046/1298/886 1010/1299/886
f 459/1157/791 460/1300/887 241/1301/888 436/777/553 245/776/552 458/1139/780
f 1402/1302/889 1403/1303/889 1157/1304/889 1153/1305/889 1381/1306/889
f 385/948/669 384/947/668 204/577/411 105/576/410
f 1107/1307/890 1104/1308/891 1103/1309/892 1105/1310/893
f 519/1273/894 520/1272/894 538/358/894
f 327/1311/895 338/957/676 356/1219/841 195/1218/840
f 488/1156/790 143/1155/789 47/819/581 172/818/580 240/934/653
f 629/191/896 624/190/897 612/1312/897 621/1313/897 632/1314/898
f 387/1000/703 109/219/139 369/218/138 411/942/663 214/1315/899
f 121/225/145 126/633/451 125/1209/831
f 943/1068/900 942/1316/900 959/1317/900 939/744/900
f 524/1318/901 530/1319/901 140/1320/901
f 987/1321/902 996/1322/902 995/1323/902 997/1324/902
f 224/708/509 543/221/141 121/225/145 125/1209/831 542/755/537
f 512/867/612 186/1325/88 511/428/87 503/427/286
f 532/1326/903 533/1327/903 534/1328/903
f 1236/1329/904 1244/1330/904 1239/1331/904 1234/1332/904
f 625/1333/905 630/1286/906 620/1059/803
f 195/1218/840 190/1032/720 328/471/314 327/1311/895
f 1076/672/907 1178/1334/908 1085/891/624 1011/673/623
f 799/1335/909 707/1336/909 704/1337/909 703/1338/909
f 131/1295/885 326/700/501 130/704/505 307/705/506
f 474/125/78 228/124/77 443/148/101 232/387/261
f 46/606/435 38/608/437 289/106/59 43/105/58
f 544/222/142 543/221/141 562/707/508
f 392/1137/778 394/1138/779 194/1216/838 356/1219/841 188/962/681
f 62/129/82 347/128/81 61/1339/799 57/120/73 60/1340/910
f 829/1341/911 866/94/911 1339/98/911 1404/1342/911 1405/1343/911
f 533/1344/912 546/1345/912 534/1346/912
f 547/1347/913 546/1348/913 533/1349/913 532/1350/913 530/1351/913 524/1352/913 513/1353/913 505/1354/913 496/1192/913 494/1189/819 478/1270/867 459/1355/913 458/76/36 374/75/35 606/1356/913 538/358/235 575/1357/914 249/918/913 591/917/913 590/1358/913 226/1359/913 572/1360/913 571/1361/913 569/1362/913 567/1363/913 549/1364/913 548/1365/913
f 606/1356/915 566/1366/915 538/358/915
f 555/559/401 531/1367/916 532/1368/917 534/1346/918 546/1345/918 548/560/402
f 548/1365/919 546/1348/919 547/1347/919
f 122/379/253 472/545/387 173/548/390 47/819/581 49/380/254
f 1075/884/920 1074/1161/920 1065/1160/920 1064/885/920
f 550/1292/921 579/1369/921 551/1370/921
f 445/200/126 446/955/674 251/954/673 434/201/127
f 1193/1371/922 1192/1372/923 1189/1373/924 1191/1374/924
f 552/684/488 553/683/487 536/685/489
f 269/1375/925 306/86/43 111/1125/771 265/1287/879 69/1376/633
f 451/656/466 471/655/465 212/1377/240 489/1378/239
f 581/467/310 558/754/534 556/558/400
f 945/1265/926 964/282/183 947/281/182 944/1266/926
f 246/230/150 561/234/154 247/1379/927
f 431/677/481 217/1182/813 214/1315/899 411/942/663
f 1281/1380/928 1280/1381/929 1271/155/930 1273/599/931 1279/1066/932 1283/1382/933
f 1292/8/934 1288/188/934 1252/1383/934 1251/1384/934 1254/1385/934
f 306/86/43 269/1375/925 291/630/448 72/87/44
f 1407/1386/935 1015/987/935 1007/990/935 1406/1387/935
f 198/1388/936 516/1389/192 197/368/242 103/381/255 522/1390/937
f 776/1185/938 782/1391/939 33/574/940 223/436/938
f 569/1392/941 571/469/312 568/468/311
f 573/101/54 250/100/53 575/581/942
f 929/1393/943 923/1394/943 921/1395/943 1409/1396/943 1408/1397/943
f 574/102/944 578/1398/945 576/1019/946
f 578/1398/945 577/1399/947 576/1019/946
f 1231/1400/948 1305/1401/948 1016/1060/949 975/748/531 1200/747/530
f 576/1019/946 577/1399/947 580/1020/950
f 551/1370/951 580/359/236 538/358/235
f 576/1402/952 579/1403/952 574/1404/952
f 387/1000/703 214/1315/899 217/1182/813 430/1028/716 408/998/701
f 551/1370/953 538/358/880 550/1292/882
f 636/1405/954 645/1406/955 646/1407/956 648/1408/956
f 582/1278/873 570/466/309 572/465/308 226/1409/957 589/1410/958
f 868/1126/959 867/1411/959 895/1412/959 866/1127/959
f 220/407/960 222/1413/960 179/404/960
f 500/552/394 242/551/393 479/971/690 493/970/689 495/1414/961 496/1415/961 505/1416/962 506/772/548
f 396/1215/837 395/1023/713 414/332/216 235/386/260 415/1417/963
f 377/507/346 365/757/539 154/252/165 153/251/164 376/504/343
f 1127/1418/964 1145/1419/964 1146/1420/964 1129/1421/964
f 402/1422/965 404/1423/966 383/756/538 365/757/539
f 1206/1424/967 1227/1425/967 1225/1426/967 1223/1427/967 1172/1428/967
f 586/67/968 504/1223/968 372/573/968
f 356/1219/841 338/957/676 363/956/675 188/962/681
f 284/1429/787 6/1430/969 7/1431/970 37/383/257 293/604/433
f 535/686/490 537/1432/971 520/473/316 518/472/315 525/1249/859
f 591/1433/972 592/1434/972 590/1435/972
f 345/763/545 62/129/843 60/1340/910 56/1436/973 156/278/179
f 1245/263/974 1242/974/975 1240/1281/766 1241/1437/974
f 512/867/612 503/427/286 476/483/325 492/868/613
f 575/1357/914 538/358/235 578/357/234
f 418/1141/976 588/1438/977 373/1142/978
f 418/1141/976 604/1439/979 588/1438/977
f 604/1440/980 418/1441/980 486/1442/980
f 827/1443/981 807/1444/982 815/1445/983 826/1446/981 854/1447/981
f 1226/173/984 1220/178/985 1085/891/624 1178/1334/908 1229/1448/986 1017/1449/987 783/477/984 985/889/621 1048/888/620 1079/878/984 1147/1450/984 1225/1451/984
f 596/1232/988 595/288/989 1332/1233/990
f 1333/1452/991 1296/1453/991 588/1438/991
f 1410/1454/992 804/1455/992 829/1341/992 1405/1343/992
f 596/1232/988 600/285/993 595/288/989
f 596/1232/988 601/1456/994 600/285/993
f 601/1456/995 596/1232/850 602/1231/849
f 588/1457/996 604/1458/996 605/1459/996
f 504/1222/997 606/1356/997 374/75/997
f 504/1223/998 586/67/998 599/70/998
f 606/1460/999 504/1223/999 599/70/999
f 600/1461/1000 606/1460/1000 599/70/1000
f 601/1456/1001 606/1462/1001 600/285/1001
f 566/1366/1002 601/1463/1003 607/1464/1004
f 607/1464/1004 538/358/1005 566/1366/1002
f 605/1465/1006 538/358/1007 607/1464/1008
f 605/1459/1009 607/1466/1009 603/1230/1009
f 538/358/1010 604/1440/1010 486/1442/1010
f 604/1440/1011 538/358/1007 605/1465/1006
f 927/1467/1012 929/1393/1012 1408/1397/1012 1411/1468/1012 1412/1469/1012
f 1067/1470/1013 1179/1471/1014 904/1472/1015 940/1473/1016
f 132/110/63 133/1474/1017 307/705/506 23/706/507 290/107/60
f 608/731/1018 611/1475/1019 610/732/1020
f 619/1476/1021 611/1475/1019 608/731/1018
f 614/729/1022 612/1312/1023 624/190/117
f 626/189/1024 613/730/1025 614/729/1026
f 619/1476/1027 608/731/1028 615/240/159
f 624/190/117 626/189/116 614/729/1022
f 685/497/336 723/495/334 768/1111/1029 672/1110/1030 675/320/1031
f 663/1477/1032 621/1133/1032 919/1134/1032
f 789/1478/1033 695/1479/1033 787/1480/1033 788/1481/1033
f 614/1482/1034 609/781/1034 617/780/1034
f 664/783/558 610/782/557 611/1483/1035
f 611/1483/1035 618/1484/1036 664/783/558
f 619/1177/1037 618/1176/1037 611/1485/1037
f 620/1059/1038 664/1058/1038 618/1176/1038
f 784/644/812 677/1084/752 977/38/1039 836/37/1040
f 514/409/278 507/408/277 506/772/548 505/1416/962 513/1486/1041 524/1055/737
f 621/1487/1042 663/662/471 628/661/470
f 398/371/245 397/961/680 396/1215/837 415/1417/963 416/372/246
f 625/1333/905 620/1059/803 622/1178/805
f 741/1488/1043 835/1489/1043 881/1490/1043 765/1491/1043
f 8/338/222 7/1431/970 6/1430/969 63/144/97 65/143/96
f 1231/1400/1044 1312/1492/1045 1305/1401/1046
f 146/482/324 138/1035/721 65/143/96 137/142/95
f 1413/1493/1047 1095/1494/1047 1092/1495/1047 1414/1496/1047
f 391/333/217 370/603/432 362/1497/1048 412/334/218
f 630/1286/906 625/1333/905 640/1498/1049
f 694/1499/1050 787/1500/1050 695/1501/1050 696/1502/1050
f 598/1234/1051 597/1503/1051 605/1459/1051 603/1230/1051
f 1175/1268/1052 1195/1504/1052 1415/1505/1052 1416/1506/1052 1343/1507/1052
f 631/1508/1053 629/191/896 632/1314/898
f 142/1029/717 73/145/98 63/144/97 3/1150/784 64/1030/718
f 665/696/1054 633/1509/1054 631/660/1054
f 629/191/896 631/1508/1053 633/1510/1055
f 629/191/1056 633/1510/1056 634/192/1056
f 635/1132/1057 634/192/1057 643/1511/1057
f 327/1311/895 328/471/314 67/470/313 317/712/513 316/701/502
f 367/1512/1058 152/1220/842 150/213/136 359/212/135
f 758/1513/1059 760/1514/1059 894/1515/1059 871/1516/1059
f 638/242/1060 636/1129/1061 648/1517/1062
f 48/1518/1063 143/1155/789 145/228/148 521/227/147
f 665/696/1064 641/1519/1065 633/1509/1066
f 643/207/132 633/1520/1067 641/204/130
f 643/1511/1068 634/192/1068 633/1510/1068
f 1188/1521/1069 1187/1522/1070 1190/1523/1071 1192/1524/1072
f 643/207/1073 642/206/1074 644/1525/1075
f 879/1275/870 876/1274/869 874/1526/1076 878/1527/1076
f 645/1528/1077 644/1529/1077 672/1110/1077 678/1109/1077
f 999/1530/1078 1001/795/564 980/794/563 998/1531/1078
f 386/501/340 367/1512/1058 359/212/135 406/502/341
f 1084/1532/1079 1115/1533/1080 1108/1534/1081 1082/1535/1079
f 648/1408/1082 647/1253/1082 638/1536/1082
f 650/1537/1083 775/81/1083 649/1538/1083
f 1111/1539/1084 1110/1540/1085 1108/1534/1081 1115/1533/1080 1109/1541/1086
f 650/1537/1087 652/1542/1087 651/1543/1087
f 652/1544/1088 650/1545/1089 649/1546/1090
f 652/1544/1091 654/1547/1091 653/1548/1091 651/1549/1091
f 655/1550/1092 781/1551/1092 656/1552/1092
f 655/1550/1093 656/1552/1094 662/542/1095
f 654/1547/1096 662/1553/1096 656/1554/1096
f 654/1547/1097 656/1554/1097 653/1548/1097
f 776/1555/1098 657/1556/1098 649/1538/1098
f 658/553/1099 649/1546/1090 657/554/1100
f 652/1544/1088 649/1546/1090 658/553/1099
f 652/1544/1101 658/553/395 659/1557/1102
f 271/544/385 654/1547/1103 660/1558/1104
f 661/543/1105 655/1550/1093 662/542/1095
f 662/1553/1106 654/1547/1106 271/544/1106
f 266/541/1107 270/532/1107 657/554/1107
f 264/537/375 659/1557/1102 658/553/395
f 262/527/386 271/544/385 660/1558/1104
f 268/525/1108 662/1553/1108 271/544/1108
f 388/1063/741 129/830/590 127/833/593 360/932/651
f 625/1333/1109 622/1178/1109 623/1559/1109 638/1560/1109 640/1498/1109
f 528/111/64 529/133/86 181/269/173 180/233/153 184/112/65
f 908/659/1110 665/696/1110 631/660/1110
f 666/1561/1111 667/746/1112 630/1286/1113
f 647/1562/1114 666/1561/1114 630/1286/1114
f 1279/1066/932 1282/510/1115 1248/509/1115 1289/1563/1115 1283/1382/933
f 909/1564/1116 641/1519/1065 665/696/1064
f 10/337/221 37/383/257 7/1431/970 8/338/222
f 671/321/1117 672/1110/1117 642/1565/1117
f 644/1529/1118 642/1565/1118 672/1110/1118
f 669/478/1119 646/1566/1120 676/1567/1121
f 669/1568/1119 670/1254/1122 646/1407/1120
f 646/1569/1123 678/1109/1124 676/1570/1125
f 678/1109/1124 646/1569/1123 645/1528/1126
f 1350/1571/1127 1073/1572/1127 1082/1573/1127 1418/1574/1127 1417/1575/1127
f 678/1109/1128 680/340/1129 676/1570/1130
f 671/321/1131 675/320/1031 672/1110/1030
f 334/4/4 320/464/307 319/816/599 318/815/1132 330/817/1132 329/249/162 340/1/1
f 674/318/1133 671/321/1133 673/1576/1133
f 273/395/297 918/1577/1134 661/543/1134 259/437/295
f 862/1578/1135 818/1579/1135 1355/1580/1135 1419/1581/1135 1420/1582/1135
f 682/1583/1136 675/320/211 681/319/210
f 172/818/580 170/820/582 450/935/654 240/934/653
f 682/1583/1137 681/319/1137 674/318/1137 679/1584/1138 684/498/1139
f 684/498/338 675/320/337 682/1583/1140
f 639/241/1141 637/1130/1141 636/1129/1061 638/242/1060
f 485/1040/725 201/295/189 200/294/188 199/1585/318 498/1041/726
f 59/1166/74 315/109/62 36/108/61 272/1586/439
f 305/1587/1142 81/1588/1143 265/1589/879 110/1590/300 325/432/290
f 640/1498/1144 638/1560/1144 647/1562/1144 630/1286/1144
f 1087/1591/1145 1120/1592/1146 1181/1593/1147 1090/1594/1147
f 439/1026/715 463/1042/727 437/774/550 419/773/549
f 668/205/1148 641/204/1148 909/1595/1148 973/1596/1148
f 699/1597/1149 702/1097/1149 696/1096/1149
f 482/1180/808 467/1183/814 462/1038/723
f 694/1598/1150 693/1599/1150 801/1600/1150
f 138/1035/721 146/482/324 147/960/679 75/137/90
f 716/1601/1151 712/1602/1151 696/1096/1151
f 792/1603/1152 698/1604/1152 697/1605/1152
f 697/1606/1153 698/1607/1153 699/1608/1153
f 698/1609/1154 702/1610/1154 699/1611/1154
f 701/1612/1155 702/1097/1155 698/1613/1155
f 796/182/1156 700/1614/1156 701/1615/1156
f 701/1612/1157 700/1098/1157 702/1097/1157
f 703/244/1158 704/1616/1158 710/245/1158
f 732/1617/1159 731/1618/1160 852/1619/1161 853/1620/1159
f 704/159/1162 690/1104/1162 705/160/1162
f 707/1336/1163 690/1621/1163 704/1337/1163
f 707/1622/1164 800/900/1164 706/899/1164
f 706/1623/1165 690/1104/1165 707/1624/1165
f 810/1625/1166 715/493/1167 692/499/1168
f 151/197/123 19/196/122 18/60/31 77/723/523
f 709/1626/1169 697/1605/1170 699/1627/1171
f 527/1628/1172 522/1390/937 183/113/66 184/112/65 180/233/153
f 714/1105/1173 690/1104/1173 706/1623/1173
f 815/1629/1174 792/1603/1174 697/1605/1174 734/1630/1174 826/1631/1174
f 796/182/113 713/181/112 700/1614/1175
f 1423/1632/1176 841/1633/1176 839/727/1176 1421/1634/1176 1422/1635/1176
f 291/630/448 269/1375/925 69/1376/633 177/1636/632 68/1637/775
f 713/1638/1177 717/1099/1178 700/1098/1179
f 1233/975/1180 1235/1282/1181 1242/974/1182 1237/976/1182
f 710/245/1183 711/1639/1183 722/246/1183
f 473/238/157 102/237/156 101/1640/241 212/1377/240 471/655/465
f 721/1641/1184 712/1602/1184 716/1601/1184
f 726/1642/1185 717/1099/1178 713/1638/1177
f 1017/1449/1186 1078/1643/1186 970/1644/1186 783/477/1186
f 264/537/1187 263/531/1187 261/523/1187 262/527/1187
f 877/1645/1188 896/273/1188 761/272/1188 763/1646/1188
f 767/758/1189 882/679/483 718/681/485
f 719/1647/1190 740/1106/1190 714/1105/1190
f 724/1648/1191 720/1649/1191 729/1650/1191
f 725/1651/1192 730/1652/1192 721/1653/1192
f 373/1142/1193 588/1438/1193 1296/1453/1193 1180/1654/1193
f 741/1655/1194 740/1106/1194 719/1647/1194
f 729/1092/1195 728/150/1196 727/149/1197
f 729/1092/1195 727/149/1197 724/1656/1198
f 749/1657/1199 730/1658/1199 725/1659/1199
f 733/1660/1200 732/1661/1200 734/1662/1200
f 754/1663/1201 736/1100/1201 735/1664/1201
f 737/829/588 736/1665/1202 717/1666/1203
f 737/1667/1204 717/1099/1178 726/1642/1185
f 765/1668/1205 740/1106/1206 741/1655/1207
f 762/1107/1208 740/1106/1206 765/1668/1205
f 336/894/625 337/958/677 316/701/502 326/700/501
f 1142/1669/1209 1159/1670/1209 1160/1267/1209 1156/1671/1209
f 744/152/104 743/151/103 886/1672/1210
f 746/1077/1211 745/1673/1212 747/1674/1213
f 745/1673/1214 749/1657/1214 748/1675/1214
f 732/1661/1215 750/1676/1215 731/1677/1215
f 750/1676/1216 751/1678/1217 752/1679/1218
f 731/1677/1219 750/1676/1219 859/1680/1219
f 753/1681/1220 754/1663/1221 755/1682/1222
f 758/1683/1223 756/1684/1223 757/1685/1223
f 758/1513/1224 757/1686/1224 760/1514/1224
f 757/1686/1225 759/1687/1225 760/1514/1225
f 761/1688/1226 759/1687/1226 757/1686/1226
f 593/715/516 584/714/515 582/1278/873 589/1410/958
f 764/1689/1227 765/1668/1227 880/1690/1227
f 198/1388/936 522/1390/937 527/1628/1172 540/1691/1228
f 569/1392/941 568/468/311 567/562/404
f 769/1692/1229 771/1091/757 768/1111/1230
f 770/1693/1231 771/1091/757 769/1692/1229
f 750/1676/1232 752/1679/1232 890/628/1232 858/1694/1232
f 766/761/1233 774/1695/1233 767/758/1233
f 775/81/41 910/80/40 776/1555/1234
f 904/1472/1235 775/81/1236 650/1537/1237
f 775/81/1238 776/1555/1238 649/1538/1238
f 904/1472/1235 650/1537/1237 777/1696/1239
f 769/1697/1240 900/1698/1241 777/1696/1242
f 904/1472/1243 777/1696/1242 900/1698/1241
f 770/1693/1244 769/1692/1244 772/1699/1244
f 782/1391/939 1029/965/684 372/573/686 33/574/940
f 780/140/93 774/139/1245 772/1700/1245 769/1697/1245 777/1696/1246
f 469/550/392 487/549/391 470/933/652 239/53/24
f 1199/676/480 1254/1701/1247 1251/1702/1248 1076/672/1248
f 776/1555/1234 910/80/40 782/529/365
f 918/1577/1249 905/1703/1250 655/1550/1251
f 661/543/1252 918/1577/1252 655/1550/1252
f 851/1704/1253 824/166/1254 817/165/1254 823/1705/1254 848/1706/1255
f 907/695/1256 909/1564/1257 665/696/1258
f 985/889/1259 783/477/319 683/479/321 902/844/1259 961/890/1259
f 1265/289/1260 1228/1245/1260 1078/1707/1260 1263/290/1260
f 1424/1708/1261 1204/1709/1261 1203/1710/1261 1202/1711/1261 1425/1712/1261
f 786/1713/1262 788/1481/1262 787/1480/1262
f 801/1714/1263 787/1500/1263 694/1499/1263
f 302/280/181 314/462/305 324/3/3 157/762/544 156/278/179
f 237/592/424 232/387/261 433/336/220 425/335/219
f 1426/1715/1264 802/1716/1264 789/1717/1264 1427/1718/1264
f 802/1719/1265 695/1479/1265 789/1478/1265
f 815/1445/1266 791/1720/1266 792/1721/1266
f 790/1722/1267 794/1723/1268 791/1720/1269
f 791/1720/1269 794/1723/1268 792/1721/1270
f 793/1724/1271 794/1723/1268 790/1722/1267
f 794/1725/1272 796/257/1272 792/260/1272
f 793/1724/1273 795/1726/1273 794/1723/1273
f 797/649/1274 804/1727/1274 1428/1728/1274 1359/650/1274
f 387/1000/703 215/999/702 105/1729/410 368/374/248 109/219/139
f 1142/1730/1275 1156/1731/1275 1155/1732/1276 1140/1733/1277
f 805/346/1278 799/668/1278 798/667/1278
f 805/346/1279 800/350/1279 799/668/1279
f 799/1335/1280 800/1734/1280 707/1336/1280
f 1429/1735/1281 1391/1736/1281 785/1737/1281
f 814/1738/1282 786/1713/1283 801/1739/1284
f 801/1739/1285 786/1713/1285 787/1480/1285
f 1426/1740/1286 1347/415/1286 802/414/1286
f 806/164/1287 803/163/1287 695/1479/1287
f 806/164/1288 695/1479/1288 802/1719/1288
f 1431/1741/1289 790/1742/1290 807/1743/1291 1430/1744/1292
f 1354/1745/1293 790/1742/1290 1431/1741/1289
f 807/1444/1294 790/1722/1294 791/1720/1294
f 815/1445/983 807/1444/982 791/1720/1295
f 89/172/1296 88/171/1296 87/1746/1296 26/1747/1296 24/1748/1296 282/1749/1296 287/1750/1296 295/1751/1296 300/1752/1297 301/1753/1298 322/1754/1299 333/837/596 283/396/595 219/403/272 160/406/275 159/1755/1296 93/1756/1296 92/185/1296 91/184/1296 90/170/1296
f 1357/566/1300 795/565/1300 793/1757/1300 1353/1758/1300
f 816/1759/1301 808/1760/1302 795/1726/1303
f 808/1760/1304 812/1761/1305 796/1762/1306
f 1428/1763/1307 804/1455/1307 1410/1454/1307
f 1325/1764/1308 1260/157/1309 1319/903/1310 1320/1765/1311 1327/1766/1312 1262/154/1310 1326/158/1313
f 805/1767/1314 1433/1768/1315 1432/1769/1316
f 805/1767/1314 798/1770/1317 1358/1771/1317 1433/1768/1315
f 70/631/449 280/1772/777 4/1773/785 74/1152/786 71/632/450
f 221/1774/1318 220/407/276 219/403/272 32/446/1318 42/605/1318 275/1775/1318 31/1776/1318 27/92/1318 28/91/1318 29/93/1318 99/1777/1318 95/1778/1318 97/1779/1318 168/317/1318 169/316/1318 100/313/202 165/311/204 115/425/1318
f 1125/1780/1319 1121/1781/1320 1434/1782/1320 1435/1783/1320 1436/1784/1321
f 124/377/251 49/380/254 47/819/581 143/1155/789 48/1518/1063
f 1038/813/1322 1037/812/1322 1035/1785/1322 1031/1786/1323 1036/1787/1324
f 1287/1788/1325 1286/1789/1326 1285/1790/1327
f 1312/1492/1045 1316/1791/1328 1310/1792/1328 1307/1793/1329
f 819/1794/1330 808/1760/1302 816/1759/1301
f 457/1140/1331 245/776/552 244/775/551 447/1795/1331
f 136/832/592 135/1293/883 133/1474/1017 132/110/63 134/1169/800
f 819/1794/1332 812/1761/1305 808/1760/1304
f 833/1796/1333 813/1797/1333 805/1767/1333 1432/1769/1333 1437/1798/1333
f 784/1799/1334 811/1800/1334 810/1625/1334
f 202/1801/187 525/1249/859 518/472/315 200/476/188
f 276/1802/1335 287/1750/1335 282/1749/1335 24/1748/1335
f 804/1455/1336 820/1803/1336 829/1341/1336
f 449/716/518 255/722/522 463/1042/727 439/1026/715
f 827/1804/1337 825/1805/1337 1439/1806/1337 1438/1807/1337
f 1441/1808/1338 1018/1809/1338 1028/1810/1338 1442/1811/1338 1440/1812/1338
f 818/1813/1339 819/1794/1339 816/1759/1339
f 833/1796/1340 834/1814/1340 813/1797/1340
f 822/1815/1341 720/1649/1342 724/1648/1343
f 987/1321/1344 991/1816/1344 990/1817/1344 996/1322/1344
f 823/1241/1345 1443/1818/1346 1395/1242/1347
f 1443/1818/1346 823/1241/1345 817/1819/1348 1348/1820/1348
f 926/1069/1349 927/1821/1349 1412/1822/1349 1444/1823/1349 1445/1824/1349
f 585/713/514 250/100/53 583/99/52 246/230/150 247/1379/927
f 824/1825/1350 725/1651/1350 721/1653/1350 716/1826/1350 803/1827/1350
f 825/1805/1351 827/1804/1351 854/1828/1351
f 1101/1829/1352 1102/1830/1352 1123/1831/1352 1122/1832/1352
f 296/279/180 156/278/179 56/1436/973 40/612/441
f 862/1833/1353 819/1794/1353 818/1813/1353
f 829/1341/1354 820/1803/1354 830/1834/1354
f 1107/1307/890 1105/1310/893 1110/1540/1085 1111/1539/1084 1106/1835/1355
f 830/1128/1356 866/1127/1356 829/1836/1356
f 832/1837/1357 833/1838/1358 1447/1839/1359 1446/1840/1357
f 833/1841/1360 832/1277/1360 834/348/1360
f 881/1276/871 835/349/229 832/1277/872
f 832/1277/872 835/349/229 834/348/228
f 579/1022/1361 550/1842/1361 554/682/486 557/687/491 583/99/52 574/102/55
f 898/1843/1362 882/679/483 767/758/1189
f 822/1815/1363 724/1648/1363 837/1844/1363
f 837/1844/1364 727/1845/1364 742/1846/1364
f 837/1844/1365 724/1648/1365 727/1845/1365
f 839/1847/1366 838/1848/1367 1448/1849/1367 1449/1850/1368
f 709/1626/1169 733/1851/1369 734/1630/1369 697/1605/1170
f 695/1852/1370 803/1827/1370 716/1826/1370 696/1853/1370
f 840/872/1371 841/1854/1372 1423/1855/1372 1450/1856/1373
f 397/961/680 398/371/245 417/370/244 392/1137/778 188/962/681
f 841/1633/1374 842/724/1374 839/727/1374
f 843/1857/1375 842/724/1375 841/1633/1375
f 837/1858/1376 841/1633/1376 840/1859/1376
f 843/1860/1377 841/1861/1377 742/1862/1377
f 837/1858/1378 742/153/1378 841/1633/1378
f 864/1863/1379 865/1864/1380 862/1833/1381 861/1865/1379
f 1451/1866/1382 844/1867/1382 845/1868/1383 1452/1869/1384
f 840/1859/1385 821/1870/1385 822/1871/1385 837/1858/1385
f 1454/1872/1386 845/1868/1386 846/1239/1386 1453/1873/1386
f 845/1868/1383 1454/1872/1387 1452/1869/1384
f 183/113/66 522/1390/937 103/381/255 101/367/241 102/1262/156
f 847/1874/1388 849/1875/1389 846/1876/1390
f 197/368/242 516/1389/192 196/1877/191 509/364/238
f 846/1876/1390 849/1875/1389 848/1706/1255
f 849/1875/1389 851/1704/1253 848/1706/1255
f 850/1878/1391 851/1704/1391 849/1875/1391
f 851/1879/1392 850/1121/1392 824/1120/1392
f 850/1121/1393 849/1880/1393 749/1118/1393
f 382/1175/802 381/855/605 366/538/376 358/924/643
f 1084/1532/1394 1083/1881/1394 1116/883/1394 1115/1533/1394
f 58/122/75 40/612/441 56/1436/973 60/1340/910 57/120/73
f 517/1225/611 118/1882/614 120/224/144 117/223/143 523/1226/846
f 826/1631/1395 734/1630/1396 732/1617/1397
f 853/1620/1398 826/1631/1395 732/1617/1397
f 380/1045/730 283/396/1399 341/861/1399 206/1883/1399 205/571/1399 378/570/1399 401/1043/728
f 1455/1884/1400 855/1885/1401 857/627/1402 1456/1886/1402
f 858/1694/1403 857/627/1403 855/1885/1403
f 149/480/322 73/145/98 142/1029/717 76/275/176
f 863/1887/1404 861/1888/1404 1457/1889/1404 1458/1890/1404
f 892/852/1405 861/1865/1405 863/853/1405
f 656/1088/1406 779/141/94 780/140/93 653/1891/1407
f 892/852/1408 864/1863/1408 861/1865/1408
f 862/1833/1381 865/1864/1380 819/1794/1332
f 865/828/1409 735/1892/1410 736/1665/1411
f 865/828/587 736/1665/1202 737/829/588
f 1138/1893/1412 1134/1894/1412 1132/1895/1412 1135/1896/1412 1136/1897/1412 1139/1898/1412
f 868/1899/1413 738/247/1414 739/1900/1415
f 831/248/1416 738/247/1414 868/1899/1413
f 867/1901/1417 868/1899/1413 739/1900/1415
f 867/1901/1418 739/1900/1418 756/1902/1418
f 871/1516/1419 872/848/1420 869/847/1421
f 1459/1903/1422 1460/1904/1422 1056/1905/1422 1059/1906/1422 1461/1907/1422
f 637/1130/1423 639/241/1423 615/240/1423 608/731/1423
f 867/1411/1424 756/1908/1424 895/1412/1424
f 1100/1909/1425 1125/1910/1426 1099/1911/1427 1098/1912/1425 1095/1913/1425
f 874/1914/1428 1463/1915/1429 1462/1916/1430
f 875/859/1431 874/1914/1432 1464/1917/1433 1372/860/1431
f 1463/1915/1429 874/1914/1428 876/1918/1434 1465/1919/1435
f 873/1920/1436 877/1921/1437 875/1922/1438
f 877/1921/1439 874/1526/1440 875/1922/1441
f 877/1921/1439 878/1527/1442 874/1526/1440
f 878/1923/1443 880/1924/1444 879/1925/1445
f 673/1576/1446 671/321/1446 642/1565/1446 668/1926/1446
f 557/687/491 248/1250/860 198/1388/936 540/1691/1228 541/232/152 559/231/151
f 765/1491/1447 881/1490/1447 879/1925/1447
f 346/433/291 104/578/412 204/577/411 344/429/287
f 884/494/333 768/1111/1029 723/495/334
f 527/1628/1172 180/233/153 541/232/152 540/1691/1228
f 843/1857/1448 886/1672/1449 842/724/1450
f 843/1857/1448 744/152/1451 886/1672/1449
f 843/1860/1452 742/1862/1452 744/1927/1452
f 838/726/1453 887/360/1454 844/363/1455
f 885/725/1456 887/360/1454 838/726/1453
f 869/847/1457 866/1127/1457 895/1412/1457 871/1516/1457
f 847/1928/1458 745/1929/1459 849/1880/1460
f 849/1880/1460 745/1929/1459 748/1930/1461
f 849/1880/1462 748/1930/1462 749/1118/1462
f 503/427/286 477/426/285 446/955/674 464/484/326 476/483/325
f 890/628/1463 857/627/1463 858/1694/1463
f 858/1931/1464 852/1619/1465 859/1932/1466
f 870/1933/1467 893/1934/1467 896/1935/1467 873/1920/1467
f 858/1931/1464 859/1932/1466 750/1936/1468
f 852/1619/1161 731/1618/1160 859/1932/1469
f 891/1937/1470 753/1938/1470 892/301/1470
f 1284/1939/1471 1250/1940/1471 1247/1113/1471 1246/1213/1471
f 892/301/1472 753/1938/1472 755/302/1472
f 894/1515/1473 872/848/1420 871/1516/1419
f 375/451/1474 376/1941/1474 153/452/1474
f 871/1942/1475 895/1943/1475 758/1944/1475
f 1235/1282/1181 1233/975/1180 1274/923/642 1275/922/641
f 895/1943/1476 756/1945/1476 758/1944/1476
f 516/1389/192 198/1388/936 248/1250/860 525/1249/859 202/1801/187
f 896/1935/1477 877/1921/1437 873/1920/1436
f 585/713/514 247/1379/927 564/991/698 560/1946/1478 584/714/515
f 878/1923/1443 764/1947/1479 880/1924/1444
f 879/1925/1480 880/1924/1480 765/1491/1480
f 882/1948/1481 898/845/1482 902/844/1483
f 883/641/1484 916/36/1485 899/1949/1486
f 899/1950/1486 916/1951/1485 940/1473/1487
f 899/1952/1488 900/1953/1489 897/1954/1490
f 897/1955/1490 883/1956/1491 899/1957/1488
f 768/1111/1029 884/494/333 897/1954/1492
f 961/890/1493 902/844/1494 901/674/1495
f 901/674/1495 902/844/1494 903/843/1496
f 449/716/518 439/1026/715 421/945/666 440/717/519
f 86/1958/1497 85/698/499 78/697/498 79/910/634 80/1959/1498
f 904/1472/1243 899/1950/1499 940/1473/1500
f 904/1472/1243 900/1698/1241 899/1950/1499
f 901/674/478 903/843/1501 917/675/479
f 903/843/1501 779/1960/94 917/675/479
f 903/1961/1501 778/138/91 779/141/94
f 1254/1385/1502 1294/1962/1502 1295/9/1502 1292/8/1502
f 628/661/470 631/660/1503 632/1963/1503 621/1487/1042
f 535/686/490 536/685/489 537/1432/971
f 538/358/1504 486/1442/1504 380/1045/730 258/1044/729 461/1964/1504 467/1965/1504 482/1966/1504 484/1967/1504 497/1968/1504 499/1228/1504 199/1227/1504 515/1271/1504 519/1273/1504
f 833/1969/1358 1466/1970/1505 1447/1971/1359
f 833/1972/1506 1437/1973/1506 1466/1974/1506
f 839/1847/1366 1449/1850/1368 1421/1975/1507
f 840/872/1371 1450/1856/1373 1376/873/1508
f 428/778/554 402/1422/965 365/757/539 377/507/346 400/506/345
f 846/1239/853 1396/1238/852 1453/1873/1509
f 1467/1976/1510 855/1977/1401 1455/1978/1400
f 861/1888/1511 1468/1979/1511 1457/1889/1511
f 564/991/698 563/992/699 544/222/142 562/707/508 560/1946/1478
f 874/1914/1432 1462/1916/1512 1464/1917/1433
f 590/1358/1513 592/920/1513 226/1359/1513
f 1065/1980/1514 1063/1981/1514 1062/1982/1514 1064/1983/1514
f 836/37/1040 916/36/1485 883/641/1484 784/644/812
f 302/280/181 296/279/180 39/1984/438 38/1985/437 45/803/436
f 1068/1053/1515 909/1564/1257 907/695/1256 1144/694/1515
f 912/1986/1516 911/1987/1516 913/1988/1516
f 915/1989/1517 913/1988/1517 924/1990/1517
f 134/1169/800 61/1168/799 50/931/650 127/833/593 136/832/592
f 1465/1919/1435 876/1918/1434 832/1837/1518 1446/1840/1518
f 192/799/567 111/1125/771 306/86/43 191/85/42
f 911/1991/1519 941/31/1520 920/1992/1521
f 941/31/1522 911/1991/1522 912/32/1522
f 921/1395/1523 1469/1993/1523 1409/1396/1523
f 938/1994/1524 1470/1995/1524 1469/1996/1524 921/1997/1524
f 938/1998/1525 921/1999/1526 920/1992/1527
f 921/1999/1526 922/2000/1528 920/1992/1527
f 911/1991/1519 920/1992/1521 922/2000/1529
f 647/1253/1530 648/1408/1530 646/1407/1530 670/1254/1530
f 921/1999/1531 924/1013/1531 922/2000/1531
f 923/1010/706 924/1013/710 921/1999/1532
f 928/2001/1533 923/1394/1533 929/1393/1533
f 893/1934/1534 870/1933/1534 872/848/1534 894/1515/1534
f 915/1989/1535 924/1990/1535 930/2002/1535
f 913/33/1536 925/2003/1536 914/34/1536
f 915/2004/1537 925/2003/1537 913/33/1537
f 231/913/463 229/126/79 474/125/78 232/387/261
f 389/1062/740 410/593/425 425/335/219 412/334/218
f 927/351/1538 936/355/708 928/1011/707
f 929/2005/1539 927/351/1539 928/1011/1539
f 936/355/1540 937/2006/1540 930/1012/1540
f 563/992/699 545/369/243 523/1226/846 117/223/143 544/222/142
f 857/2007/1541 856/2008/1541 1398/2009/1541 1456/2010/1541
f 932/2011/1542 931/622/1542 933/35/1542
f 925/2012/1543 933/2013/1543 914/2014/1543
f 932/742/1544 935/2015/1544 934/743/1544
f 256/1162/796 463/1042/727 255/722/522 257/721/682 501/296/190
f 932/742/1545 933/2013/1545 935/2015/1545
f 1087/2016/1546 1089/2017/1546 1088/1171/1546 1093/1170/1546
f 936/2018/1547 935/2015/1547 937/2019/1547
f 931/745/1548 939/744/1548 959/1317/1548 955/2020/1548
f 781/1551/756 1077/2021/1549 1199/676/480 917/675/479
f 902/844/1483 683/479/1550 687/2022/1550 882/1948/1481
f 1150/2023/1551 1134/2024/1552 1138/2025/1553 1152/2026/1554 1151/2027/1555
f 166/2028/1556 168/198/124 151/197/123 155/1207/829 163/1206/828
f 531/1367/916 526/647/460 139/2029/630 140/2030/738 530/2031/1557 532/1368/917
f 926/1069/1558 1445/1824/1558 1389/1070/1558
f 262/527/386 660/1558/1104 659/1557/1102 264/537/375
f 1137/881/1559 1114/2032/1559 1113/2033/1559 1112/2034/1559 1117/882/1559
f 251/954/673 454/678/482 432/943/664 434/201/127
f 1009/2035/1560 962/2036/1560 941/2037/1560
f 962/2038/1561 920/1992/1561 941/31/1561
f 962/2039/1562 938/2040/1563 920/2041/1564
f 430/1028/716 441/1027/520 440/2042/519 216/2043/747
f 98/208/604 27/928/647 22/930/649 20/104/57 19/196/122 94/195/121
f 1267/2044/1565 1232/2045/1566 1229/1448/1567 1244/1330/1568 1236/1329/1569 1234/1332/1569
f 944/2046/1570 1471/2047/1570 1472/2048/1570
f 944/2046/1571 1472/2048/1571 1473/2049/1571 946/2050/1571
f 946/1263/1572 938/2051/1563 962/1264/1562
f 51/2052/742 388/2053/741 360/985/651 53/984/696
f 959/2054/1573 958/2055/1573 954/2056/1573 955/2057/1573
f 209/688/492 84/2058/1574 86/2059/1497 304/689/493
f 947/281/1575 948/284/1576 950/2060/1577
f 1475/2061/1578 950/2062/1578 1474/2063/1578
f 950/2062/1579 960/2064/1579 1476/2065/1579 1474/2063/1579
f 1476/2065/1580 960/2064/1580 1477/2066/1580
f 952/2067/1581 951/2068/1582 953/2069/1583
f 954/2070/1584 951/2071/1584 955/2020/1584
f 952/2067/1585 953/2069/1585 956/2072/1585
f 952/2067/1586 956/2072/1586 948/2073/1586
f 951/2074/1587 957/2075/1588 953/2076/1589
f 953/2076/1589 957/2075/1588 956/2077/1590
f 951/2071/1591 954/2070/1591 957/2078/1591
f 957/2075/1592 948/2079/1592 956/2077/1592
f 948/2080/1576 957/2078/1593 950/2062/1577
f 957/2078/1594 954/2070/1594 958/2081/1594
f 957/2078/1595 958/2081/1595 950/2062/1595
f 950/2062/1596 958/2081/1596 960/2064/1596
f 1477/2082/1597 960/2083/1597 942/2084/1597 1478/2085/1597
f 1471/2047/1598 944/2046/1598 947/2086/1598 1479/2087/1598
f 963/2088/1599 945/2089/1599 962/2090/1599
f 1009/2091/1600 963/2092/1600 962/2093/1600
f 992/328/1601 981/1014/1601 1386/1018/1601 1346/329/1601
f 1009/2094/1602 965/2095/1603 963/2088/1604
f 358/924/643 203/710/511 344/429/287 204/577/411 384/947/668
f 966/2096/1605 964/2097/1605 965/2095/1605
f 966/2096/1606 949/2098/1606 964/2097/1606
f 952/2099/1607 948/2100/1608 949/2098/1609
f 952/2099/1607 949/2098/1609 966/2096/1610
f 854/1828/1611 855/1977/1611 1467/1976/1611 1480/2101/1611 1481/2102/1611
f 1392/2103/1612 870/2104/1612 873/858/1612 1373/857/1612 1482/2105/1612
f 971/625/1613 951/624/1582 952/1025/1581
f 966/2106/1614 965/2107/1614 952/2108/1614
f 70/2109/449 291/2110/448 68/1135/775 280/1136/777
f 1143/214/1615 1142/1669/1616 1085/891/624 1217/2111/1617 1197/215/1615
f 1478/2112/1618 942/1316/1618 943/1068/1618 1387/1072/1618
f 1082/1535/1619 1108/1534/1619 1483/2113/1619 1484/2114/1619 1418/2115/1619
f 937/2116/1620 925/2117/1620 915/1989/1620 930/2002/1620
f 980/2118/1621 981/66/1621 982/65/1621
f 998/2119/1622 980/2118/1622 982/65/1622
f 983/994/1623 998/2120/1623 982/995/1623
f 983/994/1624 979/2121/1624 998/2120/1624
f 979/24/1625 983/2122/1625 978/25/1625
f 1274/923/642 1233/975/1180 1222/49/1626 1266/2123/1627 1269/921/640
f 983/2122/1628 984/2124/1628 978/25/1628
f 1468/1979/1629 861/1888/1629 862/1578/1629 1420/1582/1629 1485/2125/1629
f 316/701/502 337/958/677 338/957/676 327/1311/895
f 300/2126/1630 295/2127/1631 84/2058/1574 209/688/492 299/938/656
f 299/2128/1632 322/1754/1299 301/1753/1298 300/1752/1297
f 240/934/653 470/933/652 487/549/391 141/410/279 488/1156/790
f 494/1189/819 495/1193/823 493/2129/1633 481/1190/820
f 76/275/176 17/57/28 82/486/328 83/276/177
f 991/62/1634 987/2130/1634 988/63/1634
f 993/2131/1635 995/2132/1636 994/2133/1637
f 995/2132/1636 996/2134/1638 994/2133/1637
f 995/2135/1639 993/29/1639 997/28/1639
f 1270/1211/833 1272/1210/832 1268/2136/1640 1261/156/1641
f 347/128/81 52/132/85 50/986/650 61/1339/799
f 990/2137/1642 994/2138/1642 996/2139/1642
f 1000/23/1643 999/2140/1643 979/24/1643
f 999/2140/1644 998/2141/1644 979/24/1644
f 970/1644/1645 670/2142/1645 669/478/1645 783/477/1645
f 1002/2143/1646 1486/2144/1647 1487/2145/1648
f 1488/2146/1649 1486/2147/1649 1002/2148/1649 1003/2149/1649
f 1003/2149/1650 1489/2150/1650 1488/2146/1650
f 1003/2151/1651 990/2152/1651 1490/2153/1651 1489/2154/1651
f 990/1817/1652 991/1816/1653 1491/2155/1654 1490/2156/1652
f 991/1816/1653 1345/2157/1655 1491/2155/1654
f 1448/2158/1656 838/2159/1656 844/1867/1656 1451/1866/1656 1492/2160/1656
f 1004/2161/1657 1006/2162/1657 1008/989/1657
f 1004/2163/1658 1005/2164/1658 1006/2165/1658
f 1005/2166/1659 1004/2161/1659 993/2167/1659
f 1005/2166/1660 993/2167/1661 1006/2162/1662
f 1006/2162/1662 993/2167/1661 994/2168/1663
f 1007/2169/1664 1002/2143/1646 1487/2145/1648 1406/2170/1664
f 1007/2171/1665 1008/2172/1666 1002/2173/1667
f 1003/2174/1668 1008/989/1668 1006/2162/1668
f 1002/2173/1667 1008/2172/1666 1003/2175/1669
f 1003/2174/1670 1006/2162/1670 994/2168/1670
f 1003/2176/1671 994/2138/1671 990/2137/1671
f 1399/1261/1672 860/1260/1672 863/1887/1672 1458/1890/1672
f 967/82/1673 1221/84/1673 1012/83/1673
f 906/749/532 975/748/531 1016/1060/949
f 1231/1400/1674 1200/747/1674 667/746/1112 666/1561/1111 972/2177/1674 1228/2178/1674
f 1014/988/1675 1022/2179/1675 1004/2161/1675 1008/989/1675
f 644/1525/1075 645/1406/955 636/1405/954 635/2180/1676 643/207/1073
f 129/830/590 362/1497/1048 353/1294/884 128/831/591
f 634/192/1677 627/1131/1677 626/189/1677
f 1011/673/623 961/890/622 901/674/1678
f 561/234/154 565/270/174 564/991/698 247/1379/927
f 778/2181/1679 898/1843/1679 767/758/1679 774/1695/1679
f 1018/2182/1680 1441/2183/1680 1493/2184/1680
f 1494/2185/1681 1020/2186/1681 1018/2187/1681 1493/2188/1681
f 1041/2189/1682 1019/2190/1682 1018/2191/1682
f 1041/2192/1683 1018/2187/1683 1020/2186/1683
f 1495/2193/1684 1021/2194/1684 1020/2195/1684 1494/2196/1684
f 1022/2197/1685 1014/2198/1686 1023/2199/1687
f 1023/2200/1687 1014/988/1686 1024/2201/1688
f 1025/2202/1689 1023/2200/1689 1024/2201/1689
f 1025/2203/1690 1027/2204/1691 1026/810/575
f 1028/1810/1692 1014/988/1692 1015/987/1692
f 1024/2201/1693 1014/988/1693 1018/1809/1693
f 1018/1809/1694 1014/988/1694 1028/1810/1694
f 1019/2205/1695 1024/2201/1695 1018/1809/1695
f 1019/2205/1696 1025/2202/1696 1024/2201/1696
f 1027/2206/1697 1025/2202/1698 1019/2205/1699
f 1025/2207/1700 1022/2208/1700 1023/2209/1700
f 1025/2210/1701 1026/2211/1701 1022/2212/1701
f 1000/2213/1702 1032/2214/1702 999/2215/1702
f 1030/2216/1703 1001/795/1703 999/1530/1703
f 390/1248/858 361/1116/1704 187/1117/768 352/1217/839 194/1216/838 394/1138/779
f 1031/2217/1705 1030/2216/1705 999/1530/1705
f 1032/2214/1706 1031/1786/1706 999/2215/1706
f 1036/1787/1324 1031/1786/1323 1032/2214/1707
f 1033/2218/1708 1496/2219/1709 1497/2220/1710
f 1033/2218/1708 1497/2220/1710 1369/2221/1711 1001/2222/1711
f 1030/2223/1712 1033/2224/1712 1001/2225/1712
f 1030/2226/1713 1034/2227/1713 1033/2218/1713
f 1032/2214/1714 1039/2228/1714 1036/1787/1714
f 826/1446/1715 853/2229/1715 852/2230/1715 858/1694/1715 855/1885/1715 854/1447/1715
f 389/1062/740 412/334/218 362/1497/1048 129/830/590 388/1063/741
f 1035/1046/731 1040/2231/1716 1021/1047/732
f 1039/2232/1717 1038/2233/1717 1036/2234/1717
f 1067/459/1718 940/2235/1718 916/36/19 1118/460/445
f 118/869/614 492/868/613 491/123/76 490/127/80
f 1037/812/1719 1040/2236/1719 1035/1785/1719
f 1039/2237/1720 1042/2238/1720 1038/2239/1720
f 1021/1047/1721 1041/2240/1721 1020/2241/1721
f 1040/2231/1722 1041/2240/1722 1021/1047/1722
f 1041/811/576 1040/2236/1723 1037/812/577
f 1027/2204/1691 1041/811/576 1026/810/575
f 1027/2206/1697 1019/2205/1699 1041/2242/1724
f 135/1293/883 131/1295/885 307/705/506 133/1474/1017
f 1224/20/14 1042/621/444 1039/21/15
f 1046/1298/1725 1049/2243/1726 1047/2244/1727
f 767/758/1728 718/681/1728 708/680/1729 691/759/541
f 1047/2244/1730 1048/2245/1730 1010/1299/1730
f 1046/1298/1725 1047/2244/1727 1010/1299/1731
f 1049/2246/1732 1046/2247/1732 1050/2248/1732 1053/2249/1733 1056/2250/1734 1055/2251/1732
f 1297/2252/1735 1298/823/1735 1308/822/1736 1256/2253/1737
f 1051/2254/1738 1050/1297/1738 1052/1296/1738
f 1053/2255/1739 1050/1297/1740 1051/2254/1741
f 1052/2256/1742 1066/2257/1742 1051/2258/1742
f 825/1805/1743 854/1828/1743 1481/2102/1743 1498/2259/1743 1439/1806/1743
f 768/1111/1744 897/1954/1744 900/1953/1744 769/1692/1744
f 1054/2260/1745 1049/2246/1745 1055/2251/1745
f 1361/2261/1746 1054/2262/1746 1055/2263/1746 1499/2264/1746
f 1502/2265/1747 1209/2266/1747 1211/2267/1748 1501/2268/1749 1500/2269/1747
f 1499/2264/1750 1055/2263/1750 1056/1905/1750 1460/1904/1750
f 1056/2250/1734 1053/2249/1733 1057/19/1751
f 1057/2270/1752 1053/2255/1739 1051/2254/1741
f 1066/2271/1753 1057/2270/1753 1051/2254/1753
f 1059/1194/1754 1056/2250/1754 1057/19/1754
f 1059/1194/1755 1057/19/1755 1058/18/1755
f 1461/1907/1756 1059/1906/1756 1060/2272/1756 1503/2273/1756
f 1504/2274/1757 1503/2275/1757 1060/1195/1757
f 1504/2274/1758 1060/1195/1758 1072/419/1758 1505/2276/1758
f 1061/2277/1759 1058/2278/1759 1043/2279/1759
f 539/645/459 227/1208/830 521/2280/147 148/646/146
f 1060/1195/1760 1061/169/1760 1063/168/1760
f 1072/419/1761 1063/168/1762 1065/1160/1763
f 1072/419/1761 1060/1195/1764 1063/168/1762
f 1062/167/1765 1043/17/1765 1064/885/1765
f 1442/2281/1766 1028/2282/1766 1015/2283/1766 1407/2284/1766 1506/2285/1766
f 1351/2286/1767 1505/2287/1767 1072/2288/1767
f 789/1717/1768 788/1148/1768 1390/1147/1768 1427/1718/1768
f 1080/72/1769 1048/2289/1769 1047/73/1769
f 1081/737/1770 1360/741/1770 1507/2290/1770
f 653/1891/1407 780/140/93 777/1696/1246 650/1537/1771 651/1543/1771
f 1084/1532/1772 1073/420/1773 1074/1161/1774
f 1082/1535/1775 1073/420/1773 1084/1532/1772
f 1084/2291/1776 1075/2292/1776 1083/2293/1776
f 1074/2294/1777 1075/2292/1777 1084/2291/1777
f 303/2295/1778 80/2296/1498 79/2297/634 81/1588/1143 305/1587/1142
f 113/103/56 289/106/59 39/609/438 41/1033/440
f 1087/1591/1779 1093/2298/1779 969/39/1779
f 1089/2299/1780 1092/2300/1781 1088/2301/1782
f 1090/1594/1783 1092/2300/1781 1089/2299/1780
f 1090/1594/1784 1089/2299/1784 1087/1591/1784
f 1092/1495/1785 1508/2302/1786 1414/1496/1787
f 1092/1495/1785 1090/2303/1788 1363/2304/1788 1508/2302/1786
f 556/558/400 526/647/460 531/1367/916 555/559/401
f 1093/2298/1789 1045/40/1789 969/39/1789
f 1045/2305/1790 1093/1170/1790 1094/1174/1790
f 1096/2306/1791 1091/2307/1791 1098/1912/1791
f 1095/1913/1792 1098/1912/1793 1091/2307/1794
f 1097/2308/1795 1094/1174/1795 1096/1173/1795
f 1094/2309/1796 1097/2310/1796 1045/2311/1796
f 1098/1912/1797 1099/1911/1797 1096/2306/1797
f 354/602/431 336/894/625 326/700/501 131/1295/885
f 1100/2312/1798 1095/1494/1799 1413/1493/1799 1509/2313/1800
f 1097/2314/1801 1122/2315/1801 1045/2316/1801
f 1097/2308/1802 1096/1173/1803 1099/2317/1804
f 1101/2318/1805 1097/2308/1802 1099/2317/1804
f 1122/2319/1806 1097/2320/1806 1101/2321/1806
f 1102/2322/1807 1101/2323/1807 1099/2324/1807
f 1071/2325/1808 1070/2326/1809 1103/1309/892
f 1079/878/1810 1048/888/1810 1080/2327/1810
f 1081/2328/1811 1507/2329/1811 1510/2330/1811
f 1081/2331/1812 1510/2332/1812 1511/2333/1812 1103/2334/1812
f 1081/2331/1813 1103/2334/1813 1070/2335/1813
f 1071/2325/1808 1103/1309/892 1104/1308/891
f 444/147/100 456/555/397 415/1417/963 235/386/260
f 1068/1053/1814 1119/2336/1814 973/2337/1814 909/1564/1814
f 1512/2338/1815 1105/2339/1815 1103/2334/1815 1511/2333/1815 1513/2340/1815
f 1514/2341/1816 1105/2339/1817 1512/2338/1818
f 1483/2342/1819 1108/2343/1819 1515/2344/1819
f 808/1760/1820 796/1762/1820 794/1723/1820 795/1726/1820
f 303/2295/1778 208/431/289 207/430/288 210/690/494 304/689/493
f 1110/1540/1821 1516/2345/1821 1515/2346/1821 1108/1534/1821
f 43/105/58 20/104/57 22/930/649 31/929/648 275/585/417 281/587/419 46/606/435
f 1105/2339/1817 1514/2341/1816 1516/2347/1822 1110/2348/1822
f 1111/1539/1823 1109/1541/1824 1112/2034/1825
f 1112/2349/1826 1113/2350/1826 1111/2351/1826
f 1111/2351/1827 1114/1083/1828 1106/2352/1829
f 1111/2351/1827 1113/2350/1830 1114/1083/1828
f 1120/1592/1831 1182/2353/1831 1184/2354/1831 1181/1593/1831
f 1115/2355/1832 1116/2356/1832 1109/2357/1832
f 1109/1541/1824 1116/883/1833 1112/2034/1825
f 1116/883/1834 1083/1881/1834 1075/884/1834
f 1117/882/1835 1112/2034/1835 1116/883/1835
f 1119/2336/1836 1201/48/1836 1120/1592/1836 969/39/1836 977/38/1836 973/2337/1836
f 969/39/1837 1120/1592/1146 1087/1591/1145
f 1078/1707/1838 1228/1245/855 1069/1247/857 972/1246/856 666/1252/1838 970/1255/1838
f 1100/2312/1798 1509/2313/1800 1517/2358/1839
f 1518/2359/1840 1434/1782/1840 1121/1781/1840 1100/2360/1840
f 1100/2360/1798 1517/2361/1839 1518/2359/1841
f 1123/1831/1842 1102/1830/1842 1099/2362/1842
f 1125/1910/1426 1123/2363/1843 1099/1911/1427
f 1121/1781/1844 1125/1780/1844 1100/2360/1844
f 1124/2364/1845 1122/2365/1846 1126/2366/1847
f 1122/2365/1846 1123/2367/1848 1126/2366/1847
f 1125/2368/1849 1126/2366/1849 1123/2367/1849
f 1129/2369/1850 1124/2364/1851 1126/2366/1852
f 1127/2370/1853 1129/2371/1850 1126/2372/1852
f 1128/2373/1854 1127/1418/1855 1126/2374/1856
f 1128/2375/1854 1126/2376/1856 1125/2377/1857
f 1436/1784/1321 1519/2378/1858 1128/2373/1858 1125/1780/1319
f 1071/1080/1859 1130/1079/1859 1080/2379/1859
f 1079/878/618 1080/2327/1860 1130/879/619
f 1131/2380/1861 1079/878/1861 1135/877/1861
f 1132/1895/1862 1131/2381/1862 1135/1896/1862
f 1334/616/1863 1335/615/1863 1306/2382/1864 1315/902/1865 1309/2383/1866 1304/2384/1863
f 1013/802/1867 1044/693/1867 908/659/1867 663/662/1867
f 193/798/566 190/1032/720 352/1217/839 187/1117/768
f 1133/880/1868 1114/2032/1868 1137/881/1868
f 1139/2385/1869 1136/2386/1870 1141/892/1871
f 1136/2386/1870 1135/877/1872 1141/892/1871
f 1106/2352/1873 1114/1083/751 1107/1082/750
f 529/133/86 186/135/88 523/1226/846 545/369/243
f 1154/2387/1874 1138/1893/1875 1140/1733/1876
f 1140/1733/1876 1138/1893/1875 1139/1898/1877
f 1139/2385/1878 1141/892/1878 1140/2388/1878
f 689/496/335 723/495/334 685/497/336
f 1142/1669/1616 1141/892/1879 1085/891/624
f 1140/2388/1880 1141/892/1880 1142/1669/1880
f 1252/2389/1881 1288/2390/1881 1289/1563/1881 1248/509/1881
f 353/1294/884 362/1497/1048 370/603/432 354/602/431
f 720/1649/1342 822/1815/1341 801/1600/1882 693/1599/1882
f 422/500/339 423/927/646 176/1188/818 55/1187/817 367/1512/1058 386/501/340
f 942/1316/1883 960/2064/1883 958/2081/1883 959/1317/1883
f 1150/2023/1551 1132/2391/1884 1134/2024/1552
f 1149/2392/1885 1132/2391/1885 1150/2023/1885
f 1520/2393/1886 1148/2394/1886 1150/1006/1886 1383/1005/1886
f 1150/1006/1887 1148/2394/1887 1149/2395/1887
f 1520/2393/1888 1521/2396/1888 1148/2394/1888
f 1221/84/1889 967/82/1890 775/81/1890 904/1472/1015 1179/1471/1014
f 1154/2397/1891 1157/2398/1892 1152/2026/1554 1138/2025/1553
f 21/487/329 25/964/683 24/968/687 26/488/330
f 227/2399/830 125/2400/831 124/377/251 48/1518/1063 521/227/147
f 924/1990/1893 913/1988/1893 911/1987/1893 922/2401/1893
f 1155/1732/1276 1154/2387/1894 1140/1733/1277
f 1154/2397/1895 1155/2402/1895 1156/1671/1895
f 1401/1285/1896 1152/1284/1896 1157/1304/1896 1403/1303/1896
f 637/1130/1897 608/731/1897 613/730/1025 626/189/1024 627/1131/1897
f 1153/953/1898 1156/1671/1898 1160/1267/1898
f 1160/2403/1899 1159/2404/1900 1143/2405/1901
f 1159/1670/1902 1142/1669/1902 1143/214/1902
f 623/239/158 622/2406/1903 619/1476/1027 615/240/159
f 1162/2407/1904 1523/2408/1904 1522/2409/1904
f 1522/2410/1905 1524/2411/1905 1163/2412/1905 1162/2413/1905
f 1165/2414/1906 1145/1419/1906 1164/2415/1906
f 1166/2416/1907 1165/2414/1907 1164/2415/1907
f 1145/2417/1908 1165/2418/1909 1171/2419/1910
f 1167/809/1911 1171/2420/1911 1165/2414/1911
f 1167/809/1912 1165/2414/1913 1166/2416/1914
f 1162/2413/1915 1167/809/1912 1166/2416/1914
f 1168/808/1916 1171/2420/1916 1167/809/1916
f 1163/2412/1917 1167/809/1918 1162/2413/1919
f 221/1774/1920 115/425/1920 222/1413/1920
f 1170/806/1921 1167/809/1918 1163/2412/1917
f 1525/2421/1922 1164/2415/1922 1526/2422/1922
f 1527/2423/1923 1166/2424/1923 1164/2425/1923 1525/2426/1923
f 1527/2427/1924 1523/2428/1924 1162/2413/1924 1166/2416/1924
f 1146/2429/1925 1145/2417/1908 1171/2419/1910
f 1168/2430/1926 1146/2431/1926 1171/2432/1926
f 1194/2433/1927 1146/2434/1927 1168/2435/1927
f 1173/2436/1928 1149/2437/1929 1148/2438/1930
f 296/279/180 40/612/441 41/611/440 39/1984/438
f 1147/1450/1931 1079/878/1932 1131/2380/1933
f 1147/1450/1931 1131/2380/1933 1174/2439/1934
f 963/2088/1604 965/2095/1603 964/2097/1935 945/2089/1935
f 406/502/341 383/756/538 404/1423/966 243/51/22 420/50/21
f 4/1151/785 3/1150/784 63/144/97 6/1430/969
f 1176/217/1936 1160/1267/1899 1143/214/1901
f 730/1658/1937 749/1657/1937 745/1673/1212 746/1077/1211 743/151/758 771/1091/757 770/1693/1231 773/1108/763 762/1107/762 765/1668/1937 764/1689/1937 763/2440/1937 761/1688/1937 757/1686/1937 756/1908/1937 739/1101/761 736/1100/760 754/1663/1221 753/1681/1220 751/1678/1217 750/1676/1216 732/1661/1937 733/1660/1937 709/2441/1937 699/1597/1937 696/1096/1937 712/1602/1937 721/1641/1937
f 1158/949/1938 1153/953/1938 1175/1268/1938
f 272/1034/439 36/2442/61 34/116/69 279/119/72
f 1184/392/1939 1528/2443/1940 1362/2444/1941 1181/2445/1941
f 287/588/420 288/590/422 84/2058/1574 295/2127/1631
f 1183/47/1942 1182/2353/1942 1120/1592/1942
f 1184/392/1939 1378/915/1943 1528/2443/1940
f 603/1230/1944 607/1466/1944 601/1456/1944 602/1231/1944
f 1529/2446/1945 1470/1995/1945 938/1994/1945 946/2447/1945 1473/2448/1945
f 321/402/271 210/690/494 207/430/288 350/711/512 343/11/8
f 1186/2449/1946 1190/1523/1071 1187/1522/1070
f 1189/1373/1947 1190/390/264 1185/389/263
f 1183/2450/1948 1191/1374/1948 1189/1373/1948 1185/389/1948 1182/388/1948
f 1239/597/427 1244/511/349 1282/510/348 1279/1066/743 1278/598/428
f 1188/1521/1069 1192/1524/1072 1163/2451/1949
f 258/637/454 379/856/606 381/855/605 403/638/455
f 1189/1373/1950 1192/1372/1950 1190/390/1950
f 1530/2452/1951 1188/2453/1952 1163/2454/1953 1524/2455/1953
f 1188/2453/1952 1530/2452/1951 1531/2456/1954
f 1169/807/1955 1170/806/1955 1192/2457/1955
f 1192/2457/1956 1170/806/1956 1163/2412/1956
f 1194/45/1957 1168/2458/1958 1169/2459/1959
f 1193/2460/1960 1194/45/1957 1169/2459/1959
f 1169/2461/1961 1192/1372/923 1193/1371/922
f 1532/2462/1962 1148/2438/1963 1521/2463/1964
f 1173/2436/1965 1148/2438/1963 1532/2462/1962 1533/2464/1965
f 1415/1505/1966 1195/1504/1966 1534/2465/1966
f 1196/2466/1967 1535/2467/1967 1534/2468/1967 1195/2469/1967
f 423/927/646 424/926/645 409/1186/816 176/1188/818
f 1201/2470/1968 1183/2471/1968 1120/2472/1968
f 753/1938/1969 891/1937/1969 889/2473/1969 751/2474/1969
f 1191/46/1970 1194/45/1957 1193/2460/1960
f 122/379/253 234/1251/453 233/652/462 472/545/387
f 1172/2475/1971 1173/2476/1971 1202/2477/1971
f 1536/2478/1972 1173/2436/1972 1533/2464/1972
f 1536/2479/1973 1425/1712/1973 1202/1711/1973 1173/2480/1973
f 1320/1765/1974 1319/903/1974 1318/941/1974 1321/940/1974 1322/2481/1974
f 349/2/2 340/1/1 154/252/165 365/757/539 357/211/134
f 1203/2482/1975 1204/2483/1976 1206/2484/1977
f 1204/1709/1978 1424/1708/1978 1501/2268/1749 1211/2267/1748
f 1205/2485/1979 1211/2486/1980 1212/265/1981
f 1204/2483/1976 1211/2486/1980 1205/2485/1979
f 1206/2484/1977 1204/2483/1976 1205/2485/1979
f 1502/2487/1982 1537/2488/1982 1209/2489/1982
f 1538/2490/1983 1535/2467/1984 1196/2466/1985
f 1196/2491/1985 1207/267/1986 1539/2492/1986 1538/2493/1983
f 1539/2494/1987 1207/2495/1987 1540/2496/1987
f 1207/267/171 1196/2491/1988 1208/268/172
f 947/2086/1989 950/2497/1989 1475/2498/1989 1541/2499/1989 1542/2500/1989 1479/2087/1989
f 1209/2501/1990 1537/2502/1990 1540/2496/1990 1207/2495/1990
f 582/1278/873 584/714/515 560/1946/1478 562/707/508 225/709/510
f 1211/2486/1991 1209/266/170 1212/265/169
f 1214/2503/1992 1212/265/1993 1213/176/1994
f 1205/2485/1995 1212/265/1993 1214/2503/1992
f 1205/2504/1996 1214/2505/1996 1206/1424/1996
f 1214/2505/1997 1215/2506/1997 1206/1424/1997
f 1287/1788/1998 1285/1790/1998 1246/1213/1998 1277/1212/1998 1261/156/1998 1271/155/1998 1280/1381/929 1289/1563/1999
f 1213/2507/2000 1215/2506/2000 1214/2505/2000
f 1177/2508/2001 1197/2509/2001 1216/2510/2001
f 1216/2510/2002 1197/2509/2002 1219/2511/2002
f 1216/2512/2003 1195/1504/2004 1177/216/2005
f 1196/2491/2006 1195/1504/2004 1216/2512/2003
f 1218/2513/2007 1196/2491/2008 1216/2512/2009
f 1208/268/2010 1196/2491/2008 1218/2513/2007
f 1218/2514/2011 1217/2515/2012 1210/1196/2013
f 1218/2514/2011 1210/1196/2013 1208/1199/2014
f 1217/2111/2015 1219/2516/2015 1197/215/2015
f 1220/178/2016 1210/177/2016 1217/2111/2016
f 1223/1427/2017 1174/2517/2017 1172/1428/2017
f 1147/1450/2018 1174/2439/2018 1223/2518/2018
f 1320/1765/1311 1322/2481/2019 1327/1766/1312
f 1225/1451/2020 1147/1450/2020 1223/2518/2020
f 1225/1451/2021 1227/174/2021 1226/173/2021
f 1206/1424/2022 1215/2506/2022 1227/1425/2022
f 162/306/672 179/557/399 149/480/322 76/275/176 158/277/178
f 1220/178/985 1217/2111/1617 1085/891/624
f 925/2012/2023 937/2019/2023 935/2015/2023 933/2013/2023
f 1232/2045/1566 1017/1449/987 1229/1448/986
f 105/576/410 215/1076/702 407/944/665 385/948/669
f 469/550/392 239/53/24 238/52/23 436/777/553 241/1301/888
f 1229/1448/2024 1178/1334/2024 1076/672/2024
f 1230/2519/2025 1077/2021/2025 781/1551/2025 655/1550/2025 905/1703/2025
f 684/2520/1139 679/1085/1138 784/644/2026 810/2521/2026 692/2522/2026
f 4/1151/785 6/1430/969 284/1429/787 74/2523/786
f 807/1743/1291 827/1804/2027 1438/1807/2027 1430/1744/1292
f 1543/2524/2028 1526/2422/2028 1164/2415/2028 1128/2373/2028 1519/2378/2028
f 126/633/451 123/636/252 124/2525/251 125/1209/831
f 367/1512/1058 55/1187/817 54/131/84 351/130/83 152/1220/842
f 1240/1281/766 1242/974/975 1235/1282/875
f 889/2526/2029 890/2527/2029 752/2528/2029 751/2529/2029
f 353/1294/884 135/1293/883 136/832/592 128/831/591
f 810/1625/1166 811/1800/2030 897/1954/2030 884/494/2030 715/493/1167
f 1247/264/2031 1245/263/2031 1241/1437/2031
f 1247/1113/2032 1243/1112/2032 1238/2530/2032 1276/1214/836 1246/1213/835
f 1244/1330/1568 1229/1448/1567 1251/1702/2033
f 583/99/52 557/687/491 559/231/151 246/230/150
f 460/1300/887 479/971/690 242/551/393 469/550/392 241/1301/888
f 846/1876/2034 845/362/2034 888/361/2034 847/1874/2034
f 1076/672/2035 1251/1702/2035 1229/1448/2035
f 1251/2531/2036 1252/2532/2036 1248/2533/2036
f 178/55/26 177/908/632 78/697/498 15/56/27
f 1067/1470/1013 1249/519/354 1179/1471/1014
f 1253/518/353 1179/1471/1014 1249/519/354
f 1179/1471/1014 1253/518/2037 1221/84/1889
f 594/919/639 249/918/638 575/1357/2038
f 1311/2534/2039 1337/613/2039 1302/2535/2039 1307/2536/2039 1310/2537/2040 1313/2538/2041
f 819/1794/1332 865/1864/1380 828/2539/2042 812/1761/1305
f 575/581/2043 578/1398/945 574/102/944 573/101/2043
f 479/971/690 460/1300/887 459/1157/791 465/1158/793 466/1159/806
f 1256/2253/2044 1257/2540/2044 1044/693/2044 1013/802/2044 1297/2252/2044
f 1257/2540/2045 1144/694/496 1044/693/495
f 1257/2540/2045 1068/1053/2046 1144/694/496
f 1265/2541/2047 1231/1400/2048 1228/2178/2049
f 1068/1053/736 1258/1052/735 1119/2336/2050
f 1266/2123/2051 1201/48/2052 1258/1052/2053
f 1258/1052/2053 1201/48/2052 1119/2336/2054
f 1258/1052/2055 1259/2542/2055 1266/2123/2055
f 1259/2543/2056 1260/157/2057 1261/156/2058
f 1260/157/2057 1259/2543/2056 1258/2544/2059
f 1263/2545/2060 1267/595/2060 1264/594/2060
f 1271/155/2061 1262/154/2061 1264/594/2061
f 1263/2545/2062 1264/594/2062 1262/154/2062
f 1429/2546/2063 785/2547/2063 786/2548/2063 814/2549/2063 821/871/2063 1375/876/2063
f 1261/156/1641 1268/2136/1640 1259/2543/2064
f 1267/2044/1565 1017/1449/987 1232/2045/1566
f 418/1441/2065 277/397/2065 283/396/2065 380/1045/2065 486/1442/2065
f 763/1646/2066 764/1947/2066 878/1923/2066 877/1645/2066
f 1271/155/930 1264/594/2067 1273/599/931
f 1266/2123/1627 1222/49/1626 1201/48/2068
f 456/555/397 464/484/326 446/955/674 445/200/126 427/203/129 254/373/247
f 1259/2542/2069 1269/921/2070 1266/2123/2071
f 654/1547/2072 652/1544/2072 659/1557/2072 660/1558/2072
f 589/1410/958 226/1409/957 592/870/615 593/715/516
f 1261/2550/2073 1277/2551/2073 1270/2552/2073
f 1238/2530/874 1275/2553/876 1269/2554/2070 1272/1210/2074 1276/1214/2075
f 305/1587/1142 325/432/290 208/431/289 303/2295/1778
f 1289/1563/1999 1280/1381/929 1281/1380/928 1283/1382/933
f 32/446/368 219/403/2076 261/526/2076 263/534/369
f 1145/1419/2077 1127/1418/2077 1128/2373/2077 1164/2415/2077
f 989/27/2078 974/26/2078 978/25/2078 984/2124/2078
f 415/1417/963 456/555/397 254/373/247 416/372/246
f 1092/2300/2079 1095/1913/1792 1091/2307/1794 1088/2301/2079
f 491/123/76 492/868/613 476/483/325 475/461/304
f 1496/2219/2080 1033/2218/2080 1034/2227/2080 1021/2194/2080 1495/2193/2080
f 304/689/493 86/2059/1497 80/2296/1498 303/2295/1778
f 1203/2482/1975 1206/2484/1977 1172/2475/2081 1202/2477/2081
f 1077/2555/1549 1294/1962/2082 1254/1385/1247 1199/2556/480
f 1268/2557/2083 1272/2558/2074 1269/921/2070 1259/2542/2069
f 1180/1654/2084 918/1577/2084 273/395/2084 373/1142/2084
f 1285/1790/2085 1284/1939/2085 1246/1213/2085
f 1078/1643/2086 1017/1449/2086 1267/2044/2086 1263/2559/2086
f 1288/2390/2087 1287/1788/2087 1289/1563/2087
f 1221/84/1889 1253/518/2037 1290/6/2088
f 1291/7/2089 1290/6/2089 1253/518/2089
f 1250/517/351 1284/186/2090 1291/7/352
f 770/1693/1231 772/1699/2091 774/1695/2091 766/761/2091 773/1108/763
f 1286/1789/1326 1284/1939/2092 1285/1790/1327
f 669/478/2093 676/1567/2093 680/2560/2093 687/2022/2093 683/479/2093
f 1287/1788/1325 1288/2390/2094 1286/1789/1326
f 1379/916/2095 1186/391/2095 1187/2561/2095 1188/2453/1952 1531/2456/1954 1544/2562/2095
f 424/926/645 175/925/644 171/547/389 453/546/388 442/862/609
f 1077/2021/2096 1230/2519/2096 1294/2563/2096
f 587/68/2097 1029/965/2097 1198/2564/2097
f 1180/1654/2098 1296/1453/2098 1230/2519/2098
f 397/961/680 363/956/675 355/601/430 371/600/429 396/1215/837
f 1013/802/570 968/801/569 1297/2252/2099
f 968/1154/2100 1086/793/2101 1297/2565/2102
f 1086/793/2101 1298/2566/2103 1297/2565/2102
f 1300/2567/2104 1298/2566/2104 1086/793/2104
f 1086/793/2105 1299/788/2105 1300/2567/2105
f 1304/2568/2106 1298/2566/2106 1300/2567/2106
f 1255/2569/2107 1302/2570/2107 1303/2571/2107
f 1301/786/2108 1255/785/2108 1303/2572/2108
f 1337/613/2109 1303/2573/2109 1302/2535/2109
f 1255/2569/2110 976/1057/2110 1016/1060/2110
f 1255/2569/2111 1016/1060/2111 1302/2570/2111
f 708/680/1729 686/341/2112 680/340/1129 678/1109/1128 688/760/542 691/759/541
f 865/828/1409 864/300/2113 754/299/2113 735/1892/1410
f 424/926/645 442/862/609 174/865/610 409/1186/816
f 588/1457/2114 605/1459/2114 597/1503/2114 1333/2574/2114
f 79/2575/634 69/1376/633 265/1287/879 81/2576/1143
f 409/1186/816 174/865/610 51/2052/742 53/984/696
f 745/1929/2115 847/1928/2115 888/344/2115 747/343/2115
f 821/1870/2116 814/1738/1282 801/1739/1284 822/1871/2116
f 1230/2519/2117 905/1703/1250 918/1577/1249 1180/1654/2117
f 1149/2392/1929 1173/2476/1928 1172/2475/2118 1132/2391/2118
f 1313/2538/2119 1321/940/2120 1311/2534/2121
f 1256/2253/1737 1308/822/1736 1257/2540/2122
f 1318/941/661 1315/902/1865 1306/2382/1864
f 1257/2540/2123 1308/822/584 1314/821/583
f 1309/2383/1866 1315/902/1865 1314/901/2124
f 1312/1492/1045 1231/1400/1044 1316/1791/2125
f 1068/1053/2126 1257/2540/2126 1317/1054/2126
f 1317/1054/2127 1257/2540/2127 1314/821/2127
f 155/1207/829 151/197/123 77/723/523 75/137/90 147/960/679
f 1318/941/2128 1319/903/2128 1315/902/2128
f 1265/2541/2047 1323/2577/2129 1231/1400/2048
f 1316/1791/2130 1231/1400/2048 1323/2577/2129
f 1323/2578/2131 1322/2481/2132 1313/2538/2133
f 1313/2538/2134 1316/2579/2134 1323/2578/2134
f 1316/2579/2135 1313/2538/2041 1310/2537/2040
f 1321/940/2136 1313/2538/2133 1322/2481/2132
f 989/997/2137 986/996/2137 988/2580/2137 987/2581/2137 997/2582/2137
f 1319/903/628 1324/2583/2138 1317/904/629
f 1260/2584/2139 1258/2585/2140 1324/2586/2141
f 1319/2587/2142 1260/2584/2139 1324/2586/2141
f 1260/2588/1309 1325/2589/1308 1326/2590/1313
f 419/773/549 403/638/455 381/855/605 382/1175/802 405/946/667
f 673/1087/2143 668/2591/2143 973/2337/2143 977/38/2143
f 288/590/422 85/2592/499 86/2059/1497 84/2058/1574
f 1307/1793/1329 1302/2570/2144 1016/1060/2144 1305/1401/1046 1312/1492/1045
f 187/1117/768 348/983/695 192/799/567 193/798/566
f 1327/292/2145 1323/2593/2146 1265/289/2147
f 1327/1766/2145 1322/2481/2148 1323/2578/2146
f 1331/287/2149 1290/2594/2149 1328/751/2149
f 1329/5/2150 1328/2595/2150 1290/6/2150
f 411/942/663 369/218/138 361/1116/2151 390/1248/858 413/1067/745
f 1321/940/2120 1336/614/2152 1337/613/2152 1311/2534/2121
f 436/777/553 238/52/23 243/51/22 404/1423/966 402/1422/965 428/778/554
f 621/1313/2153 612/1312/2153 614/729/2153 617/2596/2153
f 1295/2597/2154 1330/750/2154 1293/753/2154
f 1294/2563/2155 1230/2519/2155 1333/1452/2155
f 1333/1452/2156 1295/2598/2156 1294/2563/2156
f 1330/750/2157 1295/2597/2157 1333/2574/2157
f 1198/79/2158 1331/579/2158 587/2599/2158
f 1331/287/2159 1328/751/2159 595/288/2159
f 595/288/2160 1328/751/2160 1332/1233/2160
f 1195/1504/2161 1175/1268/2161 1176/217/2161 1177/216/2161
f 1330/750/2162 598/1234/2162 1332/1233/2162 1328/751/2162
f 1218/2513/2163 1216/2512/2163 1219/2516/2163 1217/2111/2163
f 1070/2326/2164 1071/2325/2164 1049/2246/2164 1054/2260/2164
f 598/1234/2165 1330/750/2165 597/1503/2165
f 1296/1453/2166 1333/1452/2166 1230/2519/2166
f 1330/750/2167 1333/2574/2167 597/1503/2167
f 1156/1671/2168 1153/953/2168 1157/2398/1892 1154/2397/1891
f 606/1356/2169 601/1463/1003 566/1366/1002
f 1304/2384/2170 1300/2600/2170 1334/616/2170
f 1300/2567/2171 1299/788/2171 1334/2601/2171
f 1161/787/2172 1334/2601/2173 1299/788/2174
f 1334/2601/2173 1161/787/2172 1301/786/2175
f 501/296/190 201/295/189 485/1040/725 468/1039/724 256/1162/796
f 1337/613/2176 1301/617/2176 1303/2573/2176
f 1306/2382/1864 1335/615/662 1318/941/661
f 1386/2602/2177 1385/2603/2177 1368/2604/2177 1369/2605/2177 1497/2606/2177 1517/2607/2177 1509/2608/2177 1413/2609/2177 1414/2610/2177 1508/2611/2177 1363/2612/2177 1362/2613/2177 1364/2614/2177 1366/2615/2177 5/2616/2177 1408/2617/2177 1409/2618/2177 1469/2619/2177 1470/2620/2177 1529/2621/2177 1473/2622/2177 1472/2623/2177 1471/2624/2177 1345/2625/2177 1344/2626/2177 1346/2627/2177
f 1491/2628/2177 1345/2625/2177 1471/2624/2177 1479/2629/2177 1542/2630/2177 1541/2631/2177 1475/2632/2177 1474/2633/2177 1476/2634/2177 1477/2635/2177 1478/2636/2177 1387/2637/2177 1388/2638/2177 1389/2639/2177 1445/2640/2177 1444/2641/2177 1412/2642/2177 1411/2643/2177 1408/2617/2177 5/2616/2177 2/2644/2177 1364/2614/2177 1362/2613/2177 1528/2645/2177 1378/2646/2177 1379/2647/2177 1544/2648/2177 1531/2649/2177 1530/2650/2177 1524/2651/2177 1522/2652/2177 1523/2653/2177 1527/2654/2177 1525/2655/2177 1526/2656/2177 1543/2657/2177 1519/2658/2177 1436/2659/2177 1435/2660/2177 1434/2661/2177 1518/2662/2177 1517/2607/2177 1497/2606/2177 1496/2663/2177 1495/2664/2177 1494/2665/2177 1493/2666/2177 1441/2667/2177 1440/2668/2177 1442/2669/2177 1506/2670/2177 1407/2671/2177 1406/2672/2177 1487/2673/2177 1486/2674/2177 1488/2675/2177 1489/2676/2177 1490/2677/2177
f 1458/2678/2178 1457/2679/2178 1468/2680/2178 1485/2681/2178 1420/2682/2178 1419/2683/2178 1355/2684/2178 1405/2685/2178 1404/2686/2178 1339/2687/2178 1338/2688/2178 1340/2689/2178 1370/2690/2178 1371/2691/2178 1393/2692/2178 1392/2693/2178 1482/2694/2178 1373/2695/2178 1372/2696/2178 1464/2697/2178 1462/2698/2178 1463/2699/2178 1465/2700/2178 1446/2701/2178 12/2702/2178 5/2703/2178 1375/2704/2178 1374/2705/2178 1377/2706/2178 1376/2707/2178 1450/2708/2178 1423/2709/2178 1422/2710/2178 1421/2711/2178 1449/2712/2178 1448/2713/2178 1492/2714/2178 1451/2715/2178 1452/2716/2178 1454/2717/2178 1453/2718/2178 1396/2719/2178 1397/2720/2178 1394/2721/2178 1395/2722/2178 1443/2723/2178 1348/2724/2178 1438/2725/2178 1439/2726/2178 1498/2727/2178 1481/2728/2178 1480/2729/2178 1467/2730/2178 1455/2731/2178 1456/2732/2178 1398/2733/2178 1399/2734/2178
f 1447/2735/2178 1466/2736/2178 1437/2737/2178 1432/2738/2178 1433/2739/2178 1358/2740/2178 1359/2741/2178 1428/2742/2178 1410/2743/2178 1405/2685/2178 1355/2684/2178 1356/2744/2178 1357/2745/2178 1353/2746/2178 1352/2747/2178 1354/2748/2178 1431/2749/2178 1430/2750/2178 1438/2725/2178 1348/2724/2178 1347/2751/2178 1426/2752/2178 1427/2753/2178 1390/2754/2178 1391/2755/2178 1429/2756/2178 1375/2704/2178 5/2703/2178 1366/2757/2178 1367/2758/2178 12/2702/2178 1446/2701/2178
f 1537/2759/2179 1502/2760/2179 1500/2761/2179 1501/2762/2179 1424/2763/2179 1425/2764/2179 1536/2765/2179 1533/2766/2179 1532/2767/2179 1521/2768/2179 1520/2769/2179 1383/2770/2179 1382/2771/2179 1513/2772/2179 1511/2773/2179 1510/2774/2179 1507/2775/2179 1360/2776/2179 1361/2777/2179 1499/2778/2179 1460/2779/2179 12/2780/2179 1367/2781/2179 1365/2614/2179 9/2782/2179 1539/2783/2179 1540/2784/2179
f 1341/2785/2179 1343/2786/2179 1416/2787/2179 1415/2788/2179 1534/2789/2179 1535/2790/2179 1538/2791/2179 1539/2783/2179 9/2782/2179 12/2780/2179 1460/2779/2179 1459/2792/2179 1461/2793/2179 1503/2794/2179 1504/2795/2179 1505/2796/2179 1351/2797/2179 1349/2798/2179 1350/2799/2179 1417/2800/2179 1418/2801/2179 1484/2802/2179 1483/2803/2179 1515/2804/2179 1516/2805/2179 1514/2806/2179 1512/2807/2179 1513/2772/2179 1382/2771/2179 1384/2808/2179 1400/2809/2179 1401/2810/2179 1403/2811/2179 1402/2812/2179 1381/2813/2179 1380/2814/2179 1342/2815/2179
f 1364/2816/2180 2/2817/2180 9/2818/2180 1365/2819/2180
f 12/2820/2181 9/2821/2181 2/2822/2181 5/2823/2181
s 0
f 1545/2824/2182 1546/2825/2182 1548/2826/2182 1547/2827/2182
f 1547/2828/2183 1548/2829/2183 1552/2830/2183 1551/2831/2183
f 1551/2832/2184 1552/2833/2184 1550/2834/2184 1549/2835/2184
f 1549/2836/2185 1550/2837/2185 1546/2838/2185 1545/2839/2185
f 1547/2840/2181 1551/2841/2181 1549/2842/2181 1545/2843/2181
f 1552/2844/2186 1548/2845/2186 1546/2846/2186 1550/2847/2186
f 1553/2848/2182 1554/2849/2182 1556/2850/2182 1555/2851/2182
f 1555/2852/2183 1556/2853/2183 1560/2854/2183 1559/2855/2183
f 1559/2856/2184 1560/2857/2184 1558/2858/2184 1557/2859/2184
f 1557/2860/2185 1558/2861/2185 1554/2862/2185 1553/2863/2185
f 1555/2864/2181 1559/2865/2181 1557/2866/2181 1553/2867/2181
f 1560/2868/2186 1556/2869/2186 1554/2870/2186 1558/2871/2186
