# Blender 3.6.0
# www.blender.org
mtllib Building1.mtl
o Building1
v 246.946106 123.586868 602.393066
v 303.599091 264.150482 643.344482
v 301.312042 261.858551 641.317383
v 298.609406 263.420502 643.253296
v 307.507843 263.544281 643.657043
v 306.212524 258.513092 639.003540
v 295.612152 262.681976 644.030823
v 293.080566 262.411011 645.587585
v 292.974457 255.776154 639.424866
v 319.776947 253.449554 644.359497
v 317.096558 253.102417 640.808350
v 284.074249 252.650146 646.070679
v 286.910339 254.029968 643.326660
v 324.436371 244.965942 642.140869
v 329.837372 243.010559 640.089905
v 280.830597 244.976624 642.597534
v 276.632477 243.019409 638.481506
v 333.659973 241.307068 644.014282
v 331.267181 241.008179 638.778687
v 274.365021 241.235046 638.740295
v 272.818329 240.439392 640.905701
v 332.620667 237.352875 642.071960
v 332.450806 237.786377 641.636536
v 333.609863 239.424530 642.438049
v 272.239288 237.833466 643.648926
v 272.267303 238.838898 641.880493
v 339.002380 232.652588 638.690552
v 268.847656 234.263763 639.007141
v 263.812592 231.816864 642.407410
v 258.648468 227.744934 642.607422
v 350.796600 223.393768 640.856140
v 251.453506 218.253387 637.296265
v 248.914124 217.730133 645.026978
v 360.959930 208.214752 638.966431
v 243.710297 207.155029 640.265930
v 240.667511 201.203888 642.200134
v 365.154205 198.699432 639.787354
v 367.546661 195.118652 646.742798
v 239.466034 195.315369 639.436523
v 377.055847 185.290405 684.544434
v 375.730316 186.356842 586.687073
v 228.371246 186.363800 586.855408
v 227.092148 185.462296 585.887756
v 377.022552 183.124466 670.414795
v 374.664886 180.295502 642.225220
v 229.483429 180.265656 631.127136
v 374.544525 178.594376 642.039001
v 229.601532 179.996124 645.493896
v 229.761536 175.937378 641.313904
v 229.630493 179.566849 640.686707
v 229.296173 177.180756 639.921570
v 374.689026 172.937973 644.686462
v 374.271912 173.877060 642.898987
v 374.249176 175.718842 641.315125
v 374.727051 173.359787 640.909302
v 367.040161 179.355652 718.730347
v 229.726578 177.264099 643.429138
v 229.783524 173.896301 642.910767
v 229.685944 171.367493 645.089966
v 229.697784 171.480469 638.297424
v 229.420654 172.805084 640.974731
v 226.915344 167.467072 598.797119
v 229.649551 162.946777 620.992615
v 226.872528 166.234024 586.403381
v 367.117126 156.409332 635.661499
v 367.040527 156.846558 671.499390
v 374.209167 151.303009 639.609924
v 367.085266 152.854492 638.988281
v 238.642410 150.097809 640.307495
v 229.854385 150.486267 640.618896
v 374.202637 147.569382 641.250793
v 367.223206 147.383820 641.262695
v 238.706299 135.423553 673.631104
v 238.569733 147.243530 641.352112
v 229.891724 147.812103 641.430115
v 367.042786 148.058716 642.395996
v 238.660294 136.082794 641.774231
v 374.258331 135.328583 641.273438
v 367.117950 135.282013 641.302002
v 238.546051 135.176880 640.949890
v 229.777344 135.358154 642.186584
v 230.281097 135.344330 640.841125
v 378.300049 133.038071 642.336914
v 375.198547 134.357910 640.969421
v 224.576492 131.647781 732.526489
v 225.718903 133.017090 642.166077
v 383.001678 126.218361 579.592834
v 224.504547 126.652824 584.675659
v 221.166840 126.530579 580.013062
v 220.659821 126.143890 734.821777
v 383.380981 113.795387 629.203430
v 383.394989 104.693214 666.109863
v 383.239258 107.667847 639.442932
v 220.352463 109.214752 638.854126
v 383.323730 104.984024 642.749023
v 382.529816 104.439697 641.957458
v 375.904480 104.982773 641.177551
v 375.672974 103.454933 642.442627
v 366.852570 105.261932 642.767212
v 367.045074 107.776215 638.218506
v 220.584229 103.433228 642.250244
v 382.519073 101.360733 644.432617
v 383.236328 102.819359 643.886475
v 375.704285 100.318985 645.035950
v 366.919250 103.257355 643.499573
v 234.174469 103.642410 641.195496
v 221.058044 100.844452 643.420166
v 220.428436 101.687668 643.964172
v 234.034515 99.336296 644.284607
v 220.973236 98.072868 644.878296
v 221.042877 99.189392 644.534546
v 238.711548 76.652351 629.509155
v 375.611267 63.919800 636.203552
v 375.396729 57.295322 642.136047
v 234.282181 58.077682 641.053040
v 375.587128 52.654934 645.205688
v 373.898193 55.826740 642.235352
v 235.749847 54.487324 642.164673
v 375.184082 52.335785 644.689453
v 373.329834 53.186882 643.228027
v 373.812683 49.712677 644.510620
v 373.239502 50.943802 643.275513
v 238.686981 46.764252 640.126160
v 234.670517 51.977390 643.704712
v 236.114532 51.212677 643.322266
v 236.519897 53.272129 642.049561
v 373.086029 46.835949 641.255493
v 234.688934 48.057732 644.632324
v 235.695709 47.655617 644.187988
v 236.571487 49.348759 643.293701
v 238.661896 32.816116 640.217834
v 375.073730 3.986603 645.556458
v 235.695953 3.671196 644.258423
v 234.675430 4.673920 644.675171
v 236.601974 4.097740 643.300049
v 373.463806 4.322411 644.283325
v 238.697845 4.523514 640.369629
v 373.081696 4.417961 641.679871
v 371.923767 2.854599 644.552856
v 372.930237 3.250053 644.293030
v 372.045898 3.012825 641.542725
v 367.101593 3.315475 616.843567
v 234.697052 3.099953 645.266968
v 299.480957 255.858337 637.127930
v 312.803131 259.014984 642.464355
v 310.843262 254.923889 637.901123
v 314.429260 251.609680 637.544250
v 288.923370 253.359406 640.540161
v 246.910980 120.897552 703.497803
v 246.910980 120.897552 705.242798
v 246.910980 119.152565 706.115295
v 321.022125 244.970520 637.841736
v 285.395966 244.943451 636.770874
v 327.259094 242.812958 635.537903
v 330.451080 239.176880 636.657776
v 328.858032 237.311279 635.789612
v 272.328522 237.353607 643.335754
v 275.269287 237.822479 637.817444
v 274.905121 239.107239 636.930359
v 276.597046 237.290375 635.788391
v 341.537476 229.308075 634.317078
v 261.821960 228.561035 636.753479
v 256.646759 223.489380 635.781677
v 346.243347 225.222870 633.896301
v 356.304169 216.773499 641.016235
v 246.836517 211.876434 637.960999
v 244.842255 205.597931 634.235535
v 363.138519 199.444763 633.895386
v 374.619324 180.253235 634.623230
v 374.846191 176.552444 637.439697
v 374.260681 178.592514 638.304932
v 229.793747 178.637878 638.202881
v 374.902283 174.952377 638.771729
v 229.162933 175.076843 637.688538
v 374.439850 171.515961 636.960693
v 374.295807 172.538651 638.413391
v 229.777252 172.640503 638.197815
v 367.691681 152.391998 637.942017
v 367.116516 154.958023 636.241028
v 238.685272 152.294708 639.920410
v 238.670807 152.995132 638.600586
v 372.987823 151.214874 639.048706
v 367.667358 151.280090 639.029907
v 237.977570 148.936432 640.139099
v 237.849487 151.287079 639.008789
v 230.366974 151.227203 639.128418
v 372.853882 146.970123 640.910522
v 367.687469 147.050095 640.964233
v 237.695343 146.906387 640.933167
v 230.384735 147.030548 640.978943
v 373.047638 135.538483 640.892761
v 367.709961 135.649246 640.912781
v 238.069397 136.504166 640.978088
v 373.948273 134.780167 640.049133
v 367.776337 134.823257 639.999695
v 367.065735 134.159698 640.032715
v 238.635483 134.247559 640.083130
v 237.753326 134.800903 639.945496
v 230.143860 134.831848 640.148193
v 383.272339 110.252823 635.957642
v 366.776154 109.855881 637.197205
v 382.550995 107.032364 639.259155
v 375.683563 106.958336 639.152161
v 234.139954 108.097900 635.999023
v 221.178406 103.443634 641.465881
v 367.072418 93.829086 630.693665
v 238.688904 93.712250 630.669800
v 238.708755 77.582756 630.740906
v 373.985901 59.471642 639.476318
v 375.172943 61.880482 637.329468
v 234.595428 59.714081 638.845276
v 373.276215 56.347595 641.260864
v 236.505951 55.774105 640.874023
v 236.104309 58.346451 639.473755
v 234.643845 56.103462 641.786072
v 373.119904 54.938240 636.882996
v 371.989319 52.400711 637.883972
v 370.825806 49.849754 638.917175
v 238.611176 52.752541 637.427673
v 246.908890 14.727127 601.432800
v 373.073029 51.010628 639.352661
v 372.121033 49.795376 639.298462
v 370.279572 47.224754 639.085266
v 238.548157 50.512108 638.386108
v 237.958801 47.799377 638.993103
v 237.759781 50.093632 638.184143
v 236.704529 47.224762 640.082703
v 236.748138 50.712376 638.477173
v 372.656372 42.171341 641.099670
v 372.059998 46.533924 640.433228
v 370.844727 45.357094 640.316162
v 237.827225 44.367172 639.728516
v 370.267975 4.508080 639.422974
v 372.444275 3.953423 641.003479
v 370.775452 4.473145 640.388794
v 236.684509 4.010345 640.195312
v 237.674164 3.805916 639.791260
v 369.850433 3.318481 640.257141
v 368.869598 2.847923 640.579590
v 237.552948 3.009735 640.243042
v 295.136261 254.370850 637.354797
v 302.983215 252.342407 634.509094
v 297.465149 244.928436 630.606628
v 291.694153 244.957550 632.601990
v 247.160400 123.072220 601.048767
v 316.729919 244.931763 634.253723
v 246.954620 14.264992 710.257996
v 282.573975 242.896576 631.504456
v 278.567719 242.336029 634.553772
v 328.298828 237.818817 635.136536
v 279.638153 237.872131 632.335022
v 278.413849 239.042969 632.610291
v 334.004120 233.652130 632.859985
v 266.758331 230.472656 632.278687
v 352.806427 217.045197 632.005310
v 251.121658 214.628174 631.801147
v 358.151917 210.509521 634.306824
v 241.903473 197.863190 633.734375
v 377.188782 183.598907 586.678467
v 374.500092 178.706650 633.386597
v 229.609421 178.792267 633.096191
v 374.737946 173.069199 635.708313
v 374.282043 175.600800 635.379578
v 374.505493 172.585510 633.271057
v 238.724121 158.748535 638.973877
v 229.370651 177.489258 636.290527
v 229.806610 175.549713 635.136230
v 229.639236 172.741882 633.102600
v 229.289764 173.800125 636.292480
v 229.576935 171.112991 629.505188
v 367.041351 160.170639 628.475220
v 238.665192 156.044708 635.686768
v 238.655838 157.154236 632.655151
v 229.859741 157.000031 634.036072
v 374.225922 156.089478 634.873962
v 372.956390 155.567230 634.687256
v 367.732361 155.564804 634.699646
v 238.628860 154.424225 636.914917
v 237.804749 155.533524 634.745667
v 230.400208 155.666626 634.681213
v 367.749969 134.749329 605.092834
v 224.693680 132.038239 584.543030
v 383.221710 111.270149 632.456848
v 382.661377 109.685394 635.126465
v 375.741364 109.625656 634.959595
v 367.034485 110.195763 634.549011
v 221.223114 108.512718 635.449646
v 220.557343 109.152122 635.602722
v 238.712616 96.672325 630.283752
v 375.613037 95.109314 630.815430
v 234.236664 94.301384 630.819885
v 375.611786 77.642319 631.563965
v 234.218796 77.652687 631.534424
v 367.093597 77.725800 630.691528
v 234.246796 63.937218 634.742188
v 373.703888 63.397881 634.091370
v 375.567993 66.109764 630.632874
v 375.173828 64.287064 633.297485
v 373.261017 62.134430 635.122742
v 236.173004 60.735466 636.972168
v 234.628265 62.691711 635.270813
v 236.514236 62.531727 633.957520
v 372.219757 55.059456 635.848450
v 370.845032 54.209038 636.183594
v 370.250244 57.469391 631.041260
v 238.583664 56.728737 633.542175
v 236.714874 52.911404 637.518311
v 236.778625 57.724274 632.715210
v 370.314178 52.400223 636.602661
v 237.806580 51.951622 637.181641
v 237.656525 55.435410 634.466248
v 247.368439 14.213158 601.751404
v 339.377075 14.027649 601.786011
v 247.006500 13.984955 602.331787
v 247.324799 14.913147 600.993103
v 338.735840 123.013695 601.022766
v 302.061096 244.987915 630.158081
v 312.471039 244.946442 632.108093
v 308.459778 244.952667 630.718872
v 327.017639 240.298096 632.591125
v 323.104156 241.191101 629.550415
v 319.862549 242.799469 628.984680
v 281.392700 240.598724 630.000488
v 277.885956 240.366180 633.332520
v 326.541840 238.680969 632.276367
v 323.212982 237.496094 630.089417
v 281.947174 237.344696 630.353210
v 327.817688 234.766418 628.400757
v 338.817352 14.903694 601.040955
v 336.863251 229.104004 626.970642
v 262.703033 225.125244 627.973511
v 347.438629 219.847626 626.685486
v 256.624451 219.353180 628.249695
v 339.371735 123.910202 601.782166
v 356.785004 208.713959 628.865967
v 248.721191 208.784180 629.044556
v 245.508331 200.816589 627.677307
v 374.844604 177.003174 629.458435
v 247.393234 123.797173 601.763794
v 229.252258 176.636536 629.445984
v 374.313293 175.694260 630.754333
v 374.750977 174.166321 629.638184
v 229.780579 175.721008 630.922913
v 374.474731 171.500305 629.339844
v 229.431396 173.410278 630.242554
v 238.706299 159.699203 628.223206
v 374.203156 158.527802 629.790100
v 373.010162 157.904083 629.680908
v 367.091064 156.588638 633.792725
v 367.775665 157.884033 629.652344
v 238.586029 158.238892 630.682007
v 237.909271 157.890656 629.705627
v 230.425354 157.938690 629.577576
v 373.929565 134.724487 605.039673
v 357.665039 176.363754 713.026001
v 357.798615 175.852081 601.790344
v 247.387634 3.570770 713.020630
v 358.191925 3.296089 712.722290
v 357.654999 3.569595 713.024597
v 358.212524 3.256012 602.171021
v 357.808990 3.426537 601.799866
v 358.203766 185.802872 602.122375
v 247.412567 186.134933 713.035095
v 247.007248 170.470932 712.598206
v 247.006012 3.565727 602.321289
v 247.322052 3.233459 712.657471
v 247.333832 3.335159 601.889709
v 247.009521 3.570236 712.604126
v 375.669891 111.119370 630.759644
v 220.479721 112.759247 628.812012
v 382.488434 111.326614 630.852783
v 376.024658 112.166580 628.258545
v 233.790100 110.341843 632.128357
v 221.123535 111.465477 629.940369
v 375.563843 98.261887 628.574829
v 367.071167 97.873535 628.929565
v 234.259521 97.311241 629.515625
v 375.214874 65.677528 629.749023
v 373.988434 65.098366 629.962463
v 373.248138 63.920891 630.603149
v 234.628174 65.397873 629.695557
v 235.653580 64.986946 630.104187
v 373.114990 59.131355 631.532532
v 238.432678 58.552036 630.663696
v 236.706909 59.002922 631.275024
v 372.046051 57.995468 632.218323
v 370.947479 56.879669 633.338928
v 370.921295 58.679485 630.296387
v 370.214233 4.421997 607.193359
v 368.991455 2.874611 616.653137
v 367.879517 2.824387 607.020020
v 313.434326 242.986969 626.162415
v 292.802521 242.993774 625.989014
v 287.467560 242.693939 627.785034
v 285.997131 240.342346 626.765503
v 321.941681 239.225952 628.117432
v 319.539062 237.446655 627.596741
v 322.725159 233.907928 622.927368
v 284.838684 237.822876 628.219482
v 283.416840 235.155609 624.714966
v 283.751434 238.956879 628.084656
v 275.225525 231.625061 624.714355
v 270.630249 231.338104 629.000427
v 342.934631 222.744171 624.480408
v 359.101898 202.549622 627.455872
v 361.125031 195.744141 626.574158
v 374.341309 178.273575 627.987854
v 229.789825 178.644272 628.321777
v 374.852081 173.989609 625.586609
v 229.264862 174.151550 626.453918
v 374.287170 172.758698 627.848938
v 229.764374 172.815262 628.205627
v 374.200073 158.666992 628.321777
v 374.217438 159.390961 627.288879
v 229.855743 159.083237 628.512268
v 373.110107 158.566498 627.442688
v 367.148132 158.620773 629.431152
v 367.630402 158.680481 627.322021
v 238.701385 158.860687 628.529358
v 238.012390 158.604095 627.320679
v 230.455765 158.738953 627.196167
v 237.680969 134.798126 605.104614
v 220.531555 125.993561 579.922607
v 382.733917 112.231613 627.680969
v 383.308105 113.130379 627.542847
v 375.695496 112.478577 625.514771
v 367.026794 112.610725 627.532288
v 366.772614 113.132240 627.820190
v 234.169907 111.322525 629.702393
v 221.179626 112.170990 626.788757
v 238.665161 100.040604 626.691528
v 375.084625 96.744263 629.091553
v 375.090118 98.749863 626.940186
v 367.526154 98.830727 626.837219
v 238.660141 98.933823 627.496277
v 234.689011 96.803658 629.080139
v 237.715424 98.298386 627.499084
v 234.658463 98.736633 627.010986
v 375.466217 93.947235 630.431824
v 374.816681 92.614555 630.246826
v 374.134979 95.468880 629.505005
v 367.816376 92.637321 630.159851
v 367.688141 96.773834 628.974548
v 237.802490 92.649734 630.175537
v 238.129059 96.364029 629.307922
v 235.882950 92.691322 630.182251
v 234.582611 93.474960 630.353394
v 375.592834 76.259880 629.280212
v 375.214630 77.838448 630.320557
v 375.078796 77.122192 629.301636
v 367.697357 77.876518 630.154419
v 367.085327 76.643494 629.368164
v 367.768158 77.190155 629.204407
v 237.832169 77.833496 630.133057
v 234.604187 77.815643 630.300781
v 237.705353 77.202759 629.230591
v 234.700058 77.071640 629.225830
v 234.230179 76.142746 628.962769
v 373.598694 65.228424 626.273376
v 235.521545 66.148087 624.630554
v 236.426758 65.077423 627.468201
v 234.293060 66.841919 626.607239
v 373.100220 60.684647 628.593872
v 372.012939 59.908745 627.809814
v 370.916443 59.761391 627.128540
v 238.682037 59.211853 630.581604
v 237.728241 58.964958 629.286133
v 237.786316 60.293388 625.159729
v 236.863251 59.757442 628.574829
v 236.684662 60.722710 627.378784
v 358.229126 185.837997 712.667542
v 305.584717 242.984924 624.495483
v 247.376984 185.839996 601.779541
v 315.473846 240.852020 624.899536
v 308.070404 241.227570 623.069092
v 299.041931 242.892609 624.421753
v 316.420715 239.023651 625.106262
v 313.856476 237.437225 624.879089
v 310.260193 238.745483 623.110046
v 308.688751 237.792236 623.405334
v 287.156799 237.316254 626.788757
v 292.169800 237.872101 624.536621
v 289.161591 239.084625 625.002136
v 330.149109 230.157166 622.244080
v 335.179382 225.611603 619.979797
v 266.971863 225.293427 622.844360
v 260.696625 219.340271 622.446045
v 254.101135 212.969971 624.128052
v 350.314514 214.384247 624.157410
v 354.494965 205.707825 621.980408
v 250.739410 204.621399 621.539307
v 374.541382 180.107544 616.557190
v 229.553070 180.076141 614.857117
v 374.765961 176.771103 626.317444
v 229.348145 177.348938 625.848328
v 374.289642 175.041779 624.247559
v 229.674072 175.597900 624.992920
v 374.489899 171.566299 624.941284
v 229.671265 171.675079 624.653259
v 376.874603 168.313049 586.778809
v 376.690063 164.975952 587.058533
v 374.244019 159.843872 622.684631
v 238.686310 159.743698 624.195923
v 229.888016 159.934113 622.745544
v 373.238434 158.767471 624.416748
v 367.692444 158.761871 624.431213
v 237.846283 158.773743 624.232483
v 230.531464 158.849060 624.415039
v 382.470886 112.734886 625.046082
v 233.905243 112.158157 626.607910
v 234.016525 112.617111 623.326355
v 221.243866 112.560074 623.853271
v 220.505615 113.247673 624.674011
v 234.231476 100.282394 626.199219
v 375.579773 100.542297 625.304077
v 367.058960 100.128685 626.874084
v 375.122009 99.893311 624.356689
v 367.554810 99.861084 624.054810
v 238.019836 99.306648 625.741760
v 238.040512 99.860931 624.065918
v 234.628098 99.914078 624.352661
v 375.136292 77.109100 617.553528
v 238.679688 76.633766 616.779053
v 375.594910 76.241661 616.844849
v 367.037354 65.004128 596.221741
v 375.500397 66.948914 624.354248
v 234.500214 66.752533 624.034241
v 238.651581 60.828526 626.445068
v 236.708618 61.304703 624.711731
v 236.592758 65.181519 622.639954
v 372.346771 60.657120 622.614685
v 370.835388 60.205067 622.935913
v 370.282837 59.267296 624.239868
v 303.755615 241.565216 622.945496
v 304.203644 239.947540 622.183044
v 297.914276 241.278931 622.994873
v 291.957275 240.871674 624.207214
v 311.443909 239.667511 623.255127
v 308.467224 237.317841 623.415649
v 306.478912 235.023010 619.170532
v 302.217072 239.212463 622.088196
v 302.775696 237.336426 622.842285
v 301.612061 237.822174 622.911621
v 295.612305 237.583160 623.752258
v 296.361969 239.137695 622.714844
v 292.989716 237.374908 624.370361
v 317.162994 232.511078 618.000427
v 298.180298 233.882660 617.542419
v 281.075409 231.093872 619.546997
v 326.209808 226.762054 614.828308
v 275.791260 227.064606 617.416565
v 345.118958 216.021210 619.045044
v 258.737457 213.843781 618.855225
v 350.160065 208.550385 618.235596
v 377.061707 183.089142 597.533325
v 374.502380 179.015900 619.909302
v 229.663712 179.352936 619.913452
v 229.197235 176.442688 618.551514
v 374.481903 177.913528 621.983459
v 374.287048 175.638611 620.278503
v 374.780212 173.667114 619.735840
v 229.598511 177.971069 622.347656
v 229.708374 175.403244 620.128296
v 229.320648 173.756607 619.268982
v 374.621765 172.614655 622.967590
v 374.417145 171.619934 614.836548
v 229.571869 172.530518 621.875244
v 229.695572 171.424118 617.248474
v 367.086182 159.919922 622.174255
v 238.674438 159.767960 620.970886
v 373.216492 159.329056 622.476868
v 373.284210 158.767731 620.731445
v 367.731995 159.340500 622.430176
v 367.699860 158.742706 620.826599
v 237.777161 159.283966 622.459778
v 237.878601 158.735321 620.771851
v 230.689758 159.335052 622.401306
v 230.508575 158.759064 620.717468
v 379.465668 131.863602 584.083191
v 367.097870 134.232605 604.877808
v 230.241028 134.770508 604.994507
v 382.444122 112.727966 621.210938
v 383.243103 113.228783 620.793213
v 375.717010 112.387604 620.384888
v 366.933319 113.093353 619.454468
v 234.026489 112.618896 619.720032
v 234.190445 111.236786 613.878784
v 221.194489 112.710281 619.500916
v 220.435745 113.264389 617.990479
v 375.578766 100.196388 620.523804
v 367.083618 100.294724 621.267151
v 238.639221 100.262169 621.302307
v 234.245316 100.502701 621.185913
v 375.180115 99.860306 621.661377
v 367.828888 99.803757 621.996765
v 367.113983 98.985245 618.806030
v 367.769348 98.491257 619.146484
v 237.859085 99.806862 621.983643
v 238.663452 99.204620 619.079773
v 234.710754 99.866638 621.755066
v 234.710373 98.382675 618.792358
v 367.756744 77.204857 617.807190
v 367.087372 76.767975 616.734741
v 234.687515 77.100586 617.697388
v 234.223267 67.067848 615.709717
v 375.127472 66.478935 621.210815
v 375.606445 66.963753 617.405945
v 374.105835 65.717682 620.999634
v 235.908356 66.242325 621.749939
v 373.107330 61.354729 620.790466
v 370.790771 59.407272 617.893311
v 238.671539 60.698563 617.695312
v 237.661377 60.370323 620.087158
v 236.735168 61.001160 618.117188
v 290.229706 230.753845 614.943359
v 270.556580 222.821106 616.451721
v 339.847687 219.298676 616.939026
v 263.587646 216.296570 615.814209
v 344.811096 211.762787 614.847900
v 353.557587 199.589233 616.610535
v 253.801666 201.972961 615.551819
v 374.915466 175.315155 617.918030
v 374.251648 178.444183 617.156677
v 374.877930 176.342117 616.251648
v 229.840515 178.317719 616.999756
v 366.959503 179.565979 594.530334
v 229.438309 173.283539 614.212708
v 374.311584 172.833817 616.545349
v 229.784210 172.855530 616.643372
v 227.317383 168.535706 586.789917
v 374.220093 159.226730 617.490234
v 367.051025 159.736496 617.689270
v 238.673889 158.842987 615.952148
v 373.288269 158.542908 617.623962
v 367.733124 158.561630 617.611755
v 367.098999 158.725967 616.137207
v 237.954620 158.593399 617.646851
v 230.469269 158.590759 617.497437
v 229.864685 159.326141 617.265381
v 238.688828 134.162308 604.985596
v 382.561096 112.218079 618.273560
v 383.351654 113.365082 617.944397
v 382.385132 110.705048 613.449280
v 375.685486 112.073837 618.213074
v 233.864807 111.762909 615.391357
v 220.943283 111.871262 615.932922
v 375.659882 102.489143 603.100464
v 375.066132 98.435699 618.917847
v 375.542419 97.150467 617.068359
v 375.014648 96.781380 617.495483
v 367.738068 96.919151 617.729858
v 237.812836 98.437607 619.072083
v 237.866333 96.792778 617.637573
v 235.643234 96.780853 617.639832
v 234.367844 97.810501 617.754822
v 374.111786 94.796631 616.612671
v 367.050049 95.186417 615.685974
v 367.810394 94.742203 616.584290
v 374.913147 77.706657 616.517944
v 238.272278 77.038467 617.912170
v 373.960938 65.157509 616.358032
v 375.234497 65.431801 615.418518
v 234.612579 66.588005 619.714905
v 236.460785 64.983398 615.984009
v 234.599045 65.541763 614.793030
v 373.266174 63.966671 615.947937
v 372.042236 59.987717 618.713074
v 373.115997 60.607117 617.621765
v 373.091522 58.441059 613.388306
v 372.054901 58.955437 615.819336
v 370.327087 58.268074 617.044739
v 237.937836 59.635159 616.877075
v 320.192871 228.473846 614.042908
v 313.466187 229.864746 613.404175
v 307.163483 229.799683 612.170654
v 299.533783 230.228912 612.601501
v 285.483521 227.250671 612.468994
v 332.742035 222.000183 613.802490
v 269.354309 215.952637 610.576233
v 338.566986 213.715057 610.616028
v 259.295502 203.538483 610.599365
v 351.152252 196.038452 612.036621
v 229.456833 180.265961 609.441345
v 374.487854 178.449493 611.852478
v 374.654633 172.918945 613.325989
v 374.170624 174.604797 613.053101
v 229.284637 176.690887 615.486877
v 229.743240 175.620941 614.223022
v 229.651031 171.269836 599.197144
v 377.271698 166.596497 585.995117
v 229.569733 163.167007 589.142395
v 374.265472 161.757660 589.083862
v 229.820648 161.877625 589.456909
v 374.187897 158.369507 615.000610
v 367.784332 157.733826 615.038940
v 373.023071 157.681885 614.897888
v 367.623596 155.574799 610.474426
v 237.998917 157.692749 614.878906
v 230.425964 157.260300 613.829346
v 229.861816 158.119156 613.841492
v 375.248413 134.356171 603.931763
v 383.101807 112.119202 616.681702
v 383.304901 111.890945 614.484009
v 366.730499 111.652756 613.485474
v 367.015167 110.464432 612.226074
v 221.152283 111.458618 613.914917
v 220.405945 112.189468 612.486633
v 375.895203 110.377304 612.769226
v 237.766449 94.747932 616.590942
v 238.693542 94.956635 615.629456
v 234.835144 94.716095 616.472107
v 234.226807 94.627678 615.514099
v 375.367493 94.733147 616.179138
v 367.737396 77.723343 616.573792
v 375.608673 77.796997 615.528748
v 367.080811 77.748657 615.682556
v 238.673813 77.570679 615.701660
v 234.798309 77.727219 616.500183
v 237.704758 77.767624 616.618225
v 234.224091 76.905548 615.704041
v 375.148132 64.037323 612.309570
v 373.382996 62.562241 611.266541
v 373.700378 63.643677 612.796753
v 236.570984 62.946468 611.698242
v 236.146637 64.024948 612.758118
v 238.689026 59.832924 614.918945
v 237.744385 58.891319 614.764160
v 238.350815 57.511635 611.989075
v 236.708176 59.577225 614.446655
v 370.850189 57.408848 613.742615
v 372.053040 57.174046 612.831360
v 370.288879 55.896057 613.294983
v 237.679138 57.106953 611.680176
v 313.375702 225.088226 608.170471
v 295.990082 226.128693 608.528381
v 321.198792 223.301575 608.799683
v 282.316406 223.581451 609.971252
v 275.557098 219.976593 609.967957
v 263.614258 208.903900 609.921265
v 258.765625 198.765961 608.637817
v 229.648804 178.574463 612.370972
v 229.761948 178.472198 607.245483
v 374.677734 173.375977 609.209290
v 374.306946 175.722610 609.487549
v 229.827576 173.628967 611.918823
v 229.767624 175.653290 609.523926
v 375.032379 170.392792 588.262085
v 229.480591 172.800598 609.565186
v 374.573242 163.193024 588.905945
v 374.185211 156.127106 610.432678
v 373.414124 155.519226 610.363342
v 367.078186 156.297562 610.316772
v 238.654617 156.382202 610.499023
v 229.835449 156.560211 610.129700
v 238.098358 155.430817 610.223267
v 230.414551 155.502777 610.299744
v 382.890869 108.505280 609.300232
v 375.656616 108.449921 609.508118
v 366.740784 107.833282 606.857605
v 220.951843 110.674408 611.903381
v 234.186768 110.607574 612.033325
v 374.135010 61.674831 609.165344
v 234.537567 63.581684 610.435486
v 235.964722 62.919533 610.251648
v 373.256897 60.148579 609.049194
v 238.614517 57.552814 611.409668
v 370.874268 54.684143 610.422913
v 372.135529 53.424217 608.931946
v 373.114380 53.226421 607.838013
v 236.716354 57.188881 610.783752
v 370.327667 52.373348 609.586914
v 305.520599 222.744385 604.879822
v 302.469604 225.301361 607.242249
v 288.745850 223.264618 607.299988
v 328.577728 219.136200 608.506653
v 339.967285 207.150665 607.330688
v 334.346375 211.170898 605.816956
v 271.002045 210.212341 605.324036
v 344.913879 199.361298 607.278076
v 374.560791 180.103088 610.110046
v 374.276611 178.662170 607.109985
v 229.209534 176.395905 607.994995
v 374.957764 176.222504 607.042542
v 229.310394 173.861298 608.332275
v 374.416962 171.565842 605.214844
v 374.331482 172.629089 606.657776
v 238.724030 154.977356 605.771362
v 367.695862 151.239594 606.074768
v 373.197968 151.223923 606.071411
v 230.410583 151.290710 606.083496
v 229.111145 134.461395 603.915405
v 379.605682 126.601685 584.664551
v 383.365356 109.710037 609.046753
v 233.856720 108.241913 607.582153
v 234.189728 106.435135 605.233032
v 220.778000 107.829346 606.632690
v 220.394577 108.236801 605.246948
v 382.833008 106.072937 606.213074
v 375.137909 62.021885 608.990295
v 375.538055 62.995056 609.400391
v 375.426453 60.112389 606.511658
v 236.473175 61.155605 608.491150
v 234.606445 60.439964 606.043945
v 234.254730 62.034874 606.963318
v 373.670959 59.372845 606.717834
v 235.710571 60.849495 607.179138
v 236.596161 58.145767 606.234741
v 235.697647 58.460197 604.767090
v 373.235321 56.685852 605.924194
v 238.697449 53.745117 607.486572
v 236.721985 53.651031 607.241577
v 370.865906 50.271805 607.473022
v 373.100037 50.823364 606.512939
v 237.834763 53.333969 607.970764
v 238.498474 51.218704 606.163757
v 237.871490 51.258205 606.726074
v 372.054260 49.550262 606.787170
v 370.286194 47.117363 607.328064
v 358.235992 185.047211 692.822144
v 369.772552 3.347794 606.517029
v 296.101257 221.271851 603.976746
v 315.572052 219.762329 603.906372
v 307.961395 217.548706 600.976135
v 290.230927 216.864075 601.638611
v 283.126648 219.207825 605.708313
v 320.769409 216.258423 602.774231
v 284.209259 214.010529 601.457031
v 328.375702 213.736572 604.223083
v 337.198273 202.518921 602.865234
v 265.066742 202.907135 605.351624
v 268.423492 201.025574 602.087830
v 340.980530 195.553940 602.759949
v 374.788971 176.590057 605.349487
v 374.478210 179.783768 604.913086
v 374.509277 178.109772 601.872437
v 229.273682 176.787323 605.650757
v 229.586212 178.721588 602.222961
v 374.799408 173.550903 604.233643
v 374.295990 175.612228 603.770020
v 229.757355 175.225586 603.820862
v 229.471359 172.881638 603.354004
v 238.739166 143.507538 594.512695
v 373.168762 148.431351 604.793640
v 374.190613 150.869186 605.332581
v 367.085205 151.389984 605.323792
v 367.683899 148.356995 604.747864
v 238.181152 150.762741 605.677856
v 238.646667 151.487549 605.389893
v 230.374573 148.476486 604.705322
v 229.863068 151.026733 604.986450
v 374.163574 147.893936 604.020142
v 373.097961 146.050980 604.259277
v 367.118347 147.119461 603.847595
v 237.704041 146.294830 604.369385
v 238.680634 148.441162 603.951721
v 230.504196 146.178986 604.268066
v 229.848099 147.475281 603.486145
v 367.811401 145.883728 604.260010
v 374.199585 135.411255 603.842102
v 373.137360 135.533356 604.250854
v 367.126221 135.229111 603.761719
v 367.726929 135.564545 604.248535
v 238.603073 135.281586 603.855347
v 237.846954 135.533356 604.290039
v 230.365219 135.401215 604.258911
v 229.823456 135.391144 603.144409
v 378.405823 132.980621 585.045898
v 269.236603 185.456711 713.046448
v 220.879852 105.915138 604.431091
v 383.360016 102.803101 601.551147
v 376.039856 105.611000 605.819824
v 366.737885 101.480194 600.722534
v 221.017166 102.352127 601.280884
v 382.612152 102.962013 603.251099
v 367.047302 103.631035 603.503235
v 375.380920 57.894409 604.567139
v 234.283127 58.056168 603.147278
v 374.056213 57.520927 604.976807
v 373.932220 54.479931 603.062073
v 375.256989 54.539783 602.519592
v 373.277344 56.052185 604.635681
v 236.548279 56.763222 604.169556
v 236.541199 52.515289 601.973450
v 234.466019 55.610161 602.122864
v 236.007599 54.364735 602.098267
v 373.289185 51.587067 602.838501
v 373.083649 47.905941 605.478149
v 372.026733 46.956581 605.929993
v 237.786133 48.942974 605.547729
v 238.640167 48.405273 604.828186
v 238.715027 48.623516 603.764404
v 236.737289 49.032242 604.983521
v 370.840240 44.572586 605.875488
v 373.091370 44.609669 604.988586
v 237.892517 46.047371 604.726013
v 238.534698 45.446884 604.019775
v 236.772476 46.595909 603.929993
v 237.780365 41.583435 604.403503
v 373.281891 37.409714 602.452759
v 237.554352 4.148743 604.361328
v 238.561249 3.649475 603.952637
v 370.811859 4.428741 605.859985
v 373.228394 4.697136 602.761230
v 236.748520 4.097351 603.643982
v 373.027161 4.104607 605.005005
v 370.626831 2.912758 605.285461
v 372.255646 3.107658 604.882141
v 372.829010 3.340981 602.227173
v 371.925232 2.858299 601.723877
v 238.304199 3.090912 603.581909
v 237.577484 3.026527 603.991455
v 264.282990 185.014801 601.788330
v 301.103790 215.155823 599.104065
v 322.167328 208.517853 598.424072
v 314.714478 211.885315 598.291565
v 277.716553 212.824554 603.277527
v 329.424316 206.444366 600.410828
v 276.181152 205.923859 600.104492
v 374.647614 180.291595 589.131470
v 374.243225 175.553375 599.394958
v 374.425751 179.526489 599.219971
v 374.754425 177.715210 598.978516
v 229.267548 177.029510 598.120667
v 374.464325 173.491730 601.280701
v 229.804718 173.951447 602.165588
v 229.334549 174.074493 597.847351
v 229.786819 175.682388 599.227539
v 374.465820 171.469543 599.053040
v 374.800964 173.764191 598.502441
v 246.959442 185.918579 602.403564
v 341.187927 185.046600 601.789124
v 225.894455 133.064163 585.043823
v 383.381683 124.922226 581.232483
v 366.708313 125.215599 595.399109
v 220.517822 102.444595 600.524963
v 383.193542 101.198257 601.163208
v 234.116135 102.214752 601.228210
v 382.530579 98.459236 600.083679
v 375.876770 98.596207 600.253052
v 375.708069 95.867920 598.974121
v 366.943848 96.589790 598.389893
v 234.081573 97.274162 598.238647
v 375.738159 93.212051 598.041443
v 357.903992 186.138611 601.635010
v 375.574066 54.914822 601.790100
v 374.008179 50.866997 601.729431
v 375.304565 49.561787 600.607422
v 375.580444 49.474136 599.719727
v 234.451523 51.172707 600.125854
v 235.764679 49.946915 600.438477
v 234.259567 53.847679 600.505310
v 373.863556 47.076126 601.335266
v 236.551315 48.743954 601.153625
v 236.367996 48.642540 600.598999
v 234.653931 46.500374 599.528870
v 373.624054 4.523735 601.707458
v 336.277832 185.469742 713.080017
v 238.766357 3.259483 595.215088
v 375.600281 4.487808 599.598633
v 374.245544 3.977692 601.050964
v 375.165039 3.869263 600.584290
v 334.730591 185.469391 714.058044
v 341.154358 185.501495 601.388184
v 367.043823 3.216103 596.099121
v 234.683380 4.424019 599.543579
v 359.194672 185.518372 692.061096
v 359.259369 185.464783 619.854614
v 358.430969 185.442749 618.902588
v 358.504852 186.050659 618.348328
v 236.478424 3.888123 600.574219
v 375.261902 3.169052 599.820129
v 374.090881 2.933754 600.386536
v 367.155945 2.897186 593.765991
v 237.510284 2.790794 600.369995
v 234.712967 3.177109 599.132507
v 358.559937 185.493286 692.215271
v 357.652893 186.177032 713.096741
v 267.905548 186.132034 713.108948
v 269.447998 185.498901 714.019653
v 337.882141 186.160248 713.109009
v 358.623199 186.031128 602.075317
v 264.345673 185.553574 601.333008
v 264.028625 185.335419 600.554749
v 341.556091 185.509552 600.867615
v 342.415680 186.046509 601.452454
v 307.460205 211.794830 597.272339
v 295.738983 209.941345 596.392639
v 284.567535 208.603821 598.106506
v 246.986267 186.175629 713.054199
v 246.940140 185.467102 691.806885
v 246.015747 185.482880 691.541016
v 246.865128 186.132721 693.133911
v 358.518494 186.021805 713.309082
v 358.509003 186.045258 693.016968
v 246.461853 185.899170 618.900146
v 246.960953 186.118805 618.359985
v 246.001892 185.483917 619.627563
v 284.332031 202.556793 595.360352
v 274.764404 200.641602 598.423096
v 329.684753 200.384399 597.780151
v 246.905930 185.473358 619.382019
v 277.738556 196.232651 595.584412
v 374.224152 178.362030 595.715576
v 229.828735 178.535690 595.667175
v 374.941833 175.378571 596.686890
v 374.312561 173.023041 595.271545
v 246.857376 186.077423 601.519409
v 238.784058 179.915863 594.429016
v 229.782227 173.052231 595.318298
v 229.234161 176.365952 594.761108
v 263.217773 185.996948 601.472168
v 255.646881 190.725983 702.624573
v 342.212280 190.716034 602.263489
v 346.923706 190.700714 606.118286
v 357.021545 190.722351 617.409546
v 229.811783 135.330215 589.423218
v 352.793640 190.736511 612.075562
v 229.221832 134.530060 588.954651
v 264.234680 190.713409 709.817505
v 271.433167 190.707397 714.246094
v 345.975586 190.702698 706.126648
v 238.774689 126.288635 595.338806
v 247.395050 190.727783 692.432983
v 337.519196 190.703232 712.346802
v 327.628998 190.722534 717.302551
v 358.758240 190.713104 691.348877
v 353.855560 190.729858 698.118347
v 260.663879 190.710907 604.246460
v 265.642761 190.723419 600.623962
v 257.371979 190.678101 589.204773
v 234.128418 95.097206 597.237549
v 221.227203 96.955795 597.798462
v 382.673950 95.834610 598.861755
v 383.273438 97.146591 598.265381
v 382.554504 93.095512 597.810486
v 383.226471 93.972687 597.302979
v 252.659973 190.715042 612.014832
v 249.488647 190.723785 615.976257
v 370.773346 190.677292 589.206665
v 234.142181 93.392174 596.749878
v 220.416992 96.609016 596.618774
v 221.029968 95.013412 597.042786
v 382.649200 89.560555 596.944763
v 383.368378 90.641594 595.668091
v 234.160950 89.954636 595.841919
v 234.016998 91.768509 595.926147
v 382.458588 87.453491 596.814148
v 383.239685 86.894943 595.824585
v 375.658569 87.064667 596.860413
v 375.903381 89.528580 597.037109
v 375.994873 86.235405 596.389099
v 382.522827 86.205124 596.331970
v 382.396027 50.727692 596.274841
v 358.379852 197.499939 688.893005
v 375.645508 61.469028 596.461975
v 356.263580 194.336914 693.628540
v 256.869324 196.154602 701.910522
v 261.927612 197.948212 705.800964
v 266.898773 197.234314 709.673706
v 272.264191 196.074554 713.314392
v 383.656677 45.642593 596.302490
v 382.951080 50.184853 595.915039
v 247.626358 196.563934 621.176392
v 234.238388 49.121651 598.563477
v 386.288239 40.001198 595.831604
v 351.068420 194.658386 699.917297
v 339.907166 195.600204 709.387451
v 387.803131 33.658451 596.264343
v 376.107056 4.241211 596.367310
v 375.638184 4.516418 596.660156
v 234.231445 4.147942 598.410645
v 256.912689 193.863403 608.641663
v 389.765320 27.409050 596.280396
v 332.283051 195.940002 713.812073
v 263.395660 194.554718 603.282532
v 334.242249 194.844223 598.275085
v 390.380188 3.248901 596.237000
v 375.200562 2.906487 596.047546
v 234.522949 3.032173 594.876892
v 312.101196 205.474030 594.532288
v 292.706055 204.743866 594.346069
v 357.752838 196.971863 621.249268
v 310.068695 197.789825 591.398376
v 304.633179 206.166504 594.192078
v 299.632629 202.145386 592.627258
v 320.570862 199.296021 593.970703
v 285.864258 196.763306 592.910950
v 377.059479 185.334167 587.032593
v 374.469604 178.387054 591.286865
v 229.679382 177.972321 591.092468
v 374.923004 176.067444 594.752441
v 374.255951 175.055923 592.098022
v 229.311630 173.891891 594.136047
v 229.760925 175.738785 592.737854
v 374.527557 171.492950 592.037964
v 229.661438 171.265961 592.772949
v 366.790466 126.660507 594.307007
v 343.133728 159.649750 594.159668
v 339.395355 159.728363 594.151489
v 336.772308 159.840637 594.160522
v 332.133118 159.067322 594.102051
v 325.808777 156.299118 594.136536
v 264.022125 159.916229 594.117371
v 258.207825 159.715149 594.171936
v 349.396423 155.640839 593.736389
v 347.610260 157.556229 594.144043
v 346.855835 157.113434 593.113953
v 345.339630 157.721558 593.753418
v 343.400085 158.861969 594.145935
v 342.419281 158.654785 593.517700
v 340.173737 158.699997 593.486633
v 338.384674 159.164200 593.233276
v 335.841278 158.746582 593.557983
v 336.860077 159.153564 593.237122
v 332.198914 158.561371 593.507568
v 328.029266 157.371094 594.096130
v 328.660156 157.145660 593.205627
v 321.134644 159.391296 594.179626
v 276.126556 156.567764 594.157837
v 275.036133 156.629608 594.002808
v 273.500488 157.623047 594.081116
v 273.718903 156.881561 593.140137
v 271.694275 158.701721 594.146912
v 271.309662 157.979889 593.116394
v 269.043976 158.526611 593.442932
v 266.560852 158.720139 593.544312
v 263.960480 159.301575 593.125366
v 262.171906 158.693619 593.517029
v 255.557770 158.054581 594.112244
v 258.899933 158.651978 593.717651
v 256.513611 157.686844 593.340149
v 251.864044 155.321960 593.344849
v 350.519836 155.811386 594.169922
v 350.692139 154.742065 593.181885
v 325.622833 155.526245 593.276978
v 321.837585 152.332214 594.046204
v 322.192749 154.066284 594.161377
v 324.154694 154.341034 593.844482
v 322.927277 153.460754 593.217346
v 278.839172 153.767090 593.734497
v 275.935150 155.839508 593.071289
v 246.176117 196.331055 687.795166
v 249.849167 154.209854 594.091248
v 239.061798 156.565125 594.195984
v 355.926117 149.151108 594.131958
v 354.628235 151.723022 594.119568
v 355.392853 148.323242 593.091858
v 354.826569 150.316360 593.912231
v 353.467590 151.905350 593.267578
v 320.605377 149.904633 593.176575
v 283.637604 146.981171 594.175110
v 282.538300 148.329926 594.069702
v 281.120789 151.620163 594.160461
v 280.538483 151.341125 593.252258
v 248.662109 152.204315 593.394592
v 246.246338 149.707657 594.157593
v 247.256104 150.119507 593.105530
v 356.781708 146.289078 594.141296
v 356.104736 145.923187 593.300415
v 318.715302 147.231079 594.164612
v 319.946899 150.019913 594.124146
v 282.522339 147.038498 593.143982
v 245.775467 146.105209 593.492554
v 245.194794 149.010498 594.176880
v 246.390228 148.066696 593.281372
v 319.378967 146.854172 593.220215
v 357.059021 135.415344 594.151428
v 318.701385 135.245773 594.156006
v 319.519501 135.215973 593.062988
v 283.493530 135.939728 594.133423
v 282.460510 135.144409 593.843262
v 282.580109 136.344055 593.187134
v 245.212646 135.355804 594.149780
v 245.872101 135.424316 593.241577
v 355.519806 134.335556 594.071655
v 354.840515 134.779999 593.163879
v 356.054016 135.448563 593.351868
v 321.255859 134.778198 593.116943
v 319.822296 134.329742 594.070068
v 281.419037 134.222061 594.091980
v 281.393585 134.788513 593.123413
v 246.443558 134.047852 594.151306
v 246.603851 134.768463 593.301270
v 289.262115 127.033615 594.190918
v 366.369659 126.099442 595.158081
v 238.839172 126.594032 594.301575
v 239.076172 126.114731 595.086487
v 239.042633 113.948395 595.178772
v 348.386871 112.033859 595.150818
v 347.948608 111.257767 594.257751
v 345.061493 112.179642 594.976868
v 343.839478 113.220383 595.144409
v 342.999695 112.384308 594.211914
v 335.383453 113.153854 595.146851
v 333.301392 112.153740 594.950867
v 331.080933 111.919632 595.095032
v 332.004852 111.404816 594.226318
v 336.635468 112.405891 594.237610
v 276.326324 112.162964 595.112305
v 277.723572 110.984039 594.228333
v 274.246918 112.070045 594.214294
v 274.175934 113.213760 595.151306
v 264.561279 113.244934 595.143372
v 263.270508 112.216309 595.007141
v 264.893036 112.289963 594.211060
v 260.906677 111.605042 595.066162
v 258.609619 110.962769 595.126099
v 261.594543 111.117615 594.217773
v 355.382385 107.658142 595.043945
v 351.542786 110.007950 595.040344
v 354.720581 107.564514 594.231079
v 325.575867 108.935516 595.093140
v 325.777069 108.117279 594.228943
v 285.374390 107.923248 595.164124
v 284.926971 107.232437 594.211731
v 281.684509 109.305252 594.232422
v 282.713013 109.719177 595.029724
v 253.027130 107.996346 595.176636
v 257.854126 109.604721 594.220215
v 254.109161 107.621887 594.895264
v 359.091339 104.250107 595.072388
v 323.031250 106.170441 594.219788
v 318.977295 103.560196 595.129272
v 289.328888 105.499496 595.159973
v 289.352020 103.750725 595.039856
v 287.812744 105.709167 595.002747
v 288.141541 104.199448 594.218933
v 250.966919 104.378067 594.244934
v 248.512573 102.989761 595.142761
v 361.746246 101.229744 595.114258
v 360.698944 101.417572 594.231689
v 336.701630 100.179329 594.132019
v 318.608643 102.318497 595.090637
v 320.010406 103.129250 594.259033
v 317.580505 101.352974 595.108337
v 291.078247 102.212692 595.084045
v 291.537018 100.692497 594.877197
v 263.532135 100.452377 594.126709
v 261.362000 99.881966 594.050903
v 246.439850 98.264214 594.211121
v 247.501373 101.158875 595.116394
v 364.278839 97.365280 595.134644
v 363.151886 98.371407 595.043518
v 361.754211 100.211624 594.946838
v 362.442230 98.276649 594.219910
v 341.144470 95.754723 594.148499
v 340.017761 96.975540 594.016113
v 340.149506 98.864441 594.178772
v 339.009033 97.991508 593.364075
v 338.060547 99.055916 594.093994
v 336.844330 99.270523 593.170044
v 332.537506 99.739700 593.227783
v 334.656219 99.853310 593.464172
v 329.669464 98.562325 594.067383
v 331.865143 100.282593 594.136963
v 328.480621 96.611969 593.225159
v 330.362793 98.626915 593.409485
v 327.429596 96.095284 594.110168
v 314.562744 98.139946 595.152954
v 315.604218 98.236801 595.071045
v 316.764404 98.306511 594.237427
v 318.370544 100.878006 594.218994
v 295.129486 95.881058 595.148499
v 293.797150 97.321274 595.091370
v 292.612701 97.852730 594.189697
v 271.983185 94.438622 594.170898
v 269.385620 98.569191 594.166870
v 268.719940 98.159042 593.151733
v 267.669006 99.071457 593.972351
v 266.541870 100.127716 594.114319
v 266.337524 99.393311 593.166138
v 263.994720 99.903763 593.345215
v 258.938599 98.196243 594.124878
v 259.884186 98.391235 593.293213
v 262.000732 99.533096 593.087646
v 258.498718 96.924187 593.322998
v 244.863373 96.554367 595.084961
v 245.557678 98.534103 595.137390
v 365.021118 94.576645 595.028870
v 363.839020 95.806824 594.237183
v 340.788483 95.020721 593.136597
v 326.328491 93.795601 594.131836
v 327.202332 94.745201 594.082703
v 327.255554 93.729446 593.180664
v 314.369019 94.898483 595.134033
v 295.883179 93.216515 595.017883
v 294.991638 93.750244 595.002197
v 294.644501 93.094917 594.229187
v 294.046387 95.390091 594.233643
v 270.774353 94.741486 593.738831
v 256.933624 95.704338 594.167603
v 244.780853 94.205383 594.246887
v 366.078400 90.577667 595.035950
v 365.183624 92.334366 594.225037
v 365.623840 89.693275 594.206177
v 313.448975 93.961006 595.104553
v 313.999817 91.086533 594.224243
v 314.802490 93.916306 594.230957
v 257.683777 95.170891 593.166626
v 242.299347 89.696701 595.110901
v 243.403687 91.344627 594.991455
v 243.787933 94.494217 595.101135
v 243.795837 90.338196 594.204285
v 221.304291 91.520630 595.942017
v 220.651901 91.028595 595.150574
v 366.690948 90.030853 595.364197
v 366.706146 88.170807 594.849548
v 366.283295 88.277641 594.267822
v 296.192566 86.905838 594.327271
v 295.192505 90.662003 594.199890
v 234.164642 88.403214 595.265076
v 220.394638 89.944405 593.982544
v 311.710388 84.214935 595.180908
v 312.928925 84.079376 594.255127
v 242.878387 86.266296 594.221741
v 221.131439 88.432297 595.113770
v 326.235291 77.744186 594.169556
v 296.535004 89.473816 595.019348
v 340.049896 76.627327 594.167969
v 341.131287 77.750244 594.076477
v 339.907043 77.216537 593.195496
v 340.824646 77.966835 593.254944
v 328.480133 77.203209 593.109619
v 327.622650 76.778687 594.082092
v 327.272919 77.818138 593.187439
v 271.859863 77.250214 594.176331
v 270.716461 77.802544 593.714417
v 269.625824 77.209671 593.132324
v 269.703522 76.713676 594.102661
v 258.112976 76.624268 594.137024
v 258.416351 77.239494 593.196899
v 257.030334 77.760117 594.146057
v 257.694946 77.814331 593.125000
v 220.441193 50.446388 593.856567
v 365.968842 63.302292 594.190918
v 239.039764 83.064590 595.182434
v 222.585693 50.959579 595.188354
v 221.111206 50.027122 594.820801
v 345.679718 58.137310 592.878845
v 333.909271 58.381065 592.818359
v 269.487030 59.761570 592.749939
v 261.972595 57.621761 592.858948
v 242.102509 3.189400 595.117554
v 350.843475 55.666374 592.606689
v 329.242981 56.094467 592.776062
v 279.621094 56.003185 592.836609
v 234.156372 4.271370 595.239441
v 353.936371 50.604824 592.880188
v 326.290802 52.870602 592.805298
v 283.218201 53.497528 592.406677
v 254.598328 50.041313 592.817871
v 383.340363 50.728134 594.091736
v 324.149139 48.984051 592.792358
v 285.574158 47.548473 592.811707
v 356.084412 45.247452 592.732666
v 323.228760 45.393829 592.817993
v 220.053772 44.375526 595.113159
v 220.007812 46.971703 594.748962
v 323.221313 4.522659 592.885071
v 296.631439 3.184151 595.006226
v 285.490540 4.590462 592.914368
v 253.240112 43.787273 592.832764
v 216.762665 36.030918 594.945740
v 218.646744 44.578308 594.024292
v 211.968506 25.038895 592.635193
v 387.050354 37.735283 595.975159
v 323.187225 4.447838 594.082825
v 253.940720 4.482727 592.889404
v 213.666840 24.438667 595.136963
v 213.755463 27.747742 594.824585
v 391.349091 24.770439 595.858215
v 366.561401 3.961884 594.276245
v 312.702576 3.703407 594.229736
v 391.757690 24.955227 594.442383
v 355.872345 4.480309 592.878601
v 212.124146 24.864082 594.078186
v 311.652893 4.177162 595.169800
v 296.123016 3.727310 594.220032
v 213.766571 4.305023 595.167236
v 391.368774 2.861923 595.786255
v 322.062531 3.339836 594.102112
v 323.596069 198.028442 716.852783
v 251.636200 3.292099 594.131531
v 212.190430 3.251877 594.178040
v 391.758789 4.100830 594.269897
v 287.797974 3.532928 594.133179
v 286.312897 4.431190 594.068970
v 252.417526 4.150688 592.448364
v 355.902802 4.430145 594.069580
v 253.123901 4.423927 594.074036
v 242.840256 3.744728 594.190430
v 357.198883 3.408600 594.130859
v 356.966797 2.872269 593.215149
v 355.909607 3.799049 593.582031
v 355.941498 3.765495 593.090332
v 323.120453 3.799713 593.577576
v 323.005890 3.718422 593.143311
v 322.041199 2.953911 593.195251
v 311.716583 2.876816 594.854309
v 312.108337 2.845261 593.513611
v 296.484467 2.877846 593.852539
v 287.858459 2.878654 593.442322
v 286.147491 3.717842 593.187744
v 287.274994 3.297615 592.723267
v 253.220428 3.670906 593.318909
v 251.972076 2.897232 592.992737
v 249.207550 2.829948 591.171265
v 242.361694 2.875671 593.738586
v 237.627991 2.794479 594.308899
v 212.609192 2.898582 594.315552
v 315.772064 195.645508 591.782349
v 302.838043 198.109039 591.090027
v 294.472107 197.128906 591.367676
v 376.236969 182.233795 587.035950
v 229.619904 180.140320 589.223633
v 374.230438 176.542023 590.296997
v 374.433716 178.966354 588.986023
v 374.707428 177.170258 588.903992
v 229.521545 176.872955 588.949585
v 246.358521 201.430389 684.708191
v 374.648834 173.117538 589.069214
v 229.688324 172.791733 590.591736
v 229.661224 171.332733 589.148438
v 374.477264 171.548523 589.173035
v 346.814148 157.163437 589.163330
v 349.001617 156.023804 588.447021
v 344.893066 157.872955 588.857056
v 342.404205 158.586823 589.060303
v 340.051605 158.739471 588.964600
v 337.491364 159.293152 589.103149
v 335.785675 158.718445 589.032043
v 332.313263 158.490097 588.936646
v 330.191620 158.053543 588.781250
v 325.760315 155.658981 588.942566
v 271.365723 158.031418 588.896484
v 268.844086 158.564285 589.064819
v 266.541351 158.727966 589.036743
v 263.802368 159.358398 589.011353
v 262.241882 158.705704 589.061646
v 259.044556 158.700378 588.935974
v 255.598602 157.448624 588.960693
v 257.419312 157.844162 589.156738
v 350.758820 154.697998 589.126892
v 322.951904 153.516510 589.106873
v 324.173248 154.311554 588.469482
v 278.618286 153.743103 589.155518
v 275.935242 155.892853 589.078064
v 251.248260 155.068939 588.427002
v 336.113586 202.525421 709.207458
v 331.319519 202.417084 711.891357
v 354.776550 149.966507 588.922119
v 353.737854 151.568756 588.996521
v 322.072968 152.211838 588.536987
v 320.758362 150.336365 589.086365
v 253.477264 206.588501 692.257446
v 249.775848 198.702515 692.271912
v 253.807373 197.938751 697.931396
v 258.722412 204.092133 700.015198
v 280.731384 150.956482 589.159485
v 246.303802 147.705170 588.945312
v 247.647034 151.003326 588.995850
v 356.168762 145.869858 589.100525
v 355.832642 147.259338 588.583191
v 319.355499 146.839050 589.124878
v 265.065063 208.023010 703.259338
v 245.616669 146.043182 588.530151
v 374.280701 135.350708 589.021423
v 319.384186 135.503601 589.133728
v 282.453003 135.406219 588.973938
v 346.610931 205.344482 611.970520
v 245.814453 135.465149 589.051758
v 374.904907 134.521591 588.391785
v 355.108063 134.751740 588.272217
v 320.082001 134.804672 588.850708
v 281.683594 134.747620 588.347900
v 246.583405 134.819107 589.002686
v 325.280273 204.063995 713.950195
v 245.682663 206.132690 678.683472
v 338.986420 98.108765 588.093018
v 336.955872 99.424042 587.845276
v 332.319550 99.759903 588.059204
v 334.481079 99.957458 588.002686
v 330.417603 98.742172 587.924988
v 266.438416 99.504341 588.015869
v 268.953583 98.092773 588.026184
v 264.071960 99.959312 588.008606
v 259.849823 98.439827 587.966675
v 261.663330 99.585754 587.963501
v 258.275970 96.773788 587.865723
v 328.603516 96.860840 588.836609
v 354.723846 203.180878 690.934204
v 257.541626 95.154358 588.002930
v 270.798401 94.701904 588.019287
v 279.339661 201.323639 714.741089
v 249.429718 206.328033 686.287354
v 348.549652 206.666351 696.455750
v 350.707306 200.615814 697.707031
v 270.761475 77.798515 588.000610
v 339.888977 77.203789 588.842529
v 340.908539 77.831116 587.891296
v 328.367859 77.049240 587.964661
v 327.100739 77.778984 588.093506
v 269.627777 77.067986 587.924316
v 258.229706 77.056717 587.913940
v 257.660706 77.821182 588.973816
v 340.025940 66.213608 589.206055
v 337.147369 66.090294 588.957764
v 276.229767 65.080093 589.510376
v 269.894379 66.181786 589.287415
v 267.023560 66.071785 588.861633
v 351.020386 62.948921 589.452515
v 350.369446 62.605518 589.876465
v 345.798523 64.811371 589.771179
v 347.152222 65.057961 588.976074
v 343.833313 61.010368 590.008911
v 339.972046 65.171104 589.882935
v 332.901855 64.947220 589.732178
v 329.308044 63.884216 589.073425
v 326.967682 62.644547 589.071594
v 280.711639 63.362370 589.479065
v 277.459930 63.844643 589.886108
v 268.974823 65.133453 589.887085
v 266.986816 61.442276 589.995056
v 263.215790 64.986511 589.630798
v 260.988739 63.502132 589.905518
v 258.673279 63.269390 589.595825
v 256.043243 61.923191 588.962769
v 354.320496 60.667229 589.620361
v 357.699402 57.128876 589.407471
v 350.993011 57.155838 590.004456
v 347.682129 58.174316 592.249023
v 348.191528 58.356064 590.901672
v 347.799896 59.311432 590.024963
v 343.901581 59.635948 592.230469
v 343.532410 60.249786 590.837830
v 339.579437 59.967300 592.595032
v 337.894897 60.610466 590.652771
v 335.719360 61.118477 590.012207
v 334.024811 59.289734 592.358337
v 331.964478 58.831337 591.069336
v 334.893158 59.925064 591.076355
v 331.603729 59.468716 590.020996
v 328.312683 57.550552 590.002502
v 325.603485 61.107159 589.801941
v 321.544250 58.547283 587.969421
v 283.099854 61.297890 589.823730
v 284.840942 58.965691 589.884766
v 285.959900 59.609509 589.015381
v 279.379395 57.330654 592.176392
v 277.359558 58.835926 590.944763
v 279.627747 58.437759 590.023865
v 274.773132 59.389233 592.430542
v 272.671143 60.447800 590.717651
v 274.059174 61.026886 590.002441
v 268.034912 60.416538 591.197205
v 265.975769 59.814148 592.230774
v 264.848511 60.758255 589.998840
v 262.621033 58.706169 592.213623
v 264.415314 59.769779 590.941223
v 261.316101 58.399364 590.842163
v 261.108582 59.100742 590.024048
v 253.500534 59.381676 589.725830
v 358.097900 55.241322 589.894043
v 359.315277 54.322731 589.539429
v 352.454742 54.756466 591.025879
v 354.222198 53.740856 590.027344
v 329.484070 57.047028 592.254456
v 328.249084 56.459995 590.950317
v 323.383026 51.995918 589.986328
v 321.441833 57.059380 589.692993
v 319.002594 52.389320 589.787109
v 318.816132 54.425381 587.916687
v 288.352997 55.971142 589.770203
v 283.873077 54.593052 589.999023
v 280.779846 56.582565 590.934509
v 259.929504 57.197056 592.170227
v 258.341064 56.550304 590.584290
v 257.010315 54.706165 592.340393
v 255.831818 54.908485 590.015137
v 249.839294 54.253563 589.679504
v 360.446991 51.704399 589.393066
v 360.288269 50.274780 589.868164
v 354.486145 51.437767 592.394470
v 354.884125 51.487488 590.920166
v 356.814789 48.998951 590.007263
v 325.162994 52.687477 592.230347
v 325.187378 53.316338 590.617371
v 318.842316 49.907715 589.883118
v 289.988953 51.039291 589.880615
v 290.044037 53.273682 589.502747
v 285.561859 49.651329 592.282471
v 283.529266 53.812019 590.911682
v 286.510468 50.300129 590.004272
v 253.973999 50.124596 592.340210
v 254.591461 52.231304 590.751221
v 252.669067 49.571404 590.030334
v 249.594177 51.205185 589.902222
v 248.318939 51.100449 588.998047
v 356.247223 47.151047 592.252014
v 356.366333 47.863457 591.198975
v 322.958191 47.973518 592.280212
v 323.723053 50.622307 591.196960
v 322.627686 49.164635 590.284912
v 322.136536 48.734924 590.021240
v 317.625519 47.415112 589.184082
v 291.211090 48.944191 589.464722
v 286.898926 48.521523 590.055176
v 285.488953 50.653259 591.064209
v 252.616241 47.223076 591.145996
v 251.593140 47.630341 589.995789
v 248.281921 49.069508 589.574951
v 361.483887 45.729515 589.156433
v 358.100067 44.897850 589.989380
v 356.844818 43.352844 592.099121
v 322.306519 44.805359 592.237549
v 321.829773 43.931561 591.151184
v 321.035156 45.038807 590.016968
v 287.306854 45.491741 590.947632
v 287.898193 46.408905 590.056824
v 286.874329 45.258007 592.288635
v 252.447052 44.817429 592.294250
v 251.701935 43.827545 590.238647
v 357.342346 43.464104 590.923889
v 356.903320 3.898651 592.170166
v 360.348816 4.251167 589.904297
v 318.762543 4.124031 589.909424
v 287.674927 3.875351 590.463318
v 290.335541 3.894798 589.904968
v 286.872894 40.340340 592.486877
v 248.631104 4.207741 589.786072
v 358.109283 4.315964 590.001282
v 320.922272 4.050972 590.025208
v 288.561340 4.302185 589.995728
v 361.484863 4.397316 589.191895
v 357.316589 4.509407 590.993713
v 322.235382 4.678604 592.086792
v 286.964264 4.540771 592.406677
v 317.495605 4.102043 589.088196
v 251.773773 4.383850 590.386353
v 251.255249 4.434143 590.008850
v 367.007385 2.977478 587.830811
v 361.439331 2.843506 591.011292
v 360.406830 3.182213 590.399109
v 361.566772 3.187546 589.668335
v 362.573639 3.059319 587.898621
v 358.032959 3.007812 590.765259
v 321.165924 2.947159 591.143311
v 318.697144 2.991409 590.683105
v 316.794342 2.893173 589.194519
v 311.960754 2.924835 587.931641
v 296.371521 2.940689 587.815430
v 290.648071 2.930267 590.641907
v 291.191376 3.366188 589.629150
v 293.199738 3.029411 587.868225
v 287.995056 3.019318 590.758484
v 251.604584 3.258804 590.584473
v 248.571136 3.259880 590.195557
v 246.310684 2.851532 588.979797
v 246.580200 3.149887 587.959229
v 242.338776 2.900391 587.919250
v 211.970016 4.151413 580.438660
v 374.719360 180.933441 587.734680
v 376.571716 183.244598 585.571167
v 231.439896 180.262177 587.664551
v 227.122070 183.310547 585.804077
v 230.096954 178.939117 588.380432
v 230.235138 180.085571 588.100830
v 231.355194 177.870361 587.576172
v 374.301086 177.560104 587.859497
v 230.451736 174.807159 587.532654
v 230.378723 177.265350 587.674194
v 374.247742 173.680099 587.820557
v 373.282562 171.462143 587.824646
v 371.352631 173.756500 587.985352
v 373.652863 170.328949 587.212708
v 370.038361 172.477570 587.650513
v 372.825317 172.925934 587.642029
v 369.365265 171.436554 587.839417
v 369.052490 173.990097 587.454834
v 362.706177 171.532455 587.868042
v 366.473602 173.068268 588.024414
v 362.544342 175.338409 588.080261
v 364.589935 174.261230 587.390808
v 359.617432 172.531296 587.706055
v 356.418518 173.768219 587.461426
v 356.203491 171.574921 587.824158
v 355.325989 172.635254 588.007080
v 353.660492 174.145203 587.398010
v 346.663757 170.237640 587.122986
v 349.984772 172.570312 587.800842
v 352.418640 171.514755 587.785095
v 345.970581 171.496506 587.799744
v 347.329681 173.256714 587.594055
v 345.047577 172.226059 588.007080
v 345.459625 175.017181 587.360901
v 339.747253 173.022690 587.696655
v 335.004089 171.498001 587.793091
v 336.655975 173.136673 587.521301
v 333.495667 172.713440 588.051575
v 331.144073 171.491028 587.818970
v 328.483704 172.853851 587.835022
v 331.694855 174.433594 587.377563
v 325.015198 171.566040 587.791199
v 324.434601 173.967026 587.450989
v 321.319061 171.629715 587.869751
v 322.682281 172.680435 588.046021
v 322.712891 174.459259 587.424500
v 317.694458 173.721619 587.999390
v 319.248840 172.717911 587.627319
v 314.946594 171.444458 587.877319
v 312.558899 174.572266 587.462708
v 315.440765 173.822968 587.619812
v 311.416290 173.123444 588.054382
v 304.307709 171.368515 587.853149
v 306.814240 172.260834 587.697205
v 306.341431 173.504120 588.016602
v 303.785400 174.566772 587.356445
v 302.341797 172.887268 588.018555
v 300.533325 173.871918 587.506653
v 306.337585 170.512024 587.376465
v 299.869446 171.478180 587.811279
v 298.254333 173.145416 587.962158
v 296.119141 171.494446 587.869507
v 288.129120 170.220734 587.117981
v 290.136505 171.552032 587.983154
v 293.280945 173.265671 588.035034
v 294.161011 174.909271 587.324890
v 290.427429 173.959274 587.473999
v 287.882385 171.530243 587.803284
v 283.944458 171.694031 587.812134
v 282.841400 174.485123 587.371521
v 282.154907 172.097870 588.061890
v 279.779785 173.666779 587.596741
v 276.915924 173.590881 588.050049
v 272.491913 171.655945 587.902954
v 275.436493 172.605499 587.701111
v 273.038239 174.346619 587.429626
v 271.170013 172.733582 588.090515
v 260.414337 171.561340 587.906067
v 268.092957 172.561401 587.645691
v 263.823090 173.043427 587.597961
v 265.689850 173.936951 588.007874
v 260.059814 172.893127 588.079834
v 259.925598 174.943268 587.374817
v 255.557739 173.898621 588.023560
v 257.170471 173.021606 587.632141
v 254.068253 172.519897 587.723328
v 251.687866 171.582611 587.845886
v 248.801056 171.559723 587.892212
v 249.502686 172.753448 588.099548
v 250.520905 175.090424 587.388489
v 245.184677 172.877350 587.751953
v 246.975906 173.836334 587.483276
v 230.133438 170.112640 587.111145
v 241.645447 175.621460 588.062439
v 241.494324 171.440063 587.921753
v 241.948914 173.086731 587.589172
v 235.651138 171.603882 587.989685
v 238.033508 173.475128 588.010315
v 237.145081 174.702118 587.395447
v 232.738861 172.650024 587.853271
v 231.653229 171.435944 587.814331
v 230.397247 171.538818 588.189819
v 228.308624 169.481125 587.809204
v 376.214600 168.331543 585.588196
v 227.230469 167.510834 585.713623
v 373.212769 163.127747 587.788269
v 376.035248 164.986420 585.662170
v 318.842194 164.993530 585.629028
v 228.308807 165.025085 585.654114
v 227.303329 165.055817 586.783813
v 230.093277 163.422943 587.617859
v 227.226440 166.075043 585.697327
v 372.977570 162.593506 588.004700
v 346.304321 162.652405 588.007568
v 346.002380 158.720352 588.086487
v 343.131287 159.733124 588.080017
v 337.423767 159.913605 588.137634
v 332.649689 159.771332 588.088501
v 332.481384 162.676270 588.004150
v 298.718567 162.598785 588.024658
v 269.329498 162.703003 588.015991
v 268.787476 159.804016 588.103882
v 263.787415 159.898315 588.168152
v 258.212341 159.016418 588.218933
v 231.311157 162.874680 587.996155
v 230.248505 162.328979 588.532471
v 347.156036 157.634247 588.175903
v 343.293488 158.822952 588.201904
v 331.521454 158.818893 588.159180
v 329.390320 158.803101 588.075684
v 276.166595 156.556183 588.170959
v 275.506012 157.601776 588.089905
v 273.332336 157.495087 588.303833
v 271.784058 158.769180 588.137146
v 269.629913 158.794174 588.246277
v 255.076767 158.396545 588.166260
v 254.292725 157.445267 588.206482
v 353.846344 152.556076 588.104065
v 350.729706 155.545898 588.186584
v 322.404785 154.169586 588.095581
v 325.939178 156.478226 588.131226
v 280.098633 153.890808 588.083496
v 278.864349 153.996185 588.260986
v 248.506348 154.571182 588.083191
v 355.067749 152.145355 588.048828
v 281.556458 151.175705 588.141235
v 357.154297 145.963806 588.061707
v 355.849274 149.331268 588.092346
v 320.056793 150.132217 588.200439
v 318.817230 148.177017 588.140320
v 283.281952 147.088287 588.180603
v 294.792572 135.257782 588.044861
v 282.580322 146.961090 589.092346
v 247.292572 151.230820 588.262939
v 244.905762 147.541016 588.098267
v 231.390778 135.216034 588.099365
v 356.077850 135.378937 588.969543
v 318.661652 135.265900 588.078491
v 372.951721 135.267822 588.025574
v 357.262360 135.275604 588.045776
v 283.638672 135.260239 588.087463
v 245.142120 135.252167 588.093689
v 230.254547 135.356964 588.509155
v 378.102448 132.739166 583.694336
v 373.929260 134.296356 586.925537
v 355.568665 134.580307 587.568054
v 349.169250 133.096802 584.192322
v 319.686279 134.353485 587.007141
v 282.717377 134.511963 587.386963
v 269.904053 133.148010 584.347839
v 246.281006 134.546555 587.504761
v 230.447449 134.408112 587.215393
v 226.977570 133.254929 584.664124
v 348.493500 111.125351 587.442017
v 342.025665 112.525482 587.474365
v 337.898895 112.547897 587.450989
v 333.776001 111.987747 587.457825
v 330.219971 110.803879 587.460999
v 271.606445 112.556755 587.442688
v 266.843842 112.423401 587.464844
v 264.302032 112.153618 587.459045
v 325.228546 107.967926 587.476074
v 281.174683 109.767380 587.451416
v 274.702698 112.093216 587.465454
v 258.046814 109.797119 587.454956
v 252.301300 105.693344 587.448669
v 288.006989 104.529793 587.447876
v 285.542969 107.014053 587.456055
v 360.131775 102.283653 587.482178
v 355.180695 107.452438 587.485168
v 331.949097 100.439880 587.576965
v 336.779175 100.397308 587.545227
v 317.160736 99.246376 587.462402
v 320.028198 103.448349 587.454712
v 266.288574 100.413353 587.550415
v 363.319580 97.192085 587.446289
v 339.450928 98.911766 587.533569
v 342.125580 95.220863 587.529297
v 291.141174 100.807487 587.449280
v 296.241364 68.741974 587.497864
v 269.846466 98.122482 587.515625
v 260.508881 100.129456 587.557739
v 245.410370 96.261589 587.450989
v 247.954010 100.689331 587.465759
v 340.965302 94.914398 587.874451
v 327.113312 93.654037 588.088806
v 327.970764 96.343567 587.870117
v 327.189087 96.869125 587.526001
v 314.541016 93.306587 587.486267
v 294.799530 93.123322 587.467773
v 294.346954 94.904846 587.433105
v 272.014526 94.596458 587.521851
v 244.232056 93.068008 587.449524
v 365.609955 91.698059 587.469910
v 365.985657 89.422897 587.438660
v 313.925690 91.005692 587.443909
v 313.359375 89.574516 587.414368
v 295.203217 91.303299 587.469360
v 256.979889 96.062027 587.538269
v 243.566177 89.964424 587.476440
v 366.140472 67.338417 587.479553
v 313.288513 86.085190 587.461121
v 296.213196 88.124283 587.466980
v 295.633301 89.389008 587.460510
v 243.295074 87.392616 587.486694
v 242.749115 86.309814 587.364624
v 326.147003 87.163521 587.522095
v 257.368408 77.903458 587.881836
v 342.210205 77.839195 587.515259
v 271.455444 76.479156 587.537842
v 326.643311 76.747391 587.534180
v 257.260742 76.900932 587.533752
v 339.992218 76.728065 587.588562
v 312.719849 84.166283 587.470581
v 345.070831 67.096382 587.513794
v 322.370361 60.836945 587.544922
v 272.813751 67.283463 587.528870
v 263.458282 66.912918 587.526245
v 353.829742 62.675354 587.546509
v 346.857788 65.531029 587.818115
v 342.267090 66.573692 587.844421
v 336.222900 66.625702 587.849243
v 336.015076 67.221222 587.540344
v 330.334137 65.820030 587.554565
v 287.496979 59.659504 587.549927
v 283.599945 63.953133 587.516724
v 278.460907 65.743500 587.567444
v 271.970734 66.509399 588.007446
v 267.335388 66.705223 587.839783
v 262.469788 65.593124 587.835571
v 354.352600 61.368172 587.889648
v 350.832703 63.875786 587.820557
v 329.583893 64.611137 587.828186
v 326.167969 62.727707 587.790649
v 284.351501 61.729733 587.767334
v 281.033478 63.873035 587.727356
v 277.023804 65.582352 587.864685
v 257.527405 63.290058 587.950256
v 256.292297 63.307999 587.571838
v 359.145844 56.336617 587.738403
v 291.678284 53.222778 587.553833
v 288.601135 57.182171 587.890564
v 252.409454 59.319508 587.801941
v 242.777405 54.255295 587.459351
v 248.280350 55.174862 587.521729
v 220.386017 50.582157 580.348267
v 316.650146 51.320992 587.566895
v 249.190735 54.764271 587.860901
v 362.526123 50.420593 587.551941
v 361.105103 51.837910 587.905090
v 316.921417 48.499008 587.892944
v 291.298401 52.328934 587.856140
v 362.024475 48.548431 587.936523
v 247.284607 49.352554 587.937378
v 246.253693 48.746197 587.532776
v 316.655579 4.492081 587.588074
v 292.282471 46.341309 587.932434
v 293.223175 45.588326 587.539551
v 242.791626 4.072250 587.460022
v 215.795090 36.489578 580.144348
v 246.785828 4.003525 587.732361
v 366.152496 4.556931 587.445312
v 214.690872 33.319824 580.203491
v 247.687592 3.883240 589.007874
v 391.762512 25.126293 582.062500
v 296.235291 4.514420 587.477356
v 362.340424 4.278381 587.628662
v 293.207001 4.446571 587.547607
v 292.270081 3.923019 588.002502
v 312.681366 4.295967 587.482239
v 391.429260 2.937546 580.416138
v 316.618195 3.217850 587.843750
v 226.616776 2.804115 578.565125
v 336.353668 185.468597 585.356201
v 375.910858 184.848694 585.187927
v 228.260696 185.964478 585.763916
v 228.434326 184.893188 585.236084
v 375.331970 183.056503 585.345276
v 228.399841 183.130432 585.385437
v 376.079407 166.479309 585.114502
v 332.409424 166.637222 585.112000
v 299.614716 167.445267 585.255493
v 257.751007 166.739441 585.135376
v 228.584030 168.393616 585.581665
v 228.609451 166.660873 585.141479
v 296.269836 166.085846 585.239380
v 378.163727 131.851654 583.017090
v 351.340027 132.457855 583.351685
v 321.623322 131.844254 583.039307
v 226.393784 131.501221 583.038086
v 225.156494 132.230377 583.396790
v 379.284882 126.604515 583.463562
v 377.922119 126.608368 582.798584
v 325.544128 127.031258 582.948425
v 226.190552 126.566574 582.727783
v 226.206619 127.012444 582.984619
v 224.993286 126.596321 583.305908
v 342.222412 112.676834 579.533936
v 337.476196 112.546730 579.510681
v 331.758728 111.520004 579.463135
v 275.493652 111.990982 579.017761
v 273.929871 112.252480 579.337952
v 271.453857 112.718483 579.496643
v 264.403412 112.240021 579.287659
v 259.390991 110.552544 579.319153
v 348.432739 111.223778 579.681946
v 325.418945 108.226013 579.360962
v 281.208374 109.889252 579.246643
v 360.082977 102.487503 579.608826
v 355.545135 107.184830 579.646606
v 285.647125 107.019302 579.286377
v 250.570511 104.123047 579.250977
v 362.768494 98.296188 579.501465
v 320.208405 103.686859 579.460571
v 291.041565 101.120926 579.301697
v 316.908447 98.757072 579.629639
v 364.599152 94.533295 579.485718
v 315.884949 96.791702 579.387024
v 294.544708 93.834648 579.385681
v 294.225800 95.357040 579.479065
v 365.749756 90.524521 579.306702
v 365.556519 91.724838 579.688232
v 313.826172 90.492943 579.546326
v 295.753845 89.483459 579.405579
v 295.682709 90.523392 579.547241
v 295.112274 92.138878 579.317627
v 243.386337 89.550354 580.449585
v 313.278381 86.358704 579.410522
v 296.425751 88.066193 579.136536
v 243.194061 87.503548 579.324219
v 242.669510 86.164009 579.212463
v 312.671387 84.375198 579.743652
v 242.640381 49.092068 579.302490
v 383.362427 50.441765 581.864136
v 366.315735 49.840759 580.812744
v 312.529144 49.837959 579.663086
v 312.606598 41.720169 577.173218
v 366.417236 25.679623 571.997498
v 212.003082 24.916401 580.327698
v 382.892548 2.911972 580.200195
v 212.414520 2.957260 578.996277
v 382.680908 124.774025 579.190735
v 381.184998 125.042786 578.790344
v 381.458588 126.198135 579.101379
v 382.487274 126.526596 579.714539
v 229.898727 126.508553 579.055603
v 220.946335 126.255173 578.559387
v 348.438721 111.613678 579.030884
v 344.257080 112.169456 579.365417
v 343.946594 113.340347 578.735718
v 334.610474 112.282196 579.298462
v 334.337708 113.366158 578.719177
v 330.593445 111.815590 578.748474
v 327.677277 111.381821 578.657166
v 279.183167 111.461487 578.619019
v 266.990997 112.625603 579.361816
v 267.277405 113.337189 578.611572
v 263.995575 112.981735 578.554138
v 259.212311 111.123039 578.625488
v 366.431580 94.076996 578.772888
v 356.680145 107.791603 578.750732
v 354.643768 108.174316 579.073486
v 348.733063 112.157379 578.723083
v 328.317230 109.798363 579.362854
v 326.155731 109.399719 578.780701
v 322.539459 106.842056 578.772339
v 282.328278 110.349525 578.643188
v 256.362488 108.860733 579.226562
v 255.501770 109.159676 578.591125
v 361.416473 102.739441 578.756836
v 358.466034 104.911362 578.994324
v 319.220978 103.972610 578.708374
v 286.053497 107.589478 578.638916
v 251.751511 106.242302 578.604004
v 248.423279 102.875504 578.575195
v 318.198303 101.919159 578.816101
v 290.799988 102.828400 578.639160
v 288.040741 104.727119 579.357239
v 247.108368 100.743111 578.585938
v 246.805069 99.025673 579.294800
v 363.617493 97.037048 579.754578
v 362.574158 99.823853 578.971985
v 316.422150 99.565552 578.765259
v 293.569916 97.468704 578.867737
v 364.449097 97.028366 578.849548
v 314.460632 93.832489 579.440125
v 313.759888 94.118958 578.719360
v 245.221725 95.878647 579.107483
v 244.231644 93.368744 579.203430
v 366.103394 92.115311 578.916870
v 313.272827 89.540726 579.293091
v 313.173859 90.837524 578.737610
v 296.643372 89.915001 578.670837
v 243.714172 90.832642 579.090088
v 242.933838 89.536789 578.934875
v 242.293427 90.918777 578.507385
v 366.321320 88.410713 579.604187
v 367.387909 89.456032 578.792725
v 312.011932 84.705551 578.697083
v 296.424957 49.016304 579.240112
v 220.910721 67.278923 578.601135
v 377.755524 50.770325 578.815430
v 367.563019 50.583061 578.867371
v 242.392593 49.867813 578.946838
v 382.907349 50.768562 579.485901
v 381.310883 50.614395 578.824524
v 366.705170 51.044075 579.571472
v 310.158997 50.471382 578.626770
v 311.938446 50.711979 579.015991
v 383.180420 50.386932 580.668152
v 383.177155 48.190205 579.697998
v 382.696777 48.265419 578.675598
v 366.395264 46.681480 579.117798
v 366.847351 47.197090 578.331116
v 298.071564 50.564003 578.600342
v 220.878647 49.517860 578.711670
v 384.544403 45.770168 580.460999
v 383.171234 45.053612 579.591187
v 296.326324 42.071991 577.078369
v 296.373962 45.205109 578.046265
v 242.597305 46.154930 577.998169
v 218.189697 43.591457 580.193237
v 219.955994 47.419876 578.661987
v 385.864014 39.862244 579.915405
v 242.689987 38.901733 576.170654
v 217.612549 40.376503 578.736084
v 218.430374 41.443504 578.563293
v 215.826447 34.710526 578.661377
v 214.592590 31.424099 578.714417
v 391.457977 24.979645 580.450745
v 390.088776 26.251720 579.812561
v 213.774078 28.791504 578.848999
v 213.498489 26.431992 578.437256
v 212.496597 24.686359 578.778076
v 389.998627 4.182274 579.718933
v 383.179626 4.378685 579.559326
v 312.399780 3.342995 571.355408
v 236.464539 125.113937 578.415466
v 222.706665 125.935318 578.363403
v 295.699463 108.856964 578.565125
v 340.755341 114.532440 578.681519
v 274.724030 113.270248 578.560913
v 272.100037 113.391464 578.608765
v 250.799683 108.960678 578.470886
v 291.878723 102.423531 578.626343
v 295.106934 96.226524 578.601685
v 295.607117 93.505569 578.718506
v 243.538025 94.913902 578.495178
v 244.637543 96.915329 578.595276
v 297.909760 88.480591 578.604797
v 236.020569 50.414001 578.351074
v 221.327454 75.970055 578.360229
v 236.414032 85.121574 578.432739
v 242.013245 86.633133 578.555298
v 311.739227 90.465912 578.630981
v 226.884674 49.413834 578.280151
v 222.071899 60.098499 578.363098
v 240.638916 50.633442 578.487183
v 221.248718 48.524700 578.391174
v 242.159775 46.661884 577.600708
v 383.094299 44.287163 578.153076
v 382.401367 45.200184 577.458679
v 381.188263 42.844307 576.322449
v 367.283539 45.483276 577.406189
v 368.384308 43.314278 576.436218
v 311.860962 42.263802 576.242188
v 298.090210 43.060673 576.187439
v 297.891815 46.145931 577.254028
v 296.509613 47.501045 578.226135
v 296.584625 44.223129 577.150024
v 240.772186 44.434776 576.518982
v 226.107513 46.186745 578.259583
v 382.771332 41.595184 576.589844
v 367.409393 35.891823 574.127258
v 296.476410 40.928925 576.103882
v 242.505951 41.204399 576.178467
v 366.680939 37.843559 575.468506
v 312.479736 38.962074 575.876404
v 297.984802 36.656452 574.072327
v 297.880554 39.577534 575.091675
v 296.339630 38.491798 575.847168
v 296.485413 37.716415 575.052856
v 242.022125 38.188339 574.816101
v 242.594971 36.576172 574.703613
v 312.457367 33.666939 574.190552
v 242.718475 31.135998 573.896851
v 215.610046 32.177773 578.405457
v 383.053772 25.646141 571.781311
v 366.409149 4.059982 571.926208
v 312.606628 26.486614 571.943237
v 226.151001 25.947090 571.690735
v 225.986313 4.273392 578.318848
v 213.575424 3.035233 578.476929
v 383.090454 3.206024 571.922974
v 296.779938 2.970207 570.892578
v 296.333435 2.944809 571.826355
v 242.638519 3.233841 571.310364
v 242.070526 2.919304 570.478516
v 382.685425 31.105389 572.887024
v 381.177216 36.037819 574.007507
v 310.161072 24.998386 570.211304
v 298.017151 33.311100 572.912598
v 296.596436 34.484272 573.861328
v 296.316589 35.249897 574.743469
v 296.340210 32.220814 573.739136
v 242.213104 33.155609 573.215881
v 226.908905 25.039223 570.364929
v 228.550415 24.901562 570.014648
v 381.298004 26.771923 571.010986
v 381.013733 24.613274 570.350098
v 296.564178 28.417721 572.001221
v 296.549408 31.287052 572.835327
v 296.345093 26.058048 571.746277
v 242.498199 25.709084 571.032715
v 311.933899 24.729874 570.515808
v 296.503021 29.006863 572.478149
v 226.115860 4.147293 571.717468
v 382.539124 2.941360 570.814636
v 367.361542 2.886688 570.704895
v 366.853577 3.080711 572.118530
v 311.869965 2.820549 570.885742
v 367.397766 25.046791 570.540100
v 298.059998 25.094349 570.257751
v 240.709091 24.920712 570.080322
v 382.589874 24.710987 570.809204
v 296.707184 24.647694 570.730408
v 240.663055 4.377945 570.071960
v 381.039551 4.173546 570.377136
v 242.263611 24.955299 570.533997
v 228.945557 4.253944 570.021790
v 368.979492 4.197258 570.357117
v 226.761444 2.975388 570.391602
v 311.772949 3.170326 570.462280
v 297.971252 3.197243 570.329285
v 244.383072 184.129852 715.580444
v 240.415466 181.041412 719.545288
v 277.869904 190.722992 717.314941
v 371.653931 186.410187 724.853821
v 364.584686 181.116913 719.528503
v 370.922699 190.663788 725.724243
v 283.151428 190.727844 719.134705
v 294.228729 190.731842 721.558838
v 306.532227 190.727905 722.024536
v 313.042297 190.721497 721.281128
v 319.808685 190.728607 719.864075
v 239.307831 180.223175 594.183716
v 233.809509 186.430878 588.584167
v 234.011292 186.786316 589.358765
v 234.057495 190.266602 589.471680
v 234.681244 190.680328 589.226868
v 270.461243 190.712708 597.618713
v 363.013916 182.404663 596.916870
v 371.646545 186.408997 588.511230
v 334.850464 190.713425 597.537842
v 371.220795 186.715637 589.461060
v 365.993988 180.274109 594.169678
v 320.853485 190.728333 591.783264
v 328.074188 190.732590 594.284790
v 233.989746 186.774872 725.556763
v 234.237976 190.532776 725.781921
v 239.016510 180.108490 662.526794
v 236.546143 190.708389 649.903748
v 236.631332 190.730347 662.193054
v 237.505676 195.466125 659.572876
v 371.218262 186.765289 725.094482
v 369.120911 190.749115 653.649231
v 370.775177 190.678589 645.635437
v 368.725647 190.743347 648.440796
v 368.917480 190.695007 661.137146
v 370.775177 190.678406 695.853882
v 237.864349 195.596954 648.204041
v 237.672241 190.736588 669.008789
v 366.860657 195.943634 667.728333
v 367.373444 190.735825 671.057495
v 364.781677 190.725693 679.346619
v 233.832703 186.437775 726.185669
v 239.700714 190.709778 676.536926
v 362.303101 198.178314 680.735901
v 361.934296 190.710648 685.852600
v 242.823792 190.712006 684.340942
v 234.676300 190.680481 725.293396
v 362.499146 190.730179 626.524841
v 245.333969 190.706024 622.318542
v 240.875366 190.726929 631.672363
v 365.907867 190.733765 635.214294
v 371.146667 190.271317 588.881104
v 367.817780 190.716614 642.489380
v 238.455444 190.721344 638.966736
v 235.094513 175.509613 588.015259
v 232.674759 177.318146 588.030334
v 236.961090 176.222260 587.385559
v 239.978363 176.770111 587.437317
v 242.408875 178.676178 587.646851
v 246.328247 175.712128 588.091919
v 248.507507 175.201080 587.410339
v 251.829300 175.675415 588.024048
v 252.532211 178.068787 587.590576
v 249.369110 177.140732 587.500977
v 254.912659 178.678452 587.757812
v 257.285217 175.494385 587.921143
v 258.103546 177.142258 587.392639
v 263.148987 175.512985 588.026672
v 261.188568 176.616562 587.412659
v 265.000366 177.971710 587.720459
v 269.465942 173.908356 587.455444
v 268.139130 175.576782 587.981445
v 268.501190 176.946350 587.464417
v 273.508728 175.518127 587.836487
v 270.912231 176.330032 587.375061
v 273.384247 177.478943 587.494873
v 275.856049 177.311844 588.035950
v 279.224335 175.722778 587.979309
v 283.405914 176.901886 587.401550
v 280.426361 176.581573 587.372070
v 284.722473 175.721268 588.002686
v 285.073212 178.004547 587.543701
v 287.133972 173.904053 588.031860
v 289.602325 175.824493 588.038208
v 290.960724 175.766663 587.529907
v 287.204712 178.455322 587.689453
v 291.467285 176.959656 587.409607
v 294.067322 176.450714 587.393677
v 296.340576 175.515991 588.031494
v 298.900543 175.766510 588.017578
v 301.084351 176.227097 587.355713
v 297.713654 178.876083 587.644653
v 303.866302 177.086349 587.527527
v 307.817566 175.463287 588.160767
v 310.351685 176.249969 587.394531
v 312.805237 176.598358 587.362854
v 319.809265 175.607895 588.012085
v 314.856873 175.610504 588.047302
v 318.638428 178.666031 587.634888
v 321.490662 176.723206 587.396729
v 325.333130 175.862671 588.007751
v 323.781281 176.476273 587.358276
v 328.511536 177.161804 587.994690
v 330.526093 175.566376 587.999207
v 330.889435 177.363068 587.497681
v 333.989136 175.571350 587.260376
v 336.538025 175.670441 588.018982
v 339.434448 176.624939 588.012695
v 338.351532 178.216461 587.621216
v 341.209320 175.522003 588.020569
v 343.302826 176.460388 587.334167
v 346.598022 177.307861 587.364807
v 347.663422 175.976074 588.035583
v 349.773682 178.689087 587.687378
v 351.888367 175.794601 588.024475
v 353.745544 176.549194 587.384338
v 352.324615 178.145309 587.530273
v 356.760864 175.457642 587.541260
v 357.087463 177.182983 587.422424
v 357.890015 175.648026 588.012573
v 361.117737 176.738739 587.989319
v 364.598389 176.920746 587.369873
v 369.937347 175.234573 588.000244
v 371.674927 176.741730 588.042786
v 367.786774 176.266678 587.360107
v 370.693420 177.841217 587.589600
v 369.397797 179.740906 587.752563
v 372.998047 178.129333 587.614502
v 233.872742 178.935272 587.614258
v 235.732086 180.197540 587.758423
v 238.386093 178.442520 588.188538
v 241.526245 180.150894 587.706238
v 245.829285 178.136597 587.596497
v 247.028107 179.351746 587.736328
v 250.377579 179.970810 587.704590
v 249.644073 178.574036 588.121948
v 260.325653 178.449524 588.039551
v 261.687286 179.772537 587.753723
v 268.425018 179.831970 587.731201
v 272.893677 179.904266 587.697571
v 271.288574 178.366379 588.104614
v 276.610352 178.735107 587.694336
v 280.140564 179.703110 587.807495
v 281.655029 178.494049 588.071838
v 290.121124 179.086182 587.919189
v 289.419891 180.205765 587.671326
v 292.695343 177.779785 587.984558
v 294.769257 178.979645 587.984558
v 295.949402 180.291351 587.658142
v 300.233673 179.617371 587.770813
v 301.929993 178.491089 588.072571
v 305.297577 178.803619 587.573242
v 303.451019 180.142365 587.743896
v 307.881226 178.409485 587.592529
v 312.078491 178.400391 588.145020
v 309.088806 180.022232 587.734619
v 315.497528 178.647049 587.618408
v 315.135590 180.247253 587.641052
v 323.137146 178.745880 588.030884
v 323.614960 179.933075 587.698059
v 325.675293 178.059357 587.543701
v 333.258423 178.381927 588.041321
v 330.994873 179.941528 587.641052
v 335.968994 179.728271 587.721741
v 341.480103 177.814819 587.436768
v 341.880463 179.954559 587.641235
v 344.509949 178.632141 588.069214
v 355.180695 178.704346 588.037170
v 356.496826 179.730957 587.767090
v 361.101746 178.570648 587.606995
v 363.036743 180.057404 587.666443
v 366.408203 178.375610 588.098022
v 373.882233 179.624359 588.206543
v 373.201416 179.975357 587.699341
v 258.148987 181.164078 587.014771
v 348.018219 180.642334 587.344116
v 373.756714 181.286316 586.891479
v 374.266113 175.848480 716.913208
v 374.249756 177.051239 725.294312
v 232.593124 174.052689 728.465271
v 234.531677 175.569244 728.525513
v 230.924438 178.593094 728.602112
v 237.537994 178.411942 728.402710
v 241.440430 175.559998 728.481201
v 241.102417 177.406189 728.875000
v 244.427780 173.868988 728.474731
v 245.621735 175.981186 728.412781
v 251.871185 175.446304 728.462097
v 250.960602 177.245789 728.897156
v 254.398560 178.655457 728.600586
v 259.461090 172.950882 728.464783
v 256.869568 175.704865 728.507874
v 261.402222 174.335251 729.045166
v 261.338104 176.920593 728.909607
v 264.847290 173.096603 728.705383
v 263.501099 175.551422 728.456543
v 266.071594 177.992493 728.705017
v 267.943756 175.689850 728.595093
v 271.595734 176.324982 729.000793
v 273.969696 175.504868 728.468506
v 275.648560 178.472855 728.579407
v 278.238129 175.080032 728.402344
v 280.827332 175.324493 729.024170
v 285.644867 178.352234 728.569763
v 288.890411 175.034058 728.474731
v 292.802063 173.002869 728.440002
v 295.744904 175.743713 728.483154
v 297.733246 178.374817 728.591431
v 297.772308 173.716400 728.422607
v 304.920074 175.775696 728.477661
v 308.076111 175.525391 728.469360
v 305.938385 173.035965 728.571350
v 305.346802 178.774017 728.586121
v 309.959808 176.398148 728.977478
v 311.334808 173.362305 728.469421
v 309.305176 174.342453 728.994934
v 311.575958 178.491486 728.411072
v 312.994110 174.374847 728.939148
v 314.747833 175.791199 728.473511
v 312.362671 176.191254 729.004333
v 318.331909 172.783905 728.684204
v 319.495758 175.613190 728.473022
v 317.770782 178.563019 728.605835
v 326.931244 178.364136 728.534119
v 325.262482 175.750702 728.461121
v 230.537857 180.224152 728.724121
v 233.161407 179.235107 728.601135
v 248.582245 180.260254 728.784302
v 243.878983 178.613495 728.608215
v 259.619171 178.495895 728.470215
v 270.294281 178.549988 728.487122
v 279.303528 177.666565 728.894775
v 283.305115 177.194794 728.883667
v 281.196289 178.783386 728.438965
v 279.309570 180.208878 728.750854
v 291.332367 178.675873 728.456299
v 292.658966 180.155670 728.708740
v 301.697632 178.619171 728.435913
v 303.474243 180.194458 728.734070
v 327.631866 180.174652 728.733887
v 328.172546 172.584763 728.628906
v 330.029327 175.779144 728.453430
v 334.973602 176.737457 728.935059
v 334.564789 175.298203 728.954834
v 336.112061 175.588089 728.458801
v 338.551941 173.816772 728.481140
v 340.908691 175.569458 728.440002
v 343.080658 176.359634 728.979431
v 345.113953 174.676468 728.972168
v 347.581635 175.004623 728.431824
v 351.348389 174.706879 728.403198
v 348.877686 178.638306 728.573730
v 353.940826 176.541534 728.934326
v 351.855774 178.485199 728.666626
v 357.750671 175.476746 728.436951
v 362.431702 175.589081 728.428223
v 363.596130 174.249435 728.953369
v 364.889130 176.263275 728.918823
v 362.445740 177.629150 728.797791
v 368.051361 174.259171 728.918030
v 365.981995 177.897720 728.446716
v 369.034515 175.738770 728.473022
v 371.542511 174.224243 728.387146
v 374.388245 175.692902 727.558044
v 373.967560 176.129395 728.431396
v 374.402527 179.761246 727.452026
v 373.037659 173.470734 728.772278
v 372.892792 178.632843 728.628357
v 332.744507 178.434601 728.417236
v 335.468628 179.206604 728.500122
v 339.576111 178.145599 728.684753
v 344.039917 178.542358 728.443848
v 354.002472 180.198807 728.720215
v 362.832184 179.116837 728.529724
v 370.796265 178.969757 728.579346
v 373.314423 180.128418 728.679688
v 374.446045 181.549561 729.737488
v 300.175049 193.578094 721.394653
v 316.203186 195.175217 719.684387
v 374.268494 173.751434 704.711609
v 374.277802 175.811981 706.693420
v 374.119415 174.530640 713.569824
v 374.266113 173.701080 682.984802
v 374.285461 175.677277 680.830627
v 374.287109 175.783615 685.365173
v 374.491272 178.056305 693.466736
v 374.324432 175.817703 696.043823
v 234.846252 186.770828 726.051331
v 370.796051 186.442474 726.156067
v 293.436127 190.679932 725.301147
v 234.647003 186.563126 588.789978
v 315.232086 186.520203 588.735107
v 370.658173 186.571869 588.796143
v 281.266510 190.737823 592.811340
v 289.916321 190.720093 590.499939
v 297.373108 190.749191 589.526733
v 307.486115 190.780823 589.439453
v 313.030365 190.696121 590.050720
v 332.833984 190.677979 589.204468
v 370.498199 190.094086 726.025330
v 234.790955 190.238800 588.833618
v 299.490356 190.247742 588.831848
v 234.137604 4.343277 648.736084
v 237.671234 2.878365 643.408630
v 238.439438 3.229233 640.195129
v 234.237396 4.127251 645.486755
v 375.320923 3.053780 646.486633
v 234.226746 50.721458 645.282227
v 234.205444 59.458183 648.521362
v 375.579468 48.119385 646.467651
v 375.111237 46.340626 645.565369
v 234.107285 84.599380 648.629517
v 221.150696 86.174835 648.255188
v 234.186646 85.905403 648.196411
v 221.092102 89.502876 648.193237
v 234.161713 89.869080 647.880188
v 220.504089 91.082054 648.361816
v 221.263245 91.404350 647.570129
v 221.164734 92.641235 647.083435
v 221.185638 93.857048 646.963867
v 234.039932 91.739586 647.489380
v 234.124146 93.421120 646.853638
v 375.753326 92.800346 648.606934
v 375.674805 93.945724 647.971130
v 382.524567 93.138794 648.504700
v 220.439606 93.921463 648.249146
v 220.415741 97.263786 646.773865
v 220.567871 95.131660 646.855408
v 221.218307 96.437340 645.669922
v 234.175201 96.502579 645.581665
v 375.713562 95.391357 647.752441
v 382.649719 94.977592 648.133728
v 382.779297 98.527618 646.229370
v 383.241486 99.275467 646.416626
v 383.326355 102.317711 645.723206
v 229.232941 134.570099 641.213440
v 227.121567 168.295013 730.272583
v 229.762634 173.095367 648.482361
v 229.320984 173.769760 645.785645
v 374.389923 171.581818 645.828369
v 374.282227 172.999115 649.032593
v 229.225449 176.588165 647.325256
v 229.728882 175.597961 646.004944
v 374.889038 174.743439 648.362671
v 374.829773 176.767975 647.797424
v 374.326721 175.491302 645.979980
v 374.194153 178.445190 649.262878
v 364.720886 203.325653 645.749695
v 360.808044 211.604889 646.386047
v 357.089935 218.079712 650.267578
v 253.868988 223.708618 645.226746
v 354.184143 221.402710 648.238892
v 344.281219 230.043121 642.909058
v 337.991791 234.989502 645.564819
v 270.904785 238.518250 645.998718
v 270.915802 239.681976 645.017151
v 334.764954 237.496704 648.912964
v 334.716522 238.528564 646.427917
v 335.593414 239.883179 648.738708
v 273.360413 242.962280 644.625305
v 271.132080 241.433350 646.482727
v 332.605591 243.002808 646.373474
v 278.526917 244.961273 647.456970
v 326.842041 245.021149 647.514343
v 321.932892 253.470978 648.626160
v 318.720551 257.267761 647.741333
v 289.481323 260.023956 647.025269
v 314.892700 260.282104 645.854004
v 292.186188 264.323456 649.600769
v 311.182892 264.851288 647.466736
v 295.649689 266.708008 649.164124
v 297.774811 266.620697 647.206726
v 302.653351 266.733002 646.014832
v 306.623260 266.796722 646.922913
v 212.371735 2.890099 649.533020
v 213.876007 4.173134 648.811096
v 234.546432 2.983620 649.398682
v 366.720947 4.251518 651.636108
v 367.093933 3.241753 649.861267
v 374.126862 2.800957 651.659607
v 375.345581 3.077156 649.986938
v 377.989410 6.176430 649.935181
v 390.345856 2.979309 649.975708
v 391.442932 3.167862 650.704041
v 391.376953 2.815948 651.594666
v 211.974091 4.205376 651.371094
v 375.692139 4.469749 649.854980
v 213.679993 25.542946 648.875854
v 390.261658 26.015846 649.954041
v 212.289276 25.096062 649.583496
v 233.763397 18.826954 648.772461
v 390.359253 27.739685 650.354248
v 391.273438 24.677364 650.388306
v 213.692261 28.439510 649.313049
v 388.159882 32.250305 649.956482
v 389.562073 29.328880 650.220032
v 391.666077 25.251049 651.711243
v 389.151184 31.260750 650.180542
v 212.001556 25.042007 651.132202
v 389.054749 33.324421 651.669067
v 214.439728 31.770088 649.635071
v 216.366272 35.310852 649.067627
v 386.015289 38.869183 650.011292
v 387.915833 36.482044 651.537720
v 386.971771 37.740028 650.184509
v 387.062653 35.665005 649.973022
v 388.040253 34.497063 650.187256
v 219.704941 47.649345 649.824402
v 375.692352 88.160034 649.724915
v 386.817383 39.735569 651.515381
v 385.440125 41.586037 650.077820
v 383.845612 45.406822 649.979370
v 384.823425 44.194511 650.194702
v 220.386108 50.452385 651.291199
v 384.661255 46.288269 651.516724
v 383.611481 47.851456 650.264160
v 220.891510 50.791397 649.356445
v 382.717926 50.321716 650.125610
v 382.399353 48.986824 649.949402
v 221.984802 50.921417 648.863892
v 383.384003 50.529015 651.742676
v 383.378540 89.539207 651.572327
v 221.243622 84.206757 648.787537
v 377.832825 87.793320 650.000061
v 220.380554 84.928093 649.806946
v 382.796295 87.771774 650.103821
v 220.392426 90.816742 649.756653
v 375.730835 90.449905 649.132141
v 383.218872 90.256050 649.985413
v 382.437439 90.333092 649.310669
v 366.720612 95.381065 649.832397
v 375.683167 91.610161 648.707336
v 383.095276 93.578728 648.823364
v 382.563232 91.667015 648.767273
v 383.330505 95.997192 648.842529
v 367.016632 126.566895 595.202698
v 229.260574 134.546082 674.162231
v 379.097900 132.360229 686.308167
v 374.243256 148.401749 674.384094
v 226.867279 165.987946 704.800476
v 228.977249 170.338333 671.255432
v 229.714752 171.655350 651.149719
v 229.255646 174.103363 650.879456
v 374.442352 171.454208 651.226135
v 229.175415 176.323517 650.425171
v 374.264893 175.948517 652.267029
v 229.802765 178.541077 649.401428
v 374.846375 176.742401 651.215271
v 374.440155 179.756119 652.009888
v 226.991058 183.123718 610.731750
v 227.096664 185.605225 730.349426
v 376.533051 185.944702 585.744690
v 375.690674 186.366425 729.523987
v 239.354858 201.508514 652.425171
v 242.893250 208.419647 647.125183
v 364.169342 206.254669 653.190735
v 250.232880 220.693604 652.583862
v 349.069000 227.036713 649.126709
v 264.330872 233.280823 647.517517
v 341.163422 233.733734 651.768921
v 269.672455 240.914978 652.224548
v 270.765625 237.492950 648.880859
v 335.103210 241.647980 650.364502
v 277.331329 244.986847 652.760864
v 324.793304 250.109192 651.416260
v 314.333740 263.621796 650.088989
v 300.001038 267.413208 652.365173
v 310.443085 266.594879 649.483704
v 212.482208 2.799042 664.208801
v 237.689789 2.811470 657.301697
v 238.725403 3.744850 673.465942
v 212.085876 25.229370 663.438477
v 366.728668 89.798210 665.373779
v 220.362259 95.278259 660.759888
v 367.039124 126.579689 669.417786
v 383.039093 126.213303 736.098145
v 379.459106 131.706314 638.431396
v 229.807510 146.643021 673.051270
v 375.220276 170.176575 675.301147
v 229.662903 171.537842 656.239075
v 229.293488 173.386108 656.372131
v 229.602997 172.552795 653.669556
v 374.340515 171.670258 658.623657
v 374.737030 173.213959 655.750305
v 374.484070 172.827118 653.694763
v 374.786560 174.072876 651.063660
v 229.592529 179.002090 654.906433
v 229.724335 176.621796 654.894470
v 229.754776 175.803986 652.371216
v 374.323242 176.077759 655.053345
v 229.539246 180.146912 657.214600
v 374.678894 177.823914 655.823425
v 374.526276 180.139221 657.553101
v 368.052551 195.292068 658.452332
v 366.517761 200.163971 651.989319
v 241.799881 207.333008 655.190552
v 244.671631 212.521851 651.621643
v 245.830841 214.564362 658.592041
v 361.063232 212.348938 654.021484
v 357.904663 217.101532 660.000793
v 250.054428 220.420868 658.118713
v 351.485077 225.120483 655.850403
v 261.781494 232.010834 656.412231
v 344.596680 231.274933 655.000732
v 270.091858 237.517059 654.084106
v 269.413727 238.957153 651.966187
v 269.213715 239.467743 656.989502
v 335.514526 237.518066 655.666443
v 336.181427 238.841309 653.357910
v 336.249084 240.200409 655.624084
v 271.613068 243.032593 652.930847
v 334.890625 242.253479 657.325806
v 333.818604 243.064880 652.906433
v 327.141541 245.264648 656.060791
v 326.169922 247.033081 653.874390
v 282.249603 253.238770 653.745300
v 324.250946 251.907593 655.858948
v 282.973083 254.400330 657.637512
v 286.087219 258.068970 650.781982
v 319.302826 258.643768 652.158325
v 288.191498 261.670013 656.057556
v 317.733734 261.115662 655.719727
v 289.928131 263.258514 652.439026
v 293.100311 266.766937 656.540344
v 314.540558 264.532349 653.685059
v 293.405487 266.664368 652.684082
v 301.237244 267.409973 659.104675
v 306.730652 267.430084 657.074646
v 312.421387 266.743561 654.777466
v 391.772125 4.218803 664.013550
v 383.294586 50.469002 664.812561
v 221.255615 126.510696 735.569214
v 224.514282 127.013420 731.640930
v 382.545746 126.506454 736.024048
v 229.777252 173.141174 658.168579
v 229.660751 171.564941 659.516052
v 374.306610 173.058929 658.116272
v 229.227982 175.631348 658.063782
v 374.874237 175.729645 658.813110
v 374.249878 178.640320 658.044373
v 229.786682 178.742798 658.172302
v 374.473541 179.083588 654.599487
v 239.657761 201.478699 662.371277
v 365.794403 202.177979 660.197327
v 242.170959 207.526978 661.612976
v 362.387299 209.156982 663.253296
v 353.119232 222.751068 662.750793
v 253.124817 223.684509 662.044128
v 256.772095 227.686401 651.656555
v 257.419373 228.159149 659.717590
v 347.001312 229.012634 661.419128
v 265.790985 234.225677 664.216553
v 269.584106 238.870270 660.411133
v 269.799957 240.603760 660.715271
v 270.311890 237.485016 659.954285
v 336.005188 239.039917 659.954712
v 269.775696 241.249512 656.729065
v 271.492432 242.920715 659.604675
v 335.462463 240.949127 661.349976
v 277.457733 244.953125 659.358521
v 326.948761 244.975098 663.607666
v 333.480377 243.027008 661.790833
v 324.775421 250.119019 660.267456
v 287.195251 259.720306 659.732300
v 320.054413 257.421509 659.717041
v 314.657227 264.370819 658.352295
v 293.854736 266.600250 660.006409
v 311.523987 266.651581 659.946167
v 212.010956 4.132767 663.346252
v 235.585709 2.847031 664.315491
v 238.320251 3.092049 673.349243
v 366.729980 4.081161 665.206665
v 367.386688 2.871262 665.486755
v 375.189423 2.893959 665.623535
v 391.739502 25.087467 664.136536
v 215.740570 36.431774 663.391235
v 383.346802 90.330856 665.503784
v 229.130157 175.448975 659.264038
v 229.463776 172.724930 661.087280
v 229.781250 174.037109 661.909424
v 229.733582 171.716904 667.654541
v 374.635284 172.667694 661.177856
v 374.440491 171.462479 665.174622
v 374.231323 174.372101 661.750000
v 229.588425 177.819611 661.837097
v 374.516998 178.349167 660.985352
v 374.233154 175.832672 663.799438
v 244.810303 211.339325 666.616272
v 359.882111 212.933716 665.398132
v 259.195190 229.279938 664.049011
v 339.955078 233.901459 665.030518
v 271.196503 237.342499 664.483887
v 334.923218 237.310120 662.406372
v 334.895142 237.810333 662.153198
v 335.152466 238.945129 664.160095
v 270.899048 241.307983 664.242065
v 278.389221 244.958313 663.412354
v 287.727783 257.510132 665.155640
v 290.054169 262.785767 660.691223
v 315.495056 261.685944 662.828064
v 296.963745 266.675629 663.710693
v 308.229431 266.705627 663.600708
v 213.624603 3.095726 665.197632
v 234.459473 3.121880 665.135864
v 234.114441 4.196068 665.291382
v 237.645874 2.840569 670.283325
v 367.048370 3.748901 665.980530
v 391.371979 2.883049 665.596313
v 390.145599 4.147591 666.234131
v 212.591095 3.291260 664.796082
v 212.472885 24.593609 664.748535
v 213.354218 25.612473 665.121155
v 214.602310 31.103294 664.992493
v 213.959305 28.551064 665.020203
v 391.446106 25.107933 665.537231
v 214.743958 33.205887 663.608887
v 215.483002 32.264462 665.123291
v 233.790787 88.232185 665.243042
v 216.735214 37.415363 665.004395
v 216.101929 35.027809 665.003479
v 216.936737 39.697392 663.611877
v 218.217255 41.480289 664.946838
v 217.711487 38.818581 665.139160
v 218.950821 44.089462 665.017700
v 219.086288 46.246262 663.595398
v 219.830933 45.186638 665.174805
v 220.085724 47.483524 665.015747
v 383.934479 47.845551 665.510193
v 384.483856 44.083508 666.028931
v 221.086365 49.099712 665.125305
v 220.546249 88.160187 664.277222
v 220.404739 50.607903 663.369202
v 382.884430 50.506981 665.776306
v 234.208496 88.971458 665.652100
v 382.566681 84.364029 666.273865
v 221.136963 88.176422 665.215454
v 383.134247 84.927635 665.721008
v 367.041595 84.799866 666.013123
v 220.540588 90.179245 665.089722
v 221.261978 90.377472 665.815979
v 234.015015 90.623230 665.884216
v 220.422455 92.719231 665.113892
v 220.984985 93.631958 666.781006
v 366.964844 94.587700 668.223206
v 383.328156 94.098602 667.031555
v 220.469498 96.163757 666.707092
v 383.242432 97.860550 669.327698
v 383.326935 99.436157 669.631897
v 366.745361 103.649368 672.442200
v 366.721802 125.123642 663.835327
v 374.173157 135.341400 673.961731
v 229.840836 149.317566 674.353333
v 229.338425 174.057632 665.246582
v 229.776886 172.923920 666.819702
v 374.739838 173.760315 664.997925
v 374.248474 173.022568 667.137878
v 229.621063 175.263367 664.316956
v 229.339050 177.517868 664.737976
v 374.934143 176.210632 666.127991
v 229.684189 179.874619 666.038513
v 374.375916 179.670761 664.935242
v 238.814301 196.416580 667.743164
v 249.499298 218.803497 664.776367
v 353.340973 220.974884 669.125610
v 256.683289 224.970337 671.952087
v 347.075012 227.619263 668.601379
v 273.206848 237.327454 669.960938
v 272.005646 237.814850 667.193604
v 270.754639 239.156189 665.878601
v 333.001312 237.849304 668.479858
v 333.590302 239.494446 669.007202
v 273.503113 242.809418 667.665466
v 334.568756 241.077881 665.075623
v 280.223328 244.944397 667.777954
v 331.183563 242.983734 668.896423
v 321.505707 252.932709 664.752869
v 292.001862 262.126770 664.978027
v 308.834839 264.255951 666.296387
v 311.068481 264.990234 663.785217
v 301.420197 266.587677 665.413269
v 304.879608 266.661743 665.299316
v 234.446533 3.259964 669.037598
v 235.886581 2.939354 669.441406
v 372.219513 2.882019 670.592407
v 375.124329 3.044731 669.866333
v 375.683075 4.222008 666.344971
v 389.995514 13.722412 666.291565
v 234.245804 48.479248 668.770142
v 375.590454 4.437019 668.942993
v 375.444580 49.649426 670.109070
v 375.304108 4.742065 670.052002
v 390.155304 26.452148 666.145996
v 234.555618 26.356781 669.427490
v 234.935394 46.856586 669.712952
v 375.565002 51.434742 670.174377
v 234.276978 52.703056 670.291565
v 375.767731 84.067947 666.388611
v 375.630005 57.035461 666.872131
v 381.958893 49.397533 666.260132
v 375.646149 85.934349 666.927124
v 382.547913 86.262245 666.911804
v 376.026581 89.491379 667.004822
v 375.665100 90.366798 667.474060
v 382.572266 89.534439 666.929565
v 382.400238 90.506302 667.458618
v 221.191650 91.680313 666.389282
v 221.180695 92.707359 666.417603
v 234.181152 91.384460 666.478638
v 233.779724 92.691963 666.441284
v 234.115341 93.731247 667.002747
v 375.920593 91.641739 667.581482
v 375.664398 92.612389 668.194946
v 375.970276 94.009315 668.292908
v 382.416687 91.656509 667.522278
v 383.173798 90.755341 666.828430
v 382.596497 92.797821 668.065430
v 221.251877 95.131332 667.096313
v 234.093689 94.999046 667.129700
v 234.165588 100.987450 670.483704
v 375.621796 95.879814 669.500122
v 375.900055 96.928238 669.762573
v 382.493378 93.811646 668.116516
v 383.137573 94.912163 668.228149
v 382.612030 96.819557 669.542419
v 220.538025 101.701729 669.894043
v 366.784363 98.692825 669.171082
v 367.028992 100.672302 671.234680
v 238.724152 102.138855 668.597900
v 383.312500 103.856247 672.583374
v 229.765289 135.328613 673.117554
v 238.729614 179.898804 613.199524
v 374.420502 171.545166 670.852356
v 374.866486 174.455109 669.097961
v 229.268341 176.714478 669.066223
v 229.299484 173.757187 670.532166
v 229.759659 175.606110 670.348450
v 374.766663 176.954803 669.415039
v 374.262451 175.494675 670.404785
v 229.853226 178.465591 667.007080
v 374.180328 178.438324 667.155151
v 242.210571 204.373871 670.467346
v 364.159821 203.352905 668.497620
v 359.576813 210.737061 672.538025
v 250.352783 218.291626 670.456726
v 261.998260 229.778961 671.433044
v 341.632507 231.021759 672.103210
v 269.195892 233.961365 674.147522
v 336.465881 233.685455 674.717346
v 332.883301 237.328552 668.568787
v 273.131317 241.004608 670.778320
v 276.629700 242.995300 673.038513
v 332.722778 241.211426 669.586670
v 282.946442 244.970947 671.773499
v 324.216675 244.966492 669.508728
v 287.626007 253.552887 669.426025
v 313.385315 259.859192 667.704895
v 307.260406 261.750793 669.505676
v 296.910645 263.531586 667.317932
v 301.785217 263.306458 668.826416
v 235.686737 3.873550 670.072632
v 236.867737 3.271820 670.866699
v 236.568237 4.533981 671.083679
v 237.584366 2.997375 673.487061
v 367.782684 2.826401 675.120911
v 370.825928 2.916939 674.630737
v 373.289368 4.164803 671.307068
v 373.107208 4.309319 674.214233
v 372.242096 3.058037 674.175232
v 236.704498 4.059036 673.249023
v 367.040009 50.147636 718.738342
v 238.642136 46.364212 674.001221
v 373.562195 3.675697 670.687683
v 373.269440 47.613693 671.379456
v 373.122772 45.714283 674.228516
v 236.734741 42.628334 673.501831
v 236.717804 47.859566 674.371460
v 235.840210 50.632416 670.726135
v 236.541367 49.668190 671.117493
v 373.889038 47.975319 670.664978
v 234.609314 54.180679 671.525940
v 236.459259 54.610477 672.646729
v 238.720947 54.851067 677.783142
v 373.344818 52.980247 672.344360
v 375.551971 56.396301 672.478455
v 375.215851 54.525139 672.066711
v 234.437805 57.716080 673.492432
v 375.601807 67.025558 686.307495
v 238.715759 77.647400 684.823853
v 375.781616 99.377731 670.793701
v 382.504059 99.178146 670.650330
v 383.178955 100.969818 671.269836
v 220.541870 103.175110 671.508667
v 221.155029 101.384140 670.731018
v 221.175308 104.970718 673.815613
v 234.106476 104.083298 672.940247
v 238.724152 103.447601 669.906677
v 238.724152 103.011353 672.087891
v 375.680542 103.582153 673.846436
v 382.595703 103.453049 673.628601
v 220.502106 105.526917 673.170288
v 379.390045 131.842697 731.883789
v 225.584702 132.967850 685.770752
v 367.111084 135.087219 673.738525
v 367.088776 138.848206 673.485596
v 374.143219 146.590988 674.019043
v 229.546112 172.754456 674.234497
v 374.510620 172.793640 672.884705
v 229.744873 175.519531 675.212891
v 229.545654 178.431564 673.316711
v 374.536621 178.317291 672.819397
v 374.480530 179.066406 674.969788
v 364.394958 198.506836 674.523193
v 241.676529 200.175110 674.445801
v 247.488892 212.123291 674.840332
v 254.699081 221.082581 676.321350
v 273.011017 239.166382 671.253906
v 274.670135 237.817810 672.627075
v 275.704376 238.536987 675.103333
v 331.268005 237.822144 671.827271
v 330.586700 238.651184 674.178772
v 330.381531 237.320892 673.358582
v 331.049408 239.905548 673.759399
v 328.046997 243.008331 674.067322
v 330.007874 241.393616 674.164612
v 315.094208 251.056854 673.832947
v 321.184784 244.977051 673.335083
v 291.291199 254.824219 671.595459
v 311.620087 253.718781 673.949341
v 297.294189 258.298065 671.984619
v 303.742462 259.187195 672.214539
v 238.213623 3.613792 674.281128
v 369.665833 3.152260 676.193359
v 372.361847 3.959763 674.704285
v 237.527252 3.736916 674.398743
v 370.229370 4.274399 676.485718
v 370.908386 4.352264 675.283630
v 370.806427 15.678562 675.489685
v 370.273926 47.265251 676.583313
v 370.950623 43.864876 675.316284
v 237.587357 42.969322 674.426392
v 238.253418 42.942814 674.292297
v 237.750610 46.783203 674.929077
v 370.842529 48.082458 676.136047
v 373.119843 49.309937 675.374756
v 372.264526 44.716293 674.894348
v 371.998444 48.820831 676.074951
v 236.704193 49.829971 675.314941
v 238.411652 49.716499 675.777588
v 237.724396 49.680023 675.923645
v 238.665649 52.164150 676.393677
v 373.111877 53.064182 677.316101
v 236.739532 52.529884 676.701294
v 235.981110 59.489807 675.863647
v 373.358368 56.336884 674.127563
v 374.295166 59.491158 676.006897
v 375.553101 62.065277 677.499573
v 375.123322 57.840862 674.299500
v 234.263702 63.938820 679.718994
v 234.666077 62.143452 678.235657
v 375.162598 61.318573 677.614136
v 375.596558 76.966606 684.865112
v 234.234100 97.660706 686.335327
v 367.032349 106.863968 677.142883
v 375.700775 105.247383 675.674805
v 221.211700 107.005905 675.778687
v 234.156937 106.892258 675.846252
v 366.759766 110.517822 681.017212
v 382.545380 104.660156 675.113525
v 382.476318 105.811646 676.034058
v 383.282227 106.230652 675.633911
v 220.483643 109.330627 678.087646
v 238.688812 134.203171 710.443970
v 383.344757 110.749077 680.294983
v 230.384064 134.789246 675.346558
v 230.369385 135.402893 674.457825
v 238.039200 135.460327 674.441650
v 237.723511 134.784332 675.444092
v 238.683365 134.182220 675.325684
v 367.596741 135.450989 674.487976
v 367.066956 134.148621 675.332947
v 373.136444 135.490173 674.416077
v 367.777405 134.822815 675.331421
v 374.632599 134.619019 675.271790
v 367.766785 146.694794 674.452454
v 230.127762 146.312531 674.271790
v 237.966278 145.873596 674.336670
v 367.124329 147.767670 674.149475
v 230.506531 148.039886 674.933716
v 237.801544 148.224426 675.043762
v 238.670364 152.196777 676.400208
v 238.621964 146.414978 673.709656
v 373.050781 145.986115 674.407532
v 367.761169 151.749756 676.811890
v 373.061829 148.076080 674.942322
v 229.852234 151.713440 675.762451
v 230.398987 151.892883 676.864380
v 237.742035 151.872803 676.964172
v 367.139923 152.223694 676.436462
v 374.215088 152.511139 676.700623
v 374.166931 150.894379 675.983887
v 229.804901 156.322906 680.333801
v 229.744720 171.724609 678.005798
v 229.270050 173.849396 675.767883
v 374.700867 173.304306 675.512207
v 374.388184 171.583984 679.230713
v 229.137695 176.374146 677.087585
v 374.274719 175.689240 675.026794
v 374.820160 176.775162 676.651123
v 229.599808 179.985901 680.309570
v 229.785736 178.514069 677.944763
v 374.458191 179.946655 679.847778
v 360.185394 205.816010 678.224731
v 355.329224 213.606842 679.210022
v 347.442780 224.579315 676.316467
v 351.587677 220.768219 674.896179
v 266.274841 229.346832 680.836670
v 277.195526 237.397522 676.280762
v 330.767426 235.200256 678.971313
v 276.128723 239.792267 676.153137
v 278.845459 237.872467 678.245728
v 327.374146 237.321381 677.347290
v 328.373962 237.822784 676.132141
v 328.399933 239.889862 677.269104
v 277.271271 241.793701 676.000854
v 325.657959 241.625305 679.183655
v 282.904205 243.001160 679.986389
v 288.235596 244.933136 676.822388
v 317.088501 244.941833 676.918274
v 307.630035 253.717712 675.356140
v 370.924683 51.635803 677.684387
v 372.152710 52.748501 677.998047
v 237.774567 52.650764 677.544495
v 237.785141 56.807106 681.475281
v 238.583588 55.734581 679.727722
v 370.249512 54.682331 680.950317
v 370.951172 54.904694 680.157776
v 236.763092 55.928051 679.520020
v 238.699921 58.494190 682.631409
v 373.120728 57.681862 681.824951
v 372.237366 56.760059 681.709412
v 236.578613 62.726215 680.956299
v 235.832733 63.174324 680.614868
v 373.533112 61.525753 679.008850
v 373.242889 62.590546 681.539307
v 375.397644 63.927711 681.331299
v 234.235840 94.699341 684.821045
v 234.137970 109.902695 680.624878
v 375.661560 108.254227 679.459290
v 220.384003 111.157043 678.997192
v 220.974899 109.988548 680.428162
v 382.390350 108.419098 679.572327
v 383.244415 109.156090 679.423828
v 383.374969 113.274277 684.769165
v 230.259949 134.798019 710.374146
v 367.747620 134.766083 710.245117
v 378.162048 133.092682 731.326355
v 373.017883 151.903778 676.971802
v 230.450653 154.705978 679.647156
v 237.959930 154.762207 679.775085
v 238.639236 155.859039 680.432495
v 367.089813 155.765137 680.041504
v 367.665222 154.986069 680.069519
v 373.350281 154.716583 679.667847
v 374.160553 154.878571 679.317505
v 238.691971 157.564270 681.901733
v 374.376038 162.947128 687.940735
v 229.410767 172.877777 680.781250
v 374.289886 172.639252 677.789673
v 374.912231 174.879898 678.125916
v 229.287064 176.937027 679.559021
v 374.732849 176.794800 679.435303
v 374.250427 178.696136 677.668945
v 228.357483 186.375397 729.650574
v 243.858734 198.633118 681.759705
v 254.754730 218.471893 680.963684
v 350.536316 218.333832 681.653442
v 260.889709 225.647278 679.643066
v 335.854431 230.364838 683.240112
v 273.763611 232.934998 682.882141
v 279.882202 241.072998 679.753296
v 323.208405 237.882538 681.465210
v 323.121033 237.319885 681.381470
v 326.447021 238.844177 679.307190
v 323.316559 239.729584 682.271179
v 322.688416 242.893890 680.089539
v 293.670471 244.972107 679.549622
v 298.410919 244.948090 680.893188
v 311.310272 244.942078 679.809265
v 299.196472 253.086914 676.058716
v 367.115906 3.261803 718.969055
v 236.724716 60.092644 685.283691
v 370.813995 58.215939 684.533997
v 373.104370 59.930748 685.353699
v 235.814560 65.368652 685.823669
v 374.078888 63.690651 681.934875
v 373.326111 64.124237 684.631287
v 375.297180 65.721985 685.821899
v 367.052826 77.703499 684.802185
v 234.219849 77.782852 684.683289
v 238.697906 95.149757 684.896240
v 367.060791 93.713432 684.800964
v 367.063629 97.643768 685.814697
v 375.598450 95.874481 685.113464
v 221.219574 112.195786 686.925415
v 367.033539 111.871193 685.615417
v 382.718262 110.314110 682.838379
v 383.276855 111.363861 683.501892
v 220.467972 112.272141 685.369141
v 373.954224 134.735794 710.310059
v 230.293182 156.268143 681.892883
v 237.936981 156.538635 682.407166
v 373.160706 156.271683 682.046204
v 238.123962 157.501526 684.586243
v 238.692505 157.899719 683.773499
v 367.070587 157.573654 681.793030
v 367.162476 157.807037 684.061707
v 367.749878 156.631287 682.761963
v 374.203094 157.366943 682.767761
v 374.108093 158.225891 685.134399
v 229.777496 173.814163 682.820312
v 374.689636 172.930054 681.234680
v 229.724152 175.720337 680.880127
v 229.649979 178.114960 683.478394
v 229.507111 180.183960 687.808777
v 374.386475 178.389435 683.380249
v 357.146362 205.532166 685.197876
v 250.658295 213.757141 680.047241
v 258.275146 218.736420 686.467651
v 345.945679 221.090302 685.127258
v 341.750427 227.687469 680.231018
v 286.388123 237.350159 684.113892
v 328.267761 231.267761 688.962646
v 280.731628 239.228821 681.061768
v 281.913483 237.814636 680.976013
v 284.835449 238.888580 683.954895
v 285.120819 240.889160 683.910034
v 287.213379 237.827972 684.578552
v 318.173340 237.488342 684.542358
v 320.184906 238.651459 684.120911
v 290.628387 242.960571 684.672363
v 315.842010 242.937866 684.242004
v 320.829895 240.980743 683.486511
v 302.767700 242.904907 687.131042
v 305.567047 244.962677 681.166443
v 367.546570 2.860275 705.357849
v 369.027100 2.871582 709.370850
v 370.248444 58.174374 686.698425
v 372.002747 58.835510 685.175842
v 237.707428 58.833076 684.832092
v 237.728912 60.232536 688.680237
v 238.480194 58.795742 684.049866
v 238.663193 60.736259 687.320007
v 370.982544 59.582329 687.911926
v 234.353851 66.554337 687.584106
v 236.545715 64.759094 686.138367
v 373.647369 64.942291 685.781494
v 234.627899 65.303040 684.061401
v 234.226654 76.134834 686.172607
v 238.630051 76.709267 686.087708
v 367.062317 76.619865 685.966980
v 234.791382 77.806435 685.479126
v 234.680878 77.089409 686.278442
v 237.820999 77.852417 685.608215
v 237.693863 77.267395 686.350586
v 367.840210 77.786392 685.647583
v 367.769562 77.250404 686.390930
v 374.053345 77.660278 685.670227
v 374.111725 77.192108 687.005859
v 375.208069 77.775177 685.331360
v 375.240173 77.010910 686.224426
v 367.838348 93.672157 685.604248
v 375.065125 93.615318 685.431580
v 237.923676 93.858513 685.660950
v 234.814178 93.726593 685.513977
v 234.662033 96.364540 686.366333
v 238.136414 96.556854 686.557739
v 238.687988 98.727554 686.979919
v 367.267639 96.313484 686.061035
v 367.716492 96.277512 686.425964
v 375.037781 96.303154 686.388489
v 367.097717 98.164703 687.188110
v 375.582367 100.404358 689.847961
v 375.662170 111.352173 685.388123
v 220.427216 113.220177 687.563232
v 234.066681 111.986481 686.624878
v 366.754242 113.268555 688.143311
v 382.588623 111.764175 686.096924
v 383.029236 112.591721 687.975159
v 375.334656 134.285904 711.557617
v 230.473602 158.120285 686.366333
v 229.863159 158.659210 685.023499
v 237.827698 158.033844 686.171875
v 238.707031 158.816956 686.583984
v 238.712479 159.701157 687.116821
v 367.100739 158.775070 686.716553
v 367.058105 159.745880 687.124084
v 367.766205 158.001923 685.964600
v 372.944977 158.006409 686.200378
v 374.174255 158.735367 687.085938
v 227.236832 165.017181 729.384033
v 229.598145 171.804352 685.483826
v 229.228882 174.176987 686.715332
v 374.606323 172.769943 685.730774
v 374.403534 171.680267 689.620911
v 374.828522 174.523254 686.991150
v 229.718506 175.737549 685.499329
v 229.258865 176.803406 686.335083
v 374.840790 176.676315 686.580872
v 229.821060 178.378281 688.258057
v 374.436768 179.791260 685.584595
v 374.226746 178.493530 687.784790
v 253.948853 213.340271 686.514221
v 350.573273 212.477112 689.036743
v 263.396027 223.350861 687.003967
v 336.627625 226.865204 688.266541
v 270.065063 227.638031 688.297668
v 278.587646 231.783081 689.142944
v 282.121246 237.375244 681.219788
v 286.035461 233.474915 690.945923
v 316.339539 235.116730 689.516052
v 323.224396 234.795074 686.545410
v 289.969879 239.016663 686.728577
v 292.514099 237.825653 686.815796
v 310.631409 237.829590 687.574707
v 314.608826 238.715942 686.961548
v 312.657471 237.309967 686.992676
v 317.783081 240.196533 685.596436
v 290.248230 240.973480 686.418335
v 297.489716 241.465546 688.192200
v 296.717926 242.882965 686.553528
v 309.033478 242.941895 686.444702
v 313.940430 241.648560 686.538757
v 236.788071 60.937614 689.512390
v 370.488586 59.918678 691.409485
v 372.860809 60.818768 691.105896
v 372.041016 59.886391 687.981201
v 236.589966 65.171989 691.450989
v 374.286713 66.362984 692.593567
v 373.292908 64.931213 690.814697
v 235.809082 66.157509 690.816650
v 375.308472 66.680023 690.475952
v 367.741333 77.219986 698.540833
v 375.633179 75.759270 700.208984
v 234.717102 99.121719 689.052734
v 234.271347 100.356186 690.164978
v 234.789978 99.859055 691.273743
v 238.050858 99.049599 688.998047
v 238.481415 100.029236 691.021606
v 367.130554 99.977478 688.649963
v 367.736115 99.060776 689.137817
v 367.706421 99.753006 691.131165
v 375.023438 99.113289 689.251648
v 367.033661 112.842705 691.911011
v 221.189301 112.603737 689.566162
v 234.151505 112.374054 689.302551
v 375.837555 111.968956 687.320984
v 375.749237 112.466125 691.304688
v 382.475128 112.644867 691.662415
v 383.308716 113.329102 690.976440
v 367.103821 134.234909 710.432739
v 230.405457 158.715576 688.025085
v 230.586548 158.745361 690.582458
v 229.856018 159.831909 691.598511
v 238.027832 158.668869 688.025879
v 237.895691 158.729340 690.560181
v 238.654099 159.680176 691.353088
v 367.631439 158.675079 688.015442
v 367.675964 158.722855 690.319702
v 373.070709 158.712677 690.551392
v 373.188629 158.658783 688.049500
v 374.200836 159.463394 688.152100
v 376.695282 164.995422 728.862305
v 229.548798 171.165100 716.740479
v 229.746948 172.803864 688.364502
v 229.630737 171.471603 691.150208
v 229.241638 173.921631 690.172058
v 374.290283 173.013916 688.264038
v 374.815491 173.816879 690.739075
v 229.280045 176.991852 690.102722
v 374.760681 176.872711 689.773621
v 374.301025 175.681732 691.409119
v 258.866333 214.612976 691.968323
v 265.077820 219.718933 693.533752
v 340.847961 221.782990 690.647522
v 310.157898 234.106995 692.996155
v 292.874695 237.319519 687.007874
v 295.141327 239.794983 688.428345
v 297.072113 238.774414 688.603577
v 297.279877 237.440735 687.975342
v 302.499451 239.627960 689.306763
v 305.438385 237.331604 688.403564
v 302.563599 237.843536 688.602600
v 308.081665 238.971893 688.748901
v 312.906464 239.523499 687.695129
v 307.156372 240.897461 688.684998
v 236.711426 61.081367 695.960083
v 238.531250 60.692188 694.307495
v 237.583405 60.426552 694.257751
v 238.687134 60.580307 697.793579
v 373.414062 65.032043 697.936218
v 234.272644 66.976570 694.399658
v 235.773056 66.151863 694.024170
v 375.202087 66.700951 694.410645
v 238.704102 76.702148 698.865784
v 375.349579 76.994865 698.604492
v 234.236008 100.368309 695.034851
v 234.754669 99.314926 695.529541
v 234.740082 99.896317 693.394897
v 367.089050 100.119156 695.235291
v 367.767822 99.820412 693.346497
v 375.083069 99.864151 691.138367
v 374.842743 99.635979 693.881104
v 220.525360 113.249390 694.358948
v 221.141998 112.522888 694.808594
v 234.008652 112.635216 694.012573
v 234.103607 112.172272 696.716492
v 230.671112 159.249268 692.202393
v 230.712677 159.254913 694.294800
v 237.718567 159.193512 692.256958
v 237.679398 159.177887 694.279358
v 238.663147 159.734390 694.385986
v 367.099945 159.894897 693.543152
v 367.773743 159.190216 692.233643
v 373.387695 159.246826 692.257751
v 372.937531 159.211060 694.159119
v 367.739319 159.201660 694.246155
v 374.190491 159.641052 694.831787
v 229.535629 172.999054 693.412842
v 374.278992 174.036850 693.661987
v 229.857437 175.987274 692.193298
v 229.576721 178.880829 692.179993
v 260.182190 211.040771 696.679688
v 345.290405 215.030426 693.203735
v 332.530426 225.109375 694.240479
v 274.571442 225.815643 694.616150
v 281.997253 228.020355 696.423950
v 292.439758 231.488831 695.999878
v 314.575623 230.140259 697.363525
v 321.568451 231.031464 693.436157
v 370.339600 58.463634 698.547485
v 237.916321 59.808037 697.005920
v 370.858917 59.846886 696.130798
v 372.116882 59.879547 697.772461
v 373.074585 60.852215 697.665710
v 236.467377 64.982285 698.464966
v 373.951111 65.184677 699.258362
v 373.249329 64.059967 699.485046
v 375.184875 65.700630 699.216309
v 234.234619 76.766075 699.985107
v 237.765533 77.243973 698.559875
v 234.703033 77.101540 698.573914
v 367.102814 76.715233 698.811646
v 237.829422 99.724548 693.439392
v 237.749634 99.219360 695.514038
v 238.678223 100.180267 695.183472
v 367.811951 99.345062 694.383972
v 367.818054 99.216217 695.553711
v 374.982300 99.287094 695.574341
v 375.567139 100.110062 695.205872
v 375.715698 111.103378 702.193665
v 220.423584 113.250717 696.602661
v 221.265732 112.248459 696.940491
v 366.773895 113.318069 697.568237
v 367.000458 111.480621 702.017578
v 375.850647 112.522095 695.658508
v 382.361206 112.588821 695.798279
v 383.242920 113.126526 697.017151
v 229.856339 159.816086 694.741760
v 230.459808 158.719208 695.611816
v 230.440063 158.530823 697.983948
v 229.844299 159.103226 699.457886
v 238.032684 158.736923 695.484741
v 238.001724 158.664505 697.575867
v 238.671738 159.565475 697.504578
v 367.052765 159.743774 697.604309
v 367.681030 158.723480 695.461670
v 373.170471 158.693756 695.552368
v 367.550507 158.489258 698.053162
v 373.201691 158.649414 697.608765
v 374.192322 159.416443 697.495056
v 374.266632 162.549652 727.440918
v 229.335114 173.507584 695.526306
v 229.710251 171.592560 699.782776
v 229.193008 174.422760 697.753296
v 229.759415 172.631485 698.835571
v 374.658234 172.752121 695.601074
v 374.404327 171.556030 701.549683
v 229.729111 175.544159 696.008606
v 229.418884 177.891876 695.592285
v 229.197128 176.619217 697.944702
v 374.797302 177.128357 696.616882
v 374.849518 174.833267 697.966187
v 229.746979 178.305389 699.321472
v 374.440826 180.003387 695.787415
v 324.702820 226.338501 697.770874
v 287.991211 227.359863 699.745239
v 317.946228 226.907471 700.063599
v 295.921600 227.103638 701.914185
v 301.059601 233.313904 694.869019
v 307.316711 230.191345 698.658386
v 370.247772 4.516960 708.973572
v 237.849060 56.610062 703.309631
v 238.658234 57.034210 703.649353
v 370.907410 58.594833 699.905396
v 370.818329 56.600796 703.193665
v 237.770721 58.952251 699.425476
v 236.744080 59.028412 700.577881
v 238.673355 59.601517 699.776855
v 373.099182 59.225143 701.008667
v 234.593536 65.727631 698.994812
v 234.632202 64.363747 702.310852
v 236.568283 64.193420 698.999756
v 235.667664 64.996399 699.741333
v 236.001038 63.322227 703.366577
v 234.250122 65.407730 702.135193
v 375.588745 67.010696 698.228882
v 234.644943 77.901855 699.364502
v 237.781433 77.921387 699.222534
v 238.664429 77.938988 699.868408
v 367.044800 77.704613 699.821228
v 367.811005 77.944473 699.219910
v 375.091766 77.879875 699.309326
v 375.586121 77.584618 700.085693
v 234.749878 93.695541 699.354126
v 234.229858 95.583298 699.961670
v 367.056061 95.624649 699.911743
v 238.183441 93.558823 699.394226
v 367.517670 93.833611 699.251282
v 237.801086 96.055908 698.588501
v 238.679565 95.774384 699.645203
v 234.826782 96.052177 698.724548
v 367.782867 97.028465 697.791138
v 367.745178 95.834229 698.658691
v 374.979889 95.916359 698.759644
v 375.062256 93.622040 699.362976
v 375.599030 95.777405 699.768921
v 234.158112 110.451218 701.995911
v 221.198456 110.444885 702.380798
v 220.587585 110.314423 703.834106
v 366.745270 112.036285 702.405579
v 383.103302 112.238449 698.965759
v 383.340454 112.402008 701.533081
v 382.614258 111.544128 701.068481
v 230.439941 158.103775 699.834106
v 237.808319 158.119080 698.719177
v 238.062210 157.859787 700.294617
v 367.545166 158.125854 699.835815
v 367.066101 156.814346 703.759399
v 373.742035 158.292938 698.630920
v 372.966675 158.035400 699.840942
v 374.170593 158.531219 700.241394
v 229.377258 173.156036 701.987793
v 374.260376 172.758896 699.530518
v 374.889557 174.561310 700.534729
v 229.251160 176.639832 700.516357
v 374.746918 176.822342 700.972046
v 374.249115 178.373947 699.035889
v 376.754242 185.741699 729.546387
v 346.734131 197.556549 703.178589
v 341.934845 211.111694 699.878174
v 269.090027 217.199219 699.494385
v 337.649384 218.398315 697.415527
v 279.398285 222.901703 700.817261
v 328.890564 222.165497 699.924805
v 301.249054 227.146362 702.325012
v 369.870911 3.451721 709.325684
v 370.273468 54.463383 704.522705
v 236.735352 58.304298 702.193176
v 236.748383 52.941460 707.432922
v 372.360260 57.516411 702.532776
v 373.141266 55.598560 706.080139
v 373.362061 62.775394 703.801392
v 236.541351 62.002018 704.548767
v 373.738770 63.796326 702.596802
v 375.417419 64.496452 703.058228
v 366.960846 102.097290 714.620544
v 221.131180 108.693283 705.382446
v 234.137878 108.887527 704.918213
v 375.673523 108.149811 707.579041
v 382.808685 110.734978 703.108887
v 383.386688 125.009613 714.819641
v 379.458771 126.568054 732.681396
v 224.899597 132.394348 732.509705
v 229.151459 134.505936 711.335510
v 237.783447 134.804504 710.293701
v 373.511169 155.478333 704.984558
v 374.195435 156.250229 704.635925
v 230.370148 155.616272 704.786133
v 229.815796 156.594879 704.741272
v 238.686554 157.239014 702.778625
v 367.628601 155.352081 705.143494
v 229.590027 172.715607 704.812927
v 229.642517 171.460419 708.264038
v 374.620148 172.855942 702.816284
v 229.749359 175.548798 702.117065
v 374.256897 175.585785 702.123779
v 229.617554 178.660461 704.372253
v 374.445496 178.904877 704.360718
v 374.447815 179.870850 708.586731
v 336.669037 208.636536 705.586975
v 272.652649 213.486755 704.920349
v 333.720520 215.182465 703.057129
v 276.536865 216.870728 704.523926
v 324.780670 219.611755 704.430725
v 318.880096 219.626312 706.654175
v 310.603973 224.865204 703.979919
v 370.343689 45.502647 709.071899
v 238.056366 50.737095 707.911377
v 370.834625 49.004993 708.734436
v 237.719360 52.943916 706.624878
v 238.634979 53.098980 707.219543
v 370.752625 53.034630 706.554138
v 372.316162 54.647606 705.766724
v 372.267944 50.883804 708.381348
v 236.551483 56.111591 710.532532
v 373.298187 58.764961 709.055542
v 235.830963 59.616158 708.581421
v 238.700836 48.758011 718.693237
v 373.861206 61.659782 706.441223
v 234.430939 62.220619 706.378479
v 375.586060 60.995899 709.582214
v 375.267273 62.292000 706.398621
v 375.668701 102.277557 713.738220
v 234.179840 105.784531 709.025391
v 220.386963 111.008316 704.173523
v 382.538116 108.488289 707.193054
v 383.133087 109.603729 706.314819
v 383.349121 108.491562 709.457825
v 367.035522 126.574318 718.749146
v 226.149445 133.239517 731.518677
v 230.359055 154.463684 706.037415
v 230.393951 153.782257 707.306641
v 230.445679 151.424225 709.134521
v 238.069031 155.417908 705.021484
v 238.063995 154.387238 706.093628
v 237.701340 153.618576 707.408020
v 238.720093 156.526001 705.067078
v 238.691666 154.469543 707.184265
v 367.543365 154.424805 706.068970
v 367.072021 154.010666 707.826050
v 367.766907 153.608124 707.442139
v 373.806946 154.486328 706.099609
v 374.170105 154.100159 707.529053
v 372.989410 153.543945 707.482971
v 374.615112 163.265823 727.844116
v 377.200531 166.695831 730.347473
v 374.651947 173.296921 706.403931
v 374.319977 171.721268 710.268494
v 374.839874 174.517319 708.972839
v 229.740906 175.841415 706.678345
v 229.145538 175.041077 708.924072
v 229.670776 178.781219 709.831055
v 229.469910 180.222336 715.765381
v 229.153107 176.335495 710.345581
v 376.943268 183.139313 730.315186
v 377.103851 184.532806 730.402039
v 342.645142 203.276642 704.172607
v 269.998322 204.145447 708.874268
v 281.619995 215.851898 707.735779
v 288.213928 219.876404 706.928345
v 296.909271 221.146423 707.561890
v 306.076874 221.330750 707.666992
v 313.756592 215.625183 710.944153
v 238.646515 3.319450 710.518921
v 237.500336 3.014412 710.354370
v 370.858582 4.433807 709.886108
v 372.322388 3.927574 710.552734
v 372.281769 3.083557 711.412964
v 237.753052 4.534859 709.922974
v 236.593536 4.046730 713.529541
v 373.124817 4.406815 711.322754
v 236.725311 4.261902 710.451111
v 236.718994 46.488205 710.391907
v 237.741699 43.879303 709.895508
v 238.676880 42.151886 710.508240
v 370.805328 45.209740 709.794617
v 238.377716 47.356789 709.763916
v 237.745331 48.568192 708.866211
v 238.709015 47.838131 710.415100
v 372.097046 48.367592 709.375122
v 372.679291 44.439030 710.525757
v 373.124084 44.326969 711.294312
v 236.723557 50.423904 708.972656
v 373.111481 49.551605 709.920837
v 373.294556 54.811863 711.875000
v 234.484467 57.651955 710.899048
v 373.967529 56.547462 711.383789
v 373.243805 55.606422 710.532471
v 375.282837 55.361336 712.743774
v 234.228058 61.087254 709.550415
v 375.254822 58.892578 710.140442
v 234.175812 102.833519 711.836426
v 221.197784 103.202942 711.650696
v 220.399597 104.098267 712.852844
v 220.927795 105.600662 709.399231
v 366.770844 107.385590 710.417297
v 376.054077 106.188782 710.268433
v 382.846497 106.621346 709.901917
v 383.255951 102.552719 714.821350
v 230.428284 135.435699 711.045776
v 229.798386 135.457336 711.995056
v 237.729919 135.642136 711.039795
v 238.640533 135.315155 711.494812
v 367.130981 135.300903 711.521423
v 367.773102 135.684967 711.060608
v 373.771851 135.522034 711.143188
v 230.392715 147.346680 711.126343
v 367.777008 147.256973 711.088928
v 372.904541 147.202286 711.097290
v 374.136993 147.885315 711.451050
v 238.634247 147.424652 711.602112
v 229.832520 147.781677 711.799194
v 237.749695 147.074600 711.098145
v 367.099396 147.712646 711.513367
v 229.926483 153.354126 708.621094
v 229.788391 152.505920 710.268433
v 238.143860 150.918854 709.428650
v 238.594025 151.883087 709.452515
v 367.125763 151.476776 709.816650
v 367.744385 151.013123 709.337341
v 373.001312 151.300537 709.142456
v 374.147491 151.375336 709.570740
v 367.035828 146.825912 718.758423
v 229.725067 162.875366 727.239685
v 374.955292 170.411377 728.143677
v 229.740555 172.735397 709.453186
v 229.541367 171.531204 714.343201
v 374.613068 172.760681 713.350952
v 374.896637 176.002472 710.027710
v 374.482819 178.442764 713.290405
v 374.238159 178.562119 709.055298
v 375.200928 181.084717 728.263306
v 276.602020 208.498230 710.138245
v 321.766510 211.466309 711.431458
v 329.816589 210.534210 708.535339
v 282.656769 208.897186 712.438354
v 289.430664 210.609802 713.552063
v 294.796173 216.388885 710.849792
v 301.442383 217.952850 710.307678
v 307.844910 215.203400 712.020508
v 234.487442 3.937477 714.795105
v 237.614273 2.862862 713.800232
v 235.774689 3.544838 714.294250
v 238.712738 3.301918 718.835754
v 367.672791 2.805389 720.108887
v 373.229736 4.322197 713.581421
v 372.285950 2.917648 713.935242
v 374.048798 4.057716 714.685425
v 373.856201 2.895988 715.565796
v 236.557312 48.602318 713.506165
v 374.227753 47.268883 714.754578
v 235.716492 47.470802 714.240540
v 375.144440 47.364090 715.220093
v 234.569366 47.616234 714.769592
v 235.705139 50.910007 713.676636
v 373.244019 51.358982 712.609802
v 373.283356 50.724762 713.543335
v 375.412537 51.773506 714.509766
v 234.544968 52.293274 713.852539
v 234.280624 51.065971 714.977417
v 235.756012 54.297375 712.375366
v 374.039886 52.746197 713.432373
v 234.243790 57.378136 712.138794
v 375.606110 56.278744 713.594360
v 367.024658 94.348007 718.916870
v 375.716858 93.239372 718.394043
v 234.140869 93.306541 717.029114
v 375.708649 96.844467 717.126404
v 221.201782 98.074188 715.241211
v 233.786179 99.383247 714.373535
v 234.104156 96.255035 716.104248
v 220.442276 102.726578 713.292297
v 220.559250 101.222435 713.791504
v 382.494080 102.253601 713.922119
v 383.071136 101.996582 714.661072
v 382.637848 97.094322 717.228271
v 366.722015 125.647133 719.260620
v 229.183380 134.521423 727.630676
v 374.268250 135.336761 711.805054
v 238.725128 179.786316 718.747742
v 229.781036 175.746857 712.517212
v 229.537186 178.363922 713.862610
v 229.731262 175.775635 717.027039
v 226.847595 184.737686 730.313538
v 316.395599 204.145172 716.625854
v 298.139282 211.396698 714.442932
v 308.527283 210.905884 714.575439
v 234.593903 2.983437 715.857056
v 234.420349 3.014511 719.013611
v 375.539490 4.273804 715.587769
v 375.236298 3.166534 715.719543
v 375.341400 3.104141 719.971375
v 234.063919 4.413292 718.721008
v 375.576599 50.080803 715.717102
v 234.183990 87.075424 718.174011
v 221.256668 87.329620 718.299988
v 221.094971 89.911392 718.053467
v 234.104980 90.025948 717.854309
v 221.011963 93.381302 717.260925
v 221.047638 95.702354 716.258240
v 220.408890 97.032120 717.268799
v 376.021179 94.908157 718.014648
v 383.240326 97.012016 718.141968
v 238.733185 139.735336 718.741089
v 375.149170 134.378937 727.597778
v 226.775375 166.770889 730.345337
v 229.458099 172.722198 715.759277
v 229.760101 172.935120 720.490540
v 229.173096 174.483627 718.896606
v 374.747742 173.691742 718.027527
v 374.388855 171.473633 718.150085
v 374.905121 176.290710 719.299011
v 229.821716 178.498901 720.181763
v 229.253845 176.784042 718.132446
v 374.400970 179.750732 716.992310
v 285.210266 196.282227 718.382568
v 285.952271 202.729126 716.384521
v 293.161621 203.723846 717.503784
v 309.339020 205.655212 717.073975
v 300.753296 207.475983 716.553955
v 212.423294 2.924629 719.118530
v 211.982941 4.221954 720.967712
v 238.198151 2.831375 719.996338
v 239.011963 3.287491 719.245300
v 247.114304 2.861717 722.293091
v 311.157227 3.164215 719.627869
v 280.829559 2.839249 722.223083
v 317.533844 2.872208 722.328064
v 345.797852 2.907715 719.819641
v 350.833435 2.912773 722.408020
v 366.120789 3.286842 719.515076
v 375.641602 4.532013 719.632935
v 376.038605 3.166695 719.911621
v 374.796875 2.874542 720.621643
v 391.397095 2.980629 720.874634
v 389.867493 4.248634 719.935913
v 391.758118 4.192993 722.170044
v 366.677673 95.172943 719.322449
v 375.650848 72.568359 719.627502
v 391.798004 24.859379 723.214355
v 213.781601 26.387184 718.794556
v 212.450836 24.667885 719.193665
v 212.035324 24.975246 720.668091
v 390.283508 26.154152 720.177979
v 391.484650 24.799068 720.839172
v 217.423599 37.890945 718.853027
v 240.023651 3.207413 719.569946
v 388.993195 29.575203 720.077515
v 390.141449 29.706413 721.209717
v 214.527191 31.191566 719.125671
v 386.808563 37.285793 720.307739
v 385.768311 42.040512 720.776245
v 221.298157 49.889381 718.889404
v 377.631592 61.470207 719.873352
v 384.028259 43.240150 719.963928
v 220.853378 50.222183 719.225647
v 233.793671 86.137680 718.754333
v 382.300903 50.487873 720.115662
v 383.150635 50.642067 721.022949
v 239.948853 60.909828 719.527039
v 258.022308 76.704086 719.534607
v 382.523956 70.494347 720.003479
v 375.805420 88.812576 719.814941
v 221.183319 86.316322 718.766174
v 220.591949 86.533348 719.236877
v 220.393127 50.636581 720.959106
v 239.886932 91.021530 719.500183
v 327.600861 76.752922 719.552063
v 220.420914 89.822075 719.318604
v 326.210358 78.001007 719.523621
v 340.026520 76.721886 719.554993
v 341.147400 77.748535 719.561035
v 365.589905 98.372406 719.521179
v 256.942841 77.732559 719.536560
v 258.430817 77.219154 720.180847
v 257.629425 77.785606 720.117920
v 269.612976 77.175957 720.158569
v 271.330750 76.753365 719.548767
v 270.682739 77.777748 719.887207
v 327.273956 77.808266 720.061523
v 328.478210 77.174965 720.141602
v 339.901581 77.183708 720.155334
v 340.804657 77.991272 720.127686
v 238.996872 180.121140 719.209900
v 382.475220 88.305862 719.978760
v 257.032135 95.732285 719.556274
v 257.608978 94.833771 720.184448
v 272.001129 94.054092 719.537781
v 327.252380 93.711792 720.058655
v 341.107819 95.632080 719.548645
v 326.593384 93.786522 719.588989
v 375.681763 90.185280 719.360901
v 382.600433 91.445862 719.223755
v 383.263916 89.309814 720.848633
v 340.795044 95.071228 720.130981
v 375.808228 91.639175 719.261902
v 382.638184 94.753006 718.159058
v 383.042511 91.147804 719.706665
v 383.356323 94.927704 719.583130
v 258.286133 96.619560 720.033569
v 270.605927 95.183716 719.921753
v 328.784790 97.755692 719.574036
v 328.425262 96.598930 720.078857
v 261.151825 99.992889 719.534119
v 260.038818 98.499458 720.108948
v 261.898010 99.545448 720.104126
v 269.005066 98.884521 719.553223
v 265.123413 99.886742 719.932007
v 266.404236 100.132080 719.576172
v 268.703003 98.169830 720.151733
v 331.623962 100.123177 719.566101
v 329.943237 98.269257 720.045959
v 332.300781 99.697922 720.202637
v 334.584503 99.866020 719.873169
v 336.677887 99.402878 720.153503
v 336.969421 100.009521 719.518921
v 339.944427 98.899567 719.544373
v 338.958252 97.950768 720.058472
v 246.335220 134.186707 719.541260
v 319.867035 134.202606 719.535522
v 282.997131 134.385345 719.551880
v 356.864624 134.085999 719.533203
v 245.265640 135.257950 719.555725
v 246.554352 134.792419 720.247192
v 245.879776 135.357208 720.203125
v 281.549042 134.679138 719.966248
v 282.494202 135.473724 719.971313
v 318.813202 135.285538 719.574158
v 320.133575 134.796646 720.229370
v 319.400635 135.362900 720.270020
v 354.878845 134.726166 720.237427
v 355.148407 134.382446 719.677795
v 356.105042 135.479660 720.025024
v 366.158600 149.260590 719.494995
v 357.145935 145.779968 719.538513
v 245.178772 146.573944 719.539307
v 356.189484 145.743225 720.121643
v 245.779694 145.888550 720.115601
v 283.283997 146.924042 719.589905
v 319.358582 146.894867 720.154663
v 246.283966 147.526581 720.030884
v 282.560608 147.044037 720.053711
v 280.712006 151.209686 720.132080
v 318.967163 148.489349 719.541016
v 320.773010 150.303162 720.145264
v 355.762939 149.269226 719.589783
v 355.739441 147.457565 719.750977
v 366.677429 179.800537 719.317749
v 246.923828 150.993164 719.582581
v 247.429184 150.649887 720.103516
v 278.789978 153.908295 719.631104
v 279.559387 152.387543 720.164368
v 281.267700 151.192413 719.554810
v 322.981018 153.515228 720.083130
v 354.390228 151.985107 719.567810
v 354.283447 150.973633 720.036926
v 251.734863 155.185272 720.092224
v 276.209442 156.464172 719.568970
v 276.240662 155.567017 720.237427
v 274.700592 156.458801 719.913696
v 322.713104 154.170746 719.554138
v 324.319397 154.347778 719.814880
v 325.800903 156.114563 719.605835
v 326.585358 157.437607 719.536316
v 326.089844 155.848969 720.049622
v 347.822968 157.213440 719.545166
v 351.134003 155.178253 719.557739
v 350.643555 154.726501 720.128357
v 252.705994 156.441711 719.542725
v 256.184235 158.288757 719.603577
v 255.746628 157.454346 719.987549
v 259.101227 158.676346 719.991699
v 262.294861 158.715698 719.989258
v 264.078186 159.876434 719.566284
v 266.536652 158.707428 719.968384
v 263.899170 159.381378 720.142395
v 269.316559 158.908569 719.599121
v 268.905487 158.589188 719.969543
v 271.559357 158.668411 719.556519
v 271.078186 158.097366 720.181213
v 330.794495 158.723602 719.566162
v 331.829620 158.443512 720.146118
v 335.778595 158.695480 719.983032
v 338.378296 159.858963 719.546021
v 336.919495 159.186646 720.179749
v 339.120972 159.002380 720.099609
v 343.861938 158.308762 720.061829
v 344.178375 158.609344 719.641418
v 348.348419 156.412476 720.077637
v 229.233948 170.620621 728.073547
v 376.771027 168.409744 729.454895
v 229.136749 174.601913 721.776428
v 374.232941 172.935089 720.526672
v 374.436707 171.427002 723.583618
v 229.375366 177.691315 723.212341
v 374.810211 176.615143 721.967651
v 229.576019 179.590210 723.334473
v 229.531067 180.130829 727.435730
v 374.222015 178.117386 720.414246
v 374.481262 178.805664 724.294556
v 292.131866 195.858795 720.028870
v 302.373444 202.950104 718.585388
v 307.656311 198.170654 720.100891
v 297.263641 199.150299 719.688293
v 212.375214 2.897583 734.692688
v 236.544952 2.893280 728.507446
v 242.852051 2.893021 725.480347
v 247.549622 3.534111 723.189819
v 246.790802 3.606674 724.039001
v 246.375092 4.301666 725.443481
v 245.621002 3.064850 725.482056
v 247.652039 4.506630 723.563904
v 280.307220 3.982201 723.501648
v 281.795319 3.213226 723.934082
v 282.699951 2.932930 725.431885
v 281.444672 4.467888 724.256348
v 285.835114 2.918198 725.847168
v 291.835754 2.872261 728.484497
v 312.532593 2.868980 725.449829
v 315.462585 2.933067 725.362366
v 317.663086 3.603180 723.248840
v 317.609222 4.447403 723.611145
v 350.566742 4.536133 723.525208
v 350.807861 3.540863 723.178101
v 351.437256 3.156677 723.498413
v 351.480469 4.443031 724.287598
v 351.893188 3.942238 725.296204
v 352.827820 3.074638 725.582581
v 356.412903 2.851898 725.429810
v 361.411316 2.880478 728.407593
v 376.961975 2.796425 736.302307
v 281.977631 3.912315 725.467407
v 316.680908 3.874001 724.414856
v 316.477020 4.041168 725.269470
v 351.432770 44.929077 724.281616
v 281.925995 39.254906 725.431580
v 316.878540 43.433807 724.261597
v 316.554901 44.465973 725.303589
v 248.300873 46.330132 723.550232
v 280.389313 45.419502 723.584900
v 247.158783 45.884117 724.023743
v 246.345718 42.834778 725.544128
v 348.333832 51.198204 723.550354
v 351.819763 44.324726 725.335876
v 247.061310 47.284447 725.267334
v 280.462830 48.398930 724.086426
v 281.389618 44.614891 724.267151
v 281.572937 46.646523 725.796265
v 317.590118 47.412212 724.133850
v 317.863434 43.281685 723.577209
v 350.684326 46.036991 723.625366
v 350.666779 49.344677 725.315735
v 351.884125 46.145962 726.212036
v 248.921570 50.443405 723.800293
v 279.249329 51.301975 724.251099
v 278.610077 50.280098 723.591614
v 279.895752 50.727131 725.292969
v 317.314209 47.981003 725.368591
v 350.517487 48.595711 724.066528
v 383.355499 50.437042 722.164673
v 250.077118 52.932652 724.177002
v 249.359299 52.531166 725.480225
v 277.440826 53.060955 723.645813
v 276.985168 54.868832 725.247803
v 319.334045 51.464703 723.943237
v 319.354858 52.434616 725.526184
v 319.664703 50.589447 723.585571
v 346.272491 55.248642 724.181519
v 348.254852 52.903713 724.063843
v 347.436798 54.490662 725.372314
v 251.900711 55.661514 725.745361
v 253.388855 56.408787 724.047363
v 255.548965 58.259800 725.420776
v 257.442810 57.863380 723.523560
v 257.859558 59.066563 724.266113
v 270.967621 57.839771 723.597412
v 272.213562 58.142693 724.075256
v 276.030518 55.432381 724.143921
v 272.350525 58.642574 725.736023
v 323.479492 55.420105 723.629700
v 322.099182 55.284107 724.290710
v 323.745911 57.323395 725.844299
v 325.393036 57.769207 724.058777
v 327.192383 59.044014 725.438843
v 330.592499 58.797142 723.551697
v 340.798309 57.794518 723.540955
v 340.930634 58.824184 724.145996
v 344.104095 56.985291 724.008789
v 258.881805 59.652031 725.315735
v 262.965637 59.980034 723.825806
v 261.790955 60.448807 725.580566
v 267.616425 60.183449 725.267944
v 267.930420 59.859360 724.216675
v 335.654236 60.166328 724.054932
v 329.858459 59.652363 724.166443
v 330.568756 60.247913 725.454834
v 336.371490 60.888229 726.185669
v 339.082367 59.861366 725.422424
v 342.794800 58.251324 725.305969
v 257.631226 77.804977 728.147217
v 269.551544 77.165695 728.002686
v 270.612579 77.768700 727.406311
v 339.892365 77.185158 728.024231
v 270.713196 94.934395 728.333679
v 257.576538 94.932297 728.224731
v 340.935242 95.112648 728.621338
v 258.276794 96.666954 728.280273
v 328.253784 96.511375 728.300415
v 339.072327 97.941277 728.175110
v 260.147644 98.630600 728.205872
v 266.193848 99.532211 728.193787
v 330.496857 98.748848 728.257629
v 336.718567 99.392273 728.072937
v 224.274323 126.570679 732.380798
v 229.760666 135.332321 727.290222
v 281.508209 134.796616 728.002563
v 319.888580 134.806595 727.999878
v 355.043213 134.787506 728.045654
v 245.756897 136.428207 727.461060
v 374.220947 135.310242 727.431519
v 319.330231 146.758057 727.425415
v 356.152740 145.918976 727.388916
v 245.914658 146.076294 727.496216
v 282.583862 146.883484 727.401306
v 320.853271 150.520569 727.452026
v 247.191574 150.118866 727.423828
v 280.388733 151.477417 727.376221
v 354.579620 150.372040 727.061279
v 251.866943 155.310532 727.513489
v 278.720581 153.720795 727.473755
v 324.285248 154.365692 728.105408
v 322.945038 153.435974 727.356445
v 325.911041 155.760498 727.621948
v 349.670776 155.366913 727.654236
v 256.052124 157.453583 727.351257
v 262.276062 158.703705 727.410156
v 263.783508 159.308716 727.339600
v 266.446045 158.761093 727.409424
v 269.058044 158.492401 727.370850
v 271.282410 158.035492 727.486816
v 332.525146 158.519379 727.375427
v 330.350403 158.044220 727.569824
v 337.497070 159.341873 727.458008
v 340.075592 158.712021 727.429321
v 344.913544 157.907318 727.396606
v 229.641312 171.500671 723.128113
v 229.486877 172.515076 724.627930
v 229.595673 171.557983 727.364624
v 374.767029 173.502457 723.102417
v 229.699066 175.520538 723.494080
v 229.820114 176.203568 726.099792
v 374.130432 175.079102 724.237915
v 229.585022 178.782867 727.342896
v 241.000183 3.017387 728.299744
v 241.248230 3.862503 728.714661
v 245.339081 4.316818 726.434204
v 242.028687 3.248581 726.620911
v 242.022095 4.442154 727.371277
v 282.593018 4.392380 726.389038
v 287.146118 2.950829 728.203979
v 284.721008 4.117790 726.513062
v 286.868866 3.634277 728.658691
v 291.051422 4.139603 728.996765
v 306.994232 2.873299 728.174377
v 307.448059 3.141891 728.618591
v 311.118103 2.964684 728.207520
v 311.236115 3.766685 728.751343
v 312.316315 3.943153 726.933105
v 355.890503 3.276588 726.179993
v 356.151123 4.574310 727.137024
v 357.389862 2.981422 728.434692
v 356.792358 3.870735 728.427979
v 391.306458 2.841805 736.184448
v 241.216309 14.319031 728.787964
v 243.165314 4.207291 726.539307
v 315.494659 4.189484 726.414856
v 313.337067 4.235878 726.529480
v 315.725830 45.529701 726.399658
v 354.992615 4.403595 726.529419
v 245.587814 44.494377 726.388916
v 285.952484 4.138100 727.113464
v 356.126434 46.661983 727.131104
v 352.856323 4.334106 726.408936
v 285.895874 47.659481 727.099548
v 242.080902 47.104904 727.391235
v 212.131897 24.849773 734.548462
v 241.509521 47.796127 728.509827
v 352.798584 44.663940 726.430420
v 286.999603 47.308578 728.799377
v 282.513550 46.072701 726.404297
v 354.987579 50.401707 726.560730
v 243.238251 49.446297 726.557556
v 316.663147 46.713890 726.293945
v 357.047241 47.883327 728.799927
v 243.138184 51.812019 726.989624
v 246.619476 48.909821 726.408875
v 281.079437 50.279671 726.368164
v 284.865753 51.458027 726.655029
v 286.622070 50.089130 728.763245
v 313.505920 50.095779 726.549438
v 312.257446 47.690277 727.241821
v 316.789612 48.950951 726.389832
v 351.671295 48.859638 726.381714
v 383.365051 50.645576 734.814636
v 244.895935 54.396793 726.547852
v 242.361908 51.892281 728.718567
v 243.580292 56.344208 728.881958
v 249.520264 53.913517 726.394775
v 279.005798 53.665493 726.398010
v 283.352417 54.344627 726.619629
v 283.627075 52.278923 726.521423
v 284.684692 53.326099 727.322998
v 285.128723 53.651230 728.548462
v 315.028595 55.819386 727.165588
v 313.420471 52.200218 726.951843
v 312.748901 52.397194 728.515137
v 319.692017 54.023800 726.366333
v 349.054260 53.481846 726.383362
v 355.451599 51.655273 727.268127
v 354.828461 54.553139 728.543640
v 356.388977 51.266266 728.774475
v 243.891556 54.833969 728.399658
v 248.917480 60.306374 726.880310
v 245.744751 57.066799 727.227966
v 252.836014 57.248192 726.376404
v 275.083649 57.694355 726.408447
v 280.378723 58.564201 726.567627
v 283.422699 55.464291 727.023621
v 282.749176 57.694416 728.466858
v 313.674225 55.781708 728.812500
v 315.362579 55.016037 726.580811
v 317.716858 59.383297 727.275635
v 314.471985 55.927227 728.440735
v 317.283844 57.837418 726.567200
v 323.415070 57.852528 726.423950
v 345.123108 57.565414 726.338135
v 353.012085 55.728554 726.575745
v 352.888916 56.686447 727.181885
v 353.369019 57.996735 728.872070
v 245.557312 57.743820 728.659912
v 253.568787 63.045719 726.551392
v 256.785278 59.629620 726.401123
v 259.343872 60.970676 726.417908
v 269.915222 60.465801 726.370178
v 266.729950 61.002937 726.323914
v 277.791382 61.239780 726.646301
v 280.704407 59.555786 727.525330
v 278.565002 61.781658 728.391113
v 318.403656 60.495468 728.472412
v 320.389069 61.338642 726.784180
v 318.589569 62.173489 728.887939
v 329.593140 60.933487 726.379822
v 326.490601 59.570248 726.372986
v 340.358521 60.526588 726.432922
v 346.880646 61.431454 726.540771
v 346.991272 62.530071 727.478027
v 348.954010 60.633987 726.751526
v 350.668060 60.005295 728.402466
v 250.195068 62.300209 728.663452
v 253.234314 63.372738 726.997803
v 252.870132 63.805981 728.384399
v 256.845642 65.720284 728.719421
v 258.938171 64.981750 726.640808
v 257.496429 65.287323 727.296265
v 264.087128 65.208549 726.529602
v 269.116089 64.976051 726.569336
v 273.091156 63.635986 726.604553
v 270.573364 65.253738 727.196472
v 270.560181 65.705315 728.420410
v 274.192261 63.908394 727.240417
v 276.288330 62.847473 727.274536
v 275.228821 63.944813 728.496643
v 323.119751 62.769154 726.608643
v 325.131073 63.563614 726.600830
v 324.004059 63.919022 727.387268
v 322.488525 63.607639 728.386841
v 329.119354 64.748772 726.535217
v 327.389801 65.125015 727.162476
v 327.117920 65.670578 728.599243
v 338.911072 64.928619 726.563171
v 340.763184 65.099045 726.994080
v 345.049927 62.962162 726.598755
v 344.131012 64.073296 727.434692
v 342.483704 65.272141 728.556763
v 346.754547 63.036194 728.382385
v 347.920319 62.913704 728.826294
v 263.741699 66.293465 727.266968
v 266.808228 66.683281 728.595337
v 269.645325 66.992638 728.876038
v 333.817963 66.241890 727.397095
v 331.910797 66.824768 728.701416
v 336.690033 66.692413 728.584595
v 341.669098 66.399452 728.905701
v 220.395203 82.967445 734.265991
v 258.255096 77.131653 728.384888
v 270.872009 77.815598 728.492432
v 328.448059 77.197052 727.427002
v 327.137238 77.772667 728.284729
v 328.144348 76.932388 728.668274
v 340.937714 77.925133 728.512939
v 326.885864 93.779770 728.634766
v 327.235931 93.780899 728.231628
v 256.965790 95.410187 728.864014
v 268.960266 98.036400 728.314453
v 327.549957 96.503159 728.852844
v 220.410965 125.035324 734.284729
v 258.738953 98.355194 728.862488
v 261.634338 99.623428 728.432678
v 263.841217 99.910576 728.237122
v 264.885986 100.466637 728.781250
v 268.999634 98.846039 728.859314
v 332.614105 99.813705 728.318237
v 334.639862 99.879906 728.206055
v 336.615479 100.048294 728.835693
v 339.407898 98.694542 728.854309
v 230.541412 135.286499 728.357727
v 229.553009 134.281738 729.559204
v 245.195404 135.323853 728.455566
v 246.282532 134.843353 727.410034
v 245.900452 134.497879 729.141418
v 262.301910 134.734924 728.272217
v 282.517029 135.462158 727.557312
v 282.196686 134.364990 729.440247
v 283.588531 135.319672 728.443054
v 318.725922 135.286118 728.408875
v 319.386017 135.474640 727.432068
v 356.088013 135.434662 727.424744
v 357.090729 135.288864 728.416321
v 356.136230 134.477722 729.180603
v 373.002045 135.343658 728.410461
v 373.828522 134.454727 729.251526
v 357.008789 146.198074 728.378174
v 246.429764 148.190079 727.410400
v 245.263641 148.854767 728.441772
v 246.355011 149.235779 728.363525
v 281.676300 149.004150 727.379333
v 281.582367 150.656174 728.364197
v 283.619324 147.055817 728.440918
v 318.742706 147.832672 728.386841
v 320.449402 150.966797 728.396362
v 355.762756 147.408829 727.872559
v 355.108887 149.002136 727.436035
v 356.036072 149.352478 728.390747
v 230.371216 162.861847 728.259583
v 248.662445 152.207230 727.437256
v 246.888885 150.823517 728.377380
v 254.389648 162.656052 728.517456
v 279.037689 153.889130 728.378906
v 321.723572 152.092834 728.248962
v 322.189026 153.931839 728.406067
v 354.025665 151.651886 727.852234
v 354.761230 151.833817 728.351624
v 372.999146 162.872482 728.472778
v 231.083466 162.842926 728.557007
v 252.334656 156.287354 728.423706
v 276.109009 155.780762 727.430237
v 275.493164 156.842209 728.397888
v 350.760132 154.723602 727.402710
v 350.996338 155.396301 728.376038
v 254.714172 157.607666 728.393616
v 255.152191 158.531281 728.341797
v 259.101746 158.703400 727.514832
v 257.915283 158.822418 728.402466
v 258.201721 159.698257 728.412231
v 263.565338 159.834320 728.397095
v 269.386749 159.005508 728.383057
v 272.005188 158.333282 728.373474
v 317.978638 162.493866 728.455566
v 325.929352 156.321701 728.328125
v 329.405090 158.694458 728.393433
v 331.529510 158.761856 728.313843
v 332.543121 159.739685 728.403748
v 335.850098 158.737717 727.455688
v 338.030060 159.905365 728.355164
v 342.523315 158.545761 727.456604
v 343.305298 158.792267 728.300781
v 342.959900 159.737762 728.365112
v 346.701050 158.248535 728.389465
v 348.486389 156.327484 727.512207
v 294.780151 162.986816 728.587463
v 278.741150 162.635254 728.498779
v 358.290985 162.669464 728.460632
v 228.223053 164.920044 730.628906
v 230.481964 171.567566 728.504089
v 230.609558 172.601105 728.594971
v 240.104523 171.605682 728.504333
v 234.313370 172.855988 728.803894
v 238.056488 173.015961 728.464539
v 242.511505 172.900604 728.795593
v 246.230103 172.670792 728.793335
v 249.379425 171.731094 728.497131
v 253.919067 172.788055 728.660339
v 258.038544 171.511505 728.572876
v 257.404144 173.599838 728.900696
v 262.457306 171.520813 728.585632
v 267.800476 173.560120 728.870178
v 272.161469 171.648071 728.511475
v 270.942200 172.684097 728.441528
v 275.199432 172.537704 728.739746
v 279.015045 173.658371 728.946716
v 281.777588 171.622009 728.514648
v 281.449249 172.807358 728.480591
v 285.883972 172.758545 728.642822
v 294.530548 171.619659 728.505005
v 289.550873 173.785614 728.898010
v 299.699402 172.914215 728.804504
v 297.063110 172.712372 728.720215
v 303.900391 171.480927 728.559937
v 303.774292 173.970917 728.969666
v 301.804718 172.948654 728.502441
v 312.098724 171.512604 728.508545
v 307.992035 173.212494 728.823303
v 315.127533 173.485703 728.841736
v 322.162659 171.522491 728.518311
v 322.510223 172.510513 728.496948
v 324.577911 173.678360 728.872192
v 331.457672 171.533203 728.514160
v 332.579987 173.210083 728.437988
v 334.089142 172.496033 728.478577
v 336.731445 173.495529 728.840942
v 332.014679 174.552094 728.996216
v 341.633575 171.481491 728.557983
v 340.512360 173.395279 728.884888
v 343.937378 172.924408 728.439026
v 346.199158 171.609344 728.526917
v 348.548615 172.585922 728.695740
v 351.720001 173.429474 728.839294
v 363.038696 171.640533 728.501892
v 359.377258 172.778580 728.630249
v 368.146545 171.482269 728.549988
v 366.167236 173.099014 728.440796
v 370.437622 172.855927 728.691589
v 373.191681 171.505890 728.482056
v 374.436890 171.558502 727.287842
v 230.320297 177.487274 728.396240
v 229.665192 180.588120 728.655212
v 226.999237 183.183563 730.350464
v 211.995544 4.199928 732.979065
v 237.559799 4.222694 729.073730
v 236.958130 3.151787 743.651733
v 307.532623 4.245277 729.012451
v 357.324890 4.436882 728.843445
v 361.061432 3.991478 729.197144
v 237.636169 33.326221 729.000366
v 360.866882 3.842781 728.907410
v 308.063904 89.165436 728.952332
v 360.719574 53.079376 728.921753
v 391.753357 24.923622 734.694092
v 240.958282 49.321541 728.875671
v 361.052765 40.033131 729.267700
v 220.398499 50.590637 732.747314
v 307.506958 39.275841 729.196289
v 311.020630 50.772129 728.855591
v 385.800537 42.933937 734.804810
v 290.446808 86.006660 728.952393
v 307.416962 49.257431 735.775940
v 311.517853 48.583153 728.657166
v 237.785370 55.662781 728.925476
v 237.581177 88.633698 729.036499
v 284.632477 56.183208 728.862061
v 291.080780 49.910614 734.335266
v 307.531219 88.065598 729.201965
v 237.419037 88.304985 735.456848
v 251.619904 63.918823 728.876221
v 278.229614 62.991714 728.883423
v 322.322601 64.011177 728.827148
v 262.207397 66.824905 728.731445
v 328.504089 67.577209 728.901245
v 361.032135 86.164589 729.257202
v 258.149872 76.391212 728.882751
v 291.021271 84.215797 729.074524
v 307.466431 88.241661 735.911865
v 326.280426 77.506599 728.898499
v 340.299072 76.629234 728.866272
v 360.601654 86.976891 728.935669
v 269.977020 76.662201 728.840820
v 271.927094 77.074890 728.901184
v 342.756653 78.545502 728.967224
v 256.875916 77.751839 728.896729
v 326.168213 93.558441 728.900269
v 271.765259 94.743271 728.888611
v 291.121796 84.398521 735.671570
v 359.073090 93.912659 728.969604
v 238.232025 91.498489 728.977112
v 238.081177 90.862755 735.724243
v 290.381165 89.558838 729.074402
v 290.468018 89.512787 735.762451
v 342.243958 97.003441 728.906372
v 360.324127 89.689209 729.052368
v 383.373352 125.022507 734.814026
v 239.462631 94.848488 729.011902
v 238.169067 91.795486 735.708679
v 289.223572 92.665497 728.947205
v 308.610535 91.386093 728.977783
v 309.061157 93.137558 729.019653
v 240.537476 97.445320 729.093506
v 240.111710 97.013107 735.599060
v 289.205750 93.893661 729.218872
v 287.790588 96.677902 729.044617
v 309.601715 95.388252 729.115906
v 313.260925 101.462563 728.957397
v 309.340302 95.060455 735.634399
v 358.404602 96.309036 729.243652
v 357.067627 98.567917 728.985901
v 243.589020 102.221481 729.010071
v 241.544678 99.120262 735.477844
v 286.567383 99.296761 729.005432
v 286.945831 98.591553 735.572937
v 331.262360 100.151131 728.843262
v 354.747345 102.019714 729.026489
v 243.763947 102.562851 735.697510
v 263.341370 101.401047 728.902710
v 283.087128 103.883629 728.977661
v 283.682678 103.556473 735.687561
v 315.321320 104.303802 735.763000
v 316.141937 104.873947 728.998047
v 247.302673 106.244064 729.017273
v 249.606033 108.074799 729.156494
v 274.357666 110.252075 728.966064
v 279.721802 107.152817 729.022400
v 318.223541 106.969116 729.010498
v 316.911774 105.627747 735.766724
v 318.184937 107.134605 735.762512
v 331.026306 112.191086 728.959290
v 351.238983 105.873108 729.072754
v 249.353668 108.042717 735.924072
v 253.858765 110.258316 728.956177
v 255.534729 111.231766 729.148132
v 261.826538 112.556885 729.082947
v 265.723694 112.567245 729.095093
v 327.671417 111.525452 728.993469
v 322.548401 109.811256 735.837219
v 322.676300 109.838814 729.132141
v 344.731140 109.987305 728.930054
v 345.622040 109.955811 729.164185
v 255.502930 111.375473 735.744507
v 265.733612 112.686478 735.640625
v 271.545502 111.652405 729.178955
v 332.330231 112.679008 729.202881
v 337.197754 112.408928 728.996094
v 339.649231 112.073898 729.106445
v 339.435211 112.211960 735.879517
v 378.905762 132.067764 732.968994
v 244.426193 132.941956 732.635986
v 280.057526 133.057892 732.359497
v 319.518127 134.270218 729.580322
v 323.029144 132.934021 732.610962
v 352.829773 132.940857 732.570068
v 377.235321 132.907944 732.598267
v 227.267853 165.439087 730.532471
v 227.219574 166.594849 730.973389
v 228.417725 165.212189 730.995789
v 228.478622 166.677536 731.374756
v 312.116028 164.996933 730.849548
v 309.507446 166.785278 731.357056
v 314.528076 165.799835 731.186401
v 339.510773 166.450684 731.331787
v 376.045807 165.959442 731.168884
v 376.079407 164.873260 730.556335
v 228.527557 168.381866 730.978027
v 230.380768 170.436218 729.206116
v 332.512360 168.434433 730.922729
v 376.094116 167.498718 731.185913
v 376.032104 168.398682 730.862061
v 373.580261 170.236115 729.320251
v 237.370575 175.094147 729.045837
v 250.465088 174.375885 728.996216
v 270.361694 175.356094 729.066833
v 355.737030 174.764282 728.995972
v 238.714661 176.267822 729.005249
v 247.834595 176.530640 729.024353
v 258.397095 176.055542 729.065552
v 291.944702 175.670624 729.081299
v 294.166260 176.523529 728.935791
v 301.205658 176.176392 729.033936
v 320.724792 174.337189 728.970093
v 320.694824 177.011902 728.870544
v 323.757721 176.865906 728.949341
v 330.967834 177.178406 728.839233
v 358.415100 178.010391 728.640991
v 367.989136 176.548187 728.941040
v 227.915298 184.306610 731.306213
v 228.321625 183.154434 731.138062
v 290.690033 184.589066 731.295410
v 309.020813 183.273087 731.234314
v 322.640930 184.475464 731.290649
v 342.030975 183.161377 731.162842
v 374.405029 183.239227 731.169922
v 376.048523 183.537659 731.199707
v 228.210480 185.997498 730.752258
v 280.722595 186.078674 730.656860
v 242.240448 185.357544 731.207397
v 313.473114 185.339005 731.181946
v 376.226105 185.996246 730.630493
v 376.084900 185.373169 731.113220
v 213.802460 4.172493 735.411743
v 220.888855 2.870239 734.862610
v 220.472382 4.176437 735.562500
v 237.416824 4.207283 743.039246
v 291.756927 2.909927 744.483398
v 391.760101 4.180779 734.774170
v 307.382721 3.144493 743.799011
v 213.817352 25.308395 735.412476
v 220.600494 29.420895 735.800720
v 391.312927 24.738796 736.274353
v 390.183411 26.625538 736.660645
v 213.350708 28.180275 734.701355
v 215.765869 31.844204 735.358276
v 387.768616 35.104378 736.446716
v 214.913361 32.997292 734.644226
v 217.019836 37.485031 735.133789
v 386.075653 40.301395 736.410461
v 386.560516 38.613117 736.441162
v 218.519394 43.706490 734.715027
v 220.147339 44.128448 735.428406
v 219.702881 47.650303 734.569214
v 220.548325 47.067436 735.323242
v 220.885315 47.428589 736.703735
v 237.456055 50.990929 734.063049
v 237.286484 46.564400 736.301819
v 361.119812 49.783752 735.664551
v 384.167694 45.896500 736.467163
v 237.094406 50.258873 735.619263
v 291.352478 49.690372 735.716980
v 382.911835 49.843361 736.242493
v 220.715210 50.426399 735.115845
v 361.066589 86.226181 735.754822
v 290.496582 86.277435 735.781982
v 289.887726 91.343941 735.666992
v 308.100800 90.378418 735.682495
v 360.620087 87.354958 735.795654
v 360.435150 89.602707 735.859802
v 239.087921 94.324295 735.629944
v 289.278595 93.591263 735.769592
v 308.693085 92.791290 735.752197
v 308.630310 91.659256 735.752869
v 309.147583 93.775406 736.063660
v 358.514862 96.012230 735.735168
v 287.844788 96.842041 735.750305
v 220.868790 126.021851 735.744690
v 242.189575 100.399208 735.793457
v 357.072357 98.899841 735.963379
v 312.958923 101.329086 735.759644
v 354.566040 102.507812 735.906799
v 247.131683 106.343857 735.854736
v 278.142090 108.301941 735.683655
v 351.188843 106.089378 736.115356
v 252.748810 109.854897 735.635620
v 271.058716 111.889175 735.772705
v 326.227875 111.280258 735.944824
v 347.799957 108.678673 736.086914
v 344.635254 110.436127 735.826965
v 259.069733 112.059319 735.777832
v 261.197632 112.700302 735.784729
v 329.299591 112.219963 735.959839
v 331.596222 112.545212 735.808655
v 336.408844 112.766586 735.998108
v 225.294037 126.567513 733.559021
v 367.138245 126.514076 735.921631
v 378.322723 126.581253 733.548035
v 225.061493 131.388153 733.196594
v 226.138641 131.861832 733.477051
v 340.984436 131.438431 733.491577
v 377.802521 132.012589 733.363403
v 226.329590 132.741211 732.760010
v 280.102051 132.415756 733.153748
v 291.069458 4.359413 742.970764
v 377.696289 3.397461 736.782043
v 377.750397 4.220375 737.063171
v 377.030121 2.926819 744.641907
v 390.234222 3.271957 736.708984
v 361.089386 26.113434 743.382385
v 307.418915 25.635933 743.467773
v 307.365112 28.961109 742.481506
v 389.721497 28.556751 736.667847
v 220.721436 38.467438 739.135010
v 388.725800 32.023289 736.442627
v 237.214478 34.271561 740.642822
v 307.391571 35.684452 740.226074
v 307.432251 42.003086 738.088074
v 307.167267 40.787453 739.121765
v 377.725311 41.294250 737.092468
v 220.965164 44.422523 737.602539
v 220.839554 41.244316 738.539062
v 222.475464 46.149826 737.716370
v 222.389648 39.757301 739.783325
v 307.184998 44.209908 737.979553
v 305.887421 43.042877 738.833313
v 385.013306 42.002853 736.631348
v 291.930145 50.419796 736.203308
v 305.737335 46.271774 737.867004
v 307.292511 47.630592 736.764587
v 307.372131 45.180969 737.100098
v 361.383453 47.011448 737.196106
v 378.047424 46.920746 736.809875
v 377.455414 46.063259 737.127747
v 376.864899 49.341293 736.784729
v 384.557861 44.759457 736.398804
v 221.083832 49.697659 735.907715
v 222.653473 50.616356 736.327698
v 293.614471 50.586437 736.484497
v 305.646301 50.587761 736.512817
v 363.013885 50.618496 736.606873
v 236.336487 50.758045 736.169128
v 367.639587 50.387310 736.752197
v 382.482574 49.036110 736.711182
v 305.748779 89.349388 736.528625
v 292.225311 61.680771 736.424377
v 361.472656 49.982704 736.188354
v 236.283920 88.853699 736.348633
v 361.743439 86.174866 736.541992
v 237.574249 94.123642 736.326050
v 292.066345 84.757187 736.438721
v 291.946381 90.219582 736.465576
v 307.267975 89.839752 736.369690
v 361.612000 89.691895 736.590393
v 290.566071 90.710442 736.334229
v 290.397217 92.633636 736.430786
v 307.612854 92.990852 736.440186
v 359.709839 92.738815 736.076477
v 222.511292 125.089035 736.332153
v 289.334625 96.820381 736.433044
v 308.653809 95.885117 736.490601
v 310.994202 98.816162 736.295471
v 359.028137 96.567657 736.451355
v 360.372986 94.572487 736.600647
v 239.643250 97.857635 736.266479
v 287.406342 99.448822 736.368652
v 357.336426 100.807472 736.608643
v 240.130432 103.753296 736.390747
v 242.358398 102.269890 736.298828
v 284.621887 103.737350 736.382812
v 311.879120 125.050156 736.524963
v 311.590637 102.399490 736.522522
v 313.237427 102.734787 736.430542
v 355.125336 102.779152 736.443420
v 247.094482 107.011833 736.210999
v 280.203156 107.579315 736.321167
v 315.093628 105.337715 736.451477
v 317.828308 107.643433 736.442383
v 352.847778 106.124680 736.572510
v 276.193054 111.126160 736.421631
v 274.428040 110.431252 735.885986
v 320.873291 109.812294 736.485474
v 321.215332 111.147423 736.549072
v 324.041199 111.282524 736.526001
v 345.676239 110.793625 736.526855
v 367.760742 126.059593 736.754700
v 382.539551 126.076775 736.699829
v 253.421326 111.524223 736.403870
v 259.881348 113.262962 736.370728
v 266.535461 113.477768 736.392944
v 271.257874 112.651260 736.353027
v 329.664612 113.264297 736.516785
v 339.540527 113.355087 736.560669
v 367.268433 125.119110 736.657898
v 222.613144 126.144714 736.065186
v 366.907471 126.153503 736.364319
v 220.663879 3.324921 743.137451
v 221.190598 2.938202 744.146179
v 236.379303 3.001526 744.436462
v 306.923218 2.801498 743.756287
v 361.114258 3.344498 743.502197
v 377.668915 4.227783 743.182373
v 220.651260 25.621456 743.163330
v 220.821915 31.573322 741.782227
v 237.433929 29.280663 741.548828
v 236.560989 30.558884 742.640930
v 291.234619 25.843575 743.370483
v 377.581116 26.744595 743.302612
v 222.539230 33.388294 741.996277
v 307.296448 32.360653 741.469177
v 307.162933 31.291683 742.303223
v 363.113983 24.886795 745.038696
v 375.276306 25.163235 745.033752
v 376.942139 24.976486 744.722412
v 221.088211 37.770321 739.996094
v 305.739258 33.234558 742.220337
v 305.880920 36.596684 740.987061
v 307.222900 34.549538 741.146973
v 375.209290 50.109604 736.787598
v 222.270645 3.188141 744.587280
v 293.901062 4.198914 744.896484
v 306.421204 3.057472 744.653687
v 361.643463 2.895828 744.673523
v 375.732422 3.986221 745.025208
v 361.511078 24.950706 744.576355
v 305.565674 24.502953 744.928955
v 222.417572 24.857395 744.710754
v 235.177002 4.269173 744.746643
v 293.335999 24.878445 744.875122
v 237.163223 25.401600 743.608093
v 221.110840 24.662441 744.200928
v 236.373062 24.893158 744.536987
v 235.260666 24.958218 744.742249
v 291.914703 25.183571 744.552124
v 305.777222 26.556557 744.367615
v 306.996643 24.624207 744.412476
v 307.167847 28.493404 743.086060
vn 0.6060 -0.5330 -0.5905
vn 0.6006 -0.5200 -0.6074
vn 0.5790 -0.4710 -0.6655
vn 0.0164 0.5348 -0.8448
vn -0.0001 0.5227 -0.8525
vn -0.1797 0.5218 -0.8339
vn -0.1323 0.5749 -0.8074
vn 0.5323 0.5317 -0.6588
vn 0.4396 0.6413 -0.6289
vn 0.4845 0.6953 -0.5308
vn 0.5434 0.6176 -0.5685
vn 0.0451 0.6889 -0.7235
vn 0.2830 0.6737 -0.6827
vn 0.1667 0.5946 -0.7865
vn -0.9590 -0.2824 0.0241
vn -0.9260 -0.3772 0.0168
vn -0.9235 -0.3833 0.0163
vn -0.9818 -0.1889 0.0178
vn -0.9815 -0.1907 0.0180
vn 0.0190 -0.3206 0.9470
vn 0.0169 -0.1581 0.9873
vn 0.0171 -0.1619 0.9867
vn 0.0191 -0.3175 0.9481
vn -0.2887 0.0928 0.9529
vn -0.0342 0.0095 0.9994
vn -0.2104 0.0689 0.9752
vn 0.5251 0.8329 -0.1751
vn 0.5788 0.8135 -0.0569
vn 0.6239 0.7603 -0.1808
vn 0.5421 0.8031 -0.2474
vn -0.6649 0.7470 -0.0002
vn -0.7276 0.5100 -0.4588
vn -0.8105 0.5169 -0.2756
vn -0.7537 0.5431 -0.3702
vn 0.6344 0.7336 -0.2438
vn 0.6072 0.7485 -0.2666
vn 0.6562 0.7260 -0.2056
vn -0.6705 0.7188 -0.1836
vn -0.6759 0.6856 -0.2704
vn -0.6390 0.6785 -0.3625
vn -0.8947 0.3406 -0.2889
vn -0.9166 0.3170 -0.2435
vn -0.8635 0.3821 -0.3292
vn -0.7536 0.5689 -0.3293
vn 0.9036 0.2606 -0.3399
vn 0.9226 0.2328 -0.3074
vn 0.8773 0.2776 -0.3914
vn 0.8250 -0.4061 -0.3929
vn 0.8350 -0.4127 -0.3640
vn 0.7682 -0.5787 -0.2736
vn -0.7766 -0.5477 -0.3113
vn -0.7616 -0.5939 -0.2594
vn -0.7231 -0.5901 -0.3590
vn -0.9250 -0.2399 -0.2947
vn -0.9098 -0.2625 -0.3214
vn -0.9457 -0.2043 -0.2528
vn -0.0357 0.9446 0.3264
vn 0.0666 0.9479 0.3114
vn 0.0246 0.9478 0.3180
vn -0.0927 0.9465 0.3090
vn -0.1032 0.9465 0.3057
vn -0.7650 0.3991 -0.5054
vn -0.8428 0.3319 -0.4238
vn -0.7985 0.4577 -0.3909
vn -0.7207 0.5021 -0.4780
vn 0.0883 0.3558 -0.9304
vn 0.8195 0.0015 0.5730
vn 0.1664 0.9459 0.2785
vn 0.1292 0.9450 0.3005
vn 0.1913 0.9455 0.2634
vn 0.0079 0.1071 -0.9942
vn 0.0872 0.0315 -0.9957
vn 0.0461 0.0709 -0.9964
vn 0.8976 -0.0030 -0.4409
vn 0.0044 -0.0124 0.9999
vn 0.7001 0.4422 -0.5607
vn 0.7649 0.3948 -0.5091
vn 0.7519 0.3174 -0.5779
vn 0.7113 0.2795 -0.6450
vn 0.6346 0.3168 -0.7050
vn 0.6480 0.4031 -0.6462
vn -0.5089 0.3359 -0.7926
vn -0.5637 0.2613 -0.7836
vn -0.6098 0.2420 -0.7547
vn -0.6859 0.2412 -0.6866
vn -0.6554 0.3072 -0.6900
vn -0.5715 0.3619 -0.7365
vn -0.9049 0.4256 0.0023
vn -0.9017 0.4254 0.0774
vn -0.8573 0.4908 0.1556
vn -0.8401 0.5413 0.0352
vn -0.8597 0.5073 -0.0592
vn -0.5303 0.6512 -0.5428
vn -0.5165 0.7176 -0.4672
vn -0.3337 0.7253 -0.6021
vn -0.4030 0.6501 -0.6442
vn -0.7669 -0.6418 -0.0030
vn -0.6576 -0.7533 -0.0123
vn -0.7667 -0.6420 -0.0029
vn 0.9910 -0.1262 -0.0446
vn 0.9694 -0.2161 -0.1166
vn 0.9848 -0.1542 -0.0795
vn 0.9979 -0.0617 -0.0196
vn -0.9918 0.0451 -0.1197
vn -0.9979 -0.0092 -0.0639
vn -0.9999 0.0025 -0.0114
vn -0.9983 -0.0496 0.0301
vn -0.9986 -0.0320 0.0422
vn -0.9983 -0.0063 0.0582
vn 0.9988 -0.0138 0.0460
vn 0.9969 -0.0780 0.0130
vn 0.9989 -0.0272 0.0392
vn -0.9669 -0.2231 0.1239
vn -0.9878 0.1003 0.1188
vn 0.9722 0.1997 -0.1219
vn 0.9999 -0.0020 -0.0167
vn -0.9619 0.2320 -0.1446
vn 0.9831 -0.1826 0.0108
vn 0.9878 -0.1559 0.0073
vn 0.9896 -0.1426 0.0164
vn 0.9792 -0.1993 0.0367
vn -0.5467 -0.6353 0.5455
vn -0.5569 -0.4983 0.6645
vn -0.5743 -0.5156 0.6359
vn -0.5347 -0.6775 0.5051
vn 0.8600 0.5061 0.0652
vn -0.8616 0.4939 -0.1169
vn -0.9867 -0.1594 0.0329
vn -0.9826 -0.1733 0.0676
vn -0.9814 -0.1916 0.0092
vn -0.9621 -0.2707 0.0344
vn -0.8231 0.0001 -0.5679
vn -0.0032 -0.9206 0.3905
vn -0.0069 -0.8976 0.4407
vn -0.0025 -0.9249 0.3801
vn -0.9999 -0.0077 -0.0083
vn -0.9894 -0.0246 -0.1429
vn -0.9975 -0.0219 -0.0667
vn 0.0182 0.0569 -0.9982
vn 0.0158 -0.0498 -0.9986
vn 0.0204 0.0998 -0.9948
vn -1.0000 0.0006 -0.0011
vn 0.9526 -0.3041 0.0014
vn -0.0088 -0.9964 0.0841
vn -0.0086 -0.9966 0.0819
vn -0.0116 -0.9715 0.2366
vn -0.0115 -0.9711 0.2384
vn 0.7700 -0.3209 -0.5515
vn 0.2765 0.0938 -0.9564
vn 0.2763 0.0977 -0.9561
vn 0.2907 0.1907 -0.9376
vn -0.9986 -0.0361 -0.0392
vn -0.9927 -0.0985 -0.0699
vn -0.9999 -0.0063 -0.0127
vn -0.9278 -0.2159 -0.3042
vn 0.8561 -0.4864 -0.1748
vn 0.8808 -0.1284 -0.4557
vn 0.5649 -0.5182 -0.6422
vn 0.0275 -0.6733 -0.7388
vn 0.0268 -0.5714 -0.8203
vn 0.0255 -0.5578 -0.8296
vn 0.0331 -0.6334 -0.7731
vn 0.0265 -0.6800 -0.7327
vn -0.0109 -0.5837 -0.8119
vn 0.0011 0.0184 0.9998
vn 0.3931 0.4251 -0.8153
vn 0.4632 0.4887 -0.7394
vn 0.5515 0.4147 -0.7238
vn 0.5102 0.3622 -0.7801
vn 0.3981 0.3262 -0.8574
vn -0.6817 -0.5188 -0.5158
vn -0.8128 -0.3278 -0.4816
vn -0.7258 -0.4363 -0.5319
vn -0.9374 -0.1823 -0.2966
vn -0.0151 -0.2934 -0.9559
vn -0.0085 -0.4108 -0.9117
vn -0.0114 -0.3591 -0.9332
vn -0.9743 -0.0720 -0.2137
vn 0.8330 -0.2811 -0.4766
vn 0.8287 -0.2031 -0.5215
vn 0.8258 -0.1767 -0.5355
vn 0.9787 0.1705 -0.1145
vn 0.9863 0.1573 -0.0496
vn 0.9942 -0.0427 -0.0984
vn -0.6805 -0.3613 -0.6374
vn -0.8422 0.5242 0.1263
vn -0.7972 0.5404 0.2692
vn -0.7790 0.5906 0.2108
vn -0.8283 0.5533 0.0878
vn 0.6721 -0.3830 -0.6337
vn 0.6069 -0.4718 -0.6396
vn 0.5344 -0.4383 -0.7227
vn 1.0000 -0.0018 -0.0040
vn 0.9917 -0.0440 -0.1209
vn 1.0000 -0.0007 0.0022
vn -0.5394 -0.3144 -0.7812
vn -0.4307 -0.4116 -0.8032
vn -0.4648 -0.3665 -0.8060
vn -0.3503 -0.4330 -0.8305
vn -0.2947 -0.4045 -0.8658
vn -0.4172 -0.4654 -0.7806
vn -0.5966 -0.3078 -0.7412
vn -0.9043 -0.1714 -0.3909
vn -0.9343 -0.0999 -0.3423
vn -0.8929 -0.1946 -0.4061
vn 0.5372 -0.2254 -0.8128
vn 0.4999 -0.2039 -0.8417
vn 0.4229 -0.1603 -0.8919
vn -0.4119 -0.1844 -0.8924
vn -0.4567 -0.1870 -0.8697
vn -0.3556 -0.2168 -0.9091
vn -0.5116 -0.1341 -0.8487
vn -0.4646 -0.2136 -0.8594
vn -0.8053 -0.1888 -0.5620
vn -0.9403 -0.0826 -0.3302
vn -0.0167 -0.5428 0.8397
vn -0.9404 -0.0002 0.3400
vn 0.8488 -0.4867 -0.2066
vn 0.8250 -0.5393 -0.1691
vn 0.8035 -0.5788 -0.1392
vn 0.8679 -0.4340 -0.2416
vn 0.3577 -0.9332 -0.0345
vn 0.6287 -0.0015 0.7776
vn -0.9681 -0.2096 -0.1375
vn -0.9215 -0.3640 -0.1355
vn -0.5289 -0.4234 -0.7355
vn -0.5639 -0.3544 -0.7459
vn -0.5924 -0.2906 -0.7514
vn -0.0414 -0.8226 0.5671
vn 0.0036 -0.8130 0.5823
vn -0.0964 -0.8318 0.5467
vn -0.0026 -0.9527 0.3038
vn -0.0008 -0.9305 0.3664
vn -0.0008 -0.9298 0.3680
vn 0.2376 -0.9701 -0.0491
vn 0.2710 -0.9617 -0.0416
vn 0.4175 -0.9086 -0.0071
vn -0.7846 -0.2276 -0.5768
vn -0.7921 -0.0023 0.6104
vn -0.5021 0.7568 0.4184
vn -0.5977 0.7069 0.3783
vn -0.6934 0.6621 0.2842
vn -0.6518 0.6741 0.3475
vn -0.1845 -0.0018 -0.9828
vn -0.0937 -0.0009 -0.9956
vn -0.1031 -0.0010 -0.9947
vn 0.0130 -0.3182 0.9479
vn 0.4637 0.6079 -0.6446
vn 0.4668 0.5237 -0.7126
vn 0.3429 0.5548 -0.7580
vn -1.0000 -0.0000 -0.0000
vn 1.0000 -0.0000 -0.0000
vn -0.6149 -0.7886 -0.0093
vn -0.6665 -0.7435 -0.0546
vn -0.5623 -0.8249 0.0587
vn -0.5198 -0.8449 0.1262
vn -0.9988 -0.0432 -0.0240
vn 0.9840 -0.0392 -0.1736
vn 1.0000 -0.0054 -0.0076
vn 1.0000 -0.0027 0.0033
vn 1.0000 -0.0041 -0.0025
vn 1.0000 -0.0028 0.0028
vn 1.0000 -0.0030 0.0020
vn 0.9999 -0.0097 -0.0072
vn 0.9999 -0.0072 -0.0074
vn 1.0000 -0.0042 -0.0064
vn 1.0000 -0.0041 -0.0062
vn 0.9946 -0.0057 -0.1033
vn 0.5245 0.8422 0.1244
vn 0.5565 0.8201 0.1332
vn 0.5537 0.8327 0.0079
vn 0.8454 0.2185 -0.4874
vn 0.5879 0.7466 -0.3113
vn 0.6348 0.6849 -0.3577
vn 0.6338 0.6863 -0.3567
vn 0.6912 0.5901 -0.4171
vn 0.7911 0.2784 -0.5447
vn -0.5988 0.7061 -0.3779
vn -0.7784 0.3091 0.5463
vn -0.8225 0.2986 0.4841
vn -0.8384 0.3378 0.4278
vn -0.8742 0.2934 0.3869
vn -0.8741 0.2491 0.4170
vn -0.8094 0.2382 0.5368
vn 0.8220 -0.3696 -0.4333
vn 0.8450 -0.1760 -0.5049
vn -0.8792 0.1349 -0.4570
vn -0.7088 -0.5344 -0.4605
vn -0.6899 -0.5356 -0.4870
vn -0.8337 -0.2916 -0.4690
vn 0.6566 0.7300 0.1895
vn 0.7537 0.6258 0.2006
vn 0.7494 0.6542 0.1015
vn 0.7259 0.6877 0.0147
vn 0.6484 0.7564 0.0863
vn -0.9995 -0.0285 0.0114
vn -0.9996 -0.0230 -0.0157
vn -0.9975 -0.0285 -0.0639
vn -0.0004 0.8011 -0.5985
vn 0.0026 -0.9450 0.3271
vn 0.7960 0.2371 -0.5569
vn 0.7231 0.2426 -0.6468
vn 0.8110 0.2852 -0.5108
vn -0.6598 0.6107 -0.4378
vn -0.5645 0.5409 -0.6236
vn -0.6622 0.5469 -0.5123
vn -0.7570 0.5922 -0.2761
vn -0.8280 0.4991 -0.2555
vn -0.7950 0.5876 -0.1507
vn 0.1074 0.2980 -0.9485
vn 0.0094 0.2938 -0.9558
vn -0.0427 0.3616 -0.9313
vn 0.0255 0.4158 -0.9091
vn 0.1400 0.3960 -0.9075
vn 0.9823 -0.1866 -0.0133
vn 0.9947 -0.1025 -0.0039
vn 0.9975 -0.0686 -0.0183
vn 0.9581 0.2854 -0.0247
vn 0.9501 0.3034 -0.0724
vn 0.9623 0.2720 0.0099
vn 0.9915 -0.1300 0.0002
vn -0.9716 0.2244 -0.0745
vn -0.9752 0.1786 -0.1309
vn -0.9635 0.2671 -0.0203
vn 0.5567 -0.5526 0.6203
vn 0.5260 -0.5336 0.6623
vn 0.5295 -0.5358 0.6577
vn 0.9408 -0.1704 0.2929
vn 0.9995 0.0316 -0.0042
vn 0.9972 0.0653 0.0364
vn 0.9995 0.0295 -0.0067
vn -0.9868 0.0930 0.1325
vn -0.9979 0.0335 0.0555
vn -0.9989 0.0221 0.0408
vn -0.9288 0.0615 0.3654
vn -0.9975 -0.0115 0.0703
vn -0.9991 0.0283 0.0330
vn -0.9990 0.0329 0.0286
vn 0.7681 0.5570 -0.3160
vn 0.9699 -0.2433 -0.0024
vn 0.9689 -0.2298 -0.0918
vn 0.9772 -0.2055 0.0531
vn -0.9898 0.0566 -0.1305
vn -0.9585 -0.2641 -0.1074
vn 0.3304 0.7087 0.6234
vn 0.2409 0.7283 0.6415
vn 0.3831 0.6647 0.6414
vn 0.4371 0.6538 0.6177
vn -0.6076 0.2953 0.7373
vn -0.5354 0.2927 0.7922
vn -0.4863 0.3844 0.7847
vn -0.5558 0.4451 0.7021
vn -0.6524 0.3745 0.6589
vn -0.9952 0.0001 -0.0981
vn -0.9936 -0.0002 -0.1125
vn -1.0000 0.0025 0.0050
vn -0.5939 0.7701 0.2330
vn -0.6162 0.7027 0.3558
vn -0.5325 0.7638 0.3647
vn -0.5034 0.8204 0.2712
vn -0.7310 -0.2866 -0.6192
vn -0.6677 -0.3010 -0.6808
vn -0.7171 -0.2901 -0.6337
vn -0.0144 -0.1682 -0.9856
vn -0.0130 -0.1024 -0.9947
vn -0.0144 -0.1694 -0.9854
vn -0.6598 -0.3026 -0.6878
vn 0.9081 0.0554 0.4150
vn 0.7944 -0.1204 -0.5953
vn 0.8019 -0.4823 -0.3526
vn 0.7970 -0.4730 -0.3755
vn 0.8453 -0.4680 -0.2577
vn 0.8277 -0.5330 -0.1754
vn 0.8183 -0.5383 -0.2017
vn 0.8095 -0.5425 -0.2245
vn 0.7067 -0.4926 -0.5079
vn 0.6729 -0.3297 -0.6622
vn -0.8053 -0.1824 -0.5641
vn -0.8912 -0.1801 -0.4163
vn -0.8401 -0.1822 -0.5109
vn -0.8994 -0.1796 -0.3986
vn 0.6462 -0.2952 -0.7037
vn 0.5506 -0.3537 -0.7561
vn 0.5140 -0.3735 -0.7722
vn -0.2436 0.6689 -0.7023
vn -0.2190 0.6879 -0.6920
vn -0.0872 0.6931 -0.7155
vn -0.1288 0.6893 -0.7129
vn 0.4284 0.0115 -0.9035
vn -0.7055 -0.0365 -0.7077
vn 0.7987 -0.0163 -0.6014
vn 0.1579 -0.0048 0.9874
vn 0.0818 -0.0027 0.9966
vn -0.0128 -0.0084 0.9999
vn -0.9364 0.0124 -0.3507
vn 0.8346 0.3094 -0.4557
vn 0.5657 0.6896 -0.4522
vn 0.7276 -0.6860 0.0031
vn 0.2883 0.8445 -0.4513
vn -0.6424 0.5608 -0.5223
vn -0.6179 0.5897 -0.5201
vn -0.5967 0.6132 -0.5176
vn -0.6704 0.5254 -0.5240
vn -0.5457 0.0024 -0.8380
vn -0.0748 0.6763 -0.7329
vn 0.4855 0.6208 -0.6156
vn 0.0237 0.9300 -0.3668
vn -0.0125 0.8051 -0.5930
vn -0.6338 0.7047 -0.3189
vn -0.6332 0.7167 -0.2923
vn -0.6307 0.7367 -0.2437
vn -0.6333 0.6769 -0.3752
vn -0.3906 0.9206 -0.0067
vn -0.4212 0.9014 -0.0999
vn -0.3904 0.9202 -0.0284
vn 0.3242 -0.9355 0.1408
vn -0.5133 -0.0009 0.8582
vn -0.4614 -0.0679 0.8846
vn -0.4865 -0.0276 0.8733
vn 0.7597 -0.4952 -0.4214
vn 0.7467 -0.5030 -0.4351
vn 0.6796 -0.5882 -0.4383
vn 0.6639 -0.5839 -0.4673
vn 0.4787 -0.6018 -0.6392
vn 0.9999 -0.0099 -0.0061
vn 0.0007 1.0000 -0.0003
vn 0.9879 0.1045 0.1144
vn -0.3157 -0.8303 0.4594
vn -0.3073 -0.8170 0.4879
vn -0.3585 -0.8559 0.3726
vn -0.4093 -0.8716 0.2698
vn -0.0456 -0.0845 -0.9954
vn -0.1730 -0.1911 -0.9662
vn -0.0820 -0.1706 -0.9819
vn -0.0722 -0.1585 -0.9847
vn 0.1976 -0.7047 -0.6814
vn 0.8055 -0.4096 -0.4282
vn -0.2752 -0.6352 -0.7216
vn -0.2977 -0.6756 -0.6745
vn -0.3078 -0.7353 -0.6038
vn -0.9955 -0.0715 -0.0618
vn -0.9989 -0.0456 -0.0109
vn -0.9944 -0.0768 -0.0721
vn -0.8935 -0.2908 -0.3423
vn -0.6825 -0.5375 -0.4952
vn 0.4580 -0.5008 -0.7345
vn 0.5141 -0.5255 -0.6779
vn -0.2444 -0.6143 -0.7503
vn -0.6303 -0.3330 -0.7013
vn -0.7534 -0.6576 -0.0003
vn 0.6483 -0.3141 -0.6936
vn 0.4393 -0.4678 -0.7669
vn 0.4879 -0.3916 -0.7802
vn 0.3571 -0.3475 -0.8670
vn 0.2673 -0.3861 -0.8829
vn 0.3593 -0.4865 -0.7964
vn 0.4555 -0.3609 -0.8138
vn 0.4476 -0.3651 -0.8163
vn 0.6145 -0.4133 -0.6720
vn 0.7338 -0.1958 -0.6505
vn 0.6829 -0.2648 -0.6808
vn 0.6560 -0.2977 -0.6936
vn 0.3747 -0.2792 -0.8841
vn 0.4002 -0.3438 -0.8495
vn 0.9953 -0.0959 -0.0165
vn 0.9874 -0.1576 -0.0113
vn 0.9875 -0.1574 -0.0113
vn -0.4882 -0.3692 -0.7908
vn -0.5044 -0.3495 -0.7896
vn -0.5163 -0.3528 -0.7804
vn -0.4565 -0.3613 -0.8130
vn 0.6308 -0.0322 -0.7753
vn 0.3597 -0.3010 -0.8832
vn 0.7442 -0.1957 -0.6387
vn 0.7542 -0.1651 -0.6355
vn -0.6108 -0.1434 -0.7787
vn 0.2486 -0.0920 -0.9642
vn 0.2093 -0.1196 -0.9705
vn 0.3518 -0.0163 -0.9359
vn -0.3897 0.4106 -0.8243
vn -0.3782 0.5120 -0.7713
vn -0.2740 0.5252 -0.8057
vn -0.2688 0.4461 -0.8537
vn -0.0351 -0.0461 0.9983
vn -0.0468 0.0784 0.9958
vn -0.1177 0.0006 0.9931
vn -0.0155 -0.0932 0.9955
vn 0.0012 -0.0600 0.9982
vn 0.4267 -0.0091 -0.9044
vn 0.7285 -0.0023 -0.6850
vn -0.2212 0.9480 -0.2289
vn -0.2446 0.9303 -0.2732
vn -0.1969 0.9631 -0.1833
vn 0.5721 -0.0037 -0.8202
vn 0.4851 -0.0036 -0.8745
vn 0.4645 -0.0036 -0.8856
vn 0.7677 -0.5309 -0.3589
vn 0.3384 -0.0708 -0.9384
vn 0.3534 -0.0400 -0.9346
vn 0.3047 -0.1366 -0.9426
vn 0.3531 -0.5734 -0.7393
vn 0.2083 -0.8099 -0.5483
vn 0.7353 -0.5427 -0.4060
vn 0.0775 -0.5009 -0.8620
vn -0.4160 -0.4000 -0.8166
vn 0.0003 0.0193 0.9998
vn 0.0018 -0.0632 0.9980
vn 0.0002 0.0248 0.9997
vn -0.0003 -0.0898 0.9960
vn -0.8671 -0.4979 -0.0157
vn -0.3703 0.5206 -0.7693
vn -0.4243 0.5747 -0.6998
vn -0.3055 0.5502 -0.7772
vn -0.9874 0.0017 -0.1581
vn -0.9992 -0.0399 -0.0005
vn -0.9991 0.0004 -0.0435
vn 0.7669 0.3094 -0.5622
vn 0.5978 0.5849 -0.5482
vn 0.6199 0.5798 -0.5287
vn 0.6622 0.5423 -0.5171
vn -0.6112 0.5873 -0.5307
vn -0.6180 0.5575 -0.5543
vn 0.8205 0.2311 -0.5229
vn 0.6830 -0.5680 -0.4592
vn 0.6803 -0.5881 -0.4375
vn 0.6756 -0.5041 -0.5379
vn 0.5901 -0.5977 -0.5427
vn -0.7248 0.3808 -0.5741
vn -0.9998 -0.0173 0.0028
vn 0.0056 -0.2743 -0.9616
vn -0.1028 0.6844 0.7218
vn -0.1629 0.7004 0.6950
vn -0.2860 0.6788 0.6763
vn -0.2753 0.6682 0.6912
vn -0.4910 0.8712 0.0024
vn 0.4940 -0.0966 -0.8641
vn 0.5003 -0.0946 -0.8607
vn 0.4942 -0.0018 -0.8694
vn -0.2220 -0.1535 -0.9629
vn -0.8840 0.4175 -0.2104
vn -0.8589 0.4043 -0.3145
vn 0.9656 0.2547 0.0529
vn -0.9579 0.2869 0.0130
vn -0.9911 0.1285 0.0332
vn -0.9525 0.3043 0.0107
vn -0.9693 -0.2442 0.0276
vn 0.4269 -0.8179 -0.3857
vn 0.9987 -0.0064 -0.0497
vn 0.9860 0.0793 -0.1470
vn 0.9399 0.1282 -0.3166
vn 0.9721 0.1518 -0.1790
vn 0.9931 0.1174 -0.0067
vn -0.9969 0.0778 -0.0138
vn 0.5154 0.5935 0.6181
vn 0.5867 0.4799 0.6523
vn 0.6319 0.5442 0.5519
vn 0.5717 0.6400 0.5135
vn -0.9930 -0.0564 -0.1036
vn -0.9647 -0.0649 -0.2553
vn -0.9765 -0.1089 -0.1859
vn 0.9773 -0.1697 0.1265
vn 0.9866 -0.0705 0.1474
vn -0.9687 -0.2205 0.1136
vn -0.9501 0.0907 0.2983
vn -0.2302 0.6741 -0.7019
vn -0.5853 0.7862 -0.1984
vn -0.5795 0.8065 -0.1170
vn -0.5495 0.8274 -0.1164
vn -0.4967 0.8385 -0.2240
vn -0.5006 0.8264 -0.2578
vn -0.0001 -0.9998 0.0198
vn -0.0759 -0.9969 0.0206
vn -0.0762 -0.9969 0.0206
vn -0.7306 -0.4834 -0.4822
vn -0.8908 -0.1682 -0.4221
vn -0.8296 -0.5567 -0.0419
vn 0.9999 -0.0053 -0.0164
vn 0.9861 -0.1139 -0.1211
vn 0.9998 -0.0059 -0.0169
vn 0.6834 -0.6849 -0.2528
vn 0.6671 -0.6953 -0.2674
vn 0.6025 -0.7306 -0.3211
vn 0.7454 -0.4347 -0.5055
vn 0.7750 -0.3927 -0.4952
vn 0.9274 0.3052 -0.2160
vn 0.9615 0.2042 -0.1839
vn 0.9838 0.1103 -0.1414
vn 0.0183 -0.2421 -0.9701
vn -0.7163 0.6958 0.0528
vn -0.7636 0.6452 0.0269
vn -0.7162 0.6825 0.1459
vn 0.9932 -0.1011 -0.0576
vn 0.9999 -0.0100 -0.0027
vn 0.9868 -0.1477 -0.0663
vn 0.6797 -0.6253 -0.3833
vn 0.8125 -0.5346 -0.2323
vn 0.8269 -0.4924 -0.2717
vn 0.8403 -0.4393 -0.3178
vn 0.7903 -0.5852 -0.1815
vn -0.0039 -0.9781 0.2081
vn -0.0085 -0.9603 0.2788
vn -0.0082 -0.9620 0.2730
vn -0.9998 -0.0157 -0.0081
vn -0.0023 0.0059 -1.0000
vn 0.9568 -0.2679 -0.1128
vn 0.2752 -0.8515 -0.4463
vn 0.3173 -0.8659 -0.3867
vn 0.2358 -0.8345 -0.4980
vn 0.4520 -0.7660 -0.4571
vn -0.3610 -0.7855 -0.5027
vn -0.3881 -0.7986 -0.4600
vn 0.4586 -0.7065 -0.5391
vn 0.4984 -0.6879 -0.5276
vn 0.5474 -0.6623 -0.5115
vn 0.6296 -0.6117 -0.4790
vn 0.8260 -0.4091 -0.3878
vn -0.9738 -0.2275 0.0063
vn -0.9624 -0.2715 0.0042
vn -0.9735 -0.2288 -0.0021
vn 0.9996 0.0135 -0.0237
vn -0.8459 -0.4059 -0.3459
vn -0.9096 -0.3637 -0.2006
vn -0.8654 -0.3956 -0.3076
vn 0.5662 -0.6019 -0.5632
vn 0.4139 -0.7148 -0.5637
vn 0.5826 -0.5654 -0.5839
vn -0.3850 -0.6494 -0.6558
vn 0.3841 -0.4917 -0.7814
vn 0.4150 -0.4878 -0.7680
vn 0.2222 -0.6467 -0.7297
vn 0.2336 -0.6849 -0.6902
vn 0.1875 -0.6073 -0.7720
vn 0.6179 -0.5110 -0.5975
vn 0.7562 -0.3500 -0.5528
vn 0.8551 -0.3874 -0.3445
vn 0.8844 -0.3412 -0.3186
vn 0.8887 -0.3336 -0.3143
vn -0.7513 0.2505 0.6106
vn 0.5784 -0.3948 -0.7138
vn 0.6413 -0.4543 -0.6183
vn -0.6233 -0.4973 -0.6035
vn 0.2516 -0.6755 -0.6931
vn 0.8798 -0.2104 -0.4263
vn 0.0122 -0.9999 -0.0096
vn 0.0631 -0.9979 -0.0123
vn 0.0680 -0.9976 -0.0125
vn -0.5210 -0.3627 -0.7726
vn -0.5391 -0.3435 -0.7690
vn -0.4053 -0.7153 -0.5693
vn -0.4252 -0.7201 -0.5483
vn -0.3700 -0.7055 -0.6044
vn -0.3482 -0.6987 -0.6250
vn -0.8905 0.2965 -0.3452
vn -0.7461 0.5734 -0.3384
vn 0.0044 0.2263 0.9740
vn 0.0083 0.1105 0.9938
vn 0.0285 0.1334 0.9907
vn -0.0304 0.2118 0.9768
vn -0.0291 0.2272 0.9734
vn -0.0008 -0.6626 -0.7490
vn -0.0002 -0.6207 -0.7840
vn 0.0001 -0.7488 -0.6628
vn 0.7117 -0.2523 0.6556
vn 0.7560 -0.1992 0.6235
vn 0.6880 -0.2784 0.6702
vn 0.9435 0.3259 -0.0597
vn 0.9104 0.4126 -0.0317
vn 0.9331 0.3537 0.0656
vn 0.9640 0.2638 0.0341
vn -0.7505 -0.0017 0.6609
vn 0.4759 0.7078 -0.5220
vn 0.4519 0.7308 -0.5116
vn -0.4845 0.6251 -0.6120
vn -0.4952 0.6152 -0.6135
vn -0.2184 0.9395 -0.2638
vn -0.3763 0.8636 -0.3357
vn -0.2859 0.9405 -0.1837
vn -0.2707 0.3654 -0.8906
vn -0.1473 0.3989 -0.9051
vn -0.1201 0.2812 -0.9521
vn -0.2414 0.2735 -0.9311
vn 0.7028 -0.1266 -0.7001
vn 0.7481 -0.0922 -0.6571
vn 0.6996 -0.0674 -0.7114
vn 0.7177 -0.0764 -0.6922
vn 0.5735 -0.6174 -0.5384
vn 0.5985 -0.3701 -0.7105
vn 0.5745 -0.3950 -0.7169
vn 0.5123 -0.4266 -0.7454
vn -0.7126 0.0721 -0.6979
vn -0.7755 0.0347 -0.6304
vn -0.7466 0.0636 -0.6623
vn -0.6441 -0.4217 -0.6382
vn -0.6411 0.0036 -0.7674
vn -0.0010 -0.6487 -0.7610
vn -0.0010 -0.6482 -0.7615
vn 0.0003 -0.7341 -0.6790
vn 0.0003 -0.7348 -0.6783
vn -0.3304 0.1103 0.9374
vn -0.1342 0.0112 0.9909
vn -0.3040 0.0761 0.9496
vn 0.0002 -0.1034 0.9946
vn 0.0002 -0.1069 0.9943
vn 0.0005 -0.2061 0.9785
vn -0.9968 -0.0796 0.0002
vn -0.9979 -0.0655 0.0002
vn -0.9897 0.1426 -0.0157
vn -0.9739 0.2220 -0.0471
vn 0.1720 -0.0264 -0.9847
vn 0.0782 -0.1054 -0.9914
vn -0.0131 -0.1219 -0.9925
vn 0.1788 -0.0208 -0.9837
vn -0.0203 -0.2847 -0.9584
vn 0.9664 -0.1833 -0.1800
vn 0.9605 -0.2144 0.1772
vn 0.9947 -0.1028 0.0034
vn 0.9994 -0.0302 0.0175
vn 0.9934 -0.1151 0.0010
vn -0.5014 -0.4721 -0.7251
vn -0.9952 -0.0880 -0.0436
vn -0.9963 0.0252 0.0826
vn 0.9950 0.0760 0.0652
vn 0.9978 -0.0666 0.0054
vn 0.9742 0.1753 0.1421
vn -0.9961 0.0777 0.0416
vn -0.9987 0.0357 0.0367
vn -0.9878 0.1199 0.0998
vn -0.9550 -0.2050 0.2145
vn 0.9950 -0.0994 0.0052
vn 0.9731 -0.2255 -0.0481
vn 0.9833 -0.1799 -0.0287
vn 0.2106 -0.9774 -0.0163
vn 0.3974 -0.9176 -0.0110
vn 0.3720 -0.9281 -0.0125
vn 0.1991 -0.9799 -0.0161
vn -0.9975 -0.0685 0.0166
vn -0.9977 -0.0476 -0.0485
vn -0.9990 -0.0003 -0.0455
vn -0.9779 -0.2056 -0.0389
vn -0.1427 0.9615 0.2351
vn -0.9666 0.2564 0.0026
vn 0.9972 -0.0744 -0.0056
vn 0.9999 -0.0084 0.0083
vn 1.0000 -0.0049 -0.0061
vn -0.7360 -0.6770 -0.0074
vn 0.0391 -0.1809 -0.9827
vn 0.0501 -0.1457 -0.9881
vn -0.0769 -0.1701 -0.9824
vn -0.0234 -0.1788 -0.9836
vn 0.4290 -0.0872 -0.8991
vn 0.5292 -0.0167 -0.8483
vn 0.5508 -0.0005 -0.8346
vn -0.7263 -0.0008 -0.6874
vn -0.0701 -0.2430 -0.9675
vn 0.0203 -0.2558 -0.9665
vn 0.0005 -0.2070 -0.9783
vn -0.0344 -0.1297 -0.9910
vn 0.7635 -0.5541 -0.3316
vn 0.5873 -0.7377 -0.3329
vn -0.7033 -0.5132 0.4919
vn -0.7242 -0.5263 0.4456
vn -0.7389 -0.5354 0.4091
vn -0.8839 -0.4378 -0.1645
vn -0.7283 -0.6246 -0.2817
vn -0.7762 -0.5909 -0.2199
vn -0.7398 -0.6173 -0.2676
vn 0.0035 -0.6986 0.7156
vn 0.0003 0.7756 0.6312
vn -0.0018 0.6349 0.7726
vn -0.0018 0.6335 0.7737
vn -0.0924 0.3103 -0.9461
vn -0.0086 0.3091 -0.9510
vn -0.1699 0.3130 -0.9344
vn -0.2508 0.2840 -0.9255
vn -0.8467 0.0003 -0.5321
vn -0.7994 -0.0049 -0.6008
vn -0.8486 0.0006 -0.5290
vn -0.6401 -0.5018 0.5817
vn -0.7330 -0.6802 0.0001
vn -0.5763 -0.8172 -0.0008
vn -0.7326 -0.6806 -0.0000
vn 0.0004 -0.9085 -0.4179
vn -0.5760 -0.8174 -0.0008
vn -0.7977 -0.0051 -0.6031
vn 0.6113 -0.7302 -0.3051
vn 0.0013 1.0000 -0.0046
vn 0.3496 -0.8808 -0.3192
vn -0.9092 0.2995 -0.2893
vn -0.5494 0.5994 -0.5821
vn -0.0157 -0.3427 0.9393
vn -0.0127 -0.4640 0.8857
vn -0.0129 -0.4598 0.8880
vn -0.0157 -0.3421 0.9395
vn -0.1212 0.2576 -0.9586
vn 0.9507 -0.0135 -0.3100
vn -0.9540 -0.0118 -0.2996
vn 0.8609 -0.4989 -0.1000
vn 0.8847 -0.4461 -0.1353
vn 0.8955 -0.4179 -0.1534
vn 0.6525 -0.7578 0.0001
vn 0.6165 -0.7823 0.0893
vn 0.6394 -0.7681 0.0343
vn 0.8720 -0.4543 -0.1821
vn 0.7988 -0.5777 -0.1678
vn 0.8626 -0.4715 -0.1834
vn 0.8058 -0.5776 -0.1304
vn -0.2172 -0.8753 -0.4320
vn -0.1834 -0.8844 -0.4293
vn -0.9191 -0.3545 -0.1721
vn -0.0345 0.8208 -0.5701
vn -0.9236 0.0246 0.3826
vn -0.9047 0.1050 0.4129
vn -0.9282 -0.0015 0.3721
vn 0.1394 -0.7667 -0.6267
vn 0.1630 -0.7576 -0.6321
vn 0.4030 -0.7202 -0.5648
vn 0.3314 -0.8108 -0.4825
vn 0.8352 -0.4157 -0.3601
vn 0.6975 -0.6141 -0.3693
vn 0.7420 -0.5930 -0.3128
vn 0.7826 -0.5773 -0.2329
vn 0.8858 -0.3697 -0.2806
vn 0.7914 -0.4370 -0.4274
vn -0.7479 -0.5305 -0.3990
vn -0.7057 -0.5810 -0.4056
vn -0.7192 -0.5655 -0.4038
vn 0.0005 0.0370 -0.9993
vn 0.5123 0.1757 -0.8406
vn 0.9742 -0.0013 0.2259
vn 0.4602 -0.5627 0.6867
vn 0.9137 -0.4062 -0.0093
vn 0.6288 0.1797 -0.7565
vn 0.5186 0.2670 -0.8122
vn 0.5907 0.2172 -0.7771
vn 0.8960 0.3192 -0.3087
vn 0.8590 0.4400 -0.2620
vn 0.8564 0.4935 -0.1515
vn 0.9133 0.3774 -0.1530
vn 0.9252 0.3109 -0.2175
vn -0.5090 0.0054 -0.8608
vn -0.5690 0.0868 -0.8178
vn 0.6664 -0.0513 -0.7438
vn -1.0000 -0.0013 0.0077
vn -1.0000 -0.0020 0.0011
vn -1.0000 -0.0022 -0.0010
vn -1.0000 -0.0019 0.0024
vn -1.0000 -0.0021 0.0007
vn -0.9999 -0.0026 0.0099
vn -0.9999 -0.0057 0.0139
vn 0.4550 -0.4134 -0.7888
vn -0.5475 -0.2510 -0.7982
vn -0.6003 -0.4901 -0.6320
vn -0.6340 -0.5246 -0.5681
vn -0.4903 -0.5382 -0.6856
vn -0.6021 0.2333 -0.7636
vn -0.4472 -0.5303 -0.7203
vn -0.3616 0.8448 -0.3944
vn -0.2270 0.8428 -0.4879
vn -0.2871 0.8350 -0.4695
vn 0.8699 0.4930 -0.0182
vn 0.8149 0.5767 0.0585
vn 0.8400 0.5230 0.1447
vn 0.8875 0.4484 0.1067
vn 0.5861 0.2566 0.7686
vn 0.1593 0.6900 -0.7060
vn 0.2767 0.6667 -0.6921
vn 0.2703 0.5624 -0.7814
vn 0.1804 0.6149 -0.7677
vn 0.9950 -0.0854 0.0517
vn 0.9881 -0.1124 0.1048
vn 0.9987 -0.0437 0.0262
vn 0.9988 -0.0419 0.0251
vn -0.8895 -0.3966 0.2271
vn -0.8224 -0.4722 0.3175
vn -0.8260 -0.5078 0.2448
vn -0.8542 -0.5054 0.1219
vn -0.8642 -0.4932 0.0990
vn 0.6471 0.6926 -0.3188
vn 0.7086 0.6674 -0.2290
vn 0.7866 0.5740 -0.2275
vn 0.7484 0.5712 -0.3372
vn 0.6722 0.6147 -0.4127
vn -0.9694 0.1513 -0.1933
vn 0.0006 -0.5127 -0.8586
vn -0.0361 -0.5122 -0.8581
vn -0.1849 -0.4750 -0.8603
vn -0.1456 -0.4788 -0.8657
vn 0.9277 -0.0070 0.3733
vn 1.0000 -0.0051 0.0059
vn 0.9992 -0.0313 0.0263
vn 1.0000 0.0044 -0.0015
vn -0.9336 0.0362 0.3564
vn -0.9686 -0.2432 0.0518
vn -0.9394 -0.3428 0.0064
vn -0.9196 -0.3911 -0.0361
vn -0.9983 -0.0469 0.0347
vn -0.9998 -0.0165 0.0095
vn -0.9999 -0.0094 0.0036
vn -0.8343 -0.0793 0.5455
vn -0.8388 -0.0583 0.5414
vn -0.8235 -0.1865 0.5357
vn -0.8360 -0.2445 0.4912
vn 0.9784 -0.0800 -0.1906
vn 0.9947 -0.0796 -0.0649
vn 0.9944 -0.0796 -0.0696
vn 0.9745 -0.2112 0.0757
vn 0.9333 -0.3569 0.0389
vn 0.9502 -0.3032 0.0723
vn -0.9960 0.0605 -0.0655
vn -0.9160 -0.3928 -0.0821
vn -0.9085 -0.4118 -0.0707
vn -0.8860 -0.4620 -0.0399
vn 0.9982 0.0153 0.0579
vn 0.3802 -0.4192 0.8244
vn 0.3826 -0.4052 0.8303
vn 0.3668 -0.5584 0.7441
vn 0.3667 -0.5565 0.7455
vn 0.4677 -0.8798 -0.0844
vn 0.2938 -0.9200 -0.2592
vn -0.7204 -0.6688 -0.1837
vn -0.6809 -0.6784 -0.2761
vn -0.6985 -0.6751 -0.2373
vn 0.8710 -0.1730 -0.4598
vn -0.7861 -0.5828 -0.2059
vn 0.9988 0.0495 0.0007
vn 0.4134 -0.8835 -0.2201
vn 0.9565 -0.2514 -0.1483
vn 0.8422 -0.5122 0.1682
vn -0.0006 -0.9776 -0.2106
vn 0.0062 -0.9456 -0.3254
vn 0.0106 -0.9693 -0.2457
vn 0.7487 -0.6426 -0.1629
vn -0.0063 -0.9333 -0.3589
vn -0.0133 -0.9517 -0.3068
vn -0.0081 -0.8996 -0.4366
vn 0.9733 0.2209 0.0620
vn -0.0040 0.6969 -0.7172
vn -0.0039 0.6981 -0.7160
vn 0.0004 0.7587 -0.6515
vn -0.5340 -0.7515 -0.3874
vn -0.0012 1.0000 0.0045
vn -0.0011 1.0000 0.0030
vn -0.0004 0.9979 -0.0655
vn -0.0007 0.9993 -0.0380
vn -0.0010 1.0000 -0.0094
vn 0.7643 -0.5227 -0.3776
vn 0.8312 -0.4186 -0.3659
vn 0.8465 -0.3905 -0.3619
vn -0.7979 -0.4634 -0.3855
vn -0.8177 -0.4351 -0.3769
vn -0.9010 -0.3388 -0.2710
vn 0.8294 -0.4261 -0.3613
vn 0.3901 -0.5830 -0.7127
vn 0.0361 0.1367 0.9900
vn -0.0119 0.2400 0.9707
vn 0.0210 0.1693 0.9853
vn 0.9998 0.0075 -0.0195
vn 0.4782 -0.1122 -0.8711
vn 0.0794 -0.3343 -0.9391
vn 0.1581 -0.4091 -0.8987
vn 0.0809 -0.3358 -0.9385
vn 0.6763 -0.4197 -0.6053
vn -0.7622 -0.2000 -0.6156
vn -0.5427 -0.3360 -0.7698
vn 0.6660 -0.2247 -0.7113
vn 0.8658 -0.0715 -0.4952
vn 0.9990 0.0438 0.0051
vn -0.3160 -0.3301 -0.8895
vn -0.8227 -0.1866 -0.5370
vn -0.8896 -0.1677 -0.4248
vn -0.9076 -0.1611 -0.3877
vn -0.8011 -0.1913 -0.5671
vn 0.2692 0.0024 -0.9631
vn -0.8025 0.0009 -0.5967
vn -0.6620 0.0054 -0.7495
vn -0.5856 -0.0005 -0.8106
vn -0.6654 0.0056 -0.7465
vn -0.5837 -0.0007 -0.8120
vn 0.5693 -0.0029 -0.8221
vn 0.5663 -0.0027 -0.8242
vn 0.4915 0.0029 -0.8709
vn 0.4838 0.0035 -0.8752
vn -0.0392 -0.0009 -0.9992
vn -0.1286 0.0032 -0.9917
vn -0.0864 0.0012 -0.9963
vn -0.1839 -0.5762 0.7964
vn -0.1753 -0.5798 0.7956
vn -0.0671 -0.6375 0.7675
vn -0.0201 -0.6717 0.7405
vn 0.9012 0.3674 -0.2299
vn 0.7696 0.4695 -0.4327
vn 0.0338 -0.0029 -0.9994
vn -0.7370 -0.0000 0.6759
vn -0.0010 0.9950 0.0997
vn 0.0008 0.9800 0.1989
vn 0.0022 1.0000 -0.0051
vn -0.8949 0.3831 -0.2289
vn -0.7592 0.5015 -0.4149
vn 0.4150 -0.9067 -0.0758
vn 0.5443 -0.8260 -0.1464
vn 0.4657 -0.8789 -0.1030
vn -0.8256 -0.0016 0.5643
vn -0.4433 -0.8821 -0.1595
vn -0.3482 -0.9168 -0.1956
vn -0.2875 -0.9329 -0.2167
vn -0.6729 -0.6954 -0.2521
vn -0.9341 -0.3515 -0.0630
vn 0.8147 -0.5700 -0.1062
vn -0.7375 -0.6321 -0.2380
vn 0.1517 -0.9109 -0.3837
vn 0.2647 -0.9306 -0.2529
vn 0.1230 -0.9100 -0.3959
vn 0.6676 -0.6642 -0.3363
vn 0.6019 -0.7272 -0.3300
vn 0.5813 -0.7448 -0.3276
vn 0.6960 -0.6334 -0.3383
vn 0.2642 -0.9471 -0.1820
vn 0.8695 -0.4795 -0.1184
vn 0.7829 -0.3591 -0.5080
vn 0.5462 -0.7996 -0.2497
vn 0.7476 -0.6167 -0.2465
vn -0.7815 -0.4854 -0.3920
vn -0.9197 -0.3612 -0.1542
vn -0.5297 -0.8085 -0.2566
vn -0.2229 -0.7746 -0.5919
vn 0.5837 0.7266 0.3625
vn 0.6588 0.6875 0.3055
vn 0.5683 0.7867 0.2412
vn -0.8815 -0.4719 0.0194
vn 0.4042 0.1209 -0.9066
vn 0.4081 0.5723 -0.7113
vn 0.2896 0.6590 -0.6941
vn 0.3912 0.5936 -0.7033
vn 0.2383 0.6703 -0.7028
vn 0.1359 0.7129 -0.6879
vn 0.0727 0.7164 -0.6939
vn -0.3888 0.5981 -0.7008
vn -0.4176 0.5890 -0.6919
vn -0.4010 0.2332 -0.8859
vn 0.3720 -0.4452 -0.8145
vn 0.4338 0.1238 -0.8925
vn 0.3197 -0.3933 -0.8621
vn 0.3565 0.0794 -0.9309
vn 0.3066 -0.2937 -0.9054
vn 0.1906 -0.5632 -0.8040
vn 0.1105 -0.4666 -0.8775
vn 0.1668 -0.5321 -0.8301
vn -0.3624 -0.3028 -0.8814
vn -0.2256 -0.0466 -0.9731
vn -0.4108 0.4141 -0.8123
vn -0.3607 -0.5952 -0.7181
vn -0.3542 -0.6050 -0.7131
vn -0.4944 -0.0258 -0.8688
vn 0.4367 0.6970 0.5687
vn 0.3786 0.6502 0.6587
vn 0.4562 0.5518 0.6982
vn 0.0037 0.0004 -1.0000
vn 0.0470 -0.0436 -0.9979
vn 0.0247 -0.0064 -0.9997
vn 0.0691 0.0007 -0.9976
vn 0.3332 -0.5409 0.7723
vn 0.3761 -0.5814 0.7215
vn 0.3882 -0.5925 0.7058
vn -0.4099 -0.8582 -0.3090
vn -0.0033 0.7780 -0.6283
vn 0.0013 -0.9536 0.3012
vn 0.7862 0.5914 -0.1791
vn 0.7792 0.6267 0.0051
vn 0.8656 0.5007 0.0001
vn 0.8709 0.4804 -0.1039
vn -0.7082 -0.3114 0.6337
vn -0.7394 -0.2783 0.6130
vn -0.7865 -0.2227 0.5760
vn 0.9989 0.0382 -0.0278
vn 0.9493 0.1752 -0.2611
vn 0.9493 0.1770 -0.2597
vn 0.9444 0.1106 -0.3097
vn -0.9995 0.0218 -0.0223
vn -0.9539 -0.0317 -0.2986
vn -0.9804 0.1554 -0.1208
vn 0.0115 -0.2686 -0.9632
vn 0.9880 0.1540 0.0057
vn 0.9858 -0.1623 0.0441
vn -0.9857 -0.1671 0.0234
vn -0.9890 -0.1481 0.0012
vn 0.0009 0.6681 0.7441
vn 0.0003 0.7776 0.6287
vn 0.8054 -0.4758 -0.3534
vn 0.4710 -0.7261 -0.5010
vn 0.6149 -0.7877 -0.0386
vn 0.5944 -0.8036 -0.0282
vn 0.6581 -0.7504 -0.0614
vn 0.6715 -0.7378 -0.0687
vn -0.7849 -0.6111 -0.1027
vn 0.8366 -0.5452 -0.0539
vn 0.7632 -0.6365 -0.1113
vn 0.7506 -0.6537 -0.0967
vn 0.8687 -0.4898 -0.0736
vn -0.5742 -0.8173 -0.0480
vn -0.7856 -0.6115 -0.0946
vn 0.9124 0.4092 0.0013
vn 0.8734 0.4870 -0.0001
vn 0.9123 0.4096 0.0013
vn -0.9324 -0.0010 -0.3614
vn -0.9200 -0.0713 -0.3853
vn -0.9203 -0.0835 -0.3822
vn 0.9896 -0.1431 -0.0107
vn 0.8147 -0.5491 -0.1862
vn -0.8203 -0.3214 -0.4731
vn 0.5141 0.7456 -0.4240
vn 0.5899 0.6632 -0.4607
vn 0.6194 0.5637 -0.5465
vn -0.9092 -0.4069 -0.0885
vn -0.9021 -0.4312 -0.0153
vn -0.9075 -0.4149 -0.0653
vn -0.7317 -0.6712 -0.1187
vn -0.6513 -0.7398 -0.1691
vn -0.6362 -0.7504 -0.1793
vn -0.7114 -0.6981 -0.0816
vn -0.7065 -0.7064 -0.0437
vn -0.8705 -0.4882 -0.0631
vn 0.9893 -0.1459 0.0067
vn -1.0000 -0.0064 -0.0000
vn -1.0000 -0.0021 -0.0003
vn -1.0000 -0.0035 -0.0002
vn -1.0000 -0.0032 -0.0002
vn -0.0002 -0.0038 1.0000
vn -0.0003 -0.0993 0.9951
vn -0.0034 -0.0018 1.0000
vn -0.0002 -0.0019 1.0000
vn 0.7439 -0.5499 -0.3798
vn 0.9030 -0.3968 -0.1645
vn -0.9220 -0.3259 -0.2090
vn -0.9338 -0.3323 -0.1327
vn 0.8807 -0.2811 -0.3812
vn 0.8359 -0.5240 -0.1630
vn 0.5210 -0.7762 -0.3551
vn -0.0435 -0.8633 -0.5029
vn 0.0012 -0.9347 -0.3554
vn -0.0209 -0.9258 -0.3774
vn -0.0482 -0.9135 -0.4041
vn 0.0426 -0.9487 -0.3133
vn -0.9346 -0.3291 -0.1351
vn 0.0018 0.7041 -0.7101
vn 0.0587 0.7715 -0.6335
vn 0.1607 0.7626 -0.6266
vn 0.0467 0.6610 -0.7490
vn 0.8456 -0.5279 -0.0797
vn 0.5685 -0.8070 -0.1601
vn -0.9911 -0.1279 -0.0368
vn -0.9995 -0.0277 -0.0148
vn -0.9996 -0.0260 -0.0144
vn -0.7089 -0.7042 -0.0396
vn -0.7260 -0.6853 -0.0579
vn -0.7941 -0.6048 -0.0603
vn -0.8011 0.0677 -0.5947
vn -0.8111 -0.0004 -0.5850
vn -0.7866 0.1288 -0.6038
vn 0.8230 -0.5617 -0.0845
vn 0.8082 -0.5838 -0.0774
vn -0.7115 -0.6659 -0.2244
vn 0.2384 0.4106 -0.8801
vn 0.1512 0.2117 -0.9656
vn 0.0138 0.7182 -0.6957
vn 0.0085 0.4283 -0.9036
vn 0.0600 0.4391 -0.8964
vn 0.0063 0.4055 -0.9141
vn -0.1267 0.2517 -0.9595
vn -0.0694 0.2762 -0.9586
vn -0.1741 0.2508 -0.9523
vn -0.2098 0.2748 -0.9383
vn 0.3086 -0.2518 -0.9173
vn 0.2052 -0.1170 -0.9717
vn 0.2623 -0.1433 -0.9543
vn 0.1592 -0.0958 -0.9826
vn 0.0605 0.8324 -0.5508
vn 0.0109 0.8367 -0.5475
vn 0.1017 0.8383 -0.5356
vn 0.0998 -0.0682 -0.9927
vn 0.1155 -0.1726 -0.9782
vn 0.1452 -0.0308 -0.9889
vn 0.1435 -0.0394 -0.9889
vn 0.1136 -0.1810 -0.9769
vn 0.0677 0.2981 -0.9521
vn -0.1300 -0.1719 -0.9765
vn -0.6453 0.7639 -0.0006
vn -0.6455 0.7638 -0.0006
vn -0.5249 0.8511 0.0004
vn -0.2744 -0.3691 -0.8879
vn 0.1696 -0.1194 0.9782
vn 0.1031 -0.1377 0.9851
vn 0.0799 -0.1439 0.9864
vn 0.0175 -0.2730 -0.9618
vn -0.2808 -0.3541 -0.8921
vn -0.3027 0.0502 -0.9518
vn 0.9961 0.0873 -0.0093
vn 0.9882 0.1471 0.0430
vn 0.9747 0.2166 0.0552
vn 0.0692 -0.0299 -0.9972
vn 0.1509 0.0344 -0.9880
vn 0.0649 -0.0317 -0.9974
vn -0.0020 -0.1519 -0.9884
vn 0.6046 -0.7965 0.0025
vn 0.5497 -0.8353 -0.0008
vn 0.6018 -0.7986 0.0023
vn -0.0917 0.8104 -0.5786
vn -0.1330 0.8282 -0.5445
vn -0.0627 0.7663 -0.6394
vn -0.9503 -0.3102 0.0267
vn -0.9958 -0.0090 0.0908
vn -1.0000 -0.0009 0.0030
vn -1.0000 -0.0017 0.0073
vn 0.3734 -0.2657 -0.8888
vn 0.4194 -0.3557 -0.8352
vn 0.4080 -0.3328 -0.8501
vn 0.1143 -0.8539 -0.5078
vn 0.9734 -0.2291 0.0006
vn 0.9981 0.0622 0.0001
vn 0.9934 -0.1144 0.0013
vn 0.2947 0.9515 -0.0879
vn 0.3076 0.9515 -0.0085
vn 0.2942 0.9516 0.0894
vn 0.3005 0.9527 0.0459
vn 0.2958 0.9518 -0.0816
vn -0.9848 -0.1738 -0.0015
vn 0.9941 -0.1002 -0.0426
vn 0.9837 -0.1473 -0.1033
vn 0.9985 -0.0365 -0.0415
vn 0.9894 0.1073 0.0974
vn 0.9871 0.1527 0.0489
vn -0.9977 -0.0624 -0.0275
vn -0.9860 -0.1372 -0.0949
vn -0.9990 -0.0326 -0.0301
vn -0.9999 0.0060 -0.0128
vn -0.9685 0.1121 0.2222
vn -0.9760 0.1451 0.1623
vn -0.9593 0.0853 0.2694
vn -0.9981 0.0102 -0.0612
vn 0.9479 0.2402 -0.2094
vn 0.9886 -0.1507 -0.0072
vn -0.7790 -0.0005 -0.6271
vn 0.9667 0.1967 0.1639
vn 0.0736 -0.9965 0.0402
vn 0.4736 -0.8445 -0.2499
vn 0.3792 -0.8765 0.2966
vn -0.5963 -0.7679 -0.2338
vn -0.6999 -0.6645 0.2618
vn 0.7344 -0.6441 -0.2140
vn 0.4639 -0.8858 -0.0084
vn 0.7732 -0.6208 0.1296
vn 0.7680 -0.6216 0.1542
vn 0.7441 -0.6210 0.2465
vn -0.0014 0.7899 0.6132
vn -0.0777 0.8001 0.5948
vn -0.0542 0.8212 0.5680
vn -0.6436 -0.7309 -0.2270
vn -0.4697 -0.8186 0.3306
vn 0.0231 -0.0403 -0.9989
vn 0.0021 -0.0048 -1.0000
vn 0.0465 -0.0799 -0.9957
vn 0.0019 -0.0044 -1.0000
vn 0.0161 -0.6323 0.7746
vn 0.0190 -0.7386 0.6739
vn 0.0188 -0.7309 0.6822
vn 0.0161 -0.6266 0.7791
vn 0.0111 0.9999 0.0001
vn 0.8302 -0.5575 0.0050
vn 0.9039 -0.4275 0.0140
vn 0.8937 -0.4484 0.0126
vn 0.9966 -0.0822 -0.0108
vn 0.2732 0.3171 -0.9082
vn 0.2932 0.4398 -0.8489
vn -0.6029 -0.7978 0.0026
vn -0.5952 -0.8035 0.0042
vn 0.7229 -0.6892 0.0497
vn 0.7821 -0.6224 0.0307
vn 0.7294 -0.6825 0.0478
vn 0.7997 -0.5999 0.0246
vn -0.0119 -0.9306 0.3659
vn -0.0038 -0.8956 0.4449
vn -0.0019 -0.8865 0.4627
vn -0.9997 0.0103 0.0243
vn -0.9897 -0.1429 0.0047
vn -0.9996 -0.0282 0.0099
vn -0.9855 -0.1697 0.0066
vn -0.0184 -0.8227 0.5682
vn 0.2711 -0.9626 0.0014
vn 0.4785 -0.8773 -0.0384
vn 0.4069 -0.4203 -0.8110
vn -0.8926 0.4509 0.0021
vn -0.9637 0.2217 -0.1488
vn -0.9777 0.1809 -0.1067
vn -0.9892 0.1466 0.0057
vn 0.6917 -0.7217 0.0258
vn 0.6608 -0.7504 0.0142
vn 0.6813 -0.7318 0.0183
vn 0.7496 -0.6618 0.0100
vn 0.5924 -0.8049 0.0355
vn -0.0073 -0.9727 -0.2319
vn -0.0073 -0.9725 -0.2326
vn -0.0096 -0.9161 -0.4008
vn -0.0096 -0.9144 -0.4047
vn -0.8319 -0.5545 -0.0212
vn -0.2993 -0.9537 0.0285
vn -0.5380 -0.8429 -0.0140
vn -0.7884 -0.6152 0.0029
vn -0.2504 0.2195 -0.9429
vn 0.9662 -0.2578 0.0004
vn 0.5538 -0.8323 -0.0263
vn -0.3717 -0.9283 -0.0049
vn -0.6328 -0.7727 0.0501
vn -0.6109 -0.7910 0.0339
vn -0.6784 -0.7298 0.0853
vn -0.9009 -0.4224 -0.1003
vn -0.1522 -0.9881 0.0212
vn 0.6364 -0.7699 -0.0483
vn -0.0415 0.0007 0.9991
vn -0.0024 -0.0006 1.0000
vn 0.0059 0.0008 1.0000
vn 0.6177 0.7864 -0.0078
vn 0.4675 -0.8835 -0.0303
vn 0.4699 -0.8827 -0.0005
vn 0.9844 -0.1754 -0.0108
vn 0.9882 -0.1532 0.0085
vn 0.9807 -0.1889 -0.0501
vn 0.9264 0.3430 -0.1556
vn 0.9571 0.2896 -0.0103
vn 0.9442 0.3182 -0.0856
vn -0.9591 0.2757 -0.0644
vn -0.9461 0.3240 -0.0007
vn 0.9140 -0.2905 0.2831
vn 0.9570 0.1759 0.2307
vn -0.9632 -0.1982 0.1816
vn -0.9409 0.0464 0.3356
vn 0.8812 0.4093 -0.2364
vn 0.9780 -0.1853 -0.0953
vn 1.0000 -0.0029 -0.0006
vn -0.9853 -0.0110 -0.1702
vn 0.9061 -0.4225 -0.0222
vn 0.8728 -0.4880 -0.0095
vn 0.8685 -0.4956 -0.0080
vn 0.6529 -0.7530 0.0819
vn 0.6072 -0.7785 0.1591
vn 0.6615 -0.7451 0.0855
vn 0.5827 -0.7978 0.1548
vn -0.8173 -0.4941 0.2964
vn 0.7868 -0.6154 0.0471
vn 0.6092 -0.7799 0.1437
vn 0.6369 -0.7543 0.1592
vn 0.7062 -0.6720 0.2229
vn -0.8320 -0.5510 0.0647
vn -0.8011 -0.5815 0.1415
vn -0.8267 -0.5592 0.0623
vn -0.7941 -0.5936 0.1301
vn 0.5476 -0.8321 0.0885
vn 0.5294 -0.8466 0.0544
vn 0.5833 -0.7960 0.1614
vn 0.8239 -0.5667 0.0043
vn 0.8222 -0.4780 0.3090
vn 0.5405 -0.8082 0.2338
vn -0.7011 -0.1801 0.6899
vn -0.8632 -0.0510 0.5023
vn -0.8556 -0.0945 0.5088
vn -0.8380 -0.1404 0.5272
vn -0.6573 0.0339 -0.7528
vn -0.5019 -0.8448 0.1858
vn -0.0101 -0.9120 0.4100
vn -0.0114 -0.8292 0.5588
vn -0.0111 -0.8335 0.5523
vn -0.0103 -0.9141 0.4053
vn -0.8147 -0.5532 0.1736
vn -0.8702 -0.4802 0.1105
vn -0.7976 -0.5722 0.1907
vn 0.8857 -0.4261 0.1845
vn 0.4641 -0.6669 0.5830
vn 0.7304 -0.4582 0.5065
vn -0.1451 -0.9894 -0.0030
vn -0.1489 -0.9888 -0.0030
vn -0.1471 -0.9891 -0.0048
vn -0.1458 -0.9893 -0.0048
vn -0.4837 -0.5806 0.6550
vn -0.6593 -0.4706 0.5864
vn -0.0354 -0.6267 0.7785
vn -0.0264 -0.6337 0.7731
vn -0.0608 -0.6061 0.7931
vn 0.0043 -0.6572 0.7537
vn -0.8706 -0.4398 0.2204
vn -0.7961 -0.3023 0.5243
vn -0.7795 0.5730 0.2531
vn 0.0076 0.9169 0.3991
vn 0.0283 0.8684 0.4950
vn 0.0259 0.8747 0.4840
vn 0.7173 0.6967 0.0091
vn 0.7008 0.7134 -0.0028
vn 0.7405 0.6716 0.0264
vn 0.4775 0.8786 0.0112
vn -0.5558 0.8299 0.0480
vn 0.5851 -0.8071 0.0791
vn 0.3283 -0.9284 0.1739
vn 0.9386 -0.3350 0.0826
vn 0.9415 -0.3281 0.0767
vn 0.8932 -0.4211 0.1575
vn -0.4570 -0.8723 0.1738
vn -0.5080 -0.8422 0.1804
vn -0.9601 -0.2728 0.0606
vn 0.4244 -0.5437 0.7241
vn 0.4134 -0.5425 0.7313
vn 0.4892 -0.4866 0.7238
vn 0.8991 -0.0017 -0.4377
vn -0.8520 -0.5225 0.0324
vn 0.8235 -0.5516 0.1324
vn 0.5686 -0.8170 0.0958
vn 0.2280 -0.9167 0.3280
vn 0.2525 -0.9019 0.3504
vn 0.3151 -0.8749 0.3678
vn 0.6975 -0.6396 0.3232
vn 0.3080 -0.8956 0.3209
vn 0.3404 -0.9402 0.0147
vn -0.6989 -0.7079 0.1019
vn 0.4879 0.8448 0.2197
vn 0.4980 0.8212 0.2786
vn -0.1869 0.7804 -0.5967
vn -0.2533 0.7271 -0.6381
vn -0.3070 0.7810 -0.5439
vn -0.4853 0.5624 -0.6695
vn -0.4756 0.4685 -0.7445
vn -0.5883 0.4501 -0.6718
vn -0.5818 0.5587 -0.5911
vn 0.2599 -0.4847 0.8352
vn 0.3598 -0.4657 0.8085
vn 0.3965 -0.4372 0.8072
vn 0.3282 -0.4888 0.8083
vn 0.3050 -0.4877 0.8180
vn 0.0191 -0.0088 0.9998
vn 0.0024 0.0018 1.0000
vn 0.0039 -0.0871 0.9962
vn 0.0005 0.0013 1.0000
vn 0.0004 0.0023 1.0000
vn 0.0021 0.0019 1.0000
vn -0.0005 0.0026 1.0000
vn 0.0113 -0.0039 0.9999
vn -0.2218 0.6181 0.7542
vn -0.2215 0.7113 0.6670
vn -0.3013 0.7324 0.6106
vn -0.3453 0.6593 0.6680
vn -0.3727 0.5924 0.7143
vn -0.2954 0.5691 0.7674
vn 1.0000 -0.0037 0.0040
vn 0.9934 -0.0046 0.1142
vn 0.9998 -0.0017 0.0215
vn 1.0000 -0.0025 0.0052
vn 1.0000 -0.0022 0.0044
vn 1.0000 -0.0018 0.0030
vn 1.0000 -0.0032 -0.0017
vn 0.9954 -0.0675 -0.0686
vn 0.9996 -0.0002 -0.0274
vn 1.0000 -0.0030 -0.0048
vn -0.7658 0.5343 -0.3578
vn -0.6817 0.6706 -0.2925
vn -0.6767 0.6122 -0.4090
vn 0.9992 -0.0253 0.0323
vn 0.9624 0.2682 0.0431
vn -0.9665 0.1189 0.2273
vn 0.8580 -0.3923 0.3317
vn 0.9903 -0.1389 -0.0008
vn 0.9999 0.0074 -0.0099
vn 0.9999 0.0094 0.0090
vn 0.9231 0.2132 -0.3200
vn -0.8518 -0.5231 0.0291
vn -0.8968 0.1189 -0.4261
vn 0.8607 0.2673 -0.4333
vn 0.8697 0.2417 -0.4304
vn -0.9783 0.1290 0.1619
vn -0.8549 -0.5186 0.0153
vn -0.8054 -0.5919 0.0305
vn -0.8647 -0.5021 0.0120
vn -0.4673 -0.3299 0.8202
vn -0.4675 -0.3286 0.8207
vn -0.4798 -0.3977 0.7821
vn -0.5959 0.6938 -0.4045
vn -0.5287 0.6956 -0.4865
vn -0.6168 0.6103 -0.4971
vn -0.9946 -0.1042 0.0001
vn -0.9999 -0.0103 -0.0009
vn -0.9816 -0.1908 0.0011
vn 0.7142 0.6819 0.1578
vn 0.6802 0.7035 0.2061
vn 0.7530 0.6472 0.1186
vn 0.8136 0.5802 0.0373
vn 0.4561 -0.8231 0.3384
vn 0.4874 -0.8179 0.3059
vn -0.4592 -0.8881 0.0221
vn -0.4603 -0.8875 0.0223
vn -0.6023 -0.7982 0.0100
vn -0.5704 -0.8212 0.0162
vn 0.5337 -0.7573 0.3764
vn -0.6777 -0.7039 0.2130
vn -0.5049 -0.7733 0.3835
vn 0.1676 -0.9857 -0.0144
vn 0.6933 -0.6617 0.2854
vn -0.6517 0.7578 -0.0322
vn -0.6390 0.7665 -0.0645
vn -0.5615 0.8275 0.0019
vn -0.5344 0.8452 0.0001
vn -0.6631 0.7485 -0.0011
vn 0.9599 0.2804 -0.0002
vn 0.5564 -0.3562 -0.7507
vn 0.4318 -0.4010 -0.8079
vn 0.5445 -0.3610 -0.7571
vn -0.0003 0.6541 -0.7564
vn -0.0003 0.7978 -0.6030
vn -0.0003 0.6530 -0.7573
vn 0.9432 -0.3101 0.1194
vn 0.7212 -0.6790 0.1372
vn -0.9316 -0.3449 0.1149
vn -0.8820 -0.4615 0.0949
vn -0.7516 -0.6571 0.0565
vn 0.9181 -0.3670 0.1497
vn -0.0054 -0.6383 -0.7697
vn -0.0053 -0.6365 -0.7713
vn -0.0048 -0.5375 -0.8432
vn 0.0017 -0.4893 -0.8721
vn -0.8693 -0.0387 0.4927
vn 0.2624 -0.4893 0.8317
vn 0.7157 -0.2862 0.6371
vn 0.7116 -0.3474 0.6107
vn -0.2455 -0.4026 0.8818
vn -0.7807 -0.3363 0.5268
vn -0.9301 -0.1435 0.3381
vn 0.8184 -0.0104 0.5745
vn -0.8611 0.5082 0.0151
vn -0.8362 0.5401 -0.0958
vn 0.3268 0.0101 0.9450
vn 0.4326 0.8181 0.3789
vn 0.9227 0.2442 0.2982
vn 0.0052 0.9219 0.3874
vn -0.6696 0.5413 0.5086
vn 0.7551 0.6546 0.0377
vn 0.7587 -0.6515 0.0019
vn 0.7363 -0.6766 0.0079
vn 0.7130 -0.7011 0.0140
vn 0.6112 0.5989 0.5175
vn -0.8749 0.4577 0.1586
vn -0.0021 0.6866 0.7270
vn -0.7350 -0.6779 -0.0160
vn -0.7343 -0.6786 -0.0160
vn -0.8241 -0.5662 -0.0141
vn -0.8271 -0.5619 -0.0139
vn -0.4013 -0.8917 0.2092
vn 0.4408 -0.8235 0.3571
vn 0.4129 -0.8394 0.3533
vn 0.3753 -0.8263 0.4200
vn 0.8832 -0.4367 0.1713
vn 0.0040 -0.7282 -0.6854
vn 0.0036 -0.7831 -0.6219
vn -0.0017 -0.7826 -0.6225
vn -0.0466 -0.7117 -0.7010
vn -0.7598 -0.5687 0.3151
vn -0.7984 -0.5516 0.2416
vn -0.7914 -0.5552 0.2560
vn -0.6964 -0.6419 0.3207
vn 0.5882 -0.6656 0.4594
vn 0.2698 -0.8104 0.5201
vn 0.2815 -0.7716 0.5704
vn 0.6120 -0.6795 0.4047
vn 0.8691 -0.4144 0.2700
vn 0.8080 -0.5262 0.2649
vn 0.8188 -0.5105 0.2625
vn 0.8585 -0.4011 0.3195
vn 0.2829 -0.8328 0.4758
vn -0.5801 -0.7306 0.3602
vn -0.5722 -0.7336 0.3667
vn 0.7426 -0.6695 0.0184
vn 0.7152 -0.6985 0.0228
vn 0.8202 -0.5715 0.0249
vn 0.8179 -0.5748 0.0252
vn -0.9542 0.0003 -0.2993
vn 0.0590 0.9958 -0.0695
vn 0.0171 0.9958 -0.0896
vn -0.0358 0.9982 -0.0472
vn 0.0558 0.9982 0.0198
vn 0.0842 0.9963 -0.0180
vn -0.6582 -0.6806 -0.3218
vn 0.9215 0.3051 0.2402
vn 0.9259 0.3040 0.2242
vn 0.8880 0.3100 0.3396
vn 0.0192 -0.4933 -0.8697
vn 0.9985 0.0122 0.0534
vn -0.9949 0.0645 -0.0773
vn -0.9985 0.0125 -0.0541
vn -0.9993 -0.0010 -0.0379
vn -0.9837 -0.1789 0.0153
vn 0.9932 -0.1005 -0.0595
vn 0.9808 -0.1271 -0.1479
vn 0.9909 -0.1072 -0.0813
vn 0.9969 -0.0780 0.0137
vn 0.9732 0.1314 0.1886
vn 0.9694 0.2402 0.0511
vn 0.9765 0.1623 0.1416
vn -0.9807 0.1286 -0.1471
vn -0.9637 -0.1634 -0.2114
vn 0.9589 0.2812 0.0366
vn -0.8440 0.5326 -0.0630
vn -0.9953 -0.0738 0.0620
vn -0.9914 -0.1308 0.0037
vn -0.9915 -0.1299 0.0045
vn 0.7626 -0.6195 0.1861
vn 0.7437 -0.6349 0.2092
vn 0.8025 -0.5819 0.1324
vn 0.5556 -0.7465 0.3661
vn -0.8000 -0.5527 0.2335
vn 0.7810 -0.5566 0.2834
vn 0.7907 -0.5438 0.2811
vn 0.3167 0.5204 -0.7930
vn 0.1820 0.5243 -0.8318
vn -0.8480 -0.4222 0.3205
vn -0.8100 -0.5420 0.2238
vn -0.8598 -0.4327 0.2712
vn 0.4624 -0.7588 0.4587
vn 0.9282 -0.3290 0.1739
vn 0.9306 -0.3360 0.1451
vn 0.9254 -0.3227 0.1986
vn -0.0056 -0.4193 -0.9078
vn -0.8175 -0.4996 0.2866
vn -0.0061 -0.7081 -0.7061
vn 0.3644 -0.8358 0.4108
vn 0.6550 -0.6792 0.3311
vn -0.5238 0.8518 0.0042
vn -0.8289 0.5590 -0.0206
vn -0.8751 0.4839 -0.0002
vn -0.9380 0.3466 -0.0117
vn -0.8739 0.4860 -0.0012
vn 0.6937 -0.0266 0.7198
vn 0.6129 -0.1126 0.7821
vn 0.7140 -0.0025 0.7001
vn 0.7897 -0.5219 0.3223
vn 0.3143 -0.7327 0.6036
vn 0.4460 -0.6404 0.6253
vn 0.5207 -0.6203 0.5866
vn 0.4648 -0.6359 0.6162
vn 0.1012 -0.7160 0.6907
vn 0.8841 -0.3378 0.3228
vn 0.4599 -0.8757 0.1471
vn 0.8900 -0.3259 0.3189
vn 0.2602 -0.9652 -0.0250
vn -0.6178 -0.0050 -0.7863
vn 0.0015 -0.9987 -0.0504
vn 0.0014 -0.9986 -0.0533
vn -0.0029 -0.9912 -0.1325
vn -0.7086 0.7035 -0.0537
vn -0.7458 0.6636 -0.0590
vn 0.0491 -0.0256 0.9985
vn -0.0008 -0.1489 0.9889
vn 0.0296 -0.0741 0.9968
vn -0.0044 0.5410 0.8410
vn -0.0014 0.6091 0.7931
vn 0.0032 0.4441 0.8960
vn -0.4544 0.5272 0.7180
vn -0.5080 0.5862 0.6311
vn -0.5489 0.6100 0.5715
vn -0.6519 0.5353 0.5371
vn -0.6318 0.4778 0.6104
vn 0.9961 0.0394 0.0791
vn 0.9473 0.2693 -0.1733
vn 0.9385 0.2681 -0.2177
vn 0.9580 0.2701 -0.0964
vn 0.9622 0.2697 -0.0374
vn 0.9975 0.0619 0.0353
vn 0.9493 -0.2396 0.2037
vn 0.9534 0.1177 0.2778
vn -0.9844 0.0954 0.1481
vn -0.9773 0.1492 0.1506
vn -0.9986 -0.0361 0.0377
vn -0.9418 -0.2534 0.2207
vn -0.9380 0.0088 0.3467
vn 0.5646 -0.8253 0.0003
vn 0.6048 -0.7963 0.0012
vn 0.6036 -0.7973 0.0012
vn 0.8900 0.3906 -0.2351
vn -0.9937 -0.1118 -0.0038
vn -0.9914 -0.1280 -0.0275
vn -0.6887 -0.7250 -0.0033
vn 0.9939 -0.1014 0.0427
vn 0.9980 -0.0589 0.0248
vn 1.0000 -0.0027 0.0010
vn -0.0067 -0.4267 -0.9044
vn -0.0031 -0.5083 -0.8612
vn -0.0028 -0.5157 -0.8568
vn 0.4256 -0.6477 0.6319
vn 0.4506 -0.6422 0.6201
vn 0.2852 -0.6684 0.6869
vn -0.9678 -0.2310 -0.0999
vn 0.6663 -0.5389 0.5153
vn 0.8348 -0.3765 0.4018
vn 0.8046 -0.2968 0.5142
vn 0.8210 -0.3356 0.4619
vn -0.1469 0.7940 0.5898
vn -0.2565 0.8125 0.5235
vn -0.7552 -0.4491 0.4775
vn -0.7495 -0.4527 0.4830
vn 0.2746 -0.6693 0.6903
vn -0.3794 0.9252 0.0002
vn -0.9735 -0.1819 0.1389
vn -0.6843 -0.6217 0.3811
vn 0.0011 -0.0005 1.0000
vn 0.0105 -0.0041 0.9999
vn 0.0068 -0.0042 1.0000
vn 0.0010 -0.0045 1.0000
vn 0.0045 -0.0036 1.0000
vn 0.0003 -0.0005 1.0000
vn -0.0984 -0.0011 0.9951
vn -0.0011 -0.0022 1.0000
vn 0.9210 -0.3142 0.2303
vn -0.4977 -0.4990 -0.7094
vn 0.6164 0.5019 -0.6068
vn 0.0125 -0.4726 0.8812
vn 0.0121 -0.5016 0.8650
vn 0.0076 -0.5796 0.8149
vn 0.0118 -0.5074 0.8617
vn 0.8412 -0.4634 0.2787
vn 0.9998 0.0182 0.0008
vn -0.4235 -0.0231 -0.9056
vn -0.4442 -0.0638 -0.8936
vn -0.4223 -0.1127 -0.8994
vn -0.3599 -0.1542 -0.9202
vn 0.7301 -0.4976 0.4683
vn 0.7728 -0.4765 0.4192
vn 0.7510 -0.4676 0.4662
vn 0.7975 -0.4860 0.3574
vn 0.8142 -0.4919 0.3083
vn 0.9438 -0.2246 0.2424
vn -0.5777 -0.6540 0.4884
vn -0.6632 -0.5452 0.5127
vn -0.5982 -0.6303 0.4948
vn -0.0099 -0.0965 0.9953
vn -0.0089 -0.0041 1.0000
vn -0.0218 -0.1385 0.9901
vn -0.6813 -0.5182 0.5169
vn -0.7982 -0.4589 0.3903
vn -0.8143 -0.4101 0.4107
vn -0.8288 -0.3569 0.4309
vn 0.4768 -0.6257 0.6174
vn 0.4909 -0.6177 0.6144
vn 0.5866 -0.4909 0.6441
vn 0.5940 -0.4821 0.6440
vn -0.8550 -0.1109 -0.5066
vn -0.8105 -0.0506 -0.5836
vn -0.7897 -0.0258 -0.6130
vn -0.0919 0.6245 -0.7756
vn -0.1314 0.7262 -0.6748
vn 0.5268 -0.6184 0.5832
vn 0.3673 -0.5084 0.7788
vn 0.3923 -0.5117 0.7643
vn 0.2359 -0.4848 0.8422
vn 0.7355 -0.3775 0.5626
vn 0.2034 -0.4775 0.8548
vn 0.3343 -0.2989 0.8938
vn 0.3763 -0.2794 0.8834
vn 0.4598 -0.2138 0.8619
vn 0.8937 -0.1831 0.4095
vn 0.7825 -0.1713 0.5986
vn 0.0002 0.2291 0.9734
vn 0.0002 0.2283 0.9736
vn 0.0015 0.3351 0.9422
vn 0.6372 0.6367 0.4343
vn 0.7094 0.5898 0.3859
vn 0.7263 0.6261 0.2838
vn 0.5322 -0.8465 0.0153
vn 0.0767 -0.9969 -0.0191
vn 0.1270 -0.9918 -0.0156
vn 0.0763 -0.9969 -0.0192
vn 0.9236 -0.0018 0.3834
vn 0.4068 -0.3070 -0.8604
vn 0.0144 0.9462 -0.3232
vn -0.0184 0.9463 -0.3229
vn 0.0810 0.9463 -0.3130
vn 0.1109 0.9468 -0.3020
vn 0.6619 -0.2167 -0.7176
vn 0.7093 -0.1889 -0.6791
vn 0.7100 -0.1739 -0.6824
vn 0.6578 -0.2224 -0.7196
vn 0.9946 0.0896 0.0527
vn 0.9956 0.0857 0.0386
vn 0.9820 0.1160 0.1493
vn 0.9890 -0.1478 -0.0112
vn 0.9626 -0.2112 -0.1697
vn 0.1861 0.3069 -0.9334
vn 0.0970 0.3109 -0.9455
vn 0.0993 0.3109 -0.9453
vn -0.9803 -0.1197 -0.1569
vn 0.9991 -0.0384 -0.0198
vn 0.9991 -0.0343 -0.0237
vn 0.9964 -0.0817 0.0215
vn 0.9951 0.0369 -0.0912
vn 0.9172 0.1401 -0.3730
vn 0.9469 0.2667 0.1795
vn 0.9692 0.2298 0.0884
vn -0.8975 0.1889 -0.3984
vn 0.8985 -0.4389 0.0065
vn 0.9851 -0.1639 0.0525
vn 0.9824 -0.1177 0.1449
vn 0.9853 -0.1477 0.0852
vn 0.9829 -0.1841 0.0107
vn 0.9316 -0.3634 0.0103
vn -0.7738 -0.2622 0.5766
vn -0.6126 -0.2625 0.7456
vn -0.6929 -0.1895 0.6957
vn -0.6327 -0.2452 0.7345
vn 0.1819 0.0461 -0.9822
vn 0.1620 0.1553 -0.9745
vn 0.2531 0.2251 -0.9409
vn -0.0246 -0.3191 0.9474
vn 0.0170 -0.4399 0.8979
vn -0.0049 -0.3101 0.9507
vn 0.4777 -0.3702 -0.7967
vn 0.4075 -0.4815 -0.7760
vn 0.4035 -0.5842 -0.7042
vn 0.4609 -0.4177 -0.7830
vn 0.4799 -0.3153 0.8187
vn 0.5315 -0.2006 0.8230
vn 0.5026 -0.2675 0.8221
vn 0.8999 -0.0050 0.4360
vn -0.7111 -0.1712 0.6820
vn -0.8542 -0.1633 0.4937
vn -0.8612 -0.1415 0.4881
vn -0.8395 -0.2043 0.5035
vn 0.3508 -0.0116 0.9364
vn 0.2428 -0.0020 0.9701
vn 0.2189 -0.0000 0.9758
vn -0.7584 0.0092 0.6517
vn 0.3579 -0.0123 0.9337
vn -0.6241 0.0036 0.7813
vn -0.6311 0.0043 0.7757
vn -0.5232 -0.0062 0.8522
vn -0.5199 -0.0065 0.8542
vn 0.4921 -0.0005 0.8706
vn 0.4101 -0.0091 0.9120
vn 0.4127 -0.0088 0.9108
vn -0.8993 -0.0105 0.4372
vn 0.4985 0.0002 0.8669
vn 0.5940 0.6327 0.4968
vn -1.0000 0.0006 0.0023
vn 0.2937 0.7991 0.5245
vn -0.6687 0.5515 0.4987
vn -0.6503 0.5532 0.5207
vn -0.6219 0.5548 0.5527
vn -0.6895 0.5489 0.4726
vn 0.4763 0.6426 0.6002
vn 0.5099 0.6057 0.6108
vn 0.4991 0.6179 0.6075
vn 0.5446 0.5644 0.6204
vn -0.6203 0.6945 0.3646
vn -0.6107 0.6491 0.4535
vn -0.6187 0.6848 0.3851
vn -0.6234 0.7235 0.2965
vn -0.0702 -0.9974 -0.0158
vn -0.0717 -0.9973 -0.0157
vn -0.0060 -0.6059 -0.7955
vn -0.0096 0.0021 -1.0000
vn -0.0957 -0.0700 -0.9929
vn -0.0029 -0.0019 -1.0000
vn 0.7507 -0.4835 0.4502
vn -0.8541 -0.3611 0.3744
vn -0.1524 -0.4242 0.8927
vn -0.1687 -0.4122 0.8954
vn -0.3097 -0.5550 0.7720
vn -0.2555 -0.4780 0.8404
vn -0.4192 -0.6439 0.6400
vn -0.3214 -0.7501 0.5779
vn -0.3806 -0.6891 0.6166
vn -0.7894 -0.4278 0.4402
vn 0.7878 -0.4765 0.3902
vn 0.8334 -0.2765 0.4785
vn 0.8224 -0.4994 0.2724
vn 0.5604 -0.4575 0.6904
vn -0.7751 -0.5166 0.3638
vn -0.2188 -0.6112 0.7607
vn -0.3585 -0.4909 0.7940
vn -0.2829 -0.5884 0.7574
vn -0.3690 -0.4268 0.8256
vn -0.4986 -0.4994 0.7085
vn -0.9495 -0.1790 0.2579
vn -0.9220 -0.1997 0.3317
vn -0.9516 -0.1765 0.2514
vn -0.6224 -0.7826 -0.0130
vn -0.6226 -0.7824 -0.0130
vn 0.4113 -0.4255 0.8061
vn 0.6025 -0.3764 0.7038
vn 0.6241 -0.3092 0.7176
vn 0.6117 -0.3491 0.7099
vn -0.8828 0.0031 -0.4697
vn 0.8186 -0.5744 0.0030
vn 0.3790 -0.1102 0.9188
vn 0.3829 -0.0897 0.9194
vn 0.5378 -0.2287 0.8115
vn 0.9966 -0.0018 0.0825
vn 0.9995 -0.0260 0.0192
vn 0.9982 -0.0109 0.0587
vn 0.5496 -0.2093 0.8088
vn 0.6377 -0.1798 0.7490
vn 0.5607 -0.2125 0.8003
vn 0.6828 -0.1178 0.7210
vn -0.4747 -0.2564 0.8420
vn -0.6470 -0.3105 0.6964
vn 0.9998 0.0119 0.0143
vn -0.5928 -0.0432 0.8042
vn -0.5652 -0.0358 0.8242
vn -0.4349 -0.0024 0.9005
vn 0.7084 -0.0686 0.7024
vn -0.4190 0.0015 0.9080
vn 0.0002 0.2713 -0.9625
vn 0.8192 -0.0004 0.5735
vn 0.3764 -0.0033 0.9265
vn 0.4580 -0.0011 0.8890
vn 0.4572 -0.0012 0.8894
vn -0.6648 -0.0047 0.7471
vn -0.0289 -0.6983 -0.7152
vn 0.3747 -0.0033 0.9271
vn -0.9944 0.1054 -0.0071
vn 0.7788 -0.6168 0.1140
vn 0.0381 -0.9991 0.0163
vn 0.0209 -0.9998 0.0077
vn 0.1342 -0.9889 0.0640
vn 0.9581 -0.2862 0.0103
vn 0.4615 -0.8869 0.0217
vn 0.7726 -0.5339 0.3436
vn 0.7215 -0.3206 0.6137
vn 0.3532 -0.7779 0.5198
vn -0.3830 -0.9236 0.0158
vn 0.6981 -0.5136 0.4989
vn 0.2270 -0.3006 0.9263
vn -0.6341 -0.2538 0.7304
vn 0.4235 -0.6282 0.6527
vn -0.0052 0.2554 -0.9668
vn -0.0278 0.2549 -0.9666
vn 0.0571 0.2560 -0.9650
vn 0.2005 0.2661 0.9429
vn 0.2607 0.2255 0.9387
vn 0.3610 0.2498 0.8985
vn 0.3081 0.2922 0.9054
vn 0.1714 0.4925 -0.8533
vn 0.5515 0.2665 0.7904
vn 0.6274 0.2384 0.7413
vn 0.6427 0.2966 0.7063
vn 0.5967 0.3649 0.7147
vn 0.4940 0.3552 0.7936
vn 0.9769 0.2086 -0.0457
vn 0.9866 0.1608 -0.0271
vn 0.9963 0.0852 -0.0119
vn -0.7940 -0.0045 0.6080
vn 0.9902 0.0032 0.1398
vn 0.9602 0.2045 0.1900
vn 0.9659 -0.1957 0.1696
vn -0.9788 0.1477 -0.1417
vn -0.9775 0.1792 0.1115
vn -0.9583 -0.2302 0.1694
vn 0.9871 -0.1183 0.1080
vn -0.9075 0.4054 0.1104
vn -0.9871 -0.1446 -0.0690
vn 0.0420 -0.0289 0.9987
vn 0.6703 0.5521 0.4959
vn 0.2989 0.8147 -0.4968
vn 0.2805 0.8355 -0.4725
vn 0.3576 0.8362 -0.4158
vn 0.3850 0.8249 -0.4140
vn 0.3919 0.7755 -0.4950
vn 0.8770 -0.4803 -0.0089
vn 0.8302 -0.5573 -0.0123
vn 0.8874 -0.4610 -0.0081
vn -0.8892 -0.3141 0.3327
vn -0.9338 -0.2968 0.1996
vn -0.7944 -0.3742 0.4785
vn 0.7829 0.0002 -0.6222
vn 0.9447 -0.1663 0.2826
vn 0.9024 -0.1874 0.3881
vn 0.8916 -0.1916 0.4102
vn -0.8270 -0.0012 -0.5621
vn -0.9646 -0.1455 0.2199
vn -0.7858 -0.4023 0.4698
vn 0.8860 -0.2406 0.3964
vn -0.9920 -0.0692 0.1060
vn -0.9995 -0.0114 0.0304
vn 0.3854 -0.0028 -0.9228
vn 0.3992 0.0185 -0.9167
vn 0.4120 0.0385 -0.9104
vn 1.0000 -0.0006 -0.0000
vn 1.0000 -0.0038 -0.0004
vn 0.9996 -0.0286 -0.0034
vn 1.0000 -0.0011 0.0098
vn 0.8464 -0.0167 -0.5322
vn 0.5927 -0.0049 0.8054
vn 0.5954 -0.0051 0.8034
vn 0.5162 -0.0001 0.8565
vn 0.9313 -0.2143 0.2946
vn 0.9363 -0.1661 0.3095
vn 0.9365 -0.1637 0.3102
vn -0.8092 -0.2687 0.5224
vn -0.9638 -0.0978 0.2479
vn -0.6180 -0.0031 0.7862
vn -0.0059 -0.9822 -0.1878
vn -0.0060 -0.9820 -0.1886
vn -0.0018 -0.9969 -0.0790
vn -0.0018 -0.9972 -0.0751
vn 0.7861 -0.1705 0.5942
vn 0.7953 -0.2204 0.5648
vn 0.8021 -0.2212 0.5548
vn 0.7937 -0.1246 0.5955
vn 0.8951 -0.2601 0.3621
vn -0.4375 -0.3086 0.8446
vn -0.7585 -0.1497 0.6342
vn -0.6684 -0.2222 0.7099
vn -0.6490 -0.2360 0.7233
vn -0.4679 -0.2882 0.8355
vn 0.4799 -0.0216 0.8770
vn 0.5551 -0.0794 0.8280
vn 0.5877 -0.1058 0.8021
vn 0.8940 -0.0117 0.4479
vn 0.9403 -0.3401 0.0078
vn 0.9295 -0.3687 -0.0057
vn 0.9006 -0.4346 -0.0051
vn 0.8881 -0.4595 -0.0122
vn -0.7727 -0.1368 0.6198
vn -0.8655 -0.3571 0.3514
vn -0.3744 -0.1220 0.9192
vn -0.3459 -0.1336 0.9287
vn 0.0002 0.0132 0.9999
vn 0.9472 -0.0688 0.3133
vn 0.9159 -0.0030 0.4013
vn 0.9502 -0.0483 0.3080
vn 0.7270 0.0019 0.6866
vn -0.0362 -0.8988 0.4369
vn 0.9044 0.3086 -0.2946
vn 0.9469 0.2937 -0.1306
vn 0.9017 0.3091 -0.3022
vn 0.0023 -0.9999 -0.0137
vn -0.9493 -0.0025 0.3142
vn 0.9013 -0.0040 0.4332
vn 0.9363 0.0018 0.3513
vn 0.9355 0.0016 0.3533
vn 0.9155 -0.0030 0.4024
vn 0.6294 -0.5640 -0.5346
vn 0.9366 -0.1910 0.2937
vn 0.4360 -0.6353 0.6374
vn 0.8365 -0.3956 0.3792
vn 0.7687 -0.2599 0.5845
vn 0.2639 -0.8877 0.3773
vn -0.8755 -0.4826 0.0239
vn -0.9331 -0.3596 0.0043
vn -0.9237 -0.3829 0.0080
vn -0.7385 -0.6676 0.0946
vn -0.7794 -0.6229 0.0673
vn -0.7138 -0.6917 0.1099
vn 0.1228 -0.9905 0.0622
vn -0.7980 -0.6003 0.0539
vn -0.4045 -0.5204 0.7520
vn -0.5392 -0.2752 0.7960
vn -0.4479 -0.0010 -0.8941
vn -0.4355 -0.0702 -0.8975
vn -0.4312 -0.0914 -0.8976
vn -0.0000 -0.0002 1.0000
vn -0.0004 -0.0125 0.9999
vn -0.0001 -0.0022 1.0000
vn -0.0036 -0.0992 0.9951
vn -0.4433 -0.8862 0.1347
vn 0.3295 -0.7874 0.5210
vn 0.0131 -0.3335 -0.9427
vn 0.3008 -0.6888 -0.6596
vn 0.9907 -0.1353 -0.0163
vn 0.4784 -0.8781 0.0045
vn -0.0008 -0.9628 0.2702
vn 0.3037 -0.6173 -0.7258
vn 0.3700 -0.8884 0.2718
vn -0.0000 -0.7840 0.6207
vn -0.1970 -0.1985 -0.9601
vn 0.5055 0.7126 0.4865
vn -0.3228 -0.5887 -0.7411
vn -0.0152 -0.3213 -0.9469
vn -0.3003 -0.8796 0.3689
vn -0.5238 -0.8515 -0.0262
vn 0.8085 -0.5885 -0.0010
vn -0.0033 -0.4529 0.8915
vn -0.1410 -0.8881 0.4375
vn -0.9922 -0.1244 0.0063
vn -0.9999 -0.0154 0.0013
vn -1.0000 -0.0027 0.0007
vn -0.9624 0.2678 0.0452
vn -0.9372 0.3453 -0.0484
vn -0.9575 0.2653 -0.1132
vn -0.9685 0.2361 -0.0793
vn -0.9654 0.2485 0.0792
vn -0.7046 0.5965 0.3844
vn -0.6626 0.6021 0.4454
vn -0.5826 0.6617 0.4720
vn -0.7082 0.6409 0.2963
vn 0.5381 -0.8429 -0.0012
vn 0.9152 -0.3023 0.2663
vn 0.1694 -0.8067 0.5662
vn 0.9640 -0.2658 0.0109
vn 0.6997 0.7145 -0.0004
vn 0.6991 0.7150 -0.0004
vn 0.6329 0.7742 0.0005
vn 0.3399 0.7230 -0.6014
vn -0.2511 -0.8946 0.3696
vn -0.6447 0.7644 -0.0017
vn 0.9571 0.2864 -0.0443
vn 0.9567 0.2911 0.0005
vn -0.9918 0.1222 -0.0385
vn -0.9940 0.1021 -0.0397
vn -0.9618 0.2721 -0.0295
vn 0.9505 -0.1753 0.2565
vn 0.9551 0.1806 0.2347
vn -0.8575 -0.5145 0.0065
vn 0.4026 -0.9154 -0.0002
vn -0.9281 -0.0551 0.3683
vn 0.3599 -0.6579 -0.6615
vn -0.0056 -0.7441 -0.6680
vn -0.3601 -0.9245 -0.1245
vn -0.9808 -0.1626 -0.1079
vn 0.9274 -0.0018 -0.3740
vn -0.0362 0.7002 -0.7130
vn -0.2811 -0.0003 -0.9597
vn -0.2620 -0.0822 -0.9616
vn -0.2619 -0.0827 -0.9615
vn -0.8935 0.3880 0.2261
vn -0.9331 0.3441 0.1046
vn 0.0250 0.0002 -0.9997
vn 0.9553 -0.1593 0.2490
vn 0.0010 -0.9033 0.4290
vn -0.7096 -0.3849 0.5902
vn -0.7029 -0.3872 0.5966
vn 0.7745 -0.2168 0.5942
vn 0.8466 -0.1810 0.5005
vn 0.7333 -0.1829 0.6549
vn -0.2521 0.5783 0.7759
vn -0.3164 0.5347 0.7836
vn -0.2526 0.5224 0.8145
vn -0.1329 0.5363 0.8335
vn -0.1292 0.2158 0.9678
vn -0.0374 0.2187 0.9751
vn -0.0897 0.3144 0.9450
vn -0.1667 0.2614 0.9507
vn -0.0015 0.0029 1.0000
vn -0.0032 0.0001 1.0000
vn -0.0207 -0.0350 0.9992
vn -0.0013 -0.0015 1.0000
vn 0.9474 0.2328 -0.2198
vn 0.9206 0.2508 -0.2993
vn 0.9563 0.2589 -0.1360
vn 0.7123 -0.1489 0.6859
vn 0.8904 -0.0593 0.4514
vn 0.9041 -0.1014 0.4150
vn 0.9469 -0.1082 0.3027
vn -0.0067 -0.2829 -0.9591
vn -0.9431 -0.0897 0.3202
vn 0.6984 -0.2263 0.6790
vn 0.7200 -0.1804 0.6701
vn 0.7357 -0.1439 0.6619
vn 0.7497 -0.1083 0.6529
vn 0.0336 -0.4835 0.8747
vn 0.0307 -0.4708 0.8817
vn 0.0090 -0.3719 0.9282
vn 0.0065 -0.3600 0.9329
vn 0.8064 -0.1216 0.5788
vn -0.9709 0.2357 -0.0415
vn -0.9613 0.2750 0.0150
vn -0.9663 0.2573 -0.0108
vn 0.0134 -0.0003 0.9999
vn 0.0145 0.0001 0.9999
vn 0.0139 -0.0001 0.9999
vn 0.8059 -0.0096 0.5920
vn -0.0041 -0.9526 -0.3042
vn -0.0008 -0.9322 -0.3621
vn -0.0008 -0.9322 -0.3618
vn 0.4246 -0.6966 0.5783
vn 0.4015 -0.7477 0.5289
vn 0.4201 -0.7074 0.5685
vn -0.5190 -0.0573 -0.8528
vn -0.5781 -0.1006 -0.8097
vn -0.6695 -0.0014 -0.7428
vn 0.4818 0.1498 0.8634
vn 0.6167 0.1199 0.7780
vn 0.5847 0.0364 0.8104
vn -0.8125 0.2721 -0.5155
vn -0.7625 0.2567 -0.5939
vn -0.8536 0.2320 -0.4664
vn 0.7937 0.5333 -0.2927
vn 0.7248 0.5894 -0.3568
vn 0.6677 0.6745 -0.3149
vn -0.5649 -0.8251 0.0029
vn 0.7995 -0.4210 0.4284
vn 0.5310 0.0029 0.8474
vn -0.8657 0.0181 0.5002
vn 0.7892 0.2466 0.5625
vn 0.7502 0.2438 0.6146
vn 0.8247 0.2169 0.5223
vn -0.7991 0.6011 -0.0026
vn 0.5033 0.2364 0.8311
vn 0.5417 0.1842 0.8202
vn 0.5449 0.1859 0.8177
vn 0.0497 0.0798 0.9956
vn 0.0072 -1.0000 -0.0064
vn 0.1764 0.0579 0.9826
vn -0.0002 -0.0000 -1.0000
vn 0.0004 -0.0008 -1.0000
vn 0.0001 -0.0002 -1.0000
vn 0.0008 -0.0005 -1.0000
vn 0.0012 -0.0007 -1.0000
vn 0.4343 0.2667 0.8604
vn 0.9018 -0.4275 0.0627
vn -0.7326 0.2542 -0.6314
vn -0.0063 0.0004 1.0000
vn 0.6297 -0.6635 0.4041
vn 0.6233 -0.6564 0.4251
vn 0.6017 -0.6325 0.4877
vn 0.8409 0.3479 -0.4146
vn 0.7952 0.4474 -0.4093
vn 0.8185 0.4780 -0.3187
vn 0.4086 -0.0023 0.9127
vn 0.2683 0.0049 0.9633
vn 0.2654 0.0050 0.9641
vn -0.0001 -0.9998 0.0213
vn -0.5087 0.2481 -0.8244
vn -0.0602 0.9902 -0.1261
vn -0.0889 0.9924 -0.0853
vn 0.2262 -0.9720 0.0640
vn 0.2984 -0.4092 0.8623
vn -0.1375 -0.9905 0.0059
vn -0.0431 -0.9991 0.0038
vn -0.1298 -0.9915 0.0057
vn 0.8971 -0.4399 0.0407
vn -0.9046 -0.1527 0.3980
vn -0.9196 -0.0576 0.3886
vn -0.9183 -0.0687 0.3899
vn -0.9485 -0.3162 0.0216
vn -0.9191 -0.3911 0.0477
vn -0.9579 -0.2867 0.0115
vn 0.5299 0.6695 -0.5205
vn -0.0297 0.8131 0.5814
vn 0.0520 0.7704 0.6355
vn 0.1097 0.8296 0.5475
vn 0.0586 0.8427 0.5351
vn -0.0877 0.8380 0.5386
vn -0.0007 0.0210 -0.9998
vn -0.3900 -0.0883 -0.9166
vn -0.4611 -0.2664 -0.8464
vn -0.4302 -0.1966 -0.8811
vn 0.9756 -0.2197 0.0029
vn 0.9795 -0.2013 0.0081
vn 0.9910 -0.1329 -0.0159
vn 0.9614 0.2698 0.0548
vn 0.9980 -0.0513 0.0371
vn -0.6420 -0.7158 0.2749
vn 0.9998 0.0194 0.0005
vn 0.9992 -0.0365 -0.0155
vn 0.9977 0.0664 0.0139
vn 0.9730 -0.1116 -0.2020
vn 0.9808 -0.1032 -0.1654
vn 0.9847 -0.0983 -0.1442
vn -0.8883 -0.4584 0.0280
vn -0.9642 -0.1792 -0.1955
vn -0.9994 -0.0310 -0.0146
vn 0.0134 0.0011 0.9999
vn 0.0112 -0.0015 0.9999
vn 0.0116 -0.0011 0.9999
vn 0.9927 0.1202 0.0091
vn 0.8920 -0.3828 0.2404
vn 0.4260 -0.0040 0.9047
vn -0.9976 0.0698 -0.0017
vn -0.9488 -0.2356 0.2104
vn -0.5906 -0.5671 -0.5741
vn -0.3517 -0.0028 0.9361
vn -0.0074 -0.2510 0.9680
vn 0.0900 -0.0190 -0.9958
vn 0.0570 -0.0134 -0.9983
vn 0.2460 -0.0026 -0.9693
vn -0.0831 -0.1351 0.9873
vn -0.2668 -0.4321 0.8614
vn -0.2653 -0.6848 0.6788
vn -0.1906 -0.5933 0.7821
vn -0.1790 -0.5784 0.7959
vn -0.1454 -0.8659 0.4787
vn -0.5006 -0.5997 0.6244
vn -0.2762 -0.6974 0.6613
vn -0.2703 -0.6586 0.7022
vn -0.5022 -0.1845 0.8448
vn 0.4534 -0.6939 0.5594
vn -0.0163 -0.3174 0.9481
vn -0.0120 -0.3877 0.9217
vn -0.0123 -0.3834 0.9235
vn 0.1670 -0.7416 0.6497
vn 0.1845 -0.7383 0.6488
vn 0.1168 -0.7499 0.6512
vn 0.0129 -0.4908 0.8712
vn 0.3716 -0.8027 0.4665
vn 0.3405 -0.8254 0.4502
vn 0.3858 -0.7837 0.4868
vn 0.2358 -0.7270 0.6449
vn 0.3632 -0.7305 0.5783
vn 0.3800 -0.7413 0.5533
vn -0.1510 -0.3076 0.9395
vn -0.1268 -0.8135 0.5676
vn -0.4110 -0.8257 0.3863
vn -0.3968 -0.7493 0.5302
vn -0.4098 -0.7804 0.4722
vn -0.3902 -0.8529 0.3468
vn -0.3770 -0.7117 0.5927
vn 0.2956 0.4433 0.8462
vn -0.3849 -0.6823 0.6216
vn -0.0612 -0.8900 0.4519
vn -0.1059 -0.7954 0.5967
vn -0.0992 -0.8119 0.5753
vn -0.0963 -0.5889 0.8025
vn -0.0531 -0.9038 0.4247
vn -0.2653 -0.8121 0.5197
vn 0.3746 -0.7984 0.4714
vn 0.0288 -0.4580 0.8885
vn 0.0245 -0.4703 0.8822
vn 0.1187 -0.3354 0.9345
vn 0.0979 -0.3365 0.9366
vn 0.1639 -0.2955 0.9412
vn 0.2084 -0.7574 0.6188
vn 0.2926 -0.6706 0.6817
vn 0.2468 -0.7201 0.6485
vn 0.3233 -0.6342 0.7023
vn 0.0304 0.0020 -0.9995
vn -0.4465 0.1503 -0.8820
vn -0.3928 0.1244 -0.9112
vn -0.4492 0.1516 -0.8805
vn -0.3535 0.1184 -0.9279
vn -0.5855 -0.5911 0.5548
vn -0.5559 -0.5244 0.6450
vn -0.5655 -0.5451 0.6189
vn -0.5883 -0.5979 0.5445
vn -0.1702 -0.6834 0.7099
vn 0.1931 -0.3024 0.9334
vn 0.7117 -0.1907 0.6761
vn 0.6631 -0.6222 0.4160
vn 0.2069 -0.7424 0.6372
vn -0.6915 -0.6979 0.1864
vn -0.5708 -0.6320 0.5242
vn 0.5387 -0.8013 0.2603
vn 0.5384 -0.5426 0.6448
vn -0.3793 -0.1870 0.9062
vn -0.6031 -0.4441 0.6626
vn -0.6000 -0.1988 0.7749
vn 0.1605 -0.0981 0.9821
vn 0.6664 -0.5271 0.5272
vn 0.7885 -0.5186 0.3305
vn -0.3188 -0.0957 -0.9430
vn -0.3494 -0.0019 -0.9370
vn -0.3244 -0.0793 -0.9426
vn -0.6190 -0.5459 0.5646
vn -0.7870 -0.3530 0.5061
vn -0.7422 -0.3534 0.5695
vn -0.7711 -0.3534 0.5297
vn -0.7345 -0.3532 0.5795
vn 0.6838 0.0008 0.7297
vn 0.6830 0.0008 0.7304
vn 0.7673 -0.0034 0.6413
vn -0.7438 -0.1304 0.6555
vn -0.7780 -0.1968 0.5967
vn -0.7580 -0.1010 0.6443
vn -0.8042 -0.1896 0.5632
vn -0.7736 -0.6332 -0.0242
vn -0.6176 -0.4531 0.6428
vn 0.5539 -0.0844 0.8283
vn 0.2999 -0.4288 0.8522
vn 0.7455 -0.2619 0.6129
vn -0.6336 0.0051 0.7737
vn -0.0054 -0.1085 0.9941
vn -0.0096 -0.1482 0.9889
vn -0.0018 -0.1142 0.9935
vn 0.0193 -0.1678 0.9856
vn 0.7681 -0.0035 0.6403
vn -0.6224 0.0069 0.7827
vn -0.5423 0.4441 0.7132
vn 0.7911 0.6116 -0.0105
vn 0.7092 0.7050 0.0010
vn 0.7135 0.7007 0.0004
vn 0.7948 0.6068 -0.0111
vn 0.3838 0.6043 -0.6983
vn 0.4316 0.0015 -0.9021
vn 0.5922 0.6849 0.4246
vn 0.1735 0.7646 0.6207
vn -0.7803 -0.2256 -0.5833
vn -0.6306 0.7575 0.1687
vn -0.5357 0.7227 0.4367
vn 0.0020 0.8614 0.5079
vn 0.0021 0.8632 0.5048
vn -0.0026 0.7651 0.6439
vn -0.0027 0.7631 0.6463
vn 0.5714 0.6042 0.5553
vn 0.4989 0.6124 0.6132
vn 0.5880 0.6015 0.5407
vn 0.6296 0.5931 0.5019
vn -0.2005 0.1856 0.9620
vn -0.5805 0.7816 0.2283
vn -0.9463 0.3134 -0.0792
vn -0.9383 0.3127 -0.1477
vn -0.9496 0.3128 -0.0189
vn -0.0002 0.2633 0.9647
vn 0.6341 0.7302 0.2544
vn -0.8891 0.4389 -0.1298
vn 0.6542 -0.2685 0.7071
vn 0.6100 -0.2264 0.7594
vn 0.6226 -0.3553 0.6972
vn 0.6309 -0.3403 0.6972
vn 0.1305 -0.9913 0.0159
vn 0.0578 -0.9983 0.0113
vn 0.1918 -0.9814 -0.0127
vn 0.3633 -0.0004 0.9317
vn 0.0550 -0.9985 0.0066
vn 0.6399 0.0039 0.7684
vn 0.5159 0.0001 0.8566
vn 0.6431 0.0040 0.7657
vn -0.5808 -0.0005 0.8141
vn -0.5763 -0.0005 0.8173
vn -0.4732 0.0008 0.8810
vn -0.0675 -0.7365 0.6731
vn -0.0608 -0.2278 0.9718
vn -0.3818 0.2857 0.8790
vn -0.3828 0.2856 0.8786
vn -0.4845 0.2585 0.8357
vn -0.2126 -0.9209 0.3268
vn -0.3412 -0.5261 0.7790
vn 0.1004 -0.3885 0.9159
vn 0.1359 -0.8003 0.5840
vn 0.1771 -0.8253 0.5361
vn 0.1653 -0.8185 0.5502
vn 0.2112 -0.5920 0.7778
vn 0.6803 -0.7326 0.0224
vn 0.6789 -0.7339 0.0225
vn 0.7745 -0.6324 0.0155
vn 0.7930 -0.6090 0.0190
vn 0.1223 -0.7913 0.5991
vn -0.9997 0.0005 -0.0245
vn -0.9138 -0.0005 0.4062
vn -0.2732 -0.7345 0.6212
vn -0.2884 -0.6175 0.7318
vn -0.2839 -0.6609 0.6947
vn -0.0152 -0.6342 0.7730
vn -0.0141 -0.6402 0.7681
vn -0.0039 -0.6937 0.7203
vn -0.0029 -0.6991 0.7150
vn 0.0849 -0.2348 0.9683
vn 0.2350 -0.7501 0.6182
vn 0.2884 -0.8085 0.5130
vn 0.2756 -0.8000 0.5330
vn 0.3814 -0.5745 0.7242
vn -0.1049 0.4749 -0.8738
vn -0.0239 0.5468 -0.8369
vn 0.0619 0.4943 -0.8671
vn 0.6014 -0.5466 -0.5827
vn -0.5368 -0.6690 0.5141
vn -0.4628 -0.7555 0.4638
vn -0.5049 -0.6983 0.5074
vn 0.4745 -0.1611 0.8654
vn 0.3234 -0.1192 0.9387
vn 0.3371 -0.1230 0.9334
vn 0.4865 -0.8736 0.0060
vn 0.8380 -0.3956 -0.3757
vn 0.8306 -0.3578 -0.4267
vn 0.8293 -0.3524 -0.4338
vn 0.3657 0.5955 0.7153
vn -0.3176 -0.6239 0.7141
vn -0.4450 -0.6008 0.6640
vn -0.4427 -0.6011 0.6653
vn -0.3538 -0.5696 0.7419
vn -0.2691 -0.7544 0.5987
vn 0.2505 -0.6522 0.7155
vn 0.2557 -0.6309 0.7326
vn 0.1788 -0.2062 0.9620
vn 0.1651 -0.2414 0.9563
vn 0.1530 -0.2718 0.9501
vn 0.4255 -0.5622 0.7091
vn 0.4530 -0.6468 0.6136
vn 0.4556 -0.6553 0.6025
vn -0.5890 -0.5183 0.6200
vn -0.5267 -0.5087 0.6811
vn 0.5314 -0.6577 0.5339
vn 0.3861 -0.6260 0.6776
vn 0.5424 -0.6624 0.5167
vn 0.3878 -0.6159 0.6857
vn 0.4599 -0.4469 0.7673
vn -0.0873 -0.0694 0.9938
vn -0.0106 -0.0074 0.9999
vn -0.0149 -0.0110 0.9998
vn -0.1300 -0.2137 0.9682
vn -0.5762 -0.0636 0.8148
vn -0.1560 -0.4817 0.8623
vn -0.4602 -0.4860 0.7430
vn -0.4648 -0.5018 0.7295
vn 0.0060 -0.0411 -0.9991
vn 0.0047 -0.0378 -0.9993
vn 0.0711 -0.0958 -0.9929
vn 0.0025 -0.0249 -0.9997
vn -0.0032 -0.0234 -0.9997
vn -0.1085 -0.0951 -0.9895
vn -0.0091 -0.0484 -0.9988
vn -0.0121 -0.0600 -0.9981
vn 0.0012 -0.0296 -0.9996
vn 0.4223 -0.5530 0.7182
vn 0.1897 -0.1776 0.9657
vn 0.5564 -0.6442 0.5249
vn -0.4830 0.5119 -0.7104
vn -0.6524 -0.1280 0.7470
vn -0.6026 -0.5213 0.6042
vn 0.6356 -0.4739 0.6095
vn 0.5923 -0.4865 0.6423
vn 0.5647 -0.4326 0.7028
vn 0.5821 -0.1974 0.7888
vn 0.1145 -0.1011 0.9883
vn 0.5367 -0.4325 0.7245
vn -0.7984 -0.1620 -0.5800
vn -0.4663 -0.3323 0.8198
vn -0.5803 -0.6368 0.5077
vn -0.9432 0.3322 0.0037
vn -0.9658 0.2541 -0.0520
vn -0.9495 0.3132 -0.0200
vn 0.4605 -0.2665 0.8467
vn 0.1705 0.3146 -0.9338
vn -0.0042 0.3088 -0.9511
vn -0.0107 0.3086 -0.9511
vn -0.0033 0.3088 -0.9511
vn 0.0171 0.2972 -0.9546
vn -1.0000 -0.0041 -0.0059
vn -1.0000 -0.0046 -0.0020
vn -0.9913 -0.1045 0.0797
vn -1.0000 -0.0038 -0.0032
vn -1.0000 -0.0033 0.0003
vn -0.0000 -0.0005 1.0000
vn 0.0817 -0.0067 0.9966
vn -0.0067 -0.0038 1.0000
vn -0.9018 0.3156 0.2953
vn -0.9196 0.2493 0.3037
vn -0.2739 -0.1582 0.9487
vn -0.6535 -0.2482 0.7151
vn -0.5879 -0.2726 0.7616
vn -0.5404 -0.3001 0.7861
vn -0.6031 -0.5451 0.5824
vn -0.6262 -0.5012 0.5972
vn -0.5750 -0.5930 0.5637
vn -0.6463 -0.4588 0.6097
vn -0.7911 -0.4407 0.4243
vn 0.9967 0.0763 -0.0277
vn 0.9953 0.0951 0.0152
vn 0.9993 0.0308 -0.0201
vn 0.9989 0.0351 -0.0310
vn 0.9991 0.0416 -0.0118
vn -0.3152 0.9469 0.0638
vn -0.3145 0.9468 0.0687
vn -0.3162 0.9472 -0.0532
vn -0.3172 0.9473 -0.0434
vn -0.2211 -0.9752 -0.0028
vn -0.0287 -0.0128 0.9995
vn -0.0325 -0.0211 0.9992
vn -0.1918 -0.0709 0.9789
vn -0.0882 -0.6156 0.7831
vn -0.5648 -0.0316 0.8246
vn -0.0078 -0.0131 0.9999
vn -0.0488 -0.0928 0.9945
vn -0.5127 -0.6866 0.5154
vn -0.4963 -0.7192 0.4863
vn -0.5268 -0.6555 0.5411
vn -0.4817 -0.7453 0.4609
vn -0.1039 -0.7306 0.6748
vn 0.6556 -0.5985 0.4604
vn 0.5488 -0.6596 0.5136
vn 0.5788 -0.6269 0.5216
vn 0.5284 -0.6942 0.4887
vn 0.3832 -0.6403 0.6657
vn 0.1531 -0.1560 -0.9758
vn 0.6674 -0.5983 0.4433
vn -0.8987 0.2355 -0.3700
vn -0.8942 0.2965 -0.3354
vn 0.4754 0.8793 -0.0298
vn -0.0930 0.6276 -0.7730
vn -0.1019 0.7103 -0.6965
vn 0.7111 0.5235 -0.4694
vn -0.4604 -0.2546 0.8504
vn -0.2037 -0.3407 0.9178
vn -0.2938 -0.8037 0.5174
vn -0.3902 -0.8222 0.4145
vn -0.3349 -0.8134 0.4756
vn -0.5097 -0.6236 0.5928
vn -0.4251 -0.8248 0.3727
vn -0.0953 -0.8256 0.5561
vn -0.1205 -0.7721 0.6240
vn -0.1129 -0.7891 0.6038
vn -0.0883 -0.8391 0.5368
vn 0.1760 -0.7537 0.6332
vn 0.1162 -0.9067 0.4054
vn 0.4580 -0.7194 0.5221
vn 0.5256 -0.7370 0.4248
vn 0.5081 -0.7333 0.4517
vn 0.4377 -0.7126 0.5483
vn -0.4953 0.8338 0.2437
vn -0.5196 0.8332 0.1893
vn -0.5602 0.8225 0.0982
vn -0.5592 0.8179 0.1353
vn 0.6082 -0.5630 0.5595
vn -0.5439 -0.7196 0.4316
vn -0.5058 -0.7922 0.3414
vn -0.5473 -0.6993 0.4598
vn -0.9326 -0.0142 0.3607
vn -0.9624 -0.0771 0.2603
vn 0.9512 -0.1023 0.2910
vn -0.0191 -0.0033 0.9998
vn -0.4718 0.0008 0.8817
vn -0.7107 -0.2632 0.6524
vn -0.7182 -0.2803 0.6368
vn -0.0056 -0.2508 -0.9680
vn -0.6239 -0.5117 0.5907
vn -0.7644 -0.4899 0.4191
vn 0.0954 -0.0363 0.9948
vn 0.5953 -0.5159 0.6160
vn 0.8200 -0.3554 0.4486
vn 0.6750 -0.1284 0.7266
vn 0.5870 -0.3141 0.7462
vn 0.6701 -0.2913 0.6827
vn 0.6841 -0.3067 0.6618
vn 0.5794 -0.2597 0.7726
vn 0.4647 -0.4795 0.7445
vn 0.2026 -0.9130 0.3542
vn -0.7686 0.6008 0.2197
vn -0.8142 0.5042 0.2879
vn -0.7684 0.5239 0.3676
vn -0.6423 -0.0111 0.7664
vn -0.8114 -0.2125 0.5445
vn -0.4742 -0.4078 0.7803
vn 0.6416 -0.6905 0.3339
vn 0.6320 -0.6824 0.3674
vn 0.5839 -0.6057 0.5406
vn 0.5989 -0.6370 0.4854
vn -0.4527 -0.4816 -0.7504
vn -0.3792 -0.2376 0.8943
vn -0.7227 -0.3301 0.6073
vn 0.8829 -0.4277 0.1941
vn 0.5794 -0.4546 0.6765
vn 0.1277 -0.0435 0.9909
vn 0.0031 -0.0021 1.0000
vn 0.5939 -0.2345 0.7696
vn -0.8170 -0.1672 0.5519
vn -0.8135 -0.1557 0.5603
vn -0.8507 -0.2111 0.4813
vn -0.7996 -0.1375 0.5846
vn -0.8596 -0.2265 0.4580
vn 0.8702 -0.0000 -0.4927
vn 0.8080 -0.0016 -0.5892
vn 0.8700 -0.0000 -0.4931
vn 0.5323 -0.1530 0.8326
vn 0.5581 -0.1384 0.8181
vn 0.6083 -0.1086 0.7863
vn -0.9424 0.2316 -0.2415
vn -0.9357 0.2608 -0.2375
vn -0.5480 0.0451 0.8353
vn -0.4921 -0.0934 0.8655
vn -0.5375 -0.0195 0.8431
vn -0.5482 0.0397 0.8354
vn -0.0008 -0.3044 -0.9525
vn -0.0008 -0.3826 -0.9239
vn -0.0008 -0.3047 -0.9524
vn -0.3800 -0.6144 0.6915
vn 0.0165 -0.0057 0.9998
vn 0.1919 -0.0575 0.9797
vn 0.0095 -0.0036 0.9999
vn 0.5898 -0.3422 0.7314
vn 0.6152 -0.1652 0.7709
vn 0.8192 -0.1195 0.5609
vn -0.1604 -0.2127 -0.9639
vn 0.0021 -0.0462 0.9989
vn -0.0127 -0.3071 0.9516
vn 0.0099 -0.4530 0.8915
vn -0.0040 -0.3646 0.9312
vn -0.0137 -0.2659 0.9639
vn -0.0315 -0.3346 0.9418
vn -0.0351 -0.3483 0.9367
vn -0.6725 -0.2365 0.7013
vn -0.6515 -0.2741 0.7074
vn -0.7013 -0.1797 0.6898
vn 0.9188 -0.0148 0.3945
vn -0.8131 -0.0741 0.5774
vn -0.8132 -0.0807 0.5763
vn -0.8121 -0.1618 0.5606
vn -0.0011 0.0538 0.9986
vn -0.2002 0.8252 -0.5282
vn -0.0001 -1.0000 -0.0027
vn 0.0569 0.2397 -0.9692
vn -0.0770 0.2344 -0.9691
vn 0.1415 0.2405 -0.9603
vn 0.1824 0.2677 -0.9461
vn 0.2923 0.2431 -0.9249
vn 0.5517 -0.1208 0.8252
vn 0.8474 -0.5169 0.1212
vn 0.8388 -0.5176 0.1686
vn 0.8537 -0.5151 0.0771
vn -0.0118 -0.2584 0.9660
vn -0.7185 -0.1424 0.6808
vn 0.2795 -0.0009 -0.9601
vn -0.4099 -0.0086 -0.9121
vn 0.9782 -0.0072 0.2076
vn -0.0147 -0.0035 0.9999
vn -0.0975 -0.0018 0.9952
vn -0.1513 0.3798 0.9126
vn -0.1849 0.4819 0.8565
vn -0.2882 0.4629 0.8382
vn -0.2556 0.3563 0.8987
vn -0.6142 0.6551 0.4399
vn -0.5723 0.6614 0.4848
vn -0.6020 0.6573 0.4535
vn -0.6400 0.6497 0.4102
vn 0.0063 0.8592 0.5115
vn -0.0041 0.9178 0.3971
vn -0.0029 0.9122 0.4097
vn 0.0068 0.8557 0.5174
vn 0.4451 0.6655 0.5992
vn 0.4931 0.6569 0.5704
vn 0.4371 0.6667 0.6038
vn 0.3837 0.6732 0.6322
vn -0.1413 0.4465 0.8836
vn -0.5938 0.6962 0.4034
vn -0.0048 0.8375 0.5465
vn 0.0043 0.8874 0.4610
vn -0.0043 0.8405 0.5418
vn 0.0050 0.8906 0.4548
vn 0.4692 0.6619 0.5846
vn 0.6469 0.6130 0.4536
vn 0.4354 -0.8997 -0.0324
vn 0.5681 -0.8230 -0.0053
vn 0.5610 -0.8278 -0.0060
vn 0.3527 -0.9356 -0.0140
vn -0.0074 -0.9485 0.3166
vn 0.9778 -0.2095 0.0014
vn 0.9999 -0.0151 0.0041
vn 0.9938 -0.1114 0.0017
vn 0.3883 -0.0010 0.9216
vn 0.3886 -0.0010 0.9214
vn -0.2375 -0.0073 0.9714
vn -0.0004 -0.0155 -0.9999
vn 0.0020 -0.1466 -0.9892
vn -0.0113 -0.0261 -0.9996
vn 0.0937 -0.4591 -0.8834
vn 0.1959 -0.4796 -0.8554
vn 0.1543 -0.4719 -0.8681
vn 0.9784 -0.0072 0.2067
vn -0.2604 -0.4500 -0.8542
vn -0.2181 -0.5655 -0.7954
vn -0.2556 -0.4775 -0.8407
vn -0.4226 0.7035 0.5714
vn -0.4846 0.7238 0.4912
vn -0.0744 -0.2231 -0.9719
vn 0.3768 -0.4478 0.8108
vn 0.4345 -0.4392 0.7863
vn 0.4881 -0.4293 0.7599
vn -0.1095 -0.1203 -0.9867
vn -0.0112 -0.0124 -0.9999
vn 0.9280 -0.3727 -0.0043
vn 0.2248 -0.2136 -0.9507
vn -0.0073 -0.0028 1.0000
vn -0.9994 -0.0142 0.0324
vn -0.4007 0.6168 -0.6775
vn 0.4954 -0.0802 -0.8650
vn 0.5556 -0.2651 -0.7881
vn 0.5330 -0.0316 -0.8455
vn -0.0007 -0.0009 -1.0000
vn -0.5940 0.1696 0.7864
vn -0.5902 0.1572 0.7918
vn -0.5998 0.1008 0.7938
vn -0.8091 -0.0026 0.5876
vn 0.9998 0.0018 0.0205
vn 0.9898 0.0480 0.1344
vn 0.9997 0.0036 0.0249
vn -0.2972 -0.0026 -0.9548
vn -0.3816 -0.0243 -0.9240
vn -0.4273 -0.0363 -0.9034
vn 0.0035 -0.7578 0.6525
vn -0.6825 0.2317 0.6932
vn -0.9016 0.2850 0.3255
vn -0.9397 0.3111 0.1418
vn -0.9028 0.2857 0.3214
vn 0.7896 -0.4450 -0.4224
vn -0.5027 0.8641 -0.0249
vn 0.8003 -0.5720 0.1795
vn -0.9993 0.0020 -0.0366
vn -0.9351 -0.0008 0.3544
vn -0.9504 -0.0012 0.3110
vn -0.9666 -0.0018 0.2561
vn -0.8945 -0.0011 0.4471
vn -0.8403 -0.0000 0.5422
vn -0.8947 -0.0011 0.4467
vn -0.9669 -0.0018 0.2552
vn 0.3342 -0.7000 0.6311
vn 0.3560 -0.7113 0.6061
vn 0.4247 -0.7421 0.5187
vn -0.5458 0.0932 0.8327
vn 0.7318 -0.6815 0.0068
vn 0.6917 -0.7221 0.0095
vn -0.5680 -0.0001 -0.8230
vn -0.5663 -0.0000 -0.8242
vn -0.7471 -0.0797 -0.6599
vn -0.8397 -0.0000 0.5430
vn -0.5009 -0.4093 0.7626
vn -0.4264 -0.4887 0.7612
vn -0.4706 -0.4429 0.7631
vn 0.9790 0.0440 -0.1993
vn 0.9790 -0.0015 -0.2041
vn 0.9927 -0.0016 -0.1204
vn 0.4140 -0.0026 0.9103
vn -0.0030 -0.1483 0.9889
vn 0.0390 -0.0634 0.9972
vn -0.0141 -0.1703 0.9853
vn -0.6945 -0.5093 -0.5082
vn 0.2774 0.0036 -0.9608
vn 0.0248 0.6278 -0.7780
vn 0.0023 0.7587 -0.6514
vn 0.0019 0.8799 -0.4751
vn 0.0050 -0.2356 0.9718
vn 0.0086 -0.7493 0.6622
vn -0.0070 -0.2285 0.9735
vn 0.0007 0.9995 -0.0309
vn -0.8674 -0.4969 0.0263
vn 0.0112 -0.4271 0.9042
vn -0.0255 -0.8598 0.5100
vn 0.2159 -0.0026 0.9764
vn -0.4627 -0.5451 0.6991
vn -0.4450 -0.7190 0.5339
vn -0.6575 -0.7534 0.0088
vn -0.4838 -0.6389 -0.5981
vn 0.0015 -0.9976 0.0692
vn -0.0000 -0.9832 0.1827
vn 0.0015 -0.9977 0.0682
vn 0.0387 -0.1675 0.9851
vn 0.0624 -0.1759 0.9824
vn 0.0018 -0.1543 0.9880
vn 0.0046 -0.0512 0.9987
vn -0.0049 -0.1289 0.9916
vn -0.0858 -0.1776 0.9804
vn -0.0401 -0.1656 0.9854
vn -0.0000 -0.9829 0.1840
vn 0.5505 -0.5478 0.6300
vn 0.4221 -0.9047 0.0580
vn 0.6023 -0.7396 0.3006
vn 0.0226 -0.9201 0.3910
vn 0.6310 -0.0570 0.7737
vn 0.6188 -0.1565 0.7698
vn 0.6299 -0.0687 0.7736
vn 0.7051 -0.6735 0.2219
vn -0.0141 -0.6349 0.7725
vn -0.0020 -1.0000 -0.0049
vn -0.0731 -0.9973 -0.0105
vn -0.0198 -0.9998 -0.0040
vn -0.0171 -0.9658 0.2586
vn -0.8548 -0.4642 0.2321
vn -0.0003 -0.3971 0.9178
vn -0.0327 -0.7271 0.6858
vn 0.1444 -0.2553 -0.9560
vn 0.1266 -0.2722 -0.9539
vn 0.1937 -0.2072 -0.9589
vn -0.4728 -0.8723 -0.1246
vn -0.4099 -0.8926 -0.1875
vn -0.4683 -0.8741 -0.1293
vn -0.2997 -0.4833 -0.8226
vn -0.4613 -0.3255 -0.8254
vn 0.0018 -0.2977 -0.9547
vn 0.0016 -0.3029 -0.9530
vn -0.0028 -0.4636 -0.8860
vn 0.0035 -0.7761 0.6306
vn 0.0003 -0.7096 0.7046
vn 0.0036 -0.7776 0.6288
vn -0.0029 -0.4656 -0.8850
vn 0.0003 -0.7081 0.7061
vn 0.4754 -0.5918 0.6509
vn 0.4034 -0.8211 0.4037
vn 0.3383 -0.6567 -0.6740
vn 0.0281 -0.9418 0.3349
vn -0.0174 -0.4536 0.8910
vn 0.7745 -0.5696 0.2752
vn 0.0035 -0.9657 0.2597
vn -0.0141 -0.9756 0.2193
vn 0.0512 -0.9291 0.3662
vn 0.0630 -0.9179 0.3919
vn -0.1202 -0.9925 0.0218
vn -0.0976 -0.9952 0.0093
vn -0.0767 -0.9971 -0.0021
vn -0.1543 -0.9872 0.0405
vn -0.9101 -0.4108 0.0546
vn -0.0038 -0.9296 0.3684
vn -0.0228 -0.2869 0.9577
vn -0.0039 -0.5156 0.8568
vn -0.4371 -0.1746 0.8823
vn -0.4221 0.3415 -0.8398
vn 0.6509 0.7592 -0.0006
vn -0.0548 0.9451 -0.3221
vn -0.0978 0.9459 -0.3094
vn -0.1349 0.9450 -0.2979
vn 0.0010 -0.9979 0.0641
vn 0.0015 0.0167 0.9999
vn 0.0431 0.0685 0.9967
vn 0.0353 0.0589 0.9976
vn 0.9867 -0.1533 -0.0540
vn 0.9885 0.1496 0.0222
vn -0.9876 -0.1566 -0.0070
vn -0.9990 -0.0252 0.0376
vn -0.9903 -0.1387 -0.0008
vn 0.8695 0.3475 -0.3509
vn 0.9930 -0.0840 -0.0834
vn 0.9930 0.0975 0.0664
vn 0.9461 -0.0005 0.3238
vn 0.9466 -0.2388 0.2164
vn -0.9143 0.2530 -0.3164
vn -0.9355 0.0286 -0.3523
vn 0.9777 -0.0945 0.1873
vn -0.9970 -0.0661 -0.0413
vn 0.8087 -0.0012 0.5882
vn -0.7362 -0.6686 -0.1047
vn -0.7501 -0.6609 -0.0244
vn -0.6764 -0.7361 0.0240
vn -0.7563 -0.6537 -0.0269
vn -0.7276 -0.6677 -0.1571
vn 0.7434 -0.0612 -0.6661
vn 0.2951 0.5153 0.8046
vn 0.3529 0.5620 0.7480
vn 0.2551 0.6329 0.7309
vn 0.1877 0.5470 0.8158
vn -0.0090 -0.9988 -0.0472
vn 0.0012 -0.9448 0.3275
vn 0.5142 0.0001 0.8577
vn 0.8637 0.2377 0.4444
vn 0.8269 0.2839 0.4854
vn 0.0069 -0.9994 -0.0327
vn -0.0154 0.0054 -0.9999
vn -0.5137 -0.8580 -0.0002
vn -0.5204 -0.8539 0.0008
vn -0.4217 -0.9067 -0.0126
vn -0.3184 -0.9479 -0.0094
vn -0.3245 -0.9458 -0.0096
vn -0.2266 -0.0046 0.9740
vn -0.1216 -0.0695 0.9901
vn -0.1843 -0.0310 0.9824
vn 0.0002 1.0000 -0.0009
vn -0.8574 -0.3950 -0.3299
vn -0.8851 -0.2950 -0.3601
vn -0.8906 -0.2522 -0.3783
vn 0.3949 -0.9181 0.0344
vn 0.3345 -0.9417 0.0370
vn 0.3419 -0.9396 0.0136
vn 0.4666 -0.8844 0.0052
vn 0.2114 -0.9774 0.0090
vn -0.0497 0.7668 0.6400
vn 0.9999 -0.0072 -0.0121
vn 0.9998 -0.0069 -0.0207
vn 0.9957 -0.0043 -0.0928
vn -0.9025 -0.1336 -0.4095
vn -0.9079 -0.1342 -0.3972
vn -0.8725 -0.1297 -0.4711
vn 0.8361 -0.3116 0.4515
vn 0.7237 -0.6900 -0.0166
vn 0.7244 -0.6891 -0.0182
vn 0.6975 -0.7158 0.0345
vn 0.7432 -0.6665 -0.0588
vn -0.9582 -0.2844 0.0295
vn -0.9395 -0.3424 0.0039
vn -0.9560 -0.2933 0.0036
vn -0.8198 -0.5725 0.0085
vn -0.7552 -0.6552 0.0212
vn -0.7883 -0.6153 -0.0044
vn -0.7693 -0.6367 0.0524
vn -0.3548 0.0014 0.9349
vn -0.0000 -0.7367 0.6762
vn 0.8310 -0.5548 -0.0403
vn 0.8719 0.4897 0.0015
vn -0.9499 -0.3123 -0.0139
vn -0.5388 -0.8424 -0.0133
vn -0.5328 -0.8462 -0.0138
vn -0.6523 -0.7579 -0.0034
vn -0.6500 -0.7599 -0.0036
vn 0.9479 -0.3185 -0.0019
vn 0.9260 -0.3766 -0.0249
vn 0.4733 -0.8807 0.0208
vn 0.5484 -0.8359 0.0220
vn 0.5443 -0.8386 0.0220
vn -0.3961 -0.9182 0.0017
vn -0.3348 -0.9423 -0.0063
vn -0.2615 -0.9652 -0.0039
vn -0.9985 0.0540 0.0075
vn -0.9998 0.0201 0.0078
vn -0.9947 0.1030 0.0071
vn -0.8869 0.0846 -0.4542
vn -0.8141 0.1866 -0.5499
vn -0.8697 0.1132 -0.4804
vn -0.3982 0.4404 0.8047
vn -0.3609 0.3321 0.8715
vn 0.2458 0.9674 -0.0616
vn 0.7128 0.7008 0.0268
vn -0.3467 0.9366 0.0509
vn -0.6283 0.7766 -0.0448
vn 0.5738 0.2728 -0.7722
vn -0.3219 0.2330 -0.9177
vn -0.3851 0.2749 -0.8810
vn 0.3916 -0.7097 0.5856
vn -0.0008 -0.2955 -0.9554
vn 0.8949 -0.4459 0.0198
vn 0.8888 -0.4580 0.0188
vn 0.8568 -0.5148 0.0288
vn 0.0500 -0.4348 0.8992
vn -0.8918 0.1420 0.4296
vn -0.8467 0.1041 0.5218
vn -0.0086 -0.0001 -1.0000
vn 0.1667 -0.9850 0.0446
vn 0.4327 -0.9015 -0.0029
vn -0.8024 0.2551 -0.5394
vn -0.1197 -0.0024 -0.9928
vn -0.0167 0.0030 -0.9999
vn -0.0066 0.0035 -1.0000
vn 0.6494 -0.6886 0.3227
vn -0.0005 0.9999 0.0124
vn 0.0002 1.0000 -0.0016
vn -0.0050 0.9942 0.1071
vn -0.9875 -0.1573 0.0069
vn -0.9864 -0.1450 -0.0771
vn -0.9879 -0.1550 -0.0091
vn -0.7222 0.3607 -0.5901
vn -0.6414 0.3984 -0.6556
vn -0.5546 0.8317 -0.0262
vn -0.6180 0.7861 -0.0049
vn -0.5438 0.8387 -0.0297
vn -0.6330 0.7741 0.0004
vn 0.8711 -0.0034 0.4910
vn -0.5314 0.8471 -0.0076
vn -0.4826 0.8756 -0.0203
vn -0.5414 0.8407 -0.0049
vn -0.4675 0.8837 -0.0242
vn 0.6234 0.7819 -0.0039
vn 0.6465 0.7629 -0.0106
vn 0.7402 0.6687 -0.0705
vn 0.7305 0.6762 -0.0955
vn 0.1166 -0.6122 -0.7821
vn 0.0682 -0.6680 -0.7410
vn 0.1411 -0.5819 -0.8009
vn -0.2890 -0.6404 -0.7116
vn -0.2616 -0.5133 -0.8174
vn -0.2462 -0.5497 -0.7983
vn -0.2956 -0.6461 -0.7037
vn 0.0273 -0.5454 -0.8378
vn -0.0496 -0.5421 -0.8389
vn 0.0163 -0.5602 -0.8282
vn -0.1594 -0.9042 -0.3963
vn -0.1530 -0.8398 -0.5209
vn -0.1583 -0.8921 -0.4232
vn 0.0454 -0.6360 -0.7704
vn 0.0731 -0.9972 -0.0144
vn 0.0368 -0.6505 -0.7586
vn -0.5256 -0.6091 -0.5939
vn -0.1679 -0.3559 -0.9193
vn -0.1508 -0.4144 -0.8975
vn -0.0711 -0.3625 -0.9293
vn -0.1670 -0.3473 -0.9228
vn -0.0497 -0.4453 -0.8940
vn -0.0494 -0.4630 -0.8850
vn 0.0498 -0.6879 -0.7241
vn -0.0083 -0.1109 -0.9938
vn 0.0090 -0.0444 -0.9990
vn 0.0290 -0.0486 -0.9984
vn -0.0116 -0.0297 -0.9995
vn 0.1603 -0.3850 -0.9089
vn 0.1532 -0.2523 -0.9555
vn 0.1612 -0.4082 -0.8985
vn -0.0085 -0.0315 -0.9995
vn -0.1334 -0.1423 -0.9808
vn -0.0044 -0.0279 -0.9996
vn -0.2883 -0.4780 -0.8297
vn -0.1287 -0.5184 -0.8454
vn -0.1109 -0.5025 -0.8574
vn -0.6405 0.7569 0.1298
vn -0.6802 0.6977 0.2246
vn -0.1024 -0.9200 -0.3784
vn -0.0608 -0.9550 -0.2903
vn -0.0900 -0.9315 -0.3523
vn -0.0525 -0.9607 -0.2726
vn -0.0002 -0.7788 -0.6272
vn -0.0231 -0.7396 -0.6727
vn -0.0245 -0.7322 -0.6807
vn -0.0090 -0.3819 0.9242
vn -0.0133 -0.3830 0.9236
vn 0.0429 -0.7068 -0.7061
vn 0.0539 -0.6851 -0.7265
vn 0.3623 -0.8948 -0.2609
vn 0.4031 -0.8486 -0.3426
vn 0.3416 -0.9134 -0.2213
vn 0.6244 -0.0006 -0.7811
vn 0.6122 -0.6161 -0.4955
vn 0.6115 -0.6331 -0.4746
vn 0.6060 -0.6842 -0.4058
vn -0.4103 -0.3961 -0.8214
vn -0.4188 -0.3836 -0.8231
vn -0.4405 -0.3505 -0.8265
vn -0.3953 -0.8381 -0.3760
vn -0.3532 -0.7642 -0.5396
vn -0.9521 -0.2031 0.2287
vn -0.3105 -0.9306 -0.1940
vn -0.1635 -0.5872 -0.7927
vn -0.0228 -0.9186 -0.3945
vn -0.0724 -0.9090 -0.4104
vn -0.0896 -0.8927 -0.4418
vn 0.0021 -0.9473 -0.3204
vn -0.0424 -0.7346 -0.6772
vn 0.0497 -0.9028 -0.4272
vn 0.1858 -0.9637 -0.1916
vn 0.2139 -0.9485 -0.2336
vn 0.2682 -0.9103 -0.3152
vn -0.0174 -0.9727 -0.2312
vn 0.0787 -0.2513 -0.9647
vn 0.1220 -0.4728 -0.8727
vn 0.3163 -0.5947 -0.7391
vn 0.1283 -0.4826 -0.8664
vn 0.2367 -0.5975 -0.7661
vn 0.9650 -0.0010 0.2623
vn 0.1760 -0.7186 -0.6728
vn 0.2617 -0.7236 -0.6387
vn 0.2309 -0.7225 -0.6517
vn 0.6954 -0.4489 -0.5612
vn 0.3165 -0.7235 -0.6134
vn 0.1520 -0.2344 -0.9602
vn 0.4760 -0.6531 -0.5889
vn -0.4592 -0.3114 -0.8319
vn -0.3877 -0.3060 -0.8695
vn -0.4753 -0.3124 -0.8225
vn -0.3744 -0.3048 -0.8758
vn -0.6190 -0.7526 -0.2246
vn -0.5672 -0.7602 -0.3170
vn -0.5823 -0.7589 -0.2916
vn -0.6275 -0.7504 -0.2077
vn -0.4710 -0.6727 -0.5707
vn -0.4640 -0.5875 -0.6629
vn -0.4619 -0.5705 -0.6791
vn -0.6274 -0.5651 -0.5357
vn -0.6264 -0.5957 -0.5029
vn -0.6236 -0.4741 -0.6216
vn -0.4716 -0.6933 -0.5449
vn 0.4177 -0.8285 -0.3731
vn 0.5363 -0.8336 -0.1326
vn 0.3732 -0.7221 -0.5825
vn 0.3893 -0.6390 -0.6634
vn 0.3692 -0.7149 -0.5938
vn 0.3666 -0.6224 -0.6915
vn 0.0048 -0.7259 -0.6878
vn 0.8422 -0.3209 -0.4333
vn 0.8032 -0.4609 -0.3774
vn 0.7683 -0.4814 -0.4218
vn -0.3896 -0.4257 -0.8167
vn -0.4169 -0.4645 -0.7813
vn -0.3735 -0.4667 -0.8017
vn -0.2977 -0.4680 -0.8321
vn -0.8525 -0.5224 0.0162
vn -0.8537 -0.5205 0.0159
vn -0.2556 -0.4674 -0.8463
vn -0.5466 -0.8292 -0.1169
vn -0.3905 -0.5896 -0.7070
vn 0.3681 -0.5071 -0.7793
vn 0.4920 -0.8360 -0.2432
vn 0.4749 -0.8395 -0.2641
vn 0.5403 -0.8068 -0.2391
vn 0.5858 -0.7620 -0.2760
vn 0.4427 -0.6222 -0.6457
vn 0.3682 -0.4857 -0.7928
vn 0.6068 -0.7323 -0.3091
vn 0.5597 -0.7035 -0.4380
vn -0.3451 -0.0970 -0.9335
vn -0.0021 -0.9988 0.0488
vn -0.5089 -0.2201 -0.8322
vn -0.6198 -0.4396 -0.6500
vn -0.7623 -0.4066 -0.5036
vn -0.7681 -0.4179 -0.4852
vn -0.7321 -0.3546 -0.5817
vn -0.4493 -0.2098 -0.8684
vn -0.3696 -0.2738 -0.8879
vn -0.4158 -0.2375 -0.8779
vn -0.7690 -0.5808 -0.2670
vn -0.7095 -0.5920 -0.3824
vn -0.7227 -0.5905 -0.3592
vn -0.7845 -0.5755 -0.2312
vn 0.5131 -0.5031 -0.6954
vn 0.4817 -0.3101 -0.8196
vn 0.5165 -0.5081 -0.6892
vn 0.4682 -0.3818 -0.7969
vn 0.6698 -0.6620 -0.3363
vn 0.6997 -0.6628 -0.2666
vn 0.6755 -0.6625 -0.3237
vn 0.7071 -0.6624 -0.2476
vn 0.8470 -0.4995 -0.1819
vn 0.5727 -0.4576 -0.6801
vn -0.3933 -0.1439 -0.9081
vn -0.4959 -0.1329 -0.8581
vn -0.3767 -0.1454 -0.9149
vn -0.2646 0.0229 -0.9641
vn -0.5130 -0.1308 -0.8484
vn -0.9790 0.1714 -0.1100
vn -0.9954 0.0155 -0.0941
vn -0.9952 -0.0746 -0.0638
vn -0.7016 -0.4536 -0.5496
vn -0.7096 -0.4658 -0.5287
vn -0.6802 -0.4227 -0.5989
vn -0.6750 -0.4154 -0.6098
vn -0.5046 -0.5528 -0.6632
vn -0.6292 -0.6205 -0.4681
vn -0.6651 -0.6716 -0.3266
vn -0.6500 -0.6493 -0.3948
vn 0.5374 -0.3561 -0.7645
vn 0.5685 -0.2441 -0.7856
vn 0.7474 -0.6535 -0.1199
vn 0.4560 -0.4261 -0.7813
vn 0.7717 -0.5114 -0.3782
vn 0.1281 -0.0825 -0.9883
vn 0.0582 -0.0181 -0.9981
vn -0.8755 -0.3485 -0.3348
vn -0.8867 -0.3767 -0.2682
vn -0.8782 -0.3547 -0.3208
vn -0.8886 -0.3829 -0.2528
vn -0.7242 -0.3423 -0.5986
vn 0.5429 -0.2432 -0.8038
vn 0.5114 -0.1534 -0.8455
vn -0.0001 1.0000 -0.0004
vn -0.1276 0.9918 -0.0008
vn -0.1676 0.9858 -0.0111
vn 0.8025 -0.2702 -0.5320
vn 0.6509 -0.3220 -0.6875
vn 0.6154 -0.2433 -0.7497
vn 0.6311 -0.2766 -0.7247
vn 0.6003 -0.0696 -0.7967
vn 0.5883 -0.0585 -0.8065
vn 0.5288 -0.0060 -0.8487
vn -0.4149 -0.2243 -0.8818
vn -0.8270 -0.4708 -0.3074
vn -0.7376 -0.1797 -0.6509
vn 0.9446 -0.1319 -0.3006
vn 0.9018 -0.2362 -0.3620
vn 0.8837 -0.2508 -0.3953
vn 0.9177 -0.3728 -0.1376
vn 0.9976 -0.0184 0.0664
vn 0.7959 -0.4727 -0.3782
vn -0.1884 0.9461 0.2635
vn -0.2047 0.9465 0.2494
vn -0.7869 -0.1125 -0.6067
vn 0.5809 -0.1057 -0.8071
vn 0.5799 -0.1534 -0.8001
vn 0.5787 -0.1815 -0.7951
vn 0.5751 -0.2332 -0.7841
vn -0.0020 -0.6987 0.7154
vn -0.7662 -0.0950 -0.6356
vn -0.6589 -0.0129 -0.7521
vn -0.9677 -0.1439 -0.2068
vn -0.8459 -0.1892 -0.4986
vn -0.8641 -0.1789 -0.4704
vn 0.5533 -0.0766 -0.8295
vn 0.5488 -0.0338 -0.8353
vn 0.9438 -0.1905 -0.2700
vn 0.6609 -0.3468 -0.6656
vn 0.9359 -0.0861 -0.3415
vn 0.8944 -0.0284 -0.4464
vn 0.9424 -0.1324 -0.3071
vn 0.6952 -0.2064 -0.6885
vn -0.6261 -0.2967 -0.7211
vn -0.6376 -0.1915 -0.7462
vn 0.7783 0.2007 0.5950
vn 0.8476 0.1643 0.5045
vn 0.8541 0.1605 0.4948
vn 0.9519 -0.0558 -0.3014
vn 0.7432 -0.0214 -0.6687
vn 0.8544 -0.0087 -0.5196
vn 0.7510 -0.0207 -0.6600
vn -0.6040 -0.1859 -0.7750
vn 0.4472 0.2371 -0.8624
vn 0.4483 0.2613 -0.8549
vn 0.5974 0.2302 -0.7682
vn -0.9510 -0.0122 -0.3089
vn -0.7621 -0.1256 -0.6352
vn -0.0064 -0.1880 0.9821
vn -0.0040 0.0009 1.0000
vn -0.0111 -0.1997 0.9798
vn -0.0002 -0.1747 0.9846
vn -0.0197 -0.8520 -0.5231
vn -0.0171 -0.3161 -0.9486
vn -0.0084 -0.2724 -0.9621
vn -0.2735 -0.6584 -0.7012
vn -0.2009 -0.7134 -0.6713
vn -0.2275 -0.6942 -0.6829
vn 0.0170 -0.8983 0.4390
vn 0.5586 -0.0035 -0.8295
vn 0.6277 0.0017 -0.7784
vn -0.3593 0.1139 0.9263
vn -0.4645 0.1538 0.8721
vn -0.4879 0.1511 0.8597
vn -0.4821 0.1488 0.8634
vn -0.4651 0.0539 0.8836
vn -0.4722 0.0908 0.8768
vn 0.8676 -0.0069 -0.4973
vn 0.6360 0.0013 -0.7717
vn 0.6294 0.0018 -0.7770
vn 0.8361 -0.0034 -0.5486
vn -0.4643 -0.0060 -0.8857
vn 0.5884 -0.0020 -0.8085
vn -0.2618 0.2651 0.9280
vn -0.9999 -0.0033 0.0126
vn -0.9999 -0.0030 0.0158
vn -0.9967 -0.0394 0.0710
vn -0.1812 -0.4373 -0.8809
vn -0.2141 -0.3963 -0.8928
vn -0.1749 -0.4449 -0.8783
vn 0.3671 -0.6562 0.6593
vn 0.3667 -0.6678 0.6478
vn 0.3703 -0.7565 0.5390
vn 0.3704 -0.7573 0.5378
vn -0.1589 -0.9527 -0.2592
vn -0.1214 -0.4315 -0.8939
vn -0.0284 -0.5104 -0.8595
vn -0.0798 -0.4817 -0.8727
vn -0.5508 -0.7945 -0.2558
vn -0.8159 -0.4365 -0.3792
vn -0.8217 -0.3973 -0.4088
vn -0.8082 -0.3406 -0.4803
vn -0.6890 0.2329 0.6863
vn -0.8066 -0.3080 -0.5045
vn -0.0083 -0.8808 -0.4734
vn -0.7754 -0.2841 -0.5640
vn -0.0964 -0.4977 -0.8620
vn -0.0834 -0.4761 -0.8754
vn -0.0681 -0.4504 -0.8902
vn -0.0514 -0.4218 -0.9052
vn -0.6448 -0.2737 -0.7137
vn 0.5432 -0.3851 -0.7461
vn 0.7523 -0.1108 -0.6494
vn 0.5930 -0.7653 -0.2504
vn 0.0081 -0.9999 -0.0095
vn 0.8467 -0.2747 -0.4557
vn 0.0904 -0.6554 -0.7499
vn 0.1200 -0.6933 -0.7106
vn 0.0621 -0.6174 -0.7842
vn 0.0251 -0.5649 -0.8248
vn 0.5463 -0.4359 -0.7152
vn 0.4723 -0.5156 -0.7149
vn 0.5231 -0.4623 -0.7160
vn 0.7723 0.1985 0.6035
vn 0.5779 -0.3979 -0.7125
vn 0.0062 -1.0000 0.0010
vn 0.0006 -0.7827 -0.6224
vn -0.0003 0.7983 -0.6022
vn 0.6896 0.7192 -0.0853
vn -0.5225 -0.8497 -0.0711
vn -0.8923 -0.3736 -0.2534
vn -0.9131 -0.3260 -0.2449
vn -0.9261 -0.2922 -0.2386
vn -0.8714 -0.4157 -0.2605
vn -0.1722 -0.4790 -0.8608
vn -0.1810 -0.4424 -0.8784
vn -0.0859 -0.5682 -0.8184
vn -0.2682 -0.4021 -0.8754
vn -0.0552 -0.6174 -0.7847
vn 0.4909 -0.4879 -0.7217
vn 0.8937 -0.4031 -0.1969
vn 0.0281 -0.9989 -0.0381
vn 0.1339 -0.9768 -0.1671
vn 0.0755 -0.9925 -0.0959
vn 0.9298 -0.1948 -0.3123
vn 0.9441 -0.0874 -0.3178
vn 0.9464 -0.0527 -0.3188
vn 0.0551 -0.8999 -0.4325
vn 0.5592 -0.2246 -0.7980
vn -0.9998 -0.0140 0.0103
vn 0.4383 -0.6814 -0.5861
vn 0.7289 -0.2400 -0.6411
vn 0.6656 -0.3311 -0.6689
vn 0.6914 -0.2850 -0.6639
vn 0.7527 -0.2946 -0.5888
vn 0.2779 -0.9393 -0.2012
vn -0.9400 -0.3411 -0.0073
vn -0.6458 -0.7635 0.0053
vn 0.9137 0.0985 -0.3943
vn 0.9380 0.1351 -0.3194
vn 0.8923 0.0720 -0.4457
vn 0.8666 0.0444 -0.4971
vn -0.4040 0.8715 -0.2779
vn 0.5196 -0.7862 -0.3346
vn 0.3748 -0.5668 -0.7337
vn 0.3602 -0.5427 -0.7588
vn 0.3933 -0.5973 -0.6990
vn 0.2775 -0.7868 -0.5514
vn 0.3021 -0.7498 -0.5887
vn 0.2536 -0.7545 -0.6053
vn 0.3344 -0.7646 -0.5510
vn 0.7669 -0.5966 -0.2365
vn 0.2199 -0.8257 -0.5195
vn -0.5822 -0.7627 -0.2818
vn -0.1631 -0.6719 -0.7224
vn -0.2950 -0.7662 -0.5708
vn -0.0965 0.6358 0.7658
vn -0.0947 0.7177 0.6898
vn 0.7813 -0.5814 -0.2270
vn 0.8978 0.2207 -0.3812
vn 0.9435 0.0497 -0.3276
vn 0.9341 0.1031 -0.3417
vn 0.3353 -0.5018 -0.7974
vn -0.6601 -0.2902 0.6929
vn -0.8772 -0.0114 -0.4801
vn -0.8431 0.0352 -0.5366
vn -0.8587 0.0148 -0.5123
vn -0.2940 0.3291 -0.8973
vn -0.6046 -0.1192 -0.7875
vn -0.3462 0.0469 -0.9370
vn -0.7367 -0.4851 0.4711
vn -0.8065 -0.0884 -0.5846
vn -0.8382 0.0307 -0.5445
vn -0.8475 -0.0280 -0.5300
vn 0.0049 -0.2953 -0.9554
vn 0.9384 -0.0436 -0.3428
vn 0.9331 -0.0866 -0.3490
vn 0.9269 -0.1248 -0.3540
vn 0.5366 0.6661 -0.5181
vn 0.7204 -0.3146 -0.6181
vn 0.4967 0.5324 -0.6854
vn 0.0957 -0.0656 -0.9932
vn 0.0548 -0.1005 -0.9934
vn -0.0579 -0.1552 -0.9862
vn -0.1169 -0.1617 -0.9799
vn -0.0022 -0.1485 -0.9889
vn -0.0515 0.3022 -0.9519
vn 0.4410 -0.6540 0.6146
vn -0.1558 -0.1657 -0.9738
vn 0.3510 -0.9363 -0.0111
vn 0.2268 0.0219 -0.9737
vn -0.0027 0.1079 -0.9942
vn 0.6090 -0.3657 0.7038
vn 0.5953 -0.2721 0.7560
vn 0.5995 -0.2962 0.7436
vn 0.1078 -0.2391 -0.9650
vn 0.1493 -0.2695 -0.9514
vn 0.0357 -0.1854 -0.9820
vn -0.0259 -0.6234 -0.7815
vn -0.1622 0.2947 -0.9417
vn 0.0037 -0.1611 -0.9869
vn 0.0520 -0.0522 -0.9973
vn 0.0163 -0.1329 -0.9910
vn 0.0006 0.5784 -0.8158
vn 0.0015 0.4743 -0.8804
vn 0.0005 0.5844 -0.8114
vn 0.0074 0.1759 -0.9844
vn 0.1568 -0.2158 -0.9638
vn -0.3404 -0.1209 -0.9325
vn -0.0346 -0.4064 -0.9130
vn -0.0086 -0.0392 -0.9992
vn -0.0578 -0.1186 -0.9913
vn -0.0465 -0.0925 -0.9946
vn 0.0276 -0.1022 -0.9944
vn 0.0393 -0.1459 -0.9885
vn 0.2750 0.5683 -0.7755
vn -0.1930 0.0345 -0.9806
vn -0.0797 -0.2136 -0.9737
vn -0.0087 -0.2067 -0.9784
vn -0.0201 -0.1220 -0.9923
vn -0.0000 -0.7287 -0.6848
vn -0.9983 0.0588 0.0031
vn 0.0258 -0.3418 -0.9394
vn 0.0178 -0.3091 -0.9509
vn 0.0231 -0.4659 -0.8845
vn 0.0230 -0.4640 -0.8855
vn -0.0069 0.1997 -0.9798
vn -0.1660 0.0037 -0.9861
vn 0.1466 -0.2241 -0.9635
vn 0.1339 -0.2368 -0.9623
vn 0.0901 -0.2801 -0.9557
vn -0.1286 -0.2439 -0.9612
vn -0.0747 -0.1342 -0.9881
vn -0.0539 -0.0935 -0.9942
vn -0.0056 -0.0404 -0.9992
vn 0.1891 -0.1802 -0.9653
vn 0.0484 -0.0965 -0.9942
vn 0.0593 -0.1260 -0.9903
vn 0.5997 0.5275 -0.6017
vn 0.5933 0.5333 -0.6030
vn 0.6208 0.6074 -0.4956
vn 0.7104 0.5333 -0.4593
vn 0.7193 0.5251 -0.4549
vn 0.0074 0.2492 -0.9684
vn -0.0045 0.4387 -0.8986
vn -0.0017 0.3950 -0.9187
vn 0.0021 0.5699 -0.8217
vn -0.0097 0.5100 -0.8601
vn -0.0096 0.5082 -0.8612
vn -0.0177 0.1876 -0.9821
vn -0.1422 -0.2493 -0.9579
vn -0.1423 -0.2492 -0.9579
vn -0.1928 -0.1832 -0.9640
vn -0.0792 -0.3276 -0.9415
vn -0.0175 0.5959 -0.8029
vn -0.2602 -0.4823 -0.8365
vn -0.2096 -0.5198 -0.8282
vn -0.1856 -0.4375 -0.8798
vn -0.1759 -0.5423 -0.8216
vn 0.3556 -0.3137 -0.8804
vn -0.2347 -0.9718 -0.0218
vn 0.2449 0.8407 -0.4830
vn 0.1624 0.5542 -0.8164
vn -0.1133 -0.2259 -0.9675
vn -0.0318 -0.1818 -0.9828
vn -0.1692 -0.2553 -0.9519
vn 0.0494 -0.1789 -0.9826
vn 0.0015 0.1079 -0.9942
vn 0.1753 -0.6182 -0.7662
vn 0.1572 -0.4816 -0.8622
vn 0.1766 -0.6284 -0.7576
vn -0.0065 -0.1545 -0.9880
vn 0.3710 0.3609 -0.8556
vn 0.0124 0.1241 -0.9922
vn -0.2235 -0.1851 -0.9570
vn 0.0077 0.4989 -0.8667
vn 0.0071 0.4941 -0.8694
vn 0.0033 0.5711 -0.8209
vn -0.0123 0.3435 -0.9391
vn -0.3105 0.4486 -0.8380
vn 0.1799 -0.1731 -0.9683
vn 0.0439 -0.1381 -0.9894
vn 0.1063 -0.1545 -0.9823
vn -0.0159 -0.1219 -0.9924
vn 0.1142 -0.0922 -0.9892
vn -0.2292 -0.2801 -0.9322
vn -0.0183 0.0639 -0.9978
vn 0.7868 0.5210 -0.3309
vn -0.1678 0.1025 -0.9805
vn -0.2175 0.1440 -0.9654
vn -0.1675 0.0420 -0.9850
vn -0.0902 0.2031 -0.9750
vn -0.0682 -0.1818 -0.9810
vn -0.0089 -0.1593 -0.9872
vn 0.5492 -0.7446 -0.3794
vn 0.5183 -0.7697 -0.3727
vn 0.0996 -0.4928 -0.8645
vn -0.1470 0.5189 -0.8421
vn -0.0125 -0.1708 -0.9852
vn 0.1190 0.3101 -0.9432
vn -0.6689 -0.7433 -0.0035
vn 0.1528 -0.2892 -0.9450
vn 0.1198 -0.3320 -0.9356
vn 0.0753 -0.3874 -0.9188
vn 0.0706 0.2903 -0.9543
vn 0.0480 0.3319 -0.9421
vn 0.0968 0.2408 -0.9657
vn -0.1447 0.0077 -0.9894
vn -0.1431 0.1101 -0.9836
vn -0.1431 0.1071 -0.9839
vn -0.1301 0.0941 -0.9870
vn -0.1069 -0.3296 -0.9380
vn 0.1317 -0.3146 -0.9400
vn 0.8413 0.0020 0.5406
vn 0.1582 0.1691 -0.9728
vn 0.0251 0.1867 -0.9821
vn -0.0644 0.2011 -0.9774
vn -0.1501 0.1643 -0.9749
vn 0.0018 0.6027 -0.7980
vn -0.0019 0.4757 -0.8796
vn -0.0016 0.4724 -0.8814
vn -0.0172 0.1809 -0.9833
vn -0.3001 -0.3696 -0.8794
vn 0.8362 -0.0004 -0.5485
vn 0.8164 -0.1018 -0.5684
vn 0.8259 -0.0590 -0.5607
vn -0.0368 -0.2052 -0.9780
vn -0.0230 -0.1681 -0.9855
vn -0.0056 -0.1449 -0.9894
vn -0.0491 -0.1730 -0.9837
vn 0.2464 0.0235 -0.9689
vn 0.0616 0.1903 -0.9798
vn 0.0350 0.1568 -0.9870
vn 0.0224 0.1409 -0.9898
vn -0.0119 0.5943 -0.8041
vn -0.0336 -0.1889 -0.9814
vn -0.1216 -0.1641 -0.9789
vn -0.0109 0.0249 -0.9996
vn -0.1423 -0.5239 -0.8398
vn 0.2513 -0.9673 0.0350
vn 0.1947 -0.9799 0.0438
vn 0.2415 -0.9697 0.0365
vn 0.2636 -0.9641 0.0329
vn 0.2376 -0.2922 -0.9264
vn 0.0092 -0.4429 0.8965
vn 0.0012 -0.3986 0.9171
vn -0.0050 -0.3639 0.9314
vn -0.0185 -0.1797 -0.9835
vn -0.6302 0.7013 -0.3331
vn -0.7765 -0.1118 -0.6202
vn -0.1794 0.6143 -0.7684
vn -0.4584 0.5885 -0.6660
vn -0.2953 -0.1836 -0.9376
vn 0.5881 0.7452 -0.3144
vn 0.3285 0.8127 -0.4813
vn 0.8083 0.3888 -0.4420
vn 0.0109 0.0020 0.9999
vn -0.4025 0.8069 -0.4324
vn -0.4341 0.7483 -0.5017
vn -0.4248 0.8315 -0.3581
vn -0.4210 0.7374 -0.5281
vn -0.4829 0.6533 -0.5831
vn -0.9674 0.2500 -0.0405
vn -0.9667 0.2536 -0.0336
vn -0.9709 0.2077 -0.1193
vn 0.4424 -0.8543 -0.2729
vn 0.4953 -0.8353 -0.2385
vn 0.3628 -0.8751 -0.3203
vn 0.3233 -0.8823 -0.3421
vn 0.7730 -0.5179 -0.3664
vn 0.0017 0.0022 1.0000
vn -0.0138 0.1098 0.9939
vn -0.0200 0.0829 0.9964
vn -0.6097 0.7388 -0.2871
vn -0.6610 0.7259 -0.1898
vn -0.0339 -0.0011 -0.9994
vn -0.2320 -0.8462 -0.4796
vn -0.6046 -0.6018 -0.5218
vn -0.8469 -0.4164 -0.3307
vn -0.8933 0.0076 -0.4494
vn 0.3578 -0.4816 -0.8000
vn 0.6247 -0.2266 -0.7472
vn 0.0151 -0.6607 0.7505
vn -0.3411 -0.9398 -0.0180
vn -0.2490 -0.9684 -0.0131
vn -0.2647 -0.9642 -0.0140
vn 0.9838 -0.1663 0.0667
vn 0.9831 -0.1828 -0.0009
vn 0.9792 -0.1946 -0.0573
vn 0.9640 -0.2520 -0.0852
vn 0.9954 -0.0951 -0.0134
vn 0.9860 -0.1665 0.0030
vn 0.9822 -0.1572 0.1024
vn 0.0005 -0.4705 -0.8824
vn -0.4363 -0.5388 -0.7207
vn 0.8183 0.1806 -0.5457
vn 0.8222 0.1788 -0.5404
vn 0.7805 0.1969 -0.5933
vn -0.8284 -0.3564 -0.4322
vn -0.8280 -0.3542 -0.4347
vn -0.8103 -0.2829 -0.5132
vn -0.0535 -0.6450 -0.7623
vn -0.8358 -0.4171 -0.3570
vn -0.0021 -0.0020 -1.0000
vn -0.0097 -0.0082 -0.9999
vn 0.6025 -0.2274 -0.7650
vn -0.5230 -0.6847 -0.5076
vn -0.2501 -0.4325 -0.8663
vn -0.1157 -0.2029 -0.9723
vn -0.2344 -0.8434 -0.4834
vn -0.3028 -0.3931 -0.8682
vn -0.2754 -0.8152 -0.5096
vn -0.0569 -0.6299 -0.7746
vn -0.0475 -0.1409 -0.9889
vn -0.8800 -0.0012 0.4749
vn -0.8419 -0.0013 0.5396
vn -0.8795 -0.0012 0.4759
vn -0.6486 -0.2134 -0.7306
vn 0.2903 -0.7957 -0.5316
vn -0.2074 -0.8295 -0.5185
vn -0.6547 0.7559 -0.0001
vn 0.2067 -0.8078 -0.5521
vn 0.0341 -0.6654 -0.7457
vn 0.0397 -0.1206 -0.9919
vn 0.4405 -0.5731 -0.6910
vn 0.3534 -0.6961 -0.6249
vn 0.2994 -0.4644 -0.8335
vn 0.0040 -0.0067 -1.0000
vn -0.3265 0.1534 -0.9327
vn -0.2739 0.0857 -0.9579
vn -0.2849 0.0997 -0.9534
vn -0.1154 -0.1838 -0.9762
vn -0.0529 -0.0511 -0.9973
vn -0.1129 -0.1595 -0.9807
vn -0.2890 -0.7543 -0.5895
vn -0.3501 -0.8023 -0.4834
vn -0.2744 -0.7416 -0.6122
vn -0.3604 -0.8095 -0.4635
vn -0.3750 -0.5531 -0.7440
vn -0.2133 -0.8679 -0.4486
vn -0.0018 -0.0003 1.0000
vn 0.0070 -0.0049 1.0000
vn 0.0385 -0.0215 0.9990
vn 0.0078 -0.0054 1.0000
vn -0.0441 -0.7043 -0.7086
vn -0.0519 -0.1817 -0.9820
vn -0.1947 -0.5888 -0.7845
vn -0.5296 -0.5346 -0.6586
vn 0.4629 -0.8862 -0.0184
vn 0.3165 -0.7963 -0.5155
vn -0.1859 -0.8290 -0.5275
vn 0.0317 -0.6253 -0.7798
vn 0.1287 -0.8437 -0.5212
vn 0.1906 -0.6651 -0.7221
vn 0.2295 -0.6979 -0.6784
vn 0.2860 -0.7091 -0.6445
vn 0.2078 -0.5586 -0.8030
vn 0.1821 -0.6103 -0.7710
vn 0.4569 -0.4100 -0.7894
vn 0.4382 -0.4852 -0.7567
vn 0.4237 -0.5344 -0.7313
vn 0.1682 -0.2720 -0.9475
vn 0.1562 -0.1327 -0.9788
vn 0.1733 -0.3089 -0.9352
vn -0.3427 -0.0044 -0.9394
vn -0.4508 0.0007 -0.8926
vn -0.4467 0.0005 -0.8947
vn -0.5742 -0.5294 -0.6246
vn -0.5922 -0.5932 -0.5454
vn -0.5952 -0.6059 -0.5279
vn -0.5698 -0.5157 -0.6398
vn -0.2933 -0.7145 -0.6352
vn 0.7679 -0.2620 -0.5846
vn 0.1897 -0.7749 -0.6030
vn 0.6495 -0.6019 -0.4646
vn 0.2205 -0.3234 -0.9202
vn 0.5633 -0.3339 -0.7558
vn 0.6710 -0.4063 -0.6202
vn 0.6581 -0.3976 -0.6394
vn 0.0096 0.9935 0.1134
vn 0.0492 0.9942 0.0960
vn -0.0293 0.9975 0.0635
vn -0.0465 0.9961 0.0747
vn -0.7421 -0.5632 -0.3635
vn -0.5756 -0.7316 -0.3653
vn -0.5506 -0.6007 -0.5797
vn 0.4064 -0.5858 -0.7012
vn 0.6175 -0.6155 -0.4897
vn 0.2994 -0.1594 -0.9407
vn -0.3398 -0.0045 -0.9405
vn -0.2175 -0.0755 -0.9731
vn -0.6978 -0.4256 -0.5762
vn -0.2466 -0.6348 -0.7323
vn -0.5263 -0.1591 -0.8353
vn 0.6880 -0.6013 -0.4063
vn 0.4200 -0.2668 -0.8674
vn -0.2920 0.6063 -0.7397
vn -0.1974 0.6724 -0.7133
vn -0.1787 0.5619 -0.8077
vn -0.5929 -0.5406 -0.5968
vn -0.9603 0.2774 -0.0292
vn 0.8092 -0.3220 -0.4914
vn 0.3234 -0.1676 -0.9313
vn -0.8542 -0.5198 -0.0130
vn -0.6471 -0.3985 -0.6500
vn -0.6634 -0.1675 -0.7293
vn -0.6369 -0.1729 -0.7513
vn -0.5470 -0.1888 -0.8155
vn -0.5182 -0.1932 -0.8332
vn 0.7776 -0.3179 -0.5425
vn 0.5609 -0.3323 -0.7583
vn 0.0009 -0.0027 -1.0000
vn 0.5198 -0.3006 -0.7997
vn -0.7261 0.0149 -0.6875
vn -0.7164 0.0130 -0.6975
vn -0.6249 -0.0034 -0.7807
vn -0.6153 -0.0050 -0.7883
vn 0.8287 -0.0068 -0.5596
vn 0.8716 0.0006 -0.4903
vn 0.8785 0.0018 -0.4778
vn -0.7911 -0.0190 -0.6114
vn 0.0136 0.0028 -0.9999
vn 0.8259 -0.0073 -0.5638
vn -0.5976 0.0148 -0.8017
vn 0.8199 -0.0129 -0.5724
vn 0.3907 0.7951 -0.4638
vn 0.3841 0.7241 -0.5728
vn 0.3901 0.7844 -0.4822
vn 0.3915 0.8341 -0.3886
vn -0.0005 0.7493 -0.6622
vn -0.0015 0.7416 -0.6709
vn -0.0182 0.6023 -0.7980
vn -0.0188 0.5969 -0.8021
vn -0.9683 0.0005 -0.2496
vn -0.0260 0.9291 -0.3688
vn -0.0017 0.9167 -0.3996
vn -0.0512 0.9480 -0.3140
vn -0.0002 0.9357 -0.3528
vn -0.0024 0.9715 -0.2372
vn 0.5017 0.7043 -0.5022
vn 0.4388 0.8466 -0.3014
vn 0.0007 0.7616 -0.6480
vn 0.0004 0.0163 0.9999
vn 0.0001 0.9191 -0.3940
vn -0.0317 0.9557 -0.2926
vn -0.0091 0.9295 -0.3688
vn 0.0007 1.0000 -0.0040
vn -0.0013 0.9839 -0.1787
vn -0.0003 0.9956 -0.0936
vn 0.5296 0.6698 -0.5205
vn 0.4167 0.8758 -0.2435
vn -0.0566 0.7634 -0.6434
vn 0.0079 0.6517 -0.7584
vn 0.0082 0.6486 -0.7611
vn -0.0435 0.7602 -0.6483
vn -0.6720 0.6745 -0.3058
vn -0.1176 0.7923 -0.5986
vn -0.6616 0.5542 -0.5051
vn 0.0515 -0.6164 0.7858
vn 0.7647 0.6364 -0.1010
vn -0.0017 -0.9343 -0.3564
vn 0.1232 0.9904 0.0628
vn 0.6861 0.7254 0.0548
vn 0.7029 0.6935 0.1584
vn 0.7031 0.6993 -0.1288
vn 0.4675 0.8179 -0.3354
vn 0.1448 -0.4378 -0.8873
vn -0.8302 0.0044 0.5574
vn -0.0201 -0.2159 -0.9762
vn -0.5189 -0.2659 -0.8124
vn -0.1949 -0.4448 -0.8742
vn -0.2047 -0.4771 -0.8547
vn -0.1614 -0.3371 -0.9275
vn -0.0015 -0.4636 -0.8861
vn 0.0215 -0.5956 -0.8030
vn -0.0062 -0.6797 -0.7335
vn 0.0303 -0.5672 -0.8230
vn -0.0108 -0.6930 -0.7208
vn 0.3903 -0.5093 -0.7670
vn 0.3122 -0.4528 -0.8351
vn 0.3785 -0.5010 -0.7783
vn 0.2955 -0.4403 -0.8478
vn -0.9841 0.1778 -0.0005
vn -0.9958 0.0919 0.0007
vn -0.9962 0.0872 -0.0012
vn -0.9909 0.1344 -0.0017
vn -0.0572 -0.0198 0.9982
vn 0.0095 -0.0223 0.9997
vn -0.0270 -0.0185 0.9995
vn 0.3607 0.2523 -0.8979
vn -0.3613 -0.6488 -0.6697
vn -0.3128 -0.4732 -0.8236
vn -0.0868 -0.4653 -0.8809
vn 0.0384 -0.7963 -0.6036
vn 0.1184 -0.4200 -0.8998
vn 0.1877 -0.2996 -0.9354
vn 0.1658 -0.3389 -0.9261
vn 0.0890 -0.4674 -0.8795
vn -0.9041 0.2797 -0.3231
vn -0.2388 -0.1720 -0.9557
vn 0.8631 -0.3077 -0.4004
vn -0.8425 0.4178 0.3402
vn -0.7937 0.4147 0.4450
vn -0.3853 -0.2385 -0.8914
vn -0.3967 -0.2408 -0.8858
vn -0.4601 -0.2534 -0.8509
vn -0.4734 -0.2559 -0.8429
vn 0.3593 -0.2394 -0.9020
vn 0.8982 -0.0963 -0.4290
vn 0.9981 0.0018 -0.0619
vn 1.0000 -0.0008 0.0018
vn 0.9875 -0.0027 -0.1575
vn -0.9484 -0.3170 0.0010
vn -0.9477 -0.3191 0.0010
vn -0.9673 -0.2536 0.0013
vn -0.0092 -0.7000 0.7141
vn -0.0077 -0.7680 0.6404
vn -0.0077 -0.7665 0.6422
vn -0.0109 -0.0027 -0.9999
vn -0.0982 -0.0025 -0.9952
vn -0.0068 -0.0027 -1.0000
vn -0.8630 -0.3809 -0.3318
vn 0.9658 -0.0079 -0.2591
vn 0.6364 -0.0010 -0.7713
vn -0.4245 -0.6689 0.6102
vn 0.5092 -0.0007 -0.8607
vn 0.6491 -0.7607 0.0053
vn -0.3785 0.0019 -0.9256
vn -0.3836 0.0023 -0.9235
vn -0.5294 0.0153 -0.8482
vn 0.9432 0.0139 -0.3318
vn 0.2233 -0.0027 -0.9748
vn 0.7414 0.0345 -0.6701
vn -0.5339 0.0157 -0.8454
vn -0.6894 0.6566 -0.3059
vn -0.2511 0.4446 -0.8598
vn 0.0144 0.9353 -0.3536
vn 0.0036 0.8120 -0.5836
vn 0.1502 0.4189 -0.8955
vn -0.5227 -0.0011 -0.8525
vn -0.1132 0.2753 -0.9547
vn 0.0268 0.8991 -0.4368
vn 0.0002 0.5492 -0.8357
vn 0.6973 0.7042 -0.1336
vn 0.3109 0.2818 -0.9077
vn -0.1613 -0.9273 -0.3378
vn -0.1905 -0.8252 -0.5317
vn -0.1303 -0.3305 -0.9348
vn -0.0649 -0.2613 -0.9631
vn -0.0720 -0.2690 -0.9605
vn -0.0085 -0.9632 -0.2687
vn 0.4602 -0.6451 0.6100
vn 0.5303 -0.5781 0.6201
vn 0.5186 -0.5900 0.6188
vn 0.0126 -0.0016 0.9999
vn 0.0013 -0.0031 1.0000
vn 0.0027 -0.0029 1.0000
vn 0.0047 -0.0027 1.0000
vn 0.0077 -0.0102 0.9999
vn 0.0181 -0.0043 0.9998
vn 0.0212 -0.0058 0.9998
vn 0.0557 -0.4535 -0.8895
vn 0.0417 -0.4526 -0.8908
vn 0.1068 -0.2904 -0.9509
vn 0.1677 -0.3155 -0.9340
vn -0.0559 0.6669 0.7431
vn 0.0357 0.5977 0.8009
vn 0.1554 0.7128 0.6839
vn -0.1713 -0.9093 -0.3794
vn -0.1219 -0.9038 -0.4102
vn -0.1780 -0.9139 -0.3648
vn -0.0564 -0.9414 -0.3325
vn -0.7051 0.7061 -0.0643
vn -0.7131 0.6973 -0.0727
vn -0.7296 0.6836 0.0157
vn -0.7474 0.6578 0.0933
vn -0.0298 -0.9557 -0.2929
vn 0.1505 -0.8602 -0.4873
vn 0.1071 -0.8594 -0.5000
vn 0.1592 -0.8666 -0.4729
vn 0.0251 -0.6475 -0.7617
vn 0.0261 -0.6539 -0.7561
vn 0.2450 -0.8831 -0.4002
vn 0.2756 -0.8752 -0.3975
vn 0.0824 -0.2855 -0.9548
vn 0.0631 -0.2723 -0.9602
vn 0.1430 -0.3261 -0.9344
vn -0.4466 -0.8107 -0.3787
vn -0.4819 -0.7914 -0.3761
vn -0.3761 -0.8761 -0.3017
vn -0.3199 -0.6390 -0.6995
vn -0.2154 -0.3276 -0.9199
vn -0.3701 -0.8892 -0.2691
vn -0.1422 -0.3429 -0.9286
vn 0.3651 -0.8499 -0.3799
vn 0.2843 -0.8976 -0.3369
vn 0.3987 -0.8329 -0.3839
vn 0.2759 -0.9060 -0.3209
vn -0.8684 -0.0014 -0.4958
vn 0.2655 -0.4238 -0.8659
vn 0.2691 -0.4284 -0.8626
vn 0.0024 -0.3595 0.9331
vn -0.4324 -0.8363 -0.3371
vn -0.5357 -0.7143 -0.4503
vn -0.4365 -0.8280 -0.3519
vn 0.0787 -0.0428 0.9960
vn -0.3599 -0.8435 -0.3988
vn -0.3666 -0.8256 -0.4289
vn 0.4159 -0.8487 -0.3267
vn 0.4558 -0.8275 -0.3278
vn 0.1656 -0.3409 -0.9254
vn 0.2374 -0.5495 -0.8011
vn 0.4922 -0.7958 -0.3528
vn -0.4315 -0.3866 -0.8151
vn 0.0028 0.2392 0.9710
vn -0.0283 0.1351 0.9904
vn 0.0018 0.2358 0.9718
vn -0.4206 -0.0009 0.9072
vn 0.1824 -0.2424 -0.9529
vn -0.7094 -0.6689 -0.2222
vn 0.6081 -0.7778 -0.1588
vn 0.6110 -0.7691 -0.1876
vn 0.6170 -0.7304 -0.2929
vn 0.6172 -0.7157 -0.3269
vn 0.2734 -0.3186 -0.9076
vn 0.7069 -0.6956 -0.1283
vn -0.7988 -0.4314 -0.4192
vn -0.8321 -0.3953 -0.3892
vn -0.7668 -0.4625 -0.4450
vn 0.7714 -0.5056 -0.3863
vn 0.5691 -0.3438 -0.7470
vn 0.8004 -0.5261 -0.2873
vn -0.7476 -0.5138 -0.4210
vn -0.7722 -0.4902 -0.4042
vn -0.7007 -0.5541 -0.4495
vn -0.0055 -0.1384 -0.9904
vn -0.0203 -0.0601 -0.9980
vn -0.0005 -0.1645 -0.9864
vn -0.5241 -0.3409 -0.7805
vn -0.3270 -0.1752 -0.9286
vn -0.0599 0.4917 0.8687
vn -0.0286 0.5791 0.8147
vn -0.1423 0.5608 0.8156
vn -0.4392 -0.2235 -0.8701
vn -0.3492 -0.1185 -0.9295
vn -0.4227 -0.2038 -0.8831
vn -0.5285 -0.5364 -0.6580
vn -0.4172 -0.5223 -0.7437
vn -0.4381 -0.5292 -0.7266
vn 0.8771 -0.2789 -0.3910
vn 0.2753 -0.0842 -0.9577
vn -0.8327 -0.2200 -0.5081
vn -0.8529 -0.2060 -0.4797
vn -0.8995 -0.1684 -0.4031
vn -0.8582 -0.4557 0.2362
vn -0.8364 -0.5177 0.1801
vn -0.8539 -0.4699 0.2238
vn -0.8772 -0.2491 -0.4104
vn -0.8638 -0.3237 -0.3861
vn -0.8669 -0.3093 -0.3910
vn -0.3351 -0.1026 -0.9366
vn 0.8546 -0.0551 -0.5164
vn 0.8014 -0.0454 -0.5964
vn 0.8072 -0.1544 -0.5698
vn -0.9137 -0.1550 -0.3756
vn 0.8366 -0.0724 -0.5430
vn 0.8366 -0.0732 -0.5430
vn 0.8291 -0.1667 -0.5337
vn 0.4041 -0.0963 -0.9096
vn 0.3844 -0.0381 -0.9224
vn 0.2902 -0.1566 -0.9441
vn -0.0070 0.0030 -1.0000
vn -0.9496 0.3134 0.0016
vn -0.6111 0.0011 -0.7915
vn 0.3652 0.0002 -0.9309
vn -0.3734 0.1016 -0.9221
vn -0.3057 0.0200 -0.9519
vn 0.8667 -0.0519 -0.4962
vn 0.7679 -0.0002 -0.6406
vn -0.5355 0.7735 -0.3391
vn -0.4603 0.7924 -0.4002
vn -0.9972 -0.0379 0.0649
vn 0.7941 -0.0019 -0.6078
vn 0.9546 -0.2977 0.0023
vn 0.9997 -0.0257 0.0002
vn 0.6090 0.7931 -0.0002
vn 0.8330 -0.5034 -0.2296
vn 0.8678 -0.0468 -0.4946
vn 0.8510 -0.1272 -0.5096
vn 0.0564 -0.9691 -0.2403
vn 0.0221 -0.0958 -0.9952
vn 0.0288 -0.2217 -0.9747
vn 0.0080 -0.1722 -0.9850
vn 0.0017 -0.3123 -0.9500
vn 0.0009 0.6672 0.7449
vn -0.3316 -0.2066 -0.9205
vn 0.7552 -0.3321 -0.5652
vn 0.0591 -0.9622 -0.2657
vn 0.0558 -0.2884 -0.9559
vn 0.0345 -0.3625 -0.9314
vn 0.0609 -0.2701 -0.9609
vn 0.0308 -0.3750 -0.9265
vn 0.6052 0.0597 -0.7938
vn 0.0033 0.4514 -0.8923
vn -0.0000 0.6331 -0.7741
vn -0.0002 0.2475 -0.9689
vn -0.0014 0.4412 -0.8974
vn -0.0002 0.2482 -0.9687
vn -0.0014 0.4418 -0.8971
vn -0.2619 0.3920 -0.8819
vn 0.0751 -0.1103 -0.9911
vn 0.0718 -0.1093 -0.9914
vn 0.1991 -0.1494 -0.9685
vn -0.0003 -0.0859 -0.9963
vn -0.3689 -0.0066 -0.9295
vn -0.3943 -0.0232 -0.9187
vn -0.4583 -0.0661 -0.8863
vn -0.3070 0.0327 -0.9511
vn 0.5757 0.1629 -0.8012
vn 0.0003 0.7401 0.6725
vn -0.0021 0.2488 0.9686
vn -0.0912 0.2543 0.9628
vn -0.0837 0.2539 0.9636
vn 0.0066 0.0293 -0.9995
vn -0.0336 0.0528 -0.9980
vn -0.0705 -0.0001 -0.9975
vn 0.0068 0.0190 -0.9998
vn -0.2451 0.2353 -0.9405
vn 0.5863 -0.2942 -0.7548
vn -0.0046 -0.4183 -0.9083
vn 0.0002 -0.3186 -0.9479
vn -0.0002 -0.2880 -0.9576
vn -0.2719 -0.2419 -0.9314
vn -0.3771 0.0116 -0.9261
vn 0.5736 0.7744 -0.2671
vn 0.5316 0.5367 -0.6552
vn 0.0037 0.6049 -0.7963
vn -0.0009 0.4915 -0.8709
vn 0.0038 0.6068 -0.7948
vn 0.4788 0.8450 -0.2381
vn 0.5153 0.8463 -0.1348
vn 0.4336 0.8504 -0.2981
vn 1.0000 -0.0009 -0.0015
vn 0.9999 -0.0148 -0.0018
vn 0.9999 -0.0111 -0.0017
vn -0.0016 0.4399 -0.8981
vn -0.0010 0.4897 -0.8719
vn -0.0016 0.4393 -0.8984
vn -0.4611 -0.2148 0.8610
vn -0.3584 -0.1689 0.9182
vn -0.4159 -0.1259 0.9007
vn -0.3591 -0.1502 0.9211
vn -0.6161 0.7788 -0.1182
vn -0.2756 0.9017 -0.3330
vn 0.9661 -0.0028 -0.2581
vn 0.4385 0.0172 -0.8986
vn 0.6316 0.0693 -0.7722
vn 1.0000 -0.0010 -0.0005
vn 0.0003 0.3704 -0.9289
vn 0.0003 0.3702 -0.9289
vn -0.0004 0.4987 -0.8668
vn -0.0004 0.4991 -0.8665
vn -0.3735 0.4730 -0.7979
vn 0.1997 -0.9797 0.0158
vn 0.2184 -0.9756 0.0225
vn 0.2331 -0.9720 0.0278
vn 0.0007 -0.0000 1.0000
vn 0.9747 -0.1368 0.1766
vn 0.9869 -0.1436 0.0740
vn 0.9836 -0.1344 0.1199
vn -0.6313 0.5465 -0.5503
vn 0.1867 -0.0633 0.9804
vn 0.1871 -0.0700 0.9798
vn 0.1829 -0.0007 0.9831
vn -0.0003 0.8439 0.5366
vn 0.0205 0.6532 -0.7569
vn -0.0500 -0.1343 0.9897
vn 0.0122 -0.1330 0.9910
vn -0.0780 -0.1346 0.9878
vn 0.7861 -0.0034 0.6181
vn 0.4780 -0.8783 -0.0107
vn 0.5587 -0.8294 -0.0033
vn 0.4058 -0.9139 -0.0106
vn -0.0008 -0.0011 1.0000
vn -0.1307 -0.0012 0.9914
vn -0.0135 -0.0021 0.9999
vn 0.6719 -0.7404 -0.0171
vn 0.8222 -0.5690 -0.0149
vn 0.7169 -0.6971 -0.0077
vn 0.8494 -0.5278 -0.0036
vn 0.0012 0.8024 -0.5968
vn -0.0081 -0.4175 -0.9087
vn 0.3948 0.5055 0.7672
vn 0.4867 0.5327 0.6923
vn -0.3483 0.2861 -0.8926
vn 0.9295 -0.3688 -0.0080
vn 0.9762 -0.2164 -0.0112
vn 0.9573 -0.2892 -0.0001
vn 0.9249 -0.3800 0.0105
vn 0.8654 -0.5010 -0.0071
vn -0.9785 -0.2052 -0.0213
vn -0.9778 -0.2063 -0.0357
vn -0.9739 -0.2258 -0.0243
vn -0.9977 -0.0661 -0.0157
vn -0.9480 -0.3182 -0.0107
vn -0.8214 0.5703 0.0018
vn 0.9281 -0.3721 -0.0149
vn 0.8979 -0.4402 -0.0025
vn 0.8929 -0.4502 -0.0007
vn 0.9315 -0.3634 -0.0165
vn -0.0159 0.0021 0.9999
vn -0.9343 0.1187 -0.3362
vn 0.9999 -0.0018 -0.0116
vn -0.9997 0.0003 -0.0230
vn -0.9920 0.0424 -0.1192
vn -1.0000 0.0003 -0.0074
vn 0.5778 0.5279 0.6224
vn 0.6209 0.5389 0.5693
vn 0.5334 0.5939 0.6022
vn -1.0000 0.0016 -0.0028
vn -0.0061 -0.8253 0.5646
vn 0.2215 0.6550 -0.7225
vn 0.0035 0.1535 -0.9881
vn 0.0030 0.0813 -0.9967
vn 0.0013 0.0754 -0.9972
vn -0.0590 0.0048 -0.9982
vn 0.0019 0.8801 -0.4747
vn 0.9343 -0.3554 0.0272
vn -0.0098 0.9955 -0.0940
vn -0.0030 0.9999 -0.0166
vn -0.0176 0.9829 -0.1835
vn -0.1533 -0.8472 -0.5087
vn -0.0056 -0.0041 1.0000
vn -0.0017 -0.0113 0.9999
vn 0.3787 -0.6299 -0.6781
vn 0.3201 -0.5856 -0.7447
vn 0.4075 -0.6304 -0.6608
vn 0.3244 -0.6902 -0.6469
vn 0.0008 -0.7019 -0.7123
vn 0.0168 -0.7651 -0.6437
vn 0.0247 -0.7944 -0.6069
vn -0.0000 -0.8190 -0.5738
vn 0.0006 -0.7621 -0.6474
vn -0.0001 -0.8246 -0.5658
vn -0.0006 -0.6960 -0.7180
vn 0.1731 -0.7780 -0.6040
vn 0.7103 0.0027 -0.7039
vn -0.2149 -0.4406 -0.8716
vn -0.2511 -0.4560 -0.8538
vn -0.0418 -0.5855 -0.8096
vn -0.1782 -0.7174 -0.6734
vn 0.0346 -0.8084 -0.5876
vn 0.0822 -0.7440 -0.6631
vn 0.0295 -0.7939 -0.6073
vn 0.0520 -0.7276 -0.6841
vn 0.3268 -0.6806 -0.6557
vn 0.1586 -0.6556 -0.7383
vn 0.1435 -0.6637 -0.7342
vn 0.3197 -0.6834 -0.6563
vn -0.4044 -0.7082 -0.5787
vn -0.4034 -0.7052 -0.5831
vn -0.4250 -0.7709 -0.4744
vn -0.4261 -0.7744 -0.4677
vn 0.3129 -0.5817 -0.7508
vn 0.3351 -0.5781 -0.7440
vn 0.3100 -0.5706 -0.7605
vn 0.2980 -0.2855 -0.9109
vn 0.0849 -0.3768 -0.9224
vn -0.9079 -0.4190 -0.0087
vn 0.3573 -0.5720 -0.7384
vn 0.3738 -0.5274 -0.7629
vn 0.3606 -0.4594 -0.8117
vn -0.5571 -0.5331 -0.6368
vn -0.6282 -0.7293 -0.2711
vn -0.7156 0.4492 0.5349
vn 0.6368 0.7138 0.2913
vn 0.5657 0.7148 0.4112
vn 0.5912 0.7086 0.3853
vn 0.6378 0.7139 0.2892
vn -0.5384 -0.5368 -0.6495
vn 0.3422 -0.4436 -0.8283
vn 0.5102 -0.4983 -0.7010
vn -0.7171 -0.5773 -0.3904
vn -0.6784 0.2639 0.6856
vn -0.7247 0.2965 0.6220
vn -0.6931 0.2287 0.6836
vn 0.5743 -0.4011 -0.7136
vn -0.5756 -0.0307 0.8172
vn -0.6019 -0.0780 0.7947
vn -0.5579 -0.0008 0.8299
vn -0.1521 -0.3762 -0.9140
vn -0.4673 -0.3765 -0.7999
vn 0.4772 -0.3284 -0.8151
vn 0.5387 -0.3890 -0.7473
vn 0.4274 -0.2679 -0.8634
vn 0.5914 -0.3947 -0.7032
vn -0.3948 -0.2422 -0.8863
vn -0.3061 -0.1809 -0.9347
vn -0.2140 -0.1900 -0.9582
vn -0.3685 -0.2166 -0.9040
vn -0.6245 -0.5354 -0.5687
vn 0.6158 -0.2923 -0.7317
vn 0.6186 -0.3674 -0.6945
vn 0.6552 -0.3371 -0.6761
vn -0.6724 -0.3908 -0.6286
vn -0.4030 -0.1813 -0.8971
vn -0.2948 -0.1466 -0.9442
vn -0.4232 -0.1876 -0.8864
vn -0.7207 -0.2117 -0.6602
vn -0.4043 -0.2487 -0.8801
vn 0.2849 0.2873 -0.9145
vn 0.3991 0.3109 -0.8626
vn 0.2879 0.2844 -0.9145
vn 0.3452 0.3207 -0.8820
vn 0.3951 -0.3196 0.8613
vn -0.5511 -0.0930 -0.8293
vn -0.6030 -0.1264 -0.7876
vn -0.5700 -0.1351 -0.8105
vn -0.6212 -0.1472 -0.7697
vn -0.4430 -0.3735 -0.8150
vn 0.4717 -0.1741 -0.8644
vn 0.5667 -0.1162 -0.8157
vn 0.6079 -0.0888 -0.7890
vn 0.1445 -0.2195 -0.9648
vn 0.0883 -0.2101 -0.9737
vn 0.2023 -0.2285 -0.9523
vn -0.9643 -0.2646 -0.0045
vn -0.8903 -0.4551 -0.0144
vn -0.8914 -0.4529 -0.0144
vn -0.9313 -0.3640 -0.0155
vn -0.9661 -0.2581 -0.0038
vn -0.8257 0.0458 -0.5622
vn -0.7066 -0.2875 -0.6465
vn -0.3946 -0.1707 -0.9028
vn -0.3785 -0.1401 -0.9150
vn -0.4138 -0.2080 -0.8863
vn -0.0121 -0.0048 -0.9999
vn -0.2249 -0.0339 -0.9738
vn -0.1372 -0.0068 -0.9905
vn -0.3641 -0.0074 -0.9313
vn 0.9086 0.2405 0.3414
vn 0.8813 0.3008 0.3645
vn 0.7062 -0.2325 -0.6687
vn 0.1655 -0.3776 -0.9110
vn -0.7423 -0.3438 -0.5751
vn 0.7819 -0.0001 -0.6234
vn -0.9840 -0.1782 0.0042
vn -0.9776 -0.2105 -0.0003
vn -0.9650 -0.2620 -0.0075
vn -0.4290 -0.2386 -0.8712
vn 0.4783 0.0126 -0.8781
vn 0.4139 -0.0177 -0.9102
vn 0.4630 0.0053 -0.8863
vn 0.3791 -0.0335 -0.9248
vn -0.5930 -0.1303 -0.7946
vn -0.6246 -0.0404 -0.7799
vn -0.6229 -0.0455 -0.7809
vn -0.6524 0.0583 -0.7556
vn 0.9558 0.0675 -0.2861
vn 0.8428 -0.4779 -0.2475
vn 0.6775 -0.0770 -0.7315
vn 0.6380 -0.0842 -0.7654
vn 0.5966 -0.1066 -0.7954
vn 0.4732 -0.0674 -0.8784
vn 0.0002 -0.3182 -0.9480
vn 0.7499 -0.3261 -0.5755
vn -0.9577 0.0002 -0.2878
vn 0.3812 -0.0025 -0.9245
vn -0.1150 0.9922 -0.0477
vn -0.1002 0.9949 0.0125
vn 0.3829 -0.0025 -0.9238
vn 0.8935 0.0841 -0.4412
vn 0.8479 0.0282 -0.5294
vn -0.9694 0.0601 -0.2381
vn -0.9514 -0.0095 -0.3077
vn -0.9591 0.0190 -0.2825
vn -1.0000 -0.0026 0.0001
vn -1.0000 0.0003 -0.0007
vn -1.0000 -0.0001 -0.0012
vn -0.9984 -0.0553 0.0088
vn -0.9999 -0.0134 0.0019
vn -1.0000 -0.0034 -0.0004
vn -1.0000 0.0017 -0.0026
vn -1.0000 0.0002 0.0024
vn -1.0000 -0.0004 0.0019
vn 0.8457 -0.0022 -0.5336
vn 0.7388 -0.0077 -0.6739
vn 0.8438 -0.0023 -0.5366
vn 0.7332 -0.0080 -0.6800
vn 0.9765 0.0859 -0.1978
vn 0.0165 -0.3850 0.9228
vn 0.3476 0.2622 -0.9002
vn 0.4026 0.2925 -0.8674
vn 0.3646 0.2716 -0.8907
vn -0.9901 0.0462 -0.1325
vn -0.9690 -0.0350 0.2448
vn -0.9669 -0.0330 0.2530
vn -0.9167 0.0030 0.3996
vn -0.5349 0.2413 -0.8097
vn -0.5425 0.2421 -0.8044
vn -0.6060 0.2478 -0.7559
vn -0.8854 0.2963 -0.3582
vn -0.8504 0.3329 -0.4075
vn -0.8003 0.3632 -0.4771
vn -0.8784 0.2400 -0.4133
vn 0.7742 0.2547 -0.5794
vn 0.5006 0.1075 -0.8590
vn 0.4793 0.1169 -0.8699
vn 0.5244 0.0280 -0.8510
vn 0.4816 0.1618 -0.8613
vn -0.9789 0.0712 -0.1917
vn -0.9323 0.1196 -0.3413
vn -0.9790 0.0728 -0.1905
vn -0.5435 0.1889 -0.8179
vn -0.1650 -0.9863 -0.0087
vn -0.9918 0.0400 -0.1212
vn -0.0011 -0.4844 -0.8748
vn -0.5618 -0.8266 -0.0336
vn -0.6616 0.4049 -0.6312
vn 0.5527 0.1785 -0.8140
vn 0.3168 0.1055 -0.9426
vn -0.8492 0.1244 -0.5132
vn -0.5776 0.5226 -0.6272
vn 0.5451 0.1754 -0.8198
vn -0.8448 0.4201 -0.3314
vn -0.8379 0.1873 -0.5126
vn -0.3193 -0.0031 -0.9476
vn 0.9826 -0.0010 -0.1856
vn -0.0019 0.0979 0.9952
vn 0.0087 0.1518 0.9884
vn -0.0014 0.1997 0.9798
vn -1.0000 -0.0009 -0.0060
vn -0.9981 -0.0358 -0.0499
vn -0.9848 -0.0993 -0.1427
vn 0.8867 -0.4622 0.0118
vn 0.7019 -0.7123 0.0006
vn -0.0038 -0.9992 -0.0392
vn -0.0162 -0.9828 -0.1837
vn -0.0010 -1.0000 -0.0071
vn 0.0519 -0.0341 0.9981
vn 0.0501 -0.0259 0.9984
vn 0.0414 -0.0155 0.9990
vn 0.9858 -0.1675 0.0095
vn 0.9718 -0.2355 0.0058
vn 0.9747 -0.2234 0.0065
vn 0.0258 0.6216 -0.7829
vn 0.0190 -0.8929 -0.4498
vn 0.0190 -0.8924 -0.4508
vn -0.0361 -0.1417 -0.9893
vn 0.0017 -0.0239 -0.9997
vn 0.0017 -0.0040 -1.0000
vn 0.0204 -0.1369 -0.9904
vn 0.0119 -0.0759 -0.9970
vn 0.0035 -0.6992 0.7149
vn -0.0006 -0.7401 0.6725
vn -0.0022 -0.7556 0.6550
vn 0.0049 -0.0089 -0.9999
vn 0.0526 -0.1458 -0.9879
vn 0.0007 0.6048 0.7964
vn 0.5969 -0.7991 -0.0715
vn 0.0226 -0.0636 0.9977
vn 0.0803 -0.1689 0.9824
vn 0.1000 -0.1382 -0.9853
vn 0.6226 -0.7127 -0.3232
vn 0.2725 -0.1852 -0.9442
vn -0.0090 -0.7434 -0.6688
vn -0.0090 -0.7447 -0.6674
vn 0.0002 0.0219 -0.9998
vn 0.9287 -0.1619 -0.3336
vn -0.9990 -0.0015 0.0456
vn 0.0162 -0.0098 -0.9998
vn 0.0655 -0.0388 -0.9971
vn 0.1243 -0.0735 -0.9895
vn 0.2665 -0.0008 -0.9638
vn 0.3681 -0.0001 0.9298
vn -0.2787 -0.1414 -0.9499
vn 0.6056 -0.3926 -0.6921
vn -0.2342 0.1764 -0.9561
vn -0.0053 0.0008 -1.0000
vn -0.1101 0.0031 -0.9939
vn -0.4092 -0.0078 0.9124
vn -0.0951 -0.0210 -0.9953
vn -0.0551 -0.0026 -0.9985
vn -0.2231 -0.0802 -0.9715
vn -0.2316 -0.0842 -0.9692
vn -0.2794 -0.2035 -0.9384
vn 0.3943 -0.1028 -0.9132
vn -0.4955 -0.0003 -0.8686
vn 0.9999 0.0015 -0.0167
vn 0.9955 -0.0948 0.0006
vn 0.9997 -0.0206 -0.0128
vn 0.2504 -0.0077 -0.9681
vn -0.5905 0.0400 -0.8060
vn -0.6357 0.4045 -0.6575
vn 0.3733 0.3360 -0.8647
vn 0.9082 0.1043 -0.4054
vn 0.3602 -0.0025 0.9329
vn -0.3403 0.1715 -0.9246
vn 0.4170 0.3004 -0.8579
vn -0.3718 -0.6610 0.6518
vn 0.0133 0.2471 -0.9689
vn 0.1739 0.3319 -0.9272
vn -0.6135 0.2484 -0.7496
vn -0.2638 0.2790 -0.9233
vn -0.7978 -0.6024 -0.0239
vn -0.8057 -0.5903 0.0489
vn -0.8024 -0.5966 0.0137
vn -0.5072 0.0971 -0.8564
vn -0.6170 0.4542 -0.6427
vn 0.0203 -0.6989 0.7149
vn -0.9847 -0.1743 -0.0015
vn -0.9927 -0.1196 0.0174
vn -0.9744 -0.2154 -0.0639
vn -0.9912 -0.1306 -0.0223
vn -0.0028 0.0136 0.9999
vn -0.4742 -0.2236 0.8515
vn -0.4059 -0.1592 0.9000
vn -0.4880 -0.2369 0.8401
vn 0.9254 -0.3791 -0.0012
vn -0.9219 0.3340 -0.1962
vn -0.4502 0.1351 -0.8826
vn -0.3603 0.1171 -0.9254
vn -0.4469 0.0836 -0.8907
vn -0.4460 0.0443 -0.8939
vn -0.4878 0.0875 -0.8686
vn -0.5941 0.4752 -0.6490
vn 0.9991 0.0096 -0.0401
vn 0.9881 0.0493 -0.1455
vn 0.9998 0.0025 -0.0178
vn 0.9625 0.0778 -0.2600
vn 0.3025 0.2972 -0.9056
vn 0.0161 0.8141 -0.5805
vn 0.0013 0.9176 -0.3974
vn 0.8855 0.1484 -0.4403
vn 0.8780 0.1525 -0.4538
vn 0.8217 0.1763 -0.5420
vn -0.3553 0.2980 -0.8860
vn -0.3576 0.2978 -0.8851
vn -0.4624 0.2564 -0.8488
vn -0.4028 0.2367 -0.8841
vn -0.9669 0.0798 -0.2425
vn -0.5032 0.1184 -0.8560
vn -0.6370 0.4899 -0.5951
vn 0.8791 0.0719 -0.4713
vn 0.7756 0.3138 -0.5477
vn -0.0042 -0.9998 0.0178
vn 0.9610 0.0802 -0.2645
vn -0.2860 0.3107 -0.9065
vn -0.9568 0.0997 -0.2730
vn 0.9998 0.0024 -0.0178
vn 0.9906 0.0418 -0.1305
vn -0.9999 0.0068 -0.0103
vn -0.7431 0.2054 -0.6369
vn -0.2327 -0.8935 0.3841
vn -0.3260 0.0531 -0.9439
vn -0.5709 0.2054 -0.7949
vn -0.0144 -0.9999 -0.0000
vn -1.0000 0.0005 0.0024
vn -0.3179 -0.0027 -0.9481
vn -0.4053 -0.0075 -0.9142
vn -0.3200 -0.0028 -0.9474
vn -0.4079 -0.0076 -0.9130
vn 0.9826 -0.1849 0.0169
vn -0.9299 0.3088 0.1997
vn -0.9457 0.3098 0.0983
vn -0.9511 0.3083 0.0199
vn -0.3630 -0.9318 -0.0026
vn -0.9994 -0.0029 -0.0359
vn -0.9992 -0.0030 -0.0406
vn -1.0000 -0.0017 0.0020
vn -0.9969 -0.0215 0.0757
vn -1.0000 -0.0043 0.0034
vn 0.9340 -0.3571 0.0097
vn 0.4940 -0.8694 -0.0085
vn -0.0119 -0.8440 0.5362
vn -0.0319 0.4361 0.8994
vn -0.0120 0.3719 0.9282
vn 0.0001 -0.0864 -0.9963
vn 0.0038 -0.1637 -0.9865
vn -0.0035 -0.0115 -0.9999
vn -0.3812 -0.8772 -0.2920
vn -0.3085 -0.8483 -0.4303
vn -0.3422 -0.8573 -0.3845
vn -0.5467 -0.8141 -0.1960
vn -0.6676 0.5049 -0.5472
vn -0.8695 -0.4933 0.0236
vn -0.2014 -0.0030 0.9795
vn -0.1084 -0.0043 0.9941
vn -0.1068 -0.0043 0.9943
vn -0.3459 0.3043 -0.8876
vn -0.3419 0.3048 -0.8889
vn -0.4698 0.1415 -0.8713
vn -0.6399 0.4682 -0.6094
vn -0.9096 0.1244 -0.3965
vn 0.5942 0.2641 -0.7597
vn -0.5410 -0.5124 0.6669
vn -0.4533 -0.5769 0.6795
vn -0.5511 -0.5010 0.6673
vn 0.7745 0.1994 -0.6004
vn -0.3530 0.2716 -0.8954
vn -0.3871 0.2786 -0.8789
vn -0.3152 0.2634 -0.9117
vn -0.4926 0.1024 -0.8642
vn -0.6171 0.4715 -0.6300
vn -0.9398 0.1045 -0.3255
vn 0.9341 0.1205 -0.3360
vn 0.9115 0.0930 -0.4006
vn 0.9023 0.0832 -0.4229
vn 0.9400 0.1286 -0.3161
vn 0.4301 0.1463 0.8909
vn 0.4133 0.1396 0.8998
vn 0.2775 0.0852 0.9569
vn -1.0000 0.0029 0.0046
vn 0.9396 0.0342 -0.3406
vn -0.9603 0.1084 -0.2570
vn -0.9782 0.0595 -0.1989
vn -0.9812 0.0492 -0.1866
vn -0.9562 0.1177 -0.2680
vn -0.4227 0.1384 0.8956
vn -0.5748 0.1492 0.8046
vn -0.4488 0.1482 0.8813
vn 0.4655 -0.8848 -0.0203
vn 0.3648 0.2855 -0.8862
vn 0.5001 0.2042 -0.8415
vn 0.4766 0.2193 -0.8513
vn -0.1127 0.3044 -0.9458
vn -0.6917 0.2184 -0.6884
vn 0.0015 0.3125 -0.9499
vn -0.3960 0.2804 -0.8744
vn 0.5798 0.4311 -0.6914
vn 0.2562 0.2520 -0.9332
vn -0.6027 0.1408 -0.7855
vn -0.4239 0.4552 -0.7830
vn 0.2744 0.3471 -0.8968
vn 0.2352 0.4843 -0.8427
vn 0.2742 0.3481 -0.8965
vn -0.7839 0.0007 0.6209
vn -0.9177 0.3972 0.0003
vn 0.8281 -0.0057 -0.5606
vn 0.9034 0.0003 -0.4287
vn 0.9047 0.0004 -0.4261
vn -0.2281 -0.9736 0.0078
vn -0.0141 0.5242 0.8515
vn 0.0852 0.5219 0.8488
vn -0.2048 -0.0069 -0.9788
vn 0.0120 -0.0068 -0.9999
vn 0.0782 -0.0035 -0.9969
vn 0.1694 0.0012 -0.9855
vn 0.9017 0.0027 -0.4323
vn 0.9032 0.0028 -0.4292
vn 0.8228 -0.0044 -0.5683
vn -0.9035 -0.0061 -0.4285
vn -0.9416 -0.0008 -0.3368
vn -0.9021 -0.0063 -0.4315
vn -0.9423 -0.0007 -0.3349
vn 0.8269 -0.0058 -0.5624
vn -0.6646 0.5069 -0.5490
vn -0.8624 -0.4404 -0.2495
vn 0.8189 -0.0047 -0.5738
vn 0.7931 -0.3678 -0.4855
vn 0.0046 -0.7705 -0.6374
vn -0.0093 -0.9205 -0.3907
vn -0.3326 -0.0020 -0.9431
vn -0.4225 -0.0080 -0.9063
vn -0.4262 -0.0082 -0.9046
vn -0.3293 -0.0017 -0.9442
vn 0.5896 -0.8069 -0.0339
vn 0.6070 -0.7947 -0.0045
vn 0.5565 -0.8263 -0.0867
vn 0.8287 -0.5596 0.0051
vn -0.1149 -0.5555 0.8236
vn -0.9400 0.3114 0.1391
vn -0.9079 -0.4192 -0.0042
vn -0.6036 -0.7973 -0.0081
vn -0.5831 -0.8109 -0.0494
vn -0.5373 -0.8329 -0.1328
vn -0.4339 0.2795 0.8565
vn -0.4682 0.2221 0.8552
vn -0.3557 0.2610 0.8974
vn 1.0000 -0.0083 -0.0024
vn 0.9952 -0.0795 0.0578
vn 0.0055 1.0000 -0.0019
vn 0.3414 -0.0022 0.9399
vn 0.3763 -0.0663 0.9241
vn 0.3662 -0.0473 0.9293
vn -0.3358 -0.8809 0.3335
vn 0.6087 -0.7934 0.0002
vn 0.5063 -0.8624 0.0007
vn 0.5541 -0.8324 0.0005
vn 0.2312 -0.3744 0.8980
vn -0.8489 -0.0000 0.5285
vn 0.0043 -0.3590 -0.9333
vn 0.0018 -0.2836 -0.9590
vn -0.0045 -0.3296 -0.9441
vn 0.3447 0.2965 -0.8907
vn -0.9970 -0.0175 -0.0749
vn -1.0000 -0.0030 -0.0029
vn -0.9982 -0.0477 -0.0374
vn -1.0000 -0.0069 -0.0058
vn 0.0019 1.0000 0.0015
vn 0.0049 1.0000 -0.0018
vn 0.0816 0.9966 0.0086
vn 0.9700 0.2413 -0.0310
vn -0.7763 0.6204 0.1112
vn -0.6918 0.7001 0.1768
vn -0.0034 -0.8909 -0.4542
vn -0.8666 -0.0378 -0.4975
vn -0.7789 -0.6268 0.0226
vn -0.6649 -0.7465 0.0261
vn -0.6685 -0.7433 0.0259
vn -0.7837 -0.6207 0.0226
vn 0.0131 -0.9974 0.0703
vn 0.0204 -0.9943 -0.1047
vn 0.0204 -0.9946 -0.1013
vn 0.0127 -0.9972 0.0742
vn -0.9666 -0.0893 0.2403
vn 0.9440 0.2235 0.2427
vn -0.9654 -0.1418 -0.2188
vn -0.9848 -0.1274 -0.1181
vn -0.9689 -0.1386 -0.2051
vn -0.9997 -0.0203 -0.0132
vn -0.9998 -0.0139 0.0174
vn -0.9988 -0.0074 0.0477
vn -0.0364 -0.9666 0.2538
vn -0.0088 -0.8715 -0.4903
vn 0.7050 0.5038 0.4992
vn 0.4530 -0.0019 0.8915
vn -0.9997 -0.0005 -0.0233
vn 0.0002 0.6356 -0.7720
vn -0.5530 0.8332 -0.0009
vn 0.0044 -0.0223 -0.9997
vn 0.9680 0.2353 -0.0876
vn -0.7754 -0.6315 -0.0006
vn 0.0148 0.0051 0.9999
vn -0.0084 -0.0613 0.9981
vn 0.0033 -0.1015 0.9948
vn -0.0511 -0.0494 0.9975
vn 0.7762 -0.6305 0.0004
vn 0.1138 0.0440 -0.9925
vn 0.0223 0.0382 -0.9990
vn -0.2017 0.2202 -0.9544
vn 0.1499 -0.3892 -0.9089
vn -0.3046 -0.0431 -0.9515
vn -0.2340 -0.1527 -0.9602
vn -0.2785 -0.1133 -0.9537
vn -0.1420 -0.1703 -0.9751
vn 0.4698 0.2161 -0.8559
vn -0.0510 0.3684 -0.9283
vn -0.0890 0.3364 -0.9375
vn -0.1085 0.3195 -0.9413
vn 0.0040 0.1175 -0.9931
vn 0.0089 -0.1370 -0.9905
vn -0.0081 -0.1590 -0.9873
vn -0.0203 -0.1746 -0.9844
vn 0.2292 -0.1872 -0.9552
vn 0.0033 -0.0073 -1.0000
vn -0.3426 -0.2553 -0.9041
vn 0.1442 -0.2135 -0.9663
vn 0.5216 -0.2980 -0.7995
vn 0.0676 0.1421 -0.9875
vn 0.0102 -0.6714 -0.7411
vn 0.0183 -0.6048 -0.7962
vn 0.0184 -0.6042 -0.7967
vn 0.0222 -0.1047 -0.9943
vn 0.1223 -0.2116 -0.9697
vn 0.0182 -0.1004 -0.9948
vn 0.3040 0.3018 -0.9036
vn -0.2168 0.9446 -0.2464
vn -0.2838 0.9462 -0.1556
vn 0.4211 0.2655 -0.8673
vn 0.1174 0.2009 -0.9726
vn 0.0834 -0.1643 -0.9829
vn 0.0407 -0.1536 -0.9873
vn -0.0082 -0.0647 -0.9979
vn 0.1633 -0.2421 -0.9564
vn -0.0090 -0.0026 -1.0000
vn -0.1406 0.1943 -0.9708
vn -0.5394 -0.1688 -0.8250
vn -0.1597 -0.3114 -0.9368
vn -0.2360 -0.1217 -0.9641
vn 0.0454 -0.4233 -0.9048
vn -0.0151 -0.8701 0.4926
vn -0.9995 -0.0021 -0.0318
vn -0.0070 0.0467 -0.9989
vn -0.0214 -0.0240 -0.9995
vn -0.0073 0.0006 -1.0000
vn -0.0482 -0.0581 -0.9971
vn 0.0621 -0.1623 -0.9848
vn 0.0192 0.0693 -0.9974
vn -0.1526 -0.1009 -0.9831
vn -0.1370 -0.2105 -0.9679
vn -0.1584 0.1391 -0.9775
vn -0.4713 0.0366 -0.8812
vn -0.2485 -0.3027 -0.9201
vn 0.3598 -0.0725 -0.9302
vn 0.2908 -0.1563 -0.9439
vn 0.1809 -0.0308 -0.9830
vn -0.0280 -0.0320 -0.9991
vn 0.0088 0.0104 -0.9999
vn 0.0666 0.0725 -0.9951
vn 0.1565 0.1644 -0.9739
vn 0.0088 -0.0729 -0.9973
vn 0.0408 -0.1502 -0.9878
vn 0.1956 0.1932 -0.9615
vn 0.1487 -0.2168 -0.9648
vn -0.2455 0.1796 -0.9526
vn -0.3426 0.1299 -0.9304
vn -0.3341 -0.4166 -0.8455
vn 0.0730 -0.4283 -0.9007
vn -0.6946 0.2261 -0.6829
vn -0.0874 -0.0631 -0.9942
vn 0.1287 0.3637 -0.9226
vn 0.1327 0.4280 -0.8940
vn 0.0885 0.4795 -0.8731
vn 0.2563 0.1844 -0.9489
vn 0.2435 0.2242 -0.9436
vn 0.2771 0.1154 -0.9539
vn 0.2926 0.0604 -0.9543
vn -0.0077 0.0230 -0.9997
vn 0.0823 -0.1105 -0.9905
vn -0.0006 -0.0491 -0.9988
vn 0.0907 -0.1504 -0.9845
vn -0.2564 0.0394 -0.9658
vn -0.2521 0.0434 -0.9667
vn -0.2182 0.0744 -0.9731
vn -0.2914 0.0069 -0.9566
vn -0.2436 -0.2066 -0.9476
vn 0.0427 -0.3980 -0.9164
vn -0.0827 0.2594 -0.9622
vn -0.1150 0.2175 -0.9693
vn -0.0386 0.3147 -0.9484
vn 0.0095 0.0150 -0.9998
vn -0.0341 -0.0560 -0.9979
vn -0.0037 -0.0064 -1.0000
vn 0.0411 0.0664 -0.9969
vn -0.2369 0.2115 -0.9482
vn -0.1567 0.1894 -0.9693
vn -0.3220 0.2337 -0.9175
vn -0.2333 -0.1793 -0.9557
vn -0.0956 -0.1865 -0.9778
vn 0.2716 0.0565 -0.9607
vn 0.1565 -0.4766 -0.8651
vn -0.3485 0.2403 -0.9060
vn -0.9626 -0.2702 -0.0210
vn 0.4416 0.3426 -0.8292
vn 0.1717 0.2818 -0.9440
vn -0.0071 -0.0607 -0.9981
vn -0.0396 -0.0144 -0.9991
vn -0.0601 0.0741 -0.9954
vn -0.0071 -0.1251 -0.9921
vn -0.1334 0.1562 -0.9787
vn -0.4526 0.2034 -0.8682
vn -0.2165 -0.2007 -0.9554
vn 0.4095 0.0730 -0.9094
vn -0.8069 -0.4538 -0.3781
vn -0.0256 -0.0316 -0.9992
vn 0.1500 0.2125 -0.9656
vn 0.2920 -0.2410 -0.9255
vn -0.1804 -0.2304 -0.9562
vn -0.2556 0.2490 -0.9342
vn -0.5532 -0.1183 -0.8246
vn -0.0627 0.0237 -0.9978
vn 0.1336 0.1970 -0.9713
vn 0.2726 0.1977 -0.9416
vn 0.1312 0.1649 -0.9775
vn 0.0630 -0.1977 -0.9782
vn -0.0035 -0.2411 -0.9705
vn -0.0664 -0.2473 -0.9667
vn 0.0271 0.1229 -0.9921
vn 0.2804 -0.3400 -0.8977
vn 0.0076 0.0881 -0.9961
vn 0.0620 0.0926 -0.9938
vn -0.4325 0.3601 -0.8266
vn -0.1773 -0.2920 -0.9398
vn -0.1776 -0.2206 -0.9590
vn -0.1565 -0.1991 -0.9674
vn -0.7276 0.5126 0.4559
vn -0.0017 -0.5519 -0.8339
vn 0.0073 -0.3889 -0.9213
vn -0.0033 -0.4684 -0.8835
vn -0.0002 -0.6267 -0.7792
vn 0.0890 0.0509 -0.9947
vn -0.0136 0.1193 -0.9928
vn 0.1601 0.1390 -0.9773
vn -0.1553 -0.0151 -0.9877
vn -0.0417 -0.1456 -0.9885
vn 0.2395 0.1269 -0.9626
vn 0.3574 -0.1761 -0.9172
vn 0.2871 -0.2377 -0.9279
vn 0.2883 -0.2367 -0.9278
vn -0.1805 0.1737 -0.9681
vn -0.3281 0.0062 -0.9446
vn -0.2979 -0.0743 -0.9517
vn -0.1630 -0.1739 -0.9712
vn 0.6809 0.4250 0.5964
vn 0.7120 0.3457 0.6112
vn 0.7682 0.3657 0.5256
vn 0.8004 0.4105 0.4369
vn 0.9749 -0.1923 -0.1123
vn -0.0499 0.3198 -0.9462
vn 0.0620 0.2513 -0.9659
vn 0.0141 0.2813 -0.9595
vn 0.0779 -0.1215 -0.9895
vn 0.0168 0.0347 -0.9993
vn 0.0217 0.1098 -0.9937
vn 0.0894 -0.2327 -0.9684
vn 0.0354 -0.1260 -0.9914
vn 0.0875 0.0293 -0.9957
vn 0.3312 0.2724 -0.9034
vn 0.4013 -0.1383 -0.9054
vn -0.0173 -0.4901 -0.8715
vn -0.3224 -0.0064 -0.9466
vn 0.2950 0.1997 -0.9344
vn 0.2413 0.2405 -0.9402
vn 0.3001 0.1958 -0.9336
vn 0.3498 0.1561 -0.9237
vn -0.7864 0.1897 -0.5879
vn -0.2262 0.0130 -0.9740
vn -0.1402 0.0342 -0.9895
vn 0.0086 0.0183 -0.9998
vn -0.2388 0.0299 -0.9706
vn 0.4390 0.8559 0.2734
vn 0.4086 0.8413 0.3540
vn 0.4312 0.8312 0.3510
vn -0.3130 0.0054 -0.9497
vn -0.0001 -0.2875 -0.9578
vn 0.3339 0.0230 -0.9423
vn 0.0230 0.0799 -0.9965
vn 0.0967 -0.0287 -0.9949
vn 0.0478 0.0435 -0.9979
vn 0.1193 -0.0625 -0.9909
vn 0.1490 0.2503 -0.9566
vn -0.0108 -0.2533 -0.9673
vn -0.1442 0.2880 -0.9467
vn -0.0412 0.0343 -0.9986
vn -0.1311 -0.0386 -0.9906
vn -0.0802 -0.0025 -0.9968
vn -0.0474 -0.2093 -0.9767
vn -0.4769 -0.6936 0.5399
vn 0.0005 0.0089 -1.0000
vn -0.0011 -0.0452 -0.9990
vn 0.2371 0.3476 -0.9072
vn 0.0481 -0.3091 -0.9498
vn -0.0949 0.4110 -0.9067
vn -0.2081 -0.1781 -0.9618
vn 0.0282 0.0580 -0.9979
vn 0.0102 -0.0055 -0.9999
vn 0.0423 0.1074 -0.9933
vn 0.0398 -0.2500 -0.9674
vn 0.0039 -0.0276 -0.9996
vn -0.3445 0.1545 -0.9260
vn 0.3499 -0.9362 0.0343
vn -0.0023 0.0699 -0.9976
vn 0.2644 0.2816 -0.9224
vn -0.1198 0.3544 -0.9274
vn -0.0032 -0.2527 -0.9675
vn -0.5750 0.2291 0.7854
vn 0.1652 -0.1838 -0.9690
vn 0.1819 -0.3196 -0.9299
vn -0.2691 0.0260 -0.9628
vn -0.0027 -1.0000 -0.0069
vn -0.0189 -0.9998 -0.0113
vn -0.0505 -0.9985 -0.0198
vn -0.0812 0.3095 -0.9474
vn -0.0295 0.3601 -0.9324
vn -0.0533 0.3371 -0.9400
vn 0.2910 0.1583 -0.9435
vn -0.1066 0.2840 -0.9529
vn 0.0078 0.0112 -0.9999
vn -0.0000 0.0939 -0.9956
vn 0.0215 0.2141 -0.9766
vn -0.1983 -0.4399 -0.8759
vn 0.0229 0.2467 -0.9688
vn 0.0642 0.2708 -0.9605
vn 0.0135 -0.0234 -0.9996
vn -0.0494 -0.0031 0.9988
vn -0.0002 -0.1621 0.9868
vn -0.0181 -0.0346 0.9992
vn 0.0791 0.0972 0.9921
vn 0.1923 -0.1894 -0.9629
vn -0.1184 -0.1382 -0.9833
vn 0.2917 0.1880 -0.9379
vn -0.2492 -0.6164 0.7470
vn -0.2840 -0.5895 0.7562
vn -0.2306 -0.6301 0.7415
vn 0.0238 -0.1960 -0.9803
vn -0.1402 -0.0674 -0.9878
vn 0.0277 -0.2196 -0.9752
vn -0.1592 0.1586 -0.9744
vn 0.1119 -0.2185 -0.9694
vn 0.1305 -0.0104 -0.9914
vn 0.1274 0.2341 -0.9638
vn -0.0652 0.3751 -0.9247
vn -0.1213 0.3536 -0.9275
vn -0.1154 0.3560 -0.9273
vn -0.1670 0.3351 -0.9273
vn 0.1572 -0.3207 -0.9341
vn 0.0045 0.1180 -0.9930
vn -0.1508 -0.0201 -0.9884
vn 0.5537 -0.3272 0.7658
vn 0.5701 -0.4557 0.6836
vn 0.5583 -0.3416 0.7560
vn 0.0889 -0.3019 -0.9492
vn -0.1164 0.2517 -0.9608
vn -0.2311 -0.1753 -0.9570
vn -0.0078 0.0736 -0.9973
vn 0.2046 0.0460 -0.9778
vn -0.2093 0.0628 -0.9758
vn 0.0942 0.2892 -0.9526
vn -0.2162 0.2088 -0.9538
vn 0.5393 0.5636 -0.6257
vn -0.1791 0.1509 0.9722
vn -0.2827 0.1286 0.9506
vn -0.2452 0.1369 0.9598
vn 0.0903 0.0708 -0.9934
vn 0.0889 0.1186 -0.9889
vn -0.0060 0.0823 -0.9966
vn 0.1604 0.1593 -0.9741
vn 0.1325 0.2509 -0.9589
vn 0.0032 -0.1425 0.9898
vn -0.0005 -0.1117 0.9937
vn -0.0284 -0.0257 0.9993
vn 0.2214 -0.2916 -0.9306
vn -0.0319 -0.2247 -0.9739
vn 0.0045 -0.1691 -0.9856
vn -0.0161 -0.2954 -0.9552
vn 0.0339 -0.1433 -0.9891
vn -0.0187 0.1956 -0.9805
vn 0.1318 0.2060 -0.9696
vn -0.2539 0.0716 -0.9646
vn 0.2477 -0.5309 -0.8104
vn 0.1434 -0.2890 -0.9465
vn -0.0217 0.1291 -0.9914
vn 0.2000 0.3886 0.8994
vn 0.1091 0.4063 0.9072
vn 0.0731 0.3038 0.9499
vn -0.0399 -0.0164 0.9991
vn -0.0459 -0.0238 0.9987
vn -0.0541 -0.0339 0.9980
vn 0.0214 -0.6601 -0.7509
vn 0.0136 -0.2184 -0.9758
vn 0.0679 -0.0943 -0.9932
vn 0.0008 -0.2470 -0.9690
vn -0.2031 0.2024 -0.9580
vn 0.9994 -0.0333 -0.0001
vn 0.9994 -0.0282 -0.0178
vn 0.9962 -0.0079 -0.0870
vn 0.8771 0.2472 -0.4118
vn 0.7900 -0.0606 -0.6100
vn 0.0527 -0.3400 -0.9389
vn 0.2695 0.2126 -0.9393
vn 0.5880 -0.0276 -0.8084
vn -0.4248 0.8378 -0.3430
vn 0.0173 -0.9361 -0.3514
vn 0.0114 -0.9593 -0.2822
vn -0.3094 0.6674 -0.6774
vn -0.4058 0.7204 -0.5624
vn 0.0075 -0.3877 -0.9218
vn -0.0001 -0.6311 -0.7757
vn -0.0003 -0.6258 -0.7800
vn -0.0003 -0.6237 -0.7817
vn 0.4919 -0.8706 -0.0118
vn -0.0043 -0.4537 -0.8911
vn 0.3619 -0.9322 0.0034
vn -0.5777 0.8162 -0.0107
vn -0.5931 0.8051 0.0051
vn -0.6684 0.7424 0.0448
vn -0.4656 0.2484 -0.8494
vn -0.4770 -0.3692 -0.7976
vn 0.1019 0.1919 0.9761
vn 0.1689 0.1645 0.9718
vn 0.2364 0.2074 0.9493
vn -0.0064 0.1474 0.9890
vn -0.1589 0.0556 0.9857
vn 0.0781 -0.1943 0.9778
vn 0.0758 -0.0819 0.9938
vn 0.0952 -0.1498 0.9841
vn -0.1852 0.0786 0.9796
vn -0.2795 0.0588 0.9583
vn -0.2114 -0.2108 0.9544
vn 0.1946 0.2212 0.9556
vn 0.3768 -0.0331 0.9257
vn -0.0066 0.0107 0.9999
vn -0.0410 0.0522 0.9978
vn -0.0127 0.0650 0.9978
vn -0.0753 0.0163 0.9970
vn -0.1043 0.1568 0.9821
vn -0.3584 0.0825 0.9299
vn -0.2775 -0.2614 0.9245
vn 0.1478 0.0944 0.9845
vn 0.1948 0.1342 0.9716
vn 0.0565 0.1606 0.9854
vn 0.1630 0.1876 0.9686
vn -0.6648 -0.6411 0.3835
vn -0.5856 -0.7173 0.3776
vn -0.6561 -0.6502 0.3831
vn 0.0218 -0.0784 0.9967
vn 0.0018 -0.1031 0.9947
vn 0.0851 -0.1892 0.9782
vn -0.0914 0.0743 0.9930
vn 0.0255 0.1015 0.9945
vn -0.0893 -0.0538 0.9945
vn 0.0863 -0.0441 0.9953
vn 0.2802 0.2019 0.9385
vn 0.0127 -0.0934 0.9955
vn -0.1923 0.2575 0.9469
vn -0.2476 0.2255 0.9423
vn -0.1868 0.2606 0.9472
vn -0.1611 -0.1201 0.9796
vn -0.2243 -0.0923 0.9701
vn -0.1855 0.2261 0.9563
vn -0.1816 0.2282 0.9565
vn -0.1373 0.2522 0.9579
vn -0.2309 0.2007 0.9521
vn 0.0652 0.0146 0.9978
vn -0.1554 -0.1798 0.9713
vn 0.1855 0.1565 0.9701
vn 0.3471 0.2222 0.9111
vn 0.2249 0.1728 0.9589
vn 0.1873 -0.1812 0.9654
vn -0.0265 0.0065 -0.9996
vn -0.1178 -0.0244 0.9927
vn -0.1007 -0.0263 0.9946
vn -0.0064 -0.0363 0.9993
vn 0.5282 -0.1057 0.8425
vn 0.2289 0.1181 0.9663
vn -0.1356 -0.0165 0.9906
vn 0.0020 -0.0024 1.0000
vn -0.0077 -0.0034 1.0000
vn 0.0452 0.0021 0.9990
vn -0.1762 -0.1828 0.9672
vn 0.0143 -0.0571 0.9983
vn 0.0921 0.0964 0.9911
vn 0.1666 0.1049 0.9804
vn 0.2239 0.0429 0.9737
vn 0.0192 -0.0537 0.9984
vn -0.0578 -0.0374 0.9976
vn -0.0490 -0.0735 0.9961
vn -0.2203 0.1624 0.9618
vn -0.2675 0.1150 0.9567
vn -0.2952 0.0864 0.9515
vn -0.3469 0.0310 0.9374
vn 0.3533 0.0683 0.9330
vn 0.1995 -0.1544 0.9677
vn -0.3358 -0.7503 0.5694
vn -0.2951 -0.7870 0.5418
vn -0.2528 -0.8210 0.5119
vn 0.0014 -0.2101 0.9777
vn 0.0992 -0.0082 0.9950
vn 0.0162 -0.4242 0.9054
vn 0.1498 -0.1601 0.9757
vn -0.4194 -0.9077 0.0150
vn -0.0030 0.3418 0.9398
vn -0.0047 0.2029 0.9792
vn 0.0042 0.2421 0.9703
vn 0.0160 0.0666 0.9977
vn 0.0192 0.1212 0.9924
vn -0.0048 0.1943 0.9809
vn -0.0037 -0.1571 0.9876
vn 0.0034 -0.1457 0.9893
vn -0.0429 -0.2539 0.9663
vn 0.1725 -0.1340 0.9758
vn 0.0059 0.3558 0.9345
vn 0.0150 0.3053 0.9521
vn 0.0025 0.3742 0.9274
vn -0.9658 0.2570 -0.0351
vn -0.9731 0.2302 0.0115
vn -0.9773 0.2049 0.0542
vn 0.0008 -0.1077 0.9942
vn 1.0000 -0.0004 -0.0000
vn 1.0000 -0.0014 -0.0027
vn 1.0000 -0.0005 -0.0003
vn 0.9999 0.0103 -0.0075
vn 1.0000 0.0002 -0.0040
vn 1.0000 -0.0005 -0.0029
vn 1.0000 -0.0005 -0.0020
vn 1.0000 -0.0005 -0.0017
vn 1.0000 -0.0004 -0.0010
vn 0.9976 -0.0432 0.0546
vn 0.9999 -0.0065 0.0086
vn 1.0000 -0.0052 -0.0001
vn 0.9949 -0.1006 -0.0028
vn 1.0000 -0.0004 0.0015
vn 1.0000 -0.0005 0.0045
vn 0.0340 -0.2227 0.9743
vn 0.0120 -0.0879 0.9961
vn 0.0012 -0.1808 0.9835
vn -0.9523 0.3040 0.0281
vn 0.1735 -0.2348 0.9564
vn -0.0001 -0.1870 0.9824
vn -0.1620 -0.1387 0.9770
vn 0.0095 0.1998 0.9798
vn 0.0005 0.2390 0.9710
vn 0.0118 0.1898 0.9818
vn -0.0326 0.1206 0.9922
vn 0.1141 0.1569 0.9810
vn -0.1715 0.1531 0.9732
vn 0.3175 -0.0772 0.9451
vn 0.2240 0.2388 0.9449
vn 0.1798 0.2280 0.9569
vn 0.1515 0.2208 0.9635
vn 0.2538 0.2460 0.9355
vn 0.0040 0.0181 0.9998
vn -0.0843 -0.1165 0.9896
vn 0.0038 -0.0382 0.9993
vn -0.0523 -0.1212 0.9912
vn -0.1968 0.2309 0.9529
vn -0.2717 0.2402 0.9319
vn -0.1501 0.2244 0.9629
vn -0.1741 -0.1820 0.9678
vn 0.5848 0.7450 -0.3210
vn -0.1692 -0.0459 0.9845
vn 0.3157 -0.1581 0.9356
vn 0.1999 0.1893 0.9614
vn 0.0002 0.0715 0.9974
vn -0.0674 -0.1124 0.9914
vn 0.0022 -0.0126 0.9999
vn -0.0116 -0.1067 0.9942
vn -0.0913 -0.1769 0.9800
vn -0.1906 0.2102 0.9589
vn -0.1568 0.2393 0.9582
vn -0.1991 0.2028 0.9588
vn -0.2373 0.1688 0.9567
vn -0.1463 -0.1754 0.9736
vn 0.0082 -0.3917 0.9201
vn 0.1615 0.1525 0.9750
vn 0.1388 0.1419 0.9801
vn 0.1116 0.1291 0.9853
vn 0.1891 0.1654 0.9679
vn 0.4099 0.0020 0.9121
vn -0.0098 -0.0571 0.9983
vn 0.0029 0.0139 0.9999
vn -0.2398 0.0203 0.9706
vn 0.2565 0.0341 0.9659
vn -0.1275 -0.1832 0.9748
vn -0.2149 -0.1230 0.9689
vn -0.2046 -0.1302 0.9701
vn -0.0133 0.2710 0.9625
vn 0.1328 -0.2643 0.9553
vn -0.8931 -0.0019 -0.4498
vn -0.0291 -0.4508 0.8922
vn 0.0007 -0.1684 0.9857
vn 0.0062 0.0056 -1.0000
vn -0.9154 -0.2850 -0.2843
vn -0.4681 -0.8319 0.2979
vn -0.0577 0.2472 0.9672
vn -0.1010 0.3379 0.9358
vn -0.0051 -0.7024 0.7118
vn 0.2798 -0.1836 0.9423
vn 0.5287 0.1614 0.8333
vn 0.6965 -0.2198 0.6831
vn 0.4624 -0.6492 0.6040
vn 0.4484 -0.7359 0.5074
vn 0.4716 -0.6929 0.5453
vn 0.4184 -0.7642 0.4908
vn -0.0054 -0.9600 0.2800
vn 0.0492 0.2417 0.9691
vn -0.5300 -0.3402 0.7768
vn -0.5298 -0.3391 0.7774
vn -0.5201 -0.4973 0.6944
vn -0.5194 -0.4506 0.7261
vn -0.0000 -0.0017 -1.0000
vn 0.1456 0.2294 0.9624
vn 0.9931 0.1105 -0.0399
vn 0.9926 -0.1012 0.0667
vn 0.9984 0.0444 -0.0339
vn 0.3621 0.6817 0.6358
vn -0.2344 0.8800 0.4131
vn -0.5000 -0.0188 0.8658
vn 0.0002 0.3737 0.9276
vn -0.9642 0.0003 0.2652
vn -0.9203 0.0006 0.3912
vn -0.9003 0.0184 0.4348
vn 0.7003 0.5560 0.4476
vn 0.9281 0.0102 0.3722
vn -0.0000 0.9575 0.2886
vn -0.0008 0.9951 0.0985
vn -0.0000 0.9572 0.2894
vn -0.0007 1.0000 0.0013
vn -0.0007 1.0000 0.0020
vn -0.0440 0.9123 -0.4072
vn -0.0117 0.8623 -0.5062
vn -0.0348 0.8992 -0.4362
vn 0.9045 -0.0067 -0.4265
vn 0.0001 0.8412 -0.5408
vn -0.9758 0.2187 0.0006
vn -0.0003 0.8678 -0.4969
vn 0.5112 0.5967 -0.6185
vn 0.0790 0.9585 -0.2740
vn 0.7697 -0.0871 -0.6324
vn 0.0552 -0.0908 0.9943
vn 0.0285 -0.1415 0.9895
vn -0.0079 -0.1580 0.9874
vn 0.0047 0.9963 0.0858
vn 0.0027 1.0000 -0.0012
vn 0.0049 0.9956 0.0934
vn -0.0015 -0.0751 0.9972
vn -0.0066 0.0010 1.0000
vn -0.0063 -0.0038 1.0000
vn -0.0001 0.4673 0.8841
vn 0.5106 0.0723 0.8568
vn -0.5722 0.4616 -0.6779
vn -0.9997 0.0251 -0.0004
vn 0.3290 -0.9441 0.0223
vn -0.0335 -0.3110 0.9498
vn -0.1852 0.2310 -0.9552
vn 0.2801 -0.3542 0.8922
vn 0.9654 0.1577 0.2076
vn 0.9596 0.1430 0.2423
vn 0.9717 0.1805 0.1521
vn 0.0049 0.4952 -0.8688
vn -0.9246 -0.3790 -0.0378
vn -0.9473 -0.3197 -0.0186
vn -0.9563 -0.2924 -0.0099
vn -0.9154 -0.4000 -0.0446
vn -0.0938 -0.9951 -0.0314
vn 0.2873 0.2945 -0.9115
vn 0.2585 -0.8957 -0.3619
vn 0.5604 -0.5056 -0.6560
vn 0.5575 -0.2844 -0.7800
vn 0.9853 -0.0057 -0.1705
vn 0.9645 -0.0056 -0.2641
vn -0.8789 -0.0023 -0.4770
vn -0.8794 -0.0023 -0.4761
vn -0.8202 -0.0005 -0.5720
vn 0.9000 -0.0159 -0.4357
vn 0.4490 -0.7952 -0.4075
vn 0.4404 -0.8018 -0.4038
vn 0.4005 -0.8007 -0.4455
vn 0.4381 -0.7667 -0.4693
vn -0.8155 -0.0003 -0.5787
vn 0.9450 -0.0891 -0.3146
vn 0.8121 -0.0940 -0.5759
vn 0.3832 -0.1381 -0.9133
vn -1.0000 -0.0028 -0.0070
vn -0.9820 -0.0030 -0.1890
vn -0.9997 -0.0028 -0.0230
vn -0.4116 -0.0007 -0.9114
vn 0.8902 0.2890 0.3520
vn 0.8843 0.2749 0.3774
vn 0.8743 0.2536 0.4140
vn -0.6743 -0.1745 -0.7176
vn -0.6583 -0.2188 -0.7203
vn -0.6329 -0.2811 -0.7214
vn -0.6098 -0.3318 -0.7198
vn 0.0008 -0.5921 -0.8059
vn -0.0141 -0.3102 -0.9506
vn -0.0021 -0.2153 -0.9766
vn -0.2222 -0.9750 0.0015
vn -0.0118 -0.0977 -0.9951
vn -0.8147 -0.1689 -0.5548
vn 0.8718 -0.1364 -0.4704
vn 0.9622 -0.0787 -0.2607
vn -0.4100 0.7893 -0.4571
vn 0.0110 -0.4847 -0.8746
vn -0.9847 -0.0763 -0.1568
vn -0.7932 -0.4218 -0.4393
vn -0.8339 -0.0804 -0.5460
vn -0.6008 -0.3523 -0.7176
vn 0.1361 -0.9086 -0.3948
vn 0.6097 -0.7926 0.0002
vn 0.8500 -0.2774 -0.4479
vn 0.8576 -0.2671 -0.4395
vn 0.7804 -0.3330 -0.5292
vn -0.9553 -0.0310 -0.2942
vn -0.8641 -0.3182 -0.3900
vn 0.7569 -0.3260 -0.5664
vn 0.7417 -0.3093 -0.5952
vn 0.9121 0.3070 0.2719
vn 0.9946 -0.0768 -0.0697
vn 0.9999 -0.0097 -0.0067
vn 0.9999 -0.0136 -0.0103
vn 0.6013 -0.0121 0.7989
vn 0.5872 -0.0012 0.8095
vn 0.6853 -0.0809 0.7238
vn 0.0065 -0.0711 0.9974
vn -0.9388 0.3442 -0.0119
vn -0.9992 0.0386 0.0029
vn -0.9767 -0.1815 0.1146
vn 0.9496 -0.3078 0.0587
vn -0.8303 0.2453 -0.5005
vn -0.9509 -0.2602 -0.1674
vn -0.0021 -0.9637 0.2669
vn -0.0143 -0.0031 0.9999
vn -0.0151 -0.0031 0.9999
vn -0.0414 -0.0046 0.9991
vn -0.0254 -0.0051 0.9997
vn -0.0057 -0.0035 1.0000
vn 0.0121 -0.0043 0.9999
vn 0.0011 -0.0038 1.0000
vn 0.0024 -0.0039 1.0000
vn 0.8075 0.3537 -0.4720
vn -0.9791 0.1690 0.1133
vn 0.9806 -0.1953 0.0143
vn 0.1551 -0.0141 -0.9878
vn 0.0079 -0.9983 -0.0582
vn 0.2803 0.9457 -0.1645
vn 0.2574 0.9450 -0.2020
vn 0.2439 0.9437 -0.2236
vn -0.9625 -0.0019 -0.2713
vn -0.7546 -0.6059 -0.2520
vn -0.9571 -0.1814 -0.2258
vn 0.9495 -0.1196 -0.2902
vn 0.9427 -0.2657 -0.2020
vn 0.9482 -0.1816 -0.2607
vn 0.9513 0.0718 -0.2997
vn 0.7549 -0.6004 -0.2640
vn -0.9780 0.1763 -0.1118
vn 0.6719 0.7330 -0.1066
vn 0.9128 0.3833 -0.1409
vn 0.8889 0.4185 -0.1863
vn 0.8679 0.4448 -0.2211
vn -0.9612 0.2760 -0.0002
vn -0.3526 -0.8937 -0.2775
vn 0.2000 0.8309 0.5193
vn 0.2457 0.8436 0.4775
vn 0.1375 0.8555 0.4993
vn 0.3676 -0.9300 -0.0057
vn 0.5033 0.5707 -0.6489
vn 0.9724 -0.2068 -0.1081
vn 0.9825 -0.1800 -0.0476
vn 0.9627 -0.2249 -0.1501
vn -0.4904 0.6598 -0.5694
vn -0.7873 0.1931 0.5856
vn 0.5035 0.6902 -0.5198
vn 0.3981 0.7047 -0.5873
vn 0.3873 0.7630 -0.5175
vn -0.5828 0.5051 0.6366
vn -0.4809 0.5587 0.6757
vn -0.6344 0.5367 0.5563
vn -0.6555 0.5163 0.5512
vn 0.9808 -0.1951 -0.0054
vn 0.0027 1.0000 -0.0022
vn 0.2274 -0.9738 0.0049
vn 0.9703 -0.2420 -0.0052
vn 0.2785 0.7798 0.5607
vn 0.3173 0.7167 0.6210
vn 0.3741 0.7863 0.4918
vn 0.1022 -0.0910 -0.9906
vn 0.3624 -0.8757 -0.3192
vn -0.2015 -0.9793 -0.0190
vn 0.3951 0.0006 -0.9186
vn 0.3992 0.0004 -0.9169
vn 0.5487 -0.0076 -0.8360
vn 0.5540 -0.0079 -0.8325
vn 0.9583 0.0034 -0.2859
vn -0.9151 0.3713 -0.1570
vn -0.7183 0.6774 -0.1589
vn 0.1259 0.0010 -0.9920
vn 0.7972 0.0934 -0.5965
vn 0.7822 0.4524 -0.4283
vn -0.8917 0.2374 -0.3854
vn 0.8945 0.4448 -0.0456
vn 0.6225 0.7444 -0.2417
vn 0.6199 0.7136 -0.3264
vn 0.5305 -0.5749 -0.6229
vn 0.3407 0.1140 -0.9332
vn 0.9563 0.1990 -0.2140
vn 0.8663 0.1792 -0.4663
vn 0.8556 0.0978 -0.5084
vn 0.8685 0.2119 -0.4481
vn 0.6185 0.4785 -0.6233
vn 0.2525 0.0339 -0.9670
vn -0.0811 0.3098 -0.9473
vn -0.1744 0.3040 -0.9366
vn -0.0093 0.3124 -0.9499
vn -0.7653 -0.2430 -0.5960
vn -0.1699 0.8402 0.5151
vn -0.2740 0.8424 0.4641
vn 0.8540 0.0896 -0.5125
vn 0.6658 0.4478 -0.5968
vn -0.6200 0.2139 -0.7549
vn -0.2303 -0.0035 -0.9731
vn 0.9722 0.2343 0.0004
vn 0.8520 0.2451 -0.4626
vn 0.8182 0.1865 -0.5438
vn 0.8599 0.2614 -0.4384
vn 0.6489 0.4563 -0.6089
vn 0.3011 0.1097 -0.9473
vn 0.3179 0.8296 0.4591
vn 0.3605 0.1266 -0.9241
vn 0.2438 0.0769 -0.9668
vn 0.3360 0.1161 -0.9347
vn 0.2367 0.0738 -0.9688
vn -0.6309 -0.7090 -0.3151
vn -0.6058 -0.7265 -0.3245
vn 0.4416 -0.1910 -0.8766
vn -0.0138 -0.9783 -0.2066
vn -0.0122 -0.9754 -0.2203
vn -0.0068 -0.9640 -0.2658
vn 0.6696 0.4329 -0.6035
vn 0.8606 0.2274 -0.4556
vn 0.8386 0.1416 -0.5261
vn 0.8644 0.2482 -0.4373
vn 0.3596 0.1276 -0.9244
vn 0.3717 0.1425 -0.9174
vn 0.3293 0.0644 -0.9420
vn 0.4573 0.0083 -0.8893
vn 0.1760 0.7691 0.6144
vn 0.2275 0.7133 0.6628
vn -0.9670 -0.0111 -0.2546
vn -0.7642 -0.0029 -0.6449
vn -0.7931 -0.0997 -0.6009
vn -0.7863 -0.0738 -0.6135
vn -0.5784 0.0013 -0.8157
vn 0.4890 -0.0015 -0.8723
vn -0.6570 -0.7539 -0.0007
vn -0.8112 -0.1881 -0.5537
vn 0.2917 -0.8770 0.3817
vn 0.4278 -0.8185 0.3834
vn 0.4282 -0.8109 0.3989
vn 0.2346 -0.7941 0.5607
vn 0.0334 -0.3030 -0.9524
vn 0.0810 -0.2510 -0.9646
vn 0.0310 -0.3056 -0.9517
vn -0.8828 -0.4696 0.0130
vn -0.9062 -0.4221 0.0242
vn 0.9907 -0.0550 -0.1245
vn 0.9797 -0.1184 -0.1617
vn 0.9691 -0.1732 -0.1758
vn 0.6137 -0.2707 -0.7417
vn 0.6259 -0.2155 -0.7495
vn 0.6385 -0.1446 -0.7559
vn -0.9329 -0.3326 -0.1380
vn -0.7277 -0.5677 0.3849
vn 0.0051 -0.2107 -0.9775
vn 0.0077 -0.1653 -0.9862
vn 0.0139 -0.2465 -0.9691
vn -0.0109 -0.0834 -0.9965
vn 0.9713 -0.0834 -0.2227
vn 0.5918 -0.3513 -0.7255
vn 0.8399 -0.0739 -0.5376
vn -0.9961 -0.0260 -0.0847
vn -0.8740 -0.2014 -0.4422
vn 0.9675 -0.0922 -0.2353
vn 0.7676 -0.0696 -0.6371
vn -0.6261 -0.7704 0.1208
vn -0.9765 -0.2154 -0.0010
vn -0.9994 0.0341 -0.0000
vn -0.9994 0.0344 -0.0000
vn -0.9728 -0.1961 -0.1233
vn -0.9813 -0.1885 -0.0401
vn -0.9798 -0.1905 -0.0614
vn 0.9758 -0.1387 -0.1690
vn 0.7959 0.6054 0.0065
vn 0.8772 0.4801 0.0006
vn 0.8779 0.4789 -0.0003
vn 0.9957 0.0926 -0.0075
vn -0.9694 0.0813 0.2317
vn -0.9680 0.0737 0.2399
vn -0.9563 0.0251 0.2914
vn -0.8725 -0.4882 0.0208
vn 0.2859 -0.2848 -0.9150
vn 0.2949 -0.2434 -0.9240
vn 0.2994 -0.3452 -0.8895
vn 0.8885 -0.0458 0.4566
vn -0.8940 0.2756 0.3533
vn -0.8356 0.2173 0.5045
vn -0.8664 0.2560 0.4288
vn -0.8757 0.2691 0.4008
vn 0.9372 -0.3453 -0.0502
vn 0.9695 0.1757 -0.1707
vn 0.9907 0.1283 -0.0450
vn 0.9828 0.1578 -0.0963
vn 0.9590 -0.2833 0.0064
vn 0.9552 -0.2960 0.0056
vn -0.4169 0.8122 0.4081
vn -0.3640 0.7891 0.4948
vn -0.3359 0.8381 0.4298
vn -0.4108 0.8356 0.3647
vn 0.7162 0.5257 0.4591
vn 0.7423 0.5457 0.3889
vn 0.6770 0.6243 0.3898
vn 0.6567 -0.0001 -0.7541
vn -0.7296 0.4151 0.5435
vn -0.8420 -0.5260 -0.1193
vn -0.8802 -0.4406 -0.1766
vn -0.8312 -0.5460 -0.1051
vn -0.8885 -0.4172 -0.1913
vn -0.9807 0.1466 -0.1291
vn 0.9252 -0.3339 -0.1805
vn 0.9088 -0.3788 -0.1750
vn 0.6820 0.7288 -0.0616
vn -0.5642 0.6502 0.5088
vn -0.4547 0.6173 0.6420
vn -0.5150 0.6830 0.5180
vn 0.9581 -0.0001 0.2864
vn -0.9995 -0.0031 -0.0313
vn -0.7019 0.6395 -0.3135
vn -0.6084 0.7293 -0.3131
vn -0.6291 0.6832 -0.3707
vn 0.0305 -0.2024 -0.9788
vn 0.0238 -0.1816 -0.9831
vn 0.4162 -0.9092 -0.0062
vn 0.4738 -0.8806 -0.0066
vn 0.4188 -0.9081 -0.0062
vn 0.1142 -0.4053 -0.9070
vn 0.8488 0.2722 -0.4533
vn 0.8691 0.2824 -0.4061
vn 0.9966 0.0470 0.0678
vn 0.9994 0.0276 0.0190
vn 0.9998 0.0178 -0.0058
vn -0.0010 -0.1228 0.9924
vn 0.0002 -0.2293 0.9733
vn -0.0001 -0.1472 0.9891
vn -0.9807 -0.1950 -0.0145
vn -0.5365 0.7872 -0.3041
vn -0.9831 -0.1820 0.0212
vn 0.7014 -0.0007 0.7128
vn 0.9766 -0.2142 0.0197
vn 0.9472 0.2732 -0.1680
vn 0.9700 0.2006 -0.1374
vn 0.9813 0.1269 -0.1446
vn 0.9905 -0.1268 0.0538
vn -0.9247 -0.0493 -0.3776
vn -0.9943 0.0568 -0.0901
vn -0.9884 0.0700 -0.1348
vn -0.9995 -0.0050 -0.0308
vn -0.9746 0.1208 0.1884
vn -0.9998 0.0111 -0.0157
vn -0.9985 -0.0553 0.0059
vn 0.8911 0.0184 -0.4534
vn 0.9948 0.0769 -0.0663
vn 0.9980 0.0593 -0.0236
vn 0.9906 0.0327 -0.1326
vn 0.9808 -0.1947 -0.0115
vn 0.9711 0.1522 0.1837
vn -0.9980 -0.0632 0.0028
vn -0.9893 -0.1455 0.0072
vn -0.9894 -0.1440 -0.0162
vn -0.9810 -0.1929 -0.0213
vn -0.9487 -0.2245 0.2225
vn 1.0000 0.0026 -0.0000
vn 0.9861 -0.1658 -0.0096
vn 0.9139 -0.2797 0.2942
vn -0.7533 -0.5710 0.3263
vn -0.1550 -0.3167 -0.9358
vn 0.3377 -0.9411 -0.0186
vn -0.9594 0.2818 0.0147
vn 0.8184 -0.5678 -0.0890
vn 0.9882 0.1167 -0.0995
vn -0.0000 -0.2584 0.9660
vn 0.0001 -0.2635 0.9647
vn 0.0006 -0.2785 0.9604
vn 0.0018 -0.2860 0.9582
vn 0.8331 0.5531 -0.0023
vn 0.9291 0.3546 -0.1048
vn -0.8442 -0.3923 0.3653
vn -0.7972 -0.3818 0.4677
vn -0.8038 -0.3834 0.4548
vn 0.9539 0.2999 -0.0117
vn -0.1190 -0.1638 -0.9793
vn 0.8496 -0.5275 0.0009
vn -0.3696 -0.0032 0.9292
vn 0.9587 -0.2845 -0.0009
vn 0.9834 -0.1813 0.0012
vn 0.9788 -0.2049 0.0007
vn 0.9576 -0.2880 -0.0009
vn -0.9499 0.3124 -0.0011
vn 0.9496 0.3135 0.0046
vn 0.9994 0.0014 0.0358
vn 0.9997 0.0008 0.0262
vn 0.9998 0.0004 0.0193
vn 0.9997 0.0002 0.0247
vn 0.9919 0.0103 0.1262
vn -0.5246 0.8513 0.0004
vn -0.8799 0.4751 -0.0011
vn -0.9974 0.0726 -0.0013
vn -0.9179 -0.2165 -0.3326
vn 0.9787 0.0911 0.1840
vn 0.9301 -0.1059 -0.3518
vn -0.9962 0.0319 -0.0809
vn -0.9921 0.1225 -0.0267
vn -0.9930 0.1179 0.0113
vn -0.9829 0.1815 0.0316
vn 0.7175 0.2515 0.6495
vn 0.9984 0.0135 -0.0558
vn 0.9567 -0.2446 0.1580
vn -0.9730 -0.2197 -0.0707
vn 0.9786 -0.1983 -0.0543
vn 0.9705 -0.2148 -0.1094
vn 0.8113 0.5846 -0.0004
vn 0.7570 0.6534 0.0003
vn 0.7577 0.6526 0.0003
vn 0.0071 -0.0144 0.9999
vn -0.0171 0.7199 0.6939
vn 0.0530 0.6464 0.7611
vn 0.1185 0.6856 0.7182
vn -0.6761 0.7342 -0.0612
vn 0.9104 0.4138 0.0037
vn 0.8800 0.4751 -0.0002
vn 0.8786 0.4776 -0.0004
vn -0.9218 -0.3863 0.0324
vn 0.9057 -0.4215 0.0459
vn 0.9165 -0.3983 0.0365
vn 0.8421 -0.5287 0.1066
vn 0.9947 -0.0988 0.0295
vn 0.4858 0.8740 0.0005
vn 0.9590 -0.0971 -0.2664
vn 0.9620 -0.1270 -0.2415
vn 0.9653 -0.1360 -0.2228
vn 0.5383 0.8424 0.0241
vn 0.9742 0.1981 0.1079
vn 0.8710 0.4903 0.0303
vn 0.8896 0.4565 0.0175
vn 0.9092 0.4164 0.0028
vn -0.9947 -0.1021 -0.0066
vn -0.9916 -0.0278 -0.1266
vn -0.9969 -0.0712 -0.0321
vn -0.9966 -0.0825 -0.0072
vn -0.9960 -0.0855 0.0250
vn 0.3602 -0.9329 -0.0058
vn -0.8919 -0.4523 0.0028
vn 0.7913 0.5823 0.1862
vn -0.0126 -0.9891 -0.1468
vn -0.0107 -0.9670 -0.2547
vn -0.0126 -0.9886 -0.1504
vn -0.6210 -0.7445 0.2452
vn -0.6093 -0.7563 0.2383
vn -0.6796 -0.6780 0.2801
vn -0.0009 -0.0573 -0.9984
vn 0.9349 -0.3549 -0.0016
vn 0.5981 0.7476 0.2888
vn 0.5043 -0.0017 -0.8635
vn -0.9320 -0.3623 -0.0023
vn -0.8850 -0.4618 0.0602
vn -0.9401 -0.3408 -0.0037
vn -0.9021 -0.4295 0.0425
vn 0.2788 -0.0001 -0.9603
vn -0.0858 -0.2012 0.9758
vn -0.1318 -0.2203 0.9665
vn -0.0192 -0.1571 0.9874
vn -0.9848 -0.1411 -0.1017
vn 0.8346 -0.0034 -0.5509
vn 0.0060 -0.9998 0.0194
vn -0.1684 0.3086 0.9362
vn -0.0776 0.3097 0.9477
vn -0.0838 0.3097 0.9471
vn 0.9865 -0.1548 -0.0534
vn 0.9820 -0.1865 -0.0307
vn -0.9754 -0.0456 0.2157
vn -0.9726 -0.0141 0.2319
vn -0.9687 0.0174 0.2477
vn -0.9607 0.0632 0.2702
vn 0.9898 -0.1271 -0.0646
vn 0.9822 0.0320 0.1849
vn 0.9531 0.1349 0.2710
vn 0.9754 0.0141 0.2201
vn 0.9898 -0.0452 0.1348
vn 0.9970 -0.0631 0.0441
vn -0.9621 -0.2476 -0.1144
vn -0.9939 0.1067 -0.0295
vn -0.9998 0.0122 0.0168
vn -0.9989 0.0465 -0.0000
vn 0.9771 0.2129 0.0025
vn 0.9745 0.2218 0.0341
vn 0.9790 0.1915 -0.0700
vn 0.9977 0.0659 0.0136
vn 0.9990 0.0385 0.0228
vn 0.9913 0.1313 -0.0085
vn -0.7684 -0.6399 0.0003
vn 0.2377 -0.9644 -0.1161
vn 0.0007 -0.0051 1.0000
vn 0.0010 -0.0994 0.9950
vn -0.7404 0.6643 0.1025
vn 0.7697 -0.6384 0.0002
vn 0.8046 -0.5938 -0.0007
vn 0.7715 -0.6363 0.0001
vn 0.9908 0.1012 0.0901
vn 0.8377 -0.5201 0.1665
vn 0.5636 -0.0029 0.8261
vn -0.0000 0.6410 -0.7676
vn -0.1422 -0.4834 -0.8638
vn 0.3768 0.7556 0.5358
vn 0.5058 0.7165 0.4804
vn -0.9346 -0.0291 0.3544
vn -0.9447 -0.1430 0.2950
vn -0.9404 -0.0777 0.3312
vn -0.3746 -0.6753 0.6354
vn -0.9144 -0.3970 0.0791
vn -0.9578 0.0019 0.2875
vn 0.0031 -0.1423 0.9898
vn -0.9587 0.0022 0.2843
vn -0.9999 0.0024 -0.0169
vn -0.8045 0.1850 0.5643
vn -0.7490 0.4816 0.4550
vn -0.2475 0.0789 0.9657
vn -0.2345 0.0747 0.9692
vn -0.1185 0.0376 0.9922
vn -0.4509 0.1232 0.8840
vn -0.0030 -0.0037 1.0000
vn -0.8624 0.2629 0.4326
vn -0.8223 0.2072 0.5301
vn -0.6687 0.4396 0.5996
vn -0.1039 0.0329 0.9940
vn -0.7979 0.2625 0.5426
vn -0.0003 -0.0491 -0.9988
vn 0.0011 0.0149 -0.9999
vn 0.0022 0.0692 -0.9976
vn 0.0148 -0.0000 -0.9999
vn 0.0238 0.0009 -0.9997
vn 0.0176 0.0003 -0.9998
vn -0.0076 0.9199 0.3921
vn 0.0002 0.9093 0.4162
vn -0.0365 0.9223 0.3847
vn -0.2165 0.0571 0.9746
vn -0.3576 0.1187 0.9263
vn -0.2579 0.0750 0.9633
vn -0.3643 0.1216 0.9233
vn -0.6875 0.4215 0.5913
vn -0.8629 0.2600 0.4334
vn -0.8557 0.2461 0.4552
vn -0.8248 0.1951 0.5307
vn 0.4582 -0.4149 -0.7861
vn 0.4414 -0.4119 -0.7972
vn 0.4005 -0.4039 -0.8224
vn 0.4895 0.7699 0.4095
vn -0.2173 0.0346 0.9755
vn -0.4730 0.1526 0.8677
vn 0.4918 0.4556 0.7420
vn -0.8708 0.2280 0.4356
vn -0.8703 0.2186 0.4414
vn -0.8605 0.1296 0.4926
vn -0.6597 0.4422 0.6077
vn -0.2591 0.0953 0.9611
vn -0.7858 0.6179 0.0283
vn -0.7752 0.6301 -0.0450
vn -0.6951 0.3894 0.6043
vn -0.9267 0.3002 0.2260
vn 0.8790 0.3106 0.3618
vn -0.9337 -0.0051 0.3580
vn -0.9315 -0.0050 0.3637
vn -0.8436 -0.0932 0.5287
vn -0.8412 -0.1008 0.5313
vn 0.8213 -0.0122 0.5704
vn 0.7055 -0.0154 0.7086
vn 0.7492 -0.0140 0.6623
vn 0.9202 0.0029 0.3915
vn -0.0022 -0.0023 1.0000
vn 0.8831 -0.0134 0.4691
vn -0.8252 -0.2129 0.5232
vn -0.6427 -0.2773 0.7141
vn -0.6628 -0.2154 0.7172
vn -0.6789 -0.1571 0.7172
vn -0.0163 -0.2623 0.9648
vn -0.0042 -0.1537 0.9881
vn -0.0152 -0.2528 0.9674
vn -0.0026 -0.1395 0.9902
vn 0.0002 -0.4842 0.8749
vn -1.0000 -0.0010 0.0064
vn -1.0000 -0.0013 0.0071
vn -0.9928 -0.0472 0.1104
vn -0.6173 -0.3445 0.7072
vn 0.9877 -0.0545 0.1465
vn 0.9992 -0.0146 0.0359
vn 0.9999 -0.0071 0.0152
vn -0.9011 -0.1718 0.3981
vn -0.3854 0.2867 0.8771
vn -0.4131 0.2650 0.8713
vn -0.3864 0.2866 0.8767
vn 1.0000 -0.0019 0.0007
vn 1.0000 -0.0061 0.0043
vn 0.7211 0.6928 0.0018
vn 0.7185 0.6955 0.0016
vn 0.8341 0.5515 0.0095
vn 0.8358 0.5490 0.0096
vn -0.9756 0.1763 -0.1306
vn -0.9430 0.3077 -0.1270
vn -0.7964 0.3631 0.4836
vn 0.9599 0.2614 -0.1010
vn 0.9669 0.2313 -0.1078
vn 0.9706 0.1431 -0.1936
vn 0.9999 -0.0006 0.0101
vn -0.9350 -0.0514 -0.3510
vn 0.9722 0.1221 -0.1998
vn 0.9530 0.0613 -0.2968
vn -0.9815 0.1800 -0.0657
vn 0.9121 -0.3470 -0.2183
vn 0.9880 0.1538 -0.0162
vn 0.8114 0.5845 -0.0004
vn 0.9735 0.1632 -0.1599
vn 0.2186 0.7990 -0.5602
vn 0.2738 0.7513 -0.6005
vn 0.0005 1.0000 0.0061
vn 0.3569 -0.9011 0.2464
vn 0.4003 -0.8747 0.2734
vn 0.4238 -0.8550 0.2990
vn -0.6944 0.2186 -0.6856
vn 0.0058 -0.8456 0.5338
vn -0.8782 0.4409 0.1854
vn 0.9144 0.4048 0.0043
vn 0.7930 -0.5683 0.2197
vn 0.9400 0.1946 0.2802
vn 0.7722 -0.5904 0.2348
vn 0.8503 0.4043 0.3370
vn 0.9371 -0.1593 0.3107
vn 0.9145 -0.1512 0.3753
vn 0.9063 -0.1484 0.3958
vn -0.9259 0.2661 0.2681
vn -0.9760 0.1161 0.1844
vn -0.9201 0.2559 0.2964
vn -0.8846 0.1892 0.4263
vn 0.2837 0.4894 0.8246
vn 0.1824 0.5480 0.8164
vn 0.0866 0.5425 0.8356
vn 0.0964 0.4722 0.8762
vn 0.8181 -0.5746 -0.0231
vn 0.8032 -0.5902 -0.0810
vn 0.8018 -0.5893 -0.0987
vn 0.5195 -0.8543 0.0158
vn -0.5828 0.6936 0.4234
vn -0.1143 0.7142 0.6906
vn -0.2291 0.7355 0.6377
vn -0.2034 0.6880 0.6967
vn -0.1729 0.9426 -0.2855
vn -0.9517 -0.3068 0.0077
vn -0.3170 -0.9484 0.0030
vn -0.4046 -0.9145 -0.0079
vn -0.3991 -0.9169 -0.0072
vn 0.3219 -0.9468 0.0069
vn 0.7883 -0.0048 0.6153
vn 0.9491 -0.3116 0.0464
vn 0.9321 -0.3612 0.0271
vn 0.9377 -0.3458 0.0332
vn 0.9576 -0.2824 0.0575
vn 0.0076 -0.0059 1.0000
vn -0.0771 0.3707 -0.9255
vn 0.9995 -0.0081 0.0312
vn 0.9630 -0.0550 0.2638
vn 0.9829 -0.0389 0.1799
vn -0.9279 -0.0019 0.3729
vn 0.9970 -0.0486 -0.0609
vn -0.8995 -0.1422 0.4132
vn 0.4485 0.0156 0.8937
vn 0.4298 0.0706 0.9001
vn 0.4692 0.1664 0.8673
vn 0.4497 0.1523 0.8801
vn 0.4713 -0.0085 0.8819
vn 0.0153 -0.8482 -0.5294
vn 0.0152 -0.8467 -0.5318
vn 0.0087 -0.9022 -0.4313
vn 0.7765 -0.1938 0.5996
vn -0.8735 -0.1666 0.4575
vn -0.9998 -0.0048 0.0173
vn 0.7003 -0.0904 0.7081
vn 0.9579 -0.2870 -0.0077
vn 0.9096 -0.4154 -0.0103
vn 0.9075 -0.4198 -0.0105
vn 0.9588 -0.2839 -0.0076
vn 0.8773 -0.4118 0.2465
vn -0.8095 -0.3551 0.4676
vn 0.7807 0.5223 0.3432
vn 0.8363 0.4858 0.2541
vn -0.0022 -0.4747 0.8801
vn -0.0038 -0.2749 0.9615
vn -0.0124 -0.3737 0.9274
vn -0.0140 -0.2868 0.9579
vn 0.0029 -0.4027 0.9153
vn -0.0194 -0.6127 0.7901
vn -0.6590 -0.1815 0.7299
vn 0.7469 -0.2030 0.6332
vn 0.7985 -0.2143 0.5625
vn 0.0116 -0.5195 0.8544
vn 0.0089 -0.5325 0.8464
vn 0.0265 -0.4432 0.8960
vn 0.0284 -0.4332 0.9009
vn 0.6589 -0.2664 0.7035
vn 0.8540 -0.0707 0.5154
vn 0.8277 -0.0198 0.5608
vn 0.8342 -0.0316 0.5506
vn 0.6407 -0.0516 0.7661
vn 0.2528 -0.4479 0.8576
vn 0.7853 0.0488 0.6171
vn -0.5297 -0.0832 0.8441
vn -0.0036 -0.0997 0.9950
vn -0.0144 -0.1974 0.9802
vn 0.9960 0.0081 0.0887
vn -0.4752 -0.8796 -0.0193
vn 0.4711 -0.3298 0.8181
vn 0.6060 -0.3407 0.7187
vn 0.6188 -0.3413 0.7075
vn -0.5268 -0.8500 0.0072
vn -0.4185 -0.9082 0.0002
vn -0.4539 -0.8910 0.0069
vn 0.9638 -0.1226 0.2369
vn 0.7504 -0.4849 0.4492
vn 0.5209 -0.3823 0.7632
vn -0.7334 -0.3322 0.5931
vn -0.7469 -0.3275 0.5786
vn -0.8063 -0.3638 0.4664
vn -0.6994 -0.6548 -0.2866
vn -0.3194 0.9476 -0.0000
vn 0.9521 -0.3059 0.0026
vn 0.9506 -0.3103 0.0032
vn 0.9650 -0.2623 -0.0032
vn 0.9119 0.1220 0.3919
vn 0.9152 0.1208 0.3846
vn 0.9497 0.1059 0.2948
vn 0.9928 0.1200 0.0017
vn -0.0143 -0.9988 -0.0474
vn -0.9180 -0.3956 -0.0292
vn -0.9920 -0.0456 -0.1173
vn -0.9922 -0.0921 -0.0840
vn -0.9829 -0.1833 -0.0171
vn -0.8093 0.2540 0.5297
vn 0.9985 0.0344 0.0431
vn -0.3898 -0.0007 -0.9209
vn -0.9773 0.0272 0.2101
vn -0.9564 0.2910 -0.0242
vn -0.9379 0.3459 0.0278
vn -0.9263 0.3730 0.0541
vn 0.9515 0.2256 0.2091
vn -0.2424 -0.9700 0.0192
vn -0.0707 -0.9974 0.0158
vn -0.1110 -0.9932 0.0336
vn -0.2460 -0.9691 0.0190
vn -0.0007 -1.0000 -0.0030
vn 0.2537 -0.4888 -0.8347
vn -0.8827 -0.3412 0.3231
vn -0.7627 -0.5224 0.3812
vn -0.8741 0.1745 0.4533
vn 1.0000 -0.0034 -0.0076
vn 0.9986 0.0018 -0.0531
vn 0.9999 -0.0056 -0.0098
vn 0.9999 -0.0121 -0.0083
vn 0.9999 -0.0093 -0.0081
vn 0.8541 -0.4088 0.3216
vn 0.8279 -0.4252 0.3657
vn 0.8301 -0.4239 0.3622
vn 0.0278 -0.9971 -0.0711
vn 0.0336 -0.9952 0.0916
vn 0.0351 -0.9962 0.0803
vn 0.0281 -0.9972 -0.0694
vn -0.9933 -0.0986 -0.0607
vn -0.9984 -0.0478 -0.0299
vn -1.0000 -0.0032 -0.0029
vn 0.8572 0.3159 0.4066
vn 0.8703 0.3107 0.3822
vn 0.8784 0.3257 0.3498
vn -0.7488 0.5363 0.3894
vn -0.6938 0.5761 0.4322
vn 0.7990 0.5037 0.3285
vn 0.6553 0.7554 0.0021
vn 0.5810 -0.3715 -0.7242
vn 0.7017 -0.3220 -0.6356
vn 0.7121 -0.3169 -0.6265
vn 0.0267 0.1478 0.9887
vn 0.0102 0.0839 0.9964
vn 0.0291 0.1354 0.9904
vn -0.8716 0.2783 0.4035
vn -0.8728 0.2788 0.4005
vn -0.3371 -0.5756 0.7451
vn -0.6431 -0.5184 0.5636
vn -0.2259 -0.9028 0.3661
vn -0.6289 -0.2743 0.7275
vn -0.7775 -0.6111 0.1486
vn -0.9725 -0.2325 0.0102
vn -0.4646 -0.8848 0.0344
vn 0.1368 -0.9893 0.0510
vn -0.3013 -0.5756 0.7602
vn 0.2363 -0.4998 0.8333
vn 0.3417 -0.6585 0.6705
vn 0.7602 -0.6491 0.0271
vn 0.7756 -0.6300 0.0401
vn 0.8010 -0.5953 0.0628
vn 0.1143 -0.9923 0.0480
vn 0.0432 -0.9976 0.0534
vn 0.0195 -0.9998 0.0089
vn 0.9505 -0.1315 0.2816
vn 0.4150 -0.1423 0.8986
vn -0.5291 -0.0023 0.8486
vn -0.6378 -0.0100 0.7701
vn -0.6799 -0.0066 0.7332
vn 0.9132 -0.0065 0.4074
vn -0.7534 -0.0009 0.6575
vn -0.5944 -0.0623 0.8018
vn -0.6203 -0.0281 0.7839
vn -0.7207 -0.6931 -0.0117
vn -0.7853 -0.6190 -0.0125
vn -0.7865 -0.6174 -0.0125
vn 0.0179 -0.3196 -0.9474
vn 0.7557 -0.0007 0.6550
vn 0.7710 -0.0706 0.6329
vn 0.7669 -0.0501 0.6398
vn -0.8017 0.0065 0.5976
vn -0.4759 -0.1198 0.8713
vn -0.4293 -0.1367 0.8928
vn 0.7795 -0.1214 0.6145
vn 0.4389 -0.3420 0.8309
vn 0.4999 -0.2428 0.8314
vn 0.4245 -0.4114 0.8066
vn 0.5280 -0.2180 0.8208
vn -0.0208 -0.0583 -0.9981
vn -0.4082 -0.3925 0.8242
vn -0.4291 -0.3377 0.8378
vn -0.4189 -0.4313 0.7991
vn -0.6914 -0.2240 0.6868
vn 0.8714 -0.2495 0.4224
vn 0.7893 -0.2638 0.5544
vn 0.7728 -0.2657 0.5764
vn 0.9515 -0.0751 0.2982
vn 0.3988 -0.5055 0.7652
vn -0.4674 -0.5023 0.7274
vn -0.2614 -0.3450 0.9015
vn -0.9754 -0.0894 0.2014
vn -0.9366 -0.1978 0.2894
vn -0.9722 -0.1005 0.2116
vn 0.4515 -0.3276 0.8300
vn 0.7872 -0.1573 0.5962
vn 0.6522 -0.4552 0.6062
vn 0.7214 -0.4529 0.5239
vn 0.7468 -0.4505 0.4893
vn -0.7936 -0.3891 0.4679
vn -0.7122 -0.4636 0.5271
vn -0.0013 -0.4171 0.9089
vn -0.9693 -0.1659 0.1814
vn 0.9749 -0.1151 0.1908
vn 0.9634 -0.1467 0.2244
vn 0.6259 -0.4548 0.6336
vn 0.8404 -0.2562 0.4775
vn -0.9903 -0.1039 0.0926
vn -0.9872 -0.1190 0.1058
vn -0.9810 -0.1333 0.1411
vn -0.9940 -0.0650 0.0879
vn -0.9969 -0.0588 0.0531
vn 0.3788 -0.5311 0.7579
vn -0.7760 -0.4029 0.4853
vn 0.7271 -0.6865 -0.0109
vn 0.8733 0.4872 -0.0001
vn 1.0000 -0.0064 0.0019
vn 0.9997 -0.0197 0.0124
vn 0.0751 -0.9615 -0.2643
vn 0.0646 -0.9979 0.0046
vn 0.1360 -0.9907 -0.0025
vn 0.0891 -0.9960 0.0022
vn 0.8416 -0.1302 0.5241
vn 0.8735 -0.0022 0.4868
vn 0.8663 -0.0725 0.4943
vn -0.9587 0.2517 0.1320
vn -0.9974 0.0723 -0.0017
vn -1.0000 0.0094 -0.0029
vn -1.0000 -0.0078 -0.0032
vn 0.9018 -0.0187 0.4317
vn 0.9368 0.2795 0.2107
vn 0.9615 -0.2265 0.1556
vn 0.9903 -0.1323 0.0422
vn -0.9872 -0.1521 -0.0489
vn -0.9624 0.2680 -0.0455
vn -0.9576 -0.2400 0.1594
vn -0.9980 0.0635 -0.0064
vn 0.9601 -0.2716 -0.0662
vn -0.3916 -0.0011 -0.9201
vn 0.9536 -0.3011 0.0003
vn 0.9059 0.3749 0.1968
vn -0.0086 -0.8368 -0.5475
vn -0.0086 -0.8342 -0.5514
vn 0.0004 0.3964 0.9181
vn -0.8632 0.2752 0.4232
vn -0.7566 -0.4896 0.4333
vn -0.7573 -0.4705 0.4529
vn 0.2867 -0.8944 -0.3433
vn 0.8171 -0.1267 0.5624
vn 0.8647 -0.1598 0.4762
vn 0.8416 -0.1356 0.5229
vn -0.1859 -0.8150 -0.5489
vn 0.8096 -0.5866 0.0199
vn 0.8141 -0.5803 0.0218
vn 0.8890 -0.4542 0.0581
vn 0.7491 0.4002 0.5279
vn 0.7816 0.3917 0.4854
vn -0.1616 -0.0197 0.9867
vn 0.2467 0.9459 0.2109
vn 0.2669 0.9473 0.1770
vn 0.2850 0.9474 0.1457
vn 0.5019 -0.8645 -0.0262
vn 0.3548 0.8386 0.4133
vn -0.9372 -0.3002 0.1777
vn -0.8813 -0.4040 0.2451
vn -0.9690 0.1644 -0.1844
vn -0.7507 -0.5353 0.3872
vn 0.2135 -0.7521 0.6235
vn -0.0744 -0.8737 0.4807
vn 0.7514 -0.5353 0.3857
vn 0.0601 -0.9795 0.1921
vn -0.0221 -0.9995 0.0210
vn 0.7392 -0.3136 0.5960
vn 0.7711 -0.4924 0.4037
vn 0.8188 -0.5686 0.0796
vn 0.6283 -0.4541 0.6317
vn 0.3089 -0.5115 0.8019
vn 0.2744 -0.4636 0.8425
vn 0.2663 -0.4522 0.8513
vn 0.2386 -0.4134 0.8787
vn -0.5550 -0.8317 0.0153
vn -0.4625 -0.8864 0.0166
vn 0.8473 -0.0050 0.5311
vn 0.3671 -0.0136 0.9301
vn 0.4607 -0.0065 0.8875
vn 0.4590 0.0009 0.8884
vn 0.6041 -0.0008 0.7969
vn 0.7087 -0.0205 0.7052
vn 0.6163 -0.0030 0.7875
vn -0.8119 -0.0031 0.5838
vn -0.7269 -0.0461 0.6852
vn -0.8136 -0.0032 0.5814
vn 0.6099 -0.0136 0.7923
vn 0.5495 -0.0005 0.8355
vn 0.0020 -0.0030 1.0000
vn 0.3369 -0.0540 0.9400
vn 0.3032 0.0043 0.9529
vn 0.3483 -0.1205 0.9296
vn -0.7211 -0.0668 0.6896
vn 0.6239 -0.0153 0.7813
vn -0.7079 -0.1181 0.6964
vn -0.5420 -0.0870 0.8359
vn 0.1903 -0.1363 0.9722
vn -0.6854 -0.3183 0.6549
vn 0.5945 -0.3442 0.7267
vn 0.2133 -0.3155 0.9246
vn 0.2110 -0.3936 0.8947
vn 0.2109 -0.3965 0.8935
vn -0.5218 -0.2812 0.8054
vn 0.7159 -0.0220 0.6978
vn 0.7120 -0.1164 0.6925
vn 0.7374 -0.2046 0.6438
vn 0.5784 -0.1907 0.7932
vn 0.2644 -0.2911 0.9194
vn 0.2535 -0.3497 0.9019
vn 0.2072 -0.4713 0.8573
vn 0.8298 -0.2157 0.5147
vn 0.7260 -0.2378 0.6453
vn 0.8171 -0.2190 0.5333
vn 0.0211 -0.6654 0.7462
vn -0.4925 -0.5122 0.7037
vn -0.7768 0.5928 -0.2126
vn 0.8811 -0.2470 0.4033
vn -1.0000 -0.0029 0.0035
vn -1.0000 -0.0030 0.0003
vn -0.9948 -0.0039 -0.1020
vn -1.0000 -0.0062 0.0060
vn -1.0000 -0.0047 0.0077
vn -1.0000 -0.0037 0.0053
vn -0.5274 -0.6083 0.5931
vn -0.2178 -0.7082 0.6715
vn -0.9180 -0.2770 0.2838
vn 0.6869 -0.4820 0.5440
vn 0.9899 -0.1250 0.0666
vn 0.8650 -0.4109 0.2879
vn 0.8543 -0.3949 0.3378
vn 0.8397 -0.3796 0.3883
vn 0.1141 -0.6861 0.7185
vn -0.0034 -0.3107 -0.9505
vn 0.9858 -0.0511 0.1600
vn 0.0176 0.2911 0.9565
vn -0.9722 -0.1615 0.1698
vn 0.2933 -0.7535 -0.5884
vn -0.8383 -0.4249 0.3417
vn -0.9597 0.2797 0.0272
vn 0.0105 -0.6240 0.7814
vn 0.5783 -0.4880 0.6538
vn -0.0129 -0.7283 0.6851
vn -0.0128 -0.7264 0.6871
vn -0.5101 -0.6812 0.5251
vn -0.6329 0.7346 0.2445
vn -0.6174 0.6425 0.4538
vn 0.4999 0.6954 0.5162
vn 0.6861 0.4844 0.5427
vn -0.8129 0.5114 0.2785
vn -0.5664 0.5982 0.5669
vn 0.0255 0.7307 0.6822
vn 0.0021 0.8022 0.5970
vn 0.0053 0.7930 0.6091
vn 0.0275 0.7241 0.6891
vn 0.2928 0.8770 0.3809
vn -0.4854 -0.8691 -0.0947
vn -0.4085 -0.8932 -0.1880
vn -0.9118 0.0058 0.4106
vn 0.7253 -0.0786 0.6839
vn 0.7680 0.0019 0.6404
vn 0.7721 0.0014 0.6354
vn 0.7105 -0.0474 0.7021
vn -0.5084 -0.0619 0.8589
vn -0.7462 -0.0892 0.6597
vn 0.7435 -0.1443 0.6530
vn 0.4703 -0.3756 0.7986
vn 0.5587 -0.3748 0.7398
vn 0.4806 -0.3757 0.7924
vn -0.0250 -0.2477 0.9685
vn -0.7441 -0.2850 0.6043
vn -0.7504 -0.2803 0.5987
vn -0.6726 -0.3340 0.6604
vn 0.9603 -0.0006 0.2789
vn 0.4486 -0.4545 0.7696
vn 0.4797 -0.4635 0.7450
vn 0.3666 -0.4285 0.8258
vn 0.0210 -0.9731 0.2296
vn 0.0210 -0.9732 0.2290
vn 0.5734 -0.3743 0.7288
vn -0.6627 -0.3401 0.6672
vn 0.9493 0.3116 -0.0417
vn -0.2199 -0.1972 -0.9554
vn 0.9725 -0.2316 -0.0254
vn 0.9845 -0.1754 -0.0064
vn 0.9930 -0.1170 0.0131
vn -0.9975 -0.0710 -0.0043
vn -0.9546 -0.2056 -0.2155
vn 0.9827 0.1550 -0.1013
vn 0.9581 -0.2342 -0.1651
vn 0.9245 0.0898 -0.3705
vn 0.4643 0.5181 -0.7183
vn -0.9760 -0.2107 0.0544
vn 0.9718 -0.2126 -0.1023
vn 0.9907 -0.1349 -0.0177
vn 0.9627 -0.2375 -0.1299
vn -0.7699 -0.6382 0.0005
vn 0.9988 0.0171 -0.0464
vn 0.9896 -0.1269 0.0683
vn 0.9954 -0.0902 0.0326
vn 0.9934 0.0568 -0.0996
vn 0.6818 -0.0045 0.7315
vn 0.0123 -0.0682 0.9976
vn 0.4806 -0.8769 0.0096
vn -0.6077 -0.7942 0.0005
vn 0.0091 -0.0007 -1.0000
vn 0.0049 -0.0012 -1.0000
vn -0.0023 -0.0021 -1.0000
vn 0.0025 -0.0015 -1.0000
vn -0.0018 -0.0021 -1.0000
vn -0.7828 -0.3727 0.4982
vn -0.8197 -0.1782 0.5444
vn -0.5859 -0.6793 0.4420
vn -0.7626 0.3174 0.5636
vn 0.7915 -0.1320 0.5968
vn 0.8076 0.2302 0.5429
vn 0.6166 -0.6693 0.4146
vn 0.7623 -0.1945 0.6174
vn -0.8394 0.1869 0.5103
vn 0.4771 0.7665 0.4300
vn 0.4622 0.7777 0.4261
vn 0.9994 -0.0345 -0.0029
vn -0.0101 -0.6063 0.7952
vn -0.0101 -0.6083 0.7937
vn 0.0045 -0.0016 -1.0000
vn 0.0016 -0.0022 -1.0000
vn -0.0008 -0.0027 -1.0000
vn -0.0010 -0.0027 -1.0000
vn 0.0028 -0.0019 -1.0000
vn 0.2707 0.0027 -0.9626
vn 0.7977 -0.2563 0.5459
vn 0.8805 -0.2348 0.4118
vn 0.8254 -0.2504 0.5060
vn 0.1909 -0.4313 0.8818
vn 0.1722 -0.4386 0.8820
vn -0.6097 -0.5387 0.5814
vn -0.6256 -0.5352 0.5676
vn 0.7161 -0.2394 0.6557
vn 0.9674 -0.1976 0.1581
vn 0.8863 -0.2328 0.4004
vn 0.7090 -0.5132 0.4837
vn 0.7366 -0.4119 0.5365
vn 0.7220 -0.4709 0.5070
vn 0.3261 -0.5721 0.7526
vn 1.0000 0.0043 0.0030
vn -0.4639 -0.7070 0.5338
vn -0.5059 -0.6892 0.5187
vn -0.5716 -0.7082 0.4144
vn -0.6042 -0.6971 0.3861
vn 0.6823 -0.5130 0.5209
vn 0.9533 -0.2234 0.2033
vn 0.3718 -0.7589 0.5346
vn 0.4077 -0.7045 0.5810
vn 0.3905 -0.7316 0.5588
vn 0.8286 -0.4896 0.2716
vn 0.8256 -0.4936 0.2734
vn 0.9606 -0.2753 0.0379
vn 0.9488 -0.3146 0.0288
vn 0.9591 -0.2803 0.0390
vn 0.9425 -0.3326 0.0327
vn -0.9523 -0.1761 0.2494
vn -0.7682 -0.5560 0.3175
vn 0.9838 -0.1297 0.1239
vn 0.0003 -0.9606 -0.2779
vn -0.3593 0.9332 0.0011
vn -0.3909 -0.7211 0.5720
vn -0.8352 -0.3065 0.4566
vn -0.8030 -0.3834 0.4563
vn -0.7205 -0.4912 0.4894
vn -0.7165 -0.4949 0.4916
vn 0.9133 0.0018 0.4072
vn 0.5113 -0.6479 0.5646
vn 0.5578 -0.6000 0.5735
vn 0.5472 -0.6069 0.5765
vn 0.5898 -0.6514 0.4773
vn 0.8088 0.0002 0.5881
vn -0.5394 -0.6957 -0.4744
vn 0.7088 -0.6749 0.2053
vn 0.9727 -0.1681 0.1602
vn 0.8338 0.4710 0.2880
vn 0.9559 -0.2792 0.0910
vn 0.9639 -0.2660 -0.0117
vn 0.9741 -0.2251 -0.0208
vn 0.9812 -0.1909 -0.0292
vn -0.9865 -0.1638 -0.0073
vn -0.9962 -0.0757 0.0428
vn -0.9862 -0.1562 0.0558
vn -0.9824 -0.1857 -0.0188
vn -0.9980 -0.0115 0.0629
vn -0.9188 0.0879 0.3849
vn 0.9972 -0.0097 -0.0748
vn 0.9659 0.2488 0.0711
vn 0.9681 -0.2459 0.0488
vn 0.9623 0.2704 0.0283
vn 0.9823 0.1058 -0.1544
vn 0.9950 0.0920 -0.0402
vn -0.5711 -0.7613 0.3071
vn -0.0431 -0.0164 -0.9989
vn -1.0000 -0.0028 -0.0060
vn -0.9999 -0.0111 -0.0057
vn -0.9999 -0.0114 -0.0057
vn 0.0001 -0.0011 1.0000
vn -0.0049 -0.0027 1.0000
vn -0.0022 -0.0051 1.0000
vn -0.0017 -0.0042 1.0000
vn -0.0016 -0.0041 1.0000
vn -0.0029 -0.0062 1.0000
vn 0.4719 -0.1858 -0.8619
vn 0.5021 -0.1781 -0.8463
vn 0.3747 -0.7944 0.4780
vn -0.6457 -0.4134 0.6421
vn -0.6774 0.1919 0.7102
vn -0.7111 0.1585 0.6850
vn -0.6235 0.2185 0.7506
vn -0.6604 0.1006 0.7442
vn -0.5840 0.1555 0.7967
vn -0.6291 0.1239 0.7674
vn 0.5625 -0.6243 0.5422
vn 0.6618 -0.4968 0.5615
vn 0.6754 -0.4762 0.5631
vn 0.7573 -0.2077 0.6191
vn 0.6986 0.2403 0.6739
vn 0.5488 -0.6393 0.5387
vn 0.5995 -0.2081 0.7729
vn 0.6729 -0.2101 0.7093
vn 0.6010 -0.2082 0.7716
vn 0.6976 0.0842 0.7116
vn 0.6960 0.3834 0.6071
vn 0.5945 0.3921 0.7020
vn -0.4483 0.6906 0.5676
vn -0.4874 0.7009 0.5208
vn 0.6579 0.3409 0.6715
vn -0.0095 -1.0000 -0.0024
vn -0.0833 -0.0273 0.9961
vn -0.3862 -0.7489 0.5385
vn -0.6598 -0.6500 0.3770
vn -0.6809 -0.6513 0.3349
vn -0.7065 -0.6509 0.2778
vn 0.9625 -0.2148 0.1656
vn 0.4456 -0.6578 0.6073
vn 0.6891 -0.5673 0.4509
vn 0.0965 -0.6770 0.7296
vn 0.3745 -0.7337 0.5669
vn -0.0042 -0.9980 -0.0633
vn -0.0042 -0.9976 -0.0686
vn -0.9127 -0.3617 0.1902
vn -0.1895 -0.8636 0.4671
vn -0.6321 -0.7434 0.2185
vn -0.4636 -0.8171 0.3426
vn 0.7280 -0.3966 0.5592
vn 0.9591 -0.2630 0.1044
vn 0.9538 -0.2712 0.1297
vn 0.9653 -0.2517 0.0701
vn 0.9798 -0.2000 0.0036
vn 0.9923 -0.0919 -0.0836
vn 0.9971 -0.0711 -0.0254
vn -0.9740 -0.1950 0.1154
vn 0.0011 -0.9318 0.3630
vn 0.9627 -0.1740 0.2074
vn 0.6487 -0.6848 0.3322
vn 0.8437 -0.5237 0.1182
vn 0.7863 -0.5696 0.2393
vn 0.8220 -0.5440 0.1686
vn -0.9247 -0.3728 0.0774
vn 0.9933 0.0006 -0.1156
vn -0.0027 0.2038 0.9790
vn 0.2757 -0.0004 -0.9613
vn 0.3763 0.9265 0.0007
vn 0.3945 0.9189 0.0001
vn 0.3726 0.9280 -0.0001
vn 0.3712 0.9285 -0.0001
vn 0.3934 0.9194 0.0001
vn 0.7031 0.7099 0.0395
vn 0.6186 -0.6488 0.4433
vn -0.7573 -0.5464 0.3577
vn 0.8162 -0.3914 0.4250
vn 0.8241 -0.5575 0.0997
vn -0.8935 -0.3173 0.3178
vn -0.8488 -0.5214 0.0880
vn 0.7831 -0.2537 0.5678
vn -0.6502 0.7580 -0.0516
vn -0.9703 -0.2414 -0.0164
vn -0.9931 0.0970 0.0659
vn -0.9837 0.1401 0.1126
vn -0.9764 0.1988 0.0843
vn 0.9048 0.4246 0.0319
vn -0.9988 0.0181 0.0454
vn -0.9999 -0.0004 0.0162
vn -0.9709 -0.1894 0.1468
vn 0.8786 0.1935 0.4367
vn 0.9726 0.1669 0.1618
vn 0.9691 -0.1872 0.1608
vn -0.9763 0.1406 -0.1643
vn -0.9980 0.0458 0.0429
vn -0.9941 0.0856 0.0663
vn 0.0115 -0.1219 0.9925
vn -0.0090 -0.1970 0.9804
vn -0.0014 -0.1771 0.9842
vn -0.1519 -0.9884 -0.0035
vn -0.2247 -0.9744 -0.0044
vn -0.1493 -0.9888 -0.0035
vn 0.6214 0.0005 -0.7835
vn 0.3298 -0.9175 0.2222
vn 0.2832 -0.9208 0.2681
vn 0.1967 -0.8669 0.4580
vn 0.2309 -0.8870 0.3999
vn -0.9806 0.0917 0.1732
vn 0.7127 -0.0016 0.7015
vn -0.4059 -0.5075 0.7601
vn -0.5249 0.0938 0.8460
vn -0.5190 0.1237 0.8458
vn 0.5221 -0.2043 0.8281
vn 0.1536 0.7280 -0.6682
vn -0.0023 -0.1459 -0.9893
vn -0.3726 0.7012 0.6079
vn 0.9313 -0.3642 0.0057
vn 0.4611 0.6412 0.6134
vn 0.7977 0.5983 -0.0755
vn 0.5634 0.4415 0.6983
vn 0.0001 -0.7059 0.7083
vn 0.6252 -0.3489 0.6981
vn 0.5864 -0.3037 0.7510
vn -0.9324 -0.3615 0.0036
vn -0.0001 -1.0000 0.0012
vn 0.0029 -1.0000 0.0027
vn 0.0174 -0.9998 -0.0077
vn 0.1733 -0.9849 -0.0050
vn 0.6648 -0.6327 0.3972
vn 0.1889 -0.9542 0.2321
vn 0.2097 -0.9447 0.2522
vn 0.2734 -0.9094 0.3135
vn 0.8988 -0.3745 0.2277
vn 0.1608 -0.8420 0.5150
vn 0.2865 -0.9009 0.3260
vn -0.7217 -0.6492 0.2401
vn 0.7548 -0.5818 0.3030
vn 0.8423 -0.4829 0.2394
vn 0.7598 -0.5769 0.2998
vn 0.0027 -0.4637 0.8860
vn -0.0057 -0.4028 -0.9153
vn 0.6606 -0.7059 0.2554
vn -0.6710 -0.7252 0.1544
vn 0.8509 -0.4712 0.2320
vn -0.2340 -0.9218 0.3092
vn 0.0071 -0.9268 -0.3754
vn -0.8657 0.1047 0.4896
vn -0.8934 0.0257 0.4485
vn -0.8497 0.1422 0.5078
vn -0.7286 0.4576 0.5097
vn -0.8879 0.3966 0.2331
vn 0.5712 0.6209 0.5369
vn 0.6129 0.5662 0.5512
vn 0.5680 0.6249 0.5357
vn 0.5397 0.6580 0.5251
vn -0.6816 0.5775 0.4494
vn -0.6723 0.5757 0.4653
vn -0.6303 0.5658 0.5316
vn -0.7315 0.5841 0.3517
vn 0.0143 0.8104 0.5857
vn -0.0235 0.9431 0.3316
vn 0.9222 0.3095 0.2317
vn 0.1136 0.7568 0.6436
vn 0.3481 0.8893 0.2965
vn 0.0083 -0.7016 0.7125
vn 0.2819 -0.0035 0.9594
vn 0.7708 0.0029 0.6371
vn -0.0005 0.0002 -1.0000
vn -0.0419 -0.0017 -0.9991
vn -0.0026 0.0001 -1.0000
vn -0.0928 -0.0005 -0.9957
vn -0.0015 -0.0007 -1.0000
vn -0.0003 -0.0004 -1.0000
vn 0.0007 -0.0014 -1.0000
vn -0.0004 -0.0001 -1.0000
vn -0.0004 -0.0002 -1.0000
vn 0.5464 -0.0111 0.8375
vn -0.8517 -0.2591 0.4554
vn -0.8631 -0.2067 0.4608
vn -0.8705 -0.1960 0.4514
vn -0.8879 -0.2845 0.3616
vn 0.8605 -0.2546 0.4413
vn 0.5906 -0.2961 0.7507
vn -0.9412 -0.0837 0.3273
vn -0.6995 -0.2659 0.6634
vn -0.6903 -0.2655 0.6730
vn -0.6387 -0.2631 0.7231
vn -0.6213 -0.2620 0.7385
vn 0.6365 0.1098 0.7634
vn 0.6051 -0.0023 0.7962
vn 0.6388 0.0678 0.7663
vn 0.8862 -0.1474 0.4392
vn -0.6278 0.0476 0.7769
vn -0.9166 -0.3657 0.1615
vn -0.0062 -0.7093 -0.7049
vn -0.9758 -0.2099 0.0613
vn -0.8174 -0.5377 0.2069
vn -0.9945 0.0126 0.1039
vn -0.9999 0.0016 0.0135
vn -0.9802 0.0240 0.1966
vn -0.9999 0.0018 0.0152
vn 0.0157 -0.9763 0.2158
vn 0.0252 -0.9205 0.3899
vn 0.0174 -0.9503 0.3110
vn 0.7561 -0.5862 0.2910
vn 0.4804 -0.8386 0.2568
vn -1.0000 0.0018 0.0001
vn -0.9978 -0.0022 0.0658
vn -1.0000 0.0016 0.0032
vn -0.9999 -0.0075 -0.0144
vn -1.0000 -0.0034 -0.0080
vn 0.3076 0.9515 0.0028
vn 0.3676 -0.6084 0.7033
vn -0.4021 -0.9156 0.0036
vn 0.5382 -0.7835 0.3107
vn 0.3391 -0.8709 0.3557
vn 0.3666 -0.8592 0.3570
vn 0.5754 -0.7783 0.2513
vn 0.0003 -1.0000 0.0012
vn 0.0104 -0.9998 0.0162
vn 0.0118 -0.9998 0.0183
vn 0.0004 -1.0000 -0.0037
vn -0.0115 -0.9999 -0.0083
vn 0.0185 -0.9998 -0.0103
vn -0.0105 -0.9998 0.0171
vn -0.0092 -0.9998 0.0152
vn -0.6914 -0.6629 0.2872
vn 0.5561 -0.7563 0.3447
vn 0.5403 -0.7692 0.3413
vn 0.5422 0.8403 -0.0010
vn 0.9719 -0.2348 -0.0187
vn -0.9934 -0.1136 0.0183
vn -0.9877 -0.0856 -0.1311
vn -0.6159 -0.0044 -0.7878
vn 0.0760 -0.9407 0.3307
vn 0.9907 -0.0300 -0.1329
vn -0.9707 0.1846 -0.1539
vn -0.9015 -0.0519 -0.4296
vn 0.9662 0.1898 -0.1746
vn 0.9376 -0.1639 -0.3066
vn 0.9382 -0.2317 -0.2572
vn 0.9369 -0.1527 -0.3146
vn 0.9272 -0.0752 -0.3670
vn -0.9460 -0.2253 -0.2330
vn -0.9130 0.1301 -0.3866
vn 0.9911 0.1008 -0.0867
vn 0.2434 0.6128 0.7519
vn 0.3221 0.6055 0.7278
vn 0.8374 -0.0054 -0.5466
vn 0.3188 -0.6146 -0.7216
vn 0.5225 -0.0006 -0.8527
vn -0.3936 0.1850 0.9005
vn -0.3878 0.0725 0.9189
vn -0.4015 -0.1798 0.8980
vn 0.3510 0.4472 0.8227
vn 0.2557 -0.6564 0.7098
vn 0.4095 -0.4136 0.8132
vn 0.4217 -0.4425 0.7914
vn 0.4552 -0.5274 0.7174
vn 0.4534 -0.1144 0.8839
vn 0.4041 -0.0231 0.9144
vn 0.5029 -0.0426 0.8633
vn -0.9262 -0.3771 0.0008
vn 0.3954 -0.0008 0.9185
vn 0.4652 -0.5544 0.6901
vn 0.5137 -0.0206 0.8577
vn -0.3847 0.1977 0.9016
vn 0.1397 0.6892 0.7109
vn 0.3857 0.5311 0.7544
vn 0.2739 0.3534 0.8945
vn 0.3374 0.3180 0.8860
vn 0.3047 0.3366 0.8910
vn 0.5159 0.2217 0.8274
vn -0.7617 -0.6480 -0.0050
vn -0.7598 -0.6502 -0.0049
vn -0.6397 -0.7686 0.0024
vn -0.4841 -0.8566 0.1784
vn 0.4221 -0.8931 0.1557
vn 0.3429 -0.9373 0.0626
vn 0.3591 -0.9324 0.0413
vn -0.6551 -0.7528 0.0640
vn -0.8082 -0.5818 0.0910
vn 0.0163 -0.2588 -0.9658
vn 0.0058 -0.1755 -0.9845
vn 0.0131 -0.2336 -0.9722
vn 0.8962 -0.4393 0.0621
vn -0.1741 -0.9727 0.1535
vn -0.6567 -0.7253 0.2066
vn 0.9685 -0.2442 0.0479
vn 0.4056 -0.8826 0.2376
vn 0.5184 -0.8406 0.1569
vn 0.3904 -0.8852 0.2531
vn 0.5835 -0.7957 0.1624
vn 0.3867 0.9194 0.0714
vn -0.9029 -0.2905 0.3167
vn -0.6272 -0.6340 0.4524
vn -0.8581 -0.4783 0.1869
vn 0.0403 -0.9218 0.3856
vn 0.0173 -0.9339 0.3571
vn -0.0154 -0.9488 0.3155
vn 0.8976 -0.2923 0.3300
vn 0.5011 -0.8159 0.2884
vn -0.8268 -0.3570 0.4348
vn -0.7894 -0.4173 0.4503
vn -0.7753 -0.4380 0.4551
vn -0.8422 -0.3291 0.4270
vn -0.9432 0.2752 0.1859
vn -0.8603 -0.4854 0.1557
vn 0.0179 0.9998 -0.0007
vn 0.8796 -0.4508 0.1516
vn 0.4758 -0.8795 -0.0062
vn -0.2873 0.2456 0.9258
vn -0.7372 -0.6716 0.0738
vn -0.7596 -0.6440 0.0908
vn -0.9628 -0.2670 0.0412
vn 0.8617 -0.5008 0.0816
vn -1.0000 -0.0029 -0.0026
vn -1.0000 -0.0014 -0.0006
vn -1.0000 -0.0008 0.0002
vn -0.9801 -0.1846 -0.0734
vn -0.9999 -0.0165 -0.0045
vn -1.0000 -0.0012 -0.0004
vn -1.0000 -0.0019 -0.0014
vn 0.9158 -0.4013 0.0133
vn -0.0008 -0.0138 0.9999
vn -0.0884 0.0009 0.9961
vn 0.1015 -0.0007 0.9948
vn 0.0031 -0.0249 0.9997
vn 0.0049 -0.0301 0.9995
vn -0.8269 -0.5392 0.1595
vn -0.7997 -0.5971 0.0636
vn -0.6540 -0.7449 0.1321
vn -0.1338 0.1600 0.9780
vn 0.5971 -0.7765 0.2015
vn 0.8871 -0.2423 0.3930
vn 0.8286 -0.5586 0.0389
vn 0.7919 -0.6105 0.0155
vn 0.8544 -0.5166 0.0569
vn 0.7786 -0.6274 0.0076
vn -0.9138 -0.1907 0.3587
vn -0.4234 -0.7023 -0.5722
vn 0.6351 -0.7487 -0.1897
vn 0.5182 -0.7123 0.4734
vn 0.6346 -0.7707 0.0578
vn 0.6752 -0.7322 0.0889
vn 0.6187 -0.7842 0.0461
vn 0.9504 -0.3111 0.0003
vn -0.8249 0.5648 -0.0222
vn -0.9685 -0.2155 0.1248
vn -0.9735 0.2280 0.0190
vn -0.9901 0.1396 0.0139
vn -0.9765 0.2146 0.0182
vn -0.9936 0.1124 0.0123
vn -0.0027 0.3126 -0.9499
vn 0.9766 0.1884 0.1037
vn 0.9642 -0.2242 0.1419
vn 0.9796 -0.0965 -0.1766
vn 0.9834 -0.1726 -0.0559
vn 0.9843 -0.1465 -0.0980
vn -0.9252 -0.3786 -0.0246
vn -0.9451 -0.3200 -0.0663
vn -0.6957 -0.6379 -0.3302
vn -0.6738 -0.6044 -0.4250
vn -0.6808 -0.6146 -0.3986
vn 0.9196 -0.3867 -0.0697
vn 0.9477 0.1629 0.2743
vn 0.9552 0.1789 0.2356
vn 0.9264 0.1284 0.3539
vn 0.9605 0.1897 0.2036
vn 0.6536 0.2366 -0.7189
vn -0.9498 -0.3128 0.0033
vn -1.0000 0.0041 -0.0035
vn -0.9872 -0.1316 -0.0900
vn -0.9803 -0.0021 -0.1976
vn -0.2153 0.2087 0.9540
vn -0.2520 -0.3200 0.9133
vn 0.5664 -0.5716 0.5936
vn -0.1196 -0.0561 0.9912
vn 0.6564 -0.7544 -0.0082
vn -0.0501 -0.5936 0.8032
vn 0.1206 0.3110 0.9427
vn 0.1006 -0.5951 0.7973
vn 0.0500 -0.3651 0.9296
vn 0.1670 0.1127 0.9795
vn 0.1395 0.0997 0.9852
vn 0.1090 0.0853 0.9904
vn 0.1798 -0.3350 0.9249
vn -0.8951 0.0376 -0.4442
vn 0.1977 0.1273 0.9720
vn -0.0447 -0.0147 0.9989
vn -0.0374 0.0160 0.9992
vn -0.3325 0.1936 0.9230
vn -0.2407 0.4592 0.8551
vn 0.0020 0.6416 0.7671
vn -0.1072 0.2854 0.9524
vn 0.0719 0.6586 0.7490
vn -0.0159 0.4864 0.8736
vn 0.2428 0.3699 0.8968
vn 0.4785 -0.8781 0.0035
vn 0.2677 -0.9627 0.0405
vn -0.3757 -0.9266 -0.0129
vn 0.2115 -0.9719 -0.1037
vn -0.0170 -0.9996 0.0220
vn -1.0000 -0.0002 0.0009
vn 0.0076 -0.9373 0.3485
vn -0.3707 -0.9273 0.0530
vn -0.3896 -0.9200 0.0432
vn -0.4915 -0.8649 -0.1023
vn 0.7625 -0.6470 -0.0000
vn 0.4824 -0.8758 0.0177
vn 0.3222 -0.9466 0.0137
vn 0.3495 -0.9368 0.0144
vn 0.5086 -0.8608 0.0183
vn -0.0059 0.8266 0.5627
vn -0.9992 0.0199 -0.0338
vn -0.9987 -0.0397 -0.0324
vn -0.9964 0.0833 -0.0172
vn -0.9991 -0.0245 0.0338
vn 0.0946 0.9955 0.0039
vn 0.0287 0.9996 0.0080
vn 0.1585 0.9874 -0.0001
vn -0.8652 -0.4853 -0.1263
vn 0.0705 -0.9036 0.4225
vn 0.0068 -0.9974 -0.0715
vn -0.0170 -0.9991 -0.0383
vn 0.0379 -0.9927 -0.1149
vn -0.0557 -0.9983 0.0162
vn 0.4558 -0.8900 0.0107
vn -0.5087 -0.8600 0.0403
vn -0.3678 -0.9297 0.0188
vn -0.4239 -0.9053 0.0272
vn -0.0127 -0.9980 -0.0620
vn 0.0074 -1.0000 0.0047
vn 0.0150 -0.9994 0.0300
vn -0.3609 -0.9324 0.0178
vn -0.8190 -0.5341 -0.2098
vn -0.8036 -0.5728 -0.1615
vn -0.7882 -0.6035 -0.1206
vn -0.0196 -0.9962 -0.0846
vn 0.6089 -0.7923 -0.0393
vn 0.7461 -0.6657 0.0100
vn 0.6827 -0.7306 -0.0140
vn 0.6000 -0.7989 -0.0422
vn -0.0926 0.9948 0.0426
vn 0.9820 -0.1877 -0.0205
vn 0.0619 -0.9981 0.0034
vn 0.0171 -0.4366 -0.8995
vn -0.9607 -0.2774 -0.0138
vn -0.8539 -0.5204 0.0045
vn 0.5475 -0.8368 -0.0032
vn 0.6505 -0.7590 0.0278
vn 0.6851 -0.7249 0.0712
vn -0.6788 -0.6904 0.2502
vn 0.2853 -0.1192 0.9510
vn 0.1268 -0.0406 0.9911
vn 0.2640 -0.1086 0.9584
vn 0.6340 -0.7266 0.2649
vn -0.0004 -0.0052 1.0000
vn -0.4595 0.6272 0.6288
vn 0.6297 -0.0510 0.7752
vn 0.6298 -0.0497 0.7751
vn -0.4484 -0.8628 0.2336
vn 0.2736 -0.2079 -0.9391
vn -0.7307 -0.6826 -0.0086
vn 0.6866 -0.7204 0.0980
vn 0.8946 0.1188 -0.4307
vn 0.9026 0.1115 -0.4159
vn -0.9537 -0.3007 -0.0018
vn -0.3096 0.9447 -0.1081
vn -0.9864 0.0916 0.1362
vn -0.9615 0.0182 0.2743
vn -0.9756 0.0992 0.1959
vn 0.9647 0.2081 0.1614
vn 0.9722 -0.1929 0.1327
vn -0.9822 0.1868 -0.0172
vn -0.9287 -0.3615 0.0828
vn 0.9617 -0.2663 -0.0653
vn -0.6432 -0.5465 -0.5363
vn -0.7863 0.6004 0.1459
vn 0.7824 0.2178 -0.5835
vn 0.9923 -0.1242 -0.0046
vn 0.2736 -0.9307 -0.2426
vn -0.6914 -0.7182 -0.0779
vn 0.7340 -0.6770 -0.0545
vn 0.8823 -0.4645 -0.0763
vn 0.1789 -0.9768 -0.1177
vn 0.7114 -0.7026 -0.0196
vn 0.7216 -0.6920 -0.0195
vn 0.9980 -0.0607 -0.0162
vn 0.9955 -0.0942 0.0046
vn 0.9984 -0.0521 -0.0216
vn 0.5352 -0.8360 -0.1209
vn 0.4410 -0.8873 -0.1347
vn 0.4029 -0.8887 -0.2190
vn 0.6056 -0.7795 -0.1601
vn 0.9308 -0.3544 -0.0895
vn 0.9044 -0.3969 -0.1566
vn 0.9380 -0.3400 -0.0674
vn 0.3699 -0.9025 -0.2205
vn -0.9030 0.4296 0.0012
vn -0.6483 0.7606 -0.0344
vn 0.9769 0.2134 -0.0084
vn 0.4462 -0.6353 -0.6303
vn 0.5197 -0.5950 -0.6131
vn 0.5434 -0.5805 -0.6064
vn 0.6854 -0.7131 -0.1473
vn 0.4372 -0.6399 -0.6320
vn 0.0078 -0.9090 -0.4168
vn -0.7647 -0.6409 -0.0666
vn -0.0750 -0.7110 -0.6992
vn 0.0125 -0.9923 -0.1234
vn 0.0242 -0.9808 -0.1936
vn 0.0101 -0.9939 -0.1095
vn 0.0259 -0.9787 -0.2038
vn 0.7577 -0.6240 -0.1910
vn 0.7175 -0.4787 -0.5060
vn 0.5033 -0.6249 -0.5968
vn -0.9272 0.3744 -0.0098
vn -0.9793 -0.1998 -0.0326
vn 0.5180 -0.8554 0.0027
vn -0.9447 0.3279 0.0001
vn -0.6386 -0.6622 -0.3920
vn -0.8129 -0.5591 -0.1634
vn -0.8365 -0.5421 -0.0797
vn -0.7778 -0.6244 -0.0719
vn -0.8442 -0.5297 -0.0822
vn -0.7598 -0.0022 0.6502
vn -0.7599 -0.0022 0.6500
vn -0.8293 -0.0026 0.5589
vn 0.7037 0.0004 0.7105
vn 0.4806 -0.7687 -0.4221
vn -0.8280 0.5240 -0.1996
vn -0.8764 -0.4807 -0.0281
vn -0.4953 -0.8001 -0.3385
vn -0.6824 0.6289 0.3726
vn 0.4746 -0.7963 -0.3750
vn 0.0819 0.5859 -0.8062
vn -0.9628 0.2702 -0.0014
vn -0.9587 -0.2788 0.0557
vn -0.9662 -0.2561 -0.0301
vn -0.9617 0.2082 0.1784
vn -0.9483 -0.3163 -0.0272
vn -0.9563 -0.2920 0.0171
vn -0.9607 -0.2730 0.0509
vn 0.8821 0.4533 0.1278
vn -0.0061 -0.9332 -0.3593
vn -0.0065 -0.9530 -0.3028
vn -0.9818 -0.0986 -0.1621
vn -0.9833 -0.1485 -0.1049
vn -0.9890 -0.1395 -0.0495
vn -0.9710 -0.0675 -0.2294
vn -0.9601 0.0261 -0.2783
vn 0.9812 0.1278 -0.1448
vn 0.9377 -0.2212 -0.2678
vn 0.9483 -0.2674 -0.1709
vn 0.9415 -0.2334 -0.2432
vn 0.9713 0.1342 -0.1966
vn 0.9210 -0.1816 -0.3446
vn -0.9606 0.2754 0.0364
vn -0.9917 -0.1289 -0.0004
vn -0.9551 0.2934 0.0420
vn 0.3756 0.5349 -0.7568
vn 0.9826 0.1791 0.0491
vn 0.9992 0.0404 0.0022
vn 0.9974 0.0727 0.0001
vn 0.9972 0.0746 0.0001
vn 0.9768 -0.2142 -0.0064
vn -0.0222 -0.6256 -0.7799
vn -0.6680 -0.6762 -0.3106
vn -0.6808 -0.3057 -0.6656
vn -0.7125 -0.3768 -0.5919
vn -0.6981 -0.3658 -0.6156
vn -0.0274 -0.9805 -0.1944
vn -0.0413 -0.9673 -0.2503
vn 0.2196 -0.7583 0.6138
vn 0.8948 -0.4465 0.0027
vn 0.8933 -0.4494 0.0028
vn 0.9416 -0.3368 -0.0027
vn 0.9424 -0.3344 -0.0028
vn 0.5667 -0.8239 0.0039
vn 0.5676 -0.6982 -0.4363
vn 0.5547 -0.7075 -0.4378
vn 0.6220 -0.6555 -0.4283
vn -0.5349 -0.7283 -0.4284
vn -0.5130 -0.7557 -0.4071
vn -0.4935 -0.7859 -0.3725
vn 0.7435 -0.6228 -0.2437
vn 0.7919 -0.5434 -0.2786
vn 0.8870 -0.3898 -0.2477
vn -0.5195 -0.7897 -0.3264
vn -0.5522 -0.7750 -0.3073
vn 0.8029 -0.5368 -0.2594
vn 0.6253 -0.7468 -0.2265
vn 0.6317 -0.6473 -0.4267
vn 0.7067 -0.6687 -0.2309
vn 0.4044 -0.8665 -0.2926
vn 0.7053 -0.6221 -0.3399
vn 0.6642 -0.6675 -0.3366
vn 0.6526 -0.6794 -0.3355
vn -0.7702 -0.4225 -0.4779
vn 0.8786 -0.1396 0.4567
vn -0.7586 -0.6130 -0.2208
vn -0.8147 -0.5392 -0.2134
vn -0.7444 -0.6296 -0.2223
vn 0.7949 -0.5483 -0.2596
vn -0.6806 -0.7177 -0.1475
vn -0.9180 -0.3591 -0.1686
vn -0.9225 -0.3608 -0.1376
vn -0.9072 -0.3667 -0.2060
vn 0.8919 -0.4133 -0.1835
vn -0.7162 -0.3146 -0.6230
vn -0.9438 0.1951 -0.2669
vn -0.0103 0.9999 -0.0062
vn -0.2682 -0.2524 0.9297
vn 1.0000 -0.0020 -0.0042
vn 0.9931 0.0953 -0.0689
vn 0.8062 0.4941 -0.3255
vn 0.9865 0.0144 -0.1633
vn 0.0127 -0.0044 0.9999
vn 0.0190 -0.0043 0.9998
vn 0.0132 -0.0044 0.9999
vn -0.7617 0.0040 -0.6479
vn -0.8321 -0.0008 -0.5546
vn -0.8334 -0.0009 -0.5526
vn -0.8283 -0.0069 -0.5602
vn -0.8152 0.0034 -0.5791
vn -0.8593 -0.0333 -0.5103
vn -0.6154 -0.0098 -0.7881
vn 0.8441 0.0034 -0.5362
vn -0.7527 0.0046 -0.6584
vn 0.4936 -0.0112 -0.8696
vn 0.5883 -0.0064 -0.8086
vn 0.5905 -0.0063 -0.8070
vn 0.4911 -0.0113 -0.8710
vn 0.6380 -0.0139 -0.7699
vn -0.8821 -0.0945 -0.4615
vn 0.7529 -0.0948 -0.6512
vn -0.8721 -0.0451 -0.4872
vn -0.8007 -0.3354 -0.4964
vn 0.0180 -0.5880 -0.8086
vn 0.0072 -0.6513 -0.7588
vn 0.0012 -0.6849 -0.7286
vn -0.3366 -0.5035 0.7958
vn 0.8405 -0.1094 -0.5307
vn -0.6039 -0.7969 0.0128
vn 0.5061 0.8625 -0.0019
vn -0.5650 -0.7695 -0.2979
vn -0.5538 -0.7758 -0.3024
vn -0.5622 -0.1528 -0.8128
vn -0.9335 -0.3288 -0.1431
vn -0.0076 -0.4568 0.8895
vn 0.7262 -0.6437 -0.2413
vn 0.4174 -0.8874 -0.1959
vn 0.9513 -0.3004 -0.0687
vn 0.7710 -0.6360 -0.0307
vn -0.3614 0.9324 -0.0055
vn -0.7905 -0.5624 -0.2425
vn -0.0073 -0.9020 -0.4316
vn -0.8033 -0.5508 0.2265
vn 0.7513 -0.6254 -0.2107
vn 0.7428 -0.6311 -0.2236
vn 0.0008 -0.9441 -0.3297
vn -0.7203 -0.0008 -0.6937
vn 0.4907 -0.7089 -0.5067
vn 0.3694 -0.9285 0.0391
vn 0.8538 -0.4975 -0.1536
vn 0.3915 0.4851 0.7819
vn 0.3415 0.3720 0.8631
vn 0.4183 0.3526 0.8371
vn -0.9411 -0.3330 -0.0587
vn -0.9921 -0.0929 -0.0840
vn -0.9849 -0.1708 -0.0276
vn -0.9923 -0.0545 -0.1112
vn 0.9563 0.2762 0.0964
vn 0.9744 -0.2021 0.0990
vn 0.9695 -0.2406 0.0461
vn 0.9665 -0.2446 -0.0775
vn -0.0044 0.0031 1.0000
vn 0.9603 0.2758 0.0417
vn 0.9637 0.2647 -0.0357
vn 0.0024 -0.0016 -1.0000
vn 0.0110 -0.0019 -0.9999
vn 0.0925 -0.0049 -0.9957
vn -0.9695 0.0021 0.2450
vn -0.6965 -0.6533 -0.2966
vn 0.8925 -0.3793 -0.2440
vn 0.1757 -0.8728 -0.4554
vn 0.2525 -0.8380 -0.4836
vn 0.2785 -0.8246 -0.4925
vn 0.1511 -0.8823 -0.4457
vn 0.7136 -0.6122 -0.3404
vn 0.5552 -0.6743 -0.4868
vn 0.1955 -0.7230 -0.6626
vn 0.1589 -0.7397 -0.6540
vn 0.2684 -0.6475 -0.7132
vn 0.9763 -0.0011 0.2165
vn 0.9987 0.0012 0.0501
vn 0.8765 -0.0017 0.4815
vn 0.0065 0.7107 0.7035
vn -0.9575 -0.2456 -0.1515
vn -0.8232 -0.5267 -0.2120
vn -0.2873 -0.8415 -0.4576
vn -0.0016 -0.9998 -0.0191
vn -0.0001 -0.0009 -1.0000
vn 0.4283 -0.3779 0.8208
vn 0.4293 -0.3048 0.8501
vn 0.4289 -0.2715 0.8616
vn 0.0215 -0.7932 0.6085
vn 0.0232 -0.8458 0.5330
vn 0.0231 -0.8433 0.5369
vn -0.5428 -0.4844 0.6861
vn -0.7270 -0.5858 -0.3582
vn -0.8316 -0.0033 0.5553
vn 0.8279 -0.5041 -0.2460
vn 0.8165 -0.5112 -0.2681
vn 0.9301 -0.3052 -0.2044
vn 0.5886 -0.7371 -0.3321
vn 0.6769 -0.6559 -0.3341
vn 0.6878 -0.6445 -0.3340
vn -0.8138 -0.4816 -0.3253
vn -0.8299 -0.4829 -0.2792
vn 0.5753 -0.7478 -0.3315
vn -0.8315 0.5555 0.0007
vn 0.4627 -0.7733 -0.4334
vn 0.4764 -0.7680 -0.4281
vn 0.5739 -0.7226 -0.3853
vn 0.6065 -0.7043 -0.3690
vn -1.0000 -0.0078 -0.0010
vn -0.9984 -0.0251 -0.0516
vn -0.9999 -0.0103 -0.0081
vn -0.9810 -0.1936 -0.0109
vn -0.9828 0.1561 0.0984
vn -0.9543 0.2760 0.1149
vn -0.9763 0.2004 0.0812
vn -0.9875 0.1574 -0.0054
vn -0.9206 0.1232 0.3705
vn -0.9983 0.0499 0.0296
vn 0.9257 -0.0147 0.3780
vn 0.9727 0.1696 0.1586
vn 0.9481 0.1907 0.2545
vn 0.9631 0.1791 0.2009
vn 0.9816 0.1579 0.1075
vn -0.5553 -0.0467 0.8303
vn -0.5241 -0.1015 0.8456
vn -0.5331 -0.1133 0.8384
vn -0.9677 -0.1736 0.1829
vn -0.9910 -0.1335 -0.0011
vn 0.9873 -0.1575 -0.0207
vn 0.9929 -0.1176 -0.0156
vn 0.9997 -0.0242 0.0011
vn 0.9697 0.2370 -0.0594
vn 0.9603 -0.1914 0.2031
vn 0.9893 -0.1456 -0.0009
vn 0.8580 -0.5124 0.0350
vn 0.8151 0.5406 0.2081
vn 0.9599 0.2802 0.0036
vn 0.0245 -0.8882 0.4588
vn -0.0321 -0.6228 0.7817
vn 0.1796 0.9443 -0.2758
vn 0.1396 0.9465 -0.2911
vn 0.1814 0.9441 -0.2751
vn 0.4522 -0.3691 0.8120
vn -0.8557 -0.2541 0.4508
vn -0.9468 0.2521 0.2000
vn -0.5298 -0.5585 -0.6383
vn -0.5427 -0.5275 -0.6537
vn -0.5486 -0.5122 -0.6608
vn -0.5607 -0.4792 -0.6752
vn 0.6978 -0.4980 -0.5148
vn 0.2186 -0.5910 -0.7765
vn 0.6855 -0.3928 -0.6131
vn 0.1744 -0.5633 -0.8077
vn 0.5040 -0.4971 -0.7063
vn -0.3280 -0.6606 -0.6753
vn -0.0887 -0.5937 -0.7998
vn 0.7458 -0.5033 -0.4363
vn -0.8445 -0.3824 -0.3750
vn 1.0000 -0.0006 -0.0037
vn 0.2984 -0.7069 -0.6412
vn 0.8332 -0.4781 -0.2781
vn 0.0105 0.0998 -0.9950
vn 0.3615 -0.8324 -0.4201
vn 0.0073 -0.0058 1.0000
vn -0.4734 -0.6862 -0.5523
vn -0.9354 -0.3072 -0.1753
vn 0.7291 -0.6189 -0.2922
vn 0.8077 -0.5228 -0.2726
vn -0.9138 -0.2947 -0.2795
vn -0.8009 -0.4706 -0.3703
vn -0.9156 -0.3211 -0.2421
vn -0.4390 -0.7966 -0.4156
vn -0.7579 0.6524 0.0005
vn 0.5881 -0.7583 -0.2812
vn 0.8531 -0.4944 -0.1666
vn 0.0645 0.3525 -0.9336
vn 0.3761 -0.6189 -0.6896
vn -0.0766 -0.7008 -0.7092
vn -0.8111 -0.4821 -0.3312
vn -0.6036 -0.7246 -0.3327
vn 0.2683 -0.5348 -0.8013
vn 0.2971 -0.5490 -0.7812
vn 0.2092 -0.5040 -0.8380
vn 0.3797 -0.6388 -0.6691
vn 0.8242 -0.4579 -0.3331
vn -0.0075 -0.4833 -0.8754
vn 0.4124 -0.8477 -0.3338
vn 0.1947 -0.0085 -0.9808
vn -0.9908 -0.1315 -0.0328
vn -0.9449 -0.1814 0.2724
vn 0.8720 0.4849 -0.0673
vn -1.0000 0.0046 -0.0022
vn -0.9664 0.1645 -0.1976
vn 0.8415 -0.3536 -0.4084
vn -0.9991 -0.0430 0.0009
vn -1.0000 0.0090 0.0038
vn -0.9809 -0.1938 0.0139
vn -0.8797 -0.3236 -0.3485
vn -0.9998 0.0175 -0.0107
vn -0.9953 0.0963 0.0012
vn -0.9890 0.1460 -0.0236
vn 0.9663 0.2564 0.0206
vn 0.9692 0.2461 -0.0085
vn 0.9606 0.2708 0.0622
vn 0.9998 0.0032 -0.0189
vn -0.9024 -0.4309 0.0073
vn -0.8668 -0.4986 0.0108
vn -0.8591 -0.5117 0.0115
vn -0.4098 -0.1853 -0.8932
vn 0.2132 -0.2993 -0.9300
vn 0.7303 -0.4330 -0.5283
vn 0.4347 0.0750 -0.8975
vn -0.3745 -0.0007 0.9272
vn 0.7362 -0.5001 -0.4559
vn 0.6926 -0.0005 -0.7214
vn 0.8581 -0.0762 -0.5078
vn 0.8600 -0.0606 -0.5066
vn 0.8650 -0.0080 -0.5018
vn 0.6978 -0.1541 -0.6995
vn -0.5804 -0.2757 -0.7662
vn -0.6111 -0.2495 -0.7512
vn -0.6910 -0.1737 -0.7017
vn -0.7138 -0.1496 -0.6842
vn 0.8949 -0.0124 -0.4461
vn 0.9118 -0.0837 -0.4020
vn 0.9182 -0.1225 -0.3766
vn 0.3985 -0.1074 -0.9109
vn 0.7986 -0.1676 -0.5781
vn 0.0033 0.0043 1.0000
vn 0.5938 -0.1439 -0.7917
vn 0.8494 -0.1323 -0.5109
vn -0.2710 -0.3550 -0.8947
vn -0.7153 -0.3595 -0.5993
vn 0.3741 -0.4181 -0.8278
vn 0.5124 0.8587 -0.0001
vn 0.9246 -0.1882 -0.3313
vn 0.3698 -0.4363 -0.8203
vn 0.3452 -0.4210 -0.8388
vn 0.7008 -0.3027 -0.6460
vn 0.0026 -0.9074 -0.4202
vn -0.2195 -0.9755 -0.0153
vn 0.8528 -0.2332 -0.4673
vn 0.8664 -0.4147 -0.2782
vn 0.9606 -0.1995 -0.1937
vn 0.9281 -0.2249 -0.2968
vn 0.0113 0.0085 0.9999
vn -0.1903 -0.6916 -0.6967
vn -0.0190 -0.0469 -0.9987
vn 0.9638 -0.1989 -0.1775
vn -0.8778 -0.3753 -0.2975
vn -0.9777 -0.0910 -0.1891
vn -0.7037 -0.5269 -0.4767
vn 0.7522 -0.4772 -0.4544
vn 0.9004 -0.3136 -0.3015
vn 0.8862 -0.3182 -0.3369
vn 0.5023 -0.6842 -0.5287
vn 0.9771 -0.1424 0.1581
vn -0.5188 0.8549 0.0014
vn -0.5919 0.6737 -0.4426
vn -0.6397 0.6311 -0.4388
vn -0.5982 0.6683 -0.4422
vn -0.5676 0.6935 -0.4437
vn -0.8322 -0.2229 0.5076
vn -0.6112 0.5348 -0.5835
vn -0.6410 0.5344 -0.5509
vn -0.6596 0.5336 -0.5293
vn 0.0283 0.6631 -0.7480
vn 0.0128 0.7212 -0.6927
vn 0.0262 0.6713 -0.7407
vn 0.0107 0.7284 -0.6850
vn -0.6801 0.5322 -0.5042
vn 0.6323 0.6677 -0.3929
vn 0.6325 0.6684 -0.3914
vn 0.6225 0.6326 -0.4607
vn 0.0804 -0.0649 -0.9946
vn 0.2676 0.0161 -0.9634
vn 0.5666 -0.3764 -0.7330
vn 0.3405 -0.4864 -0.8047
vn 0.4586 -0.4226 -0.7818
vn 0.4339 -0.4207 -0.7967
vn -0.5798 -0.3515 -0.7350
vn -0.8188 -0.2740 -0.5046
vn -0.9934 -0.0435 -0.1057
vn -0.9998 -0.0185 -0.0014
vn -0.6404 -0.4555 -0.6185
vn 0.3261 -0.4976 -0.8037
vn -0.8469 -0.3372 -0.4111
vn -0.9044 -0.0098 -0.4265
vn -0.6185 -0.4599 -0.6371
vn -0.9955 0.0930 -0.0176
vn -0.9567 -0.2711 -0.1057
vn -0.9981 -0.0434 0.0448
vn 0.9973 0.0134 -0.0725
vn 0.9995 -0.0223 -0.0223
vn 0.9855 -0.1673 -0.0264
vn 0.9818 -0.1794 -0.0618
vn 0.9717 0.2311 -0.0496
vn -0.2788 -0.6844 -0.6737
vn -0.3753 0.5438 0.7506
vn -1.0000 -0.0006 -0.0004
vn -0.6493 -0.0003 0.7605
vn 0.4711 0.0059 -0.8821
vn -0.1806 -0.9835 -0.0107
vn -0.1734 -0.9848 -0.0071
vn -0.1171 -0.9931 0.0078
vn -0.7821 -0.6227 -0.0209
vn -0.8497 -0.5222 -0.0729
vn -0.8249 -0.5629 -0.0526
vn -0.7569 -0.6535 -0.0037
vn 0.2637 -0.9633 -0.0511
vn 0.2892 -0.9564 -0.0421
vn 0.3763 -0.9264 -0.0105
vn -0.3951 -0.5146 -0.7609
vn -0.6371 -0.7708 0.0026
vn 0.1057 -0.9922 -0.0654
vn -0.6621 -0.3910 0.6393
vn 0.4320 -0.9017 0.0184
vn 0.9085 -0.4172 -0.0247
vn 0.4785 0.1514 0.8650
vn -0.9543 -0.0623 -0.2922
vn -0.9473 -0.0801 -0.3101
vn -0.9009 -0.1714 -0.3988
vn -0.6976 -0.0023 0.7165
vn 0.3620 -0.8339 0.4166
vn 0.3614 -0.8185 0.4467
vn 0.4068 -0.2012 -0.8911
vn 0.7421 -0.3038 0.5976
vn -0.8865 -0.1941 -0.4201
vn -0.2554 -0.4689 -0.8455
vn -0.7845 -0.3953 0.4777
vn -0.4891 -0.3064 -0.8166
vn -0.9999 -0.0086 -0.0124
vn 0.1671 0.0472 -0.9848
vn 0.8144 -0.1322 -0.5651
vn 0.8952 -0.3502 -0.2756
vn 0.3747 -0.3985 -0.8371
vn 0.2871 -0.5669 -0.7721
vn 0.5696 -0.0097 0.8219
vn 0.5705 -0.0096 0.8212
vn 0.6534 -0.0005 0.7570
vn -0.9777 -0.1122 -0.1775
vn -0.2284 0.2905 0.9292
vn -0.7039 -0.4106 -0.5796
vn -0.6944 -0.4131 -0.5892
vn -0.7653 -0.3915 -0.5110
vn -0.8605 -0.2195 -0.4597
vn -0.4425 -0.0005 -0.8967
vn 0.7730 -0.0754 -0.6299
vn 0.7786 -0.3054 -0.5482
vn 0.6517 -0.3963 -0.6467
vn 0.6606 -0.3933 -0.6395
vn -0.9295 -0.0000 -0.3689
vn 0.7395 -0.4872 -0.4645
vn -0.3915 0.9202 -0.0005
vn 0.6401 0.7155 -0.2798
vn 0.5163 -0.7110 -0.4774
vn 0.7988 -0.0086 -0.6015
vn -0.7741 -0.0076 -0.6330
vn -0.8305 0.0008 -0.5570
vn -0.7710 -0.0080 -0.6368
vn -0.8332 0.0013 -0.5529
vn 0.9659 0.2393 0.0986
vn 0.0226 -0.2974 0.9545
vn 0.8773 0.4799 0.0006
vn 0.9738 0.1465 -0.1739
vn 0.9572 0.2772 -0.0828
vn 0.9651 0.2460 -0.0898
vn -0.9540 -0.2025 0.2210
vn -0.9278 0.1914 0.3202
vn -0.9997 -0.0065 -0.0232
vn -0.9931 0.0835 -0.0819
vn 0.9801 -0.0780 0.1826
vn 0.9918 -0.0853 0.0953
vn 0.9929 -0.0864 0.0815
vn 0.9289 0.2224 0.2962
vn 0.9956 -0.0930 -0.0070
vn -0.9998 0.0176 -0.0114
vn 0.9980 0.0630 -0.0002
vn 0.9990 0.0449 0.0062
vn 0.9932 0.1151 -0.0187
vn -0.9669 -0.2455 -0.0691
vn -0.9768 -0.2052 -0.0604
vn -0.9844 -0.1682 -0.0525
vn -0.9628 -0.2605 -0.0723
vn 0.5962 -0.8006 -0.0603
vn 0.3910 -0.9204 -0.0051
vn 0.2051 -0.6125 -0.7634
vn 0.5279 -0.2415 -0.8143
vn -0.2993 0.0003 0.9542
vn 0.0174 -0.0021 -0.9998
vn -0.9943 -0.0040 -0.1068
vn -0.5793 0.0006 -0.8151
vn 0.7512 0.0013 -0.6600
vn 0.2059 0.3015 0.9310
vn 0.0086 0.3122 0.9500
vn 0.1016 0.3087 0.9457
vn -0.2560 0.8770 -0.4067
vn 0.9602 -0.0059 -0.2794
vn -0.0054 -0.3882 -0.9215
vn -0.0032 -0.3877 -0.9218
vn 0.5362 -0.2789 -0.7967
vn 0.8081 -0.2859 -0.5151
vn 0.8777 -0.1739 -0.4465
vn -0.7726 -0.3888 -0.5019
vn -0.5816 -0.4383 -0.6853
vn -0.9103 -0.2065 -0.3589
vn 0.9172 -0.2067 -0.3406
vn 0.7769 -0.0031 0.6296
vn 0.4320 -0.6594 -0.6153
vn 0.8996 -0.4367 -0.0019
vn -0.9599 -0.2773 0.0421
vn -0.9979 0.0645 0.0059
vn -0.9490 -0.3152 -0.0090
vn -0.9502 -0.3073 0.0514
vn -0.9553 -0.2861 0.0739
vn -0.9488 -0.2705 -0.1630
vn -0.9707 0.1610 -0.1786
vn 0.9760 0.1261 -0.1777
vn -0.9961 -0.0874 -0.0104
vn -0.9408 0.3383 -0.0224
vn -0.9611 0.2735 0.0374
vn -0.9563 0.2918 0.0208
vn -0.9814 -0.1919 0.0033
vn 0.9236 -0.3357 -0.1852
vn 0.9914 0.1287 -0.0236
vn 0.9496 0.3006 0.0892
vn 0.9526 0.2523 0.1702
vn 0.9555 0.2929 0.0356
vn 0.0094 0.4816 -0.8763
vn 0.9999 0.0005 -0.0125
vn -0.0003 0.0126 -0.9999
vn 0.9999 0.0053 -0.0137
vn -0.4521 -0.8919 0.0100
vn -0.0038 -0.2057 -0.9786
vn -0.0081 -0.0110 -0.9999
vn -0.0060 -0.1077 -0.9942
vn -0.0150 -0.9926 -0.1204
vn 0.2915 -0.9245 -0.2456
vn 0.0762 -0.8867 -0.4560
vn 0.0001 -0.7502 -0.6612
vn -1.0000 0.0058 0.0032
vn 0.0048 -0.7695 -0.6386
vn 0.0048 -0.7705 -0.6374
vn -0.1816 -0.9403 -0.2878
vn 0.3060 -0.9503 -0.0582
vn 0.2095 -0.9775 -0.0244
vn 0.1944 -0.9807 -0.0192
vn 0.3220 -0.9446 -0.0639
vn -0.0640 -0.2174 -0.9740
vn 0.0161 -0.5823 -0.8128
vn -0.4810 0.0011 -0.8767
vn 0.9906 0.0043 -0.1364
vn 0.9643 -0.0043 -0.2647
vn -0.2917 0.0037 -0.9565
vn 0.7188 0.0012 -0.6952
vn 0.5761 -0.0001 -0.8174
vn 0.5742 -0.0001 -0.8187
vn 0.1015 0.0091 -0.9948
vn -0.9411 -0.0032 -0.3381
vn 0.8146 -0.4276 0.3920
vn 0.9664 -0.2568 0.0056
vn 0.8074 -0.0016 -0.5900
vn 0.5573 0.1870 -0.8090
vn 0.5276 0.1888 -0.8283
vn 0.6741 0.2208 -0.7049
vn 0.3781 -0.9258 -0.0019
vn 0.5152 0.1853 -0.8368
vn 0.4259 0.1473 -0.8927
vn 0.0002 -0.6528 -0.7575
vn -0.8279 -0.0025 -0.5609
vn 0.2237 0.0737 -0.9719
vn -1.0000 0.0031 0.0080
vn -0.9129 -0.0012 0.4081
vn 0.7194 0.0887 -0.6889
vn 0.7226 0.0771 -0.6869
vn 0.7021 0.1818 -0.6885
vn -0.2946 0.0980 -0.9506
vn 0.9502 0.3117 -0.0011
vn 0.9535 0.2969 -0.0511
vn 0.9517 0.3063 -0.0198
vn 0.7191 0.0012 -0.6949
vn 0.8026 -0.0051 -0.5964
vn 0.0199 0.9998 0.0086
vn -0.9669 -0.0069 -0.2551
vn -0.0010 -0.0034 -1.0000
vn 0.0141 -0.8148 -0.5796
vn -0.7574 0.0024 -0.6529
vn 0.5173 0.5441 -0.6606
vn 0.4910 0.5449 -0.6797
vn 0.4742 0.5451 -0.6914
vn 0.4411 0.5448 -0.7131
vn -0.3061 0.9442 0.1216
vn -0.2799 0.9467 0.1593
vn -0.2586 0.9473 0.1891
vn -0.3062 0.1184 -0.9446
vn -0.3857 0.0571 -0.9208
vn -0.3719 0.0706 -0.9256
vn 0.4119 0.4965 -0.7641
vn 0.3116 0.4897 -0.8143
vn 0.3665 0.4941 -0.7883
vn 0.4616 0.4975 -0.7344
vn 0.3946 -0.3752 -0.8388
vn 0.9965 -0.0020 -0.0840
vn 0.9842 -0.0037 -0.1773
vn 1.0000 -0.0006 -0.0052
vn 0.7451 0.0007 -0.6670
vn 0.6491 0.0035 -0.7607
vn 0.7327 -0.0028 -0.6806
vn 0.6460 0.0038 -0.7633
vn 0.7345 -0.0029 -0.6786
vn -0.2687 0.0011 -0.9632
vn 0.4554 0.0001 -0.8903
vn 0.5646 -0.1186 -0.8168
vn 0.4514 0.0004 -0.8923
vn 0.0028 -0.0098 -0.9999
vn 0.7402 0.0011 -0.6724
vn -0.6585 -0.2747 -0.7006
vn -0.0007 -0.5675 0.8234
vn -0.0016 -0.6722 0.7404
vn -0.0020 -0.6763 0.7366
vn -0.0006 -0.5710 0.8209
vn -0.0074 -0.4233 -0.9060
vn -0.0180 -0.5159 -0.8565
vn -0.0068 -0.4175 -0.9086
vn -0.0186 -0.5206 -0.8536
vn -0.2648 0.0007 -0.9643
vn 0.5700 -0.0992 -0.8156
vn 0.8180 -0.1651 -0.5511
vn 0.8860 -0.0135 0.4636
vn 0.9518 -0.1025 -0.2892
vn 0.0045 -0.3491 -0.9371
vn -0.0185 -0.4775 -0.8785
vn 0.0261 -0.3356 -0.9417
vn -0.0075 -0.0673 -0.9977
vn 0.6196 -0.2732 -0.7358
vn 0.6361 -0.2430 -0.7323
vn 0.5675 -0.3589 -0.7410
vn 0.8925 -0.1525 -0.4245
vn 0.9356 -0.0888 -0.3416
vn 0.5431 -0.3949 -0.7410
vn 0.9414 -0.0888 -0.3254
vn 0.4981 -0.2588 -0.8276
vn -0.5923 -0.3294 -0.7353
vn -0.4607 -0.2830 -0.8412
vn -0.4737 -0.2878 -0.8323
vn 0.5500 -0.2178 -0.8063
vn 0.7861 -0.4357 -0.4384
vn 0.6180 -0.6002 -0.5079
vn 0.7018 -0.6419 -0.3089
vn 0.2940 -0.5262 -0.7979
vn 0.0452 -0.7562 -0.6528
vn 0.0428 -0.7727 -0.6334
vn 0.0282 -0.8591 -0.5110
vn 0.0269 -0.8657 -0.4998
vn -0.1835 -0.3657 -0.9125
vn -0.6150 -0.3370 -0.7129
vn -0.2240 -0.5683 -0.7917
vn -0.0406 0.0017 0.9992
vn 0.5040 -0.4723 -0.7232
vn 0.4988 -0.7822 -0.3732
vn 0.4101 -0.4944 -0.7664
vn -0.1286 -0.3658 -0.9218
vn -0.3920 -0.5683 -0.7234
vn -0.0621 -0.7070 -0.7044
vn -0.5936 -0.3963 -0.7005
vn -0.3582 -0.1287 -0.9247
vn 0.8033 -0.3078 -0.5098
vn 0.8129 -0.5155 -0.2711
vn 0.8064 0.1847 -0.5618
vn -0.2158 0.2627 -0.9404
vn -0.1713 -0.8602 0.4804
vn -0.1563 -0.8567 0.4915
vn 0.5261 0.5355 -0.6606
vn 0.5091 0.6954 -0.5071
vn -0.0022 0.8506 -0.5259
vn 0.0016 0.7608 -0.6490
vn 0.0017 0.7593 -0.6508
vn -0.0055 0.4126 -0.9109
vn -0.0200 0.3425 -0.9393
vn 0.0013 0.4447 -0.8957
vn -0.0022 0.8516 -0.5241
vn -0.0244 0.3209 -0.9468
vn -0.4874 0.6196 -0.6153
vn -0.9819 -0.1886 0.0176
vn -0.4878 -0.8729 -0.0000
vn -0.6190 0.0165 -0.7852
vn -0.6168 0.0163 -0.7870
vn -0.5415 0.0094 -0.8406
vn 0.8291 -0.0037 -0.5591
vn 0.7674 -0.0103 -0.6411
vn 0.7647 -0.0105 -0.6443
vn -0.0041 0.0008 -1.0000
vn -0.5387 0.0091 -0.8425
vn 0.8403 -0.0024 -0.5421
vn -0.5520 -0.2299 -0.8015
vn 0.9995 0.0001 -0.0309
vn 0.4900 -0.2057 -0.8471
vn -0.4872 -0.3049 -0.8183
vn -0.3515 -0.0784 -0.9329
vn -0.2446 -0.0828 -0.9661
vn -0.2641 -0.0821 -0.9610
vn 0.6136 -0.2118 -0.7607
vn 0.6276 -0.2127 -0.7489
vn 0.5469 -0.2069 -0.8113
vn -0.5380 -0.5081 -0.6726
vn -0.5764 -0.5266 -0.6249
vn -0.6053 -0.5397 -0.5851
vn -0.6852 -0.3290 -0.6498
vn -0.6130 -0.5431 -0.5738
vn 0.6270 -0.4307 -0.6491
vn 0.5685 -0.3750 -0.7323
vn 0.6651 -0.4684 -0.5816
vn 0.5615 -0.3685 -0.7409
vn -0.3693 -0.0776 -0.9261
vn -0.4380 -0.3487 -0.8286
vn -0.5713 -0.2949 -0.7659
vn -0.5163 -0.3149 -0.7964
vn -0.8486 -0.0001 -0.5290
vn 0.4733 -0.4513 -0.7565
vn 0.6218 -0.6630 -0.4169
vn -0.5053 -0.5268 -0.6835
vn -0.1958 -0.4634 -0.8643
vn -0.1838 -0.5520 -0.8133
vn -0.1775 -0.5919 -0.7862
vn 0.1829 -0.2654 -0.9466
vn 0.1925 -0.5674 -0.8006
vn 0.5337 -0.5259 -0.6622
vn -0.4891 -0.6822 -0.5435
vn -0.3973 -0.5116 -0.7619
vn -0.4058 -0.5140 -0.7557
vn -0.3461 -0.5677 -0.7470
vn 0.1785 -0.4871 -0.8549
vn 0.1754 -0.8822 -0.4370
vn 0.0035 -0.3471 -0.9378
vn -0.2243 -0.7036 -0.6743
vn 0.3663 -0.7589 -0.5383
vn -0.0821 -0.4742 -0.8766
vn -0.5125 -0.6919 -0.5085
vn -0.3133 -0.5683 -0.7608
vn -0.2000 -0.4268 -0.8820
vn 0.2780 -0.5833 -0.7632
vn 0.3460 -0.6757 -0.6509
vn 0.3523 -0.6840 -0.6387
vn 0.2742 -0.5780 -0.7686
vn 0.0702 -0.4844 -0.8720
vn 0.0357 -0.8735 -0.4855
vn -0.1503 -0.7472 -0.6474
vn 0.0022 0.9081 -0.4187
vn 0.0049 0.0001 -1.0000
vn -0.0828 0.3903 -0.9170
vn -0.0003 -0.0007 -1.0000
vn -0.1027 -0.0040 -0.9947
vn -0.9503 -0.3106 0.0211
vn -0.0143 0.7515 0.6595
vn 0.5718 -0.5618 0.5978
vn -0.9982 -0.0386 -0.0456
vn -0.0443 -0.9990 0.0019
vn 0.9929 0.1185 -0.0077
vn -0.9392 -0.0781 -0.3344
vn -0.9488 -0.3105 -0.0575
vn 0.9597 0.0744 -0.2708
vn 0.7554 -0.0002 0.6553
vn -0.9325 0.3587 -0.0418
vn 0.9521 0.2968 -0.0735
vn 0.9589 0.2613 -0.1104
vn 0.9833 -0.1789 -0.0340
vn -0.0001 -0.6131 0.7900
vn 0.9989 -0.0142 -0.0452
vn 0.0015 -0.1641 0.9864
vn 0.0020 -0.0906 0.9959
vn -0.0198 -0.2801 0.9598
vn -0.9999 -0.0000 -0.0172
vn 0.0616 -0.9938 0.0921
vn 0.6923 -0.3214 0.6461
vn 0.3936 -0.8170 0.4215
vn 0.7301 -0.5692 0.3781
vn 0.7415 -0.5400 0.3983
vn 0.7580 -0.4900 0.4305
vn 0.7678 -0.4540 0.4520
vn 0.0008 -0.7988 0.6015
vn 0.0007 -0.8002 0.5997
vn 0.0038 -0.7463 0.6656
vn -0.0040 -0.3586 0.9335
vn 0.0038 -0.7448 0.6673
vn -0.5097 -0.7344 0.4482
vn -0.8598 -0.0837 0.5036
vn -0.4180 -0.3338 0.8449
vn -0.9124 -0.3204 0.2546
vn -0.7489 -0.5649 0.3466
vn 0.0004 0.6554 0.7553
vn 0.0004 0.6070 0.7947
vn -0.4536 0.0006 0.8912
vn 0.7154 -0.2365 0.6575
vn 0.4218 -0.7380 0.5267
vn 0.7378 -0.4393 0.5125
vn 0.7170 -0.6317 0.2946
vn 0.9629 -0.0029 0.2697
vn 0.0082 -0.0005 -1.0000
vn -0.6220 -0.6168 0.4824
vn -0.9389 -0.1565 0.3065
vn -0.9384 -0.0676 0.3388
vn -0.9387 -0.0721 0.3372
vn -0.6812 -0.5915 0.4313
vn -0.7884 -0.3401 0.5126
vn -0.0581 -0.9945 0.0872
vn 0.4862 -0.0039 0.8739
vn 0.4849 -0.0039 0.8746
vn 0.3971 -0.0407 0.9169
vn 0.9568 -0.0003 0.2908
vn 0.8893 -0.0075 0.4573
vn 0.9589 -0.0000 0.2838
vn 0.8880 -0.0076 0.4597
vn 0.0060 -0.2453 0.9694
vn -0.8307 0.0505 -0.5544
vn 0.6547 -0.0003 0.7559
vn 0.4071 -0.0762 0.9102
vn 0.7477 0.6640 0.0002
vn 0.9534 0.2710 -0.1327
vn -1.0000 0.0072 -0.0037
vn 0.9622 -0.1402 0.2333
vn -0.9797 -0.0563 0.1922
vn 0.9491 0.2922 -0.1178
vn 0.4193 -0.1180 0.9001
vn -0.3889 -0.1436 0.9100
vn -0.6212 -0.1151 0.7751
vn -0.9081 -0.2411 0.3425
vn -0.9047 -0.3183 0.2833
vn -0.9032 -0.2031 0.3782
vn 0.3984 -0.1028 0.9115
vn 0.3911 -0.0975 0.9152
vn 0.4246 -0.1880 0.8856
vn 0.8728 -0.1968 0.4466
vn 0.8935 -0.1852 0.4092
vn 0.8992 -0.1307 0.4175
vn 0.9451 -0.1599 0.2849
vn -0.0001 -1.0000 -0.0003
vn -0.5039 -0.2593 0.8239
vn -0.4250 -0.1807 0.8870
vn -0.4339 -0.1894 0.8808
vn -0.7720 -0.1566 0.6161
vn -0.9290 -0.2292 0.2906
vn -0.9438 -0.2212 0.2454
vn -0.9367 -0.1177 0.3297
vn -0.9152 -0.2081 0.3452
vn -0.9425 -0.0455 0.3310
vn -0.1387 -0.1780 0.9742
vn 0.2815 -0.1576 -0.9465
vn 0.8676 -0.3973 0.2992
vn 0.8590 -0.3291 0.3921
vn 0.8548 -0.3101 0.4162
vn 0.0279 -0.0418 0.9987
vn 0.1251 -0.1014 0.9870
vn 0.0168 -0.0137 0.9998
vn -0.0002 -0.0007 1.0000
vn -0.0007 -0.0127 0.9999
vn -0.8652 -0.3802 0.3270
vn -0.8774 -0.3712 0.3039
vn 0.8641 -0.3551 0.3567
vn 0.8778 -0.4030 0.2590
vn 0.8684 -0.3670 0.3336
vn 0.8792 -0.4114 0.2405
vn 0.3723 -0.2414 0.8961
vn -0.5134 -0.2691 0.8149
vn 0.3442 -0.2947 0.8914
vn 0.1979 -0.1880 0.9620
vn 0.7148 -0.6741 0.1861
vn 0.7142 -0.6276 0.3100
vn 0.7161 -0.6561 0.2382
vn 0.7106 -0.6071 0.3556
vn -0.6761 -0.5131 0.5288
vn -0.7905 -0.5628 0.2416
vn -0.7306 -0.5592 0.3919
vn -0.7505 -0.5699 0.3345
vn -0.8045 -0.5633 0.1883
vn 0.4158 -0.4473 0.7919
vn 0.4268 -0.4076 0.8073
vn 0.7374 -0.6686 0.0960
vn 0.7467 -0.5715 0.3404
vn -0.9940 -0.0436 0.1007
vn -0.2004 -0.2223 0.9541
vn -0.1879 -0.2133 0.9588
vn -0.2718 -0.2735 0.9227
vn -0.7193 -0.6235 0.3064
vn -0.8407 -0.5290 0.1159
vn -0.8264 -0.4338 0.3589
vn 0.5821 -0.7974 0.1592
vn 0.2102 -0.5651 0.7978
vn 0.3043 -0.5744 0.7599
vn 0.2626 -0.5710 0.7778
vn 0.4633 -0.8090 0.3618
vn -0.6092 -0.7770 0.1586
vn -0.5699 -0.7806 0.2567
vn -0.5590 -0.7801 0.2809
vn -0.6167 -0.7751 0.1376
vn 0.4169 -0.4805 0.7716
vn 0.5796 -0.7354 0.3510
vn 0.1529 -0.3108 0.9381
vn 0.1503 -0.2948 0.9437
vn 0.1092 -0.5022 0.8578
vn 0.3758 -0.8781 0.2960
vn 0.4564 -0.8659 0.2048
vn 0.4333 -0.8693 0.2380
vn -0.1798 -0.4811 0.8580
vn -0.1931 -0.4785 0.8566
vn -0.2354 -0.4697 0.8509
vn -0.4056 -0.8889 0.2129
vn -0.4613 -0.8212 0.3358
vn -0.4456 -0.8436 0.2996
vn 0.0098 -0.9982 -0.0596
vn 0.3856 -0.9129 0.1337
vn 0.1701 -0.5595 0.8112
vn -0.0056 -0.1269 0.9919
vn 0.9879 -0.1551 0.0052
vn -0.0816 -0.4023 0.9119
vn -0.1723 -0.5164 0.8388
vn -0.0910 -0.4145 0.9055
vn -0.3260 -0.9217 0.2102
vn -0.3431 -0.8965 0.2803
vn -0.3208 -0.9278 0.1902
vn -0.1866 -0.5336 0.8249
vn -0.3469 -0.8898 0.2964
vn 0.1370 -0.4979 0.8563
vn 0.3327 -0.9052 0.2644
vn 0.3247 -0.9139 0.2434
vn 0.0644 -0.5454 0.8357
vn -0.0028 -0.2315 -0.9728
vn -0.0248 -0.2628 0.9645
vn -0.1391 -0.4884 0.8615
vn -0.3871 -0.9053 0.1750
vn 0.7200 0.6936 0.0213
vn 0.5888 0.8082 -0.0003
vn 0.5773 0.8165 -0.0021
vn 0.7293 0.6838 0.0229
vn -0.5497 0.8353 -0.0005
vn -0.5886 0.8085 0.0012
vn -0.6581 0.7528 0.0148
vn -0.5775 0.8164 -0.0008
vn -0.6662 0.7456 0.0165
vn 0.1403 -0.5036 0.8524
vn 0.1470 -0.5118 0.8464
vn 0.2026 -0.5771 0.7911
vn -0.0029 -0.9998 0.0211
vn -0.0007 0.9999 0.0170
vn -0.0008 0.9999 0.0164
vn -0.0016 1.0000 0.0031
vn -0.0001 0.9996 0.0281
vn -0.0015 1.0000 0.0045
vn -0.9514 0.3079 0.0058
vn 0.3398 -0.9404 0.0105
vn 0.4505 0.0022 0.8928
vn -0.8114 -0.4554 0.3663
vn -0.7274 -0.5105 0.4587
vn -0.7934 -0.4689 0.3882
vn -0.1591 -0.9870 -0.0217
vn -0.8879 0.4600 -0.0000
vn -0.0527 0.9986 0.0007
vn 0.6411 0.7672 0.0189
vn -0.6070 0.6191 -0.4983
vn -0.5619 0.8272 0.0008
vn -0.6349 0.7725 -0.0128
vn -0.6434 0.7654 -0.0145
vn -0.5498 0.8353 0.0029
vn 0.6119 0.7907 0.0183
vn 0.8022 0.5970 -0.0077
vn 0.5325 0.8464 -0.0012
vn 0.9484 0.3155 -0.0305
vn 0.0328 -0.6367 0.7704
vn 0.8175 -0.5757 -0.0152
vn -0.7910 -0.6117 0.0138
vn -0.8164 -0.5774 -0.0097
vn -0.7148 -0.6993 -0.0061
vn -0.2078 -0.0374 0.9775
vn 0.9355 -0.3533 0.0090
vn -0.8163 -0.5774 0.0116
vn -0.8895 -0.4566 -0.0188
vn -0.6020 -0.7985 0.0026
vn -0.5364 -0.8440 -0.0001
vn -0.5494 -0.8352 -0.0248
vn -0.0064 -0.0027 -1.0000
vn 0.7102 -0.5547 0.4335
vn -0.0020 0.3087 0.9512
vn -0.9015 -0.0027 0.4328
vn 0.6664 -0.2814 -0.6904
vn -0.5954 -0.8034 -0.0030
vn -0.5071 -0.8618 0.0078
vn -0.5642 -0.8256 0.0009
vn -0.0003 -0.7794 0.6265
vn 0.8712 -0.4910 -0.0027
vn -0.8572 -0.5150 0.0070
vn 0.2126 -0.9771 -0.0102
vn -0.9956 -0.0932 0.0114
vn -0.2096 -0.9778 -0.0011
vn -0.0824 -0.9962 0.0278
vn 0.8679 -0.4089 0.2821
vn -0.9539 -0.2858 -0.0920
vn -0.9929 -0.1162 -0.0236
vn -0.9904 -0.1378 -0.0088
vn 0.9878 -0.1559 0.0055
vn -0.9305 -0.0928 0.3542
vn -0.9923 0.0298 0.1203
vn -0.9604 0.1551 0.2314
vn -0.9923 0.0893 0.0856
vn -0.9983 0.0054 0.0580
vn -0.9873 -0.1366 0.0817
vn -0.8665 -0.1289 -0.4822
vn 0.9994 -0.0009 0.0356
vn 0.9268 0.1172 0.3568
vn 0.9433 0.1799 0.2790
vn 0.9455 0.1929 0.2622
vn 0.9702 -0.1573 0.1841
vn 0.9790 -0.0996 0.1780
vn 0.9802 -0.0895 0.1769
vn 0.9849 -0.0329 0.1702
vn 0.9502 0.2471 0.1897
vn -0.9870 0.1117 -0.1156
vn -0.9762 0.0905 0.1970
vn 0.9982 0.0590 0.0071
vn 0.9966 0.0829 -0.0002
vn 0.9997 0.0129 0.0210
vn 0.1609 -0.0738 0.9842
vn 0.8311 -0.3673 0.4175
vn 0.7913 -0.4405 0.4241
vn 0.8544 -0.3173 0.4115
vn 0.8230 0.2000 0.5317
vn 0.5480 -0.6001 0.5827
vn 0.4530 -0.4727 0.7559
vn 0.8819 -0.2474 0.4013
vn 0.6396 -0.3689 0.6744
vn -0.6028 -0.4680 0.6463
vn -0.3171 -0.6681 0.6731
vn -0.7190 -0.5629 0.4077
vn -0.8549 -0.3318 0.3988
vn -0.0004 -0.5540 0.8325
vn -0.0113 -0.5289 0.8486
vn -0.0550 -0.4226 0.9046
vn -0.0613 -0.4064 0.9116
vn 0.0150 -0.8624 0.5061
vn 0.0647 -0.5666 0.8215
vn 0.4268 -0.7018 0.5704
vn 0.6167 -0.5147 0.5956
vn -0.6034 -0.4279 0.6729
vn -0.0345 -0.8798 0.4741
vn -0.1263 -0.5422 0.8307
vn -0.0426 -0.3267 0.9442
vn -0.3379 -0.5137 0.7886
vn -0.4480 -0.8750 0.1834
vn -0.9125 -0.1077 0.3946
vn -0.8971 -0.0411 0.4400
vn -0.8995 -0.0500 0.4341
vn 0.2941 0.9558 -0.0006
vn -0.7497 -0.5004 0.4330
vn -0.4029 -0.2641 0.8763
vn -0.0527 -0.3084 0.9498
vn -0.0057 -0.4634 0.8861
vn -0.0168 -0.4279 0.9036
vn 0.9791 -0.2033 -0.0053
vn 0.8711 0.2197 0.4393
vn 0.8759 0.2841 0.3899
vn 0.8747 0.2596 0.4092
vn 0.6881 -0.6530 0.3163
vn 0.4871 -0.0022 0.8734
vn 0.3714 -0.0060 0.9285
vn 0.4882 -0.0022 0.8727
vn 0.3692 -0.0061 0.9293
vn 0.0109 -0.4399 0.8980
vn -0.9346 -0.3556 -0.0006
vn -0.9994 -0.0319 -0.0138
vn 0.3692 -0.0004 0.9293
vn 0.3470 -0.0062 0.9378
vn 0.2556 -0.0522 0.9654
vn 0.5568 0.0020 0.8306
vn 0.9999 -0.0013 -0.0124
vn -0.6130 -0.0031 0.7901
vn 0.8652 -0.1087 0.4896
vn 0.5842 -0.1401 0.7994
vn -0.5857 -0.1092 0.8031
vn -0.6128 -0.1620 0.7735
vn -0.5704 -0.0676 0.8186
vn -0.6897 -0.2031 0.6950
vn 0.9000 -0.1691 0.4017
vn 0.8586 -0.0703 0.5078
vn 0.5414 -0.3607 0.7595
vn 0.0027 -0.7096 0.7046
vn 0.0608 -0.0211 0.9979
vn 0.1767 -0.0521 0.9829
vn 0.0559 -0.0197 0.9982
vn -0.6604 -0.3065 0.6855
vn -0.3617 -0.0864 0.9283
vn 1.0000 0.0022 0.0019
vn -0.7293 0.0018 0.6842
vn 0.4351 -0.1439 0.8888
vn 0.7050 -0.0984 0.7023
vn 0.8966 -0.1664 0.4103
vn 0.8849 -0.1719 0.4328
vn 0.6479 -0.3120 0.6949
vn -0.6993 -0.2029 0.6854
vn -0.8535 -0.2781 0.4406
vn -0.6214 -0.2151 0.7534
vn 0.6458 -0.1180 0.7544
vn 0.8541 -0.2998 0.4250
vn 0.8235 -0.2267 0.5201
vn 0.8627 -0.3014 0.4061
vn 0.7927 -0.2349 0.5625
vn 0.3352 -0.1559 0.9292
vn 0.6832 -0.3433 0.6445
vn 0.6731 -0.3318 0.6609
vn 0.7423 -0.4165 0.5249
vn 0.7497 -0.4266 0.5060
vn 0.5406 -0.2063 -0.8156
vn -0.7464 -0.0997 0.6580
vn -0.6896 -0.1452 0.7095
vn -0.5891 -0.2206 0.7774
vn -0.5904 0.8071 0.0049
vn -0.2964 0.2997 0.9068
vn 0.5003 -0.1681 0.8494
vn 0.7412 -0.4283 0.5169
vn 0.5558 -0.5618 0.6127
vn 0.5549 -0.5122 0.6556
vn 0.5515 -0.5040 0.6647
vn -0.6431 -0.4169 0.6424
vn -0.6675 -0.4508 0.5926
vn -0.6190 -0.3851 0.6845
vn -0.6834 -0.4742 0.5550
vn -0.4191 -0.2848 0.8621
vn -0.5419 -0.2188 0.8114
vn -0.4644 -0.2746 0.8420
vn 0.4346 0.9006 0.0055
vn -0.5287 -0.1103 0.8416
vn -0.5466 -0.1455 0.8247
vn -0.3244 -0.3462 0.8803
vn -0.8957 -0.2241 0.3840
vn -0.0002 0.6728 -0.7398
vn 0.3995 -0.1565 0.9033
vn 1.0000 -0.0006 0.0061
vn 0.4329 -0.2446 0.8676
vn -0.6545 -0.4177 0.6302
vn -0.7362 -0.4232 0.5281
vn -0.6656 -0.4188 0.6177
vn -0.7475 -0.4234 0.5118
vn 0.7054 -0.3771 0.6001
vn 0.7548 -0.5278 0.3895
vn 0.7963 -0.4006 0.4532
vn 0.7320 -0.5826 0.3532
vn 0.8071 -0.4164 0.4185
vn 0.2800 -0.2483 0.9273
vn 0.2749 -0.2406 0.9309
vn 0.3401 -0.3414 0.8762
vn 0.1683 -0.1692 0.9711
vn 0.4494 -0.3520 0.8210
vn 0.4731 -0.5520 0.6866
vn 0.4521 -0.5468 0.7047
vn -0.3755 -0.5570 0.7408
vn 0.5781 -0.4291 0.6941
vn -0.6333 -0.6177 0.4663
vn 0.5463 -0.4163 0.7268
vn -0.7004 -0.5247 0.4839
vn -0.3388 -0.1807 0.9233
vn 0.4475 -0.3344 0.8294
vn 0.5034 -0.4725 0.7234
vn 0.7470 -0.6360 0.1937
vn 0.7934 -0.4810 0.3730
vn 0.7831 -0.4878 0.3858
vn -0.4677 -0.5654 0.6794
vn -0.6550 -0.6259 0.4234
vn -0.7833 -0.5929 0.1869
vn -0.3279 -0.2264 0.9172
vn -0.9964 0.0714 0.0465
vn 0.6737 -0.6760 0.2986
vn 0.3499 -0.3568 0.8662
vn 0.6719 -0.6842 0.2836
vn 0.4501 -0.7515 0.4824
vn -0.3166 0.0019 -0.9485
vn -0.3149 0.0018 -0.9491
vn 0.1132 -0.6603 0.7424
vn -0.0181 -0.7090 -0.7050
vn -0.1489 -0.8378 0.5252
vn -0.2750 -0.6222 0.7329
vn 0.8039 -0.4381 0.4023
vn -0.6958 -0.7103 0.1068
vn -0.4444 -0.4405 0.7800
vn -0.5527 -0.5226 0.6491
vn -0.4594 -0.4521 0.7646
vn -0.5567 -0.5256 0.6433
vn 0.7464 -0.6435 0.1697
vn 0.1808 -0.2552 0.9498
vn 0.2879 -0.2640 0.9205
vn 0.1737 -0.2136 0.9614
vn 0.4818 -0.4730 0.7377
vn 0.5891 -0.7467 0.3089
vn 0.5812 -0.7435 0.3307
vn 0.6001 -0.7506 0.2766
vn 0.5703 -0.7387 0.3592
vn 0.1399 -0.2526 0.9574
vn 0.4478 -0.5687 0.6900
vn 0.3631 -0.6147 0.7002
vn 0.3496 -0.6214 0.7012
vn 0.3410 -0.6662 0.6632
vn 0.2681 -0.6508 0.7104
vn 0.3139 -0.7068 0.6340
vn 0.2690 -0.6160 0.7403
vn 0.0120 -0.7973 0.6035
vn -0.0819 -0.2413 0.9670
vn -0.2070 -0.6765 0.7068
vn -0.1087 -0.7617 0.6387
vn -0.1592 -0.7203 0.6752
vn -0.2511 -0.6320 0.7332
vn -0.4446 -0.7319 0.5165
vn -0.1644 -0.1708 0.9715
vn -0.3606 -0.5841 0.7272
vn -0.3059 -0.5999 0.7393
vn -0.3899 -0.5746 0.7196
vn 0.9550 0.2954 -0.0273
vn -0.5657 -0.4917 0.6620
vn -0.6106 -0.7123 0.3460
vn -0.6562 -0.6050 0.4509
vn -0.6403 -0.6487 0.4113
vn -0.5491 -0.6031 0.5786
vn -0.1830 -0.0011 -0.9831
vn 0.3103 -0.6348 0.7076
vn 0.3323 -0.6247 0.7066
vn 0.3910 -0.5779 0.7163
vn 0.5036 -0.7433 0.4403
vn 0.5075 -0.7319 0.4547
vn 0.3076 -0.3851 0.8701
vn 0.0267 -0.1200 0.9924
vn 0.1455 -0.7347 0.6626
vn -0.0140 -0.0519 -0.9986
vn 0.2371 -0.6229 0.7455
vn -0.0270 -0.5678 0.8227
vn -0.0107 -0.5644 0.8254
vn 0.0423 -0.5524 0.8325
vn -0.0441 -0.8715 0.4885
vn -0.0774 -0.3811 0.9213
vn -0.1515 -0.4237 0.8930
vn -0.1801 -0.4395 0.8800
vn -0.0054 -0.7089 0.7053
vn -0.4194 -0.8436 0.3352
vn -0.3641 -0.8700 0.3325
vn -0.2467 -0.4231 0.8718
vn -0.8723 0.2298 -0.4316
vn 0.3369 -0.6955 0.6347
vn 0.4422 -0.7385 0.5090
vn 0.3784 -0.6982 0.6078
vn 0.3505 -0.8853 0.3058
vn 0.3400 -0.9114 0.2316
vn 0.3580 -0.8566 0.3715
vn 0.4618 -0.7555 0.4647
vn 0.2619 -0.6603 0.7039
vn 0.1759 -0.5941 0.7850
vn 0.2647 -0.6513 0.7111
vn 0.1139 -0.6815 0.7229
vn 0.3598 -0.8476 0.3899
vn 0.0070 -0.5164 0.8563
vn -0.5309 -0.8474 0.0041
vn -0.1575 -0.4760 0.8652
vn -0.3837 -0.7365 0.5571
vn -0.3252 -0.7254 0.6067
vn -0.3010 -0.7197 0.6257
vn -0.4163 -0.8471 0.3304
vn -0.3116 -0.8649 0.3934
vn -0.2466 -0.8954 0.3707
vn -0.4424 -0.5558 0.7038
vn -0.4072 -0.7398 0.5356
vn -0.1086 -0.3647 0.9248
vn -0.1990 -0.4181 0.8863
vn -0.2327 -0.4370 0.8688
vn -0.3243 -0.6714 0.6663
vn -0.3581 -0.4570 0.8142
vn 0.1488 -0.8790 0.4531
vn 0.1404 -0.8574 0.4952
vn -0.0196 -0.9462 0.3229
vn 0.0009 -0.6767 0.7363
vn -0.0795 -0.5775 0.8125
vn -0.1224 -0.8398 0.5289
vn -0.2921 -0.9002 0.3229
vn -0.2759 -0.9042 0.3260
vn -0.2230 -0.9153 0.3353
vn -0.0520 -0.3659 0.9292
vn 0.0980 -0.7107 0.6967
vn 0.1454 -0.9155 0.3751
vn 0.1746 -0.7783 0.6031
vn -0.0847 -0.7470 0.6594
vn -0.0936 -0.7848 0.6127
vn -0.0993 -0.8081 0.5806
vn -0.0160 -0.9214 0.3883
vn -0.1027 -0.8219 0.5603
vn -0.2219 -0.9119 0.3453
vn -0.0807 -0.3475 0.9342
vn 0.2452 0.5167 0.8203
vn 0.5765 0.5335 0.6189
vn -0.0099 0.5590 0.8291
vn 0.0146 0.8604 0.5094
vn -0.1052 0.3614 0.9264
vn -0.5196 0.5899 0.6181
vn 0.5412 0.7856 0.2999
vn 0.2894 0.6623 0.6911
vn -0.0097 0.9785 0.2062
vn 0.0120 0.8371 0.5469
vn -0.6260 0.4768 0.6171
vn 0.5815 0.0040 0.8135
vn -0.9725 -0.0069 0.2326
vn 0.7551 -0.0025 0.6556
vn 0.3740 -0.1079 0.9211
vn 0.3638 -0.0653 0.9292
vn 0.3509 -0.0150 0.9363
vn -0.4622 0.0036 0.8868
vn -0.4660 0.0039 0.8848
vn -0.3663 -0.0025 0.9305
vn 1.0000 -0.0006 -0.0035
vn 0.9738 0.0346 0.2247
vn 0.6116 -0.2974 0.7332
vn 0.5917 -0.2633 0.7620
vn 0.6527 -0.3751 0.6582
vn 0.6643 -0.3997 0.6316
vn -0.4871 -0.2702 0.8305
vn 0.6165 -0.2421 0.7492
vn 0.7351 -0.2303 0.6376
vn 0.7134 -0.2331 0.6608
vn 0.6007 -0.2431 0.7617
vn 0.4503 -0.3988 0.7989
vn 0.4014 -0.7280 0.5558
vn 0.1555 -0.8245 0.5440
vn -0.0839 -0.6119 0.7865
vn -0.3154 -0.5192 0.7943
vn -0.3183 -0.7822 0.5355
vn 0.3096 -0.5685 -0.7622
vn 0.2137 -0.4735 0.8545
vn -0.1376 -0.7601 0.6351
vn 0.0606 -0.7614 0.6454
vn -0.0178 -0.9505 0.3101
vn -0.4575 -0.7038 0.5435
vn -0.2816 -0.5703 0.7716
vn -0.6551 -0.3237 0.6827
vn -0.6110 0.6340 0.4741
vn -0.5621 0.8007 0.2072
vn 0.6015 0.7475 0.2819
vn -0.0014 0.9419 0.3360
vn -0.3095 0.8436 0.4389
vn -0.3056 0.8444 0.4400
vn -0.3617 0.8310 0.4227
vn -0.2607 0.8528 0.4526
vn 0.4679 0.7801 0.4155
vn 0.4683 0.7775 0.4197
vn 0.4723 0.7495 0.4638
vn -0.2466 0.8481 0.4690
vn -0.2912 0.8366 0.4640
vn -0.2877 0.8376 0.4644
vn -0.3333 0.8240 0.4582
vn 0.3907 0.7978 0.4592
vn 0.5939 0.6712 0.4436
vn 0.6925 0.7168 0.0818
vn 0.7249 0.2194 0.6529
vn 0.8195 -0.0127 0.5729
vn 0.8701 -0.0044 0.4929
vn 0.8020 -0.0153 0.5971
vn 0.8726 -0.0039 0.4884
vn -0.6424 0.0132 0.7662
vn -0.7037 0.0029 0.7104
vn -0.6359 0.0143 0.7716
vn -0.2052 -0.1889 -0.9603
vn -0.7087 0.0020 0.7055
vn 0.0029 -0.0038 1.0000
vn 0.6188 -0.1193 0.7765
vn 0.2741 -0.6371 0.7204
vn -0.7883 -0.3475 0.5077
vn -0.8027 -0.3384 0.4911
vn -0.7436 -0.3731 0.5549
vn -0.6358 -0.3450 0.6905
vn 0.8024 -0.3283 0.4983
vn 0.5978 -0.3277 0.7316
vn -0.6421 -0.3835 0.6638
vn -0.4986 -0.1572 0.8525
vn -0.6974 -0.0915 0.7108
vn -0.0047 0.4418 -0.8971
vn 0.6723 -0.4772 0.5660
vn 0.2089 -0.1408 0.9677
vn 0.1080 -0.0567 0.9925
vn 0.0844 -0.0371 0.9957
vn 0.2237 -0.1532 0.9625
vn -0.7308 -0.3797 0.5672
vn -0.0856 -0.0333 0.9958
vn -0.0062 -0.0061 1.0000
vn -0.6063 -0.3960 0.6896
vn 0.7923 -0.5606 0.2407
vn 0.5926 -0.6003 0.5371
vn 0.2367 -0.1420 0.9612
vn 0.7306 -0.2395 0.6394
vn 0.0032 0.0782 -0.9969
vn -0.6008 -0.3579 0.7148
vn -0.5832 -0.3367 0.7393
vn -0.5337 -0.2797 0.7981
vn -0.5024 -0.2450 0.8292
vn 0.6582 -0.6609 0.3605
vn 0.6687 -0.6874 0.2834
vn 0.6727 -0.7005 0.2381
vn 0.6569 -0.6578 0.3684
vn -1.0000 0.0028 -0.0061
vn 0.6528 -0.6012 0.4608
vn 0.2442 -0.7970 0.5524
vn 0.1909 -0.2680 0.9443
vn -0.4221 -0.4515 0.7861
vn -0.3049 -0.7472 0.5905
vn -0.5516 -0.3349 -0.7639
vn -0.3853 0.0009 0.9228
vn -0.0126 -0.9406 0.3393
vn 0.5811 -0.2318 0.7801
vn -0.0250 0.0678 0.9974
vn 0.0706 -0.1247 -0.9897
vn 0.3022 -0.8043 0.5117
vn 0.0521 -0.6519 0.7565
vn 0.5746 -0.1968 0.7944
vn -0.0215 -0.0041 0.9998
vn 0.5183 0.1866 -0.8346
vn 0.3470 -0.8093 0.4739
vn -0.1944 -0.8938 0.4041
vn -0.0987 -0.8271 0.5534
vn -0.0699 -0.7706 0.6335
vn -0.6185 -0.5799 0.5304
vn 0.0381 -0.0208 0.9991
vn -0.0189 -0.0236 0.9995
vn -0.9989 -0.0379 -0.0277
vn 0.0007 -0.0039 1.0000
vn 0.3814 -0.7285 0.5690
vn 0.3354 -0.5131 0.7901
vn 0.2285 -0.8561 0.4636
vn 0.0484 -0.7562 0.6526
vn 0.0413 -0.1339 0.9901
vn 0.4878 -0.5667 0.6640
vn 0.3209 -0.8762 0.3597
vn -0.1838 -0.7795 0.5988
vn -0.6592 -0.2880 0.6947
vn -0.2006 -0.8544 0.4794
vn -0.1610 -0.8332 0.5291
vn -0.1463 -0.8244 0.5467
vn -0.2191 -0.8631 0.4550
vn 0.3484 -0.4224 0.8368
vn -0.2931 -0.6090 0.7370
vn -0.6208 -0.7193 0.3118
vn -0.3807 -0.5768 0.7227
vn 0.1748 0.8331 -0.5247
vn -0.0004 -0.0248 0.9997
vn 0.9969 0.0055 -0.0784
vn -0.0001 -0.0010 1.0000
vn 0.4133 -0.5911 0.6927
vn -0.2341 -0.8290 0.5079
vn 0.5855 -0.7957 0.1555
vn -0.6288 0.6086 0.4840
vn -0.5829 0.4654 0.6660
vn 0.0009 -0.2292 0.9734
vn -0.0037 -0.2161 0.9764
vn -0.0390 -0.1151 0.9926
vn -0.0506 -0.0813 0.9954
vn -0.0031 0.0932 0.9956
vn -0.1241 0.1304 0.9837
vn 0.0830 0.1483 0.9854
vn -0.2492 -0.3363 0.9082
vn -0.5529 0.1761 0.8144
vn 0.0180 0.2821 0.9592
vn 0.0004 0.5126 0.8587
vn -0.9689 0.2473 0.0084
vn 0.0004 0.5142 0.8577
vn -0.0030 0.0779 0.9970
vn 0.0288 -0.0192 -0.9994
vn 0.0097 -0.1630 0.9866
vn 0.2138 0.3140 0.9250
vn 0.0738 -0.2120 0.9745
vn -0.9031 -0.4290 -0.0181
vn -0.2880 -0.2771 0.9167
vn -0.2515 -0.0086 -0.9678
vn 0.2170 0.0880 0.9722
vn -0.1361 0.2885 0.9478
vn -0.7253 0.0011 0.6884
vn 0.2031 0.2976 0.9328
vn -0.2813 -0.3088 0.9086
vn -0.6700 -0.3814 0.6369
vn -0.0547 0.3191 0.9462
vn 0.1345 0.2299 0.9639
vn 0.0068 -0.1661 0.9861
vn 0.1133 -0.1557 0.9813
vn 0.1134 -0.2767 0.9542
vn 0.0160 -0.3946 0.9187
vn 0.0940 -0.3121 0.9454
vn 0.0251 0.0315 0.9992
vn 0.1023 0.0632 0.9927
vn -0.0833 -0.3038 0.9491
vn -0.0619 -0.3348 0.9403
vn -0.0217 0.8765 0.4810
vn -0.6150 -0.7885 -0.0036
vn 0.0451 0.0057 0.9990
vn -0.2337 0.1031 0.9668
vn -0.0006 -0.1469 0.9891
vn 0.3807 -0.2139 0.8996
vn -0.3435 0.9360 -0.0768
vn -0.0041 0.0481 0.9988
vn -0.0292 -0.2716 0.9620
vn -0.2394 -0.4572 0.8566
vn -0.3021 -0.2950 0.9065
vn 0.0109 0.7178 0.6962
vn 0.0327 0.0301 0.9990
vn 0.0047 0.0747 0.9972
vn -0.1504 -0.1940 0.9694
vn 0.0759 -0.3366 0.9386
vn 0.0748 0.1377 0.9876
vn -0.1199 0.2893 0.9497
vn 0.9774 -0.1830 -0.1058
vn -0.0076 0.0581 0.9983
vn 0.1085 -0.1920 0.9754
vn -0.1643 -0.1351 0.9771
vn 0.5114 0.6503 0.5618
vn 0.4979 0.6123 0.6141
vn 0.5003 0.6189 0.6055
vn 0.6400 -0.0990 0.7620
vn 0.6667 -0.1038 0.7381
vn 0.6905 -0.1080 0.7152
vn 0.4856 0.5802 0.6539
vn -0.0984 0.2912 0.9516
vn 0.5399 -0.0814 0.8378
vn -0.9833 -0.0020 -0.1818
vn 0.0341 0.0426 0.9985
vn -0.1676 -0.0912 0.9816
vn -0.6513 0.2207 0.7260
vn -0.7832 -0.0739 0.6174
vn -0.7372 -0.1451 0.6599
vn -0.7281 -0.1579 0.6670
vn -0.6850 -0.2144 0.6963
vn -0.4669 -0.8099 0.3551
vn -0.3831 -0.8502 0.3610
vn -0.4693 -0.8086 0.3548
vn 0.9493 -0.2406 -0.2025
vn 0.9997 -0.0028 0.0258
vn 1.0000 -0.0024 0.0093
vn 0.7972 -0.6037 -0.0114
vn 0.0227 -0.3376 0.9410
vn -0.0630 -0.2724 0.9601
vn -0.4837 -0.6031 0.6343
vn -0.0448 -0.0026 0.9990
vn -0.8296 -0.0026 0.5584
vn -0.0004 0.9017 0.4325
vn 0.6486 -0.0035 0.7611
vn 0.7596 0.2032 0.6178
vn -0.2110 -0.0010 0.9775
vn 0.9499 0.3127 -0.0004
vn 0.4626 -0.0001 0.8866
vn 0.0999 -0.6420 0.7602
vn 0.0604 -0.6383 0.7674
vn 0.0142 -0.6327 0.7742
vn -0.8771 -0.3974 0.2699
vn 0.4485 -0.2130 0.8680
vn 0.4999 -0.5301 0.6849
vn 0.4249 -0.0003 0.9053
vn 0.9571 -0.2894 -0.0124
vn -0.2918 -0.6246 0.7244
vn -0.5985 -0.0001 0.8011
vn -1.0000 -0.0002 0.0052
vn 0.0391 -0.1851 0.9819
vn 0.1313 -0.2475 0.9600
vn 0.1068 -0.2311 0.9670
vn -0.0806 -0.8995 0.4294
vn 0.1160 -0.9931 0.0169
vn 0.0256 0.4426 -0.8963
vn -0.3487 0.4026 0.8463
vn 0.1027 -0.0027 0.9947
vn -0.3629 -0.0027 0.9318
vn 0.0121 -0.9155 0.4021
vn 0.0127 -0.9207 0.3901
vn 0.0318 -0.9995 0.0007
vn -0.8430 -0.5378 -0.0132
vn -0.3395 -0.0013 -0.9406
vn 0.9016 -0.4321 0.0200
vn -0.3569 0.1163 -0.9269
vn -0.3066 -0.0722 0.9491
vn -0.8850 -0.4654 0.0091
vn -0.9261 -0.3767 0.0217
vn -0.8918 -0.4524 0.0110
vn -0.9294 -0.3684 0.0228
vn 0.9238 -0.3826 0.0127
vn 0.9727 -0.2291 0.0357
vn 0.9631 -0.2686 0.0175
vn 0.9985 -0.0554 -0.0007
vn 0.9630 -0.2666 0.0389
vn -0.0142 0.6934 -0.7204
vn -0.3404 -0.1441 0.9292
vn -0.3328 -0.1415 0.9323
vn -0.4743 -0.1903 0.8595
vn -0.4887 -0.1952 0.8503
vn -0.9998 -0.0168 0.0103
vn 0.0455 -0.0170 0.9988
vn 0.9717 -0.2345 0.0272
vn 0.9866 -0.1632 0.0058
vn 0.9745 -0.2229 0.0237
vn 0.9890 -0.1479 0.0013
vn 0.7436 -0.5289 -0.4091
vn 0.3870 -0.1670 0.9069
vn -0.5711 -0.2488 0.7823
vn 0.2109 -0.1178 0.9704
vn -0.1413 -0.9900 -0.0040
vn -0.1460 -0.9893 -0.0041
vn 0.8559 -0.5158 0.0380
vn 0.3088 0.1056 0.9452
vn -0.6234 -0.4155 0.6624
vn -0.0438 -0.1040 -0.9936
vn -0.0760 -0.0970 0.9924
vn -0.0502 -0.2099 0.9764
vn 0.3497 -0.5385 0.7667
vn -0.1797 -0.4131 0.8928
vn 0.5319 0.0083 -0.8468
vn 0.8067 -0.4028 0.4323
vn -0.6977 0.0028 0.7164
vn -0.9965 0.0003 0.0838
vn -0.0057 -0.9097 -0.4152
vn 0.2217 -0.3481 0.9109
vn -0.8528 -0.2513 -0.4579
vn -1.0000 -0.0001 0.0006
vn -0.0083 -0.0021 -1.0000
vn 0.9073 0.2997 0.2950
vn -0.1744 0.1223 -0.9771
vn 0.0867 -0.1760 0.9806
vn -0.2489 -0.3626 0.8981
vn 0.0769 -0.3187 0.9447
vn 0.2880 -0.9565 0.0475
vn -0.0087 -0.4087 -0.9126
vn -0.0540 -0.2553 0.9654
vn 0.3472 -0.9376 0.0196
vn 0.0114 -0.4707 0.8822
vn -0.0157 -0.9996 0.0223
vn 0.0465 -0.9988 -0.0151
vn -0.0811 -0.2785 0.9570
vn -0.0159 -0.4716 0.8817
vn -0.2222 -0.6058 0.7639
vn -0.4568 -0.0004 0.8896
vn -0.2041 0.9659 0.1592
vn -0.0004 0.9196 0.3929
vn -0.0104 0.9221 0.3867
vn -0.0423 0.9271 0.3723
vn -0.0062 0.7696 0.6385
vn -0.0050 0.7615 0.6481
vn 0.0102 0.6506 0.7593
vn 0.0110 0.6443 0.7647
vn -0.0559 0.9300 0.3634
vn 0.2081 -0.5833 0.7851
vn -0.0437 0.9301 0.3646
vn 0.0011 0.9211 0.3894
vn 0.4638 0.8002 0.3803
vn -1.0000 0.0044 0.0042
vn -0.9927 -0.0034 0.1208
vn -0.9999 0.0037 0.0151
vn 0.2339 0.9617 0.1427
vn 0.2224 0.9607 0.1661
vn 0.1868 0.9537 0.2359
vn 0.1722 0.9492 0.2634
vn -0.9345 -0.3252 0.1447
vn -0.3445 -0.2841 0.8948
vn -0.3394 -0.2796 0.8981
vn -0.4084 -0.3402 0.8470
vn -0.8236 -0.2319 0.5176
vn -0.3976 -0.6032 0.6914
vn -0.2819 -0.2293 0.9316
vn -0.0034 -0.7353 0.6777
vn -0.0441 -0.7478 0.6624
vn -0.0818 -0.7580 0.6471
vn -0.3567 0.1245 -0.9259
vn 0.0155 -0.5821 0.8129
vn 0.0032 -0.8433 -0.5375
vn -0.0000 -0.3157 0.9489
vn -0.0011 -0.1763 0.9843
vn 0.0004 -0.7341 0.6790
vn 0.0030 -0.4881 0.8728
vn 0.0030 -0.4912 0.8711
vn 0.3437 -0.8775 0.3345
vn 0.8339 -0.4822 0.2684
vn 0.6800 -0.3441 0.6475
vn 0.5910 -0.0275 0.8062
vn -0.7714 0.2040 0.6028
vn -0.4406 0.3203 0.8386
vn -0.3713 0.2695 0.8885
vn -0.3897 0.2829 0.8764
vn -0.3093 0.2240 0.9242
vn -0.9038 0.0005 -0.4279
vn 0.0016 0.3387 0.9409
vn 0.0043 -0.0112 0.9999
vn 0.3095 0.8187 0.4836
vn 0.8014 0.4217 0.4241
vn 0.5905 0.7426 0.3159
vn 0.7014 0.2837 0.6539
vn -0.0094 -0.9457 0.3248
vn 0.0002 -0.0008 -1.0000
vn -0.6052 -0.7960 -0.0042
vn 0.0171 -0.0113 -0.9998
vn 0.0978 -0.2380 0.9663
vn -0.1669 0.0233 0.9857
vn 0.0109 0.0221 0.9997
vn -0.0336 0.0729 0.9968
vn 0.1399 -0.1820 0.9733
vn 0.0131 0.1900 0.9817
vn -0.1714 0.1375 0.9756
vn -0.2161 -0.2211 0.9510
vn -0.9579 -0.2620 0.1171
vn 0.1239 -0.1801 0.9758
vn 0.0877 -0.2061 0.9746
vn 0.3723 0.2322 0.8986
vn 0.0674 -0.0052 0.9977
vn 0.1429 -0.1349 0.9805
vn 0.0727 0.0557 0.9958
vn -0.0502 0.2731 0.9607
vn 0.0522 0.3060 0.9506
vn -0.0088 0.2868 0.9579
vn -0.0109 0.2884 0.9575
vn -0.2988 -0.0622 0.9523
vn -0.0025 -0.0030 -1.0000
vn -0.3168 0.2452 0.9163
vn 0.0256 0.0267 0.9993
vn -0.0133 -0.0204 0.9997
vn 0.1875 0.1803 0.9656
vn 0.2275 -0.1189 0.9665
vn -0.0002 0.9288 -0.3706
vn -0.3391 0.2141 0.9161
vn 0.1031 0.3211 0.9414
vn -0.9067 -0.4213 -0.0194
vn -0.4939 -0.2936 0.8184
vn -0.6765 0.0197 0.7362
vn -0.6648 0.0667 0.7440
vn -0.6909 -0.0503 0.7212
vn -0.5309 -0.7727 0.3481
vn -0.8321 -0.4146 -0.3685
vn -0.0000 -0.6307 0.7760
vn -0.0003 -0.0849 0.9964
vn -0.0003 -0.0950 0.9955
vn 0.0007 1.0000 0.0011
vn 0.0019 -0.0686 0.9976
vn 0.9999 -0.0079 0.0130
vn -0.0030 -0.4958 0.8684
vn 0.3360 -0.7397 0.5830
vn 0.3072 -0.7120 0.6314
vn 0.6695 -0.1228 0.7326
vn 0.6237 -0.0355 0.7809
vn 0.6327 -0.0515 0.7727
vn -0.6393 0.1523 0.7537
vn -0.4248 0.3480 0.8357
vn -0.4006 0.8818 0.2490
vn -0.0165 0.3139 0.9493
vn 0.0006 0.5877 0.8091
vn -0.0003 0.0972 0.9953
vn 0.9208 0.3899 -0.0068
vn 0.0003 0.9554 0.2952
vn 0.0442 0.5719 0.8191
vn 0.8378 0.4554 0.3012
vn 0.5868 0.0265 0.8093
vn 0.7070 0.3260 0.6276
vn -0.8542 -0.5199 -0.0024
vn -0.8509 -0.5254 -0.0030
vn -0.9008 -0.4343 0.0066
vn 0.0199 -0.7860 -0.6179
vn 0.0199 -0.7847 -0.6195
vn -0.9778 -0.0095 0.2094
vn -0.5433 -0.7824 0.3045
vn -0.4956 -0.8141 0.3028
vn -0.9271 0.1234 -0.3539
vn 0.0146 -0.8317 0.5551
vn 0.0142 -0.8343 0.5511
vn -0.6956 -0.0032 0.7184
vn -0.9992 0.0406 0.0005
vn 0.8464 0.4477 0.2883
vn 0.5766 -0.3549 0.7359
vn -0.2319 0.0772 0.9697
vn -0.8396 -0.5430 0.0139
vn 0.8563 -0.1695 0.4878
vn -0.0051 -0.8911 -0.4538
vn -0.2883 -0.0003 -0.9575
vn 0.0626 0.0272 0.9977
vn -0.0193 -0.4758 0.8793
vn -0.5570 0.0001 -0.8305
vn 0.7205 -0.6935 -0.0002
vn 0.4059 0.2783 0.8705
vn 0.7499 0.3998 0.5270
vn -0.6072 0.1328 0.7834
vn 0.9643 0.0859 0.2505
vn 0.9689 0.0539 0.2413
vn -0.6326 0.0790 0.7704
vn -0.8768 0.0729 0.4753
vn -0.8870 0.0502 0.4591
vn -0.9725 0.0961 0.2122
vn -0.9685 0.1536 0.1962
vn -0.9697 0.1004 0.2226
vn 0.7120 -0.6924 0.1170
vn -0.9912 -0.0063 0.1321
vn -0.5778 -0.3404 0.7418
vn -0.6249 -0.3099 0.7166
vn 0.9955 -0.0936 0.0134
vn 0.0045 0.2377 0.9713
vn -0.9750 0.0001 0.2223
vn 0.9042 -0.4263 0.0275
vn -0.0038 -1.0000 -0.0029
vn -0.0370 0.8531 0.5204
vn -0.0011 0.8626 0.5059
vn 0.6863 -0.4082 0.6020
vn -0.7473 -0.5974 -0.2909
vn 0.9680 0.1633 0.1904
vn 0.9443 0.3273 0.0350
vn -0.7143 0.6543 0.2483
vn -0.9600 0.0650 -0.2725
vn -0.7976 0.0099 0.6032
vn -0.7617 0.0240 0.6475
vn -0.8091 0.0051 0.5876
vn -0.7559 0.0262 0.6542
vn -0.2757 0.0588 0.9594
vn -0.3555 -0.7393 0.5718
vn 0.9163 0.0715 0.3941
vn 0.6065 0.0194 0.7948
vn 0.3331 0.0639 0.9407
vn -0.2811 0.8758 0.3924
vn -0.4098 0.4684 0.7827
vn -0.7047 0.3192 0.6337
vn -0.2807 0.6424 0.7131
vn 0.0198 -0.1718 0.9849
vn -0.0009 0.2750 0.9615
vn 0.0014 0.4011 0.9160
vn 0.0014 0.4016 0.9158
vn -0.0009 0.2744 0.9616
vn -0.9930 -0.1179 -0.0010
vn -0.0066 0.9998 -0.0175
vn 0.6713 0.7260 0.1490
vn 0.3477 0.8581 0.3780
vn 0.2061 0.7079 0.6756
vn 0.9190 -0.3942 0.0090
vn -0.9066 -0.4219 0.0078
vn 0.5076 -0.8616 0.0023
vn 0.5963 -0.8028 -0.0009
vn 0.5115 -0.8593 0.0022
vn 0.5982 -0.8013 -0.0010
vn -0.9557 -0.2940 -0.0098
vn -0.6596 -0.7516 0.0101
vn 0.9926 -0.0921 0.0786
vn 0.6306 -0.7761 0.0070
vn 0.9031 -0.4293 0.0125
vn 0.0081 -0.6334 0.7738
vn 0.0084 -0.6300 0.7765
vn -0.0029 -0.7640 0.6452
vn -0.0041 -0.7774 0.6290
vn 0.0252 -0.6419 0.7664
vn 0.0011 -0.0018 -1.0000
vn 0.3300 0.0025 0.9440
vn 0.4351 -0.0036 0.9004
vn 0.4382 -0.0038 0.8989
vn 0.3276 0.0027 0.9448
vn 0.9860 -0.0078 -0.1668
vn 0.6609 -0.0001 0.7504
vn 0.8427 0.1997 0.4999
vn 0.8291 0.1749 0.5311
vn 0.9870 0.0547 0.1512
vn 0.2746 0.0841 0.9579
vn 0.6826 0.2409 0.6899
vn -0.2812 0.8153 -0.5062
vn -0.9997 0.0051 0.0251
vn -0.4871 0.2030 0.8494
vn 0.9173 0.1223 0.3790
vn 0.3708 -0.1170 -0.9213
vn -0.9424 0.1205 0.3122
vn -0.9362 0.1329 0.3254
vn -0.2105 -0.9776 -0.0054
vn 0.0134 0.3013 0.9534
vn 0.9352 0.1211 0.3328
vn 0.4847 0.0970 0.8693
vn 0.6107 0.4315 0.6640
vn 0.4516 0.0190 0.8920
vn 0.8657 0.1824 0.4661
vn -0.0013 -0.6983 -0.7158
vn 0.0020 0.3124 0.9500
vn 0.3360 -0.6284 0.7016
vn 0.9723 0.0624 0.2252
vn 0.5869 0.3872 0.7111
vn 0.3764 0.2846 0.8817
vn 0.4468 0.1967 0.8727
vn 0.4171 0.2349 0.8780
vn 0.4926 0.1338 0.8599
vn 0.6106 0.4637 0.6420
vn 0.3352 0.2844 0.8982
vn 0.0053 -0.0193 -0.9998
vn 0.8320 -0.5528 -0.0480
vn 0.0720 0.3110 0.9477
vn -0.0039 0.3115 0.9502
vn 0.0877 0.3107 0.9465
vn 0.2890 0.1510 0.9454
vn 0.0532 -0.0136 -0.9985
vn 0.0906 -0.0288 0.9955
vn 0.4365 0.1470 0.8876
vn -0.8088 -0.4981 -0.3127
vn 0.9999 -0.0040 -0.0155
vn -0.8406 0.0856 0.5349
vn -0.4542 -0.8773 -0.1552
vn 0.5128 0.2105 0.8323
vn -0.0073 -0.9326 -0.3608
vn -0.1632 -0.0151 0.9865
vn -0.0789 -0.0078 0.9969
vn -0.0094 -0.0018 1.0000
vn -0.9999 0.0124 0.0048
vn -0.2592 -0.0075 0.9658
vn 0.4641 -0.0036 -0.8858
vn -0.7591 -0.0007 0.6509
vn 0.3500 -0.8740 -0.3370
vn -0.7583 -0.0007 0.6519
vn -0.5584 -0.2326 0.7963
vn -0.0103 -0.0022 0.9999
vn -0.1256 -0.0006 0.9921
vn 0.4485 -0.1263 0.8848
vn 0.5017 -0.1863 0.8447
vn 0.5331 -0.2233 0.8160
vn -0.0022 1.0000 -0.0074
vn 0.6779 -0.1234 0.7248
vn 0.1803 -0.2501 0.9513
vn -0.7306 -0.3110 0.6079
vn -0.3440 0.7823 0.5193
vn 0.8613 -0.5078 0.0188
vn 0.6268 -0.0461 0.7778
vn 0.4245 -0.1001 0.8999
vn -0.7688 -0.1756 0.6149
vn -0.7253 -0.1541 0.6710
vn -0.7799 -0.2165 0.5873
vn -0.6580 -0.1919 0.7282
vn -0.6495 -0.2671 0.7119
vn -0.2281 -0.4042 0.8858
vn -0.1157 -0.0599 0.9915
vn -0.0248 -0.0131 0.9996
vn -0.0184 -0.0098 0.9998
vn 0.1151 -0.0348 0.9927
vn 0.7186 -0.3307 0.6117
vn 0.4968 -0.0587 0.8659
vn 0.5037 -0.0629 0.8616
vn 0.5256 -0.0765 0.8473
vn 0.4385 -0.0237 0.8984
vn 0.4213 -0.4447 0.7904
vn 0.1097 -0.4978 0.8603
vn 0.4302 -0.1690 0.8868
vn 0.4283 -0.1278 0.8945
vn 0.4308 -0.1874 0.8828
vn 0.5728 -0.3106 0.7586
vn 0.6330 -0.2325 0.7384
vn 0.5990 -0.2650 0.7556
vn 0.4316 -0.2252 0.8735
vn -0.6569 -0.2856 0.6978
vn -0.4155 -0.1060 0.9034
vn -0.4115 -0.1664 0.8961
vn -0.4097 -0.2113 0.8874
vn -0.8885 0.4589 0.0027
vn 0.8110 0.0723 0.5806
vn 0.5220 -0.3655 0.7706
vn -0.6767 -0.2619 0.6881
vn -0.7202 -0.1935 0.6662
vn -0.6545 -0.2935 0.6967
vn -0.9996 -0.0295 -0.0011
vn -0.0016 -0.0011 1.0000
vn 0.5766 -0.4373 0.6901
vn 0.5830 -0.4594 0.6702
vn -0.6726 -0.2760 0.6866
vn -0.3213 -0.2130 0.9227
vn -0.5452 -0.3669 0.7537
vn -0.5132 -0.4213 0.7478
vn -0.5053 -0.4338 0.7460
vn -0.6047 -0.3583 0.7113
vn -0.4767 -0.2218 0.8506
vn 0.0044 -1.0000 0.0027
vn -0.3068 -0.2022 0.9300
vn 0.2005 -0.0952 0.9751
vn 0.1407 -0.4490 0.8824
vn 0.4067 -0.1250 0.9049
vn -0.8168 -0.5768 0.0151
vn 0.0670 -0.0558 0.9962
vn 0.5734 -0.4826 0.6620
vn 0.6329 -0.7499 0.1926
vn -0.4704 -0.4865 0.7362
vn 0.0001 0.0002 -1.0000
vn 0.2330 -0.4824 0.8444
vn -0.4183 -0.7747 0.4742
vn -0.1762 -0.2798 0.9437
vn -0.1479 -0.3401 0.9287
vn -0.1922 -0.2443 0.9505
vn -0.6324 -0.7229 0.2784
vn 0.1961 -0.2187 0.9559
vn 0.3780 -0.6351 0.6736
vn 0.3193 -0.4647 0.8259
vn 0.3575 -0.1356 0.9240
vn 0.0241 -0.0537 0.9983
vn 0.0287 -0.4475 0.8938
vn 0.0001 -0.7472 -0.6646
vn 0.1287 -0.2218 0.9666
vn -0.5731 -0.1195 0.8107
vn 0.1824 -0.6637 0.7254
vn -0.2609 -0.5408 0.7997
vn -0.1295 -0.3778 0.9168
vn 0.0061 -1.0000 -0.0055
vn 0.7050 0.7092 0.0037
vn -0.1330 -0.4982 0.8568
vn -0.1312 -0.4985 0.8569
vn -0.0592 -0.5069 0.8599
vn -0.2277 -0.6873 0.6898
vn -0.1991 -0.4880 0.8498
vn 0.6476 -0.3762 0.6627
vn -0.5236 0.0127 -0.8519
vn 0.3152 0.7470 0.5854
vn -0.1921 0.2580 0.9468
vn -0.1916 0.4624 0.8657
vn 0.9935 -0.1141 0.0013
vn -0.4024 0.1173 0.9079
vn 0.3868 0.7766 0.4973
vn -0.9542 -0.2991 -0.0095
vn -0.6235 -0.7814 0.0260
vn -0.9994 -0.0356 -0.0054
vn 0.2630 -0.9647 0.0093
vn -0.9784 -0.2069 0.0005
vn 0.1798 0.9541 -0.2396
vn 0.1618 -0.1594 -0.9739
vn 0.9524 0.1045 0.2864
vn -0.9999 0.0012 0.0102
vn -0.8428 0.1822 0.5065
vn -0.5381 -0.8428 -0.0111
vn 0.9619 0.0712 0.2639
vn 0.4103 0.2524 0.8763
vn 0.4440 0.2101 0.8711
vn 0.4939 0.1429 0.8577
vn 0.5808 0.4544 0.6754
vn 0.3494 0.2692 0.8975
vn 0.4306 0.2518 0.8667
vn 0.2981 0.2577 0.9191
vn -0.8769 -0.4805 -0.0108
vn 0.0409 -0.5966 -0.8015
vn -0.2210 -0.9748 0.0319
vn 0.5348 0.2011 0.8207
vn 0.6028 0.4468 0.6611
vn 0.3639 0.3072 0.8793
vn -0.6104 0.4682 0.6390
vn -0.9311 0.1551 -0.3300
vn 0.5791 0.1919 0.7924
vn 0.1769 0.3074 0.9350
vn 0.3254 0.2994 0.8969
vn -0.0060 -0.8636 0.5041
vn 0.0073 -0.2311 0.9729
vn -0.4913 -0.1735 -0.8535
vn 0.0064 -0.9607 0.2776
vn -0.0082 -0.2928 0.9561
vn 0.4946 -0.7227 0.4828
vn 0.0026 -0.3374 0.9414
vn -0.0239 -0.2368 -0.9713
vn 0.0117 0.7458 -0.6661
vn 0.3394 0.0015 0.9407
vn 0.8711 -0.3223 -0.3706
vn 0.6648 -0.0094 0.7469
vn 0.9894 0.0079 0.1450
vn -0.8687 0.0042 0.4952
vn -0.9106 -0.0007 0.4132
vn -0.9078 -0.0003 0.4194
vn -0.2770 0.0026 0.9609
vn 0.2815 -0.0024 0.9596
vn 0.1879 0.0033 0.9822
vn -0.8656 0.0046 0.5007
vn 0.9111 0.0046 0.4122
vn -0.8761 -0.4121 0.2504
vn -0.9816 0.1902 -0.0165
vn -0.0047 -0.0092 0.9999
vn 0.5003 0.1984 0.8428
vn 0.5412 0.1579 0.8259
vn 0.6021 0.3961 0.6933
vn 0.3146 0.2200 0.9234
vn -0.9523 0.3041 0.0254
vn 0.6846 0.2108 0.6978
vn -0.0015 0.7740 -0.6332
vt 0.364118 0.890274
vt 0.362999 0.888941
vt 0.363473 0.884948
vt 0.364266 0.883242
vt 0.821224 0.405755
vt 0.812675 0.404704
vt 0.812569 0.399168
vt 0.825271 0.401506
vt 0.103419 0.937316
vt 0.096156 0.933619
vt 0.098946 0.926214
vt 0.104762 0.929767
vt 0.834825 0.406382
vt 0.834080 0.411084
vt 0.828343 0.409583
vt 0.541585 0.908428
vt 0.541176 0.912415
vt 0.533363 0.912777
vt 0.533032 0.909867
vt 0.533130 0.904734
vt 0.541323 0.904626
vt 0.921298 0.449224
vt 0.921068 0.453736
vt 0.912948 0.453674
vt 0.913090 0.449353
vt 0.912062 0.304994
vt 0.915721 0.314934
vt 0.915851 0.318876
vt 0.908062 0.294977
vt 0.101901 0.895520
vt 0.105713 0.888018
vt 0.109625 0.898617
vt 0.103227 0.903758
vt 0.622777 0.647527
vt 0.580535 0.647485
vt 0.580767 0.646726
vt 0.622787 0.646691
vt 0.370237 0.859251
vt 0.370296 0.853397
vt 0.379319 0.855049
vt 0.965978 0.399478
vt 0.961194 0.404083
vt 0.964744 0.396621
vt 0.791660 0.195701
vt 0.793411 0.197938
vt 0.791307 0.205028
vt 0.789566 0.197469
vt 0.790409 0.202420
vt 0.773533 0.199155
vt 0.775102 0.193464
vt 0.775798 0.201052
vt 0.777851 0.202020
vt 0.776793 0.196247
vt 0.787291 0.199123
vt 0.788165 0.196291
vt 0.788504 0.201249
vt 0.922993 0.347015
vt 0.930289 0.346534
vt 0.937800 0.347582
vt 0.933387 0.353832
vt 0.924771 0.353907
vt 0.919022 0.355356
vt 0.915601 0.349064
vt 0.332104 0.925533
vt 0.327746 0.918134
vt 0.337196 0.916496
vt 0.342007 0.922425
vt 0.244264 0.387465
vt 0.241779 0.389133
vt 0.242564 0.385296
vt 0.244531 0.381083
vt 0.368972 0.915324
vt 0.367745 0.915210
vt 0.367792 0.894359
vt 0.368994 0.893773
vt 0.947096 0.359349
vt 0.940248 0.355667
vt 0.945911 0.350472
vt 0.954001 0.355709
vt 0.244804 0.313921
vt 0.246402 0.311696
vt 0.246259 0.318482
vt 0.244330 0.317031
vt 0.183379 0.919473
vt 0.183379 0.870351
vt 0.184543 0.870359
vt 0.184859 0.921678
vt 0.160387 0.535341
vt 0.162853 0.534551
vt 0.162818 0.538992
vt 0.160632 0.538232
vt 0.951402 0.859128
vt 0.954501 0.854608
vt 0.961920 0.861073
vt 0.966361 0.866584
vt 0.962825 0.872330
vt 0.955513 0.866678
vt 0.240497 0.843214
vt 0.232643 0.837153
vt 0.227960 0.833856
vt 0.231456 0.829293
vt 0.237347 0.831522
vt 0.242541 0.839139
vt 0.335739 0.885013
vt 0.335956 0.877284
vt 0.340432 0.871267
vt 0.344269 0.880928
vt 0.341860 0.889315
vt 0.777341 0.596848
vt 0.780196 0.592519
vt 0.782818 0.594806
vt 0.780428 0.598645
vt 0.719341 0.390238
vt 0.719499 0.365903
vt 0.719266 0.359385
vt 0.719497 0.339803
vt 0.719168 0.322512
vt 0.719352 0.308405
vt 0.723039 0.364345
vt 0.723258 0.394348
vt 0.230328 0.507954
vt 0.232501 0.501023
vt 0.234072 0.503211
vt 0.233804 0.508826
vt 0.715084 0.320306
vt 0.715877 0.324997
vt 0.717720 0.337433
vt 0.718650 0.328297
vt 0.944337 0.185777
vt 0.946673 0.181267
vt 0.948052 0.176948
vt 0.948062 0.127204
vt 0.951561 0.127044
vt 0.951481 0.179240
vt 0.950321 0.185693
vt 0.948175 0.189727
vt 0.939256 0.197231
vt 0.935534 0.199080
vt 0.928092 0.200047
vt 0.934665 0.194026
vt 0.938911 0.191325
vt 0.714279 0.327543
vt 0.715794 0.329218
vt 0.237113 0.504767
vt 0.236015 0.506919
vt 0.711690 0.322159
vt 0.713872 0.321897
vt 0.711823 0.325621
vt 0.238839 0.514066
vt 0.236603 0.509313
vt 0.234929 0.500342
vt 0.238764 0.503393
vt 0.247769 0.576404
vt 0.247709 0.580975
vt 0.246384 0.581291
vt 0.246626 0.576422
vt 0.710526 0.327950
vt 0.708785 0.322997
vt 0.708921 0.331173
vt 0.133177 0.000308
vt 0.133929 0.000420
vt 0.133943 0.075050
vt 0.133185 0.075284
vt 0.837657 0.590173
vt 0.837742 0.594413
vt 0.828511 0.594413
vt 0.828540 0.588822
vt 0.499337 0.252420
vt 0.496574 0.258996
vt 0.495213 0.258172
vt 0.246585 0.302669
vt 0.245768 0.307824
vt 0.241722 0.308855
vt 0.244886 0.304793
vt 0.496471 0.273548
vt 0.700684 0.220226
vt 0.700510 0.238652
vt 0.699027 0.237092
vt 0.699042 0.221922
vt 0.870934 0.178329
vt 0.886498 0.178016
vt 0.886488 0.181193
vt 0.871061 0.181550
vt 0.581163 0.331353
vt 0.579268 0.333677
vt 0.578557 0.332722
vt 0.146556 0.640133
vt 0.146905 0.638337
vt 0.148273 0.638662
vt 0.148265 0.640514
vt 0.494567 0.309640
vt 0.500054 0.306645
vt 0.493677 0.312051
vt 0.671796 0.553653
vt 0.680853 0.559804
vt 0.673889 0.555717
vt 0.581760 0.329142
vt 0.582968 0.330698
vt 0.585421 0.328307
vt 0.760895 0.892182
vt 0.760057 0.890109
vt 0.760919 0.888317
vt 0.769123 0.886997
vt 0.769148 0.890939
vt 0.768863 0.892860
vt 0.137608 0.936830
vt 0.137571 0.938894
vt 0.137396 0.942147
vt 0.121751 0.942350
vt 0.121969 0.936970
vt 0.161700 0.564951
vt 0.159974 0.565445
vt 0.159455 0.560627
vt 0.162592 0.561881
vt 0.163873 0.567559
vt 0.247108 0.916647
vt 0.252426 0.922511
vt 0.247493 0.929261
vt 0.242225 0.925978
vt 0.240001 0.916991
vt 0.673877 0.556662
vt 0.670756 0.554309
vt 0.776428 0.448984
vt 0.780146 0.443810
vt 0.774867 0.452398
vt 0.137699 0.935466
vt 0.772100 0.460377
vt 0.773335 0.456103
vt 0.694125 0.883963
vt 0.690446 0.878391
vt 0.691069 0.877980
vt 0.236368 0.553455
vt 0.238893 0.559690
vt 0.236464 0.557010
vt 0.233929 0.554014
vt 0.775224 0.507469
vt 0.780315 0.498622
vt 0.779433 0.501012
vt 0.370285 0.839070
vt 0.370237 0.834193
vt 0.387641 0.838586
vt 0.381425 0.841118
vt 0.989986 0.234612
vt 0.987600 0.230830
vt 0.988778 0.231405
vt 0.497615 0.485502
vt 0.500864 0.492690
vt 0.510399 0.521410
vt 0.179846 0.747884
vt 0.180403 0.745335
vt 0.182125 0.746267
vt 0.180743 0.749356
vt 0.182027 0.751353
vt 0.777124 0.505976
vt 0.213120 0.610626
vt 0.210902 0.609509
vt 0.212544 0.606366
vt 0.182216 0.741496
vt 0.179901 0.743086
vt 0.181010 0.741015
vt 0.954494 0.939435
vt 0.952961 0.941895
vt 0.954458 0.937174
vt 0.776007 0.510692
vt 0.793805 0.723698
vt 0.795101 0.724645
vt 0.795153 0.727347
vt 0.793901 0.728197
vt 0.886172 0.915046
vt 0.885182 0.915316
vt 0.885182 0.893659
vt 0.886396 0.894532
vt 0.991534 0.293300
vt 0.988239 0.294992
vt 0.988399 0.293227
vt 0.991551 0.294627
vt 0.089356 0.243548
vt 0.085732 0.243391
vt 0.089041 0.242313
vt 0.177122 0.612745
vt 0.176640 0.611201
vt 0.209683 0.611179
vt 0.209812 0.612663
vt 0.501292 0.304137
vt 0.504482 0.303751
vt 0.182150 0.688165
vt 0.183379 0.687439
vt 0.183357 0.689370
vt 0.824759 0.583065
vt 0.824684 0.574186
vt 0.825677 0.577098
vt 0.826021 0.584084
vt 0.839609 0.585682
vt 0.846284 0.585720
vt 0.846265 0.588812
vt 0.839972 0.588960
vt 0.858932 0.425681
vt 0.857853 0.425744
vt 0.858784 0.421871
vt 0.775240 0.564770
vt 0.774974 0.563515
vt 0.775952 0.562876
vt 0.874142 0.625334
vt 0.874978 0.624142
vt 0.875085 0.644490
vt 0.874128 0.644483
vt 0.899265 0.359010
vt 0.898355 0.362565
vt 0.894412 0.368916
vt 0.894125 0.365138
vt 0.000751 0.452663
vt 0.027268 0.452825
vt 0.027126 0.454804
vt 0.002313 0.455295
vt 0.875566 0.568590
vt 0.884377 0.568493
vt 0.884264 0.571697
vt 0.875566 0.571903
vt 0.828722 0.417477
vt 0.820153 0.419499
vt 0.824108 0.415174
vt 0.459946 0.217974
vt 0.459946 0.214188
vt 0.461110 0.216226
vt 0.462274 0.214188
vt 0.462274 0.217973
vt 0.461110 0.216224
vt 0.708398 0.199791
vt 0.709412 0.197749
vt 0.709300 0.205508
vt 0.708211 0.206502
vt 0.714911 0.354938
vt 0.715205 0.358627
vt 0.711100 0.360160
vt 0.711674 0.354074
vt 0.688943 0.872937
vt 0.701241 0.891959
vt 0.707938 0.894607
vt 0.715492 0.895633
vt 0.709530 0.906808
vt 0.706777 0.908462
vt 0.707617 0.929449
vt 0.710302 0.933241
vt 0.714231 0.935993
vt 0.719986 0.935595
vt 0.724155 0.931946
vt 0.725235 0.929033
vt 0.740948 0.938420
vt 0.733215 0.945557
vt 0.722725 0.949881
vt 0.713935 0.950341
vt 0.702577 0.946882
vt 0.697541 0.943658
vt 0.690483 0.935662
vt 0.687230 0.929732
vt 0.686972 0.927992
vt 0.686094 0.925184
vt 0.684882 0.921036
vt 0.685018 0.820494
vt 0.098035 0.875298
vt 0.104169 0.872067
vt 0.098784 0.883409
vt 0.774066 0.205464
vt 0.221261 0.540647
vt 0.219745 0.546716
vt 0.219745 0.533895
vt 0.246803 0.552360
vt 0.247939 0.547436
vt 0.247939 0.557744
vt 0.776326 0.208018
vt 0.897146 0.404138
vt 0.894479 0.403726
vt 0.893428 0.396630
vt 0.325025 0.840398
vt 0.322322 0.845779
vt 0.328449 0.849495
vt 0.325188 0.853038
vt 0.315703 0.849929
vt 0.315532 0.840199
vt 0.778684 0.209067
vt 0.778359 0.201495
vt 0.786711 0.199502
vt 0.787167 0.206149
vt 0.788730 0.207212
vt 0.786477 0.208595
vt 0.112891 0.867649
vt 0.120614 0.866898
vt 0.120338 0.874593
vt 0.118349 0.882937
vt 0.112809 0.876310
vt 0.715613 0.379528
vt 0.714817 0.383572
vt 0.711838 0.384324
vt 0.712056 0.379857
vt 0.679680 0.197610
vt 0.680410 0.195531
vt 0.680422 0.211543
vt 0.679651 0.211066
vt 0.846255 0.579925
vt 0.846325 0.581852
vt 0.839612 0.581943
vt 0.839664 0.579845
vt 0.972319 0.860100
vt 0.972611 0.866532
vt 0.964758 0.855478
vt 0.387960 0.853884
vt 0.390687 0.855613
vt 0.379992 0.861713
vt 0.380871 0.858352
vt 0.348472 0.906571
vt 0.340994 0.905761
vt 0.347948 0.897261
vt 0.237313 0.893452
vt 0.237719 0.884753
vt 0.242468 0.880877
vt 0.247195 0.886877
vt 0.246338 0.895861
vt 0.230351 0.512449
vt 0.228275 0.507730
vt 0.232759 0.513489
vt 0.228330 0.516880
vt 0.717526 0.331287
vt 0.438695 0.815339
vt 0.443162 0.819722
vt 0.442305 0.819762
vt 0.234677 0.511885
vt 0.713269 0.331905
vt 0.237621 0.512318
vt 0.710313 0.331293
vt 0.943742 0.347627
vt 0.951940 0.351535
vt 0.306201 0.831620
vt 0.306681 0.837533
vt 0.298448 0.841259
vt 0.294331 0.835415
vt 0.299372 0.827852
vt 0.579953 0.545003
vt 0.554891 0.544714
vt 0.554802 0.530301
vt 0.580175 0.530192
vt 0.010444 0.864789
vt 0.009174 0.854865
vt 0.015542 0.853441
vt 0.018969 0.861530
vt 0.499280 0.254338
vt 0.496933 0.259418
vt 0.903011 0.861606
vt 0.902925 0.858039
vt 0.918484 0.858366
vt 0.918672 0.861486
vt 0.720847 0.628151
vt 0.720135 0.621045
vt 0.720698 0.621425
vt 0.497415 0.609640
vt 0.497881 0.612282
vt 0.499021 0.620038
vt 0.498980 0.611011
vt 0.499469 0.613123
vt 0.912461 0.197462
vt 0.917657 0.198997
vt 0.917928 0.200399
vt 0.913910 0.198716
vt 0.501499 0.614836
vt 0.748963 0.207431
vt 0.750345 0.207863
vt 0.750271 0.210273
vt 0.749357 0.213598
vt 0.751745 0.537687
vt 0.754960 0.538676
vt 0.750783 0.538228
vt 0.755823 0.540474
vt 0.899143 0.744205
vt 0.898429 0.742095
vt 0.899474 0.741711
vt 0.915139 0.421827
vt 0.916157 0.419737
vt 0.923609 0.421842
vt 0.922249 0.423501
vt 0.898939 0.729210
vt 0.254126 0.455451
vt 0.254126 0.470469
vt 0.253519 0.469565
vt 0.496607 0.593267
vt 0.496157 0.606205
vt 0.495647 0.592804
vt 0.400233 0.625604
vt 0.374820 0.625032
vt 0.375181 0.610396
vt 0.401609 0.608656
vt 0.248424 0.519560
vt 0.247294 0.533605
vt 0.246803 0.519560
vt 0.496639 0.591707
vt 0.663785 0.638908
vt 0.664139 0.637749
vt 0.665251 0.639265
vt 0.865137 0.590107
vt 0.865059 0.587611
vt 0.874985 0.587583
vt 0.874883 0.589970
vt 0.664245 0.640370
vt 0.663748 0.647498
vt 0.665310 0.646693
vt 0.665262 0.647529
vt 0.462828 0.218212
vt 0.462274 0.219588
vt 0.462274 0.217916
vt 0.720091 0.607347
vt 0.720808 0.606880
vt 0.209923 0.270553
vt 0.209923 0.268461
vt 0.210045 0.269519
vt 0.664133 0.802199
vt 0.665165 0.802065
vt 0.665337 0.803142
vt 0.664264 0.812148
vt 0.665092 0.812299
vt 0.663806 0.813388
vt 0.662645 0.812755
vt 0.662640 0.817572
vt 0.263674 0.422616
vt 0.263792 0.428681
vt 0.262248 0.427700
vt 0.261830 0.423009
vt 0.179602 0.755443
vt 0.177472 0.756030
vt 0.176593 0.702326
vt 0.178686 0.704959
vt 0.575338 0.336702
vt 0.576152 0.336925
vt 0.769116 0.895369
vt 0.158258 0.921221
vt 0.158382 0.925044
vt 0.148607 0.925045
vt 0.148570 0.920848
vt 0.727560 0.661934
vt 0.726855 0.704080
vt 0.721720 0.702667
vt 0.721673 0.662257
vt 0.693593 0.939436
vt 0.182977 0.860580
vt 0.181304 0.860798
vt 0.181015 0.857787
vt 0.182778 0.855346
vt 0.482668 0.873624
vt 0.481767 0.870934
vt 0.485759 0.873516
vt 0.488853 0.875777
vt 0.210631 0.615640
vt 0.212306 0.618430
vt 0.210861 0.621471
vt 0.699894 0.889473
vt 0.180183 0.754162
vt 0.181956 0.755887
vt 0.180008 0.757197
vt 0.717636 0.374592
vt 0.713971 0.378197
vt 0.711889 0.374661
vt 0.713423 0.372668
vt 0.782973 0.496667
vt 0.787911 0.491573
vt 0.212432 0.613866
vt 0.213172 0.614556
vt 0.179784 0.750968
vt 0.950788 0.881394
vt 0.954598 0.881231
vt 0.954469 0.882742
vt 0.950732 0.882633
vt 0.769871 0.206474
vt 0.768751 0.211949
vt 0.768652 0.206806
vt 0.770075 0.213691
vt 0.769866 0.210470
vt 0.771423 0.210530
vt 0.800770 0.206698
vt 0.800921 0.211318
vt 0.800836 0.214074
vt 0.801635 0.208018
vt 0.801867 0.210829
vt 0.927621 0.321371
vt 0.926255 0.323838
vt 0.917795 0.324311
vt 0.917797 0.321201
vt 0.803088 0.211553
vt 0.803156 0.207254
vt 0.769054 0.201202
vt 0.771304 0.205039
vt 0.185054 0.924872
vt 0.448334 0.214188
vt 0.448334 0.218415
vt 0.447248 0.216965
vt 0.801799 0.203844
vt 0.246515 0.852570
vt 0.254595 0.854382
vt 0.256141 0.862215
vt 0.249867 0.862684
vt 0.157819 0.440236
vt 0.163279 0.442242
vt 0.161453 0.444575
vt 0.157047 0.442928
vt 0.155850 0.439770
vt 0.767631 0.155813
vt 0.987586 0.293836
vt 0.987485 0.247907
vt 0.731848 0.816064
vt 0.731388 0.817362
vt 0.726700 0.813400
vt 0.728792 0.811922
vt 0.800735 0.155920
vt 0.801043 0.154376
vt 0.800793 0.189930
vt 0.770396 0.155911
vt 0.768381 0.155285
vt 0.771479 0.154510
vt 0.768842 0.154109
vt 0.084183 0.246010
vt 0.084573 0.247219
vt 0.183543 0.868897
vt 0.801960 0.155096
vt 0.802110 0.154109
vt 0.803156 0.155315
vt 0.151930 0.534177
vt 0.150476 0.550568
vt 0.149454 0.539538
vt 0.150352 0.512117
vt 0.913350 0.565480
vt 0.913350 0.569636
vt 0.906466 0.569568
vt 0.907181 0.565373
vt 0.812464 0.392201
vt 0.825011 0.393651
vt 0.823463 0.396277
vt 0.134803 0.075912
vt 0.134333 0.206225
vt 0.775230 0.212923
vt 0.772191 0.209376
vt 0.792467 0.210073
vt 0.790129 0.211546
vt 0.899356 0.408923
vt 0.778115 0.209855
vt 0.777207 0.213302
vt 0.787059 0.212757
vt 0.984419 0.624649
vt 0.983291 0.622275
vt 0.981634 0.619023
vt 0.978255 0.614925
vt 0.971335 0.609891
vt 0.966249 0.608860
vt 0.958490 0.608658
vt 0.952923 0.611110
vt 0.950976 0.611974
vt 0.944648 0.618404
vt 0.942784 0.621425
vt 0.941060 0.626153
vt 0.940815 0.676945
vt 0.937109 0.677186
vt 0.937320 0.623591
vt 0.940930 0.614570
vt 0.948156 0.607509
vt 0.954844 0.604896
vt 0.955490 0.603945
vt 0.963933 0.603751
vt 0.970326 0.604267
vt 0.976554 0.606734
vt 0.986522 0.616525
vt 0.988342 0.622480
vt 0.988197 0.676771
vt 0.985590 0.677339
vt 0.985444 0.630946
vt 0.002460 0.469397
vt 0.000680 0.471088
vt 0.924019 0.345055
vt 0.915262 0.346927
vt 0.670240 0.197683
vt 0.669658 0.196113
vt 0.670965 0.196424
vt 0.680015 0.196339
vt 0.249880 0.619272
vt 0.248782 0.619352
vt 0.248438 0.567543
vt 0.250223 0.567349
vt 0.964238 0.944627
vt 0.959932 0.941602
vt 0.957169 0.934398
vt 0.335445 0.902980
vt 0.333525 0.910240
vt 0.230196 0.518368
vt 0.717534 0.343180
vt 0.716732 0.350370
vt 0.715994 0.346156
vt 0.715141 0.341826
vt 0.840031 0.571168
vt 0.838558 0.571035
vt 0.838707 0.564904
vt 0.840265 0.565131
vt 0.236952 0.515572
vt 0.233943 0.515970
vt 0.237550 0.518506
vt 0.716162 0.333588
vt 0.101625 0.832916
vt 0.106972 0.829836
vt 0.110941 0.837896
vt 0.105421 0.841083
vt 0.713811 0.334978
vt 0.711728 0.333585
vt 0.833948 0.400379
vt 0.833006 0.396765
vt 0.012756 0.899736
vt 0.013305 0.893601
vt 0.020920 0.891972
vt 0.022840 0.898634
vt 0.018767 0.903827
vt 0.811596 0.411016
vt 0.803527 0.410309
vt 0.803520 0.405625
vt 0.811397 0.405566
vt 0.502653 0.249904
vt 0.504512 0.249207
vt 0.500595 0.253007
vt 0.503357 0.248161
vt 0.505607 0.247953
vt 0.502977 0.616786
vt 0.504112 0.616109
vt 0.506626 0.618118
vt 0.673878 0.405726
vt 0.674077 0.407667
vt 0.649605 0.407677
vt 0.644158 0.407433
vt 0.644079 0.405993
vt 0.393935 0.889490
vt 0.389798 0.888940
vt 0.390205 0.884419
vt 0.392515 0.884472
vt 0.395883 0.842414
vt 0.389959 0.843004
vt 0.391205 0.837426
vt 0.395638 0.838245
vt 0.567967 0.349027
vt 0.572231 0.340897
vt 0.571012 0.345111
vt 0.572957 0.341899
vt 0.749337 0.800526
vt 0.749112 0.802952
vt 0.733814 0.801174
vt 0.733565 0.795968
vt 0.748982 0.796236
vt 0.623922 0.210278
vt 0.615079 0.209713
vt 0.615468 0.195983
vt 0.624259 0.195973
vt 0.398451 0.830643
vt 0.396613 0.831574
vt 0.396843 0.826711
vt 0.395973 0.834781
vt 0.181193 0.828626
vt 0.182925 0.830685
vt 0.180668 0.832264
vt 0.398464 0.824140
vt 0.985436 0.227035
vt 0.980180 0.223913
vt 0.978932 0.222368
vt 0.183154 0.826367
vt 0.224493 0.853031
vt 0.214921 0.853612
vt 0.214802 0.851768
vt 0.224526 0.850870
vt 0.909465 0.751927
vt 0.908811 0.739235
vt 0.914784 0.739138
vt 0.914508 0.751963
vt 0.787275 0.493087
vt 0.262306 0.407051
vt 0.262337 0.411435
vt 0.261229 0.405807
vt 0.250676 0.643227
vt 0.249578 0.640382
vt 0.250676 0.637121
vt 0.771479 0.215951
vt 0.768766 0.216834
vt 0.769843 0.217028
vt 0.453126 0.214188
vt 0.453126 0.218227
vt 0.452183 0.217407
vt 0.187836 0.927904
vt 0.188334 0.930117
vt 0.194518 0.934002
vt 0.610159 0.613958
vt 0.603176 0.613752
vt 0.605998 0.612883
vt 0.609627 0.612799
vt 0.801801 0.213128
vt 0.406114 0.214188
vt 0.406114 0.219491
vt 0.405250 0.214808
vt 0.405250 0.214885
vt 0.404191 0.219508
vt 0.404191 0.214188
vt 0.412554 0.214188
vt 0.413677 0.217609
vt 0.412554 0.219226
vt 0.793727 0.403603
vt 0.803285 0.403850
vt 0.803255 0.408808
vt 0.793699 0.409316
vt 0.803119 0.214259
vt 0.211242 0.220326
vt 0.210549 0.219866
vt 0.211636 0.219812
vt 0.212159 0.220331
vt 0.598165 0.632150
vt 0.591424 0.632236
vt 0.589798 0.630378
vt 0.593565 0.630451
vt 0.602008 0.630398
vt 0.158305 0.570990
vt 0.160420 0.575200
vt 0.157721 0.582186
vt 0.157850 0.576367
vt 0.157051 0.566051
vt 0.469002 0.000354
vt 0.427313 0.000000
vt 0.556814 -0.000000
vt 0.587120 0.300732
vt 0.585591 0.299142
vt 0.588417 0.300475
vt 0.590670 0.302055
vt 0.960283 0.818456
vt 0.953137 0.817017
vt 0.957916 0.808579
vt 0.966024 0.810672
vt 0.241916 0.591742
vt 0.243221 0.592147
vt 0.241897 0.640706
vt 0.240572 0.640237
vt 0.952778 0.416503
vt 0.957939 0.409466
vt 0.957618 0.412974
vt 0.948814 0.417088
vt 0.904051 0.412740
vt 0.902644 0.414481
vt 0.790271 0.215563
vt 0.242783 0.862433
vt 0.245477 0.872521
vt 0.236524 0.874681
vt 0.235984 0.864305
vt 0.778874 0.215944
vt 0.220511 0.621070
vt 0.219509 0.616325
vt 0.220511 0.612438
vt 0.794781 0.214274
vt 0.793547 0.210277
vt 0.795775 0.208792
vt 0.788517 0.212420
vt 0.793903 0.160611
vt 0.793547 0.154109
vt 0.794436 0.157816
vt 0.795841 0.156354
vt 0.797390 0.155728
vt 0.797844 0.159989
vt 0.158193 0.014085
vt 0.157527 0.012983
vt 0.268263 0.013268
vt 0.210549 0.330282
vt 0.908097 0.291895
vt 0.904982 0.287078
vt 0.906755 0.288225
vt 0.897669 0.577757
vt 0.891306 0.577562
vt 0.891225 0.574657
vt 0.897825 0.574744
vt 0.133251 0.207122
vt 0.003353 0.206783
vt 0.718392 0.353300
vt 0.242744 0.312201
vt 0.240751 0.316951
vt 0.238406 0.315177
vt 0.864902 0.585303
vt 0.864797 0.588177
vt 0.861216 0.588183
vt 0.860770 0.585127
vt 0.232218 0.523095
vt 0.233829 0.521537
vt 0.230728 0.524867
vt 0.228510 0.538624
vt 0.181038 0.688718
vt 0.179784 0.687217
vt 0.235633 0.522878
vt 0.710441 0.337425
vt 0.714018 0.340049
vt 0.711253 0.340867
vt 0.803265 0.413799
vt 0.803275 0.418149
vt 0.793645 0.416253
vt 0.793444 0.412777
vt 0.708484 0.341755
vt 0.209923 0.258736
vt 0.210058 0.265003
vt 0.209923 0.268461
vt 0.509001 0.619416
vt 0.511960 0.621179
vt 0.157846 0.639868
vt 0.149091 0.639876
vt 0.148974 0.635211
vt 0.157428 0.634475
vt 0.245119 0.295652
vt 0.246480 0.294810
vt 0.244987 0.301246
vt 0.847071 0.203248
vt 0.845952 0.201131
vt 0.845995 0.154464
vt 0.847064 0.155965
vt 0.134863 0.206019
vt 0.236710 0.286068
vt 0.236188 0.274440
vt 0.238626 0.283213
vt 0.239625 0.286900
vt 0.510178 0.618948
vt 0.829143 0.564904
vt 0.828808 0.570979
vt 0.827992 0.567417
vt 0.453809 0.253605
vt 0.449904 0.249693
vt 0.449940 0.248732
vt 0.454262 0.253010
vt 0.762764 0.546629
vt 0.765245 0.553287
vt 0.761141 0.545848
vt 0.763849 0.552001
vt 0.269849 0.582089
vt 0.269986 0.570205
vt 0.270909 0.572544
vt 0.270614 0.578332
vt 0.261490 0.286233
vt 0.260925 0.243309
vt 0.261163 0.221528
vt 0.262153 0.221285
vt 0.048845 0.623017
vt 0.027286 0.621906
vt 0.040079 0.621874
vt 0.051387 0.621680
vt 0.133950 0.206863
vt 0.133263 0.219655
vt 0.000529 0.219650
vt 0.000465 0.220068
vt 0.000028 0.219665
vt 0.769634 0.890766
vt 0.769160 0.890319
vt 0.902418 0.890689
vt 0.902439 0.757371
vt 0.902798 0.890171
vt 0.133783 0.219946
vt 0.888480 0.164250
vt 0.887599 0.162320
vt 0.888368 0.159097
vt 0.559340 0.662013
vt 0.568737 0.662209
vt 0.568738 0.704018
vt 0.559386 0.704313
vt 0.896689 0.159285
vt 0.896688 0.164348
vt 0.896200 0.167365
vt 0.609873 0.463067
vt 0.587245 0.463173
vt 0.579484 0.463087
vt 0.579871 0.461311
vt 0.610390 0.460980
vt 0.645753 0.211929
vt 0.645710 0.212993
vt 0.645031 0.213412
vt 0.645036 0.212093
vt 0.890901 0.233965
vt 0.890964 0.231261
vt 0.906427 0.231635
vt 0.906661 0.234035
vt 0.241987 0.300409
vt 0.243545 0.298751
vt 0.708083 0.928043
vt 0.709687 0.931380
vt 0.708274 0.908673
vt 0.791772 0.475074
vt 0.792634 0.455049
vt 0.793258 0.474894
vt 0.709004 0.894065
vt 0.704739 0.892379
vt 0.279215 0.821222
vt 0.398412 0.821474
vt 0.400644 0.824132
vt 0.229973 0.824140
vt 0.231190 0.821529
vt 0.974730 0.221792
vt 0.973954 0.220327
vt 0.181546 0.836915
vt 0.182752 0.837409
vt 0.793985 0.489832
vt 0.664384 0.197308
vt 0.664258 0.196023
vt 0.668139 0.196257
vt 0.667996 0.197334
vt 0.551816 0.826813
vt 0.550380 0.828230
vt 0.550526 0.800841
vt 0.551934 0.800279
vt 0.263725 0.410078
vt 0.264012 0.406640
vt 0.260981 0.412269
vt 0.263650 0.413750
vt 0.191752 0.933339
vt 0.195410 0.935507
vt 0.509007 0.499645
vt 0.509105 0.500456
vt 0.505541 0.497465
vt 0.209946 0.256426
vt 0.210058 0.248247
vt 0.210058 0.258736
vt 0.634474 0.426838
vt 0.634474 0.419296
vt 0.635596 0.422606
vt 0.237640 0.341828
vt 0.241244 0.338032
vt 0.242807 0.341857
vt 0.240890 0.344283
vt 0.752173 0.801396
vt 0.751208 0.799481
vt 0.751313 0.797435
vt 0.753871 0.804919
vt 0.673927 0.306944
vt 0.673924 0.305259
vt 0.700629 0.305184
vt 0.698995 0.307088
vt 0.396871 0.866796
vt 0.395883 0.869202
vt 0.395883 0.863786
vt 0.396923 0.864689
vt 0.899610 0.584017
vt 0.905740 0.583990
vt 0.904789 0.587940
vt 0.899511 0.587568
vt 0.796697 0.214863
vt 0.798025 0.210200
vt 0.961394 0.840242
vt 0.951017 0.834147
vt 0.946955 0.825218
vt 0.956616 0.825971
vt 0.962142 0.833145
vt 0.797690 0.165564
vt 0.795967 0.162829
vt 0.825937 0.498648
vt 0.821345 0.493861
vt 0.810818 0.487806
vt 0.797702 0.488081
vt 0.794867 0.476891
vt 0.810825 0.475973
vt 0.811055 0.454656
vt 0.808359 0.450833
vt 0.815246 0.435432
vt 0.823430 0.440451
vt 0.833052 0.454087
vt 0.833639 0.456138
vt 0.834732 0.460274
vt 0.835426 0.462140
vt 0.835451 0.563339
vt 0.831634 0.563490
vt 0.831454 0.509394
vt 0.829117 0.503710
vt 0.793703 0.205884
vt 0.794581 0.164121
vt 0.794036 0.166921
vt 0.034497 0.914200
vt 0.040789 0.918457
vt 0.036364 0.920949
vt 0.946042 0.816027
vt 0.940564 0.808840
vt 0.945426 0.802338
vt 0.949781 0.804912
vt 0.361640 0.541581
vt 0.354102 0.541622
vt 0.350316 0.541456
vt 0.365562 0.541392
vt 0.268999 0.897242
vt 0.266808 0.906651
vt 0.258746 0.906201
vt 0.262882 0.899933
vt 0.570895 0.283674
vt 0.571629 0.287534
vt 0.578901 0.304606
vt 0.568593 0.282149
vt 0.569438 0.278291
vt 0.822452 0.495794
vt 0.817166 0.492013
vt 0.811922 0.489657
vt 0.787218 0.170785
vt 0.788887 0.172362
vt 0.788606 0.178941
vt 0.786911 0.179495
vt 0.931659 0.840293
vt 0.933523 0.831903
vt 0.941075 0.831694
vt 0.941004 0.842549
vt 0.938029 0.848968
vt 0.796425 0.185123
vt 0.794708 0.184368
vt 0.794445 0.177135
vt 0.796372 0.178069
vt 0.235837 0.527754
vt 0.712152 0.345427
vt 0.710524 0.343319
vt 0.253751 0.583211
vt 0.251700 0.583645
vt 0.251799 0.580286
vt 0.254361 0.578608
vt 0.237357 0.525033
vt 0.238856 0.523238
vt 0.428275 0.245392
vt 0.426128 0.245821
vt 0.428820 0.243864
vt 0.431395 0.245128
vt 0.511592 0.620171
vt 0.182578 0.764262
vt 0.180974 0.764251
vt 0.180830 0.760037
vt 0.182435 0.760438
vt 0.838547 0.572803
vt 0.839860 0.573865
vt 0.513406 0.245489
vt 0.510598 0.246442
vt 0.510866 0.245531
vt 0.513048 0.619813
vt 0.764800 0.554871
vt 0.253160 0.565093
vt 0.248893 0.565792
vt 0.248438 0.401091
vt 0.253100 0.401847
vt 0.888134 0.168072
vt 0.569893 0.350861
vt 0.568771 0.351026
vt 0.707627 0.948687
vt 0.710633 0.949980
vt 0.749147 0.783665
vt 0.733476 0.783947
vt 0.733995 0.781022
vt 0.728602 0.749031
vt 0.727768 0.747944
vt 0.727823 0.734523
vt 0.729068 0.704544
vt 0.733718 0.776351
vt 0.173231 0.642232
vt 0.173037 0.819510
vt 0.001129 0.819558
vt 0.003610 0.746759
vt 0.003325 0.814643
vt 0.167417 0.814652
vt 0.168984 0.813619
vt 0.169058 0.648818
vt 0.003452 0.648790
vt 0.001374 0.642248
vt 0.712270 0.933798
vt 0.511130 0.319948
vt 0.511188 0.318600
vt 0.513712 0.317477
vt 0.510646 0.545048
vt 0.512825 0.548175
vt 0.509470 0.545461
vt 0.390274 0.891386
vt 0.389137 0.892148
vt 0.157574 0.529799
vt 0.157775 0.525410
vt 0.158055 0.520636
vt 0.160652 0.524805
vt 0.607954 0.218176
vt 0.607941 0.204560
vt 0.612870 0.204540
vt 0.612684 0.218512
vt 0.597358 0.213436
vt 0.598166 0.216917
vt 0.596577 0.215024
vt 0.597017 0.218475
vt 0.408151 0.219370
vt 0.408151 0.214188
vt 0.409173 0.215419
vt 0.419824 0.217844
vt 0.420571 0.214188
vt 0.420571 0.219167
vt 0.389142 0.885662
vt 0.509005 0.541904
vt 0.232071 0.442265
vt 0.232442 0.437023
vt 0.235148 0.437548
vt 0.234824 0.440640
vt 0.394081 0.885405
vt 0.794204 0.451429
vt 0.793196 0.456057
vt 0.794729 0.452057
vt 0.596904 0.195673
vt 0.606682 0.195531
vt 0.605783 0.213484
vt 0.605949 0.195746
vt 0.606682 0.214882
vt 0.389137 0.866274
vt 0.390185 0.866617
vt 0.394071 0.866590
vt 0.271847 0.499691
vt 0.270879 0.499920
vt 0.269895 0.494235
vt 0.270916 0.493285
vt 0.709503 0.907806
vt 0.240172 0.259320
vt 0.242813 0.257125
vt 0.242180 0.260838
vt 0.237874 0.264009
vt 0.000024 0.000067
vt 0.000548 0.018891
vt 0.560075 0.792881
vt 0.559040 0.773602
vt 0.559371 0.750494
vt 0.569042 0.750441
vt 0.568695 0.792552
vt 0.794552 0.475793
vt 0.397923 0.835613
vt 0.398314 0.840061
vt 0.396408 0.835849
vt 0.737052 0.433006
vt 0.770228 0.433253
vt 0.770267 0.434479
vt 0.737135 0.434290
vt 0.182819 0.844230
vt 0.800799 0.488197
vt 0.969512 0.220220
vt 0.938584 0.956023
vt 0.935410 0.956099
vt 0.943221 0.953034
vt 0.262265 0.416751
vt 0.972330 0.225702
vt 0.975875 0.227551
vt 0.971388 0.226718
vt 0.263594 0.417568
vt 0.199221 0.936814
vt 0.510667 0.500089
vt 0.254430 0.556715
vt 0.253519 0.561607
vt 0.253519 0.554998
vt 0.515633 0.501689
vt 0.514084 0.502396
vt 0.635895 0.424906
vt 0.936742 0.949682
vt 0.939992 0.948781
vt 0.935302 0.950851
vt 0.430330 0.216603
vt 0.431512 0.214188
vt 0.431334 0.217446
vt 0.431512 0.218888
vt 0.106407 0.853686
vt 0.113369 0.858324
vt 0.106223 0.863510
vt 0.441434 0.243910
vt 0.440357 0.245218
vt 0.437584 0.245152
vt 0.433709 0.243703
vt 0.798030 0.201066
vt 0.800039 0.206326
vt 0.943448 0.421825
vt 0.940978 0.420258
vt 0.800539 0.198625
vt 0.798703 0.192182
vt 0.934469 0.423770
vt 0.931479 0.421986
vt 0.909812 0.417385
vt 0.800428 0.167352
vt 0.798416 0.172773
vt 0.796253 0.169377
vt 0.795806 0.202180
vt 0.793950 0.199076
vt 0.796770 0.196220
vt 0.795688 0.194785
vt 0.794544 0.192878
vt 0.794787 0.172987
vt 0.794189 0.173969
vt 0.095296 0.836851
vt 0.090963 0.829996
vt 0.096952 0.826110
vt 0.751106 0.769751
vt 0.769160 0.769807
vt 0.765992 0.773546
vt 0.766555 0.871622
vt 0.760583 0.871609
vt 0.760881 0.825009
vt 0.759124 0.820710
vt 0.756483 0.812861
vt 0.182625 0.825054
vt 0.183379 0.824334
vt 0.182809 0.826367
vt 0.181511 0.825234
vt 0.401017 0.644592
vt 0.402376 0.645798
vt 0.400003 0.647841
vt 0.398167 0.647195
vt 0.569537 0.748691
vt 0.569537 0.792799
vt 0.862529 0.395708
vt 0.887571 0.395544
vt 0.888967 0.396728
vt 0.861196 0.396699
vt 0.841552 0.410072
vt 0.838697 0.405790
vt 0.849283 0.405603
vt 0.851404 0.410948
vt 0.788520 0.154109
vt 0.789402 0.160006
vt 0.787912 0.161271
vt 0.786974 0.157498
vt 0.232502 0.526876
vt 0.234615 0.529368
vt 0.713875 0.347186
vt 0.710189 0.350938
vt 0.859328 0.587539
vt 0.850622 0.587632
vt 0.850528 0.584835
vt 0.859607 0.585096
vt 0.238775 0.528532
vt 0.709156 0.347595
vt 0.708853 0.356507
vt 0.553142 0.752118
vt 0.553814 0.700481
vt 0.554106 0.752190
vt 0.553762 0.795060
vt 0.909282 0.196158
vt 0.906137 0.192639
vt 0.838476 0.574050
vt 0.839681 0.577508
vt 0.838397 0.579594
vt 0.519606 0.243999
vt 0.516886 0.245406
vt 0.516766 0.620005
vt 0.516808 0.621231
vt 0.837682 0.574093
vt 0.838397 0.572517
vt 0.837552 0.577439
vt 0.766240 0.560232
vt 0.764916 0.558219
vt 0.214950 0.399006
vt 0.214381 0.275971
vt 0.215140 0.333593
vt 0.760022 0.156094
vt 0.761430 0.155360
vt 0.761881 0.202819
vt 0.760467 0.202948
vt 0.254073 0.443838
vt 0.254430 0.438835
vt 0.254430 0.451874
vt 0.569307 0.354033
vt 0.668765 0.552968
vt 0.666475 0.550271
vt 0.100829 0.917833
vt 0.108330 0.920714
vt 0.111183 0.927160
vt 0.512594 0.300238
vt 0.522662 0.300330
vt 0.512938 0.300878
vt 0.801653 0.433008
vt 0.793980 0.434572
vt 0.797704 0.433555
vt 0.749034 0.787462
vt 0.749775 0.790013
vt 0.219712 0.607200
vt 0.219509 0.603642
vt 0.220641 0.606277
vt 0.685698 0.576872
vt 0.683528 0.570534
vt 0.685112 0.571891
vt 0.720110 0.950252
vt 0.509046 0.323457
vt 0.531350 0.303529
vt 0.523378 0.317310
vt 0.520422 0.315723
vt 0.513673 0.315896
vt 0.176891 0.593501
vt 0.209754 0.592030
vt 0.715375 0.935184
vt 0.822028 0.388767
vt 0.832573 0.393702
vt 0.517065 0.316251
vt 0.514939 0.548576
vt 0.513794 0.549505
vt 0.516956 0.549243
vt 0.607976 0.419296
vt 0.607555 0.421418
vt 0.606800 0.419307
vt 0.611625 0.419872
vt 0.607503 0.423438
vt 0.611599 0.423078
vt 0.797219 0.449731
vt 0.798195 0.447854
vt 0.800419 0.448314
vt 0.059680 0.941740
vt 0.065168 0.935835
vt 0.072742 0.934313
vt 0.072802 0.940553
vt 0.063438 0.944533
vt 0.395883 0.842342
vt 0.929599 0.956218
vt 0.931997 0.957425
vt 0.183379 0.768981
vt 0.183495 0.742326
vt 0.184971 0.743772
vt 0.185138 0.769777
vt 0.202701 0.936180
vt 0.204266 0.937350
vt 0.408151 0.217032
vt 0.406798 0.219405
vt 0.406798 0.214188
vt 0.797276 0.187523
vt 0.929265 0.423770
vt 0.799175 0.186995
vt 0.798906 0.179961
vt 0.800735 0.181323
vt 0.793976 0.192606
vt 0.064152 0.927479
vt 0.059607 0.923111
vt 0.066452 0.922386
vt 0.794113 0.185763
vt 0.558793 0.000749
vt 0.557047 0.000492
vt 0.558691 -0.000000
vt 0.745113 0.000150
vt 0.164591 0.474575
vt 0.160811 0.473286
vt 0.163773 0.472092
vt 0.166309 0.472859
vt 0.605918 0.218535
vt 0.229047 0.480398
vt 0.228710 0.462449
vt 0.229766 0.468320
vt 0.232493 0.466295
vt 0.230661 0.470908
vt 0.235923 0.225291
vt 0.239993 0.223845
vt 0.237380 0.226596
vt 0.236114 0.230100
vt 0.710327 0.397077
vt 0.711224 0.395407
vt 0.719978 0.395455
vt 0.720305 0.397117
vt 0.054210 0.929475
vt 0.050975 0.922063
vt 0.055973 0.935369
vt 0.928541 0.620080
vt 0.928666 0.617854
vt 0.928555 0.615125
vt 0.936760 0.616277
vt 0.936591 0.620061
vt 0.551549 0.328171
vt 0.550402 0.358285
vt 0.547939 0.320278
vt 0.514693 0.912236
vt 0.510444 0.917119
vt 0.511242 0.915062
vt 0.513136 0.913068
vt 0.174362 0.840263
vt 0.173435 0.835085
vt 0.175701 0.839189
vt 0.174055 0.843730
vt 0.224744 0.561514
vt 0.224123 0.574579
vt 0.224705 0.473796
vt 0.957794 0.395068
vt 0.958447 0.384800
vt 0.958488 0.375711
vt 0.966336 0.378105
vt 0.966430 0.388806
vt 0.717139 0.356807
vt 0.231150 0.532093
vt 0.233898 0.534145
vt 0.237506 0.530907
vt 0.713639 0.353041
vt 0.238716 0.540694
vt 0.236230 0.534797
vt 0.759359 0.204654
vt 0.758823 0.155842
vt 0.209910 0.234919
vt 0.209926 0.247899
vt 0.209872 0.242502
vt 0.846993 0.580238
vt 0.846347 0.577514
vt 0.521224 0.245446
vt 0.519297 0.244721
vt 0.518900 0.620613
vt 0.457303 0.214188
vt 0.458419 0.216279
vt 0.457303 0.218070
vt 0.637218 0.215916
vt 0.636055 0.215289
vt 0.637218 0.213783
vt 0.746609 0.002500
vt 0.746928 0.176122
vt 0.746391 0.176389
vt 0.746008 0.000857
vt 0.837307 0.579863
vt 0.838236 0.579461
vt 0.837542 0.581889
vt 0.450376 0.185741
vt 0.445310 0.187280
vt 0.451321 0.184147
vt 0.455038 0.181817
vt 0.913155 0.437013
vt 0.912955 0.433006
vt 0.921121 0.433629
vt 0.921517 0.437627
vt 0.644482 0.211337
vt 0.635600 0.211031
vt 0.635614 0.197314
vt 0.644413 0.197198
vt 0.568486 0.362578
vt 0.568657 0.359150
vt 0.238949 0.906063
vt 0.249734 0.907933
vt 0.219509 0.612438
vt 0.254377 0.518930
vt 0.253519 0.517100
vt 0.254377 0.510885
vt 0.718619 0.935158
vt 0.702970 0.420665
vt 0.702608 0.418447
vt 0.709286 0.418408
vt 0.709197 0.420874
vt 0.709352 0.424720
vt 0.702882 0.425657
vt 0.717827 0.266321
vt 0.719398 0.271582
vt 0.716903 0.276794
vt 0.717213 0.271042
vt 0.812869 0.579510
vt 0.813971 0.578259
vt 0.813981 0.581405
vt 0.812873 0.581343
vt 0.607734 0.425943
vt 0.606728 0.420282
vt 0.606771 0.426769
vt 0.808427 0.475757
vt 0.712481 0.259612
vt 0.713808 0.261713
vt 0.710754 0.264837
vt 0.711374 0.262293
vt 0.396303 0.846129
vt 0.719278 0.895053
vt 0.723855 0.895684
vt 0.397575 0.846400
vt 0.886429 0.169139
vt 0.871004 0.169405
vt 0.871049 0.163041
vt 0.886625 0.162582
vt 0.928529 0.957522
vt 0.182695 0.849428
vt 0.181159 0.846976
vt 0.210223 0.284125
vt 0.209963 0.274103
vt 0.210223 0.271008
vt 0.805998 0.488400
vt 0.241046 0.242947
vt 0.240477 0.245577
vt 0.238832 0.243734
vt 0.237662 0.241576
vt 0.957091 0.221817
vt 0.599166 0.428145
vt 0.596962 0.420719
vt 0.598228 0.422110
vt 0.599166 0.419296
vt 0.213208 0.627032
vt 0.214294 0.621471
vt 0.214281 0.629406
vt 0.932092 0.951550
vt 0.926524 0.950386
vt 0.811530 0.399216
vt 0.803593 0.398686
vt 0.701241 0.410305
vt 0.701214 0.407099
vt 0.702452 0.406943
vt 0.702517 0.409418
vt 0.254516 0.616034
vt 0.345328 0.615967
vt 0.345640 0.625077
vt 0.346558 0.627070
vt 0.349458 0.628495
vt 0.401692 0.628119
vt 0.401819 0.643209
vt 0.373797 0.643124
vt 0.371480 0.642566
vt 0.355359 0.636887
vt 0.346917 0.633832
vt 0.254464 0.633820
vt 0.109893 0.884077
vt 0.253911 0.438835
vt 0.254527 0.433453
vt 0.259794 0.432323
vt 0.259827 0.438062
vt 0.043574 0.246102
vt 0.055776 0.247071
vt 0.230530 0.537903
vt 0.229825 0.534589
vt 0.233009 0.538990
vt 0.234240 0.536984
vt 0.237265 0.538638
vt 0.880972 0.207814
vt 0.872088 0.208049
vt 0.872129 0.196447
vt 0.880864 0.195169
vt 0.710571 0.357235
vt 0.158178 0.930286
vt 0.158221 0.933945
vt 0.157915 0.936380
vt 0.148484 0.936942
vt 0.148496 0.929615
vt 0.838445 0.585842
vt 0.526867 0.245463
vt 0.525093 0.245680
vt 0.525003 0.244238
vt 0.636226 0.219547
vt 0.643242 0.419296
vt 0.644142 0.423300
vt 0.643242 0.425332
vt 0.765485 0.566825
vt 0.764792 0.562669
vt 0.764576 0.566543
vt 0.887472 0.176369
vt 0.888464 0.175862
vt 0.888362 0.179395
vt 0.569921 0.362184
vt 0.570001 0.364098
vt 0.888680 0.185192
vt 0.887722 0.181311
vt 0.226463 0.753392
vt 0.226583 0.759427
vt 0.224587 0.757981
vt 0.224648 0.753885
vt 0.218842 0.566308
vt 0.214428 0.566137
vt 0.214658 0.565366
vt 0.218833 0.565418
vt 0.733456 0.802991
vt 0.749403 0.805369
vt 0.749794 0.811698
vt 0.734049 0.810554
vt 0.733501 0.805209
vt 0.685721 0.584916
vt 0.684024 0.587393
vt 0.685023 0.583099
vt 0.721926 0.933449
vt 0.450595 0.214188
vt 0.451211 0.216151
vt 0.450595 0.218338
vt 0.723644 0.931463
vt 0.260004 0.420181
vt 0.254579 0.420219
vt 0.254606 0.417462
vt 0.259875 0.417209
vt 0.896601 0.196353
vt 0.896593 0.194336
vt 0.897388 0.198622
vt 0.527115 0.321891
vt 0.522967 0.317930
vt 0.399547 0.866765
vt 0.400653 0.864717
vt 0.804229 0.447590
vt 0.807111 0.450159
vt 0.803545 0.448374
vt 0.526034 0.322453
vt 0.524665 0.319827
vt 0.525967 0.342922
vt 0.525768 0.344043
vt 0.524480 0.343540
vt 0.644197 0.212591
vt 0.668575 0.210959
vt 0.669225 0.197002
vt 0.669065 0.212322
vt 0.267808 0.422899
vt 0.268355 0.436467
vt 0.267808 0.438865
vt 0.397698 0.851986
vt 0.396133 0.853094
vt 0.726253 0.893824
vt 0.860958 0.901608
vt 0.861366 0.900920
vt 0.865852 0.905519
vt 0.866245 0.907503
vt 0.700846 0.417950
vt 0.701204 0.419286
vt 0.675047 0.419296
vt 0.673890 0.418125
vt 0.921588 0.955985
vt 0.965132 0.225823
vt 0.959124 0.225855
vt 0.962934 0.224940
vt 0.260921 0.429020
vt 0.262306 0.431178
vt 0.960439 0.226671
vt 0.954041 0.228482
vt 0.261100 0.434103
vt 0.598316 0.431162
vt 0.456324 0.216316
vt 0.455013 0.218155
vt 0.455013 0.214188
vt 0.095540 0.867894
vt 0.099914 0.860428
vt 0.044748 0.932614
vt 0.039153 0.935578
vt 0.033694 0.927134
vt 0.257869 0.844238
vt 0.251321 0.846280
vt 0.249443 0.837339
vt 0.257934 0.837241
vt 0.272271 0.478455
vt 0.277719 0.470849
vt 0.278553 0.470901
vt 0.276503 0.473572
vt 0.274346 0.477661
vt 0.800591 0.702985
vt 0.797916 0.707342
vt 0.796634 0.710017
vt 0.794600 0.714958
vt 0.794199 0.701722
vt 0.809074 0.656573
vt 0.822329 0.656380
vt 0.824393 0.653881
vt 0.824580 0.611788
vt 0.823010 0.610310
vt 0.806621 0.610313
vt 0.805786 0.611580
vt 0.800391 0.615925
vt 0.795778 0.622802
vt 0.793781 0.625993
vt 0.793547 0.632992
vt 0.795006 0.642222
vt 0.769160 0.603286
vt 0.797550 0.602946
vt 0.833507 0.602620
vt 0.833014 0.663304
vt 0.824284 0.700098
vt 0.823176 0.698749
vt 0.808792 0.698788
vt 0.805449 0.700276
vt 0.042040 0.821788
vt 0.041606 0.830526
vt 0.034397 0.834569
vt 0.031386 0.829234
vt 0.028090 0.824717
vt 0.034214 0.820808
vt 0.659830 0.895804
vt 0.683244 0.883851
vt 0.683114 0.918570
vt 0.682446 0.923895
vt 0.679996 0.930510
vt 0.674748 0.939757
vt 0.672544 0.941755
vt 0.667982 0.945355
vt 0.660840 0.949063
vt 0.649048 0.935527
vt 0.655496 0.935895
vt 0.661204 0.930465
vt 0.661544 0.907750
vt 0.643079 0.906266
vt 0.639675 0.892713
vt 0.645482 0.895758
vt 0.344125 0.913184
vt 0.354554 0.908405
vt 0.349580 0.917470
vt 0.230506 0.544286
vt 0.237138 0.542512
vt 0.235148 0.542841
vt 0.713899 0.360149
vt 0.965986 0.849059
vt 0.971910 0.849114
vt 0.177230 0.875031
vt 0.176685 0.872035
vt 0.182195 0.872127
vt 0.182149 0.875566
vt 0.247665 0.586726
vt 0.246413 0.586783
vt 0.246324 0.583896
vt 0.011703 0.917032
vt 0.016867 0.923181
vt 0.009488 0.923625
vt 0.004550 0.916666
vt 0.768428 0.600306
vt 0.769866 0.562356
vt 0.769988 0.600690
vt 0.771479 0.177761
vt 0.773742 0.173804
vt 0.773831 0.178285
vt 0.772306 0.183131
vt 0.838528 0.588835
vt 0.811655 0.395259
vt 0.803328 0.395396
vt 0.803383 0.389147
vt 0.811403 0.390933
vt 0.839622 0.594405
vt 0.528185 0.246690
vt 0.847030 0.587498
vt 0.846579 0.594296
vt 0.561843 0.425694
vt 0.561544 0.428115
vt 0.555378 0.428543
vt 0.555419 0.425624
vt 0.528023 0.618717
vt 0.526730 0.620148
vt 0.524692 0.619796
vt 0.731978 0.818778
vt 0.553902 0.818540
vt 0.610160 0.817732
vt 0.554599 0.406766
vt 0.553070 0.408740
vt 0.553073 0.220374
vt 0.554479 0.221918
vt 0.554494 0.245983
vt 0.553107 0.426368
vt 0.553401 0.419296
vt 0.553793 0.423480
vt 0.554201 0.426215
vt 0.219345 0.593480
vt 0.218854 0.644176
vt 0.219346 0.566171
vt 0.570260 0.366743
vt 0.571752 0.367991
vt 0.529840 0.302082
vt 0.684429 0.591540
vt 0.683519 0.589822
vt 0.729282 0.947878
vt 0.918455 0.877885
vt 0.902838 0.877398
vt 0.903341 0.873084
vt 0.918498 0.871482
vt 0.660963 0.526630
vt 0.661009 0.528197
vt 0.657948 0.528226
vt 0.659727 0.526664
vt 0.887840 0.196514
vt 0.888906 0.198980
vt 0.887386 0.199092
vt 0.484351 0.214188
vt 0.485356 0.216767
vt 0.484351 0.217418
vt 0.400545 0.869333
vt 0.401061 0.865492
vt 0.809904 0.454575
vt 0.655822 0.612449
vt 0.658965 0.612404
vt 0.665688 0.610637
vt 0.657672 0.613809
vt 0.726076 0.908706
vt 0.724888 0.908543
vt 0.370356 0.847011
vt 0.380073 0.845805
vt 0.887904 0.219495
vt 0.645031 0.213783
vt 0.723643 0.907838
vt 0.724497 0.906832
vt 0.635562 0.212522
vt 0.527039 0.342868
vt 0.262885 0.437647
vt 0.263131 0.439063
vt 0.261826 0.439063
vt 0.872153 0.215615
vt 0.880982 0.213654
vt 0.880985 0.219417
vt 0.872052 0.219578
vt 0.463897 0.219524
vt 0.463897 0.217916
vt 0.464873 0.218653
vt 0.809868 0.475008
vt 0.557890 0.639400
vt 0.558913 0.640420
vt 0.558901 0.659563
vt 0.557971 0.660689
vt 0.224562 0.864873
vt 0.214825 0.865141
vt 0.214737 0.860679
vt 0.224542 0.860265
vt 0.180576 0.853909
vt 0.396268 0.856831
vt 0.730000 0.892154
vt 0.702173 0.398052
vt 0.701864 0.396708
vt 0.709396 0.396654
vt 0.709248 0.397774
vt 0.916430 0.953530
vt 0.917706 0.954845
vt 0.519543 0.316341
vt 0.622722 0.426598
vt 0.622273 0.423068
vt 0.623463 0.423286
vt 0.263858 0.433666
vt 0.262430 0.434764
vt 0.215337 0.934013
vt 0.210337 0.936400
vt 0.211362 0.935000
vt 0.215881 0.932156
vt 0.623543 0.426992
vt 0.624652 0.423708
vt 0.918308 0.000000
vt 0.926450 0.000717
vt 0.926453 0.004463
vt 0.918266 0.004309
vt 0.553371 0.631824
vt 0.554826 0.630087
vt 0.579802 0.630222
vt 0.579505 0.632088
vt 0.793465 0.594870
vt 0.788721 0.596087
vt 0.785308 0.588540
vt 0.793252 0.582661
vt 0.800190 0.585236
vt 0.797983 0.591665
vt 0.647156 0.305316
vt 0.644051 0.306158
vt 0.760612 0.884793
vt 0.760772 0.880399
vt 0.769117 0.880894
vt 0.228514 0.546384
vt 0.717456 0.362378
vt 0.717328 0.368547
vt 0.233795 0.547133
vt 0.236587 0.547466
vt 0.711500 0.362922
vt 0.710518 0.365754
vt 0.445101 0.619016
vt 0.441718 0.620119
vt 0.444124 0.618496
vt 0.446747 0.617326
vt 0.838657 0.594321
vt 0.533861 0.248410
vt 0.533669 0.249301
vt 0.533292 0.617191
vt 0.533626 0.616007
vt 0.812507 0.417212
vt 0.812603 0.412399
vt 0.760831 0.575192
vt 0.764017 0.570940
vt 0.762126 0.575400
vt 0.888222 0.190175
vt 0.887497 0.183955
vt 0.572876 0.373286
vt 0.574358 0.372982
vt 0.623703 0.215307
vt 0.614461 0.214429
vt 0.537799 0.306707
vt 0.908261 0.752600
vt 0.899349 0.752492
vt 0.899305 0.747105
vt 0.908311 0.746968
vt 0.398042 0.856270
vt 0.209863 0.425379
vt 0.210386 0.431519
vt 0.209863 0.434999
vt 0.560096 0.660774
vt 0.569002 0.660755
vt 0.709213 0.283381
vt 0.709204 0.295839
vt 0.709024 0.305634
vt 0.708991 0.309578
vt 0.709130 0.315704
vt 0.707577 0.291504
vt 0.753356 0.170866
vt 0.754309 0.168896
vt 0.755895 0.217157
vt 0.754704 0.217137
vt 0.527956 0.501202
vt 0.531483 0.498389
vt 0.532180 0.498457
vt 0.264012 0.437647
vt 0.230827 0.577490
vt 0.230641 0.582348
vt 0.229593 0.575913
vt 0.232191 0.580706
vt 0.219338 0.930749
vt 0.622381 0.427285
vt 0.624662 0.428106
vt 0.220351 0.927935
vt 0.044181 0.248410
vt 0.057418 0.621997
vt 0.057925 0.620957
vt 0.102827 0.620467
vt 0.104138 0.621758
vt 0.097837 0.220170
vt 0.097910 0.240903
vt 0.095896 0.239421
vt 0.095887 0.221399
vt 0.776893 0.583727
vt 0.777386 0.588355
vt 0.773306 0.588716
vt 0.771146 0.584397
vt 0.161683 0.500280
vt 0.166173 0.501429
vt 0.166171 0.516777
vt 0.163538 0.510779
vt 0.164795 0.506370
vt 0.166259 0.439698
vt 0.167552 0.439562
vt 0.166056 0.462440
vt 0.166210 0.451278
vt 0.287590 0.844500
vt 0.283647 0.840302
vt 0.281188 0.835577
vt 0.287485 0.828145
vt 0.291334 0.829651
vt 0.233147 0.550074
vt 0.230266 0.549995
vt 0.232718 0.552112
vt 0.713937 0.365804
vt 0.711801 0.367238
vt 0.714854 0.367643
vt 0.807928 0.598419
vt 0.807157 0.596901
vt 0.813626 0.596921
vt 0.812875 0.598453
vt 0.237510 0.550538
vt 0.238781 0.552274
vt 0.710616 0.373230
vt 0.708669 0.378233
vt 0.864678 0.617883
vt 0.862705 0.617289
vt 0.868566 0.617321
vt 0.867231 0.617937
vt 0.538982 0.615508
vt 0.582102 0.210485
vt 0.582127 0.215116
vt 0.575798 0.215477
vt 0.575931 0.210421
vt 0.890085 0.564904
vt 0.891013 0.565639
vt 0.891206 0.571188
vt 0.676482 0.474898
vt 0.683009 0.481187
vt 0.685705 0.490299
vt 0.682166 0.481596
vt 0.539441 0.611310
vt 0.539095 0.610405
vt 0.046866 0.835057
vt 0.039137 0.841204
vt 0.755745 0.580247
vt 0.755445 0.581565
vt 0.889999 0.571683
vt 0.707399 0.812180
vt 0.708694 0.813531
vt 0.541817 0.311789
vt 0.820602 0.438264
vt 0.461059 0.751134
vt 0.441800 0.751272
vt 0.439042 0.752601
vt 0.426940 0.747322
vt 0.433291 0.741705
vt 0.436375 0.739768
vt 0.441644 0.737400
vt 0.445040 0.736429
vt 0.453446 0.735129
vt 0.549905 0.734731
vt 0.550355 0.745997
vt 0.549027 0.747353
vt 0.549055 0.786725
vt 0.550276 0.788282
vt 0.549600 0.799547
vt 0.478395 0.798928
vt 0.461063 0.769063
vt 0.462402 0.767758
vt 0.462226 0.752804
vt 0.577284 0.376698
vt 0.211393 0.546857
vt 0.210631 0.542499
vt 0.211653 0.540216
vt 0.213087 0.544375
vt 0.257370 0.935332
vt 0.252533 0.935009
vt 0.255162 0.927538
vt 0.261450 0.929010
vt 0.932815 0.449246
vt 0.940920 0.449451
vt 0.940472 0.450542
vt 0.932594 0.450460
vt 0.932787 0.438546
vt 0.932751 0.433141
vt 0.941077 0.433006
vt 0.940880 0.438332
vt 0.734002 0.889744
vt 0.733504 0.890941
vt 0.214981 0.221116
vt 0.221313 0.220155
vt 0.221262 0.398305
vt 0.471094 0.851543
vt 0.472230 0.852422
vt 0.473411 0.859624
vt 0.472950 0.860718
vt 0.736991 0.887481
vt 0.948943 0.224544
vt 0.951465 0.223522
vt 0.948810 0.226443
vt 0.946009 0.227357
vt 0.945068 0.230622
vt 0.181742 0.864485
vt 0.180806 0.862907
vt 0.730698 0.618623
vt 0.730892 0.631558
vt 0.721888 0.631405
vt 0.722035 0.618483
vt 0.908090 0.948170
vt 0.912570 0.951380
vt 0.910993 0.951044
vt 0.909854 0.947755
vt 0.245494 0.575913
vt 0.245336 0.580843
vt 0.657524 0.462957
vt 0.654491 0.464185
vt 0.653561 0.463056
vt 0.787394 0.601718
vt 0.784037 0.599495
vt 0.790016 0.599236
vt 0.250993 0.637043
vt 0.252216 0.642443
vt 0.250993 0.643703
vt 0.232130 0.586271
vt 0.222898 0.925455
vt 0.230684 0.587194
vt 0.230691 0.590385
vt 0.223081 0.921623
vt 0.224833 0.918610
vt 0.169757 0.562439
vt 0.169856 0.437298
vt 0.171864 0.437230
vt 0.171705 0.534744
vt 0.172097 0.570852
vt 0.170838 0.614881
vt 0.111610 0.847687
vt 0.117234 0.851805
vt 0.118474 0.859961
vt 0.378414 0.900460
vt 0.378380 0.905876
vt 0.370254 0.905905
vt 0.370343 0.900369
vt 0.861324 0.176363
vt 0.861317 0.179435
vt 0.851482 0.179308
vt 0.851570 0.176173
vt 0.223334 0.870326
vt 0.224937 0.870380
vt 0.927382 0.415072
vt 0.935098 0.414623
vt 0.158070 0.926227
vt 0.159044 0.926598
vt 0.159046 0.930583
vt 0.228904 0.552639
vt 0.230913 0.556298
vt 0.047587 0.554992
vt 0.026899 0.555154
vt 0.027241 0.553023
vt 0.057291 0.552912
vt 0.057555 0.555049
vt 0.715322 0.370465
vt 0.965328 0.799511
vt 0.971483 0.807437
vt 0.702283 0.629473
vt 0.702368 0.626119
vt 0.712205 0.626037
vt 0.712178 0.629591
vt 0.538944 0.254539
vt 0.539848 0.254336
vt 0.540528 0.258012
vt 0.406798 0.219449
vt 0.406114 0.217889
vt 0.240834 0.275662
vt 0.237343 0.277986
vt 0.239453 0.275101
vt 0.241840 0.272541
vt 0.721474 0.613001
vt 0.730831 0.612322
vt 0.730856 0.615826
vt 0.121581 0.563778
vt 0.125026 0.567769
vt 0.126650 0.571227
vt 0.121188 0.564958
vt 0.890015 0.575374
vt 0.233825 0.405025
vt 0.228936 0.405154
vt 0.233331 0.403975
vt 0.238788 0.405350
vt 0.488667 0.214188
vt 0.489445 0.215835
vt 0.488667 0.217226
vt 0.751167 0.583354
vt 0.749584 0.582408
vt 0.752355 0.581892
vt 0.891284 0.590185
vt 0.736626 0.582368
vt 0.889999 0.590370
vt 0.898510 0.590589
vt 0.897795 0.590142
vt 0.898493 0.576311
vt 0.720971 0.631748
vt 0.720847 0.615946
vt 0.736631 0.583709
vt 0.708715 0.637689
vt 0.708835 0.638981
vt 0.707385 0.639286
vt 0.876133 0.915386
vt 0.875018 0.894742
vt 0.885142 0.894438
vt 0.885183 0.915378
vt 0.708344 0.640262
vt 0.541070 0.273403
vt 0.540305 0.274976
vt 0.540050 0.274381
vt 0.541653 0.273784
vt 0.707405 0.801998
vt 0.708779 0.802133
vt 0.707269 0.803229
vt 0.722105 0.632212
vt 0.708292 0.812049
vt 0.709633 0.812700
vt 0.851733 0.170804
vt 0.861298 0.170631
vt 0.614882 0.217821
vt 0.623666 0.218263
vt 0.701805 0.497532
vt 0.716012 0.497065
vt 0.720922 0.494976
vt 0.701833 0.510957
vt 0.737663 0.942188
vt 0.545153 0.314376
vt 0.785353 0.178068
vt 0.783695 0.177808
vt 0.783575 0.169295
vt 0.784997 0.172354
vt 0.177247 0.690148
vt 0.177217 0.687059
vt 0.178536 0.687631
vt 0.577062 0.293143
vt 0.579002 0.293771
vt 0.580449 0.295558
vt 0.579912 0.296814
vt 0.943925 0.229564
vt 0.943521 0.231387
vt 0.183379 0.762226
vt 0.907369 0.946093
vt 0.178749 0.693785
vt 0.176922 0.695314
vt 0.176252 0.692257
vt 0.827170 0.501598
vt 0.224587 0.867964
vt 0.214754 0.867998
vt 0.245374 0.587496
vt 0.245560 0.583996
vt 0.816286 0.154370
vt 0.817892 0.155797
vt 0.818021 0.182017
vt 0.816417 0.180903
vt 0.592340 0.196071
vt 0.592449 0.199726
vt 0.583655 0.199993
vt 0.583586 0.195973
vt 0.232108 0.593258
vt 0.229383 0.593283
vt 0.229414 0.589282
vt 0.944010 0.245145
vt 0.944260 0.293810
vt 0.941557 0.293096
vt 0.941000 0.253795
vt 0.941383 0.236760
vt 0.944581 0.241183
vt 0.246279 0.590333
vt 0.245496 0.591120
vt 0.247611 0.589746
vt 0.232611 0.454344
vt 0.232381 0.450501
vt 0.236048 0.449338
vt 0.235198 0.453849
vt 0.246422 0.595720
vt 0.246812 0.640647
vt 0.232416 0.221623
vt 0.232363 0.399302
vt 0.230169 0.399145
vt 0.230352 0.346587
vt 0.231309 0.307115
vt 0.230462 0.256733
vt 0.230363 0.221660
vt 0.541072 0.483908
vt 0.541146 0.433696
vt 0.541380 0.487738
vt 0.245594 0.641286
vt 0.247769 0.640774
vt 0.864843 0.592311
vt 0.861239 0.592190
vt 0.944116 0.295065
vt 0.940921 0.294758
vt 0.042094 0.245103
vt 0.037808 0.243546
vt 0.041608 0.243133
vt 0.038412 0.242429
vt 0.224152 0.869004
vt 0.225633 0.868547
vt 0.056002 0.249314
vt 0.028229 0.249275
vt 0.656218 0.934304
vt 0.659670 0.930936
vt 0.246781 0.642028
vt 0.245898 0.641990
vt 0.244707 0.335387
vt 0.242025 0.336171
vt 0.242319 0.333414
vt 0.244637 0.329977
vt 0.308028 0.896689
vt 0.313332 0.901037
vt 0.313542 0.910495
vt 0.304833 0.905630
vt 0.253791 0.898964
vt 0.308364 0.925404
vt 0.314516 0.932780
vt 0.306558 0.933729
vt 0.299620 0.928774
vt 0.300086 0.920822
vt 0.231369 0.559780
vt 0.229217 0.559491
vt 0.710231 0.222494
vt 0.716120 0.222733
vt 0.717709 0.224000
vt 0.709018 0.223973
vt 0.708993 0.222603
vt 0.234003 0.559280
vt 0.236112 0.560353
vt 0.401867 0.219675
vt 0.402381 0.219624
vt 0.402370 0.238513
vt 0.539924 0.590499
vt 0.552531 0.601730
vt 0.541285 0.591837
vt 0.083708 0.922844
vt 0.079744 0.917288
vt 0.084147 0.914266
vt 0.089776 0.916236
vt 0.092751 0.923575
vt 0.607898 0.200256
vt 0.607240 0.197907
vt 0.607929 0.196275
vt 0.612876 0.196344
vt 0.612821 0.200786
vt 0.676862 0.601236
vt 0.679675 0.600253
vt 0.672703 0.605936
vt 0.213098 0.350697
vt 0.212182 0.351820
vt 0.212159 0.219812
vt 0.213057 0.220823
vt 0.583114 0.382774
vt 0.581174 0.382307
vt 0.581038 0.380263
vt 0.180199 0.617354
vt 0.182159 0.616729
vt 0.181958 0.671552
vt 0.180112 0.668377
vt 0.672571 0.605027
vt 0.745937 0.930484
vt 0.744388 0.933769
vt 0.831848 0.451466
vt 0.828250 0.445525
vt 0.758619 0.204271
vt 0.756354 0.203336
vt 0.755895 0.154651
vt 0.757661 0.155273
vt 0.268596 0.219349
vt 0.268499 0.000047
vt 0.401557 -0.000000
vt 0.401646 0.219305
vt 0.381449 0.218889
vt 0.292482 0.218399
vt 0.745203 0.874736
vt 0.745506 0.820694
vt 0.749042 0.820742
vt 0.749081 0.889163
vt 0.748512 0.919912
vt 0.747069 0.927299
vt 0.742692 0.881265
vt 0.246762 0.468257
vt 0.247344 0.456280
vt 0.247344 0.468647
vt 0.268499 0.220071
vt 0.269200 0.219624
vt 0.269198 0.231407
vt 0.739339 0.884820
vt 0.741816 0.880788
vt 0.904877 0.943231
vt 0.904726 0.940984
vt 0.331990 0.525205
vt 0.304295 0.524989
vt 0.304798 0.523867
vt 0.346446 0.524180
vt 0.345525 0.524866
vt 0.733740 0.787676
vt 0.748932 0.790997
vt 0.733577 0.791628
vt 0.941638 0.233237
vt 0.940054 0.237579
vt 0.536901 0.493889
vt 0.538493 0.490839
vt 0.178834 0.699293
vt 0.177287 0.700763
vt 0.176320 0.697556
vt 0.182698 0.773305
vt 0.180928 0.770401
vt 0.182496 0.768721
vt 0.939601 0.242146
vt 0.914527 0.736737
vt 0.909309 0.737187
vt 0.909365 0.733127
vt 0.914313 0.734208
vt 0.902880 0.937927
vt 0.903739 0.936447
vt 0.903072 0.936333
vt 0.152057 0.573904
vt 0.151951 0.612864
vt 0.151589 0.614842
vt 0.149394 0.614889
vt 0.744135 0.874818
vt 0.940290 0.293281
vt 0.939505 0.293896
vt 0.607891 0.429440
vt 0.611515 0.426204
vt 0.611625 0.429762
vt 0.653996 0.238793
vt 0.644085 0.237130
vt 0.668494 0.238257
vt 0.756070 0.030636
vt 0.755047 0.123343
vt 0.755444 0.030152
vt 0.903045 0.882495
vt 0.744323 0.819915
vt 0.380301 0.218976
vt 0.382116 0.219624
vt 0.745245 0.819084
vt 0.181388 0.826146
vt 0.938711 0.295165
vt 0.036199 0.240938
vt 0.553070 0.433006
vt 0.525296 0.432396
vt 0.550263 0.432607
vt 0.902798 0.881132
vt 0.906740 0.882735
vt 0.726019 0.405647
vt 0.726048 0.404641
vt 0.729833 0.406802
vt 0.907156 0.881413
vt 0.179588 0.756978
vt 0.176252 0.757387
vt 0.848307 0.206351
vt 0.848307 0.155602
vt 0.292993 0.219642
vt 0.294925 0.220474
vt 0.375604 0.220489
vt 0.402160 0.438766
vt 0.269459 0.438773
vt 0.377206 0.219673
vt 0.890439 0.117076
vt 0.891610 0.116819
vt 0.890510 0.118632
vt 0.890498 0.036499
vt 0.890530 0.034526
vt 0.891675 0.038358
vt 0.155339 0.218500
vt 0.153857 0.219723
vt 0.135219 0.219812
vt 0.756369 0.010464
vt 0.756900 0.009606
vt 0.756957 0.010125
vt 0.776485 0.009747
vt 0.755982 0.122948
vt 0.155375 0.219073
vt 0.756145 0.029085
vt 0.747399 0.153381
vt 0.747417 0.001115
vt 0.750711 0.004561
vt 0.756147 0.124275
vt 0.756199 0.143933
vt 0.477980 0.868458
vt 0.476656 0.865457
vt 0.100215 0.844037
vt 0.249175 0.219714
vt 0.247816 0.219190
vt 0.247896 0.218512
vt 0.268243 0.219515
vt 0.606728 0.427292
vt 0.606415 0.429647
vt 0.600070 0.429647
vt 0.600319 0.427128
vt 0.293211 0.218959
vt 0.864870 0.143873
vt 0.866463 0.143920
vt 0.864549 0.144983
vt 0.023975 0.000047
vt 0.025573 0.000850
vt 0.000000 -0.000000
vt 0.321643 0.879729
vt 0.328834 0.888336
vt 0.321786 0.893413
vt 0.315960 0.891364
vt 0.315983 0.876573
vt 0.001987 0.853225
vt 0.006180 0.846583
vt 0.012208 0.845962
vt 0.001876 0.858844
vt 0.866354 0.009743
vt 0.890777 0.009733
vt 0.890006 0.010092
vt 0.292247 0.219618
vt 0.865392 0.009717
vt 0.865207 0.008952
vt 0.732574 0.632544
vt 0.731428 0.633851
vt 0.662478 0.633979
vt 0.609550 0.633000
vt 0.088154 0.932482
vt 0.890521 0.010763
vt 0.690154 0.195531
vt 0.690910 0.195856
vt 0.691073 0.210478
vt 0.690245 0.210988
vt 0.230630 0.563709
vt 0.233336 0.564866
vt 0.717402 0.382482
vt 0.234162 0.562537
vt 0.113972 0.000067
vt 0.134241 0.000113
vt 0.776468 0.143806
vt 0.777119 0.144420
vt 0.713741 0.626182
vt 0.713739 0.631703
vt 0.712214 0.632319
vt 0.712278 0.626251
vt 0.756513 0.143324
vt 0.757264 0.143821
vt 0.710808 0.382902
vt 0.644270 0.323836
vt 0.599273 0.323869
vt 0.597107 0.322100
vt 0.643972 0.321888
vt 0.170067 0.617169
vt 0.169975 0.616227
vt 0.173748 0.616399
vt 0.173748 0.617188
vt 0.867249 0.522989
vt 0.867169 0.543520
vt 0.865769 0.543910
vt 0.865678 0.523023
vt 0.332162 0.866627
vt 0.328786 0.876365
vt 0.100743 0.470870
vt 0.057485 0.469243
vt 0.057230 0.463687
vt 0.098934 0.464134
vt 0.110698 0.472700
vt 0.105896 0.471205
vt 0.587976 0.386261
vt 0.666071 0.609219
vt 0.591792 0.387419
vt 0.589596 0.385544
vt 0.592895 0.386810
vt 0.776807 0.401910
vt 0.792090 0.397343
vt 0.792014 0.403024
vt 0.782694 0.404099
vt 0.313280 0.870221
vt 0.309854 0.877373
vt 0.303336 0.873885
vt 0.307276 0.867712
vt 0.769160 0.755746
vt 0.797568 0.647552
vt 0.803507 0.653553
vt 0.807465 0.655254
vt 0.793668 0.720542
vt 0.794847 0.728516
vt 0.796417 0.733581
vt 0.798509 0.737079
vt 0.803422 0.742016
vt 0.806508 0.743573
vt 0.809942 0.744597
vt 0.822991 0.744911
vt 0.824293 0.743058
vt 0.833488 0.756603
vt 0.971537 0.829884
vt 0.971656 0.838646
vt 0.966269 0.824767
vt 0.597135 0.387851
vt 0.595784 0.389385
vt 0.137466 0.918541
vt 0.137565 0.920942
vt 0.121876 0.920568
vt 0.121981 0.918970
vt 0.834630 0.458086
vt 0.601175 0.388588
vt 0.600294 0.389197
vt 0.599680 0.388008
vt 0.921351 0.456711
vt 0.920935 0.457747
vt 0.913168 0.456216
vt 0.913078 0.457758
vt 0.748290 0.922890
vt 0.719446 0.237934
vt 0.717128 0.257726
vt 0.715145 0.256287
vt 0.717561 0.251647
vt 0.921273 0.487464
vt 0.920521 0.556147
vt 0.903339 0.557282
vt 0.904162 0.528287
vt 0.911575 0.506433
vt 0.913109 0.500339
vt 0.749081 0.918942
vt 0.846438 0.574034
vt 0.846324 0.571225
vt 0.701810 0.428947
vt 0.701549 0.424810
vt 0.702789 0.428513
vt 0.211882 0.531890
vt 0.210835 0.533279
vt 0.211829 0.479742
vt 0.212835 0.479108
vt 0.912432 0.501021
vt 0.322542 0.925963
vt 0.315440 0.932225
vt 0.315591 0.924583
vt 0.847574 0.414315
vt 0.843247 0.415390
vt 0.835934 0.412577
vt 0.389136 0.886798
vt 0.388182 0.886083
vt 0.388092 0.883566
vt 0.389076 0.883015
vt 0.177996 0.825797
vt 0.180190 0.826021
vt 0.179565 0.827013
vt 0.176252 0.827125
vt 0.921092 0.555792
vt 0.456531 0.273213
vt 0.456626 0.259696
vt 0.457752 0.269110
vt 0.457430 0.273634
vt 0.968032 0.768367
vt 0.972541 0.762970
vt 0.972203 0.771103
vt 0.735555 0.600782
vt 0.735546 0.582775
vt 0.736495 0.600223
vt 0.313979 0.922489
vt 0.908380 0.513233
vt 0.906544 0.520798
vt 0.907458 0.515936
vt 0.254480 0.429231
vt 0.254622 0.425388
vt 0.259984 0.425458
vt 0.260236 0.429392
vt 0.516906 0.088832
vt 0.554681 0.069824
vt 0.554744 0.106012
vt 0.534222 0.090024
vt 0.532923 0.088787
vt 0.307582 0.916146
vt 0.227448 0.824140
vt 0.915834 0.343035
vt 0.891298 0.343146
vt 0.890857 0.242180
vt 0.906538 0.242110
vt 0.861636 0.191211
vt 0.862710 0.191033
vt 0.862756 0.195278
vt 0.861759 0.195757
vt 0.957958 0.848005
vt 0.950722 0.846315
vt 0.948465 0.839763
vt 0.902239 0.531485
vt 0.228215 0.839887
vt 0.035516 0.239516
vt 0.030977 0.239606
vt 0.921602 0.557783
vt 0.807734 0.577534
vt 0.807851 0.574716
vt 0.813215 0.574694
vt 0.813177 0.577390
vt 0.541593 0.433006
vt 0.551661 0.433243
vt 0.830766 0.564678
vt 0.830272 0.563177
vt 0.835888 0.564845
vt 0.669207 0.195531
vt 0.057194 0.836388
vt 0.064786 0.831751
vt 0.068131 0.838596
vt 0.062390 0.844192
vt 0.052573 0.844758
vt 0.259844 0.336109
vt 0.259854 0.404157
vt 0.253568 0.403872
vt 0.254066 0.340832
vt 0.254040 0.221275
vt 0.259431 0.221497
vt 0.213265 0.532057
vt 0.213174 0.537738
vt 0.211808 0.536060
vt 0.228281 0.571633
vt 0.230582 0.569039
vt 0.887375 0.180431
vt 0.887386 0.183066
vt 0.886923 0.189001
vt 0.234600 0.568062
vt 0.716730 0.387988
vt 0.714040 0.386008
vt 0.710499 0.388590
vt 0.932566 0.456725
vt 0.940749 0.457109
vt 0.940502 0.552933
vt 0.923318 0.541455
vt 0.923179 0.526191
vt 0.933145 0.498692
vt 0.237038 0.564242
vt 0.238861 0.568133
vt 0.769506 0.602651
vt 0.708664 0.385965
vt 0.180036 0.616240
vt 0.183379 0.616227
vt 0.182493 0.617400
vt 0.769977 0.756900
vt 0.987357 0.736297
vt 0.988012 0.679819
vt 0.988910 0.733739
vt 0.796307 0.644395
vt 0.798753 0.735734
vt 0.796253 0.730856
vt 0.813504 0.571243
vt 0.812738 0.569460
vt 0.813976 0.568525
vt 0.797042 0.732691
vt 0.794566 0.722498
vt 0.813261 0.582594
vt 0.557614 0.206697
vt 0.557829 0.203811
vt 0.566606 0.204064
vt 0.567047 0.206199
vt 0.813913 0.587030
vt 0.813200 0.586983
vt 0.638222 0.213783
vt 0.638222 0.219503
vt 0.637218 0.215231
vt 0.812844 0.591327
vt 0.813914 0.592071
vt 0.813968 0.594808
vt 0.812937 0.595081
vt 0.797507 0.646243
vt 0.260541 0.410127
vt 0.259421 0.409100
vt 0.260725 0.408819
vt 0.260635 0.411909
vt 0.259505 0.411697
vt 0.259478 0.414522
vt 0.795967 0.641777
vt 0.260713 0.414010
vt 0.795037 0.636055
vt 0.260695 0.423154
vt 0.259504 0.423271
vt 0.795069 0.630774
vt 0.795099 0.626833
vt 0.260725 0.433446
vt 0.253235 0.637043
vt 0.254218 0.637850
vt 0.253235 0.643320
vt 0.845611 0.155916
vt 0.845934 0.204794
vt 0.837467 0.182233
vt 0.837405 0.155718
vt 0.923191 0.798926
vt 0.926691 0.790864
vt 0.919045 0.813712
vt 0.918507 0.813334
vt 0.799884 0.737302
vt 0.803281 0.740635
vt 0.410707 0.214188
vt 0.411879 0.215498
vt 0.410707 0.219278
vt 0.800291 0.705353
vt 0.613871 0.197779
vt 0.614010 0.195670
vt 0.265206 0.437678
vt 0.266096 0.436598
vt 0.266096 0.439097
vt 0.814008 0.599297
vt 0.176142 0.874706
vt 0.176215 0.868547
vt 0.260222 0.405740
vt 0.254423 0.541451
vt 0.253519 0.538958
vt 0.254429 0.534344
vt 0.404191 0.216822
vt 0.403403 0.219560
vt 0.403403 0.214188
vt 0.805130 0.742256
vt 0.807597 0.742949
vt 0.802683 0.702557
vt 0.613959 0.200695
vt 0.102968 0.538142
vt 0.057403 0.538364
vt 0.055500 0.536377
vt 0.102434 0.536350
vt 0.176201 0.878724
vt 0.177295 0.880291
vt 0.813191 0.602528
vt 0.574365 0.208625
vt 0.574355 0.212103
vt 0.573354 0.208213
vt 0.573104 0.211129
vt 0.809100 0.655250
vt 0.810170 0.611019
vt 0.807836 0.611766
vt 0.915577 0.734774
vt 0.574377 0.195534
vt 0.155856 0.527544
vt 0.155909 0.514529
vt 0.157709 0.512936
vt 0.552782 0.581418
vt 0.552913 0.617440
vt 0.220938 0.559225
vt 0.219745 0.559298
vt 0.219745 0.546716
vt 0.823309 0.655140
vt 0.821930 0.655298
vt 0.726671 0.638881
vt 0.221094 0.487020
vt 0.221094 0.505725
vt 0.220136 0.504978
vt 0.091260 0.939982
vt 0.082262 0.939726
vt 0.835816 0.180672
vt 0.835681 0.154186
vt 0.721790 0.704769
vt 0.720475 0.705754
vt 0.720567 0.704379
vt 0.937123 0.620779
vt 0.938703 0.616712
vt 0.720839 0.749358
vt 0.720529 0.750585
vt 0.720500 0.748138
vt 0.721701 0.750632
vt 0.721477 0.792492
vt 0.720445 0.792664
vt 0.721556 0.793391
vt 0.720462 0.794182
vt 0.402381 0.800270
vt 0.402946 0.799492
vt 0.403984 0.799893
vt 0.214129 0.373345
vt 0.214177 0.374111
vt 0.213098 0.373836
vt 0.610169 0.544831
vt 0.610556 0.547161
vt 0.606826 0.546595
vt 0.587944 0.546811
vt 0.213129 0.219881
vt 0.214381 0.219812
vt 0.214079 0.220179
vt 0.337000 0.894722
vt 0.438387 0.653221
vt 0.441283 0.653133
vt 0.436415 0.655136
vt 0.436006 0.654058
vt 0.807700 0.586850
vt 0.807814 0.582662
vt 0.231985 0.641434
vt 0.229302 0.641890
vt 0.584825 0.426396
vt 0.574796 0.426323
vt 0.574695 0.423883
vt 0.584467 0.423635
vt 0.402679 0.645935
vt 0.417503 0.646241
vt 0.402911 0.646302
vt 0.446212 0.799818
vt 0.638775 0.427101
vt 0.639814 0.426469
vt 0.639814 0.430462
vt 0.418399 0.772358
vt 0.419663 0.773830
vt 0.419823 0.777828
vt 0.360529 0.439555
vt 0.367803 0.439208
vt 0.375874 0.439519
vt 0.375590 0.441082
vt 0.365601 0.441269
vt 0.358161 0.441123
vt 0.639023 0.432972
vt 0.419487 0.771363
vt 0.419962 0.757003
vt 0.419695 0.759678
vt 0.418477 0.762181
vt 0.641875 0.427335
vt 0.641501 0.432952
vt 0.640904 0.428882
vt 0.419458 0.763703
vt 0.898423 0.602672
vt 0.906651 0.602528
vt 0.906475 0.607317
vt 0.898427 0.607775
vt 0.640904 0.426192
vt 0.892627 0.915238
vt 0.892729 0.894692
vt 0.466495 0.334155
vt 0.467287 0.328132
vt 0.467091 0.431238
vt 0.466158 0.431647
vt 0.419658 0.691108
vt 0.418393 0.688522
vt 0.419852 0.688622
vt 0.419587 0.677366
vt 0.418355 0.676951
vt 0.420329 0.672552
vt 0.419602 0.675398
vt 0.175892 0.628275
vt 0.175800 0.632313
vt 0.174893 0.630334
vt 0.251586 0.876147
vt 0.257670 0.882573
vt 0.253752 0.890244
vt 0.899350 0.126971
vt 0.898290 0.125561
vt 0.900257 0.125472
vt 0.900681 0.127229
vt 0.440043 0.214188
vt 0.440043 0.218653
vt 0.439068 0.214994
vt 0.610945 0.886280
vt 0.614107 0.894710
vt 0.613438 0.896573
vt 0.612413 0.891638
vt 0.574800 0.421271
vt 0.584690 0.420713
vt 0.361586 0.878334
vt 0.363965 0.879780
vt 0.362834 0.881593
vt 0.361545 0.884158
vt 0.422600 0.698792
vt 0.424743 0.701990
vt 0.427653 0.706745
vt 0.423170 0.697568
vt 0.425660 0.701467
vt 0.421155 0.692804
vt 0.421094 0.669785
vt 0.422807 0.668890
vt 0.420992 0.673394
vt 0.424649 0.663061
vt 0.425124 0.664368
vt 0.639258 0.219411
vt 0.638222 0.214827
vt 0.639258 0.213783
vt 0.425272 0.785460
vt 0.432650 0.792645
vt 0.429173 0.790700
vt 0.447248 0.214188
vt 0.447248 0.218442
vt 0.446271 0.218364
vt 0.220573 0.626118
vt 0.219509 0.629344
vt 0.219509 0.621070
vt 0.424604 0.750629
vt 0.423542 0.750373
vt 0.429988 0.742423
vt 0.430586 0.743681
vt 0.429763 0.706772
vt 0.431605 0.708847
vt 0.427416 0.704924
vt 0.429299 0.705331
vt 0.731384 0.556442
vt 0.730213 0.552523
vt 0.727407 0.548376
vt 0.734880 0.556232
vt 0.734886 0.572868
vt 0.726345 0.578214
vt 0.730154 0.572516
vt 0.731365 0.569058
vt 0.731563 0.562187
vt 0.429076 0.660593
vt 0.430659 0.657621
vt 0.640904 0.422381
vt 0.639957 0.426326
vt 0.639957 0.419296
vt 0.812162 0.384576
vt 0.434031 0.793900
vt 0.432794 0.793889
vt 0.492303 0.214188
vt 0.493320 0.215246
vt 0.492303 0.217013
vt 0.431482 0.741978
vt 0.432639 0.740739
vt 0.627686 0.425779
vt 0.627936 0.427626
vt 0.626857 0.422318
vt 0.436919 0.710703
vt 0.478132 0.214188
vt 0.478658 0.216095
vt 0.478132 0.217750
vt 0.715342 0.273355
vt 0.715568 0.268820
vt 0.432859 0.656402
vt 0.048290 0.638428
vt 0.040265 0.638445
vt 0.026780 0.638296
vt 0.057648 0.634264
vt 0.842491 0.614264
vt 0.845884 0.610724
vt 0.850838 0.607004
vt 0.854361 0.605134
vt 0.856758 0.623028
vt 0.834809 0.633198
vt 0.835203 0.629646
vt 0.836208 0.625705
vt 0.837331 0.622159
vt 0.437430 0.796931
vt 0.440787 0.797822
vt 0.327134 0.861837
vt 0.315831 0.859315
vt 0.436231 0.795578
vt 0.439383 0.796415
vt 0.436420 0.794739
vt 0.458543 0.215679
vt 0.459408 0.218039
vt 0.458419 0.217950
vt 0.459408 0.214188
vt 0.228643 0.443264
vt 0.230978 0.446057
vt 0.228898 0.455544
vt 0.230586 0.458197
vt 0.891708 0.378544
vt 0.898815 0.379073
vt 0.898431 0.387006
vt 0.891616 0.386578
vt 0.254553 0.423471
vt 0.439450 0.769105
vt 0.435715 0.767912
vt 0.437997 0.767754
vt 0.435492 0.765400
vt 0.436837 0.766553
vt 0.434141 0.763766
vt 0.599201 0.428573
vt 0.599166 0.427011
vt 0.265205 0.439060
vt 0.264012 0.439089
vt 0.264012 0.436598
vt 0.441223 0.218569
vt 0.441223 0.216169
vt 0.442086 0.216933
vt 0.441919 0.214188
vt 0.489445 0.214188
vt 0.490473 0.214595
vt 0.489445 0.217123
vt 0.254437 0.459448
vt 0.254126 0.462784
vt 0.254126 0.455451
vt 0.488667 0.214901
vt 0.487615 0.217316
vt 0.487615 0.214188
vt 0.315802 0.913316
vt 0.324343 0.910837
vt 0.663744 0.210868
vt 0.663597 0.212414
vt 0.657467 0.212208
vt 0.657553 0.210738
vt 0.266403 0.887824
vt 0.264696 0.876498
vt 0.270229 0.876313
vt 0.269319 0.884126
vt 0.944382 0.852001
vt 0.437475 0.712111
vt 0.433448 0.709400
vt 0.434192 0.679333
vt 0.435472 0.680690
vt 0.436058 0.682752
vt 0.562814 0.419296
vt 0.562585 0.421328
vt 0.561598 0.420127
vt 0.435160 0.679103
vt 0.561619 0.422912
vt 0.562755 0.422615
vt 0.562783 0.426211
vt 0.562705 0.428856
vt 0.562814 0.431876
vt 0.561808 0.430731
vt 0.023727 0.866585
vt 0.021342 0.873189
vt 0.020303 0.878648
vt 0.014928 0.873506
vt 0.367982 0.892193
vt 0.367950 0.890330
vt 0.368948 0.890633
vt 0.211941 0.437733
vt 0.210591 0.440402
vt 0.209844 0.438698
vt 0.210912 0.435304
vt 0.830292 0.512564
vt 0.445585 0.799088
vt 0.213242 0.630930
vt 0.214200 0.629406
vt 0.214194 0.633639
vt 0.246536 0.325760
vt 0.244283 0.322077
vt 0.885346 0.892144
vt 0.886133 0.890883
vt 0.440665 0.752326
vt 0.441967 0.752405
vt 0.898511 0.585220
vt 0.438503 0.753883
vt 0.401646 0.214188
vt 0.402729 0.218455
vt 0.401646 0.219606
vt 0.436382 0.738356
vt 0.440382 0.736863
vt 0.441509 0.735755
vt 0.826007 0.573552
vt 0.827272 0.572291
vt 0.827780 0.578488
vt 0.351740 0.859608
vt 0.348564 0.866657
vt 0.341264 0.861375
vt 0.343097 0.855115
vt 0.348597 0.854020
vt 0.439871 0.712423
vt 0.441768 0.713544
vt 0.439198 0.713711
vt 0.493320 0.216198
vt 0.494248 0.214188
vt 0.494248 0.216974
vt 0.264012 0.430422
vt 0.265409 0.430606
vt 0.265332 0.434769
vt 0.264210 0.434654
vt 0.440691 0.684425
vt 0.441015 0.685871
vt 0.905962 0.564904
vt 0.439493 0.667762
vt 0.440226 0.668682
vt 0.436507 0.670179
vt 0.445927 0.651942
vt 0.440857 0.651923
vt 0.663743 0.610128
vt 0.213208 0.635784
vt 0.214200 0.636834
vt 0.402453 0.645735
vt 0.402381 0.433294
vt 0.403054 0.487898
vt 0.403011 0.597197
vt 0.403010 0.645313
vt 0.315896 0.904531
vt 0.321380 0.903968
vt 0.917686 0.318457
vt 0.917719 0.344384
vt 0.734753 0.480226
vt 0.734865 0.434470
vt 0.735539 0.605254
vt 0.734701 0.515597
vt 0.442408 0.714616
vt 0.442626 0.713139
vt 0.446614 0.650124
vt 0.444647 0.651457
vt 0.411879 0.219296
vt 0.411879 0.214188
vt 0.412554 0.217942
vt 0.242304 0.381100
vt 0.240615 0.382817
vt 0.890863 0.240265
vt 0.891029 0.238080
vt 0.906329 0.238328
vt 0.890885 0.236056
vt 0.907103 0.238989
vt 0.552860 0.330268
vt 0.552160 0.330411
vt 0.226339 0.740741
vt 0.221968 0.740394
vt 0.221313 0.576418
vt 0.225803 0.577136
vt 0.047822 0.921333
vt 0.011906 0.230361
vt 0.012168 0.220099
vt 0.030667 0.220177
vt 0.027563 0.261523
vt 0.024614 0.260233
vt 0.024912 0.256150
vt 0.021165 0.254772
vt 0.021085 0.249449
vt 0.000473 0.249029
vt 0.000609 0.230784
vt 0.229022 0.890367
vt 0.228980 0.878195
vt 0.228878 0.897033
vt 0.234710 0.900313
vt 0.228799 0.906430
vt 0.450812 0.650831
vt 0.953301 0.222191
vt 0.957580 0.220333
vt 0.659530 0.611453
vt 0.000705 0.640143
vt 0.002215 0.638342
vt 0.026867 0.640188
vt 0.136693 0.878533
vt 0.139459 0.874546
vt 0.138015 0.878348
vt 0.643736 0.391276
vt 0.446723 0.798554
vt 0.448416 0.799345
vt 0.298065 0.868976
vt 0.290180 0.864540
vt 0.292366 0.856413
vt 0.299392 0.860323
vt 0.657391 0.195906
vt 0.657453 0.196989
vt 0.656276 0.196800
vt 0.656400 0.195531
vt 0.656378 0.211757
vt 0.656284 0.213454
vt 0.461021 0.684329
vt 0.462292 0.683101
vt 0.461641 0.685696
vt 0.683185 0.195585
vt 0.683878 0.196880
vt 0.682704 0.196773
vt 0.682659 0.210717
vt 0.683798 0.210369
vt 0.683891 0.211253
vt 0.682661 0.212052
vt 0.807720 0.594907
vt 0.807514 0.589428
vt 0.828687 0.581736
vt 0.828793 0.579708
vt 0.735637 0.769751
vt 0.735946 0.650555
vt 0.737384 0.769537
vt 0.550334 0.645735
vt 0.454565 0.646189
vt 0.968940 0.499705
vt 0.962116 0.501634
vt 0.954774 0.499425
vt 0.968798 0.500827
vt 0.644418 0.389082
vt 0.948551 0.496482
vt 0.952357 0.499515
vt 0.025536 0.836763
vt 0.020103 0.844417
vt 0.014292 0.838049
vt 0.019153 0.830820
vt 0.970029 0.948781
vt 0.976390 0.949271
vt 0.279250 0.554880
vt 0.276767 0.555968
vt 0.279540 0.552679
vt 0.280843 0.552967
vt 0.944821 0.490386
vt 0.991458 0.943373
vt 0.985459 0.946782
vt 0.994420 0.937764
vt 0.400263 0.456458
vt 0.375434 0.456537
vt 0.401606 0.440930
vt 0.710950 0.254516
vt 0.715123 0.259382
vt 0.262744 0.851708
vt 0.997062 0.931548
vt 0.996125 0.930264
vt 0.942394 0.434959
vt 0.981691 0.434961
vt 0.981767 0.484081
vt 0.980666 0.488399
vt 0.978097 0.493072
vt 0.974550 0.496953
vt 0.942223 0.483961
vt 0.909734 0.294828
vt 0.552460 0.431699
vt 0.835335 0.155716
vt 0.835306 0.200253
vt 0.827830 0.182763
vt 0.827971 0.155719
vt 0.955684 0.925742
vt 0.955625 0.931665
vt 0.247893 0.559201
vt 0.247922 0.566849
vt 0.246804 0.567912
vt 0.246803 0.557744
vt 0.579951 0.615409
vt 0.416924 0.614895
vt 0.418238 0.614751
vt 0.419529 0.615989
vt 0.419472 0.617368
vt 0.726729 0.660785
vt 0.721455 0.660815
vt 0.963166 0.570041
vt 0.968842 0.567942
vt 0.971445 0.568039
vt 0.967375 0.569683
vt 0.214381 0.377190
vt 0.212994 0.477908
vt 0.213566 0.374111
vt 0.824711 0.571025
vt 0.825891 0.569456
vt 0.627940 0.419296
vt 0.629842 0.419340
vt 0.630607 0.427510
vt 0.627940 0.427425
vt 0.941145 0.434309
vt 0.213943 0.477238
vt 0.281541 0.516011
vt 0.276947 0.510691
vt 0.276143 0.508221
vt 0.281824 0.514894
vt 0.643719 0.408856
vt 0.902140 0.557783
vt 0.164839 0.519822
vt 0.161258 0.513658
vt 0.166329 0.528052
vt 0.164588 0.522993
vt 0.995730 0.883021
vt 0.997562 0.882669
vt 0.556814 0.002619
vt 0.557638 0.011256
vt 0.557654 0.193629
vt 0.550839 0.733532
vt 0.549250 0.733452
vt 0.550454 0.715376
vt 0.031207 0.221340
vt 0.690145 0.196874
vt 0.690154 0.210588
vt 0.550925 0.800270
vt 0.028662 0.261210
vt 0.401809 0.457912
vt 0.375529 0.457880
vt 0.549858 0.786740
vt 0.027999 0.262735
vt 0.027408 0.262698
vt 0.941077 0.433006
vt 0.942312 0.434086
vt 0.027463 0.302286
vt 0.166119 0.599223
vt 0.162947 0.599888
vt 0.164743 0.594815
vt 0.162328 0.590430
vt 0.163946 0.585597
vt 0.164973 0.581782
vt 0.162440 0.577646
vt 0.166161 0.578957
vt 0.027985 0.302143
vt 0.549851 0.747281
vt 0.028618 0.303444
vt 0.027529 0.303495
vt 0.027910 0.315440
vt 0.462828 0.218659
vt 0.463897 0.217916
vt 0.463897 0.219529
vt 0.551001 0.734028
vt 0.021191 0.315612
vt 0.029523 0.315909
vt 0.028313 0.334216
vt 0.029700 0.334020
vt 0.214381 0.478278
vt 0.550928 0.715219
vt 0.549874 0.714779
vt 0.550114 0.704762
vt 0.550963 0.704846
vt 0.243657 0.392628
vt 0.242305 0.393805
vt 0.240497 0.391716
vt 0.027817 0.344583
vt 0.027506 0.346586
vt 0.026949 0.345258
vt 0.955981 0.882727
vt 0.956982 0.881696
vt 0.957760 0.882770
vt 0.955625 0.881208
vt 0.248438 0.441856
vt 0.248438 0.481688
vt 0.247387 0.442124
vt 0.996611 0.882025
vt 0.549044 0.663036
vt 0.550017 0.663164
vt 0.549042 0.702977
vt 0.550397 0.661242
vt 0.728493 0.426278
vt 0.727362 0.427407
vt 0.727515 0.425249
vt 0.733672 0.415913
vt 0.549847 0.650657
vt 0.550931 0.650088
vt 0.211041 0.433507
vt 0.212159 0.434221
vt 0.210502 0.434589
vt 0.732400 0.414810
vt 0.734362 0.411316
vt 0.736015 0.410678
vt 0.737344 0.407140
vt 0.732831 0.404708
vt 0.751488 0.384902
vt 0.890857 0.344667
vt 0.917219 0.344797
vt 0.240279 0.850885
vt 0.726058 0.384576
vt 0.726445 0.384116
vt 0.794358 0.384118
vt 0.854797 0.384118
vt 0.890747 0.384296
vt 0.915000 0.411765
vt 0.921871 0.414369
vt 0.161170 0.559503
vt 0.158062 0.555775
vt 0.161206 0.553766
vt 0.164988 0.557262
vt 0.229889 0.571808
vt 0.232027 0.571906
vt 0.238797 0.571582
vt 0.232816 0.570231
vt 0.236900 0.571706
vt 0.221448 0.399003
vt 0.227918 0.399164
vt 0.228130 0.400544
vt 0.221360 0.400653
vt 0.211547 0.330282
vt 0.210502 0.334367
vt 0.702276 0.202953
vt 0.701822 0.205615
vt 0.700070 0.211171
vt 0.701024 0.204933
vt 0.701120 0.202348
vt 0.209860 0.313742
vt 0.210060 0.316564
vt 0.209860 0.318276
vt 0.792171 0.418567
vt 0.782179 0.419091
vt 0.772931 0.413967
vt 0.782035 0.414264
vt 0.847030 0.571497
vt 0.837562 0.585764
vt 0.828568 0.585495
vt 0.268808 0.439129
vt 0.971974 0.777710
vt 0.964078 0.774061
vt 0.807897 0.580576
vt 0.861283 0.566348
vt 0.865059 0.566323
vt 0.254615 0.409110
vt 0.254399 0.414466
vt 0.424860 0.841237
vt 0.425480 0.819093
vt 0.427049 0.821390
vt 0.427040 0.842026
vt 0.237592 0.632094
vt 0.234900 0.630696
vt 0.235950 0.627028
vt 0.237564 0.626755
vt 0.219745 0.565219
vt 0.220684 0.559298
vt 0.220812 0.566817
vt 0.219745 0.569328
vt 0.254756 0.431239
vt 0.170154 0.632937
vt 0.170041 0.631967
vt 0.173661 0.631883
vt 0.173798 0.632783
vt 0.699138 0.391030
vt 0.700559 0.407705
vt 0.674084 0.390826
vt 0.666197 0.465425
vt 0.667417 0.467867
vt 0.664571 0.466642
vt 0.661780 0.465435
vt 0.872173 0.212999
vt 0.871026 0.213823
vt 0.871044 0.211877
vt 0.872190 0.210626
vt 0.635895 0.426762
vt 0.635895 0.419296
vt 0.638775 0.422141
vt 0.914601 0.727621
vt 0.908681 0.727981
vt 0.574093 0.213550
vt 0.568087 0.213132
vt 0.573320 0.215518
vt 0.568178 0.215102
vt 0.769182 0.757263
vt 0.769810 0.756900
vt 0.902339 0.756936
vt 0.914660 0.731600
vt 0.567677 0.209831
vt 0.813496 0.566500
vt 0.807128 0.566950
vt 0.807954 0.564923
vt 0.812834 0.565000
vt 0.803433 0.420033
vt 0.803649 0.417956
vt 0.811587 0.417945
vt 0.811480 0.421353
vt 0.811857 0.425548
vt 0.803710 0.425283
vt 0.711044 0.426289
vt 0.711193 0.422096
vt 0.720023 0.420858
vt 0.719993 0.426129
vt 0.177075 0.893155
vt 0.182131 0.894344
vt 0.176266 0.894583
vt 0.192840 0.795617
vt 0.191720 0.793541
vt 0.193786 0.795013
vt 0.194348 0.800246
vt 0.293081 0.849170
vt 0.301257 0.852400
vt 0.726522 0.704940
vt 0.726703 0.749374
vt 0.727448 0.750282
vt 0.245011 0.937208
vt 0.238134 0.935218
vt 0.233861 0.930534
vt 0.228751 0.858775
vt 0.235170 0.854497
vt 0.815099 0.565071
vt 0.815304 0.570238
vt 0.814051 0.568640
vt 0.814008 0.565695
vt 0.981951 0.433977
vt 0.906378 0.614251
vt 0.898547 0.613736
vt 0.906224 0.611616
vt 0.618241 0.948815
vt 0.619453 0.950463
vt 0.614088 0.950331
vt 0.613796 0.949278
vt 0.542932 0.853355
vt 0.541089 0.856700
vt 0.122630 0.839921
vt 0.122231 0.822517
vt 0.146618 0.822392
vt 0.146778 0.848069
vt 0.857853 0.385839
vt 0.858702 0.405149
vt 0.002243 0.623827
vt 0.606820 0.429438
vt 0.655224 0.211918
vt 0.645740 0.198185
vt 0.654508 0.198148
vt 0.712036 0.298737
vt 0.710427 0.303743
vt 0.713718 0.305937
vt 0.324727 0.941077
vt 0.328791 0.932746
vt 0.330445 0.938718
vt 0.662692 0.197010
vt 0.663845 0.195801
vt 0.176765 0.773258
vt 0.178434 0.772188
vt 0.690062 0.195531
vt 0.688887 0.211295
vt 0.214315 0.550166
vt 0.214315 0.556529
vt 0.213486 0.555224
vt 0.964181 0.753231
vt 0.966529 0.754408
vt 0.963080 0.754540
vt 0.954395 0.074716
vt 0.949749 0.072139
vt 0.950538 0.071700
vt 0.956033 0.074370
vt 0.962972 0.076108
vt 0.963046 0.074810
vt 0.174306 0.852221
vt 0.173352 0.850577
vt 0.966434 0.075984
vt 0.606490 0.421740
vt 0.606551 0.424351
vt 0.599976 0.424534
vt 0.600269 0.421982
vt 0.971554 0.074570
vt 0.859210 0.591811
vt 0.859275 0.589032
vt 0.860171 0.587204
vt 0.860084 0.592917
vt 0.950033 0.751249
vt 0.953956 0.751768
vt 0.955446 0.753266
vt 0.947140 0.748769
vt 0.971108 0.753013
vt 0.966535 0.748768
vt 0.973775 0.751189
vt 0.976556 0.750906
vt 0.945784 0.069377
vt 0.941252 0.062828
vt 0.956910 0.501267
vt 0.007133 0.873687
vt 0.004182 0.864138
vt 0.849711 0.574868
vt 0.850162 0.580040
vt 0.848033 0.575277
vt 0.847827 0.582031
vt 0.847030 0.574870
vt 0.782607 0.184328
vt 0.784813 0.184415
vt 0.467784 0.215512
vt 0.466549 0.217904
vt 0.466549 0.214188
vt 0.847060 0.584615
vt 0.849900 0.586760
vt 0.848358 0.589270
vt 0.848350 0.585681
vt 0.210921 0.551349
vt 0.212846 0.551834
vt 0.210983 0.602246
vt 0.173474 0.820808
vt 0.175556 0.821030
vt 0.173352 0.826068
vt 0.943672 0.746823
vt 0.945020 0.745980
vt 0.595188 0.197072
vt 0.595811 0.202449
vt 0.593842 0.199490
vt 0.220868 0.572022
vt 0.219745 0.575856
vt 0.219745 0.569329
vt 0.710915 0.307256
vt 0.713933 0.307382
vt 0.711230 0.309418
vt 0.593897 0.205029
vt 0.176144 0.639529
vt 0.176144 0.645498
vt 0.174893 0.644156
vt 0.596577 0.208744
vt 0.594811 0.210558
vt 0.253532 0.502412
vt 0.254395 0.504117
vt 0.253519 0.510885
vt 0.596209 0.212991
vt 0.594774 0.214960
vt 0.593601 0.214447
vt 0.959691 0.747582
vt 0.969101 0.747924
vt 0.980609 0.949411
vt 0.984659 0.948121
vt 0.700655 0.389206
vt 0.674336 0.389123
vt 0.494933 0.218525
vt 0.494248 0.219614
vt 0.494248 0.216950
vt 0.593919 0.219037
vt 0.982741 0.746174
vt 0.227117 0.851032
vt 0.226175 0.847817
vt 0.226920 0.844567
vt 0.941722 0.065130
vt 0.939785 0.061745
vt 0.850162 0.566777
vt 0.849729 0.570417
vt 0.848104 0.569798
vt 0.848259 0.564904
vt 0.643001 0.432909
vt 0.641875 0.429434
vt 0.643001 0.426192
vt 0.446271 0.215478
vt 0.445059 0.218431
vt 0.445059 0.214188
vt 0.468845 0.217889
vt 0.467784 0.214595
vt 0.468845 0.214188
vt 0.849802 0.592361
vt 0.848240 0.593888
vt 0.847094 0.589667
vt 0.973131 0.067971
vt 0.977185 0.064302
vt 0.977095 0.065676
vt 0.594424 0.419386
vt 0.594503 0.421969
vt 0.585416 0.421897
vt 0.585536 0.419296
vt 0.234852 0.583470
vt 0.232572 0.581065
vt 0.234676 0.577683
vt 0.940760 0.742425
vt 0.964506 0.946269
vt 0.541454 0.915949
vt 0.533056 0.915550
vt 0.593601 0.195531
vt 0.421727 0.219117
vt 0.420571 0.216598
vt 0.421727 0.214188
vt 0.987915 0.946342
vt 0.171663 0.639179
vt 0.169975 0.640726
vt 0.170102 0.637397
vt 0.172055 0.635494
vt 0.436599 0.218743
vt 0.435777 0.218309
vt 0.436599 0.214188
vt 0.169975 0.633725
vt 0.210499 0.550162
vt 0.209812 0.546673
vt 0.210489 0.543552
vt 0.938426 0.058605
vt 0.938625 0.056856
vt 0.422877 0.216878
vt 0.423900 0.214188
vt 0.423900 0.219082
vt 0.760577 0.212701
vt 0.759535 0.215451
vt 0.759440 0.209640
vt 0.944156 0.491420
vt 0.762352 0.212637
vt 0.762674 0.217872
vt 0.760755 0.216732
vt 0.979448 0.492889
vt 0.974257 0.498132
vt 0.361413 0.889710
vt 0.465378 0.214188
vt 0.466549 0.215524
vt 0.465378 0.217911
vt 0.938694 0.739219
vt 0.938740 0.736508
vt 0.253519 0.219812
vt 0.260283 0.220004
vt 0.937242 0.734030
vt 0.711993 0.302754
vt 0.713474 0.299856
vt 0.716198 0.299349
vt 0.716550 0.302841
vt 0.234853 0.632852
vt 0.236133 0.633311
vt 0.235978 0.637193
vt 0.234884 0.638125
vt 0.946140 0.740708
vt 0.946554 0.739705
vt 0.951290 0.745284
vt 0.234952 0.642926
vt 0.236032 0.640640
vt 0.995164 0.937904
vt 0.749480 0.219062
vt 0.747399 0.216723
vt 0.642234 0.419296
vt 0.643242 0.422746
vt 0.642234 0.426182
vt 0.747478 0.210998
vt 0.987092 0.739977
vt 0.762118 0.207410
vt 0.760860 0.208276
vt 0.982092 0.487217
vt 0.580672 0.803106
vt 0.622614 0.803177
vt 0.622729 0.812009
vt 0.580573 0.812158
vt 0.984547 0.055097
vt 0.983040 0.059015
vt 0.983958 0.055594
vt 0.988309 0.059512
vt 0.988508 0.056524
vt 0.989970 0.053579
vt 0.957154 0.936960
vt 0.747617 0.204512
vt 0.540099 0.487470
vt 0.750198 0.216915
vt 0.912391 0.358445
vt 0.906145 0.354428
vt 0.211207 0.633345
vt 0.212955 0.637210
vt 0.211478 0.640576
vt 0.210631 0.635057
vt 0.988881 0.736218
vt 0.885942 0.565022
vt 0.889955 0.564904
vt 0.889999 0.568459
vt 0.885820 0.568238
vt 0.762671 0.205121
vt 0.982869 0.483412
vt 0.361702 0.874482
vt 0.364293 0.879233
vt 0.363028 0.873419
vt 0.364375 0.874713
vt 0.941919 0.729743
vt 0.942434 0.733439
vt 0.941208 0.730910
vt 0.912788 0.689810
vt 0.915212 0.694308
vt 0.916406 0.700454
vt 0.913906 0.695785
vt 0.750109 0.203299
vt 0.942196 0.048609
vt 0.942810 0.055323
vt 0.941271 0.050392
vt 0.228394 0.923214
vt 0.233309 0.922473
vt 0.228080 0.932024
vt 0.237766 0.620838
vt 0.234884 0.628113
vt 0.164628 0.454171
vt 0.161974 0.447982
vt 0.941297 0.481727
vt 0.585247 0.422860
vt 0.585212 0.429277
vt 0.918757 0.865708
vt 0.902953 0.865603
vt 0.424816 0.185450
vt 0.424189 0.184452
vt 0.429588 0.186736
vt 0.429203 0.187125
vt 0.594287 0.431225
vt 0.585523 0.431550
vt 0.585275 0.428257
vt 0.594112 0.427802
vt 0.811896 0.176371
vt 0.810358 0.169626
vt 0.812904 0.175050
vt 0.814807 0.180821
vt 0.816286 0.184828
vt 0.814271 0.184204
vt 0.750970 0.155948
vt 0.989136 0.679471
vt 0.982869 0.435200
vt 0.362669 0.826279
vt 0.939959 0.680322
vt 0.941026 0.679769
vt 0.984858 0.680102
vt 0.984744 0.727430
vt 0.984237 0.680022
vt 0.306948 0.859411
vt 0.553735 0.613551
vt 0.579734 0.613672
vt 0.131420 0.599290
vt 0.126173 0.608858
vt 0.126611 0.606403
vt 0.130746 0.598933
vt 0.398237 0.863568
vt 0.396076 0.863786
vt 0.396347 0.860817
vt 0.397578 0.860624
vt 0.024173 0.257369
vt 0.023294 0.255974
vt 0.490586 0.875565
vt 0.496668 0.876675
vt 0.495648 0.877636
vt 0.762674 0.154109
vt 0.759725 0.154261
vt 0.583135 0.612778
vt 0.592973 0.612639
vt 0.941447 0.000000
vt 0.941344 0.001623
vt 0.938586 0.000228
vt 0.938648 0.001545
vt 0.363842 0.824140
vt 0.361413 0.825161
vt 0.025059 0.304547
vt 0.024504 0.307511
vt 0.022712 0.309805
vt 0.365167 0.825470
vt 0.986101 0.001402
vt 0.985822 0.000000
vt 0.988788 0.000090
vt 0.988699 0.001503
vt 0.990214 0.001535
vt 0.835266 0.205963
vt 0.835681 0.209858
vt 0.826123 0.180592
vt 0.991062 0.000077
vt 0.815238 0.577798
vt 0.815113 0.573983
vt 0.824167 0.573981
vt 0.824170 0.577821
vt 0.898290 0.002755
vt 0.898276 0.151997
vt 0.893489 0.147031
vt 0.890438 0.143772
vt 0.726475 0.247666
vt 0.726850 0.295795
vt 0.726742 0.307963
vt 0.726453 0.338465
vt 0.726019 0.298357
vt 0.115431 0.891067
vt 0.024586 0.344410
vt 0.235059 0.576958
vt 0.237775 0.576263
vt 0.237404 0.577774
vt 0.235407 0.575913
vt 0.940635 0.678724
vt 0.937819 0.679857
vt 0.937440 0.678652
vt 0.998118 0.881132
vt 0.747399 0.154109
vt 0.750293 0.154553
vt 0.748033 0.155655
vt 0.732086 0.424554
vt 0.731196 0.427412
vt 0.750514 0.155919
vt 0.733474 0.424528
vt 0.984431 0.678655
vt 0.928498 0.623973
vt 0.936716 0.624338
vt 0.736139 0.422928
vt 0.227765 0.576864
vt 0.226822 0.577315
vt 0.226339 0.576168
vt 0.229038 0.575913
vt 0.737017 0.423855
vt 0.811796 0.428327
vt 0.803566 0.428169
vt 0.751879 0.384576
vt 0.767415 0.394195
vt 0.221352 0.575705
vt 0.222047 0.574153
vt 0.224593 0.575913
vt 0.000221 0.640735
vt 0.000065 0.642127
vt 0.417386 0.215581
vt 0.416431 0.217436
vt 0.416431 0.214188
vt 0.247364 0.397470
vt 0.246214 0.395644
vt 0.247844 0.396320
vt 0.418515 0.218378
vt 0.418908 0.215664
vt 0.225832 0.574151
vt 0.417174 0.219107
vt 0.416431 0.219180
vt 0.415064 0.214894
vt 0.246298 0.223575
vt 0.250327 0.219850
vt 0.246540 0.225029
vt 0.627940 0.431808
vt 0.629025 0.427510
vt 0.629025 0.432991
vt 0.052462 0.820988
vt 0.051142 0.827864
vt 0.229139 0.572748
vt 0.227505 0.573314
vt 0.231588 0.573164
vt 0.245759 0.396458
vt 0.719249 0.391590
vt 0.717876 0.391253
vt 0.243671 0.224930
vt 0.242938 0.223754
vt 0.244902 0.223406
vt 0.708745 0.390327
vt 0.715415 0.390567
vt 0.712891 0.392274
vt 0.000644 0.621877
vt 0.236253 0.573211
vt 0.483386 0.217463
vt 0.482678 0.219548
vt 0.482096 0.217463
vt 0.238989 0.573208
vt 0.234661 0.397849
vt 0.234655 0.396200
vt 0.235975 0.395746
vt 0.237747 0.395197
vt 0.235943 0.391032
vt 0.239037 0.390658
vt 0.237207 0.391843
vt 0.238722 0.393420
vt 0.703408 0.431736
vt 0.701934 0.432083
vt 0.237891 0.387548
vt 0.236055 0.383017
vt 0.239015 0.582187
vt 0.239163 0.587077
vt 0.237801 0.586552
vt 0.237848 0.581869
vt 0.239367 0.385287
vt 0.731262 0.479582
vt 0.729708 0.479644
vt 0.729901 0.476872
vt 0.731358 0.473563
vt 0.237266 0.379300
vt 0.236108 0.375191
vt 0.238768 0.375452
vt 0.234547 0.363718
vt 0.236014 0.362876
vt 0.236038 0.370636
vt 0.237370 0.374132
vt 0.239225 0.372133
vt 0.237305 0.367706
vt 0.238143 0.364512
vt 0.236877 0.361762
vt 0.240274 0.362263
vt 0.379289 0.870773
vt 0.379340 0.869476
vt 0.388596 0.869398
vt 0.388533 0.870911
vt 0.712699 0.230698
vt 0.716405 0.228971
vt 0.715319 0.235084
vt 0.712555 0.234164
vt 0.909248 0.110610
vt 0.917211 0.110778
vt 0.917587 0.113163
vt 0.909250 0.113486
vt 0.236004 0.345031
vt 0.237458 0.347858
vt 0.236015 0.349677
vt 0.238002 0.351667
vt 0.239570 0.345697
vt 0.240945 0.348458
vt 0.236095 0.337655
vt 0.239003 0.336958
vt 0.857853 0.427296
vt 0.848370 0.423738
vt 0.839906 0.417672
vt 0.847757 0.419456
vt 0.857609 0.422112
vt 0.234853 0.315181
vt 0.236166 0.333206
vt 0.237417 0.334844
vt 0.239596 0.334886
vt 0.235942 0.325537
vt 0.129244 0.519372
vt 0.128650 0.518018
vt 0.131190 0.511141
vt 0.130581 0.515586
vt 0.209860 0.285279
vt 0.209963 0.280666
vt 0.209963 0.288772
vt 0.237490 0.330716
vt 0.238817 0.326132
vt 0.238671 0.328841
vt 0.239728 0.322665
vt 0.237947 0.321285
vt 0.769160 0.879142
vt 0.760918 0.878164
vt 0.235851 0.312733
vt 0.236934 0.315750
vt 0.239727 0.312107
vt 0.237664 0.310364
vt 0.235984 0.307391
vt 0.236060 0.295676
vt 0.236000 0.302877
vt 0.234518 0.293270
vt 0.236241 0.288225
vt 0.236046 0.292965
vt 0.238882 0.308192
vt 0.237978 0.305445
vt 0.240139 0.300524
vt 0.238117 0.299458
vt 0.857367 0.415638
vt 0.238883 0.292060
vt 0.238987 0.296029
vt 0.175780 0.826855
vt 0.174235 0.827807
vt 0.238504 0.279762
vt 0.237470 0.272847
vt 0.237292 0.269148
vt 0.803328 0.385311
vt 0.811402 0.384576
vt 0.238924 0.270802
vt 0.238921 0.266251
vt 0.236072 0.259905
vt 0.237661 0.259475
vt 0.237845 0.256003
vt 0.592414 0.204358
vt 0.593569 0.203110
vt 0.593598 0.218184
vt 0.592424 0.217909
vt 0.237235 0.252268
vt 0.238872 0.254057
vt 0.234380 0.223470
vt 0.236069 0.245928
vt 0.236100 0.249403
vt 0.237490 0.246769
vt 0.942177 0.503415
vt 0.941947 0.552661
vt 0.941077 0.552340
vt 0.941077 0.503357
vt 0.235922 0.237134
vt 0.237924 0.237683
vt 0.240938 0.237311
vt 0.238362 0.232966
vt 0.239877 0.231903
vt 0.370044 0.890185
vt 0.378280 0.889412
vt 0.378485 0.892191
vt 0.370120 0.894259
vt 0.894248 0.894748
vt 0.900571 0.894949
vt 0.900526 0.901233
vt 0.894162 0.899528
vt 0.487529 0.217405
vt 0.488982 0.217405
vt 0.487840 0.219620
vt 0.708962 0.391483
vt 0.236022 0.223775
vt 0.233574 0.221267
vt 0.465377 0.214939
vt 0.465071 0.217800
vt 0.463434 0.217874
vt 0.463434 0.214188
vt 0.244543 0.575398
vt 0.242535 0.575891
vt 0.242509 0.574456
vt 0.894167 0.902085
vt 0.900743 0.914723
vt 0.894075 0.914680
vt 0.475108 0.214188
vt 0.473000 0.216810
vt 0.472967 0.215126
vt 0.475108 0.216759
vt 0.473852 0.217771
vt 0.702728 0.393625
vt 0.705478 0.393161
vt 0.704249 0.394456
vt 0.402325 0.823346
vt 0.399757 0.819835
vt 0.246532 0.574119
vt 0.246567 0.575802
vt 0.162937 0.605250
vt 0.160188 0.605177
vt 0.160533 0.601447
vt 0.010489 0.906513
vt 0.004412 0.907652
vt 0.006656 0.899477
vt 0.399545 0.649269
vt 0.701293 0.393168
vt 0.702522 0.394476
vt 0.701214 0.394530
vt 0.733809 0.606512
vt 0.734882 0.604971
vt 0.735546 0.606880
vt 0.887807 0.194398
vt 0.861325 0.159309
vt 0.861328 0.166939
vt 0.851162 0.165995
vt 0.851450 0.159261
vt 0.238894 0.416348
vt 0.238601 0.425834
vt 0.238794 0.436328
vt 0.237216 0.434803
vt 0.236684 0.430485
vt 0.235204 0.427393
vt 0.237331 0.422124
vt 0.236203 0.416495
vt 0.728633 0.487675
vt 0.724185 0.493214
vt 0.162316 0.868162
vt 0.158931 0.878301
vt 0.158156 0.877291
vt 0.161196 0.867558
vt 0.162773 0.864243
vt 0.768948 0.601422
vt 0.735546 0.433006
vt 0.734171 0.433187
vt 0.770267 0.602528
vt 0.714854 0.585978
vt 0.722278 0.583447
vt 0.722765 0.581976
vt 0.702042 0.605024
vt 0.702011 0.586141
vt 0.760236 0.878674
vt 0.760084 0.874604
vt 0.807983 0.569507
vt 0.806793 0.569066
vt 0.726897 0.576130
vt 0.728846 0.573907
vt 0.807610 0.571770
vt 0.729082 0.571176
vt 0.806816 0.573632
vt 0.730263 0.569254
vt 0.763766 0.216258
vt 0.762674 0.215675
vt 0.764079 0.165556
vt 0.765016 0.173762
vt 0.729920 0.568176
vt 0.806732 0.580617
vt 0.707320 0.646722
vt 0.707572 0.647492
vt 0.806762 0.587781
vt 0.730232 0.555087
vt 0.729267 0.553482
vt 0.729786 0.556033
vt 0.806739 0.594640
vt 0.724626 0.544130
vt 0.054955 0.445909
vt 0.046433 0.442521
vt 0.053609 0.444351
vt 0.727373 0.488472
vt 0.728485 0.485057
vt 0.730023 0.483191
vt 0.724297 0.491726
vt 0.253682 0.412138
vt 0.253519 0.408792
vt 0.729085 0.482682
vt 0.253617 0.416505
vt 0.446899 0.715395
vt 0.453198 0.733646
vt 0.436490 0.737101
vt 0.422265 0.781625
vt 0.425085 0.786242
vt 0.550428 0.649751
vt 0.730041 0.480598
vt 0.600053 0.419296
vt 0.606654 0.419390
vt 0.253535 0.423457
vt 0.645115 0.419296
vt 0.645115 0.425203
vt 0.644142 0.423018
vt 0.253618 0.430214
vt 0.728808 0.465895
vt 0.728341 0.463707
vt 0.729532 0.463084
vt 0.730281 0.466856
vt 0.728384 0.462143
vt 0.725506 0.458484
vt 0.724924 0.455189
vt 0.701759 0.433278
vt 0.463434 0.217916
vt 0.462274 0.215177
vt 0.463434 0.214188
vt 0.721519 0.581839
vt 0.725263 0.578242
vt 0.806817 0.564904
vt 0.606710 0.195531
vt 0.806707 0.599035
vt 0.494248 0.215821
vt 0.495068 0.214188
vt 0.495068 0.216950
vt 0.724776 0.546254
vt 0.210130 0.286464
vt 0.210130 0.293925
vt 0.210040 0.288903
vt 0.786622 0.572786
vt 0.790784 0.572815
vt 0.794867 0.574753
vt 0.786580 0.580392
vt 0.781313 0.574977
vt 0.183276 0.871846
vt 0.253633 0.405713
vt 0.254712 0.406022
vt 0.726514 0.488186
vt 0.908482 0.732881
vt 0.720895 0.453737
vt 0.701620 0.434650
vt 0.718895 0.584396
vt 0.567086 0.212323
vt 0.606830 0.200553
vt 0.214334 0.574894
vt 0.214334 0.580514
vt 0.213486 0.578252
vt 0.262103 0.860865
vt 0.266871 0.867609
vt 0.259556 0.869459
vt 0.720589 0.493973
vt 0.716465 0.450878
vt 0.892478 0.890766
vt 0.284456 0.855233
vt 0.283549 0.849172
vt 0.714669 0.584781
vt 0.716373 0.584377
vt 0.719601 0.583094
vt 0.451211 0.214188
vt 0.452183 0.215693
vt 0.451211 0.218297
vt 0.701900 0.539684
vt 0.717412 0.539830
vt 0.716610 0.452551
vt 0.568299 0.208146
vt 0.567047 0.208218
vt 0.568142 0.195531
vt 0.702071 0.584705
vt 0.606755 0.202992
vt 0.183270 0.880340
vt 0.183197 0.894583
vt 0.182170 0.880450
vt 0.850481 0.565920
vt 0.859243 0.566003
vt 0.606682 0.218514
vt 0.219841 0.533895
vt 0.219841 0.519841
vt 0.221261 0.520089
vt 0.908311 0.752234
vt 0.727868 0.640478
vt 0.727419 0.638107
vt 0.729181 0.639274
vt 0.727840 0.659356
vt 0.246762 0.400571
vt 0.247594 0.402593
vt 0.246762 0.422677
vt 0.553331 0.463175
vt 0.554910 0.460949
vt 0.728406 0.661375
vt 0.732449 0.669033
vt 0.727789 0.705802
vt 0.262600 0.359495
vt 0.268499 0.220262
vt 0.268405 0.404424
vt 0.261904 0.403806
vt 0.732239 0.764410
vt 0.728450 0.792874
vt 0.726651 0.792518
vt 0.727750 0.794264
vt 0.726599 0.793461
vt 0.212159 0.415970
vt 0.212978 0.433653
vt 0.212159 0.435024
vt 0.248341 0.519560
vt 0.246803 0.501939
vt 0.247888 0.503021
vt 0.263918 0.438047
vt 0.263131 0.438983
vt 0.263131 0.437647
vt 0.248341 0.501636
vt 0.484310 0.217595
vt 0.485395 0.217463
vt 0.485395 0.219398
vt 0.820641 0.965338
vt 0.821001 0.967012
vt 0.817669 0.966806
vt 0.818023 0.965216
vt 0.121751 0.892035
vt 0.117666 0.900966
vt 0.702784 0.411094
vt 0.709113 0.409447
vt 0.709031 0.410914
vt 0.798948 0.579044
vt 0.802831 0.580833
vt 0.806707 0.583861
vt 0.802836 0.586454
vt 0.097222 0.910818
vt 0.131005 0.577459
vt 0.132871 0.581964
vt 0.131834 0.585734
vt 0.131530 0.582287
vt 0.467326 0.800270
vt 0.471144 0.800377
vt 0.471131 0.802101
vt 0.467486 0.802184
vt 0.869551 0.547347
vt 0.868985 0.548348
vt 0.871991 0.548946
vt 0.121751 0.820837
vt 0.148441 0.820808
vt 0.878013 0.550191
vt 0.874971 0.549580
vt 0.877573 0.549342
vt 0.872200 0.550136
vt 0.883744 0.545910
vt 0.879861 0.548130
vt 0.551914 0.284238
vt 0.551671 0.285849
vt 0.469302 0.285648
vt 0.402596 0.284765
vt 0.774939 0.910070
vt 0.773220 0.915115
vt 0.773189 0.965136
vt 0.770631 0.965454
vt 0.770385 0.908630
vt 0.771872 0.907657
vt 0.772202 0.905169
vt 0.775773 0.900109
vt 0.778884 0.896891
vt 0.784536 0.894018
vt 0.789317 0.892412
vt 0.795368 0.892136
vt 0.792190 0.897203
vt 0.788358 0.897843
vt 0.782144 0.901167
vt 0.777429 0.906003
vt 0.228636 0.915094
vt 0.499206 0.914700
vt 0.500286 0.914631
vt 0.503313 0.916331
vt 0.503488 0.917455
vt 0.506160 0.916881
vt 0.210366 0.543552
vt 0.209812 0.540859
vt 0.210357 0.536588
vt 0.509059 0.916437
vt 0.587522 0.632170
vt 0.584389 0.632006
vt 0.905962 0.587286
vt 0.334133 0.856745
vt 0.334212 0.847601
vt 0.496598 0.910460
vt 0.498067 0.910555
vt 0.514022 0.911113
vt 0.209812 0.489399
vt 0.209818 0.477663
vt 0.210496 0.481531
vt 0.674196 0.235839
vt 0.674123 0.222022
vt 0.158402 0.630861
vt 0.148627 0.630921
vt 0.149073 0.628840
vt 0.157819 0.629053
vt 0.557941 0.199257
vt 0.557735 0.195531
vt 0.566770 0.195632
vt 0.566776 0.199264
vt 0.837506 0.539650
vt 0.837055 0.536918
vt 0.836884 0.510375
vt 0.361433 0.915127
vt 0.361576 0.894390
vt 0.362748 0.915204
vt 0.514237 0.890391
vt 0.549979 0.702793
vt 0.221287 0.479258
vt 0.220136 0.487020
vt 0.220136 0.467942
vt 0.720030 0.399341
vt 0.710916 0.399120
vt 0.498119 0.890243
vt 0.210130 0.309463
vt 0.210132 0.286464
vt 0.210549 0.308251
vt 0.531822 0.900542
vt 0.531166 0.901835
vt 0.531803 0.862015
vt 0.254193 0.470469
vt 0.254211 0.482946
vt 0.253519 0.471741
vt 0.497279 0.888688
vt 0.461020 0.218791
vt 0.459946 0.219590
vt 0.459946 0.217974
vt 0.868349 0.521685
vt 0.664196 0.196872
vt 0.664258 0.212935
vt 0.482096 0.218179
vt 0.480996 0.219548
vt 0.480996 0.217451
vt 0.937273 0.001766
vt 0.937188 0.051438
vt 0.499483 0.889371
vt 0.268263 0.422899
vt 0.267808 0.421737
vt 0.268257 0.405807
vt 0.513201 0.889370
vt 0.260876 0.438623
vt 0.261826 0.437647
vt 0.261826 0.439097
vt 0.446197 0.219619
vt 0.445059 0.218714
vt 0.446197 0.218431
vt 0.175703 0.851901
vt 0.175690 0.846450
vt 0.860096 0.508205
vt 0.865621 0.509462
vt 0.862243 0.510109
vt 0.643943 0.426192
vt 0.644070 0.431540
vt 0.643001 0.432266
vt 0.643001 0.427672
vt 0.462770 0.931049
vt 0.463043 0.874630
vt 0.459850 0.868617
vt 0.453938 0.860932
vt 0.449445 0.858726
vt 0.442008 0.854429
vt 0.426164 0.855821
vt 0.427815 0.843550
vt 0.444686 0.842517
vt 0.444825 0.823254
vt 0.454392 0.807163
vt 0.456896 0.809682
vt 0.460362 0.813785
vt 0.465956 0.825883
vt 0.466613 0.828551
vt 0.467232 0.930457
vt 0.873142 0.510269
vt 0.872895 0.509532
vt 0.879980 0.508591
vt 0.880887 0.507121
vt 0.771105 0.407398
vt 0.775745 0.409671
vt 0.767415 0.411203
vt 0.226744 0.823351
vt 0.224943 0.828385
vt 0.224758 0.822371
vt 0.226492 0.830896
vt 0.793547 0.187938
vt 0.791083 0.188789
vt 0.791469 0.183367
vt 0.793401 0.179905
vt 0.224757 0.833944
vt 0.225991 0.834355
vt 0.502245 0.876926
vt 0.506908 0.877201
vt 0.226937 0.838998
vt 0.224775 0.839863
vt 0.508102 0.875595
vt 0.175681 0.856572
vt 0.173711 0.856735
vt 0.851704 0.504783
vt 0.855314 0.506211
vt 0.851080 0.503188
vt 0.175734 0.831081
vt 0.174233 0.830700
vt 0.159756 0.637079
vt 0.159055 0.637740
vt 0.159071 0.616227
vt 0.159754 0.616533
vt 0.884999 0.504865
vt 0.889568 0.502614
vt 0.953207 0.193345
vt 0.953510 0.192121
vt 0.993173 0.192467
vt 0.993096 0.193512
vt 0.224587 0.817662
vt 0.224635 0.813811
vt 0.226699 0.818075
vt 0.224944 0.845950
vt 0.515535 0.872873
vt 0.514052 0.872825
vt 0.845313 0.497146
vt 0.157820 0.544750
vt 0.157926 0.537299
vt 0.769160 0.913148
vt 0.769160 0.965375
vt 0.890568 0.499835
vt 0.180068 0.681570
vt 0.181427 0.684600
vt 0.179928 0.687217
vt 0.224806 0.852355
vt 0.520212 0.868068
vt 0.267355 0.437794
vt 0.267355 0.427438
vt 0.267662 0.432511
vt 0.213208 0.627723
vt 0.211036 0.630148
vt 0.211199 0.626705
vt 0.232581 0.575913
vt 0.896459 0.491184
vt 0.232191 0.584957
vt 0.182331 0.680124
vt 0.289117 0.875002
vt 0.281615 0.879035
vt 0.278054 0.873621
vt 0.283470 0.871031
vt 0.841246 0.490044
vt 0.842959 0.491726
vt 0.122440 0.526244
vt 0.125199 0.523362
vt 0.125928 0.523858
vt 0.232625 0.588323
vt 0.220857 0.632496
vt 0.219509 0.636819
vt 0.219509 0.629344
vt 0.182006 0.676808
vt 0.180022 0.675620
vt 0.762087 0.489028
vt 0.764327 0.483653
vt 0.764995 0.485270
vt 0.762166 0.490904
vt 0.760191 0.491724
vt 0.213000 0.633215
vt 0.841855 0.487770
vt 0.234196 0.589555
vt 0.226639 0.631185
vt 0.228611 0.631469
vt 0.227313 0.633634
vt 0.526385 0.856087
vt 0.527622 0.855386
vt 0.525180 0.863110
vt 0.713917 0.620956
vt 0.713667 0.607220
vt 0.610325 0.630216
vt 0.841502 0.434589
vt 0.527003 0.801604
vt 0.927593 0.785114
vt 0.929202 0.783025
vt 0.232896 0.641211
vt 0.016403 0.911891
vt 0.021059 0.915823
vt 0.900734 0.182979
vt 0.899273 0.178896
vt 0.233723 0.455808
vt 0.236227 0.458673
vt 0.233851 0.461266
vt 0.004465 0.814122
vt 0.167702 0.814117
vt 0.234852 0.643098
vt 0.233222 0.642741
vt 0.234708 0.641597
vt 0.021085 0.309996
vt 0.896484 0.434907
vt 0.896533 0.433358
vt 0.901267 0.434683
vt 0.902140 0.433006
vt 0.260876 0.373768
vt 0.260896 0.337904
vt 0.260900 0.403138
vt 0.472264 0.801442
vt 0.229302 0.576956
vt 0.739690 0.419496
vt 0.527253 0.800563
vt 0.531807 0.801709
vt 0.532358 0.800270
vt 0.253519 0.399670
vt 0.250286 0.399720
vt 0.252239 0.398928
vt 0.252967 0.351317
vt 0.253519 0.221219
vt 0.252267 0.221434
vt 0.252907 0.219812
vt 0.250075 0.398231
vt 0.250138 0.221393
vt 0.230251 0.400571
vt 0.557636 0.749653
vt 0.557477 0.704744
vt 0.558899 0.705726
vt 0.558848 0.748006
vt 0.254441 0.615014
vt 0.254831 0.441370
vt 0.256074 0.441243
vt 0.255885 0.548789
vt 0.255654 0.615444
vt 0.244615 0.326197
vt 0.246156 0.335965
vt 0.231346 0.219993
vt 0.228338 0.399087
vt 0.229675 0.303091
vt 0.228340 0.330254
vt 0.229621 0.219990
vt 0.228363 0.221294
vt 0.733052 0.634209
vt 0.260876 0.404076
vt 0.259798 0.405713
vt 0.260560 0.371870
vt 0.095394 0.899785
vt 0.097926 0.891541
vt 0.090908 0.907369
vt 0.981279 0.503216
vt 0.981045 0.554867
vt 0.975769 0.563763
vt 0.954579 0.568262
vt 0.947399 0.563434
vt 0.284859 0.603518
vt 0.289957 0.605561
vt 0.294585 0.606393
vt 0.292335 0.607179
vt 0.733360 0.818226
vt 0.221282 0.399751
vt 0.253519 0.405505
vt 0.253522 0.221259
vt 0.811603 0.413615
vt 0.965590 0.128280
vt 0.977878 0.127152
vt 0.986419 0.131251
vt 0.990979 0.137080
vt 0.993102 0.145864
vt 0.953623 0.142308
vt 0.956481 0.136138
vt 0.233163 0.478960
vt 0.237043 0.477746
vt 0.238904 0.480108
vt 0.236121 0.480320
vt 0.426982 0.343732
vt 0.425771 0.342535
vt 0.426498 0.342281
vt 0.427312 0.343153
vt 0.848855 0.160048
vt 0.849658 0.159990
vt 0.850595 0.207065
vt 0.849770 0.207237
vt 0.850162 0.564904
vt 0.859319 0.565178
vt 0.166303 0.605369
vt 0.166279 0.611441
vt 0.163894 0.611253
vt 0.164641 0.608125
vt 0.915599 0.752091
vt 0.915599 0.735688
vt 0.861323 0.187104
vt 0.851424 0.189188
vt 0.851528 0.185440
vt 0.450044 0.714991
vt 0.445548 0.713796
vt 0.917719 0.343845
vt 0.917738 0.337516
vt 0.927599 0.341876
vt 0.927585 0.335477
vt 0.645036 0.197141
vt 0.137419 0.933447
vt 0.121824 0.933477
vt 0.121910 0.929689
vt 0.137481 0.930260
vt 0.792460 0.425572
vt 0.785398 0.423260
vt 0.052183 0.538166
vt 0.053746 0.536491
vt 0.048547 0.538418
vt 0.049879 0.536595
vt 0.148562 0.926806
vt 0.214981 0.847737
vt 0.224501 0.846343
vt 0.224520 0.848664
vt 0.214806 0.846484
vt 0.214712 0.849705
vt 0.736185 0.433875
vt 0.737213 0.452699
vt 0.736093 0.453488
vt 0.927764 0.319724
vt 0.917951 0.319861
vt 0.806360 0.209570
vt 0.806569 0.161636
vt 0.814384 0.209568
vt 0.195838 0.798810
vt 0.203928 0.819839
vt 0.157870 0.918792
vt 0.148571 0.918501
vt 0.148993 0.822546
vt 0.168409 0.821471
vt 0.167574 0.849287
vt 0.224464 0.821482
vt 0.211818 0.789440
vt 0.208981 0.781244
vt 0.792764 0.430566
vt 0.775391 0.421360
vt 0.389026 0.898464
vt 0.388979 0.901160
vt 0.379949 0.901149
vt 0.379813 0.897992
vt 0.148627 0.639893
vt 0.146995 0.464165
vt 0.147983 0.447607
vt 0.558388 0.194858
vt 0.906427 0.617556
vt 0.906534 0.620661
vt 0.898434 0.621049
vt 0.898460 0.616934
vt 0.793915 0.396232
vt 0.793528 0.401190
vt 0.793129 0.396200
vt 0.414660 0.808419
vt 0.422491 0.803505
vt 0.431558 0.800605
vt 0.438985 0.800880
vt 0.443023 0.801681
vt 0.432253 0.815455
vt 0.418639 0.860001
vt 0.412081 0.865889
vt 0.408444 0.873970
vt 0.407651 0.878026
vt 0.407307 0.930160
vt 0.403045 0.930862
vt 0.403235 0.871773
vt 0.403386 0.831093
vt 0.405228 0.822769
vt 0.407643 0.817184
vt 0.410436 0.813041
vt 0.248559 0.633544
vt 0.250129 0.630648
vt 0.250903 0.633470
vt 0.250188 0.637121
vt 0.792764 0.401489
vt 0.733961 0.770074
vt 0.749593 0.769751
vt 0.749216 0.777018
vt 0.132840 0.593529
vt 0.792783 0.417635
vt 0.881667 0.208593
vt 0.881645 0.195005
vt 0.132758 0.510219
vt 0.131483 0.509255
vt 0.132900 0.507060
vt 0.132032 0.506273
vt 0.850661 0.169984
vt 0.850663 0.175784
vt 0.129439 0.491759
vt 0.132410 0.497307
vt 0.131470 0.497791
vt 0.132834 0.501256
vt 0.850595 0.179751
vt 0.850690 0.185619
vt 0.568341 0.218990
vt 0.573222 0.219046
vt 0.793200 0.388962
vt 0.793896 0.387942
vt 0.130603 0.578854
vt 0.128540 0.574714
vt 0.128099 0.572119
vt 0.130490 0.573950
vt 0.625415 0.204109
vt 0.625448 0.201520
vt 0.625459 0.198492
vt 0.634177 0.198855
vt 0.634259 0.203943
vt 0.130171 0.491551
vt 0.127412 0.488116
vt 0.127813 0.487087
vt 0.121716 0.481149
vt 0.210473 0.521943
vt 0.209812 0.517560
vt 0.210473 0.514088
vt 0.793123 0.384576
vt 0.790777 0.155677
vt 0.791762 0.160186
vt 0.790999 0.166465
vt 0.963824 0.369476
vt 0.960232 0.363144
vt 0.962640 0.363078
vt 0.965750 0.368679
vt 0.120207 0.529574
vt 0.124306 0.482575
vt 0.120261 0.478573
vt 0.214239 0.562820
vt 0.213486 0.559508
vt 0.214239 0.556529
vt 0.321665 0.828812
vt 0.323938 0.833595
vt 0.315186 0.827950
vt 0.119106 0.562547
vt 0.403200 0.950289
vt 0.404397 0.949396
vt 0.404169 0.999131
vt 0.402818 0.998468
vt 0.118111 0.529859
vt 0.119721 0.530872
vt 0.117698 0.476991
vt 0.115587 0.476620
vt 0.109692 0.620604
vt 0.113233 0.618215
vt 0.120102 0.614562
vt 0.116584 0.615955
vt 0.193656 0.855655
vt 0.194747 0.855697
vt 0.194449 0.857248
vt 0.158952 0.937320
vt 0.214195 0.856182
vt 0.113751 0.532909
vt 0.194412 0.852645
vt 0.110192 0.618391
vt 0.052772 0.471086
vt 0.046308 0.471522
vt 0.050167 0.469429
vt 0.109349 0.534079
vt 0.111173 0.533693
vt 0.108999 0.535365
vt 0.112276 0.534763
vt 0.108794 0.473528
vt 0.105754 0.472908
vt 0.243915 0.338448
vt 0.246171 0.344847
vt 0.204008 0.849162
vt 0.204006 0.855866
vt 0.194643 0.849226
vt 0.193715 0.849676
vt 0.194179 0.847776
vt 0.105387 0.619780
vt 0.107325 0.620209
vt 0.971748 0.785532
vt 0.962976 0.783868
vt 0.105354 0.554784
vt 0.105794 0.556509
vt 0.104198 0.556623
vt 0.213922 0.846969
vt 0.554828 0.409225
vt 0.203962 0.846410
vt 0.194528 0.845208
vt 0.098427 0.555116
vt 0.100366 0.556631
vt 0.104119 0.535538
vt 0.104687 0.536616
vt 0.105359 0.535450
vt 0.928079 0.323797
vt 0.927883 0.325410
vt 0.100135 0.471653
vt 0.101738 0.472282
vt 0.104207 0.471972
vt 0.159130 0.919147
vt 0.609024 0.632187
vt 0.701028 0.630735
vt 0.701326 0.632376
vt 0.630387 0.632322
vt 0.057460 0.638543
vt 0.057602 0.640458
vt 0.928554 0.320244
vt 0.927848 0.275185
vt 0.928273 0.276101
vt 0.512024 0.243666
vt 0.462591 0.283884
vt 0.456994 0.258380
vt 0.447840 0.246548
vt 0.460226 0.247468
vt 0.441920 0.245081
vt 0.421398 0.247361
vt 0.403300 0.259305
vt 0.403484 0.220177
vt 0.552969 0.220488
vt 0.646797 0.408600
vt 0.912975 0.445969
vt 0.913179 0.442707
vt 0.921190 0.442559
vt 0.921360 0.445952
vt 0.054648 0.640215
vt 0.750083 0.498153
vt 0.753710 0.498069
vt 0.750488 0.499623
vt 0.736951 0.497879
vt 0.053384 0.621144
vt 0.606539 0.632245
vt 0.315297 0.936999
vt 0.318907 0.941068
vt 0.844296 0.205606
vt 0.845952 0.208556
vt 0.842657 0.198553
vt 0.214447 0.797780
vt 0.212995 0.793203
vt 0.213220 0.795958
vt 0.832204 0.403655
vt 0.209955 0.228814
vt 0.210047 0.219812
vt 0.210047 0.237609
vt 0.851545 0.167858
vt 0.245928 0.391066
vt 0.246314 0.383411
vt 0.594981 0.421929
vt 0.594981 0.428678
vt 0.594423 0.425324
vt 0.599414 0.632360
vt 0.588386 0.632544
vt 0.036561 0.438009
vt 0.035308 0.439135
vt 0.034382 0.437908
vt 0.581563 0.632501
vt 0.936780 0.679249
vt 0.160248 0.460576
vt 0.159401 0.464341
vt 0.157735 0.468485
vt 0.157789 0.455826
vt 0.205338 0.770198
vt 0.224587 0.742326
vt 0.224187 0.744226
vt 0.148462 0.820844
vt 0.000676 0.315728
vt 0.001238 0.315058
vt 0.767230 0.395718
vt 0.759075 0.409086
vt 0.808030 0.894728
vt 0.818480 0.905106
vt 0.820483 0.911046
vt 0.817660 0.917004
vt 0.816412 0.911704
vt 0.812913 0.905701
vt 0.808917 0.901701
vt 0.804161 0.898842
vt 0.801081 0.897231
vt 0.906558 0.621788
vt 0.906248 0.624910
vt 0.898519 0.624538
vt 0.148354 0.445486
vt 0.148627 0.456255
vt 0.134276 0.589688
vt 0.127457 0.535467
vt 0.625076 0.427564
vt 0.624662 0.419358
vt 0.626857 0.419296
vt 0.626857 0.427603
vt 0.148691 0.615069
vt 0.148627 0.500135
vt 0.260876 0.425210
vt 0.260907 0.415814
vt 0.932729 0.445218
vt 0.940584 0.445002
vt 0.940944 0.446690
vt 0.932600 0.446439
vt 0.267029 0.438645
vt 0.267029 0.427438
vt 0.267355 0.433604
vt 0.210047 0.237609
vt 0.210047 0.248247
vt 0.209946 0.241780
vt 0.116281 0.560412
vt 0.918751 0.880918
vt 0.902798 0.881132
vt 0.006973 0.839908
vt 0.218879 0.730416
vt 0.214439 0.729831
vt 0.214381 0.663125
vt 0.944956 0.561746
vt 0.942343 0.556905
vt 0.127581 0.481429
vt 0.113097 0.474020
vt 0.892845 0.901394
vt 0.892819 0.914900
vt 0.087939 0.445984
vt 0.297738 0.524839
vt 0.298654 0.523073
vt 0.302535 0.523110
vt 0.077478 0.445486
vt 0.651492 0.410459
vt 0.650566 0.408728
vt 0.699431 0.408759
vt 0.056535 0.471350
vt 0.056127 0.445460
vt 0.068865 0.446892
vt 0.929911 0.272240
vt 0.298743 0.541449
vt 0.345261 0.541366
vt 0.346921 0.543512
vt 0.300124 0.543528
vt 0.051045 0.639874
vt 0.420836 0.777316
vt 0.960839 0.602527
vt 0.964699 0.602535
vt 0.050999 0.536331
vt 0.270171 0.486228
vt 0.270897 0.487823
vt 0.709055 0.257170
vt 0.711876 0.268737
vt 0.708913 0.267560
vt 0.557512 0.219184
vt 0.566743 0.219274
vt 0.406576 0.943578
vt 0.404341 0.945773
vt 0.405827 0.942286
vt 0.408006 0.940247
vt 0.583663 0.204191
vt 0.328413 0.900645
vt 0.146758 0.851520
vt 0.143513 0.859783
vt 0.148462 0.847490
vt 0.047299 0.536287
vt 0.045990 0.536479
vt 0.931671 0.262964
vt 0.929434 0.271661
vt 0.931650 0.265716
vt 0.042775 0.470957
vt 0.635509 0.196179
vt 0.644556 0.195981
vt 0.667358 0.416796
vt 0.654750 0.412341
vt 0.044434 0.538180
vt 0.040992 0.538319
vt 0.042200 0.536503
vt 0.437259 0.215876
vt 0.436599 0.218743
vt 0.436599 0.214188
vt 0.043079 0.536318
vt 0.410051 0.216365
vt 0.409173 0.215353
vt 0.410183 0.214188
vt 0.933307 0.262065
vt 0.933449 0.260171
vt 0.379565 0.888193
vt 0.388347 0.888028
vt 0.388616 0.891102
vt 0.379459 0.891245
vt 0.164831 0.857889
vt 0.209895 0.256392
vt 0.209895 0.264435
vt 0.209873 0.260214
vt 0.410183 0.219346
vt 0.934448 0.253649
vt 0.573417 0.195615
vt 0.207760 0.777603
vt 0.721870 0.415231
vt 0.720965 0.412036
vt 0.723528 0.411134
vt 0.723396 0.417390
vt 0.031209 0.436923
vt 0.028401 0.436597
vt 0.777701 0.143913
vt 0.777996 0.144999
vt 0.205343 0.742397
vt 0.000282 0.436707
vt 0.026280 0.435389
vt 0.000153 0.435304
vt 0.701214 0.407989
vt 0.589401 0.444496
vt 0.602132 0.444419
vt 0.606827 0.444598
vt 0.610124 0.443942
vt 0.610335 0.446792
vt 0.579716 0.444605
vt 0.583672 0.444424
vt 0.002173 0.249627
vt 0.486018 0.321488
vt 0.483425 0.431095
vt 0.463880 0.322368
vt 0.917719 0.219624
vt 0.937706 0.220136
vt 0.918264 0.221068
vt 0.757853 0.430025
vt 0.756634 0.430113
vt 0.871108 0.188760
vt 0.886829 0.194581
vt 0.871277 0.194496
vt 0.293618 0.878119
vt 0.298856 0.880044
vt 0.001782 0.451645
vt -0.000000 0.452402
vt 0.177266 0.837792
vt 0.176984 0.833419
vt 0.178559 0.834700
vt 0.178507 0.838699
vt 0.336719 0.939543
vt 0.342865 0.928781
vt 0.345613 0.932451
vt 0.375043 0.524720
vt 0.401780 0.524555
vt 0.400190 0.527126
vt 0.375376 0.526425
vt 0.037049 0.538373
vt 0.038395 0.536652
vt 0.039256 0.536305
vt 0.207916 0.780315
vt 0.208175 0.782869
vt 0.040845 0.471649
vt 0.036834 0.471207
vt 0.785545 0.159702
vt 0.783983 0.163166
vt 0.783840 0.158281
vt 0.785726 0.156060
vt 0.169304 0.847135
vt 0.031229 0.536637
vt 0.034621 0.536609
vt 0.035683 0.536346
vt 0.206668 0.776475
vt 0.935258 0.256042
vt 0.937924 0.247128
vt 0.357418 0.638171
vt 0.363648 0.640213
vt 0.359441 0.638756
vt 0.497993 0.274902
vt 0.541605 0.259481
vt 0.209999 0.299247
vt 0.209860 0.302906
vt 0.209860 0.296474
vt 0.219682 0.512926
vt 0.219297 0.512097
vt 0.219541 0.509333
vt 0.219297 0.515745
vt 0.806072 0.158120
vt 0.808518 0.162203
vt 0.001942 0.230104
vt 0.034412 0.640276
vt 0.027926 0.640735
vt 0.029330 0.638629
vt 0.187737 0.782011
vt 0.027352 0.538459
vt 0.028410 0.536378
vt 0.026783 0.536826
vt 0.028031 0.471579
vt 0.027158 0.471303
vt 0.027147 0.469437
vt 0.227454 0.221053
vt 0.228338 0.221074
vt 0.938529 0.246208
vt 0.791999 0.411631
vt 0.000993 0.554977
vt 0.204109 0.768491
vt 0.204218 0.742412
vt 0.938711 0.219721
vt 0.370030 0.866274
vt 0.185198 0.742575
vt 0.169486 0.821223
vt 0.168978 0.820808
vt 0.000164 0.315822
vt -0.000000 0.332408
vt 0.000679 0.333855
vt 0.001032 0.538367
vt 0.000722 0.536928
vt 0.897877 0.153761
vt 0.158081 0.942544
vt 0.148462 0.942199
vt 0.769280 0.966955
vt 0.773045 0.966975
vt 0.898044 0.000324
vt 0.307716 0.843926
vt 0.314075 0.842923
vt 0.313748 0.850613
vt 0.741267 0.635750
vt 0.740202 0.639056
vt 0.739932 0.642261
vt 0.740144 0.650301
vt 0.741021 0.651584
vt 0.741638 0.653933
vt 0.736432 0.603014
vt 0.769160 0.603020
vt 0.769124 0.621828
vt 0.754059 0.622257
vt 0.749865 0.624520
vt 0.746590 0.626978
vt 0.744005 0.630460
vt 0.177175 0.630907
vt 0.179017 0.632905
vt 0.178334 0.686063
vt 0.176252 0.684797
vt 0.770287 0.154096
vt 0.747695 0.154030
vt 0.783918 0.198942
vt 0.782881 0.196882
vt 0.783446 0.191055
vt 0.784925 0.194143
vt 0.252862 0.635556
vt 0.250993 0.636169
vt 0.122024 0.927627
vt 0.137403 0.927272
vt 0.137512 0.928791
vt 0.046771 0.640332
vt 0.462758 0.317418
vt 0.458844 0.311440
vt 0.448555 0.303140
vt 0.439991 0.299798
vt 0.428648 0.299696
vt 0.422820 0.301215
vt 0.413155 0.306773
vt 0.408072 0.313123
vt 0.402381 0.321419
vt 0.813015 0.381882
vt 0.804002 0.382125
vt 0.971403 0.816449
vt 0.790681 0.178571
vt 0.791474 0.174327
vt 0.709250 0.404178
vt 0.702740 0.404249
vt 0.662454 0.548495
vt 0.662345 0.550044
vt 0.660884 0.549900
vt 0.659036 0.548360
vt 0.541390 0.920393
vt 0.541648 0.924842
vt 0.533172 0.924580
vt 0.533109 0.919798
vt 0.862396 0.176502
vt 0.862556 0.171525
vt 0.870385 0.171726
vt 0.870489 0.176966
vt 0.829574 0.506935
vt 0.971547 0.795502
vt 0.839890 0.675065
vt 0.841970 0.668942
vt 0.845098 0.664489
vt 0.843463 0.668627
vt 0.915329 0.946599
vt 0.919738 0.949472
vt 0.924155 0.951183
vt 0.947507 0.941453
vt 0.948661 0.938807
vt 0.950594 0.934614
vt 0.951546 0.944906
vt 0.907081 0.933854
vt 0.908349 0.936786
vt 0.911066 0.942343
vt 0.827284 0.584445
vt 0.379800 0.867883
vt 0.388573 0.867867
vt 0.943973 0.768913
vt 0.946655 0.773913
vt 0.939621 0.782800
vt 0.936645 0.778633
vt 0.936185 0.772003
vt 0.224503 0.844798
vt 0.214476 0.844752
vt 0.219346 0.684301
vt 0.219346 0.729963
vt 0.890857 0.219834
vt 0.726508 0.220363
vt 0.726808 0.219624
vt 0.971439 0.822719
vt 0.402779 0.219624
vt 0.157145 0.598981
vt 0.155913 0.611594
vt 0.155832 0.588353
vt 0.157895 0.585768
vt 0.470676 0.645721
vt 0.861336 0.194272
vt 0.851477 0.196452
vt 0.242978 0.226514
vt 0.240806 0.229427
vt 0.241704 0.231680
vt 0.244949 0.227959
vt 0.242360 0.235310
vt 0.244319 0.233385
vt 0.244637 0.238232
vt 0.243992 0.242350
vt 0.241007 0.249568
vt 0.240346 0.248001
vt 0.243912 0.250417
vt 0.908968 0.125425
vt 0.909414 0.119906
vt 0.917626 0.119918
vt 0.917145 0.124852
vt 0.244634 0.253280
vt 0.907571 0.406527
vt 0.902284 0.399357
vt 0.240813 0.263192
vt 0.243789 0.265421
vt 0.240894 0.269198
vt 0.242574 0.269638
vt 0.599180 0.421205
vt 0.485557 0.432333
vt 0.242976 0.278484
vt 0.241071 0.282539
vt 0.244710 0.279394
vt 0.242144 0.283992
vt 0.242527 0.287577
vt 0.241068 0.289156
vt 0.241191 0.295029
vt 0.244375 0.292145
vt 0.243843 0.289582
vt 0.241156 0.296669
vt 0.209981 0.325994
vt 0.209981 0.322428
vt 0.210095 0.324578
vt 0.242597 0.297279
vt 0.240822 0.303139
vt 0.241124 0.306220
vt 0.244395 0.309863
vt 0.241748 0.320008
vt 0.242169 0.322961
vt 0.240937 0.325424
vt 0.240937 0.331384
vt 0.243082 0.344724
vt 0.241014 0.351518
vt 0.244101 0.353703
vt 0.242162 0.355003
vt 0.237854 0.355386
vt 0.240836 0.357140
vt 0.242010 0.359666
vt 0.243631 0.357471
vt 0.348769 0.847403
vt 0.342458 0.847338
vt 0.343784 0.840784
vt 0.247671 0.257181
vt 0.245866 0.283641
vt 0.246114 0.274920
vt 0.246024 0.269542
vt 0.245950 0.261432
vt 0.246190 0.247821
vt 0.246405 0.237168
vt 0.241382 0.364907
vt 0.241165 0.369992
vt 0.244666 0.367449
vt 0.243027 0.363631
vt 0.242115 0.372234
vt 0.244023 0.370521
vt 0.953783 0.764988
vt 0.960895 0.763475
vt 0.957520 0.771616
vt 0.954518 0.778514
vt 0.209981 0.320330
vt 0.210100 0.318276
vt 0.210100 0.322428
vt 0.242875 0.376255
vt 0.244662 0.373953
vt 0.240991 0.377216
vt 0.240793 0.375862
vt 0.826123 0.210164
vt 0.826076 0.206315
vt 0.092499 0.862145
vt 0.088855 0.857363
vt 0.092988 0.855362
vt 0.244002 0.395401
vt 0.246457 0.230194
vt 0.438243 0.217042
vt 0.437722 0.214188
vt 0.439068 0.218077
vt 0.437722 0.218675
vt 0.245443 0.243790
vt 0.244483 0.246935
vt 0.242802 0.246612
vt 0.244341 0.259791
vt 0.702269 0.413389
vt 0.701338 0.418343
vt 0.244238 0.272985
vt 0.243213 0.275514
vt 0.314505 0.834342
vt 0.858693 0.389525
vt 0.860805 0.390531
vt 0.889162 0.414391
vt 0.862505 0.414649
vt 0.244396 0.285462
vt 0.162453 0.585159
vt 0.162095 0.580626
vt 0.783222 0.893633
vt 0.787574 0.892022
vt 0.871064 0.904307
vt 0.868747 0.900923
vt 0.871475 0.903289
vt 0.873413 0.907651
vt 0.244271 0.347569
vt 0.245910 0.350833
vt 0.947934 0.863221
vt 0.942795 0.858169
vt 0.547523 0.159239
vt 0.546712 0.158557
vt 0.546968 0.157876
vt 0.548255 0.159164
vt 0.164225 0.532973
vt 0.161482 0.533083
vt 0.246189 0.357949
vt 0.244571 0.361110
vt 0.155794 0.461484
vt 0.247036 0.365338
vt 0.245914 0.375539
vt 0.297543 0.896952
vt 0.295719 0.888447
vt 0.304430 0.886387
vt 0.830517 0.906178
vt 0.827376 0.911726
vt 0.826027 0.916757
vt 0.826028 0.965158
vt 0.823459 0.965064
vt 0.823385 0.909860
vt 0.825754 0.903466
vt 0.833122 0.896623
vt 0.835324 0.894780
vt 0.842707 0.892421
vt 0.854491 0.892636
vt 0.840971 0.897716
vt 0.835240 0.901280
vt 0.990056 0.237313
vt 0.987647 0.242270
vt 0.985333 0.237267
vt 0.982339 0.232558
vt 0.947391 0.234776
vt 0.945810 0.237671
vt 0.243301 0.396967
vt 0.028026 0.907691
vt 0.870669 0.163854
vt 0.862344 0.165175
vt 0.035462 0.938558
vt 0.027431 0.938559
vt 0.027464 0.929681
vt 0.887386 0.168245
vt 0.888423 0.171246
vt 0.020075 0.885714
vt 0.010217 0.882896
vt 0.005056 0.878897
vt 0.228402 0.845719
vt 0.323611 0.824140
vt 0.331135 0.831097
vt 0.937182 0.000280
vt 0.161466 0.452890
vt 0.160569 0.449601
vt 0.163494 0.456484
vt 0.160965 0.457924
vt 0.159214 0.452478
vt 0.164902 0.458646
vt 0.161600 0.465443
vt 0.162836 0.463740
vt 0.164771 0.467901
vt 0.161283 0.471458
vt 0.162876 0.476902
vt 0.161469 0.479439
vt 0.159786 0.476829
vt 0.164392 0.481052
vt 0.814042 0.597636
vt 0.814036 0.593565
vt 0.815195 0.594237
vt 0.815131 0.597244
vt 0.158516 0.482531
vt 0.161289 0.484784
vt 0.165056 0.493510
vt 0.162034 0.497175
vt 0.161520 0.492037
vt 0.160488 0.489172
vt 0.157947 0.494059
vt 0.163690 0.498099
vt 0.158885 0.498451
vt 0.162079 0.509993
vt 0.158089 0.506089
vt 0.159450 0.503266
vt 0.163661 0.520682
vt 0.161224 0.518243
vt 0.160247 0.516335
vt 0.163303 0.527895
vt 0.161182 0.529285
vt 0.164461 0.530506
vt 0.164748 0.545418
vt 0.161160 0.541112
vt 0.163893 0.541560
vt 0.161372 0.546826
vt 0.162857 0.548294
vt 0.159656 0.548263
vt 0.163655 0.552933
vt 0.159823 0.551947
vt 0.814074 0.589468
vt 0.815140 0.588580
vt 0.158052 0.448198
vt 0.932626 0.441477
vt 0.940708 0.441365
vt 0.157866 0.487617
vt 0.157936 0.474770
vt 0.161645 0.487684
vt 0.155847 0.498463
vt 0.157586 0.500738
vt 0.714768 0.316575
vt 0.717973 0.311183
vt 0.717409 0.317809
vt 0.541171 0.607652
vt 0.552638 0.645472
vt 0.530046 0.645448
vt 0.447354 0.618613
vt 0.453974 0.612163
vt 0.457212 0.605214
vt 0.457304 0.592015
vt 0.455265 0.590522
vt 0.412997 0.590548
vt 0.426922 0.521469
vt 0.425716 0.522952
vt 0.425988 0.544380
vt 0.431358 0.549673
vt 0.436368 0.549477
vt 0.441232 0.547929
vt 0.443739 0.543631
vt 0.443823 0.522606
vt 0.442302 0.521473
vt 0.446459 0.499595
vt 0.452293 0.495219
vt 0.453965 0.491987
vt 0.456844 0.485018
vt 0.457480 0.433823
vt 0.497315 0.434756
vt 0.497502 0.468743
vt 0.508916 0.522528
vt 0.497682 0.590597
vt 0.520689 0.621260
vt 0.155871 0.556617
vt 0.161397 0.566823
vt 0.163519 0.569757
vt 0.161419 0.572595
vt 0.163987 0.572108
vt 0.106400 0.908965
vt 0.160202 0.588271
vt 0.158464 0.593662
vt 0.161524 0.592864
vt 0.161388 0.598497
vt 0.158906 0.598510
vt 0.164374 0.602990
vt 0.161202 0.606443
vt 0.163026 0.609461
vt 0.157713 0.611086
vt 0.158614 0.602772
vt 0.157314 0.608564
vt 0.160735 0.612381
vt 0.157986 0.562774
vt 0.211326 0.690292
vt 0.213208 0.690475
vt 0.898354 0.727621
vt 0.908301 0.727766
vt 0.908274 0.741801
vt 0.949861 0.948016
vt 0.946850 0.950887
vt 0.229387 0.644509
vt 0.231956 0.647363
vt 0.230728 0.648139
vt 0.227888 0.645688
vt 0.228007 0.644574
vt 0.730892 0.606880
vt 0.721644 0.606981
vt 0.156466 0.612926
vt 0.427297 0.218906
vt 0.427341 0.217482
vt 0.429253 0.218904
vt 0.429253 0.216979
vt 0.379716 0.886151
vt 0.313190 0.885019
vt 0.596962 0.426827
vt 0.595799 0.427204
vt 0.594981 0.423581
vt 0.596231 0.423539
vt 0.313239 0.892867
vt 0.237299 0.470828
vt 0.234072 0.473814
vt 0.233838 0.468251
vt 0.770226 0.415932
vt 0.446979 0.219619
vt 0.446197 0.219619
vt 0.446637 0.218479
vt 0.225843 0.576114
vt 0.226190 0.575913
vt 0.701204 0.444301
vt 0.699881 0.444947
vt 0.649280 0.444966
vt 0.253495 0.402136
vt 0.253519 0.400571
vt 0.890260 0.291060
vt 0.890267 0.220357
vt 0.758697 0.238179
vt 0.753928 0.241995
vt 0.744577 0.251626
vt 0.740215 0.257616
vt 0.736597 0.263414
vt 0.730808 0.276415
vt 0.728024 0.286823
vt 0.824954 0.380023
vt 0.834931 0.376905
vt 0.842762 0.373479
vt 0.849378 0.369658
vt 0.857527 0.363758
vt 0.867167 0.354277
vt 0.874656 0.344102
vt 0.880623 0.332201
vt 0.883708 0.322791
vt 0.885415 0.314650
vt 0.886312 0.306816
vt 0.885755 0.292012
vt 0.882840 0.278683
vt 0.880652 0.272329
vt 0.876960 0.264584
vt 0.871633 0.255922
vt 0.862978 0.245589
vt 0.850715 0.235660
vt 0.840977 0.230160
vt 0.831586 0.226402
vt 0.822526 0.223960
vt 0.814323 0.222708
vt 0.799533 0.222606
vt 0.786369 0.224903
vt 0.777590 0.227815
vt 0.766331 0.233180
vt 0.004380 0.649023
vt 0.003698 0.649794
vt 0.991551 0.238743
vt 0.003667 0.813449
vt 0.579233 0.802089
vt 0.580484 0.802000
vt 0.579784 0.803194
vt 0.253373 0.565895
vt 0.166314 0.573462
vt 0.166260 0.561216
vt 0.727477 0.314636
vt 0.183794 0.740599
vt 0.183877 0.639753
vt 0.200832 0.691386
vt 0.208697 0.714867
vt 0.208454 0.741882
vt 0.221313 0.740912
vt 0.221882 0.222119
vt 0.378501 0.895943
vt 0.889825 0.571705
vt 0.886085 0.571557
vt 0.228882 0.869210
vt 0.232191 0.643308
vt 0.230225 0.643102
vt 0.775715 0.169074
vt 0.776261 0.174904
vt 0.776085 0.179963
vt 0.770267 0.564904
vt 0.771063 0.563251
vt 0.862336 0.419623
vt 0.091683 0.239452
vt 0.210631 0.550166
vt 0.213486 0.550544
vt 0.689079 0.818778
vt 0.690196 0.819884
vt 0.690036 0.870769
vt 0.213038 0.701050
vt 0.210973 0.700506
vt 0.211277 0.696473
vt 0.213550 0.699592
vt 0.771326 0.496959
vt 0.771197 0.466713
vt 0.771719 0.465146
vt 0.658056 0.219936
vt 0.662183 0.219925
vt 0.665814 0.219927
vt 0.669906 0.219653
vt 0.652920 0.221908
vt 0.656063 0.219975
vt 0.137623 0.924946
vt 0.138327 0.926835
vt 0.582082 0.218361
vt 0.575797 0.218283
vt 0.121889 0.925352
vt 0.574919 0.428792
vt 0.584450 0.428877
vt 0.772570 0.458122
vt 0.685587 0.923792
vt 0.686211 0.926619
vt 0.026608 0.920957
vt 0.769067 0.877724
vt 0.663904 0.550173
vt 0.665448 0.551602
vt 0.138219 0.931801
vt 0.829655 0.153738
vt 0.897322 0.154109
vt 0.589352 0.325387
vt 0.590627 0.326242
vt 0.586353 0.328534
vt 0.667425 0.552554
vt 0.962429 0.791340
vt 0.821895 0.913779
vt 0.822032 0.964979
vt 0.932801 0.447860
vt 0.940620 0.447909
vt 0.710861 0.318915
vt 0.237069 0.499537
vt 0.702709 0.415435
vt 0.709020 0.413336
vt 0.709195 0.415636
vt 0.588517 0.873707
vt 0.579568 0.873489
vt 0.569241 0.878285
vt 0.561541 0.886455
vt 0.559150 0.893776
vt 0.558699 0.897109
vt 0.558893 0.949535
vt 0.553865 0.948895
vt 0.554519 0.850653
vt 0.555985 0.842663
vt 0.559177 0.834701
vt 0.563360 0.829201
vt 0.567408 0.825275
vt 0.573860 0.821564
vt 0.592665 0.835858
vt 0.587124 0.832197
vt 0.580316 0.835264
vt 0.576992 0.840184
vt 0.576813 0.861386
vt 0.579159 0.861888
vt 0.593394 0.862215
vt 0.594970 0.875036
vt 0.230533 0.499261
vt 0.238641 0.396906
vt 0.379305 0.882270
vt 0.379307 0.879752
vt 0.388394 0.879117
vt 0.388404 0.881973
vt 0.950457 0.406498
vt 0.954714 0.401447
vt 0.786930 0.192824
vt 0.788739 0.189104
vt 0.778030 0.193256
vt 0.967927 0.391893
vt 0.773018 0.191508
vt 0.724986 0.220419
vt 0.726019 0.220376
vt 0.725848 0.394248
vt 0.075562 0.842759
vt 0.077734 0.848762
vt 0.071086 0.845845
vt 0.719888 0.412570
vt 0.711129 0.413274
vt 0.711129 0.411256
vt 0.720122 0.411167
vt 0.720654 0.414366
vt 0.860227 0.566324
vt 0.860171 0.564904
vt 0.861296 0.565578
vt 0.236429 0.410387
vt 0.238946 0.409808
vt 0.237150 0.413488
vt 0.233069 0.414964
vt 0.021292 0.930822
vt 0.927777 0.667162
vt 0.928357 0.668018
vt 0.919001 0.696651
vt 0.917576 0.697466
vt 0.798987 0.594046
vt 0.792366 0.390851
vt 0.780988 0.394674
vt 0.782699 0.390296
vt 0.792764 0.384576
vt 0.497525 0.433182
vt 0.742167 0.349749
vt 0.746805 0.355418
vt 0.753972 0.362480
vt 0.760391 0.367568
vt 0.771360 0.374158
vt 0.781817 0.378260
vt 0.790572 0.380558
vt 0.797734 0.381650
vt 0.729559 0.324048
vt 0.732568 0.332736
vt 0.736481 0.340891
vt 0.684866 0.818795
vt 0.081944 0.837959
vt 0.085820 0.832665
vt 0.090027 0.843304
vt 0.768748 0.771491
vt 0.096763 0.220068
vt 0.555419 0.422809
vt 0.750094 0.795802
vt 0.749794 0.769933
vt 0.673736 0.321899
vt 0.700282 0.323108
vt 0.674453 0.323492
vt 0.580006 0.546868
vt 0.583969 0.547196
vt 0.354933 0.897031
vt 0.359589 0.900194
vt 0.769130 0.872072
vt 0.672919 0.324018
vt 0.670841 0.323536
vt 0.668990 0.323700
vt 0.802727 0.590776
vt 0.553070 0.431336
vt 0.554037 0.430843
vt 0.444376 0.216789
vt 0.445059 0.214188
vt 0.445059 0.218499
vt 0.666699 0.323749
vt 0.664227 0.321958
vt 0.665583 0.324022
vt 0.662893 0.323745
vt 0.752817 0.806099
vt 0.752676 0.803719
vt 0.056031 0.452693
vt 0.209858 0.227863
vt 0.209858 0.219812
vt 0.209873 0.223710
vt 0.047282 0.845948
vt 0.039495 0.849471
vt 0.661561 0.324005
vt 0.659075 0.323751
vt 0.660517 0.322120
vt 0.145850 0.855498
vt 0.121951 0.888764
vt 0.244428 0.401659
vt 0.242401 0.402734
vt 0.656689 0.322150
vt 0.657788 0.323963
vt 0.654566 0.323885
vt 0.453126 0.216580
vt 0.453792 0.214188
vt 0.453792 0.218238
vt 0.083874 0.846288
vt 0.757944 0.819243
vt 0.757188 0.816119
vt 0.173488 0.860555
vt 0.175575 0.860642
vt 0.111817 0.474719
vt 0.709247 0.406325
vt 0.701810 0.405718
vt 0.648974 0.322156
vt 0.651477 0.323746
vt 0.650092 0.324008
vt 0.647173 0.323667
vt 0.759420 0.823628
vt 0.760505 0.826603
vt 0.073530 0.833264
vt 0.077660 0.829954
vt 0.651639 0.546620
vt 0.650735 0.547848
vt 0.359832 0.647277
vt 0.653106 0.548489
vt 0.212310 0.463586
vt 0.211915 0.468486
vt 0.210249 0.468076
vt 0.210599 0.462832
vt 0.769088 0.874864
vt 0.789349 0.183057
vt 0.596258 0.324011
vt 0.761018 0.874738
vt 0.657112 0.548564
vt 0.658721 0.546681
vt 0.624259 0.195531
vt 0.625347 0.195723
vt 0.624269 0.199526
vt 0.769147 0.876286
vt 0.760867 0.876378
vt 0.592275 0.325410
vt 0.459408 0.218039
vt 0.459946 0.216328
vt 0.349394 0.924463
vt 0.723319 0.423581
vt 0.721878 0.424929
vt 0.721991 0.419590
vt 0.723542 0.421087
vt 0.702432 0.251125
vt 0.704209 0.378709
vt 0.712094 0.316029
vt 0.238913 0.496896
vt 0.235742 0.497091
vt 0.240391 0.467917
vt 0.714119 0.314234
vt 0.757129 0.208121
vt 0.758656 0.208903
vt 0.233527 0.495644
vt 0.232531 0.496909
vt 0.589659 0.529993
vt 0.584092 0.528292
vt 0.587136 0.528327
vt 0.228940 0.495954
vt 0.228473 0.489282
vt 0.024438 0.850977
vt 0.030235 0.843398
vt 0.034379 0.852981
vt 0.028483 0.858956
vt 0.857624 0.389173
vt 0.848252 0.394906
vt 0.838175 0.397241
vt 0.840524 0.391377
vt 0.857833 0.384576
vt 0.135345 0.000230
vt 0.135348 0.207440
vt 0.134863 0.219375
vt 0.134863 -0.000000
vt 0.334357 0.840424
vt 0.339433 0.835115
vt 0.786973 0.186560
vt 0.776311 0.187902
vt 0.890857 0.394300
vt 0.775432 0.573550
vt 0.774570 0.565517
vt 0.781222 0.570598
vt 0.674377 0.220121
vt 0.948926 0.760888
vt 0.834825 0.408249
vt 0.776083 0.592073
vt 0.824030 0.564904
vt 0.824167 0.569871
vt 0.988078 0.678652
vt 0.232476 0.462944
vt 0.237122 0.460778
vt 0.234764 0.464519
vt 0.176960 0.497766
vt 0.176524 0.517067
vt 0.176724 0.440412
vt 0.176943 0.468460
vt 0.209999 0.302763
vt 0.209999 0.296474
vt 0.210106 0.299739
vt 0.710215 0.312671
vt 0.461061 0.752401
vt 0.236778 0.491450
vt 0.238661 0.487993
vt 0.237261 0.493925
vt 0.715104 0.311197
vt 0.233367 0.492291
vt 0.231244 0.491363
vt 0.229745 0.492837
vt 0.914690 0.953523
vt 0.013095 0.931552
vt 0.777949 0.185125
vt 0.774673 0.185175
vt 0.173658 0.437162
vt 0.173897 0.537891
vt 0.172901 0.540788
vt 0.967898 0.383518
vt 0.224953 0.749869
vt 0.226608 0.747234
vt 0.227329 0.748397
vt 0.023510 0.824222
vt 0.230472 0.452897
vt 0.457622 0.433009
vt 0.401949 0.439639
vt 0.700709 0.322036
vt 0.593498 0.530257
vt 0.610355 0.530294
vt 0.915839 0.725901
vt 0.899031 0.725947
vt 0.898782 0.690978
vt 0.904777 0.669742
vt 0.221359 0.221228
vt 0.236995 0.488604
vt 0.233745 0.487764
vt 0.717653 0.307252
vt 0.315186 0.942411
vt 0.310318 0.939013
vt 0.230294 0.488691
vt 0.230625 0.485151
vt 0.222100 0.456790
vt 0.932608 0.454388
vt 0.940913 0.454820
vt 0.057548 0.827338
vt 0.063487 0.820808
vt 0.068858 0.825261
vt 0.004342 0.888597
vt 0.240145 0.572676
vt 0.174373 0.820165
vt 0.173071 0.820808
vt 0.000000 0.820536
vt 0.625920 0.877401
vt 0.628038 0.881706
vt 0.627012 0.882830
vt 0.624470 0.875377
vt 0.625076 0.872082
vt 0.857052 0.405351
vt 0.854999 0.407985
vt 0.857414 0.396268
vt 0.718681 0.228824
vt 0.714597 0.225496
vt 0.719333 0.223888
vt 0.204109 0.742385
vt 0.203652 0.744322
vt 0.842965 0.400972
vt 0.835011 0.402631
vt 0.828763 0.577571
vt 0.709936 0.419964
vt 0.709963 0.423154
vt 0.900128 0.001761
vt 0.899736 0.028071
vt 0.898290 0.026404
vt 0.898290 0.000181
vt 0.466749 0.432720
vt 0.166295 0.478177
vt 0.585324 0.425013
vt 0.345295 0.526887
vt 0.237441 0.484918
vt 0.235423 0.484231
vt 0.233668 0.481764
vt 0.719018 0.297785
vt 0.210549 0.286464
vt 0.210223 0.230429
vt 0.210549 0.219812
vt 0.177118 0.544987
vt -0.000000 0.876069
vt 0.224693 0.401701
vt 0.227288 0.404175
vt 0.778242 0.177015
vt 0.777643 0.177320
vt 0.912208 0.456973
vt 0.131391 0.593896
vt 0.131990 0.591446
vt 0.798324 0.574419
vt 0.803771 0.575388
vt 0.553178 0.529264
vt 0.553765 0.528557
vt 0.209690 0.741682
vt 0.209812 0.742326
vt 0.579394 0.528616
vt 0.183379 0.741903
vt 0.825839 0.155904
vt 0.580583 0.528169
vt 0.212978 0.445006
vt 0.212341 0.451725
vt 0.212416 0.443338
vt 0.212752 0.448155
vt 0.443552 0.798028
vt 0.420660 0.758129
vt 0.434015 0.757945
vt 0.591794 0.528317
vt 0.588496 0.528171
vt 0.212341 0.435024
vt 0.210069 0.227383
vt 0.210047 0.243087
vt 0.210047 0.219812
vt 0.917460 0.103332
vt 0.909432 0.102740
vt 0.909287 0.081334
vt 0.909460 0.057284
vt 0.915130 0.070478
vt 0.907344 0.048591
vt 0.901304 0.032184
vt 0.916765 0.000404
vt 0.553872 0.664624
vt 0.553845 0.635257
vt 0.212921 0.437004
vt 0.212744 0.439965
vt 0.597376 0.529994
vt 0.594639 0.528318
vt 0.596286 0.528157
vt 0.599467 0.528390
vt 0.248564 0.629127
vt 0.250076 0.625943
vt 0.250950 0.628532
vt 0.099218 0.850134
vt 0.209812 0.498118
vt 0.210393 0.499716
vt 0.210237 0.502972
vt 0.209812 0.506180
vt 0.290614 0.927976
vt 0.282114 0.922844
vt 0.285471 0.918021
vt 0.293082 0.921541
vt 0.606610 0.528311
vt 0.605164 0.530019
vt 0.603858 0.528119
vt 0.602575 0.528307
vt 0.422877 0.216414
vt 0.422331 0.219119
vt 0.422331 0.214188
vt 0.351138 0.881507
vt 0.351458 0.888169
vt 0.608513 0.528182
vt 0.210161 0.271008
vt 0.210110 0.219812
vt 0.210223 0.266353
vt 0.644035 0.304999
vt 0.655519 0.529204
vt 0.655514 0.528076
vt 0.212159 0.351820
vt 0.212855 0.352443
vt 0.212159 0.393257
vt 0.603384 0.304407
vt 0.199105 0.639794
vt 0.199306 0.686697
vt 0.596159 0.305333
vt 0.602665 0.305071
vt 0.198958 0.637098
vt 0.199814 0.637401
vt 0.183379 0.638830
vt 0.183610 0.636826
vt 0.199048 0.635482
vt 0.595661 0.303739
vt 0.591634 0.303495
vt 0.665150 0.526280
vt 0.662083 0.526192
vt 0.349242 0.439361
vt 0.352766 0.439444
vt 0.356495 0.439279
vt 0.350679 0.441258
vt 0.345446 0.441493
vt 0.346591 0.439612
vt 0.574341 0.252434
vt 0.569644 0.261972
vt 0.568780 0.267408
vt 0.568532 0.274678
vt 0.585221 0.300366
vt 0.590635 0.240245
vt 0.581482 0.245977
vt 0.624444 0.639010
vt 0.248438 0.441856
vt 0.247594 0.402143
vt 0.248438 0.400571
vt 0.710654 0.296844
vt 0.932096 0.083714
vt 0.934840 0.091784
vt 0.936041 0.095770
vt 0.936536 0.122792
vt 0.918266 0.122853
vt 0.918735 0.121520
vt 0.918806 0.079437
vt 0.918603 0.020821
vt 0.926678 0.020586
vt 0.926682 0.067425
vt 0.929496 0.076129
vt 0.221580 0.402627
vt 0.236166 0.432523
vt 0.233690 0.430138
vt 0.077086 0.928791
vt 0.080871 0.933486
vt 0.669776 0.211275
vt 0.701433 0.419621
vt 0.701573 0.421966
vt 0.189360 0.784384
vt 0.709598 0.427949
vt 0.786691 0.174046
vt 0.777735 0.169710
vt 0.953955 0.786898
vt 0.778369 0.169604
vt 0.891203 0.372926
vt 0.289212 0.903491
vt 0.284299 0.893849
vt 0.284731 0.886716
vt 0.289651 0.887502
vt 0.431008 0.619974
vt 0.432328 0.621218
vt 0.428575 0.621016
vt 0.428491 0.619885
vt 0.563286 0.422864
vt 0.563581 0.421018
vt 0.573326 0.421017
vt 0.573304 0.423319
vt 0.801129 0.569564
vt 0.777694 0.579531
vt 0.795577 0.571459
vt 0.898170 0.733066
vt 0.898354 0.734373
vt 0.893658 0.734193
vt 0.916581 0.727199
vt 0.917524 0.701118
vt 0.917524 0.727417
vt 0.679759 0.818944
vt 0.684866 0.818778
vt 0.683993 0.820408
vt 0.680866 0.820653
vt 0.042335 0.620981
vt 0.027949 0.620710
vt 0.923095 0.552950
vt 0.679364 0.874956
vt 0.679531 0.820996
vt 0.894136 0.679793
vt 0.893269 0.706414
vt 0.679282 0.877110
vt 0.892320 0.674709
vt 0.892997 0.681771
vt 0.932027 0.497399
vt 0.930746 0.500611
vt 0.930079 0.505075
vt 0.862660 0.157789
vt 0.870934 0.157358
vt 0.862172 0.162715
vt 0.601105 0.303640
vt 0.898029 0.631096
vt 0.897043 0.628190
vt 0.897755 0.629100
vt 0.927732 0.328494
vt 0.927831 0.331582
vt 0.917787 0.332011
vt 0.917809 0.328088
vt 0.597172 0.303619
vt 0.944950 0.785727
vt 0.948088 0.793745
vt 0.183896 0.634291
vt 0.183499 0.632993
vt 0.199058 0.634247
vt 0.199297 0.633103
vt 0.183418 0.635858
vt 0.682314 0.925445
vt 0.681574 0.926591
vt 0.681452 0.928291
vt 0.931873 0.449000
vt 0.593250 0.302252
vt 0.592039 0.302191
vt 0.198976 0.631276
vt 0.199906 0.630071
vt 0.183522 0.631460
vt 0.209860 0.318276
vt 0.209981 0.319801
vt 0.209860 0.322682
vt 0.555428 0.419876
vt 0.941033 0.442649
vt 0.823933 0.588338
vt 0.824245 0.592588
vt 0.931961 0.443884
vt 0.663875 0.525813
vt 0.671808 0.522445
vt 0.213030 0.621471
vt 0.210945 0.622308
vt 0.444376 0.214188
vt 0.444376 0.218518
vt 0.443232 0.216609
vt 0.881073 0.209818
vt 0.935569 0.092358
vt 0.934615 0.088999
vt 0.238806 0.473274
vt 0.828611 0.573852
vt 0.711676 0.292375
vt 0.713881 0.292597
vt 0.715235 0.294139
vt 0.232281 0.475004
vt 0.235277 0.475385
vt 0.214381 0.479577
vt 0.717317 0.296619
vt 0.230542 0.477726
vt 0.378295 0.880011
vt 0.378462 0.883612
vt 0.370030 0.882753
vt 0.370142 0.879827
vt 0.767415 0.414309
vt 0.267074 0.859842
vt 0.271316 0.863625
vt 0.786575 0.167458
vt 0.788792 0.165897
vt 0.634138 0.945165
vt 0.626738 0.938095
vt 0.622672 0.931563
vt 0.621154 0.927230
vt 0.619997 0.923556
vt 0.619714 0.902388
vt 0.619856 0.820651
vt 0.624726 0.820343
vt 0.631830 0.888505
vt 0.643224 0.908456
vt 0.643565 0.930314
vt 0.653716 0.950394
vt 0.640613 0.948729
vt 0.793162 0.170208
vt 0.896582 0.170668
vt 0.896573 0.176842
vt 0.680769 0.563718
vt 0.773716 0.168380
vt 0.370127 0.828943
vt 0.370030 0.824140
vt 0.380167 0.826943
vt 0.384939 0.832068
vt 0.411605 0.606428
vt 0.414223 0.610590
vt 0.416657 0.613801
vt 0.414193 0.611781
vt 0.793651 0.567615
vt 0.787044 0.568626
vt 0.805852 0.213560
vt 0.804128 0.213912
vt 0.804375 0.212732
vt 0.454348 0.218238
vt 0.454348 0.219602
vt 0.453126 0.218349
vt 0.859598 0.388822
vt 0.458545 0.218070
vt 0.458545 0.219619
vt 0.457303 0.218646
vt 0.988454 0.678302
vt 0.985300 0.678652
vt 0.858742 0.385670
vt 0.780701 0.894903
vt 0.179928 0.687059
vt 0.176423 0.686855
vt 0.178687 0.685427
vt 0.952424 0.125425
vt 0.948112 0.125638
vt 0.125007 0.243152
vt 0.125556 0.244863
vt 0.120696 0.243191
vt 0.805622 0.185807
vt 0.952306 0.126476
vt 0.952339 0.179720
vt 0.989410 0.677532
vt 0.803156 0.157682
vt 0.805076 0.161180
vt 0.204109 0.868547
vt 0.194672 0.868240
vt 0.194599 0.862401
vt 0.204075 0.862123
vt 0.803988 0.156559
vt 0.805852 0.154109
vt 0.179827 0.626761
vt 0.177608 0.624884
vt 0.240797 0.256136
vt 0.682659 0.208006
vt 0.681402 0.212411
vt 0.680422 0.207506
vt 0.988816 0.621292
vt 0.676498 0.883064
vt 0.676998 0.880792
vt 0.179928 0.622570
vt 0.682659 0.203576
vt 0.415832 0.934577
vt 0.409731 0.937369
vt 0.414345 0.934158
vt 0.460284 0.315038
vt 0.583390 0.298395
vt 0.671401 0.521439
vt 0.673581 0.520502
vt 0.897828 0.571163
vt 0.678431 0.934721
vt 0.931994 0.436335
vt 0.676411 0.518502
vt 0.680987 0.512584
vt 0.683188 0.511489
vt 0.664089 0.533438
vt 0.178916 0.618589
vt 0.177845 0.620704
vt 0.675714 0.517726
vt 0.442086 0.218518
vt 0.442086 0.214188
vt 0.443232 0.216608
vt 0.361413 0.892390
vt 0.361539 0.890274
vt 0.769135 0.706718
vt 0.754433 0.706748
vt 0.749947 0.708723
vt 0.744196 0.714424
vt 0.741268 0.720544
vt 0.741101 0.722311
vt 0.740230 0.723554
vt 0.739684 0.729096
vt 0.740427 0.735348
vt 0.741460 0.738344
vt 0.744154 0.743841
vt 0.750470 0.749979
vt 0.754046 0.751558
vt 0.769040 0.751770
vt 0.769107 0.769608
vt 0.742663 0.656781
vt 0.745655 0.660933
vt 0.748496 0.664082
vt 0.750441 0.664945
vt 0.753430 0.666869
vt 0.755613 0.667309
vt 0.769126 0.667376
vt 0.180055 0.238582
vt 0.180082 0.221892
vt 0.180911 0.240093
vt 0.180127 0.239424
vt 0.711225 0.407246
vt 0.719926 0.406405
vt 0.172008 0.836335
vt 0.173179 0.876559
vt 0.173352 0.889117
vt 0.171722 0.888398
vt 0.170680 0.837151
vt 0.710460 0.287919
vt 0.713777 0.286742
vt 0.717288 0.289024
vt 0.719156 0.280608
vt 0.956624 0.798594
vt 0.871173 0.159516
vt 0.886818 0.158960
vt 0.149457 0.453813
vt 0.967816 0.374170
vt 0.787097 0.164251
vt 0.596443 0.217087
vt 0.776948 0.162858
vt 0.775407 0.163362
vt 0.925949 0.201840
vt 0.919521 0.200177
vt 0.934149 0.200086
vt 0.773695 0.162877
vt 0.951896 0.363805
vt 0.955409 0.368515
vt 0.555397 0.430796
vt 0.083712 0.852534
vt 0.679169 0.598586
vt 0.984206 0.677756
vt 0.858760 0.384576
vt 0.857943 0.384720
vt 0.456501 0.433628
vt 0.127435 0.246243
vt 0.126146 0.248527
vt 0.982724 0.503363
vt 0.981636 0.501828
vt 0.983514 0.501634
vt 0.238681 0.641039
vt 0.238815 0.642170
vt 0.237775 0.640663
vt 0.240528 0.642300
vt 0.240441 0.640517
vt 0.370030 0.866294
vt 0.378505 0.866274
vt 0.378487 0.870182
vt 0.370168 0.872784
vt 0.240572 0.626906
vt 0.848307 0.155977
vt 0.237775 0.590973
vt 0.896540 0.219495
vt 0.896488 0.199070
vt 0.240408 0.593096
vt 0.238820 0.592111
vt 0.984334 0.630568
vt 0.849385 0.155371
vt 0.850595 0.154109
vt 0.983745 0.625985
vt 0.596506 0.430702
vt 0.595566 0.431506
vt 0.594981 0.427350
vt 0.432828 0.214804
vt 0.433855 0.214188
vt 0.433855 0.218829
vt 0.981580 0.555891
vt 0.982578 0.550835
vt 0.947253 0.175686
vt 0.240555 0.587960
vt 0.454707 0.489028
vt 0.180337 0.479502
vt 0.180501 0.473047
vt 0.181777 0.474145
vt 0.181785 0.477967
vt 0.680719 0.201330
vt 0.391811 0.847357
vt 0.385735 0.849362
vt 0.674304 0.884764
vt 0.888485 0.668675
vt 0.881012 0.661161
vt 0.871555 0.657992
vt 0.863353 0.657458
vt 0.854038 0.659318
vt 0.838531 0.676527
vt 0.833864 0.732621
vt 0.856665 0.645662
vt 0.873287 0.646468
vt 0.873166 0.620575
vt 0.860721 0.603079
vt 0.869645 0.602864
vt 0.880081 0.605865
vt 0.885822 0.609503
vt 0.889310 0.612890
vt 0.892256 0.616624
vt 0.682156 0.197845
vt 0.682542 0.195531
vt 0.982669 0.610623
vt 0.670442 0.889863
vt 0.670307 0.888937
vt 0.177949 0.616227
vt 0.277785 0.884652
vt 0.271316 0.878924
vt 0.271428 0.872521
vt 0.453202 0.307564
vt 0.714831 0.284485
vt 0.715501 0.281511
vt 0.717378 0.283455
vt 0.221313 0.593597
vt 0.219846 0.593687
vt 0.219509 0.585515
vt 0.219509 0.594716
vt 0.733764 0.813372
vt 0.749794 0.814338
vt 0.213486 0.571729
vt 0.214315 0.568992
vt 0.214315 0.574894
vt 0.624151 0.813354
vt 0.623806 0.812044
vt 0.625418 0.812769
vt 0.622749 0.802005
vt 0.624804 0.802013
vt 0.456331 0.592011
vt 0.455125 0.591176
vt 0.455507 0.274754
vt 0.623810 0.646927
vt 0.623898 0.640262
vt 0.622858 0.638437
vt 0.177046 0.844679
vt 0.176301 0.839326
vt 0.736881 0.499491
vt 0.556814 0.206103
vt 0.220068 0.483252
vt 0.220068 0.494017
vt 0.219297 0.484509
vt 0.752148 0.497366
vt 0.491396 0.217126
vt 0.490473 0.216676
vt 0.491396 0.214188
vt 0.556814 0.198917
vt 0.254405 0.553958
vt 0.253519 0.554998
vt 0.253519 0.548287
vt 0.644831 0.220187
vt 0.643834 0.221905
vt 0.892729 0.899188
vt 0.892848 0.896049
vt 0.896635 0.179454
vt 0.210551 0.580243
vt 0.209812 0.575222
vt 0.210551 0.574686
vt 0.315186 0.824140
vt 0.308732 0.825609
vt 0.236672 0.467665
vt 0.238761 0.463190
vt 0.812350 0.422315
vt 0.821732 0.422672
vt 0.812162 0.427442
vt 0.723110 0.220375
vt 0.001003 0.896304
vt 0.235823 0.445822
vt 0.233845 0.448534
vt 0.233680 0.442955
vt 0.885128 0.570084
vt 0.886355 0.590769
vt 0.885266 0.591094
vt 0.379725 0.883716
vt 0.378578 0.887260
vt 0.378505 0.883610
vt 0.778301 0.008878
vt 0.747855 0.000000
vt 0.901166 0.530666
vt 0.900480 0.532972
vt 0.900392 0.537169
vt 0.899710 0.538886
vt 0.885005 0.534248
vt 0.884415 0.521729
vt 0.786477 0.159860
vt 0.220036 0.499282
vt 0.219297 0.502441
vt 0.219297 0.494017
vt 0.778780 0.159053
vt 0.778561 0.163846
vt 0.778105 0.160513
vt 0.777894 0.165686
vt 0.636834 0.433001
vt 0.635895 0.430228
vt 0.636834 0.426762
vt 0.775619 0.159145
vt 0.803628 0.595810
vt 0.957578 0.356889
vt 0.233963 0.435638
vt 0.229962 0.432946
vt 0.890951 0.225057
vt 0.906715 0.224838
vt 0.530838 0.904926
vt 0.530035 0.908657
vt 0.528616 0.912493
vt 0.525553 0.917811
vt 0.520318 0.923821
vt 0.513402 0.928746
vt 0.514363 0.889209
vt 0.467451 0.879367
vt 0.712298 0.621655
vt 0.712214 0.606943
vt 0.979706 0.560162
vt 0.240486 0.583553
vt 0.595334 0.419296
vt 0.220519 0.639173
vt 0.219509 0.643702
vt 0.219509 0.636820
vt 0.452583 0.492507
vt 0.449953 0.496271
vt 0.976721 0.564084
vt 0.240501 0.579403
vt 0.794724 0.598729
vt 0.801259 0.599938
vt 0.583804 0.218042
vt 0.178578 0.863665
vt 0.177159 0.866502
vt 0.177118 0.860803
vt 0.976966 0.606166
vt 0.945911 0.193585
vt 0.942300 0.195973
vt 0.213550 0.729425
vt 0.212779 0.733031
vt 0.211611 0.731111
vt 0.665826 0.892080
vt 0.918322 0.016754
vt 0.926394 0.017974
vt 0.918299 0.019462
vt 0.681758 0.509768
vt 0.678161 0.515364
vt 0.573550 0.288582
vt 0.210594 0.568918
vt 0.209812 0.566115
vt 0.210594 0.562883
vt 0.936620 0.790931
vt 0.936244 0.797871
vt 0.756598 0.496384
vt 0.756796 0.495060
vt 0.826216 0.154109
vt 0.380450 0.904509
vt 0.379324 0.905207
vt 0.379050 0.900377
vt 0.614005 0.204136
vt 0.613997 0.218536
vt 0.226143 0.812008
vt 0.227117 0.815335
vt 0.524615 0.502241
vt 0.521739 0.501773
vt 0.525601 0.500910
vt 0.528145 0.500002
vt 0.449122 0.616561
vt 0.237501 0.464925
vt 0.711788 0.286073
vt 0.710614 0.280040
vt 0.714020 0.279921
vt 0.112181 0.909392
vt 0.230227 0.465072
vt 0.934878 0.851635
vt 0.623259 0.420739
vt 0.624662 0.419296
vt 0.942920 0.735576
vt 0.958019 0.748340
vt 0.786401 0.438449
vt 0.813025 0.434676
vt 0.109738 0.557212
vt 0.112906 0.559761
vt 0.109346 0.558048
vt 0.462394 0.669152
vt 0.461030 0.667850
vt 0.434491 0.673100
vt 0.248438 0.624697
vt 0.398464 0.858113
vt 0.786477 0.154109
vt 0.786050 0.159947
vt 0.777018 0.156697
vt 0.778410 0.154109
vt 0.219509 0.599335
vt 0.220543 0.594716
vt 0.220543 0.603642
vt 0.786107 0.209285
vt 0.786477 0.214477
vt 0.785424 0.209390
vt 0.784469 0.213328
vt 0.783402 0.215717
vt 0.783134 0.209508
vt 0.902558 0.354580
vt 0.773735 0.156849
vt 0.781143 0.212385
vt 0.174349 0.640644
vt 0.173139 0.638255
vt 0.174349 0.633725
vt 0.219673 0.585515
vt 0.220142 0.580818
vt 0.221313 0.579657
vt 0.478658 0.214188
vt 0.479735 0.215675
vt 0.478658 0.217683
vt 0.238982 0.577031
vt 0.267029 0.436598
vt 0.266891 0.431350
vt 0.871089 0.172661
vt 0.886560 0.171706
vt 0.246803 0.567911
vt 0.247865 0.573280
vt 0.246803 0.575888
vt 0.178442 0.856670
vt 0.177018 0.854545
vt 0.586453 0.384075
vt 0.660418 0.894217
vt 0.237321 0.455367
vt 0.238645 0.450685
vt 0.443028 0.301502
vt 0.379776 0.893469
vt 0.388604 0.893096
vt 0.572197 0.284474
vt 0.862210 0.187110
vt 0.684526 0.503820
vt 0.554613 0.000479
vt 0.555827 0.000597
vt 0.555780 0.213106
vt 0.554076 0.214188
vt 0.579184 0.637583
vt 0.559880 0.637809
vt 0.555378 0.634147
vt 0.446671 0.247705
vt 0.890912 0.219624
vt 0.906918 0.220272
vt 0.445111 0.246260
vt 0.540671 0.605002
vt 0.209872 0.222540
vt 0.209955 0.219812
vt 0.209955 0.234919
vt 0.709315 0.274380
vt 0.711725 0.277586
vt 0.169975 0.637123
vt 0.169846 0.616448
vt 0.166145 0.489857
vt 0.815238 0.582814
vt 0.815326 0.579648
vt 0.823988 0.579792
vt 0.824194 0.582919
vt 0.702079 0.606613
vt 0.265237 0.427238
vt 0.266530 0.427297
vt 0.594003 0.860586
vt 0.594055 0.840025
vt 0.594801 0.839393
vt 0.594926 0.860581
vt 0.785199 0.166015
vt 0.781587 0.163514
vt 0.785614 0.203274
vt 0.909009 0.349763
vt 0.781747 0.157285
vt 0.865134 0.585476
vt 0.874812 0.585388
vt 0.939448 0.820557
vt 0.935668 0.823008
vt 0.929273 0.821954
vt 0.931399 0.813855
vt 0.934126 0.805545
vt 0.781520 0.206495
vt 0.875581 0.564954
vt 0.884349 0.564904
vt 0.359597 0.889299
vt 0.229425 0.585686
vt 0.418762 0.432557
vt 0.162538 0.248808
vt 0.114550 0.249000
vt 0.167368 0.247028
vt 0.430330 0.218902
vt 0.429253 0.216629
vt 0.430330 0.214188
vt 0.209816 0.529290
vt 0.209812 0.527567
vt 0.210593 0.526502
vt 0.209812 0.521943
vt 0.219673 0.575913
vt 0.439181 0.501612
vt 0.444752 0.499941
vt 0.440816 0.502286
vt 0.921602 0.554519
vt 0.941077 0.554596
vt 0.176252 0.860387
vt 0.970706 0.603504
vt 0.178952 0.861890
vt 0.178704 0.852437
vt 0.580290 0.434254
vt 0.579117 0.433006
vt 0.587442 0.435917
vt 0.873164 0.645338
vt 0.174880 0.633725
vt 0.174804 0.632193
vt 0.442441 0.343904
vt 0.442832 0.342535
vt 0.443848 0.342605
vt 0.441935 0.343173
vt 0.691151 0.211379
vt 0.698630 0.211286
vt 0.698699 0.209672
vt 0.247863 0.482622
vt 0.246803 0.481688
vt 0.248438 0.481688
vt 0.700070 0.210598
vt 0.700020 0.211683
vt 0.893894 0.891124
vt 0.900743 0.890766
vt 0.875681 0.590922
vt 0.877079 0.591009
vt 0.247429 0.501636
vt 0.420832 0.183001
vt 0.436182 0.188639
vt 0.404634 0.214161
vt 0.402751 0.175879
vt 0.403454 0.114724
vt 0.402850 0.000456
vt 0.434229 0.088728
vt 0.432879 0.089960
vt 0.432920 0.111452
vt 0.434319 0.115380
vt 0.437899 0.116719
vt 0.444333 0.116857
vt 0.447751 0.114014
vt 0.450390 0.109246
vt 0.450856 0.090281
vt 0.516093 0.109623
vt 0.519697 0.115430
vt 0.522827 0.116930
vt 0.529148 0.116771
vt 0.534108 0.111653
vt 0.502844 0.158079
vt 0.459738 0.159125
vt 0.458470 0.157825
vt 0.413942 0.157649
vt 0.413599 0.171702
vt 0.415263 0.175893
vt 0.416914 0.179159
vt 0.212159 0.393257
vt 0.212807 0.395939
vt 0.212159 0.415970
vt 0.873125 0.622152
vt 0.442820 0.542023
vt 0.885143 0.565599
vt 0.443924 0.323348
vt 0.442419 0.320223
vt 0.442722 0.318616
vt 0.442958 0.323426
vt 0.884911 0.568476
vt 0.345905 0.458885
vt 0.300261 0.459239
vt 0.299524 0.457856
vt 0.345258 0.457962
vt 0.660828 0.927711
vt 0.885128 0.566899
vt 0.441981 0.320284
vt 0.441071 0.317984
vt 0.720145 0.626257
vt 0.720105 0.627666
vt 0.720026 0.631695
vt 0.872866 0.603335
vt 0.930021 0.667750
vt 0.928621 0.626260
vt 0.870396 0.181758
vt 0.870637 0.184082
vt 0.862289 0.183196
vt 0.570465 0.280553
vt 0.403403 0.216419
vt 0.402729 0.219570
vt 0.402729 0.214188
vt 0.685668 0.501179
vt 0.674697 0.470740
vt 0.580690 0.639257
vt 0.180576 0.763870
vt 0.180789 0.757197
vt 0.182912 0.758052
vt 0.378194 0.873875
vt 0.379485 0.895379
vt 0.378661 0.892994
vt 0.182948 0.308917
vt 0.186600 0.311403
vt 0.186704 0.314928
vt 0.190022 0.316622
vt 0.189982 0.321584
vt 0.208736 0.321674
vt 0.209607 0.339896
vt 0.190351 0.339803
vt 0.190012 0.345435
vt 0.187175 0.347012
vt 0.186674 0.350780
vt 0.182812 0.353034
vt 0.182887 0.393554
vt 0.186721 0.398675
vt 0.190114 0.400893
vt 0.190363 0.406255
vt 0.209534 0.406447
vt 0.209181 0.424707
vt 0.198008 0.425074
vt 0.197801 0.435304
vt 0.179056 0.435245
vt 0.180120 0.404272
vt 0.179937 0.274945
vt 0.180292 0.248660
vt 0.172862 0.243108
vt 0.174825 0.241223
vt 0.181219 0.220135
vt 0.199646 0.220253
vt 0.199785 0.237496
vt 0.209821 0.237406
vt 0.209855 0.255901
vt 0.190278 0.256181
vt 0.190309 0.261008
vt 0.186693 0.262190
vt 0.183054 0.268892
vt 0.442823 0.246043
vt 0.619453 0.818913
vt 0.624571 0.818991
vt 0.712184 0.272897
vt 0.919296 0.857348
vt 0.918579 0.857117
vt 0.721859 0.405023
vt 0.723409 0.404135
vt 0.714041 0.274362
vt 0.078947 0.821927
vt 0.086062 0.824567
vt 0.975874 0.073346
vt 0.980347 0.069970
vt 0.978694 0.071863
vt 0.785587 0.172783
vt 0.785815 0.165030
vt 0.785602 0.196591
vt 0.784257 0.205704
vt 0.782267 0.202789
vt 0.157878 0.632805
vt 0.158381 0.636037
vt 0.781256 0.169639
vt 0.780438 0.198150
vt 0.402381 0.431994
vt 0.709412 0.210594
vt 0.264127 0.423500
vt 0.267029 0.423080
vt 0.254300 0.541451
vt 0.254300 0.548287
vt 0.253519 0.547795
vt 0.917611 0.105011
vt 0.909289 0.106565
vt 0.176991 0.848539
vt 0.654815 0.895358
vt 0.211127 0.721257
vt 0.212266 0.713106
vt 0.213160 0.721294
vt 0.211028 0.715661
vt 0.210549 0.327944
vt 0.210112 0.326311
vt 0.210549 0.309463
vt 0.869901 0.618829
vt 0.703047 0.208366
vt 0.706935 0.205661
vt 0.707050 0.208331
vt 0.448335 0.216132
vt 0.449827 0.214188
vt 0.449827 0.218378
vt 0.702284 0.210788
vt 0.702485 0.205932
vt 0.438730 0.316924
vt 0.439320 0.315799
vt 0.322732 0.869898
vt 0.436334 0.316081
vt 0.393009 0.850774
vt 0.653946 0.935206
vt 0.803306 0.424329
vt 0.793538 0.424084
vt 0.793533 0.420500
vt 0.313553 0.856935
vt 0.486489 0.216451
vt 0.485356 0.217405
vt 0.485356 0.214188
vt 0.435455 0.300305
vt 0.658512 0.949813
vt 0.431395 0.315596
vt 0.425746 0.320980
vt 0.402876 0.375595
vt 0.402866 0.322427
vt 0.423285 0.301896
vt 0.189906 0.589244
vt 0.192880 0.590775
vt 0.196666 0.591943
vt 0.194719 0.545893
vt 0.190956 0.547950
vt 0.187396 0.550046
vt 0.184534 0.554551
vt 0.181679 0.558736
vt 0.180422 0.562513
vt 0.180226 0.569117
vt 0.180424 0.575050
vt 0.181565 0.575466
vt 0.182208 0.579550
vt 0.185630 0.584716
vt 0.765054 0.481659
vt 0.419824 0.214664
vt 0.419790 0.219178
vt 0.418908 0.216229
vt 0.209812 0.510470
vt 0.210437 0.506180
vt 0.210437 0.514088
vt 0.439985 0.619892
vt 0.441077 0.621182
vt 0.436935 0.619955
vt 0.435979 0.621153
vt 0.173253 0.407139
vt 0.172662 0.404972
vt 0.175136 0.408594
vt 0.173853 0.408661
vt 0.827780 0.572390
vt 0.827984 0.569798
vt 0.246508 0.403447
vt 0.710511 0.270913
vt 0.237051 0.452319
vt 0.679973 0.563903
vt 0.233822 0.942677
vt 0.227448 0.944654
vt 0.227804 0.937653
vt 0.553292 0.546927
vt 0.413262 0.274491
vt 0.403217 0.283665
vt 0.416491 0.250715
vt 0.414083 0.253756
vt 0.412024 0.258275
vt 0.411957 0.273205
vt 0.782486 0.175489
vt 0.806642 0.601718
vt 0.237922 0.575913
vt 0.803303 0.430868
vt 0.793680 0.430636
vt 0.785446 0.187878
vt 0.781141 0.189946
vt 0.163820 0.484604
vt 0.780503 0.178322
vt 0.778874 0.184695
vt 0.935679 0.344797
vt 0.778893 0.192248
vt 0.707050 0.208137
vt 0.707242 0.199728
vt 0.707077 0.195531
vt 0.266489 0.417406
vt 0.612307 0.419427
vt 0.614573 0.419296
vt 0.614609 0.428169
vt 0.612214 0.428190
vt 0.178797 0.844237
vt 0.211135 0.710925
vt 0.210631 0.706333
vt 0.623829 0.802817
vt 0.710424 0.237941
vt 0.708988 0.239645
vt 0.708899 0.246962
vt 0.708548 0.236760
vt 0.700070 0.195698
vt 0.862106 0.618576
vt 0.703310 0.203026
vt 0.707011 0.203109
vt 0.702276 0.200922
vt 0.617274 0.428077
vt 0.611625 0.428862
vt 0.619550 0.428862
vt 0.495501 0.216909
vt 0.495068 0.215605
vt 0.496136 0.214690
vt 0.617877 0.419582
vt 0.650646 0.934908
vt 0.640724 0.428056
vt 0.639814 0.432919
vt 0.648475 0.950458
vt 0.254276 0.485646
vt 0.254398 0.482946
vt 0.254395 0.493825
vt 0.253519 0.491411
vt 0.845952 0.154109
vt 0.863977 0.602527
vt 0.861468 0.170056
vt 0.861347 0.177327
vt 0.418908 0.214188
vt 0.290896 0.544939
vt 0.294376 0.543690
vt 0.293466 0.545543
vt 0.193516 0.457465
vt 0.209812 0.439736
vt 0.209753 0.457369
vt 0.720493 0.659605
vt 0.720576 0.661427
vt 0.709765 0.411755
vt 0.882807 0.545254
vt 0.883843 0.542009
vt 0.490311 0.217963
vt 0.489445 0.219546
vt 0.489445 0.217123
vt 0.646742 0.409832
vt 0.781681 0.564904
vt 0.553301 0.444431
vt 0.554883 0.446492
vt 0.899684 0.393429
vt 0.714335 0.266305
vt 0.716644 0.262214
vt 0.858250 0.622493
vt 0.303373 0.938603
vt 0.296236 0.936012
vt 0.349215 0.873492
vt 0.354935 0.876788
vt 0.708050 0.196478
vt 0.479735 0.217581
vt 0.479735 0.214188
vt 0.480996 0.215766
vt 0.429160 0.501116
vt 0.432406 0.502223
vt 0.428210 0.502100
vt 0.957483 0.569968
vt 0.264941 0.415456
vt 0.919847 0.195131
vt 0.919721 0.193892
vt 0.927742 0.195075
vt 0.905852 0.590346
vt 0.899253 0.590124
vt 0.213373 0.706664
vt 0.212711 0.705076
vt 0.211195 0.705136
vt 0.644297 0.894152
vt 0.650079 0.895366
vt 0.858365 0.645283
vt 0.254073 0.440538
vt 0.253527 0.455451
vt 0.253519 0.438835
vt 0.659909 0.907774
vt 0.645009 0.907734
vt 0.860171 0.587772
vt 0.703456 0.200528
vt 0.702595 0.195531
vt 0.618526 0.428048
vt 0.495068 0.214188
vt 0.519301 0.187559
vt 0.516601 0.187271
vt 0.517187 0.186544
vt 0.519800 0.187151
vt 0.522651 0.187296
vt 0.619916 0.419426
vt 0.619934 0.428042
vt 0.484310 0.219542
vt 0.483386 0.218099
vt 0.484310 0.217463
vt 0.631550 0.421985
vt 0.632478 0.427484
vt 0.630607 0.421206
vt 0.210548 0.585283
vt 0.209812 0.585763
vt 0.209812 0.580243
vt 0.707906 0.223119
vt 0.708947 0.229072
vt 0.765719 0.474116
vt 0.765091 0.472528
vt 0.766432 0.473579
vt 0.765596 0.467899
vt 0.764876 0.469672
vt 0.533391 0.844975
vt 0.532989 0.901460
vt 0.532974 0.860681
vt 0.533309 0.801621
vt 0.397019 0.869344
vt 0.397467 0.889715
vt 0.396290 0.890055
vt 0.260419 0.890805
vt 0.705196 0.220468
vt 0.703378 0.220379
vt 0.710303 0.258310
vt 0.237338 0.443487
vt 0.837798 0.571223
vt 0.255617 0.915341
vt 0.223007 0.401596
vt 0.730104 0.565345
vt 0.237535 0.641589
vt 0.237775 0.636817
vt 0.414659 0.254341
vt 0.412534 0.258853
vt 0.379233 0.876477
vt 0.388386 0.876888
vt 0.379552 0.878369
vt 0.707050 0.200537
vt 0.174895 0.627453
vt 0.174893 0.624650
vt 0.941757 0.502107
vt 0.167311 0.245977
vt 0.620039 0.419296
vt 0.621045 0.419686
vt 0.621067 0.424374
vt 0.622273 0.422967
vt 0.952943 0.568457
vt 0.948991 0.566045
vt 0.622273 0.428537
vt 0.620886 0.427294
vt 0.425823 0.500923
vt 0.619934 0.423973
vt 0.266432 0.412856
vt 0.454307 0.214188
vt 0.455013 0.218188
vt 0.453792 0.218188
vt 0.770415 0.573413
vt 0.770267 0.568227
vt 0.953953 0.603890
vt 0.949583 0.605903
vt 0.857819 0.658958
vt 0.853823 0.660589
vt 0.183379 0.875353
vt 0.857416 0.644315
vt 0.664258 0.211183
vt 0.278492 0.598111
vt 0.275484 0.592043
vt 0.278581 0.596123
vt 0.282513 0.600858
vt 0.287208 0.603214
vt 0.411732 0.591880
vt 0.422227 0.618222
vt 0.644159 0.908777
vt 0.606423 0.826382
vt 0.610896 0.831212
vt 0.615869 0.840062
vt 0.617352 0.844086
vt 0.617921 0.887097
vt 0.618122 0.913895
vt 0.613826 0.936723
vt 0.601263 0.877186
vt 0.584251 0.818778
vt 0.588940 0.818793
vt 0.598529 0.821567
vt 0.426533 0.323156
vt 0.860171 0.565675
vt 0.644060 0.927686
vt 0.857484 0.625322
vt 0.209863 0.386589
vt 0.210502 0.405910
vt 0.209863 0.408473
vt 0.487615 0.214188
vt 0.487615 0.217315
vt 0.486489 0.216659
vt 0.427256 0.320762
vt 0.428306 0.319331
vt 0.272911 0.589477
vt 0.273407 0.588237
vt 0.632478 0.419296
vt 0.174893 0.616814
vt 0.210564 0.498118
vt 0.209812 0.491149
vt 0.210555 0.489399
vt 0.700070 0.195531
vt 0.107316 0.534764
vt 0.569491 0.268877
vt 0.569857 0.265063
vt 0.861702 0.167707
vt 0.570727 0.262533
vt 0.579412 0.813484
vt 0.764371 0.467443
vt 0.762961 0.570952
vt 0.427115 0.619215
vt 0.425218 0.618922
vt 0.955625 0.882267
vt 0.955537 0.935174
vt 0.701256 0.403788
vt 0.741584 0.637690
vt 0.290563 0.913235
vt 0.297849 0.907693
vt 0.299990 0.915004
vt 0.237359 0.438759
vt 0.230614 0.439355
vt 0.964860 0.756900
vt 0.968025 0.760813
vt 0.552992 0.284120
vt 0.949628 0.614054
vt 0.264700 0.409718
vt 0.266597 0.408885
vt 0.214289 0.643222
vt 0.213208 0.639409
vt 0.214289 0.636834
vt 0.634474 0.426838
vt 0.635417 0.431091
vt 0.634474 0.432963
vt 0.264868 0.405807
vt 0.683766 0.916338
vt 0.982445 0.516962
vt 0.708346 0.646773
vt 0.848920 0.663145
vt 0.178952 0.829795
vt 0.449183 0.088777
vt 0.283113 0.466855
vt 0.283413 0.465153
vt 0.288718 0.461890
vt 0.285705 0.464961
vt 0.870807 0.191202
vt 0.870934 0.195742
vt 0.772123 0.903788
vt 0.775397 0.898831
vt 0.450594 0.216791
vt 0.449827 0.218369
vt 0.573021 0.256217
vt 0.761405 0.461471
vt 0.762605 0.461529
vt 0.209812 0.550162
vt 0.210584 0.553140
vt 0.209812 0.556524
vt 0.735965 0.498229
vt 0.736773 0.536718
vt 0.735844 0.537885
vt 0.701307 0.398486
vt 0.766436 0.477362
vt 0.757713 0.454857
vt 0.752036 0.452993
vt 0.710411 0.251116
vt 0.713812 0.254361
vt 0.302414 0.608838
vt 0.298190 0.608675
vt 0.298367 0.607273
vt 0.301069 0.607499
vt 0.228802 0.427859
vt 0.963163 0.219624
vt 0.851393 0.400295
vt 0.181938 0.574539
vt 0.181742 0.571594
vt 0.939972 0.413093
vt 0.945170 0.410662
vt 0.315947 0.868372
vt 0.261820 0.915536
vt 0.555378 0.426152
vt 0.758823 0.213889
vt 0.758790 0.218400
vt 0.756969 0.215913
vt 0.905094 0.181557
vt 0.910097 0.187621
vt 0.909718 0.188824
vt 0.756969 0.211215
vt 0.755940 0.209529
vt 0.555378 0.432947
vt 0.175956 0.617870
vt 0.174893 0.624650
vt 0.175008 0.618884
vt 0.174893 0.616227
vt 0.913990 0.191071
vt 0.943291 0.610333
vt 0.402874 0.433290
vt 0.412885 0.433306
vt 0.412904 0.479960
vt 0.413017 0.486794
vt 0.416864 0.493108
vt 0.421162 0.497838
vt 0.211490 0.691950
vt 0.213007 0.696411
vt 0.635660 0.890046
vt 0.375792 0.541142
vt 0.401551 0.542199
vt 0.887368 0.160832
vt 0.887260 0.154109
vt 0.574404 0.255162
vt 0.571685 0.260077
vt 0.758720 0.456844
vt 0.760024 0.459960
vt 0.389136 0.866274
vt 0.378560 0.868176
vt 0.482158 0.214188
vt 0.483306 0.216363
vt 0.482158 0.217451
vt 0.254073 0.453011
vt 0.254394 0.451874
vt 0.254394 0.454949
vt 0.418609 0.250244
vt 0.709159 0.395000
vt 0.709963 0.394530
vt 0.535638 0.185799
vt 0.540468 0.183069
vt 0.539293 0.184615
vt 0.535106 0.186827
vt 0.210549 0.329109
vt 0.209943 0.330214
vt 0.209943 0.327944
vt 0.746153 0.628700
vt 0.702887 0.395025
vt 0.701431 0.394990
vt 0.713227 0.246167
vt 0.710429 0.245531
vt 0.714165 0.248871
vt 0.717704 0.245077
vt 0.714783 0.244456
vt 0.230389 0.427296
vt 0.233416 0.426123
vt 0.928595 0.611155
vt 0.928817 0.609015
vt 0.936725 0.608190
vt 0.936665 0.611390
vt 0.936441 0.614797
vt 0.847373 0.154109
vt 0.758823 0.154109
vt 0.209754 0.716121
vt 0.904328 0.126688
vt 0.903399 0.127323
vt 0.903293 0.125671
vt 0.221083 0.399751
vt 0.221083 0.448260
vt 0.220136 0.400294
vt 0.904367 0.175383
vt 0.903440 0.175281
vt 0.210567 0.574686
vt 0.209812 0.573077
vt 0.210567 0.568918
vt 0.426563 0.219013
vt 0.425323 0.216795
vt 0.426563 0.214188
vt 0.634787 0.219557
vt 0.634787 0.213783
vt 0.636055 0.216761
vt 0.413801 0.486191
vt 0.846303 0.207435
vt 0.554162 0.420808
vt 0.942907 0.623700
vt 0.746510 0.194929
vt 0.746602 0.195531
vt 0.558245 0.195486
vt 0.482158 0.214188
vt 0.482158 0.217451
vt 0.480996 0.215339
vt 0.846544 0.565139
vt 0.803255 0.396165
vt 0.903332 0.190024
vt 0.904359 0.188841
vt 0.902743 0.187890
vt 0.631164 0.885952
vt 0.884552 0.590755
vt 0.212991 0.550166
vt 0.673045 0.470211
vt 0.673587 0.472189
vt 0.630904 0.942830
vt 0.576624 0.251900
vt 0.862422 0.154518
vt 0.861869 0.158849
vt 0.555105 0.817060
vt 0.737157 0.453843
vt 0.736394 0.454648
vt 0.578630 0.812732
vt 0.773033 0.595202
vt 0.413491 0.273880
vt 0.412514 0.272772
vt 0.582095 0.196581
vt 0.574876 0.196382
vt 0.582116 0.195531
vt 0.579697 0.639498
vt 0.574452 0.211219
vt 0.614010 0.210071
vt 0.574423 0.215538
vt 0.624259 0.217676
vt 0.751486 0.453802
vt 0.477185 0.214188
vt 0.478132 0.216418
vt 0.477185 0.217780
vt 0.582923 0.218819
vt 0.230515 0.422198
vt 0.958782 0.068823
vt 0.958409 0.069792
vt 0.953639 0.067738
vt 0.953179 0.066531
vt 0.770954 0.401560
vt 0.508974 0.342827
vt 0.510562 0.344135
vt 0.952424 0.192156
vt 0.952727 0.143571
vt 0.614388 0.195531
vt 0.279672 0.863172
vt 0.711125 0.419264
vt 0.711159 0.416333
vt 0.719983 0.415204
vt 0.940928 0.678479
vt 0.936780 0.678652
vt 0.168514 0.405099
vt 0.168711 0.403702
vt 0.210631 0.478278
vt 0.178917 0.249300
vt 0.169826 0.243103
vt 0.626907 0.419296
vt 0.627940 0.421629
vt 0.710989 0.404602
vt 0.838770 0.680689
vt 0.212740 0.725918
vt 0.211143 0.726653
vt 0.250993 0.623509
vt 0.900866 0.185463
vt 0.901858 0.183738
vt 0.993467 0.140859
vt 0.994301 0.145626
vt 0.671231 0.469611
vt 0.209872 0.267804
vt 0.209872 0.264435
vt 0.209913 0.266040
vt 0.581897 0.247062
vt 0.582164 0.246171
vt 0.588085 0.243081
vt 0.559801 0.813446
vt 0.578898 0.638896
vt 0.249578 0.637121
vt 0.249578 0.643382
vt 0.248676 0.641765
vt 0.248438 0.638298
vt 0.768938 0.622626
vt 0.240129 0.404318
vt 0.235241 0.421862
vt 0.714049 0.241844
vt 0.717207 0.240224
vt 0.714086 0.236416
vt 0.233647 0.417838
vt 0.228949 0.417743
vt 0.833507 0.734318
vt 0.838588 0.733225
vt 0.837307 0.734373
vt 0.178721 0.403624
vt 0.248808 0.566205
vt 0.250468 0.565895
vt 0.255012 0.439277
vt 0.213535 0.536195
vt 0.368903 0.458135
vt 0.619453 0.921915
vt 0.918699 0.868565
vt 0.902982 0.869208
vt 0.917573 0.108746
vt 0.588140 0.241980
vt 0.590898 0.241961
vt 0.368658 0.888670
vt 0.367083 0.840125
vt 0.368358 0.838865
vt 0.370030 0.888518
vt 0.168786 0.243000
vt 0.735546 0.602527
vt 0.701249 0.221537
vt 0.710668 0.232247
vt 0.717358 0.232619
vt 0.230925 0.413624
vt 0.918004 0.281354
vt 0.563294 0.431569
vt 0.563494 0.428342
vt 0.573457 0.427220
vt 0.573123 0.431408
vt 0.902798 0.756963
vt 0.929273 0.756900
vt 0.903221 0.758665
vt 0.178935 0.408801
vt 0.179214 0.403265
vt 0.179605 0.402054
vt 0.179695 0.316562
vt 0.634313 0.217858
vt 0.625183 0.217844
vt 0.179574 0.250495
vt 0.175009 0.239547
vt 0.220136 0.399751
vt 0.219779 0.401491
vt 0.219297 0.399834
vt 0.918266 0.000000
vt 0.401646 0.000462
vt 0.402144 0.110891
vt 0.674292 0.238698
vt 0.220136 0.483252
vt 0.749787 0.818778
vt 0.903973 0.041425
vt 0.905253 0.047103
vt 0.899935 0.032270
vt 0.834106 0.634307
vt 0.766599 0.167335
vt 0.765241 0.215609
vt 0.644101 0.239599
vt 0.643854 0.238505
vt 0.652682 0.239776
vt 0.903403 0.856874
vt 0.619523 0.819040
vt 0.620050 0.239737
vt 0.870615 0.154109
vt 0.533402 0.090048
vt 0.532438 0.089362
vt 0.902437 0.369042
vt 0.900078 0.374230
vt 0.905851 0.364332
vt 0.518980 0.089301
vt 0.517689 0.090041
vt 0.449582 0.090012
vt 0.448134 0.089244
vt 0.597391 0.238721
vt 0.533421 0.110531
vt 0.267050 0.405807
vt 0.267808 0.406844
vt 0.267029 0.427438
vt 0.449602 0.109124
vt 0.701699 0.451200
vt 0.598655 0.239770
vt 0.183474 0.623965
vt 0.183578 0.620024
vt 0.199153 0.618850
vt 0.199135 0.623437
vt 0.517776 0.110956
vt 0.800489 0.161423
vt 0.594874 0.240679
vt 0.620113 0.925312
vt 0.917465 0.106765
vt 0.908760 0.106176
vt 0.595199 0.240096
vt 0.908497 0.103892
vt 0.486489 0.219620
vt 0.486489 0.217315
vt 0.487529 0.218121
vt 0.448190 0.112591
vt 0.422331 0.219117
vt 0.421727 0.217699
vt 0.422331 0.214188
vt 0.875566 0.591847
vt 0.875566 0.586428
vt 0.491395 0.219623
vt 0.491395 0.217057
vt 0.492335 0.219127
vt 0.574005 0.422460
vt 0.573864 0.428781
vt 0.524373 0.116613
vt 0.520068 0.114531
vt 0.400963 0.889714
vt 0.247344 0.478159
vt 0.246710 0.479526
vt 0.246710 0.476811
vt 0.585275 0.419296
vt 0.443525 0.116303
vt 0.435512 0.114207
vt 0.438257 0.115948
vt 0.440773 0.116525
vt 0.433303 0.110740
vt 0.650446 0.411297
vt 0.503454 0.159359
vt 0.504592 0.158406
vt 0.814067 0.586364
vt 0.815282 0.585936
vt 0.458157 0.158492
vt 0.568695 0.704916
vt 0.569532 0.705621
vt 0.569565 0.704322
vt 0.416009 0.157998
vt 0.569406 0.661875
vt 0.414861 0.159292
vt 0.115252 0.560989
vt 0.803328 0.388363
vt 0.502495 0.173144
vt 0.582923 0.202304
vt 0.582965 0.218178
vt 0.052155 0.451760
vt 0.503371 0.173258
vt 0.505595 0.178261
vt 0.899830 0.564904
vt 0.905962 0.564918
vt 0.440043 0.218624
vt 0.440043 0.214188
vt 0.441223 0.215818
vt 0.414757 0.171620
vt 0.415294 0.173705
vt 0.546254 0.178070
vt 0.545652 0.177622
vt 0.547030 0.173875
vt 0.457303 0.216143
vt 0.456983 0.218197
vt 0.456983 0.214188
vt 0.254025 0.502412
vt 0.253519 0.497133
vt 0.254213 0.497197
vt 0.254213 0.493825
vt 0.454721 0.180994
vt 0.459548 0.174994
vt 0.417048 0.177913
vt 0.210467 0.536588
vt 0.209812 0.535333
vt 0.210467 0.529290
vt 0.511006 0.184617
vt 0.507902 0.181539
vt 0.510976 0.183494
vt 0.512825 0.184589
vt 0.453107 0.182011
vt 0.450978 0.183798
vt 0.720638 0.425549
vt 0.719922 0.428780
vt 0.421428 0.182420
vt 0.531600 0.187264
vt 0.212341 0.471000
vt 0.212825 0.467472
vt 0.212825 0.477061
vt 0.214355 0.568991
vt 0.213486 0.566564
vt 0.214355 0.562820
vt 0.525605 0.188730
vt 0.525827 0.188096
vt 0.824684 0.580039
vt 0.176423 0.831988
vt 0.177443 0.827125
vt 0.219836 0.521914
vt 0.219297 0.516070
vt 0.219836 0.515745
vt 0.253519 0.526770
vt 0.254370 0.533368
vt 0.253519 0.534344
vt 0.439316 0.187214
vt 0.720626 0.405179
vt 0.219297 0.502441
vt 0.219811 0.502831
vt 0.219297 0.509333
vt 0.504920 0.178278
vt 0.402113 0.212591
vt 0.936559 0.626515
vt 0.708258 0.803050
vt 0.439606 0.817077
vt 0.553274 0.219651
vt 0.645832 0.219624
vt 0.232686 0.411753
vt 0.230079 0.408954
vt 0.915823 0.193178
vt 0.186723 0.395336
vt 0.450595 0.219597
vt 0.450595 0.218338
vt 0.451536 0.219203
vt 0.183963 0.392988
vt 0.184984 0.393895
vt 0.750970 0.218931
vt 0.753041 0.217994
vt 0.754797 0.218675
vt 0.443581 1.000000
vt 0.443472 0.998798
vt 0.184345 0.353588
vt 0.184870 0.351849
vt 0.763776 0.217467
vt 0.765586 0.217144
vt 0.767631 0.217611
vt 0.402381 1.000000
vt 0.169788 0.614813
vt 0.167725 0.611893
vt 0.816095 0.211160
vt 0.449398 0.219324
vt 0.448334 0.219604
vt 0.448334 0.218378
vt 0.184053 0.308715
vt 0.185455 0.309878
vt 0.365167 0.890114
vt 0.367637 0.888890
vt 0.368814 0.890071
vt 0.365871 0.841382
vt 0.244033 0.641693
vt 0.244431 0.641215
vt 0.245336 0.641998
vt 0.360139 0.879598
vt 0.243127 0.640121
vt 0.241524 0.641779
vt 0.186874 0.266485
vt 0.444510 0.999842
vt 0.444399 0.949105
vt 0.751411 0.167203
vt 0.165092 0.550450
vt 0.715851 0.392104
vt 0.994301 0.193088
vt 0.443019 0.948603
vt 0.157863 0.616444
vt 0.148957 0.616498
vt 0.752854 0.165481
vt 0.764829 0.164848
vt 0.442309 0.943638
vt 0.766945 0.162753
vt 0.367020 0.835846
vt 0.365558 0.836558
vt 0.953847 0.139198
vt 0.244509 0.591440
vt 0.244892 0.587000
vt 0.245336 0.590098
vt 0.243415 0.586063
vt 0.242229 0.589930
vt 0.164574 0.525532
vt 0.524088 0.862593
vt 0.750970 0.161608
vt 0.432107 0.934680
vt 0.766845 0.159206
vt 0.765572 0.159889
vt 0.365167 0.831573
vt 0.367033 0.830343
vt 0.991389 0.136000
vt 0.956596 0.134045
vt 0.440945 0.940606
vt 0.436984 0.936415
vt 0.751328 0.158520
vt 0.751042 0.154109
vt 0.752911 0.159005
vt 0.753112 0.155051
vt 0.767631 0.157036
vt 0.767112 0.154109
vt 0.765765 0.154789
vt 0.988091 0.131364
vt 0.365434 0.826771
vt 0.367221 0.824140
vt 0.896272 0.623836
vt 0.961615 0.129183
vt 0.243518 0.579739
vt 0.244976 0.578820
vt 0.245039 0.581726
vt 0.825506 0.564904
vt 0.827546 0.566749
vt 0.431629 0.933164
vt 0.827307 0.593898
vt 0.825426 0.589673
vt 0.827423 0.589484
vt 0.825970 0.595004
vt 0.984138 0.128378
vt 0.723260 0.394530
vt 0.723542 0.398648
vt 0.721396 0.396635
vt 0.721882 0.400888
vt 0.965448 0.126988
vt 0.425483 0.932061
vt 0.051852 0.940242
vt 0.043224 0.941730
vt 0.419515 0.932124
vt 0.978778 0.126075
vt 0.971804 0.125425
vt 0.670070 0.212044
vt 0.679733 0.212046
vt 0.174082 0.640736
vt 0.655803 0.213155
vt 0.271291 0.569777
vt 0.272428 0.566082
vt 0.743530 0.189845
vt 0.743587 0.005714
vt 0.921608 0.527852
vt 0.252127 0.575944
vt 0.252303 0.570983
vt 0.253996 0.573722
vt 0.253594 0.576341
vt 0.563485 0.425538
vt 0.214388 0.399751
vt 0.214787 0.400509
vt 0.214800 0.564434
vt 0.214381 0.565366
vt 0.568755 0.793380
vt 0.634808 0.197110
vt 0.634787 0.195531
vt 0.569046 0.749327
vt 0.559916 0.749299
vt 0.593109 0.218675
vt 0.872189 0.194581
vt 0.871013 0.966922
vt 0.870991 0.965317
vt 0.873590 0.965250
vt 0.874541 0.966990
vt 0.634141 0.197390
vt 0.554597 0.846379
vt 0.634787 0.195531
vt 0.823851 0.594382
vt 0.824571 0.597340
vt 0.898968 0.541647
vt 0.895811 0.548784
vt 0.892357 0.553830
vt 0.886096 0.559253
vt 0.880086 0.562656
vt 0.875806 0.564074
vt 0.870843 0.564743
vt 0.865877 0.564709
vt 0.858093 0.563020
vt 0.850048 0.558595
vt 0.844092 0.552378
vt 0.840259 0.546257
vt 0.836912 0.434931
vt 0.915496 0.729102
vt 0.373378 0.541405
vt 0.553470 0.434284
vt 0.552982 0.433071
vt 0.898354 0.745595
vt 0.711167 0.428920
vt 0.710868 0.427651
vt 0.183977 0.268883
vt 0.875038 0.890938
vt 0.884862 0.890766
vt 0.541245 0.901914
vt 0.279870 0.900083
vt 0.273863 0.890158
vt 0.710174 0.227267
vt 0.713780 0.228632
vt 0.657603 0.464481
vt 0.234581 0.409022
vt 0.232203 0.407751
vt 0.464767 0.821066
vt 0.465415 0.823776
vt 0.172873 0.890161
vt 0.170849 0.889850
vt 0.169486 0.890245
vt 0.822012 0.966480
vt 0.816758 0.965325
vt 0.773914 0.965797
vt 0.254361 0.637043
vt 0.251527 0.637012
vt 0.558552 0.950397
vt 0.552913 0.950463
vt 0.190515 0.321022
vt 0.467326 0.931817
vt 0.462902 0.932061
vt 0.465384 0.219504
vt 0.464873 0.217916
vt 0.466211 0.217916
vt 0.826050 0.966745
vt 0.827168 0.965730
vt 0.187593 0.262791
vt 0.822374 0.966449
vt 0.822076 0.964804
vt 0.227327 0.811611
vt 0.224628 0.810914
vt 0.226188 0.810053
vt 0.224613 0.812008
vt 0.407940 0.930879
vt 0.407221 0.931944
vt 0.402381 0.932061
vt 0.649481 0.219913
vt 0.650818 0.219994
vt 0.938778 0.198614
vt 0.280067 0.907225
vt 0.277399 0.912247
vt 0.874826 0.913036
vt 0.873307 0.910213
vt 0.874826 0.965564
vt 0.462441 0.877274
vt 0.754165 0.163518
vt 0.816736 0.919074
vt 0.774340 0.914482
vt 0.773920 0.923386
vt 0.368184 0.837379
vt 0.368210 0.834679
vt 0.870640 0.915708
vt 0.869625 0.917085
vt 0.869508 0.914297
vt 0.897983 0.565556
vt 0.869354 0.911603
vt 0.827121 0.914998
vt 0.827186 0.917264
vt 0.865285 0.564904
vt 0.874949 0.564909
vt 0.159055 0.616227
vt 0.159008 0.629353
vt 0.820608 0.908167
vt 0.170080 0.831430
vt 0.172158 0.831347
vt 0.640904 0.419296
vt 0.642234 0.424531
vt 0.640904 0.426192
vt 0.764264 0.160439
vt 0.113817 0.917997
vt 0.560940 0.889522
vt 0.178125 0.767523
vt 0.176252 0.767768
vt 0.460957 0.872708
vt 0.646145 0.218436
vt 0.645031 0.219309
vt 0.645031 0.213412
vt 0.252216 0.643350
vt 0.252216 0.637043
vt 0.253235 0.641419
vt 0.547639 0.171901
vt 0.548355 0.172764
vt 0.242116 0.586652
vt 0.822838 0.908291
vt 0.227302 0.754887
vt 0.634807 0.212316
vt 0.345075 0.610403
vt 0.345881 0.608557
vt 0.349354 0.608434
vt 0.375150 0.608475
vt 0.610563 0.888137
vt 0.637945 0.431312
vt 0.636844 0.432985
vt 0.636834 0.426762
vt 0.810034 0.903663
vt 0.813093 0.907444
vt 0.779839 0.904665
vt 0.645636 0.196718
vt 0.655534 0.196554
vt 0.770613 0.906327
vt 0.268227 0.144957
vt 0.157528 0.145032
vt 0.158285 0.144006
vt 0.268499 0.144134
vt 0.520280 0.549769
vt 0.522955 0.548500
vt 0.527107 0.543399
vt 0.527017 0.522511
vt 0.525720 0.521385
vt 0.551533 0.581046
vt 0.242269 0.580985
vt 0.169486 0.828208
vt 0.170239 0.824922
vt 0.171945 0.824087
vt 0.171703 0.827710
vt 0.608561 0.884620
vt 0.813637 0.897984
vt 0.817467 0.901840
vt 0.805634 0.900576
vt 0.174893 0.635528
vt 0.176137 0.632313
vt 0.176137 0.639528
vt 0.413677 0.214188
vt 0.415064 0.217672
vt 0.413677 0.219198
vt 0.282670 0.550449
vt 0.284419 0.550127
vt 0.253470 0.568678
vt 0.563799 0.884678
vt 0.458883 0.868476
vt 0.868236 0.899003
vt 0.176380 0.758817
vt 0.177907 0.763161
vt 0.176377 0.763297
vt 0.639957 0.426469
vt 0.638775 0.421918
vt 0.639957 0.419296
vt 0.242459 0.575913
vt 0.225166 0.743139
vt 0.410318 0.870049
vt 0.415324 0.863526
vt 0.169744 0.820808
vt 0.602976 0.879149
vt 0.212277 0.477663
vt 0.210122 0.473461
vt 0.212258 0.471798
vt 0.824750 0.566126
vt 0.402079 0.147517
vt 0.470789 0.217821
vt 0.470789 0.214188
vt 0.472265 0.216848
vt 0.393948 0.891951
vt 0.824684 0.586859
vt 0.645321 0.426192
vt 0.645321 0.432159
vt 0.644070 0.428677
vt 0.252470 0.565895
vt 0.568829 0.879782
vt 0.177780 0.757387
vt 0.454154 0.862984
vt 0.865008 0.896702
vt 0.861716 0.895003
vt 0.398865 0.830140
vt 0.400201 0.824140
vt 0.400791 0.827478
vt 0.398764 0.825032
vt 0.449237 0.859250
vt 0.857661 0.898864
vt 0.720763 0.400076
vt 0.856800 0.899582
vt 0.853925 0.897229
vt 0.852735 0.898137
vt 0.720752 0.403892
vt 0.845764 0.897303
vt 0.720654 0.416804
vt 0.423900 0.215225
vt 0.425323 0.214188
vt 0.425323 0.219060
vt 0.632478 0.432979
vt 0.632478 0.427441
vt 0.633773 0.430247
vt 0.830632 0.897561
vt 0.833004 0.895218
vt 0.825911 0.902260
vt 0.227156 0.742326
vt 0.808440 0.894294
vt 0.599750 0.877366
vt 0.801567 0.892397
vt 0.803313 0.891970
vt 0.795795 0.890766
vt 0.254087 0.518930
vt 0.254087 0.526770
vt 0.253519 0.520767
vt 0.578460 0.875075
vt 0.572844 0.877178
vt 0.183560 0.616386
vt 0.199137 0.616227
vt 0.212056 0.441605
vt 0.210544 0.442853
vt 0.400064 0.831986
vt 0.400999 0.830852
vt 0.400326 0.836133
vt 0.443670 0.856748
vt 0.856583 0.892126
vt 0.859294 0.894051
vt 0.398601 0.835835
vt 0.848849 0.890766
vt 0.584519 0.431526
vt 0.574749 0.431526
vt 0.840486 0.892177
vt 0.400920 0.857222
vt 0.399924 0.856186
vt 0.400473 0.852205
vt 0.398586 0.854278
vt 0.399852 0.859524
vt 0.425177 0.857204
vt 0.420034 0.859897
vt 0.212320 0.457071
vt 0.209812 0.461118
vt 0.210560 0.455261
vt 0.212158 0.451551
vt 0.582977 0.873887
vt 0.210483 0.447117
vt 0.211954 0.447104
vt 0.400023 0.843929
vt 0.398464 0.841669
vt 0.400999 0.849970
vt 0.398584 0.847405
vt 0.432150 0.855507
vt 0.593257 0.861372
vt 0.669225 0.197157
vt 0.578075 0.860535
vt 0.656005 0.197790
vt 0.656276 0.195531
vt 0.656244 0.212423
vt 0.449398 0.219601
vt 0.449411 0.218378
vt 0.450428 0.219601
vt 0.443644 0.842253
vt 0.874826 0.915340
vt 0.702302 0.606880
vt 0.701884 0.626092
vt 0.443957 0.823012
vt 0.578248 0.840006
vt 0.593212 0.837938
vt 0.472964 0.217856
vt 0.472265 0.216250
vt 0.472967 0.214188
vt 0.580354 0.836286
vt 0.701620 0.629412
vt 0.443528 0.823047
vt 0.484351 0.215566
vt 0.483306 0.217446
vt 0.483306 0.214188
vt 0.562814 0.419296
vt 0.562814 0.426820
vt 0.492303 0.217057
vt 0.491395 0.215306
vt 0.583680 0.834503
vt 0.427297 0.219030
vt 0.426563 0.217533
vt 0.427297 0.214188
vt 0.574377 0.218949
vt 0.437059 0.815790
vt 0.574005 0.428698
vt 0.574088 0.422271
vt 0.429284 0.818040
vt 0.428893 0.817073
vt 0.558935 0.811834
vt 0.560220 0.812774
vt 0.557477 0.812994
vt 0.558822 0.794202
vt 0.557987 0.793330
vt 0.560077 0.704937
vt 0.560091 0.638952
vt 0.554692 0.632634
vt 0.870934 0.195079
vt 0.870953 0.211340
vt 0.246803 0.547436
vt 0.246803 0.533605
vt 0.248064 0.547239
vt 0.122696 0.611007
vt 0.221094 0.505725
vt 0.221090 0.519841
vt 0.219841 0.519677
vt 0.209773 0.545860
vt 0.194408 0.458887
vt 0.196937 0.458263
vt 0.193065 0.458780
vt 0.195660 0.503622
vt 0.191347 0.501176
vt 0.195962 0.502395
vt 0.593585 0.199220
vt 0.196096 0.546617
vt 0.197092 0.590930
vt 0.195260 0.590454
vt 0.193388 0.589676
vt 0.191159 0.459424
vt 0.952453 0.193772
vt 0.593411 0.197774
vt 0.461020 0.219588
vt 0.461020 0.217974
vt 0.462095 0.218557
vt 0.189618 0.549487
vt 0.593601 0.195531
vt 0.190170 0.588368
vt 0.209812 0.562882
vt 0.209812 0.556523
vt 0.210564 0.558902
vt 0.173139 0.640687
vt 0.172055 0.634944
vt 0.173139 0.633725
vt 0.913313 0.589967
vt 0.906436 0.589940
vt 0.266866 0.439083
vt 0.266096 0.437362
vt 0.266866 0.436598
vt 0.709963 0.394530
vt 0.186902 0.552575
vt 0.709999 0.429247
vt 0.114713 0.616184
vt 0.119742 0.612948
vt 0.176729 0.439560
vt 0.183013 0.468848
vt 0.183293 0.470477
vt 0.181909 0.469377
vt 0.184595 0.465983
vt 0.247344 0.472936
vt 0.246710 0.468647
vt 0.814046 0.572564
vt 0.181553 0.472701
vt 0.908448 0.057412
vt 0.814056 0.579420
vt 0.159017 0.640667
vt 0.166276 0.550030
vt 0.166292 0.537919
vt 0.209744 0.503574
vt 0.710069 0.399178
vt 0.182534 0.559888
vt 0.710097 0.406065
vt 0.710002 0.403507
vt 0.181604 0.561294
vt 0.181981 0.562509
vt 0.710052 0.413951
vt 0.710110 0.420220
vt 0.709999 0.424266
vt 0.892801 0.894043
vt 0.432828 0.214188
vt 0.432828 0.218879
vt 0.431512 0.215941
vt 0.185732 0.583134
vt 0.072924 0.920593
vt 0.181330 0.486507
vt 0.182137 0.489658
vt 0.183923 0.493854
vt 0.187467 0.498117
vt 0.176226 0.613158
vt 0.230370 0.648994
vt 0.227934 0.823392
vt 0.167436 0.438203
vt 0.164684 0.444305
vt 0.165010 0.439851
vt 0.164522 0.448816
vt 0.871321 0.154556
vt 0.164909 0.488392
vt 0.826123 0.154109
vt 0.164753 0.501036
vt 0.164518 0.514699
vt 0.891793 0.677263
vt 0.890840 0.672941
vt 0.164077 0.537002
vt 0.667859 0.212519
vt 0.664362 0.212632
vt 0.095741 0.249328
vt 0.164254 0.562570
vt 0.209860 0.302906
vt 0.210099 0.306076
vt 0.209860 0.309207
vt 0.165106 0.564385
vt 0.958998 0.131235
vt 0.437259 0.218741
vt 0.437259 0.214188
vt 0.437722 0.216565
vt 0.164592 0.576238
vt 0.479735 0.219614
vt 0.480156 0.217581
vt 0.480968 0.219614
vt 0.166325 0.612962
vt 0.167623 0.613569
vt 0.159165 0.439511
vt 0.157707 0.438647
vt 0.719403 0.222339
vt 0.435777 0.218694
vt 0.433855 0.218261
vt 0.434704 0.217679
vt 0.712199 0.606932
vt 0.898354 0.727621
vt 0.402816 0.930656
vt 0.889999 0.590812
vt 0.532960 0.801450
vt 0.467275 0.888401
vt 0.907495 0.675060
vt 0.907310 0.670093
vt 0.553831 0.852791
vt 0.618139 0.847519
vt 0.154110 0.612938
vt 0.224587 0.745663
vt 0.467258 0.829849
vt 0.209999 0.331231
vt 0.210502 0.330282
vt 0.210502 0.386589
vt 0.541195 0.900538
vt 0.533375 0.900465
vt 0.212715 0.467472
vt 0.212341 0.457690
vt 0.212730 0.451724
vt 0.209863 0.410757
vt 0.210396 0.408473
vt 0.210396 0.425379
vt 0.896503 0.185997
vt 0.777155 0.009875
vt 0.403722 0.827827
vt 0.926475 0.016396
vt 0.926470 0.015032
vt 0.918366 0.014617
vt 0.579772 0.811974
vt 0.557707 0.837840
vt 0.556010 0.841164
vt 0.918473 0.011873
vt 0.926320 0.012259
vt 0.926841 0.013815
vt 0.226457 0.637526
vt 0.228643 0.638110
vt 0.228659 0.643818
vt 0.226339 0.643953
vt 0.860664 0.893551
vt 0.406038 0.819869
vt 0.614574 0.836938
vt 0.824191 0.585759
vt 0.906598 0.610030
vt 0.209860 0.292743
vt 0.210027 0.288772
vt 0.210027 0.296474
vt 0.589171 0.834374
vt 0.585264 0.833329
vt 0.714638 0.451733
vt 0.242951 0.832136
vt 0.264908 0.920490
vt 0.838033 0.565071
vt 0.603652 0.824171
vt 0.212881 0.691950
vt 0.210749 0.691750
vt 0.112742 0.000841
vt 0.656408 0.389172
vt 0.659075 0.388996
vt 0.449036 0.803701
vt 0.421423 0.803520
vt 0.596515 0.820381
vt 0.577247 0.819865
vt 0.370322 0.888584
vt 0.437420 0.800270
vt 0.428610 0.800993
vt 0.822032 0.914296
vt 0.773208 0.578778
vt 0.553605 0.816829
vt 0.221074 0.467942
vt 0.220136 0.467118
vt 0.221074 0.448260
vt 0.272377 0.563440
vt 0.274209 0.561657
vt 0.701755 0.220155
vt 0.172001 0.435722
vt 0.173429 0.435787
vt 0.703147 0.219624
vt 0.174042 0.436934
vt 0.227448 0.645941
vt 0.038335 0.439391
vt 0.045139 0.441535
vt 0.174047 0.614872
vt 0.172687 0.614822
vt 0.230432 0.819562
vt 0.246700 0.401410
vt 0.245397 0.400673
vt 0.171878 0.616227
vt 0.170025 0.435618
vt 0.736505 0.601324
vt 0.477185 0.217083
vt 0.475107 0.217729
vt 0.475107 0.214188
vt 0.242468 0.401043
vt 0.477015 0.214333
vt 0.243545 0.400653
vt 0.268306 0.000186
vt 0.210096 0.312321
vt 0.209860 0.313742
vt 0.209860 0.309206
vt 0.505872 0.931571
vt 0.502813 0.931893
vt 0.497081 0.932049
vt 0.493355 0.931488
vt 0.485567 0.928687
vt 0.480310 0.925373
vt 0.477346 0.922386
vt 0.473575 0.917910
vt 0.469719 0.910814
vt 0.469176 0.908670
vt 0.468691 0.906483
vt 0.468174 0.904182
vt 0.467477 0.902661
vt 0.150715 0.436571
vt 0.152151 0.435485
vt 0.152113 0.437062
vt 0.150289 0.435304
vt 0.435777 0.214188
vt 0.427731 0.214188
vt 0.429222 0.214281
vt 0.152148 0.615935
vt 0.150468 0.616128
vt 0.149245 0.435604
vt 0.148736 0.436938
vt 0.174561 0.642065
vt 0.174431 0.705248
vt 0.221313 0.401324
vt 0.222072 0.400743
vt 0.936170 0.722836
vt 0.936780 0.724396
vt 0.917524 0.724252
vt 0.760853 0.895478
vt 0.398767 0.859269
vt 0.211912 0.792017
vt 0.896648 0.194336
vt 0.888453 0.193878
vt 0.896920 0.189911
vt 0.806097 0.179254
vt 0.219297 0.400238
vt 0.218984 0.564298
vt 0.672193 0.219660
vt 0.896920 0.154225
vt 0.888661 0.154109
vt 0.169441 0.640603
vt 0.159673 0.640619
vt 0.805852 0.211203
vt 0.582872 0.196088
vt 0.582923 0.211004
vt 0.702329 0.632325
vt 0.712214 0.631709
vt 0.209937 0.252669
vt 0.209872 0.256392
vt 0.209872 0.247899
vt 0.654096 0.219712
vt 0.807073 0.157488
vt 0.906653 0.670640
vt 0.805852 0.154109
vt 0.606090 0.443692
vt 0.609232 0.442989
vt 0.606511 0.442031
vt 0.569415 0.273855
vt 0.286682 0.519367
vt 0.287785 0.518828
vt 0.701048 0.443191
vt 0.024447 0.341227
vt 0.021109 0.338154
vt 0.021047 0.334347
vt 0.001803 0.334393
vt 0.747399 0.177151
vt 0.747328 0.194933
vt 0.927103 0.007623
vt 0.419727 0.249137
vt 0.633452 0.427441
vt 0.632478 0.419298
vt 0.634474 0.419296
vt 0.701620 0.443403
vt 0.221313 0.219812
vt 0.227121 0.220248
vt 0.262748 0.219993
vt 0.433948 0.214457
vt 0.214746 0.219812
vt 0.268499 0.405807
vt 0.261873 0.405141
vt 0.261603 0.219812
vt 0.437904 0.855345
vt 0.805994 0.433006
vt 0.553389 0.633223
vt 0.552913 0.634549
vt 0.919352 0.722489
vt 0.208786 0.321100
vt 0.532358 0.800270
vt 0.208443 0.256508
vt 0.835674 0.154723
vt 0.200359 0.236575
vt 0.246763 0.423555
vt 0.247526 0.422677
vt 0.247526 0.439943
vt 0.247336 0.439943
vt 0.247336 0.456280
vt 0.246763 0.454993
vt 0.181711 0.566509
vt 0.183095 0.865849
vt 0.376094 0.644493
vt 0.402381 0.644509
vt 0.835647 0.207036
vt 0.400679 0.628178
vt 0.356185 0.628108
vt 0.933607 0.087709
vt 0.367343 0.641368
vt 0.584862 0.443116
vt 0.554502 0.443401
vt 0.595739 0.439104
vt 0.599074 0.439821
vt 0.359773 0.439129
vt 0.930745 0.077604
vt 0.602892 0.440949
vt 0.456983 0.218183
vt 0.456324 0.216741
vt 0.456983 0.214188
vt 0.355414 0.543496
vt 0.352776 0.543198
vt 0.356779 0.543159
vt 0.350459 0.627778
vt 0.850588 0.591895
vt 0.410707 0.214188
vt 0.410707 0.219342
vt 0.410183 0.217107
vt 0.348783 0.543346
vt 0.351691 0.543438
vt 0.945921 0.061027
vt 0.949800 0.065141
vt 0.968174 0.069943
vt 0.985880 0.050658
vt 0.985362 0.065124
vt 0.973585 0.745893
vt 0.979891 0.740802
vt 0.983640 0.734356
vt 0.984914 0.732015
vt 0.352073 0.636340
vt 0.350703 0.635868
vt 0.350276 0.459107
vt 0.541719 0.856925
vt 0.180611 0.840088
vt 0.181630 0.843509
vt 0.356334 0.864871
vt 0.361413 0.874388
vt 0.345991 0.634357
vt 0.542141 0.900448
vt 0.297166 0.460028
vt 0.742169 0.004487
vt 0.564402 0.004762
vt 0.562754 0.005351
vt 0.562058 0.006793
vt 0.562100 0.189363
vt 0.562900 0.191002
vt 0.564345 0.191388
vt 0.742487 0.191213
vt 0.297580 0.544294
vt 0.298165 0.543279
vt 0.468845 0.214188
vt 0.470661 0.214714
vt 0.470789 0.217773
vt 0.468845 0.217834
vt 0.296047 0.460133
vt 0.293198 0.459403
vt 0.927860 0.618641
vt 0.927755 0.616320
vt 0.294848 0.522972
vt 0.293762 0.521637
vt 0.296467 0.522375
vt 0.297164 0.523179
vt 0.927222 0.018679
vt 0.294676 0.545003
vt 0.296035 0.544928
vt 0.271672 0.485263
vt 0.272505 0.480972
vt 0.293018 0.461237
vt 0.289791 0.462467
vt 0.289866 0.519909
vt 0.289826 0.521689
vt 0.927345 0.011315
vt 0.291962 0.545781
vt 0.287391 0.547756
vt 0.542037 0.913062
vt 0.281630 0.462468
vt 0.272691 0.505859
vt 0.283068 0.548466
vt 0.272544 0.560039
vt 0.287270 0.464192
vt 0.282890 0.600195
vt 0.290691 0.604957
vt 0.398711 0.863779
vt 0.400708 0.861765
vt 0.114688 0.220171
vt 0.114717 0.239620
vt 0.119822 0.239689
vt 0.928703 0.602906
vt 0.936780 0.602528
vt 0.277439 0.556410
vt 0.210100 0.265281
vt 0.210069 0.268715
vt 0.210069 0.260882
vt 0.268307 0.014159
vt 0.812162 0.388498
vt 0.273578 0.503746
vt 0.209868 0.280666
vt 0.209862 0.271008
vt 0.209963 0.275601
vt 0.274153 0.559630
vt 0.402381 0.754607
vt 0.020077 0.937816
vt 0.271283 0.581976
vt 0.229442 0.582680
vt 0.210110 0.219812
vt 0.210110 0.260882
vt 0.210069 0.227267
vt 0.254441 0.439745
vt 0.552913 0.444244
vt 0.207965 0.425315
vt 0.208589 0.405742
vt 0.594885 0.438068
vt 0.851514 0.154109
vt 0.861347 0.154235
vt 0.933209 0.085086
vt 0.364079 0.543195
vt 0.366676 0.543280
vt 0.367882 0.543106
vt 0.371168 0.543100
vt 0.730063 0.560210
vt 0.862517 0.391013
vt 0.362801 0.543414
vt 0.597221 0.438327
vt 0.375068 0.627043
vt 0.209711 0.423393
vt 0.942026 0.486281
vt 0.209815 0.322261
vt 0.401537 0.627173
vt 0.835888 0.433006
vt 0.841225 0.433106
vt 0.664221 0.646796
vt 0.375690 0.542874
vt 0.401523 0.543372
vt 0.937182 0.097013
vt 0.682584 0.592243
vt 0.433800 0.675711
vt 0.374562 0.543398
vt 0.375002 0.458847
vt 0.733453 0.666403
s 1
usemtl Volume271
f 1543/1/1 1568/2/1 1587/3/2 1569/4/3
f 242/5/4 317/6/5 243/7/6 144/8/7
f 680/9/8 678/10/9 485/11/10 617/12/11
f 2/13/12 5/14/13 6/15/14
f 4735/16/15 4653/17/16 4518/18/17 4498/19/15 4504/20/18 4647/21/19
f 943/22/20 1050/23/21 1043/24/22 1035/25/23
f 1363/26/24 1370/27/24 1369/28/25 1357/29/26
f 2569/30/27 2675/31/28 2568/32/29 27/33/30
f 3095/34/31 3375/35/31 3170/36/31 3097/37/31
f 16/38/32 2578/39/33 12/40/34
f 18/41/35 15/42/36 2577/43/37
f 2576/44/38 2575/45/39 20/46/40
f 2571/47/41 2576/44/42 21/48/43
f 20/46/40 21/48/44 2576/44/38
f 18/49/45 2574/50/46 24/51/47
f 23/52/48 24/51/49 2573/53/50
f 25/54/51 2570/55/52 26/56/53
f 2571/47/54 26/56/55 2570/55/56
f 3345/57/57 3258/58/57 3346/59/58 3259/60/59 3202/61/57 3201/62/60 3255/63/61
f 491/64/62 337/65/63 336/66/64 488/67/65
f 2387/68/66 2340/69/66 2337/70/66 2385/71/66
f 1332/72/67 1333/73/67 1299/74/67 1291/75/67
f 3143/76/68 3203/77/69 3259/60/59 3346/59/58 3256/78/69 3200/79/70
f 2367/80/71 2368/81/71 2371/82/72 2369/83/73
f 231/84/74 235/85/74 233/86/74 223/87/74
f 2429/88/75 2431/89/75 2433/90/75 2435/91/75
f 554/92/76 490/93/77 620/94/78 682/95/79 779/96/80 1470/97/81
f 831/98/82 1075/99/83 1028/100/84 1072/101/85 740/102/86 830/103/87
f 2711/104/88 2760/105/89 2803/106/90 2713/107/91 2712/108/92
f 8/109/93 2586/110/94 2587/111/95 7/112/96
f 1415/113/97 683/114/97 493/115/97 46/116/97 48/117/97 2706/118/98 2665/119/99 1665/120/97
f 47/121/100 2560/122/101 2561/123/102
f 54/124/103 47/121/100 2561/123/102
f 2557/125/104 48/117/105 57/126/106
f 261/127/107 50/128/108 57/126/106 48/117/105 46/116/109
f 3066/129/110 3059/130/110 2989/131/110 2982/132/110 2981/133/110 2988/134/110 2998/135/110 3069/136/110 3159/137/110 3211/138/110 3354/139/111 3208/140/112 3154/141/110
f 49/142/113 57/126/113 51/143/113
f 57/126/106 50/128/108 51/143/114
f 2561/123/115 52/144/115 53/145/115
f 54/124/103 2561/123/102 53/145/116
f 2554/146/117 2558/147/117 58/148/117
f 175/149/118 55/150/118 52/144/119 2559/151/120 2555/152/121
f 770/153/122 811/154/123 814/155/124 733/156/125
f 55/150/126 53/145/126 52/144/126
f 2554/146/127 58/148/127 61/157/127
f 59/158/128 2554/146/129 60/159/130
f 61/157/131 60/159/130 2554/146/129
f 930/160/132 473/161/132 339/162/132 1/163/132
f 699/164/133 756/165/134 755/166/134 698/167/135
f 68/168/136 72/169/137 76/170/138
f 2364/171/139 2365/172/140 2306/173/141 2307/174/141
f 76/170/138 72/169/137 79/175/142
f 4188/176/143 3850/177/143 3852/178/143 4616/179/143
f 3370/180/144 3369/181/145 3219/182/146 3300/183/147
f 103/184/148 96/185/148 95/186/148
f 2023/187/149 2024/188/150 2025/189/151 87/190/151
f 99/191/152 100/192/153 105/193/154
f 108/194/155 94/195/155 101/196/155
f 103/184/156 2550/197/156 102/198/156
f 102/198/157 2550/197/157 2549/199/157
f 96/200/158 103/201/158 102/202/158
f 96/200/159 102/202/160 104/203/161 98/204/162 97/205/163
f 111/206/164 107/207/164 205/208/164 106/209/164 109/210/164
f 2459/211/165 2458/212/165 4594/213/165 4436/214/165 4435/215/165
f 917/216/166 777/217/167 776/218/168 829/219/169 1000/220/170
f 205/221/171 107/222/172 101/196/173
f 109/223/174 106/224/174 2545/225/174
f 111/206/175 109/210/176 110/226/177
f 2531/227/178 2537/228/178 2545/225/178
f 114/229/179 116/230/180 119/231/181
f 838/232/182 928/233/182 924/234/183 839/235/184
f 2523/236/185 115/237/185 215/238/185
f 2775/239/186 2812/240/187 2779/241/188 2733/242/189
f 120/243/190 212/244/191 117/245/192
f 123/246/193 219/247/194 112/248/195
f 126/249/196 125/250/197 124/251/198
f 118/252/199 124/251/200 215/253/201
f 124/251/198 118/252/202 126/249/196
f 124/254/203 2523/236/204 215/238/205
f 120/255/206 119/256/207 121/257/208
f 125/250/209 128/258/210 124/251/211
f 125/250/209 130/259/212 128/258/210
f 130/259/212 129/260/213 128/258/210
f 125/261/214 126/262/214 130/263/214
f 128/264/215 2523/236/204 124/254/203
f 1099/265/216 1111/266/216 1110/267/216 1098/268/216
f 1322/269/217 1320/270/217 1246/271/217 1281/272/217
f 136/273/218 141/274/219 138/275/220
f 141/274/219 136/273/218 140/276/221
f 139/277/222 141/278/222 140/279/222
f 3496/280/223 4368/281/223 4345/282/223 4135/283/223
f 201/284/224 286/285/225 100/192/153 99/191/152
f 133/286/226 143/287/227 134/288/228
f 4260/289/229 4258/290/230 4106/291/230 4107/292/231
f 634/293/232 635/294/232 695/295/233 696/296/234
f 240/297/235 2520/298/236 2519/299/237
f 143/300/238 2521/301/238 134/302/238
f 3289/303/239 3161/304/239 3214/305/239 3276/306/239
f 3139/307/240 2966/308/241 2887/309/242 2965/310/243
f 2213/311/244 2188/312/244 2189/313/245 2211/314/246
f 3295/315/247 3294/316/247 3286/317/247 3287/318/247
f 145/319/248 147/320/249 146/321/250
f 149/322/251 151/323/251 150/324/251
f 151/325/252 149/326/252 150/327/252
f 3413/328/253 3411/329/254 3348/330/255 3265/331/256
f 558/332/257 687/333/257 627/334/257 564/335/257
f 2525/336/258 116/230/259 114/229/259 113/337/259 297/338/259 526/339/260 448/340/261 292/341/259 290/342/259 375/343/259 515/344/259 590/345/259 649/346/259 713/347/262 647/348/263 758/349/259 644/350/264 426/351/265 285/352/259 203/353/266 104/354/267 2546/355/259 2539/356/259 2647/357/259 2624/358/259 2602/359/268
f 2808/360/269 2806/361/270 2723/362/271
f 24/51/47 19/363/272 18/49/45
f 19/364/273 154/365/274 18/366/275
f 15/367/276 18/368/275 154/369/274
f 24/51/47 155/370/277 19/363/272
f 17/371/278 20/372/40 2575/373/39
f 1456/374/279 1142/375/280 1420/376/281 3189/377/282 2261/378/283 1023/379/284
f 155/370/285 24/51/49 23/52/48
f 156/380/286 23/52/286 22/381/286
f 157/382/287 25/54/287 158/383/287
f 26/56/53 158/383/288 25/54/51
f 159/384/289 158/383/288 26/56/53
f 158/383/290 160/385/290 157/382/290
f 2881/386/291 2879/387/292 2762/388/293 2717/389/294 2766/390/295
f 923/391/296 1010/392/297 1093/393/298 926/394/296
f 3892/395/299 3893/396/299 3876/397/299 3890/398/299
f 573/399/300 574/400/300 572/401/300 571/402/300
f 1015/403/301 1017/404/302 682/95/79 620/94/78 1082/405/303
f 2582/406/304 8/407/93 148/408/305 13/409/306
f 32/410/307 166/411/308 33/412/309
f 1083/413/310 1412/414/311 1085/415/312 1084/416/313 1080/417/314
f 171/418/315 45/419/316 47/121/317
f 171/418/318 47/121/319 170/420/320
f 171/418/315 169/421/321 45/419/316
f 51/143/322 50/128/323 172/422/324
f 4524/423/325 4320/424/326 4123/425/327
f 173/426/328 47/121/328 54/124/328
f 170/420/329 47/121/330 173/426/331
f 61/157/332 58/148/333 49/142/334
f 49/142/335 51/143/335 61/157/335
f 61/157/336 51/143/337 174/427/338
f 176/428/339 55/150/339 175/149/339
f 173/426/340 55/150/341 176/428/342
f 61/157/343 177/429/343 60/159/343
f 174/427/344 177/429/344 61/157/344
f 3256/78/345 3347/430/346 3257/431/347 3200/79/348
f 1058/432/349 1059/433/350 3673/434/351 1465/435/352 1458/436/353
f 2614/437/354 2601/438/355 2784/439/356 2687/440/356
f 2960/441/357 3192/442/358 3131/443/359 2962/444/360
f 183/445/361 188/446/362 68/168/363
f 3813/447/364 3810/448/365 3811/449/365 3812/450/366
f 68/451/363 188/452/362 72/453/367
f 69/454/368 180/455/368 265/456/368
f 69/454/369 185/457/369 180/455/369
f 185/457/370 181/458/371 180/455/372
f 3587/459/373 3462/460/374 3461/461/375 3589/462/373
f 181/458/371 185/457/370 278/463/376
f 1609/464/377 1610/465/377 1596/466/377 1595/467/377
f 75/468/378 70/469/379 190/470/380
f 190/470/380 70/469/379 186/471/381
f 184/472/382 74/473/383 189/474/384
f 537/475/385 393/476/386 476/477/387 536/478/388
f 189/474/389 74/473/389 193/479/389
f 81/480/390 75/481/390 190/482/390
f 193/483/391 74/484/391 77/485/391
f 4801/486/392 4790/487/393 4789/488/394 4800/489/394
f 81/490/395 190/491/395 82/492/395
f 77/485/396 80/493/396 193/483/396
f 78/494/397 84/495/397 194/496/397
f 4125/497/398 4122/498/398 3915/499/398 3920/500/398
f 194/496/399 191/501/399 78/494/399
f 79/502/400 195/503/401 196/504/402
f 192/505/403 195/506/401 79/507/400
f 72/453/404 188/452/404 192/508/404 79/509/404
f 77/510/405 197/511/405 80/512/405
f 80/513/406 197/514/406 198/515/406
f 198/515/407 82/516/407 80/513/407
f 199/517/408 82/516/408 198/515/408
f 82/516/409 2551/518/410 81/519/411
f 2551/518/410 82/516/409 199/517/412
f 86/520/413 2551/518/414 199/517/415
f 532/521/416 611/522/416 667/523/416 531/524/416
f 965/525/417 970/526/417 954/527/418 955/528/419
f 95/186/420 96/185/421 93/529/422
f 93/529/422 96/185/421 202/530/423
f 98/204/424 203/531/424 97/205/424
f 2009/532/425 2072/533/425 1878/534/425 1883/535/425
f 1473/536/426 1474/537/426 1178/538/426 1176/539/426
f 104/354/267 203/353/266 98/540/427
f 763/541/428 764/542/429 725/543/430 665/544/431
f 1907/545/432 1916/546/433 1917/547/434 1908/548/435
f 114/549/436 209/550/436 210/551/436
f 113/337/437 114/229/437 210/552/437
f 214/553/438 211/554/439 300/555/440
f 837/556/441 927/557/442 925/558/442 840/559/443
f 211/560/444 215/238/444 115/237/444
f 211/560/445 115/237/445 295/561/445
f 114/549/446 117/562/192 209/550/447
f 212/563/191 209/550/447 117/562/192
f 215/253/448 211/554/439 214/553/438
f 126/249/196 118/252/202 213/564/449
f 240/565/450 2519/566/450 135/567/450 236/568/450
f 230/569/451 221/570/451 127/571/451
f 217/572/452 221/570/453 222/573/454
f 222/573/454 218/574/455 217/572/456
f 123/575/457 224/576/458 219/577/459
f 123/575/460 225/578/461 224/576/462
f 224/576/458 225/578/463 226/579/464
f 2011/580/465 2008/581/466 1881/582/467 1886/583/465
f 228/584/468 225/578/469 227/585/470
f 226/579/471 225/578/469 228/584/468
f 127/571/472 229/586/472 230/569/472
f 222/573/454 231/587/473 218/574/455
f 231/84/474 223/87/474 218/588/474
f 232/589/475 225/590/461 123/591/460
f 225/578/476 232/592/476 227/585/476
f 231/587/477 230/569/478 229/586/479
f 918/593/480 916/594/481 827/595/482 988/596/483
f 2397/597/484 2395/598/485 2396/599/486 2442/600/487 2441/601/488
f 138/602/489 229/586/489 127/571/489
f 234/603/490 229/604/490 138/275/490
f 1834/605/491 932/606/492 1018/607/493 1833/608/493
f 137/609/494 2520/610/495 131/611/496
f 138/275/497 141/274/497 234/603/497
f 235/612/498 234/613/499 238/614/500
f 234/613/501 141/615/501 238/614/501
f 238/616/502 141/278/502 239/617/502
f 235/85/503 238/618/503 233/86/503
f 237/619/504 2520/610/504 240/620/504
f 237/619/505 240/620/505 236/621/505
f 4600/622/506 4601/623/507 4608/624/508 4599/625/509
f 1485/626/510 1493/627/510 1290/628/510 1268/629/510
f 244/630/511 9/631/512 241/632/513
f 245/633/514 220/634/515 1/163/516
f 320/635/517 19/363/272 155/370/277
f 320/635/518 154/636/519 19/363/520
f 20/46/40 249/637/521 324/638/522
f 249/639/521 20/372/40 17/371/278
f 250/640/523 23/52/523 156/380/523
f 155/370/524 23/52/525 250/640/526
f 250/640/526 325/641/527 155/370/524
f 160/385/528 158/383/528 251/642/528
f 2991/643/529 3062/644/529 3067/645/529 3152/646/529 3206/647/529 3348/648/529 3411/649/529 3522/650/529 3583/651/529 3584/652/529 3698/653/529 3688/654/529 3687/655/529 3685/656/529 3765/657/529 3630/658/529 3588/659/529 3527/660/529 3460/661/529 3352/662/529 3270/663/529 3156/664/529 2996/665/529 2993/666/529 2977/667/529 2984/668/529 2990/669/529
f 2213/311/530 2211/314/530 2208/670/530 2179/671/530
f 3344/672/531 3345/57/532 3255/63/533 3343/673/534
f 3892/395/535 4116/674/535 4311/675/535 4117/676/535 3894/677/535
f 3766/678/536 3768/679/537 3805/680/538 3763/681/538
f 1346/682/539 1350/683/539 1354/684/539
f 35/685/540 166/411/308 167/686/541
f 260/687/542 171/418/318 170/420/320
f 408/688/543 562/689/544 495/690/545 340/691/545
f 172/422/546 50/128/108 261/127/107
f 348/692/547 347/693/547 275/694/547 276/695/547
f 262/696/548 170/420/329 173/426/331
f 263/697/549 170/420/550 262/696/551
f 263/697/549 262/696/551 264/698/552
f 266/699/553 174/427/338 51/143/337
f 3577/700/554 3575/701/555 3448/702/556 3399/703/557
f 267/704/558 174/427/559 266/699/560
f 262/696/561 173/426/340 176/428/342
f 175/149/562 262/696/561 176/428/342
f 174/427/563 269/705/563 177/429/563
f 60/159/564 177/429/564 269/705/564
f 4/706/565 241/632/513 9/631/512 7/707/96
f 29/708/566 2674/709/567 2677/710/568 157/711/569 28/712/570
f 4669/713/571 4544/714/571 4545/715/572 4552/716/573
f 179/717/574 277/718/574 178/719/574
f 65/720/575 277/718/575 179/717/575
f 277/718/576 65/720/576 349/721/576
f 181/458/577 278/463/578 272/722/579
f 272/722/580 279/723/581 273/724/582
f 278/463/376 185/457/370 279/723/583
f 272/722/584 278/463/376 279/723/583
f 1946/725/585 2111/726/585 2098/727/585 2091/728/586 2015/729/587
f 436/730/588 445/731/588 444/732/588 446/733/588
f 2739/734/589 2736/735/590 2779/241/188 2814/736/591 2782/737/591
f 91/738/592 200/739/593 283/740/594
f 202/530/423 284/741/595 93/529/422
f 284/741/596 200/739/597 93/529/598
f 283/740/599 200/739/597 284/741/596
f 646/742/600 706/743/601 645/744/602 586/745/600 588/746/600
f 57/126/603 49/142/334 58/148/333 2558/147/603
f 3722/747/604 3728/748/604 3717/749/604 3715/750/604
f 113/337/605 210/552/605 297/338/605
f 296/751/606 298/752/607 210/753/608
f 297/754/609 210/753/609 298/752/609
f 300/755/440 301/756/610 302/757/611
f 210/753/612 209/758/613 296/751/614
f 209/759/613 299/760/615 296/761/614
f 212/244/616 299/760/616 209/759/616
f 300/755/440 211/762/439 301/756/610
f 1872/763/617 2001/764/617 2000/765/618 1871/766/619
f 1471/767/620 1466/768/620 1163/769/620 1174/770/620
f 211/560/621 295/561/622 301/771/623
f 303/772/624 386/773/625 216/774/626
f 308/775/627 311/776/627 307/777/627
f 304/778/628 217/572/456 218/574/455
f 216/779/629 221/570/453 217/572/452
f 304/778/630 303/780/631 217/572/632
f 217/781/633 303/782/624 216/783/626
f 218/588/634 309/784/634 304/785/634
f 305/786/635 304/785/636 309/784/637
f 1334/787/638 1364/788/638 1358/789/638 1338/790/638
f 224/576/458 310/791/639 219/577/459
f 310/792/639 311/793/640 219/794/459
f 307/795/641 311/796/641 310/797/641
f 219/798/642 311/799/642 306/800/642
f 218/588/643 223/87/643 309/784/643
f 1979/801/644 1836/802/644 1837/803/645 1980/804/646
f 310/791/647 228/584/468 307/805/648
f 224/576/458 226/579/464 310/791/639
f 310/791/647 226/579/471 228/584/468
f 312/806/649 314/807/650 220/808/651
f 315/809/652 312/806/649 220/808/651
f 2107/810/653 2109/811/653 1944/812/653 1941/813/653 2103/814/653
f 245/633/654 1/163/654 339/162/654
f 2486/815/655 2463/816/656 2467/817/657 2487/818/655 2485/819/658 2458/212/659
f 3841/820/660 3844/821/661 3838/822/662
f 2862/823/663 3005/824/664 2939/825/665 2938/826/665
f 2710/827/666 2671/828/667 2759/829/668 2709/830/669
f 4203/831/670 4059/832/670 4042/833/670 4198/834/670
f 321/835/671 154/836/519 320/837/518
f 321/835/671 322/838/672 154/836/519
f 248/839/673 323/840/674 249/639/521
f 248/839/675 249/639/676 17/371/677
f 249/637/521 323/841/674 324/638/522
f 998/842/678 1081/843/679 1413/844/680 1087/845/681
f 250/640/682 156/380/682 326/846/682
f 155/370/683 325/641/684 320/635/685
f 326/847/686 325/848/527 250/849/526
f 325/850/687 326/851/688 396/852/689
f 252/853/690 159/384/691 324/638/692
f 327/854/693 160/855/693 251/856/693
f 252/857/690 324/858/692 323/859/694
f 329/860/695 313/861/696 312/862/697
f 315/809/698 329/863/695 312/806/697
f 1358/864/699 1357/29/26 1337/865/700 1338/866/701
f 858/867/702 852/868/703 843/869/704 846/870/704
f 314/871/705 247/872/706 220/634/515
f 557/873/707 558/332/708 562/689/544 408/688/543
f 2308/874/709 2367/80/710 2309/875/711 1716/876/712
f 3539/877/713 3546/878/713 3544/879/713 3542/880/713
f 263/697/714 260/687/714 170/420/714
f 338/881/715 260/687/715 341/882/715
f 407/883/716 492/884/717 169/421/321 171/418/315 260/687/718
f 135/885/719 2519/886/719 143/287/227 133/286/226
f 266/699/560 261/127/720 267/704/558
f 261/127/107 46/116/109 340/691/721
f 341/882/722 263/697/549 264/698/552
f 341/882/722 260/687/723 263/697/549
f 341/882/722 264/698/552 342/887/724
f 268/888/725 267/704/558 343/889/726
f 268/888/725 343/889/726 345/890/727
f 343/889/726 267/704/558 261/127/720
f 340/691/728 343/889/728 261/127/728
f 264/698/729 262/696/730 175/149/731
f 1838/891/732 1839/892/733 1981/893/734 2032/894/735
f 60/159/736 345/890/737 270/895/738
f 268/888/739 60/159/739 269/705/739
f 60/896/740 268/897/740 345/898/740
f 60/159/741 270/895/741 59/158/741
f 351/899/742 346/900/743 265/456/744
f 4373/901/745 3983/902/745 3971/903/745 4143/904/745
f 2360/905/746 2361/906/747 2364/171/748 2363/907/749
f 3689/908/750 3690/909/751 3679/910/752 3684/911/752
f 245/633/753 315/912/753 220/634/753
f 1732/913/754 1735/914/755 1733/915/756 1731/916/757
f 273/724/758 352/917/758 351/899/758
f 279/918/581 352/919/759 273/920/582
f 3108/921/760 3177/922/761 3176/923/762 3113/924/760
f 274/925/763 415/926/763 280/927/763
f 280/927/764 415/926/765 353/928/766
f 4770/929/767 4769/930/767 4671/931/767 4672/932/767
f 4681/933/768 4559/934/769 4680/935/770 4677/936/770
f 2146/937/771 2203/938/772 2155/939/773 2145/940/774
f 312/941/775 365/942/776 314/871/777
f 368/943/778 366/944/778 357/945/778
f 368/943/779 365/942/780 366/944/781
f 361/946/782 360/947/782 367/948/782
f 366/949/781 365/950/780 367/948/783
f 365/942/776 312/941/775 367/951/784
f 371/952/785 283/953/785 284/954/785
f 4133/955/786 3946/956/786 3944/957/786 4132/958/786
f 285/959/787 369/960/787 372/961/787
f 3871/962/788 3865/963/788 3857/964/788 3858/965/788 3881/966/788
f 3897/967/789 3898/968/789 3887/969/789 3886/970/789
f 1031/971/790 942/972/791 1032/973/792 1042/974/793
f 2363/907/794 2307/174/794 2303/975/794 2362/976/794
f 439/977/795 432/978/795 290/342/795 292/341/795 449/979/795
f 293/980/796 291/981/796 455/982/796
f 378/983/797 297/338/798 298/984/799
f 3181/985/800 749/986/800 501/987/800 3387/988/801 3660/989/802
f 299/760/803 380/990/804 296/761/805
f 296/761/805 380/990/804 379/991/806
f 301/756/610 382/992/807 302/757/611
f 301/756/610 381/993/808 382/992/807
f 301/771/623 295/561/622 381/994/809
f 457/995/810 455/996/810 454/997/810 456/998/810
f 4802/999/811 4687/1000/812 4778/1001/813 4800/1002/813
f 386/773/814 303/772/631 387/1003/815
f 387/1003/815 303/772/631 304/1004/630
f 216/774/626 386/773/625 383/1005/816
f 387/1003/817 388/1006/817 386/773/817
f 304/785/636 305/786/635 387/1007/818
f 387/1007/819 305/786/820 388/1008/821
f 384/1009/822 466/1010/822 306/1011/822
f 308/1012/823 307/1013/823 385/1014/823
f 467/1015/824 311/1016/825 308/1017/826
f 1701/1018/827 2316/1019/827 2318/1020/827 2319/1021/827
f 2611/1022/828 2607/1023/828 2604/1024/828 2610/1025/828
f 2790/1026/829 2830/1027/829 2823/1028/829 2745/1029/829
f 653/1030/830 710/1031/830 599/1032/830 652/1033/830
f 1284/1034/831 1867/1035/831 1490/1036/831 1256/1037/831
f 320/1038/832 396/852/833 321/1039/834
f 168/1040/835 34/1041/836 2564/1042/837 2563/1043/838 37/1044/839
f 395/1045/840 401/1046/841 323/859/694
f 320/1038/685 325/850/684 396/852/842
f 877/1047/843 804/1048/843 605/1049/843 462/1050/844 458/1051/845 720/1052/843 712/1053/843 655/1054/846 761/1055/847 795/1056/848 1031/1057/849 1040/1058/843 1045/1059/843 1311/1060/843 1347/1061/843 1071/1062/843 1064/1063/843 951/1064/843
f 326/851/688 397/1065/850 396/852/689
f 327/854/851 399/1066/851 481/1067/851
f 251/856/852 252/857/853 401/1046/854
f 251/856/855 399/1066/855 327/854/855
f 401/1046/854 399/1066/856 251/856/852
f 252/857/690 323/859/694 401/1046/841
f 327/1068/857 481/1069/858 400/1070/859
f 2714/1071/860 2715/1072/861 2804/1073/862 2761/1074/863
f 4794/1075/864 4703/1076/864 4706/1077/864 4793/1078/864
f 734/1079/865 736/1080/866 826/1081/867 822/1082/868
f 3222/1083/869 3088/1084/870 92/1085/871 3168/1086/872 3303/1087/869
f 803/1088/873 763/1089/873 665/1090/873 605/1049/873 804/1048/873
f 2883/1091/874 2884/1092/875 2768/1093/876 2770/1094/877
f 164/1095/878 31/1096/879 165/1097/880 255/1098/881 332/1099/882
f 408/688/883 340/691/883 46/116/883
f 541/1100/884 543/1101/885 544/1102/886 545/1103/887
f 342/887/888 338/881/888 341/882/888
f 338/881/889 342/887/890 409/1104/891
f 340/691/892 345/890/892 343/889/892
f 410/1105/893 412/1106/894 345/890/895
f 345/890/896 340/691/897 410/1105/898
f 4199/1107/899 4204/1108/900 4214/1109/901 4213/1110/902
f 411/1111/903 342/887/904 344/1112/905
f 409/1104/906 342/887/907 411/1111/908
f 270/895/738 345/890/737 412/1106/909
f 3493/1113/910 3562/1114/910 3490/1115/911 3491/1116/912
f 419/1117/913 346/900/743 351/899/742
f 879/1118/914 880/1119/915 876/1120/916 878/1121/917
f 347/693/918 348/692/918 413/1122/918
f 348/692/919 416/1123/919 413/1122/919
f 418/1124/920 350/1125/921 417/1126/922
f 419/1117/923 420/1127/923 346/900/923
f 421/1128/924 353/928/766 415/926/765
f 2236/1129/925 2267/1130/925 2221/1131/925 2246/1132/925
f 371/952/926 424/1133/926 283/953/926
f 424/1134/927 91/738/592 283/740/594
f 91/738/928 424/1134/928 425/1135/928
f 424/1133/929 371/952/930 372/961/931
f 369/1136/932 426/351/932 372/1137/932
f 374/1138/933 429/1139/934 373/1140/935
f 285/352/936 426/351/936 369/1136/936
f 1830/1141/937 1822/1142/937 1813/1143/938 1829/1144/939
f 373/1140/940 429/1139/940 204/1145/940
f 3188/1146/941 2668/1147/941 41/1148/942 2507/1149/943 2234/1150/941 2219/1151/941 2504/1152/941 2257/1153/941 2228/1154/944 42/1155/945
f 433/1156/946 375/343/947 432/978/948
f 443/1157/949 376/1158/950 434/1159/951
f 445/1160/952 435/1161/952 289/1162/952
f 445/731/953 437/1163/953 435/1164/953
f 2428/1165/954 2453/1166/955 2423/1167/955 4590/1168/956
f 1468/1169/957 1464/1170/957 1166/1171/957 1169/1172/957
f 440/1173/958 441/1174/958 439/1175/958
f 432/1176/959 439/1175/960 441/1174/961
f 290/342/962 432/978/962 375/343/962
f 443/1177/963 442/1178/963 206/1179/963
f 443/1180/964 206/1181/964 376/1182/964
f 445/731/965 207/1183/965 444/732/965
f 207/1184/966 445/1160/966 289/1162/966
f 3506/1185/967 3571/1186/967 3569/1187/967 3507/1188/967
f 447/1189/968 436/730/968 446/733/968
f 377/1190/969 447/1191/970 291/981/971
f 447/1191/970 377/1190/969 436/1192/972
f 440/1173/973 439/1175/973 449/1193/973
f 291/981/974 447/1191/974 455/982/974
f 294/1194/975 442/1195/976 451/1196/977
f 294/1194/975 206/1197/978 442/1195/976
f 208/1198/979 454/1199/980 207/1183/981
f 207/1183/981 454/1199/980 444/732/982
f 455/1200/983 447/1189/984 446/733/985
f 4664/1201/986 4768/1202/987 4767/1203/988 4552/1204/989
f 448/340/990 449/979/990 292/341/990
f 448/340/991 450/1205/991 449/979/991
f 1744/1206/992 2282/1207/992 2284/1208/992 1741/1209/992
f 368/943/993 357/945/993 363/1210/993 364/1211/993
f 4334/1212/994 4336/1213/995 4131/1214/996 3941/1215/996 3939/1216/996
f 293/980/997 455/982/997 458/1051/997
f 455/982/998 457/1217/998 458/1051/998
f 379/1218/999 459/1219/1000 378/1220/1001
f 4331/1221/1002 4359/1222/1002 3739/1223/1002 4130/1224/1002
f 527/1225/1003 382/992/1004 381/993/1005
f 381/994/1006 295/561/1006 462/1050/1006
f 381/994/1007 462/1050/1007 527/1226/1007
f 379/991/806 380/990/804 459/1227/1008
f 382/1228/1009 461/1229/1009 302/1230/1009
f 388/1006/1010 464/1231/1011 386/773/1012
f 464/1231/1013 383/1005/1014 386/773/1015
f 463/1232/1016 383/1233/1014 464/1234/1013
f 388/1006/1010 465/1235/1017 464/1231/1011
f 388/1008/821 305/786/820 465/1236/1018
f 384/1009/1019 467/1237/1019 466/1010/1019
f 467/1238/1020 468/1239/1020 466/1240/1020
f 466/1010/1021 468/1241/1021 528/1242/1021
f 385/1243/1022 467/1015/824 308/1017/826
f 469/1244/1023 385/1245/1023 470/1246/1023
f 467/1247/1024 385/1248/1024 469/1249/1024
f 467/1247/1025 469/1249/1025 470/1250/1025
f 3245/1251/1026 3129/1252/1027 2881/386/291 2961/1253/1028
f 3311/1254/1029 3382/1255/1029 3383/1256/1029 3437/1257/1029
f 474/1258/1030 321/1039/834 396/852/833
f 321/1039/1031 474/1258/1032 322/1259/1033
f 474/1260/1032 392/1261/1034 322/838/1033
f 392/1262/1034 474/1258/1032 475/1263/1035
f 392/1261/1034 475/1264/1035 472/1265/1036
f 393/476/386 537/475/385 394/1266/1037
f 394/1267/1037 537/1268/385 395/1045/1038
f 395/1045/1039 537/1268/1039 483/1269/1039
f 396/852/689 397/1065/850 477/1270/1040
f 396/852/833 477/1270/1041 474/1258/1030
f 477/1270/1040 397/1065/850 478/1271/1042
f 474/1258/1030 477/1270/1041 538/1272/1043
f 477/1270/1040 478/1271/1042 479/1273/1044
f 478/1271/1045 480/1274/1046 479/1273/1047
f 481/1067/1048 482/1275/1048 546/1276/1048
f 544/1102/1049 546/1276/1049 482/1275/1049
f 399/1066/1050 482/1275/1050 481/1067/1050
f 483/1269/1051 482/1275/1052 399/1066/856
f 399/1066/856 401/1046/854 483/1269/1051
f 401/1046/841 395/1045/840 483/1269/1053
f 3577/700/554 3449/1277/1054 3579/1278/1055 3617/1279/1056
f 2610/1025/1057 2604/1024/1057 2598/1280/1057 2596/1281/1058 2597/1282/1059 2639/1283/1060 2641/1284/1057 2634/1285/1057 2627/1286/1057 2618/1287/1057
f 960/1288/1061 956/1289/1061 972/1290/1062 961/1291/1063
f 1771/1292/1064 1770/1293/1064 1772/1294/1064 691/1295/1064
f 3941/1215/1065 3936/1296/1065 3934/1297/1065 3939/1216/1065
f 2819/1298/1066 2818/1299/1066 2684/1300/1066 2785/1301/1066
f 2735/1302/1067 2737/1303/1068 2732/1304/1069 2680/1305/1070
f 3248/1306/1071 3134/1307/1072 3033/1308/1073 3135/1309/1071
f 409/1104/891 494/1310/1074 338/881/889
f 409/1104/1075 496/1311/1076 494/1310/1077
f 410/1105/898 340/691/897 495/690/1078
f 410/1105/1079 495/690/1079 497/1312/1079
f 410/1105/1080 497/1312/1080 567/1313/1080
f 3548/1314/1081 3549/1315/1081 3550/1316/1081 3543/1317/1081
f 344/1112/1082 498/1318/1082 411/1111/1082
f 409/1104/906 411/1111/908 498/1318/1083
f 412/1106/894 410/1105/893 499/1319/1084
f 568/1320/1085 499/1319/1084 410/1105/893 567/1313/1085 564/335/1085
f 4681/1321/768 4562/1322/1086 4560/1323/1087 4559/1324/769
f 3634/1325/1088 3631/1326/1088 3587/459/1088
f 416/1123/1089 414/1327/1089 413/1122/1089
f 414/1327/1090 416/1123/1091 505/1328/1092
f 502/1329/1093 414/1327/1090 505/1328/1092
f 569/1330/1094 506/1331/1094 417/1126/1094
f 346/900/1095 507/1332/1096 503/1333/1097
f 507/1332/1096 346/900/1095 420/1127/1098
f 421/1334/1099 415/1335/1099 508/1336/1099
f 415/926/1100 504/1337/1100 508/1338/1100
f 579/1339/1101 2653/1340/1102 2692/1341/1103
f 1635/1342/1104 1624/1343/1104 1614/1344/1105 1623/1345/1106
f 513/1346/1107 370/1347/1107 589/1348/1107
f 509/1349/1108 425/1135/1108 424/1134/1108
f 107/222/172 111/1350/1109 2542/1351/1109 108/194/1109 101/196/173
f 617/12/11 485/11/10 330/1352/1110 404/1353/1111 552/1354/1112
f 428/1355/1113 585/1356/1114 427/1357/1115
f 511/1358/1116 429/1359/1116 510/1360/1116
f 430/1361/1117 374/1138/1118 513/1362/1119
f 512/1363/1120 430/1364/1117 513/1365/1119
f 513/1366/1121 374/1367/1121 370/1368/1121
f 426/351/265 644/350/264 584/1369/1122
f 376/1158/1123 206/1370/1124 100/192/153 286/285/1123 427/1357/1123 585/1356/1123 705/1371/1125 596/1372/1126 591/1373/1123 516/1374/1123
f 4368/281/1127 4397/1375/1128 4343/1376/1129 4345/282/1130
f 375/343/947 433/1156/946 515/344/1131
f 515/344/1132 433/1156/1132 517/1377/1132
f 9/631/512 148/1378/305 8/1379/93 7/707/96
f 376/1158/950 516/1374/1133 434/1159/951
f 516/1374/1133 518/1380/1134 434/1159/951
f 435/1161/1135 519/1381/1135 431/1382/1135
f 431/1382/1136 519/1381/1136 520/1383/1136
f 437/1384/1137 519/1385/1137 435/1386/1137
f 437/1384/1138 438/1387/1138 519/1385/1138
f 520/1388/1139 438/1387/1140 521/1389/1141
f 438/1387/1140 520/1388/1139 519/1385/1142
f 438/1390/1143 514/1391/1143 521/1392/1143
f 773/1393/1144 675/1394/1145 674/1395/1146 734/1396/865 772/1397/1147
f 378/983/797 526/339/1148 297/338/798
f 526/1398/1149 378/1220/1001 459/1219/1000
f 461/1229/1150 530/1399/1151 302/1230/1152
f 461/1229/1153 460/1400/1154 530/1399/1155
f 2203/1401/1156 2200/1402/1157 2170/1403/1157 2019/1404/1158
f 465/1236/1018 305/786/820 533/1405/1159
f 465/1236/1018 533/1405/1159 532/1406/1160
f 470/1407/1161 468/1408/1161 467/1409/1161
f 474/1258/1162 538/1272/1162 475/1263/1162
f 475/1263/1163 538/1272/1163 535/1410/1163
f 472/1265/1036 475/1264/1035 534/1411/1164
f 534/1412/1165 475/1263/1166 535/1410/1167
f 534/1412/1164 536/1413/388 476/1414/387
f 472/1265/1036 534/1411/1164 476/477/387
f 534/1412/1165 535/1410/1167 536/1413/1168
f 535/1410/1167 541/1100/1169 536/1413/1168
f 545/1103/1170 536/1413/1168 541/1100/1169
f 537/1268/1171 536/1413/1168 545/1103/1170
f 477/1270/1040 479/1273/1044 538/1272/1172
f 480/1274/1173 478/1271/1174 539/1415/1175
f 540/1416/1176 542/1417/1177 539/1418/1178
f 480/1274/1173 539/1415/1175 542/1419/1179
f 480/1274/1046 541/1100/884 479/1273/1047
f 535/1410/1180 538/1272/1181 479/1273/1182
f 541/1100/1183 535/1410/1180 479/1273/1182
f 543/1101/1184 480/1274/1184 542/1419/1184
f 543/1101/885 541/1100/884 480/1274/1046
f 544/1102/1185 543/1101/1185 542/1419/1185
f 89/1420/1186 2028/1421/1187 423/1422/1187 90/1423/1188
f 544/1102/886 482/1275/1189 545/1103/887
f 2406/1424/1190 4587/1425/1190 4409/1426/1191 4408/1427/1192
f 441/1174/961 440/1173/1193 442/1195/1193 443/1428/1193 432/1176/959
f 483/1269/1194 545/1103/887 482/1275/1189
f 483/1269/1195 537/1268/1195 545/1103/1195
f 2876/1429/1196 3126/1430/1196 3026/1431/1197 3123/1432/1198 3025/1433/1196
f 1762/1434/1199 1670/1435/1200 1761/1436/1201 1758/1437/1202
f 4146/1438/1203 4147/1439/1204 3969/1440/1204 3977/1441/1205
f 548/1442/1206 544/1443/1207 542/1417/1177 540/1416/1176 675/1394/1145 676/1444/1208
f 4502/1445/1209 4644/1446/1209 4649/1447/1209 4508/1448/1209 4501/1449/1209
f 1306/1450/1210 525/1451/1211 941/1452/1212
f 1880/1453/1213 1863/1454/1214 1487/1455/1214 1489/1456/1215
f 1507/1457/1216 1517/1458/1216 1903/1459/1216 1506/1460/1216
f 555/1461/1217 259/1462/1218 44/1463/1219
f 2579/1464/1220 2729/1465/1221 2776/1466/1222 2777/1467/1223 2728/1468/1221 2577/43/1224
f 493/115/1225 625/1469/1225 557/873/1225 408/688/1225 46/116/1225
f 559/1470/1226 494/1310/1227 496/1311/1228
f 560/1471/1229 496/1311/1228 565/1472/1230
f 560/1471/1229 559/1470/1226 496/1311/1228
f 497/1312/1231 495/690/1232 562/689/1233
f 497/1312/1231 562/689/1233 567/1313/1234
f 564/335/1235 567/1313/1236 563/1473/1237
f 563/1473/1238 567/1313/1234 562/689/1233
f 409/1104/1075 565/1472/1239 496/1311/1076
f 565/1472/1240 409/1104/906 498/1318/1083 566/1474/1240 561/1475/1240
f 1613/1476/1241 1631/1477/1241 1635/1342/1241 1623/1345/1241
f 2507/1149/943 41/1148/942 42/1155/945 2228/1154/944
f 560/1471/1229 565/1472/1230 561/1475/1242
f 271/1478/1243 632/1479/1243 569/1480/1243
f 502/1329/1244 505/1328/1244 571/402/1244
f 502/1329/1245 571/402/1245 572/401/1245
f 569/1481/1246 573/399/1246 506/1482/1246
f 569/1330/1247 574/1483/1247 573/1484/1247
f 575/1485/1248 503/1333/1097 507/1332/1096
f 503/1486/1249 575/1487/1249 570/1488/1249
f 576/1489/1250 570/1490/1251 575/1491/1252
f 4772/1492/1253 4773/1493/1254 4674/1494/1255 2747/1495/1253
f 577/1496/1256 508/1336/1256 504/1497/1256
f 577/1496/1257 504/1497/1257 578/1498/1257
f 3979/1499/1258 3996/1500/1259 3978/1501/1260 3976/1502/1261
f 874/1503/1262 798/1504/1263 871/1505/1264 647/1506/1265
f 522/1507/1266 602/1508/1266 453/1509/1266 450/1510/1266
f 642/1511/1267 91/738/1268 583/1512/1269
f 91/738/1270 425/1135/1270 583/1512/1270
f 1086/1513/1271 914/1514/1272 917/216/166 1000/220/170
f 588/1515/1273 512/1363/1120 513/1365/1119
f 589/1516/1274 588/1517/1273 513/1518/1119
f 590/345/1275 515/344/1276 594/1519/1277
f 515/344/1276 517/1377/1278 594/1519/1277
f 3313/1520/1279 3385/1521/1279 3382/1522/1279 3312/1523/1279 3232/1524/1280 3227/1525/1281
f 3446/1526/1282 3239/1527/1283 3238/1528/1284 3324/1529/1285
f 1112/1530/1286 1099/1531/1286 1100/1532/1286 1114/1533/1286
f 520/1388/1287 598/1534/1287 431/1535/1287
f 431/1535/1288 598/1534/1288 592/1536/1288
f 114/549/446 119/256/1289 120/255/1289 117/562/192
f 458/1051/1290 457/1217/1290 604/1537/1290
f 3499/1538/1291 3503/1539/1292 3443/1540/1293 3497/1541/1291
f 526/1398/1294 459/1219/1295 606/1542/1296
f 526/339/1294 606/1543/1296 607/1544/1297
f 459/1219/1295 608/1545/1298 606/1542/1296
f 3477/1546/1299 3431/1547/1300 3552/1548/1301 3553/1549/1302
f 530/1399/1155 460/1400/1154 609/1550/1303
f 663/1551/1304 609/1552/1304 527/1225/1304
f 605/1553/1305 527/1554/1305 462/1555/1305
f 663/1556/1306 527/1226/1306 605/1049/1306
f 2275/1557/1307 2276/1558/1307 1753/1559/1307 1752/1560/1307
f 459/1227/1308 380/990/1308 666/1561/1308
f 613/1562/1309 528/1563/1309 468/1564/1309
f 613/1562/1310 468/1564/1310 470/1565/1310
f 613/1566/1311 529/1567/1312 614/1568/1313
f 529/1569/1314 613/1570/1314 470/1246/1314
f 4664/1571/1315 4552/716/573 4545/715/572 4553/1572/1315
f 3442/1573/1316 3495/1574/1316 3494/1575/1316 3492/1576/1316
f 4763/1577/1317 4720/1578/1318 4796/1579/1319 4712/1580/1319 4710/1581/1319 4683/1582/1319 4686/1583/1319 4621/1584/1319 4690/1585/1319 4704/1586/1319 4721/1587/1319 4764/1588/1319
f 2723/362/271 2806/361/270 2766/390/295 2719/1589/1320 2675/31/28
f 1448/1590/1321 1441/1591/1321 1131/1592/1321 1132/1593/1321
f 820/1594/1322 238/616/1322 239/617/1322 390/1595/1322
f 623/1596/1323 492/884/1324 556/1597/1325
f 556/1597/1326 624/1598/1327 623/1596/1328
f 558/332/708 557/873/707 625/1469/1329
f 558/332/708 625/1469/1329 687/333/1330
f 622/1599/1331 559/1470/1331 560/1471/1331
f 622/1599/1332 560/1471/1229 561/1475/1242
f 558/332/1333 563/1473/1333 562/689/1333
f 563/1473/1237 558/332/1334 564/335/1235
f 628/1600/1335 561/1475/1335 566/1474/1335
f 622/1599/1336 561/1475/1336 628/1600/1336
f 3953/1601/1337 4138/1602/1337 4134/1603/1337 3940/1604/1337
f 568/1320/1338 564/335/1338 629/1605/1338
f 2067/1606/1339 1999/1607/1339 1997/1608/1340 1854/1609/1341 1870/1610/1339
f 572/401/1342 631/1611/1343 502/1329/1344
f 634/293/1345 631/1611/1343 572/401/1342
f 636/1612/1346 635/1613/1346 632/1614/1346
f 637/1615/1347 570/1490/1251 576/1489/1250
f 570/1616/1348 637/1617/1349 633/1618/1350
f 504/1337/1351 639/1619/1352 578/1620/1353
f 639/1619/1352 638/1621/1354 578/1620/1353
f 583/1622/1355 582/1623/1356 641/1624/1357
f 642/1511/1267 583/1512/1269 641/1625/1358
f 702/1626/1359 642/1511/1359 641/1625/1359
f 641/1624/1360 643/1627/1360 702/1628/1360
f 4234/1629/1361 4197/1630/1362 4209/1631/1363 4236/1632/1364
f 2516/1633/1365 2506/1634/1365 2229/1635/1365 2230/1636/1365
f 586/745/1366 645/744/1366 587/1637/1366
f 760/1638/1367 796/1639/1368 794/1640/1369 761/1641/1370
f 589/1642/1371 646/1643/1372 588/1644/1373
f 594/1519/1374 648/1645/1374 590/345/1374
f 590/1646/1375 648/1647/1375 649/1648/1375
f 649/346/1376 648/1645/1376 650/1649/1376
f 1126/1650/1377 1437/1651/1378 1436/1652/1379 1125/1653/1380
f 651/1654/1381 597/1655/1381 657/1656/1381
f 596/1372/1382 657/1657/1382 597/1658/1382
f 654/1659/1383 652/1033/1384 601/1660/1385
f 652/1033/1384 654/1659/1383 653/1030/1386
f 593/1661/1387 601/1662/1387 600/1663/1387
f 657/1657/1388 658/1664/1388 651/1665/1388
f 714/1666/1389 603/1667/1389 602/1668/1389
f 602/1508/1390 522/1507/1391 659/1669/1392
f 660/1670/1393 112/1671/1394 523/1672/1395
f 660/1670/1396 456/998/1396 112/1671/1396
f 458/1673/1397 604/1674/1397 720/1675/1397
f 608/1545/1298 661/1676/1398 606/1542/1296
f 662/1677/1399 606/1542/1399 661/1676/1399
f 607/1544/1400 606/1543/1401 662/1678/1402
f 665/544/431 609/1552/1403 663/1551/1404
f 605/1049/1405 665/1090/1405 663/1556/1405
f 4097/1679/1406 4250/1680/1407 4232/1681/1408 4081/1682/1408
f 2175/1683/1409 2199/1684/1409 2206/1685/1409 2169/1686/1409
f 609/1550/1303 664/1687/1410 530/1399/1155
f 531/1688/1411 668/1689/1411 610/1690/1411
f 531/524/1412 667/523/1412 668/1691/1412
f 667/523/1413 611/522/1414 670/1692/1415
f 668/1689/1416 667/1693/1416 669/1694/1416
f 669/1695/1417 667/523/1413 670/1692/1415
f 528/1563/1418 613/1562/1418 612/1696/1418
f 614/1697/1313 672/1698/1419 613/1699/1311
f 2961/1253/1028 2806/361/270 2808/360/269 2964/1700/1420 2963/1701/1421
f 615/1702/1422 677/1703/1423 549/1704/1424
f 679/1705/1425 778/1706/1426 739/1707/1427 618/1708/1428
f 4765/1709/1429 4752/1710/1430 4660/1711/1431 4541/1712/1432 4663/1713/1433
f 1137/1714/1434 1102/1715/1435 1116/1716/1435 1101/1717/1436 1118/1718/1437 1151/1719/1438 1170/1720/1435 1180/1721/1435 1182/1722/1435 1173/1723/1435 1164/1724/1435 1156/1725/1435 1143/1726/1435 1129/1727/1435 1104/1728/1435 1103/1729/1435 1123/1730/1435 2227/1731/1435 1144/1732/1435 1186/1733/1435 1184/1734/1439 1179/1735/1440 1168/1736/1435 1160/1737/1435 1161/1738/1441
f 3675/1739/1442 3511/1740/1443 3451/1741/1444 3578/1742/1445 3618/1743/1446 3674/1744/1447
f 3002/1745/1448 2913/1746/1449 2915/1747/1450 2918/1748/1451 2935/1749/1452 3013/1750/1453 3079/1751/1453 3163/1752/1453 3298/1753/1454 3474/1754/1455 3297/1755/1453 3218/1756/1453 3076/1757/1453 3358/1758/1456 3590/1759/1457 3531/1760/1453
f 256/1761/1458 32/410/307 163/1762/1459 333/1763/1460
f 684/1764/1461 492/884/1324 623/1596/1323
f 684/1764/1462 623/1596/1328 624/1598/1327
f 687/333/1463 625/1469/1463 493/115/1463
f 622/1599/1464 628/1600/1464 566/1474/1464
f 685/1765/1465 624/1598/1466 622/1599/1467
f 685/1765/1468 686/1766/1468 624/1598/1468
f 564/335/1469 627/334/1469 629/1605/1469
f 688/1767/1470 627/334/1470 687/333/1470
f 406/1768/1471 2263/1769/1472 1015/403/301 1082/405/303
f 568/1320/1473 629/1605/1473 627/334/1473
f 1154/1770/1474 1140/1771/1475 1446/1772/1475 1459/1773/1476
f 811/154/123 892/1774/1477 889/1775/1478 816/1776/1479
f 331/1777/1480 486/1778/1481 487/1779/1482 333/1780/1460
f 693/1781/1483 63/1782/1484 691/1783/1485
f 2777/1784/1486 2888/1785/1487 2774/1786/1488 2727/1787/1489
f 696/296/1490 694/1788/1491 634/293/1345
f 694/1788/1491 631/1611/1343 634/293/1345
f 4758/1789/1492 4534/1790/1493 4535/1791/1494 4661/1792/1495
f 694/1788/1491 696/296/1490 751/1793/1496
f 636/1612/1497 695/1794/1497 635/1613/1497
f 695/295/1498 636/1795/1498 697/1796/1498
f 1272/1797/1499 1275/1798/1499 1488/1799/1499 1486/1800/1499
f 698/1801/1500 633/1802/1350 637/1803/1349
f 932/606/1501 282/1804/1502 3598/1805/1503 3017/1806/1504 86/520/1505
f 933/1807/1506 87/1808/1506 2691/1809/1506 4505/1810/1506 3596/1811/1506
f 3626/1812/1507 3692/1813/1508 3623/1814/1509 3625/1815/1507
f 1030/1816/1510 2517/1817/1511 2516/1633/1512 2231/1818/1512
f 703/1819/1513 642/1511/1513 702/1626/1513
f 702/1626/1514 643/1820/1514 703/1819/1514
f 705/1371/1515 585/1356/1515 704/1821/1515
f 646/1643/1372 589/1642/1371 707/1822/1516
f 707/1822/1517 706/1823/1517 646/1643/1517
f 708/1824/1518 644/350/1518 758/349/1518
f 3708/1825/1519 3707/1826/1520 3785/1827/1521 3784/1828/1522
f 2922/1829/1523 2857/1830/1523 2854/1831/1523 2921/1832/1523
f 650/1833/1524 656/1834/1524 713/1835/1524
f 713/347/1525 649/346/1525 650/1649/1525
f 653/1836/1526 709/1837/1526 710/1838/1526
f 711/1839/1527 654/1659/1527 655/1840/1527
f 712/1053/1528 711/1841/1528 655/1054/1528
f 1316/1842/1529 1305/1843/1529 1041/1844/1529 1312/1845/1529
f 715/1846/1530 713/347/1530 659/1847/1530
f 2679/1848/1531 2775/239/186 2733/242/189 2731/1849/1532
f 713/1835/1533 656/1834/1533 659/1850/1533
f 715/1851/1534 659/1669/1534 522/1507/1534
f 715/1846/1535 522/1852/1535 524/1853/1535
f 714/1854/1536 602/1508/1390 659/1669/1392
f 716/1855/1537 603/1667/1537 714/1666/1537
f 660/1856/1393 523/1857/1395 719/1858/1538
f 4360/1859/1539 3965/1860/1540 3972/1861/1541 4144/1862/1541
f 717/1863/1542 719/1864/1542 523/1865/1542
f 604/1537/1543 718/1866/1543 720/1052/1543
f 4346/1867/1544 4345/1868/1544 4343/1869/1544 4344/1870/1544
f 1848/1871/1545 2059/1872/1546 1996/1873/1547 1860/1874/1548
f 665/544/431 664/1875/1549 609/1552/1403
f 662/1677/1550 661/1676/1551 721/1876/1552
f 721/1877/1553 607/1544/1400 662/1678/1402
f 3601/1878/1554 3657/1879/1555 3654/1880/1556 3606/1881/1557
f 665/544/431 725/543/430 664/1875/1549
f 724/1882/1558 664/1687/1559 725/1883/1560
f 596/1372/1561 597/1658/1561 595/1884/1561 591/1373/1561
f 728/1885/1562 726/1886/1562 727/1887/1562
f 670/1692/1415 730/1888/1563 731/1889/1564
f 730/1888/1563 670/1692/1415 611/522/1414
f 670/1692/1565 731/1889/1565 669/1695/1565
f 730/1890/1566 611/1891/1567 671/1892/1568
f 730/1890/1566 671/1892/1568 732/1893/1569
f 733/1894/1570 728/1885/1570 727/1887/1570
f 733/1894/125 727/1887/1571 729/1895/1572
f 4531/1896/1573 4530/1897/1574 4658/1898/1575 4516/1899/1576
f 2022/1900/1577 1661/1901/1577 2020/1902/1577 2115/1903/1577
f 2589/1904/1578 2588/1905/1579 2682/1906/1580 2743/1907/1581 2744/1908/1582 2683/1909/1578
f 417/1126/922 350/1125/921 277/718/1583 349/721/1583
f 2843/1910/1584 2830/1027/1585 2790/1026/1585 2746/1911/1586
f 2548/1912/1587 2547/1913/1587 2546/1914/1587 104/203/161 102/202/160
f 780/1915/1588 492/884/1324 684/1764/1461
f 687/333/1589 493/115/1590 741/1916/1591
f 741/1916/1591 493/115/1590 742/1917/1592
f 684/1764/1593 624/1598/1594 686/1766/1595
f 684/1764/1593 686/1766/1595 744/1918/1596
f 744/1918/1597 686/1766/1598 743/1919/1599
f 745/1920/1600 627/334/1600 688/1767/1600
f 687/333/1601 741/1916/1601 688/1767/1601
f 685/1765/1602 743/1919/1599 686/1766/1598
f 627/334/1603 745/1920/1603 748/1921/1603
f 748/1921/1604 568/1320/1605 627/334/1606
f 3229/1922/1607 3308/1923/1608 3228/1924/1608 3226/1925/1609
f 694/1788/1491 751/1793/1496 750/1926/1610
f 636/1612/1611 752/1927/1611 697/1928/1611
f 633/1802/1350 698/1801/1500 753/1929/1612
f 698/1801/1500 755/1930/1613 753/1929/1612
f 318/1931/1614 319/1932/1615 6/15/14 146/321/250
f 756/1933/1616 700/1934/1617 754/1935/1618
f 757/1936/1619 703/1937/1619 643/1627/1619
f 793/1938/1620 703/1819/1621 757/1939/1622
f 3722/747/1623 3648/1940/1623 3732/1941/1623 3728/748/1623
f 704/1821/1624 759/1942/1624 705/1371/1624
f 280/1943/1625 279/1944/1625 185/1945/1625 186/1946/1625
f 723/1947/1626 721/1876/1552 661/1676/1551
f 607/1948/1627 721/1949/1627 800/1950/1627
f 4133/955/1628 4342/1951/1628 3948/1952/1628 3946/956/1628
f 3117/1953/1629 2796/1954/1630 2751/1955/1630 2695/1956/1630 2657/1957/1631 2656/1958/1632
f 4057/1959/1633 4195/1960/1634 4171/1961/1635 4025/1962/1635
f 726/1963/1636 728/1964/1636 766/1965/1636
f 767/1966/1637 731/1889/1564 730/1888/1563
f 731/1967/1638 768/1968/1639 669/1969/1640
f 768/1968/1641 731/1967/1641 767/1970/1641
f 730/1890/1566 732/1893/1569 767/1971/1642
f 733/1894/1643 766/1972/1643 728/1885/1643
f 729/1895/1572 770/1973/122 733/1894/125
f 771/1974/1644 767/1971/1642 732/1893/1569
f 390/1595/1645 391/1975/1645 820/1594/1645
f 1081/843/679 1085/415/312 1412/414/311 1413/844/680
f 2084/1976/1646 2088/1977/1646 2078/1978/1646 2079/1979/1646
f 2600/1980/1647 2595/1981/1648 2596/1982/1649 2598/1983/1649
f 2739/1984/589 2741/1985/1650 2738/1986/1651 2736/1987/590
f 2418/1988/1652 4416/1989/1653 4419/1990/1653 4420/1991/1653 4418/1992/1654
f 4399/1993/1655 4576/1994/1656 4406/1995/1657 4401/1996/1655
f 3616/1997/1658 3576/1998/1659 3398/1999/1660 3397/2000/1661 3447/2001/1662 1465/435/352
f 783/2002/1663 780/1915/1588 684/1764/1461
f 781/2003/1664 780/1915/1665 783/2002/1666
f 833/2004/1667 781/2003/1664 783/2002/1666
f 622/1599/1467 624/1598/1466 556/1597/1668 492/884/717 407/883/716 559/1470/1668
f 783/2002/1669 684/1764/1669 744/1918/1669
f 744/1918/1597 743/1919/1599 783/2002/1670
f 745/1920/1671 746/2005/1672 784/2006/1673
f 782/2007/1674 746/2005/1674 741/1916/1674
f 746/2005/1675 782/2007/1675 784/2006/1675
f 1444/2008/1676 1445/2009/1677 1138/2010/1678 1139/2011/1676
f 786/2012/1679 743/1919/1679 785/2013/1679
f 748/1921/1604 745/1920/1671 784/2006/1673
f 748/1921/1604 784/2006/1673 841/2014/1680 689/2015/1681 568/1320/1605
f 3423/2016/1682 3421/2017/1682 3360/2018/1682 3361/2019/1682
f 753/1929/1683 787/2020/1684 633/1802/1685
f 3723/2021/1686 3735/2022/1687 3736/2023/1688 3724/2024/1686
f 750/2025/1689 751/2026/1690 789/2027/1691
f 3710/2028/1692 3640/2029/1692 3476/2030/1692 3554/2031/1692
f 755/1930/1693 848/2032/1693 753/1929/1693
f 755/1930/1694 847/2033/1695 848/2032/1696
f 3511/1740/1443 3452/2034/1697 3334/2035/1698 3451/1741/1444
f 754/1935/1618 790/2036/1699 756/1933/1616
f 850/2037/1700 790/2036/1699 754/1935/1618
f 750/2025/1689 789/2027/1691 844/2038/1701
f 86/520/413 199/517/415 581/2039/1702 791/2040/1702 1018/607/1702 932/606/1702
f 759/1942/1703 875/2041/1703 705/1371/1703
f 794/2042/1704 795/1056/1704 761/1055/1704
f 1317/2043/1705 1282/2044/1706 1258/2045/1707 1222/2046/1708 1262/2047/1709 1261/2048/1705 1298/2049/1705 1297/2050/1705 1314/2051/1705 1373/2052/1705 1381/2053/1705 1367/2054/1705 1389/2055/1705 1392/2056/1705 1372/2057/1710 1335/2058/1711 1320/2059/1712 1319/2060/1705 1324/2061/1705
f 798/2062/1713 793/1938/1620 757/1939/1622
f 3632/2063/1714 3630/2064/1714 3776/2065/1714 3701/2066/1714
f 552/2067/1112 619/2068/1715 680/2069/8 617/2070/11
f 2920/2071/1716 2918/2072/1716 2917/2073/1716 2919/2074/1716
f 3005/2075/1717 3014/2076/1718 3013/2077/1718 3004/2078/1719
f 721/1877/1720 799/2079/1720 800/2080/1720
f 2692/1341/1721 3016/2081/1721 3597/2082/1721 792/2083/1721 579/1339/1721
f 1939/2084/1722 1938/2085/1723 1933/2086/1724 1922/2087/1725
f 800/2080/1726 799/2079/1726 801/2088/1726
f 762/2089/1727 722/2090/1728 765/2091/1729
f 765/2091/1729 805/2092/1730 762/2089/1727
f 809/2093/1731 805/2092/1731 765/2091/1731
f 764/542/1732 806/2094/1733 802/2095/1734
f 856/2096/1735 865/2097/1736 864/2098/1736 854/2099/1737
f 808/2100/1738 802/2101/1734 806/2102/1733
f 808/2100/1739 807/2103/1740 802/2101/1741
f 766/2104/1742 733/156/1743 810/2105/1744
f 814/155/1745 810/2105/1744 733/156/1743
f 3884/2106/1746 3811/2107/1747 3880/2108/1748 3881/966/1748
f 3/2109/1749 4/2110/565 2588/1905/1750 2/2111/12
f 669/2112/1640 768/2113/1639 769/2114/1751
f 768/1968/1752 767/1970/1753 812/2115/1754
f 767/1971/1755 771/1974/1755 812/2116/1755
f 811/154/123 816/1776/1479 814/155/124
f 768/1968/1752 812/2115/1754 817/2117/1756
f 817/2117/1757 812/2115/1758 888/2118/1759
f 771/1974/1760 818/2119/1760 812/2116/1760
f 818/2119/1761 893/2120/1761 812/2116/1761
f 4577/2121/1762 4575/2122/1763 4568/2123/1763 4570/2124/1763 4572/2125/1763 4578/2126/1764
f 3244/2127/1765 3191/2128/1766 3130/2129/1767 3129/1252/1027 3245/1251/1026
f 4547/2130/1768 4538/2131/1768 4536/2132/1768 4548/2133/1768
f 1841/2134/1769 1842/2135/1770 1985/2136/1770 2037/2137/1771
f 389/2138/1772 902/2139/1772 893/2120/1772 818/2119/1772
f 230/569/1773 231/587/473 222/573/454 221/570/453
f 472/1265/1774 317/2140/1775 319/2141/1776 392/1261/1777
f 2067/1606/1778 2004/2142/1779 2073/2143/1780 2068/2144/1781
f 833/2004/1782 834/2145/1783 781/2003/1784
f 835/2146/1785 833/2004/1786 839/235/184
f 2147/2147/1787 2196/2148/1787 2182/2149/1788 2089/2150/1789 2090/2151/1787
f 840/559/443 836/2152/1790 837/556/441
f 838/232/1791 783/2002/1792 743/1919/1793
f 833/2004/1794 783/2002/1792 838/232/1791
f 833/2004/1795 838/232/1795 839/235/1795
f 2709/830/669 2759/829/668 2254/2153/1796 2250/2154/1797
f 840/559/1798 841/2014/1798 836/2152/1798
f 786/2012/1799 838/232/1799 743/1919/1799
f 838/232/1800 786/2012/1801 785/2013/1802
f 928/233/1803 838/232/1800 785/2013/1802
f 4123/2155/1804 4317/2156/1804 3904/2157/1804 3918/2158/1804
f 788/2159/1805 845/2160/1805 846/2161/1805
f 845/1409/1806 853/2162/1807 846/2163/1808
f 2289/2164/1809 1736/2165/1810 1737/2166/1811 2290/2167/1811
f 847/2168/1812 790/2169/1813 849/2170/1814
f 2053/2171/1815 2047/2172/1816 1988/2173/1817 1995/2174/1818
f 843/869/1819 852/868/1820 851/2175/1821
f 2479/2176/1822 2481/2177/1822 2480/2178/1822 4449/2179/1822
f 846/2180/1808 853/2181/1807 858/2182/1823
f 856/2096/1735 854/2099/1737 849/2170/1814
f 849/2170/1814 854/2099/1737 847/2168/1812
f 857/2183/1824 856/2184/1825 849/2185/1826
f 860/2186/1827 851/2175/1828 852/868/1829
f 865/2187/1830 856/2184/1830 857/2183/1830
f 851/2175/1828 860/2186/1827 859/2188/1831
f 861/2189/1832 862/2190/1833 858/867/1834
f 861/2189/1832 858/867/1834 853/2191/1835
f 863/2192/1836 855/2193/1837 854/2099/1838
f 866/2194/1839 865/2187/1839 857/2183/1839
f 864/2098/1840 863/2192/1836 854/2099/1838
f 701/2195/1841 859/2196/1841 354/2197/1841
f 4117/2198/1842 4119/2199/1842 3916/2200/1842 3894/2201/1842
f 860/2202/1843 354/2197/1843 859/2196/1843
f 862/2203/1844 580/2204/1845 281/2205/1846
f 580/2204/1845 862/2203/1844 861/2206/1847
f 640/2207/1848 863/2208/1849 422/2209/1850
f 863/2192/1849 864/2098/1851 422/2210/1850
f 791/2040/1852 581/2039/1853 865/2211/1854
f 866/2212/1855 791/2040/1852 865/2211/1854
f 2037/2137/1771 1984/2213/1856 1840/2214/1857 1841/2134/1769
f 3651/2215/1858 3732/1941/1858 3648/1940/1858 3647/2216/1858
f 1822/2217/1859 1812/2218/1859 1807/2219/1860 1813/2220/1861
f 758/349/1862 647/348/1862 871/2221/1862
f 872/2222/1863 875/2041/1863 759/1942/1863
f 3404/2223/1864 3403/2224/1865 3337/2225/1866 3338/2226/1867
f 808/2227/1868 806/2228/1869 803/2229/1870
f 877/1047/1871 803/1088/1871 804/1048/1871
f 3085/2230/1872 3083/2231/1872 3014/2232/1872 2944/2233/1872
f 805/2092/1873 809/2093/1873 878/2234/1873
f 878/2234/1874 809/2093/1874 881/2235/1874
f 878/1121/1875 881/2236/1875 879/1118/1875
f 807/2103/1740 808/2100/1739 882/2237/1876
f 803/2229/1877 884/2238/1878 808/2227/1879
f 885/2239/1880 882/2240/1881 808/2227/1879
f 877/1047/1882 884/2241/1883 803/1088/1884
f 1849/2242/1885 1992/2243/1886 2059/1872/1546 1848/1871/1545
f 890/2244/1887 816/1776/1887 889/1775/1887
f 816/1776/1888 890/2244/1889 815/2245/1890
f 2213/2246/1891 2198/2247/1891 2172/2248/1891 2188/2249/1891
f 4147/2250/1892 4140/2251/1892 3960/2252/1892 3969/2253/1892
f 888/2118/1759 812/2115/1758 893/2254/1893
f 888/2118/1759 894/2255/1894 887/2256/1895
f 894/2255/1894 888/2118/1759 893/2254/1893
f 894/2257/1896 905/2258/1896 903/2259/1896 899/2260/1896 886/2261/1897 887/2262/1898
f 889/1775/1899 895/2263/1900 890/2244/1901
f 890/2244/1901 895/2263/1900 896/2264/1902
f 889/1775/1478 892/1774/1477 895/2263/1903
f 892/1774/1904 897/2265/1904 895/2263/1904
f 3323/2266/1905 3395/2267/1905 3393/2268/1905 3320/2269/1905
f 895/2263/1906 897/2265/1907 898/2270/1908
f 898/2270/1909 896/2264/1902 895/2263/1900
f 900/2271/1910 898/2270/1908 897/2265/1907
f 1965/2272/1911 1765/2273/1911 1961/2274/1911 1962/2275/1911 1963/2276/1911 1964/2277/1911 1966/2278/1911
f 896/2279/1912 901/2280/1912 891/2281/1912
f 901/2282/1913 896/2264/1914 898/2270/1915
f 904/2283/1916 900/2271/1916 897/2265/1916
f 3546/878/1917 3422/2284/1917 3469/2285/1917 3544/879/1917
f 901/2282/1913 898/2270/1915 900/2271/1918
f 499/1319/1919 568/1320/1919 270/895/738 412/1106/909
f 905/2258/1920 907/2286/1920 908/2287/1920
f 906/2288/1921 909/2289/1922 907/2290/1923
f 905/2258/1924 908/2287/1924 903/2259/1924
f 909/2289/1925 908/2291/1925 907/2290/1925
f 820/2292/1926 902/2139/1926 389/2138/1926
f 902/2139/1927 820/2292/1927 906/2293/1927
f 820/1594/1928 391/1975/1928 906/2288/1928
f 391/1975/1929 142/2294/1929 973/2295/1929
f 3297/1755/1930 3367/2296/1930 3295/2297/1930 3218/1756/1930
f 911/2298/1931 901/2282/1931 900/2271/1931
f 911/2298/1932 900/2271/1932 904/2283/1932
f 911/2298/1933 910/2299/1933 901/2282/1933
f 2374/2300/1934 2317/2301/1935 2315/2302/1936 2314/2303/1936
f 2494/2304/1937 2226/2305/1938 1025/2306/1939 1382/2307/1940
f 826/1081/867 914/1514/1272 915/2308/1941
f 1067/2309/1942 1021/2310/1943 3574/2311/1944 3672/2312/1945 1449/2313/1946
f 922/2314/1947 921/2315/1948 835/2146/1949
f 4400/2316/1950 4450/2317/1950 4168/2318/1950 4163/2319/1950 4399/2320/1950
f 920/2321/1951 835/2146/1785 839/235/184
f 920/2321/1951 839/235/184 924/234/183
f 929/2322/1952 920/2321/1951 924/234/183
f 922/2314/1953 835/2146/1785 920/2321/1951
f 841/2014/1954 840/559/1954 925/558/1954
f 927/557/1955 926/394/1955 925/558/1955
f 927/557/1956 837/556/1956 923/391/1956
f 928/233/1957 929/2322/1957 924/234/1957
f 841/2014/1958 925/558/1958 926/394/1958
f 689/2015/1681 841/2014/1680 926/394/1959
f 363/2323/1960 989/2324/1960 364/2325/1960
f 640/2326/1961 842/2327/1961 863/2328/1961
f 398/2329/1962 397/2330/1963 326/2331/1964 328/2332/1965 484/2333/1966
f 1454/2334/1967 1453/2335/1968 1444/2336/1968 1139/2337/1968 1150/2338/1969
f 869/2339/1970 797/2340/1971 935/2341/1972
f 316/2342/1973 334/2343/1973 313/2344/1973 329/2345/1973
f 936/2346/1974 870/2347/1975 874/2348/1976
f 1950/2349/1977 1653/2350/1977 1606/2351/1977 1938/2352/1977
f 872/2222/1978 941/1452/1978 875/2041/1978
f 873/2353/1979 869/2339/1970 935/2341/1972
f 647/348/1980 940/2354/1980 939/2355/1980
f 942/2356/1981 795/1056/848 937/2357/1982
f 3691/2358/1983 3696/2359/1983 3682/2360/1984 3681/2361/1985
f 471/2362/1986 358/2363/1986 360/2364/1986 362/2365/1987 968/2366/1988 819/2367/1986
f 948/2368/1989 959/2369/1989 1070/2370/1989 1055/2371/1989 1049/2372/1989 943/2373/1989 940/2354/1989 647/348/263 713/347/262 715/1846/1989 524/1853/1989 448/340/261 526/339/260 607/1544/1989 800/2080/1989 801/2088/1989 945/2374/1989
f 362/2375/1990 356/2376/1990 944/2377/1990
f 471/2378/1991 977/2379/1992 355/2380/1993
f 876/2381/1994 880/2382/1995 945/2374/1996
f 808/2227/1879 884/2238/1878 885/2239/1880
f 885/2383/1997 883/2384/1997 882/2237/1997
f 877/1047/1882 951/1064/1998 884/2241/1883
f 4723/2385/1999 4728/2386/1999 4497/2387/1999 4639/2388/1999 4705/2389/1999
f 510/2390/2000 430/1361/2001 512/2391/2002 511/2392/2003
f 886/2261/2004 879/2393/2005 881/2235/2006
f 886/2261/2004 946/2394/2007 879/2393/2005
f 891/2281/2008 810/2395/2008 815/2396/2008
f 884/2238/1878 949/2397/2009 885/2239/1880
f 950/2398/2010 883/2399/2011 885/2239/2012
f 949/2397/2009 950/2398/2013 885/2239/1880
f 952/2400/2014 947/2401/2015 946/2402/2016
f 886/2261/2004 952/2403/2017 946/2394/2007
f 1165/2404/2018 1460/2405/2019 1461/2406/2020 1157/2407/2021
f 950/2408/2010 953/2409/2022 883/2384/2011
f 950/2408/2023 954/2410/2023 953/2409/2023
f 954/527/418 950/2398/2024 955/528/419
f 955/528/419 950/2398/2024 949/2397/2025
f 4602/2411/2026 4603/2412/2026 4604/2413/2026 4610/2414/2026 4608/624/2026
f 947/2415/2027 959/2369/2028 948/2368/2029
f 952/2403/2030 956/2416/2030 960/2417/2030
f 652/2418/2031 598/1534/2031 600/2419/2031 601/2420/2031
f 3867/2421/2032 4075/2422/2033 3864/2423/2034
f 963/2424/2035 983/2425/2035 984/2426/2035
f 970/2427/2036 953/2409/2036 954/2410/2036
f 899/2260/2037 903/2259/2038 956/2416/2039
f 961/2428/2040 959/2369/2028 947/2415/2027
f 967/2429/2041 968/2366/2041 969/2430/2041
f 961/2428/2042 971/2431/2042 959/2369/2042
f 972/1290/1062 971/2432/2043 961/1291/1063
f 903/2259/2044 908/2287/2044 956/2416/2044
f 972/2433/2045 956/2416/2045 908/2287/2045
f 972/2434/2046 908/2291/2046 909/2289/2046
f 973/2435/2047 142/2436/2048 964/2437/2049
f 974/2438/2050 904/2439/2051 970/2427/2052
f 910/2440/2053 911/2441/2053 974/2442/2053
f 904/2439/2051 974/2438/2050 911/2443/2054
f 975/2444/2055 974/2445/2055 970/526/2055
f 970/526/2056 965/525/2056 975/2444/2056
f 3688/2446/2057 3689/908/2057 3684/911/2058 3687/2447/2059
f 980/2448/2060 957/2449/2060 868/2450/2061 363/2323/2062 357/2451/2060 359/2452/2060 355/2380/2060 977/2379/2060
f 363/2323/2062 868/2450/2061 978/2453/2063
f 868/2454/2064 979/2455/2064 978/2456/2064
f 957/2457/2065 980/2458/2065 962/2459/2065
f 931/2460/2066 985/2461/2066 944/2462/2066
f 944/2463/2067 981/2464/2067 362/2465/2067
f 362/2365/1987 969/2430/2068 968/2366/1988
f 981/2464/2069 969/2466/2069 362/2465/2069
f 963/2424/2070 982/2467/2070 983/2425/2070
f 931/2460/2071 963/2468/2071 985/2461/2071
f 963/2424/2072 984/2426/2072 985/2469/2072
f 2227/2470/2073 2237/2471/2073 2233/2472/2073 944/2463/2073 985/2469/2073 984/2426/2073 983/2425/2073 1011/2473/2073 1007/2474/2073
f 1906/2475/2074 1923/2476/2074 1916/546/433 1907/545/432
f 3449/1277/1054 3577/700/554 3399/703/557 3330/2477/2075
f 1011/2478/2076 982/2479/2076 912/2480/2076
f 473/2481/2077 1011/2478/2077 912/2480/2077
f 1011/2473/2078 983/2425/2078 982/2467/2078
f 1480/2482/2079 1479/2483/2079 1249/2484/2079 1251/2485/2079
f 976/2486/2080 819/2367/2080 968/2366/2080
f 978/2453/2081 989/2324/2081 363/2323/2081
f 990/2487/2082 992/2488/2082 991/2489/2082
f 992/2490/2083 990/2491/2084 989/2492/2085
f 2245/2493/2086 2669/2494/2087 2252/2495/2088 2243/2496/2089 2244/2497/2090
f 3190/2498/2091 3243/2499/2092 3329/2500/2093 3192/442/358 3030/2501/2094
f 994/2502/2095 993/2503/2095 471/2504/2095
f 994/2505/2096 819/2367/2096 976/2486/2096
f 994/2502/2097 976/2506/2097 966/2507/2097
f 819/2367/2098 994/2505/2098 471/2362/2098
f 579/2508/2099 867/2509/2099 83/2510/2100 2653/2511/2101
f 485/11/10 678/10/9 550/2512/2102 484/2333/1966
f 471/2504/2103 993/2503/2103 977/2513/2103
f 3467/2514/2104 3357/2515/2104 3281/2516/2104 3275/2517/2104
f 1003/2518/2105 921/2315/1948 922/2314/1947
f 1003/2518/2105 922/2314/1947 1091/2519/2106
f 837/556/2107 683/114/2108 1004/2520/2109
f 1005/2521/2110 922/2314/1953 920/2321/1951
f 1005/2521/2111 920/2321/1951 929/2322/1952
f 996/2522/2112 1007/2523/2112 930/160/2112
f 996/2524/2113 995/2525/2113 1007/2474/2113
f 926/394/2114 927/557/2114 923/391/2114
f 182/2526/2115 276/2527/2115 275/2528/2115 67/2529/2115
f 1007/2474/2116 1011/2473/2116 473/2530/2116
f 930/2531/2117 1007/2474/2117 473/2530/2117
f 689/2015/1681 926/394/1959 1009/2532/2118
f 2633/2533/2119 2641/2534/2119 2637/2535/2119 2636/2536/2119
f 3466/2537/2120 3532/2538/2120 3533/2539/2120 3465/2540/2120
f 1500/2541/2121 1866/2542/2122 1859/2543/2123 1890/2544/2121
f 2956/2545/2124 2803/106/90 2760/105/89 2758/2546/2125
f 2135/2547/2126 2139/2548/2126 2132/2549/2126 2134/2550/2126 2129/2551/2126 2077/2552/2126
f 870/2347/1975 936/2346/1974 1034/2553/2127
f 751/1793/2128 696/296/234 695/295/233 697/1796/2128
f 795/1056/848 942/2356/1981 1031/1057/849
f 1032/2554/2129 873/2353/1979 935/2341/1972
f 1041/1844/2130 1032/2554/2129 935/2341/1972
f 1036/2555/2131 1033/2556/2132 1035/2557/2133
f 3044/2558/2134 3201/2559/2135 3202/2560/2136 3204/2561/2137
f 2223/2562/2138 2493/2563/2139 4019/2564/2140 4016/2565/2141
f 2237/2566/2142 2227/1731/2143 1119/2567/2144 1153/2568/2142 1152/2569/2142 1151/1719/1438 1118/1718/1437 1100/2570/2145 1098/268/2142 1109/2571/2142 1106/2572/2142 1133/2573/2142 1146/2574/2142 1145/2575/2142 1158/2576/2142 1167/2577/2142 1175/2578/2142 1179/1735/1440 1184/1734/1439 1097/2579/2142
f 2268/2580/2146 2266/2581/2147 168/1040/835 37/1044/839 38/2582/2148
f 1036/2555/2131 1035/2557/2133 1043/2583/2149
f 1043/2583/2150 1044/2584/2151 1036/2555/2152
f 2638/2585/2153 2528/2586/2153 2529/2587/2153 2527/2588/2153
f 1040/1058/2154 1046/2589/2154 1045/1059/2154
f 1052/2590/2155 1048/2591/2156 1047/2592/2157
f 1043/2583/2158 1047/2592/2157 1048/2591/2156
f 1049/2593/2159 1051/2594/2160 1047/2595/2161
f 1047/2595/2161 1051/2594/2160 1052/2596/2162
f 1050/2597/2163 943/2373/2163 1049/2372/2163
f 3668/2598/2164 3508/2599/2165 3570/2600/2166 3612/2601/2164
f 1055/2602/2167 1069/2603/2167 1077/2604/2167 1073/2605/2168 1061/2606/2169 1053/2607/2167 1052/2596/2167 1051/2594/2167
f 1051/2608/2170 1049/2372/2170 1055/2371/2170
f 418/2609/2171 416/1123/2171 348/692/2172 350/2610/2173
f 3179/2611/2174 3233/2612/2175 3227/1525/2175 3178/2613/2176
f 3767/2614/2177 3765/2615/2178 3685/2616/2179 3758/2617/2179
f 1061/2606/2180 1062/2618/2181 1053/2607/2182
f 1063/2619/2183 1038/2620/2184 2264/2621/2185
f 2580/2622/2186 2581/2623/2187 2681/2624/2188 2735/1302/1067
f 3378/2625/2189 3432/2626/2189 3433/2627/2189 3483/2628/2189
f 4183/2629/2190 4182/2630/2190 4181/2631/2190 4034/2632/2190
f 1055/2602/2191 1070/2633/2191 1069/2603/2191
f 3094/2634/2192 3099/2635/2192 3019/2636/2192 3018/2637/2192
f 1056/2638/2193 1027/2639/2194 1026/2640/2195
f 1018/2641/2196 791/2642/2196 866/2194/2196 1016/2643/2196
f 1067/2309/1942 1024/2644/2197 1021/2310/1943
f 1065/2645/2198 1061/2606/2180 1068/2646/2199
f 1366/2647/2200 1065/2645/2200 1068/2646/2200
f 1440/2648/2201 1439/2649/2201 1128/2650/2201 1130/2651/2201
f 1061/2606/2169 1073/2605/2168 1068/2646/2202
f 3893/2652/2203 3875/2653/2204 3882/2654/2205 3889/2655/2206 3876/2656/2207
f 1024/2644/2197 1074/2657/2208 1025/2306/1939
f 671/1892/2209 611/1891/2209 532/1406/2209 533/1405/2209
f 1037/2658/2210 1072/101/85 1028/100/84
f 1337/865/700 1369/28/25 1379/2659/2211 1347/2660/2211 1311/2661/2211 1316/2662/2211
f 3167/2663/2212 3166/2664/2213 3084/2665/2214 3085/2666/2214
f 168/1040/835 405/2667/2215 335/2668/2216 257/2669/2217 34/1041/836
f 1077/2604/2218 1371/2670/2219 1073/2605/2220
f 962/2459/2221 979/2455/2221 868/2454/2221 957/2457/2221
f 1029/2671/2222 1028/100/84 1075/99/83
f 2587/111/2223 2586/110/2224 2682/1906/1580 2588/1905/1579
f 971/2672/2225 972/2434/2225 1078/2673/2225
f 1069/2603/2226 1070/2633/2226 1078/2674/2226
f 1429/2675/2227 1428/2676/2228 1110/2677/2228 1111/2678/2229
f 901/2280/2230 910/2679/2230 958/2680/2230
f 975/2681/2231 965/2682/2232 1071/1062/2233
f 1079/2683/2234 1071/1062/2235 1347/1061/2236
f 112/1671/2237 456/998/2237 454/997/2237 208/2684/2237
f 3514/2685/2238 3515/2686/2239 3400/2687/2240 3406/2688/2241 3404/2689/2242
f 1970/2690/2243 1968/2691/2243 1974/2692/2243 1975/2693/2243 1977/2694/2243 1971/2695/2243
f 3767/2614/2177 3769/2696/2244 3774/2697/2245 3770/2698/2246
f 2266/2581/2147 2263/1769/1472 406/1768/1471 405/2667/2215 168/1040/835
f 834/2145/2247 921/2315/2247 1003/2518/2248 919/2699/2249 780/1915/2247 781/2003/2247
f 1003/2518/2105 1091/2519/2106 1089/2700/2250
f 919/2699/2249 1003/2518/2248 1089/2700/2251
f 3219/182/2252 3299/2701/2252 3223/2702/2252 3165/2703/2252
f 1005/2521/2253 1091/2519/2254 922/2314/2255
f 1091/2519/2256 1092/2704/2257 1089/2700/2258
f 1093/393/2259 1009/2532/2259 926/394/2259
f 1090/2705/2260 1094/2706/2260 1010/392/2260
f 1010/392/297 1422/2707/2261 1093/393/298
f 2850/2708/2262 2912/2709/2262 2901/2710/2263 2902/2711/2264 2907/2712/2262 2914/2713/2262
f 1006/2714/2265 928/233/2265 1095/2715/2265
f 1006/2714/2266 1095/2715/2266 1005/2521/2266
f 1008/2716/2267 1144/1732/2267 2227/1731/2267
f 1096/2717/2268 689/2015/2268 1009/2532/2268
f 1009/2532/2269 1093/393/2269 1096/2717/2269
f 1653/2350/2270 1950/2349/2270 1654/2718/2270 1652/2719/2270 1628/2720/2270
f 626/2721/2271 2237/2566/2271 1097/2579/2271
f 1118/1718/1437 1101/1717/1436 1100/2570/2145
f 1100/2570/2272 1099/265/2272 1098/268/2272
f 1597/2722/2273 1630/2723/2274 1611/2724/2275
f 1119/2567/2144 2227/1731/2143 1121/2725/2276
f 1133/2573/2277 1106/2572/2277 1105/2726/2277
f 1109/2571/2278 1108/2727/2279 1106/2572/2280
f 1108/2728/2281 1107/2729/2281 1106/2730/2281
f 1105/2726/2282 1106/2572/2282 1107/2731/2282
f 1109/2571/2278 1110/267/2283 1108/2727/2279
f 405/2667/2215 406/1768/1471 1082/405/303 620/94/78 490/93/77 335/2668/2216
f 1111/266/2284 1099/265/2284 1112/2732/2284
f 1098/268/2285 1110/267/2285 1109/2571/2285
f 1100/1532/2286 1113/2733/2286 1114/1533/2286
f 3101/2734/2287 3104/2735/2288 3103/2736/2289 3100/2737/2287
f 1101/2738/2290 1115/2739/2291 1100/1532/2292
f 1100/2740/2293 1115/2741/2293 1113/2742/2293
f 1117/2743/2294 1101/2738/2295 1116/2744/2296
f 1117/2743/2297 1115/2739/2291 1101/2738/2290
f 1116/2744/2296 1102/2745/2298 1135/2746/2299
f 1119/2567/2144 1121/2725/2276 1120/2747/2300
f 1120/2748/2301 1141/2749/2301 1119/2750/2301
f 1120/2748/2302 1121/2751/2303 1122/2752/2304
f 1141/2749/2305 1120/2748/2302 1122/2752/2304
f 1122/2752/2304 1121/2751/2303 1124/2753/2306
f 2227/1731/2307 1123/1730/2307 1121/2725/2307
f 1123/1730/2308 1124/2754/2306 1121/2725/2303
f 1125/1653/2309 1124/2753/2310 1123/2755/2311
f 1103/1729/2312 1126/2756/2312 1123/1730/2312
f 1126/1650/2313 1125/1653/2309 1123/2755/2311
f 1126/1650/2314 1103/2757/2314 1127/2758/2314
f 1127/2758/2315 1103/2757/2315 1128/2650/2315
f 1128/2759/2316 1103/1729/2317 1104/1728/2318
f 1130/2760/2319 1128/2759/2316 1104/1728/2318
f 1129/1727/2320 1130/2760/2319 1104/1728/2318
f 1130/2651/2321 1129/2761/2322 1131/1592/2323
f 1131/2762/2323 1129/2763/2322 1132/2764/2324
f 2117/2765/2325 2099/2766/2325 2112/2767/2325 2116/2768/2325
f 3861/2769/2326 3865/2770/2327 3871/2771/2328 3868/2772/2329
f 1134/2773/2330 1149/2774/2331 1146/2574/2332
f 1133/2775/2333 1134/2776/2330 1146/2777/2332
f 1134/2773/2334 1133/2573/2334 1105/2726/2334
f 1117/2743/2294 1116/2744/2296 1135/2746/2299
f 1102/1715/2335 1137/1714/2335 1138/2778/2335
f 1136/2779/2336 1139/2337/2336 1137/2780/2336
f 1135/2781/2337 1102/2782/2337 1138/2783/2337
f 1138/2010/2338 1137/2784/2338 1139/2011/2338
f 1140/1771/2339 1153/2785/2339 1119/2786/2339
f 1140/2787/2340 1119/2750/2340 1141/2749/2340
f 1143/2788/2341 1132/2789/2341 1129/2790/2341
f 1143/2791/2342 1155/2792/2342 1132/2793/2342
f 1146/2574/2343 1148/2794/2343 1145/2575/2343
f 1145/2575/2344 1148/2794/2344 1147/2795/2344
f 1146/2574/2345 1149/2774/2345 1148/2794/2345
f 1161/1738/1441 1136/2796/2346 1137/1714/1434
f 1161/2797/2347 1150/2338/2347 1136/2779/2347
f 1136/2779/2348 1150/2338/2348 1139/2337/2348
f 2131/2798/2349 2096/2799/2350 2081/2800/2350 2010/2801/2351
f 1153/2785/2352 1140/1771/2352 1154/1770/2352
f 1152/2802/2353 1153/2785/2354 1162/2803/2355
f 1154/1770/2356 1162/2803/2355 1153/2785/2354
f 921/2315/1948 834/2145/1783 833/2004/1782 835/2146/1949
f 1144/1732/2357 1008/2716/2358 842/2804/2359
f 1158/2805/2360 1145/2806/2361 1159/2807/2362
f 1147/2808/2363 1159/2807/2362 1145/2806/2361
f 600/1663/2364 521/1392/2364 514/1391/2364 593/1661/2364
f 1151/1719/2365 1152/2569/2365 1162/2809/2365
f 1163/2810/2366 1165/2811/2366 1164/1724/2366
f 1164/1724/2367 1165/2811/2367 1156/1725/2367
f 1157/2407/2368 1156/2812/2368 1165/2404/2368
f 1167/2813/2369 1158/2805/2360 1159/2807/2362
f 2423/1167/2370 2454/2814/2371 2452/2815/2372 2451/2816/2373
f 1186/2817/2374 1144/2818/2357 842/2327/2359
f 1177/2819/2375 1167/2820/2369 1159/2821/2362
f 1171/2822/2376 1170/1720/2376 1172/2823/2376
f 1467/2824/2377 859/2196/2378 701/2195/2379
f 701/2825/2379 1472/2826/2380 1467/2827/2377
f 550/2512/2102 678/10/9 775/2828/2381 736/2829/866
f 2111/2830/2382 1952/2831/2382 2116/2768/2382 2112/2767/2382
f 1169/2832/2383 1168/2833/2383 1179/2834/2383
f 1169/2832/2384 1179/2834/2384 1178/538/2384
f 3770/2835/2385 3776/2836/2385 3630/658/2385 3765/657/2385
f 1171/2837/2386 1180/2838/2386 1170/2839/2386
f 1171/2837/2387 1181/2840/2387 1180/2838/2387
f 1180/2838/2388 1181/2840/2389 1183/2841/2390
f 1182/2842/2391 1180/2838/2388 1183/2841/2390
f 1182/2842/2392 1183/2841/2393 1174/2843/2394
f 1173/2844/2395 1182/2842/2392 1174/2843/2394
f 2651/2845/2396 1185/2846/2396 934/2847/2396
f 1185/2848/2397 2651/2849/2397 1097/2850/2397
f 2629/2851/2398 2632/2852/2399 2623/2853/2399 2616/2854/2399 2614/437/2400
f 1186/1733/2401 1097/2579/2401 1184/1734/2401
f 1186/2855/2402 1022/2856/2402 1187/2857/2402
f 2711/104/88 2712/108/92 2670/2858/2403 2669/2494/2087
f 1277/2859/2404 1292/2860/2405 1240/2861/2406 1278/2862/2407
f 1432/2863/2408 1431/2864/2409 1113/2733/2409 1115/2739/2410
f 902/2865/2411 905/2866/2411 894/2255/1894 893/2254/1893
f 3929/2867/2412 4328/2868/2412 4327/2869/2412 3928/2870/2412
f 1022/2871/2413 1188/2872/2414 1187/2873/2415
f 934/2847/2416 1185/2846/2417 1306/2874/2418
f 1190/2875/2419 1189/2876/2419 1191/2877/2419
f 1192/2878/2420 1191/2879/2420 1189/2880/2420
f 4792/2881/2421 4781/2882/2421 4808/2883/2421 4804/2884/2421 4786/2885/2422 4701/2886/2423
f 1193/2887/2424 1190/2875/2424 1191/2877/2424
f 1192/2878/2425 1193/2888/2425 1191/2879/2425
f 1196/2889/2426 1195/2890/2426 1194/2891/2426
f 1197/2892/2427 1198/2893/2428 1195/2894/2429
f 1198/2895/2430 1194/2891/2430 1195/2890/2430
f 4532/2896/2431 4660/2897/2432 4526/2898/2433 4520/2899/2434
f 1197/2892/2427 1195/2894/2429 1196/2900/2435
f 1500/2901/2436 1322/269/2436 1281/272/2436 1866/2902/2436
f 2853/2903/2437 2688/2904/2437 2787/2905/2437 2822/2906/2437
f 1199/2907/2438 1202/2908/2439 1201/2909/2440
f 1201/2909/2441 1202/2908/2442 1205/2910/2443
f 1202/2908/2442 1203/2911/2444 1205/2910/2443
f 1203/2911/2445 1206/2912/2445 1204/2913/2445
f 1208/2914/2446 1205/2915/2447 1204/2916/2448
f 1204/2913/2449 1205/2910/2449 1203/2911/2449
f 987/2917/2450 913/2918/2451 986/2919/2452 1084/416/313
f 3763/2920/2453 3764/2921/2453 3762/2922/2453 3761/2923/2453
f 1209/2924/2454 1210/2925/2455 1211/2926/2456
f 4222/2927/2457 4464/2928/2458 4202/2929/2458 4221/2930/2459
f 4327/2869/2460 4127/2931/2460 3927/2932/2460 3928/2870/2460
f 1601/2933/2461 1603/2934/2462 1602/2935/2463 1586/2936/2461
f 1217/2937/2464 1214/2938/2464 1224/2939/2464
f 1216/2940/2465 1215/2941/2466 1214/2938/2467
f 1217/2937/2468 1216/2940/2465 1214/2938/2467
f 1216/2940/2465 1217/2937/2468 1200/2942/2469
f 1207/2943/2470 1219/2944/2471 1208/2945/2446
f 1218/2946/2472 1220/2947/2473 1207/2943/2474
f 1220/2948/2475 1219/2949/2476 1207/2950/2477
f 1211/2951/2456 1231/2952/2478 1221/2953/2479
f 1221/2954/2479 1209/2955/2454 1211/2956/2456
f 1222/2957/2480 1212/2958/2481 1223/2959/2482
f 1213/2960/2483 1212/2961/2481 1222/2046/2480
f 1222/2046/2484 1223/2962/2484 1234/2963/2484
f 1225/2964/2485 1236/2965/2486 1224/2939/2487
f 1226/2966/2488 1224/2939/2488 1214/2938/2488
f 1227/2967/2489 1225/2964/2489 1224/2939/2489
f 1226/2966/2490 1227/2967/2490 1224/2939/2490
f 1227/2967/2491 1226/2966/2492 1215/2941/2466
f 1226/2966/2492 1214/2938/2467 1215/2941/2466
f 1779/2968/2493 1791/2969/2494 1802/2970/2495 1780/2971/2496 1775/2972/2497 1800/2973/2498 1776/2974/2499 1777/2975/2500 1778/2976/2501
f 1220/2947/2475 1228/2977/2502 1219/2944/2476
f 1229/2978/2503 1220/2947/2473 1218/2946/2472
f 1228/2979/2504 1220/2980/2504 1229/2981/2504
f 153/2982/2505 148/1378/305 9/631/512 244/630/511
f 1244/2983/2506 1230/2984/2506 1231/2952/2506
f 1230/2984/2507 1221/2953/2479 1231/2952/2478
f 1234/2985/2508 1233/2986/2509 1262/2987/2510
f 1233/2988/2511 1234/2963/2511 1223/2962/2511
f 1222/2046/1708 1234/2963/2512 1262/2047/1709
f 1235/2989/2513 1262/2047/2510 1233/2988/2509
f 1237/2990/2514 1236/2991/2514 1265/2992/2514
f 1265/2993/2515 1236/2965/2515 1227/2967/2515
f 1236/2994/2516 1225/2995/2516 1227/2996/2516
f 3322/2997/2517 3394/2998/2518 3324/1529/2519 3238/1528/2517
f 1228/2977/2520 1229/2978/2520 1241/2999/2520
f 2144/3000/2521 2181/3001/2522 2191/3002/2523 2203/938/772 2146/937/771 2084/1976/2524 2083/3003/2525
f 3707/3004/2526 3639/3005/2526 3593/3006/2526 3552/3007/2527 3360/2018/2528 3421/2017/2526 3540/3008/2529 3810/3009/2530 3813/3010/2526 3782/3011/2526 3786/3012/2526
f 1185/2846/2531 1242/3013/2532 1279/3014/2533
f 3028/3015/2534 2258/3016/2535 2261/378/283 3189/377/282
f 1230/2984/2536 1244/2983/2536 1243/3017/2536
f 1280/3018/2537 1242/3013/2538 1245/3019/2539
f 1243/3017/2540 1245/3019/2541 1242/3013/2542
f 1244/3020/2543 1245/3021/2541 1243/3022/2540
f 1231/3023/2544 1245/3021/2544 1244/3020/2544
f 3126/1430/2545 3509/3024/2546 2501/3025/2547 3325/3026/2548 3240/3027/2549
f 2773/3028/2550 2775/3029/2551 2679/3030/2552 2726/3031/2553
f 1127/2758/2554 1438/3032/2554 1437/1651/1378 1126/1650/1377
f 1246/3033/2555 1248/3034/2556 1247/3035/2557
f 1248/3034/2558 1250/3036/2558 1249/3037/2558
f 1248/3034/2559 1249/3037/2559 1247/3035/2559
f 1232/3038/2560 1250/3036/2561 1248/3034/2556
f 1251/2485/2562 1250/3039/2563 1232/3040/2564
f 1249/2484/2565 1250/3039/2563 1251/2485/2562
f 1251/3041/2566 1232/3042/2566 1253/3043/2566
f 1256/3044/2567 1257/3045/2568 1254/3046/2569
f 1257/3045/2568 1255/3047/2570 1254/3046/2569
f 1252/3048/2571 1255/3049/2571 1257/3050/2571
f 1254/3051/2572 1255/3052/2572 1258/3053/2572
f 1256/3054/2567 1254/3055/2569 1258/3056/2573
f 2265/3057/2574 258/3058/2575 337/65/63 1063/2619/2183 2264/2621/2185
f 1501/3059/2576 1502/3060/2576 1325/3061/2576 1323/3062/2576
f 772/3063/1147 821/3064/2577 735/3065/2578 773/3066/1144
f 335/2668/2216 489/3067/2579 332/1099/882 255/1098/881 257/2669/2217
f 1264/3068/2580 1236/2965/2580 1237/3069/2580
f 554/92/76 489/3067/2579 335/2668/2216 490/93/77
f 1270/3070/2581 1269/3071/2581 1267/3072/2581
f 1267/3073/2582 1269/3074/2583 1268/3075/2584
f 1269/3071/2585 1270/3070/2585 1271/3076/2585
f 1269/3074/2583 1271/3077/2586 1268/3075/2584
f 1272/1797/2587 1271/3077/2588 1270/3078/2589
f 1238/3079/2590 1272/1797/2587 1270/3078/2589
f 1239/3080/2591 1272/1797/2591 1238/3079/2591
f 1239/3080/2592 1275/1798/2592 1272/1797/2592
f 1239/3080/2593 1273/3081/2594 1274/3082/2595
f 1239/3080/2593 1274/3082/2595 1275/1798/2596
f 2962/444/360 2882/3083/2597 2807/3084/2598 2770/3085/2599 2767/3086/2600 2960/441/357
f 1276/3087/2601 1274/3088/2601 1273/3089/2601
f 4263/3090/2602 4286/3091/2603 4261/3092/2604 4262/3093/2604
f 1071/1062/2233 965/2682/2232 955/3094/2605 1064/1063/2606
f 1044/2584/2151 1034/2553/2607 1036/2555/2152
f 1185/2846/2531 1279/3014/2533 1293/3095/2608
f 1306/2874/2418 1185/2846/2417 1293/3095/2609
f 1279/3096/2610 1280/3097/2537 1294/3098/2611
f 1280/3018/2537 1279/3014/2610 1242/3013/2538
f 2371/82/2612 2368/81/2612 2373/3099/2612 2370/3100/2612
f 1247/3101/2613 1281/272/2613 1246/271/2613
f 1249/3102/2614 1281/272/2614 1247/3101/2614
f 1258/2045/1707 1282/2044/1706 1283/3103/2615
f 1284/3104/2616 1283/3103/2616 1282/2044/2616
f 1256/1037/2617 1283/3105/2617 1284/1034/2617
f 1258/2045/2618 1283/3103/2618 1256/3106/2618
f 1261/3107/2619 1285/3108/2620 1298/3109/2621
f 1261/2048/2619 1260/3110/2622 1285/3111/2620
f 1296/3112/2623 1298/2049/2623 1285/3111/2623
f 4106/291/2624 4104/3113/2624 4090/3114/2624 4105/3115/2624
f 3030/3116/2094 2959/3117/2625 3029/3118/2626 3242/3119/2627 3190/3120/2091
f 1289/3121/2628 1287/3122/2628 1263/3123/2628
f 1287/3124/2629 1289/3125/2629 1288/3126/2629
f 1264/3068/2630 1289/3121/2630 1263/3123/2630
f 3208/3127/2631 3263/3128/2632 3155/3129/2633 3154/3130/2634
f 214/553/2635 213/564/2635 118/252/199 215/253/201
f 1290/3131/2636 1266/3132/2636 1267/3072/2636
f 1268/629/2637 1290/628/2637 1267/3133/2637
f 1273/3089/2638 1299/74/2638 1276/3087/2638
f 1291/3134/2639 1299/3135/2639 1273/3136/2639
f 1292/2860/2640 1303/3137/2641 1240/2861/2641
f 1302/3138/2642 1292/2860/2405 1277/2859/2404
f 1305/1843/2643 1042/3139/2643 1032/2554/2643 1041/1844/2643
f 1293/3140/2644 1294/3098/2645 1295/3141/2646
f 1294/3098/2645 1293/3140/2644 1279/3096/2647
f 3899/3142/2648 3839/3143/2649 3633/3144/2650 3819/3145/2648 3795/3146/2648
f 1298/2049/2651 1296/3112/2652 1297/2050/2653
f 2269/3147/2654 39/3148/2655 258/3058/2575 2265/3057/2574
f 1376/3149/2656 1384/3150/2657 1379/2659/2658 1369/28/2659
f 1782/3151/2660 1786/3152/2660 1767/3153/2661 1781/3154/2662
f 1286/3155/2663 1287/3122/2663 1288/3156/2663
f 1300/3157/2664 1301/3158/2665 1302/3138/2666
f 1303/3137/2667 1301/3158/2667 1300/3157/2667
f 1303/3137/2668 1292/2860/2405 1302/3138/2642
f 1303/3159/2669 1302/3160/2669 1301/3161/2669
f 2336/3162/2670 2385/71/2670 2337/70/2670 1682/3163/2670
f 1045/3164/2671 1046/3165/2671 1304/3166/2671
f 1304/3166/2672 1046/3165/2673 1040/3167/2674
f 1304/3166/2675 1311/2661/2676 1045/3164/2677
f 1304/3166/2678 1042/974/2679 1305/3168/2680
f 1044/2584/2151 1043/2583/2150 1048/2591/2681
f 1308/3169/2682 1307/3170/2683 1306/1450/2684
f 2504/3171/2685 2515/3172/2685 2241/3173/2685 2503/3174/2685
f 546/3175/2686 544/1443/1207 548/1442/1206 615/1702/1422 549/1704/1424 400/1070/859 481/1069/858
f 2021/3176/2687 1952/3177/2687 1380/3178/2687 1078/2673/2687 972/2434/2687 909/2289/1922 906/2288/1921 391/1975/2687 973/2295/2687 1393/3179/2687 1646/3180/2687 1642/3181/2687 1645/3182/2687 1641/3183/2687 2200/3184/2687 2199/3185/2687
f 2512/3186/2688 2511/3187/2689 1413/844/680 1412/414/311
f 2513/3188/2690 1411/3189/2691 1086/1513/1271 2238/3190/2692
f 1315/3191/2693 1303/3137/2693 1300/3157/2693
f 666/1561/2694 722/2090/2695 723/3192/2695 661/3193/2696
f 1304/3166/2675 1316/2662/2697 1311/2661/2676
f 1304/3194/2678 1305/1843/2680 1316/1842/2698
f 778/1706/1426 831/98/82 830/103/87 739/1707/1427
f 2199/3195/2699 2209/3196/2699 2191/3002/2699 2206/3197/2699
f 2638/2585/2700 2635/3198/2700 2623/3199/2700 2632/3200/2700
f 1044/2584/2151 1048/2591/2681 1352/3201/2701
f 1295/3202/2702 1335/2058/1711 1308/3203/2703
f 3833/3204/2704 3752/3205/2705 3751/3206/2706 3832/3207/2707
f 1322/3208/2708 1321/3209/2709 1319/3210/2710
f 1319/3210/2710 1320/3211/2711 1322/3208/2708
f 1321/3209/2712 1323/3062/2713 1324/3212/2714
f 1319/3210/2715 1321/3209/2712 1324/3212/2714
f 1325/3061/2716 1317/3213/2717 1324/3212/2718
f 1323/3062/2719 1325/3061/2716 1324/3212/2718
f 1327/3214/2720 1329/3215/2720 1326/3216/2720
f 1327/3217/2721 1328/3218/2721 1329/3219/2721
f 1330/3220/2722 1329/3219/2723 1331/3221/2724
f 1329/3219/2723 1328/3218/2725 1331/3221/2724
f 1330/3220/2726 1331/3221/2726 1333/3222/2726
f 1333/3222/2727 1332/3223/2727 1330/3220/2727
f 1117/2743/2728 1135/2746/2729 1434/3224/2730 1433/3225/2731
f 577/1496/2732 578/1498/2732 576/3226/2732 575/3227/2732
f 344/1112/905 342/887/904 264/698/729 175/149/731
f 749/3228/2733 3181/3229/2734 692/3230/2735
f 958/3231/2736 1336/3232/2737 1022/2871/2413
f 1338/866/701 1337/865/700 1316/2662/2738
f 1340/3233/2739 1536/3234/2740 1339/3235/2741
f 1536/3234/2742 1340/3233/2743 1539/3236/2744
f 1352/3201/2701 1048/2591/2681 1062/3237/2745
f 1344/3238/2746 1339/3235/2747 1531/3239/2748
f 3450/3240/2749 3331/3241/2750 3329/2500/2093 3398/3242/1660 3576/3243/1659
f 1552/3244/2751 1346/682/2751 1341/3245/2751
f 4537/3246/2752 4755/3247/2752 4754/3248/2753 4530/3249/2754
f 1344/3238/2755 1348/3250/2756 1339/3235/2741
f 1464/1170/2757 1454/2334/1967 1150/2338/1969 1166/1171/2757
f 1578/3251/2758 1342/3252/2758 1351/3253/2758
f 4805/3254/2759 4810/3255/2759 4804/2884/2759 4797/3256/2759
f 3567/3257/2760 3570/2600/2760 3505/3258/2760 3499/1538/2760
f 738/3259/2761 916/594/481 778/1706/1426 679/1705/1425
f 1621/3260/2762 1351/3253/2763 1362/3261/2764
f 1375/3262/2765 1359/3263/2765 1356/3264/2765 1353/3265/2765 1349/3266/2765 1345/3267/2765 1340/3233/2739 1339/3235/2741 1348/3250/2756 1355/3268/2765
f 1364/3269/2766 1357/29/2767 1358/864/2768
f 1308/3169/2682 1372/3270/2769 1307/3170/2683
f 4684/3271/2770 4697/3272/2771 4785/3273/2772 4779/3274/2770
f 1629/3275/2773 1354/684/2774 1620/3276/2775
f 1198/3277/2776 1193/3278/2776 1192/3279/2776 1194/3280/2776
f 1364/3269/2766 1363/26/2777 1357/29/2767
f 1334/787/2778 1365/3281/2779 1364/788/2780
f 1308/3203/2703 1335/2058/1711 1372/2057/1710
f 3653/3282/2781 3650/3283/2781 3649/3284/2781 3652/3285/2781
f 1818/3286/2782 1473/536/2782 1176/539/2782 1177/3287/2782
f 1369/28/25 1337/865/700 1357/29/26
f 3349/3288/2783 3262/3289/2783 3207/3290/2783 3268/3291/2783
f 1307/3170/2784 1372/3270/2784 1306/1450/2784
f 525/1451/2785 1306/1450/2786 964/2437/2787
f 1309/3292/2788 1360/3293/2789 1318/3294/2790
f 1306/1450/2786 1372/3270/2791 964/2437/2787
f 4258/290/2792 4257/3295/2793 4088/3296/2794 4104/3113/2792
f 1376/3149/2656 1369/28/2659 1370/27/2795
f 4538/3297/2796 4537/3298/2797 4531/3299/1573 4536/3300/2796
f 1624/3301/2798 1375/3262/2799 1355/3268/2800
f 1378/3302/2801 1360/3293/2789 1309/3292/2788
f 4747/3303/2802 4753/3304/2803 4661/3305/2803 4529/3306/2804
f 2015/729/587 2086/3307/2805 87/1808/2806 933/1807/2807
f 1380/3308/2808 1371/2670/2219 1077/2604/2218
f 4422/3309/2809 4588/3310/2810 4419/1990/2811 4423/3311/2811 4421/3312/2811
f 274/925/2812 280/927/2812 186/471/2812 70/469/2812
f 1368/3313/2813 1388/3314/2813 1362/3261/2813
f 2120/3315/2814 2027/3316/2815 2025/3317/2816
f 1399/3318/2817 1377/3319/2817 1360/3320/2817
f 1380/3178/2818 1077/3321/2818 1078/2673/2818
f 1077/2604/2819 1069/2603/2819 1078/2674/2819
f 1503/3322/2820 1504/3323/2820 1331/3221/2820 1328/3218/2820
f 973/2435/2047 964/2437/2049 1372/3270/2821
f 973/3324/2822 1372/2057/2822 1392/2056/2822
f 1392/3325/2823 1393/3179/2823 973/2295/2823
f 4810/3255/2824 4805/3254/2824 4776/3326/2824 4809/3327/2824
f 1389/2055/2825 1394/3328/2825 1392/2056/2825
f 1394/3329/2826 1393/3179/2826 1392/3325/2826
f 1395/3330/2827 1393/3179/2827 1394/3329/2827
f 1393/3331/2828 1395/3332/2828 1624/3301/2828
f 1394/3329/2829 1397/3333/2830 1395/3330/2831
f 4443/3334/2832 2472/3335/2833 4444/3336/2834 4584/3337/2835 4442/3338/2836 4441/3339/2834 2464/3340/2837 4440/3341/2838
f 1394/3329/2829 1396/3342/2839 1397/3333/2830
f 1396/3343/2840 1367/2054/2840 1381/2053/2840
f 1397/3333/2841 1396/3342/2841 1381/3344/2841
f 1398/3345/2842 1397/3333/2842 1381/3344/2842
f 1398/3345/2843 1381/3344/2843 1400/3346/2843
f 1377/3319/2844 1399/3318/2845 1373/2052/2846
f 1373/3347/2847 1399/3348/2847 1400/3349/2847
f 1373/2052/2848 1400/3350/2848 1381/2053/2848
f 1650/3351/2849 1400/3346/2850 1399/3352/2851
f 1401/3353/2852 1399/3352/2852 1360/3354/2852
f 1401/3355/2853 1360/3293/2853 1378/3302/2853
f 1401/3356/2854 1378/3357/2854 1386/3358/2854
f 1386/3358/2855 1402/3359/2855 1401/3356/2855
f 2341/3360/2856 2339/3361/2857 2338/3362/2858 2340/69/2858
f 1402/3363/2859 1403/3364/2860 1404/3365/2861
f 1637/3366/2862 1403/3367/2862 1361/3368/2862
f 1404/3369/2863 1403/3367/2863 1637/3366/2863
f 1361/3368/2864 1403/3367/2865 1368/3313/2866
f 1387/3370/2867 1405/3371/2868 1403/3372/2869
f 1405/3373/2870 1368/3313/2866 1403/3367/2865
f 1390/3374/2871 1405/3375/2868 1387/3376/2867
f 1383/3377/2872 1405/3375/2872 1390/3374/2872
f 1406/3378/2873 1405/3379/2873 1383/3380/2873
f 1368/3313/2874 1405/3373/2874 1388/3314/2874
f 1406/3378/2875 1383/3380/2875 1408/3381/2875
f 1383/3377/2876 1391/3382/2876 1408/3383/2876
f 1391/3384/2877 1343/3385/2877 1408/3386/2877
f 1408/3381/2878 1343/3387/2879 958/3388/2880
f 1409/3389/2881 1408/3381/2878 958/3388/2880
f 974/2442/2882 1079/3390/2883 1409/3389/2884
f 1079/3390/2883 974/2442/2882 975/3391/2885
f 1071/1062/2235 1079/2683/2234 975/2681/2886
f 1409/3389/2887 1079/3390/2887 1410/3392/2887
f 1079/3393/2888 1347/2660/2888 1410/3394/2888
f 1410/3394/2889 1347/2660/2889 1379/2659/2889
f 1379/2659/2658 1384/3150/2657 1410/3394/2890
f 918/593/480 999/3395/2891 831/98/82 778/1706/1426 916/594/481
f 2267/3396/2892 1039/3397/2892 2248/3398/2892 2251/3399/2892 2221/3400/2892
f 476/477/2893 393/476/2894 244/3401/2895 243/3402/2893 317/2140/1775 472/1265/1774
f 572/401/2896 574/400/2896 635/294/2896 634/293/2896
f 2457/3403/2897 2439/3404/2897 2440/3405/2898 2456/3406/2899
f 919/2699/2249 1089/2700/2251 1417/3407/2900
f 1417/3407/2901 1089/2700/2901 1418/3408/2901
f 683/114/2902 1415/113/2903 1004/2520/2904
f 1092/2704/2905 1091/2519/2905 1424/3409/2905
f 1092/2704/2257 1416/3410/2906 1089/2700/2258
f 1416/3410/2907 1092/2704/2907 1421/3411/2907
f 1418/3408/2908 1416/3410/2908 1421/3411/2908
f 1089/2700/2909 1416/3410/2909 1418/3408/2909
f 1422/2707/2910 1010/392/2910 1094/2706/2910
f 88/3412/2911 282/3413/2911 1972/3414/2911 1978/3415/2911
f 1424/3409/2912 1421/3411/2912 1092/2704/2912
f 1096/2717/2913 1093/393/298 1422/2707/2261
f 1300/3416/2914 1343/3385/2914 1391/3384/2914 1315/3417/2914
f 3476/3418/2915 3428/3419/2916 3369/3420/2917 3429/3421/2918 3477/3422/2919
f 1423/3423/2920 1764/3424/2920 630/3425/2920
f 3203/3426/2921 3043/3427/2922 2972/3428/2923 3144/3429/2924
f 418/2609/2925 417/3430/2925 506/1482/2925 505/1328/2925 416/1123/2925
f 638/3431/2926 699/164/133 698/167/135 637/3432/2926
f 355/2380/1993 359/2452/2927 358/3433/2927 471/2378/1991
f 1026/2640/2195 2260/3434/2928 1054/3435/2929 1056/2638/2193
f 1114/1533/2930 1430/3436/2930 1112/1530/2930
f 3539/877/2931 3542/880/2931 3533/3437/2931 3532/3438/2931
f 1433/3225/2731 1432/2863/2408 1115/2739/2410
f 1117/2743/2728 1433/3225/2731 1115/2739/2410
f 1447/3439/2932 1141/2749/2933 1122/2752/2934 1124/2753/2935 1435/3440/2936
f 4493/3441/2937 4503/3442/2938 4121/3443/2939 4315/3444/2937
f 198/515/2940 422/2209/2940 581/2039/2940 199/517/2940
f 1591/3445/2941 1607/3446/2942 1618/3447/2943 1620/3448/2943
f 1200/3449/2469 1217/3450/2468 1199/3451/2438 1201/3452/2440
f 1130/2651/2944 1131/1592/2945 1442/3453/2946
f 1130/2651/2944 1442/3453/2946 1440/2648/2947
f 1131/1592/2945 1441/1591/2948 1442/3453/2946
f 3276/3454/2949 3277/3455/2949 3279/3456/2949 3278/3457/2949
f 1385/3458/2950 1952/3459/2951 1946/725/2952 1374/3460/2950
f 3816/3461/2953 3784/3462/2954 3815/3463/2954 3814/3464/2955
f 4141/3465/2956 4361/3466/2956 4350/3467/2956 4348/3468/2956
f 914/1514/1272 1086/1513/1271 1080/417/314 915/2308/1941
f 1461/3469/2957 1132/3470/2958 1155/3471/2959
f 1132/3472/2958 1461/2406/2957 1448/3473/2960
f 1148/3474/2961 1451/3475/2962 1147/2808/2963
f 1451/3475/2964 1149/3476/2965 1452/3477/2966
f 1149/3476/2965 1451/3475/2964 1148/3474/2967
f 2670/2858/2403 2712/108/92 33/412/309 166/411/308 35/685/540
f 1327/3214/2968 1326/3216/2968 1266/3132/2968 1290/3131/2968
f 358/3478/2969 359/3479/2969 357/3480/2969 366/949/2969
f 1155/3481/2970 1157/2407/2021 1461/2406/2020
f 524/1853/2971 522/1852/2971 450/1205/2971 448/340/2971
f 1147/2808/2963 1451/3475/2962 1463/3482/2972
f 1105/3483/2973 1426/3484/2974 1443/3485/2975 1134/3486/2976
f 1163/769/2977 1460/2405/2019 1165/2404/2018
f 1163/769/2977 1466/768/2978 1460/2405/2019
f 4542/3487/2979 4543/3488/2979 4551/3489/2979 4663/3490/2979 4541/3491/2980 4533/3492/2981
f 4394/3493/2982 4160/3494/2983 4002/3495/2984 4004/3496/2982
f 1172/3497/2985 1469/3498/2986 1171/3499/2987
f 2095/3500/2988 2145/3501/2989 2094/3502/2990 2088/3503/2988
f 3751/3206/2706 3748/3504/2991 1494/3505/2992 3832/3207/2707
f 1169/2832/2993 1178/538/2993 1474/537/2993
f 1474/537/2994 1468/3506/2994 1169/2832/2994
f 1171/2837/2995 1469/3507/2995 1181/2840/2995
f 1181/2840/2996 1469/3507/2996 1475/3508/2996
f 829/219/169 776/218/168 1470/3509/81 779/3510/80 832/3511/2997
f 1087/845/681 2509/3512/2998 1002/3513/2999 998/842/678
f 6/15/14 319/1932/1615 317/6/5 242/5/4
f 4144/3514/3000 4150/3515/3000 4375/3516/3000 4370/3517/3000
f 1395/3332/3001 1397/3518/3001 1359/3263/3001 1375/3262/3001
f 4512/3519/3002 4511/3520/3003 4520/2899/2434 4521/3521/3004
f 4454/3522/3005 4021/3523/3005 4169/3524/3005 4170/3525/3005
f 4687/1000/812 4802/999/811 4709/3526/3006 4636/3527/3007
f 2635/3198/3008 2638/2585/3008 2527/2588/3008 2606/3528/3008 2518/3529/3008 2591/3530/3008 2603/3531/3008
f 2520/298/236 2786/3532/3009 2685/3533/3010 2519/299/237
f 324/638/3011 159/384/3011 21/48/3011 20/46/3011
f 2212/3534/3012 2203/938/3013 2191/3002/3014 2209/3196/3014
f 598/1534/3015 652/2418/3015 599/3535/3015 592/1536/3015
f 4118/3536/3016 3897/967/3017 3896/3537/3017 4312/3538/3018
f 2868/3539/3019 2794/3540/3019 2793/3541/3020 2751/1955/3021 2796/1954/3019
f 740/3542/86 621/3543/3022 681/3544/3023
f 1499/3545/3024 1322/3208/3025 1500/3546/3026
f 1321/3209/3027 1322/3208/3025 1499/3545/3024
f 4216/3547/3028 4472/3548/3028 4182/2630/3028 4183/2629/3028
f 1503/3322/3029 1327/3217/3030 1498/3549/3031
f 1328/3218/3032 1327/3217/3030 1503/3322/3029
f 1333/3222/3033 1331/3221/3034 1505/3550/3035
f 1331/3551/3034 1504/3552/3036 1505/3553/3035
f 1522/3554/3037 1510/3555/3038 1509/3556/3039
f 1514/3557/3040 1511/3558/3041 1512/3559/3042
f 1514/3557/3040 1512/3559/3042 1513/3560/3043
f 1506/3561/3044 1513/3560/3045 1516/3562/3046
f 1514/3563/3047 1513/3564/3048 1506/1460/3049
f 1506/3561/3044 1516/3562/3046 1507/3565/3050
f 1481/3566/3051 1482/3567/3051 1253/3568/3051 1252/3569/3051
f 1516/3562/3046 1517/3570/3052 1507/3565/3050
f 3472/3571/3053 3547/3572/3053 3541/3573/3053 3424/3574/3053
f 1520/3575/3054 1521/3576/3055 1508/3577/3056
f 1520/3575/3054 1546/3578/3057 1521/3576/3055
f 1522/3554/3058 1509/3556/3059 1508/3577/3056
f 1508/3577/3056 1521/3576/3055 1522/3554/3058
f 1524/3579/3060 1510/3555/3038 1522/3554/3037
f 1524/3579/3061 1523/3580/3062 1525/3581/3063
f 1523/3580/3062 1524/3579/3061 1522/3554/3064
f 1525/3581/3065 1526/3582/3066 1524/3579/3067
f 1512/3559/3068 1528/3583/3069 1563/3584/3070
f 1511/3558/3041 1528/3583/3071 1512/3559/3042
f 1534/3585/3072 1339/3235/2747 1536/3234/3073
f 1534/3585/3072 1531/3239/2748 1339/3235/2747
f 2767/3086/2600 2805/3586/3074 2880/3587/3075 2960/441/357
f 1534/3588/3076 1536/3589/3077 1535/3590/3078
f 1537/3591/3079 1535/3590/3078 1536/3589/3077
f 1537/3591/3080 1515/3592/3081 1535/3590/3082
f 3405/3593/3083 3403/2224/1865 3404/2223/1864 3407/3594/3084
f 1538/3595/3085 1537/3596/3080 1541/3597/3086
f 1537/3591/3080 1538/3598/3085 1515/3592/3081
f 1539/3599/3087 1540/3600/3088 1541/3601/3089
f 132/3602/3090 136/3603/3090 121/257/3090 2526/3604/3090
f 1570/3605/3091 1545/3606/3092 1544/3607/3093
f 1548/3608/3094 1547/3609/3095 1546/3578/3096
f 1549/3610/3097 1552/3611/3097 1550/3612/3097
f 1550/3613/3098 1554/3614/3098 1551/3615/3098
f 2750/3616/3099 2753/3617/3099 2696/3618/3099 2695/1956/3099
f 1553/3619/3100 1550/3612/3100 1552/3611/3100
f 1550/3620/3101 1553/3621/3101 1554/3622/3101
f 1341/3623/3102 1553/3619/3103 1552/3611/3104
f 1553/3619/3103 1341/3623/3102 1555/3624/3105
f 1554/3625/3106 1553/3626/3106 1523/3627/3106
f 1555/3624/3105 1341/3623/3102 1556/3628/3107
f 1555/3624/3108 1556/3628/3109 1559/3629/3110
f 1557/3630/3111 1553/3619/3103 1555/3624/3105
f 1523/3580/3112 1553/3631/3112 1557/3632/3112
f 1341/3245/3113 1342/3252/3114 1556/3633/3115
f 1556/3633/3115 1342/3252/3114 1558/3634/3116
f 1380/3635/3117 1385/3458/3117 1374/3460/3117 1371/3636/3117
f 1555/3624/3118 1559/3629/3119 1557/3630/3120
f 1560/3637/3121 1561/3638/3121 1558/3639/3121
f 1561/3640/3122 1557/3630/3120 1559/3629/3119
f 1526/3582/3066 1525/3581/3065 1562/3641/3123
f 1562/3642/3124 1527/3643/3124 1526/3644/3124
f 1563/3584/3125 1529/3645/3126 1564/3646/3127
f 1529/3645/3126 1563/3584/3125 1528/3583/3128
f 1344/3647/3129 1531/3648/3130 1532/3649/3131
f 1565/3650/3132 1344/3647/3129 1532/3649/3131
f 1532/3651/3133 1530/3652/3134 1565/3653/3135
f 1565/3654/3136 1530/3655/3137 1566/3656/3138
f 1530/3657/3134 1532/3658/3133 1533/3659/3139
f 1540/3600/3088 1539/3599/3087 1567/3660/3140
f 1568/3661/3141 1540/3600/3141 1567/3660/3141
f 1540/3600/3142 1568/3661/3143 1542/3662/3144
f 1542/3663/3144 1568/3664/3143 1543/3665/3145
f 443/3666/3146 434/3667/3146 433/3668/3146 432/3669/3146
f 1571/3670/3147 1572/3671/3148 1570/3672/3149
f 1573/3673/3150 1547/3609/3095 1548/3608/3094
f 1350/683/3151 1346/682/3152 1549/3674/3153
f 4653/17/16 4657/3675/3154 4519/3676/3155 4518/18/17
f 1549/3674/3153 1346/682/3152 1552/3244/3156
f 1550/3612/3157 1575/3677/3157 1549/3610/3157
f 1550/3678/3158 1551/3679/3158 1575/3680/3158
f 1342/3252/3114 1576/3681/3159 1558/3634/3116
f 1560/3682/3160 1558/3683/3161 1576/3684/3162
f 1560/3682/3160 1576/3684/3162 1577/3685/3163
f 1561/3686/3164 1560/3687/3164 1577/3688/3164
f 1576/3681/3159 1342/3252/3114 1578/3251/3165
f 1578/3689/3166 1577/3685/3163 1576/3684/3162
f 1561/3690/3167 1577/3691/3167 1579/3692/3167
f 1563/3584/3168 1564/3646/3168 1581/3693/3168
f 578/1498/3169 638/3431/3169 637/3432/3169 576/3226/3169
f 1581/3693/3170 1582/3694/3170 1563/3584/3170
f 1566/3695/3138 1584/3696/3171 1565/3697/3136
f 1584/3698/3172 1566/3699/3173 1585/3700/3174
f 1348/3250/3175 1344/3238/3176 1583/3701/3177
f 1583/3702/3178 1344/3703/3179 1565/3704/3180
f 1584/3698/3181 1583/3702/3178 1565/3704/3180
f 1345/3267/3182 1586/3705/3183 1567/3706/3184
f 1345/3267/3182 1349/3266/3185 1586/3705/3183
f 1567/3707/3186 1586/2936/3187 1568/2/3188
f 1568/2/3188 1586/2936/3187 1587/3/3189
f 1586/2936/3190 1602/2935/3190 1587/3/3190
f 1602/3708/3191 1569/3709/3 1587/3710/2
f 1590/3711/3192 1589/3712/3193 1573/3673/3194
f 1977/2694/3195 1978/3713/3195 1972/3714/3195 1971/2695/3195
f 1606/3715/3196 1589/3712/3193 1590/3711/3192
f 2795/3716/3197 2872/3717/3198 2873/3718/3199 2800/3719/3199
f 1593/3720/3200 1608/3721/3201 1592/3722/3202
f 1574/3723/3203 1593/3720/3200 1592/3722/3202
f 1574/3724/3204 1592/3725/3204 1551/3726/3204
f 1551/3727/3205 1592/3722/3206 1575/3728/3207
f 1578/3251/3208 1351/3253/2763 1594/3729/3209
f 1577/3730/3210 1578/3731/3210 1595/467/3210
f 1595/3732/3211 1579/3733/3211 1577/3734/3211
f 1595/467/3212 1578/3731/3212 1594/3735/3212
f 1597/2722/2273 1580/3736/3213 1562/3641/3214
f 1599/3737/3215 1583/3702/3216 1600/3738/3217
f 1583/3702/3216 1584/3698/3218 1600/3738/3217
f 1585/3700/3174 1600/3738/3219 1584/3698/3172
f 1349/3266/3185 1353/3265/3220 1586/3705/3183
f 1586/3705/3183 1353/3265/3220 1601/3739/3221
f 3600/3740/3222 3092/3741/3222 3089/3742/3223 3169/3743/3224
f 1602/2935/2463 1603/2934/2462 1569/4/3225
f 1604/3744/3226 1569/3745/3227 1603/3746/3228
f 1571/3747/3229 1588/3748/3230 1605/3749/3231
f 1350/683/3232 1591/3750/3232 1354/684/3232
f 1608/3721/3233 1607/3446/2942 1591/3445/2941
f 1607/3446/3234 1608/3721/3234 1593/3720/3234
f 1594/3729/3209 1351/3253/2763 1621/3260/2762
f 1621/3751/3235 1609/464/3236 1594/3735/3237
f 1594/3735/3238 1609/464/3238 1595/467/3238
f 890/3752/3239 896/2279/3239 891/2281/3239 815/2396/3239
f 1579/3753/3240 1595/467/3240 1596/466/3240
f 3255/63/61 3201/62/60 3142/3754/3241 3141/3755/3242
f 1581/3756/3243 1934/3757/3243 1612/3758/3243 1582/3759/3243
f 1580/3736/3244 1597/2722/3245 1598/3760/3246
f 1598/3760/3246 1597/2722/3245 1611/2724/3247
f 3362/3761/3248 3359/3762/3248 3290/3763/3248 3291/3764/3248
f 1355/3765/2800 1599/3737/3249 1614/1344/3250
f 1599/3737/3251 1600/3738/3251 1614/1344/3251
f 1614/1344/1105 1600/3738/3252 1585/3700/3253
f 1356/3264/3254 1601/3739/3221 1353/3265/3220
f 1601/3739/3221 1356/3264/3254 1615/3766/3255
f 1601/2933/3256 1615/3767/3256 1603/2934/3256
f 1604/3768/3226 1603/2934/3228 1615/3767/3257
f 1615/3767/3258 1616/3769/3259 1604/3768/3260
f 1616/3769/3261 1617/3770/3261 1604/3768/3261
f 1618/3771/3262 1607/3772/3262 1619/3773/3262
f 1620/3276/3263 1354/684/3263 1591/3750/3263
f 4693/3774/3264 4783/3775/3265 4807/3776/3266 4782/3777/3266
f 1609/464/3236 1621/3751/3235 1622/3778/3267
f 1609/464/3268 1622/3778/3269 1610/465/3270
f 1585/3700/3253 1623/1345/1106 1614/1344/1105
f 1623/3779/3271 1585/3780/3271 1613/3781/3271
f 2235/3782/3272 1076/3783/3273 832/3511/2997 1013/3784/3274
f 1618/3447/3275 1629/3785/3275 1620/3448/3275
f 1619/3786/3276 1629/3785/3276 1618/3447/3276
f 4404/3787/3277 4581/3788/3278 4401/1996/3279 4406/1995/3280
f 1614/3789/3250 1624/3301/2798 1355/3268/2800
f 3929/2867/3281 3928/2870/3281 3926/3790/3281 3931/3791/3281
f 3812/450/366 3814/3792/3282 3782/3793/3283 3813/447/364
f 3981/3794/3284 4004/3795/3284 4002/3796/3285 4003/3797/3286
f 597/3798/3287 648/3799/3287 594/3800/3287 595/3801/3287
f 1362/3261/2764 1388/3314/3288 1621/3260/2762
f 1356/3264/3254 1359/3263/3289 1615/3766/3255
f 4623/3802/3290 4626/3803/3291 4625/3804/3292 4622/3805/3293 4201/3806/3294 4618/3807/3295
f 1610/465/3270 1622/3778/3269 1640/3808/3296
f 1611/2724/3297 1630/2723/3297 1945/3809/3297
f 1615/3766/3255 1359/3263/3289 1636/3810/3298
f 1636/3811/3299 1616/3769/3259 1615/3767/3258
f 1619/3773/3300 1633/3812/3300 1627/3813/3300
f 1640/3814/3301 1622/3815/3301 1639/3816/3301
f 3832/3207/2707 3831/3817/3302 4016/2565/2141 4019/2564/2140 3833/3204/2704
f 1661/1901/3303 1384/3818/3304 1376/3819/3305
f 2044/3820/3306 2042/3821/3307 2043/3822/3307 2029/3823/3308
f 805/3824/3309 801/3825/3310 799/3826/3311 762/3827/3312
f 1642/3181/3313 1643/3828/3313 1644/3829/3313
f 1918/3830/3314 1909/3831/3315 1898/3832/3316 1908/548/435
f 1644/3829/3317 1645/3182/3317 1642/3181/3317
f 1393/3833/3318 1624/1343/3319 1646/3834/3320
f 1370/3835/3321 1363/3836/2777 1364/788/2766 1376/3819/3321
f 1635/1342/3322 1646/3834/3320 1624/1343/3319
f 1643/3828/3323 1642/3181/3323 1646/3180/3323
f 1635/1342/3322 1631/1477/3324 1646/3834/3320
f 1646/3837/3325 1631/3838/3326 1643/3839/3327
f 1631/3838/3326 1625/3840/3328 1643/3839/3327
f 1375/3262/3329 1624/3301/3329 1395/3332/3329
f 1636/3810/3330 1359/3263/3330 1397/3518/3330
f 1647/3841/3331 1636/3811/3331 1397/3842/3331
f 1398/3345/3332 1647/3843/3332 1397/3333/3332
f 1648/3844/3333 1647/3843/3333 1398/3345/3333 1400/3346/2850 1650/3351/2849 1649/3845/3333
f 1647/3841/3334 1632/3846/3334 1636/3811/3334
f 1632/3847/3335 1647/3848/3336 1648/3849/3337
f 1632/3847/3335 1648/3849/3337 1626/3850/3338
f 1638/3851/3339 1626/3850/3340 1648/3849/3341
f 4711/3852/3342 4712/3853/3342 4791/3854/3342 4785/3273/3342
f 1638/3851/3339 1648/3849/3341 1649/3855/3343
f 4151/3856/3344 4377/3857/3344 3987/3858/3344 3988/3859/3344
f 993/2503/3345 2220/3860/3345 2217/3861/3345 2216/3862/3345 989/3863/3345 978/2456/3345 979/2455/3345 962/2459/3345 980/2458/3345 977/2513/3345
f 1030/3864/1510 2511/3865/3346 2512/3866/3346 2514/3867/3346 2517/3868/1511
f 2766/390/295 2717/389/294 2673/3869/3347 2719/1589/1320
f 1402/3363/2859 1404/3365/2861 1655/3870/3348
f 1627/3871/3349 1404/3872/3350 1637/3873/3351
f 1627/3871/3349 1655/3874/3352 1404/3872/3350
f 1655/3875/3353 1633/3812/3354 1628/3876/3355
f 1633/3812/3354 1655/3875/3353 1627/3813/3356
f 1652/3877/3357 1655/3875/3353 1628/3876/3355
f 1405/3373/3358 1406/3878/3358 1388/3314/3358
f 1406/3879/3359 1656/3880/3359 1388/3881/3359
f 1407/3882/3360 1656/3883/3361 1406/3378/3362
f 1656/3880/3363 1639/3884/3364 1388/3881/3365
f 1407/3882/3366 1657/3885/3366 1656/3883/3366
f 1639/3816/3367 1656/3886/3367 1640/3814/3367
f 4643/3887/3368 4502/1445/3368 4501/1449/3368 4470/3888/3368
f 1658/3889/3369 1657/3885/3369 1407/3882/3369
f 1945/3890/3370 1630/3891/3371 1657/3892/3372
f 1659/3893/3373 1945/3890/3370 1657/3892/3372
f 1658/3889/3374 1659/3894/3374 1657/3885/3374
f 4541/3491/2980 4660/3895/2432 4532/3896/2431 4533/3492/2981
f 2022/1900/3375 1384/3818/3375 1661/1901/3375
f 1410/3392/3376 1384/3897/3376 2022/3898/3376
f 2667/3899/3377 1088/3900/3378 259/1462/3379
f 2667/3899/3377 259/1462/3379 1663/3901/3380
f 43/3902/3381 42/1155/3381 1957/3903/3381
f 1662/3904/3382 1414/3905/3382 919/3906/3382
f 1662/3907/3383 2389/3908/3384 2392/3909/3385
f 1959/3910/3386 1662/3904/3387 2392/3911/3388
f 1662/3904/3387 1959/3910/3386 1414/3905/3389
f 1663/3901/3390 259/1462/3390 1414/3912/3390
f 1959/3910/3386 1663/3913/3391 1414/3905/3389
f 1415/3906/3392 1665/3914/3392 1667/3915/3392
f 1667/3916/3393 1665/3917/3393 1664/3918/3393
f 1960/3919/3394 1664/3920/3394 1665/3921/3394
f 3676/3922/3395 3513/3923/3396 3511/1740/1443 3675/1739/1442
f 2388/3924/3397 1662/3925/3397 919/2699/3397
f 1417/3407/3398 1418/3408/3399 1669/3926/3400
f 1662/3907/3383 2388/3927/3401 2389/3908/3384
f 1293/3095/3402 1295/3202/3402 1308/3203/3402 1306/2874/3402
f 1667/3928/3403 1666/3929/3404 1415/113/3405
f 1668/3930/3406 1671/3931/3406 1666/3932/3406
f 1668/3930/3407 1666/3932/3407 1667/3916/3407
f 1667/3916/3408 1664/3918/3408 1668/3930/3408
f 788/2159/3409 697/1928/3409 752/1927/3409 845/2160/3409
f 1423/3933/3410 1419/3934/3411 1670/3935/3412
f 2212/3534/3413 2209/3196/3413 2199/3195/3413 2200/3936/3413
f 1672/3937/3414 1421/3411/3415 1424/3409/3416
f 747/3938/3417 1673/3939/3417 1424/3940/3417
f 1424/3409/3418 1673/3941/3418 1672/3937/3418
f 747/3942/3419 1675/3943/3419 1673/3944/3419
f 1677/3945/3420 1673/3944/3421 1678/3946/3422 1679/3947/3423 1676/3948/3424
f 1674/3949/3425 1677/3945/3425 1676/3948/3425
f 3178/2613/2176 3172/3950/3426 3114/3951/3426 3179/2611/2174
f 1679/3947/3423 1678/3946/3422 1681/3952/3427
f 1439/2649/3428 1438/3032/3428 1127/2758/3428 1128/2650/3428
f 1679/3947/3429 1674/3949/3429 1676/3948/3429
f 1680/3953/3430 1681/3952/3430 1678/3946/3430
f 3146/3954/3431 3061/3955/3432 3059/3956/3433 3066/3957/3431
f 1683/3958/3434 1681/3952/3435 1680/3953/3436
f 1783/3959/3437 1436/3960/3437 1437/3961/3437 1784/3962/3437
f 1684/3963/3438 1682/3163/3438 1683/3958/3438
f 1686/3964/3439 1685/3965/3440 1684/3963/3441 1683/3958/3434 1680/3953/3436
f 1689/3966/3442 1692/3967/3443 1691/3968/3443 1686/3964/3443 1680/3953/3443 1678/3946/3443 1673/3944/3443 1675/3943/3444
f 1691/3968/3445 1687/3969/3445 1686/3964/3445
f 1687/3969/3446 1691/3968/3446 1688/3970/3446
f 1687/3969/3447 1685/3965/3447 1686/3964/3447
f 1687/3969/3448 1688/3970/3448 1685/3965/3448
f 1690/3971/3449 1688/3970/3450 1691/3968/3451
f 1691/3968/3451 1692/3967/3452 1690/3971/3449
f 1692/3967/3452 1693/3972/3453 1690/3971/3449
f 1689/3966/3454 1694/3973/3454 1692/3967/3454
f 1693/3972/3455 1692/3967/3455 1694/3973/3455
f 1693/3972/3456 1694/3973/3457 1695/3974/3458
f 3649/3975/3459 3650/3976/3459 3646/3977/3459 3603/3978/3459
f 4007/3979/3460 4010/3980/3460 3829/3981/3460 3824/3982/3460
f 3912/3983/3461 3817/3984/3462 3783/3985/3463 3791/3986/3464
f 1700/3987/3465 1699/3988/3465 1697/3989/3465
f 1698/3990/3466 1697/3989/3466 1699/3988/3466
f 1699/3988/3467 1702/3991/3468 2321/3992/3469
f 2321/3992/3470 1698/3990/3470 1699/3988/3470
f 1702/3991/3471 1700/3987/3472 1701/1018/3473
f 1700/3987/3474 1702/3991/3468 1699/3988/3467
f 1703/3993/3475 1701/1018/3473 1700/3987/3472
f 1701/1018/3473 1703/3993/3475 1704/3994/3476
f 152/3995/3477 11/3996/3478 2583/3997/3479 10/3998/3480 14/3999/3481
f 1703/3993/3482 1700/3987/3483 1720/4000/3484
f 1720/4000/3485 1705/4001/3486 1703/3993/3487
f 1706/4002/3488 1703/3993/3488 1705/4001/3488
f 1706/4002/3489 1704/3994/3490 1703/3993/3491
f 1707/4003/3492 1704/3994/3490 1706/4002/3489
f 1710/4004/3493 1705/4001/3486 1720/4000/3485
f 2048/4005/3494 1989/4006/3495 1982/4007/3496 2036/4008/3497
f 1705/4001/3498 1707/4003/3498 1706/4002/3498
f 1253/3568/3499 1482/3567/3499 1480/2482/3499 1251/2485/3499
f 1712/4009/3500 1709/4010/3500 1711/4011/3500
f 1709/4012/3501 1712/4013/3501 1708/4014/3501
f 1711/4015/3502 1710/4004/3503 1713/4016/3504
f 2539/4017/3505 2546/1914/3505 2547/1913/3505 2540/4018/3505
f 1714/4019/3506 1713/4016/3506 1710/4004/3506
f 1715/4020/3507 1713/4016/3508 1714/4019/3509
f 1717/4021/3510 1715/4020/3510 1714/4019/3510
f 1716/876/3511 1715/4020/3511 1717/4021/3511
f 1718/4022/3512 1714/4019/3512 1721/4023/3512
f 1718/4022/3513 1717/4021/3513 1714/4019/3513
f 1725/4024/3514 1723/4025/3515 1720/4000/3485 1724/4026/3516 1730/4027/3514 1729/4028/3514
f 1723/4025/3515 1721/4023/3517 1720/4000/3485
f 1719/4029/3518 1723/4025/3518 1722/4030/3518
f 1718/4022/3519 1721/4023/3520 1719/4029/3521
f 1723/4025/3522 1719/4029/3521 1721/4023/3520
f 1727/4031/3523 1722/4030/3523 1723/4025/3523
f 1726/4032/3524 1727/4031/3524 1723/4025/3524
f 1725/4024/3525 1726/4032/3525 1723/4025/3525
f 2580/2622/2186 2735/1302/1067 2680/1305/1070 2579/4033/3526
f 2298/4034/3527 1728/4035/3528 1729/4028/3529
f 1732/913/3530 1730/4027/3530 1724/4026/3530
f 1730/4027/3531 1731/916/757 1729/4028/3532
f 1732/913/754 1731/916/757 1730/4027/3531
f 1545/3606/3092 1915/4036/3533 1519/4037/3534 1544/3607/3093
f 1736/2165/3535 1733/915/3535 1735/914/3535
f 1736/2165/3536 1734/4038/3536 1733/915/3536
f 1735/914/3537 1737/2166/3537 1736/2165/3537
f 1738/4039/3538 1735/914/3538 1740/4040/3538
f 4535/1791/1494 4528/4041/3539 4529/4042/3539 4661/1792/1495
f 1740/4040/3540 2286/4043/3541 1738/4039/3542
f 1742/4044/3543 1740/4040/3544 1741/1209/3545
f 1740/4040/3546 1742/4044/3547 2286/4043/3548
f 1739/4045/3549 1743/4046/3549 1741/1209/3549
f 1743/4046/3550 1744/1206/3550 1741/1209/3550
f 1743/4046/3551 1746/4047/3551 1744/1206/3551
f 4136/4048/3552 4354/4049/3552 4340/4050/3552 4341/4051/3552
f 1739/4045/3553 1746/4047/3553 1743/4046/3553
f 1747/4052/3554 1745/4053/3555 1746/4047/3556
f 1754/4054/3557 1749/4055/3558 1748/4056/3559 1739/4045/3559 1735/914/3559 1732/913/3559 1724/4026/3516
f 1750/4057/3560 1748/4056/3560 1749/4055/3560
f 1750/4057/3561 2276/1558/3561 1748/4056/3561
f 3516/4058/3562 3622/4059/3563 3691/4060/3564 3681/4061/3562
f 1753/1559/3565 1749/4055/3566 1752/1560/3567
f 1756/4062/3568 1752/1560/3567 1749/4055/3566
f 1750/4057/3569 1749/4055/3569 1753/1559/3569
f 1757/4063/3570 1755/4064/3571 1752/1560/3572
f 1754/4054/3557 1756/4062/3573 1749/4055/3558
f 1757/4063/3574 1752/1560/3567 1756/4062/3568
f 1757/4063/3574 1756/4062/3568 1759/4065/3575
f 1758/1437/3576 1759/4065/3576 1756/4062/3576
f 1759/4065/3577 1760/4066/3577 1757/4063/3577
f 4539/4067/3578 4671/4068/3579 4670/4069/3580 4546/4070/3581
f 1759/4065/3582 1758/1437/3582 1760/4066/3582
f 3172/4071/3583 3108/4072/3583 3099/4073/3584 3109/4074/3585
f 1758/1437/1202 1761/1436/1201 1760/4066/3586
f 1423/4075/3587 1763/4076/3587 1764/4077/3587
f 1423/3933/3410 1670/3935/3412 1763/4078/3588
f 1754/4054/3589 1763/4079/3589 1762/1434/3589
f 1764/4080/3590 1763/4079/3590 1754/4054/3590
f 1763/4079/3591 1670/1435/3591 1762/1434/3591
f 747/4081/3592 500/4082/3592 1765/4083/3592
f 747/4081/3593 1765/4083/3593 1675/4084/3593
f 690/4085/3594 1765/4086/3594 500/4087/3594
f 3107/4088/3595 3099/4073/3595 3094/4089/3595 3096/4090/3595
f 1754/4091/3596 630/4092/3597 1764/4093/3598
f 630/4092/3597 1754/4091/3596 1965/4094/3599
f 1965/4094/3599 1766/4095/3600 630/4092/3597
f 64/4096/3601 630/4097/3602 1766/4098/3603
f 1768/4099/3604 501/987/3605 749/986/3606
f 1767/4100/3607 1768/4099/3604 749/986/3606
f 690/4085/3608 501/4101/3608 1768/4102/3608
f 2475/4103/3609 4596/4104/3610 2473/4105/3611 2472/3335/3609
f 162/4106/3612 163/4107/1459 30/4108/3613 29/708/566
f 455/1200/983 446/733/985 444/732/3614 454/1199/3614
f 1786/4109/3615 1772/1294/3615 1770/1293/3615
f 1771/4110/3616 1773/4111/3616 1770/4112/3616
f 64/4096/3617 1773/4111/3617 1771/4110/3617
f 64/4096/3618 1766/4098/3618 1773/4111/3618
f 1767/3153/3619 692/4113/3619 1774/4114/3619
f 1767/3153/3620 749/4115/3620 692/4113/3620
f 650/1833/3621 648/4116/3621 597/1655/3621 651/1654/3621
f 1844/4117/3622 1845/4118/3623 1982/4119/3624 1989/4120/3622
f 3826/4121/3625 3663/4122/3626 3502/4123/3627 3569/1187/3628 3609/4124/3626 3662/4125/3626 3664/4126/3629 3743/4127/3630 3825/4128/3631
f 1781/3154/2662 1767/3153/2661 1780/2971/3632
f 1470/3509/81 776/218/168 777/217/167 680/2069/8 619/2068/1715
f 1793/4129/3633 1782/3151/3633 1803/4130/3633
f 2147/4131/3634 2090/4132/3635 2017/4133/3635 2018/4134/3635 2159/4135/3636
f 691/1783/3637 1787/4136/3638 693/1781/3639
f 1772/4137/3640 1786/3152/3640 1787/4138/3640
f 1772/4139/3641 1787/4136/3638 691/1783/3637
f 1808/4140/3642 1806/4141/3642 1799/4142/3643 1775/2972/2497 1774/4114/3642 1820/4143/3642 1821/4144/3642
f 2648/4145/3644 2644/4146/3644 2540/4018/3644 2547/1913/3644
f 1800/2973/2498 1775/2972/2497 1799/4142/3643
f 1425/4147/3645 1788/4148/3645 1426/3484/3645
f 1426/4149/3646 1788/4150/3646 1800/2973/3646
f 1776/2974/2499 1800/2973/2498 1788/4150/3647
f 1788/4148/3648 1425/4147/3648 1427/4151/3648
f 1427/4152/3649 1776/2974/3649 1788/4150/3649
f 1428/2676/3650 1789/4153/3650 1427/4151/3650
f 1776/2974/3651 1427/4152/3651 1789/4154/3651
f 1789/4154/3652 1777/2975/2500 1776/2974/2499
f 4047/4155/3653 4174/4156/3654 4205/4157/3654 4051/4158/3655
f 1428/4159/3656 1777/2975/3656 1789/4154/3656
f 1778/4160/3657 1430/3436/3657 1431/2864/3657
f 1430/3436/3658 1778/4160/3658 1429/2675/3658
f 281/4161/3659 580/4162/3659 196/504/3659 195/503/3659
f 1433/3225/3660 1790/4163/3660 1432/2863/3660
f 1790/4164/3661 1433/4165/3661 1791/2969/3661
f 1790/4164/3662 1791/2969/2494 1779/2968/2493
f 1790/4164/3663 1779/2968/3663 1432/4166/3663
f 1433/3225/3664 1434/3224/3664 1802/4167/3664
f 1791/2969/3665 1433/4165/3665 1802/2970/3665
f 1780/2971/2496 1802/2970/2495 1801/4168/3666
f 2140/4169/3667 2108/4170/3668 2104/4171/3669
f 1792/4172/3670 1794/4173/3670 1795/4174/3670 1793/4129/3670 1803/4130/3671 1804/4175/3672
f 1447/3439/3673 1794/4176/3674 1792/4177/3675
f 1794/4176/3674 1447/3439/3673 1435/3440/3676
f 1435/4178/3677 1795/4174/3677 1794/4173/3677
f 1796/4179/3678 1435/3440/3678 1436/1652/3678
f 1241/2999/3679 1229/2978/3679 1218/2946/3679 1207/2943/3679 1206/2912/3679 1203/2911/3679 1202/2908/3679 1199/2907/3679 1217/2937/3679 1224/2939/2487 1236/2965/2486 1264/3068/3679 1263/3123/3679 1287/3122/3679 1286/3155/3679 1318/4180/3679 1360/3320/3679 1377/3319/3679 1313/4181/3679 1296/3112/3679 1285/3111/3680 1259/4182/3681 1223/2962/3682 1212/2961/3679 1196/2889/3679 1194/2891/3679 1192/2878/3679 1189/2880/3679 1210/4183/3679 1209/4184/3679 1221/2953/3679 1230/2984/3679 1243/3017/3679 1242/3013/2532 1185/2846/2531 1187/2873/3679 1188/2872/3679 1336/3232/3679 958/3231/3679 1343/4185/3679 1300/3157/2664 1302/3138/2666 1277/2859/3679 1278/2862/3679
f 1796/4186/3683 1795/4174/3683 1435/4178/3683
f 1796/4186/3684 1783/3959/3684 1795/4174/3684
f 1795/4174/3685 1783/3959/3685 1793/4129/3685
f 1436/3960/3686 1783/3959/3686 1796/4186/3686
f 1252/3569/3687 1257/4187/3687 1483/4188/3687 1481/3566/3687
f 1438/3032/3688 1439/2649/3688 1784/4189/3688
f 1438/3032/3689 1784/4189/3689 1437/1651/3689
f 1440/4190/3690 1784/4191/3690 1439/4192/3690
f 1784/4189/3691 1440/2648/3691 1785/4193/3691
f 1442/3453/3692 1785/4193/3693 1440/2648/3694
f 1442/4194/3692 1441/4195/3695 1797/4196/3696
f 1785/4197/3693 1442/4194/3692 1797/4196/3696
f 1797/4196/3697 1441/4195/3698 1798/4198/3699
f 1448/4199/3700 1805/4200/3701 1798/4198/3702
f 1824/4201/3703 1787/4138/3704 1786/3152/3705
f 1799/4202/3706 1443/4203/3707 1800/4204/3708
f 1799/4142/3706 1452/4205/3709 1443/4206/3707
f 1443/3485/3710 1426/3484/3710 1800/4207/3710
f 1453/2335/3711 1801/4208/3711 1444/2336/3711
f 1801/4209/3712 1445/2009/3712 1444/2008/3712
f 1434/4210/3713 1445/4211/3713 1802/4212/3713
f 1801/4168/3714 1802/2970/3714 1445/4213/3714
f 1811/4214/3715 1801/4215/3716 1810/4216/3717
f 2895/4217/3718 2896/4218/3718 2817/4219/3719 2743/1907/1581 2742/4220/3720 2816/4221/3721
f 1459/1773/3722 1446/1772/3722 1804/4222/3722
f 1447/3439/3723 1804/4223/3723 1446/4224/3723
f 1447/4225/3724 1792/4172/3724 1804/4175/3724
f 1441/4195/3698 1448/4199/3725 1798/4198/3699
f 1461/2406/3726 1815/4226/3726 1448/3473/3726
f 1448/4199/3700 1815/4227/3727 1805/4200/3701
f 1824/4201/3703 1786/3152/3705 1817/4228/3728
f 1809/4229/3729 1806/4141/3729 1808/4140/3729
f 1809/4230/3730 1451/3475/3730 1452/3477/3730
f 1452/4205/3731 1799/4142/3731 1806/4141/3731
f 1452/4205/3732 1806/4141/3732 1809/4229/3732
f 1453/2335/3733 1454/2334/3733 1810/4231/3733
f 1810/4232/3734 1801/4233/3734 1453/4234/3734
f 827/595/482 825/4235/3735 774/4236/3736 824/4237/3737
f 1459/4238/3738 1804/4175/3738 1807/2219/3738
f 1010/392/3739 923/391/3739 837/556/2107 1004/2520/2109 1090/2705/3739
f 1815/4226/3740 1461/2406/3740 1460/2405/3740
f 1816/4239/3741 1805/4200/3701 1815/4227/3727
f 1479/4240/3742 1866/2902/3742 1281/272/3742 1249/3102/3742
f 3616/1997/1658 3748/3504/2991 3751/3206/2706 3674/4241/1447 3618/4242/1446
f 1462/4243/3743 1463/4244/3743 1808/4140/3743
f 1451/4245/3744 1809/4229/3745 1463/4244/3746
f 1463/4244/3746 1809/4229/3745 1808/4140/3747
f 1464/1170/3748 1810/4231/3748 1454/2334/3748
f 1464/4246/3749 1811/4247/3715 1810/4248/3717
f 1819/4249/3750 1813/2220/1861 1803/4130/3671 1782/3151/3750 1781/3154/3750 1780/2971/2496 1801/4168/3666 1811/4250/3750
f 1460/4251/3751 1816/4239/3751 1815/4227/3751
f 1462/4252/3752 1808/4253/3753 1818/4254/3754
f 1808/4140/3753 1821/4144/3755 1818/4255/3754
f 1468/1169/3756 1811/4256/3757 1464/1170/3758
f 1812/4257/3759 1822/4258/3759 1814/4259/3759
f 3550/1316/3760 3537/4260/3760 3536/4261/3760 3543/1317/3760
f 1468/1169/3756 1819/4262/3761 1811/4256/3757
f 1814/4263/3762 1822/4264/3762 1469/4265/3762
f 1823/4266/3763 1466/768/3763 1471/767/3763
f 824/4237/3737 774/4236/3736 735/3065/2578 821/3064/2577
f 1820/4267/3764 1467/2824/3765 1472/4268/3766
f 1472/4268/3766 1826/4269/3767 1820/4267/3764
f 1820/4267/3768 1826/4269/3769 1821/4270/3770
f 1827/4271/3771 1821/4272/3770 1826/4273/3769
f 3858/965/3772 3857/964/3772 3836/4274/3772 3837/4275/3772
f 1827/4276/3773 1828/4277/3774 1473/536/3775
f 1473/536/3775 1829/1144/3776 1474/537/3777
f 1474/537/3778 1819/4278/3778 1468/3506/3778
f 1819/4278/3779 1474/537/3779 1829/1144/3779
f 1829/1144/939 1813/1143/938 1819/4278/3780
f 4678/4279/3781 4677/936/3781 4673/4280/3781 4675/4281/3781 4679/4282/3781
f 1831/4283/3782 1475/3508/3783 1830/1141/3784
f 1475/3508/3785 1832/4284/3786 1476/4285/3787
f 1476/4285/3788 1823/4286/3788 1471/4287/3788
f 1832/4284/3789 1823/4286/3789 1476/4285/3789
f 1833/4288/3790 1823/4289/3791 1832/4290/3792
f 1823/4291/3791 1833/4292/3790 1817/4293/3793
f 1016/4294/3794 1824/4295/3794 1018/4296/3794
f 1833/4292/3790 1824/4297/3795 1817/4293/3793
f 1018/4298/3796 1824/4299/3796 1833/4300/3796
f 4190/4301/3797 4022/4302/3797 4026/4303/3797 4171/4304/3797
f 2673/3869/3347 2567/4305/3798 31/4306/879 2568/32/29
f 3440/4307/3799 3492/1576/3799 3491/4308/3799 3441/4309/3799
f 2743/1907/1581 2817/4219/3719 2783/4310/3800 2744/1908/1582
f 2744/1908/3801 2781/4311/3802 2737/4312/1068 2740/4313/3803
f 484/2333/1966 328/2332/1965 253/4314/3804 330/1352/1110 485/11/10
f 2034/4315/3805 2033/4316/3805 1980/4317/3805 2032/4318/3805
f 720/1052/3806 718/1866/3806 711/1841/3806 712/1053/3806
f 1651/4319/3807 1654/4320/3807 1949/4321/3807 1947/4322/3807
f 1411/3189/2691 2513/3188/2690 2512/3186/2688 1412/414/311 1083/413/310
f 1866/2542/3808 1479/4323/3808 1858/4324/3808
f 1858/4324/3809 1479/4323/3810 1480/4325/3811
f 2518/3529/3812 2592/4326/3812 2590/4327/3812 2591/3530/3812
f 1852/4328/3813 1482/4329/3814 1481/4330/3815
f 1482/4329/3814 1852/4328/3813 1853/4331/3816
f 1869/4332/3817 1852/4328/3818 1483/4333/3819
f 1852/4328/3818 1481/4330/3820 1483/4333/3819
f 2651/4334/3821 934/4335/3822 2865/4336/3823 3792/4337/3824
f 4212/4338/3825 4205/4339/3825 4174/4340/3825 4176/4341/3825 4213/4342/3825 4226/4343/3825 4225/4344/3825 4242/4345/3825 4261/4346/3825 4282/4347/3825 4281/4348/3825 4280/4349/3826 4260/4350/3827 4259/4351/3825 4241/4352/3825 4224/4353/3825
f 2238/3190/2692 1086/1513/1271 1000/220/170 1076/3783/3273 2235/3782/3272 2239/4354/3828
f 1862/4355/3829 1485/4356/3829 1484/4357/3829
f 1856/4358/3830 1862/4355/3830 1484/4357/3830
f 1486/4359/3831 1856/4358/3831 1484/4357/3831
f 1856/4360/3832 1486/4361/3832 1863/4362/3832
f 1488/4363/3833 1487/1455/3834 1863/1454/3835
f 1488/4363/3833 1863/1454/3835 1486/4359/3836
f 1944/812/3837 2110/4364/3837 2113/4365/3837 2020/1902/3837
f 1859/2543/2123 1866/2542/2122 1858/4324/3838
f 1868/4366/3839 1490/1036/3839 1867/1035/3839
f 1478/4367/3840 2956/2545/2124 3028/3015/2534 3189/377/282 1420/376/281 1495/4368/3841
f 1873/4369/3842 1493/4370/3843 1862/4355/3844
f 1493/4370/3843 1485/4356/3845 1862/4355/3844
f 1492/4371/3846 1880/1453/1213 1489/1456/1215
f 1888/4372/3847 1869/4373/3847 1867/4374/3847
f 3855/4375/3848 4463/4376/3849 4616/179/3849 3852/178/3850
f 4356/4377/3851 3962/4378/3852 3952/4379/3853 4137/4380/3853
f 3112/4381/3854 3174/4382/3855 3173/4383/3856 3111/4384/3854
f 1875/4385/3857 1876/4386/3858 1882/4387/3859
f 178/719/3860 183/445/3860 68/168/3860 179/717/3860
f 1889/4388/3861 1492/4389/3861 1505/4390/3861
f 1880/1453/3862 1492/4371/3862 1889/4391/3862
f 1386/3358/3863 1387/3376/3863 1403/4392/3863 1402/3359/3863
f 1888/4393/3864 1867/4394/3864 1502/4395/3864
f 3980/4396/3865 4148/4397/3865 4146/1438/1203 3977/1441/1205
f 1493/4370/3866 1873/4369/3867 1498/4398/3868
f 1893/4399/3869 1880/4400/3869 1889/4401/3869
f 1887/4402/3870 1886/4403/3870 1925/4404/3870
f 1892/4405/3871 1888/4406/3871 1502/4407/3871
f 1498/4398/3868 1873/4369/3867 1891/4408/3872
f 1500/4409/3873 1894/4410/3873 1499/4411/3873
f 1894/4412/3874 1500/2541/3874 1890/2544/3874
f 1894/4413/3875 1501/3059/3875 1499/3545/3875
f 1892/4414/3876 1501/3059/3876 1894/4413/3876
f 1502/4415/3877 1501/4416/3877 1892/4417/3877
f 1634/4418/3878 1625/3840/3878 1582/3694/3878 1612/4419/3878
f 1503/4420/3879 1498/4398/3879 1891/4408/3879
f 1893/4421/3880 1504/4422/3880 1891/4423/3880
f 1504/4424/3881 1503/4420/3881 1891/4408/3881
f 1889/4425/3882 1505/4426/3035 1504/4427/3036
f 1889/4428/3883 1504/4429/3883 1893/4430/3883
f 1081/843/679 987/2917/2450 1084/416/313 1085/415/312
f 1901/4431/3884 1514/3563/3047 1506/1460/3049
f 1902/4432/3885 1901/4431/3885 1506/1460/3885
f 1901/4433/3886 1902/4434/3887 1896/4435/3888
f 1506/1460/3889 1903/1459/3889 1902/4432/3889
f 3148/4436/3890 3147/4437/3891 3065/4438/3891 3149/4439/3892
f 4182/4440/3893 4468/4441/3893 4245/4442/3893 4266/4443/3893 4481/4444/3893 4483/4445/3893 4308/4446/3894 4489/4447/3895 4488/4448/3893 4495/4449/3893 4320/424/3896 4536/4450/3897 4531/4451/3893 4516/4452/3898 4509/4453/3899 4461/4454/3893 4456/4455/3893
f 1904/4456/3900 1903/4457/3901 1905/4458/3902
f 1903/4457/3901 1914/4459/3903 1905/4458/3902
f 2974/4460/3904 3045/4461/3905 2972/3428/2923 2896/4462/3906
f 1508/4463/3907 1909/4464/3908 1918/4465/3909
f 1509/4466/3910 1909/4464/3908 1508/4463/3907
f 2726/4467/3911 2676/4468/3912 2772/4469/3913 2773/4470/3914
f 1910/4471/3915 1909/4464/3908 1509/4466/3910
f 1910/4471/3916 1509/4466/3917 1510/4472/3918
f 1898/3832/3316 1909/3831/3315 1910/4473/3919
f 1898/3832/3316 1910/4473/3919 1899/4474/3920
f 1524/4475/3921 1911/4476/3922 1510/4472/3918
f 1911/4476/3922 1910/4471/3916 1510/4472/3918
f 1899/4474/3923 1910/4473/3924 1911/4477/3925
f 1913/4478/3926 1511/4479/3927 1514/3563/3928
f 1900/4480/3929 1913/4481/3929 1896/4435/3929
f 1900/4480/3930 1912/4482/3930 1913/4481/3930
f 1913/4478/3926 1514/3563/3928 1901/4431/3931
f 1896/4435/3888 1913/4481/3932 1901/4433/3886
f 1914/4483/3933 1517/1458/3934 1518/4484/3935
f 1914/4483/3933 1903/1459/3936 1517/1458/3934
f 3910/4485/3937 3905/4486/3937 3887/4487/3937 3898/4488/3937
f 1905/4458/3902 1915/4489/3938 1897/4490/3939
f 1914/4459/3903 1915/4489/3938 1905/4458/3902
f 4039/4491/3940 4038/4492/3940 4037/4493/3940 4036/4494/3940
f 1917/4495/3941 1916/4496/3942 1520/4497/3943
f 1260/3110/3944 1235/2989/3944 1233/2988/3944 1223/2962/3682 1259/4182/3681 1285/3111/3680
f 1508/4463/3945 1917/4495/3941 1520/4497/3943
f 1508/4463/3945 1918/4465/3946 1917/4495/3941
f 1908/548/435 1917/547/434 1918/3830/3314
f 1526/3644/3947 1911/4476/3922 1524/4475/3921
f 1919/4498/3948 1911/4476/3922 1526/3644/3947
f 1920/4499/3949 1899/4474/3923 1911/4477/3925
f 1919/4500/3950 1920/4499/3950 1911/4477/3950
f 1527/3643/3951 1919/4498/3948 1526/3644/3947
f 1900/4480/3952 1921/4501/3952 1912/4482/3952
f 2428/1165/3953 2429/88/3953 2435/91/3953 2438/4502/3954 2432/4503/3955
f 4199/4504/3956 4213/4342/3956 4176/4341/3956 4196/4505/3956
f 1897/4490/3957 1915/4489/3957 1545/4506/3957
f 1923/4507/3958 1548/4508/3958 1916/4509/3958
f 1919/4498/3959 1527/3643/3960 1924/4510/3961
f 1924/4510/3961 1527/3643/3960 1562/3642/3962
f 1924/4511/3963 1920/4499/3963 1919/4500/3963
f 1926/4512/3964 1920/4513/3964 1924/4514/3964
f 1921/4515/3965 1564/4516/3966 1529/4517/3967
f 1545/4518/3968 1570/3672/3149 1572/3671/3148
f 1545/4506/3969 1928/4519/3969 1897/4490/3969
f 1928/4520/3970 1545/4518/3968 1572/3671/3148
f 1923/4507/3971 1573/4521/3972 1548/4508/3973
f 1709/4012/3974 1707/4003/3975 1705/4001/3976 1710/4004/3503 1711/4015/3502
f 1922/2087/3977 1923/2476/3977 1906/2475/3977
f 1923/2476/3978 1922/2087/1725 1933/2086/1724
f 3801/4522/3979 3754/4523/3980 3676/4524/3395 3753/4525/3981 3752/3205/2705
f 1921/4501/3982 1930/4526/3983 1931/4527/3984
f 2059/4528/3985 1992/4529/3986 2048/4005/3494 2054/4530/3987
f 1571/3670/3147 1932/4531/3988 1572/3671/3148
f 1928/4532/3989 1572/4533/3989 1932/4534/3989
f 1590/4535/3990 1933/4536/3991 1606/2351/3992
f 3225/4537/3993 3305/4538/3994 3306/4539/3995 3116/4540/3993 3173/4541/3993
f 1934/3757/3996 1581/3756/3997 1931/4542/3998
f 1931/4527/3984 1930/4526/3983 1934/4543/3999
f 1605/4544/4000 1932/4531/4001 1571/3670/4002
f 1938/2352/4003 1606/2351/3992 1933/4536/3991
f 374/1138/933 430/1361/2001 510/2390/2000 429/1139/934
f 1611/4545/4004 1935/4546/4005 1598/4547/4006
f 1935/4548/4007 1936/4549/4008 1926/4550/4009
f 187/4551/4010 191/4552/4010 192/508/4010 188/452/4010
f 1927/4553/4011 1941/813/4011 1944/812/4011 2020/1902/4011 1365/3281/4011 1334/787/4011
f 1930/4526/4012 1948/4554/4012 1934/4543/4012
f 1935/4548/4007 1942/4555/4013 1936/4549/4008
f 3861/2769/2326 3856/4556/4014 3857/4557/4015 3865/2770/2327
f 1932/4531/4001 1937/4558/4016 1928/4520/4017
f 254/4559/4018 403/4560/4019 486/1778/1481 331/1777/1480
f 1661/1901/3303 1376/3819/3305 1365/3281/4020
f 3761/2923/4021 3772/4561/4021 3766/4562/4021 3763/2920/4021
f 1385/3458/4022 1380/3635/4022 1952/3459/4022
f 3240/3027/4023 2500/4563/4023 2498/4564/4023 2499/4565/4023
f 2234/1150/4024 2236/4566/4024 2246/4567/4024 2219/1151/4024
f 1649/4568/4025 1953/4569/4025 1638/4570/4025
f 1638/4570/4026 1953/4569/4027 1937/4558/4016
f 1649/3845/4028 1650/3351/4028 1953/4571/4028
f 1937/4572/4029 1953/4573/4030 1951/4574/4031
f 1650/4575/4032 1951/4574/4031 1953/4573/4030
f 4563/4576/4033 4562/4577/1086 4681/933/768 4679/4282/4033 4564/4578/4033
f 1654/4320/4034 1950/4579/4034 1949/4321/4034
f 1942/4580/4035 1945/3890/3370 1659/3893/3373
f 1658/3889/4036 1660/4581/4036 1659/3894/4036
f 1659/4582/4037 1940/4583/4038 1942/4555/4039
f 1940/4583/4038 1659/4582/4037 1660/4584/4040
f 2667/4585/4041 1663/4586/4041 1956/4587/4041
f 1955/4588/4042 2667/4585/4042 1956/4587/4042
f 1957/4589/4043 2667/4585/4043 1955/4588/4043
f 1956/4587/4044 1958/4590/4045 1955/4588/4046
f 1958/4590/4045 1957/4589/4047 1955/4588/4046
f 43/4591/4048 1957/4589/4048 1958/4590/4048
f 1959/4592/4049 1956/4587/4050 1663/4586/4051
f 1960/4593/4052 1958/4590/4052 1956/4587/4050 1959/4592/4049
f 1960/4593/4053 43/4591/4054 1958/4590/4055
f 1665/3917/4056 43/4591/4054 1960/4593/4053
f 690/4594/4057 1961/2274/4057 1765/2273/4057
f 4338/4595/4058 4561/4596/4058 4340/4597/4058 4339/4598/4058
f 4773/4599/4059 4772/4600/4060 4736/4601/4061 4748/4602/4059 4771/4603/4059
f 2314/2303/4062 2372/4604/4063 2373/3099/4064 2375/4605/4065
f 1766/4606/4066 1965/2272/4066 1966/2278/4066
f 1961/2274/4067 690/4594/4067 1768/4607/4067
f 1967/4608/4068 1769/4609/4069 1964/2277/4070
f 1773/4610/4071 1966/2278/4071 1770/4611/4071
f 1766/4606/4072 1966/2278/4072 1773/4610/4072
f 1825/4612/4073 867/2509/4073 579/2508/4073
f 1968/2691/4074 1825/4613/4074 579/4614/4074
f 1968/2691/4075 1969/4615/4076 1825/4613/4077
f 22/4616/4078 2572/4617/4079 2569/30/27 27/33/30 253/4314/3804 156/4618/4080
f 3516/4058/4081 3050/4619/4081 3053/4620/4081 3150/4621/4081 3262/3289/4082 3455/4622/4083 3582/4623/4081 3622/4059/4081
f 1972/3714/4084 1970/2690/4085 1971/2695/4086
f 4744/4624/4087 4740/4625/4088 4735/4626/4089 4741/4627/4090
f 282/1804/1502 932/606/1501 1972/4628/4091
f 1834/605/491 1972/4628/4092 932/606/492
f 579/1339/4093 792/2083/4093 1973/4629/4093
f 1973/4630/4094 1974/2692/4094 1968/2691/4094
f 1968/2691/4095 579/4614/4095 1973/4630/4095
f 389/2138/4096 818/2119/4096 771/1974/4096 732/1893/4096 671/1892/4096 533/1405/4096 305/786/4096 309/784/4096 223/87/4096 233/86/4096
f 1975/2693/4097 1974/2692/4098 1976/4631/4099
f 1977/2694/4100 1975/2693/4097 1976/4631/4099
f 1976/4631/4101 1978/3713/4101 1977/2694/4101
f 4551/3489/4102 4543/3488/4102 4544/714/4103 4668/4632/4104
f 4101/4633/4105 4100/4634/4105 4095/4635/4105 4082/4636/4105 4065/4637/4105 4037/4493/4105 4038/4492/4105 4066/4638/4105 4058/4639/4105
f 2874/4640/4106 2871/4641/4106 2798/4642/4107 2870/4643/4108
f 3467/4644/4109 3535/4645/4109 3536/4646/4109 3357/4647/4109
f 3056/4648/4110 3055/4649/4111 3049/4650/4112 3046/4651/4112
f 1097/2850/4113 1186/2855/4113 1187/2857/4113 1185/2848/4113
f 3537/4260/4114 3420/4652/4114 3357/4653/4114 3536/4261/4114
f 4445/4654/4115 4448/4655/4116 2482/4656/4116 4447/4657/4116 2475/4103/4117
f 1173/4658/4118 1174/770/4118 1163/769/4118 1164/4659/4118
f 1846/4660/4119 2049/4661/4120 1986/4662/4121
f 1378/3357/4122 1309/4663/4123 1310/4664/4124
f 1847/4665/4125 1865/4666/4126 1993/4667/4127
f 1993/4667/4127 1865/4666/4126 2061/4668/4128
f 3886/970/4129 3883/4669/4129 3896/3537/4129 3897/967/4129
f 2544/4670/4130 110/226/177 109/210/176 2545/4671/4130 2537/4672/4130 2535/4673/4130
f 3043/3427/2922 3203/3426/2921 3143/4674/4131 3040/4675/4132
f 2149/4676/4133 2150/4677/4133 2096/2799/4133 2148/4678/4133 2151/4679/4133
f 2710/827/666 38/2582/2148 37/1044/839 2563/1043/838
f 2004/2142/4134 2067/1606/4135 1870/1610/4135 1877/4680/4136
f 1877/4680/4136 1878/534/4137 2004/2142/4134
f 2072/533/4138 2004/2142/4134 1878/534/4137
f 2006/4681/4139 1885/4682/4140 1879/4683/4141
f 1885/4682/4140 2006/4681/4139 2005/4684/4142
f 1879/4683/4141 1871/766/619 2007/4685/4143
f 2007/4685/4143 1871/766/619 2000/765/618
f 2006/4681/4139 1879/4683/4141 2007/4685/4143
f 243/7/6 244/630/511 241/632/513 144/8/7
f 3793/4686/4144 4130/1224/4144 3716/4687/4144 3599/4688/4144
f 2012/4689/4145 1886/583/4146 1887/4690/4147
f 2012/4689/4145 2011/580/4148 1886/583/4146
f 4613/4691/4149 4630/4692/4149 4618/3807/4149 4611/4693/4149
f 2016/4694/4150 2019/1404/4150 1882/4695/4150
f 2017/4133/4151 2013/4696/4151 1895/4697/4151 1951/4698/4151 2118/4699/4151 2171/4700/4151 2018/4134/4151
f 1861/4701/4152 2100/4702/4153 2185/4703/4154
f 3143/4674/4155 3041/4704/4156 2971/4705/4157 3040/4675/4132
f 2020/1902/4158 1661/1901/3303 1365/3281/4020
f 3225/4706/4159 3173/4707/3856 3174/4708/3855 3226/4709/4159
f 2026/4710/4160 87/190/4160 2025/189/4160
f 2025/189/4161 2024/188/4162 2119/4711/4163 2120/4712/4164
f 2025/3317/2816 2027/3316/2815 2026/4713/4165
f 4648/4714/4166 4507/4715/4166 4499/4716/4166 4506/4717/4166 4511/3520/3003 4512/3519/3002
f 89/1420/4167 2027/3316/4168 2028/1421/4169
f 1987/4718/4170 2030/4719/4170 2029/4720/4170
f 4540/4721/4171 4549/4722/4171 4555/4723/4171 4539/4724/4171 4546/4725/4172 4536/4450/3897 4320/424/3896 4524/423/4171 4329/4726/4171 4503/3442/4171 4493/3441/4171 4489/4447/3895 4308/4446/3894 4301/4727/4171 4254/4728/4171 4236/4729/4171 4209/4730/4171 4457/4731/4171 4460/4732/4171 4462/4733/4171 4490/4734/4171 4498/4735/4171 4519/4736/4171 4525/4737/4171
f 3706/4738/4173 3702/4739/4174 3631/4740/4175 3634/4741/4176
f 1980/804/4177 2031/4742/4178 1979/801/4179
f 204/1145/4180 106/4743/4181 205/4744/4181 287/4745/4182
f 1980/4317/4177 2033/4316/4183 2031/4746/4178
f 1981/893/4184 2034/4747/4184 2032/894/4184
f 3951/4748/4185 3953/1601/4185 3940/1604/4185 3938/4749/4185
f 2123/4750/4186 1982/4007/3496 1983/4751/4187
f 2124/4752/4188 2123/4750/4188 1983/4751/4188
f 1983/4751/4189 1984/4753/4189 2124/4752/4189
f 1984/2213/4190 2037/2137/4191 2124/4754/4192
f 2124/4754/4192 2037/2137/4191 2038/4755/4193
f 1986/4756/4194 2039/4757/4195 1985/4758/4196
f 1985/2136/4196 2038/4755/4193 2037/2137/4191
f 2039/4757/4195 2038/4759/4193 1985/4758/4196
f 2039/4760/4195 1986/4662/4194 2040/4761/4197
f 1443/4762/2975 1452/3477/2966 1149/3476/2965 1134/4763/2976
f 2043/4764/4198 1991/4765/4199 1987/4718/4200
f 2043/4764/4198 1987/4718/4200 2029/4720/4201
f 1981/4766/4202 2045/4767/4202 2034/4315/4202
f 2046/4768/4203 2045/4767/4204 1988/2173/1817
f 2035/4769/4205 2045/4767/4205 2046/4768/4205
f 2035/4769/4206 2034/4315/4206 2045/4767/4206
f 2047/2172/1816 2046/4768/4203 1988/2173/1817
f 4139/4770/4207 4351/4771/4207 4142/4772/4207 3958/4773/4207 3957/4774/4207
f 1992/4529/3986 1989/4006/3495 2048/4005/3494
f 2040/4761/4197 1986/4662/4194 2049/4661/4208
f 2040/4775/4197 2049/4776/4208 2050/4777/4209
f 2049/4776/4208 1993/4778/4210 2050/4777/4209
f 1991/4779/4211 2052/4780/4211 1990/4781/4211
f 1991/4765/4212 2043/4764/4212 2052/4782/4212
f 3134/1307/4213 3195/4783/4213 3139/4784/4213 2965/4785/4213
f 2890/4786/4214 3038/4787/4215 3039/4788/4216 2967/4789/4217
f 2058/4790/4218 2059/4528/3985 2054/4530/3987
f 2055/4791/4219 2050/4777/4209 1993/4778/4210
f 2055/4791/4220 1993/4778/4220 2056/4792/4220
f 2063/4793/4221 1990/4794/4221 2052/4795/4221
f 1057/4796/4222 1457/4797/4223 1456/374/279 1023/379/284 1012/4798/4224
f 2053/2171/1815 1995/2174/1818 2057/4799/4225
f 4062/4800/4226 4055/4801/4227 4028/4802/4228 4031/4803/4228
f 1996/4804/4229 2058/4790/4229 2126/4805/4229
f 2058/4790/4230 1996/4804/4230 2059/4528/4230
f 1993/4778/4231 2060/4806/4232 2056/4792/4233
f 1993/4778/4231 2061/4807/4234 2060/4806/4232
f 2041/4808/4235 2066/4809/4236 2051/4810/4237
f 2066/4809/4236 2063/4811/4238 2051/4810/4237
f 2066/4812/4239 2062/4813/4239 1994/4814/4239
f 1999/1607/4240 2064/4815/4241 1997/1608/4242
f 1996/1873/4243 2065/4816/4243 2001/764/4243
f 2126/4805/4244 2065/4817/4245 1996/4804/4246
f 2062/4813/4247 2066/4812/4247 1998/4818/4247
f 1998/4819/4248 2066/4809/4236 2041/4808/4235
f 2141/4820/4249 2157/4821/4250 2152/4822/4251 2139/2548/4252
f 947/2401/4253 880/1119/915 879/1118/914 946/2402/4253
f 2000/4823/4254 2001/4824/4255 2128/4825/4256
f 2128/4825/4256 2001/4824/4255 2127/4826/4257
f 2127/4826/4258 2001/4824/4258 2065/4817/4258
f 2129/2551/4259 2070/4827/4260 2075/4828/4261
f 2376/4829/4262 2378/4830/4263 2318/1020/4263 2316/1019/4264
f 1875/4831/4265 1857/4832/4266 2062/4813/4267 1998/4818/4268 2003/4833/4269
f 2071/4834/4270 2002/4835/4270 2003/4833/4270
f 1998/4818/4271 2071/4834/4271 2003/4833/4271
f 2002/4836/4272 2071/4837/4273 2079/1979/4274
f 2079/1979/4275 2071/4837/4276 2041/4808/4277
f 2071/4837/4276 1998/4819/4278 2041/4808/4277
f 1054/3435/2929 2260/3434/2928 2256/4838/4279 2259/4839/4280
f 2072/533/4281 2073/2143/1780 2004/2142/1779
f 2136/4840/4282 2073/4841/4282 2072/4842/4282
f 2006/4681/4283 2007/4685/4283 2074/4843/4283
f 2023/4844/4284 87/1808/4284 2086/3307/4284
f 1876/4845/4285 2002/4835/4286 2078/4846/4287
f 2002/4836/4272 2079/1979/4274 2078/1978/4288
f 2080/4847/4289 2136/4840/4290 2009/4848/4291
f 2136/4840/4290 2072/4842/4292 2009/4848/4291
f 2010/2801/4293 2005/4849/4294 2074/4850/4295
f 2074/4850/4295 2005/4849/4294 2006/4851/4296
f 2076/4852/4297 2008/581/4297 2011/580/4297
f 2008/581/4298 2076/4852/4298 2075/4853/4298
f 2012/4854/4299 2135/2547/4300 2011/4855/4301
f 2135/2547/4300 2076/4856/4302 2011/4855/4301
f 1769/4609/4069 1967/4608/4068 1962/2275/4303 1961/2274/4303 1768/4607/4303
f 2009/532/4304 2013/4696/4304 2080/4857/4304
f 2097/4858/4305 1927/4553/4305 423/4859/4305 2028/4860/4305 2082/4861/4305
f 2024/188/150 2023/187/149 2087/4862/4306
f 2682/1906/1580 2586/110/2224 2741/1985/4307 2739/1984/4308
f 2087/4862/4306 2023/187/149 2086/4863/4309
f 2135/4864/4300 2014/4865/4310 2085/4866/4311
f 2012/4689/4299 2014/4865/4310 2135/4864/4300
f 2016/4694/4312 2078/4846/4313 2088/3503/4314
f 271/4867/4315 569/1330/4315 417/1126/4315 349/721/4315 65/720/4315 179/717/4315 68/168/136 76/170/138 79/175/142 2690/4868/4316 3018/2637/4317 3019/2636/4315 3102/4869/4315 3113/924/4315 3176/923/4315 3230/4870/4315 66/4871/4318 3310/4872/4319 3311/1254/4315 3437/1257/4315 3490/1115/4315 3563/4873/4320 3738/4874/4321 56/4875/4315 626/4876/4322 636/1612/4323 632/1614/4315
f 2013/4696/4324 2017/4133/4325 2080/4857/4326
f 2090/4132/4327 2080/4857/4326 2017/4133/4325
f 2086/3307/2805 2015/729/587 2091/728/586
f 2086/3307/2805 2091/728/586 2092/4877/4328
f 943/22/20 1035/25/23 1033/4878/4329 938/4879/4329 939/4880/4329 940/4881/4329
f 2086/4863/4330 2093/4882/4331 2087/4862/4332
f 2088/3503/4314 2094/3502/4333 2016/4694/4312
f 3100/4883/4334 2867/4884/4334 2693/4885/4335 3090/4886/4336
f 2088/1977/4337 2084/1976/4338 2095/4887/4339
f 2104/4888/4340 1927/4553/4341 2097/4858/4342
f 2104/4888/4340 2103/814/4343 1927/4553/4341
f 1037/4889/2210 1038/2620/2184 1063/2619/2183 621/3543/3022 740/3542/86 1072/4890/85
f 2091/728/4344 2098/727/4344 2092/4877/4344
f 2098/4891/4345 2099/2766/4346 2092/4892/4347
f 2099/2766/4346 2098/4891/4345 2105/4893/4348
f 2081/4894/4349 2100/4702/4153 1861/4701/4152
f 2101/4895/4350 2081/4894/4349 2150/4896/4351
f 241/632/513 4/706/565 3/4897/1749 144/8/7
f 2103/4898/4352 1941/4899/4352 1927/4900/4352
f 1983/4901/4353 1982/4119/3624 1845/4118/3623 1840/2214/1857 1984/2213/1856
f 2016/4694/4312 2094/3502/4333 2019/1404/4354
f 2392/3909/4355 2389/3908/4355 2342/4902/4355 2386/4903/4355
f 516/4904/4356 591/4905/4356 595/3801/4356 518/4906/4356
f 2103/814/4357 2108/4907/4357 2107/810/4357
f 2098/4891/4345 2111/2830/4358 2105/4893/4348
f 2112/2767/4359 2099/2766/4346 2105/4893/4348
f 2168/4908/4360 1944/812/4360 2109/811/4360
f 1944/4909/4361 2168/4910/4361 2110/4911/4361
f 2111/2830/4358 2112/2767/4362 2105/4893/4348
f 2020/1902/4363 2114/4912/4363 2115/1903/4363
f 2020/1902/4364 2113/4365/4364 2114/4912/4364
f 1589/3712/4365 1606/3715/4365 1653/4913/4365 1628/3876/4365
f 2111/726/4366 1946/725/2952 1952/3459/2951
f 4586/4914/4367 2404/4915/4368 2405/4916/4369 2444/4917/4369
f 2194/4918/4370 1651/4919/4371 1947/4920/4372
f 2118/4699/4373 1951/4698/4373 1650/4921/4373
f 2202/4922/4374 2118/4923/4374 1650/3351/4374
f 2022/3898/4375 2174/4924/4376 1954/4925/4377
f 4256/4926/4378 4220/4927/4379 4207/4928/4380 4190/4301/4380 4171/4304/4380 4195/4929/4380 4211/4930/4380 4223/4931/4380 4240/4932/4380 4257/4933/4380 4258/4934/4380 4260/4350/3827 4280/4349/3826
f 4500/4935/4381 4478/4936/4382 4474/4937/4382 4499/4716/4383
f 2028/4938/4384 2027/4939/2815 2120/4712/2814
f 285/959/4385 372/961/931 371/952/930 284/954/4386
f 2031/4746/4387 2122/4940/4388 2044/3820/4389
f 2122/4940/4388 2033/4316/4390 2121/4941/4391
f 3083/4942/4392 3079/4943/4393 3013/4944/4394 3014/4945/4394
f 2122/4940/4388 2031/4746/4387 2033/4316/4390
f 2035/4769/4395 2033/4316/4390 2034/4315/4396
f 4608/624/4397 4610/2414/4397 4609/4946/4397 4606/4947/4397
f 531/524/4398 610/4948/4398 463/4949/4398 464/1231/4398
f 1982/4007/3496 2123/4750/4186 2036/4008/3497
f 2937/4950/4399 2928/4951/4399 2927/4952/4399 2931/4953/4399
f 2050/4954/4400 2039/4955/4400 2040/4956/4400
f 2046/4768/4401 2047/2172/4401 2035/4769/4401
f 2053/4957/4402 2035/4958/4402 2047/4959/4402
f 2064/4960/4403 2053/2171/4403 2057/4799/4403
f 3708/1825/1519 3710/4961/4404 3639/4962/4405 3707/1826/1520
f 3243/2499/2092 3397/4963/1661 3398/3242/1660 3329/2500/2093
f 2516/1633/4406 2517/1817/4406 2267/4964/4406 2508/4965/4406 2507/4966/4406 2506/1634/4406
f 3622/4059/4407 3582/4623/4407 3627/4967/4407 3624/4968/4407
f 1415/113/2903 1419/3934/4408 1423/3933/4408 1096/2717/2913 1422/2707/2261 1094/2706/4408 1090/2705/4408 1004/2520/2904
f 2134/2550/4409 2125/4969/4410 2130/4970/4411
f 2132/2549/4412 2119/4711/4412 2134/2550/4412
f 3020/4971/4413 3107/4088/4413 3096/4090/4413 2866/4972/4413
f 2065/4817/4245 2126/4805/4244 2127/4826/4414
f 2061/4807/4234 2130/4970/4415 2060/4806/4232
f 2129/2551/4416 2134/2550/4416 2130/4970/4416
f 2133/4973/4417 2028/4938/4418 2120/4712/4164
f 4729/4974/4419 4502/4975/4419 4643/4976/4419 4728/2386/4419
f 2131/2798/4420 2074/4850/4421 2128/4825/4422
f 2131/2798/4420 2128/4825/4422 2127/4826/4423
f 2010/2801/2351 2074/4850/4424 2131/2798/2349
f 2077/2552/4425 2076/4856/4302 2135/2547/4300
f 2082/4977/4426 2028/4938/4426 2133/4973/4426
f 2032/894/735 1980/804/646 1837/803/645 1838/891/732
f 2169/1686/4427 2142/4978/4427 2092/4877/4427 2099/4979/4427 2117/4980/4428 2175/1683/4429
f 2135/2547/4430 2085/4981/4430 2139/2548/4430
f 2097/4982/4431 2138/4983/4431 2140/4169/4431
f 2096/2799/4432 2150/4677/4432 2081/2800/4432
f 2139/2548/4252 2085/4981/4433 2141/4820/4249
f 2014/4865/4310 2141/4984/4434 2085/4866/4311
f 4722/4985/4435 4717/4986/4435 4471/4987/4435 4487/4988/4435
f 2140/4169/3667 2104/4171/3669 2097/4982/4436
f 2143/4989/4437 2087/4862/4332 2093/4882/4331
f 1190/4990/4438 1211/2951/4438 1210/4183/4438 1189/2880/4438
f 2087/4862/4439 2143/4989/4440 2083/3003/2525
f 2143/4989/4440 2144/3000/2521 2083/3003/2525
f 2084/1976/4338 2145/940/4441 2095/4887/4339
f 2145/940/774 2084/1976/4442 2146/937/771
f 3460/661/4443 3417/4991/4443 3355/4992/4444 3352/662/4445
f 2149/4676/4446 2101/4993/4446 2150/4677/4446
f 2151/4679/4447 2101/4993/4447 2149/4676/4447
f 4767/1203/988 4766/4994/4448 4669/4995/4448 4552/1204/989
f 3498/4996/4449 3443/1540/4450 3391/4997/4451 3390/4998/4452
f 3091/4999/4453 3101/2734/4453 3100/2737/4453 3090/5000/4453
f 4071/5001/4454 4061/5002/4455 4070/5003/4456 4078/5004/4456
f 3955/5005/4457 3960/2252/4457 4140/2251/4457 4136/4048/4457
f 167/686/541 258/3058/2575 39/3148/2655 36/5006/4458 35/685/540
f 2609/5007/4459 2617/5008/4460 2603/3531/4461 2605/5009/4462
f 2151/4679/4463 2148/4678/4463 2100/5010/4463
f 2156/5011/4464 2100/5010/4464 2148/4678/4464
f 2106/5012/4465 2102/5013/4466 2014/4865/4467
f 2157/5014/4468 2102/5013/4466 2106/5012/4465
f 2157/4821/4250 2164/5015/4469 2152/4822/4251
f 453/1509/4470 451/5016/4470 449/5017/4470 450/1510/4470
f 1834/605/4471 1833/608/4471 1832/4284/4471 1475/3508/3783 1831/4283/3782
f 2169/1686/4472 2180/5018/4472 2154/5019/4473 2142/4978/4474
f 2161/5020/4475 2156/5011/4475 2148/4678/4476 2160/5021/4477 2163/5022/4478
f 2156/5023/4479 2162/5024/4479 2100/5025/4479
f 2156/5011/4480 2161/5020/4480 2162/5026/4480
f 2163/5027/4481 2162/5028/4481 2161/5029/4481
f 2106/5012/4482 2164/5030/4482 2157/5014/4482
f 2164/5030/4483 2106/5012/4483 2165/5031/4483
f 3380/5032/4484 3377/5033/4484 3376/5034/4484 3379/5035/4484
f 2018/4134/4485 2166/5036/4485 2159/4135/4485
f 2185/5037/4486 2100/5038/4486 2162/5039/4486
f 2163/5027/4487 2185/5040/4487 2162/5028/4487
f 2167/5041/4488 2165/5031/4489 2106/5012/4465
f 1818/4254/4490 1177/5042/4490 1159/2807/4490 1462/4252/4490
f 1780/2971/3632 1767/3153/2661 1774/4114/2661 1775/2972/2661
f 2186/5043/4491 2194/4918/4491 2185/4703/4491
f 4113/5044/4492 4112/5045/4492 4109/5046/4492 4102/5047/4492
f 2168/4910/4493 2113/5048/4493 2110/4911/4493
f 2113/5048/4494 2168/4910/4494 2114/5049/4494
f 1001/5050/4495 990/2487/4495 991/2489/4495 997/5051/4495
f 2177/5052/4496 1651/4919/4371 2194/4918/4370
f 2114/5049/4497 2174/5053/4498 2115/5054/4499
f 2174/5053/4498 2022/5055/4500 2115/5054/4499
f 2175/1683/4429 2117/4980/4428 2021/5056/4501
f 4625/5057/4502 4629/5058/4502 4631/5059/4502 4641/5060/4502 4466/5061/4503 4201/5062/4504 4622/5063/4502
f 1641/3183/4505 2201/5064/4505 2200/3184/4505
f 2646/5065/4506 2593/5066/4507 2787/2905/4508 2688/2904/4509 2859/5067/4510 2865/4336/3823 934/4335/3822 1306/1450/1210 941/1452/1212 872/2222/4508 759/1942/4508 704/1821/4508 585/1356/4508 428/1355/4508 201/284/4508 99/191/152 105/193/154
f 1660/5068/4511 2178/5069/4511 1940/5070/4511
f 2179/5071/4512 2178/5072/4512 1660/4581/4512
f 3162/5073/4513 3165/2703/4513 3080/5074/4513 3081/5075/4513
f 3835/5076/4514 3801/4522/3979 3752/3205/2705 3833/3204/2704 4019/2564/2140 4017/5077/4515
f 2173/5078/4516 1954/5079/4517 2174/5053/4518
f 146/321/250 6/15/14 5/14/13 145/319/248
f 3528/5080/4519 3529/5081/4520 3526/5082/4521 3525/5083/4522
f 739/5084/1427 681/3544/3023 621/3543/3022 553/5085/4523 618/5086/1428
f 574/1483/4524 569/1330/4524 632/1614/4524 635/1613/4524
f 4811/5087/4525 4615/5088/4525 4798/5089/4526 4806/5090/4527
f 2160/5021/4477 2148/4678/4476 2183/5091/4528
f 2160/5021/4477 2183/5091/4528 2184/5092/4529
f 2185/5093/4530 2163/5022/4478 2160/5021/4477
f 2184/5094/4531 2185/4703/4531 2160/5095/4531
f 2186/5043/4532 2185/4703/4532 2184/5094/4532
f 2165/5096/4533 2187/5097/4533 2164/5015/4533
f 3249/5098/4534 3250/5099/4535 3248/5100/4536 3135/5101/4536
f 2159/4135/3636 2166/5036/4537 2018/4134/4537 2171/4700/4537 2196/5102/4537 2147/4131/3634
f 2183/5091/4538 2192/5103/4539 2193/5104/4540
f 2184/5092/4541 2183/5091/4541 2186/5105/4541
f 2193/5104/4542 2186/5105/4542 2183/5091/4542
f 2194/4918/4543 2186/5043/4543 2193/5106/4543
f 2167/5041/4544 2187/5107/4545 2165/5031/4546
f 2167/5041/4544 2195/5108/4547 2187/5107/4545
f 4627/5109/4548 4704/1586/4549 4624/5110/4550 4628/5111/4548
f 196/5112/4551 580/2204/4551 861/2206/4551 853/5113/4551 845/2160/4551 752/1927/4551 636/1612/4323 626/4876/4322 2651/4334/4551 2690/4868/4316 79/175/142
f 2197/5114/4552 2194/5115/4552 2193/5116/4552
f 2192/5117/4553 2197/5118/4554 2193/5119/4555
f 2194/5120/4556 2197/5118/4554 2192/5117/4553
f 4630/4692/4557 4632/5121/4558 4629/5122/4559 4626/3803/3291
f 2021/3176/4560 2199/3185/4560 2175/5123/4560
f 2180/5124/4561 2169/5125/4562 2190/5126/4563
f 2190/5126/4564 2191/3002/2523 2181/3001/2522
f 2019/1404/1158 2155/5127/4565 2203/1401/1156
f 2089/2150/1789 2182/2149/1788 2204/5128/4566 2183/5091/4566 2148/4678/4566 2096/2799/4566
f 2183/5091/4538 2204/5128/4567 2192/5103/4539
f 2190/5126/4568 2169/5125/4568 2206/3197/4568
f 2190/5126/4569 2206/3197/4569 2191/3002/4569
f 2204/5128/4570 2194/5129/4570 2192/5103/4570
f 2207/5130/4571 2194/5129/4571 2204/5128/4571
f 2195/5131/4572 2210/5132/4573 2205/5133/4574
f 657/1657/4575 716/1855/4575 714/1666/4575 658/1664/4575
f 85/5134/4576 3598/5135/4576 282/3413/4576
f 2178/5069/4577 2210/5136/4578 2195/5108/4579
f 1430/3436/4580 1429/2675/2227 1111/2678/2229 1112/1530/4580
f 3202/2560/4581 3259/5137/4582 3045/4461/3905 3204/2561/2137
f 2212/3534/3012 2200/3936/4583 2203/938/3013
f 2214/5138/4584 2182/2149/4585 2196/2148/4586
f 2196/5102/4587 2171/4700/4588 2118/4699/4589
f 2177/5052/4590 2207/5139/4591 2176/5140/4592
f 2207/5139/4591 2177/5052/4590 2194/4918/4593
f 2178/5069/4577 2179/5141/4594 2210/5136/4578
f 16/38/32 13/409/306 148/408/305 153/5142/4595
f 2200/1402/4596 2201/5143/4596 2170/1403/4596
f 2118/4699/4589 2214/5144/4597 2196/5102/4587
f 2202/5145/4598 2214/5144/4598 2118/4699/4598
f 2214/5146/4599 2202/4922/4599 2215/5147/4599
f 2215/5147/4600 2202/4922/4600 2176/5148/4600
f 2207/5130/4601 2215/5149/4602 2176/5150/4603
f 2215/5149/4602 2207/5130/4601 2204/5128/4604
f 3899/5151/4605 2216/3862/4606 2217/3861/4607
f 1997/1608/1340 1995/5152/4608 1855/5153/4608 1854/1609/1341
f 4032/5154/4609 4176/4341/4609 4174/4340/4609 4030/5155/4609
f 1365/3281/2779 1376/3819/4610 1364/788/2780
f 1814/4259/4611 1162/2803/4611 1154/1770/1474 1459/1773/1476
f 993/2503/4612 3963/5156/4613 2220/3860/4614
f 1060/5157/4615 1020/5158/4616 2218/5159/4617
f 3566/5160/4618 3495/5161/4618 3442/5162/4618 3386/5163/4618 3314/5164/4618 3234/5165/4619 3181/3229/2734 3496/5166/4618 4135/5167/4618 3794/5168/4618 3725/5169/4618 3737/5170/4618 3658/5171/4618 3602/5172/4618
f 194/496/4620 354/2197/4620 281/4161/4620 195/503/4620
f 2905/5173/4621 2994/5174/4621 2987/5175/4622 2906/5176/4623
f 944/2463/4624 2233/2472/4624 981/2464/4624
f 2581/2623/2187 10/3998/3480 2583/3997/3479 2681/2624/2188
f 2946/5177/4625 1008/5178/4626 2227/2470/4627
f 3340/5179/4628 3409/5180/4628 3408/5181/4628 3339/5182/4628
f 4204/1108/900 4199/1107/899 4196/5183/4629 4177/5184/4629
f 2537/4672/4630 2536/5185/4631 2533/5186/4632 2534/5187/4630
f 2181/3001/4633 2144/3000/2521 2143/4989/4440 2154/5188/4633 2180/5124/4561 2190/5126/4563
f 3792/4337/3824 2865/4336/3823 2941/5189/4634 2864/5190/4635 3082/5191/4635 3301/5192/4635 3478/5193/4635 3555/5194/4635 3711/5195/4636 3591/5196/4637 3853/5197/4635
f 2250/5198/4638 2248/3398/4639 2247/5199/4640
f 2247/5200/4641 2709/830/669 2250/2154/1797
f 2769/5201/4642 2811/5202/4643 2773/4470/3914 2772/4469/3913
f 165/1097/880 2564/1042/837 34/1041/836 257/2669/2217 255/1098/881
f 3562/5203/4644 3565/5204/4644 3601/1878/4644 3606/1881/4644
f 2541/5205/4645 2535/5206/4645 2534/5207/4645 2532/5208/4645
f 4659/5209/4646 4662/5210/4647 4540/5211/4648 4525/5212/4649
f 3373/5213/4650 3481/5214/4651 3480/5215/4652 3372/5216/4653
f 949/5217/4654 884/2241/1883 951/1064/1998 1064/1063/2606 955/3094/2605
f 2255/5218/4655 2250/2154/1797 2254/2153/1796
f 3774/5219/4656 3778/5220/4656 3705/5221/4657 3701/5222/4658
f 770/5223/4659 729/5224/4659 614/5225/4659 529/1569/4659 470/1246/4659 385/1245/4659 307/5226/4659 228/5227/4659 227/5228/4659 236/568/4659 135/567/4659 130/263/4659 126/262/4659 213/5229/4659 302/1230/1152 530/1399/1151 664/1687/4659 724/1882/4659 802/2101/4659 807/2103/4659 882/2237/4659 883/2384/4659 953/2409/4660 897/5230/4661 892/5231/4659 811/5232/4659
f 4107/292/4662 4106/291/4662 4105/3115/4662 4108/5233/4662
f 3650/3976/4663 3651/5234/4663 3647/5235/4663 3646/3977/4663
f 3448/5236/556 3328/5237/4664 3191/5238/1766 3244/5239/1765 3399/5240/557
f 960/1288/4665 961/1291/4665 947/2401/2015 952/2400/2014
f 1235/2989/2513 1260/3110/2622 1261/2048/2619 1262/2047/2510
f 2081/4894/4349 1861/4701/4152 1884/5241/4666 2010/5242/4666
f 2514/5243/4667 1039/5244/4667 2267/4964/4667 2517/1817/4667
f 2241/5245/4668 2231/5246/4668 2230/5247/4668
f 2340/69/4669 1679/3947/4669 1683/3958/4669 2337/70/4669
f 2268/2580/2146 38/2582/2148 2249/5248/4670
f 56/4875/4671 3963/5249/4671 626/4876/4671
f 2489/5250/4672 2491/5251/4673 2488/5252/4674 2469/5253/4675
f 3795/3146/4676 2242/5254/4676 3899/3142/4676
f 1847/5255/4125 1993/5256/4127 2049/4661/4120 1846/4660/4119
f 1761/1436/1201 2271/5257/4677 2270/5258/4678
f 1761/1436/4679 2270/5258/4679 1760/4066/4679
f 1671/3931/4680 1668/3930/4680 2271/5257/4680
f 1760/4066/4681 2270/5258/4682 2272/5259/4683
f 2344/5260/4684 2272/5259/4683 2270/5258/4682
f 2273/5261/4685 1755/4064/4685 1757/4063/4685
f 2272/5259/4686 2346/5262/4687 2273/5261/4688
f 1755/4064/3571 2275/1557/4689 1752/1560/3572
f 1755/4064/4690 2274/5263/4691 2275/1557/4692
f 2273/5261/4693 2274/5263/4693 1755/4064/4693
f 2182/2149/4585 2214/5138/4584 2215/5149/4694 2204/5128/4694
f 2275/1557/4695 2348/5264/4695 2276/1558/4695
f 1336/3232/2737 1188/2872/2414 1022/2871/2413
f 1753/1559/4696 2276/1558/4696 1750/4057/4696
f 2277/5265/4697 1751/5266/4697 2278/5267/4697
f 1745/4053/3555 1747/4052/3554 2277/5265/4698
f 3713/5268/4699 3789/5269/4700 3638/5270/4701 3712/5271/4699
f 2277/5265/4702 2278/5267/4703 2280/5272/4704
f 2277/5265/4705 1747/4052/4705 1751/5266/4705
f 153/5273/4706 248/839/675 17/371/677 16/5274/4707
f 2283/5275/4708 1741/1209/4708 2284/1208/4708
f 1741/1209/3545 2283/5275/4709 1742/4044/3543
f 2283/5275/4710 2285/5276/4711 2287/5277/4712
f 2283/5275/4710 2284/1208/4713 2285/5276/4711
f 2283/5275/4710 2287/5277/4712 1742/4044/4714
f 1742/4044/3547 2287/5277/4715 2286/4043/3548
f 2286/4043/4716 2287/5277/4716 2288/5278/4716
f 2288/5278/4717 2287/5277/4717 2285/5276/4717
f 1738/4039/4718 1737/2166/4718 1735/914/4718
f 2286/4043/3541 1737/2166/4719 1738/4039/3542
f 1253/3568/4720 1232/3040/4720 1255/5279/4720 1252/3569/4720
f 2646/5065/4506 105/193/154 2594/5280/4721 2593/5066/4507
f 2288/5278/4722 1737/2166/4723 2286/4043/4724
f 2288/5278/4722 2290/2167/4725 1737/2166/4723
f 2289/2164/1809 2292/5281/4726 1734/4038/4727
f 2289/2164/1809 1734/4038/4727 1736/2165/1810
f 1734/4038/4727 2292/5281/4726 2293/5282/4728
f 2293/5282/4728 2292/5281/4726 2357/5283/4729
f 1733/915/4730 1734/4038/4727 2293/5282/4728
f 2293/5282/4731 2295/5284/4731 1733/915/4731
f 2293/5282/4728 2357/5283/4729 2295/5284/4732
f 1731/916/4733 2294/5285/4734 2296/5286/4735
f 2295/5284/4736 1731/916/757 1733/915/756
f 2294/5285/4737 1731/916/757 2295/5284/4736
f 2296/5286/4735 2298/4034/4738 1729/4028/4739
f 2296/5286/4735 2299/5287/4740 2298/4034/4738
f 2296/5286/4735 2301/5288/4741 2299/5287/4740
f 1729/4028/4739 1731/916/4742 2296/5286/4735
f 2297/5289/4743 2296/5286/4735 2294/5285/4734
f 1728/4035/3528 2298/4034/3527 2299/5287/4744
f 1728/4035/3528 2299/5287/4744 2300/5290/4745
f 2300/5290/4746 2299/5287/4746 2301/5288/4746
f 1728/4035/4747 1727/4031/4747 1726/4032/4747
f 2302/5291/4748 1728/5292/4748 2300/5293/4748
f 2302/5294/4749 2300/5290/4749 2301/5288/4749
f 2302/5294/4750 2362/976/4751 2303/975/4752
f 2304/5295/4753 1722/4030/4754 1727/4031/4755
f 1727/4031/4755 2303/975/4756 2304/5295/4753
f 1722/4030/4757 2304/5295/4758 2305/5296/4759
f 2304/5295/4758 2307/174/4760 2305/5296/4759
f 2305/5296/4761 1719/4029/4762 1722/4030/4763
f 2306/173/4764 1719/4029/4762 2305/5296/4761
f 2306/173/4765 2305/5296/4765 2307/174/4765
f 1718/4022/4766 1719/4029/4766 1717/4021/4766
f 2366/5297/4767 2308/874/4768 2306/173/4769
f 1717/4021/4770 1719/4029/4771 2306/173/4772
f 2306/173/4772 2308/874/4773 1717/4021/4770
f 1715/4020/4774 1716/876/4775 2309/875/4776
f 2581/2623/2187 2580/2622/2186 2579/4033/3526 14/3999/3481 10/3998/3480
f 2310/5298/4777 2309/875/711 2369/83/4778
f 2308/874/709 1716/876/712 1717/4021/4779
f 1715/4020/3507 1711/4015/4780 1713/4016/3508
f 2310/5298/4781 1715/4020/4774 2309/875/4776
f 1159/2807/4782 1147/2808/2963 1463/3482/2972 1462/4252/4782
f 2311/5299/4783 2313/5300/4783 1712/4013/4783
f 1712/4013/4784 2313/5300/4784 1708/4014/4784
f 2313/5300/4785 2312/5301/4786 1708/4014/4787
f 2313/5300/4785 2314/2303/4788 2312/5301/4786
f 1708/4014/4787 2312/5301/4786 1709/4012/4789
f 2312/5301/4790 2315/2302/4790 1709/4012/4790
f 2315/2302/4791 2312/5301/4791 2314/2303/4791
f 2317/2301/4792 2316/1019/4792 1704/3994/4792
f 1933/4536/4793 1590/4535/4793 1573/4521/3972 1923/4507/3971
f 1707/4003/3975 1709/4012/3974 2315/2302/4794 2317/2301/4794 1704/3994/4794
f 1704/3994/4795 2316/1019/4795 1701/1018/4795
f 2317/2301/4796 2376/4829/4262 2316/1019/4264
f 2318/1020/4797 2320/5302/4797 2319/1021/4797
f 1702/3991/4798 1701/1018/4798 2319/1021/4798
f 2319/1021/4799 2320/5302/4799 1702/3991/4799
f 1702/3991/4800 2320/5302/4800 2321/3992/4800
f 1698/3990/4801 2321/3992/4802 2322/5303/4803
f 2322/5303/4804 2324/5304/4805 2323/5305/4806
f 1698/3990/4801 2322/5303/4803 1696/5306/4807
f 2322/5303/4808 2321/3992/4808 2324/5304/4808
f 2323/5305/4809 1696/5306/4807 2322/5303/4803
f 1696/5306/4807 2323/5305/4809 2325/5307/4810
f 1696/5306/4811 2325/5307/4811 2326/5308/4811
f 2325/5307/4812 2323/5305/4806 2326/5308/4813
f 2323/5305/4806 2380/5309/4814 2326/5308/4813
f 3243/5310/2092 3190/3120/2091 3242/3119/2627 3327/5311/4815 3397/5312/1661
f 2390/5313/4816 2358/5314/4817 2355/5315/4818 2354/5316/4818 2353/5317/4818 2350/5318/4818 2347/5319/4819
f 2328/5320/4820 1690/3971/4821 1693/3972/4822
f 1690/3971/4821 2328/5320/4820 2330/5321/4823
f 2328/5320/4820 2329/5322/4824 2330/5321/4823
f 1695/3974/4825 2328/5320/4820 1693/3972/4822
f 1695/3974/4826 2327/5323/4827 2328/5320/4828
f 2330/5321/4823 1688/3970/4829 1690/3971/4821
f 1688/3970/4830 2330/5321/4823 2331/5324/4831
f 2332/5325/4832 2331/5324/4831 2330/5321/4823
f 3328/5237/4664 1496/5326/4833 1497/5327/4834 1491/5328/4835 3241/5329/4836
f 2333/5330/4837 1685/5331/4837 2334/5332/4837
f 2334/5333/4838 2331/5324/4839 2383/5334/4840
f 2335/5335/4841 1682/3163/4842 1684/3963/4843
f 2385/71/4844 2336/3162/4845 2335/5335/4841
f 1684/3963/3441 1685/3965/3440 2333/5336/4846
f 2335/5335/4847 1684/3963/4847 2333/5336/4847
f 2334/5333/4848 2335/5335/4848 2333/5336/4848
f 2336/3162/4845 1682/3163/4842 2335/5335/4841
f 1683/3958/4849 1679/3947/4849 1681/3952/4849
f 1682/3163/4850 2337/70/4850 1683/3958/4850
f 999/3395/2891 918/593/480 988/596/483 998/842/678 1002/3513/2999
f 2338/3362/4851 1674/3949/4852 1679/3947/4853
f 2340/69/4854 2338/3362/4851 1679/3947/4853
f 2137/5337/4855 2188/2249/4855 2172/2248/4855 2153/5338/4855
f 2339/3361/4856 1674/3949/4857 2338/3362/4858
f 1677/3945/4859 1674/3949/4857 2339/3361/4856
f 3036/5339/4860 3136/5340/4861 3133/5341/4862 2963/1701/1421 2964/1700/1420
f 1677/3945/4859 2339/3361/4856 2343/5342/4863
f 1770/4611/4864 1966/2278/4864 1964/2277/4070 1769/4609/4069
f 1668/3930/4865 1664/3918/4865 2271/5257/4865
f 1664/3918/4866 2345/5343/4867 2344/5260/4868
f 2346/5262/4869 2344/5260/4868 2345/5343/4867
f 2344/5260/4870 2346/5262/4870 2272/5259/4870
f 2346/5262/4871 2345/5343/4871 2347/5319/4871
f 2273/5261/4688 2346/5262/4687 2274/5263/4872
f 2274/5263/4873 2346/5262/4874 2347/5319/4875
f 2274/5263/4691 2348/5264/4876 2275/1557/4692
f 2185/4703/4154 2194/4918/4370 1947/4920/4372 1861/4701/4152
f 601/5344/4877 593/5345/4877 655/5346/4877 654/5347/4877
f 2349/5348/4878 2347/5319/4875 2350/5318/4879
f 2349/5348/4880 2351/5349/4880 2279/5350/4880
f 2349/5348/4881 2350/5318/4881 2351/5349/4881
f 2279/5350/4882 2351/5349/4882 2278/5267/4882
f 2351/5349/4883 2350/5318/4883 2278/5267/4883
f 2350/5318/4884 2280/5272/4885 2278/5267/4886
f 2280/5272/4887 2353/5317/4887 2352/5351/4887
f 2353/5317/4888 2280/5272/4885 2350/5318/4884
f 2352/5351/4889 2353/5317/4889 2284/1208/4889
f 3439/5352/4890 3386/5353/4890 3442/1573/4890 3440/4307/4890
f 2354/5316/4891 2290/2167/4725 2288/5278/4722 2285/5276/4891 2284/1208/4891 2353/5317/4891
f 3045/4461/3905 3259/5137/4582 3144/3429/2924
f 2354/5316/4892 2356/5354/4892 2290/2167/4892
f 2290/2167/4893 2356/5354/4893 2291/5355/4893
f 2355/5315/4894 2356/5354/4894 2354/5316/4894
f 1020/5158/4616 1060/5157/4615 1059/433/350 1019/5356/4895
f 2291/5355/4896 2357/5283/4897 2292/5281/4726
f 2356/5354/4898 2355/5315/4898 2291/5355/4898
f 2685/3533/4899 2821/5357/4899 2898/5358/4899 2785/1301/4899 2684/1300/4899 2590/5359/4899 2592/5360/4900 2519/299/4901
f 2294/5285/4902 2295/5284/4903 2359/5361/4904
f 2358/5314/4905 2359/5361/4905 2295/5284/4905
f 2294/5285/4902 2359/5361/4904 2297/5289/4906
f 2301/5288/4741 2296/5286/4735 2297/5289/4743
f 2361/906/747 2301/5288/4907 2358/5314/4908
f 2297/5289/4909 2358/5314/4908 2301/5288/4907
f 2359/5361/4910 2358/5314/4910 2297/5289/4910
f 2301/5288/4911 2360/905/4912 2302/5294/4750
f 2301/5288/4907 2361/906/747 2360/905/746
f 2360/905/746 2363/907/749 2362/976/4913
f 2466/5362/4914 2469/5253/4675 2488/5252/4674 2487/818/4915 2467/817/4916 2465/5363/4917
f 2362/976/4751 2302/5294/4750 2360/905/4912
f 2303/975/4918 2307/174/4760 2304/5295/4758
f 2307/174/4919 2363/907/749 2364/171/748
f 2365/172/4920 2366/5297/4920 2306/173/4920
f 4282/4347/4921 4285/5364/4922 4283/5365/4923 4281/4348/4923
f 2364/171/139 2368/81/4924 2365/172/140
f 2367/80/4925 2366/5297/4925 2368/81/4925
f 2366/5297/4926 2365/172/140 2368/81/4924
f 2366/5297/4767 2367/80/4927 2308/874/4768
f 2369/83/4778 2309/875/711 2367/80/710
f 1729/4028/4928 1728/4035/4928 1726/4032/4928 1725/4024/4928
f 2371/82/72 2370/3100/4929 2369/83/73
f 2369/83/4930 2370/3100/4930 2310/5298/4930
f 2310/5298/4931 2370/3100/4932 2311/5299/4933
f 2311/5299/4933 2370/3100/4932 2372/4604/4934
f 2313/5300/4935 2311/5299/4935 2314/2303/4935
f 2311/5299/4936 2372/4604/4063 2314/2303/4062
f 2370/3100/4937 2373/3099/4064 2372/4604/4063
f 4246/5366/4938 4249/5367/4939 4229/5368/4940 4230/5369/4938
f 2314/2303/4941 2375/4605/4941 2374/2300/4941
f 2317/2301/1935 2374/2300/1934 2376/4829/4942
f 2376/4829/4943 2374/2300/4943 2375/4605/4943
f 2376/4829/4944 2375/4605/4944 2378/4830/4944
f 2320/5302/4945 2378/4830/4945 2377/5370/4945
f 2318/1020/4946 2378/4830/4946 2320/5302/4946
f 2377/5370/4947 2321/3992/4947 2320/5302/4947
f 2321/3992/4948 2377/5370/4948 2379/5371/4948
f 619/5372/1715 552/5373/1112 489/3067/2579 554/92/76 1470/97/81
f 3940/5374/4949 3939/5375/4949 3934/5376/4949 3938/5377/4949
f 4427/5378/4950 2431/89/4951 2429/88/4951 2426/5379/4952
f 2381/5380/4953 2380/5309/4954 2324/5304/4955 2321/3992/4955 2379/5371/4955
f 2323/5305/4806 2324/5304/4805 2380/5309/4814
f 2380/5309/4954 2381/5380/4953 2382/5381/4956
f 2326/5308/4957 2380/5309/4954 2382/5381/4956
f 2405/4916/4958 2443/5382/4959 2444/4917/4960
f 2327/5323/4827 2329/5322/4961 2328/5320/4828
f 2391/5383/4962 2329/5322/4963 2382/5381/4964
f 2329/5322/4963 2391/5383/4962 2384/5384/4965
f 2332/5325/4832 2330/5321/4823 2329/5322/4824
f 2329/5322/4966 2384/5384/4966 2332/5325/4966
f 2331/5324/4839 2332/5325/4967 2383/5334/4840
f 2383/5334/4968 2384/5384/4968 2334/5333/4968
f 2332/5325/4969 2384/5384/4969 2383/5334/4969
f 2335/5335/4841 2334/5333/4970 2385/71/4844
f 2334/5333/4971 2384/5384/4971 2386/4903/4971
f 3800/5385/4972 3834/5386/4973 4018/5387/4974 2494/2304/1937
f 4233/5388/4975 4218/5389/4975 4203/5390/4975 4198/5391/4975 4194/5392/4975 4206/5393/4975 4252/5394/4976 4270/5395/4977 4297/5396/4975 4295/5397/4975 4292/5398/4975 4269/5399/4975 4251/5400/4975
f 2392/3909/4978 2386/4903/4978 2384/5384/4978
f 2387/68/4979 2386/4903/4980 2342/4902/4981
f 2340/69/4982 2387/68/4982 2342/4902/4982
f 765/2091/4983 722/2090/4983 666/1561/4983 380/990/4983 299/760/4983 212/244/4983 120/243/4983 122/5401/4984 127/5402/4985 221/5403/4983 216/5404/4983 383/1233/4983 463/1232/4983 610/1690/4983 668/1689/4983 669/1694/4983 769/5405/4983 813/5406/4983 887/2262/1898 886/2261/1897 881/2235/4983 809/2093/4983
f 1417/3407/3398 1669/3926/3400 2388/3924/4986
f 1417/3407/4987 2388/3924/4987 919/2699/4987
f 2339/3361/2857 2341/3360/2856 2343/5342/4988
f 2343/5342/4989 2388/3927/4989 1669/5407/4989
f 2343/5342/4990 2389/3908/4990 2388/3927/4990
f 403/4560/4019 254/4559/4018 28/712/570 157/711/569 160/5408/4991
f 3475/5409/4992 3480/5215/4652 3481/5214/4651 3558/5410/4993
f 677/1703/1423 737/5411/4994 738/5412/2761 551/5413/4995 549/1704/1424
f 2361/906/4996 2358/5314/4817 2390/5313/4816
f 2364/171/4997 2361/906/4997 2390/5313/4816 2347/5319/4819 2345/5343/4997 1664/3918/4997 1960/4593/4997 1959/4592/4997 2392/3909/4998 2391/5383/4999 2373/3099/4997 2368/81/4997
f 583/1622/1355 425/5414/5000 509/5415/5000 582/1623/1356
f 2384/5384/5001 2391/5383/4999 2392/3909/4998
f 1409/3389/5002 958/3388/5002 910/2440/5002 974/2442/5002
f 2805/3586/3074 2767/3086/2600 2770/3085/2599 2720/5416/5003 2718/5417/5004 2765/5418/5005
f 2232/5419/5006 1002/3513/2999 2509/3512/2998
f 1057/4796/4222 1058/5420/349 1458/5421/353 1457/4797/4223
f 1644/5422/5007 1643/3839/5007 1625/3840/5007 1634/4418/5007
f 4404/3787/5008 2399/5423/5009 4585/5424/5010
f 2401/5425/5011 2399/5423/5009 4404/3787/5008
f 2401/5425/5011 2402/5426/5012 2399/5423/5009
f 2399/5423/5013 2402/5426/5014 2400/5427/5015
f 2402/5426/5012 2401/5425/5011 4405/5428/5016
f 4405/5428/5016 4586/4914/5017 2402/5426/5012
f 2444/4917/5018 2402/5426/5018 4586/4914/5018
f 2403/5429/5019 4582/5430/5019 4407/5431/5019
f 4582/5430/5020 2403/5429/5020 2404/4915/5020
f 2405/4916/5021 4407/5431/5022 2407/5432/5023
f 4407/5431/5022 2405/4916/5021 2403/5429/5024
f 2407/5432/5023 4407/5431/5022 4409/1426/5025
f 4409/1426/5026 4587/1425/5026 2407/5432/5026
f 2407/5432/5027 4587/1425/5027 2405/4916/5027
f 2408/5433/5028 2411/5434/5029 2409/5435/5030
f 2410/5436/5031 2411/5434/5029 2408/5433/5028
f 4363/5437/5032 4372/5438/5033 4371/5439/5033 4145/5440/5034
f 2411/5434/5035 2412/5441/5036 2409/5435/5037
f 2413/5442/5038 2412/5441/5036 2411/5434/5035
f 4414/5443/5039 2417/5444/5040 2415/5445/5041
f 4414/5443/5042 2415/5445/5042 2414/5446/5042
f 2417/5444/5040 2416/5447/5043 2415/5445/5041
f 4415/5448/5044 2418/1988/5045 2417/5444/5046
f 2447/5449/5047 2417/5444/5040 2418/1988/5048
f 4420/1991/5049 2420/5450/5050 4418/1992/5051
f 4588/3310/5052 2420/5450/5050 4420/1991/5049
f 2418/1988/1652 4418/1992/1654 2420/5450/5053 2419/5451/5053 2448/5452/5053 2447/5449/5053
f 2420/5450/5054 4588/3310/5054 2419/5451/5054
f 2424/5453/5055 2422/5454/5056 4422/3309/5057
f 2422/5454/5058 2423/1167/5058 4589/5455/5058
f 1728/4035/5059 2302/5294/5059 2303/975/5059 1727/4031/5059
f 2424/5453/5060 2423/1167/5061 2422/5454/5062
f 2428/1165/5063 4424/5456/5063 2425/5457/5063
f 2427/5458/5064 2425/5457/5064 4424/5456/5064
f 2425/5457/5065 2427/5458/5066 2428/1165/5067
f 2428/1165/5067 2427/5458/5066 2426/5379/5068
f 2426/5379/5069 2429/88/5069 2428/1165/5069
f 2436/5459/5070 2434/5460/5071 2433/90/5072
f 2433/90/5072 2434/5460/5071 2435/91/5073
f 4428/5461/5074 2436/5459/5070 2433/90/5072
f 2436/5459/5070 2437/5462/5075 2434/5460/5071
f 2438/4502/5076 2434/5460/5071 2437/5462/5075
f 2436/5459/5077 4591/5463/5078 2437/5462/5079
f 2437/5462/5079 4591/5463/5078 4592/5464/5080
f 4431/5465/5081 2440/3405/5081 4593/5466/5081
f 2439/3404/5082 4593/5466/5082 2440/3405/5082
f 4372/5438/5083 4382/5467/5084 4155/5468/5085 4371/5439/5083
f 2443/5382/4959 2442/600/487 2398/5469/5086
f 2443/5382/4959 2398/5469/5086 2444/4917/4960
f 2444/4917/5087 2400/5427/5015 2402/5426/5014
f 2939/5470/5088 3005/2075/1717 3004/2078/1719 2936/5471/5088 2928/4951/5088 2937/4950/5088
f 2405/4916/5089 2404/4915/5089 2403/5429/5089
f 1669/3926/3400 1418/3408/3399 1421/3411/3415 1672/3937/3414
f 4664/1571/5090 4553/1572/5090 4534/1790/1493 4758/1789/1492
f 2412/5441/5091 2446/5472/5092 2445/5473/5093
f 4583/5474/5094 2414/5446/5095 2416/5447/5096 2446/5472/5092 2412/5441/5091
f 2450/5475/5097 2443/5382/4959 2405/4916/4958 2445/5473/5098 2446/5472/5098 2416/5447/5098 2449/5476/5099
f 2415/5445/5041 2416/5447/5043 2414/5446/5100
f 2417/5444/5040 2447/5449/5047 2416/5447/5043
f 2447/5449/5101 2449/5476/5102 2416/5447/5103
f 2660/5477/5104 2702/5478/5104 2662/5479/5105 2557/125/5106
f 2450/5475/5097 2449/5476/5099 2419/5451/5107
f 2419/5451/5107 2452/2815/2372 2450/5475/5097
f 2451/2816/2373 2452/2815/2372 2419/5451/5107
f 848/2032/5108 855/5480/5108 863/2328/5108 842/2327/5108 1008/5481/5108 2946/5482/5108 3795/3146/5109 3229/1922/5110 3180/5483/5108 3105/5484/5108 3106/5485/5108 73/5486/5108 3093/5487/5108 3087/5488/5111 3819/3145/5112 3633/3144/5113 3419/5489/5114 3534/5490/5108 3545/5491/5108 3470/5492/5108 3363/5493/5108 3292/5494/5108 3215/5495/5108 3003/5496/5108 3274/5497/5115 3153/5498/5116 2997/5499/5117 3065/5500/5118 2986/5501/5108 2686/5502/5119 137/5503/5120 131/5504/5108 123/246/193 112/248/195 208/5505/5108 207/1184/5108 289/1162/5108 435/1161/5108 431/1382/5121 640/2326/5122 197/5506/5108 77/485/5108 74/484/5108 69/454/5108 265/456/744 346/900/743 503/1333/5108 570/5507/5108 633/1802/1685 787/2020/1684 753/1929/1683
f 2454/2814/2371 2423/1167/2370 2453/1166/5123
f 2454/2814/2371 2453/1166/5123 2428/1165/5124
f 2454/2814/2371 2428/1165/5124 2432/4503/5125
f 51/143/322 172/422/324 261/127/5126 266/699/5126
f 2435/91/5127 2434/5460/5127 2438/4502/5127
f 2454/2814/2371 2432/4503/5125 2455/5508/5128
f 2437/5462/5075 4592/5464/5129 2438/4502/5076
f 4592/5464/5130 2439/3404/5131 2438/4502/5132
f 2438/4502/3954 2455/5508/5133 2432/4503/3955
f 2456/3406/2899 2440/3405/2898 4431/5465/5134
f 4436/214/5135 2457/3403/5135 2456/3406/5135
f 2459/211/5136 2460/5509/5136 2458/212/5136
f 2460/5509/5137 4435/215/5138 2461/5510/5139
f 4435/215/5138 2460/5509/5137 2459/211/5140
f 2461/5510/5141 2462/5511/5142 2460/5509/5143
f 2462/5511/5142 2486/815/5144 2460/5509/5143
f 4438/5512/5145 2462/5511/5146 2461/5510/5147
f 2463/816/5148 2486/815/5144 2462/5511/5142
f 330/1352/1110 253/4314/3804 27/33/30 161/5513/5149
f 2468/5514/5150 2469/5253/4675 2466/5362/4914
f 4595/5515/5151 4584/3337/5151 2470/5516/5151
f 4444/3336/5152 2470/5516/5152 4584/3337/5152
f 4444/3336/5153 2471/5517/5154 2470/5516/5155
f 4595/5515/5156 2471/5517/5154 2474/5518/5157
f 2471/5517/5154 4595/5515/5156 2470/5516/5155
f 2471/5517/5158 4444/3336/5159 2472/3335/5160
f 2473/4105/5161 2471/5517/5158 2472/3335/5160
f 2474/5518/5157 2471/5517/5154 2473/4105/5162
f 4446/5519/5163 2475/4103/5163 2472/3335/5163
f 2477/5520/5164 4447/4657/5165 2478/5521/5166
f 2475/4103/5167 4447/4657/5165 2477/5520/5164
f 4596/4104/5168 2475/4103/5168 2477/5520/5168
f 2483/5522/5169 2491/5251/4673 2489/5250/4672 2476/5523/5170 2490/5524/5169 2477/5520/5169 2478/5521/5169
f 2482/4656/5171 2483/5522/5171 2478/5521/5171
f 2480/5525/5172 2483/5522/5172 2482/4656/5172
f 2439/3404/5173 2457/3403/5174 4594/213/5175
f 2458/212/659 2485/819/658 2484/5526/5176
f 2460/5509/5177 2486/815/5177 2458/212/5177
f 1634/5527/5178 1612/3758/5178 1934/3757/5178 1948/5528/5178
f 2487/818/5179 2455/5508/5179 2485/819/5179
f 2488/5252/4674 2455/5508/5180 2487/818/4915
f 193/479/5181 80/5529/5181 82/5530/5181 190/5531/5181 189/474/5181
f 302/1230/5182 213/5229/5182 214/5532/5182 300/5533/5182
f 3315/5534/5183 3739/5535/5183 4359/5536/5183 4398/5537/5183 4565/5538/5183
f 336/66/64 167/686/541 166/411/308 32/410/307 256/1761/1458
f 2473/4105/3611 2490/5524/5184 2476/5523/5185
f 756/5539/5186 790/2169/5186 847/2168/5186 755/5540/5186
f 2477/5520/5187 2490/5524/5187 4596/4104/5187
f 4596/4104/3610 2490/5524/5184 2473/4105/3611
f 2480/5525/5188 2481/5541/5188 2483/5522/5188
f 2481/5541/5189 2491/5251/5189 2483/5522/5189
f 2481/5542/5190 3747/5543/5191 2491/5544/5192
f 3747/5543/5191 2492/5545/5193 2491/5544/5192
f 1830/1141/3784 1829/1144/3776 1473/536/3775 1828/4277/3774 1831/4283/3782
f 3377/5033/5194 3380/5032/5194 3434/5546/5194 3432/2626/5194
f 2224/5547/5195 2493/2563/2139 2223/2562/2138
f 3062/5548/5196 3064/5549/5197 3147/5550/5198 3067/5551/5199
f 1361/3368/5200 1368/3313/5200 1362/3261/5200 1351/3253/5200 1342/3252/5200 1341/3245/5200 1346/682/5200 1354/684/5200
f 2226/2305/1938 2494/2304/1937 2225/5552/5201
f 3022/5553/5202 2953/5554/5203 3122/5555/5204
f 2972/3428/2923 3043/3427/2922 3040/4675/4132 2971/4705/4157 2893/5556/5205
f 2240/5557/5206 2257/5558/5206 2503/5559/5206
f 2503/3174/5207 2241/3173/5207 2240/5560/5207
f 2503/3174/5208 2257/5561/5208 2504/3171/5208
f 90/5562/5209 4321/5563/5210 4309/5564/5210 4641/5060/5211
f 2219/5565/5212 2246/1132/5212 2504/5566/5212
f 2221/1131/5213 2504/5566/5213 2246/1132/5213
f 2241/5245/5214 2505/5567/5215 2262/5568/5216
f 1038/5569/5217 1037/5570/5217 1028/5571/5217 1029/5572/5217 2232/5573/5217 2509/5574/5217 2510/5575/5217 2511/3865/5217 1030/3864/5217 2231/5246/5217 2262/5568/5217 2505/5567/5215 2221/3400/5218 2251/3399/5217 2248/3398/4639 2250/5198/4638 2255/5576/5217 2256/5577/5217 2260/5578/5217 1026/5579/5217 1027/5580/5217 1021/5581/5217 1024/5582/5217 1025/5583/5217 2226/5584/5217 2225/5585/5217 2224/5586/5217 2223/5587/5217 2222/5588/5217 2218/5589/5217 1020/5590/5217 1019/5591/5217 1012/5592/5217 1023/5593/5217 2261/5594/5217 2258/5595/5217 2253/5596/5217 2244/5597/5217 2243/5598/5217 2269/5599/5217 2265/5600/5217 2264/5601/5217
f 2229/5602/5219 2506/5603/5220 2228/1154/5221
f 121/5604/5222 136/273/5222 122/5401/5222 120/243/5222
f 2506/5603/5220 2507/1149/5223 2228/1154/5221
f 423/4859/5224 4321/5563/5224 90/5562/5224
f 2234/1150/5225 2507/1149/5225 2508/5605/5225
f 3718/5606/5226 3087/5607/5226 3600/3740/5226 3717/5608/5226
f 2236/4566/5227 2234/1150/5227 2508/5605/5227
f 2508/5609/5228 2267/1130/5228 2236/1129/5228
f 4437/5610/5229 4438/5512/5230 4435/215/5231 4432/5611/5231
f 2513/5612/5232 2514/3867/5233 2512/3866/5234
f 2820/5613/5235 2833/5614/5236 2841/5615/5236 2827/5616/5236 2818/5617/5237
f 2505/5567/5215 2241/5245/5214 2221/3400/5218
f 2515/3172/5238 2221/5618/5238 2241/3173/5238
f 2504/3171/5239 2221/5618/5239 2515/3172/5239
f 2230/1636/5240 2231/1818/5240 2516/1633/5240
f 88/3412/5241 2748/5619/5241 85/5134/5241 282/3413/5241
f 4546/4070/3581 4670/4069/3580 4665/5620/5242 4547/2130/5242 4548/2133/5242
f 3290/3763/5243 3289/5621/5243 3288/5622/5243 3291/3764/5243
f 2510/5623/5244 2509/3512/2998 1087/845/681
f 906/5624/5245 907/5625/5245 905/2866/5245 902/2865/5245
f 2774/1786/5246 2888/1785/5247 2886/5626/5247 2810/5627/5247 2771/5628/5248
f 1720/4000/3485 1721/4023/3517 1714/4019/5249 1710/4004/3493
f 2521/301/5250 2592/5629/5251 2518/5630/5252
f 143/300/5253 2592/5629/5251 2521/301/5250
f 143/5631/5254 2519/299/4901 2592/5360/4900
f 2205/5133/4574 2152/4822/4251 2164/5015/4469 2187/5097/5255 2195/5131/4572
f 140/279/5256 2522/5632/5256 139/277/5256
f 132/3602/5257 2522/5633/5257 140/5634/5257
f 136/3603/5258 132/3602/5258 140/5634/5258
f 2525/336/258 2522/5635/5259 132/5636/5260
f 134/302/5261 2521/301/5262 2523/236/5263
f 2526/5637/5264 2525/336/258 132/5636/5260
f 3589/5638/5265 3590/5639/5266 3637/5640/5267 3587/5641/5268
f 134/302/5261 2523/236/5263 128/264/5269
f 2525/336/258 2602/359/268 2522/5635/5259
f 116/230/5270 2525/336/258 2526/5637/5264
f 116/230/180 2526/5637/5271 119/231/181
f 119/256/207 2526/3604/5272 121/257/208
f 816/1776/1888 815/2245/1890 810/2105/1744 814/155/1745
f 2524/5642/5273 2527/5643/5274 2529/5644/5275
f 1949/4321/5276 1950/4579/5276 1938/2085/1723 1939/2084/1722
f 4628/5645/5277 4624/5646/5277 4692/5647/5277 4690/5648/5278 4463/4376/5279 4469/5649/5277 4627/5650/5277
f 2530/5651/5280 2532/5652/5281 2533/5186/5282
f 2534/5187/5283 2533/5186/5282 2532/5652/5281
f 3735/2022/1687 3656/5653/5284 3659/5654/5284 3736/2023/1688
f 2530/5651/5285 2533/5186/4632 2531/5655/5286
f 4128/5656/5287 4328/2868/5287 3929/2867/5287 3930/5657/5287
f 2534/5187/5288 2535/4673/5288 2537/4672/5288
f 2533/5186/4632 2536/5185/4631 2531/5655/5286
f 2537/228/5289 2531/227/5289 2536/5658/5289
f 2647/357/5290 2643/5659/5290 2624/358/5290
f 2539/356/5291 2538/5660/5291 2647/357/5291
f 551/5413/4995 402/5661/5292 400/1070/859 549/1704/1424
f 2538/5662/5293 2539/4017/5293 2540/4018/5293
f 2541/5205/5294 2542/1351/5294 2543/5663/5294
f 2541/5205/5295 2543/5663/5295 2535/5206/5295
f 2543/5663/5296 2542/1351/5296 2544/5664/5296
f 2544/4670/5297 2535/4673/5297 2543/5665/5297
f 1541/3601/5298 1537/3591/5298 1536/3589/5298 1539/3599/5298
f 2227/2470/4627 1007/2474/5299 995/2525/5299 997/5051/5299 991/2489/5299 992/2488/5299 989/3863/5299 2216/3862/4606 3899/5151/4605 2242/5666/5299 3795/5667/5299 2946/5177/4625
f 2650/5668/5300 2547/5669/5301 2548/5670/5302
f 2542/1351/5303 111/1350/5303 110/5671/5303
f 110/5671/5304 2544/5664/5304 2542/1351/5304
f 1413/844/680 2511/3187/2689 2510/5623/5244 1087/845/681
f 2548/5670/5302 2549/199/5305 2650/5668/5300
f 102/198/5306 2549/199/5305 2548/5670/5302
f 2259/4839/4280 2256/4838/4279 2255/5218/4655 2254/2153/1796 3027/5672/5307
f 103/184/5308 95/186/5309 2550/197/5310
f 4200/5673/5311 4173/5674/5312 4190/4301/5312 4207/4928/5313
f 2929/5675/5314 2926/5676/5314 2918/2072/5314 2920/2071/5314
f 2656/1958/1632 2657/1957/1631 59/158/5315
f 2657/1957/5316 2553/5677/5316 59/158/5316
f 2553/5677/5317 2554/146/129 59/158/128
f 2556/5678/5318 2555/152/121 2559/151/120
f 2558/147/5319 2554/146/5319 2557/125/5319
f 2558/147/5320 2557/125/5320 57/126/5320
f 3384/5679/5321 3439/5352/5321 3438/5680/5321 3383/5681/5321
f 4482/5682/5322 4304/5683/5322 4480/5684/5322 4475/5685/5322 4214/5686/5322 4204/5687/5322 4177/5688/5322 4178/5689/5323 4470/5690/5324 4508/5691/5325 4522/5692/5322 4528/5693/5322 4535/5694/5322 4534/5695/5326 4322/5696/5327 4527/5697/5322 4326/5698/5322 4496/5699/5322 4492/5700/5322 4491/5701/5322 4485/5702/5328 4277/5703/5329
f 52/144/5330 2561/123/5330 2560/122/5330
f 2662/5479/5105 48/117/5331 2557/125/5106
f 47/121/317 45/419/316 2562/5704/5332
f 2343/5342/5333 1669/5407/5333 1672/5705/5333 1673/3944/3421 1677/3945/3420
f 3487/5706/5334 3488/5707/5334 3485/5708/5334 3484/5709/5334
f 15/42/5335 154/836/5336 152/5710/5337 14/5711/5335 2579/1464/1220 2577/43/1224
f 157/382/5338 2677/5712/5338 25/54/5338
f 2570/55/52 25/54/51 2677/5712/5339
f 2570/55/56 2721/5713/5340 2571/47/54
f 24/51/5341 2574/50/5342 2573/53/5343
f 23/52/5344 2572/5714/5344 22/381/5344
f 23/52/48 2573/53/50 2572/5714/5345
f 2676/4468/5346 2576/44/42 2571/47/41
f 18/41/35 2577/43/37 2678/5715/5347
f 2678/5716/5348 2574/50/5349 18/49/5350
f 3799/5717/5351 2666/5718/5351 43/5719/5351
f 1534/3588/5352 1535/3590/5352 1532/3649/5352 1531/3648/5352
f 3400/2687/2240 3335/5720/5353 3253/5721/5354 3341/5722/5355 3406/2688/2241
f 4000/5723/5356 4158/5724/5356 4388/5725/5356 3998/5726/5356 3999/5727/5356
f 3534/5728/5357 3419/5729/5357 3465/5730/5357 3533/3437/5357
f 4164/5731/5358 4009/5732/5359 4008/5733/5360 3827/5734/5360
f 402/5661/5292 551/5413/4995 616/5735/5361 486/1778/1481 403/4560/4019
f 4/2110/565 7/112/96 2587/111/95
f 4705/5736/5362 4639/5737/5362 4784/5738/5362 4811/5739/5362
f 2588/1905/1750 4/2110/565 2587/111/95
f 2585/5740/5363 2589/1904/5364 2683/1909/5365
f 3142/5741/5366 3042/5742/5367 2970/5743/5368 2968/5744/5369
f 2520/5745/5370 137/5503/5120 2686/5502/5119
f 1013/5746/5371 1014/5747/5371 1017/5748/5371 1015/5749/5371 2263/5750/5371 2266/5751/5371 2268/5752/5371 2249/5753/5371 2247/5199/4640 2248/3398/4639 1039/3397/5371 2514/3867/5233 2513/5612/5232 2238/5754/5371 2239/5755/5371 2235/5756/5371
f 2595/1981/5372 2522/5632/5372 2596/1982/5372
f 2522/5635/5373 2602/359/5373 2596/5757/5373
f 3454/5758/5374 3510/5759/5375 3579/1278/1055 3449/1277/1054 3247/5760/5376
f 2597/1282/1059 2596/1281/1058 2602/5761/5377
f 2598/1983/5378 2599/5762/5378 2600/1980/5378
f 1272/1797/5379 1486/1800/5379 1484/5763/5379 1271/3077/5379
f 2604/1024/5380 2608/5764/5381 2598/1280/5382
f 2608/5764/5381 2599/5765/5383 2598/1280/5382
f 2612/5766/5384 2599/5767/5384 2608/5768/5384
f 2605/5769/5385 2614/437/5385 2609/5770/5385
f 163/1762/1459 32/410/307 33/412/309 2566/5771/5386 30/5772/3613
f 2624/5773/5387 2597/1282/1059 2602/5761/5377
f 2604/5774/5388 2607/5775/5388 2612/5766/5388
f 2608/5768/5389 2604/5774/5389 2612/5766/5389
f 2616/2854/5390 2609/5770/5390 2614/437/5390
f 2611/5776/5391 2612/5766/5391 2607/5775/5391
f 2744/1908/5392 2740/4313/3803 2681/5777/2188 2683/1909/5393
f 3518/5778/5394 3626/1812/5394 3625/1815/5394 3517/5779/5394
f 2622/5780/5395 2610/5781/5395 2621/5782/5395
f 2613/5783/5396 2615/5784/5396 2611/5776/5396
f 2615/5784/5397 2610/5785/5398 2622/5786/5399
f 2615/5787/5400 2613/5788/5400 2610/1025/5400
f 2613/5788/5401 2611/1022/5401 2610/1025/5401
f 2189/313/5402 2188/312/5403 2137/5789/5404
f 2610/5790/5405 2618/5791/5405 2621/5792/5405
f 3452/2034/1697 3404/2689/2242 3401/5793/5406 3246/5794/5407 3334/2035/1698
f 2621/5795/5408 2620/5796/5408 2619/5797/5408
f 2622/5786/5409 2621/5795/5409 2619/5797/5409
f 2623/3199/5410 2635/3198/5410 2617/5008/5410 2609/5007/5410 2616/5798/5410
f 2606/3528/5411 2524/5799/5411 2518/3529/5411
f 3661/5800/5412 690/4085/5412 500/4087/5412 4006/5801/5412
f 2625/5802/5413 2618/5803/5414 2626/5804/5415
f 2625/5802/5416 2620/5796/5416 2618/5803/5416
f 2620/5805/5417 2621/5806/5417 2618/5807/5417
f 3335/5720/5353 3454/5758/5374 3247/5760/5376 3336/5808/5418 3253/5721/5354
f 2628/5809/5419 2626/5810/5420 2627/1286/5421
f 2626/5810/5420 2618/1287/5422 2627/1286/5421
f 1528/5811/5423 1511/4479/3927 1913/4478/3926 1912/5812/5424
f 2129/2551/4259 2130/4970/5425 2061/4807/5425 2069/5813/5425 2070/4827/4260
f 3565/5204/5426 3562/5203/5426 3493/5814/5427 3564/5815/5428
f 2630/5816/5429 2628/5817/5429 2627/5818/5429
f 2630/5816/5430 2627/5818/5431 2631/5819/5432
f 2631/5820/5433 2627/1286/5434 2634/1285/5435
f 2631/5820/5433 2634/1285/5435 2633/5821/5436
f 3454/5758/5374 3453/5822/5437 3512/5823/5438 3510/5759/5375
f 2632/2852/5439 2629/2851/5439 2640/5824/5439
f 254/4559/4018 162/4106/3612 29/708/566 28/712/570
f 2597/1282/1059 2624/5773/5387 2639/1283/1060
f 2632/2852/5440 2640/5824/5441 2638/5825/5442
f 2527/2588/5443 2524/5799/5443 2606/3528/5443
f 2633/5821/5436 2634/1285/5435 2641/1284/5444
f 691/1295/5445 63/5826/5445 3739/5535/5445 3315/5534/5445 1771/1292/5445
f 2640/5824/5441 2528/5827/5446 2638/5825/5442
f 4277/5828/5447 4276/5829/5448 4275/5830/5449 4279/5831/5450
f 2639/1283/5451 2624/5773/5452 2643/5832/5453
f 2770/1094/877 2768/1093/876 2722/5833/5454 2721/5713/5455
f 2644/5834/5456 2637/2535/5457 2641/2534/5458
f 2645/5835/5459 2644/4146/5460 2641/1284/5461
f 2532/5208/5462 2530/5836/5462 2642/5837/5462
f 4363/5838/5032 4145/5839/5034 4142/4772/5463 4352/5840/5463
f 2647/5841/5464 2540/4018/5465 2649/5842/5466
f 2647/5841/5464 2538/5662/5467 2540/4018/5465
f 2644/5834/5456 2648/5843/5468 2637/2535/5457
f 2649/5842/5469 2644/4146/5460 2645/5835/5459
f 2540/5844/5470 2644/3023/5470 2649/5845/5470
f 2642/5837/5471 2541/5205/5471 2532/5208/5471
f 2642/5837/5472 2542/1351/5472 2541/5205/5472
f 2650/5668/5473 2637/2535/5457 2648/5843/5468
f 2650/5668/5474 2648/5843/5474 2547/5669/5474
f 553/5085/4523 488/67/65 333/1763/1460 487/5846/1482 618/5086/1428
f 4083/5847/5475 4085/5848/5475 4114/5849/5475 4103/5850/5475
f 2655/5851/5476 62/5852/5477 64/4096/5478
f 2553/5677/5479 2657/1957/5480 2658/5853/5481
f 2659/5854/5482 2556/5678/5482 2701/5855/5482
f 2659/5854/5483 2694/5856/5484 2555/152/5485
f 2659/5854/5486 2555/152/5486 2556/5678/5486
f 2658/5853/5487 2704/5857/5488 2660/5477/5489
f 2553/5677/5490 2658/5853/5490 2554/146/5490
f 3695/5858/5491 3696/2359/5492 3691/2358/5492 3624/5859/5493
f 2661/5860/5494 2701/5855/5494 2663/5861/5494
f 2831/5862/5495 2687/440/5496 2829/5863/5497 2828/5864/5498
f 2559/151/120 2701/5855/5499 2556/5678/5318
f 2562/5704/5500 2664/5865/5501 2663/5861/5502
f 45/419/316 2664/5865/5503 2562/5704/5332
f 2664/5865/5503 45/419/316 2708/5866/5504
f 3194/5867/5505 3332/5868/5506 3334/2035/1698 3246/5794/5407 3333/5869/5507 3132/5870/5508
f 1084/416/313 986/2919/2452 915/2308/1941 1080/417/314
f 2969/5871/5509 2891/5872/5510 2815/5873/5511 2971/5874/4157 3041/5875/4156
f 361/5876/5512 356/5877/5512 362/5878/5512 360/5879/5512
f 1455/5880/5513 1456/374/279 1457/4797/4223 1458/5421/353 3447/5881/1662
f 2721/5713/5514 2677/5712/5515 2720/5882/5516
f 2570/55/5517 2677/5712/5515 2721/5713/5514
f 2571/47/41 2721/5713/5518 2676/4468/5346
f 2724/5883/5519 2572/5714/5520 2573/53/5343
f 2724/5883/5519 2573/53/5343 2574/50/5342
f 2676/4468/3912 2726/4467/3911 2576/44/38
f 2576/5884/38 2726/3031/3911 2575/373/39
f 2728/1468/5521 2678/5715/5347 2577/43/37
f 2892/5885/5522 3042/5886/5367 2973/5887/5523 2816/4221/5524
f 4188/176/5525 4616/179/5525 4463/4376/5525 4620/5888/5525
f 3575/5889/555 1496/5326/4833 3328/5237/4664 3448/5236/556
f 2016/4694/5526 1882/4695/5526 1876/4845/5526 2078/4846/5526
f 2735/1302/1067 2681/2624/2188 2740/5890/3803
f 2738/1986/5527 2741/1985/5528 2584/5891/5529
f 2584/5891/5529 2741/1985/5528 2586/110/94
f 1697/3989/5530 1698/3990/5530 1696/5306/5531 1695/3974/3458 1694/3973/3457
f 4150/3515/5532 4144/3514/5533 3972/5892/5533 3986/5893/5534
f 1640/3814/5535 1656/3886/5535 1657/5894/5535 1630/2723/5535
f 2615/5784/5536 2612/5766/5536 2611/5776/5536
f 2631/5819/5432 2633/2533/5537 2636/2536/5537 2615/5784/5397 2622/5786/5399 2619/5797/5537 2620/5796/5537 2625/5802/5413 2626/5804/5415 2628/5817/5537 2630/5816/5430
f 3186/5895/5538 3236/5896/5538 3184/5897/5539 3123/1432/5540
f 4396/5898/5541 4395/5899/5542 4369/5900/5542 4362/5901/5543
f 2695/1956/5544 2696/3618/5544 2657/1957/5544
f 2657/5902/5545 2696/5903/5545 2697/5904/5545
f 2658/5853/5481 2657/1957/5480 2697/5905/5546
f 1282/2044/5547 1317/2043/5547 1325/5906/5547 1284/3104/5547
f 2699/5907/5548 2698/5908/5548 2659/5854/5548
f 2659/5854/5549 2700/5909/5550 2699/5907/5551
f 2659/5854/5552 2701/5855/5552 2700/5909/5552
f 2696/3618/5553 2702/5478/5553 2703/5910/5553
f 2697/5905/5554 2696/3618/5555 2703/5910/5556
f 2658/5853/5487 2697/5905/5557 2704/5857/5488
f 2704/5857/5558 2703/5910/5556 2702/5478/5559
f 2697/5905/5554 2703/5910/5556 2704/5857/5558
f 2699/5907/5560 2705/5911/5560 2707/5912/5560
f 2700/5909/5550 2705/5911/5561 2699/5907/5551
f 2661/5860/5562 2705/5911/5561 2700/5909/5550
f 2757/5913/5563 2707/5912/5563 2661/5860/5563
f 2661/5860/5564 2707/5912/5564 2705/5911/5564
f 2701/5855/5565 2661/5860/5565 2700/5909/5565
f 2702/5478/5566 2706/118/5567 48/117/5568
f 2662/5479/5569 2702/5478/5566 48/117/5568
f 2704/5857/5570 2702/5478/5570 2660/5477/5570
f 2757/5913/5571 2664/5865/5501 2708/5866/5572
f 2663/5861/5573 2757/5913/5573 2661/5860/5573
f 2664/5865/5501 2757/5913/5571 2663/5861/5502
f 764/5914/5574 802/2101/5574 724/1882/1558 725/1883/1560
f 487/1779/1482 486/1778/1481 616/5735/5361 618/5915/1428
f 1482/4329/5575 1853/4331/5575 1858/4324/3809 1480/4325/3811
f 1842/2135/5576 1846/4660/4119 1986/4662/4121 1985/2136/5576
f 2722/5833/5577 2676/4468/5346 2721/5713/5518
f 2572/5714/5578 2724/5883/5578 2723/5916/5578
f 2574/50/5579 2725/5917/5579 2724/5883/5579
f 4570/2124/5580 4568/2123/5581 4567/5918/5581 4569/5919/5582 4571/5920/5583
f 2725/5917/5584 2678/5716/5347 2727/1787/1489
f 2727/5921/1489 2678/5715/5347 2728/1468/5521
f 2574/50/5349 2678/5716/5348 2725/5917/5585
f 1411/3189/2691 1083/413/310 1080/417/314 1086/1513/1271
f 4235/5922/5586 4253/5923/5587 4252/5924/5587 4234/1629/5587 4236/1632/5588
f 3618/1743/1446 3578/1742/1445 3450/3240/2749 3576/3243/1659 3616/5925/1658
f 2501/3025/5589 3395/2267/5589 3323/2266/5589 3326/5926/5589
f 1664/3918/5590 2344/5260/4684 2270/5258/4682 2271/5257/5590
f 2740/5890/3803 2737/1303/1068 2735/1302/1067
f 2686/5502/5591 2786/5927/5591 2520/5745/5591
f 4775/5928/5592 4797/3256/5592 4804/2884/5592 4808/2883/5592
f 2823/1028/5593 2600/5929/5594 2599/5767/5595
f 2745/1029/5596 2823/1028/5593 2599/5767/5595
f 2614/437/2400 2687/440/5597 2791/5930/5597 2847/5931/5597 2629/2851/2398
f 2615/5784/5598 2636/2536/5598 2746/1911/5598 2790/1026/5598 2612/5766/5598
f 4782/3777/5599 4614/5932/5600 4454/5933/5601 4459/5934/5601 4474/4937/5601 4478/4936/5602 4634/5935/5603
f 90/1423/1188 2747/1495/5604 89/1420/1186
f 2748/5619/5605 88/3412/5605 4129/5936/5605
f 2751/1955/5606 2750/3616/5606 2695/1956/5606
f 2753/3617/5607 2750/3616/5607 2751/1955/5607
f 2698/5908/5608 2699/5907/5608 2752/5937/5608
f 2752/5937/5609 2754/5938/5609 2698/5908/5609
f 2696/3618/5610 2753/3617/5611 2702/5478/5612
f 2756/5939/5613 2702/5478/5612 2753/3617/5611
f 1021/2310/1943 1027/5940/2194 1066/5941/5614 3574/2311/1944
f 2699/5907/5615 2707/5912/5615 2754/5938/5615
f 2699/5907/5616 2754/5938/5616 2752/5937/5616
f 2706/118/5567 2702/5478/5566 2756/5939/5617
f 2757/5913/5571 2708/5866/5572 2755/5942/5618
f 2755/5942/5618 2708/5866/5572 2801/5943/5619
f 40/5944/5620 1088/3900/5621 2667/3899/5622
f 2916/5945/5623 2919/2074/5623 2917/2073/5623 2915/5946/5623
f 3515/2686/2239 3580/5947/5624 3677/5948/5625 3621/5949/5626
f 2764/5950/5627 2765/5418/5005 2718/5417/5004
f 747/5951/5628 928/233/5629 785/2013/5630 566/1474/5630 498/1318/5630 344/1112/5630 175/149/5630 2555/152/5485 2694/5856/5484
f 2961/1253/1028 2881/386/291 2766/390/295 2806/361/270
f 2721/5713/5455 2720/5882/5631 2770/1094/877
f 2723/5916/5632 2724/5883/5633 2771/5628/5634
f 2771/5628/5635 2724/5883/5635 2725/5917/5635
f 4609/5952/5636 3573/5953/5636 2667/5954/5636 41/1148/5636 2668/1147/5636
f 3773/5955/5637 3704/5956/5638 3779/5957/5639 3809/5958/5637 3768/5959/5637
f 2727/5921/5640 2728/1468/5640 2777/1467/5640
f 2725/5917/5584 2727/1787/1489 2774/1786/1488
f 2771/5628/5248 2725/5917/5641 2774/1786/5246
f 2729/5960/5642 2730/5961/5643 2776/5962/5644
f 4012/5963/5645 4166/5964/5646 4168/2318/5647 4013/5965/5648 3668/2598/5649
f 4377/3857/5650 4150/3515/5532 3986/5893/5534 3987/3858/5650
f 2170/1403/5651 2201/5143/5651 1641/5966/5651 1943/5967/5651
f 2733/242/189 2779/241/188 2736/735/590
f 2780/5968/5652 2737/1303/1068 2781/5969/3802
f 508/1336/5653 577/1496/5654 575/3227/5654 507/5970/5655
f 3312/1523/5656 3382/1522/5657 3310/5971/5657 3231/5972/5658
f 2310/5298/5659 2311/5299/5659 1712/4013/5659 1711/4015/5659 1715/4020/5659
f 2743/1907/1581 2682/1906/1580 2742/4220/3720
f 238/618/5660 820/2292/5660 389/2138/5660 233/86/5660
f 2781/4311/3802 2744/1908/3801 2783/4310/5661
f 3851/5973/5662 3859/5974/5662 3860/5975/5662 3850/5976/5662
f 2594/5280/5663 2787/2905/5664 2593/5066/5665
f 2594/5280/5663 2788/5977/5666 2787/2905/5664
f 2179/671/5667 2208/670/5667 2205/5133/5667 2210/5132/5667
f 2408/5433/5668 4587/1425/5669 2406/1424/5669 4410/5978/5670
f 2793/3541/3020 2753/3617/5671 2751/1955/3021
f 1636/3811/3299 1632/3846/5672 1617/3770/5672 1616/3769/3259
f 594/3800/5673 517/5979/5673 518/4906/5673 595/3801/5673
f 4705/2389/5674 4811/5087/5674 4806/5090/5675 4716/5980/5676
f 2798/4642/4107 2698/5908/5677 2797/5981/5678
f 2800/3719/5679 2793/3541/5680 2795/3716/5681
f 2795/3716/5681 2793/3541/5680 2794/3540/5682
f 2698/5908/5677 2754/5938/5683 2797/5981/5678
f 2799/5982/5684 2797/5981/5685 2754/5938/5686
f 2754/5938/5686 2801/5943/5687 2799/5982/5684
f 2802/5983/5688 2799/5982/5684 2801/5943/5687
f 2800/3719/5689 2706/118/5567 2756/5939/5617
f 2875/5984/5690 2706/118/5691 2800/3719/5692
f 2754/5938/5693 2755/5942/5694 2801/5943/5695
f 2801/5943/5696 2708/5866/5697 2876/1429/5698
f 2665/5985/99 2706/5986/98 2875/5987/5699
f 532/521/5700 531/524/5700 464/1231/1011 465/1235/1017
f 4397/1375/1128 4368/281/1127 4395/5899/5701 4383/5988/5702
f 2763/5989/5703 2805/3586/3074 2765/5418/5005
f 1972/3714/4084 1969/4615/4076 1968/2691/4075 1970/2690/4085
f 555/1461/5704 44/1463/5704 3670/5990/5704 3747/5991/5705 3509/3024/5706 3126/1430/5704 2708/5866/5704 45/419/5704 169/421/5704 492/884/5704 780/1915/5704 919/2699/5704 1414/3912/5704 259/1462/5704
f 2808/5992/5707 2723/5916/5707 2809/5993/5707
f 2809/5993/5708 2723/5916/5632 2771/5628/5634
f 1053/2607/2182 1062/2618/2181 1048/5994/5709 1052/2596/5709
f 1965/2272/5710 1754/4054/3557 1724/4026/3516 1720/4000/3485 1689/3966/3442 1675/3943/3444 1765/2273/5710
f 2759/829/668 2671/828/667 2714/1071/860 2761/1074/863
f 12/40/34 2582/406/304 13/409/306 16/38/32
f 2031/4746/5711 2044/3820/3306 2029/3823/3308 2030/5995/5711 1979/5996/5711
f 2817/4219/5712 2894/5997/5713 2783/4310/5661
f 2815/5998/5511 2781/4311/3802 2783/4310/5661
f 2894/5997/5713 2815/5998/5511 2783/4310/5661
f 2784/439/5714 2684/5999/5715 2825/6000/5716
f 2825/6001/5717 2684/6002/5717 2818/5617/5717
f 2788/5977/5666 2822/2906/5718 2787/2905/5664
f 2826/6003/5719 2784/439/5714 2825/6000/5716
f 2494/2304/1937 4018/5387/4974 2224/5547/5195 2225/5552/5201
f 2818/5617/5237 2819/6004/5720 2820/5613/5235
f 2687/440/5721 2784/439/5714 2826/6003/5719
f 2173/6005/5722 2153/5338/5722 2172/2248/5722 2198/2247/5722
f 2687/440/5496 2827/6006/5723 2829/5863/5497
f 2826/6003/5724 2827/6006/5724 2687/440/5724
f 2828/6007/5725 2827/6008/5726 2832/6009/5727
f 2827/6008/5728 2828/6007/5728 2829/6010/5728
f 1335/2058/1711 1295/3202/2702 1294/6011/5729 1280/3018/5729 1245/3019/5729 1231/2952/5729 1211/2951/5729 1190/4990/5729 1193/2888/5729 1198/2895/5729 1197/6012/5729 1213/2960/5729 1222/2046/1708 1258/2045/1707 1255/6013/5729 1232/3038/2560 1248/3034/2556 1246/3033/2555 1320/2059/1712
f 2835/6014/5730 2831/5862/5495 2832/6015/5731
f 2831/5862/5732 2828/5864/5732 2832/6015/5732
f 2832/6009/5727 2827/6008/5726 2838/6016/5733
f 2838/6017/5734 2827/6018/5734 2841/6019/5734
f 1751/5266/5735 2276/1558/5736 2348/5264/5737 2274/5263/4873 2347/5319/4875 2349/5348/4878 2279/5350/5737 2278/5267/5737
f 3878/6020/5738 3900/6021/5738 3877/6022/5738 3873/6023/5738 3869/6024/5738 3870/6025/5738 3863/6026/5739 3851/5973/5740 3848/6027/5738
f 4563/6028/5741 4564/6029/5742 4346/1867/5742 4344/1870/5743
f 2834/6030/5744 2835/6031/5745 2838/6016/5746
f 2835/6031/5745 2832/6009/5747 2838/6016/5746
f 2836/6032/5748 2834/6033/5748 2838/6034/5748
f 2837/6035/5749 2836/6032/5750 2838/6034/5751
f 3702/4739/5752 3704/6036/5753 3777/6037/5754 3700/6038/5752
f 3330/2477/2075 3399/703/557 3244/2127/1765 3245/1251/1026 3193/6039/5755
f 2841/6040/5756 2839/6041/5756 2837/6042/5756
f 2837/6042/5757 2838/6043/5757 2841/6040/5757
f 1042/974/793 1304/3166/2672 1040/3167/2674 1031/971/790
f 3575/6044/555 3577/6045/554 3617/6046/1056 3615/6047/5758
f 2842/6048/5759 2840/6049/5760 2841/6050/5761
f 2841/6050/5762 2840/6049/5762 2839/6051/5762
f 2842/6052/5763 2841/6053/5763 2845/6054/5763
f 2716/6055/5764 2672/6056/5765 33/412/309 2712/108/92 2713/107/91
f 2847/5931/5766 2842/6048/5766 2845/6057/5766
f 2841/6058/5767 2833/6059/5767 2845/6060/5767
f 2746/1911/1586 2848/6061/5768 2843/1910/1584
f 2847/5931/5769 2845/6057/5770 2846/6062/5771
f 2846/6062/5771 2845/6057/5770 2851/6063/5772
f 2852/6064/5773 2850/6065/5774 2746/6066/5775
f 2850/6067/5776 2848/6061/5776 2746/1911/5776
f 2833/5614/5777 2851/6068/5777 2845/6069/5777
f 2746/1911/5775 2792/6070/5778 2852/6071/5773
f 2846/6062/5771 2851/6063/5772 2854/1831/5779
f 2855/6072/5780 2854/6073/5781 2851/6068/5782
f 2851/6068/5783 2849/6074/5784 2855/6072/5785
f 2849/6074/5784 2856/6075/5786 2855/6072/5785
f 2849/6074/5787 2851/6068/5787 2833/5614/5787
f 2857/1830/5788 2846/6062/5789 2854/1831/5790
f 2921/6076/5791 2854/6073/5781 2855/6072/5780
f 2930/6077/5792 2792/6070/5793 2860/6078/5794
f 2861/6079/5795 2857/1830/5795 2858/6080/5795
f 4633/6081/5796 4698/6082/5796 4699/6083/5797 4701/2886/2423 4700/6084/5798 4715/6085/5796 4714/6086/5796
f 2941/5189/4634 2865/4336/3823 2859/5067/4510
f 3643/6087/5799 3557/6088/5799 3482/6089/5799 3374/6090/5799 3168/1086/872 92/1085/871 3088/1084/870 3085/2230/5800 2944/2233/5799 2863/6091/5799 2862/823/5799 2860/6078/5794 2792/6070/5793 2746/1911/5799 2636/2536/5799 2637/2535/5799 2650/5668/5799 2549/199/5799 2550/197/5310 95/186/5309 93/529/5799 200/739/593 91/738/592 642/1511/5799 703/1819/5799 793/1938/5799 870/2347/5799 1034/2553/5799 1044/2584/5799 1352/3201/5799 2015/729/587 933/1807/2807 3596/1811/5799 3914/6092/5799 3714/6093/5799
f 84/495/5801 78/494/5802 2866/6094/5803
f 84/6095/5801 2866/6096/5803 3098/6097/5804
f 2868/3539/5805 2795/3716/3197 2794/3540/5806
f 2869/6098/5807 2868/3539/5807 2796/1954/5807
f 2797/5981/5808 2799/5982/5809 2870/4643/5810
f 2870/4643/4108 2798/4642/4107 2797/5981/5678
f 4694/6099/5811 4689/6100/5811 4688/6101/5811 4617/6102/5811 4180/6103/5811 4456/6104/5811 4467/6105/5811 4477/6106/5811 4487/6107/5811 4471/6108/5811 4695/6109/5811
f 2795/3716/3197 2868/3539/5805 2872/3717/3198
f 2868/3539/5812 2873/3718/5812 2872/3717/5812
f 2799/5982/5809 2802/5983/5813 2870/4643/5810
f 2874/4640/5814 2870/4643/5810 2802/5983/5813
f 2875/5984/5690 2800/3719/5692 2873/3718/5815
f 2874/4640/5816 2802/5983/5816 2801/5943/5816
f 2876/1429/5698 2874/4640/5817 2801/5943/5696
f 2667/3899/5622 3573/6110/5818 40/5944/5620
f 3664/4126/5819 3662/4125/5819 2495/6111/5819 2496/6112/5819
f 736/2829/866 734/1396/865 674/1395/1146 547/6113/5820 673/6114/5821 550/2512/2102
f 4310/6115/5822 4116/674/5822 3892/395/5822 3890/398/5822
f 3314/6116/5823 3385/1521/5823 3313/1520/5824 3234/6117/5825
f 2145/3501/2989 2158/6118/5826 2094/3502/2990
f 3232/1524/1280 3177/6119/5827 3178/2613/5827 3227/1525/1281
f 2883/1091/5828 2770/1094/5828 2807/6120/5828
f 747/5951/5628 1424/3409/5829 1095/2715/5829 928/233/5629
f 2810/5627/5830 2809/5993/5708 2771/5628/5634
f 2808/5992/5831 2809/5993/5831 2885/6121/5831
f 2809/5993/5708 2810/5627/5830 2885/6121/5832
f 3127/6122/5833 3241/5329/4836 1491/5328/4835 1054/3435/2929 2259/4839/4280
f 2808/5992/5834 2885/6121/5835 2964/6123/5836
f 2811/5202/5837 2769/5201/5838 2884/1092/5839
f 2811/6124/4643 2887/309/242 2773/3028/3914
f 2884/1092/5839 2965/4785/5840 2811/5202/5837
f 3800/5385/4972 3749/6125/5841 3678/6126/5842 3755/6127/5843 3802/6128/5844 3834/5386/4973
f 3487/6129/5845 3436/6130/5845 3489/6131/5846 3488/6132/5847
f 4323/6133/5848 4125/6134/5848 3920/6135/5848 3921/6136/5848
f 2894/5997/5713 2971/6137/4157 2815/5998/5511
f 2782/6138/5849 2892/5885/5522 2816/4221/5524
f 2895/4217/5850 2816/4221/5851 2973/5887/5852
f 394/1266/5853 248/839/675 153/5273/4706 244/3401/2895 393/476/2894
f 2896/4218/3906 2893/6139/5205 2817/4219/5712
f 2817/4219/5712 2893/6139/5205 2894/5997/5713
f 2820/6140/5854 2819/6141/5854 2897/6142/5854
f 1428/2676/5855 1427/4151/5855 1425/4147/5856 1107/2729/5857 1108/2728/5855 1110/2677/5855
f 2685/3533/3010 2786/3532/3009 2821/5357/5858
f 4455/6143/5859 4614/5932/5859 4807/3776/5859 4809/6144/5859 4776/6145/5859
f 2900/6146/5860 2789/6147/5861 2901/6148/5862
f 2900/6146/5860 2901/6148/5862 2904/6149/5863
f 2158/6150/5826 2145/940/2989 2155/939/4565 2019/6151/1158
f 2901/2710/2263 2824/6152/5864 2902/2711/2264
f 2382/5381/5865 2329/5322/5865 2327/5323/5865 2326/5308/5865
f 2905/6153/5866 2906/6154/5867 2904/6149/5868
f 1638/4570/4026 1937/4558/4016 1932/4531/4001 1605/4544/4000
f 2903/6155/5869 2897/6142/5869 2908/6156/5869
f 2913/1746/1449 2910/6157/5870 2905/6153/5866
f 2911/6158/5871 2903/6155/5871 2909/6159/5871
f 2848/6160/5872 2914/2713/5873 2843/6161/5874
f 2843/6161/5874 2914/2713/5873 2844/6162/5875
f 2914/2713/5873 2848/6160/5872 2850/2708/5876
f 3641/6163/5877 3594/6164/5878 3475/5409/4992 3595/6165/5879
f 2850/6067/5880 2852/6071/5880 2916/6166/5880
f 2849/6167/5881 2923/6168/5881 2856/6169/5881
f 2853/2903/5882 2859/5067/4510 2688/2904/4509
f 2917/2073/5883 2918/2072/5883 2915/5946/5883
f 2070/6170/5884 2069/6171/5885 1864/6172/5886 1874/6173/5887
f 2919/6174/5888 2792/6070/5888 2930/6077/5888
f 2857/1830/5889 2922/1829/5889 2858/6080/5889
f 3128/6175/5890 3241/5329/4836 3127/6122/5833 2958/6176/5891
f 2924/6177/5892 2925/6178/5893 2922/6179/5894
f 2922/6179/5894 2925/6178/5893 2858/6180/5895
f 2921/6076/5896 2855/6072/5896 2856/6075/5896
f 2856/6075/5897 2923/6181/5897 2921/6076/5897
f 2924/6177/5898 2923/6181/5898 2925/6178/5898
f 2918/1748/5899 2926/6182/5899 2927/6183/5899
f 2935/1749/5900 2927/6183/5900 2928/6184/5900
f 286/285/225 201/284/224 428/1355/1113 427/1357/1115
f 2927/4952/5901 2926/5676/5902 2929/5675/5903
f 2931/4953/5904 2927/4952/5901 2929/5675/5903
f 2919/2074/5905 2930/6185/5905 2920/2071/5905
f 2930/6077/5906 2860/6078/5907 2931/6186/5908
f 2930/6185/5909 2929/5675/5909 2920/2071/5909
f 2929/5675/5910 2930/6185/5910 2931/4953/5910
f 2931/6186/5908 2860/6078/5907 2937/6187/5911
f 2858/6180/5912 2932/6188/5912 2861/6189/5912
f 2925/6178/5893 2933/6190/5913 2932/6188/5914
f 2925/6178/5893 2932/6188/5914 2858/6180/5895
f 2933/6191/5915 2925/6192/5915 2923/6193/5915
f 1484/5763/5916 1485/6194/5916 1268/3075/5916 1271/3077/5916
f 2936/5471/5917 2935/6195/5918 2928/4951/5919
f 4371/5439/5920 4155/5468/5921 3995/6196/5921 3975/6197/5922
f 2860/6078/5923 2862/823/5923 2938/826/5923
f 2860/6078/5924 2938/826/5924 2937/6187/5924
f 2937/4950/5925 2938/6198/5925 2939/5470/5925
f 2861/6079/5926 2932/6199/5927 2940/6200/5928
f 1912/6201/5424 1921/4515/5929 1529/4517/5929 1528/6202/5423
f 3012/6203/252 2943/6204/252 3011/6205/252
f 2241/5245/5930 2262/5568/5930 2231/5246/5930
f 3956/6206/5931 4348/3468/5932 4138/1602/5933 3953/1601/5933
f 4814/6207/5934 4688/6101/5934 4689/6100/5935 4788/6208/5936
f 2798/4642/5937 2871/4641/5937 2947/6209/5937
f 507/5970/5655 420/6210/5938 421/1334/5938 508/1336/5653
f 2868/3539/5939 2869/6098/5939 2950/6211/5939
f 2869/6098/5940 2796/1954/5941 2950/6211/5942
f 2951/6212/5943 2949/6213/5943 2950/6211/5943
f 2874/4640/5944 2952/6214/5944 2948/6215/5944
f 3769/2696/2244 3767/2614/2177 3758/2617/5945 3756/6216/5945
f 2954/6217/5946 2875/5984/5946 2873/3718/5946
f 2949/6213/5947 2954/6217/5948 2873/3718/5949
f 2874/4640/5950 2876/1429/5950 2955/6218/5950
f 4557/6219/5951 4672/6220/5952 4555/6221/5953 4556/6222/5954
f 2022/3898/4375 1954/4925/4377 2213/6223/5955 2179/5071/5955 1660/4581/5955 1658/3889/5955 1407/3882/3360 1406/3378/3362 1408/3381/5955 1409/3389/5955 1410/3392/5955
f 825/4235/3735 737/6224/4994 677/6225/1423 774/4236/3736
f 1345/3267/5956 1567/3706/5956 1539/3236/2744 1340/3233/2743
f 2883/1091/5957 2807/6120/5957 2882/6226/5957
f 2884/1092/875 2883/1091/874 3031/6227/5958
f 2965/4785/5840 2884/1092/5839 3031/6227/5959
f 3594/6228/5960 3638/6229/5960 3783/6230/5960 3781/6231/5960 3907/6232/5960 3854/6233/5960 3847/6234/5960 3805/6235/5960 3809/5958/5960 3779/5957/5960 3636/6236/5960 3590/1759/1457 3358/1758/1456 3538/6237/5961 3551/6238/5962 3298/1753/1454 3372/6239/5963 3475/6240/5964
f 2810/5627/5965 2886/5626/5966 2885/6121/5967
f 2965/4785/243 2887/6241/242 2811/5202/4643
f 426/6242/5968 584/6243/5969 582/1623/5970 509/5415/5971
f 288/6244/5972 101/196/5972 94/195/5973 370/1368/5974
f 2967/6245/5975 2886/5626/5976 2888/1785/5977
f 2889/6246/5978 2968/6247/5369 2970/6248/5368 2813/6249/5979
f 2776/5962/5980 2891/5872/5510 2969/5871/5509
f 1471/4287/5981 1174/2843/5981 1183/2841/5981 1476/4285/5981
f 3726/6250/5982 3732/6251/5983 3651/6252/5984 3733/6253/5984
f 2476/5523/5170 2489/5250/4672 2469/5253/5985 2468/5514/5986 4595/5515/5987 2474/5518/5985 2473/4105/5985
f 2896/4218/3906 2972/6254/2923 2893/6139/5205
f 2893/6139/5205 2971/6137/4157 2894/5997/5713
f 2847/5931/5988 2791/5930/5989 2831/5862/5495 2835/6014/5730 2834/6033/5988 2836/6032/5750 2837/6035/5749 2839/6051/5988 2840/6049/5760 2842/6048/5759
f 2895/4217/5850 2974/6255/3904 2896/4218/3906
f 2897/6256/5990 2898/6257/5990 2975/6258/5990
f 2975/6259/5991 2898/6260/5991 2976/6261/5991
f 2898/5358/5992 2821/5357/5992 2976/6262/5992
f 2975/6263/5993 2976/6264/5993 2977/6265/5993
f 2984/668/5994 2976/6266/5994 2978/6267/5994
f 2977/667/5995 2976/6266/5995 2984/668/5995
f 2978/6268/5996 2976/6262/5996 2821/5357/5996
f 2821/5357/5858 2786/3532/3009 2978/6268/5997
f 4261/4346/5998 4286/6269/5998 4285/5364/4922 4282/4347/4921
f 2899/6270/5999 2900/6271/5999 2987/5175/5999
f 2899/6270/6000 2987/5175/6000 2981/6272/6000
f 2899/6273/6001 2981/133/6002 2983/6274/6003
f 2983/6275/6004 2980/6276/6005 2899/6277/6006
f 2900/6146/6007 2904/6149/5868 2906/6154/5867
f 2906/5176/4623 2987/5175/4622 2900/6271/6008
f 2908/6278/6009 2897/6256/6010 2975/6258/6011
f 2981/133/6012 2987/6279/6012 2994/6280/6012
f 2977/667/6013 2993/666/6014 2975/6281/6011
f 2993/6282/6014 2909/6283/6015 2975/6258/6011
f 2908/6278/6009 2975/6258/6011 2909/6283/6015
f 1851/6284/6016 1991/6285/6016 1990/6286/6017 1850/6287/6018
f 2649/5842/5466 2645/5835/6019 2641/1284/6019 2639/1283/5451 2643/5832/5453 2647/5841/5464
f 2981/133/6020 2994/6280/6021 2988/134/6022
f 2903/6155/6023 2908/6156/6023 2909/6159/6023
f 2909/6283/6015 2992/6288/6024 2911/6289/6025
f 2909/6283/6015 2993/6282/6014 2992/6288/6024
f 2994/6280/6021 2998/135/6026 2988/134/6022
f 2998/6290/6027 2905/5173/6028 3000/6291/6029
f 2998/6290/6027 2994/5174/6030 2905/5173/6028
f 2277/5265/4702 2280/5272/4704 2281/6292/6031 1745/4053/6031
f 2995/6293/6032 2992/6294/6033 2996/6295/6034
f 2993/666/6035 2996/665/6035 2992/6296/6035
f 2999/6297/6036 3000/6298/6037 2910/6157/6038
f 2905/6153/6039 2910/6157/6039 3000/6298/6039
f 3069/6299/6040 2998/6290/6027 3000/6291/6029
f 2996/6295/6034 3001/6300/6041 2995/6293/6032
f 4091/6301/6042 4078/5004/6042 4093/6302/6042 4092/6303/6042
f 2859/5067/6043 2942/6304/6044 2941/5189/6045
f 3004/2078/6046 2935/6195/5918 2936/5471/5917
f 2863/6091/6047 3005/824/664 2862/823/663
f 3006/6305/6048 3005/824/6049 2863/6091/6050
f 2932/6199/5927 3008/6306/6051 2940/6200/5928
f 2940/6200/5928 3008/6306/6051 3007/6307/6052
f 947/2415/2027 948/2368/2029 945/2374/1996 880/2382/1995
f 843/869/6053 789/2027/6053 788/6308/6053 846/870/6053
f 2941/5189/6045 2942/6304/6044 2864/5190/6054
f 3013/1750/6055 2935/1749/6055 3004/6309/6055
f 3006/6305/6056 2863/6091/6056 2944/2233/6056
f 3005/2075/6049 3006/6310/6048 3014/2076/6057
f 3006/6305/6058 2944/2233/6058 3014/2232/6058
f 2940/6200/6059 3007/6307/6060 3015/6311/6060 3086/6312/6061 3164/6313/6062 2689/6314/6063
f 3070/6315/6064 3069/6299/6040 3000/6291/6029 3072/6316/6064
f 3008/6306/6051 3009/6317/6065 3007/6307/6052
f 2943/6318/251 3012/6319/251 3011/6320/251
f 1489/6321/6066 1487/6322/6066 1274/3088/6066 1276/3087/6066
f 2692/1341/1103 2653/1340/1102 3016/2081/6067
f 78/6323/6068 71/6324/6068 67/6325/6068 275/6326/6068 347/6327/6068 413/6328/6068 414/6329/6068 502/6330/6068 631/6331/6068 694/6332/6068 750/6333/6068 844/6334/6068 851/6335/6068 859/6336/6068 1467/6337/6068 692/3230/2735 3181/3229/2734 3233/6338/6069 3179/6339/6068 3114/6340/6068 3115/6341/6068 2654/6342/6068 3020/6343/6068 2866/6344/6068
f 3848/6345/6070 3851/6346/6070 3849/6347/6070 3807/6348/6070
f 3998/5726/6071 4388/5725/6071 4156/6349/6072 3997/6350/6073
f 4202/6351/6074 4189/6352/6075 4170/6353/6075 4173/6354/6075 4200/6355/6076
f 2950/6211/6077 3021/6356/6077 2951/6212/6077
f 3021/6356/6078 3023/6357/6079 2951/6212/6080
f 2948/6215/6081 2952/6214/6081 2953/5554/6081
f 2948/6215/6082 2953/5554/6082 3022/5553/6082
f 2953/5554/5203 2952/6214/6083 3025/1433/6084
f 3024/6358/6085 2875/5984/6085 2954/6217/6085
f 2949/6213/5947 3024/6358/6086 2954/6217/5948
f 3024/6358/6087 2949/6213/6087 2951/6212/6087
f 3024/6358/6088 3124/6359/6088 2875/5984/6088
f 2955/6218/6089 2876/1429/6089 3025/1433/6089
f 133/286/6090 134/288/6090 128/258/6090 129/260/6090
f 2876/1429/6091 2708/5866/6091 3126/1430/6091
f 3027/5672/5307 2254/2153/1796 2957/6360/6092
f 3552/1548/1301 3593/6361/6093 3592/6362/6094 3553/1549/1302
f 4599/625/6095 4608/624/6095 4606/4947/6095 4607/6363/6095
f 2890/4786/4214 2967/4789/4217 2888/6364/1487 2777/1467/1486
f 2882/6226/6096 3032/6365/6096 2883/1091/6096
f 3032/6365/6097 3031/6227/5958 2883/1091/874
f 3031/6227/5958 3032/6365/6097 3033/1308/6098
f 1558/6366/6099 1561/3640/6099 1559/3629/3110 1556/3628/3109
f 3035/6367/6100 2886/5626/6101 3037/6368/6102
f 995/2525/6103 996/2524/6103 1001/5050/6103 997/5051/6103
f 3353/6369/6104 3415/6370/6104 3354/139/6105 3271/6371/6106
f 3039/6372/6107 3037/6368/6108 2967/6245/5975
f 3037/6368/6108 2886/5626/5976 2967/6245/5975
f 4590/1168/6109 2423/1167/5061 2424/5453/5060 4421/3312/6109
f 3041/6373/6110 3038/4787/6111 2890/4786/6112 2777/1467/1223 2776/1466/1222 2969/6374/6112
f 1487/6375/6113 1488/1799/6113 1275/1798/6113 1274/3082/6113
f 3133/5341/4862 3136/5340/4861 3197/6376/6114 3336/5808/5418 3247/5760/5376 3193/6039/5755
f 327/1068/857 400/1070/859 402/5661/5292 403/4560/4019 160/5408/4991
f 797/2340/1971 869/2339/1970 796/6377/6115 707/1822/6116
f 267/704/6117 268/888/6117 269/705/6117 174/427/6117
f 3045/4461/3905 3144/3429/2924 2972/3428/2923
f 2984/668/6118 2978/6267/6118 3049/6378/6118
f 2786/3532/6119 3049/6379/6119 2978/6268/6119
f 2786/3532/6120 3046/6380/6120 3049/6379/6120
f 2786/5927/6121 2686/5502/6121 3046/6381/6121
f 3047/6382/6122 2979/6383/6123 2980/6276/6005
f 3051/6384/6124 3047/6385/6124 2980/6386/6124
f 3050/4619/6125 3047/6385/6125 3051/6384/6125
f 2982/132/6126 2983/6274/6003 2981/133/6002
f 3048/6387/6127 2983/6388/6127 2982/6389/6127
f 2983/6388/6128 3048/6387/6129 2980/6390/6130
f 2980/6390/6130 3048/6387/6129 3051/6391/6131
f 4540/6392/4648 4662/6393/4647 4666/6394/6132 4550/6395/6133
f 2686/5502/6134 2986/5501/6134 3046/6381/6134
f 3051/6391/6135 3048/6387/6136 3052/6396/6137
f 3046/4651/6138 2986/6397/6139 3056/4648/6140
f 3049/6378/6141 2990/669/6142 2984/668/6143
f 3052/6396/6137 3048/6387/6136 2989/6398/6144
f 2989/6398/6144 3048/6387/6136 2982/6389/6145
f 714/6399/6146 659/1850/6146 656/1834/6146 658/6400/6146
f 3054/6401/6147 3052/6396/6148 3060/6402/6149
f 2990/669/6142 3049/6378/6141 3055/6403/6150
f 2989/6398/6144 3060/6402/6151 3052/6396/6137
f 2990/669/6142 3055/6403/6150 2991/643/6152
f 3055/4649/6153 3057/6404/6153 2991/6405/6153
f 3056/4648/4110 3057/6404/6154 3055/4649/4111
f 3062/644/6155 2991/643/6155 3057/6406/6155
f 3057/6407/6156 2986/6408/6156 3063/6409/6156
f 3057/6407/6157 3063/6409/6158 3064/5549/6159
f 3057/6407/6160 3064/5549/5197 3062/5548/5196
f 2986/6410/6139 3057/6411/6161 3056/6412/6140
f 3058/6413/6162 3053/4620/6162 3054/6414/6162
f 2989/131/6163 3059/130/6163 3060/6415/6163
f 3060/6402/6164 3059/3956/3433 3061/3955/3432
f 3054/6401/6147 3060/6402/6149 3058/6416/6165
f 3060/6402/6149 3061/3955/6166 3058/6416/6165
f 3063/6409/6158 3147/5550/6167 3064/5549/6159
f 2986/5501/6168 3065/5500/6169 3063/6417/6170
f 4380/6418/6171 4379/6419/6171 4377/6420/6171 4151/6421/6171
f 3001/6300/6041 2996/6295/6034 3068/6422/6172
f 2736/735/590 2738/6423/1651 2734/6424/6173 2731/1849/1532 2733/242/189
f 3072/6425/6174 3000/6298/6037 2999/6297/6036
f 2820/6140/6175 2897/6142/6175 2903/6155/6175 2911/6158/6175 3001/6426/6175 3073/6427/6175 3269/6428/6175 3416/6429/6175 3530/6430/6175 3705/5221/6175 3778/5220/6175 3775/6431/6176 3808/6432/6177 3810/3009/2530 3540/3008/2529 3464/6433/6175 3273/6434/6175 3214/305/6175 3161/304/6175 3077/6435/6178 3552/3007/2527 3431/6436/6175 3370/6437/6175 3162/6438/6175 3081/6439/6175 3010/6440/6175 2934/6441/6179 2849/6167/6180
f 3001/6300/6181 3074/6442/6181 3073/6443/6181
f 3068/6422/6182 3074/6442/6182 3001/6300/6182
f 3156/664/6183 3068/6444/6183 2996/665/6183
f 3072/6425/6184 2999/6297/6184 3071/6445/6184
f 3002/1745/1448 3071/6445/6185 2913/1746/1449
f 3071/6445/6186 3075/6446/6187 3072/6425/6188
f 3075/6447/6189 3070/6315/6189 3072/6316/6189
f 2378/4830/6190 2375/4605/6190 2373/3099/6190 2391/5383/4962 2382/5381/4964 2381/5380/6190 2379/5371/6190 2377/5370/6190
f 2935/1749/1452 2918/1748/1451 2927/6183/6191
f 3754/4523/3980 3677/6448/5625 3580/6449/5624 3513/6450/3396 3676/4524/3395
f 2448/5452/6192 2419/5451/6192 2449/5476/5102 2447/5449/5101
f 2864/5190/6054 2942/6304/6044 3078/6451/6193
f 1542/3662/3144 1538/3598/6194 1541/3601/6194 1540/3600/3142
f 2864/5190/6195 3078/6451/6195 3082/5191/6195
f 3121/6452/6196 3185/6453/6196 3125/6454/6196 3024/6358/6196
f 3083/6455/4392 3084/6456/6197 3079/6457/4393
f 3083/6455/6198 3085/6458/6198 3084/6456/6198
f 795/6459/6199 794/1640/1369 796/1639/1368 869/6460/6200
f 3080/6461/6201 3086/6462/6201 3015/6463/6201
f 2652/6464/6202 3090/6465/6202 2945/6466/6202
f 3090/6465/6203 2652/6464/6203 3089/3742/6203
f 3092/3741/6204 3093/6467/6204 73/6468/6204
f 3091/6469/6205 3092/6470/6205 73/5486/6205
f 3095/6471/6206 3094/2634/6206 3018/2637/6206
f 3095/34/6207 3097/37/6207 3094/6472/6207
f 3096/6473/6208 3094/6472/6209 3097/37/6210
f 3096/6473/6208 3097/37/6210 3098/6474/6211
f 3096/6473/6212 3098/6474/6212 2866/6094/6212
f 3525/5083/4522 3417/6475/6213 3460/6476/6214 3528/5080/4519
f 3090/4886/4336 2693/4885/4335 2945/6477/6215
f 3106/5485/6216 3091/6469/6217 73/5486/6218
f 3106/6478/6216 3101/2734/6219 3091/4999/6217
f 3102/6479/6220 3019/6480/6220 3099/6481/6220
f 3103/6482/6221 2867/4884/6221 3100/4883/6221
f 3101/6483/6219 3106/6484/6216 3104/6485/6222
f 3106/6478/6223 3105/6486/6224 3104/2735/6225
f 3107/4088/6226 3109/4074/3585 3099/4073/3584
f 3102/6487/6227 3099/6488/6228 3108/6489/6229
f 4640/6490/6230 4219/6491/6230 4505/1810/6230 2691/1809/6230
f 3109/4074/6231 2654/6492/6232 3115/6493/6233
f 584/6243/5969 644/6494/6234 641/1624/6235 582/1623/5970
f 3104/2735/6225 3105/6486/6224 3112/4381/6236
f 3102/6495/6227 3108/6496/6229 3113/6497/6237
f 1012/6498/4224 1019/5356/4895 1059/433/350 1058/432/349 1057/6499/4222
f 3025/1433/6238 2952/6214/6238 2874/4640/6238 2955/6218/6238
f 2280/5272/6239 2282/1207/6239 1744/1206/6239 2281/6292/6239
f 3119/6500/6240 3120/6501/6241 3022/5553/6242
f 3023/6357/6079 3024/6358/6243 2951/6212/6080
f 2781/5969/3802 2815/5873/5511 2891/5872/5510 2780/5968/5652
f 3121/6452/6244 3024/6358/6244 3023/6357/6244
f 3119/6500/6245 3022/5553/5202 3122/5555/5204
f 2953/5554/5203 3025/1433/6084 3122/5555/5204
f 3122/5555/6246 3025/1433/6246 3123/1432/6246
f 3119/6500/6247 3122/5555/6247 3123/1432/6247
f 246/6502/6248 147/320/249 145/319/248 11/6503/3478 152/6504/3477
f 3125/6454/6249 3124/6359/6249 3024/6358/6249
f 2948/6215/6250 2947/6209/6251 2871/4641/6252 2874/4640/6252
f 2665/119/99 2875/5984/5699 3124/6359/6253 3239/1527/6253 3668/2598/6253 4013/5965/6253 4452/6505/6253
f 2764/5950/5627 2674/709/567 29/708/566 30/4108/3613 2566/6506/5386
f 3444/6507/6254 3396/6508/6255 2501/3025/6256 2502/6509/6257
f 3215/6510/6258 3288/5622/6258 3278/6511/6258 3003/6512/6258
f 831/98/82 999/3395/2891 1002/3513/2999 2232/5419/5006 1029/2671/2222 1075/99/83
f 1047/2595/6259 1043/24/22 1050/23/21 1049/2593/6259
f 3435/6513/6260 3434/5546/6260 3381/6514/6260 3436/6515/6260
f 993/2503/4612 994/2502/6261 966/2507/6261 967/6516/6261 969/2466/6261 981/2464/6261 2233/2472/6261 2237/2471/6261 626/6517/6261 3963/5156/4613
f 1895/6518/6262 1883/6519/6262 1878/6520/6262 1877/6521/6263 1869/4332/6264 1888/6522/6262 1892/6523/6262 1894/4412/6265 1896/4435/6266 1904/4456/6262 1905/4458/6262 1897/4490/6262 1928/4519/6262 1937/4572/4029 1951/4574/4031
f 3132/6524/6267 3032/6365/6267 2882/6226/6267
f 3031/6227/6268 3033/1308/1073 3134/1307/1072
f 3033/6525/6269 3032/6526/6269 3135/6527/6269
f 3032/6365/6270 3132/6524/6270 3135/1309/6270
f 3136/6528/6271 3036/6529/6271 3137/6530/6271
f 3036/6529/6272 3034/6531/6272 3137/6530/6272
f 3034/6532/6273 3035/6533/6273 3137/6534/6273
f 3138/6535/6274 3035/6367/6100 3037/6368/6102
f 2965/4785/5840 3031/6227/5959 3134/1307/6275
f 2683/1909/5393 2681/5777/2188 2583/6536/3479 2585/5740/5363
f 3140/6537/6276 3038/4787/4215 3200/79/6277
f 3140/6537/6276 3039/4788/4216 3038/4787/4215
f 3611/6538/6278 3613/6539/6278 2496/6112/6278 2495/6111/6278
f 937/6540/6279 873/6541/6280 1032/973/792 942/972/791
f 1886/4403/6281 1881/6542/6281 1874/6543/6281 1864/6544/6281 1865/6545/6281 1847/6546/6281 1846/6547/6282 1856/4358/6283 1863/1454/6281 1880/1453/6281 1893/6548/6281 1891/4408/6281 1873/4369/6284 1861/6549/6285 1947/4322/6281 1949/4321/6281 1939/2084/6281 1922/2087/6281 1906/2475/6281 1907/545/432 1908/548/435 1898/3832/6281 1899/4474/6281 1920/4499/6281 1926/4550/6281 1936/4549/6281 1942/4555/6281 1940/4583/6281 1925/4404/6281
f 187/4551/6286 71/6550/6286 78/6551/6286 191/4552/6286
f 3058/6413/6287 3145/6552/6288 3053/4620/6289
f 3145/6553/6290 3058/6416/6165 3061/3955/6166
f 3145/6553/6290 3061/3955/6166 3146/3954/6291
f 3067/5551/5199 3147/5550/5198 3152/6554/6292
f 3152/6555/6292 3147/6556/5198 3148/6557/6293
f 3147/6558/6294 3063/6417/6170 3065/5500/6169
f 3149/6559/6295 3065/5500/5118 2997/5499/5117
f 2760/105/89 2711/104/88 2669/2494/2087 2245/2493/2086 2758/2546/2125
f 3145/6552/6288 3150/4621/6296 3053/4620/6289
f 3150/4621/6297 3145/6552/6298 3151/6560/6299
f 3151/6561/6300 3145/6553/6300 3146/3954/6300
f 5/6562/13 2589/1904/5364 2585/5740/5363 145/6563/248
f 4136/4048/6301 4341/4051/6301 3945/6564/6301 3955/5005/6301
f 3074/6565/6302 3068/6566/6303 3157/6567/6304
f 3068/6444/6303 3156/664/6305 3157/6568/6304
f 3069/136/6306 3070/6569/6306 3158/6570/6306
f 3158/6570/6307 3159/137/6307 3069/136/6307
f 3158/6571/6308 3070/6572/6309 3075/6573/6310
f 3160/6574/6311 3075/6446/6187 3071/6445/6186
f 3071/6445/6186 3002/1745/6312 3160/6574/6311
f 4509/6575/6313 4645/6576/6314 4487/6107/6315 4461/6577/6316
f 3164/6313/6062 3086/6312/6061 3165/6578/6317
f 3080/6579/6318 3165/6578/6318 3086/6312/6318
f 3085/2230/5800 3088/1084/870 3167/6580/6319
f 1519/4037/3534 1915/4036/3533 1914/4483/3933 1518/4484/3935
f 573/399/6320 571/402/6320 505/1328/6320 506/1482/6320
f 3169/3743/3224 3089/3742/3223 2652/6464/6321
f 4259/6581/6322 4094/6582/6322 4241/6583/6322
f 3130/6584/1767 3191/5238/1766 3128/6175/5890 2958/6176/5891 2879/6585/292
f 3110/6586/6323 3111/6587/6324 3173/4541/6325
f 3110/6586/6323 3173/4541/6325 3116/4540/6326
f 4779/3274/6327 4785/3273/6327 4791/3854/6327 4685/6588/6327
f 3174/4708/6328 3112/6589/6329 3105/6590/6330
f 3174/4708/6328 3105/6590/6330 3175/6591/6331
f 1160/6592/6332 1168/6593/6332 1169/1172/6332 1166/1171/6332
f 1520/4497/3943 1916/4496/3942 1548/6594/6333 1546/6595/6333
f 726/1963/6334 612/6596/6334 613/6597/6334 672/6598/6334 727/6599/6334
f 3180/5483/6335 3175/6600/6335 3105/5484/6335
f 3119/6500/6336 3183/6601/6336 3120/6501/6336
f 3119/6500/6337 3184/5897/6338 3183/6601/6339
f 3183/6601/6339 3184/5897/6338 3236/5896/6340
f 3117/1953/6341 3121/6452/6342 3118/6602/6343
f 3121/6452/6342 3117/1953/6341 3182/6603/6344
f 3121/6452/6342 3182/6603/6344 3185/6453/6345
f 3182/6603/6346 3237/6604/6346 3185/6453/6346
f 3119/6500/6347 3123/1432/5540 3184/5897/5539
f 2568/32/29 31/4306/879 164/6605/878 161/5513/5149 27/33/30
f 3187/6606/6348 3123/1432/1198 3026/1431/1197
f 3026/1431/6349 3126/1430/6349 3187/6606/6349
f 3123/1432/1198 3187/6606/6348 3186/5895/6350
f 3187/6606/6351 3126/1430/2545 3186/5895/6352
f 332/1099/882 489/3067/2579 552/5373/1112 404/6607/1111
f 899/2260/2037 956/2416/2039 952/2403/2017 886/2261/2004
f 729/1895/1572 727/1887/1571 672/6608/6353 614/6609/6353
f 1628/3876/6354 1633/3812/6354 1619/3773/6354 1607/3772/6354 1593/6610/6354 1574/3724/6354 1551/3726/6354 1554/6611/6354 1523/3580/3062 1522/3554/3064 1521/3576/6354 1546/3578/6354 1547/3609/6354 1573/3673/6354 1589/3712/6354
f 2524/5642/5273 2529/5644/5275 2531/227/6355 2545/225/6355 106/224/6355 204/6612/6355 429/1359/6356 587/6613/6357 761/1055/847 655/1054/846 593/1661/6355 514/1391/6355 377/1190/6355 291/981/6355 293/980/6355 458/1051/845 462/1050/844 295/561/6355 115/237/6355 2523/236/6355 2521/301/6355 2518/5630/6355
f 2068/6614/1781 2064/4960/4241 1999/6615/4240 2067/6616/1778
f 1387/3376/6358 1386/3358/6358 1378/3357/4122 1310/4664/4124 1265/2993/6359 1227/2967/6358 1215/2941/6358 1216/2940/6358 1200/2942/6358 1201/2909/6358 1205/2910/6360 1270/3070/6361 1267/3072/6358 1266/3132/6358 1326/3216/6358 1329/3215/6358 1330/6617/6358 1332/6618/6358 1291/3134/6358 1273/3136/6358 1239/6619/6362 1208/2945/6363 1219/2944/6358 1228/2977/6358 1240/2861/2641 1303/3137/2641 1315/3191/6358 1391/3382/6358 1383/3377/6358 1390/3374/6358
f 3768/679/537 3766/678/536 3777/6037/6364 3773/6620/6365
f 799/3826/3311 721/1876/1552 723/1947/1626 722/6621/6366 762/3827/3312
f 3132/6622/6367 3333/6623/6367 3135/5101/6367
f 3195/4783/6368 3134/1307/6369 3248/1306/6370
f 3135/5101/6371 3333/6623/6372 3249/5098/6373
f 3198/6624/6374 3137/6530/6375 3035/6367/6376
f 3138/6535/6274 3198/6624/6377 3035/6367/6100
f 3136/6528/6378 3137/6530/6378 3196/6625/6378
f 3198/6626/6374 3196/6627/6379 3137/6628/6375
f 3197/6629/6380 3136/6630/6381 3196/6631/6382
f 3198/6632/6383 3138/6633/6384 3199/6634/6385
f 3139/307/240 3141/3755/6386 2966/308/241
f 3141/3755/6386 3139/307/240 3195/6635/6387
f 3039/6372/6107 3138/6535/6384 3037/6368/6108
f 3138/6535/6384 3039/6372/6107 3140/6636/6388
f 3199/6634/6385 3138/6633/6384 3140/6637/6388
f 3435/6513/6389 3433/2627/6389 3432/2626/6389 3434/5546/6389
f 1265/2993/6359 1310/4664/4124 1288/3156/6390 1289/3121/6390
f 3259/5137/4582 3203/3426/2921 3144/3429/2924
f 3152/6638/6391 3148/6639/6391 3206/6640/6391
f 3148/6641/6392 3264/6642/6393 3206/6643/6394
f 3153/5498/6395 3149/6559/6295 2997/5499/5117
f 3153/6644/6396 3148/6645/3890 3149/6646/3892
f 3207/3290/6397 3150/4621/6297 3151/6560/6299
f 3155/6647/6398 3151/6561/6398 3146/3954/6398
f 3151/6648/6399 3155/3129/6399 3207/6649/6399
f 3430/6650/6400 3431/1547/1300 3477/1546/1299 3429/6651/6401
f 3272/6652/6402 3073/6653/6402 3074/6654/6402
f 3157/6567/6403 3272/6655/6403 3074/6565/6403
f 3209/6656/6404 3272/6655/6405 3157/6567/6304
f 1034/2553/6406 936/2346/6406 874/2348/6406 938/6657/6406
f 550/2512/2102 673/6114/5821 547/6113/5820 398/2329/1962 484/2333/1966
f 3212/6658/6407 3160/6574/6408 3002/1745/6409
f 3318/6659/6410 3319/6660/6410 3120/6501/6411 3236/5896/6340
f 2652/6464/6321 2551/518/414 86/520/413 3017/1806/1504 3169/3743/3224
f 1424/3409/6412 1091/2519/2254 1005/2521/2253 1095/2715/6412
f 3078/6451/6413 3220/6661/6413 3082/5191/6413
f 3226/4709/6414 3307/6662/6414 3379/5035/6414 3376/5034/6414 3305/6663/6414 3225/4706/6414
f 3221/6664/6415 3167/6580/6319 3088/1084/870
f 3167/2663/2212 3221/6665/6416 3166/2664/2213
f 3088/1084/6417 3222/1083/6418 3221/6664/6419
f 3223/6666/6420 3164/6313/6420 3165/6578/6420
f 138/275/6421 127/5402/4985 122/5401/4984 136/273/6421
f 4588/3310/6422 4589/5455/6422 2423/1167/6422 2451/2816/6422 2419/5451/6422
f 3882/2654/6423 3875/2653/6423 3862/6667/6423 3839/6668/6423 3899/6669/6423 2217/6670/6423
f 3304/6671/6424 3820/6672/6425 3171/6673/6425 83/2510/6425 867/2509/6425 1472/4268/6425 701/2195/6426 84/495/6427 3098/6474/6428
f 2653/2511/2101 83/2510/2100 3171/6673/6429
f 3175/6591/6331 3226/4709/6430 3174/4708/6328
f 3177/922/761 3232/6674/6431 3176/923/762
f 937/6540/6279 795/6675/6199 869/6676/6200 873/6541/6280
f 3226/1925/6432 3175/6600/6432 3180/5483/6432
f 3229/1922/1607 3226/1925/1609 3180/5483/6433
f 3176/923/6434 3232/6674/6434 3230/4870/6434
f 3232/6674/6435 3231/6677/6435 3230/4870/6435
f 3234/5165/4619 3233/6338/6069 3181/3229/2734
f 847/2033/1695 854/6678/6436 855/5480/6436 848/2032/1696
f 3230/6679/6437 3231/6680/6437 66/6681/6437
f 3182/6603/6344 3117/1953/6341 3316/6682/6438
f 3235/6683/6439 3182/6603/6440 3316/6682/6441
f 3183/6601/6339 3236/5896/6340 3120/6501/6411
f 3236/5896/6442 2498/4564/6442 3318/6659/6442
f 3235/6683/6439 3237/6604/6443 3182/6603/6440
f 4121/6684/6444 3910/4485/6444 3898/4488/6444 4315/6685/6444
f 3238/1528/6445 3185/6453/6445 3237/6604/6445
f 3236/5896/6446 3186/5895/6446 2499/4565/6446
f 2498/4564/6447 3236/5896/6447 2499/4565/6447
f 2499/4565/6448 3186/5895/6448 3240/3027/6448
f 3124/6359/6449 3125/6454/6449 3185/6453/6449
f 3238/1528/1284 3124/6359/6450 3185/6453/6451
f 3186/5895/6352 3126/1430/2545 3240/3027/2549
f 2455/5508/6452 2438/4502/6452 2439/3404/6452 2484/5526/6452 2485/819/6452
f 4416/1989/6453 4415/5448/6453 4414/5443/6454 4583/5474/5094 4412/6686/6453
f 4153/6687/6455 4152/6688/6456 3991/6689/6456 3990/6690/6457
f 3331/3241/2750 3194/5867/5505 3131/443/359
f 1467/6691/6458 1820/4143/6458 1774/4114/6458 692/4113/6458
f 3351/6692/6459 3268/6693/6460 3207/6649/6461 3263/3128/6462
f 2768/1093/6463 2884/1092/5839 2769/5201/5838 2722/5833/6463
f 4115/6694/6464 4120/6695/6464 4318/6696/6464 4494/6697/6464
f 3252/6698/6465 3250/5099/4535 3249/5098/4534
f 3250/5099/6466 3251/6699/6467 3248/5100/6370
f 3197/6629/6380 3196/6631/6382 3253/6700/6468
f 2/2111/12 2588/1905/6469 2589/1904/6469 5/6562/13
f 3253/5721/5354 3336/5808/5418 3197/6376/6114
f 1751/5266/5735 1747/4052/6470 1746/4047/6470 1739/4045/6470 1748/4056/6470 2276/1558/5736
f 3251/6701/6471 3141/3755/6386 3195/6635/6387
f 3195/6702/6368 3248/5100/6370 3251/6699/6467
f 3141/3755/6386 3251/6701/6471 3255/63/533
f 4122/498/6472 4120/6703/6472 3902/6704/6472 3915/499/6472
f 3200/79/348 3257/431/347 3140/6537/6473
f 2565/6705/6474 2567/6706/3798 2673/6707/3347 2717/6708/294 2762/6709/293 2715/1072/861
f 3140/6637/6388 3257/6710/6475 3199/6634/6385
f 3295/315/6476 3367/6711/6476 3365/6712/6476 3294/316/6476
f 2672/6056/5765 2764/6713/5627 2566/5771/5386 33/412/309
f 888/2118/1759 887/2256/1895 813/6714/6477 817/2117/6478
f 2822/2906/5718 2788/5977/5666 3260/6715/6479
f 2979/6383/6123 3260/6716/6480 2788/6717/6481
f 3261/6718/6482 2979/6383/6123 3047/6382/6483
f 3148/6719/6484 3153/6720/6484 3264/6721/6484
f 3153/6722/6485 3266/6723/6486 3264/6724/6487
f 3262/3289/6488 3150/4621/6488 3207/3290/6488
f 3155/3129/6489 3263/3128/6462 3207/6649/6461
f 3266/6723/6486 3265/6725/6490 3264/6724/6487
f 3265/6726/6491 3206/6643/6394 3264/6642/6393
f 3265/6727/6492 3266/6728/6493 3267/6729/6494
f 2823/6730/6495 2824/6152/6495 2901/2710/6495 2789/6731/6495
f 186/1946/6496 185/1945/6496 184/472/6496 189/474/6496 190/5531/6496
f 3263/3128/2632 3208/3127/2631 3351/6692/6497
f 3157/6567/6304 3156/6732/6305 3209/6656/6404
f 3156/664/6305 3270/663/6498 3209/6733/6404
f 3267/6729/6494 3266/6728/6493 3153/5498/6499
f 3073/6734/6500 3272/6655/6500 3269/6735/6500
f 433/3668/6501 434/3667/6501 518/4906/6501 517/5979/6501
f 4780/6736/6502 4808/6737/6503 4781/6738/6504
f 3273/6434/6505 3276/306/6505 3214/305/6505
f 3273/6434/6506 3277/6739/6506 3276/306/6506
f 3003/6740/6507 3278/3457/6508 3279/3456/6509
f 3279/3456/6509 3274/6741/6510 3003/6740/6507
f 3275/6742/6511 3280/6743/6512 3213/6744/6513
f 3281/6745/6514 3280/6743/6512 3275/6742/6511
f 3280/6746/6515 3281/2516/6515 3282/6747/6515
f 3282/6747/6516 3281/2516/6516 3283/6748/6516
f 3284/6749/6517 3285/6750/6517 3076/6751/6517
f 3282/6747/6518 3285/6752/6518 3284/6753/6518
f 3283/6748/6519 3285/6752/6519 3282/6747/6519
f 2957/6360/6092 2958/6176/5891 3127/6122/5833 2259/4839/4280 3027/5672/5307
f 3172/4071/6520 3178/6754/6520 3177/6755/6520 3108/4072/6520
f 3284/6756/6521 3287/318/6521 3282/6757/6521
f 3076/6751/6522 3287/6758/6522 3284/6749/6522
f 3982/6759/6523 3981/3794/6523 4003/3797/6523 3999/6760/6523 3996/1500/1259 2220/6761/6524 3949/6762/6525 3888/6763/6526 3846/6764/6527 3886/6765/6528 3887/6766/6523 3905/6767/6523 3932/6768/6523 3931/6769/6523 3926/6770/6523 3917/6771/6523 3906/6772/6523 3885/6773/6528 3875/2653/2204 3893/2652/2203 3903/6774/6523 3922/6775/6523 3924/6776/6523 3919/6777/6523 3901/6778/6523 3889/2655/2206 3882/2654/2205 3938/5377/6529 3934/5376/6523 3936/6779/6530 3943/6780/6531 3935/6781/6523 3937/6782/6523 3950/6783/6523 3961/6784/6523 3970/6785/6523
f 3218/6786/6532 3287/6787/6532 3076/6788/6532
f 3290/6789/6533 3161/304/6534 3289/303/6535
f 3161/304/6534 3290/6789/6533 3077/6435/6536
f 3215/5495/6537 3292/5494/6537 3288/6790/6537
f 3291/3764/6538 3288/5622/6538 3292/6791/6538
f 3216/6792/6539 3293/6793/6539 3217/6794/6539
f 3216/6792/6540 3286/6795/6541 3293/6793/6542
f 3286/317/6541 3294/316/6543 3293/6796/6542
f 4638/6797/6544 4478/6798/6545 4725/6799/6545 4719/6800/6546
f 3287/6801/6547 3218/1756/6547 3295/2297/6547
f 2578/39/33 2734/6424/6173 12/40/34
f 3293/6796/6548 3294/316/6548 3217/6802/6548
f 3294/6803/6549 3296/6804/6549 3217/6794/6549
f 276/2527/6550 182/2526/6550 183/6805/6550 178/6806/6550 277/6807/6550
f 3300/6808/6551 3162/6438/6551 3370/6437/6551
f 3220/6661/6552 3301/5192/6552 3082/5191/6552
f 4476/6809/6553 4784/5738/6554 4639/5737/6555 4497/6810/6556
f 3371/6811/6557 3298/6812/6558 3302/6813/6559
f 3302/6814/6560 3221/6664/6419 3222/1083/6418
f 3302/6815/6561 3222/6816/6561 3303/6817/6561
f 3884/2106/6562 3881/966/6562 4466/5061/6563 4309/5564/6564 4321/5563/6562 423/4859/6562 1927/4553/6562 1334/787/6562 1312/1845/6562 1041/1844/6562 935/2341/6562 797/2340/6562 707/1822/6562 589/1642/6562 370/1368/5974 94/195/5973 108/194/6562 2542/1351/6562 2642/5837/6562 2640/5824/6562 2629/2851/6562 2847/5931/6562 2846/6062/5789 2857/1830/5788 2861/6079/6562 2940/6200/6059 2689/6314/6063 3164/6313/6062 3223/6666/6562 3299/6818/6562 3476/2030/6562 3640/2029/6562 3709/6819/6565 3816/3461/6566
f 3098/6474/6428 3224/6820/6567 3304/6671/6424
f 945/6821/6568 801/6822/3310 805/6823/3309 878/1121/917 876/1120/916
f 4550/6395/6133 4667/6824/6569 4557/6219/5951 4556/6222/5954
f 3307/6662/6570 3226/4709/6571 3228/6825/6572
f 3308/6826/6573 3307/6662/6570 3228/6825/6572
f 3843/6827/6574 4035/6828/6574 4034/6829/6574 4181/6830/6574 4179/6831/6574 4777/6832/6574 4615/6833/6574 4033/6834/6574 4175/6835/6574 4032/6836/6574 4030/6837/6574 3842/6838/6574 3840/6839/6575 4022/6840/6576 4169/6841/6574 4021/6842/6574 4776/6843/6574 4775/6844/6574 4612/6845/6574 4020/6846/6574 3836/6847/6577 3838/6848/6578 3844/6849/6574 3760/6850/6574 3260/6716/6480 2979/6383/6123 3261/6718/6482 3762/6851/6579 3764/6852/6574 3849/6347/6574 3850/6853/6574 4188/6854/6574 4046/6855/6574 4685/6856/6574 4800/6857/6574 4045/6858/6574 4186/6859/6574 4044/6860/6580 3845/6861/6581
f 3231/6677/5658 3232/6674/6582 3312/6862/5656
f 2714/1071/860 2671/828/667 2710/827/666 2563/1043/838 2564/1042/837
f 3227/1525/6583 3233/2612/6584 3313/1520/5824
f 3233/2612/6584 3234/6117/5825 3313/1520/5824
f 3600/3740/6585 3087/5607/6585 3093/6467/6585 3092/3741/6585
f 3805/6235/6586 3847/6234/6586 3807/6863/6586 3806/6864/6586
f 3310/4872/4319 66/4871/4318 3231/6677/6587
f 3317/6865/6588 3235/6683/6588 3316/6682/6588
f 3871/2771/6589 3880/6866/6589 3879/6867/6589 3868/2772/6589
f 4112/5045/6590 4111/6868/6590 4110/6869/6590 4109/5046/6590
f 3318/6659/6591 2498/4564/6591 3320/2269/6591
f 3321/6870/6592 3235/6683/6592 3317/6865/6592
f 3322/2997/6593 3321/6870/6593 3317/6865/6593
f 3320/2269/6594 2498/4564/6594 2500/4563/6594
f 2500/4563/6595 3240/3027/6596 3323/2266/6597
f 3320/2269/6598 2500/4563/6595 3323/2266/6597
f 3124/6359/6450 3238/1528/1284 3239/1527/1283
f 3322/2997/6599 3238/1528/6599 3321/6870/6599
f 2158/6118/6600 2019/1404/6600 2094/3502/6600
f 3240/3027/2549 3325/3026/2548 3323/2266/6601
f 3510/5759/5375 3512/5823/5438 3620/6871/6602 3619/6872/6603 3579/1278/1055
f 1945/3890/6604 1942/4580/6604 1935/4546/4005 1611/4545/4004
f 1518/6873/6605 1517/3570/6605 1544/6874/6605 1519/6875/6605
f 1626/3850/6606 1638/3851/6606 1605/3749/3231 1588/3748/3230
f 253/4314/3804 328/2332/1965 326/2331/1964 156/4618/4080
f 3337/2225/1866 3250/5099/4535 3252/6698/6465
f 3337/2225/6607 3251/6699/6467 3250/5099/6466
f 3252/6698/6608 3401/6876/6608 3338/2226/6608
f 3252/6698/6609 3246/6877/6609 3401/6876/6609
f 3337/2225/1866 3252/6698/6465 3338/2226/1867
f 3341/6878/6610 3253/6700/6610 3339/5182/6610
f 3339/5182/6611 3253/6700/6611 3340/5179/6611
f 3340/5179/6612 3253/6700/6613 3254/6879/6614
f 3342/6880/6615 3340/5179/6616 3254/6879/6617
f 3971/903/6618 3962/4378/3852 4356/4377/3851 4357/6881/6618 4366/6882/6618 4143/904/6618
f 3409/5180/6619 3340/5179/6616 3342/6880/6615
f 3196/6631/6620 3254/6879/6614 3253/6700/6613
f 3254/6879/6617 3199/6634/6621 3342/6880/6615
f 3343/673/534 3255/63/533 3251/6701/6471
f 3337/2225/6607 3343/6883/6622 3251/6699/6467
f 3347/430/346 3256/78/345 3346/59/6623
f 3342/6880/6624 3257/6710/347 3347/6884/346
f 3409/5180/6625 3342/6880/6626 3347/6884/6627
f 3257/6710/6628 3342/6880/6628 3199/6634/6628
f 2822/2906/6629 3260/6715/6630 3205/6885/6631
f 3265/331/256 3348/330/255 3206/6886/6632
f 3208/3127/6633 3350/6887/6634 3351/6692/6459
f 3350/6887/6634 3268/6693/6460 3351/6692/6459
f 3350/6887/6634 3349/6888/6635 3268/6693/6460
f 3352/6889/6636 3209/6890/6404 3270/6891/6498
f 3209/6733/6637 3352/662/4445 3355/4992/4444
f 3878/6020/6638 3907/6892/6639 3908/6893/6640 3900/6021/6638
f 3354/139/6105 3211/138/6641 3271/6371/6106
f 2565/6705/6474 2715/1072/861 2714/1071/860 2564/1042/837
f 3209/6656/6642 3355/6894/6642 3272/6655/6642
f 3272/6655/6643 3355/6894/6643 3269/6735/6643
f 3212/6658/6407 3002/1745/6409 3356/6895/6644
f 3212/6896/6645 3353/6897/6646 3271/6898/6647
f 3356/6899/6648 3353/6897/6646 3212/6896/6645
f 3076/6900/6649 3285/6901/6649 3358/6902/6649
f 3077/6435/6536 3290/6789/6533 3359/6903/6650
f 3359/6903/6651 3360/2018/6651 3077/6435/6651
f 3361/2019/6652 3360/2018/6652 3359/6903/6652
f 3362/6904/6653 3361/6905/6654 3359/6906/6655
f 3292/6907/6656 3362/6908/6656 3291/6909/6656
f 3362/6904/6657 3292/6910/6657 3363/6911/6657
f 3365/6912/6658 3296/6804/6659 3294/6803/6660
f 3296/6804/6659 3365/6912/6658 3364/6913/6661
f 2877/6914/6662 3028/3015/2534 2956/2545/2124 2758/2546/2125
f 3364/6913/6663 3365/6912/6663 3366/6915/6663
f 3170/36/6664 3224/6820/6664 3098/6474/6664 3097/37/6664
f 2738/6423/5527 2584/6916/5529 2582/406/304 12/40/34 2734/6424/6173
f 3426/6917/6665 3367/2296/6665 3297/1755/6665
f 1843/6918/6666 1988/6919/6666 2045/6920/6666 1981/893/734 1839/892/733
f 4016/2565/2141 3831/3817/3302 2222/6921/6667 2223/2562/2138
f 3552/3007/2527 3077/6435/6178 3360/2018/2528
f 3299/6922/6668 3219/6923/6669 3369/6924/2917
f 3220/6661/6670 3368/6925/6670 3301/5192/6670
f 3371/6926/6671 3372/6239/6671 3298/1753/6671
f 3424/6927/6672 3541/6928/6672 3535/4645/6672 3467/4644/6673 2985/6929/6674 3780/6930/6672 3591/5196/4637 3479/6931/6675 3368/6925/6676 3220/6661/6672 3078/6451/6677 3364/6913/6678
f 3303/1087/6679 3168/1086/6679 3374/6090/6679
f 4367/6932/6680 4358/6933/6680 4347/6934/6681 4397/1375/1128 4383/5988/5702 4354/6935/6682 4355/6936/6680 4365/6937/6680 4384/6938/6680 4385/6939/6683 4387/6940/6684 4389/6941/6680 4392/6942/6680 4391/6943/6680 4393/6944/6680 4374/6945/6680
f 3306/4539/3995 3305/4538/3994 3376/6946/6685
f 3378/6947/6686 3376/6948/6686 3377/6949/6686
f 3376/6950/6687 3378/6951/6687 3306/6952/6687
f 4423/3311/6688 4427/5378/4950 2426/5379/4952 2427/5458/6688
f 3308/6826/6573 3379/5035/6689 3307/6662/6570
f 3379/6953/6690 3308/1923/6690 3309/6954/6690
f 3309/6954/6691 3380/6955/6692 3379/6953/6693
f 3380/6955/6692 3309/6954/6691 3381/6956/6694
f 3310/4872/6695 3382/1255/6695 3311/1254/6695
f 3758/6957/6696 3757/6958/6696 3803/6959/6696 3756/6960/6696
f 352/919/6697 420/6210/6697 419/6961/6697 351/6962/6697
f 3314/6116/6698 3386/5353/6698 3385/1521/6698
f 3386/5353/6699 3384/5679/6700 3385/1521/6701
f 501/4101/6702 690/4085/6702 3661/5800/6702 3387/6963/6702
f 2656/1958/1632 3316/6682/6703 3117/1953/1629
f 3317/6865/6704 3316/6682/6704 3389/6964/6704
f 2656/1958/6705 3390/4998/6706 3316/6682/6707
f 3390/4998/6706 3389/6964/6708 3316/6682/6707
f 2132/2549/6709 2139/2548/6709 2152/4822/6709 2205/5133/6709 2189/313/5402 2137/5789/5404
f 3319/6660/6710 3318/6659/6710 3392/6965/6710
f 3318/6659/6711 3320/2269/6711 3392/6965/6711
f 3392/6965/6712 3393/2268/6713 3319/6660/6714
f 3391/4997/4451 3317/6865/6715 3389/6964/6716
f 374/1367/6717 287/6966/6718 288/6244/6719 370/1368/6717
f 3393/2268/6720 3392/6965/6720 3320/2269/6720
f 3396/6508/6721 3393/2268/6722 3395/2267/6723
f 3323/2266/6724 3325/3026/6724 3326/5926/6724
f 3331/3241/2750 3131/443/359 3192/442/358 3329/2500/2093
f 3834/5386/4973 3802/6128/5844 3835/5076/4514 4017/5077/4515 4018/5387/4974
f 779/3510/80 682/6967/79 1017/6968/302 1014/6969/6725 1013/3784/3274 832/3511/2997
f 2590/6970/6726 2684/5999/6726 2784/439/6726 2601/438/6726
f 3375/6971/6727 3095/6471/6727 3018/2637/4317 2690/4868/4316 3644/6972/6727 3738/4874/4321 3655/6973/6728 3734/6974/6727 3729/6975/6727 3719/6976/6727
f 2614/437/354 2605/5769/6729 2590/6970/6729 2601/438/355
f 3404/2223/6730 3338/2226/6730 3401/6876/6730
f 3403/2224/1865 3402/6977/6731 3337/2225/1866
f 145/6563/248 2585/5740/5363 2583/6536/3479 11/6978/3478
f 3066/3957/6732 3154/6979/2634 3155/6647/2633 3146/3954/6732
f 3403/2224/6733 3405/3593/6733 3402/6977/6733
f 1988/6919/6734 1843/6918/6734 1855/6980/6734 1995/6981/6734
f 3406/6982/6735 3407/3594/6735 3404/2223/6735
f 426/6242/5968 509/5415/5971 424/1133/929 372/961/931
f 3406/6982/6736 3339/5182/6736 3407/3594/6736
f 3339/5182/6737 3408/5181/6737 3407/3594/6737
f 3408/5181/6738 3405/3593/3083 3407/3594/3084
f 3408/5181/6739 3410/6983/6740 3405/3593/6741
f 3341/6878/6742 3339/5182/6742 3406/6982/6742
f 159/384/6743 26/56/6743 2571/47/6743 21/48/6743
f 3409/5180/6744 3410/6983/6740 3408/5181/6739
f 4411/6984/6745 2413/5442/5038 2411/5434/5035 2410/5436/6746
f 3402/6977/6747 3343/6883/6622 3337/2225/6607
f 3402/6977/6748 3344/6985/6748 3343/6883/6748
f 3344/672/531 3258/58/6749 3345/57/532
f 3405/3593/6750 3344/6985/6750 3402/6977/6750
f 3410/6983/6751 3258/6986/6749 3344/6985/531
f 3405/3593/6752 3410/6983/6751 3344/6985/531
f 3410/6987/6751 3346/59/6623 3258/58/6749
f 3347/6884/346 3346/6988/6623 3410/6983/6751
f 3409/5180/6625 3347/6884/6627 3410/6983/6753
f 3267/6989/6754 3412/6990/6754 3265/331/6754
f 3265/331/6755 3412/6990/6755 3413/328/6755
f 3414/6991/6756 3412/6990/6756 3267/6989/6756
f 3349/6888/6635 3350/6887/6634 3457/6992/6757
f 521/1389/6758 600/2419/6758 598/1534/6758 520/1388/6758
f 3217/6794/6759 3296/6804/6759 3364/6913/6678 3078/6451/6677 2942/6304/6759 2859/5067/4510 2853/2903/5882 2822/2906/6759 3205/6885/6759 2985/6929/6674 3467/4644/6673 3275/6742/6759 3213/6744/6759 3216/6792/6759
f 3367/6993/6760 3426/6994/6760 3366/6995/6760 3365/6996/6760
f 3269/6735/6761 3355/6894/6762 3416/6997/6763
f 3355/6894/6762 3417/6475/6213 3416/6997/6763
f 3531/1760/6764 3356/6895/6764 3002/1745/6764
f 3418/6998/6765 3353/6897/6766 3356/6899/6767
f 3356/6899/6767 3531/6999/6768 3418/6998/6765
f 3091/7000/6769 3090/6465/6769 3089/3742/6769 3092/3741/6769
f 824/4237/3737 987/2917/2450 1081/843/679 998/842/678 988/596/483 827/595/482
f 3822/7001/6770 3742/7002/6771 3608/7003/6772 3388/7004/6773
f 3283/6748/6774 3420/7005/6775 3285/6752/6776
f 3422/7006/6777 3421/2017/6777 3423/2016/6777
f 3361/6905/6654 3362/6904/6653 3363/6911/6778
f 3468/7007/6779 3361/6905/6780 3363/6911/6781
f 3468/7007/6779 3423/7008/6782 3361/6905/6780
f 3470/7009/6783 3468/7007/6783 3363/6911/6783
f 3366/6995/6784 3425/7010/6785 3364/7011/6786
f 3426/6994/6787 3425/7010/6788 3366/6995/6789
f 3425/7010/6785 3424/7012/6790 3364/7011/6786
f 3425/7013/6791 3471/7014/6792 3424/7015/6793
f 3426/6994/6787 3427/7016/6794 3425/7010/6788
f 3427/7017/6795 3426/6917/6796 3297/1755/6797
f 3474/2876/6798 3427/7018/6795 3297/7019/6797
f 2782/6138/6799 2816/4221/3721 2742/4220/3720 2682/1906/1580 2739/1984/4308
f 3372/6239/5963 3480/7020/6800 3475/6240/5964
f 3428/7021/6801 3476/7022/6801 3299/7023/6801
f 3299/7023/6668 3369/7024/2917 3428/7021/2916
f 1952/2831/6802 2021/7025/6802 2117/2765/6802 2116/2768/6802
f 3430/7026/6803 3370/6437/6803 3431/6436/6803
f 3301/5192/6804 3368/6925/6804 3478/5193/6804
f 3482/7027/6805 3373/5213/6806 3374/7028/6807
f 3378/6947/6808 3377/6949/6808 3432/7029/6808
f 3802/6128/5844 3755/6127/5843 3754/4523/3980 3801/4522/3979 3835/5076/4514
f 4738/7030/6809 4722/4985/6810 4734/7031/6811 4652/7032/6809
f 3380/5032/6812 3381/6514/6812 3434/5546/6812
f 4349/7033/6813 4362/5901/6813 4369/5900/6813 4331/7034/6813 4333/7035/6813
f 1167/7036/6814 1177/3287/6814 1176/539/6814 1175/7037/6814
f 1297/2050/2653 1296/3112/2652 1313/4181/6815 1314/2051/6816
f 3383/5681/6817 3438/5680/6817 3437/7038/6817
f 1868/7039/6818 1867/7040/6818 1869/4332/6818 1483/4333/6818
f 3437/7041/6819 3438/7042/6819 3441/7043/6819
f 3439/5352/6820 3384/5679/6700 3386/5353/6699
f 2142/4978/4474 2093/7044/6821 2086/3307/6822 2092/4877/6822
f 3044/7045/2134 2974/6255/3904 2895/4217/5850 2973/5887/5852
f 4020/7046/6823 4453/7047/6823 3837/4275/6823 3836/4274/6823
f 3391/4997/4451 3389/6964/6716 3390/4998/4452
f 2578/7048/6824 16/5274/4707 17/371/677 2575/373/6824 2726/3031/2553 2679/3030/2552
f 3445/7049/6825 3394/2998/6826 3391/4997/6827
f 3445/7049/6825 3391/4997/6827 3443/1540/1293
f 3444/6507/6828 3393/2268/6722 3396/6508/6721
f 3396/6508/6255 3395/2267/6829 2501/3025/6256
f 3446/1526/6830 3324/1529/2519 3394/2998/2518
f 3504/7050/6831 3394/2998/6831 3445/7049/6831
f 3326/5926/6832 3325/3026/6832 2501/3025/6832
f 3540/3008/6833 3421/2017/6833 3422/7006/6833 3546/7051/6833
f 1497/7052/4834 1496/7053/4833 3575/6044/555 3672/2312/1945 3574/2311/1944
f 2878/7054/6834 2763/7055/5703 2716/6055/5764 2713/107/91 2803/106/90
f 2157/5014/6835 2141/4984/6835 2014/4865/6835 2102/5013/6835
f 3455/4622/4083 3262/3289/4082 3349/3288/6836
f 3412/6990/6837 3456/7056/6837 3413/328/6837
f 3413/7057/253 3456/7058/6838 3411/7059/254
f 3456/7060/6839 3412/7061/6839 3414/7062/6839
f 3457/7063/6840 3455/4622/6840 3349/3288/6840
f 3457/6992/6757 3350/6887/6634 3458/7064/6841
f 3459/7065/6842 3458/7066/6842 3350/7067/6842
f 1483/7068/6843 1257/7069/6843 1256/1037/6843 1490/1036/6843 1868/4366/6843
f 3459/7065/6844 3350/7067/6845 3208/140/112 3354/139/111 3415/6370/6845 3462/460/6846
f 3415/7070/6847 3353/6897/6848 3461/7071/6849
f 3416/6997/6763 3417/6475/6213 3525/5083/4522
f 3463/7072/6850 3353/6897/6850 3418/6998/6850
f 3531/1760/6851 3463/7073/6852 3418/7074/6853
f 3353/6897/6848 3463/7072/6854 3461/7071/6849
f 3466/7075/6855 3277/6739/6855 3273/6434/6855
f 3466/7076/6856 3273/7077/6856 3464/7078/6856
f 3358/1758/6857 3285/7079/6857 3420/7080/6857
f 3469/2285/6858 3545/7081/6859 3544/879/6860
f 3470/7009/6861 3469/7082/6861 3468/7007/6861
f 3469/7082/6858 3470/7009/6862 3545/7083/6859
f 3427/7016/6863 3471/7084/6863 3425/7010/6863
f 3472/7085/6864 3424/7015/6793 3471/7014/6792
f 3992/7086/6865 3994/7087/6865 3995/7088/6865 3993/7089/6865 3990/7090/6865
f 3471/7084/6866 3473/7091/6867 3472/7092/6868
f 3427/7016/6869 3473/7091/6867 3471/7084/6866
f 3427/7093/6870 3474/7094/6870 3473/7095/6870
f 3549/7096/6871 3473/7097/6871 3551/7098/6871
f 3473/7099/6872 3474/7100/6872 3551/7101/6872
f 4005/7102/6873 4163/2319/6873 4161/7103/6873 3388/7004/6873
f 1425/4147/5856 1426/3484/2974 1105/3483/2973 1107/2729/5857
f 3368/6925/6676 3479/6931/6675 3478/5193/6874
f 3481/5214/6875 3373/5213/6806 3482/7027/6805
f 3792/4337/3824 3644/6972/6876 2690/4868/6876 2651/4334/3821
f 3433/7104/6877 3484/7105/6877 3483/7106/6877
f 3486/7107/6878 3484/7105/6879 3485/7108/6880
f 3484/7105/6879 3486/7107/6878 3483/7106/6881
f 4465/7109/6882 4490/7110/6882 4462/7111/6883 4458/7112/6884
f 709/7113/6885 719/7114/6885 717/7115/6885 710/1031/6885
f 3435/6513/6886 3436/6515/6886 3487/5706/6886
f 2578/39/33 2679/1848/6887 2731/1849/1532 2734/6424/6173
f 3491/1116/912 3490/1115/911 3437/1257/6888
f 3441/4309/6889 3491/4308/6889 3437/7038/6889
f 2813/6249/5979 2814/736/6890 2779/241/188 2812/240/187 2889/6246/5978
f 3440/4307/6891 3442/1573/6891 3492/1576/6891
f 913/2918/2451 823/7116/6892 915/2308/1941 986/2919/2452
f 2552/7117/6893 630/4097/3602 64/4096/3601 62/5852/6893 3821/7118/6893
f 3821/7118/6894 62/5852/5477 2655/5851/5476
f 3498/4996/4449 3497/1541/6895 3443/1540/4450
f 3500/7119/6896 3497/1541/6896 3498/4996/6896
f 3500/7119/6897 3499/1538/6898 3497/1541/6899
f 3393/2268/6900 3444/6507/6900 3501/7120/6900
f 353/7121/6901 421/1334/6902 420/6210/6902 352/919/6901
f 3443/1540/1293 3503/1539/1292 3445/7049/6825
f 3503/1539/6903 3504/7050/6904 3445/7049/6905
f 3505/3258/6906 3504/7050/6904 3503/1539/6903
f 3505/3258/6906 3503/1539/6903 3499/1538/6907
f 2502/6509/6257 3501/7120/6908 3444/6507/6254
f 2502/6509/6909 2501/3025/6910 3506/1185/6911
f 3501/7120/6908 2502/6509/6257 3507/1188/6912
f 3507/1188/6913 2502/6509/6909 3506/1185/6911
f 3504/7050/6914 3446/1526/6830 3394/2998/2518
f 3239/1527/1283 3446/1526/1282 3508/2599/6915
f 3505/3258/6916 3570/2600/2166 3508/2599/2165 3446/1526/6830 3504/7050/6914
f 917/216/166 914/1514/1272 826/1081/867 828/7122/6917 777/217/167
f 2501/3025/2547 3509/3024/2546 3506/1185/6918
f 3671/7123/6919 259/1462/1218 1088/3900/6920 40/5944/6921
f 2070/6170/5884 1874/6173/5887 1881/582/467 2008/581/466 2075/4853/6922
f 1429/7124/6923 1778/2976/6923 1777/2975/6923 1428/4159/6923
f 1549/7125/6924 1575/3728/3207 1592/3722/3206 1350/7126/6924
f 3729/6975/6925 3734/6974/6926 3735/7127/6927 3723/7128/6925
f 3561/7129/6928 3559/7130/6928 3485/5708/6928 3560/7131/6928
f 3469/7082/6929 3422/7132/6929 3423/7008/6929 3468/7007/6929
f 1208/2914/2446 1204/2916/2448 1206/7133/6930 1207/7134/2470
f 3400/2687/2240 3515/2686/2239 3453/5822/5437
f 3047/6385/6931 3050/4619/6932 3516/4058/6933
f 3581/7135/6934 3047/6385/6931 3516/4058/6933
f 3261/6718/6935 3047/6382/6935 3581/7136/6935
f 3518/7137/6936 3517/7138/6937 3521/7139/6938
f 3517/7138/6939 3522/7140/6940 3521/7139/6941
f 3455/4622/6942 3519/7141/6943 3520/7142/6944
f 3411/7143/6945 3456/7144/6946 3521/7139/6941
f 3411/7143/6945 3521/7139/6941 3522/7140/6940
f 3414/7062/6947 3523/7145/6947 3456/7060/6947
f 3521/7139/6948 3456/7144/6948 3523/7146/6948
f 3521/7139/6938 3523/7146/6949 3518/7137/6936
f 3519/7141/6943 3455/4622/6942 3457/7063/6950
f 3458/7064/6951 3519/7147/6951 3457/6992/6951
f 3524/7148/6952 3458/7149/6953 3459/7150/6954
f 3042/5886/5367 2892/5885/5522 2813/7151/5979 2970/7152/5368
f 3460/661/6955 3527/660/6955 3528/7153/6955
f 3034/6531/6956 3036/6529/6956 2964/6123/5836 2885/6121/5835
f 3527/660/6957 3529/7154/6958 3528/7153/6959
f 3461/461/375 3462/460/374 3415/6370/6960
f 3525/7155/4522 3530/6430/6961 3416/6429/6763
f 3530/6430/6962 3525/7155/6963 3526/7156/6964
f 3531/1760/6851 3590/1759/6965 3463/7073/6852
f 1812/4257/6966 1814/4259/6966 1459/1773/6966 1807/7157/6966
f 3532/7158/6967 3466/7075/6967 3464/6433/6967
f 456/998/6968 660/1670/6968 604/7159/6968 457/995/6968
f 4744/4624/6969 4756/7160/6969 4666/7161/6969 4662/7162/6969 4751/7163/6969 4657/7164/6969
f 3309/6954/6970 3308/1923/6970 3229/1922/5110 3795/3146/5109 3819/3145/5112 3718/7165/6971 3726/6250/6970 3733/6253/6970 3653/3282/6970 3652/3285/6970 3605/7166/6970 3489/6131/6970 3436/6130/6970 3381/6956/6970
f 3420/7080/6972 3537/7167/6972 3538/6237/6972
f 3420/7080/6973 3538/6237/5961 3358/1758/1456
f 4532/7168/6974 4520/7169/6974 4506/7170/6974 4499/7171/6975 4473/7172/6976 4459/7173/6974 4454/3522/6974 4170/3525/6974 4189/7174/6974 4464/2928/6974 4222/2927/6974 4479/7175/6974 4277/5703/5329 4485/5702/5328 4494/6697/6974 4318/6696/6974 4322/5696/5327 4534/5695/5326 4545/7176/6974 4544/7177/6974 4542/7178/6974
f 3540/3008/6977 3532/7158/6978 3464/6433/6979
f 3543/7179/6980 3535/4645/6981 3541/6928/6982
f 3543/1317/6983 3536/4261/6983 3535/7180/6983
f 3537/7167/6984 3550/7181/6984 3538/6237/6984
f 3540/3008/6977 3539/7182/6985 3532/7158/6978
f 3542/880/6986 3534/5728/6987 3533/3437/6988
f 3534/5728/6987 3542/880/6986 3545/7081/6989
f 3538/7183/6990 3550/7184/6990 3551/7185/6990
f 3540/3008/6991 3546/7051/6991 3539/7182/6991
f 916/594/481 738/3259/2761 737/6224/4994 825/4235/3735 827/595/482
f 3542/7186/6992 3544/7187/6992 3545/7188/6992
f 3543/7179/6980 3541/6928/6982 3548/7189/6993
f 3547/7190/6994 3548/7189/6994 3541/6928/6994
f 3548/1314/6995 3547/3572/6996 3549/1315/6997
f 4756/7160/6998 4762/7191/6998 4667/7192/6998 4666/7161/6998
f 3549/7096/6999 3551/7098/6999 3550/7193/6999
f 1141/2749/2933 1447/3439/2932 1446/4224/7000 1140/2787/7000
f 3474/1754/1455 3298/1753/1454 3551/6238/5962
f 3419/7194/7001 3274/6741/7001 3279/3456/7001 3465/2540/7001
f 3476/7195/2915 3553/7196/7002 3554/7197/7003
f 3477/3422/2919 3553/7198/7002 3476/3418/2915
f 2074/4850/7004 2007/7199/7004 2000/4823/4254 2128/4825/4256
f 3479/6931/6675 3555/5194/7005 3478/5193/6874
f 3103/2736/2289 3104/2735/2288 3112/4381/7006 3111/4384/7006
f 3481/7200/7007 3482/6089/7007 3556/7201/7007
f 3481/5214/7008 3556/7202/7008 3558/5410/7008
f 3482/6089/7009 3557/6088/7009 3556/7201/7009
f 3557/6088/7010 3558/7203/7010 3556/7201/7010
f 3169/3743/3224 3017/1806/1504 3599/7204/7011
f 3559/7205/7012 3486/7107/6878 3485/7108/6880
f 3560/7131/7013 3485/5708/7013 3488/5707/7013
f 639/1619/1352 700/1934/1617 756/1933/1616 699/7206/7014 638/1621/1354
f 3560/7207/7015 3489/6131/5846 3561/7208/7016
f 3560/7207/7015 3488/6132/5847 3489/6131/5846
f 3494/1575/7017 3564/5815/5428 3493/5814/5427
f 135/567/7018 133/7209/7018 129/7210/7018 130/263/7018
f 3495/1574/7019 3564/5815/7019 3494/1575/7019
f 3564/5815/7020 3566/7211/7020 3565/5204/7020
f 3564/7212/7021 3495/5161/7021 3566/5160/7021
f 3750/7213/7022 3749/6125/5841 1477/7214/7023 1450/7215/7024 1449/2313/1946 3615/6047/5758
f 3567/3257/7025 3499/1538/6898 3500/7119/6897
f 3498/4996/7026 3567/3257/7027 3500/7119/7028
f 3502/4123/7029 3501/7120/7029 3568/7216/7029
f 3501/7120/7030 3507/1188/7031 3568/7216/7032
f 3568/7216/7032 3569/1187/3628 3502/4123/3627
f 2921/6076/7033 2923/6181/7033 2924/6177/7033 2922/6179/7033
f 3507/1188/7031 3569/1187/3628 3568/7216/7032
f 3572/7217/7034 3571/1186/7035 3506/1185/6918
f 3506/1185/6918 3509/3024/2546 3572/7217/7034
f 2083/3003/7036 2084/1976/7036 2079/1979/4275 2041/4808/4277 2051/4810/7036 2042/3821/7036 2044/3820/4389 2122/4940/4388 2121/4941/4391 2033/4316/4390 2035/4769/4395 2053/2171/7036 2064/4960/7036 2068/6614/7036 2073/4841/7036 2136/4840/7037 2089/2150/7038 2096/2799/7036 2131/2798/7036 2127/4826/7036 2126/4805/7036 2058/4790/7036 2054/4530/7036 2048/4005/7036 2036/4008/7036 2123/4750/7036 2124/4752/7036 2038/4759/7036 2039/4757/7036 2050/4777/7036 2055/4791/7036 2056/4792/7036 2060/4806/7036 2130/4970/4411 2125/4969/4410 2134/2550/4409 2119/4711/4163 2024/188/4162 2087/4862/7036
f 1497/5327/4834 3574/7218/1944 1066/7219/5614
f 1465/435/352 3447/2001/1662 1458/436/353
f 3241/5329/4836 3128/6175/5890 3191/5238/1766 3328/5237/4664
f 1067/2309/1942 1449/2313/1946 1450/7215/7024 1074/2657/2208 1024/2644/2197
f 491/64/62 621/3543/3022 1063/2619/2183 337/65/63
f 3452/2034/1697 3511/1740/1443 3513/3923/3396
f 1097/7220/7039 2651/4334/7039 626/4876/7039
f 3583/651/7040 3522/650/7040 3517/7221/7040
f 3455/4622/6942 3520/7142/6944 3582/4623/7041
f 3519/7147/7042 3585/7222/7043 3520/7223/7044
f 3519/7147/7042 3458/7064/7045 3585/7222/7043
f 3458/7224/6953 3524/7225/6952 3585/7226/7046
f 3586/7227/7047 3585/7228/7047 3524/7229/7047
f 3520/7223/7048 3585/7222/7049 3628/7230/7050
f 2912/7231/7051 2915/1747/1450 2913/1746/1449 2901/6148/7052
f 3053/4620/7053 3050/4619/7053 3051/6384/7053 3052/7232/7053 3054/6414/7053
f 860/2202/7054 862/7233/7054 281/4161/7054 354/2197/7054
f 3526/7156/6964 3635/7234/7055 3530/6430/6962
f 3529/7154/6958 3527/660/6957 3588/659/7056
f 3635/7235/7057 3526/5082/4521 3529/5081/4520
f 588/746/7058 586/745/7058 511/2392/2003 512/2391/2002
f 3590/5639/5266 3461/7071/6849 3463/7072/6854
f 3590/5639/5266 3589/5638/5265 3461/7071/6849
f 3862/6667/7059 3875/2653/2204 3885/6773/6528 3883/7236/7059 3886/6765/6528 3846/6764/6527 3841/820/7059
f 4526/7237/7060 4746/7238/7061 4742/7239/7062 4656/7240/7062
f 38/2582/2148 2710/827/666 2709/830/669 2247/5200/4641 2249/5248/4670
f 3084/2665/7063 3166/2664/7064 3163/7241/7065 3079/7242/7063
f 4261/4346/7066 4242/4345/7066 4243/7243/7066 4262/7244/7066
f 3592/6908/7067 3554/7245/7067 3553/7246/7067
f 3373/5213/4650 3372/5216/4653 3371/6811/6557 3302/6813/6559
f 3558/5410/4993 3595/6165/5879 3475/5409/4992
f 1334/787/7068 1338/790/7068 1316/1842/7068 1312/1845/7068
f 3642/7247/7069 3557/6088/7070 3643/6087/7071
f 3561/7208/7072 3605/7166/7073 3649/3284/7074
f 3559/7205/7012 3603/7248/7075 3486/7107/6878
f 3486/7107/6878 3603/7248/7075 3604/7249/7076
f 3605/7250/7073 3561/7251/7072 3489/7252/7077
f 2652/7253/7078 2945/6477/7078 81/7254/7078 2551/7255/7078
f 3565/5204/7079 3566/7211/7080 3601/1878/7081
f 3601/1878/7081 3566/7211/7080 3602/7256/7082
f 700/1934/7083 639/1619/7083 504/1337/7083 415/926/7083 274/925/7083 70/469/7083 75/468/7083 81/7254/7083 2945/6477/7083 2693/4885/7083 2867/4884/7083 3110/6586/7083 3116/4540/7083 3306/4539/7083 3378/7257/7083 3483/7106/7083 3486/7107/7083 3604/7249/7083 3731/7258/7084 3727/7259/7085 3716/4687/7083 4130/1224/7083 3739/1223/7083 63/1782/1484 693/1781/1483 1016/2643/7083 866/2194/7083 857/2183/7083 850/2037/7083 754/1935/7083
f 3567/3257/7027 3498/4996/7026 3608/7003/7086
f 3567/3257/7087 3608/7003/7088 3607/7260/7089
f 3498/4996/7090 3388/7004/7090 3608/7003/7090
f 3610/7261/7091 3570/2600/7091 3567/3257/7091
f 3607/7260/7089 3610/7261/7092 3567/3257/7087
f 3611/6538/7093 3569/1187/7093 3571/1186/7093
f 3609/4124/7094 3569/1187/7095 3611/6538/7096
f 3611/6538/7096 2495/6111/7097 3609/4124/7094
f 4726/7262/7098 4731/7263/7099 4647/7264/7100 4646/7265/7098
f 3610/7261/7101 3612/2601/7101 3570/2600/7101
f 3508/2599/6915 3668/2598/7102 3239/1527/1283
f 3572/7217/7103 3509/3024/7104 3613/6539/7105
f 3613/6539/7106 3571/1186/7035 3572/7217/7034
f 3571/1186/7107 3613/6539/7107 3611/6538/7107
f 3614/7266/7108 3613/6539/7105 3509/3024/7104
f 459/1227/7109 666/1561/2694 661/3193/2696 608/7267/7109
f 2776/5962/5980 2778/7268/7110 2780/5968/5652 2891/5872/5510
f 40/5944/6921 3573/6110/7111 3671/7123/6919
f 3298/6812/6558 3163/7241/7065 3166/2664/7064 3221/6665/7112 3302/6813/6559
f 4390/7269/7113 4392/6942/7113 4389/6941/7113 4159/7270/7113
f 322/838/7114 392/1261/1777 319/2141/1776 318/7271/7115 246/7272/7116
f 851/2175/1821 844/2038/7117 789/2027/7117 843/869/1819
f 3512/5823/5438 3621/5949/5626 3620/6871/6602
f 3103/6482/7118 3111/6587/6324 3110/6586/6323 2867/4884/7118
f 3028/3015/2534 2877/6914/6662 2253/7273/7119 2258/3016/2535
f 775/7274/2381 828/7122/6917 826/1081/867 736/1080/866
f 2244/2497/2090 2253/7273/7119 2877/6914/6662 2758/2546/2125 2245/2493/2086
f 3517/5779/7120 3625/1815/7121 3584/7275/7122
f 3623/1814/7123 3584/7275/7122 3625/1815/7121
f 3627/4967/7124 3582/4623/7124 3520/7142/7124
f 3627/7276/7125 3520/7277/7048 3628/7278/7050
f 3699/7279/7126 3628/7280/7126 3586/7281/7126
f 3627/7276/7125 3628/7278/7050 3629/7282/7127
f 3628/7278/7128 3699/7283/7128 3629/7282/7128
f 3517/5779/7129 3584/7275/7129 3583/7284/7129
f 3999/7285/7130 4002/7286/7130 4001/7287/7130 4000/7288/7130
f 3585/7289/7131 3586/7281/7131 3628/7280/7131
f 3632/7290/7132 3588/659/7132 3630/658/7132
f 3633/3144/5113 3759/7291/7133 3679/7292/7133 3690/7293/7133 3694/7294/7133 3626/7295/7133 3518/7296/7133 3523/7145/7133 3414/7062/7133 3267/6729/7133 3153/5498/5116 3274/5497/5115 3419/5489/5114
f 3706/7297/4173 3634/7298/4176 3637/5640/7134
f 3530/6430/6962 3635/7234/7055 3705/5221/4657
f 2732/1304/1069 2737/1303/1068 2780/5968/5652 2778/7268/7110
f 3636/6236/7135 3637/7299/7135 3590/1759/7135
f 2355/5315/7136 2358/5314/7136 2295/5284/7136 2357/5283/7136 2291/5355/7136
f 3637/5640/5267 3634/7298/7137 3587/5641/5268
f 4803/7300/7138 4806/5090/4527 4798/5089/4526 4799/7301/7138
f 3554/7302/7139 3592/6362/7139 3710/7303/7139
f 3591/5196/4637 3711/5195/4636 3479/6931/6675
f 3479/6931/6675 3711/5195/7140 3555/5194/7005
f 3642/7247/7069 3641/7304/7141 3595/7305/7142
f 3730/7306/7143 3603/7248/7143 3646/7307/7143
f 3730/7306/7144 3604/7249/7076 3603/7248/7075
f 3604/7249/7145 3730/7306/7145 3731/7258/7145
f 3647/5235/7146 3730/7308/7146 3646/3977/7146
f 689/2015/7147 1096/2717/7147 1423/3933/7147 630/4097/7147 2552/7117/7147 4005/7102/7147 3388/7004/7147 2656/1958/7147 59/158/7147 270/895/7147 568/1320/7147
f 3653/7309/7148 3651/5234/7148 3650/3976/7148
f 3652/3285/7149 3649/3284/7149 3605/7166/7149
f 2352/5351/7150 2284/1208/7150 2282/1207/7150 2280/5272/7150
f 3733/7310/7151 3651/7311/7151 3653/7312/7151
f 3606/7313/1557 3654/7314/1556 3563/7315/7152
f 3654/7316/7153 3655/6973/7153 3563/4873/7153
f 3656/7317/7154 3655/7318/7154 3654/1880/7154
f 3986/7319/7155 3972/7320/7156 3984/7321/7156 3985/7322/7157
f 3601/7323/7158 3602/7324/7158 3657/7325/7158
f 3657/7326/7159 3602/5172/7159 3658/5171/7159
f 1903/4457/3901 1904/4456/3900 1896/4435/7160 1902/4434/7160
f 3659/7327/7161 3657/1879/7161 3658/7328/7161
f 2089/2150/7038 2136/4840/7037 2080/4847/7162 2090/2151/7162
f 3608/7003/7163 3666/7329/7163 3607/7260/7163
f 3741/7330/7164 3666/7329/7164 3608/7003/7164
f 3609/4124/7165 2495/6111/7165 3662/4125/7165
f 3607/7260/7089 3665/7331/7166 3610/7261/7092
f 3665/7331/7167 3607/7260/7167 3666/7329/7167
f 3664/4126/7168 2496/6112/7168 3613/6539/7168
f 3665/7331/7166 3612/2601/7169 3610/7261/7092
f 3667/7332/7170 3668/2598/5649 3612/2601/7171
f 3612/2601/7172 3665/7331/7172 3666/7329/7172
f 3666/7329/7173 3669/7333/7174 3612/2601/7175
f 3746/7334/7176 3744/7335/7177 3613/6539/7178
f 1333/73/7179 1505/4390/7179 1492/4389/7179 1299/74/7179
f 4654/7336/7180 4523/7337/7181 4522/7338/7182 4514/7339/7180 4513/7340/7180 4649/1447/7180
f 3514/2685/2238 3452/2034/1697 3513/3923/3396 3580/5947/5624 3515/2686/2239
f 3617/6046/1056 3750/7213/7022 3615/6047/5758
f 3783/3985/3463 3638/5270/4701 3789/5269/4700 3791/3986/3464
f 3680/7341/7183 3687/2447/2059 3684/911/2058
f 3684/911/7184 3679/910/7184 3680/7341/7184
f 3681/4061/7185 3581/7135/7185 3516/4058/7185
f 3681/2361/1985 3682/2360/1984 3581/7342/7186
f 2827/5616/7187 2826/7343/7187 2825/6001/7187 2818/5617/7187
f 3682/7344/7188 3686/7345/7188 3683/7346/7188
f 3682/7347/7189 3697/7348/7189 3686/7349/7189
f 3696/7350/7190 3697/7351/7191 3682/7344/7192
f 3693/7352/7193 3692/7353/7193 3689/7354/7193
f 3698/7355/7194 3693/7356/7195 3688/7357/7196
f 3693/7358/7195 3689/7359/7197 3688/7360/7196
f 3690/7293/7198 3692/7361/7199 3694/7294/7200
f 3692/7362/7201 3690/909/751 3689/908/750
f 3624/4968/7202 3691/4060/3564 3622/4059/3563
f 4591/5463/7203 4431/5465/7203 4593/5466/7203 4592/5464/7203
f 3696/2359/7204 3695/5858/7204 3699/7283/7204
f 3699/7279/7205 3697/7351/7191 3696/7350/7190
f 3693/7363/7206 3584/7275/7206 3623/1814/7206
f 3584/652/7207 3693/7364/7207 3698/653/7207
f 3693/7363/7208 3623/1814/1509 3692/1813/1508
f 2749/7365/7209 2691/7366/7209 87/7367/7209 2026/4713/7209
f 3626/7295/7210 3694/7294/7200 3692/7361/7199
f 3624/5859/5493 3627/7276/7211 3629/7282/7212
f 3624/5859/5493 3629/7282/7212 3695/5858/5491
f 3695/7368/7213 3629/7369/7213 3699/7370/7213
f 348/692/2172 276/695/7214 277/7371/7214 350/2610/2173
f 2030/4719/7215 1987/4718/7215 1835/7372/7215 1836/802/7215 1979/801/7215
f 3631/1326/7216 3702/7373/7216 3703/7374/7216
f 3703/7374/7217 3702/7373/7217 3700/7375/7217
f 3636/6236/7218 3704/5956/5638 3706/7376/7219
f 3635/7234/7055 3701/5222/4658 3705/5221/4657
f 3287/318/7220 3286/317/7220 3280/7377/7220 3282/6757/7220
f 3632/2063/7221 3701/2066/7221 3635/7378/7221
f 2326/5308/7222 2327/5323/7222 1695/3974/3458 1696/5306/5531
f 3636/6236/7218 3706/7376/7219 3637/7299/7223
f 3710/2028/7224 3709/6819/7224 3640/2029/7224
f 3787/7379/7225 3709/6819/7225 3710/2028/7225
f 3787/7379/7226 3710/2028/7226 3708/7380/7226
f 3712/7381/7227 3638/6229/7227 3594/6228/7227
f 3713/7382/7228 3643/6087/7071 3714/6093/7229
f 3713/7383/7230 3641/6163/7230 3642/7384/7230
f 3713/7382/7228 3642/7247/7069 3643/6087/7071
f 3827/5734/7231 4008/5733/7231 3826/4121/3625 3825/4128/3631
f 3598/1805/1503 3645/7385/7232 3017/1806/1504
f 3716/4687/7233 3715/7386/7234 3169/7387/7235
f 3716/7388/7233 3169/3743/7235 3599/7204/7236
f 2584/5891/5529 2586/110/94 8/109/93 2582/7389/304
f 850/2037/7237 857/2183/1824 849/2185/1826 790/2036/7237
f 3170/7390/7238 3375/6971/7239 3720/7391/7240
f 3720/7392/7241 3721/7393/7242 3170/7394/7243
f 3170/36/7243 3721/7395/7242 3224/6820/7244
f 3375/6971/7239 3719/6976/7245 3720/7391/7240
f 3721/7395/7246 3304/6671/7247 3224/6820/7248
f 2334/5333/7249 2386/4903/4980 2387/68/4979 2385/71/7249
f 1056/2638/2193 1054/3435/2929 1491/5328/4835 1497/5327/4834 1066/7219/5614 1027/2639/2194
f 3721/7393/7250 3724/2024/7250 3725/7396/7250
f 3728/748/7251 3732/1941/5983 3726/7397/5982
f 2762/6709/293 2879/6585/292 2958/6176/5891 2804/1073/862 2715/1072/861
f 3737/7398/7252 3725/7396/7253 3724/2024/7254
f 3648/1940/7255 3722/747/7255 3730/7399/7255
f 3730/7306/7256 3722/7400/7256 3727/7259/7256
f 3731/7258/7084 3730/7306/7257 3727/7259/7085
f 3799/5717/7258 43/5719/7258 1665/120/7258 2665/119/7258 4452/6505/7258
f 3735/7127/6927 3734/6974/6926 3655/6973/7259
f 3736/2023/7260 3737/7398/7252 3724/2024/7254
f 3648/7401/7261 3730/7402/7261 3647/7403/7261
f 2528/5827/7262 2640/5824/7262 2642/5837/7262 2530/5836/7262
f 3735/2022/6927 3655/7404/7259 3656/5653/7263
f 3738/4874/4321 3563/4873/4320 3655/6973/6728
f 3742/7002/6771 3741/7330/7264 3608/7003/6772
f 3742/7002/7265 3666/7329/7265 3741/7330/7265
f 3742/7002/7266 3669/7333/7174 3666/7329/7173
f 3664/4126/3629 3613/6539/7267 3744/7335/7268
f 3743/4127/3630 3664/4126/3629 3744/7335/7268
f 3613/6539/7105 3614/7266/7108 3746/7334/7269
f 3745/7405/7270 3746/7334/7269 3614/7266/7108
f 3744/7335/7177 3746/7334/7176 3745/7405/7271
f 1535/7406/7272 1515/7407/7272 1533/7408/7272 1532/7409/7272
f 3201/2559/2135 3044/2558/2134 2973/7410/5523 3042/5742/5367 3142/5741/7273
f 525/1451/1211 964/2437/7274 142/2436/7274 2594/5280/4721 105/193/154 100/192/153 206/1370/1124 294/7411/7274 452/7412/7274 603/1667/7274 716/1855/7274 657/1657/7274 596/1372/1126 705/1371/1125 875/2041/7274 941/1452/1212
f 4041/7413/7275 4050/7414/7275 4066/4638/7275 4038/4492/7275
f 3728/748/7276 3726/7397/7276 3718/7415/7276 3717/749/7276
f 3753/4525/3981 3676/4524/3395 3675/7416/1442
f 3192/442/358 2960/441/357 2880/3587/3075 3030/2501/2094
f 3755/6127/5843 3677/6448/5625 3754/4523/3980
f 4002/3495/2984 4390/7417/7277 4159/7418/7278 4001/7419/7279
f 3685/656/7280 3687/655/7281 3680/7420/7282
f 3685/656/7280 3680/7420/7282 3757/7421/7283
f 3680/7422/7284 3679/7423/7285 3757/6958/7286
f 3757/7424/7287 3758/2617/7287 3685/2616/7287
f 3760/6850/7288 3205/7425/6631 3260/6716/6630
f 3762/6851/6579 3261/6718/6482 3683/7426/7289
f 1265/2992/7290 1289/7427/7290 1264/7428/7290 1237/2990/7290
f 3980/4396/7291 3997/6350/7291 4157/7429/7291 4148/4397/7291
f 1492/4389/7292 1489/6321/7292 1276/3087/7292 1299/74/7292
f 1366/2647/7293 1068/2646/7293 1073/2605/7293 1371/2670/7293
f 3769/7430/7294 3775/6431/7295 3774/5219/7296
f 2820/5613/7297 2849/6074/7297 2833/5614/7297
f 3770/2698/2246 3765/2615/2178 3767/2614/2177
f 3212/6896/6645 3271/6898/6647 3210/7431/7298 3160/7432/7299
f 3766/678/536 3772/7433/7300 3777/6037/6364
f 1166/1171/7301 1150/2338/7301 1161/2797/7301 1160/6592/7301
f 3778/5220/7302 3774/5219/7296 3775/6431/7295
f 3776/2065/7303 3774/2697/7303 3701/2066/7303
f 3009/6317/6065 3080/6579/7304 3015/6311/7304 3007/6307/6052
f 3770/2698/2246 3774/2697/2245 3776/2065/7305
f 2949/6213/7306 2873/3718/7306 2868/3539/7306 2950/6211/7306
f 1761/1436/1201 1670/1435/1200 1671/3931/7307 2271/5257/4677
f 3777/7434/7308 3771/7435/7308 3700/7375/7308
f 3772/4561/7309 3771/7435/7309 3777/7434/7309
f 3704/6036/5753 3773/6620/7310 3777/6037/5754
f 3706/4738/4173 3704/6036/7311 3702/4739/4174
f 3636/6236/7218 3779/5957/5639 3704/5956/5638
f 4065/4637/7312 4064/7436/7312 4052/7437/7313 4037/4493/7314
f 3709/6819/6565 3788/7438/7315 3816/3461/6566
f 3788/7439/7316 3709/7440/7316 3787/7441/7316
f 3788/7438/7317 3708/7380/7318 3784/3462/7319
f 3788/7438/7320 3787/7379/7320 3708/7380/7320
f 2603/3531/4461 2591/3530/7321 2590/4327/7321 2605/5009/4462
f 3789/7442/7322 3714/6093/7322 3790/7443/7322
f 3791/7444/7323 3789/7442/7324 3790/7443/7325
f 1627/3871/7326 1637/3873/7326 1629/3785/7326 1619/3786/7326
f 3789/7442/7327 3713/7382/7327 3714/6093/7327
f 3645/7385/7232 3793/7445/7328 3599/7204/7011 3017/1806/1504
f 3304/6671/7247 3721/7395/7246 3794/7446/7329
f 311/7447/7330 467/7448/7330 384/7449/7330 306/7450/7330
f 3721/7451/7331 3725/5169/7331 3794/5168/7331
f 3722/7400/7332 3716/4687/7333 3727/7259/7334
f 3716/4687/7333 3722/7400/7332 3715/7386/7335
f 2755/5942/5694 2754/5938/5693 2707/5912/7336 2757/5913/7336
f 1478/4367/3840 3029/3118/2626 2803/106/90 2956/2545/2124
f 2916/5945/7337 2915/5946/7337 2912/2709/7337 2850/2708/7337
f 2947/6209/7338 3120/6501/7338 3319/6660/7338 3502/4123/7338 3663/4122/7338 3826/4121/7338 4009/5732/7338 4449/2179/7338 3740/7452/7338 2694/5856/5484 2659/5854/5483 2698/5908/7338 2798/4642/7338
f 3825/4128/7339 3743/4127/7340 2497/7453/7341
f 3669/7333/7342 3796/7454/7342 3797/7455/7342
f 3742/7002/7343 3796/7454/7343 3669/7333/7343
f 3796/7454/7344 3742/7002/6771 3822/7001/6770
f 3822/7001/6770 3798/7456/7345 3796/7454/7344
f 3744/7335/7346 3745/7405/7347 2497/7453/7348
f 3743/4127/7349 3744/7335/7349 2497/7453/7349
f 2393/7457/7350 2497/7453/7348 3745/7405/7347
f 3668/2598/5649 3667/7332/7170 3797/7455/7351
f 3745/7405/7352 3614/7266/7353 3830/7458/7354
f 3674/4241/1447 3751/3206/2706 3752/3205/2705 3753/4525/3981 3675/7416/1442
f 1477/7214/7023 3749/6125/5841 3800/5385/4972
f 3451/1741/1444 3334/2035/1698 3332/5868/5506 3450/3240/2749 3578/1742/1445
f 3804/7459/7355 3756/7460/7356 3803/7461/7357
f 3756/7460/7356 3804/7459/7355 3808/6432/7358
f 823/7116/6892 772/3063/1147 734/1079/865 822/1082/868
f 3757/6958/7359 3759/7462/7359 3838/6848/7359
f 3757/6958/7286 3679/7423/7285 3759/7462/7360
f 3806/7463/7361 3764/7464/7361 3763/681/7361
f 234/613/499 235/612/498 231/587/477 229/586/479
f 3806/7463/7362 3763/681/7362 3805/680/7362
f 4736/4601/7363 4655/7465/7363 4714/6086/7363 4715/6085/7363
f 440/1173/7364 449/1193/7364 451/1196/7364 442/1195/7364
f 3775/6431/6176 3756/7460/7365 3808/6432/6177
f 3775/7466/7366 3769/2696/7366 3756/6216/7366
f 3809/5958/7367 3805/6235/7367 3768/5959/7367
f 4783/7467/7368 4719/6800/7369 4810/3255/7370 4809/3327/7368
f 1818/3286/7371 1821/4270/7371 1827/4276/7371 1473/536/7371
f 3854/6233/7372 3907/6232/7372 3878/7468/7372
f 3782/3793/3283 3814/3792/3282 3815/7469/7373
f 3784/1828/1522 3786/7470/7374 3815/7469/7373
f 3786/7470/7374 3782/3793/3283 3815/7469/7373
f 3781/7471/7375 3783/3985/7375 3817/3984/7375
f 3791/7444/7323 3818/7472/7376 3912/7473/7377
f 3788/7438/7317 3784/3462/7319 3816/3461/7378
f 3784/1828/1522 3785/1827/1521 3786/7470/7374
f 3785/1827/7379 3707/1826/7379 3786/7470/7379
f 3780/6930/7380 3853/5197/7380 3591/5196/7380
f 3791/7444/7323 3790/7443/7325 3818/7472/7376
f 3790/7443/7381 3714/6093/7381 3818/7472/7381
f 4049/7474/7382 4053/7475/7382 4193/7476/7382 4191/7477/7382
f 3683/7426/7383 3261/6718/7383 3581/7136/7383 3682/7478/7383
f 3819/3145/5112 3087/5488/5111 3718/7165/6971
f 3181/3229/7384 3660/7479/7384 3496/5166/7384
f 3315/7480/7385 3821/7118/6894 2655/5851/5476
f 3823/7481/7386 3822/7001/6770 3388/7004/6773
f 3823/7481/7387 3824/3982/7388 3822/7001/7389
f 3798/7456/7390 3829/3981/7390 3797/7455/7390
f 3798/7456/7345 3822/7001/6770 3824/3982/7391
f 2497/7453/7341 2393/7457/7392 3825/4128/7339
f 3798/7456/7345 3797/7455/7393 3796/7454/7344
f 3828/7482/7394 3797/7455/7395 3829/3981/7396
f 3668/2598/5649 3797/7455/7351 3828/7482/7397
f 3745/7405/7398 3827/5734/7398 2393/7457/7398
f 3827/5734/7399 3745/7405/7352 3830/7458/7354
f 3827/5734/7400 3830/7458/7401 4014/7483/7402
f 1762/1434/7403 1758/1437/7403 1756/4062/3573 1754/4054/3557
f 2014/4865/4467 2012/4689/7404 1887/4690/7404 1925/7484/7404 1940/5070/7404 2178/5069/7404 2195/5108/7404 2167/5041/4488 2106/5012/4465
f 1964/2277/7405 1963/2276/7405 1962/2275/7405 1967/4608/7405
f 163/4107/1459 162/4106/3612 254/4559/4018 331/1777/1480 333/1780/1460
f 2559/151/120 52/144/119 2560/122/7406 2663/5861/7406 2701/5855/7406
f 4319/7485/7407 4126/7486/7407 3923/7487/7407 3925/7488/7407
f 3804/7489/7408 3836/7490/7409 3808/7491/7410
f 3836/6847/6577 3804/7492/7411 3838/6848/6578
f 3759/7462/7412 3839/7493/7412 3838/6848/7412
f 3838/6848/7413 3839/7493/7413 3862/7494/7413
f 3862/7494/7414 3841/7495/660 3838/6848/662
f 4139/4770/7415 3957/4774/7415 3942/7496/7415 4337/7497/7415
f 3844/821/661 3841/820/660 3846/6764/7416
f 3844/6849/661 3846/7498/7416 3760/6850/7417
f 3760/6850/7418 3846/7498/7418 3205/7425/7418
f 3807/6348/7419 3764/6852/7420 3806/7499/7421
f 3807/6348/7419 3849/6347/7422 3764/6852/7420
f 3807/7500/7423 3847/7501/7423 3848/7502/7423
f 3849/7503/7424 3851/5973/7424 3850/5976/7424
f 1495/4368/3841 1420/376/281 1142/375/280 1456/374/279 1455/5880/5513
f 3205/7504/7425 3846/6764/7425 3853/7505/7425
f 3860/7506/7426 3852/178/3850 3850/177/7427
f 3857/4557/4015 3856/4556/4014 3836/7490/7428
f 3854/7507/7429 3848/7502/7430 3847/7501/7431
f 3851/5973/5740 3863/6026/5739 3859/5974/7432
f 3855/4375/3848 3852/178/3850 3860/7506/7426
f 3193/6039/5755 3245/1251/1026 2961/1253/1028 2963/1701/1421 3133/5341/4862
f 3205/6885/7433 3853/5197/7433 2985/6929/7433
f 798/2062/7434 874/2348/7434 870/2347/7434 793/1938/7434
f 971/2431/7435 1078/7508/7435 1070/2370/7435 959/2369/7435
f 3633/3144/2650 3839/3143/2649 3759/7291/7436
f 3866/7509/7437 3867/7510/7438 3864/7511/7439 3860/5975/7439 3859/5974/7439 3863/6026/7439
f 3988/3859/7440 3991/6689/7440 4152/6688/7440 4151/3856/7440
f 3870/6025/7441 3866/7509/7437 3863/6026/7442
f 912/2480/7443 982/2479/7443 963/2468/7443 931/2460/7443
f 3872/7512/7444 3810/3009/7444 3808/6432/7444
f 3869/6024/7445 3873/6023/7445 3870/6025/7445
f 1469/3498/2986 1172/3497/2985 1162/2803/7446 1814/4259/7446
f 2913/1746/1449 2905/6153/5866 2904/6149/5868 2901/6148/7052
f 4062/7513/7447 4031/7514/7447 4047/4155/3653 4051/4158/3655
f 3873/7515/7448 3874/7516/7449 3870/7517/7450
f 3868/2772/2329 3872/7518/7451 3861/2769/2326
f 4219/6491/7452 4469/5649/7452 4463/4376/7452 3855/4375/7453 3864/2423/7454 4075/2422/7452
f 3848/7519/7430 3854/6233/7429 3878/7468/7455
f 3877/7520/7456 3874/7516/7449 3873/7515/7448
f 3357/2515/7457 3420/7005/6775 3283/6748/6774 3281/2516/7457
f 3881/966/7458 3880/2108/7458 3871/962/7458
f 3872/7518/7459 3868/2772/7459 3879/6867/7459
f 3713/7383/7460 3712/7521/7460 3594/6164/5878 3641/6163/5877
f 2985/6929/7461 3853/5197/7461 3780/6930/7461
f 3889/2655/7462 3891/7522/7463 3876/2656/7464
f 3891/7522/7463 3890/7523/7465 3876/2656/7464
f 2889/7524/7466 2812/7525/7466 2775/3029/2551 2773/3028/2550 2887/309/7466 2966/308/7467 2968/7526/7468
f 3892/7527/7469 3894/7528/7470 3893/2652/7471
f 3895/7529/7472 3896/7530/7473 3883/7236/7474
f 3885/6773/7475 3895/7529/7472 3883/7236/7474
f 71/6550/7476 187/4551/7476 182/2526/7476 67/2529/7476
f 4075/2422/7477 3874/7516/7478 3909/7531/7479
f 3877/7520/7456 3909/7531/7480 3874/7516/7449
f 3889/2655/7481 3902/7532/7482 3891/7522/7483
f 3901/7533/7484 3902/7534/7482 3889/7535/7481
f 3893/2652/7471 3894/7528/7470 3903/6774/7485
f 3885/6773/7486 3904/7536/7487 3895/7529/7488
f 1817/4228/7489 1786/3152/7489 1782/3151/7489 1793/4129/7489 1783/3959/7489 1784/3962/7489 1785/4197/7489 1797/4196/7489 1798/4198/7489 1805/4200/7489 1816/4239/7489 1823/7537/7489
f 3900/7538/7490 3909/7531/7480 3877/7520/7456
f 3879/6867/7491 3880/6866/7491 3811/449/7491
f 2934/7539/7492 3010/7540/7493 3009/7541/7494 3008/7542/7495
f 3811/449/7496 3872/7518/7497 3879/6867/7498
f 3810/448/7499 3872/7518/7497 3811/449/7496
f 3903/6774/7485 3894/7528/7470 3916/7543/7500
f 3906/6772/7501 3904/7536/7487 3885/6773/7486
f 395/1045/1038 323/859/674 248/7544/673 394/1267/1037
f 3908/7545/7502 3909/7531/7502 3900/7538/7502
f 2852/6071/5773 2792/6070/5778 2919/6174/7503 2916/6166/7503
f 3907/6232/7504 3781/6231/7504 3911/7546/7504
f 3781/7471/7505 3817/3984/3462 3912/3983/3461
f 3911/7547/7506 3781/7471/7505 3908/6893/7507
f 3781/7471/7505 3912/3983/3461 3908/6893/7507
f 3908/6893/6640 3907/6892/6639 3911/7547/7508
f 3908/6893/7509 3912/3983/7510 3913/7548/7511
f 3912/7473/7377 3914/6092/7512 3913/7549/7513
f 3908/6893/7509 3913/7548/7511 3909/7550/7514
f 3913/7549/7513 3914/6092/7512 3909/7531/7515
f 3915/7551/7516 3902/7552/7516 3901/7553/7516
f 3922/6775/7517 3903/6774/7518 3916/7543/7519
f 3904/7536/7487 3906/6772/7501 3918/7554/7520
f 3917/7555/7521 3918/7556/7521 3906/7557/7521
f 3912/7473/7377 3818/7472/7376 3914/6092/7512
f 3919/7558/7522 3915/499/7522 3901/7559/7522
f 3920/500/7523 3915/499/7523 3919/7558/7523
f 3921/7560/7524 3920/7561/7524 3919/7562/7524
f 3921/6136/7525 3919/7563/7526 3923/7487/7527
f 3924/7564/7528 3923/7487/7527 3919/7563/7526
f 3922/6775/7529 3923/7565/7529 3924/6776/7529
f 3922/6775/7517 3916/7543/7519 3925/7566/7530
f 3922/6775/7531 3925/7566/7531 3923/7565/7531
f 718/7567/7532 719/7114/7532 709/7113/7532 711/1839/7532
f 3917/7568/7533 3927/7569/7533 3918/7570/7533
f 3928/2870/7534 3927/2932/7534 3917/7571/7534
f 3917/6771/7535 3926/6770/7535 3928/7572/7535
f 3933/7573/7536 3931/6769/7536 3932/6768/7536
f 3930/7574/7537 3931/6769/7537 3933/7573/7537
f 3930/7574/7538 3929/7575/7538 3931/6769/7538
f 3905/6767/7539 3910/7576/7539 3933/7573/7539
f 3905/6767/7540 3933/7573/7540 3932/6768/7540
f 3914/6092/7512 3818/7472/7376 3714/6093/7541
f 3242/3119/2627 3029/3118/2626 1478/4367/3840 1495/4368/3841 3327/5311/4815
f 3557/6088/7070 3642/7247/7069 3595/7305/7142 3558/7203/7542
f 3129/1252/1027 3130/2129/1767 2879/387/292 2881/386/291
f 2142/4978/4474 2154/5019/4473 2143/7577/7543 2093/7044/6821
f 3942/7578/7544 3936/6779/7544 3941/7579/7544
f 4381/7580/7545 4154/7581/7546 4155/5468/5085 4382/5467/5084
f 3943/6780/7547 3944/7582/7547 3935/6781/7547
f 3945/7583/7548 3944/957/7548 3943/7584/7548
f 3946/956/7549 3935/7585/7550 3944/957/7551
f 3947/7586/7552 3937/6782/7553 3935/6781/7554
f 3947/7587/7555 3935/7585/7550 3946/956/7549
f 3947/7586/7552 3948/7588/7556 3937/6782/7553
f 3948/1952/7557 3947/7587/7557 3946/956/7557
f 1997/7589/4242 2064/4960/4241 2057/4799/4225 1995/2174/1818
f 683/114/7558 837/556/7558 742/1917/1592 493/115/1590
f 1987/4718/7559 1991/4765/7559 1851/7590/7559 1835/7372/7559
f 3936/6779/7560 3942/7578/7561 3954/7591/7562
f 3959/7592/7563 3945/6564/7564 3943/7593/7565
f 2173/5078/4516 2174/5053/4518 2114/5049/7566 2168/4910/7566 2108/4170/7566 2140/4169/7566 2138/4983/7566 2133/4973/4417 2120/4712/4164 2119/4711/4163 2132/2549/7566 2137/5789/7566 2153/7594/7566
f 3957/7595/7567 3954/7591/7562 3942/7578/7561
f 3959/7592/7563 3955/5005/7568 3945/6564/7564
f 3957/7595/7569 3958/7596/7569 3954/7591/7569
f 1284/1034/7570 1325/7597/7570 1502/7598/7570 1867/1035/7570
f 3960/7599/7571 3955/7600/7571 3959/7601/7571
f 3950/6783/7572 3952/7602/7572 3962/7603/7572
f 3961/6784/7573 3950/6783/7574 3962/7603/7575
f 3964/7604/7576 3965/7605/7577 3956/7606/7578
f 3967/7607/7579 3966/7608/7580 3958/7609/7581
f 3954/7610/7582 3958/7611/7582 3968/7612/7582
f 3966/7613/7580 3968/7612/7583 3958/7611/7581
f 3959/7592/7584 3969/2253/7585 3960/2252/7586
f 3969/7614/7585 3959/7615/7584 3976/1502/7587
f 3962/7603/7575 3971/7616/7588 3961/6784/7573
f 3970/6785/7589 3961/6784/7590 3971/7616/7591
f 3963/5249/7592 56/4875/7592 3738/4874/7592 3644/6972/7592 3792/4337/7592
f 3964/7604/7593 3972/7320/7593 3965/7605/7593
f 3984/7617/7594 3972/7618/7594 3964/7619/7594
f 3973/7620/7595 3966/7621/7595 3974/7622/7595
f 3975/7623/7596 3973/7620/7597 3974/7622/7598
f 3976/1502/7599 3978/1501/7599 3977/7624/7599
f 1865/4666/4126 1864/6172/5886 2069/6171/5885 2061/4668/4128
f 3976/1502/7600 3977/7624/7600 3969/7614/7600
f 3977/7624/7601 3978/1501/7601 3980/7625/7601
f 3981/7626/7602 3983/7627/7602 4004/3496/7602
f 3971/7616/7591 3983/7628/7603 3970/6785/7589
f 3970/6785/7589 3983/7628/7603 3982/6759/7604
f 3982/6759/7604 3983/7628/7603 3981/3794/7605
f 3986/7319/7155 3985/7322/7157 3987/7629/7606
f 3987/7630/7607 3985/7631/7607 3989/7632/7607
f 3989/7633/7608 3988/7634/7608 3987/7635/7608
f 3989/7636/7609 3990/7090/7609 3991/7637/7609
f 3988/3859/7610 3989/7638/7610 3991/6689/7610
f 3990/7090/7611 3989/7636/7611 3992/7086/7611
f 3635/7235/7612 3529/5081/7612 3588/7639/7612 3632/7640/7612
f 3975/7623/7613 3995/7088/7613 3994/7087/7613
f 3973/7620/7597 3975/7623/7596 3994/7087/7614
f 3996/7641/7615 3980/7642/7616 3978/7643/7617
f 3980/7644/7616 3996/7645/7615 3997/7646/7618
f 3999/6760/7619 3998/7647/7619 3996/1500/7619
f 3996/7648/7620 3998/5726/7620 3997/6350/7620
f 4003/7649/3286 4002/7650/3285 3999/7651/7621
f 1828/4277/3774 1827/4276/3773 1826/4269/7622 1825/4612/7622
f 2208/670/7623 2211/314/246 2189/313/245 2205/5133/7623
f 3985/7322/7624 2220/6761/7624 3989/7636/7624
f 1450/7215/7024 1477/7214/7023 1382/2307/1940 1025/2306/1939 1074/2657/2208
f 3966/7621/7625 3973/7620/7625 3994/7087/7625 3992/7086/7625 3989/7636/7625 2220/6761/6524 3996/1500/1259 3979/1499/1258 3976/1502/1261 3959/7615/7625 3943/6780/6531 3936/6779/6530 3954/7591/7625 3968/7652/7625
f 3963/7653/7626 3949/6762/6525 2220/6761/6524
f 4643/3887/7627 4470/3888/7627 4486/7654/7627 4497/6810/7627
f 422/2209/7628 864/7655/7628 865/2211/7628 581/2039/7628
f 4127/7656/7629 4524/423/325 4123/425/327
f 3388/7004/6773 4161/7103/7630 3823/7481/7386
f 3838/6848/6578 3804/7492/7411 3803/6959/7631 3757/6958/7631
f 3826/4121/7632 4008/5733/7632 4009/5732/7632
f 3824/3982/7633 3829/3981/7633 3798/7456/7633
f 829/219/169 832/3511/2997 1076/3783/3273 1000/220/170
f 3824/3982/7388 3823/7481/7387 4007/3979/7634
f 2393/7457/7392 3827/5734/7635 3825/4128/7339
f 2691/1809/7636 4764/7657/7636 4721/7658/7636 4640/6490/7636
f 3828/7482/7397 4012/5963/5645 3668/2598/5649
f 4010/3980/7637 3828/7482/7394 3829/3981/7396
f 3827/5734/7400 4014/7483/7402 4011/7659/7638
f 4014/7483/7402 4015/7660/7639 4011/7659/7638
f 4014/7483/7640 3830/7458/7640 4015/7660/7640
f 1367/2054/7641 1396/3343/7641 1394/3328/7641 1389/2055/7641
f 3524/7661/7642 3459/7065/6844 3462/460/6846 3587/459/7642 3631/1326/7642 3703/7374/7642 3700/7375/7642 3771/7435/7642 3772/4561/7642 3761/2923/7642 3686/7345/7642 3697/7351/7642 3699/7279/7642 3586/7281/7642
f 4408/1427/1192 4409/1426/1191 4407/5431/7643 4582/5430/7644 4405/5428/7645 4406/1995/3280
f 2019/1404/7646 2170/1403/7646 1943/5967/7646 1882/4695/7646
f 3840/6839/6575 4026/7662/7647 4022/6840/6576
f 4023/7663/7648 4027/7664/7648 4024/7665/7648
f 4023/7666/7649 4024/7667/7649 3840/6839/7649
f 3840/7668/7650 4024/7669/7651 4026/7670/7652
f 4025/1962/7653 4026/7670/7652 4024/7669/7651
f 4023/7666/7654 3840/6839/7655 3842/6838/7656
f 4023/7671/7657 4028/4802/7657 4027/7672/7657
f 3842/6838/7656 4028/7673/7658 4023/7666/7654
f 4029/7674/7659 4028/7673/7659 3842/6838/7659
f 4030/7675/7660 4029/7676/7660 3842/7677/7660
f 4028/4802/7661 4029/7678/7661 4031/4803/7661
f 4031/7514/7662 4029/7676/7662 4047/4155/7662
f 4029/7676/7663 4030/7675/7663 4047/4155/7663
f 4579/7679/7664 4580/7680/7665 4576/1994/1656 4575/2122/7664 4577/2121/7664
f 4201/3806/3294 4020/7681/7666 4611/4693/7666 4618/3807/3295
f 4036/7682/7667 4037/7683/7667 4048/7684/7667
f 4036/7685/7668 4048/7686/7668 3843/6827/7668
f 3843/7687/7669 4048/7688/7669 4035/7689/7669
f 4049/7474/7670 4035/7689/7670 4048/7688/7670
f 4052/7690/7671 4053/7475/7671 4049/7474/7671 4048/7688/7671
f 3721/7393/7672 3720/7392/7672 3723/2021/7672 3724/2024/7672
f 4040/7691/7673 4039/7692/7673 3845/7693/7673
f 2764/6713/5627 2672/6056/5765 2716/6055/5764 2763/7055/5703 2765/7694/5005
f 4040/7691/7674 4042/833/7675 4041/7695/7676
f 4040/7691/7677 4043/7696/7677 4042/833/7677
f 3845/7693/7678 4043/7696/7678 4040/7691/7678
f 4043/7697/7679 3845/6861/6581 4044/6860/6580
f 3621/5949/5626 3512/5823/5438 3453/5822/5437 3515/2686/2239
f 4024/7698/7680 4027/7672/7681 4056/7699/7682
f 4024/7669/7683 4057/1959/7684 4025/1962/7685
f 4056/7700/7686 4057/1959/7684 4024/7669/7683
f 4430/7701/7687 4431/5465/7687 4591/5463/7687 2436/5459/7687
f 1419/3934/3411 1415/113/3405 1666/3929/3404 1671/7702/7688 1670/3935/3412
f 4052/7437/7313 4048/7703/7689 4037/4493/7314
f 4056/7699/7682 4027/7672/7681 4054/7704/7690
f 500/4087/7691 747/5951/7691 2694/5856/7691 3740/7452/7691 4006/5801/7691
f 3855/4375/7453 3860/7506/7692 3864/2423/7454
f 4342/7705/7693 4137/4380/7693 3952/4379/7693 3948/7706/7693
f 4060/7707/7694 4057/1959/7694 4056/7700/7694
f 4063/7708/7695 4062/7513/7695 4051/4158/7695
f 3867/2421/2032 3874/7516/7696 4075/2422/2033
f 4054/7704/7690 4069/7709/7697 4056/7699/7682
f 4071/5001/4454 4055/4801/7698 4061/5002/4455
f 4055/4801/4227 4062/4800/4226 4061/5002/7699
f 4063/7708/7700 4061/7710/7701 4062/7513/7702
f 4064/7436/7703 4065/4637/7704 4082/4636/7705
f 4053/7475/7706 4052/7690/7707 4073/7711/7708
f 4073/7711/7708 4052/7690/7707 4064/7712/7709
f 367/948/7710 360/947/7710 358/3478/7710 366/949/7710
f 4058/4639/7711 4066/4638/7712 4074/7713/7713
f 4050/7714/7714 4074/7715/7714 4066/7716/7714
f 4067/7717/7715 4074/7715/7716 4050/7714/7717
f 4050/7714/7717 4068/7718/7718 4067/7717/7715
f 4059/832/7719 4068/7718/7718 4050/7714/7717
f 4590/1168/7720 4425/7719/7720 4423/3311/7720 4424/5456/7720
f 1929/7720/7721 1935/4548/4007 1926/4550/4009 1924/4511/7721
f 4069/7721/7722 4060/7707/7723 4056/7700/7724
f 4089/7722/7725 4069/7709/7726 4054/7704/7727
f 4089/7722/7725 4054/7704/7727 4027/7672/7728 4028/4802/7728 4055/4801/7728 4071/5001/7728 4078/5004/7728 4091/6301/7729
f 4070/7723/7730 4061/7710/7701 4072/7724/7731
f 4063/7708/7700 4072/7724/7731 4061/7710/7701
f 4064/7712/7732 4080/7725/7733 4073/7711/7734
f 4081/7726/7735 4073/7711/7734 4080/7725/7733
f 4080/7727/7736 4064/7436/7703 4082/4636/7705
f 4058/4639/7711 4074/7713/7713 4084/7728/7737
f 4076/7729/7738 4069/7709/7726 4087/7730/7739
f 4076/7731/7740 4087/7732/7741 4077/7733/7742
f 4086/7734/7743 4077/7733/7742 4087/7732/7741
f 4087/7730/7739 4069/7709/7726 4089/7722/7725
f 4078/7735/7744 4070/7723/7745 4093/7736/7746
f 4093/7736/7746 4070/7723/7745 4079/7737/7747
f 4070/7723/7745 4072/7724/7748 4079/7737/7747
f 4080/7727/7736 4095/4635/7749 4096/7738/7750
f 4095/4635/7749 4080/7727/7736 4082/4636/7705
f 4096/7739/7751 4097/7740/7751 4081/7726/7751
f 4081/7726/7752 4080/7725/7752 4096/7739/7752
f 2849/6167/6180 2934/6441/6179 2933/7741/7753 2923/6168/7753
f 4103/7742/7754 4101/4633/7755 4058/4639/7756
f 4085/7743/7757 4083/7744/7757 4084/7745/7757
f 4084/7745/7758 4067/7717/7758 4085/7743/7758
f 4067/7717/7759 4084/7745/7759 4074/7715/7759
f 4086/7746/7760 4087/7747/7760 4088/3296/7760
f 4090/7748/7761 4087/7730/7762 4089/7722/7763
f 4087/7747/7764 4090/3114/7764 4088/3296/7764
f 4093/7749/7765 4094/7750/7766 4092/7751/7767
f 4094/7750/7766 4093/7749/7765 4079/7752/7768
f 4096/7738/7750 4095/4635/7749 4098/7753/7769
f 4096/7754/7770 4098/7755/7770 4097/7756/7770
f 4098/7753/7771 4095/4635/7772 4100/4634/7773
f 4099/7757/7774 4097/7756/7775 4098/7755/7776
f 4102/7758/7777 4101/4633/7778 4103/7742/7779
f 4102/5047/7780 4103/5850/7781 4114/5849/7782
f 3494/1575/7783 3493/5814/7783 3491/4308/7783 3492/1576/7783
f 4090/3114/7784 4104/3113/7784 4088/3296/7784
f 4105/7759/7785 4090/7748/7761 4089/7722/7763
f 615/1702/1422 548/1442/1206 676/1444/1208 735/7760/2578 774/7761/3736 677/1703/1423
f 4089/7722/7725 4091/6301/7729 4105/7759/7786
f 685/1765/1465 622/1599/1467 566/1474/7787 785/2013/7787 743/1919/7787
f 4105/7759/7788 4091/6301/7789 4108/7762/7790
f 4108/5233/7791 4094/7750/7792 4107/292/7793
f 4092/6303/7794 4108/7762/7790 4091/6301/7789
f 4094/7750/7792 4108/5233/7791 4092/7751/7795
f 4100/4634/7773 4110/7763/7796 4098/7753/7771
f 4110/6869/7797 4099/7757/7774 4098/7755/7776
f 4099/7757/7774 4110/6869/7797 4111/6868/7798
f 4110/7763/7796 4100/4634/7773 4109/7764/7799
f 1740/4040/7800 1735/914/7800 1739/4045/7800 1741/1209/7800
f 4100/4634/7801 4101/4633/7801 4109/7764/7801
f 4109/7764/7802 4101/4633/7778 4102/7758/7777
f 4113/5044/7803 4102/5047/7780 4114/5849/7782
f 4115/7765/7804 3890/398/7805 3891/7766/7806
f 3890/398/7805 4115/7765/7804 4310/6115/7807
f 2666/7767/7808 3188/1146/7808 42/1155/7808 43/3902/7808
f 4315/7768/7809 3897/967/7810 4118/3536/7811
f 3897/967/7810 4315/7768/7809 3898/968/7812
f 4670/7769/7813 4671/931/7813 4769/930/7814 4665/7770/7815
f 3384/5679/7816 3383/5681/7816 3382/1522/7816 3385/1521/7816
f 4675/7771/7817 4673/7772/7818 2747/1495/7819 4674/1494/7820 2749/7365/7821
f 3881/966/7822 3858/965/7822 4201/5062/4504 4466/5061/4503
f 1431/2864/7823 1430/3436/7823 1114/1533/7823 1113/2733/7823
f 2902/2711/7824 2824/6152/7824 2823/6730/7824 2830/7773/7824 2907/2712/7824
f 4228/7774/7825 4244/7775/7826 4243/7776/7827 4227/7777/7825
f 4126/7486/7828 4324/7778/7828 3923/7487/7828
f 3673/434/351 3748/3504/2991 3616/1997/1658 1465/435/352
f 2257/7779/7829 2240/7780/7829 2229/7781/7829 2228/7782/7829
f 3141/3755/3242 3142/3754/3241 2968/7526/7468 2966/308/7467
f 3466/2537/7830 3465/2540/7830 3279/3456/7830 3277/3455/7830
f 3939/1216/7831 3940/7783/7831 4334/1212/7831
f 451/5016/7832 453/1509/7832 452/7784/7832 294/7785/7832
f 4131/1214/7833 3942/7786/7834 3941/1215/7835
f 4131/1214/7833 4337/7787/7836 3942/7786/7834
f 4132/958/7837 3944/957/7837 3945/7583/7837
f 4132/7788/7838 3945/6564/7838 4341/4051/7838
f 640/2207/7839 422/2209/7839 198/515/7839 197/514/7839
f 3940/1604/7840 4134/1603/7840 4334/7789/7840
f 4035/7790/7841 4191/7791/7841 4192/7792/7841 4034/7793/7841
f 4141/3465/7842 3965/1860/1540 4360/1859/1539
f 4142/4772/7843 3967/7794/7844 3958/4773/7845
f 4508/5691/5325 4470/5690/5324 4501/7795/7846
f 4141/3465/7847 4348/3468/5932 3956/6206/5931 3965/1860/7847
f 3967/7794/7844 4145/5839/7848 3966/7796/7849
f 4145/5440/7850 3974/7797/7851 3966/7798/7852
f 4142/4772/7843 4145/5839/7848 3967/7794/7844
f 4145/5440/7850 4371/5439/5920 3974/7797/7851
f 1948/4554/7853 1930/4526/7853 1921/4501/7853 1900/4480/7853 1896/4435/6266 1894/4412/6265 1890/2544/7853 1859/2543/7853 1858/4324/7853 1853/4331/7853 1852/4328/7853 1869/4332/6264 1877/6521/6263 1870/7799/7853 1854/7800/7853 1855/7801/7853 1843/7802/7853 1839/7803/7853 1838/7804/7853 1837/7805/7853 1836/7806/7853 1835/7807/7853 1851/7808/7853 1850/7809/7853 1857/7810/7853 1875/4385/3857 1882/4387/3859 1943/7811/7853
f 1155/3481/7854 1143/7812/7854 1156/2812/7854 1157/2407/7854
f 4793/1078/7855 4706/1077/7855 4717/4986/7855 4716/5980/5676 4806/5090/5675 4803/7300/7855 4812/7813/7855
f 4780/6736/6502 4774/7814/7856 4775/7815/7856 4808/6737/6503
f 74/473/383 184/472/382 185/1945/7857 69/7816/7857
f 3983/7627/7858 4373/7817/7859 4149/7818/7860
f 3843/6827/7861 3845/6861/7861 4039/7819/7861 4036/7685/7861
f 3747/5991/5705 2481/2177/7862 3830/7458/7862 3614/7266/7862 3509/3024/5706
f 3916/2200/7863 4119/2199/7863 4319/7820/7863 3925/7821/7863
f 3975/6197/5922 3974/7797/7851 4371/5439/5920
f 3997/6350/6073 4156/6349/6072 4157/7429/7864
f 4647/21/19 4504/20/18 4490/7110/7865 4646/7822/7865
f 4001/7419/7279 4158/5724/7866 4000/5723/7867
f 3678/6126/5842 3620/7823/6602 3621/7824/5626 3677/6448/5625 3755/6127/5843
f 4069/7721/7722 4076/7731/7868 4077/7733/7868 4060/7707/7723
f 4001/7419/7279 4159/7418/7278 4158/5724/7866
f 4002/3495/2984 4160/3494/2983 4390/7417/7277
f 3823/7481/7387 4162/7825/7869 4007/3979/7634
f 4162/7825/7870 3823/7481/7386 4161/7103/7630
f 4163/2319/7871 4162/7825/7870 4161/7103/7630
f 4449/2179/7872 4009/5732/5359 4164/5731/5358
f 4010/3980/7873 4007/3979/7873 4165/7826/7873
f 4165/7826/7874 4007/3979/7875 4162/7825/7876
f 4165/7826/7874 4166/5964/7877 4010/3980/7878
f 3816/3461/2953 3814/3464/2955 3812/7827/7879 3811/2107/1747 3884/2106/1746
f 3827/5734/7880 4011/7659/7880 4164/5731/7880
f 4011/7659/7881 4167/7828/7882 4164/5731/7883
f 4167/7828/7884 4011/7659/7885 2394/7829/7886
f 2394/7829/7886 4011/7659/7885 4015/7660/7887
f 4164/5731/7883 4167/7828/7882 4449/2179/7888
f 4012/5963/7889 3828/7482/7889 4010/3980/7889
f 4166/5964/7890 4012/5963/7890 4010/3980/7890
f 4015/7660/7891 3830/7458/7892 2481/2177/7893
f 1494/3505/2992 3748/3504/2991 3673/434/351 1059/433/350 1060/5157/4615
f 4516/4452/3898 4515/7830/7894 4510/7831/7894 4509/4453/3899
f 4170/6353/7895 4169/7832/7896 4172/7833/7897
f 3449/1277/1054 3330/2477/2075 3193/6039/5755 3247/5760/5376
f 4172/7833/7898 4169/7832/7898 4022/7834/7898
f 4172/7835/7899 4022/4302/7899 4190/4301/7899
f 4172/7835/7900 4190/4301/7900 4173/5674/7900
f 4173/6354/7901 4170/6353/7895 4172/7833/7897
f 4025/7836/7902 4171/4304/7902 4026/4303/7902
f 4174/4340/7903 4047/7837/7903 4030/5155/7903
f 4176/4341/7904 4032/5154/7904 4196/4505/7904
f 4032/7838/7905 4175/7839/7905 4177/5184/7905
f 4177/5184/7906 4196/5183/7906 4032/7838/7906
f 3210/7431/7298 3158/6571/6308 3075/6573/6310 3160/7432/7299
f 4177/5688/7907 4175/7840/7908 4178/5689/7909
f 4175/7840/7908 4033/7841/7910 4178/5689/7909
f 2803/106/90 3029/3118/2626 2959/3117/2625 2878/7054/6834
f 4179/6831/7911 4181/6830/7911 4180/7842/7911
f 4182/4440/7912 4180/7843/7912 4181/7844/7912
f 4034/7845/7913 4192/7846/7913 4183/7847/7913
f 3797/7455/7351 3667/7332/7170 3612/2601/7175 3669/7333/7174
f 4191/7477/7914 4035/7689/7914 4049/7474/7914
f 4043/7848/7915 4198/5391/7915 4042/7849/7915
f 4043/7697/7916 4044/6860/7916 4184/7850/7916
f 4043/7848/7917 4184/7851/7917 4198/5391/7917
f 4198/5391/7918 4184/7851/7918 4194/5392/7918
f 4184/7851/7919 4185/7852/7919 4194/5392/7919
f 4044/6860/7920 4186/6859/7920 4184/7850/7920
f 4184/7853/7921 4187/7854/7922 4185/7855/7923
f 701/2195/6426 354/2197/7924 194/496/7924 84/495/6427
f 4186/7856/7925 4187/7854/7925 4184/7853/7925
f 4457/4731/7926 4187/7857/7926 4186/7858/7926
f 4186/7858/7927 4045/7859/7928 4460/4732/7929
f 3501/7120/7930 3502/4123/7930 3319/6660/6714 3393/2268/6713
f 4469/5649/7931 4219/6491/7932 4640/6490/7932 4637/7860/7932 4713/7861/7933
f 3210/7862/7934 3271/6371/7934 3211/138/7934 3159/137/7934 3158/6570/7934
f 3619/7863/6603 3750/7213/7022 3617/6046/1056 3579/7864/1055
f 4216/7865/7935 4192/7792/7936 4215/7866/7937
f 4192/7792/7936 4216/7865/7935 4183/7867/7938
f 651/1654/7939 658/6400/7939 656/1834/7939 650/1833/7939
f 2655/5851/5476 64/4096/7940 1771/4110/7940 3315/7480/7385
f 3452/2034/1697 3514/2685/2238 3404/2689/2242
f 2658/5853/7941 2660/5477/7941 2557/125/7941 2554/146/7941
f 4182/4440/7942 4472/7868/7943 4468/4441/7944
f 4464/2928/7945 4189/7174/7945 4202/2929/7945
f 181/458/577 272/722/579 273/724/7946 351/899/742 265/456/744 180/455/7946
f 4457/4731/7947 4209/4730/7947 4187/7857/7947
f 4057/1959/7948 4060/7707/7948 4211/7869/7948
f 4211/4930/7949 4195/4929/1634 4057/7870/1633
f 4205/4339/7950 4063/7871/7951 4051/7872/7952
f 1875/4831/4265 2003/4833/4269 2002/4835/4286 1876/4845/4285
f 4205/4339/7950 4212/4338/7953 4063/7871/7951
f 4208/7873/7954 4073/7711/7708 4217/7874/7955
f 4208/7873/7954 4053/7475/7706 4073/7711/7708
f 4193/7875/7956 4053/7876/7956 4208/7877/7956
f 697/7878/7957 788/6308/7957 789/2027/7957 751/2026/7957
f 4193/7875/7958 4208/7877/7959 4217/7879/7960
f 4203/5390/7961 4068/7880/7961 4059/7881/7961
f 4218/5389/7962 4068/7880/7962 4203/5390/7962
f 3902/6704/7963 4120/6703/7963 4115/7882/7963 3891/7883/7963
f 4137/4380/7964 4342/7705/7964 4343/7884/7964 4347/7885/7964
f 4220/4927/7965 4210/7886/7965 4207/4928/7965
f 4207/4928/5313 4210/7886/7966 4200/5673/5311
f 4210/7887/7967 4221/7888/7968 4200/6355/6076
f 4200/6355/6076 4221/7888/7968 4202/6351/6074
f 4077/7889/7969 4211/7890/7969 4060/7891/7969
f 4072/7724/7970 4063/7708/7951 4212/7892/7953
f 404/1353/1111 330/1352/1110 161/5513/5149 164/6605/878 332/7893/882
f 621/3543/3022 491/64/62 488/67/65 553/5085/4523
f 4214/1109/901 4228/7774/7971 4213/1110/902
f 4228/7894/7972 4214/5686/7972 4475/5685/7972
f 4216/7865/7973 4215/7866/7973 4230/5369/7973
f 4231/7895/7974 4216/3547/7975 4230/7896/7976
f 4231/7895/7974 4472/3548/7977 4216/3547/7975
f 4231/7897/7978 4468/4441/7944 4472/7868/7943
f 4217/7898/7979 4073/7899/7980 4081/7900/7981
f 4232/7901/7982 4217/7902/7979 4081/7903/7981
f 3956/7606/7578 3953/7904/7983 3951/7905/7983 3964/7604/7576
f 4218/7906/7984 4067/7717/7984 4068/7718/7984
f 4206/5393/7985 4234/7907/1361 4252/5394/7986
f 4206/7908/7985 4197/1630/1362 4234/1629/1361
f 602/1508/7987 603/7909/7987 452/7784/7987 453/1509/7987
f 4789/488/7988 4718/7910/7988 4724/7911/7988 4709/7912/7988 4802/7913/7988
f 4237/7914/7989 4222/2927/2457 4221/2930/2459
f 4077/7915/7990 4223/7916/7990 4211/7917/7990
f 4086/7918/7991 4223/4931/7992 4077/7919/7993
f 4079/7920/7994 4212/4338/7995 4224/4353/7996
f 4079/7737/7994 4072/7724/7997 4212/7892/7995
f 4242/4345/7998 4225/4344/7999 4243/7243/8000
f 3895/7921/8001 4313/7922/8001 4312/3538/8001 3896/3537/8001
f 4225/4344/7999 4226/4343/8002 4227/7923/8003
f 4226/4343/8004 4213/4342/8004 4227/7923/8004
f 4225/4344/7999 4227/7923/8003 4243/7243/8000
f 4228/7774/7971 4227/7777/8005 4213/1110/902
f 339/7924/8006 334/7925/8006 316/7926/8006 245/7927/8006
f 4230/5369/8007 4215/7866/8007 4246/5366/8007
f 592/7928/8008 599/7929/8008 710/7930/8008 717/7931/8008 523/7932/8008 112/248/195 219/247/194 306/1011/8008 466/1010/8008 528/1242/8008 612/6596/8008 726/1963/8008 766/1965/8008 810/2395/8008 891/2281/8008 901/2280/8008 958/2680/8008 1022/7933/8008 1186/2817/8008 842/2327/8008 640/2326/5122 431/1382/5121
f 4468/4441/7944 4231/7897/7978 4245/4442/8009
f 4085/7743/8010 4067/7717/8011 4233/7934/8012
f 4233/7934/8012 4067/7717/8011 4218/7906/8013
f 4220/7935/8014 4239/7936/8015 4210/7887/8016
f 4255/7937/8017 4237/7938/8018 4239/7936/8015
f 4222/2927/8019 4237/7914/8020 4255/7939/8021
f 4238/7940/8022 4220/4927/4379 4256/4926/4378
f 4220/4927/8023 4238/7940/8023 4239/7941/8023
f 4223/4931/7992 4086/7918/7991 4240/4932/8024
f 4240/4932/8024 4086/7918/7991 4088/7942/8025
f 4241/7943/8026 4094/7944/8026 4079/7945/8026
f 1240/2861/2406 1228/2977/8027 1241/2999/8027 1278/2862/2407
f 4241/7946/8028 4079/7947/8028 4224/7948/8028
f 4754/3248/2753 4750/7949/8029 4658/7950/8029 4530/3249/2754
f 4244/7775/7826 4262/7951/8030 4243/7776/7827
f 4475/5685/8031 4244/7952/8031 4228/7894/8031
f 4231/7897/7978 4248/7953/8032 4245/4442/8009
f 4229/5368/4940 4249/5367/4939 4247/7954/8033
f 4247/7955/8034 4248/7956/8035 4229/7957/8036
f 4085/7958/8037 4251/7959/8037 4114/7960/8037
f 4233/7934/8038 4251/7961/8038 4085/7743/8038
f 4253/5923/8039 4235/5922/8039 4273/7962/8039
f 4235/7963/8040 4254/4728/8040 4273/7964/8040
f 4163/2319/8041 4166/5964/7877 4165/7826/7874 4162/7825/7876
f 4239/7936/8015 4238/7965/8042 4255/7937/8017
f 4255/7939/8021 4274/7966/8043 4222/2927/8019
f 4255/7967/8017 4238/7968/8042 4274/7969/8044
f 4257/3295/2793 4240/7970/8045 4088/3296/2794
f 3949/6762/8046 3963/7653/8046 3792/7971/8047 3888/6763/6526
f 4104/7972/8048 4106/7973/8048 4258/7974/8048
f 438/7975/8049 437/1163/8049 445/731/8049 436/730/8049
f 4259/7976/8050 4260/289/229 4107/292/231
f 4107/7977/8051 4094/7978/8051 4259/7979/8051
f 2886/5626/5966 3035/6367/8052 3034/6531/8052 2885/6121/5967
f 1138/2010/1678 1445/2009/1677 1434/3224/2730 1135/2746/2729
f 4263/7980/8053 4262/7951/8053 4244/7775/8053
f 4263/7981/8054 4244/7952/8055 4480/5684/8056
f 4480/5684/8056 4244/7952/8055 4475/5685/8057
f 4247/7955/8034 4264/7982/8058 4248/7956/8035
f 4266/4443/8059 4245/4442/8009 4264/7983/8060
f 4264/7983/8060 4245/4442/8009 4248/7953/8032
f 4265/7984/8061 4249/5367/8061 4288/7985/8061
f 4265/7984/8062 4247/7954/8033 4249/5367/4939
f 4291/7986/8063 4247/7987/8064 4265/7988/8065
f 4264/7989/8066 4247/7987/8064 4291/7986/8063
f 4266/4443/8059 4264/7983/8060 4481/4444/8067
f 4264/7983/8068 4291/7990/8069 4481/4444/8070
f 4250/1680/1407 4097/1679/1406 4268/7991/8071
f 4111/6868/8072 4268/7992/8071 4099/7757/8073
f 4268/7991/8071 4097/1679/1406 4099/7993/8073
f 4267/7994/8074 4268/7991/8071 4111/7995/8072
f 4112/5045/8075 4267/7996/8075 4111/6868/8075
f 4292/5398/8076 4112/7997/8076 4269/5399/8076
f 4269/7998/8077 4112/5045/8078 4113/5044/8079
f 4269/7999/8077 4113/8000/8079 4114/8001/8080
f 4251/8002/8081 4269/8003/8081 4114/8004/8081
f 4252/5394/4976 4272/8005/8082 4270/5395/4977
f 159/384/289 252/853/853 251/642/852 158/383/288
f 4270/5395/8083 4272/8005/8084 4271/8006/8085
f 407/883/8086 260/687/8086 338/881/8086 494/1310/8086 559/1470/8086
f 4253/8007/8087 4272/8005/8087 4252/5394/8087
f 4272/8008/8088 4253/5923/8089 4273/7962/8090
f 4273/7964/8091 4254/4728/8091 4301/4727/8091
f 3888/6763/6526 3792/7971/8047 3853/7505/8092 3846/6764/6527
f 4256/4926/8093 4275/8009/8094 4238/7940/8095
f 4275/5830/5449 4276/5829/5448 4274/7969/8096
f 4275/5830/5449 4274/7969/8096 4238/7968/8097
f 4274/7966/8098 4276/8010/8098 4479/7175/8098
f 4256/4926/4378 4280/4349/3826 4278/8011/8099
f 4256/4926/8093 4278/8011/8100 4279/8012/5450
f 4279/8012/5450 4275/8009/8094 4256/4926/8093
f 2531/5655/8101 2529/2587/8101 2528/2586/8101 2530/5651/8101
f 4277/5703/8102 4479/7175/8102 4276/8010/8102
f 4280/4349/8103 4302/8013/8104 4278/8011/8105
f 4283/8014/8106 4280/8015/8106 4281/8016/8106
f 2669/2494/2087 2670/2858/2403 35/685/540 36/5006/4458 2252/2495/2088
f 4304/5683/8107 4284/8017/8108 4287/8018/8109
f 3081/8019/8110 3080/8020/8110 3009/7541/7494 3010/7540/7493
f 4287/8021/8111 4285/8022/8112 4286/3091/2603
f 4287/8021/8111 4286/3091/2603 4263/3090/2602
f 4480/5684/8113 4287/8018/8113 4263/7981/8113
f 2108/4907/8114 2103/814/4343 2104/4888/4340
f 4290/8023/8115 4265/7988/8116 4288/8024/8117
f 4291/7986/8118 4290/8023/8119 4293/8025/8120
f 4290/8023/8115 4291/7986/8121 4265/7988/8116
f 4481/4444/8070 4291/7990/8069 4294/8026/8122
f 4293/8027/8123 4289/8028/8124 4292/5398/8125
f 4291/7986/8118 4293/8025/8120 4294/8029/8126
f 4305/8030/8127 4292/5398/8127 4295/5397/8127
f 3933/8031/8128 4124/8032/8128 4128/5656/8128 3930/5657/8128
f 4297/5396/8129 4296/8033/8129 4295/5397/8129
f 4297/8034/8130 4298/8035/8131 4296/8036/8132
f 4298/8035/8133 4299/8037/8134 4296/8036/8135
f 4297/5396/8136 4270/5395/8083 4271/8006/8085
f 4271/8038/8137 4298/8035/8131 4297/8034/8130
f 4308/4446/8138 4299/8039/8139 4301/4727/8140
f 4299/8039/8141 4300/8040/8141 4301/4727/8141
f 4273/7964/8142 4301/4727/8142 4300/8040/8142
f 4279/5831/5450 4482/8041/8143 4277/5828/5447
f 4278/8042/8100 4302/8043/8144 4279/5831/5450
f 4482/8041/8143 4279/5831/5450 4302/8043/8144
f 4302/8043/8145 4303/8044/8145 4482/8041/8145
f 4303/8045/8146 4304/5683/8146 4482/5682/8146
f 4280/4349/8103 4283/5365/8147 4302/8013/8104
f 4283/8046/8148 4303/8044/8148 4302/8043/8148
f 4283/8046/8149 4284/8047/8150 4303/8044/8151
f 4303/8045/8152 4284/8017/8108 4304/5683/8107
f 4292/5398/8125 4305/8030/8153 4293/8027/8123
f 4294/8029/8154 4293/8025/8154 4305/8048/8154
f 4294/8029/8155 4305/8048/8155 4306/8049/8155
f 4295/8050/8156 4296/8036/8157 4305/8048/8158
f 4306/8049/8159 4305/8048/8159 4307/8051/8159
f 4307/8051/8160 4305/8048/8158 4296/8036/8157
f 4299/8037/8134 4307/8051/8161 4296/8036/8135
f 4308/4446/8138 4307/8052/8162 4299/8039/8139
f 4115/6694/8163 4485/5702/8163 4310/8053/8163
f 4115/6694/8164 4494/6697/8164 4485/5702/8164
f 4310/8053/8165 4485/5702/8165 4491/5701/8165
f 4491/8054/8166 4116/674/8166 4310/6115/8166
f 4491/5701/8167 4492/5700/8167 4311/8055/8167
f 4311/675/8168 4116/674/8168 4491/8054/8168
f 4313/7922/8169 4314/8056/8169 4312/3538/8169
f 4314/8056/8170 4313/7922/8170 4488/8057/8170
f 4312/3538/3018 4314/8056/8171 4118/3536/3016
f 4118/3536/8172 4314/8056/8172 4489/8058/8172
f 4118/8059/8173 4489/8060/8173 4315/8061/8173
f 4495/4449/8174 4488/4448/8174 4313/8062/8174
f 4311/8063/8175 4119/2199/8175 4117/2198/8175
f 4313/8064/8176 4317/2156/8176 4316/8065/8176
f 4316/8066/8177 4495/4449/8178 4313/8062/8179
f 4496/5699/8180 4119/8067/8181 4311/8055/8182
f 3909/7531/7479 3596/1811/8183 4505/1810/8183 4219/6491/8183 4075/2422/7477
f 3596/1811/8184 3909/7531/8184 3914/6092/8184
f 4318/6696/8185 4120/6695/8186 4122/8068/8187
f 4318/8069/8185 4122/8070/8187 4322/8071/8188
f 4496/5699/8189 4319/8072/8189 4119/8067/8189
f 4320/8073/8190 4316/8065/8191 4317/2156/8192
f 4317/8074/8192 4123/425/8193 4320/424/8190
f 4322/8075/8194 4122/8076/8194 4125/8077/8194
f 4322/8078/8195 4125/6134/8195 4323/6133/8195
f 4324/7778/8196 4325/8079/8196 4323/6133/8196
f 4324/2985/8197 4126/8080/8197 4325/8081/8197
f 4319/8072/8198 4326/5698/8198 4126/8082/8198
f 4325/8083/8199 4126/8084/8199 4326/8085/8199
f 3736/2023/7260 3659/5654/8200 3658/8086/8200 3737/7398/7252
f 4127/7656/8201 4327/8087/8201 4524/423/8201
f 4128/5656/8202 4329/8088/8202 4328/2868/8202
f 4328/2868/8203 4524/8089/8203 4327/2869/8203
f 4329/8088/8204 4524/8089/8204 4328/2868/8204
f 4124/8032/8205 4329/8088/8205 4128/5656/8205
f 4329/4726/8206 4124/8090/8206 4330/8091/8206
f 4330/8091/8207 4124/8090/8207 4121/3443/8207
f 3793/7445/8208 4331/8092/8208 4130/8093/8208
f 3793/7445/8209 4332/8094/8209 4331/8092/8209
f 4333/8095/8210 4335/8096/8210 4334/1212/8210
f 4335/8096/8211 4336/1213/995 4334/1212/994
f 4338/4595/8212 4337/7787/8213 4131/1214/8214
f 4338/4595/8212 4339/4598/8215 4337/7787/8213
f 1065/2645/2198 1062/2618/2181 1061/2606/2180
f 4340/4597/8216 4132/958/8217 4341/8097/8218
f 4133/955/8219 4344/1870/8220 4342/1951/8221
f 4344/1870/8220 4343/1869/8222 4342/1951/8221
f 4345/1868/8223 4346/1867/8223 4135/8098/8223
f 4346/1867/8224 3820/6672/8224 4135/8098/8224
f 3171/6673/6429 3016/8099/8225 2653/2511/2101
f 39/3148/2655 2269/3147/2654 2243/2496/2089 2252/2495/2088 36/5006/4458
f 4334/7789/8226 4134/1603/8226 4333/8100/8226
f 4349/8101/8227 4134/1603/8228 4138/1602/8229
f 4134/1603/8228 4349/8101/8227 4333/8100/8230
f 4339/8102/8231 4139/8103/8232 4337/8104/8233
f 2052/8105/8234 2043/3822/8234 2042/3821/8234 2051/4810/4237 2063/4811/4238
f 4339/8106/8231 4353/8107/8235 4139/8108/8232
f 4354/6935/6682 4383/5988/5702 4340/8109/8236
f 4347/6934/6681 4343/1376/1129 4397/1375/1128
f 4348/8110/8237 4349/7033/8237 4138/8111/8237
f 4349/7033/8238 4348/8110/8238 4350/8112/8238
f 4351/4771/8239 4139/4770/8240 4352/5840/8241
f 4353/8113/8242 4352/8114/8242 4139/8115/8242
f 4140/2251/8243 4355/8116/8243 4136/4048/8243
f 4355/6936/8244 4354/6935/8244 4136/8117/8244
f 4137/8118/8245 4347/6934/8245 4356/8119/8245
f 4356/8119/8246 4347/6934/8246 4358/6933/8246
f 4357/8120/8247 4356/8119/8247 4358/6933/8247
f 1700/3987/3483 1697/3989/8248 1694/3973/8248 1689/3966/8248 1720/4000/3484
f 4360/1859/8249 4361/3466/8249 4141/3465/8249
f 4361/8121/8250 4349/7033/8251 4350/8112/8252
f 4361/8121/8250 4362/5901/8253 4349/7033/8251
f 4142/4772/8254 4351/4771/8239 4352/5840/8241
f 4352/8114/8255 4353/8113/8256 4396/5898/5541
f 4039/4491/8257 4040/8122/8257 4041/7413/8257 4038/4492/8257
f 4147/2250/8258 4364/8123/8258 4140/2251/8258
f 4364/8124/8259 4355/8125/8259 4140/8126/8259
f 4355/6936/8260 4364/8127/8260 4365/6937/8260
f 4365/8128/8261 4364/8123/8261 4147/2250/8261
f 2342/4902/8262 2389/3908/8262 2343/5342/8262 2341/3360/8262 2340/69/8262
f 4357/8120/8263 4358/6933/8264 4366/8129/8265
f 4358/6933/8264 4367/6932/8266 4366/8129/8265
f 4144/8130/8267 4361/8131/8268 4360/8132/8269
f 4361/8133/8268 4144/8134/8267 4370/8135/8270
f 1498/8136/8271 1327/8137/8271 1290/628/8271 1493/627/8271
f 3575/6044/555 3615/6047/5758 1449/2313/1946 3672/2312/1945
f 4146/8138/8272 4148/8139/8272 4384/8140/8272
f 4147/1439/8273 4146/1438/8273 4365/8141/8273
f 4384/6938/8274 4365/6937/8274 4146/8142/8274
f 4367/6932/8275 4374/6945/8275 4366/8129/8275
f 4374/8143/8276 4149/7818/8276 4373/7817/8276
f 2063/4811/8277 2066/4809/8277 1994/8144/8277 1990/8145/8277
f 4331/7034/8278 4369/5900/8278 4359/8146/8278
f 761/1641/1370 587/1637/8279 645/744/602 706/743/601 760/1638/1367
f 4375/8147/8280 4150/8148/8280 4376/8149/8280
f 4376/8149/8281 4370/8150/8281 4375/8147/8281
f 4376/8151/8282 4379/7570/8282 4370/8152/8282
f 4378/8153/8283 4150/3515/8283 4377/3857/8283
f 4150/8148/8284 4378/8154/8284 4376/8149/8284
f 4379/6419/8285 4378/8154/8285 4377/6420/8285
f 4378/8154/8286 4379/6419/8286 4376/8149/8286
f 3874/8155/8287 3867/7510/7438 3866/7509/7437 3870/6025/7441
f 4151/3856/8288 4152/6688/8288 4380/8156/8288
f 4152/6688/8289 4153/6687/8289 4380/8156/8289
f 4154/7581/7546 4380/8156/8290 4153/6687/8291
f 4380/8156/8290 4154/7581/7546 4381/7580/7545
f 4366/6882/8292 4374/8157/8292 4373/901/8292 4143/904/8292
f 4429/8158/8293 2436/5459/5070 4428/5461/5074 4426/8159/8294
f 836/2152/8295 841/2014/1680 784/2006/1673 782/2007/8295
f 4353/8113/8256 4339/8160/8296 4340/8109/8236 4383/5988/5702 4395/5899/5701 4396/5898/5541
f 4384/8161/8297 4148/4397/8297 4157/7429/8297
f 4384/6938/8298 4157/8162/8298 4385/6939/8298
f 4156/6349/8299 4386/8163/8299 4157/7429/8299
f 4386/8163/8300 4385/8164/8300 4157/7429/8300
f 4386/8165/8301 4387/6940/6684 4385/6939/6683
f 4387/6940/8302 4386/8165/8302 4156/8166/8302
f 4158/5724/8303 4389/8167/8303 4388/5725/8303
f 4159/7418/8304 4389/8167/8304 4158/5724/8304
f 4391/6943/8305 4392/6942/8305 4390/7269/8305
f 4391/8168/8306 4160/3494/8307 4393/8169/8308
f 4160/3494/8307 4391/8168/8306 4390/7417/8309
f 3115/6493/6233 3114/8170/8310 3172/4071/8310 3109/4074/6231
f 4160/8171/8311 4394/8172/8311 4393/8173/8311
f 4394/3493/8312 4149/7818/8312 4393/8169/8312
f 4374/6945/8313 4393/6944/8313 4149/8174/8313
f 674/1395/1146 675/1394/1145 540/1416/1176 539/1418/1178 478/8175/8314 547/6113/5820
f 4396/5898/5541 4362/5901/5543 4361/8121/8315 4370/8150/8315 4379/6419/8315 4380/6418/8315 4381/8176/8315 4382/8177/8315 4372/8178/8315 4363/8179/8315 4352/8114/8255
f 2479/2176/8316 4449/2179/8316 4167/7828/8316 2394/7829/8316
f 858/867/702 862/2190/8317 860/2186/8317 852/868/703
f 3660/8180/8318 4368/281/8318 3496/280/8318
f 4657/3675/3154 4659/5209/4646 4525/5212/4649 4519/3676/3155
f 4369/8181/8319 4398/5537/8319 4359/5536/8319
f 3387/988/801 4574/8182/8320 3660/989/802
f 4005/7102/8321 4399/2320/8321 4163/2319/8321
f 3447/5881/1662 3397/5312/1661 3327/5311/4815 1495/4368/3841 1455/5880/5513
f 4576/1994/8322 4399/1993/8322 4005/8183/8322
f 4401/1996/8323 4402/8184/8324 4399/1993/8325
f 4399/1993/8325 4402/8184/8324 4400/8185/8326
f 4400/8185/8327 4402/8184/8328 2395/598/485
f 4401/1996/8329 4403/8186/8329 4402/8184/8329
f 4581/3788/8330 4403/8186/8330 4401/1996/8330
f 4405/5428/7645 4404/3787/3277 4406/1995/3280
f 3249/5098/6373 3333/6623/6372 3246/6877/8331 3252/6698/8331
f 4405/5428/8332 2401/5425/5011 4404/3787/5008
f 4576/1994/1656 4408/1427/8333 4406/1995/1657
f 742/1917/8334 837/556/8334 836/2152/8334 782/2007/8334 741/1916/8334
f 2761/1074/863 2804/1073/862 2958/6176/5891 2957/6360/6092
f 4408/1427/8333 4576/1994/1656 4580/7680/7665 4448/4655/8335 4445/4654/8335 4443/3334/8335 4440/3341/8335 4437/5610/8335 4432/5611/8335 4429/8158/8335 4426/8159/8335 4423/3311/8335 4419/1990/8335 4416/1989/8335 4412/6686/8335 4410/5978/8335
f 2406/1424/8336 4408/1427/8336 4410/5978/8336
f 2272/5259/8337 2273/5261/8337 1757/4063/8337 1760/4066/8337
f 3593/6361/6093 3639/8187/4405 3710/7303/4404 3592/6362/6094
f 4412/6686/8338 4411/6984/6745 4410/5978/5670
f 2410/5436/6746 4410/5978/5670 4411/6984/6745
f 4412/6686/8339 4413/8188/8339 4411/6984/8339
f 4413/8188/8340 4583/5474/8340 4411/6984/8340
f 2198/2247/8341 2213/2246/8341 1954/8189/8341 2173/6005/8341
f 4412/6686/8342 4583/5474/8342 4413/8188/8342
f 2138/4983/8343 2097/4982/8343 2082/4977/8343 2133/4973/8343
f 4415/5448/8344 4416/1989/8344 4417/8190/8344
f 2417/5444/5046 4414/5443/8345 4415/5448/5044
f 3286/6795/8346 3216/6792/8346 3213/6744/8346 3280/6743/8346
f 4419/1990/8347 2421/8191/8347 4420/1991/8347
f 2720/5416/5003 2677/710/568 2674/709/567 2764/5950/5627 2718/5417/5004
f 2421/8191/8348 4419/1990/8348 4588/3310/8348
f 823/7116/6892 822/1082/868 826/1081/867 915/2308/1941
f 3001/6426/8349 2911/6158/8349 2992/8192/8349 2995/8193/8349
f 2424/5453/8350 4422/3309/8350 4421/3312/8350
f 4423/3311/8351 4425/7719/8351 4421/3312/8351
f 4426/8159/8352 4427/5378/8352 4423/3311/8352
f 4423/3311/8353 2427/5458/8353 4424/5456/8353
f 4427/5378/8354 2430/8194/8355 2431/89/8356
f 4426/8159/8294 4428/5461/5074 2430/8194/8357
f 4426/8159/8294 2430/8194/8357 4427/5378/8358
f 4428/5461/8359 2433/90/8360 2430/8194/8355
f 660/1670/8361 719/8195/8361 718/8196/8361 604/7159/8361
f 2594/8197/8362 142/2294/8362 391/1975/8362 2788/6717/8362
f 4430/7701/8363 2436/5459/5070 4429/8158/8293
f 4430/7701/8364 4429/8158/8364 4431/5465/8364
f 3450/3240/2749 3332/5868/5506 3194/5867/5505 3331/3241/2750
f 4436/214/8365 2456/3406/8365 4431/5465/8365 4429/8158/8365 4432/5611/8365
f 4433/8198/8366 4436/214/8366 4432/5611/8366
f 4435/8199/8367 4434/8200/8367 4432/8201/8367
f 4434/8202/8368 4433/8198/8368 4432/5611/8368
f 4436/214/8369 4434/8202/8369 4435/215/8369
f 4434/8202/8370 4436/214/8370 4433/8198/8370
f 4058/4639/7756 4084/7728/8371 4083/8203/8371 4103/7742/7754
f 4435/8204/8372 4438/8205/8372 2461/8206/8372
f 4439/8207/8373 4438/5512/5230 4437/5610/5229
f 4440/3341/8374 4439/8207/8373 4437/5610/5229
f 4440/3341/2838 2464/3340/2837 4439/8207/8375
f 2464/3340/8376 4438/5512/8376 4439/8207/8376
f 2465/5363/4917 4441/3339/8377 2466/5362/4914
f 4442/3338/8378 2466/5362/8378 4441/3339/8378
f 1006/2714/8379 1005/2521/8379 929/2322/8379 928/233/8379
f 4445/4654/8380 4446/5519/8380 4443/3334/8380
f 2472/3335/2833 4443/3334/2832 4446/5519/8381
f 2475/4103/4117 4446/5519/8382 4445/4654/4115
f 4449/8208/8383 4448/8209/8384 3740/8210/8385
f 2480/5525/8386 4448/4655/8387 4449/8211/8388
f 4580/7680/8389 3740/8212/8385 4448/4655/8384
f 2482/4656/8390 2478/5521/8390 4447/4657/8390
f 4448/4655/8387 2480/5525/8386 2482/4656/8391
f 4168/2318/5647 4166/5964/5646 4163/2319/8392
f 242/5/4 144/8/7 3/4897/1749 2/13/12 6/15/14
f 4400/8185/8327 2395/598/485 4450/8213/8393
f 2397/597/484 4450/8213/8394 2395/598/485
f 4168/8214/8395 4450/8213/8395 2397/597/8395
f 4013/5965/8396 4168/2318/8397 2441/8215/8398
f 2441/601/8398 4168/8214/8397 2397/597/8399
f 4013/8216/8400 2441/8217/8401 4451/8218/8402
f 2394/7829/8403 4015/7660/8403 2479/2176/8403
f 2479/2176/8404 4015/7660/7891 2481/2177/7893
f 3904/2157/8405 4317/2156/8405 4313/8064/8405 3895/8219/8405
f 4454/5933/8406 4455/6143/8406 4021/8220/8406
f 4180/7843/8407 4182/4440/8407 4456/4455/8407
f 4460/4732/7929 4457/4731/8408 4186/7858/7927
f 4460/4732/8409 4045/7859/8409 4458/8221/8409
f 3278/6511/8410 3288/5622/8410 3289/5621/8410 3276/8222/8410
f 336/66/64 337/65/63 258/3058/2575 167/686/541
f 4458/7112/6884 4462/7111/6883 4460/8223/8411
f 1178/538/8412 1179/2834/8412 1175/7037/8412 1176/539/8412
f 4467/8224/8413 4456/4455/8413 4461/4454/8413
f 4783/3775/3265 4693/3774/3264 4635/8225/8414 4719/8226/6546
f 4470/5690/5324 4178/5689/5323 4486/8227/8415
f 1352/3201/8416 1374/3460/8416 1946/725/8416 2015/729/8416
f 4459/7173/8417 4473/7172/8417 4474/8228/8417
f 2492/8229/8418 4604/2413/8418 4603/2412/8419 2491/5251/8420
f 4235/5922/5586 4236/1632/5588 4254/8230/8421
f 3107/4088/8422 3020/4971/8422 2654/6492/8422 3109/4074/8422
f 4222/2927/8423 4274/7966/8423 4479/7175/8423
f 4467/8224/8424 4461/4454/8424 4477/8231/8424
f 2013/4696/8425 2009/532/8425 1883/535/8425 1895/4697/8425
f 4304/5683/8426 4287/8018/8426 4480/5684/8426
f 4484/8232/8427 4490/8233/8427 4465/8234/8427
f 4636/3527/8428 4642/8235/8428 4484/8236/8428 4465/7109/8428 4458/7112/8428 4778/1001/8428 4687/1000/8428
f 4483/4445/8429 4481/4444/8430 4294/8026/8431
f 4483/8237/8432 4307/8238/8432 4308/8239/8432
f 3044/2558/2134 3204/2561/2137 3045/4461/3905 2974/4460/3904
f 3921/6136/8433 3923/7487/8433 4324/7778/8433 4323/6133/8433
f 4314/8240/8434 4488/8241/8434 4489/8242/8434
f 4489/4447/8435 4493/3441/8435 4315/3444/8435
f 4473/7172/6976 4499/7171/6975 4474/8228/8436
f 4311/8055/8182 4492/5700/8437 4496/5699/8180
f 708/8243/8438 643/1627/8439 641/1624/6235 644/6494/6234
f 968/8244/8440 967/6516/8440 966/2507/8440 976/2506/8440
f 1990/6286/6017 1994/4814/8441 2062/4813/4267 1857/4832/4266 1850/6287/6018
f 2759/829/668 2761/1074/863 2957/6360/6092 2254/2153/1796
f 237/619/8442 236/621/8442 227/585/8442 232/592/8442
f 318/1931/1614 146/321/250 147/320/249 246/6502/6248
f 4461/6577/6316 4487/6107/6315 4477/6106/8443
f 4187/7854/7922 4209/1631/1363 4197/1630/1362 4185/7855/7923
f 2635/3198/8444 2603/3531/4461 2617/5008/4460
f 4490/4734/8445 4504/8245/8445 4498/4735/8445
f 4484/8236/8446 4642/8235/8447 4490/7110/8448
f 4642/8235/8447 4646/7822/8449 4490/7110/8448
f 152/5710/5337 154/836/5336 322/838/7114 246/7272/7116
f 2831/5862/5495 2791/5930/5989 2687/440/5496
f 1436/1652/1379 1435/3440/2936 1124/2753/2935 1125/1653/1380
f 4645/6576/6314 4509/6575/6313 4651/8246/8450
f 4509/6575/8451 4650/8247/8452 4651/8246/8453
f 4510/8248/8454 4650/8247/8452 4509/6575/8451
f 3715/8249/8455 3717/5608/8455 3600/3740/8455 3169/3743/8455
f 4514/8250/8456 4522/5692/8457 4508/5691/8458
f 4508/5691/8458 4513/8251/8459 4514/8250/8456
f 4649/1447/8460 4513/7340/8460 4508/1448/8460
f 4267/7994/8461 4112/7997/8461 4292/5398/8461 4289/8028/8461 4288/7985/8461 4249/5367/8461 4246/5366/8461 4215/7866/8461 4192/7792/8461 4191/7791/8461 4193/7875/7958 4217/7879/7960 4232/1681/8461 4250/1680/8461 4268/7991/8461
f 4515/8252/8462 4517/8253/8463 4510/8248/8464
f 4517/8253/8463 4652/8254/8465 4510/8248/8464
f 1580/8255/8466 1929/8256/8466 1924/8257/8466 1562/8258/8466
f 4293/8027/8123 4290/8259/8115 4288/7985/8117 4289/8028/8124
f 4495/4449/8178 4316/8066/8177 4320/424/8467
f 4519/4736/8468 4498/4735/8468 4518/8260/8468
f 4506/7170/8469 4520/7169/8469 4511/8261/8469
f 3990/6690/6457 3993/8262/8470 4154/7581/8471 4153/6687/6455
f 4656/8263/8472 4521/3521/3004 4520/2899/2434
f 2844/6162/5875 2914/2713/5873 2907/2712/8473
f 4496/5699/8474 4326/5698/8474 4319/8072/8474
f 2673/3869/3347 2568/32/29 2675/31/28 2719/1589/1320
f 4330/8264/8475 4503/8265/8475 4329/8266/8475
f 4503/3442/2938 4330/8091/8476 4121/3443/2939
f 1494/3505/2992 1060/5157/4615 2218/5159/4617 2222/6921/6667 3831/3817/3302 3832/3207/2707
f 4527/5697/8477 4323/8267/8477 4325/8268/8477
f 4323/8267/8478 4527/5697/8478 4322/5696/8478
f 4325/8268/8479 4326/5698/8479 4527/5697/8479
f 1466/8269/8480 1823/7537/8480 1816/4239/8480 1460/4251/8480
f 4210/7887/8016 4239/7936/8015 4237/7938/8018 4221/7888/8481
f 739/1707/1427 830/103/87 740/102/86 681/8270/3023
f 1170/1720/8482 1151/1719/8482 1162/2809/8482 1172/2823/8482
f 970/2427/8483 904/2439/8483 897/5230/4661 953/2409/4660
f 775/7274/2381 678/8271/9 680/2069/8 777/217/167 828/7122/6917
f 352/919/6901 279/918/8484 280/8272/8484 353/7121/6901
f 4532/7168/8485 4542/7178/8485 4533/8273/8485
f 1645/8274/8486 1644/8275/8486 1634/5527/8486 1948/5528/8486
f 990/2491/2084 1001/8276/8487 996/2522/8487 930/160/8487 1/163/516 220/634/515 247/872/706 314/871/705 365/942/8487 368/943/8487 364/1211/8487 989/2492/2085
f 4283/8046/8149 4285/8022/8112 4287/8021/8111 4284/8047/8150
f 3861/2769/8488 3872/7518/8488 3808/7491/7410 3836/7490/7409 3856/4556/8488
f 1371/3636/8489 1374/3460/8489 1352/3201/8489 1062/3237/8489 1065/8277/8489 1366/8278/8489
f 1744/1206/8490 1746/4047/3556 1745/4053/3555 2281/6292/8490
f 4536/4450/3897 4546/4725/4172 4548/8279/8491
f 4540/4721/8492 4550/8280/8492 4549/4722/8492
f 4542/7178/8493 4544/7177/8493 4543/8281/8493
f 4669/713/8494 4668/4632/4104 4544/714/4103
f 183/6805/8495 182/2526/8495 187/4551/8495 188/452/8495
f 4534/5695/8496 4553/8282/8496 4545/7176/8496
f 488/67/65 336/66/64 256/1761/1458 333/1763/1460
f 4671/4068/3579 4539/4067/3578 4554/8283/8497
f 4555/4723/8498 4554/8284/8498 4539/4724/8498
f 4555/6221/5953 4672/6220/5952 4554/8283/8499
f 4671/4068/8500 4554/8283/8499 4672/6220/5952
f 4549/4722/8501 4556/8285/8501 4555/4723/8501
f 654/1659/8502 711/1839/8502 709/7113/8502 653/1030/8502
f 4550/8280/8503 4556/8285/8503 4549/4722/8503
f 4197/8286/8504 4206/5393/8504 4194/5392/8504 4185/7852/8504
f 3645/7385/8505 4332/8094/8505 3793/7445/8505
f 2814/8287/6890 2813/7151/5979 2892/5885/5522 2782/6138/5849
f 4336/1213/995 4335/8096/8211 4332/8094/8506 3645/7385/8506 4680/8288/8506 4559/1324/8506 4560/1323/8507 4131/1214/8508
f 4331/8092/8509 4332/8094/8510 4333/8095/8511
f 4335/8289/8512 4333/8290/8511 4332/8291/8510
f 4131/1214/8508 4560/1323/8507 4338/4595/8513
f 4769/930/7814 4761/8292/8514 4547/8293/8514 4665/7770/7815
f 4563/6028/5741 4133/955/8515 4132/958/8516 4561/4596/8516 4338/4595/8513 4560/1323/8507 4562/1322/8516
f 4340/4597/8216 4561/4596/8517 4132/958/8217
f 4133/955/8515 4563/6028/5741 4344/1870/5743
f 3837/4275/8518 4453/7047/8519 4201/5062/8520 3858/965/8518
f 3820/6672/8521 4346/1867/8522 3171/6673/8523
f 4346/1867/8522 4564/6029/8524 3171/6673/8523
f 3821/7118/6894 3315/7480/7385 4565/8294/8525
f 4567/5918/8526 4566/8295/8527 4565/8296/8528
f 4566/8297/8529 3821/7118/8529 4565/8294/8529
f 4398/8298/8530 4567/5918/8530 4565/8296/8530
f 4568/2123/8531 4566/8295/8527 4567/5918/8526
f 4369/8181/8532 4567/8299/8533 4398/5537/8534
f 287/4745/4182 374/1138/933 373/1140/935 204/1145/4180
f 2168/4910/8535 2109/8300/8535 2107/8301/8535 2108/4170/8535
f 939/4880/8536 938/4879/8536 874/1503/1262 647/1506/1265
f 3659/7327/8537 3656/7317/8537 3654/1880/1556 3657/1879/1555
f 4569/5919/5582 4572/2125/8538 4571/5920/5583
f 4572/2125/8539 4570/2124/5580 4571/5920/5583
f 4395/5899/8540 4368/281/8540 4574/8302/8540 4569/5919/8540 4567/5918/8533 4369/5900/8532
f 4573/8303/8541 4572/2125/8538 4569/5919/5582
f 4574/8302/8542 4573/8303/8541 4569/5919/5582
f 4574/8182/8543 4368/8304/8543 3660/989/8543
f 4574/8305/8544 3387/6963/8544 3661/5800/8544
f 4574/8305/8545 3661/5800/8545 4573/8306/8545
f 3661/8307/8546 4578/2126/8546 4573/8303/8546
f 4566/8297/8547 2552/7117/8547 3821/7118/8547
f 2552/8308/8548 4566/8295/8549 4575/2122/8550
f 4568/2123/8551 4575/2122/8550 4566/8295/8549
f 1824/8309/8552 1016/2643/8552 693/1781/8552 1787/4136/8552
f 4577/2121/1762 4578/2126/1764 4579/7679/8553
f 4573/8303/8554 4578/2126/8554 4572/2125/8554
f 3740/8310/8555 4580/8311/8555 4579/8312/8555
f 4579/8313/8556 3661/5800/8556 4006/5801/8556
f 4579/8312/8557 4006/8314/8557 3740/8310/8557
f 4579/8313/8558 4578/8315/8558 3661/5800/8558
f 4410/5978/5670 2410/5436/6746 2408/5433/5668
f 3162/5073/8559 3300/183/147 3219/182/146 3165/2703/8559
f 912/2480/8560 931/2460/8560 944/2462/8560 356/5877/8560 361/5876/8560 367/8316/8560 312/862/8560 313/861/8560 334/7925/8560 339/7924/8560 473/2481/8560
f 4149/7818/7860 4394/3493/8561 4004/3496/8561 3983/7627/7858
f 1688/3970/8562 2331/5324/8562 2334/5333/8562 1685/3965/8562
f 4581/3788/8563 4402/8184/8563 4403/8186/8563
f 4581/3788/8564 2442/600/487 2396/599/486
f 4581/3788/3278 4585/5424/8565 2442/600/8566
f 4404/3787/3277 4585/5424/8565 4581/3788/3278
f 2400/5427/5015 4585/5424/8567 2399/5423/5013
f 4582/5430/7644 4586/4914/4367 4405/5428/7645
f 4582/5430/7644 2404/4915/4368 4586/4914/4367
f 2409/5435/5030 4587/1425/8568 2408/5433/5028
f 4583/5474/8569 2413/5442/5038 4411/6984/6745
f 2413/5442/8570 4583/5474/8570 2412/5441/8570
f 4414/5443/6454 2414/5446/5095 4583/5474/5094
f 4417/8317/8571 4416/8318/8571 2418/8319/8571
f 4415/5448/8572 4417/8190/8572 2418/1988/8572
f 2421/8191/8573 4588/3310/8573 4420/1991/8573
f 4422/3309/5057 2422/5454/5056 4589/5455/8574
f 4422/3309/2809 4589/5455/8575 4588/3310/2810
f 4590/1168/8576 4421/3312/8576 4425/7719/8576
f 4424/5456/8577 2428/1165/954 4590/1168/956
f 2433/90/8360 2431/89/8356 2430/8194/8355
f 2400/5427/8578 2444/4917/8578 2398/5469/8579 4585/5424/8580
f 4592/5464/5130 4593/5466/8581 2439/3404/5131
f 4594/213/5175 2457/3403/5174 4436/214/8582
f 1846/6547/6282 1842/8320/8583 1841/8321/8583 1840/8322/8583 1845/8323/8583 1844/8324/8583 1849/8325/8583 1848/8326/8583 1860/8327/8583 1872/8328/8583 1871/8329/8583 1879/8330/8583 1885/8331/8583 1884/8332/8583 1861/6549/6285 1873/4369/6284 1862/4355/8583 1856/4358/6283
f 1388/3881/3365 1639/3884/3364 1622/3778/3267 1621/3751/3235
f 2462/5511/5146 4438/5512/5145 2463/816/8584
f 2464/3340/8585 2463/816/656 4438/5512/8586
f 2464/3340/8587 4441/3339/8377 2465/5363/4917
f 2465/5363/8588 2467/817/8588 2464/3340/8588
f 2464/3340/8585 2467/817/657 2463/816/656
f 42/1155/8589 41/1148/8589 2667/5954/8589 1957/3903/8589
f 4584/3337/2835 2468/5514/5986 4442/3338/2836
f 2466/5362/8590 4442/3338/8590 2468/5514/8590
f 4595/5515/5987 2468/5514/5986 4584/3337/2835
f 4042/833/7675 4059/832/7719 4050/7714/7717 4041/7695/7676
f 2398/5469/8579 2442/600/8591 4585/5424/8580
f 2442/600/487 2443/5382/4959 2441/601/488
f 2005/4684/8592 2010/5242/8592 1884/5241/8592 1885/4682/8592
f 2962/444/360 3131/443/359 3194/5867/5505 3132/5870/5508 2882/3083/2597
f 4597/8333/8593 4452/8334/8593 4598/8335/8593
f 4597/8333/8594 3799/8336/8595 4452/8334/8596
f 4013/8216/8400 4451/8218/8402 4452/8337/8597
f 377/1190/8598 514/1391/8598 438/1390/8598 436/1192/8598
f 913/2918/2451 987/2917/2450 824/4237/3737 821/3064/2577
f 4602/2411/8599 4600/622/8599 4598/8335/8599 2441/601/8599 2443/5382/8599 2450/5475/8599 2452/2815/8599 2454/2814/8599 2455/5508/8599 2488/5252/8599 2491/5251/8420 4603/2412/8419
f 4600/622/506 4599/625/509 4597/8333/8600 4598/8335/8601
f 1475/3508/3785 1476/4285/3787 1183/2841/8602 1181/2840/8602
f 4601/623/507 4600/622/506 4602/2411/8603
f 2913/1746/1449 3071/6445/6185 2999/6297/8604 2910/6157/5870
f 398/2329/1962 547/6113/5820 478/8175/8314 397/2330/1963
f 2934/7539/7492 3008/7542/7495 2932/6188/8605 2933/6190/8605
f 3747/5543/5191 3670/8338/8606 2492/5545/5193
f 4604/8339/8607 2492/5545/5193 3670/8338/8606
f 3670/8340/8608 3671/8341/8609 4604/2413/8610
f 4597/8333/8594 2666/8342/8611 3799/8336/8595
f 4605/8343/8612 2666/8342/8612 4597/8333/8612
f 3188/1146/8613 2666/7767/8613 4605/8344/8613
f 4597/8333/8614 4607/6363/8614 4605/8343/8614
f 4018/5387/4974 4017/5077/4515 4019/2564/2140 2493/2563/2139 2224/5547/5195
f 4607/6363/8615 4606/4947/8615 4605/8343/8615
f 4599/625/509 4607/6363/8616 4597/8333/8600
f 2732/1304/1069 2778/7268/8617 2776/5962/5644 2730/5961/5643 2729/5960/5642 2579/4033/8617 2680/1305/1070
f 4606/8345/8618 4609/5952/8618 2668/1147/8618 3188/1146/8618 4605/8344/8618
f 4602/2411/8619 4608/624/8619 4601/623/8619
f 4609/8346/8620 3671/7123/8620 3573/6110/8620
f 3671/8341/8609 4610/2414/8621 4604/2413/8610
f 4609/8346/8622 4610/8347/8622 3671/7123/8622
f 4178/8348/8623 4033/8349/8624 4615/8350/8625
f 97/205/163 203/531/8626 202/8351/8627 96/200/159
f 4201/5062/8520 4453/7047/8519 4020/7046/8628
f 4298/8035/8133 4271/8038/8629 4300/8352/8630 4299/8037/8134
f 2101/4895/4350 2151/8353/8631 2100/4702/4153 2081/4894/4349
f 871/8354/1264 798/8355/1263 757/1936/8632 758/8356/8633
f 4613/4691/8634 4619/8357/8634 4630/4692/8634
f 2241/8358/8635 2230/8359/8635 2229/7781/8635 2240/7780/8635
f 4620/5888/8636 4463/4376/8636 4621/8360/8636
f 735/7760/2578 676/1444/1208 675/1394/1145 773/1393/1144
f 3254/6879/8637 3196/6631/8637 3198/6632/8637 3199/6634/8637
f 4618/3807/8638 4630/4692/4557 4623/3802/3290
f 203/8361/8626 285/959/4385 284/954/4386 202/8362/8627
f 4121/6684/8639 4124/8363/8639 3933/8364/8639 3910/4485/8639
f 1033/2556/2132 1036/2555/2131 1034/2553/8640 938/6657/8640
f 3559/7130/8641 3561/7129/8641 3649/3975/8641 3603/3978/8641
f 4629/5122/4559 4625/3804/3292 4626/3803/3291
f 1629/3275/2773 1637/3366/8642 1361/3368/8642 1354/684/2774
f 4630/4692/8643 4619/8357/8643 4632/5121/8643
f 4626/3803/3291 4623/3802/3290 4630/4692/4557
f 4611/4693/8644 4020/7681/8644 4612/8365/8644 4613/4691/8644
f 3723/2021/8645 3720/7392/8645 3719/8366/8645 3729/8367/8645
f 3022/5553/6242 3120/6501/6241 2947/6209/6251 2948/6215/6250
f 4127/8368/8646 4123/2155/8646 3918/2158/8646 3927/8369/8646
f 4708/8370/8647 4695/8371/8647 4471/8372/8647
f 4627/5650/8648 4469/5649/8648 4704/8373/8648
f 4631/8374/8649 4629/5122/4559 4632/5121/4558
f 4635/8225/8650 4693/3774/8650 4782/3777/8650 4634/5935/5603 4638/8375/8651
f 4641/8376/8652 4631/8374/8649 4632/5121/4558
f 4641/5060/5211 4632/8377/8653 4714/8378/8654
f 4633/8379/8655 4714/8378/8656 4632/8377/8657
f 3374/6090/6807 3373/8380/6806 3302/6814/8658 3303/1087/8658
f 4638/8375/8651 4634/5935/5603 4478/4936/5602
f 4309/5564/6564 4466/5061/6563 4641/5060/8659
f 4743/8381/8660 4747/3303/2802 4529/3306/2804 4523/8382/8661
f 758/8356/8633 757/1936/8632 643/1627/8439 708/8243/8438
f 4507/4715/8662 4500/4935/4381 4499/4716/4383
f 4587/1425/8568 2409/5435/5030 2412/5441/5091 2445/5473/5093 2405/4916/8663
f 2567/6706/3798 2565/6705/6474 2564/1042/837 165/1097/880 31/1096/879
f 4641/5060/5211 4714/8378/8654 4655/8383/8664
f 4652/8254/8665 4650/8247/8452 4510/8248/8454
f 2176/5148/8666 2202/4922/8666 1650/3351/2849 1399/3352/2851 1401/3353/8666 1402/3363/8666 1655/3870/8666 1652/8384/8666 1654/8385/8666 1651/8386/8666 2177/8387/8666
f 4763/8388/8667 4764/8389/8668 2749/7365/8668 4674/1494/1255
f 4655/8383/8664 90/5562/5209 4641/5060/5211
f 4739/8390/8669 4517/8253/8669 4658/1898/8669
f 4520/2899/2434 4526/2898/2433 4656/8263/8472
f 3562/1114/8670 3606/8391/8670 3563/4873/8670 3490/1115/8670
f 4531/8392/1573 4537/8393/2797 4530/8394/1574
f 173/426/8671 54/124/8671 53/145/8671 55/150/8671
f 2562/5704/8672 2663/5861/8672 2560/122/8672 47/121/8672
f 4550/6395/6133 4666/6394/6132 4667/6824/6569
f 2747/8395/8673 90/5562/8673 4655/8383/8673
f 85/5134/8674 2748/5619/8674 4129/5936/8674
f 85/5134/8675 4673/8396/8676 4676/8397/8677
f 4129/5936/8678 4673/8396/8676 85/5134/8675
f 4677/936/8679 4676/8398/8679 4673/4280/8679
f 4452/8337/8680 4451/8218/8680 2441/8217/8680 4598/8399/8680
f 3597/2082/8681 3016/2081/8681 4558/8400/8681
f 4675/4281/8682 3597/8401/8682 4558/8402/8682
f 4675/4281/8683 4558/8402/8683 4679/4282/8683
f 3598/1805/8684 4680/8288/8684 3645/7385/8684
f 3598/8403/8685 4676/8398/8685 4677/936/8685
f 3598/5135/8686 85/5134/8686 4676/8397/8686
f 4680/935/8687 3598/8403/8687 4677/936/8687
f 4306/8404/8688 4307/8052/8688 4483/4445/8429 4294/8026/8431
f 4678/4279/8689 4681/933/8690 4677/936/8691
f 4679/4282/8692 4681/933/8690 4678/4279/8689
f 511/1358/8693 586/8405/8693 587/6613/6357 429/1359/6356
f 1501/3059/8694 1323/3062/8694 1321/3209/8694 1499/3545/8694
f 4558/8406/8695 3016/8099/8225 3171/6673/6429
f 4558/8406/8696 3171/6673/8696 4564/6029/8696
f 4679/8407/8697 4558/8406/8697 4564/6029/8697
f 4455/6143/8698 4454/5933/8698 4614/5932/8698
f 4178/8348/8623 4615/8350/8625 4682/8408/8699
f 4180/7842/8700 4617/8409/8701 4179/6831/8702
f 4179/6831/8702 4617/8409/8701 4777/6832/8703
f 4778/1001/8704 4458/7112/8704 4045/8410/8704
f 4800/6857/8705 4778/8411/8705 4045/6858/8705
f 4683/8412/8706 4684/3271/8706 4685/6588/8706
f 4683/8413/8707 4685/6856/8707 4046/6855/8707
f 4685/6588/8708 4684/3271/8708 4779/3274/8708
f 4683/8414/8709 4046/8415/8710 4188/8416/8711
f 4683/8417/8709 4188/8418/8711 4686/8419/8712
f 4387/6940/8713 4156/8166/8713 4388/8420/8713 4389/6941/8713
f 763/541/428 803/8421/1870 806/2094/1869 764/542/429
f 3882/2654/2205 2217/6670/8714 2220/6761/8714 3985/7322/8714 3984/7321/8714 3964/7604/8714 3951/7905/8714 3938/5377/6529
f 4620/8422/8715 4686/1583/8716 4188/8423/8717
f 4620/8422/8715 4621/1584/8718 4686/1583/8716
f 772/3063/1147 823/7116/6892 913/2918/2451 821/3064/2577
f 4684/3271/8719 4683/8412/8719 4710/8424/8719
f 4684/8425/8720 4710/1581/8720 4697/8426/8720
f 4621/8360/8721 4463/4376/5279 4690/5648/5278
f 4787/8427/8722 4689/6100/8722 4694/6099/8722
f 4697/3272/2771 4711/3852/8723 4785/3273/2772
f 4704/1586/4549 4692/8428/8724 4624/5110/4550
f 4690/1585/8725 4692/8428/8725 4704/1586/8725
f 1822/1142/8726 1830/1141/8726 1475/3508/8726 1469/3507/8726
f 1807/2219/1860 1804/4175/3672 1803/4130/3671 1813/2220/1861
f 4619/8429/8727 4613/8430/8727 4774/7814/8727 4780/6736/8727 4781/6738/8727 4691/8431/8727 4699/8432/8727 4632/8377/8727
f 4701/2886/2423 4699/6083/5797 4691/8433/8728
f 4695/6109/8729 4696/8434/8729 4694/6099/8729
f 2077/2552/4425 2129/2551/8730 2075/4828/8730 2076/4856/4302
f 4698/8435/8731 4632/8377/8657 4699/8432/8732
f 4155/5468/8733 4154/7581/8471 3993/8262/8470 3995/6196/8733
f 4786/2885/2422 4700/6084/5798 4701/2886/2423
f 2484/5526/5176 2439/3404/8734 4594/213/8734 2458/212/659
f 4708/8436/8735 4702/8437/8735 4695/8438/8735
f 4703/1076/8736 4695/8439/8736 4702/8440/8736
f 4695/8439/8737 4703/1076/8737 4696/8441/8737
f 4710/1581/8738 4711/8442/8738 4697/8426/8738
f 4713/7861/7933 4704/8373/8739 4469/5649/7931
f 4632/8377/8657 4698/8435/8731 4633/8379/8655
f 3473/8443/8740 3549/1315/6997 3547/3572/6996 3472/3571/8740
f 4810/3255/7370 4719/6800/7369 4715/6085/8741 4700/6084/8741 4786/2885/8741 4804/2884/8741
f 1212/2961/2481 1213/2960/2483 1197/6012/8742 1196/2889/8742
f 4708/8444/8743 4471/8445/8743 4707/8446/8743
f 4707/8447/8744 4471/4987/8744 4717/4986/8744
f 4717/4986/8745 4706/1077/8746 4707/8447/8747
f 4706/1077/8746 4708/8448/8748 4707/8447/8747
f 4702/8440/8749 4708/8448/8749 4706/1077/8749
f 4703/1076/8750 4702/8440/8750 4706/1077/8750
f 1517/3570/8751 1516/3562/8751 1513/3560/8751 1512/3559/3068 1563/3584/3070 1582/3694/8751 1625/3840/8751 1631/3838/8751 1613/3781/8751 1585/3780/8751 1566/8449/8751 1530/8450/8751 1533/7408/8751 1515/7407/8751 1538/8451/8751 1542/3663/8751 1543/3665/8751 1569/3745/8751 1604/3744/8751 1617/8452/8751 1632/3847/8751 1626/3850/8751 1588/3748/8751 1571/3747/8751 1570/8453/8751 1544/6874/8751
f 3761/2923/8752 3762/2922/8752 3683/7346/8752 3686/7345/8752
f 4796/1579/8753 4720/1578/8754 4718/7910/8754 4789/488/8754 4790/487/8755
f 4710/1581/8756 4712/1580/8756 4711/8442/8756
f 1557/3632/8757 1561/8454/8757 1579/8455/8757 1596/8456/8757 1610/8457/8757 1640/3814/8757 1630/2723/2274 1597/2722/2273 1562/3641/3214 1525/3581/3063 1523/3580/3062
f 4721/1587/8758 4713/8458/8758 4637/8459/8758
f 4721/1587/8759 4704/1586/8759 4713/8458/8759
f 1592/3722/8760 1608/3721/3233 1591/3445/2941 1350/7126/8760
f 2612/5766/8761 2790/1026/8761 2745/1029/8761 2599/5767/8761
f 4638/6797/6544 4719/6800/6546 4635/8460/8414
f 4636/3527/3007 4709/3526/3006 4724/8461/8762
f 461/8462/8763 382/992/1004 527/1225/1003 609/1552/8763 460/8463/8763
f 2880/8464/3075 2805/8465/3074 2763/7055/5703 2878/7054/6834 2959/3117/2625 3030/3116/2094
f 4721/1587/8764 4637/8459/8764 4640/8466/8764
f 3435/6513/8765 3487/5706/8765 3484/5709/8765 3433/2627/8765
f 4705/2389/8766 4716/5980/8767 4723/2385/8768
f 3391/4997/8769 3394/2998/8769 3322/2997/8769 3317/6865/8769
f 4724/7911/8770 4718/7910/8770 4726/7262/8770
f 3370/180/144 3430/6650/6400 3429/6651/6401 3369/181/145
f 2520/610/495 237/619/8771 232/592/8771 123/575/8771 131/611/496
f 4724/8461/8762 4642/8235/8772 4636/3527/3007
f 296/751/606 379/1218/8773 378/1220/8773 298/752/607
f 3335/5720/5353 3400/2687/2240 3453/5822/5437 3454/5758/5374
f 4726/8467/8774 4642/8235/8772 4724/8461/8762
f 4497/2387/8775 4728/2386/8775 4643/4976/8775
f 4744/4624/8776 4741/4627/8776 4731/7263/8776 4726/7262/8776 4718/7910/8776 4720/1578/1318 4771/4603/8777 4748/4602/8776 4762/7191/8776 4756/7160/8776
f 2723/362/271 2675/31/28 2569/30/27 2572/4617/4079
f 4500/8468/8778 4725/6799/8779 4478/6798/8780
f 2026/4713/8781 2027/3316/4168 89/1420/4167 2747/1495/7819 4673/7772/7818 4129/8469/8781 88/8470/8781 1978/8471/8781 1976/8472/8781 1974/8473/8781 1973/8474/8781 792/8475/8781 3597/8476/8781 4675/7771/7817 2749/7365/7821
f 4645/8477/8782 4730/8478/8782 4487/4988/8782
f 4487/4988/8783 4730/8478/8783 4722/4985/8783
f 4726/8467/8784 4646/7822/8784 4642/8235/8784
f 2552/8479/8785 4575/8480/8785 4576/8481/8785 4005/8482/8785
f 4658/1898/1575 4517/8253/8786 4515/8252/8786 4516/1899/1576
f 4500/8468/8787 4507/8483/8787 4727/8484/8787
f 4500/8468/8778 4727/8484/8788 4725/6799/8779
f 4732/8485/8789 4644/1446/8790 4502/1445/8791
f 4644/1446/8790 4732/8485/8789 4733/8486/8792
f 4733/8487/8792 4649/8488/8793 4644/8489/8790
f 4732/8490/8794 4502/4975/8794 4729/4974/8794
f 4732/8490/8795 4729/4974/8796 4733/8487/8797
f 4730/8478/8798 4734/7031/6811 4722/4985/6810
f 4651/8246/8799 4730/8491/8799 4645/6576/8799
f 4730/8478/8800 4650/8492/8801 4734/7031/8802
f 4650/8492/8801 4730/8478/8800 4651/8493/8803
f 4734/7031/8804 4650/8492/8804 4652/7032/8804
f 4647/7264/7100 4731/7263/7099 4735/4626/4089
f 4731/7263/7099 4741/4627/4090 4735/4626/4089
f 4668/8494/8805 4669/4995/8805 4766/4994/8805 4551/8495/8805
f 4727/8484/8806 4507/8483/8807 4648/8496/8808
f 4742/7239/8809 4648/8496/8810 4512/8497/8811
f 4648/8496/8808 4742/7239/8812 4727/8484/8806
f 4649/8488/8793 4733/8487/8792 4654/8498/8813
f 4733/8487/8814 4737/8499/8815 4654/8498/8816
f 3388/7004/8817 3498/4996/8817 3390/4998/8817 2656/1958/8817
f 4738/8500/8818 4652/8254/8818 4517/8253/8818
f 4517/8501/8819 4739/8502/8819 4738/7030/8819
f 4653/17/8820 4735/16/8821 4740/8503/8822
f 3321/6870/8823 3238/1528/8823 3237/6604/6443 3235/6683/6439
f 4761/8292/8824 4769/930/8824 4770/929/8824 4748/4602/8824 4736/4601/8824 4715/6085/8824 4719/6800/8824 4725/6799/8824 4727/8484/8824 4742/7239/8824 4746/7238/8824 4752/1710/8824 4745/8504/8824 4765/1709/8824 4766/4994/8824 4767/1203/8824 4768/1202/8824 4757/8505/8824 4747/3303/8824 4737/8499/8824 4733/8487/8797 4729/4974/8796 4728/2386/8824 4723/2385/8768 4716/5980/8767 4717/4986/8824 4722/4985/8824 4738/7030/8824 4749/8506/8824 4760/8507/8824
f 4512/8497/8811 4521/8508/8825 4742/7239/8809
f 4742/7239/8809 4521/8508/8825 4656/7240/8826
f 4743/8381/8660 4523/8382/8661 4654/8498/8827
f 4743/8381/8828 4654/8498/8816 4737/8499/8815
f 4657/7164/8829 4751/7163/8830 4659/8509/8831
f 4657/7164/8832 4653/8510/8820 4740/4625/8822
f 4273/8511/8090 4300/8352/8630 4271/8038/8629 4272/8512/8088
f 4740/4625/4088 4744/4624/4087 4657/7164/8833
f 391/1975/8834 390/1595/8834 239/617/8834 141/278/8834 139/277/8834 2522/5632/8834 2595/1981/1648 2600/1980/1647 2823/8513/8834 2789/8514/8834 2900/8515/8834 2899/6277/6006 2980/6276/6005 2979/6383/6123 2788/6717/6481
f 4737/8499/8815 4747/3303/8835 4743/8381/8828
f 4739/8502/8836 4749/8506/8836 4738/7030/8836
f 4658/7950/8837 4750/7949/8837 4749/8506/8837
f 4658/7950/8838 4749/8506/8838 4739/8502/8838
f 4522/7338/7182 4523/7337/7181 4529/8516/8839 4528/8517/8839
f 4754/3248/8840 4749/8506/8840 4750/7949/8840
f 4755/3247/8841 4537/3246/8841 4538/8518/8841
f 4754/8519/8842 4755/8520/8842 4749/8521/8842
f 4662/7162/8843 4659/8509/8831 4751/7163/8830
f 316/7926/8844 329/860/8844 315/8522/8844 245/7927/8844
f 288/6244/6719 287/6966/6718 205/221/171 101/196/173
f 4551/8495/8845 4765/1709/1429 4663/1713/1433
f 4758/1789/8846 4661/1792/8846 4753/8523/8846
f 4757/8505/8847 4758/8524/8848 4753/3304/8849
f 4747/8525/8850 4757/8526/8850 4753/8527/8850
f 4755/3247/8851 4760/8507/8851 4749/8506/8851
f 4755/3247/8852 4538/8518/8852 4547/8293/8852
f 4547/8293/8853 4759/8528/8853 4755/3247/8853
f 4547/8293/8854 4760/8507/8854 4759/8528/8854
f 4759/8528/8855 4760/8507/8855 4755/3247/8855
f 4547/8293/8856 4761/8292/8856 4760/8507/8856
f 1770/1293/8857 1769/8529/8857 1768/4099/8857 1767/4100/8857 1786/4109/8857
f 3619/7863/6603 3620/7823/6602 3678/6126/5842 3749/6125/5841 3750/7213/7022
f 4720/1578/1318 4763/1577/1317 4771/4603/8777
f 4765/1709/8858 4745/8504/8858 4752/1710/8858
f 1309/4663/8859 1318/4180/8859 1286/3155/8859 1288/3156/8859 1310/4664/8859
f 4551/8495/8860 4766/4994/8860 4765/1709/8860
f 738/5412/2761 679/8530/1425 618/5915/1428 616/5735/5361 551/5413/4995
f 4758/8524/8861 4768/1202/987 4664/1201/986
f 4758/8524/8848 4757/8505/8847 4768/1202/8862
f 3440/4307/8863 3441/4309/8863 3438/5680/8863 3439/5352/8863
f 1564/4516/3966 1921/4515/3965 1931/4542/3998 1581/3756/3997
f 3794/7446/8864 4135/8098/8864 3820/6672/8864 3304/6671/8864
f 4557/8531/8865 4770/929/8866 4672/932/8867
f 4557/8531/8868 4667/7192/8868 4762/7191/8868
f 4762/7191/8869 4770/929/8866 4557/8531/8865
f 817/2117/6478 813/6714/6477 769/8532/8870 768/1968/8870
f 3948/7588/8871 3952/7602/8871 3950/6783/8871 3937/6782/8871
f 4762/8533/8872 4748/8534/8872 4770/8535/8872
f 4772/4600/4060 4655/7465/8873 4736/4601/4061
f 4772/4600/8874 2747/8536/8874 4655/7465/8874
f 4402/8184/8328 4581/3788/8564 2396/599/486 2395/598/485
f 3670/5990/8875 44/1463/1219 259/1462/1218 3671/7123/6919
f 4773/4599/8876 4771/4603/8876 4763/1577/8876
f 4674/1494/1255 4773/1493/1254 4763/8388/8667
f 1382/2307/1940 1477/7214/7023 3800/5385/4972 2494/2304/1937
f 4764/8389/8877 2691/7366/8877 2749/7365/8877
f 4613/8430/8878 4612/8537/8878 4774/7814/8878
f 4775/6844/8879 4774/8538/8879 4612/6845/8879
f 688/1767/8880 741/1916/8880 746/2005/8880 745/1920/8880
f 4021/6842/8881 4455/8539/8881 4776/6843/8881
f 3021/6356/8882 2950/6211/5942 2796/1954/5941 3117/1953/6341 3118/6602/6343
f 867/2509/8883 1825/4612/8883 1826/4269/8883 1472/4268/8883
f 2291/5355/4896 2292/5281/4726 2289/2164/1809 2290/2167/8884
f 4788/6208/5936 4689/6100/5935 4787/8427/8885
f 4497/6810/6556 4486/7654/8886 4178/8348/8886 4682/8408/8886 4784/5738/6554 4476/6809/6553
f 4781/6738/8887 4792/8540/8887 4691/8431/8887
f 1989/4120/8888 1992/8541/1886 1849/8542/1885 1844/4117/8888
f 4795/8543/8889 4787/8427/8889 4694/6099/8889
f 4795/8544/8890 4793/1078/8891 4787/8545/8892
f 4793/1078/8893 4788/8546/8893 4787/8545/8893
f 4793/1078/8894 4814/8547/8895 4788/8546/8896
f 1872/763/8897 1860/1874/1548 1996/1873/1547 2001/764/8897
f 1779/2968/8898 1778/2976/8898 1431/8548/8898 1432/4166/8898
f 2898/5358/8899 2897/8549/8899 2819/1298/8899 2785/1301/8899
f 4794/1075/8900 4694/8550/8900 4696/8441/8900
f 4795/8544/8901 4694/8550/8901 4794/1075/8901
f 4795/8544/8890 4794/1075/8902 4793/1078/8891
f 4691/8431/8903 4792/8540/8903 4701/8551/8903
f 3121/6452/8904 3023/6357/8904 3021/6356/8904 3118/6602/8904
f 4752/1710/1430 4746/7238/7061 4526/7237/7060 4660/1711/1431
f 2907/2712/8905 2830/7773/8905 2843/6161/5874 2844/6162/5875
f 3143/76/68 3200/79/70 3038/4787/6111 3041/6373/6110
f 4796/1579/8753 4790/487/8755 4791/8552/8906 4712/1580/8906
f 4703/1076/8907 4794/1075/8907 4696/8441/8907
f 4775/6844/8908 4776/6843/8908 4797/8553/8908
f 4805/3254/8909 4797/3256/8909 4776/3326/8909
f 1355/3268/8910 1348/3250/3175 1583/3701/3177 1599/8554/8910
f 4777/6832/8911 4799/8555/8911 4615/6833/8911
f 4615/5088/8912 4799/7301/8912 4798/5089/8912
f 4799/8555/8913 4777/6832/8913 4617/8409/8913
f 4801/486/8914 4800/489/8914 4685/8556/8914
f 1641/8557/8915 1645/8558/8915 1948/4554/8915 1943/7811/8915
f 195/503/8916 192/8559/8916 191/501/8916 194/496/8916
f 1373/2052/2846 1314/2051/6816 1313/4181/6815 1377/3319/2844
f 4803/7300/8917 4799/7301/8917 4813/8560/8917
f 4231/7895/7974 4230/7896/7976 4229/7957/8036 4248/7956/8035
f 1598/4547/8918 1935/4546/8918 1929/8256/8918 1580/8255/8918
f 4799/7301/8919 4617/8561/8919 4813/8560/8919
f 4614/5932/5600 4782/3777/5599 4807/3776/8920
f 4784/5738/8921 4682/8408/8922 4615/8350/8923
f 4802/7913/8924 4800/489/8924 4789/488/8924
f 4801/486/392 4685/8556/8925 4791/8552/8926
f 4811/5739/8927 4784/5738/8921 4615/8350/8923
f 4813/8562/8928 4617/6102/8928 4688/6101/8928
f 4791/8552/8926 4790/487/393 4801/486/392
f 707/1822/6116 796/6377/6115 760/8563/8929 706/1823/8929
f 2793/3541/8930 2800/3719/8930 2756/5939/5613 2753/3617/5611
f 1238/8564/8931 1270/3070/6361 1205/2910/6360 1208/2945/6363 1239/6619/6362
f 4814/8547/8895 4812/7813/8932 4688/8565/8933
f 4813/8560/8934 4688/8565/8934 4812/7813/8934
f 4812/7813/8935 4803/7300/8935 4813/8560/8935
f 2769/5201/8936 2772/4469/8936 2676/4468/5346 2722/5833/5577
f 4783/7467/8937 4809/3327/8937 4807/8566/8937
f 4793/1078/8894 4812/7813/8932 4814/8547/8895
f 1834/605/8938 1831/4283/8938 1828/4277/8938 1825/4612/8938 1969/8567/8938 1972/4628/8938
