# Blender 3.6.0
# www.blender.org
mtllib Building3.mtl
o Building3
v 268.879395 92.674820 239.641647
v 346.643829 92.676895 161.847153
v 343.902954 32.091637 158.691650
v 342.373383 92.667297 235.265762
v 269.798615 124.547318 152.069702
v 258.229858 92.649750 163.689178
v 258.277344 124.683487 163.792862
v 347.264099 92.670967 229.596268
v 334.127136 65.324059 150.345871
v 260.507996 92.651985 231.530746
v 335.846313 129.311218 151.458557
v 335.121185 172.453720 128.435547
v 268.942902 124.676643 239.636078
v 273.645813 110.132538 242.954895
v 346.687439 124.673798 161.889053
v 247.818176 11.432549 127.997498
v 335.582428 92.694107 241.118942
v 347.277985 124.690857 229.605072
v 348.276337 149.000580 228.207062
v 346.473114 129.185898 230.656631
v 269.253754 127.027138 152.381378
v 268.440002 129.948364 153.069305
v 258.604706 126.756683 163.377579
v 259.095764 129.111221 162.760880
v 340.131989 92.644630 154.998962
v 257.692902 92.684647 227.687653
v 262.466217 33.201981 158.722183
v 257.967468 126.812866 228.147247
v 258.561493 129.867691 229.007263
v 267.759247 129.624710 238.707550
v 349.229706 151.094559 165.433060
v 263.958618 92.671143 157.154602
v 356.073181 11.441530 128.738251
v 353.940369 14.039558 127.255280
v 335.545868 124.643578 241.063599
v 335.908173 126.627663 240.784576
v 336.529388 128.813889 240.372589
v 333.210480 151.807343 242.700073
v 337.133484 130.637497 239.886520
v 347.066925 1.531088 120.264709
v 345.802948 129.392029 160.699295
v 351.496918 127.850960 155.799164
v 346.359039 126.780212 161.458328
v 268.439453 127.084320 239.310318
v 267.733398 172.598648 128.499115
v 293.122681 92.692924 250.603836
v 306.542328 92.600334 251.401215
v 297.931274 92.613426 251.263535
v 334.762695 124.617981 150.575867
v 358.074707 125.978462 203.399445
v 357.728088 123.075523 186.958588
v 293.120850 123.157631 250.558990
v 293.593231 125.988083 250.689148
v 294.194092 128.204849 250.758392
v 295.561188 130.957474 250.972809
v 309.892822 123.194839 251.091370
v 309.415192 126.028488 251.167374
v 308.792480 128.380295 251.212967
v 307.868195 130.309555 251.281967
v 347.437531 -0.038811 122.220573
v 346.587219 0.076799 118.945099
v 357.988861 128.349991 188.180725
v 298.952576 134.361008 251.339233
v 306.885986 131.863342 251.363266
v 304.434204 134.202225 251.455566
v 259.281525 0.063936 116.940971
v 256.002808 -0.069040 121.998779
v 255.389969 1.481791 120.688454
v 255.582764 0.157213 119.283249
v 338.032074 143.378052 130.085770
v 337.047089 138.189926 129.607864
v 333.937042 0.249258 109.995117
v 327.504120 -0.088369 110.333237
v 328.345428 0.902538 107.287552
v 327.197693 1.667057 108.757057
v 321.906128 -0.149897 111.122589
v 321.660919 1.815594 109.843002
v 316.349640 -0.092865 110.302315
v 310.195740 0.015629 109.444084
v 308.256561 1.773884 108.010536
v 301.538452 -0.096483 108.867920
v 297.556580 1.761946 107.818565
v 287.172028 1.537655 108.947235
v 305.175507 133.849487 121.850639
v 299.474274 134.399704 121.713501
v 316.677307 102.081146 249.845749
v 298.136841 133.703995 121.884232
v 265.905853 133.647781 129.598846
v 280.544250 -0.126169 111.494469
v 280.587524 1.487537 110.213898
v 279.144379 -0.103840 110.127922
v 279.589355 1.263975 108.069298
v 275.178741 0.815987 109.111900
v 274.036133 0.165297 108.432350
v 265.516296 1.823814 110.305557
v 357.453857 67.479897 185.481308
v 346.137360 11.423980 121.530861
v 336.322205 131.541656 129.222000
v 307.760345 130.395477 125.476318
v 307.010834 131.867950 121.925995
v 296.409729 131.973053 121.828346
v 257.702545 124.736679 227.672089
v 248.025543 129.621124 239.638550
v 247.870117 9.877069 125.990158
v 337.824066 133.160492 153.047409
v 339.123108 134.258011 154.107880
v 308.778229 128.275146 126.001068
v 293.857208 126.756065 125.565033
v 294.813263 128.940567 122.058708
v 344.899414 133.110275 232.714493
v 343.400879 134.507492 234.164642
v 340.308350 134.586258 237.193497
v 338.668640 133.011887 238.762772
v 339.482300 133.742508 238.086304
v 309.656555 125.873451 122.374939
v 343.312958 133.948425 157.994675
v 342.631836 134.478973 157.208191
v 345.317871 130.856110 160.321609
v 344.031830 133.220612 158.872803
v 347.994812 1.631229 118.159027
v 309.859161 123.125374 125.395164
v 335.078796 24.578928 150.887573
v 269.703094 92.719032 152.101105
v 254.572952 1.518093 118.492157
v 342.487427 -0.084249 116.515091
v 343.857391 1.741856 115.526054
v 344.219299 0.760956 113.798111
v 255.424622 92.750786 160.832184
v 265.502380 0.097422 111.706764
v 258.884308 0.121880 114.885414
v 258.375610 1.577900 115.962555
v 258.004364 1.537720 114.156723
v 293.172241 123.083572 125.740181
v 334.740906 92.648476 150.663498
v 336.482666 1.677368 109.919060
v 322.941223 0.997087 107.901306
v 260.189850 133.379700 231.062775
v 261.444855 134.559708 232.472076
v 274.013977 1.386059 107.429329
v 271.004395 139.304504 151.132416
v 249.169098 133.099014 241.814148
v 264.324188 134.534378 235.546097
v 266.081451 133.036926 237.272476
v 265.173218 133.841522 236.482376
v 357.770447 92.691986 187.031525
v 254.549866 9.784799 118.394638
v 294.004547 41.595581 250.743469
v 309.984406 92.769127 251.094666
v 335.966797 69.480484 128.862686
v 295.832031 92.618912 121.900116
v 274.013733 9.885470 107.345970
v 253.690094 133.652435 142.435974
v 265.191956 134.492111 155.967499
v 266.316010 133.485397 154.813934
v 260.332642 132.604996 161.220535
v 261.323547 133.918152 159.821686
v 276.242188 152.759567 147.849945
v 254.304626 133.013504 154.485825
v 253.206482 126.825981 157.904892
v 355.989258 41.906013 179.647552
v 301.952972 92.603760 140.812164
v 309.233093 125.920280 268.695221
v 308.816254 127.520897 268.742798
v 308.341187 128.860794 268.769318
v 303.514832 134.414429 269.144653
v 345.938049 14.231483 121.882416
v 293.175842 92.753044 263.828888
v 247.886703 134.407562 197.797577
v 247.915436 133.856476 198.791763
v 248.060211 131.841461 200.801239
v 248.120361 130.301392 201.778854
v 248.374481 123.089684 203.886032
v 248.278610 128.253693 202.742844
v 248.953171 139.093369 207.257141
v 309.973694 92.768860 141.285355
v 309.969330 123.126274 141.225464
v 348.009583 9.941710 118.202446
v 248.180923 131.810318 190.072784
v 248.234680 130.437012 189.147446
v 247.927994 134.352325 192.776047
v 247.998123 92.634567 192.078827
v 247.857147 29.609327 194.060669
v 272.920349 69.693199 126.142532
v 247.937195 92.655449 199.318329
v 357.949432 123.136520 203.882538
v 328.210724 11.432289 108.558762
v 336.631897 9.822401 109.960594
v 326.702332 11.486361 110.286530
v 327.158264 9.958983 108.733208
v 321.565125 9.927893 109.879845
v 322.441132 11.470242 109.370918
v 322.781342 9.984241 107.861610
v 321.267273 11.494059 111.386887
v 313.282745 9.848020 108.457542
v 294.262482 128.322479 141.579147
v 295.211395 130.372009 141.396973
v 336.302551 68.434174 129.415344
v 337.581177 66.616974 127.285210
v 337.074982 67.911469 127.452164
v 312.816925 144.293091 141.717438
v 358.559814 92.589973 196.938187
v 265.975098 68.333038 129.650299
v 266.173798 69.308739 129.365768
v 264.301758 66.663414 126.191307
v 301.672699 9.838501 107.645645
v 249.333969 78.000183 183.393860
v 288.444946 9.895608 108.629692
v 281.033051 11.458782 111.615929
v 280.550110 9.921016 110.064468
v 280.074097 11.291880 109.467804
v 279.400970 9.909841 107.980423
v 275.757812 11.523416 110.528580
v 275.290466 9.932535 108.962219
v 274.547791 11.504946 108.966698
v 264.926208 9.865101 110.609360
v 296.153687 131.882706 141.339874
v 298.826538 134.288345 141.017609
v 326.955170 62.133102 246.163635
v 264.221497 65.601791 126.601440
v 335.798706 14.084148 111.724823
v 326.610535 14.095984 110.533905
v 327.788757 13.857684 108.902817
v 322.367004 14.116602 109.634026
v 306.947144 14.068494 109.675125
v 303.676666 11.457968 109.253357
v 291.829376 13.990485 109.925270
v 290.213348 11.472130 110.016441
v 280.162994 14.184523 109.862999
v 275.781769 14.049725 110.752670
v 274.636017 14.159288 109.232803
v 343.360199 11.510974 115.021004
v 321.245056 14.142137 111.659668
v 248.512421 126.820335 187.712738
v 248.387421 129.002258 188.436279
v 281.286285 14.078407 111.855278
v 266.532654 13.999331 111.997208
v 266.578796 11.474329 111.720970
v 344.183807 9.993856 113.719978
v 345.552826 27.113987 231.724869
v 347.013855 14.090280 119.745842
v 350.906281 57.956390 168.184937
v 358.454193 -0.047558 198.965302
v 256.253571 11.485237 121.963181
v 255.591965 14.047544 119.988174
v 346.949341 9.871498 120.169785
v 255.395203 9.886406 120.578873
v 347.131256 11.307001 119.429192
v 343.053528 14.053695 117.216011
v 343.177795 11.325057 116.911880
v 374.694458 125.958534 203.543610
v 358.231232 130.355164 201.761902
v 358.102386 128.359436 202.722336
v 248.574615 123.077423 187.029526
v 358.003479 92.629875 203.853546
v 358.160156 131.949326 190.111221
v 358.050629 130.279861 189.070862
v 358.359406 134.174316 192.431519
v 375.192810 133.754944 192.229980
v 358.462616 134.353088 198.068771
v 375.184235 134.425079 193.517700
v 375.244690 133.981110 198.921539
v 358.277771 131.844421 200.865387
v 375.005310 131.920944 200.918182
v 259.153625 13.902724 117.611938
v 259.050476 11.361791 117.265297
v 255.427826 11.271944 119.699066
v 249.979996 95.261848 211.557755
v 343.989471 9.914718 115.677368
v 343.268188 14.145428 115.421936
v 248.361481 92.706436 203.878983
v 248.593567 92.699265 187.041016
v 258.852203 14.091838 115.813858
v 258.740356 11.338003 115.560799
v 258.268463 9.853366 115.992615
v 257.929565 9.991736 114.175583
v 309.266266 126.804375 141.175323
v 308.589691 128.944473 141.133087
v 307.855133 130.342163 140.992569
v 306.924469 131.931000 140.996475
v 304.205200 134.286804 140.864548
v 333.433197 15.601387 113.465134
v 326.959808 15.413586 111.266754
v 326.077362 15.541106 112.844772
v 320.748199 15.602100 113.956459
v 321.829559 15.546125 111.922363
v 312.679474 15.532392 112.567245
v 304.727081 15.618620 111.951653
v 298.472504 15.573764 111.950523
v 289.070953 15.584054 112.784660
v 281.541107 15.619984 114.167023
v 276.421173 15.636521 113.063774
v 293.133942 92.669106 141.769745
v 275.422180 15.532845 111.496742
v 267.996185 15.602804 114.071831
v 337.952087 173.865814 125.883980
v 331.714600 172.655777 126.796646
v 331.470825 173.942108 122.752846
v 274.175537 172.677887 125.564812
v 272.784363 173.922211 122.263596
v 263.898682 173.932541 126.382133
v 342.111145 15.540696 117.365143
v 320.742371 51.265678 114.008995
v 322.955627 45.663284 144.500351
v 280.619659 15.558727 112.072174
v 315.004578 157.257431 123.393967
v 285.965668 154.847549 123.777954
v 316.973083 153.818558 123.771523
v 308.317261 152.087173 124.552948
v 305.874359 154.536194 122.478676
v 298.725372 154.715424 124.294998
v 303.408295 154.907333 124.258163
v 295.411591 152.995728 124.503914
v 318.829437 149.546860 124.178101
v 318.952209 150.513000 122.616287
v 294.338440 128.997253 268.814575
v 311.572815 148.885132 123.023460
v 309.850647 151.215973 122.817009
v 284.323395 151.398972 124.155800
v 320.630463 145.630127 123.070969
v 311.880035 147.476517 124.932556
v 312.928009 146.738449 123.214928
v 291.875885 149.366211 124.858269
v 290.267670 146.892593 125.099159
v 290.588226 148.656311 123.091919
v 282.623596 146.859283 124.570595
v 313.766357 143.945175 125.182899
v 314.733459 142.866409 123.480606
v 287.616150 142.737091 123.574318
v 281.761902 145.625504 123.252068
v 321.013184 142.488861 124.755173
v 321.846069 140.410172 123.395386
v 315.219971 140.236115 125.482849
v 308.069946 140.290466 124.557930
v 304.961212 141.894455 124.334618
v 297.610199 141.641129 124.363686
v 349.769989 -0.016193 166.330032
v 287.611450 141.168213 125.532616
v 280.810791 139.186325 125.079865
v 316.595276 137.324173 123.850449
v 311.233948 137.276901 124.889595
v 311.653473 136.147354 123.809959
v 309.025940 139.066467 123.478951
v 292.556824 138.095566 124.802811
v 294.267944 138.883911 123.514610
v 285.928986 137.415497 123.965897
v 279.605042 134.514313 123.862709
v 280.380341 139.948410 123.665825
v 298.125885 133.959290 269.123505
v 293.089783 123.121124 141.762772
v 321.896484 137.217178 125.021706
v 322.780029 135.454681 123.662636
v 317.182709 134.859848 124.053406
v 312.939087 134.530640 125.132050
v 309.545319 133.239166 123.438812
v 293.361176 132.076767 123.475258
v 290.109894 134.222427 125.156960
v 291.277771 135.011063 123.859764
v 285.583069 133.669144 125.933746
v 280.169250 134.418976 125.273727
v 250.809982 51.611336 129.038513
v 322.448486 130.689896 125.071854
v 317.165009 132.198853 125.870407
v 317.991608 130.211487 124.153786
v 314.165894 131.088959 125.351189
v 313.521057 132.286423 124.100540
v 311.390930 129.571045 123.607452
v 295.430206 130.415527 121.889977
v 288.838379 130.695465 125.386955
v 284.939484 129.828491 126.032669
v 317.877075 126.510010 126.034592
v 314.497742 127.951012 124.194069
v 294.192566 126.661057 122.134552
v 289.779114 131.260803 124.126778
v 291.699677 128.244064 123.697304
v 284.438660 125.416733 126.230438
v 283.913208 126.700272 124.403511
v 318.587463 122.814171 124.230621
v 314.847443 89.332031 125.482330
v 312.243652 125.529320 123.748405
v 293.536041 123.089317 122.199348
v 288.976685 126.821915 124.193527
v 279.361847 109.111977 123.904762
v 326.809631 52.469391 111.492485
v 310.442963 123.093277 122.159477
v 293.459564 92.748779 122.151093
v 309.820923 92.797653 126.302795
v 276.563446 51.466976 113.110283
v 323.131134 101.658653 123.702049
v 317.912140 69.376114 126.044609
v 312.060974 111.961243 122.353340
v 251.625610 55.409149 129.878891
v 288.966461 91.071190 124.208244
v 279.254242 69.348312 123.893410
v 355.121246 52.555527 131.492569
v 288.662994 89.249496 125.415703
v 280.013245 98.007133 125.263649
v 328.929565 69.552414 125.694023
v 314.556488 91.011185 124.231514
v 312.324280 90.510483 123.866745
v 301.880646 89.018829 124.216286
v 291.490356 89.138199 124.941551
v 291.370422 91.121597 123.787636
v 257.712372 51.926163 124.186203
v 311.691162 89.084831 124.979027
v 323.183624 68.871483 123.632988
v 283.846069 69.135323 124.342102
v 349.470978 51.543926 127.021080
v 318.738586 69.203743 124.162376
v 322.386169 69.453423 125.119614
v 319.011932 65.791420 121.498016
v 305.107941 69.307716 124.200928
v 291.651733 69.332443 124.874382
v 284.430176 69.363609 126.242577
v 283.863647 67.671333 123.994827
v 280.104919 69.268257 125.214661
v 270.203064 64.927200 121.008369
v 330.900757 66.144516 121.667938
v 260.663818 63.437813 128.886902
v 349.483307 59.039795 130.624466
v 345.861267 51.949219 121.924698
v 260.519897 51.966255 119.776031
v 324.669800 62.421646 117.806229
v 325.397583 62.213631 116.294022
v 293.229065 63.147781 117.785728
v 277.213196 62.771751 116.939957
v 325.096863 173.917007 120.438469
v 316.120087 172.636688 121.861893
v 306.869537 172.685532 120.512482
v 294.046204 172.658615 120.783203
v 285.663208 172.619080 122.145363
v 280.489258 173.912323 119.685310
v 326.215424 57.599861 113.619339
v 326.052246 52.267448 112.975182
v 321.161743 57.589691 114.239845
v 304.874023 56.059418 113.473259
v 292.347992 55.415943 113.578468
v 325.359344 58.157516 115.390556
v 320.008911 59.704941 117.233482
v 320.527557 62.207191 116.840492
v 309.620483 60.888206 116.226601
v 282.248474 59.569962 117.394432
v 277.586426 61.061127 117.176254
v 276.865967 56.453499 114.738121
v 276.368561 58.657341 114.335678
v 268.889252 57.563080 116.231003
v 321.675812 52.285683 112.057152
v 313.044708 51.324089 112.678123
v 310.056488 163.794266 121.044449
v 305.245544 165.859985 122.238670
v 305.455017 166.365829 120.693123
v 297.888397 165.974243 122.278358
v 296.470306 166.309143 120.746552
v 302.244934 51.571556 111.931938
v 289.685486 51.469246 112.713104
v 281.465179 51.702797 114.241196
v 281.149170 55.887276 113.550209
v 280.756805 51.481514 112.082718
v 275.463196 52.246826 111.609093
v 266.538849 51.744354 114.736641
v 309.602295 163.395859 122.611343
v 292.050079 163.469559 121.176979
v 289.142731 160.516678 121.615135
v 312.965851 160.063812 123.008400
v 293.850403 164.044128 122.574394
v 288.012695 158.181366 123.376007
v 290.343872 161.199661 122.934616
v 342.041626 62.622681 128.112122
v 343.107605 59.132812 126.371315
v 259.095612 58.596909 126.412186
v 314.556763 158.853149 121.718910
v 301.193359 155.892990 122.273781
v 297.011078 154.729385 122.480995
v 286.925079 157.505112 121.986183
v 258.748810 60.208466 125.381149
v 317.308807 154.225967 122.277519
v 293.757385 152.438690 122.658203
v 285.196198 154.431961 122.403938
v 344.496399 53.332840 124.072273
v 344.874115 56.915314 123.577057
v 257.448364 55.555840 123.380417
v 283.518036 150.873856 122.786011
v 340.323578 59.031883 122.041504
v 332.909241 61.786331 118.414619
v 261.374695 56.621162 121.293159
v 261.622284 59.787560 121.240822
v 341.315765 54.807674 120.223305
v 341.200989 57.254112 119.600967
v 333.690094 52.352570 113.622414
v 305.300568 141.298599 123.258492
v 298.356873 141.316605 123.228409
v 260.596680 55.555309 119.380486
v 320.608398 54.396126 114.753624
v 306.555145 136.262527 123.144501
v 304.356262 137.360794 123.094795
v 298.584503 137.123245 123.074577
v 298.705505 136.575409 121.726814
v 281.768677 55.509926 115.450150
v 309.580353 132.543732 122.034340
v 305.534149 136.482468 121.737152
v 295.257782 134.775269 123.284569
v 294.676300 132.848907 122.020317
v 256.919403 51.610229 121.990776
v 341.756378 51.267868 119.300858
v 310.905487 129.903961 122.211365
v 308.383820 130.322083 121.893051
v 342.188049 51.985809 117.582870
v 311.818298 126.760223 122.311279
v 309.439880 128.191055 122.075089
v 292.472168 128.330078 122.233841
v 259.974579 51.787411 118.094887
v 310.489716 92.775909 122.155579
v 312.111755 91.028267 122.293053
v 324.318848 66.330963 119.807106
v 319.661407 66.232994 120.266891
v 298.137085 66.153160 120.016174
v 282.943207 66.549187 120.739540
v 278.152557 66.364433 119.992813
v 282.981903 64.263931 120.425484
v 281.959686 62.052208 116.908333
v 302.191559 91.018280 121.414230
v 307.603821 92.565628 121.686539
v 292.160004 90.946114 122.305389
v 343.289490 62.151894 126.182930
v 341.138733 64.818489 129.724792
v 338.988861 63.471680 124.580772
v 339.909332 61.975952 122.043167
v 262.592468 61.264397 123.602280
v 262.745026 63.139702 123.347092
v 341.728271 65.644394 128.690262
v 260.515259 64.915672 128.316254
v 338.322815 65.961777 125.140907
v 312.436157 65.864990 120.497406
v 278.733856 65.854652 120.805405
v 323.761963 66.029579 120.818863
v 290.503510 173.845856 117.560875
v 303.881165 134.507889 121.779137
v 339.730896 172.663864 130.891800
v 262.039429 66.285843 131.197067
v 339.827332 67.225067 131.933197
v 263.385529 69.413414 132.949142
v 266.578888 69.390633 130.936966
v 335.814392 69.546356 130.591827
v 339.378906 69.449142 132.774078
v 266.553314 131.975723 130.903137
v 335.808777 130.430389 130.592575
v 263.248993 126.020386 133.129456
v 339.440033 126.637672 132.803558
v 336.407959 137.302002 130.938980
v 265.901917 138.912338 131.331757
v 264.522278 142.708878 130.422440
v 337.188507 142.412994 131.346832
v 265.060883 143.505386 131.848450
v 338.022064 146.062027 131.871582
v 264.035736 147.267563 132.372375
v 263.366302 147.435013 131.084625
v 339.381042 148.582062 130.890976
v 261.892181 151.858353 131.984344
v 340.743530 152.324951 131.685364
v 260.104431 155.993790 133.090012
v 342.633209 156.623047 132.942703
v 261.530396 172.675034 132.018066
v 254.853622 173.887451 132.202393
v 344.424713 173.912918 129.531906
v 264.156433 69.411148 134.613342
v 263.387238 68.184929 133.302094
v 338.313110 69.336975 134.308105
v 264.125000 89.071854 134.411270
v 264.144928 125.400375 134.710922
v 341.879974 89.510941 136.762695
v 260.289551 91.019722 135.941086
v 260.162537 129.810028 136.035431
v 261.596466 89.559074 136.484253
v 338.510986 126.828598 134.442078
v 263.539429 131.472534 135.060150
v 262.647156 131.179306 133.490189
v 339.984467 132.090439 133.178909
v 262.617126 136.570312 135.701477
v 339.472137 134.204041 135.045914
v 261.633392 140.533234 136.343307
v 261.637909 136.763718 134.100235
v 340.639740 139.531876 135.853760
v 259.992859 142.845047 135.235626
v 342.430695 142.484787 134.805862
v 344.236267 147.106216 136.029007
v 258.377930 146.881302 136.351089
v 262.307831 152.618820 133.477402
v 340.347412 152.827759 133.242249
v 258.750549 159.525467 135.913422
v 260.343475 156.811478 134.783417
v 342.135254 156.769958 134.391205
v 257.468414 160.637711 134.967209
v 345.455811 161.251587 134.825897
v 256.423859 172.678421 135.464874
v 346.409119 172.662292 135.335556
v 254.057404 66.335266 137.068436
v 344.170898 69.261574 138.336975
v 258.789307 89.101791 138.459473
v 344.291290 89.076828 138.533585
v 258.398926 90.277672 137.270615
v 344.919434 90.974182 137.546356
v 343.269562 90.980759 136.366089
v 346.465485 90.974091 136.987289
v 255.870758 92.700989 137.581802
v 347.620697 92.642448 137.884735
v 258.285217 127.223427 137.286728
v 257.158661 125.719337 136.379166
v 346.406799 124.297310 137.025360
v 343.394073 130.235535 136.461716
v 256.997253 126.988121 140.166473
v 255.874374 126.682289 137.460114
v 345.310272 127.172447 137.739319
v 347.983368 126.387558 138.261093
v 347.640076 124.678101 137.875763
v 255.006638 129.388718 138.222641
v 256.557739 129.165482 136.873413
v 261.346863 129.471222 136.628250
v 342.240814 131.207199 137.036102
v 348.292236 128.212585 138.479630
v 349.091858 130.401215 139.135529
v 346.122894 130.679733 138.385559
v 347.095276 128.571686 137.430145
v 253.940903 131.682739 139.251053
v 255.074081 133.005035 138.055786
v 257.208740 131.036636 138.117142
v 260.371124 133.238983 137.324203
v 258.989197 133.810669 136.867096
v 343.292816 134.488632 137.759949
v 344.575989 134.506714 137.403397
v 348.427185 132.453171 138.556427
v 255.425934 134.446030 139.554077
v 257.344971 137.246475 138.112457
v 259.160950 136.014664 138.195251
v 345.195374 138.063232 139.213623
v 346.370850 137.651627 138.713226
v 255.408630 139.505035 139.702866
v 341.689880 142.987701 136.603729
v 259.948059 145.376282 137.581970
v 343.128296 146.504883 137.583893
v 258.389618 148.728867 138.777481
v 344.976898 150.042526 139.011353
v 255.411484 152.018311 138.741547
v 257.059540 149.481033 137.348190
v 346.179382 150.497131 137.480072
v 348.489716 153.571777 139.396484
v 347.601990 164.048508 138.491577
v 256.338501 162.748032 137.759354
v 345.055939 161.413269 136.432480
v 253.533493 165.165314 140.035126
v 254.539474 164.148773 137.204987
v 348.190369 164.335709 136.882538
v 351.078400 166.388092 139.313477
v 353.463654 172.710526 141.191498
v 256.008331 69.283203 140.712280
v 257.140564 90.857109 136.331543
v 252.701096 92.540268 140.207092
v 258.951813 108.773636 141.384537
v 257.486847 125.753151 139.977615
v 255.778656 130.384506 140.427948
v 256.600403 128.542801 140.361038
v 346.676422 129.837936 140.926651
v 253.378891 132.957687 139.644073
v 350.603394 133.070816 140.472610
v 251.386581 136.890778 141.333038
v 252.816238 137.041870 141.803345
v 253.264038 135.585068 139.619431
v 347.778137 134.040756 139.676880
v 350.540924 135.614731 140.389481
v 350.747559 137.167084 142.305298
v 352.534698 136.887039 142.123535
v 253.185593 141.227158 141.617096
v 257.525696 138.673828 139.418015
v 255.071167 140.995178 141.485382
v 350.907166 141.493958 142.605103
v 348.425903 140.076370 140.436523
v 256.324677 151.787460 140.425705
v 346.928589 152.463654 140.599411
v 254.905411 153.365356 141.642883
v 251.569000 155.265106 142.012726
v 253.554626 153.939865 140.189667
v 348.547241 154.041061 142.004593
v 351.086212 155.260178 141.706757
v 251.554199 166.363327 139.702972
v 350.733612 166.018143 141.170868
v 248.520218 172.715836 142.309097
v 351.609039 65.715370 138.249756
v 248.041061 69.336708 148.260468
v 350.482086 89.063194 143.796326
v 248.022812 91.003471 144.453339
v 352.490906 90.966927 141.963379
v 353.850037 92.587029 143.410187
v 264.211548 129.746765 148.822433
v 248.196671 134.665665 144.455688
v 251.286667 134.474442 141.503738
v 352.261475 134.480637 141.947662
v 354.520416 134.672684 144.060272
v 249.054703 141.623505 145.703262
v 253.150330 142.061691 143.230270
v 350.416229 142.150955 143.709793
v 347.943176 140.902252 141.454987
v 354.062469 141.749023 145.844635
v 289.453552 155.532684 142.590469
v 252.672211 154.753815 143.676575
v 351.814941 155.336151 144.572342
v 355.198944 155.245575 145.705933
v 355.432312 166.029160 145.796249
v 250.683426 166.402817 142.699524
v 320.215881 185.008102 143.516296
v 359.542877 172.677658 147.815857
v 245.919052 173.913788 139.816376
v 357.307587 173.876984 140.075607
v 351.478302 69.223038 144.512924
v 251.555893 89.052750 144.739410
v 244.287094 92.677803 149.025452
v 245.836685 92.624695 147.071320
v 245.151825 130.724060 147.919006
v 244.212906 131.629608 148.995789
v 245.401077 134.139664 147.586197
v 245.850433 132.121262 147.195786
v 357.312531 132.693817 147.114960
v 358.351532 134.044769 148.376495
v 247.853394 136.833298 146.782547
v 247.059097 133.995987 145.697433
v 247.779358 136.844177 145.012909
v 351.564148 133.906815 141.265396
v 356.165222 133.747025 146.078018
v 353.474640 134.479233 146.650436
v 356.559906 136.274231 146.257980
v 246.761230 140.293381 148.260391
v 355.049866 137.110107 146.609070
v 249.004333 141.842697 147.407791
v 354.967682 141.508209 148.442017
v 356.344116 140.501862 148.248871
v 245.799957 153.846420 148.116028
v 247.597748 155.218292 146.069824
v 354.325928 154.268356 147.649170
v 357.318207 153.485931 148.173050
v 246.785995 165.765060 146.771774
v 359.025085 162.986862 150.006653
v 357.522705 164.654434 148.115707
v 360.119659 163.754776 148.845459
v 243.307037 164.676483 148.404816
v 245.758957 166.542923 145.479202
v 357.418549 166.318344 145.607117
v 361.279358 66.377045 149.836899
v 358.296875 69.335678 152.398300
v 358.564697 89.104057 152.683243
v 244.498093 89.093544 152.773010
v 243.025177 90.947136 150.606201
v 360.690308 90.875008 151.162949
v 244.001801 93.828262 149.502228
v 359.416748 92.659889 149.651855
v 360.691223 125.396675 151.202484
v 359.464752 124.593796 149.804199
v 243.048187 124.410278 150.554413
v 245.800278 125.551498 151.122269
v 243.713898 126.663528 151.883575
v 244.139099 126.812286 149.183563
v 359.029236 126.996445 149.279358
v 244.373108 130.412231 150.918793
v 243.528168 128.564056 149.772812
v 246.425613 127.795372 150.676300
v 248.029678 129.989517 150.947464
v 358.738434 129.191895 148.770706
v 359.962067 129.824951 150.364563
v 359.074188 130.228180 151.424973
v 249.429382 133.631424 148.176056
v 244.916656 137.925232 150.415619
v 245.612549 133.853485 149.403244
v 262.159393 134.585541 159.034271
v 357.497559 134.418121 149.417404
v 358.629089 137.663361 151.027222
v 244.931702 137.375305 152.219513
v 357.876038 138.180649 151.816238
v 246.733170 140.146790 149.996613
v 358.646301 147.333389 152.858917
v 357.622589 149.939972 151.459656
v 244.698425 152.499756 149.382904
v 246.641006 152.525101 150.062469
v 356.302826 152.129883 149.953598
v 359.065613 150.598862 150.328766
v 248.731613 154.468399 147.719864
v 360.855408 159.963989 152.392670
v 241.436768 162.135635 150.784256
v 242.749359 161.633423 151.642014
v 361.523956 161.517761 150.761993
v 244.607269 164.098526 149.261047
v 364.030273 172.658615 153.987808
v 242.589142 65.900337 147.828308
v 242.891006 89.339676 155.050476
v 360.477142 89.369949 155.477448
v 242.446152 90.939522 153.743896
v 243.664185 90.862991 152.009918
v 361.020233 91.095947 154.195312
v 359.784973 90.849098 152.431061
v 250.515045 92.825912 155.709442
v 355.056824 124.716995 153.313110
v 360.502930 127.289665 155.504944
v 361.007721 126.342308 154.196625
v 359.733429 125.781662 152.298447
v 352.423035 126.557961 155.450592
v 242.512726 130.302719 153.593811
v 242.920975 129.984329 155.005035
v 253.309692 128.176422 157.623734
v 355.341888 129.839539 150.932281
v 359.957275 131.798828 154.678757
v 360.472595 132.324875 153.499237
v 243.621277 133.813629 153.984680
v 243.328125 133.933304 152.513321
v 359.863251 134.573349 152.610809
v 359.097839 135.164551 153.478699
v 243.168640 144.789749 154.558746
v 360.063110 142.610733 154.804092
v 362.292419 140.734711 154.617523
v 361.385773 144.184647 153.460999
v 241.723999 145.624802 153.411148
v 359.505615 145.063126 153.940918
v 242.722931 148.565659 152.022308
v 244.174332 147.959549 153.049637
v 360.404297 147.565948 152.006927
v 363.590424 156.807404 153.690399
v 241.362137 158.838547 153.583817
v 362.682861 159.291977 152.278458
v 240.273743 159.868530 152.434204
v 340.294189 159.237381 155.124405
v 236.037506 172.664337 158.840530
v 241.125641 172.676880 150.862991
v 235.520782 173.766708 153.208313
v 364.908752 173.898117 148.948135
v 237.860504 67.069572 157.043655
v 236.155914 67.028419 156.047089
v 235.749725 64.780838 155.831116
v 366.229736 67.377571 155.917297
v 365.298126 66.687073 156.190521
v 238.788666 69.087860 157.567551
v 240.366257 69.163239 158.646713
v 364.002716 69.305428 157.283691
v 362.313721 69.486549 158.127106
v 238.895996 126.962540 157.510010
v 362.203735 125.408966 158.043640
v 363.763855 126.253296 157.163574
v 361.849304 132.085571 157.340317
v 239.420563 133.576752 156.729309
v 240.891464 131.334167 157.937744
v 241.437439 136.476059 157.033127
v 363.496552 131.666809 156.449661
v 239.984497 138.082077 155.795715
v 360.901581 138.900909 155.920273
v 238.403381 148.885468 158.052658
v 364.676025 147.056976 158.065750
v 366.100220 146.399139 157.547318
v 365.557800 149.680954 156.599365
v 237.368774 151.071915 156.779922
v 239.339172 153.052734 156.582764
v 238.901031 156.434662 154.437668
v 363.104187 154.083282 155.512222
v 266.826233 162.085419 154.410355
v 233.645416 66.837006 159.544983
v 369.103455 66.811798 158.803192
v 370.220520 67.110619 158.564240
v 235.459991 68.498947 160.703506
v 236.671234 69.441566 161.157532
v 366.032166 69.354149 160.497498
v 367.620605 69.055649 160.009155
v 367.407349 133.227737 159.939453
v 365.991821 130.872681 160.488144
v 236.761139 130.831497 161.076538
v 240.514877 126.557259 158.494568
v 235.367218 132.081696 160.539413
v 236.998688 137.632446 160.541397
v 235.682648 138.277100 159.877167
v 367.079224 138.037964 159.260406
v 365.671204 138.712967 159.839752
v 237.485672 143.146988 159.662155
v 236.733658 147.339340 157.941620
v 347.558777 185.043472 163.115768
v 234.961670 69.385582 160.961151
v 228.896179 173.976257 165.297729
v 231.559265 173.966553 159.555328
v 370.662842 172.614944 166.400024
v 373.776459 173.922638 164.469696
v 373.169617 69.349464 172.942444
v 231.500275 69.340630 168.717514
v 231.774628 130.685669 167.914307
v 226.411835 65.528625 173.052185
v 229.697662 68.748001 173.819489
v 375.082886 66.835739 172.961792
v 377.072998 66.257851 172.019577
v 373.061951 97.812744 173.258102
v 229.812683 97.975441 173.880524
v 373.069763 132.263580 173.313599
v 230.309692 172.635880 171.978363
v 373.245667 172.627167 173.530640
v 231.141571 69.243675 174.492233
v 371.805695 69.220070 173.996094
v 231.080139 129.962784 174.384781
v 231.154800 135.621155 174.889435
v 371.679871 134.134598 174.013092
v 229.744110 135.561630 174.215469
v 230.691742 144.233047 176.472656
v 372.124451 142.693634 175.461365
v 371.878052 139.107925 174.730896
v 373.474854 141.758377 174.686554
v 229.315948 143.957214 175.875778
v 372.319946 146.247559 176.354889
v 373.752014 146.217316 175.881134
v 374.209686 151.112900 177.563721
v 228.312317 172.683914 179.188309
v 376.243439 173.892593 171.138123
v 228.447083 66.569260 178.161072
v 230.229218 69.168251 178.197266
v 225.232651 65.236015 177.002441
v 373.284668 67.445602 177.716766
v 232.119507 69.341743 179.021393
v 370.721039 69.418617 178.334274
v 372.569458 69.393082 177.790665
v 232.098053 128.952866 179.204132
v 370.771423 125.402237 178.324539
v 230.356293 122.407043 178.338257
v 230.220978 130.831360 178.984726
v 372.612793 128.311707 177.960922
v 371.001953 132.271820 179.201172
v 371.265747 138.112793 180.556412
v 373.062988 138.163086 180.022568
v 229.033813 147.164505 176.801941
v 230.324188 148.895752 177.884232
v 356.116577 185.028030 180.047943
v 372.627411 149.653671 177.534683
v 228.576096 151.839691 178.557495
v 229.952087 152.923264 179.505844
v 373.075439 153.894211 179.364609
v 374.880127 156.845367 180.446808
v 375.578491 172.596481 183.393677
v 231.529099 89.403160 182.188599
v 371.552399 89.237190 182.581009
v 230.304413 91.017860 182.669785
v 372.789551 91.193481 182.904404
v 230.297211 127.921303 182.788132
v 231.460419 130.534531 182.545914
v 372.780487 128.862656 183.056213
v 371.577942 131.419678 182.875229
v 231.695663 137.460144 180.881729
v 229.977844 136.443970 180.168503
v 231.487396 141.483887 182.207245
v 371.568817 143.151001 182.271851
v 229.660309 141.463577 181.673538
v 373.445160 143.655518 181.972092
v 229.476700 157.066559 181.801773
v 228.099747 156.180679 180.686264
v 373.683594 159.114975 182.587814
v 227.688217 160.195023 183.472321
v 225.587402 65.604874 189.781815
v 372.146667 89.077171 185.778687
v 231.060944 89.158401 185.163727
v 229.860458 90.939743 184.994400
v 228.321747 90.889389 185.648117
v 373.206146 91.021088 185.291046
v 228.295837 127.436165 185.864502
v 229.841583 127.449699 185.141830
v 373.199066 127.110558 185.365402
v 374.734680 127.674332 186.265564
v 373.403046 130.453217 186.487259
v 230.187805 132.068985 183.634781
v 372.912262 132.587891 184.070526
v 229.890564 135.770172 185.390610
v 231.100494 135.832458 184.730820
v 371.964417 135.868286 184.969269
v 373.170288 135.722733 185.563477
v 231.113266 146.727676 184.548294
v 371.962585 148.203156 184.913574
v 229.281662 146.420944 183.900986
v 373.871826 148.603485 184.625961
v 228.875946 162.027527 185.738159
v 375.583191 162.232681 184.506622
v 227.236740 163.097336 186.266022
v 226.913223 172.646011 187.550827
v 248.673630 184.995270 186.317657
v 372.739136 69.414612 192.162323
v 228.252411 92.737106 187.200043
v 374.771698 91.044983 186.105286
v 374.756195 92.733513 187.423813
v 228.245697 122.871353 187.151245
v 370.552155 123.149872 187.113220
v 374.782898 123.054321 187.406693
v 228.268799 125.938683 187.691528
v 374.791138 125.931747 187.826935
v 228.102341 129.432251 188.820877
v 227.922745 131.239349 189.812363
v 228.163849 127.845551 188.169800
v 371.432983 130.337524 189.196808
v 374.860413 127.647354 188.295456
v 374.912689 129.123413 188.822952
v 228.034515 132.860672 188.354553
v 373.590027 133.830750 188.407379
v 374.925507 131.696350 187.769180
v 229.506577 132.669708 187.344070
v 229.473785 139.727585 189.006256
v 373.484070 138.910278 188.200790
v 372.421936 140.287445 189.100815
v 228.808975 151.642715 187.441193
v 230.716873 151.391266 187.942215
v 372.401306 152.227020 188.301743
v 374.249451 152.181290 187.530289
v 374.427673 164.258011 187.923874
v 223.752197 173.927856 183.933105
v 376.467072 172.732422 189.981201
v 378.717285 173.920334 180.138046
v 376.890930 65.936295 188.340286
v 227.859344 92.466644 190.132797
v 375.065735 131.677353 190.251587
v 228.052872 133.701324 192.123886
v 227.804138 136.613373 192.525543
v 375.249176 136.749435 193.010452
v 229.183334 137.079681 192.342804
v 230.610840 140.186005 188.826584
v 372.610962 141.768097 191.948502
v 373.742798 141.426636 192.435486
v 372.663544 154.590652 192.035446
v 228.352692 165.801819 191.475784
v 226.814850 166.145432 190.683258
v 374.722778 166.035217 191.869675
v 376.276886 166.427002 190.819595
v 226.772812 66.588623 201.188553
v 230.687805 69.383751 187.860153
v 230.902985 69.374435 204.869263
v 230.287689 69.605003 196.659760
v 372.641479 89.036964 198.552078
v 230.295486 89.035385 194.183212
v 375.518433 90.991676 195.983597
v 228.359161 92.760170 204.011078
v 227.766296 134.396942 193.343552
v 227.754700 136.489532 198.767761
v 373.901489 137.231918 192.707367
v 229.306732 141.406723 192.417053
v 230.407654 141.834854 192.020340
v 358.497803 162.636551 196.508682
v 230.343384 155.212646 195.839340
v 230.411896 154.319504 191.930038
v 372.651917 154.523911 198.486755
v 228.445038 155.312241 193.015366
v 374.628754 155.251495 198.090912
v 374.581726 155.028885 191.489960
v 377.928101 65.028885 201.797272
v 227.966293 92.474373 201.613983
v 227.607574 90.872116 196.808456
v 227.825531 134.250671 198.156693
v 374.546692 134.473709 197.719971
v 375.232605 136.584641 199.019577
v 229.157684 137.246002 198.347244
v 373.886169 137.131317 198.904114
v 229.332489 141.130051 199.660004
v 230.389175 142.043839 198.110947
v 372.638214 141.886856 198.939713
v 373.800629 141.556534 198.204025
v 230.440109 154.341965 199.515564
v 228.355072 165.844696 199.975891
v 374.689484 165.747330 199.532654
v 226.558121 172.683884 198.957306
v 376.212952 172.616669 202.316788
v 372.115204 69.738297 204.904556
v 227.992004 131.889114 200.829620
v 230.575439 140.507996 201.432556
v 372.398468 140.177200 202.161087
v 372.353699 151.574066 202.765350
v 228.446289 155.049988 199.360519
v 230.739838 151.730270 203.116928
v 226.768280 166.473740 199.974091
v 376.235535 166.228897 200.051071
v 227.476501 172.662308 207.960770
v 379.548950 173.916168 205.029556
v 370.937286 69.404800 211.855423
v 372.118774 89.538010 206.409500
v 231.013153 89.106415 205.344727
v 228.280746 90.910126 205.328690
v 374.837799 92.716370 204.300552
v 370.679016 92.804863 203.799377
v 228.430573 123.088264 203.910721
v 370.713593 123.144081 203.747314
v 374.828735 123.033653 204.316559
v 228.310974 125.966560 203.433090
v 228.104019 130.188721 201.946915
v 228.322632 128.056396 202.885757
v 228.323273 127.340973 205.312729
v 369.759460 128.892883 202.418793
v 374.842407 127.578323 203.240158
v 375.047424 129.768280 202.505844
v 374.731750 128.855148 205.194382
v 228.069489 132.409698 203.258759
v 229.476379 133.321075 203.033112
v 229.644226 130.300644 204.755539
v 373.595612 133.552551 203.193115
v 373.388062 130.513870 204.924591
v 374.956116 132.900375 203.266174
v 229.858795 135.913635 205.531952
v 373.456329 138.590332 203.799911
v 371.934875 135.863190 206.172028
v 371.930634 146.430145 206.500107
v 228.768250 152.223083 203.313553
v 229.176422 148.663544 206.232513
v 374.334045 152.573593 202.378784
v 228.891083 162.527847 205.215057
v 374.309570 163.096176 203.874466
v 227.454315 162.227737 206.413651
v 375.812134 163.098984 204.615967
v 375.282593 65.953590 212.856613
v 229.877655 90.874947 205.974121
v 231.485046 89.347694 208.278717
v 371.517792 89.287285 208.654007
v 230.294998 91.012482 208.240280
v 374.629913 90.997841 205.893433
v 229.810181 126.945953 205.853363
v 373.213898 127.020584 206.113998
v 374.683960 125.176941 205.961319
v 230.301071 128.421646 208.207520
v 230.151794 132.285706 207.197235
v 372.748474 129.909515 208.264694
v 372.983398 133.723740 206.806183
v 371.691010 131.740005 207.929565
v 231.133011 135.498108 206.322128
v 231.489471 143.244949 208.518173
v 371.505920 140.892166 208.890320
v 373.570709 143.876099 208.171280
v 231.136398 147.331268 206.469955
v 373.952209 148.293167 205.931564
v 373.676208 158.278275 208.294281
v 356.993530 184.996048 209.011307
v 375.371216 159.601013 207.989532
v 374.923523 172.700027 211.097992
v 228.250473 66.187630 213.511307
v 372.772491 91.025803 208.438324
v 231.466461 130.607437 208.154099
v 371.539124 128.368546 208.679092
v 232.001984 134.205887 211.295151
v 371.204346 134.985352 210.565475
v 373.110596 136.465622 210.723068
v 231.764465 137.999893 210.383682
v 229.864120 139.753677 210.404755
v 373.237488 140.522141 209.456146
v 372.435516 145.151733 214.228592
v 229.523865 144.492996 208.514282
v 229.966263 154.170380 211.342987
v 373.180664 153.632355 211.019531
v 229.508240 157.939285 209.143616
v 228.161957 156.854050 210.458374
v 225.979431 65.737549 214.230209
v 230.458817 69.234421 213.144882
v 375.710938 67.021568 213.317398
v 232.284348 69.262421 212.512650
v 372.731445 69.298012 212.643936
v 372.698364 121.728996 212.616623
v 232.275635 127.640755 212.327637
v 370.968536 128.899704 211.695221
v 230.411896 128.521500 212.875824
v 372.835022 130.699585 211.863434
v 371.925903 136.787766 215.852814
v 230.192169 134.599899 211.752716
v 231.204987 139.003815 216.193604
v 230.677628 146.812180 214.337387
v 228.722473 151.965607 212.979355
v 230.287415 151.098785 212.806381
v 374.690582 154.099564 211.307892
v 229.798798 172.624252 217.304657
v 226.711914 65.701500 218.269760
v 231.318970 69.433510 216.937790
v 229.925339 68.979828 217.621033
v 371.853455 69.387451 216.368515
v 373.308411 68.509758 216.980530
v 375.330444 67.639412 217.709167
v 231.359283 134.144440 216.883026
v 373.166168 107.882637 217.055817
v 371.920929 130.067062 216.415482
v 229.987091 132.120590 217.614487
v 373.267517 135.149612 216.708374
v 229.829819 137.279068 216.958130
v 373.546692 140.253647 215.862061
v 229.498413 143.217484 215.911591
v 372.218323 141.349487 215.171555
v 373.968719 145.588089 214.635406
v 372.731476 172.670319 219.226379
v 226.359894 174.008453 218.548386
v 227.210342 67.288429 218.545868
v 232.235062 69.328072 224.206467
v 371.162537 69.333595 223.323212
v 370.956604 108.868874 223.768738
v 232.256104 172.618179 224.187820
v 377.494934 173.944351 215.909088
v 370.162292 172.558838 225.610672
v 367.925995 69.208542 230.134293
v 371.002106 66.764107 231.808563
v 367.786407 131.621567 230.240524
v 366.341705 130.544724 229.770294
v 236.039429 138.703033 231.718262
v 367.006805 172.635696 232.008102
v 235.633789 172.640976 231.277344
v 233.778687 66.669365 232.184448
v 369.407867 66.837006 231.345520
v 235.494568 69.097481 230.879578
v 237.052307 69.395195 230.393997
v 238.958038 69.261246 233.575195
v 362.672607 69.206024 232.227402
v 366.402039 69.307343 229.733978
v 240.705688 124.998047 232.760071
v 364.271057 69.083313 233.317535
v 235.737244 133.363022 231.007507
v 239.118347 126.050415 233.641342
v 362.517761 126.754791 232.442581
v 237.013641 132.093353 230.412827
v 361.944489 133.909424 233.335632
v 366.033905 137.562622 230.327332
v 237.462463 139.494461 231.176743
v 367.311035 138.303787 231.016586
v 365.532867 143.494781 231.303131
v 366.986267 142.150635 231.711777
v 238.453201 147.201218 232.896576
v 366.505920 145.738861 232.540527
v 345.649628 185.040787 231.627182
v 261.518799 185.044830 232.611160
v 232.300873 173.903152 232.669067
v 235.453430 63.979065 236.023163
v 239.374878 68.146294 233.572739
v 237.580933 66.554771 234.755188
v 237.103668 67.570251 234.784180
v 235.025970 65.677696 236.039139
v 241.232071 65.615997 241.815353
v 366.302856 66.016693 234.513840
v 366.897369 67.027794 234.843918
v 361.804413 66.262825 240.575607
v 240.804352 69.389771 232.827698
v 247.097382 69.298256 241.520996
v 242.623032 89.380798 235.505463
v 360.192474 89.362160 235.796356
v 242.001831 91.058365 236.674683
v 360.628937 90.916885 237.067444
v 242.638763 129.266876 235.535187
v 360.070587 130.198318 235.993088
v 241.159607 131.743057 233.492432
v 360.443207 131.300186 237.432907
v 364.164246 126.868340 233.374481
v 243.574478 134.061646 236.834167
v 359.402374 133.930801 236.921707
v 363.583801 133.868317 234.232452
v 241.654938 136.180191 234.254425
v 240.068527 135.927856 235.110245
v 240.729889 139.949417 236.035248
v 361.029633 139.828827 234.696320
v 359.904663 144.801468 236.344162
v 362.202637 142.717072 236.398026
v 237.356537 148.682602 233.920593
v 239.283356 151.267853 234.177582
v 237.975540 151.636810 234.944580
v 363.943268 152.072937 233.896133
v 365.419312 151.736649 234.426559
v 239.046738 155.680786 236.637115
v 240.434113 155.516418 235.987198
v 364.685333 154.778000 235.691620
v 240.504791 172.703262 239.176331
v 357.010773 69.384438 240.198654
v 358.698975 89.147224 238.076904
v 244.299469 89.258514 237.974548
v 243.218155 90.987679 238.464798
v 242.318207 90.976776 239.663849
v 359.324127 126.925591 239.021942
v 243.300964 126.944572 238.619293
v 245.743576 124.666809 239.642746
v 242.058716 126.948456 236.735977
v 247.911072 126.527359 238.208496
v 358.748535 124.627045 241.602844
v 242.583740 132.426361 237.455688
v 247.061432 127.854301 239.622498
v 358.082031 129.261246 242.722549
v 244.173660 130.884033 239.742630
v 243.430054 135.440125 238.643433
v 244.524612 136.694412 238.195312
v 354.858826 134.524551 246.179062
v 356.596344 132.839783 244.404572
v 355.882233 133.528152 245.171738
v 359.542114 134.644043 238.666901
v 357.785278 138.038376 239.078049
v 358.064606 138.102509 240.533600
v 245.643082 138.741028 239.626160
v 244.858002 138.372620 240.445724
v 241.632751 144.100449 237.366760
v 243.649338 145.490677 237.022278
v 361.304626 145.861740 237.594864
v 358.857788 147.922440 237.811371
v 244.261963 147.497086 238.021179
v 242.813354 147.952316 239.059753
v 245.429459 149.856750 239.358994
v 360.362030 148.716812 238.957306
v 357.558716 150.635529 239.448593
v 359.527802 150.374573 240.054077
v 242.177338 159.978287 238.474640
v 363.812805 157.473938 237.001068
v 362.080475 157.950745 236.755981
v 240.268402 158.845093 238.333237
v 241.211990 160.960098 239.748383
v 362.805847 159.792084 238.401886
v 360.610168 161.124435 238.821411
v 361.644714 161.996796 240.017624
v 361.808899 162.601105 239.935242
v 237.904587 173.922424 241.699203
v 362.222107 172.702148 239.685349
v 364.549622 173.943909 242.537872
v 362.285126 63.073029 244.646042
v 250.371979 89.058914 245.095978
v 243.419556 92.691559 240.980911
v 248.606522 90.935768 247.029694
v 243.723328 92.661041 241.353470
v 353.749573 90.968483 247.864166
v 360.049072 90.967140 240.321136
v 358.922363 92.692299 241.741058
v 249.181778 92.621758 247.458008
v 360.084564 124.301765 240.311935
v 243.470169 125.545334 241.054214
v 242.573822 127.384071 239.959579
v 358.483276 126.836937 242.110580
v 359.570068 128.669876 240.920532
v 243.109543 130.385849 240.678085
v 244.206390 128.898926 241.946777
v 244.856125 130.991577 242.637299
v 358.647949 130.547150 240.013794
v 245.220947 133.781937 241.081024
v 244.363998 133.545288 242.136932
v 357.533020 133.737518 241.406403
v 358.924957 131.541031 241.771454
v 357.743347 134.035522 243.244293
v 246.316620 135.551773 242.367142
v 249.728394 134.070953 243.321762
v 250.660004 134.436081 248.785049
v 254.562134 133.544205 247.509766
v 352.034607 134.573410 249.141571
v 356.117188 135.710358 243.046249
v 246.459793 140.280701 242.361908
v 356.127960 140.268066 241.140137
v 247.479721 140.981949 241.821716
v 354.449097 141.721390 243.005493
v 354.347229 154.457428 243.153900
v 244.138031 150.828461 240.685837
v 245.478989 152.993454 242.426468
v 246.758652 152.186264 240.993530
v 358.467651 152.198624 241.253067
v 356.351562 152.596146 240.941330
v 249.037979 154.543091 243.570053
v 357.480682 153.635025 242.568573
v 273.361450 185.038116 242.785202
v 244.322571 163.388260 241.288177
v 242.178619 162.717789 241.126251
v 243.815247 164.736542 243.128815
v 356.821838 165.505386 243.507477
v 358.785461 163.628693 241.126770
v 359.730652 164.710342 242.525497
v 252.760468 66.103523 253.202454
v 256.291962 69.371086 250.522888
v 349.565369 89.090904 248.032257
v 259.942627 124.719398 248.579437
v 343.274597 124.705635 248.625992
v 341.630585 129.241989 245.181091
v 245.982239 133.221466 244.055786
v 259.151489 132.897720 244.271057
v 350.981964 133.850555 250.140045
v 245.840256 135.776917 243.908600
v 248.187241 137.211304 244.466553
v 247.610107 134.591110 245.752625
v 247.701202 136.968719 245.886078
v 355.371979 136.734680 245.850677
v 354.434296 137.291519 244.945541
v 248.578613 141.632996 244.640472
v 249.382324 142.138809 243.869370
v 355.215820 141.223572 243.894745
v 349.143188 141.799118 248.357147
v 247.003418 154.593018 244.220581
v 248.506607 155.463181 245.870911
v 355.513947 155.239105 244.818481
v 247.195312 165.880188 244.651520
v 245.860062 166.435455 245.561676
v 346.791504 69.267601 250.534653
v 341.215363 183.957794 124.538872
v 260.677277 184.016647 125.272270
v 258.216797 92.838257 250.221848
v 352.436737 92.608009 248.924530
v 258.992065 126.450150 249.028809
v 348.485840 129.495468 252.207886
v 351.707123 185.008865 132.874420
v 351.716949 183.987900 131.488892
v 250.711395 184.069046 132.070724
v 252.185165 133.031143 250.139343
v 256.881195 129.426498 249.652878
v 250.828751 136.781448 249.037750
v 252.251129 141.465744 248.387390
v 254.001205 141.689774 248.401108
v 349.648834 141.094498 249.495483
v 253.580765 154.516708 248.065094
v 251.842499 155.308899 249.092529
v 350.595428 154.868286 247.113617
v 348.280090 153.479385 249.094070
v 351.504944 155.267151 248.848740
v 251.707306 166.130646 249.146622
v 350.748993 165.838669 249.726456
v 353.845276 166.638046 247.150085
v 357.213440 166.553680 245.467346
v 245.791809 173.916946 250.955185
v 350.566620 65.872566 253.291458
v 259.122894 89.328117 252.778793
v 237.973602 185.076508 146.811554
v 236.800583 184.140808 146.535645
v 344.138916 89.099075 252.468857
v 371.734253 184.015549 154.683472
v 230.771957 183.879089 155.429962
v 253.627747 92.619522 251.577164
v 347.384705 92.703926 253.249435
v 255.161072 92.817467 252.637131
v 255.012909 125.773766 252.527557
v 253.697510 130.446564 251.409790
v 254.209793 128.852982 251.940750
v 347.824646 127.392082 252.943771
v 255.564575 133.626236 251.413910
v 252.714966 136.966370 248.971298
v 252.705933 135.385895 250.669556
v 348.040771 135.006042 251.004227
v 351.437836 136.763596 249.762085
v 350.165985 136.972610 249.177597
v 349.259155 134.966309 251.774719
v 254.747711 140.033676 250.510376
v 257.772827 138.204346 251.598770
v 345.818054 139.121033 251.217850
v 347.677490 139.534363 251.153442
v 255.765732 140.315292 249.968765
v 344.616638 148.563065 252.157654
v 297.863190 185.018768 251.288086
v 259.431763 147.616150 252.941727
v 346.673157 151.713531 250.533310
v 256.405579 152.287399 250.549652
v 254.459641 153.648911 251.459702
v 348.732849 153.355743 251.337646
v 305.418121 184.889771 251.433853
v 254.159515 165.072388 251.391006
v 348.641632 164.473831 251.607971
v 252.403564 166.193054 251.914124
v 248.875275 172.711273 249.107300
v 354.432373 172.719269 248.777603
v 357.159912 173.827957 250.827713
v 375.378662 183.637207 161.422287
v 374.764954 184.944061 162.459641
v 227.287369 183.923798 162.548355
v 264.729156 69.274078 256.586426
v 261.162781 89.279182 254.091690
v 341.437073 89.442795 254.416168
v 227.583145 183.800323 229.175949
v 256.630524 90.940155 253.868073
v 259.778992 90.992531 254.499451
v 342.816162 91.073517 254.930405
v 344.520020 90.816185 253.708923
v 345.849213 90.962608 254.492599
v 347.250610 124.601006 253.370331
v 345.844391 125.577141 254.500626
v 344.613373 125.209846 253.681259
v 259.321228 132.035233 254.176849
v 256.559052 124.353172 253.868607
v 257.968567 126.642944 253.241257
v 343.250092 130.947052 254.620361
v 256.962585 130.430511 252.536377
v 256.002594 128.319519 253.452332
v 260.737396 131.311127 253.824478
v 345.405487 129.677979 253.083023
v 346.518280 129.176910 253.971680
v 254.760925 132.126694 252.460251
v 259.639465 134.847305 253.036133
v 341.774963 129.510880 254.229538
v 342.695862 133.385864 253.543655
v 344.124847 133.925064 253.978043
v 346.628357 132.704269 252.161407
v 347.707794 132.540131 253.043579
v 257.074066 137.175354 252.459778
v 263.585449 134.168579 255.800888
v 343.913788 136.152725 252.672424
v 262.451874 139.312134 255.047333
v 341.223480 139.831390 254.666611
v 345.522583 137.006012 252.900253
v 375.487671 183.805908 229.164642
v 261.367218 142.934448 254.276413
v 259.216919 146.046982 255.179977
v 342.908112 144.885971 253.453445
v 344.614990 146.815170 254.563232
v 371.643005 183.879272 236.464798
v 231.292023 183.985107 236.239243
v 257.154785 150.059906 253.599777
v 344.495544 159.817307 254.787827
v 346.214417 149.869995 253.349426
v 258.719482 160.392242 254.981567
v 256.451324 163.079803 253.226532
v 255.072800 164.151978 254.183975
v 257.593231 161.259399 256.042938
v 346.447571 162.443008 253.356552
v 347.817017 163.402481 254.233871
v 351.023804 166.181534 251.662857
v 236.823212 184.102737 244.435089
v 257.478210 172.667343 256.247711
v 263.225952 67.240631 258.930908
v 263.647491 69.430290 258.119049
v 338.825439 69.524933 256.220062
v 339.687439 69.409477 257.905029
v 356.042236 185.043991 254.100922
v 352.089081 184.268097 258.954163
v 338.865753 125.123772 256.188568
v 245.013947 185.101624 252.221024
v 339.805206 126.002335 257.780518
v 260.433044 183.926987 265.542847
v 264.549988 126.654694 256.409393
v 263.579254 126.965271 258.073425
v 309.656799 123.112877 268.670105
v 343.852570 183.956253 264.753479
v 295.278168 130.416214 264.849365
v 339.526764 131.402573 255.857819
v 340.432556 131.344711 257.404449
v 262.850983 133.209686 257.569824
v 261.237579 140.513596 256.487000
v 342.486206 141.027267 256.048096
v 343.447174 143.932968 255.484406
v 264.918549 146.335602 258.962708
v 340.182892 151.051407 257.747833
v 262.489014 153.407776 257.531342
v 341.481689 154.356461 256.939178
v 342.449646 154.951553 258.078857
v 333.267487 184.304886 120.831505
v 323.023071 185.084595 118.333603
v 326.444122 184.025146 118.168282
v 279.050476 183.720322 117.304596
v 268.450439 183.963440 121.233047
v 261.121033 156.340912 256.618713
v 260.306976 156.837753 257.891754
v 342.722626 156.849823 256.068970
v 313.682709 184.151352 115.204277
v 305.685638 184.083496 114.351074
v 305.910461 185.103516 115.542343
v 290.954865 184.120499 114.865746
v 283.030823 185.085327 117.473221
v 344.304810 158.586716 256.843140
v 345.957855 161.103531 255.646057
v 346.443634 172.657883 255.550781
v 254.853821 173.887436 258.688324
v 222.332230 184.111984 177.754593
v 380.638000 183.883148 177.047897
v 222.867523 185.048050 180.648911
v 261.021118 62.558777 262.677429
v 342.881042 62.000496 262.667816
v 341.576874 65.177513 260.638794
v 267.219574 69.414711 260.306274
v 336.510284 69.207268 260.146393
v 337.055420 68.359222 261.214935
v 336.520508 132.121094 259.936920
v 381.919250 184.083908 184.328400
v 379.225739 185.091827 175.690948
v 220.740906 184.096466 187.463852
v 267.220276 130.779602 260.292603
v 292.995575 123.132805 268.626221
v 293.773376 127.475288 268.760834
v 266.702209 131.847885 261.631165
v 306.605042 131.855377 269.008972
v 337.564331 137.186111 261.062683
v 265.928955 138.532944 261.287476
v 299.379425 134.553528 269.195618
v 337.149872 138.910110 259.550720
v 382.566345 184.514465 193.516800
v 380.029358 185.110214 210.465057
v 220.253387 184.105377 196.451065
v 221.677841 185.110840 202.663696
v 265.896851 142.109787 259.562073
v 337.995300 143.507370 259.047455
v 339.368774 146.189056 259.993896
v 263.604736 148.710236 259.941528
v 340.651459 150.518204 259.236786
v 262.102539 152.878769 259.088287
v 341.315369 172.686661 259.010956
v 335.260925 172.572113 262.446472
v 267.422913 172.591187 262.221619
v 382.358856 184.065155 203.121460
v 338.831757 65.601784 264.289001
v 338.746979 66.670799 264.693237
v 380.698853 184.006714 213.487000
v 222.323090 184.247375 212.665176
v 266.697083 68.336868 261.604187
v 266.011688 67.969521 263.343140
v 267.083099 69.516357 261.995819
v 272.059113 69.365013 264.361847
v 331.401062 69.351135 264.214355
v 336.879578 69.246506 261.500061
v 225.455597 185.093994 220.744980
v 337.987701 184.094711 267.944641
v 329.893890 183.746460 271.630798
v 322.375153 184.055923 273.935150
v 276.299988 184.292572 272.530334
v 268.365601 183.998581 269.596893
v 301.768188 185.065964 275.659607
v 310.921234 184.032288 276.143341
v 296.328766 184.153137 276.495911
v 277.775330 185.112762 271.921509
v 283.059631 183.820328 274.624573
v 272.188812 172.651245 264.426697
v 263.846527 173.924667 264.462677
v 338.921753 173.932709 264.616028
v 271.571167 66.080032 269.057617
v 332.337585 65.496094 269.398621
v 280.594910 69.488823 265.756409
v 285.113739 69.311172 264.837067
v 284.290192 69.341438 266.693909
v 292.715942 69.453506 266.142395
v 301.479767 69.357002 266.721863
v 309.333496 69.485168 266.221405
v 318.619293 69.311394 264.690491
v 319.172943 69.376106 266.491302
v 319.787781 67.512939 268.855743
v 322.974548 69.287834 265.671936
v 323.791534 69.251610 267.023773
v 314.355896 89.210869 265.482727
v 279.887695 68.675278 267.260437
v 305.241272 89.068985 266.552002
v 280.509003 130.431229 265.850586
v 319.074829 126.925926 266.521790
v 288.252136 89.281624 265.430908
v 291.782410 89.112259 266.136993
v 311.517120 89.110435 265.916290
v 288.579956 91.142860 266.718231
v 290.806641 90.842171 267.133545
v 311.691284 90.976845 267.119781
v 314.092316 91.053864 266.707703
v 309.647003 92.730499 268.695160
v 323.545898 134.082489 266.975952
v 290.919708 126.757156 267.166321
v 314.009674 128.352371 266.708984
v 323.909332 103.688263 266.983887
v 279.938446 103.955635 267.205841
v 288.344482 129.233185 265.455536
v 311.472717 128.089935 267.172668
v 314.391174 129.524841 265.445099
v 285.146454 126.983627 264.852997
v 318.390076 127.796829 264.715332
v 284.387512 122.191422 266.633911
v 322.945679 134.361938 265.626282
v 310.941162 126.830238 268.644012
v 280.216797 135.166046 267.173218
v 280.957031 135.645569 265.826965
v 284.880188 129.234543 266.688416
v 285.755829 131.810165 265.005798
v 289.040558 130.379883 266.730347
v 292.015442 130.493439 267.321564
v 307.591370 130.403122 268.960754
v 285.612579 132.750732 266.643860
v 289.833221 134.006348 265.738342
v 290.274017 133.940109 266.978485
v 295.767334 131.623062 268.899139
v 293.768097 133.547974 267.521118
v 309.810791 132.023499 267.385895
v 313.536255 132.778229 265.653503
v 313.172180 131.967926 266.772003
v 286.259705 136.681747 266.998657
v 286.576416 135.771286 265.164124
v 293.939606 139.119293 267.392822
v 311.551514 136.612503 265.945923
v 311.801971 135.111526 267.011932
v 316.522675 137.583130 265.196503
v 317.117523 137.323624 266.874084
v 321.612946 141.999664 266.018921
v 281.457703 139.431442 266.032288
v 287.928101 140.496063 265.398254
v 291.803162 137.263718 265.993591
v 295.126801 140.404007 266.372620
v 309.746490 137.934372 267.233459
v 316.139557 140.649338 267.116119
v 322.232666 139.202362 265.811737
v 322.693420 139.942627 267.256531
v 282.236481 143.285660 266.169159
v 298.535034 141.962234 266.562439
v 298.227020 141.432266 267.641266
v 303.714081 142.141861 266.575195
v 306.794067 141.009537 266.456909
v 307.119354 140.217346 267.484253
v 315.347260 141.309387 265.360626
v 314.370026 143.596603 265.602356
v 320.547882 146.356598 266.283081
v 282.415833 145.677048 267.833923
v 289.460510 144.320267 265.709473
v 291.184998 147.498383 265.959747
v 288.540710 143.469391 267.466003
v 290.364288 147.198135 267.782104
v 312.553711 147.139023 265.796356
v 314.587463 144.589828 267.467743
v 321.552704 144.596619 267.558472
v 291.441711 148.875107 267.887939
v 293.678223 150.906433 266.220459
v 299.734314 154.894058 266.608643
v 307.809479 152.840088 266.378113
v 311.148987 149.411057 266.044373
v 312.310242 148.851883 267.807739
v 320.267670 148.856903 267.895874
v 285.804993 153.300858 267.057190
v 293.061066 151.045624 268.004303
v 296.251251 153.233749 266.474609
v 304.283813 154.715851 266.609467
v 287.485077 156.358063 267.388916
v 305.875946 154.808243 268.487549
v 309.127808 152.602051 268.231110
v 317.043640 154.968674 267.152832
v 314.914734 158.280884 267.509430
v 330.381195 172.632050 264.633331
v 273.291962 173.958023 268.883484
v 279.275940 67.730019 269.257507
v 279.275024 66.044273 270.075928
v 278.522217 65.545570 271.842896
v 284.131042 66.119270 268.991333
v 319.874359 65.035889 269.874573
v 324.033722 66.612297 269.277588
v 291.116333 91.040810 268.610291
v 299.794373 90.999542 269.424683
v 292.745087 92.774185 268.758972
v 310.960358 90.993111 268.647675
v 310.173584 177.618530 113.902451
v 321.036102 183.578415 116.514938
v 308.456024 177.581116 277.149353
v 294.922272 177.527130 277.160431
v 291.167755 125.379868 268.599243
v 319.419769 177.526901 275.390869
v 283.416443 177.500610 275.350220
v 291.959534 129.126068 268.624329
v 309.984619 129.850922 268.756012
v 311.341370 173.826218 273.413513
v 301.956787 176.113647 274.358582
v 293.678131 132.740158 268.801361
v 304.932617 133.698364 269.098175
v 308.321808 133.064255 268.896301
v 297.615417 173.959351 274.163239
v 297.831848 136.489914 269.146057
v 307.814667 134.800873 267.608734
v 304.106659 136.732056 269.175018
v 297.256653 136.767212 267.792664
v 304.290314 137.192841 267.829865
v 221.185852 182.918289 208.975677
v 304.190063 141.482193 267.677826
v 223.293930 177.565552 219.994843
v 382.206818 177.582886 209.981598
v 220.176834 177.513123 205.758118
v 284.152802 150.615540 268.278198
v 295.862793 164.875214 268.498627
v 318.742798 152.664566 268.308746
v 380.296570 176.140686 201.031769
v 222.769653 176.132950 201.192200
v 380.233521 173.938477 194.989639
v 285.754333 154.240021 268.616333
v 289.637115 159.528641 267.773621
v 295.737671 153.505920 268.293518
v 298.266632 154.972366 268.447998
v 222.818558 173.939972 194.897644
v 383.531982 177.508057 195.729370
v 219.633606 177.624374 191.328598
v 288.486084 158.850739 269.177277
v 301.764526 155.897171 268.638245
v 315.820679 157.907776 268.907410
v 316.643188 157.379105 268.816956
v 379.996826 176.134735 187.238342
v 223.126373 176.111023 186.594086
v 293.033051 163.003433 268.218079
v 309.581879 163.790390 268.289215
v 312.420258 161.381851 267.958435
v 313.710968 160.720718 269.310883
v 382.620117 177.558731 183.676071
v 220.921814 177.507431 180.532288
v 305.966827 165.826370 268.614868
v 310.698517 163.733505 269.761597
v 378.580231 176.134796 178.310806
v 380.892334 177.492065 175.288254
v 293.573761 172.643372 270.051514
v 293.042389 163.804459 269.838684
v 297.532074 166.320358 270.179626
v 298.687561 166.059692 268.726013
v 305.982544 166.478073 270.202362
v 304.166046 172.663010 270.428589
v 282.863220 173.902084 271.802643
v 285.021118 172.631271 268.586121
v 315.475281 172.611343 269.182373
v 296.339539 177.491013 113.586601
v 319.229675 177.532990 115.462929
v 284.087830 177.542145 115.394463
v 305.222076 174.084717 116.676315
v 297.711517 176.058151 116.509888
v 268.927856 15.553509 277.223724
v 344.201111 14.091803 275.076721
v 336.520569 13.999336 278.893402
v 260.953186 15.601863 273.426453
v 259.954102 13.905704 273.661530
v 259.763306 14.142507 275.452393
v 342.610657 15.533494 271.195129
v 347.461365 14.047613 270.902100
v 342.988007 15.489384 273.051239
v 343.899506 13.902772 273.278534
v 255.972595 14.059648 271.070282
v 346.240723 15.450150 268.865448
v 257.135895 14.366916 268.905945
v 257.167114 15.449354 269.047974
v 249.346817 14.044698 263.816956
v 245.268158 15.626451 257.273987
v 346.716400 14.165039 268.773987
v 364.199768 15.531024 250.876923
v 235.336456 15.560033 246.649170
v 370.791473 14.104589 246.302399
v 232.636719 14.074114 246.841614
v 375.259186 15.345482 239.719604
v 230.222443 15.646069 239.307602
v 377.194885 14.107132 240.946625
v 373.228271 15.586005 238.673431
v 228.162354 14.153729 240.568893
v 226.092255 14.081598 241.362915
v 224.027206 15.596317 236.927399
v 379.649536 14.175210 236.924911
v 223.829651 13.997876 237.836975
v 377.581116 15.589201 235.769272
v 382.794006 15.601845 175.397949
v 378.982635 15.604597 153.938934
v 225.476837 15.614971 155.109436
v 223.598907 15.582616 154.807770
v 223.422913 14.177295 153.978836
v 229.902649 15.712096 152.280334
v 379.320740 14.007605 153.090225
v 374.849487 15.602962 150.679169
v 232.962280 15.596563 147.609665
v 376.981506 14.046772 149.513245
v 374.783142 14.242533 150.295929
v 367.267334 14.071980 139.878998
v 233.486603 14.083135 142.866592
v 225.858261 14.107104 149.943817
v 362.646057 15.676093 138.479294
v 240.199173 15.633469 138.686188
v 244.841736 14.092683 130.761261
v 354.537292 15.613935 130.893097
v 249.018585 15.626936 130.459946
v 344.854004 15.469002 123.673103
v 256.281494 14.132253 122.275002
v 256.710297 15.367523 122.038162
v 345.817902 15.392673 121.756119
v 260.415100 15.594722 119.764374
v 260.017517 15.320350 117.980408
v 332.624664 -0.031187 243.030334
v 335.422272 52.335060 276.558777
v 268.536987 51.560722 277.005798
v 382.126404 51.406563 230.638733
v 382.918304 15.571711 161.972168
v 343.090393 51.886490 272.851501
v 261.250671 51.773392 271.479065
v 260.867126 51.808090 273.241333
v 261.224945 15.603229 271.552826
v 346.229675 52.106426 268.768890
v 257.181549 51.775833 268.959137
v 258.358521 15.707279 267.024780
v 345.436615 15.606586 266.732239
v 248.266541 51.327782 259.795288
v 354.818695 15.621581 259.791840
v 243.065750 51.909435 255.089706
v 365.181824 51.565098 249.612366
v 234.951233 51.605858 245.978317
v 373.191284 51.556541 238.615005
v 375.118652 14.258889 239.874756
v 375.054871 51.932617 239.757584
v 228.217590 51.653076 240.147049
v 228.139114 15.460710 240.178909
v 224.193848 52.026684 236.977951
v 225.787506 15.524198 236.541229
v 377.553162 52.018166 235.681976
v 379.476990 15.570745 236.090332
v 225.484177 52.010094 155.198044
v 227.818359 15.362490 151.178452
v 230.025299 52.395279 152.382767
v 377.184814 15.542833 154.317566
v 377.234985 51.974174 154.439636
v 378.839142 52.086426 153.919022
v 374.972412 51.610252 150.839355
v 372.736328 51.955933 151.611420
v 233.983765 51.553921 146.244873
v 228.191956 52.828003 151.193909
v 372.810638 15.603731 151.593414
v 227.944412 14.290973 151.018127
v 368.512970 15.635647 145.424835
v 366.512085 51.613548 142.924591
v 239.192688 51.444572 139.845825
v 359.920776 51.677658 135.770203
v 244.689392 51.877113 134.305954
v 257.671997 15.609486 124.144989
v 341.840210 15.629054 119.367470
v 321.521271 15.577985 276.753540
v 328.736603 177.536789 272.717346
v 272.214539 177.509979 271.945251
v 261.416321 177.569107 266.966492
v 342.016632 177.530182 266.649292
v 351.955414 177.610260 260.219452
v 248.560028 177.487610 258.073608
v 238.281296 177.553131 247.644623
v 360.084961 177.719543 253.089462
v 243.670532 184.071976 252.490570
v 233.781464 177.562790 241.587448
v 375.507660 177.551941 230.650406
v 227.953903 177.601440 231.563065
v 379.710571 177.585037 220.077148
v 378.848663 177.587021 168.300964
v 223.327225 177.547958 170.917114
v 375.621338 177.522003 160.635849
v 372.446045 177.553375 154.322815
v 227.357849 177.531357 160.708664
v 233.511841 177.594803 149.622330
v 365.663300 177.558212 144.243546
v 238.257690 177.555496 143.267380
v 361.496704 184.025986 140.554047
v 243.106674 183.349167 138.698227
v 245.742905 177.513687 135.379730
v 353.001923 177.543182 131.580734
v 253.819000 177.524078 128.824005
v 342.570831 177.565811 124.513748
v 261.036499 177.530197 124.241348
v 266.690887 177.508560 121.322250
v 327.965210 177.539871 117.865997
v 274.553162 177.522202 118.065193
v 317.253448 176.093353 272.853149
v 322.088745 173.929642 271.367645
v 285.956512 176.124084 272.915039
v 323.119751 185.098907 272.460266
v 327.872253 176.123505 269.813171
v 275.173004 176.134506 269.813751
v 268.973999 176.152969 267.335510
v 339.792328 185.116791 265.624329
v 260.915924 185.058701 264.461578
v 334.074219 176.126862 267.330505
v 330.908875 173.974030 268.406372
v 252.155197 184.099960 259.932190
v 340.450836 176.139282 264.109375
v 263.125427 176.131622 264.389099
v 255.341339 176.081100 259.471863
v 347.654419 176.110611 259.502319
v 350.788300 174.034653 256.927673
v 313.106079 185.043442 250.631317
v 288.768372 185.035477 249.631119
v 242.310135 176.089096 247.752182
v 322.679626 185.003922 247.969727
v 282.603485 185.054626 247.545715
v 278.792847 185.053513 245.860474
v 357.760315 176.104691 250.811493
v 369.824341 184.968933 237.739136
v 331.663055 185.037323 243.621246
v 365.394043 184.343155 245.476425
v 336.488342 185.040619 240.403854
v 268.266693 185.032761 239.112885
v 368.877350 177.517441 242.172287
v 370.597504 173.894333 233.023956
v 234.336151 176.088867 236.794952
v 341.898041 185.002213 235.694336
v 367.154968 176.116501 239.403976
v 372.449158 176.111191 230.008789
v 230.603851 176.111176 230.008331
v 373.344971 185.109756 230.298340
v 348.449829 185.058090 227.983353
v 231.458359 185.035843 234.392197
v 256.152557 185.045776 225.364746
v 374.296326 173.980789 225.262909
v 253.777359 185.082077 221.354462
v 227.575363 176.117493 222.944611
v 378.726562 184.400726 220.318512
v 353.452667 185.053238 219.395737
v 224.172302 183.499619 220.526917
v 375.476593 176.116913 222.947357
v 355.424133 185.051285 214.374084
v 250.351059 185.018555 212.611038
v 224.133881 173.897446 209.769608
v 378.255707 176.107422 214.035233
v 224.793854 176.107513 214.020447
v 248.636169 185.021484 205.617493
v 358.378479 185.016083 200.774719
v 247.804504 185.099304 196.339111
v 357.557617 184.999969 185.779770
v 230.203247 185.113663 159.420242
v 251.081085 185.025497 177.442719
v 224.628403 176.110062 177.747910
v 225.829315 173.947159 173.981277
v 352.985291 185.076324 171.927765
v 253.813095 185.043167 171.122040
v 223.930771 183.849838 171.356339
v 225.477081 184.809921 168.511230
v 376.055939 176.119507 169.479355
v 226.998962 176.118240 169.476440
v 378.880798 183.499435 170.363144
v 256.951813 185.051666 165.650299
v 372.525879 176.097565 161.066895
v 369.780731 185.119415 154.037048
v 344.071381 185.048920 158.890137
v 260.697083 185.044586 160.700638
v 264.676239 185.041107 156.390137
v 370.253387 173.965240 157.167435
v 369.299774 176.131760 154.992081
v 338.035309 185.050232 153.121765
v 231.744385 176.114731 158.465057
v 367.634949 184.579742 148.726700
v 269.897949 185.051178 151.913589
v 363.305786 176.121628 146.187927
v 238.508087 176.086044 147.936783
v 332.581299 185.040497 149.280487
v 360.907349 185.064774 141.927612
v 327.203308 185.041275 146.318985
v 280.950378 185.032211 145.499344
v 275.965668 185.032181 148.004669
v 238.657623 173.985062 148.056259
v 288.076141 185.033279 142.913834
v 260.150604 185.102341 126.913353
v 246.912018 176.102325 138.459869
v 309.345093 185.028351 141.080536
v 296.158173 185.040695 141.240112
v 246.674026 185.008041 136.826248
v 349.224274 176.148361 132.425354
v 317.898346 173.871002 118.538658
v 317.298035 176.133560 118.013962
v 283.541382 176.125626 118.598549
v 275.397430 184.978973 119.569412
v 327.872437 176.123489 121.077499
v 275.180878 176.123474 121.077477
v 268.978455 176.126877 123.560303
v 350.756226 174.051880 133.939041
v 339.991882 185.112015 125.355385
v 340.450378 176.139282 126.780937
v 334.074524 176.126892 123.560158
v 256.115723 176.115921 130.916840
v 262.602295 176.139313 126.781235
v 328.309601 9.920675 107.147690
v 250.710403 -0.031195 125.512436
v 352.294800 -0.072792 125.533134
v 357.434998 9.977760 127.715996
v 360.059784 60.879868 141.473785
v 248.492142 1.578485 125.540352
v 359.978210 1.408407 130.015167
v 365.315002 11.491672 137.514908
v 369.886261 9.907587 140.301193
v 236.467377 1.647842 136.501770
v 245.049194 -0.069456 130.197998
v 361.889069 -0.080772 133.765549
v 365.936981 56.678474 144.999939
v 244.979401 60.146248 138.736786
v 238.683456 9.870399 134.151382
v 240.473724 -0.070648 134.416260
v 363.943115 -0.034857 135.748337
v 370.239410 1.774124 140.817596
v 236.610107 11.468326 138.694138
v 226.117020 9.958128 149.941757
v 312.472961 -0.033638 141.582748
v 237.105896 59.653160 147.319305
v 301.771301 0.052546 140.800812
v 233.202942 -0.047791 142.547119
v 236.398529 -0.120548 138.964172
v 289.510712 -0.066917 142.519089
v 293.843933 -0.008049 141.639481
v 318.505951 -0.059628 142.965607
v 366.643921 -0.116341 138.963455
v 369.800507 -0.069006 142.480957
v 373.739441 55.119377 151.279007
v 371.376648 56.539818 152.502838
v 284.680298 -0.012377 144.012375
v 322.437469 0.032650 144.307617
v 325.938538 -0.041306 145.724121
v 230.961700 55.470375 152.946579
v 376.224792 55.290359 154.995956
v 377.277557 57.177826 154.901535
v 230.290848 58.338699 152.493347
v 232.424179 59.024422 153.817200
v 372.098877 59.247368 152.364502
v 369.609192 60.495430 153.612274
v 370.288086 62.491508 153.437515
v 231.994858 61.716583 153.516693
v 234.228607 64.935287 154.863312
v 367.634918 63.892876 154.805206
v 368.448730 65.099983 154.546387
v 230.238724 -0.075182 146.671600
v 226.290833 1.549248 149.998672
v 278.742188 -0.025976 146.506561
v 225.516876 11.367485 149.856766
v 224.265564 9.924030 148.972397
v 227.603424 11.465926 150.849899
v 376.258789 1.597904 149.302658
v 378.497955 1.566015 148.469360
v 336.273499 -0.020889 151.828400
v 375.134094 11.376771 150.084381
v 376.375824 9.718632 149.251923
v 380.870361 9.942749 152.135635
v 377.308563 11.396054 149.429550
v 378.507935 9.868582 148.475784
v 221.478394 14.144685 153.725525
v 223.014893 11.364676 153.810135
v 381.132141 14.111728 152.776627
v 219.955536 15.581118 162.447266
v 379.637482 11.387586 153.013580
v 381.481323 11.247694 152.437042
v 382.114197 51.994923 160.279404
v 223.643494 52.118286 154.803589
v 227.010010 56.551750 156.031570
v 225.817856 57.529953 155.832642
v 228.626526 59.932388 156.880371
v 374.343658 59.542992 155.996094
v 231.157776 64.133011 158.222595
v 228.556061 62.720787 157.300034
v 234.219421 62.483032 154.912857
v 371.610931 63.968056 157.439667
v 373.236969 63.877098 156.902725
v 225.065079 0.043915 150.355103
v 224.253296 1.615246 148.968063
v 227.419281 -0.013296 150.582138
v 268.772888 -0.035446 152.837830
v 273.853363 -0.037901 149.222458
v 330.670959 -0.040438 148.084488
v 377.707397 0.172039 149.577148
v 221.656647 9.909928 153.056595
v 382.962555 9.940622 152.031921
v 385.157410 14.082234 160.924530
v 221.053894 11.426985 153.608368
v 219.828857 1.286436 152.681030
v 222.969513 -0.089293 154.943970
v 221.712128 0.951900 153.162949
v 340.000641 -0.048399 154.879150
v 382.387787 0.002234 153.958084
v 382.863464 0.990036 152.069183
v 380.885162 0.894691 152.365936
v 232.063080 66.762672 159.082138
v 219.653534 9.902909 152.797363
v 386.629608 9.856378 159.494583
v 217.756104 14.077851 161.244980
v 219.798706 51.527042 162.891510
v 264.037140 -0.054531 157.002075
v 375.124329 -0.126249 150.049484
v 386.410706 1.199228 159.113434
v 215.738861 9.900171 161.224564
v 388.110962 11.594328 168.215851
v 223.525436 59.984131 163.174744
v 228.109009 66.141945 165.306854
v 374.989685 66.185982 165.460297
v 259.211853 -0.045301 162.445679
v 344.363495 -0.040237 159.200974
v 216.988205 0.986032 158.382355
v 256.431763 -0.010128 166.567932
v 217.505753 52.134865 170.126480
v 383.735107 52.738892 170.341385
v 385.455017 51.692535 169.346924
v 219.914474 58.119156 170.840378
v 383.415192 57.229904 170.028931
v 383.912445 15.620592 170.329086
v 385.447235 15.608344 169.348099
v 220.755402 -0.038141 154.035202
v 213.202454 1.551764 168.598358
v 216.611038 14.074688 170.461395
v 217.383911 15.540652 169.950500
v 215.144531 14.171033 169.180008
v 386.201660 14.095635 169.697632
v 387.791412 14.040102 168.516312
v 219.048828 52.028206 170.909897
v 221.289932 57.902870 171.543365
v 380.853210 59.235626 171.216919
v 224.048935 62.614914 172.365784
v 222.445953 62.390862 171.584915
v 378.381012 63.156425 171.959030
v 380.290253 62.688362 170.902649
v 225.659973 66.189941 172.585754
v 213.222061 9.869255 168.589294
v 216.358734 11.491841 170.294952
v 214.760406 9.907423 169.768768
v 214.691010 11.508106 168.813217
v 386.435608 11.514441 169.709259
v 388.042938 9.905395 169.171310
v 389.598389 9.969712 167.981750
v 218.946091 15.676234 170.910034
v 384.882812 15.556860 174.462982
v 384.886139 51.431877 174.689301
v 218.101410 51.889118 175.197235
v 382.736298 51.730900 175.387665
v 220.652100 58.356125 175.859375
v 380.908264 57.005264 175.798813
v 383.971313 54.490921 174.924454
v 221.885223 56.952629 176.623596
v 382.155762 58.527084 175.376007
v 378.748596 61.070808 176.339767
v 376.469421 64.336533 176.919937
v 380.098602 62.005821 175.877075
v 376.090729 66.631401 176.905746
v 214.789093 1.674683 169.685410
v 216.256775 0.069780 169.820923
v 214.053467 0.331457 168.502960
v 254.235916 -0.017996 170.366226
v 213.823761 9.833890 174.112793
v 352.069397 -0.006601 170.287521
v 388.132507 0.011000 167.536789
v 387.835297 0.893726 169.148285
v 389.532654 1.249454 167.935760
v 385.473206 -0.144918 174.266083
v 388.843567 0.904354 173.508377
v 387.430573 11.403765 173.807297
v 389.005035 9.885098 173.449432
v 215.937149 9.853757 175.361115
v 215.424713 11.423112 174.498337
v 215.708374 14.123735 174.588440
v 217.741669 14.039213 175.739288
v 385.437958 11.407710 174.894211
v 386.876404 10.026460 174.421112
v 387.154846 14.085742 174.031097
v 219.954971 15.559656 176.265808
v 217.992142 15.564135 175.140030
v 385.018555 14.229449 174.807251
v 220.055374 51.786087 176.165024
v 221.506714 58.680199 183.934814
v 225.017273 62.511284 177.330185
v 215.976227 1.815996 175.345886
v 215.485611 0.029995 174.196091
v 213.937668 1.493053 174.109039
v 251.974609 -0.003105 175.161804
v 386.780121 1.430803 174.538635
v 214.804504 1.659330 182.185715
v 355.477081 -0.010633 178.111374
v 384.826904 51.945206 188.875870
v 386.548462 -0.059841 179.761520
v 217.398315 -0.119202 175.555069
v 217.447708 11.458306 175.691574
v 388.960693 10.051004 187.490738
v 216.026337 14.057412 185.882141
v 215.936264 -0.112490 183.997406
v 250.057877 -0.012766 180.704865
v 218.099091 51.439674 190.861710
v 248.633423 -0.016546 186.647354
v 356.722717 0.013794 182.179535
v 388.719086 1.980831 185.085846
v 387.449249 -0.045391 185.983276
v 214.401398 9.864642 184.451508
v 215.332443 11.484116 193.107193
v 387.107483 13.956218 185.998993
v 387.524048 11.518954 190.295181
v 220.314392 57.876915 191.756882
v 382.860840 55.943161 184.262405
v 380.993011 60.749916 189.563110
v 215.047806 0.043776 192.657028
v 358.041412 -0.032074 188.342911
v 388.057068 0.143318 192.604813
v 387.902740 -0.092062 197.318710
v 218.234726 15.616786 188.824783
v 213.820770 1.578594 194.013718
v 247.839294 -0.021130 198.603958
v 389.124756 1.619200 199.273148
v 213.804916 9.816457 196.678070
v 215.762787 14.025407 200.702942
v 218.140381 15.612683 200.990662
v 387.135956 14.100445 203.857239
v 387.495728 11.417749 202.470139
v 385.063599 15.678049 193.759766
v 218.157547 52.011108 199.396790
v 382.403381 57.714012 204.421173
v 215.125488 -0.030243 198.181808
v 388.919861 9.904050 203.324097
v 215.893234 -0.037785 207.067703
v 386.959503 -0.113068 208.299652
v 214.566681 9.922413 207.583755
v 384.357788 15.552763 206.922180
v 384.549408 51.567635 205.213181
v 222.193542 60.385170 205.527771
v 214.670593 1.736963 207.827545
v 248.972015 -0.025063 207.328232
v 357.517029 -0.055098 207.036102
v 388.167786 1.585321 208.999619
v 216.337250 11.478972 208.618622
v 217.890762 14.157450 215.709167
v 249.989944 -0.047495 211.509857
v 387.186340 9.762552 215.578629
v 216.867630 -0.114870 212.619659
v 220.205444 15.584152 215.444748
v 385.267517 14.120332 215.076996
v 220.395386 52.645515 215.449326
v 216.182281 1.662230 216.366272
v 251.491058 0.011480 215.894073
v 216.170074 9.947987 216.387589
v 385.517975 11.506038 215.147095
v 383.013000 15.578238 214.708023
v 382.788055 52.767761 214.638748
v 222.649933 58.071381 214.908768
v 225.015778 62.287003 214.307953
v 379.468536 60.210442 213.881393
v 378.851868 63.970428 214.146942
v 217.197998 -0.200758 216.841461
v 214.147873 1.157076 217.373840
v 355.045227 0.007036 215.500290
v 374.575439 -0.118258 241.444748
v 387.040771 1.722029 215.488937
v 385.717407 -0.142370 215.782455
v 389.132904 1.390469 216.782288
v 217.627686 11.418983 216.021866
v 215.593262 11.451115 217.085464
v 214.049805 9.872555 217.376511
v 387.614075 11.454863 216.433762
v 389.189056 9.869967 216.751282
v 215.900406 14.089534 216.822296
v 387.311615 14.138125 216.267578
v 218.133194 15.488729 216.240402
v 385.081238 15.511374 215.647675
v 385.030884 51.539566 215.790680
v 218.188080 51.799580 216.194016
v 219.840698 56.337807 215.761780
v 383.811432 55.253033 215.252686
v 381.719330 59.573639 214.852020
v 222.961624 62.030838 215.007843
v 215.057724 1.622625 221.796783
v 216.751099 0.004158 221.863464
v 353.548828 -0.037979 219.260162
v 380.429382 -0.058731 236.403534
v 386.272949 -0.004904 221.167648
v 388.214539 1.287710 221.169586
v 216.575653 11.475824 221.198395
v 214.992340 9.884336 221.722580
v 386.682220 11.535925 220.587341
v 388.321228 9.821664 221.120163
v 216.835175 14.044195 221.163971
v 219.122726 15.594628 220.548691
v 384.074463 15.710743 219.996414
v 386.436218 14.099031 220.532471
v 384.044434 51.690121 219.958862
v 213.733154 0.573980 222.935852
v 254.950943 -0.026232 223.338043
v 351.703125 -0.050175 222.969528
v 389.820221 1.573069 222.239731
v 388.657471 0.087738 222.545792
v 213.436066 9.930628 223.022690
v 214.925629 11.576011 222.697159
v 388.351807 11.568311 222.124695
v 389.881104 9.802088 222.321030
v 215.260986 14.043763 222.350037
v 387.979980 14.124288 221.679306
v 217.554230 15.493777 221.598770
v 385.717743 15.547123 220.895355
v 219.187653 51.593281 220.589783
v 385.645172 51.689346 221.072830
v 217.605698 51.764687 221.534286
v 220.652725 56.064964 220.146851
v 381.920349 57.581886 219.386703
v 384.442596 55.247032 220.362915
v 220.174438 58.250809 220.709961
v 223.242462 61.054489 219.347565
v 378.091492 63.986137 218.285690
v 381.401215 61.119736 219.523499
v 223.067139 62.990990 219.796402
v 220.499054 51.882050 229.648758
v 377.886902 65.957436 218.580414
v 217.076721 0.136648 230.201996
v 257.871887 -0.022667 227.932739
v 216.186035 1.742107 230.887909
v 349.598083 -0.006552 226.280746
v 387.317810 0.958223 229.430038
v 216.081436 9.878798 230.541931
v 383.639374 10.009370 237.976471
v 217.899841 14.083659 229.971344
v 385.290955 14.078958 229.657410
v 220.248566 15.579635 229.158966
v 383.103821 15.568114 228.435684
v 223.899536 60.069527 228.513382
v 379.787476 58.757645 229.095535
v 228.507690 66.133583 226.648682
v 347.386658 -0.040293 229.510696
v 381.971588 11.380720 237.306244
v 377.941650 56.201866 235.337219
v 228.874878 62.444679 234.495316
v 221.099304 0.069458 237.888214
v 223.992767 -0.113970 236.644226
v 257.045380 -0.130369 269.654968
v 261.121429 -0.043371 232.147842
v 220.210449 1.422541 238.915253
v 266.792206 -0.030163 237.892471
v 342.330383 -0.016441 235.288788
v 382.262939 0.228125 237.740982
v 383.319946 1.387615 238.220123
v 221.573090 11.229240 238.460297
v 219.962708 9.835548 238.816193
v 221.921280 14.113791 238.110870
v 381.574829 14.144732 237.165039
v 379.278229 51.813602 236.120346
v 226.147125 57.295601 235.977890
v 227.141205 56.129715 235.714798
v 376.043152 56.552223 234.858582
v 228.832733 59.762215 234.825989
v 374.441284 59.953400 234.005615
v 231.326813 63.906731 233.471024
v 233.382019 63.476929 237.069885
v 231.863586 66.243134 232.896576
v 368.483795 63.026253 235.783600
v 368.831238 64.940094 236.018188
v 371.895172 64.133606 232.667465
v 374.497223 62.720726 233.590591
v 222.198608 0.773314 238.489075
v 337.205688 -0.034042 239.889313
v 377.578979 0.097811 240.738297
v 381.372070 1.648018 237.831543
v 223.403931 11.413300 237.865601
v 222.156830 9.921762 238.758133
v 380.038269 11.364927 237.080215
v 381.375885 9.926465 237.833771
v 224.597046 0.784767 242.182449
v 227.948334 -0.012846 240.966019
v 226.736328 1.463814 241.543121
v 230.657013 -0.064648 244.944397
v 273.431549 -0.037054 242.863617
v 376.504913 1.641703 241.195221
v 378.804962 1.594069 241.893234
v 225.750824 11.286200 241.541412
v 224.486954 9.755812 242.414551
v 227.996735 11.457951 240.707352
v 226.662201 9.957571 241.735825
v 375.449921 11.465917 240.040268
v 376.801208 9.952382 240.871246
v 377.536438 11.367547 241.033508
v 378.803284 9.862343 241.961243
v 225.844055 52.175255 236.438873
v 229.661926 56.155403 239.350815
v 230.320709 52.636677 239.183746
v 372.159607 55.811234 237.966309
v 373.473297 56.684608 238.824020
v 231.674011 60.639839 238.084946
v 232.702942 59.073181 237.722153
v 238.284943 58.362114 246.123093
v 371.581726 60.817528 237.680359
v 230.945435 1.639528 247.579071
v 278.730804 -0.019230 245.817154
v 327.734222 -0.003746 245.771683
v 371.451782 -0.046869 246.235657
v 233.569672 11.481084 248.493149
v 371.696533 9.857208 248.244080
v 232.938751 -0.061556 248.019745
v 283.101562 0.002260 247.727905
v 281.180267 -0.130020 247.480682
v 322.019470 -0.124546 279.313354
v 369.791565 1.584255 250.483475
v 366.253204 11.429581 252.453552
v 239.055496 14.058211 254.456635
v 247.874161 61.899681 253.467712
v 359.015503 58.510017 252.438675
v 236.367996 -0.094692 251.975540
v 288.132324 -0.108635 249.434875
v 292.537079 -0.059864 250.556793
v 299.448975 -0.055641 251.384705
v 310.323547 -0.048285 251.141174
v 318.613708 -0.008776 249.331726
v 236.954803 1.409990 254.778229
v 239.556244 -0.085526 255.519684
v 238.134460 9.880526 256.132629
v 363.629944 -0.080034 255.456711
v 362.923279 9.871438 258.122375
v 361.854950 14.046240 256.703033
v 241.468719 -0.023190 257.517761
v 245.026001 -0.081198 260.688538
v 361.429535 -0.083830 257.652344
v 357.846863 -0.092396 260.786804
v 244.678925 11.460115 260.262665
v 251.459579 59.029617 258.786530
v 356.439484 51.932472 258.341492
v 258.362000 52.263302 267.100403
v 349.973480 58.203781 260.435211
v 247.549591 1.617636 264.645813
v 248.832932 -0.077557 263.910950
v 362.108185 1.634140 258.881195
v 353.667816 1.625118 265.995667
v 248.342133 9.905908 265.271545
v 354.843994 11.442805 263.185638
v 354.286560 9.838780 265.625732
v 345.339417 51.889984 266.755554
v 346.558105 -0.139887 269.726105
v 256.940613 11.450870 269.334351
v 260.828857 64.750694 262.955231
v 259.474854 61.349365 265.120911
v 261.914398 64.820534 261.173950
v 260.003479 59.310318 264.400482
v 258.552917 58.321045 266.686584
v 257.756866 55.062454 267.980164
v 344.699646 59.002052 266.130707
v 344.250702 57.413757 264.945679
v 343.466248 62.681976 264.075012
v 342.279205 65.384109 262.112946
v 255.964127 1.532202 270.545105
v 347.581146 1.017956 270.098511
v 256.082275 10.013170 270.637268
v 346.801178 11.481495 268.929718
v 347.652283 9.912353 270.292786
v 262.334961 57.586197 269.577454
v 342.535919 52.436077 271.057617
v 264.891998 65.511078 264.655273
v 263.848511 62.810272 266.685486
v 263.395813 62.741364 268.352112
v 264.717255 65.943275 265.756683
v 261.868896 57.401367 271.263855
v 341.269897 60.360504 269.614502
v 340.769714 60.296631 267.852722
v 340.301758 63.168152 267.558624
v 255.231552 0.943115 272.731384
v 260.439575 0.006865 274.049469
v 274.410461 0.086372 282.594238
v 275.814514 -0.048077 280.042297
v 327.885132 0.035259 280.316162
v 343.756592 0.069250 275.421234
v 348.358917 0.876497 272.360535
v 348.508179 9.712852 272.485931
v 256.010376 11.396200 271.510437
v 255.041992 9.923883 272.670746
v 259.070068 9.914322 275.238098
v 343.983948 11.381971 273.596039
v 344.753357 9.864074 274.920654
v 347.622528 11.278420 271.218079
v 342.038361 57.442848 270.835358
v 269.328979 59.866310 273.601288
v 283.295746 61.636658 272.540344
v 259.259064 1.233637 275.298889
v 259.517242 0.178463 276.567505
v 258.699921 1.613718 277.150970
v 310.051727 -0.081675 281.376648
v 317.426483 -0.074574 280.405609
v 336.277435 0.142303 279.822815
v 344.676331 1.561150 274.915558
v 345.049438 1.517445 276.785400
v 259.880920 11.354163 273.969360
v 259.689545 11.526970 275.865082
v 258.820892 9.839711 277.315857
v 344.312897 11.338054 275.329773
v 345.130005 9.913241 276.807312
v 327.673309 51.802750 279.396027
v 282.297546 52.330162 276.763062
v 321.532196 52.448139 276.559937
v 277.274200 55.312054 276.837311
v 282.779175 57.626732 274.703430
v 299.859253 59.810783 275.788818
v 320.908539 59.061661 273.879761
v 325.897919 58.361969 275.235535
v 326.795105 58.408600 276.723267
v 278.068817 60.887161 274.113251
v 282.793793 64.012589 272.702728
v 293.719330 63.018463 273.244568
v 309.423523 65.726837 270.985687
v 325.114807 62.794502 272.603363
v 325.549225 64.238632 272.950043
v 321.497437 59.458473 275.599365
v 320.822479 63.601074 272.892822
v 267.762634 1.455345 281.431213
v 280.128845 0.188251 281.802734
v 281.338928 -0.118849 279.529724
v 286.475830 -0.030807 280.601318
v 292.839661 -0.014227 281.454987
v 323.425964 0.061741 281.088623
v 267.648804 9.862547 281.389099
v 274.843475 11.425497 282.333862
v 281.743835 11.495249 279.569183
v 322.091980 11.447387 279.279816
v 336.921143 9.899222 280.746613
v 336.474915 11.474311 279.169464
v 274.743988 1.620907 283.749268
v 281.382080 1.705061 281.038208
v 280.187714 1.630669 283.075928
v 301.615784 -0.067015 281.886139
v 304.394836 1.632860 283.093506
v 275.773285 1.319448 282.135620
v 295.532196 1.829531 282.948120
v 323.438995 1.430504 282.851044
v 329.257263 0.041136 282.091797
v 327.871429 1.658766 281.954620
v 329.010437 1.380600 283.456238
v 336.903717 1.709183 280.797699
v 322.384979 1.585964 280.744232
v 267.255005 14.084180 279.166016
v 281.820190 14.076537 279.223572
v 291.545532 13.946307 280.945435
v 321.775391 14.058932 279.047577
v 327.253845 14.051912 280.150635
v 274.784393 10.015093 283.678589
v 276.344208 11.486205 280.605560
v 275.874298 9.977067 282.153503
v 280.208130 9.898205 283.096954
v 281.385529 9.952423 281.115845
v 280.584961 11.464227 281.518646
v 297.780029 9.766974 283.181854
v 300.641937 11.475789 281.629395
v 312.528931 11.480516 280.902832
v 310.735443 9.922097 282.711731
v 322.442780 9.854406 280.819916
v 322.964050 11.325663 281.456146
v 323.653198 9.843554 282.944611
v 327.320557 11.536466 280.388306
v 327.777863 9.928655 281.951477
v 328.519409 11.556593 281.909210
v 329.129395 9.792882 283.590485
v 276.031250 15.439485 279.611450
v 276.438019 14.096111 280.357666
v 277.069214 15.573327 278.006439
v 282.247986 15.563031 276.946472
v 281.228912 15.512808 278.971680
v 290.731628 15.540941 278.363770
v 300.383820 15.648942 278.980988
v 312.066376 15.607644 278.375916
v 314.546326 14.091413 280.387695
v 322.297028 15.344672 278.838409
v 326.613373 15.591747 277.840027
v 327.690247 15.559652 279.373047
v 333.669250 15.594268 277.343597
v 275.260681 13.851902 281.988220
v 280.676758 14.093228 281.262390
v 302.172913 14.065628 281.351807
v 322.974274 14.032851 281.144714
v 328.417999 14.159295 281.658569
v 276.196869 52.179695 279.505127
v 281.268616 51.770515 278.964172
v 314.955627 52.340141 277.890381
v 322.201019 52.552876 278.631744
v 276.924896 51.464073 277.972168
v 290.750977 51.751812 278.308136
v 326.618347 52.420898 277.713074
v 281.970154 58.490829 276.235229
v 303.653900 51.786041 278.953491
v 276.855927 57.689491 277.232513
v 277.651764 62.250153 274.563751
v 379.605835 194.595734 234.217560
v 378.893555 199.002213 238.410477
v 362.700989 212.048401 132.405762
v 363.373016 216.607422 136.416168
v 357.369781 215.559479 133.778458
v 354.982666 221.447800 136.165619
v 352.829254 211.018005 126.987381
v 340.858826 218.423172 123.753136
v 254.624084 221.198578 130.551834
v 248.686218 222.142426 136.215485
v 252.887390 213.813217 126.773293
v 246.264740 216.340897 133.776978
v 239.692276 215.912796 135.938110
v 242.840683 222.895844 138.101883
v 242.879501 217.663086 134.011093
v 221.126099 195.419022 230.103226
v 221.383133 198.006393 232.706818
v 227.875122 193.910080 241.612732
v 374.668762 190.097610 236.204803
v 381.025024 191.857666 226.470215
v 365.856201 208.357422 137.539581
v 358.991638 210.942886 132.192474
v 360.289185 206.458221 130.960022
v 243.826355 209.016052 131.286255
v 237.891663 209.715729 137.587585
v 237.416260 208.010651 133.162796
v 230.648621 189.417557 238.868423
v 365.143677 185.211548 238.347153
v 226.874176 187.166031 223.704224
v 356.212158 181.965897 237.138718
v 235.928925 184.503769 231.996201
v 383.567993 202.205231 228.089447
v 221.730988 203.647430 232.619064
v 384.868530 197.711548 224.721359
v 384.690765 195.007690 222.354172
v 243.138824 183.148712 237.968735
v 338.944153 178.432709 231.672791
v 303.318024 235.980774 122.532005
v 300.222656 239.604080 125.269402
v 220.221680 206.535339 227.033020
v 326.445343 227.335190 123.591972
v 315.614319 222.701813 117.495789
v 306.150055 226.114487 118.707382
v 300.234467 224.020340 114.124176
v 290.481445 233.024429 124.323761
v 286.071503 244.524948 134.419876
v 355.329285 178.964447 212.289856
v 332.799713 234.894318 132.172592
v 385.151093 206.419586 220.371048
v 217.130951 200.869873 221.682068
v 297.451996 222.724365 116.439537
v 279.411072 222.989685 119.611504
v 268.594208 225.373215 125.462364
v 217.004608 196.867355 220.298737
v 377.832520 188.189789 224.086243
v 221.363434 191.207886 223.551697
v 375.772705 185.451935 216.559296
v 326.834473 214.594879 115.507614
v 233.242859 183.335876 219.520035
v 266.088226 215.141205 119.824890
v 387.982269 201.227692 213.703140
v 215.616272 203.974304 214.208054
v 388.348511 197.067230 210.492279
v 383.727539 189.589218 207.648407
v 365.396484 180.776352 207.381454
v 363.184418 181.508865 222.734726
v 242.105225 180.383530 217.704880
v 257.977234 205.957703 119.579781
v 387.601074 207.343277 207.629700
v 214.942459 206.450592 206.323349
v 214.075439 199.429321 208.839783
v 386.052094 192.733871 212.120850
v 215.449097 194.544678 209.955032
v 213.863129 204.629944 199.553436
v 389.824310 201.930298 200.002762
v 213.286316 198.163986 199.579453
v 218.768707 190.167587 208.275497
v 215.177612 193.308960 199.502487
v 224.299103 186.406845 210.482941
v 375.102966 184.086243 204.402664
v 227.605164 184.138763 202.956558
v 246.194794 178.977554 205.425797
v 391.761322 205.018051 197.155380
v 213.094055 210.812988 196.890244
v 392.093384 199.591064 197.274597
v 210.769745 200.904724 196.807739
v 211.664597 197.233688 197.240860
v 391.306091 195.804688 195.328033
v 389.083527 195.332748 199.915802
v 213.001083 193.941971 195.541077
v 388.290863 191.954514 195.212906
v 383.496826 188.628067 200.184036
v 219.491333 188.721878 199.364151
v 383.163239 188.391556 191.625580
v 216.945343 190.146759 194.740616
v 372.361481 182.636322 194.390472
v 360.135651 179.512253 185.095490
v 232.961166 182.140732 184.672180
v 353.252319 178.469482 197.324570
v 391.239594 206.804153 193.874908
v 389.187958 204.629837 191.335922
v 391.885498 198.786560 193.815323
v 211.290466 197.927902 193.655258
v 211.130020 204.599670 193.590805
v 387.874268 193.307358 191.387512
v 389.766663 198.163391 191.311462
v 216.093689 191.906326 191.046967
v 213.135406 198.835403 190.785934
v 222.484344 186.732117 190.593933
v 239.308960 180.145660 190.847763
v 387.966095 204.717773 179.862396
v 214.605286 203.548386 181.598587
v 214.067139 198.885437 182.183243
v 387.604187 194.544571 180.936279
v 384.284729 190.167648 182.615875
v 217.836060 191.607574 179.259827
v 378.326660 186.130692 180.502472
v 222.001343 187.995560 179.618958
v 388.977783 199.429413 182.050903
v 215.415161 194.323639 182.195587
v 229.279419 184.522720 174.460754
v 217.636688 207.736282 173.162598
v 381.875244 191.302551 167.627869
v 224.490463 188.324265 168.597473
v 385.922272 200.869873 169.208527
v 386.048615 196.867355 170.591858
v 217.024048 199.311035 169.112854
v 218.553802 196.560318 165.668106
v 367.221619 183.488266 163.615173
v 354.858429 179.905411 164.797012
v 240.736252 181.556976 165.987259
v 219.905182 208.453827 166.550140
v 381.927155 195.419083 160.787445
v 221.249512 192.218445 165.516876
v 316.677887 178.463562 145.162704
v 260.235657 178.410278 164.793976
v 303.312775 225.336380 114.956383
v 382.281372 202.684021 160.092255
v 222.567566 203.274231 156.216522
v 382.054352 198.803040 158.901581
v 376.085083 187.947174 163.441711
v 228.384476 190.097610 154.685806
v 235.912323 185.316513 155.268753
v 306.152893 213.586929 111.323273
v 297.433228 211.749313 110.360229
v 299.321838 215.908813 110.203239
v 285.998779 213.352493 112.513908
v 246.207275 180.051361 166.167191
v 276.091064 211.415253 113.995110
v 380.642517 210.394485 162.395279
v 223.461823 200.080307 153.858734
v 376.064972 192.236710 153.054276
v 223.447327 194.595718 156.673172
v 336.841705 207.514465 116.104591
v 326.599670 206.855637 112.010567
v 363.795441 185.613770 149.391129
v 288.145081 206.332153 109.178185
v 351.573120 181.953171 148.360611
v 266.691650 178.891617 151.956024
v 376.324768 197.068344 148.788513
v 377.098694 203.339661 150.078506
v 226.359344 209.938446 153.564423
v 371.034546 194.966095 142.454330
v 226.769440 196.916077 148.796082
v 337.700226 179.222214 150.020554
v 315.014130 210.040344 110.623940
v 303.059662 210.051483 106.545494
v 232.635132 205.792358 141.618408
v 372.186005 201.061920 142.216003
v 230.506546 199.545898 142.610321
v 230.552002 193.625580 145.582214
v 240.636429 188.353622 140.904907
v 245.089844 188.424469 135.809479
v 262.391541 180.863937 143.175171
v 249.419312 183.187683 145.569672
v 245.694580 224.652435 137.037094
v 346.953491 224.077881 131.730728
v 358.764465 222.302841 136.283279
v 271.829315 238.303711 134.392303
v 281.342651 251.272888 141.989685
v 297.384033 253.027985 140.017303
v 299.866882 253.117020 136.854675
v 302.618591 255.514832 138.561310
v 303.975830 250.257599 134.671722
v 318.468475 240.368958 131.341827
v 364.170135 190.525436 139.087082
v 241.569443 219.795410 141.291443
v 369.278259 211.802063 143.744919
v 363.423340 215.769867 139.941101
v 243.620728 224.487000 143.398895
v 246.403839 231.041077 142.609940
v 353.286530 234.638474 142.538116
v 338.153503 181.521805 138.812454
v 249.827042 232.983917 141.033875
v 253.729065 241.295456 145.847763
v 348.067780 235.568192 143.126022
v 352.333618 233.112885 141.383789
v 356.239288 232.459595 143.540680
v 352.538269 238.642487 146.069458
v 268.031860 246.748032 144.296875
v 346.710266 245.655746 148.406311
v 289.369873 260.228760 148.491669
v 305.962891 252.902069 139.766495
v 321.574799 250.903732 141.578568
v 318.005157 261.127258 150.820496
v 332.680298 249.360367 145.469513
v 304.088837 179.824768 134.333008
v 280.049438 179.859924 138.145111
v 366.226501 207.204498 133.511307
v 367.017487 202.312943 136.365326
v 366.957062 199.102203 132.867432
v 236.380325 203.095230 136.092880
v 375.276031 212.736084 153.862183
v 366.859619 196.576523 136.363190
v 234.797775 215.681030 145.663330
v 228.660919 220.487610 161.024277
v 366.505615 224.734406 152.565811
v 241.112640 230.273453 152.760223
v 253.385193 243.846130 150.453384
v 353.803192 236.205017 149.680328
v 347.961578 247.335754 151.837799
v 238.031235 192.449982 137.704010
v 236.302505 197.025406 136.149597
v 236.532990 199.536728 132.213348
v 258.170593 251.389374 153.196793
v 259.955505 252.062302 152.285660
v 264.700989 251.524139 152.150208
v 258.960968 247.862122 149.367706
v 259.637207 254.008911 157.058701
v 364.921906 193.403992 134.612518
v 265.642700 259.736420 157.187805
v 266.904144 255.211807 154.555252
v 278.204346 261.033295 153.850647
v 337.681396 253.096176 153.463150
v 340.820343 254.910934 154.057739
v 342.748566 255.221786 156.135956
v 359.710571 188.779633 136.822311
v 362.849335 193.261642 132.570343
v 303.472351 267.739380 151.576126
v 300.166840 266.739990 150.369080
v 306.004730 268.067810 155.682922
v 241.061768 192.998520 132.167908
v 238.007706 193.811813 134.381943
v 347.270386 186.332764 131.283859
v 260.460266 183.826996 134.425964
v 372.946289 222.879608 161.535553
v 356.932648 238.989548 157.070068
v 351.439026 250.504044 166.109848
v 260.735077 254.880920 160.529892
v 263.930786 260.338776 160.092758
v 337.655945 261.736298 165.748581
v 344.980316 257.954803 169.214935
v 268.487000 261.952332 158.774765
v 268.700073 266.389587 163.959671
v 291.292816 269.751251 158.948700
v 328.028809 260.680817 155.450516
v 328.147522 266.144836 162.981262
v 332.322266 266.512360 162.496643
v 336.668701 261.877625 159.338333
v 337.216797 263.001678 161.701035
v 339.883331 259.616180 161.078079
v 279.602173 271.464172 167.063736
v 297.381439 273.080322 161.650116
v 301.667114 281.893463 168.128876
v 306.009705 281.416077 172.149673
v 317.661072 271.903900 163.932785
v 327.732574 272.201263 167.150681
v 364.500732 202.655457 130.306763
v 242.348969 201.381790 129.770157
v 239.629181 207.084015 130.644257
v 361.059753 199.204239 129.953522
v 238.765427 199.494736 130.035492
v 363.950409 198.014328 130.508865
v 243.236496 194.449951 130.657318
v 360.038239 193.881409 131.250305
v 353.326477 191.604431 127.899193
v 221.624054 216.108902 173.250931
v 381.160767 215.625229 171.334549
v 375.823181 225.010651 172.875153
v 230.834869 228.258377 169.055969
v 337.212555 185.043640 128.167511
v 250.754135 255.114578 178.152420
v 254.257080 253.479309 166.814941
v 352.954407 253.334808 175.327057
v 255.100113 187.042877 130.664825
v 275.098022 274.470215 171.146561
v 332.394470 269.454071 167.116913
v 333.198792 271.401611 178.288086
v 279.763000 276.972839 170.903702
v 290.218231 277.477997 169.231110
v 323.200653 278.167603 172.552094
v 326.757141 276.177155 172.992233
v 323.751404 181.363785 132.310455
v 282.464264 281.739563 175.839523
v 286.705444 282.985565 176.651138
v 288.991638 281.828400 176.345657
v 297.726990 283.759247 174.902893
v 298.448029 289.803986 175.439026
v 299.452789 286.966736 173.364136
v 301.514038 286.167664 172.761108
v 305.748779 284.735291 176.844894
v 304.473419 283.092834 171.950912
v 302.299530 283.822998 173.324554
v 303.247894 286.914856 173.747406
v 317.300568 278.807922 173.761948
v 319.365021 281.744751 175.482590
v 321.610291 281.544373 176.956680
v 295.289734 181.922714 127.015541
v 278.050110 183.608139 125.961288
v 300.462585 290.918427 175.279129
v 303.023132 290.435455 175.362488
v 217.863205 212.902527 182.725189
v 385.276123 207.248398 171.686172
v 223.281525 222.491608 183.272476
v 385.295624 212.976913 183.578094
v 231.335052 233.727203 181.902512
v 365.735535 239.946808 177.689362
v 355.597992 202.069977 125.689598
v 245.920410 251.910278 184.885803
v 355.788727 253.347092 184.599380
v 247.080582 198.315231 125.882103
v 263.970306 269.034149 185.768494
v 267.903259 269.973358 178.140884
v 342.012543 265.550873 181.795654
v 322.099426 280.223145 181.333664
v 282.567474 282.656647 179.497391
v 284.291534 283.689606 183.812393
v 285.332794 286.495667 179.647186
v 286.822601 283.916351 179.225006
v 288.360962 288.424530 179.447922
v 284.788239 284.811401 185.991333
v 284.286591 286.473572 182.819977
v 291.427277 284.588989 179.295700
v 295.813751 285.898010 178.828217
v 297.524689 290.538513 179.573563
v 304.551208 291.000214 179.341751
v 309.926361 290.461426 181.421967
v 308.774994 286.241852 179.923157
v 313.326202 283.073547 177.731216
v 313.738495 284.033081 178.295776
v 316.429169 286.658905 178.698334
v 317.764465 283.880920 180.839249
v 318.030151 286.514343 180.769684
v 316.700409 290.295959 182.166977
v 317.799286 284.468414 184.638672
v 320.244476 283.046631 180.655396
v 287.570251 290.662109 180.864609
v 292.147827 291.088867 181.996140
v 288.026031 291.114288 186.446671
v 285.955536 290.637878 183.028900
v 290.047729 291.929718 183.987579
v 289.522095 298.076691 186.865662
v 300.370453 291.956055 179.274124
v 298.565216 297.962311 180.816864
v 293.387695 298.279633 183.265549
v 303.599091 298.128815 180.871414
v 308.039703 298.078857 182.166718
v 314.483185 290.818420 180.255798
v 313.709717 288.634888 178.756149
v 315.075470 290.860168 186.182571
v 312.354889 291.888824 183.427719
v 343.148590 191.591415 121.122467
v 254.537308 193.860718 122.388908
v 333.763336 188.063644 120.771255
v 214.581543 207.091660 190.886703
v 215.301910 215.603363 193.955978
v 219.165283 216.919800 190.823135
v 268.082031 186.236237 124.533691
v 256.907318 190.418762 124.174019
v 389.912201 211.422989 195.070679
v 223.516052 228.004440 192.860611
v 384.789124 215.401978 191.251266
v 382.622742 224.219055 193.950394
v 383.226105 223.707245 196.730972
v 228.191299 230.951797 190.839188
v 226.890778 234.040207 194.235214
v 372.056030 234.768234 191.321457
v 374.665405 230.472015 184.686996
v 380.430511 222.688171 191.295181
v 240.944061 247.124863 190.872269
v 230.243073 238.193359 196.729523
v 372.244019 238.922104 194.179871
v 308.578522 183.239319 123.631035
v 236.638245 245.250641 193.025833
v 364.231201 249.102615 195.492172
v 355.346771 254.924149 191.384933
v 245.840820 255.493286 192.757828
v 258.765594 265.363464 190.848465
v 254.478119 264.972961 193.688599
v 357.080475 255.771729 193.292664
v 347.029877 266.317932 194.062927
v 354.948914 258.823273 197.140793
v 258.009613 268.215942 196.625885
v 267.601746 276.208038 193.724762
v 282.276123 284.374023 191.449875
v 335.393585 273.009644 191.372955
v 323.986328 283.413239 192.494751
v 335.451202 276.173004 197.240326
v 274.180237 281.766418 195.367538
v 284.716583 285.924194 190.416855
v 278.669342 283.249817 192.305893
v 279.503540 283.857483 195.623474
v 278.891113 286.519653 196.417206
v 279.647034 286.629059 193.815002
v 286.268768 286.968109 187.892441
v 318.419434 285.808899 189.893295
v 317.060394 285.877472 187.285095
v 321.762726 283.733307 191.308319
v 328.959198 281.800751 195.728745
v 323.534363 283.867645 195.211136
v 324.174988 286.488800 194.463928
v 321.802917 289.657593 192.413361
v 281.399689 291.019104 195.630707
v 281.618164 289.618622 193.308105
v 287.781799 298.306946 190.205093
v 285.300110 291.906158 196.735748
v 285.439880 290.877167 192.393433
v 286.403320 296.883789 194.879059
v 315.604309 296.380737 189.424622
v 321.653534 291.019104 195.259888
v 317.721008 291.963318 195.767303
v 317.439850 290.741150 191.617874
v 316.247406 298.151917 196.478516
v 287.473541 298.588531 198.223633
v 297.391144 305.480164 197.798828
v 300.285706 305.386902 190.905945
v 298.134064 305.636963 192.683594
v 301.444672 305.730560 199.716476
v 303.583740 305.683075 191.635147
v 312.141571 298.357910 185.319458
v 305.821381 305.693176 195.558090
v 315.392029 298.770111 192.590851
v 217.603790 214.094284 199.552597
v 381.369202 220.559418 205.955826
v 388.245117 213.115845 198.002518
v 384.553589 215.810608 200.128769
v 220.259277 223.798843 197.078781
v 226.087921 228.078873 199.566391
v 225.252899 225.344223 208.679230
v 380.316040 226.819641 198.041428
v 374.788483 231.018463 200.054214
v 235.412231 239.284698 207.216324
v 240.593719 246.726990 199.542984
v 364.547821 244.425888 199.942841
v 365.063538 247.067261 197.878113
v 239.918320 250.386780 196.426514
v 352.651306 256.469971 206.407288
v 257.590881 264.402924 199.626129
v 251.983276 261.860931 197.516724
v 246.562134 252.387573 206.814575
v 343.302673 266.233002 200.093628
v 347.242981 199.383469 119.705139
v 345.075989 205.957748 119.579811
v 342.579254 264.823456 209.918442
v 278.860779 283.485413 198.237732
v 281.291138 283.668518 199.593613
v 265.077789 269.496796 207.101669
v 274.291687 276.348511 207.877609
v 330.238464 275.649445 206.761368
v 247.997803 204.584595 125.779785
v 253.696060 197.815292 121.128624
v 281.250427 289.657562 198.477356
v 284.641205 285.822968 200.994217
v 285.710480 285.273071 204.423676
v 287.977661 290.860138 204.707901
v 318.336700 285.924164 200.473679
v 316.784454 286.968109 202.998108
v 318.264984 284.811401 204.899246
v 318.728333 283.726196 207.168716
v 321.492249 283.781921 199.885422
v 323.406067 286.629303 197.075638
v 321.626587 284.092224 198.638000
v 285.642517 290.096771 199.684494
v 288.539581 298.006317 202.574219
v 291.689880 298.049347 206.423126
v 317.607422 290.810394 198.552673
v 314.731415 298.143402 202.069122
v 315.027222 291.114288 204.443909
v 310.833771 297.989929 206.961670
v 321.435028 289.618591 197.582504
v 304.752747 305.163208 199.300873
v 350.204193 195.776886 122.329788
v 273.030670 189.959702 116.796173
v 383.778931 211.949097 217.162384
v 219.654922 213.870316 215.336273
v 379.101959 220.660904 216.519257
v 237.896225 239.245880 217.398056
v 320.080719 185.718918 120.071800
v 293.867889 185.288330 119.207863
v 284.860413 188.245743 115.732834
v 354.892426 252.205505 213.597443
v 251.708054 255.513901 214.012390
v 264.163086 264.942505 217.542328
v 275.243317 274.932770 218.825012
v 340.511963 262.656311 219.855133
v 282.592865 282.914764 210.710358
v 280.980225 280.779205 215.282410
v 286.352814 290.295959 208.723602
v 285.395020 283.815674 210.559113
v 285.023071 286.514343 210.120911
v 284.799805 282.255707 214.865112
v 286.624146 286.658966 212.192276
v 289.872864 283.818268 212.649994
v 292.343506 284.905426 212.051178
v 293.126831 290.461456 209.468613
v 294.393982 286.304047 210.927704
v 298.501892 290.999817 211.548950
v 297.386719 284.556641 214.267899
v 310.920166 291.101685 208.876175
v 310.833893 285.142120 211.338638
v 307.324677 286.029327 211.823517
v 318.766632 286.473480 208.070633
v 316.234619 283.903412 211.666229
v 317.720459 286.495605 211.243408
v 312.859894 283.320251 213.114502
v 316.599609 282.879883 214.414490
v 320.666138 282.485840 211.760864
v 320.715485 281.719269 215.001724
v 314.692261 288.424469 211.442688
v 290.698334 291.888824 207.462860
v 288.570007 290.818390 210.634796
v 289.343567 288.634766 212.134445
v 295.693878 298.070526 209.054077
v 302.305481 291.904480 211.701019
v 299.602631 290.152985 215.187866
v 301.810272 290.989471 215.671143
v 300.709808 298.123962 210.117249
v 305.743134 298.044586 209.666000
v 305.522919 290.563629 211.291351
v 304.605408 289.803894 215.451431
v 313.005585 291.929688 206.902969
v 315.482971 290.662109 210.025970
v 317.097717 290.637848 207.861664
v 223.626389 214.073471 226.869415
v 380.734619 210.314011 228.360977
v 229.102356 223.715698 225.663132
v 371.215271 227.752533 225.040329
v 242.171661 238.883118 227.524231
v 357.428589 246.337189 221.082016
v 253.513855 252.149292 225.004456
v 265.151031 262.389771 229.140686
v 271.189301 269.986816 223.385880
v 333.251648 268.019928 225.061890
v 273.140900 271.411926 217.355957
v 276.429352 274.156769 221.902527
v 276.187988 271.721710 224.051682
v 283.696106 271.906464 226.022110
v 331.399841 269.313843 219.440430
v 324.960297 275.958344 220.517975
v 325.511108 273.064117 223.216446
v 327.621521 274.804993 219.487076
v 297.081970 276.048889 225.640228
v 298.460297 283.167908 218.645706
v 299.805298 286.914795 217.143188
v 300.499634 283.866913 217.361389
v 301.539185 286.167664 218.129471
v 301.711273 281.990509 222.499985
v 306.100128 283.830597 215.281036
v 304.711975 284.073669 216.386276
v 303.600464 286.966766 217.526428
v 303.626373 273.144836 232.259308
v 337.491486 200.053207 114.645798
v 263.793121 199.693207 115.458511
v 334.289978 195.293732 114.173668
v 267.295227 193.154404 116.161125
v 268.655579 196.426788 113.796959
v 329.713562 191.244141 115.414589
v 317.189117 189.729401 113.711914
v 227.484955 212.005951 237.263031
v 235.414749 224.431335 236.904877
v 376.031494 218.050400 229.581161
v 242.414200 231.206970 238.903397
v 363.181000 231.216919 235.257568
v 258.341370 251.665833 232.204712
v 349.898712 248.493149 230.236511
v 261.523438 256.409119 229.089569
v 333.337952 258.889252 233.703568
v 338.209595 261.255798 230.836945
v 342.865967 254.043503 230.950409
v 339.527710 259.663086 229.972092
v 270.096954 267.242615 227.340576
v 269.000092 264.292267 230.130600
v 274.969238 266.310669 227.778046
v 282.136566 263.846619 235.635727
v 315.426788 268.308990 232.675720
v 327.470825 266.530548 227.882111
v 333.438141 264.752686 230.031754
v 328.536652 259.863892 236.090515
v 337.632599 258.785126 234.474457
v 305.761597 187.968063 114.380142
v 298.103577 189.977676 111.730873
v 299.023560 274.127747 230.999603
v 296.895905 266.558075 236.723785
v 305.637604 273.430603 228.703262
v 367.849304 217.638351 243.904953
v 353.816132 235.638763 241.896317
v 351.081055 241.336624 243.031540
v 252.266281 241.538300 238.289246
v 259.548218 254.447327 234.723343
v 254.541214 246.382935 239.702316
v 264.997864 252.502579 237.854568
v 338.379974 251.516129 238.722153
v 335.804626 247.447830 245.301697
v 346.904510 248.642899 238.551361
v 259.783691 251.016571 239.332184
v 276.847870 252.719696 245.474106
v 287.853119 259.219421 243.090088
v 312.155121 259.869415 243.097107
v 322.962677 252.163696 247.602631
v 343.447601 253.654388 236.143585
v 342.629028 252.818924 238.122772
v 300.510345 268.284973 239.123093
v 305.695709 255.946411 248.119568
v 302.963623 261.372803 246.205414
v 327.205750 202.896927 111.098999
v 235.287262 214.121323 247.148453
v 364.955017 210.444214 253.091400
v 240.281097 217.358261 250.285492
v 242.500031 223.374283 250.321533
v 240.525146 217.985443 254.532928
v 362.706940 216.751602 250.872208
v 362.830261 217.187012 254.675598
v 267.963165 205.440964 114.518448
v 246.671783 231.236038 243.935410
v 245.236389 228.953491 249.463379
v 248.128250 230.110046 251.021667
v 249.024353 223.868225 253.669250
v 357.098969 229.210281 245.268173
v 356.487885 231.340164 246.970856
v 350.581146 230.111923 250.885727
v 358.860046 225.739029 251.583252
v 360.207794 222.750183 248.306671
v 250.841797 239.347870 244.367966
v 253.596008 240.668701 245.392120
v 259.850861 232.498764 254.604813
v 347.036804 236.760757 247.403427
v 346.281738 228.554428 255.880997
v 354.743378 234.018753 247.537521
v 349.880249 240.373779 245.546814
v 353.239044 232.717468 249.997284
v 328.549957 198.801605 111.272461
v 319.166626 197.952667 108.842010
v 267.595947 248.057877 244.902466
v 334.164001 237.158157 256.100189
v 344.759766 246.724457 242.180313
v 279.519562 193.822311 111.560608
v 285.189026 196.994202 108.851639
v 275.443787 199.264328 110.965904
v 285.743317 251.551605 250.087921
v 296.986694 251.587418 252.199890
v 299.577484 252.715836 254.601532
v 315.807129 193.811218 109.774353
v 305.967957 192.626999 109.521156
v 303.465942 191.951035 108.987000
v 288.880798 193.067169 109.992706
v 238.229477 211.808746 252.310272
v 244.041626 211.094971 258.681580
v 239.914413 209.577225 259.249023
v 359.244598 208.929581 259.637390
v 365.584534 208.284042 257.612427
v 237.560638 210.349670 256.505859
v 241.953690 216.291138 257.093079
v 244.018387 222.107208 254.565918
v 246.489044 217.839233 256.231506
v 249.060760 209.099182 263.947174
v 257.299438 218.419083 264.164520
v 354.648834 221.494507 254.983505
v 358.298920 222.214264 255.011932
v 351.337341 214.257324 262.988770
v 357.265869 215.045700 257.597961
v 342.521088 218.680115 265.969788
v 321.220032 230.498367 266.562073
v 330.608154 231.049988 262.875336
v 303.179962 251.411255 255.570038
v 305.662567 235.949188 265.072632
v 314.529633 242.832581 258.546417
v 269.155731 217.570892 271.024841
v 268.691772 225.911819 265.054901
v 277.652649 221.014084 271.954346
v 289.213531 220.337982 275.093597
v 305.652588 224.193008 273.393066
v 314.985352 221.251053 274.388794
v 299.589081 234.216034 269.600250
v 302.640076 240.745758 264.878540
v 314.351288 203.939468 108.490616
v 306.140106 204.492111 107.739037
v 303.297455 200.293457 104.735733
v 297.395050 200.471664 107.040688
v 300.025299 198.336456 105.167976
v 286.985718 200.619888 108.196205
v 277.148682 203.150955 110.788307
v 305.918762 198.331329 107.019814
v 303.477814 196.658646 105.709343
v 297.409973 195.673767 107.903114
v 299.937042 194.142303 107.200714
v 266.211548 207.514465 274.786011
v 288.702637 208.780884 280.938690
v 326.740356 210.215195 277.475922
v 276.059875 211.918884 276.683746
v 296.908356 217.008469 277.743774
v 300.155670 213.046082 282.925507
v 299.608398 217.679947 280.559967
v 305.637634 213.952057 279.454041
v 302.868622 217.758347 280.421936
v 331.107239 217.090103 272.501312
v 296.927460 228.763031 270.320374
v 305.607788 201.354828 283.884491
v 300.446960 206.286850 105.316589
v 241.079956 186.281509 245.481445
v 281.238556 178.995407 248.799438
v 261.263153 181.219696 248.737976
v 372.279907 192.712341 244.494797
v 373.325378 196.019028 246.055420
v 226.783432 199.045013 242.809479
v 377.750153 204.968353 238.692047
v 229.421371 205.586914 245.083084
v 374.586456 210.178284 240.592896
v 324.915680 179.674896 251.258896
v 336.967743 180.812973 249.744385
v 345.221924 183.336716 253.379974
v 358.046265 188.135071 254.407043
v 363.111267 189.049942 250.419174
v 238.303085 191.351837 252.153122
v 370.087646 207.774445 248.684998
v 279.284180 181.243546 258.194824
v 300.842865 180.103394 257.999512
v 255.208328 183.763000 252.494843
v 365.945526 194.254288 253.948593
v 236.515747 195.344162 254.141907
v 235.818542 200.348846 254.887985
v 372.322266 201.250183 248.339371
v 245.167755 188.383469 254.772171
v 256.564453 187.391876 261.925873
v 238.451538 192.841187 255.988113
v 241.139877 192.414429 257.932770
v 243.568420 192.423187 258.955139
v 362.238464 192.446472 257.971588
v 364.155273 192.414185 255.714081
v 236.352051 198.968628 258.279358
v 366.820068 198.035049 254.920624
v 366.141296 196.772736 257.675568
v 236.557709 205.723648 253.978149
v 236.236298 203.461487 257.783661
v 366.672424 203.075912 254.827972
v 265.840393 185.043625 262.722900
v 315.671967 181.762299 262.148651
v 325.935974 183.897339 265.353546
v 342.936462 186.249161 261.921112
v 239.163483 196.607269 259.977203
v 248.752701 196.028610 265.767609
v 359.666504 193.942322 260.067078
v 363.289764 196.494232 260.304321
v 242.028748 198.153763 260.787964
v 360.704041 201.383209 261.120361
v 238.442932 202.201462 260.564514
v 242.361816 204.192139 260.413544
v 364.286652 201.072037 260.845215
v 361.991333 207.665176 260.203918
v 366.386658 200.470200 258.944366
v 363.480774 209.885712 259.288208
v 277.368958 186.302780 270.353455
v 300.065918 183.366531 268.210327
v 331.090759 187.382477 270.094604
v 346.146118 190.418701 266.716370
v 261.180664 190.684311 269.611023
v 348.515991 193.860687 268.501648
v 355.972656 198.315308 265.008484
v 247.466614 202.074249 265.209015
v 295.370453 186.878143 274.755798
v 260.994507 195.429855 273.165985
v 335.590057 192.167175 274.121735
v 349.357178 197.815292 269.761963
v 255.810226 199.383453 271.185425
v 257.977234 205.957733 271.310791
v 345.075989 205.957703 271.310822
v 355.055359 204.584579 265.110840
v 285.864258 189.729416 277.178741
v 301.165039 188.582413 277.709412
v 315.395172 187.264664 274.261871
v 273.340027 191.244034 275.476013
v 267.630371 200.465332 277.185760
v 334.397644 196.426788 277.093628
v 339.260010 199.693192 275.432129
v 273.067902 194.891800 277.993652
v 286.072418 193.317490 280.540741
v 297.164825 192.916855 281.640503
v 302.263550 192.636871 282.890961
v 305.417938 193.541367 282.235382
v 321.131012 190.917618 277.692902
v 318.531860 194.483490 281.058044
v 276.469513 198.002213 280.222961
v 317.864197 196.994202 282.038940
v 327.609406 199.264328 279.924683
v 335.090057 205.440964 276.372131
v 287.460663 200.841492 282.775024
v 289.457764 196.546204 282.556885
v 296.850433 198.831635 283.765686
v 299.702576 195.410889 284.555725
v 302.925751 198.477448 285.850342
v 316.067535 200.619888 282.694397
v 279.025574 203.922913 280.494324
v 296.896332 207.487579 282.225250
v 314.840393 207.309708 281.426941
v 325.904541 203.150955 280.102295
v 302.935425 206.611740 285.280579
v 299.437653 199.324493 285.897217
v 299.895172 203.847824 285.968384
vn -0.2455 0.6639 -0.7064
vn 0.0303 0.6085 -0.7930
vn 0.0909 0.5178 -0.8507
vn 0.0918 0.4963 -0.8633
vn -0.0259 0.5052 -0.8626
vn -0.8471 -0.0028 -0.5314
vn -0.9015 0.0669 -0.4276
vn -0.8771 -0.0051 -0.4803
vn -0.8652 -0.0811 -0.4949
vn -0.8624 -0.0671 -0.5018
vn -0.3144 0.0033 0.9493
vn -0.3185 0.2087 0.9247
vn -0.3706 0.1887 0.9094
vn -0.3747 0.0027 0.9272
vn -0.2330 0.3946 -0.8888
vn -0.3782 0.0996 -0.9204
vn -0.3110 0.1951 -0.9302
vn -0.2376 0.3577 -0.9031
vn -0.3633 0.5725 0.7350
vn -0.3894 0.4801 0.7861
vn -0.3967 0.3397 0.8528
vn -0.3804 0.3965 0.8355
vn -0.6237 -0.0059 -0.7817
vn -0.6187 -0.1518 -0.7708
vn -0.6732 -0.0972 -0.7330
vn -0.6633 -0.0024 -0.7484
vn 0.3636 -0.9040 -0.2248
vn 0.3858 -0.9055 -0.1766
vn 0.3794 -0.9053 -0.1908
vn 0.3261 -0.9092 -0.2589
vn 0.3263 -0.9092 -0.2587
vn 0.9885 0.0003 -0.1510
vn 0.9855 0.0002 -0.1694
vn 0.9802 -0.0002 -0.1982
vn 0.9752 -0.0011 -0.2211
vn 0.9629 -0.0003 -0.2698
vn 0.9629 -0.0003 -0.2697
vn -0.8804 -0.0069 -0.4742
vn -0.8254 -0.2470 -0.5077
vn -0.8059 -0.4300 -0.4069
vn -0.9037 -0.2746 -0.3285
vn 0.8322 0.1181 -0.5417
vn 0.9806 -0.0089 -0.1957
vn 0.9629 0.1916 -0.1899
vn 0.9755 0.1054 -0.1934
vn -0.2548 -0.2700 0.9285
vn -0.2420 -0.3595 0.9012
vn -0.2417 -0.3560 0.9027
vn -0.2734 -0.2362 0.9324
vn 0.0516 -0.8202 -0.5697
vn -0.0456 -0.8792 -0.4743
vn -0.1328 -0.7914 -0.5968
vn -0.0949 -0.7404 -0.6654
vn 0.1255 -0.6905 -0.7123
vn 0.1784 -0.9792 -0.0962
vn 0.3538 -0.9233 -0.1493
vn 0.3676 -0.9296 -0.0254
vn 0.2590 -0.9646 0.0501
vn 0.1822 -0.9823 -0.0422
vn -0.7842 0.1658 0.5980
vn -0.7820 0.3027 0.5448
vn -0.8197 0.1396 0.5556
vn -0.7628 0.3093 0.5678
vn 0.7604 -0.0029 -0.6494
vn 0.7961 -0.0029 -0.6051
vn 0.8698 0.0003 -0.4935
vn 0.8414 -0.0010 -0.5404
vn 0.7538 -0.0028 -0.6571
vn 0.6136 -0.0001 0.7896
vn 0.7221 0.0006 0.6918
vn 0.7257 0.0002 0.6880
vn 0.7091 0.0002 0.7051
vn 0.6288 -0.0002 0.7775
vn 0.3240 0.1002 0.9407
vn 0.3814 0.0978 0.9192
vn 0.3851 0.0977 0.9177
vn -0.9684 0.1180 0.2199
vn -0.4216 0.1958 0.8854
vn -0.4351 0.0022 0.9004
vn 0.4372 -0.0010 0.8993
vn 0.3853 -0.0042 0.9228
vn 0.3844 -0.0043 0.9232
vn -0.5959 -0.0053 -0.8030
vn -0.4928 -0.0011 -0.8702
vn -0.5378 -0.0004 -0.8431
vn -0.6441 -0.0304 -0.7643
vn 0.6608 -0.3283 -0.6749
vn 0.5802 -0.5172 -0.6292
vn 0.6418 -0.4253 -0.6381
vn 0.9054 0.0001 -0.4247
vn 0.8973 -0.0011 -0.4415
vn 0.8574 -0.0060 -0.5146
vn 0.9285 0.0004 -0.3712
vn 0.9078 0.0001 -0.4193
vn -0.6361 0.5669 0.5235
vn -0.5188 0.6650 0.5373
vn -0.4784 0.7778 0.4077
vn -0.7023 0.5545 0.4464
vn 0.5772 0.0134 -0.8165
vn 0.6189 0.0239 -0.7851
vn 0.5382 0.0007 -0.8428
vn 0.1557 -0.9007 0.4057
vn 0.1968 -0.9008 0.3872
vn 0.1989 -0.9007 0.3862
vn 0.1245 -0.8986 0.4206
vn 0.0932 -0.8993 0.4272
vn 0.5316 -0.1414 0.8351
vn 0.4720 -0.5062 0.7218
vn 0.4426 -0.5513 0.7072
vn 0.6115 -0.1445 0.7779
vn -0.9478 -0.0019 0.3188
vn -0.9470 -0.0014 0.3213
vn -0.8577 0.0004 0.5142
vn -0.8926 -0.0015 0.4508
vn 0.6723 -0.6236 -0.3989
vn 0.7285 -0.4136 -0.5461
vn 0.8342 -0.2285 -0.5018
vn 0.8408 -0.4040 -0.3605
vn -0.5466 0.8054 -0.2291
vn -0.5903 0.7573 -0.2794
vn -0.6323 0.7282 -0.2643
vn -0.6311 0.7436 -0.2210
vn -0.5408 0.8177 -0.1973
vn -0.9956 -0.0934 0.0077
vn -0.9953 -0.0708 -0.0667
vn -0.9969 -0.0009 -0.0781
vn -1.0000 0.0007 0.0085
vn 0.0638 0.0242 0.9977
vn -0.0441 0.0338 0.9985
vn -0.0813 0.0329 0.9961
vn 0.0904 0.0203 0.9957
vn -0.5512 0.1263 -0.8247
vn -0.1493 0.7691 0.6214
vn -0.1593 0.8064 0.5696
vn -0.1718 0.6735 0.7190
vn 0.4371 -0.6425 -0.6294
vn 0.4862 -0.5854 -0.6488
vn 0.4154 -0.6693 -0.6160
vn 0.4768 -0.6980 -0.5343
vn 0.3474 -0.3079 0.8857
vn 0.2974 -0.0811 0.9513
vn 0.1753 -0.2135 0.9611
vn 0.1827 -0.4613 0.8682
vn -0.9787 0.1135 0.1709
vn -0.9781 0.1254 0.1663
vn -0.9763 0.1707 0.1331
vn 0.0666 -0.9465 -0.3157
vn 0.0519 -0.9449 -0.3234
vn 0.0144 -0.9395 -0.3424
vn -0.0175 -0.9423 -0.3342
vn -0.0674 -0.9448 -0.3207
vn -0.7814 -0.5377 -0.3167
vn -0.7150 -0.6647 -0.2169
vn -0.7379 -0.6255 -0.2536
vn -0.7890 -0.5211 -0.3255
vn -0.8089 -0.5617 -0.1734
vn -0.1733 0.0043 -0.9849
vn -0.1159 0.0238 -0.9930
vn -0.1441 0.0142 -0.9895
vn -0.6610 0.0127 0.7503
vn -0.6279 0.2522 0.7363
vn -0.6478 0.1434 0.7482
vn 0.9634 -0.0880 -0.2532
vn -0.0025 -0.9999 0.0108
vn -0.0093 -0.9961 -0.0878
vn 0.0283 -0.9996 -0.0097
vn -0.9581 -0.0009 0.2864
vn -0.9850 -0.0096 0.1723
vn -0.9742 -0.0039 0.2255
vn -0.9695 -0.0018 0.2449
vn -0.9467 -0.0001 0.3222
vn -0.0039 -0.0015 -1.0000
vn -0.0049 -0.1073 -0.9942
vn -0.0049 -0.1054 -0.9944
vn -0.9798 -0.0074 -0.2000
vn -0.5782 0.7126 0.3973
vn -0.0108 -0.9999 0.0106
vn 0.1174 0.1809 -0.9765
vn 0.1699 0.1184 -0.9783
vn 0.1700 0.0014 -0.9854
vn 0.1121 0.0019 -0.9937
vn 0.5977 0.7674 0.2321
vn 0.6212 0.7465 0.2385
vn 0.7086 0.6941 0.1270
vn 0.6475 0.7517 0.1256
vn 0.5292 0.8044 0.2701
vn -0.9814 0.1581 -0.1089
vn -0.9637 0.2432 -0.1104
vn -0.9770 0.1764 -0.1197
vn -0.9438 0.3040 -0.1295
vn -0.0927 -0.5412 0.8358
vn -0.0440 -0.5900 0.8062
vn -0.1396 -0.6053 0.7836
vn -0.1154 -0.5424 0.8321
vn -0.4991 0.1194 -0.8583
vn -0.5066 0.1204 -0.8537
vn -0.3557 0.4943 -0.7932
vn -0.4161 0.1145 -0.9021
vn -0.0707 -0.9949 -0.0720
vn -0.0109 -0.9999 -0.0109
vn -0.0149 -0.9998 -0.0150
vn -0.4327 -0.6655 -0.6081
vn -0.4794 -0.6353 -0.6055
vn -0.4304 -0.6757 -0.5984
vn -0.9425 -0.2075 0.2622
vn -0.8942 -0.3804 0.2359
vn -0.9543 -0.2715 0.1250
vn -0.4552 -0.6162 -0.6427
vn -0.0739 0.7169 -0.6932
vn 0.0191 0.6930 -0.7207
vn -0.0409 0.7062 -0.7069
vn -0.9794 0.1893 0.0709
vn -0.9844 0.1624 -0.0685
vn -0.9975 0.0008 -0.0703
vn -0.9975 0.0022 0.0711
vn 0.8222 0.1775 -0.5409
vn 0.8247 0.1643 -0.5411
vn 0.7624 0.3868 -0.5189
vn 0.7625 0.3864 -0.5190
vn 0.0121 -0.9896 -0.1434
vn 0.0342 -0.9531 -0.3006
vn 0.0522 -0.9869 -0.1525
vn -0.7961 -0.4753 -0.3745
vn -0.0385 -0.9374 -0.3461
vn 0.2473 -0.6231 -0.7420
vn -0.8592 -0.1799 -0.4790
vn -0.8588 -0.1452 -0.4912
vn -0.8405 -0.3654 -0.4002
vn -0.7766 -0.6299 -0.0088
vn -0.7801 -0.6256 -0.0090
vn -0.8718 -0.4897 -0.0117
vn -0.8690 -0.4946 -0.0118
vn 0.0005 -1.0000 -0.0054
vn 0.0004 -1.0000 -0.0040
vn 0.0377 -0.9215 -0.3865
vn 0.0403 -0.6009 -0.7983
vn 0.0913 -0.5469 -0.8322
vn -0.0695 -0.6431 -0.7627
vn 0.0392 -0.4346 -0.8997
vn -0.0372 -0.9475 -0.3175
vn 0.0391 -0.9253 -0.3772
vn 0.0968 -0.9559 -0.2773
vn 0.0105 -0.9800 -0.1987
vn -0.5329 0.7713 0.3480
vn -0.5277 0.7815 0.3328
vn -0.5552 0.7841 0.2774
vn -0.5664 0.7788 0.2695
vn -0.5831 0.7352 0.3457
vn 0.8422 0.0534 -0.5365
vn 0.8472 0.0716 -0.5265
vn 0.8596 0.1258 -0.4952
vn 0.8602 0.1811 -0.4768
vn 0.8563 0.2125 -0.4707
vn 0.8904 0.4350 -0.1344
vn 0.8821 0.4554 -0.1203
vn 0.9676 0.2382 -0.0842
vn 0.9545 0.2439 -0.1715
vn 0.9336 0.1495 -0.3255
vn 0.8827 0.0269 -0.4692
vn 0.8584 -0.0012 -0.5129
vn 0.6782 -0.5915 -0.4360
vn 0.5974 -0.5083 -0.6203
vn 0.6726 -0.5855 -0.4524
vn 0.7207 -0.6390 -0.2688
vn -0.0484 -0.8271 -0.5600
vn 0.3102 0.3699 -0.8758
vn 0.7595 -0.2044 -0.6176
vn 0.6342 -0.4839 -0.6030
vn 0.7736 -0.1555 -0.6143
vn 0.7209 0.4978 -0.4822
vn 0.6715 0.5884 -0.4505
vn 0.6356 0.6436 -0.4263
vn 0.7195 0.5012 -0.4808
vn 0.9057 0.0153 -0.4235
vn 0.8965 0.0524 -0.4399
vn 0.9009 0.0143 -0.4338
vn -0.4700 0.0450 0.8815
vn -0.4895 -0.0006 0.8720
vn -0.4661 0.0536 0.8831
vn -0.0247 0.0045 0.9997
vn -0.0481 -0.0692 0.9964
vn -0.0245 -0.1084 0.9938
vn -0.0189 -0.1134 0.9934
vn -0.7595 0.5872 -0.2800
vn -0.6840 0.6858 -0.2486
vn -0.6195 0.6753 -0.4003
vn -0.6637 0.5972 -0.4504
vn -0.7727 0.5263 -0.3549
vn 0.4030 -0.8994 0.1694
vn 0.3439 -0.9053 0.2494
vn 0.3671 -0.9041 0.2189
vn 0.4047 -0.9029 0.1451
vn 0.3898 -0.9186 0.0658
vn 0.9469 0.1079 0.3029
vn 0.9452 0.1077 0.3082
vn 0.9053 0.0977 0.4133
vn 0.8973 0.0950 0.4310
vn -0.0049 -0.3117 -0.9502
vn -0.0049 -0.3159 -0.9488
vn -0.0035 -0.4828 -0.8757
vn -0.0036 -0.4784 -0.8781
vn -0.8260 -0.0007 -0.5637
vn -0.7753 -0.0172 -0.6314
vn -0.7147 -0.0206 -0.6991
vn -0.9969 -0.0012 -0.0790
vn -0.9993 -0.0011 -0.0386
vn -0.9877 -0.0013 -0.1563
vn -0.9942 -0.0000 -0.1074
vn -0.9932 -0.0002 -0.1161
vn -0.6880 -0.0286 -0.7252
vn -0.6153 -0.0008 0.7883
vn -0.7042 -0.0007 0.7100
vn -0.6872 -0.0009 0.7265
vn -0.6511 -0.0025 0.7590
vn -0.5435 -0.0005 0.8394
vn -0.4859 -0.0002 0.8740
vn 0.7773 -0.5437 0.3166
vn 0.6754 0.0294 -0.7368
vn 0.5972 0.0135 -0.8020
vn 0.6149 0.0198 -0.7884
vn 0.6396 0.0288 -0.7682
vn 0.6943 0.0296 -0.7190
vn -0.0250 -0.9994 0.0218
vn -0.5719 -0.0022 0.8203
vn -0.6511 -0.0026 0.7589
vn -0.6063 -0.0024 0.7952
vn -0.6216 -0.0025 0.7834
vn -0.6341 -0.0026 0.7733
vn -0.4263 0.0001 0.9046
vn -0.5085 0.0020 0.8611
vn -0.5640 -0.0000 0.8258
vn -0.5614 -0.0002 0.8275
vn -0.5329 -0.0002 0.8462
vn -0.4236 -0.0004 0.9059
vn -0.3584 -0.0004 0.9336
vn -0.9236 -0.1665 0.3453
vn 0.3519 0.0799 0.9326
vn 0.3348 0.1678 0.9272
vn 0.3417 0.1156 0.9327
vn 0.3489 0.1844 0.9188
vn 0.9393 -0.1807 0.2915
vn 0.8239 -0.4012 0.4003
vn 0.9379 -0.1783 0.2977
vn -0.5102 0.0962 0.8546
vn -0.4881 -0.1714 0.8558
vn -0.5151 -0.2057 0.8321
vn -0.5044 0.1733 0.8459
vn 0.3797 0.8807 -0.2833
vn 0.2789 0.9601 -0.0206
vn 0.3623 0.9108 -0.1978
vn -0.5303 -0.1468 -0.8350
vn -0.4712 -0.5060 -0.7225
vn -0.3980 -0.4687 -0.7886
vn -0.6092 -0.1425 -0.7801
vn -0.7634 -0.0059 0.6459
vn -0.7936 -0.0171 0.6082
vn -0.7821 -0.0867 0.6170
vn -0.8339 -0.0002 0.5519
vn -0.4048 -0.8467 0.3454
vn -0.5669 -0.7500 0.3408
vn -0.5079 -0.8415 0.1844
vn -0.3579 -0.9114 0.2030
vn -0.3094 -0.9252 0.2197
vn 0.1290 -0.9672 -0.2187
vn 0.1385 -0.8482 0.5113
vn 0.2091 -0.7636 0.6109
vn 0.2309 -0.7308 0.6423
vn 0.0002 -0.8991 0.4377
vn -0.3173 0.0737 -0.9454
vn -0.3112 0.0319 -0.9498
vn -0.3261 0.0998 -0.9400
vn -0.3328 0.0300 -0.9425
vn -0.0040 -0.9999 -0.0135
vn -0.0020 -1.0000 -0.0067
vn -0.0245 -0.9961 -0.0844
vn -0.9770 0.1713 -0.1270
vn -0.9910 0.0031 -0.1336
vn -0.7066 -0.0013 -0.7076
vn -0.8177 -0.0013 -0.5756
vn -0.4484 -0.0010 -0.8938
vn 0.0411 -0.6398 -0.7675
vn 0.0117 -0.4799 -0.8772
vn 0.0025 -0.3580 -0.9337
vn 0.0001 -0.4729 -0.8811
vn -0.8999 0.1516 -0.4088
vn -0.8942 0.1913 -0.4048
vn -0.9187 0.0628 -0.3899
vn -0.9055 0.1528 -0.3960
vn -0.0236 -0.9997 -0.0050
vn -0.0898 -0.9958 -0.0197
vn -0.5009 -0.8499 -0.1637
vn -0.3354 -0.9246 -0.1805
vn 0.9823 0.1465 0.1167
vn -0.1488 -0.9762 -0.1579
vn -0.1600 -0.9735 -0.1636
vn -0.3455 -0.8287 -0.4403
vn -0.3455 -0.8675 -0.3578
vn 0.8531 -0.0019 -0.5218
vn 0.0323 0.9887 -0.1466
vn 0.0042 0.9996 -0.0282
vn -0.0062 0.9998 -0.0186
vn -0.5761 0.8174 0.0035
vn 0.6634 -0.7171 -0.2140
vn 0.5950 -0.7981 -0.0956
vn 0.5224 -0.8520 0.0351
vn 0.6284 -0.7587 -0.1720
vn -0.2972 -0.9424 0.1535
vn -0.3305 -0.9366 0.1166
vn -0.3325 -0.9403 0.0731
vn -0.3333 -0.9414 0.0512
vn -0.2933 -0.9429 0.1578
vn 0.1022 -0.9879 -0.1169
vn 0.1712 -0.9507 -0.2587
vn 0.2360 -0.9435 -0.2327
vn 0.5349 -0.7938 0.2894
vn 0.5579 -0.7841 0.2718
vn 0.7005 -0.6487 0.2973
vn 0.6924 -0.6582 0.2954
vn 0.8228 0.0389 -0.5670
vn 0.2044 0.2025 -0.9577
vn 0.1814 0.4433 -0.8778
vn 0.1795 0.4520 -0.8738
vn 0.2046 0.1989 -0.9584
vn -0.6286 -0.0061 0.7777
vn -0.6204 -0.0058 0.7843
vn -0.7255 0.0021 0.6882
vn -0.7403 0.0052 0.6723
vn 0.5940 0.4241 -0.6836
vn 0.7209 0.3593 -0.5927
vn 0.6946 0.2151 -0.6865
vn 0.6953 0.3588 -0.6228
vn 0.4802 0.7614 0.4356
vn 0.7952 0.4223 -0.4351
vn 0.8492 0.3889 -0.3573
vn 0.9002 0.1871 -0.3932
vn 0.8437 0.1820 -0.5051
vn 0.6843 -0.0240 0.7288
vn 0.6337 -0.0427 0.7724
vn 0.5706 -0.0010 0.8213
vn 0.4354 -0.7929 -0.4263
vn 0.4299 -0.7749 -0.4634
vn 0.4055 -0.8246 -0.3945
vn 0.4678 -0.7491 -0.4691
vn 0.9330 -0.1538 -0.3253
vn 0.9643 -0.1198 -0.2362
vn 0.9775 -0.1056 -0.1827
vn 0.9451 -0.1512 -0.2898
vn 0.7698 0.6187 -0.1567
vn 0.7880 0.5930 -0.1659
vn 0.8591 0.4725 -0.1968
vn 0.8530 0.4842 -0.1947
vn 0.8611 0.5064 -0.0446
vn 0.8332 0.5381 -0.1272
vn 0.7489 0.6514 -0.1215
vn 0.7074 0.7034 -0.0690
vn -0.9924 -0.0106 0.1222
vn -0.9842 -0.0046 0.1768
vn -0.9927 -0.0108 0.1203
vn -0.2087 -0.8883 0.4091
vn -0.1567 -0.8580 0.4891
vn -0.3448 -0.6956 0.6303
vn -0.3390 -0.8197 0.4616
vn 0.6383 -0.4205 -0.6448
vn 0.6745 -0.2763 -0.6846
vn 0.6574 -0.3740 -0.6542
vn -0.3242 0.1011 -0.9406
vn -0.3814 0.0983 -0.9192
vn -0.3852 0.0981 -0.9176
vn -0.1269 0.6510 0.7484
vn -0.0529 0.7900 0.6109
vn -0.0557 0.8027 0.5938
vn -0.0925 0.7137 0.6943
vn -0.1387 0.7350 -0.6637
vn 0.4476 0.3514 0.8223
vn 0.4150 -0.0010 0.9098
vn 0.6773 -0.0673 0.7326
vn 0.7134 0.2637 0.6492
vn 0.1049 0.2160 -0.9707
vn 0.0920 0.4361 -0.8952
vn 0.1451 0.3870 -0.9106
vn 0.1459 0.1990 -0.9691
vn -0.1136 0.4514 0.8851
vn 0.2238 0.5178 0.8257
vn 0.0506 0.5358 0.8428
vn 0.1643 0.6347 0.7551
vn -0.1663 0.5097 0.8441
vn -0.1182 0.4618 0.8791
vn -0.8889 0.4160 0.1921
vn -0.8924 0.4074 0.1939
vn -0.8213 0.5434 0.1737
vn -0.8029 0.5707 0.1720
vn 0.5462 0.1246 0.8283
vn 0.1513 0.0262 0.9881
vn 0.2662 0.1872 0.9456
vn 0.1535 0.3318 0.9308
vn 0.0867 0.0582 0.9945
vn 0.6449 0.6036 -0.4688
vn 0.6651 0.7451 0.0505
vn 0.7067 0.6984 -0.1132
vn 0.7555 0.6513 -0.0713
vn -0.2369 -0.9715 -0.0004
vn -0.4039 -0.9148 0.0023
vn -0.5899 -0.8074 -0.0094
vn 0.5603 0.1216 -0.8193
vn 0.6097 0.0629 -0.7902
vn 0.6590 0.1146 -0.7434
vn 0.6428 0.0219 0.7657
vn 0.7559 0.0263 0.6541
vn 0.7585 0.0255 0.6512
vn 0.6550 0.0256 0.7552
vn 0.9943 -0.0017 -0.1065
vn 0.9972 -0.0007 -0.0743
vn 1.0000 -0.0021 -0.0051
vn 0.9765 -0.0012 -0.2154
vn 0.3215 -0.9448 0.0632
vn 0.3300 -0.9437 0.0247
vn 0.3374 -0.9413 -0.0111
vn 0.3318 -0.9426 -0.0383
vn 0.3248 -0.9431 -0.0709
vn 0.9189 -0.2686 -0.2889
vn 0.8699 -0.3932 -0.2978
vn 0.8961 -0.3267 -0.3004
vn 0.9537 -0.1980 -0.2262
vn 0.0071 -0.5947 0.8039
vn 0.0071 -0.5089 0.8608
vn 0.0053 -0.6352 0.7723
vn -0.8219 0.4265 -0.3776
vn -0.8233 0.4781 -0.3059
vn -0.6051 0.7348 -0.3066
vn -0.5363 0.7795 -0.3237
vn -0.0552 -0.9451 0.3222
vn -0.0769 -0.9450 0.3178
vn -0.1158 -0.9438 0.3095
vn -0.1682 -0.9449 0.2807
vn -0.1434 -0.9448 0.2945
vn -0.0405 0.9976 -0.0567
vn 0.0010 1.0000 -0.0038
vn -0.0205 0.9994 -0.0270
vn -0.8395 -0.4505 -0.3037
vn -0.8326 -0.4649 -0.3011
vn -0.8699 -0.3776 -0.3172
vn -0.8809 -0.3453 -0.3236
vn 0.9981 -0.0010 0.0610
vn 1.0000 0.0017 0.0022
vn -0.4061 0.0543 -0.9122
vn -0.3256 0.0052 -0.9455
vn -0.3813 0.1685 -0.9090
vn -0.3470 0.0171 -0.9377
vn 0.9657 0.2343 0.1115
vn -0.2738 0.7792 0.5639
vn -0.2835 0.7259 0.6267
vn -0.2571 0.7288 0.6347
vn -0.2287 0.8055 0.5467
vn -0.0317 0.0358 -0.9989
vn -0.0467 0.0351 -0.9983
vn 0.8431 0.1991 0.4995
vn 0.8556 0.0982 0.5082
vn 0.8442 0.1816 0.5043
vn 0.8571 0.1176 0.5015
vn 0.2448 0.6701 -0.7007
vn 0.2452 0.6888 -0.6822
vn 0.2501 0.7611 -0.5985
vn -0.7620 0.1324 -0.6340
vn -0.7398 0.2602 -0.6205
vn -0.7581 0.2629 -0.5968
vn -0.7902 0.1658 -0.5900
vn 0.1975 -0.9803 0.0055
vn 0.3779 -0.9257 0.0151
vn 0.0772 0.7550 -0.6512
vn 0.1073 0.7128 -0.6931
vn 0.1143 0.7000 -0.7049
vn -0.8071 -0.0340 -0.5894
vn -0.8767 -0.2525 -0.4095
vn -0.6915 -0.5231 -0.4981
vn -0.0839 -0.0104 -0.9964
vn 0.0691 -0.0134 -0.9975
vn 0.0588 -0.0136 -0.9982
vn -0.0282 -0.0151 -0.9995
vn -0.1274 -0.0068 -0.9918
vn 0.2791 0.0001 0.9603
vn 0.2080 -0.0062 0.9781
vn 0.1260 -0.0162 0.9919
vn -0.4445 0.1004 0.8901
vn -0.4182 0.1464 0.8965
vn -0.4234 0.1375 0.8954
vn 0.8812 0.4085 0.2380
vn 0.8890 0.3905 0.2393
vn 0.9087 0.3397 0.2426
vn -0.8626 -0.1834 -0.4715
vn -0.8500 -0.2182 -0.4795
vn 0.9356 0.0510 0.3494
vn 0.9499 0.1095 0.2928
vn 0.9271 -0.0003 0.3749
vn -0.6028 0.7550 -0.2581
vn -0.6862 0.6856 -0.2431
vn -0.5915 0.7633 -0.2598
vn 0.8583 0.2597 0.4425
vn 0.8622 0.1327 0.4889
vn 0.8422 0.2731 0.4650
vn 0.8894 0.1143 0.4427
vn 0.1859 0.9339 -0.3052
vn 0.4323 0.7300 -0.5294
vn 0.3905 0.7409 -0.5465
vn 0.3461 0.7541 -0.5581
vn 0.1829 0.8829 -0.4325
vn -0.1522 -0.0015 -0.9884
vn -0.1037 -0.0018 -0.9946
vn -0.0823 -0.0020 -0.9966
vn -0.0239 -0.0114 -0.9997
vn -0.0447 0.0002 -0.9990
vn 0.1397 -0.0007 -0.9902
vn 0.0736 0.0016 -0.9973
vn 0.0572 -0.0084 -0.9983
vn 0.0509 -0.0017 -0.9987
vn 0.0304 -0.0020 -0.9995
vn -0.2836 0.0001 -0.9590
vn -0.2289 -0.0001 -0.9735
vn -0.4154 -0.0006 -0.9096
vn -0.4177 -0.0006 -0.9086
vn -0.7370 0.3987 -0.5458
vn -0.7228 0.4749 -0.5020
vn -0.7296 0.4404 -0.5232
vn -0.7350 0.4068 -0.5425
vn -0.7330 0.3221 -0.5992
vn 0.3359 0.1492 -0.9300
vn 0.3217 0.1876 -0.9281
vn 0.3916 0.0124 -0.9200
vn -0.7535 0.3332 -0.5667
vn -0.7778 0.1045 -0.6197
vn -0.2073 0.1825 0.9611
vn -0.2308 0.1418 0.9626
vn -0.2243 0.0002 0.9745
vn 0.9850 -0.0125 -0.1720
vn 0.9761 -0.0036 -0.2174
vn 0.9726 -0.0006 -0.2323
vn 0.9526 0.0007 -0.3042
vn 0.9620 0.0002 -0.2731
vn 0.1345 0.0921 -0.9866
vn 0.0921 0.0519 -0.9944
vn 0.1362 0.1026 -0.9853
vn 0.0096 0.1324 -0.9911
vn -0.0911 0.0423 -0.9949
vn -0.1356 0.0631 -0.9888
vn -0.0463 0.6188 0.7841
vn 0.1597 0.6948 0.7013
vn 0.2343 0.7473 0.6218
vn 0.9237 0.0870 -0.3732
vn 0.9422 0.0940 -0.3215
vn -0.6938 -0.0010 -0.7201
vn -0.7419 0.0006 -0.6705
vn -0.6393 0.0007 -0.7690
vn 0.4301 0.1170 -0.8952
vn 0.9952 -0.0027 0.0975
vn 0.9719 -0.0008 0.2355
vn 0.9852 -0.0017 0.1715
vn -0.5718 -0.3468 -0.7435
vn -0.5858 -0.4430 -0.6787
vn -0.6516 -0.2497 -0.7163
vn 0.1719 0.9378 -0.3016
vn 0.0852 0.8120 -0.5775
vn -0.0987 0.8131 -0.5737
vn -0.1102 0.8970 -0.4280
vn 0.9528 0.1268 -0.2758
vn 0.2910 0.7219 -0.6278
vn 0.3010 0.7097 -0.6370
vn 0.5541 0.1420 -0.8202
vn 0.9867 0.0872 -0.1369
vn 0.8704 0.0422 0.4905
vn 0.8904 0.0437 0.4530
vn 0.8827 0.0240 0.4693
vn 0.3174 -0.0671 -0.9459
vn 0.3377 -0.0252 -0.9409
vn 0.3554 -0.0018 -0.9347
vn 0.8491 -0.1712 0.4998
vn 0.8359 -0.2445 0.4915
vn -0.6415 0.1105 -0.7591
vn -0.6740 0.0934 -0.7328
vn -0.5928 0.1346 -0.7940
vn 0.8949 0.0712 0.4406
vn 0.0729 0.5172 -0.8527
vn -0.0799 0.5972 -0.7981
vn -0.0143 0.7254 -0.6882
vn 0.0835 0.6979 -0.7114
vn 0.0487 -0.1839 -0.9817
vn 0.0082 -0.2203 -0.9754
vn -0.0006 -0.0756 -0.9971
vn -0.2595 -0.9461 0.1939
vn -0.2230 -0.9461 0.2350
vn -0.2326 -0.9463 0.2244
vn -0.3857 -0.8899 -0.2436
vn -0.2808 -0.9236 -0.2611
vn -0.1634 -0.9637 -0.2110
vn -0.1909 -0.9759 -0.1060
vn -0.2813 -0.9505 -0.1320
vn 0.5997 0.1222 0.7909
vn 0.5049 0.5700 0.6482
vn 0.5063 0.1056 0.8558
vn 0.4763 0.0987 0.8737
vn -0.0031 -0.9679 0.2511
vn -0.0022 -0.9122 0.4099
vn -0.0151 -0.8058 0.5920
vn 0.0044 -0.9803 -0.1975
vn 0.0070 -0.8182 -0.5749
vn 0.0121 -0.9326 -0.3606
vn 0.0086 -0.6231 -0.7821
vn -0.8221 -0.5542 -0.1302
vn -0.9441 -0.2915 -0.1542
vn -0.9254 -0.3762 -0.0464
vn -0.8715 -0.4859 -0.0665
vn -0.9998 0.0004 -0.0177
vn -0.9985 0.0011 -0.0543
vn -0.9733 -0.0002 -0.2294
vn -0.9759 -0.0001 -0.2181
vn -0.9989 0.0009 -0.0467
vn -0.5185 -0.8536 -0.0501
vn -0.4033 -0.9143 0.0383
vn -0.5133 -0.8496 0.1216
vn -0.6010 -0.7956 0.0767
vn -0.6341 -0.7726 -0.0304
vn -0.9813 0.1192 0.1513
vn -0.9359 0.0969 0.3387
vn -0.9150 0.0961 0.3918
vn 0.9777 -0.0020 -0.2100
vn 0.9770 -0.0012 -0.2131
vn 0.9901 -0.0078 -0.1399
vn 0.9814 -0.0031 -0.1918
vn 0.9769 -0.0013 -0.2138
vn -0.8196 0.4468 0.3587
vn -0.6678 0.3442 0.6599
vn -0.6749 0.3245 0.6627
vn -0.6245 0.4344 0.6491
vn 0.8491 0.5084 0.1435
vn 0.8888 0.4517 0.0768
vn 0.7341 0.6766 0.0580
vn 0.7063 0.7017 0.0934
vn 0.7160 -0.6462 0.2641
vn 0.6957 -0.6775 0.2387
vn 0.7850 -0.5367 0.3093
vn 0.7932 -0.5194 0.3178
vn -0.9325 0.0781 0.3525
vn 0.4376 0.1502 -0.8865
vn -0.7854 0.2346 -0.5728
vn -0.8417 0.2090 -0.4978
vn -0.8469 0.4235 -0.3215
vn -0.7817 0.5595 -0.2755
vn -0.4972 0.1944 0.8455
vn -0.5001 0.1190 0.8577
vn 0.0591 0.0005 -0.9983
vn 0.2046 0.0001 -0.9788
vn 0.2026 0.0001 -0.9793
vn 0.2289 -0.0000 -0.9735
vn 0.0608 0.0004 -0.9981
vn 0.9806 0.1750 0.0888
vn 0.9621 0.2146 0.1681
vn 0.9842 0.0048 0.1773
vn 0.9941 0.0042 0.1079
vn -0.1319 -0.0065 -0.9912
vn -0.1415 -0.0079 -0.9899
vn -0.1834 -0.0138 -0.9829
vn 0.5250 0.2043 0.8262
vn 0.5233 0.2213 0.8229
vn 0.5335 0.0033 0.8458
vn -0.1133 0.5967 -0.7945
vn -0.1680 0.6289 -0.7591
vn -0.1109 0.6767 -0.7279
vn -0.1139 0.5376 -0.8355
vn -0.8123 0.3067 -0.4960
vn -0.1027 0.0008 0.9947
vn -0.2284 -0.0005 0.9736
vn -0.1727 -0.0000 0.9850
vn -0.1133 -0.0025 0.9936
vn -0.0510 -0.0016 0.9987
vn 0.9209 -0.1540 0.3580
vn 0.8769 -0.2400 0.4164
vn 0.9286 -0.1386 0.3442
vn 0.9477 -0.0723 0.3109
vn 0.0696 0.8374 -0.5422
vn 0.0347 0.8362 -0.5473
vn -0.0143 0.8329 -0.5533
vn 0.2359 -0.8050 -0.5444
vn 0.1277 -0.8721 -0.4724
vn 0.1411 -0.7385 -0.6593
vn 0.2237 -0.6686 -0.7092
vn -0.5099 0.4420 -0.7380
vn -0.4831 0.2705 -0.8327
vn -0.5790 0.2257 -0.7834
vn -0.5853 0.3719 -0.7204
vn -0.8695 0.1168 -0.4798
vn 0.3673 0.7381 -0.5659
vn 0.3399 0.7818 -0.5227
vn 0.3790 0.7175 -0.5844
vn 0.8799 0.4187 0.2245
vn 0.9340 0.3322 0.1318
vn 0.8870 0.4531 0.0892
vn 0.8405 0.5280 0.1213
vn 0.8172 0.5355 0.2130
vn -0.0413 -0.3983 0.9163
vn -0.0132 -0.4871 0.8733
vn -0.0142 -0.3253 0.9455
vn 0.8911 0.2172 -0.3983
vn 0.9088 0.1203 -0.3996
vn 0.8236 0.4258 -0.3747
vn 0.6030 0.7489 0.2748
vn 0.6403 0.7287 0.2428
vn 0.5334 0.8182 0.2143
vn 0.5512 0.7956 0.2513
vn 0.5965 -0.7302 0.3331
vn 0.7226 -0.6317 0.2806
vn 0.8037 -0.4391 0.4015
vn 0.6583 -0.6008 0.4535
vn 0.4898 -0.2423 0.8375
vn 0.5120 -0.2226 0.8296
vn 0.4471 -0.0889 0.8900
vn 0.5183 -0.1772 0.8366
vn -0.9022 -0.0005 -0.4314
vn -0.9186 -0.0049 -0.3952
vn -0.9271 -0.0073 -0.3747
vn -0.2164 0.8860 -0.4100
vn -0.2217 0.8946 -0.3880
vn -0.1976 0.8534 -0.4824
vn 0.9156 -0.0000 -0.4020
vn 0.9142 -0.0000 -0.4052
vn 0.8786 0.0007 -0.4775
vn 0.8582 0.0006 -0.5133
vn 0.8496 0.0006 -0.5275
vn -0.9496 0.0022 -0.3135
vn -0.9175 0.2104 -0.3374
vn -0.9107 0.1897 -0.3669
vn -0.9279 0.0017 -0.3728
vn 0.4873 0.4776 0.7310
vn 0.4813 0.5611 0.6734
vn 0.5472 0.4521 0.7044
vn 0.6671 0.5551 0.4969
vn 0.4570 0.1977 -0.8672
vn 0.4464 -0.0015 -0.8948
vn 0.4350 -0.0010 -0.9004
vn 0.3753 0.0015 -0.9269
vn 0.3796 0.0089 -0.9251
vn 0.5535 0.7863 -0.2746
vn 0.5705 0.7799 -0.2575
vn 0.5699 0.7631 -0.3048
vn 0.5504 0.7830 -0.2898
vn 0.7529 0.0011 0.6581
vn 0.8060 0.0003 0.5919
vn 0.7995 0.1380 0.5846
vn 0.7467 0.1923 0.6368
vn -0.9968 -0.0792 -0.0145
vn -0.9967 -0.0797 -0.0145
vn -0.9761 -0.2172 -0.0125
vn -0.9763 -0.2159 -0.0125
vn -0.2243 -0.9183 -0.3261
vn -0.2270 -0.9154 -0.3323
vn -0.5490 -0.7646 -0.3376
vn -0.5423 -0.7640 -0.3496
vn -0.2378 -0.9204 -0.3103
vn -0.4317 -0.8373 -0.3355
vn -0.6313 -0.7299 -0.2621
vn 0.5087 0.8271 -0.2391
vn 0.1055 0.7862 -0.6089
vn 0.2525 0.9203 -0.2988
vn 0.2690 0.9293 -0.2531
vn 0.7524 -0.5813 -0.3098
vn 0.7772 -0.4847 -0.4013
vn 0.7856 -0.4623 -0.4111
vn 0.7610 -0.5365 -0.3647
vn 0.8166 -0.5770 0.0143
vn 0.9057 -0.4236 0.0180
vn 0.9476 -0.3192 0.0097
vn -0.0033 -0.1097 -0.9940
vn 0.6320 -0.7037 -0.3245
vn 0.5497 -0.7708 -0.3219
vn 0.7278 -0.6098 -0.3139
vn 0.7794 -0.5446 -0.3098
vn 0.8464 -0.4047 -0.3462
vn 0.8963 -0.3071 -0.3199
vn 0.8570 -0.3815 -0.3465
vn -0.9614 -0.2749 -0.0123
vn -0.9327 -0.3605 -0.0120
vn -0.9357 -0.3525 -0.0120
vn 0.4065 -0.1224 0.9054
vn 0.4292 0.0715 0.9004
vn 0.4460 0.0841 0.8911
vn 0.3830 -0.2172 0.8978
vn 0.8313 -0.4617 -0.3095
vn 0.1748 -0.0004 0.9846
vn 0.1975 -0.0004 0.9803
vn 0.2419 -0.0004 0.9703
vn 0.3110 -0.0003 0.9504
vn -0.0757 0.7262 0.6833
vn -0.0553 0.7119 0.7001
vn -0.0010 0.6779 0.7351
vn 0.8968 -0.2639 -0.3551
vn -0.5124 -0.0061 -0.8587
vn -0.4781 -0.0034 -0.8783
vn -0.5826 -0.0118 -0.8127
vn -0.6183 -0.0150 -0.7858
vn -0.6193 -0.0150 -0.7850
vn 0.8101 -0.0110 -0.5862
vn 0.7897 -0.0165 -0.6132
vn 0.7678 -0.0221 -0.6403
vn -0.6892 0.4823 -0.5407
vn -0.6121 0.5082 -0.6058
vn -0.6779 0.1915 -0.7098
vn -0.7272 0.1828 -0.6617
vn -0.7835 0.1784 -0.5952
vn 0.3846 0.3293 -0.8624
vn 0.4766 0.2816 -0.8328
vn 0.4147 -0.0004 -0.9099
vn 0.2862 0.1692 -0.9431
vn 0.2782 0.3344 -0.9004
vn -0.4693 0.5419 -0.6972
vn -0.4624 0.4491 -0.7645
vn -0.4728 0.5499 -0.6885
vn -0.5941 0.7036 -0.3899
vn -0.3979 0.7677 -0.5023
vn -0.9576 0.2250 0.1802
vn -0.9744 0.1183 0.1910
vn -0.9621 0.1967 0.1887
vn -0.9756 0.1286 0.1777
vn 0.7875 0.0025 -0.6164
vn 0.7852 0.0027 -0.6192
vn 0.7006 0.0054 -0.7135
vn 0.6968 0.0054 -0.7172
vn -0.9367 -0.2359 -0.2587
vn -0.8990 -0.3051 -0.3142
vn -0.9319 -0.1925 -0.3075
vn -0.4760 0.2585 0.8406
vn -0.4923 0.1345 0.8600
vn 0.6504 0.7106 -0.2685
vn 0.2762 0.8718 -0.4046
vn 0.5303 0.7635 -0.3686
vn 0.1619 0.8841 -0.4385
vn -0.0019 0.9513 -0.3081
vn 0.0037 0.9621 -0.2726
vn -0.4817 0.7322 -0.4815
vn -0.5888 0.7162 -0.3745
vn -0.6704 0.5248 -0.5246
vn -0.4653 0.7218 -0.5124
vn 0.9145 0.3882 -0.1137
vn 0.9025 0.4043 -0.1484
vn -0.4703 -0.0012 0.8825
vn -0.4581 -0.0001 0.8889
vn -0.4589 -0.0001 0.8885
vn -0.6244 -0.0002 0.7811
vn -0.3907 0.0008 0.9205
vn -0.3927 0.0007 0.9197
vn -0.5556 -0.0088 0.8314
vn 0.9545 0.0086 -0.2980
vn 0.8056 0.4854 0.3398
vn 0.8260 0.4103 0.3865
vn 0.8952 0.1848 0.4055
vn 0.9078 0.1716 0.3827
vn 0.9166 0.1853 0.3542
vn 0.8591 0.3984 0.3213
vn 0.7500 0.5930 -0.2930
vn 0.8135 0.5148 -0.2706
vn -0.7773 0.4096 -0.4776
vn 0.7252 0.6143 -0.3109
vn 0.5570 0.7728 -0.3042
vn 0.3109 0.9226 -0.2284
vn 0.2850 0.9450 -0.1606
vn 0.8791 -0.4767 0.0036
vn 0.8004 -0.5989 0.0240
vn 0.5744 -0.8185 0.0086
vn -0.2281 0.5370 -0.8122
vn -0.9188 -0.1589 -0.3614
vn -0.8968 -0.0947 -0.4322
vn -0.9165 -0.0107 -0.3998
vn 0.0435 0.6701 0.7410
vn -0.0174 0.7083 0.7057
vn 0.0247 0.6708 0.7412
vn -0.1075 0.6209 0.7765
vn 0.8664 0.3964 -0.3036
vn 0.9239 0.3054 -0.2304
vn 0.1126 0.5613 -0.8199
vn 0.1504 0.6734 -0.7238
vn 0.1964 0.6287 -0.7525
vn 0.2595 0.5702 -0.7794
vn 0.1475 0.5306 -0.8347
vn -0.9228 0.2631 0.2814
vn -0.9289 0.2482 0.2748
vn -0.8563 0.3834 0.3459
vn -0.8427 0.4016 0.3585
vn -0.8047 0.3193 -0.5004
vn 0.5250 0.7758 -0.3499
vn 0.4919 0.8069 -0.3270
vn 0.5391 0.7616 -0.3596
vn -0.1690 -0.5360 0.8271
vn -0.1406 -0.2864 0.9477
vn -0.2651 -0.1534 0.9519
vn -0.3100 -0.4168 0.8545
vn 0.4537 -0.1997 -0.8685
vn 0.4152 -0.3121 -0.8545
vn 0.4325 -0.2539 -0.8651
vn 0.4803 -0.1570 -0.8629
vn 0.9371 0.2354 -0.2577
vn -0.3324 0.1041 -0.9374
vn -0.2522 0.3887 -0.8862
vn -0.7492 -0.5706 0.3362
vn -0.6685 -0.6637 0.3354
vn -0.7553 -0.5626 0.3361
vn -0.3825 0.4581 -0.8024
vn -0.4902 0.5356 -0.6876
vn -0.3601 0.5593 -0.7466
vn 0.7825 -0.5472 0.2971
vn 0.8159 -0.5056 0.2804
vn 0.9359 0.2047 -0.2866
vn -0.5154 0.5114 0.6876
vn -0.8460 0.1726 -0.5045
vn -0.8147 0.2280 -0.5331
vn -0.9832 0.0203 -0.1812
vn -0.9024 0.2001 0.3815
vn -0.7842 0.5186 0.3408
vn -0.8413 0.4564 0.2898
vn -0.9225 0.1994 0.3306
vn 0.9490 -0.0314 -0.3137
vn 0.9455 -0.0910 -0.3126
vn 0.9560 -0.1729 -0.2371
vn 0.2091 0.0163 0.9778
vn 0.0606 0.7210 0.6903
vn 0.1202 0.6966 0.7073
vn 0.0986 0.7082 0.6991
vn -0.9640 -0.0784 -0.2541
vn -0.9514 -0.1368 -0.2760
vn -0.9330 -0.0133 -0.3596
vn 0.9734 0.0164 0.2286
vn 0.9721 0.0166 0.2338
vn 0.9790 0.0021 -0.2039
vn -0.9776 -0.1831 -0.1041
vn -0.9776 -0.1245 -0.1696
vn 0.9257 -0.0780 -0.3700
vn 0.9254 -0.0733 -0.3718
vn 0.8929 -0.0031 -0.4503
vn 0.0044 0.0024 1.0000
vn 0.0245 0.1993 0.9796
vn -0.1105 0.1923 0.9751
vn -0.1144 0.0035 0.9934
vn 0.6645 -0.0173 -0.7471
vn 0.6335 -0.0110 -0.7737
vn 0.5483 -0.0067 -0.8363
vn 0.5828 -0.0084 -0.8126
vn 0.6964 -0.0241 -0.7173
vn 0.2685 -0.8575 0.4388
vn 0.2179 -0.8253 0.5210
vn 0.1348 -0.9124 0.3864
vn 0.2342 -0.9229 0.3056
vn 0.6354 0.6082 -0.4758
vn 0.6832 0.5205 -0.5121
vn 0.7297 0.4226 -0.5375
vn 0.7059 0.4214 -0.5693
vn 0.6259 0.5193 -0.5819
vn -0.7102 0.6952 0.1108
vn -0.6793 0.7201 0.1414
vn 0.9744 0.0013 -0.2249
vn 0.2423 0.6343 0.7342
vn 0.2429 0.5726 0.7830
vn 0.2760 0.7229 0.6334
vn 0.9896 -0.1017 0.1019
vn 0.9936 -0.1002 0.0514
vn 0.9998 0.0042 0.0182
vn -0.2220 -0.6703 0.7081
vn -0.1933 -0.7051 0.6823
vn -0.0689 -0.7881 0.6117
vn -0.1075 -0.7504 0.6522
vn -0.9714 0.0004 -0.2374
vn 0.0608 -0.0394 -0.9974
vn 0.1283 -0.1200 -0.9845
vn 0.1283 -0.0006 -0.9917
vn 0.0606 -0.0018 -0.9982
vn 0.9274 0.0060 0.3739
vn -0.9699 0.0002 -0.2435
vn -0.7079 0.4201 0.5678
vn -0.7166 0.3657 0.5939
vn -0.7077 0.3444 0.6169
vn -0.6981 0.4670 0.5428
vn -0.7002 0.4755 0.5326
vn -0.6719 0.0004 0.7406
vn -0.7345 0.0003 0.6786
vn -0.6838 -0.0016 0.7297
vn -0.6032 0.0022 0.7976
vn 0.6185 0.0979 -0.7797
vn 0.7299 0.0988 -0.6764
vn 0.7807 0.1220 -0.6129
vn 0.6328 0.0952 -0.7684
vn 0.0089 0.0377 -0.9992
vn 0.0572 0.0286 -0.9980
vn 0.1285 0.0150 -0.9916
vn -0.9710 0.0543 0.2327
vn -0.9455 0.1538 0.2870
vn -0.9819 0.0022 0.1891
vn -0.9419 0.0020 0.3358
vn -0.9210 0.0019 0.3896
vn 0.1744 -0.6294 -0.7573
vn 0.2533 -0.5493 -0.7963
vn 0.2107 -0.5939 -0.7764
vn 0.0087 -0.8070 -0.5905
vn 0.1423 -0.6694 -0.7291
vn -0.0013 -0.8158 -0.5783
vn -0.0932 0.1186 0.9886
vn -0.1024 0.2511 0.9625
vn -0.1114 0.1488 0.9826
vn -0.0760 0.2152 0.9736
vn -0.8914 -0.3842 -0.2402
vn -0.9160 -0.3238 -0.2366
vn -0.8728 -0.4150 -0.2567
vn -0.8330 -0.4755 -0.2830
vn 0.2364 -0.5367 0.8100
vn 0.0262 -0.8226 0.5680
vn 0.0864 -0.8285 0.5532
vn 0.1858 -0.6792 0.7100
vn 0.0089 -0.7962 0.6050
vn 0.0058 -0.7155 0.6986
vn 0.0121 -0.8674 0.4975
vn 0.0004 -0.9674 -0.2533
vn 0.0003 -0.8052 -0.5930
vn 0.0025 -0.9311 -0.3647
vn 0.4017 0.7844 0.4726
vn 0.4773 0.6892 0.5451
vn 0.5395 0.7342 0.4121
vn 0.4610 0.7937 0.3970
vn -0.5671 0.3970 -0.7217
vn -0.8824 -0.0005 -0.4706
vn -0.9195 -0.0031 -0.3930
vn -0.8813 -0.0004 -0.4726
vn 0.8333 0.1925 -0.5182
vn 0.8913 -0.0028 -0.4534
vn 0.8388 0.1081 -0.5335
vn 0.5430 0.4768 -0.6913
vn 0.6341 0.2216 -0.7408
vn 0.3028 0.7719 -0.5590
vn 0.2400 0.7483 -0.6184
vn 0.2700 0.7868 -0.5550
vn 0.3395 -0.5452 -0.7664
vn 0.0960 0.7076 -0.7001
vn 0.0419 0.8103 -0.5846
vn -0.0120 0.7984 -0.6020
vn 0.0281 0.9359 -0.3513
vn -0.0878 0.0117 -0.9961
vn -0.0987 0.0018 -0.9951
vn -0.0811 -0.0114 -0.9966
vn -0.1084 0.0210 -0.9939
vn -0.0188 -0.0198 -0.9996
vn -0.4314 0.6890 0.5823
vn -0.5122 0.5536 0.6567
vn -0.4598 0.6024 0.6525
vn -0.4405 0.6420 0.6275
vn 0.2411 0.8011 0.5478
vn 0.1762 0.9369 0.3021
vn 0.1075 0.9311 0.3487
vn 0.2214 0.8016 0.5553
vn -0.2688 -0.7129 -0.6477
vn 0.1963 -0.0013 -0.9805
vn -0.3650 -0.4698 0.8038
vn -0.3114 -0.5687 0.7613
vn -0.3232 -0.5429 0.7751
vn -0.3729 -0.4354 0.8194
vn 0.8659 -0.3103 -0.3923
vn 0.7987 0.0634 -0.5984
vn 0.0709 0.0013 0.9975
vn -0.0297 -0.0017 0.9996
vn 0.0613 0.0011 0.9981
vn 0.0690 -0.0240 0.9973
vn 0.0531 -0.0226 0.9983
vn 0.3031 0.4513 -0.8393
vn 0.3593 0.2199 -0.9069
vn 0.2989 0.2053 -0.9319
vn 0.3760 -0.1381 -0.9163
vn 0.4317 -0.1630 -0.8872
vn 0.4652 -0.1588 -0.8708
vn 0.5311 -0.0986 -0.8415
vn 0.4526 -0.1724 -0.8749
vn 0.0796 -0.9968 -0.0005
vn 0.0351 -0.9948 -0.0951
vn 0.6480 -0.0015 -0.7617
vn 0.6595 -0.0017 -0.7517
vn 0.5649 -0.0005 -0.8252
vn 0.6129 -0.0008 -0.7902
vn 0.2458 0.5924 -0.7672
vn 0.3190 0.5598 -0.7648
vn -0.1225 0.1619 0.9792
vn -0.1230 0.3410 0.9320
vn 0.2245 -0.0049 -0.9745
vn 0.3040 0.0022 -0.9527
vn 0.1425 -0.0121 -0.9897
vn -0.3072 0.8608 0.4059
vn -0.3516 0.7208 0.5974
vn -0.2314 0.8276 0.5113
vn -0.1941 0.9235 0.3307
vn -0.6372 0.6641 0.3910
vn -0.7234 0.6013 0.3393
vn -0.7810 0.5376 0.3179
vn -0.4049 -0.1658 0.8992
vn -0.4238 -0.1899 0.8856
vn -0.4384 -0.2486 0.8637
vn -0.3930 -0.1597 0.9056
vn -0.2712 -0.0672 0.9602
vn 0.1391 0.3354 -0.9318
vn 0.2697 -0.8774 -0.3968
vn 0.1005 -0.9485 -0.3004
vn 0.4879 -0.7957 -0.3588
vn 0.5568 -0.7491 -0.3589
vn -0.7620 -0.3504 0.5446
vn -0.7855 -0.4192 0.4553
vn -0.8521 -0.2378 0.4663
vn -0.7840 -0.1801 0.5941
vn 0.9487 -0.1989 0.2458
vn 0.9056 -0.1057 0.4107
vn 0.9632 -0.0175 0.2683
vn 0.8866 -0.1026 0.4510
vn 0.0322 0.3972 -0.9172
vn -0.0010 0.1590 -0.9873
vn -0.0867 0.3817 -0.9202
vn -0.1307 0.1474 -0.9804
vn -0.1836 -0.0002 0.9830
vn 0.0195 0.0001 0.9998
vn 0.0200 0.0001 0.9998
vn -0.1568 -0.0000 0.9876
vn 0.0702 -0.0166 -0.9974
vn 0.0060 -0.0114 -0.9999
vn 0.0219 -0.0127 -0.9997
vn 0.1158 -0.0122 -0.9932
vn 0.1594 -0.0079 -0.9872
vn 0.6732 -0.6769 -0.2977
vn 0.7177 -0.6280 -0.3008
vn -0.1574 -0.0042 -0.9875
vn -0.2723 -0.0010 -0.9622
vn -0.2355 -0.0020 -0.9719
vn 0.1528 0.5814 -0.7992
vn 0.1272 0.7394 -0.6612
vn 0.1523 0.5833 -0.7978
vn -0.8265 0.0034 0.5629
vn -0.8033 0.0100 0.5955
vn -0.7625 0.0208 0.6466
vn -0.7461 -0.5862 -0.3158
vn -0.7927 -0.5259 -0.3083
vn -0.7040 -0.6539 -0.2771
vn -0.9828 0.0047 -0.1845
vn -0.9873 0.0089 -0.1584
vn -0.9979 0.0243 -0.0599
vn 0.9998 0.0015 0.0188
vn 0.9926 -0.0055 0.1215
vn 0.9931 -0.0057 0.1167
vn 0.9988 -0.0023 -0.0483
vn -0.1948 -0.0100 -0.9808
vn 0.0419 -0.1762 -0.9835
vn -0.0788 -0.0127 -0.9968
vn 0.0069 0.7444 -0.6677
vn 0.2951 0.8081 -0.5098
vn 0.3794 0.6905 -0.6159
vn 0.2144 0.6813 -0.6999
vn -0.2851 -0.5629 -0.7758
vn -0.2732 -0.5064 -0.8179
vn -0.2541 -0.3981 -0.8814
vn -0.2488 -0.4376 -0.8640
vn 0.5104 0.4492 -0.7333
vn 0.4838 0.5742 -0.6605
vn 0.6176 0.7863 -0.0143
vn 0.6317 0.7681 -0.1049
vn 0.5927 0.8008 -0.0868
vn -0.5289 0.6136 0.5863
vn -0.7780 0.5558 0.2931
vn -0.6152 0.5313 0.5825
vn -0.5411 0.5822 0.6069
vn -0.5143 0.6476 0.5623
vn 0.2504 -0.9063 -0.3406
vn 0.0101 -0.9312 -0.3644
vn 0.4200 0.4950 -0.7607
vn 0.5390 0.3938 -0.7446
vn 0.2070 -0.0039 -0.9783
vn 0.1053 -0.0488 -0.9932
vn 0.2073 -0.0038 -0.9783
vn -0.7097 -0.6421 -0.2898
vn 0.3954 -0.8619 -0.3173
vn 0.5684 0.1276 -0.8128
vn 0.5378 0.2342 -0.8099
vn -0.5273 0.4602 -0.7143
vn -0.5684 0.1778 -0.8033
vn 0.8448 -0.3604 -0.3955
vn 0.8649 -0.3043 -0.3993
vn 0.8362 -0.2372 -0.4945
vn 0.8265 -0.3877 -0.4081
vn 0.3607 0.5848 -0.7265
vn 0.3654 0.4573 -0.8108
vn -0.6032 0.7942 0.0729
vn -0.4598 0.8127 0.3579
vn -0.0744 0.7893 0.6095
vn -0.2513 0.9295 0.2698
vn 0.4822 0.4418 -0.7565
vn 0.4894 0.3617 -0.7935
vn 0.4605 0.4924 -0.7386
vn -0.7978 -0.5209 -0.3035
vn -0.7620 -0.5617 -0.3222
vn -0.7188 -0.6436 0.2629
vn -0.7807 -0.5078 0.3641
vn -0.7582 -0.5454 0.3573
vn -0.7355 -0.5997 0.3153
vn -0.3577 0.5144 -0.7794
vn -0.3405 0.4622 -0.8188
vn -0.4124 0.4030 -0.8170
vn 0.9793 0.2022 0.0051
vn 0.9417 0.3292 0.0688
vn 0.9390 0.3354 0.0756
vn 0.9664 0.2550 0.0318
vn 0.3380 0.9407 0.0298
vn 0.5676 0.7924 0.2233
vn 0.7356 0.6112 0.2922
vn 0.5785 0.7783 0.2442
vn 0.5465 0.7977 -0.2549
vn 0.4425 0.8777 -0.1839
vn 0.6127 0.7305 -0.3016
vn -0.0286 0.9133 -0.4062
vn 0.0067 0.8551 -0.5185
vn 0.0123 0.8444 -0.5356
vn -0.0367 0.9246 -0.3791
vn -0.3670 -0.0007 0.9302
vn -0.3675 -0.0008 0.9300
vn -0.4231 -0.0065 0.9061
vn 0.5223 0.1811 -0.8333
vn -0.0550 0.4895 0.8703
vn -0.3198 0.4572 0.8299
vn -0.1185 0.4627 0.8785
vn -0.2959 -0.3539 0.8873
vn -0.3290 -0.3105 0.8919
vn -0.3684 -0.2365 0.8991
vn -0.3622 -0.2500 0.8980
vn 0.0517 -0.0649 -0.9966
vn -0.0417 -0.0229 -0.9989
vn -0.5617 0.7139 -0.4181
vn -0.6156 0.5790 -0.5346
vn -0.5538 0.7528 -0.3557
vn -0.7244 0.4830 -0.4919
vn -0.7844 0.3936 -0.4794
vn -0.1748 0.1611 -0.9713
vn -0.1505 0.3923 -0.9074
vn 0.5128 0.1268 -0.8491
vn -0.5195 0.0625 -0.8522
vn -0.5443 0.1322 -0.8284
vn -0.5416 0.3066 -0.7827
vn -0.5212 0.0559 -0.8516
vn -0.9192 -0.3939 0.0012
vn -0.8864 -0.4630 0.0033
vn -0.7853 -0.6192 0.0014
vn -0.7579 -0.6503 -0.0517
vn -0.8767 0.1558 -0.4551
vn -0.8651 0.1954 -0.4620
vn 0.9029 0.3677 -0.2227
vn 0.9226 0.3198 -0.2158
vn 0.9703 0.1606 -0.1808
vn 0.5842 -0.3400 0.7369
vn 0.5779 -0.4488 0.6816
vn 0.5280 -0.3562 0.7710
vn 0.5394 -0.1529 0.8280
vn -0.0596 -0.0645 -0.9961
vn 0.9717 0.0639 -0.2276
vn 0.0351 -0.0258 -0.9991
vn 0.0759 0.0126 -0.9970
vn -0.0215 -0.0193 -0.9996
vn 0.0896 -0.0408 -0.9951
vn 0.9893 0.0026 -0.1459
vn -0.6065 0.5849 0.5386
vn 0.7893 0.2834 -0.5447
vn 0.8185 0.1188 -0.5621
vn -0.2065 0.6529 0.7287
vn -0.1899 0.7189 0.6686
vn -0.2999 0.7356 0.6073
vn -0.3308 0.6711 0.6635
vn -0.3898 -0.0000 -0.9209
vn -0.4552 -0.0009 -0.8904
vn -0.3969 -0.0001 -0.9179
vn -0.2212 0.7535 -0.6191
vn -0.2776 0.6021 -0.7486
vn -0.2803 0.6877 -0.6697
vn -0.8490 0.1308 0.5119
vn -0.8436 0.1476 0.5163
vn -0.7366 0.3861 0.5553
vn -0.8453 0.0843 0.5277
vn -0.8401 0.0424 0.5407
vn -0.2746 0.4078 -0.8708
vn 0.0080 -0.4002 0.9164
vn 0.0081 -0.4076 0.9131
vn 0.0075 -0.2725 0.9621
vn 0.0075 -0.2634 0.9647
vn -0.1416 0.5015 -0.8535
vn -0.1291 0.6442 -0.7539
vn 0.0522 -0.0098 0.9986
vn 0.1411 -0.0363 0.9893
vn 0.1047 -0.0254 0.9942
vn 0.6408 0.2333 -0.7314
vn 0.5993 0.1495 -0.7865
vn 0.6019 0.2376 -0.7624
vn 0.6392 0.1393 -0.7563
vn 0.0289 -0.9483 -0.3159
vn 0.1279 -0.1297 -0.9833
vn 0.1750 -0.4589 -0.8711
vn 0.1120 -0.0356 -0.9931
vn -0.0166 0.2294 -0.9732
vn -0.0229 0.2067 -0.9781
vn -0.1052 -0.1181 -0.9874
vn -0.0820 -0.0151 -0.9965
vn -0.8798 -0.1570 -0.4488
vn -0.8840 -0.0948 -0.4578
vn -0.8569 -0.2969 -0.4213
vn -0.4284 0.8337 0.3485
vn -0.4240 0.8370 0.3458
vn -0.3887 0.8183 0.4233
vn -0.2162 -0.9763 -0.0064
vn -0.0673 -0.9964 -0.0509
vn -0.1212 -0.9923 0.0242
vn -0.0034 1.0000 -0.0018
vn 0.0025 0.9999 -0.0133
vn 0.0013 1.0000 -0.0053
vn 0.5338 0.1177 -0.8374
vn -0.3380 0.6092 -0.7173
vn -0.2830 0.7608 -0.5840
vn -0.5296 0.3008 0.7931
vn -0.4992 0.3354 0.7989
vn -0.5491 0.0889 0.8310
vn -0.5555 0.1267 0.8218
vn 0.3034 0.7322 -0.6098
vn -0.1282 0.0023 -0.9917
vn -0.1817 0.0014 -0.9834
vn -0.8839 0.1885 -0.4280
vn -0.8797 0.2320 -0.4151
vn -0.8863 0.1442 -0.4401
vn -0.1467 0.2894 -0.9459
vn -0.2644 0.1988 -0.9437
vn -0.3626 0.2599 -0.8950
vn -0.1748 0.4420 -0.8798
vn -0.0823 0.7900 -0.6076
vn 0.0480 0.7954 -0.6041
vn 0.4070 -0.8270 0.3878
vn 0.3733 -0.8113 0.4498
vn 0.3856 -0.8174 0.4279
vn -0.4005 0.7968 0.4524
vn -0.4611 0.7911 0.4020
vn -0.5258 0.7489 0.4034
vn -0.5593 0.6885 0.4617
vn -0.4601 0.7123 0.5300
vn 0.9397 -0.3397 0.0385
vn 0.8835 -0.4683 0.0103
vn 0.8867 -0.4622 0.0105
vn 0.9524 -0.3049 0.0065
vn 0.9595 -0.2787 0.0404
vn -0.4519 0.0389 -0.8912
vn -0.4261 0.1008 -0.8990
vn -0.4037 0.1478 -0.9029
vn -0.4259 0.0767 -0.9015
vn -0.3999 0.1592 -0.9026
vn 0.5793 -0.8151 0.0061
vn 0.2307 -0.9730 0.0004
vn 0.3876 -0.9218 -0.0032
vn -0.2200 -0.9755 -0.0059
vn -0.6039 -0.7970 -0.0125
vn -0.3485 -0.9373 -0.0058
vn -0.5346 0.1235 0.8360
vn -0.4240 -0.3772 0.8234
vn -0.5552 -0.3296 0.7636
vn -0.3866 -0.6118 0.6901
vn 0.5219 0.0002 -0.8530
vn -0.3277 -0.1629 -0.9306
vn -0.3436 -0.1221 -0.9311
vn -0.4280 -0.0313 -0.9032
vn -0.3129 -0.1533 -0.9373
vn -0.4027 -0.2396 -0.8834
vn 0.4766 0.6907 -0.5438
vn 0.4258 0.6819 -0.5947
vn -0.4174 0.7390 -0.5289
vn -0.4933 0.5927 -0.6367
vn -0.4619 0.7056 -0.5374
vn 0.9364 0.2993 -0.1830
vn 0.9700 0.1375 -0.2007
vn 0.9344 0.2998 -0.1923
vn 0.9693 0.1658 -0.1817
vn 0.3815 0.7670 -0.5160
vn -0.6955 -0.0001 -0.7185
vn -0.7893 -0.0002 -0.6140
vn -0.7798 -0.0002 -0.6261
vn -0.7816 -0.0002 -0.6238
vn 0.5732 0.4307 0.6971
vn 0.6759 0.4761 0.5625
vn -0.8254 0.5339 0.1833
vn -0.7691 0.5834 0.2608
vn -0.6177 0.7380 0.2717
vn -0.7470 0.6145 0.2538
vn -0.5059 0.4023 -0.7630
vn -0.5029 0.4196 -0.7556
vn -0.5267 0.1861 -0.8294
vn -0.5272 0.1720 -0.8322
vn 0.2103 0.7391 0.6400
vn 0.4996 0.6573 0.5642
vn 0.5203 0.6823 0.5136
vn 0.2159 -0.0069 0.9764
vn -0.8544 -0.1804 0.4873
vn -0.9252 -0.0908 0.3683
vn -0.9115 -0.0256 0.4106
vn 0.9397 -0.0287 0.3407
vn 0.9895 0.1006 0.1037
vn 0.9908 0.1241 0.0547
vn 0.9932 0.1145 -0.0224
vn 0.9932 -0.0142 -0.1154
vn -0.5575 0.4686 -0.6853
vn -0.5348 0.5438 -0.6467
vn -0.5341 0.0007 -0.8455
vn -0.4542 0.2901 -0.8424
vn -0.5204 0.2264 -0.8233
vn -0.4405 0.3024 -0.8453
vn -0.0065 0.4902 0.8716
vn -0.1187 0.4324 0.8939
vn -0.1475 0.2117 0.9661
vn -0.8465 0.2035 -0.4919
vn -0.8477 0.1004 -0.5209
vn -0.8419 0.1773 -0.5097
vn -0.8599 0.1260 -0.4947
vn 0.8547 -0.0001 0.5191
vn 0.7957 -0.0004 0.6057
vn 0.7704 -0.0004 0.6376
vn 0.7569 -0.0003 0.6536
vn 0.8298 -0.0002 0.5580
vn 0.7750 0.3522 0.5247
vn 0.7716 0.3831 0.5078
vn 0.7873 0.1359 0.6014
vn 0.7882 0.1010 0.6071
vn 0.3461 0.0943 0.9335
vn 0.3669 0.0926 0.9256
vn 0.2444 0.1041 0.9641
vn 0.2129 0.1082 0.9711
vn -0.2746 0.7374 -0.6171
vn -0.2570 0.7282 -0.6354
vn -0.2343 0.7156 -0.6581
vn -0.7398 -0.0177 -0.6726
vn -0.7053 -0.0111 -0.7088
vn -0.6781 -0.0113 -0.7348
vn -0.6520 -0.0115 -0.7581
vn -0.7531 -0.0108 -0.6578
vn -0.8652 0.0038 0.5015
vn -0.8721 -0.0513 0.4867
vn -0.9510 -0.0019 0.3091
vn -0.9068 0.0545 0.4180
vn -0.9770 0.0434 0.2087
vn 0.4407 0.0950 0.8926
vn -0.6060 0.6562 -0.4496
vn -0.5416 0.7091 -0.4515
vn -0.6644 0.5678 -0.4861
vn -0.9677 -0.2523 0.0016
vn 0.7738 0.0101 0.6333
vn 0.6714 0.0333 0.7403
vn 0.7178 0.1060 0.6881
vn 0.7546 -0.5702 -0.3248
vn 0.8113 -0.4811 -0.3323
vn 0.8215 -0.4633 -0.3324
vn 0.7758 -0.5387 -0.3287
vn -0.0035 1.0000 -0.0050
vn 0.8739 -0.1775 0.4525
vn 0.8593 -0.0689 0.5069
vn 0.8537 -0.0576 0.5176
vn 0.9588 0.1740 0.2246
vn 0.9581 0.1777 0.2245
vn 0.9737 0.0008 0.2278
vn 0.8246 -0.2539 0.5055
vn -0.3054 0.7642 0.5681
vn -0.1819 0.7538 0.6315
vn -0.2043 0.7672 0.6080
vn -0.2240 0.7691 0.5986
vn -0.1601 -0.9657 0.2045
vn -0.0935 -0.9499 0.2982
vn -0.2581 -0.9150 0.3101
vn 0.4003 0.1089 -0.9099
vn 0.4054 0.2152 -0.8885
vn 0.4011 0.1208 -0.9080
vn 0.4184 0.0823 -0.9045
vn 0.4761 0.0321 -0.8788
vn -0.3394 -0.8837 0.3223
vn -0.3465 -0.7616 0.5476
vn -0.3087 -0.7104 0.6325
vn -0.3142 -0.9231 0.2218
vn 0.9999 0.0048 0.0115
vn 0.9950 -0.0996 0.0060
vn -0.8388 -0.0031 0.5445
vn -0.8240 -0.0054 0.5665
vn -0.7799 -0.0135 0.6258
vn -0.8378 -0.0039 0.5460
vn -0.8197 -0.3906 0.4190
vn -0.8005 -0.4268 0.4208
vn 0.2502 -0.2754 0.9282
vn 0.2502 -0.2753 0.9282
vn 0.2498 -0.4127 0.8759
vn 0.2516 -0.3918 0.8850
vn 0.3497 0.7849 0.5115
vn 0.3883 0.7078 0.5902
vn 0.3889 0.7062 0.5916
vn -0.7840 -0.0004 0.6207
vn 0.6677 0.6718 0.3206
vn 0.4595 0.7164 0.5249
vn 0.3387 0.6436 0.6864
vn 0.6696 -0.0006 0.7428
vn 0.6546 -0.0005 0.7560
vn 0.7666 -0.0016 0.6421
vn 0.7753 -0.0017 0.6316
vn -0.7294 -0.0009 -0.6841
vn -0.6170 0.1436 -0.7738
vn -0.6356 -0.0004 -0.7720
vn 0.4499 -0.5634 -0.6929
vn 0.4480 -0.5554 -0.7006
vn 0.4405 -0.5248 -0.7284
vn -0.6658 0.0368 -0.7452
vn -0.6696 0.0183 -0.7425
vn -0.6662 -0.0072 -0.7457
vn -0.1782 -0.6864 -0.7050
vn 0.2390 -0.6500 -0.7214
vn 0.0543 -0.7010 -0.7111
vn -0.3347 -0.6429 -0.6890
vn -0.3893 -0.6062 -0.6935
vn -0.3353 -0.2008 -0.9205
vn -0.3381 -0.1064 -0.9351
vn -0.3182 -0.3525 -0.8800
vn 0.4598 -0.6091 -0.6462
vn -0.4197 0.1827 -0.8891
vn -0.4106 0.1598 -0.8977
vn -0.3866 -0.1837 -0.9038
vn -0.3987 -0.0920 -0.9125
vn -0.8169 -0.5697 0.0902
vn -0.8607 -0.5041 0.0707
vn -0.8020 -0.5895 0.0963
vn -0.7947 -0.6068 -0.0180
vn -0.8047 -0.5860 0.0953
vn 0.2771 0.4653 -0.8406
vn 0.3620 0.5991 -0.7141
vn 0.8409 -0.0074 0.5412
vn 0.8319 0.0006 0.5550
vn -0.7235 -0.0047 0.6903
vn -0.7486 -0.0029 0.6630
vn -0.4848 0.0306 -0.8741
vn 0.5696 0.0040 -0.8219
vn -0.2844 0.0035 -0.9587
vn -0.2776 0.0032 -0.9607
vn -0.3294 0.1452 -0.9330
vn 0.8088 0.5271 -0.2608
vn 0.7656 0.5732 -0.2920
vn -0.2959 0.2405 -0.9245
vn 0.4948 -0.6339 0.5944
vn 0.5811 -0.5938 0.5565
vn 0.5141 -0.6242 0.5883
vn -0.7480 -0.3257 0.5784
vn -0.8626 -0.1558 -0.4813
vn -0.7955 -0.0920 -0.5990
vn -0.8356 -0.1884 -0.5161
vn -0.8777 -0.1541 -0.4538
vn 0.4965 0.3191 -0.8073
vn 0.4548 0.4151 -0.7879
vn 0.5075 0.1759 -0.8435
vn 0.5707 0.0540 -0.8194
vn 0.7858 0.0025 -0.6185
vn 0.7593 0.1787 -0.6257
vn 0.8011 0.1687 -0.5743
vn 0.8160 0.0036 -0.5780
vn -0.2443 0.3389 -0.9086
vn -0.6854 -0.5244 0.5053
vn -0.7359 -0.5731 0.3606
vn 0.4247 -0.9034 0.0584
vn 0.4539 -0.8824 0.1239
vn 0.2626 -0.9553 0.1360
vn 0.4589 0.5520 -0.6962
vn 0.3887 0.6585 -0.6444
vn -0.3088 0.0842 -0.9474
vn -0.6739 0.2560 -0.6930
vn -0.6582 0.3037 -0.6889
vn -0.6220 0.4303 -0.6542
vn -0.6168 0.4571 -0.6408
vn 0.9319 -0.0000 0.3627
vn 0.8987 -0.0000 0.4385
vn 0.8989 -0.0000 0.4381
vn 0.9520 -0.0003 0.3061
vn 0.9692 0.0010 0.2462
vn 0.9539 0.0005 0.3000
vn 0.4582 0.1736 -0.8718
vn 0.4297 0.3411 -0.8361
vn 0.4520 0.1144 -0.8846
vn 0.4173 0.3997 -0.8161
vn -0.1779 0.5628 -0.8072
vn -0.2266 0.4656 -0.8555
vn 0.2635 0.7279 0.6331
vn 0.2670 0.7292 0.6301
vn 0.2323 0.7160 0.6583
vn 0.3813 0.4826 -0.7885
vn 0.3550 0.5795 -0.7336
vn -0.2083 0.1010 0.9728
vn -0.6956 0.7173 0.0402
vn -0.5969 0.7986 0.0767
vn -0.5944 0.8023 -0.0549
vn -0.7214 0.6912 -0.0421
vn -0.2930 0.2076 0.9333
vn -0.0623 0.0415 0.9972
vn 0.0059 0.0020 1.0000
vn 0.8474 -0.0028 0.5309
vn 0.2301 0.6655 -0.7101
vn -0.8266 0.0006 -0.5628
vn 0.5713 0.7040 -0.4219
vn 0.7128 0.6920 -0.1140
vn 0.7191 0.6731 -0.1729
vn 0.6431 0.7368 -0.2088
vn 0.8279 -0.2837 -0.4838
vn 0.8317 -0.3305 -0.4462
vn 0.8482 -0.1830 -0.4971
vn 0.8470 -0.1859 -0.4980
vn 0.1485 -0.0157 -0.9888
vn 0.0784 -0.0108 -0.9969
vn 0.1154 -0.0134 -0.9932
vn -0.8460 0.5332 -0.0047
vn -0.9912 0.1162 -0.0636
vn -0.9889 0.0942 0.1145
vn -0.9561 0.2518 0.1500
vn 0.2547 -0.5451 0.7988
vn 0.2569 -0.5620 0.7863
vn 0.2448 -0.7093 0.6610
vn 0.2527 -0.7367 0.6272
vn 0.6912 0.0003 -0.7226
vn 0.6965 -0.0405 -0.7164
vn 0.7298 -0.0392 -0.6826
vn 0.7293 -0.0054 -0.6842
vn 0.7462 -0.0083 -0.6657
vn 0.7961 -0.0008 -0.6051
vn 0.7331 0.0004 -0.6802
vn 0.6533 0.0002 -0.7571
vn 0.5853 -0.0005 -0.8108
vn 0.5594 0.0007 -0.8289
vn 0.0607 -0.0075 0.9981
vn -0.0320 -0.0124 0.9994
vn -0.0199 -0.0112 0.9997
vn 0.0818 -0.0078 0.9966
vn -0.6526 -0.7262 0.2161
vn -0.5399 -0.8407 0.0406
vn -0.6157 -0.7786 0.1211
vn 0.6152 -0.7818 0.1011
vn 0.6068 -0.7923 0.0645
vn -0.4338 -0.8997 -0.0476
vn -0.7755 0.1414 0.6153
vn -0.7587 0.2257 0.6111
vn 0.4315 -0.8989 -0.0762
vn -0.3113 0.0706 -0.9477
vn -0.3152 0.1715 -0.9334
vn -0.3147 0.1016 -0.9437
vn -0.3298 0.1851 -0.9257
vn -0.7068 0.1435 -0.6927
vn 0.6790 0.0758 -0.7302
vn 0.6031 0.0106 -0.7976
vn 0.7397 0.0211 -0.6726
vn 0.7408 0.3888 0.5478
vn 0.6253 0.5739 0.5288
vn 0.6184 0.4570 0.6393
vn -0.4316 0.0760 0.8988
vn -0.7282 0.1824 0.6607
vn 0.5972 0.0012 -0.8021
vn 0.6533 -0.3287 0.6820
vn 0.5894 -0.5151 0.6223
vn 0.6285 -0.4413 0.6405
vn -0.9997 -0.0010 0.0239
vn -0.9929 -0.0008 0.1188
vn -0.9981 -0.0032 0.0616
vn -0.5147 -0.7571 0.4024
vn -0.8696 -0.4476 0.2083
vn -0.4681 0.0460 0.8825
vn -0.4796 0.0356 0.8767
vn -0.5066 0.0391 0.8613
vn 0.1038 -0.9930 0.0561
vn -0.4148 -0.8526 0.3177
vn -0.4020 -0.8770 0.2631
vn 0.3388 0.7843 -0.5197
vn 0.1783 0.8351 -0.5205
vn -0.0981 0.3115 0.9452
vn -0.1483 0.3576 0.9220
vn -0.2560 0.2107 0.9434
vn -0.1561 0.0611 0.9858
vn -0.0382 0.7784 -0.6266
vn -0.1893 0.7430 -0.6420
vn -0.6467 0.5617 -0.5161
vn -0.6665 0.5108 -0.5430
vn -0.7134 0.4673 -0.5221
vn 0.3635 0.7321 -0.5761
vn 0.0892 0.8369 -0.5400
vn 0.1799 0.7514 -0.6348
vn -0.1763 0.5614 -0.8085
vn -0.0918 0.7407 -0.6655
vn -0.1614 0.5600 -0.8126
vn 0.4467 -0.0048 -0.8946
vn 0.3811 -0.0062 -0.9245
vn 0.3825 -0.0062 -0.9239
vn 0.0568 0.7727 -0.6322
vn -0.0396 0.8641 -0.5017
vn 0.0869 0.8012 -0.5921
vn -0.5481 0.3665 0.7518
vn -0.4599 0.4972 0.7358
vn -0.5266 0.4954 0.6908
vn -0.5766 0.4063 0.7089
vn -0.8680 0.4841 -0.1111
vn -0.8889 0.4513 -0.0790
vn -0.8920 0.4436 -0.0866
vn -0.9144 0.4047 -0.0072
vn -0.8886 0.4525 -0.0756
vn -0.8537 0.5040 -0.1311
vn -0.0208 0.7836 -0.6209
vn 0.1416 0.8686 -0.4748
vn 0.8466 0.1234 -0.5178
vn 0.9040 0.1066 -0.4141
vn 0.9019 0.1069 -0.4186
vn 0.8485 0.1227 -0.5148
vn 0.6445 -0.0026 -0.7646
vn 0.7228 -0.1385 -0.6771
vn -0.6851 -0.0043 -0.7284
vn -0.6971 -0.0772 -0.7128
vn -0.6032 -0.0054 -0.7976
vn 0.0353 0.0022 0.9994
vn 0.0325 0.0381 0.9987
vn 0.0021 0.3203 0.9473
vn 0.0483 -0.0409 0.9980
vn 0.8941 0.0895 0.4389
vn 0.9025 0.0194 0.4303
vn 0.8418 -0.0019 0.5397
vn 0.9047 0.0079 0.4260
vn 0.5994 -0.7785 0.1862
vn 0.4964 -0.8635 0.0889
vn 0.6574 -0.7196 0.2235
vn 0.3513 -0.9363 -0.0032
vn -0.8171 -0.0049 -0.5765
vn -0.8357 -0.0047 -0.5491
vn -0.8949 0.0003 -0.4463
vn -0.8758 -0.0014 -0.4827
vn -0.8014 -0.0051 -0.5981
vn -0.1351 -0.9892 -0.0571
vn 0.3031 -0.9453 -0.1207
vn -0.9116 -0.2538 -0.3235
vn -0.9151 -0.2211 -0.3372
vn -0.9402 -0.1641 -0.2983
vn -0.3364 0.1021 -0.9362
vn -0.3300 0.1564 -0.9309
vn 0.1654 0.5244 0.8352
vn 0.0581 0.6012 0.7970
vn -0.1700 0.6488 0.7417
vn 0.1675 0.4322 0.8861
vn 0.1662 0.4975 0.8514
vn 0.8377 0.5011 -0.2174
vn 0.8922 0.4174 0.1725
vn -0.5010 -0.6927 -0.5188
vn -0.5072 -0.6912 -0.5147
vn -0.6332 -0.4391 -0.6373
vn -0.6809 -0.2887 0.6731
vn -0.6224 -0.4718 0.6246
vn -0.6218 -0.4774 0.6208
vn -0.4459 -0.2470 -0.8603
vn -0.4099 -0.1528 -0.8992
vn -0.4365 -0.1910 -0.8792
vn -0.4354 -0.2750 -0.8572
vn -0.3875 -0.3880 -0.8363
vn 0.3041 -0.5822 -0.7541
vn 0.3165 -0.8470 -0.4272
vn 0.2534 -0.9076 -0.3348
vn -0.9046 0.1071 -0.4126
vn -0.9010 0.0627 -0.4292
vn -0.8987 0.0428 -0.4364
vn 0.0536 -0.9986 -0.0007
vn -0.0344 -0.9955 -0.0883
vn 0.9893 0.1124 0.0930
vn 0.9213 0.2757 0.2742
vn 0.9759 0.0738 0.2052
vn 0.9080 0.1353 0.3966
vn 0.9146 0.0711 0.3981
vn 0.9619 -0.0744 0.2630
vn 0.9256 -0.0091 0.3784
vn -0.0731 0.9959 -0.0533
vn -0.0392 0.9992 0.0001
vn -0.0344 0.9994 0.0076
vn -0.0826 0.9942 -0.0684
vn 0.3823 0.8463 -0.3709
vn 0.3446 0.8874 -0.3063
vn 0.2137 0.9723 -0.0946
vn 0.1544 0.9880 -0.0039
vn -0.2377 0.8735 -0.4248
vn -0.3126 0.9366 -0.1583
vn 0.1986 0.8786 -0.4343
vn -0.1377 0.7245 0.6754
vn 0.0700 0.9952 0.0679
vn 0.3166 0.8704 -0.3770
vn -0.0742 -0.9787 -0.1914
vn -0.2135 -0.9218 -0.3236
vn -0.1316 -0.9135 -0.3851
vn 0.6606 -0.3542 -0.6620
vn 0.0842 -0.9941 -0.0677
vn -0.3479 -0.9357 -0.0584
vn -0.0283 -0.9091 -0.4157
vn -0.1013 -0.9301 -0.3531
vn -0.3085 -0.9483 -0.0751
vn 0.0037 -0.9261 -0.3772
vn -0.1130 -0.9048 -0.4106
vn -0.0927 -0.8776 -0.4704
vn 0.0087 0.7588 -0.6513
vn -0.0458 0.8773 -0.4777
vn 0.0065 0.9336 -0.3582
vn 0.0857 0.8418 -0.5330
vn 0.8773 -0.3282 0.3502
vn 0.9387 -0.2370 0.2502
vn 0.9136 -0.0000 0.4067
vn 0.9124 0.0002 0.4093
vn 0.9502 0.0009 -0.3115
vn 0.5778 0.8150 0.0440
vn 0.7538 0.6386 0.1545
vn 0.7490 0.6446 0.1531
vn 0.6334 0.7656 0.1128
vn -0.2966 0.7484 -0.5932
vn -0.4784 0.8556 0.1975
vn 0.4692 -0.6490 -0.5989
vn -0.7284 0.6822 0.0639
vn -0.7544 0.6346 0.1680
vn -0.8032 0.5544 0.2178
vn -0.7338 0.6785 0.0349
vn 0.5343 0.7885 0.3047
vn 0.5147 0.7972 0.3156
vn 0.6824 0.6398 0.3534
vn 0.7012 0.6189 0.3538
vn -0.0477 -0.8142 -0.5786
vn 0.6932 -0.0571 -0.7184
vn 0.7205 -0.0352 -0.6926
vn 0.7399 -0.0121 -0.6726
vn 0.6960 -0.0165 -0.7178
vn 0.9948 0.0377 0.0943
vn 0.9965 0.0094 0.0831
vn 0.9990 0.0040 0.0435
vn 0.9944 -0.0060 0.1057
vn 0.9400 0.3413 -0.0013
vn -0.4943 0.8637 -0.0984
vn -0.6218 0.7826 0.0304
vn -0.7162 0.6942 0.0715
vn -0.4553 -0.0001 -0.8903
vn 0.6040 0.7846 0.1401
vn 0.5741 0.8092 -0.1250
vn 0.5891 0.8080 -0.0118
vn -0.7726 0.1749 0.6103
vn -0.7975 0.2079 0.5664
vn -0.8232 0.0029 0.5677
vn -0.7818 0.0016 0.6235
vn 0.1377 -0.8097 -0.5705
vn -0.0466 -0.8635 -0.5022
vn -0.1578 -0.7635 -0.6262
vn -0.2185 -0.7011 -0.6787
vn 0.5918 0.8037 0.0617
vn 0.6283 -0.6012 -0.4937
vn 0.6136 -0.6007 -0.5125
vn 0.6484 -0.6014 -0.4669
vn 0.1223 -0.9504 -0.2860
vn 0.0542 -0.8971 -0.4385
vn -0.0889 -0.8232 -0.5608
vn -0.1427 -0.7604 -0.6335
vn -0.1594 -0.7278 -0.6670
vn -0.7070 0.0063 -0.7072
vn -0.7475 0.0009 -0.6642
vn -0.7897 0.0044 -0.6134
vn 0.9387 -0.0055 -0.3446
vn 0.9381 0.0976 -0.3323
vn 0.9364 0.0729 -0.3434
vn 0.7352 -0.4396 0.5159
vn 0.7879 -0.1304 0.6018
vn 0.7771 -0.2549 0.5754
vn 0.0029 0.9997 -0.0249
vn 0.0834 0.9942 -0.0683
vn 0.0005 1.0000 -0.0024
vn -0.8926 0.4498 -0.0310
vn -0.8837 0.4546 -0.1117
vn -0.9048 0.4035 -0.1360
vn -0.7818 -0.0045 -0.6236
vn -0.8357 -0.0063 -0.5491
vn -0.8369 -0.0063 -0.5474
vn 0.8664 0.0079 0.4993
vn -0.6925 -0.0048 -0.7214
vn -0.6704 -0.0794 -0.7378
vn -0.6195 -0.1333 -0.7736
vn -0.6906 -0.0048 -0.7232
vn 0.4486 0.2927 0.8444
vn 0.2810 0.2214 0.9338
vn 0.3278 0.2095 0.9212
vn 0.2953 0.2992 0.9074
vn -0.9217 0.0354 0.3864
vn -0.9499 0.1455 0.2766
vn -0.9360 0.2322 0.2644
vn 0.6684 -0.3050 -0.6784
vn 0.6931 -0.1802 -0.6980
vn 0.6811 -0.2397 -0.6918
vn 0.5775 -0.4905 -0.6526
vn 0.6035 -0.4898 -0.6292
vn -0.6049 -0.2826 -0.7444
vn -0.7934 0.5156 -0.3236
vn -0.7554 0.5968 -0.2706
vn -0.7082 0.6152 -0.3463
vn -0.5759 -0.4946 -0.6509
vn -0.5470 -0.3816 -0.7451
vn 0.7597 -0.0041 -0.6503
vn -0.8926 0.0981 0.4400
vn -0.9048 0.0970 0.4146
vn -0.9483 0.0938 0.3031
vn -0.9515 0.0936 0.2931
vn -0.9072 0.3001 0.2948
vn -0.8577 0.4154 0.3029
vn -0.2506 -0.7088 -0.6594
vn -0.3797 -0.8456 0.3753
vn -0.4797 -0.7329 0.4825
vn 0.2910 -0.6373 0.7136
vn 0.3805 -0.5388 0.7516
vn 0.3925 -0.5267 0.7540
vn 0.3066 -0.6058 0.7342
vn -0.5695 0.7791 0.2621
vn -0.6713 0.6972 0.2515
vn -0.5814 0.7706 0.2611
vn -0.7885 0.5906 0.1718
vn -0.8563 0.4842 0.1798
vn 0.2863 0.8576 -0.4273
vn 0.7022 -0.0026 0.7120
vn 0.6943 -0.0029 0.7197
vn 0.7727 -0.0079 0.6347
vn 0.7886 -0.0119 0.6148
vn 0.1437 -0.0018 0.9896
vn 0.0577 -0.0022 0.9983
vn 0.0982 -0.0020 0.9952
vn 0.0611 0.0024 0.9981
vn 0.0381 0.0035 0.9993
vn 0.7200 0.6402 0.2679
vn 0.7418 0.6044 0.2906
vn 0.5716 -0.2024 -0.7952
vn 0.3859 -0.4025 -0.8301
vn 0.3725 -0.4402 -0.8170
vn 0.2030 -0.7229 -0.6604
vn 0.2478 -0.6833 -0.6868
vn 0.3253 0.8468 -0.4209
vn 0.3749 0.8231 -0.4265
vn 0.4005 0.8196 -0.4096
vn 0.4068 0.8446 -0.3480
vn 0.0011 1.0000 0.0008
vn 0.8920 0.4520 0.0080
vn 0.7846 0.5827 0.2119
vn 0.7070 0.5687 0.4205
vn 0.8895 0.4488 0.0860
vn -0.6792 -0.1762 -0.7125
vn -0.7878 -0.0165 -0.6157
vn -0.2146 -0.6781 -0.7030
vn -0.2378 -0.5615 -0.7926
vn -0.2422 -0.6178 -0.7481
vn -0.4234 -0.7681 -0.4804
vn -0.1761 -0.9587 -0.2233
vn -0.1686 -0.9696 -0.1775
vn -0.3593 -0.8562 -0.3712
vn -0.5639 0.7559 -0.3326
vn -0.5883 0.7715 -0.2423
vn -0.5438 0.6942 -0.4716
vn 0.5347 0.7175 -0.4465
vn 0.5304 0.7456 -0.4034
vn -0.8867 -0.2503 0.3887
vn -0.9007 -0.1470 0.4088
vn -0.9045 -0.0649 0.4214
vn -0.5832 -0.0007 -0.8124
vn 0.7030 0.2084 -0.6799
vn 0.7128 0.0196 -0.7011
vn 0.6587 0.4216 -0.6231
vn 0.4754 0.8579 0.1947
vn 0.4133 -0.4453 0.7943
vn 0.3766 -0.3811 0.8444
vn 0.3728 -0.3321 0.8665
vn 0.7052 -0.1184 -0.6990
vn -0.6790 -0.2632 -0.6853
vn -0.9747 0.2221 -0.0268
vn -0.9885 0.1221 -0.0894
vn -0.9652 0.2603 0.0262
vn -0.9467 0.3133 0.0747
vn 0.3894 -0.8177 -0.4240
vn 0.5854 -0.7082 -0.3948
vn 0.5349 -0.8105 -0.2384
vn 0.3955 -0.8745 -0.2810
vn -0.6432 -0.3714 -0.6696
vn 0.8283 0.3009 0.4726
vn 0.8688 0.2189 0.4441
vn -0.5409 -0.2007 -0.8168
vn -0.5441 -0.1957 -0.8159
vn -0.6383 0.1417 -0.7567
vn -0.6290 0.2246 -0.7443
vn -0.9449 0.1018 0.3112
vn -0.9201 0.3306 0.2099
vn -0.9406 0.1548 0.3021
vn -0.9103 0.3697 0.1864
vn 0.0675 -0.7954 -0.6023
vn 0.0760 -0.7881 -0.6108
vn 0.4596 0.2623 0.8485
vn 0.5310 0.1767 0.8288
vn 0.4501 0.2729 0.8502
vn -0.4918 -0.7127 -0.5002
vn 0.7279 0.3974 -0.5587
vn 0.7098 0.3771 -0.5949
vn 0.7363 0.4139 -0.5353
vn 0.5295 0.5432 -0.6516
vn 0.6943 0.5223 -0.4951
vn -0.7160 0.0020 0.6981
vn -0.7543 -0.0015 0.6565
vn -0.7619 -0.0016 -0.6476
vn -0.7786 -0.0022 -0.6275
vn -0.8137 -0.0034 -0.5813
vn 0.3224 0.0023 0.9466
vn 0.3833 0.0010 0.9236
vn 0.3822 0.0010 0.9241
vn 0.2178 -0.0003 0.9760
vn 0.1801 -0.0415 0.9828
vn 0.3151 -0.0003 0.9491
vn 0.6310 -0.1260 -0.7655
vn 0.8179 -0.0044 -0.5754
vn -0.3923 -0.3981 -0.8292
vn -0.3860 -0.4462 -0.8074
vn -0.3401 -0.5247 -0.7804
vn -0.3887 0.7234 0.5707
vn -0.3751 -0.8205 0.4313
vn -0.2892 0.8415 0.4563
vn 0.6196 -0.0440 0.7837
vn 0.6195 -0.2961 0.7270
vn 0.5274 -0.0004 0.8496
vn 0.5943 -0.0203 -0.8040
vn 0.6431 -0.0100 -0.7657
vn 0.6727 -0.0034 -0.7399
vn -0.3704 0.7179 0.5894
vn -0.5194 0.7740 -0.3622
vn 0.4377 0.7947 -0.4205
vn 0.2347 0.9463 -0.2225
vn 0.9022 -0.0929 -0.4211
vn 0.6021 0.7984 -0.0088
vn 0.5111 0.8573 -0.0608
vn 0.4958 0.8658 -0.0674
vn 0.3761 -0.0001 0.9266
vn 0.4725 -0.0000 0.8813
vn 0.4682 -0.0001 0.8836
vn 0.4435 -0.0002 0.8963
vn 0.2827 0.0003 0.9592
vn 0.0069 0.0010 1.0000
vn 0.0073 -0.0957 0.9954
vn 0.0073 -0.0949 0.9955
vn 0.8356 -0.0033 -0.5493
vn 0.8153 -0.0070 -0.5790
vn 0.7984 -0.0100 -0.6020
vn 0.3269 -0.2267 0.9175
vn 0.3151 -0.2881 0.9043
vn 0.3139 -0.2906 0.9039
vn 0.3368 -0.2421 0.9099
vn 0.2858 -0.1643 0.9441
vn -0.2204 -0.0004 0.9754
vn -0.2321 0.0006 0.9727
vn -0.2334 0.0007 0.9724
vn -0.2131 0.0036 0.9770
vn -0.1884 -0.0098 0.9820
vn -0.7221 -0.0004 0.6918
vn -0.7142 -0.1396 0.6859
vn -0.7147 -0.1352 0.6863
vn -0.9982 -0.0163 0.0571
vn -0.9935 -0.0159 0.1128
vn -0.9993 -0.0165 0.0326
vn -0.4756 0.8104 -0.3421
vn -0.4274 0.7999 -0.4212
vn -0.4845 -0.2089 0.8495
vn -0.3886 -0.3619 0.8473
vn -0.4639 -0.2914 0.8366
vn -0.4847 -0.2120 0.8486
vn 0.4783 0.5619 -0.6749
vn 0.3929 0.6519 -0.6486
vn -0.5510 0.8338 0.0355
vn -0.5450 0.8384 0.0045
vn -0.5325 0.8448 -0.0528
vn 0.6438 -0.0000 0.7652
vn -0.6228 -0.0123 -0.7822
vn -0.7467 -0.0029 -0.6651
vn -0.7182 -0.0098 -0.6958
vn -0.6283 -0.0133 -0.7779
vn 0.9252 0.2444 -0.2903
vn 0.8706 0.3371 -0.3584
vn 0.7711 0.6111 -0.1786
vn 0.9667 0.2519 0.0445
vn 0.9709 0.2389 -0.0137
vn 0.6987 -0.1500 0.6995
vn 0.6780 -0.2994 0.6713
vn 0.6394 -0.4391 0.6312
vn -0.9596 0.1777 0.2183
vn -0.9615 0.1662 0.2188
vn 0.3197 0.0037 -0.9475
vn 0.6933 0.5529 -0.4622
vn 0.6468 0.6197 -0.4447
vn 0.6379 0.6624 -0.3929
vn 0.7588 0.5427 -0.3602
vn -0.7752 0.1111 0.6219
vn -0.7588 0.2123 0.6157
vn -0.7844 -0.2715 0.5576
vn -0.7715 -0.2583 0.5814
vn -0.3495 -0.9013 0.2559
vn -0.3864 -0.8970 0.2147
vn -0.3252 -0.9051 0.2740
vn -0.2516 -0.9225 0.2928
vn -0.3331 -0.9023 0.2736
vn 0.6827 0.6747 -0.2806
vn 0.7505 0.6237 -0.2182
vn 0.7964 0.5537 -0.2433
vn 0.5831 -0.0043 -0.8124
vn -0.2261 -0.8558 -0.4653
vn -0.2149 -0.7453 -0.6312
vn -0.6308 0.7495 0.2010
vn -0.5979 0.7813 0.1792
vn 0.9306 0.0005 0.3660
vn 0.9991 -0.0007 -0.0419
vn 1.0000 0.0013 0.0059
vn 0.9998 0.0013 0.0177
vn -0.4634 -0.0030 -0.8861
vn 0.3798 -0.1413 -0.9142
vn 0.2109 -0.8965 -0.3896
vn 0.1488 -0.9041 -0.4006
vn 0.1212 -0.9063 -0.4049
vn 0.2659 -0.9089 -0.3211
vn 0.2353 -0.9028 -0.3599
vn -0.3094 -0.0251 -0.9506
vn -0.1705 -0.1210 -0.9779
vn -0.0692 0.5377 0.8403
vn -0.0779 0.1202 0.9897
vn 0.0745 0.1195 0.9900
vn 0.1034 0.5307 0.8412
vn -0.7597 -0.0006 0.6503
vn -0.8286 -0.0000 0.5599
vn -0.7306 -0.0023 0.6828
vn -0.3643 -0.8227 0.4364
vn -0.4016 -0.8237 0.4003
vn -0.4035 -0.8237 0.3984
vn 0.3411 -0.0000 -0.9400
vn 0.4630 -0.0000 -0.8864
vn 0.4628 -0.0000 -0.8865
vn 0.3417 -0.0000 -0.9398
vn 0.9979 0.0002 0.0647
vn 0.5411 0.4251 0.7256
vn 0.5991 0.1823 0.7797
vn 0.6391 0.1804 0.7477
vn 0.5546 0.4638 0.6909
vn -0.9877 -0.0405 0.1513
vn -0.9866 -0.1388 0.0855
vn -0.8827 -0.4436 0.1550
vn -0.9225 -0.2773 0.2686
vn -0.6061 0.1093 -0.7878
vn -0.6754 0.0263 -0.7370
vn -0.7001 -0.6988 -0.1467
vn -0.5720 -0.0041 0.8203
vn -0.3936 0.1872 0.9000
vn 0.8013 -0.5760 0.1615
vn 0.8642 -0.4287 0.2636
vn 0.9604 -0.2236 0.1663
vn 0.8606 -0.4363 0.2626
vn -0.5151 0.8531 -0.0829
vn 0.6237 0.7345 -0.2674
vn 0.5457 0.8112 -0.2101
vn 0.6363 0.7422 -0.2102
vn 0.4806 -0.0002 0.8769
vn 0.5853 0.1304 0.8003
vn 0.5631 0.2322 0.7931
vn 0.1188 0.1576 -0.9803
vn 0.1196 0.3374 -0.9337
vn 0.1163 0.1528 -0.9814
vn 0.1153 0.2482 -0.9618
vn 0.9900 0.0022 -0.1414
vn 0.5950 -0.0123 0.8036
vn 0.6010 0.1428 0.7864
vn 0.5982 0.2241 0.7694
vn -0.6744 0.7235 -0.1477
vn -0.7087 0.6870 -0.1607
vn -0.7549 0.6377 -0.1531
vn -0.4366 0.8421 0.3166
vn -0.5656 0.8246 -0.0149
vn -0.5403 0.8388 0.0672
vn -0.3105 -0.4614 -0.8311
vn -0.2662 -0.3753 -0.8879
vn -0.2833 -0.4140 -0.8651
vn -0.3249 -0.5221 -0.7886
vn -0.3226 0.2025 -0.9246
vn -0.3868 0.1872 -0.9030
vn -0.3140 0.4819 -0.8181
vn 0.0456 0.0070 0.9989
vn 0.0486 -0.1394 0.9890
vn -0.9788 -0.0026 -0.2047
vn -0.9804 -0.0026 -0.1968
vn -0.9880 -0.0007 0.1543
vn 0.1811 0.0019 0.9835
vn 0.1826 0.1980 0.9630
vn 0.1229 0.2138 0.9691
vn 0.1243 0.0014 0.9922
vn -0.4023 0.0006 0.9155
vn -0.1899 -0.0147 0.9817
vn -0.3903 -0.1267 0.9119
vn -0.4074 -0.1367 0.9029
vn -0.4283 0.0682 -0.9010
vn 0.8991 0.0272 -0.4370
vn 0.9981 -0.0448 -0.0419
vn 0.3762 -0.8262 0.4194
vn 0.3663 -0.7244 0.5840
vn -0.9302 0.0015 -0.3670
vn -0.9303 0.0018 -0.3668
vn -0.9493 0.0021 -0.3145
vn -0.9236 0.0507 -0.3801
vn -0.9181 0.3904 0.0675
vn -0.9049 0.3851 0.1814
vn -0.9252 0.3763 0.0481
vn -0.9649 -0.0040 -0.2628
vn -0.3906 0.7438 0.5423
vn -0.2827 0.7472 0.6014
vn -0.7159 0.6890 0.1131
vn -0.5227 0.7602 0.3860
vn -1.0000 0.0040 0.0071
vn -1.0000 0.0036 -0.0038
vn -0.5938 0.7940 -0.1301
vn -0.9537 0.0019 0.3007
vn 0.2860 0.0094 0.9582
vn 0.2848 0.0092 0.9585
vn 0.2345 -0.0262 0.9718
vn 0.3333 -0.1189 0.9353
vn 0.9694 0.1242 -0.2115
vn 0.9479 0.0025 -0.3186
vn 0.9702 0.0031 -0.2422
vn 0.9505 0.2240 -0.2152
vn -0.2389 -0.1027 0.9656
vn -0.2672 -0.1720 0.9482
vn -0.3994 -0.0090 0.9167
vn 0.2634 -0.2051 0.9426
vn -0.1516 0.5434 -0.8257
vn 0.0599 0.6743 -0.7361
vn -0.1145 0.3760 -0.9195
vn 0.1657 0.7024 -0.6922
vn 0.1631 0.7002 -0.6950
vn 0.2057 0.6204 -0.7568
vn -0.1338 0.4982 -0.8567
vn 0.5377 0.7268 -0.4274
vn 0.5898 0.7086 -0.3874
vn 0.9748 -0.0204 -0.2224
vn -0.1722 0.0034 0.9851
vn 0.7370 0.3297 -0.5900
vn 0.7293 0.4124 -0.5460
vn 0.7658 0.1468 -0.6261
vn -0.5045 -0.0771 0.8600
vn -0.5062 -0.0721 0.8594
vn 0.2758 -0.4602 0.8439
vn 0.3078 -0.3529 0.8836
vn 0.3225 -0.3940 0.8606
vn -0.2660 -0.4319 0.8618
vn -0.3061 -0.5054 0.8067
vn -0.2709 -0.3930 0.8787
vn 0.3411 -0.5245 0.7801
vn 0.8013 -0.3441 0.4894
vn 0.8003 -0.3740 0.4687
vn 0.8002 -0.2826 0.5289
vn -0.4396 -0.8223 0.3614
vn -0.3553 0.0075 -0.9347
vn -0.4514 0.1719 -0.8756
vn -0.3571 0.0075 -0.9340
vn 0.4724 0.2101 -0.8559
vn 0.2299 0.0393 -0.9724
vn 0.2421 0.0066 -0.9702
vn 0.2431 0.0066 -0.9700
vn -0.2644 0.0284 -0.9640
vn -0.3956 0.3032 -0.8669
vn -0.8638 0.2342 0.4460
vn -0.7888 0.5969 0.1463
vn -0.9651 0.2314 0.1224
vn -0.9072 0.2639 0.3276
vn -0.1698 -0.9053 0.3894
vn -0.2121 -0.8994 0.3823
vn -0.2187 -0.9051 0.3646
vn -0.1223 -0.9098 0.3965
vn 0.9911 -0.0098 0.1327
vn 0.9483 -0.3132 0.0521
vn 0.9967 -0.0054 0.0810
vn -0.7273 0.6727 -0.1362
vn -0.7823 0.5991 -0.1708
vn -0.6945 -0.5644 0.4461
vn -0.3056 -0.5491 0.7779
vn 0.2893 -0.6036 0.7430
vn -0.3562 -0.6127 0.7055
vn 0.4311 -0.6807 0.5923
vn -0.2305 -0.0141 -0.9730
vn -0.3606 -0.3261 -0.8739
vn 0.4217 -0.4301 -0.7982
vn 0.4608 -0.2412 -0.8541
vn 0.4744 -0.1334 -0.8701
vn -0.3228 0.1163 0.9393
vn -0.3208 0.1822 0.9295
vn -0.3588 0.0016 0.9334
vn -0.9132 0.0003 0.4076
vn 0.1548 -0.9666 0.2041
vn 0.2480 -0.9493 0.1934
vn -0.4228 0.4566 -0.7828
vn 0.4682 0.3169 -0.8248
vn -0.4203 0.5058 -0.7533
vn -0.5766 -0.1410 0.8048
vn -0.6018 -0.1405 0.7862
vn -0.4702 -0.1625 0.8674
vn -0.4888 -0.1626 0.8571
vn -0.2233 -0.4776 0.8497
vn -0.2241 -0.5023 0.8352
vn -0.2436 -0.6959 0.6756
vn -0.9594 -0.0212 -0.2812
vn -0.8869 0.1795 -0.4257
vn 0.2306 -0.8210 0.5223
vn -0.8080 0.1947 -0.5561
vn -0.7556 0.3807 -0.5331
vn 0.8203 -0.5630 -0.1010
vn 0.8189 -0.5639 -0.1071
vn 0.7852 -0.6047 -0.1335
vn 0.9555 -0.2753 -0.1057
vn 0.7315 -0.6810 -0.0338
vn 0.9979 0.0368 -0.0529
vn 0.9981 0.0435 -0.0442
vn -0.7110 -0.5998 -0.3670
vn -0.4529 -0.8103 -0.3718
vn -0.5972 -0.7327 -0.3264
vn 0.9488 -0.0029 0.3158
vn 0.9572 -0.0030 0.2893
vn 0.9219 -0.0015 0.3874
vn 0.9258 0.0003 0.3780
vn -0.0308 -0.2068 0.9779
vn -0.4432 0.4705 -0.7630
vn -0.0176 -0.4461 0.8948
vn -0.0165 -0.2854 0.9583
vn 0.7104 0.6338 0.3058
vn 0.6259 0.6553 0.4229
vn 0.6822 0.5788 0.4467
vn 0.7503 0.5793 0.3186
vn -0.4027 0.5786 -0.7092
vn 0.5382 0.5530 -0.6361
vn 0.4259 0.4432 -0.7888
vn 0.4178 0.3211 -0.8499
vn -0.6853 0.4572 0.5668
vn -0.6993 0.4764 0.5329
vn -0.6743 -0.0028 0.7385
vn -0.7107 -0.0021 0.7035
vn -0.7229 -0.0019 0.6910
vn 0.4192 0.4512 -0.7879
vn 0.4636 0.7171 -0.5204
vn 0.3248 0.6673 -0.6702
vn 0.4318 0.4694 -0.7702
vn 0.3987 -0.8762 0.2708
vn -0.2670 -0.6940 0.6686
vn 0.2755 -0.9123 0.3029
vn 0.2935 -0.9250 0.2414
vn 0.9971 -0.0108 0.0749
vn 0.9809 -0.0033 0.1947
vn 0.9785 -0.0034 0.2064
vn 0.9933 -0.0060 0.1154
vn 0.5036 0.1403 0.8525
vn 0.5094 0.0982 0.8549
vn 0.5160 0.0375 0.8557
vn 0.5066 0.1780 0.8436
vn 0.5102 0.3513 0.7850
vn -0.9111 -0.2043 -0.3580
vn -0.3121 -0.2300 -0.9218
vn -0.3868 -0.6175 -0.6849
vn -0.7346 -0.5360 -0.4160
vn 0.3493 -0.9034 0.2486
vn 0.9983 -0.0194 -0.0553
vn 0.9920 -0.0217 -0.1247
vn -0.2751 0.8214 0.4996
vn -0.0516 0.9382 0.3423
vn -0.1027 0.9330 0.3448
vn -0.9886 0.1499 0.0107
vn -0.9957 -0.0641 -0.0669
vn -0.9976 -0.0045 -0.0688
vn -0.9969 0.0274 -0.0736
vn -0.6076 0.6000 -0.5203
vn -0.7157 0.6249 -0.3118
vn -0.3491 0.6539 -0.6712
vn -0.3756 0.5951 -0.7105
vn -0.6032 0.5998 -0.5258
vn -0.5916 0.5747 -0.5655
vn -0.5852 0.5317 -0.6122
vn 0.8487 0.4670 -0.2483
vn -0.0346 -0.6141 0.7885
vn 0.7733 -0.4552 0.4413
vn 0.4331 0.6824 -0.5888
vn 0.3865 0.7095 -0.5892
vn 0.8688 0.2382 0.4342
vn 0.6044 0.2009 0.7710
vn 0.6724 0.2641 0.6915
vn 0.8234 0.2181 0.5238
vn 0.8224 0.5657 -0.0607
vn 0.8261 0.5373 -0.1699
vn 0.7948 0.6033 0.0653
vn 0.7871 0.5833 0.2006
vn -0.2106 -0.8692 0.4473
vn -0.2174 -0.9397 0.2641
vn 0.9433 -0.0073 -0.3319
vn 0.9201 -0.0074 -0.3916
vn 0.9219 -0.0074 -0.3874
vn 0.3358 -0.9358 0.1071
vn 0.9940 0.0033 -0.1093
vn -0.3143 0.8574 0.4075
vn -0.3026 0.8640 0.4023
vn -0.4522 0.8919 0.0082
vn -0.3234 0.9458 -0.0276
vn -0.3471 0.9376 -0.0212
vn 0.8414 0.2852 0.4589
vn 0.8543 0.2421 0.4601
vn 0.9494 0.0589 0.3084
vn 0.9098 0.1439 0.3894
vn -0.7490 0.6501 -0.1277
vn -0.4097 0.7494 -0.5202
vn -0.4234 0.8838 -0.1989
vn -0.6070 0.7942 0.0265
vn -0.4124 0.8709 -0.2673
vn 0.2283 0.1042 0.9680
vn -0.1200 -0.9925 -0.0213
vn 0.3238 -0.9461 -0.0018
vn 0.3438 -0.9390 -0.0091
vn -0.3530 -0.9356 0.0082
vn 0.0476 0.2840 0.9576
vn 0.0371 0.3589 0.9326
vn 0.0435 0.3137 0.9485
vn 0.0266 0.2648 0.9639
vn -0.0162 0.1668 0.9859
vn 0.9602 0.2541 0.1157
vn 0.9784 0.1723 0.1140
vn -0.4043 -0.9146 0.0046
vn -0.4977 -0.8649 -0.0655
vn -0.4714 0.8818 0.0138
vn -0.6265 0.7787 0.0320
vn -0.2377 -0.9106 -0.3381
vn -0.2795 -0.8660 -0.4147
vn -0.3685 -0.9296 0.0048
vn 0.0010 1.0000 -0.0012
vn 0.0005 1.0000 -0.0007
vn -0.0098 1.0000 -0.0016
vn -0.0000 1.0000 -0.0017
vn -0.3560 0.9152 0.1891
vn -0.2603 0.9276 0.2679
vn -0.0923 0.9356 0.3409
vn 0.0111 0.8923 0.4513
vn -0.0003 1.0000 0.0004
vn -0.5786 0.6979 0.4222
vn -0.6362 0.6732 0.3769
vn 0.5616 0.6610 0.4976
vn 0.5398 0.7386 0.4037
vn 0.5348 0.7488 0.3915
vn -0.9961 0.0324 0.0824
vn -0.0878 0.9858 0.1434
vn -0.3603 0.9328 -0.0071
vn -0.2542 0.9638 0.0809
vn -0.1883 0.7203 0.6676
vn -0.2665 0.5460 0.7943
vn -0.2229 0.7189 0.6585
vn -0.1721 0.0923 -0.9807
vn -0.4553 0.6769 0.5784
vn -0.1543 0.8935 0.4218
vn -0.2510 0.8448 0.4725
vn -0.1204 0.8436 -0.5234
vn 0.6972 -0.1400 0.7030
vn 0.6974 -0.1385 0.7032
vn 0.7033 0.0006 0.7109
vn 0.2253 -0.8160 -0.5323
vn 0.2335 -0.6998 -0.6750
vn 0.1900 -0.8144 -0.5483
vn 0.2721 -0.7649 -0.5839
vn -0.5160 -0.6968 0.4982
vn -0.5136 -0.7003 0.4958
vn -0.4050 -0.8289 0.3859
vn 0.9995 -0.0166 0.0267
vn 0.5195 -0.8531 0.0471
vn -0.9978 0.0487 0.0442
vn -0.9975 0.0659 0.0263
vn 0.5778 -0.8161 -0.0094
vn 0.5334 -0.8420 0.0804
vn 0.5781 -0.8154 0.0311
vn 0.7908 0.4245 0.4411
vn 0.8198 0.1156 0.5609
vn -0.8276 -0.3035 -0.4721
vn -0.8172 -0.3562 -0.4532
vn 0.9988 -0.0480 -0.0112
vn 0.9984 -0.0293 0.0487
vn -0.9996 -0.0291 -0.0070
vn -0.9993 -0.0244 -0.0275
vn -0.9961 -0.0860 -0.0175
vn -0.3274 0.3512 0.8772
vn 0.0411 -0.2732 -0.9611
vn -0.7781 0.0127 -0.6280
vn -0.8088 0.0076 -0.5880
vn -0.7411 0.0185 -0.6711
vn 0.0933 -0.4764 -0.8742
vn 0.4412 -0.2114 0.8722
vn 0.4379 -0.2768 0.8554
vn 0.3895 -0.3315 0.8593
vn 0.4351 -0.1796 0.8823
vn -0.2986 0.6369 0.7108
vn 0.9976 -0.0123 0.0677
vn 0.9994 -0.0099 0.0321
vn 0.9999 -0.0084 0.0105
vn 0.2666 0.3870 0.8827
vn 0.2514 0.3051 0.9185
vn -0.9919 0.0197 0.1256
vn -0.9990 0.0267 0.0350
vn -0.9989 0.0266 0.0383
vn -0.9939 0.0245 0.1074
vn -0.9843 0.0062 0.1764
vn -0.5994 0.1457 0.7871
vn -0.6001 0.2418 0.7625
vn -0.3069 0.5759 0.7578
vn -0.3373 0.4543 0.8245
vn -0.0963 0.6833 0.7238
vn -0.2420 -0.7289 -0.6404
vn -0.2518 -0.7064 -0.6615
vn 0.2654 -0.5575 -0.7866
vn 0.2261 -0.4759 -0.8499
vn -0.3792 0.0210 0.9251
vn 0.3363 -0.9147 -0.2243
vn 0.3364 -0.8992 -0.2800
vn 0.3209 -0.7502 -0.5782
vn 0.3237 -0.7260 -0.6067
vn 0.8963 0.1933 0.3991
vn 0.8931 0.1157 0.4348
vn 0.8962 0.1756 0.4075
vn -0.7944 -0.5986 -0.1034
vn -0.7910 -0.6076 -0.0712
vn -0.4669 0.5485 -0.6937
vn -0.4745 0.5276 -0.7046
vn 0.5681 0.7807 -0.2605
vn 0.6755 0.6922 -0.2541
vn 0.5790 0.7727 -0.2601
vn 0.8441 0.0001 -0.5362
vn -0.3341 -0.4991 0.7995
vn 0.5142 -0.8531 0.0886
vn 0.1983 0.0018 0.9801
vn 0.2560 0.1697 0.9517
vn 0.2003 0.0019 0.9797
vn 0.9576 -0.0302 -0.2864
vn 0.9812 0.0054 0.1927
vn 0.9614 -0.0293 -0.2736
vn 0.2105 0.5820 0.7855
vn 0.1613 0.6348 0.7556
vn 0.1065 0.6003 0.7927
vn 0.1002 0.5551 0.8257
vn 0.1594 0.5188 0.8399
vn 0.1551 0.0419 0.9870
vn -0.2954 -0.6153 -0.7309
vn -0.3031 -0.5946 -0.7447
vn 0.5139 -0.0807 -0.8540
vn 0.5206 -0.0627 -0.8515
vn -0.8664 0.4927 0.0812
vn -0.8648 0.5016 -0.0245
vn -0.2931 0.3097 0.9045
vn 0.8954 -0.0075 -0.4452
vn 0.8213 0.4989 0.2767
vn 0.6485 0.3498 0.6761
vn 0.7760 0.3472 0.5266
vn 0.4301 0.4438 0.7861
vn 0.3975 0.4284 0.8115
vn 0.2806 0.3694 0.8859
vn 0.9794 0.0061 0.2021
vn 0.9819 0.0079 0.1894
vn 0.9939 0.0194 0.1089
vn -0.9857 -0.0033 0.1682
vn -0.9968 -0.0790 0.0143
vn -0.8950 0.2085 -0.3943
vn -0.9029 0.0012 -0.4298
vn 0.2379 -0.4012 -0.8846
vn -0.7051 -0.5457 -0.4527
vn -0.3643 -0.6921 -0.6231
vn -0.3352 -0.7584 -0.5590
vn -0.2991 -0.5804 -0.7574
vn 0.4700 0.5168 0.7155
vn 0.4400 0.5983 0.6697
vn 0.1144 -0.5349 -0.8371
vn -0.4695 0.8486 0.2439
vn -0.2982 0.9354 -0.1901
vn -0.9783 -0.0085 0.2071
vn 0.8102 -0.5656 0.1537
vn 0.1517 0.1963 0.9687
vn 0.1715 0.0042 0.9852
vn 0.1634 0.0045 0.9866
vn 0.2753 0.0422 0.9604
vn 0.2136 0.3277 0.9203
vn 0.1116 0.8542 -0.5079
vn -0.5798 -0.0048 -0.8147
vn -0.2866 -0.8176 -0.4994
vn -0.2920 -0.3187 -0.9018
vn -0.2795 -0.2732 -0.9205
vn -0.0004 -0.6447 -0.7645
vn -0.0006 -0.6390 -0.7692
vn -0.8508 0.2640 -0.4544
vn -0.8627 0.1355 -0.4872
vn -0.8380 0.2797 -0.4685
vn -0.8824 0.1134 -0.4566
vn 0.2682 0.6976 0.6644
vn 0.2997 0.7457 0.5951
vn 0.2594 0.8061 0.5319
vn 0.2263 0.7996 0.5563
vn -0.8705 -0.0035 0.4921
vn -0.8914 -0.0008 0.4532
vn -0.8428 -0.0068 0.5382
vn -0.8181 -0.0029 0.5751
vn -0.8116 -0.0049 0.5842
vn -0.2299 0.1638 -0.9593
vn -0.2300 0.1634 -0.9594
vn -0.1928 0.4112 -0.8909
vn -0.1970 0.3978 -0.8961
vn 0.8776 0.4430 0.1833
vn 0.9054 0.3775 0.1945
vn 0.1169 0.4718 0.8739
vn 0.7091 0.6198 0.3361
vn 0.7817 0.5584 0.2777
vn 0.4139 -0.0083 -0.9103
vn 0.2137 -0.1058 -0.9711
vn 0.2297 -0.1655 -0.9591
vn -0.2711 -0.2004 -0.9415
vn -0.3186 -0.0678 -0.9455
vn -0.2771 -0.2140 -0.9367
vn -0.3387 -0.1171 -0.9336
vn -0.4294 0.6406 -0.6367
vn -0.3345 0.7233 -0.6041
vn -0.2604 0.6715 -0.6937
vn -0.3486 0.6094 -0.7121
vn 0.0199 0.2004 -0.9795
vn 0.0961 0.3453 -0.9336
vn 0.0924 0.3431 -0.9348
vn 0.0382 0.2689 -0.9624
vn -0.0007 -0.9993 0.0365
vn -0.0007 -1.0000 0.0035
vn -0.0141 -0.9904 0.1378
vn -0.3741 0.7201 -0.5844
vn -0.1705 0.7271 -0.6650
vn -0.1775 0.7452 -0.6428
vn -0.6859 0.7240 0.0726
vn -0.7467 0.6649 -0.0189
vn -0.7025 0.7096 0.0540
vn -0.9002 -0.0006 -0.4355
vn -0.9003 -0.0006 -0.4353
vn -0.9522 -0.0003 -0.3056
vn -0.9520 -0.0003 -0.3060
vn -0.5919 0.8055 0.0282
vn -0.5872 0.8091 -0.0240
vn -0.3014 0.9533 0.0183
vn 0.5857 0.8018 0.1188
vn 0.5505 0.8333 0.0499
vn 0.9783 -0.0028 0.2073
vn 0.9799 -0.0038 0.1994
vn 1.0000 -0.0011 -0.0044
vn 0.4282 -0.0911 -0.8991
vn 0.4275 0.0011 -0.9040
vn 0.2837 -0.0186 -0.9587
vn 0.2746 0.6745 0.6853
vn 0.1683 0.7215 0.6717
vn 0.1269 0.6889 0.7137
vn 0.3874 -0.1450 -0.9104
vn 0.2639 -0.2573 -0.9296
vn 0.2555 -0.2191 -0.9417
vn 0.2598 -0.3440 -0.9023
vn 0.2624 -0.3285 -0.9073
vn 0.8156 -0.0189 0.5783
vn -0.6293 -0.4463 -0.6362
vn 0.9790 -0.0041 0.2038
vn 0.9947 -0.0743 -0.0704
vn 0.9866 -0.0417 0.1577
vn 0.5738 -0.0053 0.8190
vn 0.6735 -0.0823 0.7346
vn 0.5741 -0.0055 0.8187
vn 0.3862 -0.6379 -0.6663
vn 0.5318 -0.3315 -0.7793
vn 0.4055 -0.5286 -0.7457
vn 0.4326 -0.6644 -0.6095
vn -0.6786 -0.2788 -0.6795
vn -0.7018 -0.1088 -0.7040
vn -0.4845 0.2954 -0.8234
vn -0.4662 0.2918 -0.8352
vn -0.5348 0.2879 -0.7944
vn -0.4929 0.8607 0.1273
vn -0.5825 0.7903 0.1900
vn -0.5223 0.8212 0.2298
vn 0.4694 0.8791 0.0832
vn 0.3914 0.9201 0.0129
vn 0.6724 0.7257 -0.1457
vn -0.9450 -0.0000 0.3270
vn -0.9222 -0.0001 0.3867
vn -0.9221 -0.0001 0.3870
vn -0.4661 0.8505 -0.2436
vn 0.5271 0.8423 -0.1124
vn 0.4736 0.7540 0.4551
vn 0.7029 0.6965 0.1443
vn 0.6265 0.7535 0.1992
vn -0.4097 -0.8179 -0.4040
vn 0.3562 0.0719 0.9316
vn 0.3981 0.1122 0.9105
vn 0.3518 0.1795 0.9187
vn -0.2108 -0.9069 -0.3647
vn -0.1692 -0.9086 -0.3818
vn -0.1463 -0.9087 -0.3909
vn -0.2443 -0.9093 -0.3368
vn -0.2533 -0.9097 -0.3291
vn -0.0693 -0.9944 -0.0798
vn 0.0774 -0.9946 0.0688
vn -0.0483 -0.9921 0.1158
vn -0.8680 -0.3514 -0.3508
vn -0.8510 -0.4097 -0.3286
vn -0.8332 -0.4385 -0.3370
vn -0.8360 -0.2783 -0.4730
vn 0.8187 -0.0093 0.5742
vn 0.8967 -0.0008 0.4426
vn 0.8732 -0.0032 0.4874
vn -0.8968 -0.2515 0.3641
vn -0.8898 -0.2989 0.3448
vn -0.8935 -0.2387 0.3803
vn -0.9087 -0.1822 0.3756
vn -0.9024 -0.2071 0.3778
vn 0.3057 0.9419 0.1394
vn -0.8060 0.3736 -0.4591
vn -0.7713 0.2798 -0.5716
vn 0.7952 -0.4575 -0.3980
vn 0.8152 -0.4127 -0.4063
vn -0.4713 0.4411 0.7637
vn -0.4300 0.5831 0.6893
vn -0.4353 0.5618 0.7035
vn -0.4682 0.4799 0.7420
vn -0.4375 0.7044 -0.5590
vn -0.4706 0.7391 -0.4819
vn -0.4383 0.7084 -0.5532
vn 0.2087 0.0040 -0.9780
vn 0.2696 0.2092 0.9400
vn 0.2915 0.0667 0.9542
vn 0.3563 -0.0877 0.9303
vn 0.3961 -0.0316 0.9177
vn -0.9932 -0.0119 0.1161
vn -0.9997 -0.0100 0.0239
vn -0.9989 -0.0099 0.0454
vn -0.9947 -0.0097 0.1026
vn -0.9782 -0.0008 0.2077
vn -0.3837 0.2290 0.8946
vn -0.6466 0.2325 0.7265
vn -0.6432 0.2323 0.7296
vn -0.4320 0.2006 0.8793
vn -0.2713 -0.0281 0.9621
vn -0.4105 -0.3354 -0.8479
vn -0.4788 -0.1749 -0.8603
vn -0.4826 -0.1907 -0.8548
vn -0.4651 -0.2727 -0.8422
vn 0.8917 -0.0050 0.4525
vn -0.6870 0.2018 0.6980
vn -0.5525 0.4589 0.6958
vn -0.5814 0.5476 0.6017
vn -0.3865 -0.3209 0.8647
vn 0.9847 0.0016 0.1744
vn 0.4228 -0.6144 -0.6662
vn 0.4183 -0.2640 -0.8691
vn 0.8924 -0.1455 -0.4271
vn 0.7214 -0.5661 -0.3989
vn -0.4214 0.0695 0.9042
vn -0.4217 0.1741 0.8899
vn -0.4279 0.1294 0.8945
vn -0.4198 0.2509 0.8723
vn -0.5013 -0.6081 0.6156
vn -0.5519 -0.6638 0.5048
vn -0.4238 -0.7815 0.4579
vn -0.2999 -0.8937 0.3338
vn -0.4876 -0.6131 0.6216
vn -0.6383 0.0134 -0.7697
vn -0.6549 0.0158 -0.7556
vn 0.3868 0.0974 0.9170
vn 0.1296 0.0493 0.9903
vn -0.3294 0.0037 -0.9442
vn -0.3878 0.0021 -0.9218
vn 0.8094 0.0791 0.5820
vn 0.8432 0.2505 0.4757
vn 0.7778 0.3946 0.4891
vn 0.7502 0.3352 0.5699
vn 0.7588 0.1779 0.6266
vn 0.7031 -0.0031 0.7111
vn 0.4561 -0.0412 0.8890
vn 0.6418 -0.0111 0.7668
vn 0.5525 -0.1626 0.8175
vn 0.5027 -0.1821 0.8450
vn 0.4640 -0.1605 0.8712
vn 0.7924 0.1568 -0.5896
vn 0.7766 0.2870 -0.5608
vn 0.7831 0.1448 -0.6048
vn 0.7667 0.2325 -0.5984
vn -0.9599 0.1936 -0.2029
vn -0.9608 0.1884 -0.2035
vn -0.8687 0.4694 -0.1581
vn -0.8766 0.4531 -0.1622
vn 0.0802 -0.0112 -0.9967
vn 0.0524 -0.0124 -0.9985
vn 0.1136 -0.0098 -0.9935
vn -0.8664 0.1030 -0.4886
vn -0.8242 0.1295 -0.5513
vn -0.9016 0.0935 -0.4224
vn -0.9731 -0.0001 0.2303
vn -0.9771 -0.0008 0.2129
vn -0.9890 -0.0033 0.1477
vn -0.9552 -0.0001 0.2958
vn -0.9889 -0.0000 0.1486
vn -0.9885 -0.0000 0.1510
vn -0.9844 -0.0000 0.1757
vn -0.6697 0.7317 -0.1269
vn -0.6288 0.7582 -0.1726
vn -0.3426 0.9356 -0.0852
vn -0.4948 0.8234 -0.2776
vn -0.3188 0.9477 -0.0126
vn 0.0044 1.0000 -0.0009
vn -0.7736 -0.0505 0.6316
vn -0.8569 0.0126 0.5154
vn -0.2734 -0.4792 0.8341
vn -0.3591 -0.4023 0.8421
vn -0.3771 -0.3756 0.8466
vn 0.3174 -0.2187 -0.9227
vn 0.3430 -0.1883 -0.9203
vn -0.2282 0.1405 0.9634
vn -0.2304 0.2150 0.9490
vn -0.2277 0.1285 0.9652
vn -0.2188 0.0751 0.9729
vn -0.2147 0.0517 0.9753
vn -0.6294 0.6180 0.4710
vn -0.7940 0.0015 0.6079
vn -0.4744 0.8586 -0.1945
vn -0.7981 -0.0868 -0.5963
vn -0.7862 -0.1780 -0.5917
vn -0.7585 -0.3121 -0.5721
vn 0.7227 -0.5476 0.4217
vn 0.0017 1.0000 0.0002
vn 0.8003 0.0094 0.5995
vn 0.4847 -0.0299 0.8742
vn 0.4936 -0.0290 0.8692
vn -0.2472 -0.6753 0.6948
vn -0.8473 0.1199 -0.5174
vn -0.1270 -0.7496 0.6496
vn -0.1997 -0.5914 0.7812
vn -0.3909 -0.8042 -0.4477
vn -0.8464 0.2947 -0.4436
vn -0.9446 0.1228 -0.3045
vn -0.9109 0.0245 -0.4118
vn -0.9379 0.3080 -0.1595
vn -0.9731 0.1548 -0.1705
vn -0.8271 0.3857 -0.4088
vn 0.9419 0.0720 -0.3282
vn 0.8984 0.3595 -0.2524
vn 0.9116 0.2033 -0.3574
vn -0.7776 0.4927 -0.3906
vn -0.7539 0.5564 -0.3495
vn 0.3941 -0.8344 0.3854
vn 0.6045 -0.4865 0.6308
vn 0.4689 -0.7041 0.5332
vn 0.8551 0.4523 -0.2533
vn 0.7791 0.6072 -0.1557
vn 0.8283 0.5298 -0.1823
vn -0.6701 0.6785 -0.3008
vn -0.6517 0.6972 -0.2985
vn -0.9403 0.0836 0.3300
vn -0.9260 0.2062 0.3161
vn -0.9396 0.0939 0.3291
vn -0.9477 0.0321 0.3175
vn -0.9462 0.0476 0.3201
vn -0.6609 0.0549 -0.7485
vn -0.9799 0.1181 -0.1609
vn -0.9857 0.1245 -0.1132
vn -0.9742 0.1134 -0.1951
vn -0.0986 -0.9450 -0.3117
vn -0.1382 -0.9479 -0.2871
vn -0.1812 -0.9486 -0.2595
vn 0.1989 0.2928 0.9353
vn 0.2020 0.1609 0.9661
vn 0.1701 0.2946 0.9404
vn 0.2108 0.1508 0.9658
vn -0.5174 -0.0410 0.8547
vn -0.5973 0.1140 0.7938
vn -0.6469 -0.1504 0.7476
vn 0.2901 -0.5626 0.7741
vn 0.2669 -0.6247 0.7339
vn 0.2246 -0.6660 0.7113
vn -0.2443 -0.6067 0.7565
vn 0.7024 0.1832 -0.6878
vn 0.5703 -0.0027 0.8215
vn 0.6136 -0.0041 0.7896
vn 0.6595 -0.0057 0.7517
vn 0.5855 -0.2183 0.7807
vn 0.8444 -0.0082 0.5357
vn 0.7856 -0.0511 0.6166
vn 0.8467 -0.0056 0.5321
vn 0.8077 -0.0070 0.5896
vn 0.5050 -0.0373 -0.8623
vn 0.5981 0.1130 -0.7934
vn 0.6401 -0.0772 -0.7644
vn -0.7747 -0.0688 0.6285
vn -0.7694 0.0293 0.6380
vn -0.7199 0.0504 0.6922
vn 0.0677 0.7882 -0.6117
vn 0.1052 0.6920 -0.7141
vn 0.7154 0.6971 0.0468
vn 0.7102 0.7007 0.0680
vn 0.6606 0.7469 -0.0756
vn 0.7071 0.7069 -0.0159
vn -0.7691 0.0824 0.6338
vn -0.6513 0.6254 0.4297
vn -0.6472 0.6316 0.4269
vn -0.7120 0.5082 0.4845
vn -0.7051 0.5259 0.4757
vn -0.9459 0.0075 0.3242
vn -0.9356 0.1032 0.3376
vn -0.9101 0.2222 0.3499
vn -0.9482 -0.0638 0.3111
vn -0.9466 -0.1186 0.2998
vn 0.7046 -0.0188 0.7093
vn 0.6881 -0.0472 0.7241
vn -0.8422 0.1685 -0.5122
vn 0.9134 0.2504 -0.3209
vn 0.7347 -0.0315 0.6776
vn -0.7109 0.4341 -0.5533
vn -0.7232 0.3966 -0.5654
vn 0.2585 -0.9014 0.3474
vn 0.2894 -0.9039 0.3150
vn 0.4681 -0.5234 0.7120
vn 0.4414 0.2223 -0.8693
vn 0.6035 0.5631 -0.5646
vn 0.6423 0.2253 -0.7326
vn 0.4792 0.2071 -0.8529
vn 0.1121 -0.0015 0.9937
vn 0.1017 -0.0019 0.9948
vn 0.8045 0.5504 -0.2230
vn 0.8447 0.4193 -0.3326
vn 0.8794 0.3230 -0.3497
vn 0.7608 0.6291 -0.1595
vn -0.5443 0.8009 -0.2497
vn -0.6195 0.7264 -0.2975
vn -0.6814 0.5976 -0.4226
vn 0.4087 -0.8244 -0.3916
vn 0.4067 -0.8214 -0.4000
vn 0.3314 -0.8914 -0.3093
vn 0.7257 0.6876 -0.0218
vn 0.9695 0.1029 -0.2225
vn 0.4865 0.8658 0.1170
vn 0.4563 0.8840 0.1014
vn -0.3221 -0.3413 0.8831
vn 0.8080 -0.0084 0.5892
vn 0.6732 -0.1386 0.7264
vn 0.7459 -0.0110 0.6660
vn -0.8001 -0.0092 -0.5997
vn -0.1854 -0.7554 0.6285
vn -0.2734 -0.6316 0.7255
vn -0.2472 -0.6822 0.6881
vn -0.1056 -0.8033 0.5861
vn 0.7286 -0.0384 0.6839
vn 0.7352 -0.0087 0.6778
vn 0.7664 -0.0101 0.6423
vn 0.8263 -0.0044 0.5632
vn 0.7904 -0.0079 0.6126
vn -0.8542 0.4663 0.2299
vn -0.2724 -0.3221 -0.9067
vn 0.1867 -0.7059 0.6832
vn 0.1471 -0.7611 0.6317
vn 0.0603 -0.8069 0.5876
vn -0.6963 -0.0316 0.7171
vn -0.8034 0.0661 0.5918
vn 0.2864 0.8465 0.4488
vn 0.0026 -1.0000 -0.0093
vn -0.7036 0.0602 0.7080
vn -0.5482 -0.0077 -0.8363
vn 0.9394 0.1177 -0.3221
vn 0.9203 0.2317 -0.3151
vn 0.9246 0.0929 -0.3695
vn 0.9132 0.2310 -0.3358
vn 0.4909 -0.7092 -0.5060
vn -0.8290 0.5350 -0.1629
vn -0.6735 0.6010 -0.4303
vn -0.9923 0.0028 0.1235
vn -0.9926 0.0029 0.1212
vn 0.4645 -0.7643 -0.4472
vn 0.7021 0.7048 -0.1015
vn 0.6342 0.7651 -0.1109
vn 0.5965 0.7919 -0.1307
vn -0.8466 -0.3222 0.4236
vn -0.8472 -0.3176 0.4259
vn 0.3132 -0.9445 0.0989
vn 0.2906 -0.9465 0.1401
vn 0.2834 -0.9467 0.1529
vn -0.6242 -0.0116 -0.7812
vn -0.6064 -0.0095 -0.7951
vn -0.5699 -0.0052 -0.8217
vn 0.9806 0.0004 0.1959
vn -0.1740 -0.9331 0.3148
vn 0.0612 -0.9209 0.3850
vn -0.0287 -0.8969 0.4413
vn 0.6353 -0.0165 -0.7721
vn 0.8342 -0.0074 -0.5514
vn 0.8464 -0.0066 -0.5325
vn 0.0077 -0.8675 0.4974
vn 0.1120 -0.8854 0.4512
vn -0.7503 -0.0130 0.6610
vn 0.7798 0.5945 -0.1960
vn 0.8410 0.5376 0.0600
vn 0.8357 0.5157 0.1891
vn -0.3217 0.7676 -0.5543
vn -0.4262 0.6947 -0.5794
vn 0.7061 -0.3151 -0.6342
vn 0.7341 -0.1159 -0.6691
vn 0.7248 -0.1264 -0.6772
vn 0.6224 -0.4999 -0.6022
vn -0.4398 -0.7144 -0.5443
vn -0.4477 -0.0010 -0.8942
vn -0.3764 -0.0006 -0.9264
vn -0.3778 -0.0006 -0.9259
vn -0.8311 -0.0223 0.5557
vn -0.8410 -0.0220 0.5406
vn -0.6440 -0.0263 0.7646
vn 0.2524 0.9323 0.2592
vn -0.0701 0.9067 0.4158
vn 0.0134 0.9366 0.3503
vn 0.2804 0.9196 0.2752
vn -0.3996 0.9011 0.1682
vn -0.1329 0.9277 0.3489
vn -0.0821 0.8419 0.5333
vn -0.4237 0.8914 0.1607
vn 0.3492 0.8635 0.3638
vn 0.3552 0.8572 0.3728
vn 0.3092 -0.9489 0.0633
vn 0.3674 -0.9298 0.0211
vn -0.6750 0.3582 -0.6450
vn -0.5546 0.6023 -0.5742
vn -0.5316 0.5007 -0.6832
vn -0.5611 -0.1465 -0.8147
vn -0.5049 -0.1482 -0.8503
vn -0.4727 -0.1355 -0.8707
vn -0.6045 -0.1171 -0.7880
vn -0.0842 -0.9033 0.4206
vn -0.1026 -0.8994 0.4249
vn -0.1767 -0.9809 0.0812
vn 0.6451 -0.3994 0.6514
vn 0.6994 -0.0420 0.7135
vn 0.1939 -0.8806 0.4323
vn -0.1077 -0.9801 -0.1665
vn 0.6528 -0.0226 0.7572
vn 0.7481 -0.0223 0.6633
vn 0.7036 -0.0284 0.7101
vn -0.5172 0.7681 -0.3776
vn -0.5073 0.7668 -0.3932
vn 0.4069 -0.9107 -0.0715
vn 0.4036 -0.9080 -0.1126
vn 0.4089 -0.9117 -0.0410
vn 0.4159 -0.9091 -0.0238
vn 0.4755 -0.8781 0.0535
vn 0.3964 0.2190 -0.8916
vn -0.6378 -0.0751 0.7665
vn -0.6639 -0.0074 0.7477
vn -0.6982 -0.0060 0.7159
vn -0.7357 -0.0043 0.6773
vn -0.6215 0.0378 0.7825
vn -0.6404 -0.0168 0.7678
vn -0.4079 0.7997 0.4406
vn -0.1414 0.6537 0.7434
vn 0.9015 0.0758 0.4261
vn 0.9014 0.0426 0.4308
vn -0.5302 -0.5378 -0.6554
vn 0.1744 0.6942 0.6984
vn 0.1856 0.5310 0.8268
vn 0.0460 0.7311 0.6807
vn 0.2305 0.4384 0.8687
vn -0.3904 -0.9053 -0.1674
vn -0.3768 -0.9009 -0.2154
vn -0.3954 -0.9064 -0.1490
vn -0.4866 -0.8684 -0.0954
vn -0.3996 -0.9060 -0.1395
vn -0.3748 0.7005 0.6073
vn -0.3374 0.7275 0.5974
vn -0.0477 0.7313 0.6804
vn 0.0905 0.7450 0.6608
vn 0.1911 0.5221 0.8312
vn 0.1554 0.5859 0.7954
vn -0.2704 -0.2299 -0.9349
vn -0.3429 -0.1874 -0.9205
vn 0.4026 0.0010 0.9154
vn 0.2789 0.1321 0.9512
vn 0.3644 0.0291 0.9308
vn 0.1392 0.7470 0.6500
vn -0.3314 0.7590 -0.5604
vn -0.5682 0.6486 -0.5064
vn -0.7005 0.5242 -0.4844
vn 0.9993 -0.0103 0.0370
vn 0.9973 -0.0088 0.0736
vn 0.9836 -0.0041 0.1804
vn 0.9984 -0.0100 -0.0561
vn 0.9996 -0.0101 -0.0277
vn 0.5949 -0.7800 -0.1943
vn 0.7314 -0.5971 -0.3295
vn 0.6756 -0.6811 -0.2821
vn -0.4277 -0.9022 0.0560
vn -0.6495 -0.7188 -0.2477
vn -0.5870 -0.7957 -0.1493
vn -0.3643 -0.9221 0.1305
vn 0.5096 -0.8473 -0.1495
vn -0.4463 -0.8930 0.0587
vn -0.5572 -0.8302 -0.0148
vn 0.4285 -0.8982 0.0982
vn 0.3386 -0.9336 0.1172
vn -0.6406 -0.0289 0.7674
vn -0.4160 0.8533 -0.3144
vn -0.4279 0.8091 -0.4027
vn -0.4190 0.8477 -0.3253
vn -0.9297 0.0979 0.3550
vn -0.9081 0.0832 0.4104
vn -0.9357 0.0699 0.3458
vn 0.8446 0.5244 0.1085
vn -0.4641 -0.5416 0.7009
vn -0.5105 -0.1284 0.8502
vn -0.4727 -0.2871 0.8331
vn -0.4081 -0.4732 0.7807
vn 0.2052 0.2034 0.9574
vn 0.2045 0.2134 0.9553
vn 0.2143 0.0047 0.9767
vn 0.4982 0.1149 -0.8594
vn 0.5031 0.1885 -0.8434
vn 0.5100 0.1062 -0.8536
vn 0.4677 0.2550 -0.8463
vn 0.6996 -0.0071 0.7145
vn -0.3163 -0.8439 -0.4334
vn -0.9227 -0.0333 0.3841
vn -0.6706 0.7000 0.2455
vn -0.5033 0.1196 -0.8558
vn -0.5074 0.1325 -0.8515
vn 0.4093 0.8687 0.2792
vn -0.3555 0.0074 0.9346
vn -0.3171 0.0670 0.9460
vn -0.3570 0.0074 0.9341
vn -0.8968 0.1005 0.4308
vn -0.4149 0.2091 0.8855
vn -0.7141 0.3804 -0.5877
vn 0.2692 0.2389 0.9330
vn 0.7700 0.4163 0.4836
vn 0.7714 0.4127 0.4844
vn 0.7208 0.5226 0.4554
vn 0.7110 0.5404 0.4500
vn 0.2494 0.3205 0.9138
vn 0.0202 -0.0138 -0.9997
vn -0.0820 0.4724 0.8776
vn -0.1377 0.5240 0.8405
vn -0.4795 0.5703 0.6669
vn -0.4404 0.6589 0.6098
vn 0.3060 0.1032 0.9464
vn 0.1767 0.3740 0.9104
vn 0.3093 0.2250 0.9240
vn -0.7913 0.6047 0.0902
vn -0.6512 0.7512 -0.1082
vn -0.4991 0.8659 -0.0335
vn 0.6415 -0.0008 -0.7672
vn -0.4773 0.5090 0.7163
vn -0.4888 0.5080 0.7093
vn -0.8336 0.1394 0.5344
vn 0.1046 -0.5531 0.8265
vn 0.1501 -0.6255 0.7657
vn 0.0658 -0.5404 0.8388
vn -0.0153 -0.5311 0.8472
vn 0.0941 -0.5358 0.8391
vn 0.7115 0.1377 -0.6890
vn 0.9219 -0.1110 -0.3712
vn 0.7716 -0.1516 -0.6178
vn -0.5876 0.7249 0.3595
vn -0.0913 -0.6714 -0.7355
vn -0.7450 -0.5242 -0.4125
vn -0.7842 -0.4377 -0.4398
vn -0.7203 -0.6168 -0.3174
vn -0.5360 -0.0005 -0.8442
vn -0.5592 -0.0005 -0.8290
vn -0.3920 -0.0001 -0.9200
vn 0.7617 -0.5389 -0.3597
vn 0.7207 -0.0035 -0.6933
vn 0.7018 -0.1387 -0.6987
vn 0.4181 -0.8314 0.3661
vn -0.6389 -0.7631 -0.0971
vn -0.6717 -0.7285 -0.1347
vn -0.3916 0.8718 0.2943
vn 0.5357 0.7705 0.3454
vn 0.4797 0.8177 0.3183
vn 0.5285 0.7770 0.3419
vn 0.7135 -0.5528 -0.4305
vn 0.1846 0.4610 0.8680
vn 0.1834 0.4871 0.8539
vn 0.6286 0.5907 0.5058
vn 0.3062 0.9004 0.3090
vn 0.7038 0.1848 0.6859
vn 0.4685 0.7893 -0.3968
vn 0.4393 0.7932 -0.4217
vn -0.4817 0.7480 0.4566
vn 0.8734 -0.0812 -0.4802
vn 0.8754 -0.0462 -0.4811
vn 0.7204 0.6723 -0.1704
vn 0.7193 0.6496 -0.2461
vn 0.4089 0.9044 -0.1219
vn 0.0500 -0.8000 0.5979
vn -0.0125 -0.8332 0.5529
vn 0.0375 -0.8091 0.5865
vn 0.9625 -0.2712 0.0074
vn -0.7745 -0.4859 0.4051
vn -0.8057 -0.3899 0.4458
vn -0.8093 -0.3251 0.4893
vn -0.7925 -0.4419 0.4203
vn 0.9762 0.1724 0.1315
vn 0.9874 0.1172 0.1066
vn 0.9203 0.3215 0.2227
vn 0.9266 0.3098 0.2134
vn 0.3791 0.0016 0.9254
vn 0.4261 0.0014 0.9047
vn 0.4316 0.1871 0.8825
vn 0.3740 0.2260 0.8995
vn 0.5583 0.2970 0.7747
vn 0.6111 0.1334 0.7802
vn 0.5323 0.2731 0.8013
vn 0.5302 0.1259 0.8385
vn 0.4177 0.0048 -0.9086
vn -0.3294 0.7354 -0.5922
vn -0.2074 0.9212 -0.3291
vn -0.6778 0.7225 -0.1363
vn 0.0106 0.4594 -0.8882
vn 0.2229 0.5964 -0.7711
vn 0.4226 0.5651 -0.7085
vn -0.0322 0.3696 -0.9286
vn -0.5558 -0.6678 -0.4951
vn -0.6617 -0.5507 -0.5088
vn -0.5691 -0.6410 -0.5150
vn -0.5605 -0.5782 -0.5929
vn -0.7046 0.0014 -0.7096
vn 0.1012 0.9102 -0.4017
vn 0.2026 0.7476 -0.6325
vn -0.1694 0.8643 -0.4736
vn 0.7100 -0.1824 0.6802
vn 0.7796 -0.0561 0.6238
vn 0.7119 -0.1557 0.6848
vn -0.1001 0.8983 -0.4278
vn -0.8088 0.5810 -0.0912
vn -0.7612 0.6424 -0.0889
vn 0.1679 0.0074 -0.9858
vn 0.3120 -0.6146 0.7245
vn 0.5700 0.8175 -0.0823
vn -0.3680 0.7674 0.5250
vn 0.1787 0.7414 -0.6469
vn 0.2342 0.7837 -0.5753
vn 0.2827 0.7619 -0.5828
vn 0.2373 0.7141 -0.6586
vn 0.3312 -0.0074 0.9435
vn 0.3586 0.7079 -0.6085
vn 0.7059 0.6414 -0.3006
vn 0.6741 0.6183 -0.4040
vn 0.3436 -0.6247 -0.7012
vn 0.3077 -0.5592 -0.7698
vn -0.6192 0.7722 -0.1426
vn 0.2309 0.9730 -0.0056
vn 0.8902 -0.0017 -0.4555
vn 0.7698 -0.0163 -0.6381
vn 0.8874 -0.0018 -0.4610
vn 0.8912 -0.1242 -0.4364
vn -0.7670 -0.0028 0.6416
vn 0.4729 0.1041 -0.8749
vn 0.4622 0.1771 -0.8689
vn 0.8520 -0.1957 -0.4856
vn 0.3581 0.9313 0.0671
vn 0.7098 0.6240 -0.3270
vn 0.7452 0.5968 -0.2976
vn 0.8185 0.4692 -0.3315
vn 0.8164 0.4508 -0.3610
vn -0.8420 0.1377 -0.5216
vn -0.8455 -0.2420 -0.4760
vn -0.9469 -0.1435 -0.2878
vn 0.9986 -0.0016 0.0520
vn 0.9960 -0.0045 -0.0891
vn 0.9981 -0.0039 -0.0612
vn 0.9995 -0.0020 0.0327
vn 0.4274 0.6120 -0.6654
vn 0.4383 0.5818 -0.6851
vn -0.9180 0.3099 -0.2474
vn -0.8951 0.4226 -0.1421
vn -0.8450 0.4784 -0.2390
vn -0.8911 0.3314 -0.3100
vn 0.5469 0.8353 0.0560
vn -0.0058 -0.2094 -0.9778
vn -0.8950 0.3526 -0.2731
vn -0.9151 0.2879 -0.2823
vn -0.8854 0.3791 -0.2689
vn -0.2740 0.7326 0.6231
vn -0.3860 0.7554 0.5296
vn -0.4968 0.6651 0.5575
vn -0.4003 0.7439 0.5352
vn 0.9099 0.2790 -0.3071
vn 0.9274 0.1996 -0.3163
vn 0.9126 0.2683 -0.3084
vn 0.9464 0.1080 -0.3045
vn 0.9307 0.1846 -0.3157
vn -0.7060 -0.1152 0.6987
vn -0.7090 -0.0063 0.7052
vn -0.7118 -0.0002 0.7023
vn 0.6902 0.7093 0.1430
vn -0.2163 -0.5121 -0.8312
vn -0.1297 -0.5548 -0.8218
vn 0.8440 -0.0051 0.5363
vn 0.1509 0.7696 0.6204
vn 0.9817 0.1839 -0.0493
vn 0.9770 0.1520 -0.1498
vn -0.1062 0.8002 0.5903
vn -0.2141 0.1527 -0.9648
vn -0.1864 0.2750 -0.9432
vn -0.2052 0.1344 -0.9694
vn -0.2016 0.2692 -0.9418
vn -0.5608 -0.8277 -0.0212
vn -0.5427 -0.8388 0.0430
vn -0.5501 -0.8349 0.0179
vn -0.3952 0.7151 -0.5766
vn 0.1243 0.9599 0.2511
vn -0.1424 0.8481 0.5103
vn -0.0712 0.9098 0.4088
vn -0.0776 0.8917 0.4459
vn -0.0548 0.7485 0.6609
vn -0.1159 0.8007 0.5878
vn -0.1010 0.7177 0.6890
vn 0.0700 0.6783 0.7314
vn 0.0737 0.7834 0.6171
vn -0.0271 0.7464 0.6649
vn 0.9752 -0.1973 0.1007
vn -0.8290 0.2209 0.5137
vn -0.8492 0.1032 0.5179
vn -0.7037 0.1440 -0.6958
vn 0.5998 0.0031 0.8001
vn 0.6483 0.0025 0.7614
vn 0.9719 0.1104 0.2081
vn 0.2921 -0.9455 -0.1437
vn 0.3189 -0.9428 -0.0968
vn 0.2964 -0.9453 -0.1363
vn -0.0122 -0.6345 0.7729
vn -0.7030 -0.0080 0.7112
vn -0.0426 -0.0033 -0.9991
vn -0.0021 -0.0057 -1.0000
vn -0.7994 0.4403 0.4087
vn -0.8789 0.2036 0.4313
vn 0.8984 -0.0953 0.4287
vn 0.8462 -0.3423 0.4084
vn 0.8839 -0.1955 0.4249
vn -0.9160 -0.0660 0.3958
vn 0.9288 0.3655 -0.0602
vn 0.9133 0.3797 -0.1472
vn 0.8877 0.4413 -0.1312
vn -0.9689 0.0022 0.2475
vn -0.8997 0.0776 0.4295
vn -0.9698 0.0021 0.2439
vn -0.9176 -0.0848 0.3884
vn 0.9952 -0.0971 0.0090
vn 0.9962 -0.0078 0.0871
vn 0.9992 -0.0020 0.0404
vn 0.0694 -0.0014 0.9976
vn -0.2335 0.1108 0.9660
vn -0.2244 0.1115 0.9681
vn 0.5345 0.0052 -0.8452
vn 0.9553 -0.1274 0.2666
vn -0.9150 0.2093 0.3450
vn 0.9551 -0.1814 0.2344
vn -0.6401 0.2300 -0.7331
vn -0.6375 0.1475 -0.7562
vn -0.0941 0.0147 0.9955
vn 0.1888 0.8516 -0.4890
vn -0.1192 -0.0021 -0.9929
vn -0.1210 -0.0021 -0.9927
vn 0.8058 0.4132 0.4242
vn -0.0598 -0.8530 0.5185
vn -0.0095 -0.9259 0.3776
vn 0.0577 -0.9425 0.3292
vn 0.2580 -0.0863 0.9623
vn -0.2464 -0.0335 0.9686
vn -0.8777 0.3689 0.3058
vn -0.8600 0.3905 0.3284
vn -0.7467 0.5150 0.4210
vn -0.6619 0.7128 0.2319
vn -0.4773 0.2845 0.8314
vn -0.6276 0.2125 0.7490
vn -0.1430 0.0234 0.9894
vn -0.1773 0.0108 0.9841
vn -0.1197 0.0320 0.9923
vn 0.7470 0.5015 0.4364
vn 0.1384 -0.0071 0.9903
vn 0.1919 -0.0039 0.9814
vn 0.2131 -0.0027 0.9770
vn 0.2153 -0.0023 0.9765
vn 0.2167 -0.0021 0.9762
vn 0.4337 0.0294 0.9006
vn 0.7164 -0.0000 -0.6977
vn -0.1476 -0.0020 0.9891
vn -0.1059 -0.0018 0.9944
vn -0.1796 -0.0022 0.9837
vn -0.1106 0.0028 0.9939
vn -0.1155 0.0025 0.9933
vn -0.4964 0.7830 0.3749
vn 0.4669 0.7799 0.4169
vn 0.6845 0.6718 0.2830
vn 0.5498 0.7366 0.3939
vn 0.1115 0.6593 0.7435
vn 0.1164 0.7803 0.6144
vn 0.1417 -0.5091 -0.8490
vn 0.2313 -0.5834 -0.7786
vn -0.2658 0.8826 0.3877
vn -0.1855 0.9019 0.3901
vn 0.1145 0.8770 0.4666
vn 0.2141 0.8669 0.4502
vn -0.9634 0.2121 -0.1639
vn 0.0868 -0.0011 -0.9962
vn 0.0987 -0.0012 -0.9951
vn 0.1593 -0.0017 -0.9872
vn 0.2664 -0.0003 -0.9639
vn 0.2229 -0.0009 -0.9748
vn -0.1858 -0.0086 0.9825
vn -0.1650 -0.0102 0.9862
vn -0.1021 -0.0151 0.9947
vn 0.4774 0.6111 0.6314
vn 0.4402 0.6747 0.5925
vn 0.4236 0.6468 0.6342
vn 0.3735 0.6124 0.6967
vn 0.4623 0.5760 0.6742
vn 0.5051 0.5363 0.6762
vn 0.9955 -0.0946 0.0047
vn 0.9811 -0.1936 0.0070
vn 0.0079 -0.9450 0.3270
vn -0.0148 -0.9439 0.3298
vn 0.0692 -0.9455 0.3183
vn -0.5641 0.3205 -0.7610
vn -0.6178 0.1427 -0.7733
vn 0.5411 -0.0031 -0.8409
vn -0.8184 -0.4750 0.3235
vn -0.7759 -0.5477 0.3130
vn -0.7319 -0.6043 0.3149
vn 0.4706 0.0996 -0.8767
vn 0.4886 0.1018 -0.8666
vn 0.3466 0.0941 -0.9333
vn 0.3321 0.0948 -0.9385
vn 0.4033 0.0912 -0.9105
vn -0.8311 -0.3632 0.4212
vn -0.2842 0.4438 0.8499
vn -0.3290 0.5140 0.7922
vn -0.6185 -0.7159 0.3240
vn -0.5491 -0.7664 0.3334
vn -0.3849 -0.8640 0.3244
vn -0.9267 -0.0123 0.3757
vn -0.9273 -0.0125 0.3740
vn -0.9493 -0.0171 0.3140
vn -0.2520 -0.9037 0.3462
vn -0.0125 -0.9283 0.3716
vn 0.2189 -0.9167 0.3344
vn 0.7644 -0.0004 -0.6448
vn 0.7692 -0.0012 -0.6390
vn 0.9034 -0.2056 -0.3763
vn 0.9112 -0.1767 -0.3722
vn 0.5049 -0.2388 -0.8295
vn 0.3541 -0.3255 -0.8767
vn 0.3415 -0.3594 -0.8684
vn 0.3537 -0.4463 -0.8220
vn 0.3313 -0.3351 -0.8820
vn 0.4286 0.5104 0.7455
vn 0.8900 0.2348 0.3909
vn -0.7792 -0.5785 0.2412
vn -0.0604 -0.7950 0.6036
vn -0.0507 -0.8078 0.5872
vn -0.0424 0.0447 0.9981
vn -0.4684 -0.0475 -0.8823
vn -0.4679 -0.0825 -0.8799
vn -0.9414 -0.0118 -0.3371
vn 0.8753 0.1903 0.4446
vn 0.0515 0.1110 -0.9925
vn -0.0626 0.1309 -0.9894
vn -0.1342 0.1200 -0.9837
vn -0.9465 0.2962 0.1281
vn -0.9716 0.2237 0.0767
vn -0.9518 0.2128 0.2210
vn -0.2043 -0.9749 0.0880
vn -0.3423 -0.9330 0.1111
vn -0.3362 -0.9407 -0.0458
vn 0.0143 0.2163 -0.9762
vn -0.0066 0.3020 -0.9533
vn -0.0071 0.3030 -0.9530
vn 0.0277 0.1123 -0.9933
vn -0.9302 0.0001 -0.3671
vn -0.9529 -0.0893 -0.2898
vn -0.9416 -0.0383 -0.3346
vn -0.9999 -0.0102 -0.0134
vn -0.9998 -0.0125 0.0129
vn 0.9141 0.0789 0.3978
vn -0.9126 0.2863 0.2918
vn 0.7843 -0.4162 0.4600
vn 0.0544 0.0024 -0.9985
vn -0.0139 0.0029 -0.9999
vn -0.8755 0.3665 0.3148
vn 0.2553 0.6658 0.7011
vn 0.3121 0.4864 0.8161
vn 0.3370 0.5423 0.7696
vn 0.8270 0.3254 0.4586
vn 0.0110 -0.9377 0.3472
vn 0.1050 -0.0506 0.9932
vn 0.1865 -0.1911 0.9637
vn 0.0345 -0.1381 0.9898
vn -0.0725 0.0259 0.9970
vn -0.0638 -0.9100 0.4097
vn 0.0334 -0.8461 0.5320
vn 0.7907 0.4020 0.4618
vn 0.7191 0.5085 0.4737
vn -0.0047 1.0000 0.0067
vn -0.1748 -0.2144 0.9610
vn -0.7707 0.0227 -0.6368
vn -0.3904 0.6906 0.6088
vn -0.3806 0.7111 0.5911
vn 0.7000 0.7063 0.1057
vn 0.1721 0.0847 0.9814
vn 0.1425 0.0904 0.9857
vn 0.0989 0.0987 0.9902
vn 0.5503 0.7341 0.3977
vn 0.6129 0.6001 0.5141
vn 0.5430 0.7689 0.3375
vn 0.5856 -0.0080 0.8106
vn 0.5232 -0.0050 0.8522
vn 0.4811 -0.0026 0.8767
vn 0.4493 -0.0008 0.8934
vn 0.5408 -0.0058 0.8411
vn -0.0576 0.9702 0.2353
vn -0.0413 0.9513 0.3055
vn -0.0600 0.9726 0.2248
vn -0.0380 0.9469 0.3192
vn -0.0498 0.8292 -0.5568
vn 0.7613 -0.0130 0.6483
vn 0.7316 -0.1070 0.6733
vn -0.5782 0.1193 -0.8071
vn -0.6682 0.0921 -0.7383
vn 0.5946 0.6944 -0.4052
vn 0.9781 0.1156 0.1730
vn 0.9899 0.1080 0.0922
vn 0.9678 0.1211 0.2206
vn -0.1747 -0.9805 -0.0903
vn -0.2955 -0.9297 -0.2198
vn -0.0000 -1.0000 0.0002
vn -0.0025 -1.0000 -0.0017
vn -0.0027 -1.0000 -0.0018
vn 0.2492 -0.9265 -0.2821
vn 0.0060 -1.0000 -0.0050
vn 0.0190 -0.9994 -0.0273
vn 0.0086 -0.9999 -0.0127
vn -0.0019 -1.0000 -0.0002
vn 0.0323 -0.9993 0.0169
vn 0.0115 -0.9999 0.0124
vn -0.0001 -1.0000 0.0003
vn -0.0584 -0.9969 0.0530
vn -0.1042 -0.9912 0.0822
vn -0.0261 -0.9997 0.0035
vn -0.1260 -0.9920 0.0009
vn -0.0025 -1.0000 0.0004
vn -0.0079 -1.0000 0.0001
vn -0.0040 -1.0000 0.0001
vn 0.9932 0.1163 0.0014
vn -0.6611 -0.6967 0.2784
vn -0.6580 -0.7004 0.2764
vn -0.5573 -0.8123 0.1721
vn -0.5434 -0.8253 0.1533
vn 0.6090 0.2900 -0.7383
vn 0.5434 0.4619 -0.7010
vn 0.5927 0.4056 -0.6958
vn 0.9858 -0.0886 0.1428
vn 0.9996 -0.0212 -0.0188
vn 0.9849 -0.1582 0.0708
vn -0.9744 -0.2107 0.0789
vn -0.9998 -0.0054 -0.0174
vn -0.9850 -0.0532 0.1639
vn -0.2469 -0.0017 0.9690
vn -0.3257 0.0016 0.9455
vn -0.3077 0.0009 0.9515
vn -0.7339 -0.0007 -0.6793
vn -0.6598 -0.0011 -0.7514
vn -0.0135 -0.9998 -0.0165
vn 0.3606 -0.8849 0.2947
vn -0.4492 0.0611 0.8913
vn -0.4530 0.0514 0.8900
vn -0.4665 0.2458 0.8497
vn -0.4726 0.1173 0.8734
vn -0.0832 -0.0016 0.9965
vn -0.0411 -0.0020 0.9992
vn -0.0201 -0.0021 0.9998
vn -0.2105 -0.0007 0.9776
vn 0.9914 0.1263 -0.0336
vn 0.7131 -0.6396 0.2872
vn 0.7499 -0.5851 0.3088
vn 0.8068 -0.5118 0.2951
vn 0.4033 0.7060 0.5822
vn 0.1136 -0.0133 0.9934
vn 0.1181 -0.0083 0.9930
vn 0.1140 -0.0129 0.9934
vn -0.7362 -0.5801 0.3486
vn -0.8258 -0.4811 0.2944
vn -0.7596 -0.5562 0.3371
vn 0.1195 -0.0049 0.9928
vn 0.0499 -0.0925 0.9945
vn 0.2526 -0.5206 -0.8155
vn 0.2214 -0.6021 -0.7671
vn 0.2279 -0.5639 -0.7938
vn 0.3148 -0.4942 0.8103
vn 0.3154 -0.4933 0.8107
vn -0.5236 0.0018 -0.8520
vn 0.9744 -0.2027 -0.0974
vn -0.9855 -0.1394 -0.0968
vn -0.4340 -0.9008 -0.0115
vn -0.3599 -0.9298 -0.0768
vn -0.4279 -0.9035 -0.0247
vn -0.4298 -0.9029 0.0109
vn -0.4174 -0.9060 0.0710
vn 0.4327 0.1618 -0.8869
vn 0.4338 0.1703 -0.8847
vn 0.4219 0.0910 -0.9021
vn 0.5504 -0.7615 0.3422
vn 0.5900 -0.7251 0.3550
vn -0.0197 -0.1588 0.9871
vn -0.8330 0.5330 -0.1484
vn -0.8685 0.4856 -0.0996
vn 0.3615 0.7119 0.6021
vn -0.1800 -0.9834 0.0227
vn -0.3715 -0.9255 0.0740
vn -0.3352 0.5897 0.7347
vn -0.3575 0.4928 0.7933
vn -0.2305 0.5506 0.8023
vn -0.9819 -0.1119 -0.1527
vn -0.3069 -0.0007 0.9517
vn 0.4339 -0.8407 0.3239
vn 0.6427 0.0001 -0.7661
vn 0.5977 -0.0002 -0.8017
vn 0.6256 -0.0000 -0.7802
vn -0.5403 -0.7613 0.3584
vn -0.6613 -0.6777 0.3215
vn -0.6999 -0.6350 0.3270
vn -0.4913 -0.7954 0.3549
vn -0.4093 0.6853 -0.6023
vn -0.3986 0.7065 -0.5848
vn 0.2612 -0.9105 0.3206
vn 0.1172 -0.9527 0.2804
vn -0.2203 -0.9098 0.3517
vn -0.2588 -0.8963 0.3601
vn 0.3132 0.0601 0.9478
vn 0.3146 0.1027 0.9437
vn 0.2625 0.2782 0.9239
vn 0.3062 0.1338 0.9425
vn 0.3107 0.0421 0.9496
vn -0.6399 -0.6172 -0.4579
vn -0.6449 -0.6062 -0.4654
vn 0.5565 -0.0183 0.8307
vn 0.1118 0.1087 -0.9878
vn 0.6566 0.5106 -0.5551
vn 0.6170 0.5931 -0.5172
vn -0.2000 0.0958 -0.9751
vn -0.3104 0.0050 0.9506
vn 0.0676 0.1360 -0.9884
vn -0.0517 -0.2166 -0.9749
vn 0.1893 -0.1349 -0.9726
vn 0.3071 -0.9045 0.2959
vn -0.1439 -0.0411 -0.9887
vn -0.8999 -0.3291 0.2862
vn -0.8923 -0.3508 0.2841
vn -0.9251 -0.2486 0.2871
vn -0.9283 -0.2370 0.2865
vn -0.7420 -0.4824 0.4656
vn -0.8266 -0.4345 0.3576
vn -0.7138 -0.6599 0.2345
vn -0.0099 0.9989 -0.0455
vn 0.0074 0.9999 -0.0083
vn 0.7622 -0.0004 -0.6474
vn 0.7614 -0.0004 -0.6483
vn 0.8153 0.0005 -0.5790
vn 0.3051 0.8575 0.4142
vn 0.3166 0.8489 0.4233
vn 0.3766 0.8050 0.4585
vn 0.3683 0.8495 0.3777
vn 0.4245 0.8256 0.3716
vn -0.3672 0.8718 0.3244
vn 0.5839 0.7149 -0.3847
vn 0.4040 0.8623 0.3053
vn 0.8775 0.4599 -0.1359
vn 0.8264 0.5328 -0.1824
vn 0.7993 0.5914 -0.1065
vn 0.9553 0.0089 -0.2955
vn 0.8760 -0.3513 0.3304
vn 0.8548 -0.4062 0.3230
vn 0.8396 -0.4303 0.3315
vn 0.8728 -0.2725 0.4050
vn -0.0708 0.5681 -0.8199
vn 0.2824 0.7817 -0.5560
vn -0.4082 0.0688 -0.9103
vn 0.4108 0.8586 -0.3067
vn 0.3989 0.8659 -0.3020
vn 0.4740 0.8139 -0.3360
vn -0.3434 0.8415 -0.4171
vn 0.7796 -0.0063 0.6262
vn -0.0718 -0.9973 -0.0138
vn 0.0664 -0.9974 0.0271
vn 0.4780 -0.8662 0.1457
vn 0.3860 -0.9024 0.1915
vn -0.9999 -0.0014 -0.0163
vn 0.4267 -0.7364 0.5250
vn 0.3604 -0.7350 0.5744
vn -0.1803 -0.0013 -0.9836
vn -0.8616 0.3664 0.3512
vn -0.9231 0.0880 0.3744
vn -0.9080 0.1985 0.3690
vn -0.2914 0.8430 -0.4521
vn -0.2938 0.8538 -0.4299
vn -0.2970 0.8684 -0.3971
vn -0.2878 0.8276 -0.4819
vn -0.3086 -0.0002 0.9512
vn 0.6056 -0.7933 0.0620
vn 0.4813 -0.8699 -0.1077
vn 0.5769 -0.8148 -0.0576
vn -0.4218 -0.8976 -0.1281
vn -0.7947 -0.0855 -0.6009
vn -0.6723 -0.1411 -0.7268
vn -0.7169 -0.1086 -0.6887
vn 0.9545 0.0336 -0.2964
vn 0.9515 0.0650 -0.3008
vn -0.2887 -0.6151 0.7337
vn 0.2448 0.6798 -0.6914
vn 0.2076 -0.1457 -0.9673
vn 0.2891 -0.1299 -0.9484
vn 0.7335 -0.6201 -0.2782
vn 0.7071 -0.6575 -0.2601
vn -0.6837 0.7136 0.1525
vn -0.6299 -0.0005 0.7767
vn -0.6693 -0.0017 0.7430
vn -0.5640 0.7331 0.3800
vn -0.5417 0.7550 0.3695
vn 0.7630 0.0070 0.6463
vn 0.8380 0.1815 0.5146
vn 0.3456 0.0887 0.9342
vn 0.5838 0.0002 0.8119
vn 0.5468 -0.0000 0.8373
vn -0.7966 -0.5617 0.2233
vn -0.6837 -0.7178 0.1315
vn 0.2949 -0.4542 -0.8406
vn 0.2993 -0.4285 -0.8525
vn 0.8389 -0.3393 0.4255
vn 0.5788 -0.4319 0.6917
vn 0.4150 -0.6746 0.6105
vn 0.6612 -0.6492 0.3758
vn -0.2909 0.0573 -0.9551
vn -0.2944 0.0499 -0.9544
vn -0.2419 -0.5124 -0.8240
vn -0.3525 -0.4321 -0.8301
vn -0.7775 0.0106 -0.6288
vn -0.8254 0.2200 -0.5198
vn -0.3795 0.0931 -0.9205
vn -0.9054 0.0647 0.4197
vn -0.9269 0.0034 0.3754
vn -0.9228 0.0164 0.3850
vn -0.4822 0.8093 -0.3354
vn -0.5297 0.7721 -0.3512
vn -0.5357 0.7670 -0.3532
vn 0.7349 0.0023 -0.6782
vn 0.6701 0.0020 -0.7422
vn -0.9264 0.3288 0.1835
vn -0.9710 0.1188 0.2075
vn 0.9910 0.0026 0.1340
vn 0.9905 0.0026 0.1376
vn 0.9702 0.0019 0.2424
vn 0.4364 -0.0326 0.8992
vn 0.3216 -0.1168 0.9396
vn -0.8380 0.0009 0.5457
vn 0.6857 0.5009 0.5280
vn 0.7822 0.1106 0.6131
vn 0.7486 0.3483 0.5642
vn -0.5675 -0.8220 -0.0473
vn -0.9774 -0.0036 0.2113
vn -0.9940 -0.0627 0.0893
vn 0.3776 0.7146 -0.5889
vn -0.5941 0.1059 0.7974
vn -0.7085 0.1040 0.6980
vn -0.6389 0.1081 0.7617
vn -0.1248 0.8108 -0.5718
vn -0.1382 0.7463 -0.6511
vn -0.1440 0.7134 -0.6858
vn -0.7653 0.1218 0.6320
vn -0.7347 0.0276 0.6779
vn -0.6452 0.0185 0.7638
vn -0.6858 0.0225 0.7275
vn -0.2561 0.2037 0.9449
vn -0.2718 0.0864 0.9585
vn -0.6200 -0.0149 0.7844
vn 0.1396 0.7215 0.6781
vn -0.7149 0.5445 0.4387
vn -0.7740 0.5493 0.3151
vn -0.8229 0.4618 0.3310
vn -0.7915 0.4117 0.4517
vn 0.6103 0.0020 -0.7921
vn 0.5730 -0.0003 -0.8196
vn 0.6090 0.0019 -0.7932
vn 0.4024 -0.1549 -0.9023
vn -0.8963 0.3486 -0.2740
vn -0.5886 0.7820 -0.2050
vn -0.7475 0.5976 -0.2900
vn 0.1793 -0.6808 -0.7101
vn 0.1705 -0.6915 -0.7019
vn -0.7733 0.1643 -0.6124
vn 0.8567 -0.3524 0.3767
vn 0.8467 -0.4025 0.3479
vn 0.8325 -0.4558 0.3149
vn -0.6080 0.6873 -0.3975
vn -0.6436 0.6501 -0.4039
vn 0.7765 -0.6301 0.0053
vn 0.7718 -0.6359 0.0051
vn 0.2350 0.3432 -0.9094
vn 0.2329 0.2619 -0.9366
vn 0.2353 0.3764 -0.8961
vn -0.2161 0.1153 -0.9695
vn -0.9902 0.0058 0.1396
vn -0.9724 0.2001 0.1201
vn -0.2038 0.8128 0.5457
vn 0.2680 -0.0854 0.9596
vn 0.3209 -0.1381 0.9370
vn -0.2652 -0.1103 0.9579
vn -0.3551 -0.1076 0.9286
vn -0.2984 -0.1453 0.9433
vn -0.4306 0.0810 -0.8989
vn -0.4779 0.0930 -0.8735
vn -0.3893 -0.1984 -0.8995
vn -0.4048 -0.1373 -0.9040
vn 0.9458 -0.0874 0.3129
vn 0.9786 0.2025 -0.0373
vn 0.9286 0.1780 0.3257
vn 0.4220 -0.1324 0.8969
vn 0.3723 -0.1095 0.9216
vn -0.4199 -0.1499 0.8951
vn 0.9182 0.2024 -0.3405
vn 0.9029 0.1994 -0.3808
vn 0.9491 0.0016 0.3151
vn 0.9270 0.0006 0.3752
vn -0.7947 0.2590 0.5489
vn -0.7573 0.2922 0.5841
vn -0.7172 0.4075 0.5654
vn -0.7094 0.4537 0.5394
vn 0.8970 0.0009 0.4421
vn 0.9216 0.0018 0.3881
vn 0.3156 -0.5504 -0.7729
vn 0.3013 -0.5715 -0.7633
vn -0.3338 0.6015 0.7258
vn -0.2724 0.5968 0.7548
vn -0.2431 0.7210 0.6488
vn -0.6809 -0.0232 0.7320
vn -0.7391 -0.1950 0.6447
vn -0.0108 -0.9578 -0.2871
vn 0.0180 0.9997 0.0163
vn -0.9859 -0.0033 -0.1676
vn -0.9921 -0.0043 -0.1252
vn -0.9942 -0.0047 -0.1079
vn -0.7920 0.1353 0.5954
vn 0.2792 -0.0001 -0.9602
vn 0.8220 -0.1799 0.5403
vn -0.8084 -0.0460 0.5868
vn 0.3311 0.9301 0.1590
vn -0.0007 1.0000 0.0010
vn -0.5374 -0.0057 0.8433
vn 0.6571 0.6372 0.4027
vn -0.8378 -0.1637 0.5209
vn -0.9760 0.0030 -0.2178
vn 0.8707 -0.0958 0.4824
vn -0.8736 -0.1399 0.4661
vn 0.7686 0.0200 -0.6394
vn 0.7078 0.1064 -0.6983
vn 0.8914 -0.1385 0.4315
vn -0.8907 -0.2205 0.3976
vn 0.1055 0.0013 -0.9944
vn 0.5945 -0.0031 -0.8041
vn 0.6660 0.0002 -0.7460
vn 0.6060 -0.0026 -0.7954
vn 0.9178 -0.1118 0.3809
vn -0.8058 -0.4014 -0.4354
vn -0.8166 -0.0038 0.5772
vn -0.7952 -0.0027 0.6063
vn -0.7781 -0.0018 0.6282
vn 0.3705 0.9205 0.1242
vn 0.1246 0.1446 -0.9816
vn 0.1276 0.2345 -0.9637
vn 0.9319 -0.1411 0.3340
vn -0.9026 -0.2263 0.3662
vn -0.9467 -0.1119 0.3021
vn 0.4538 0.8452 -0.2824
vn 0.9563 -0.1138 0.2693
vn 0.9666 -0.1447 0.2113
vn -0.9607 -0.1424 0.2382
vn -0.8202 -0.3958 0.4130
vn -0.7314 -0.1315 0.6692
vn -0.9985 -0.0069 0.0547
vn -0.9659 -0.1519 -0.2098
vn -0.9580 -0.0929 -0.2712
vn -0.0955 0.9952 -0.0194
vn 0.1036 0.9946 0.0028
vn -0.8921 0.0014 -0.4518
vn -0.9326 -0.1442 -0.3309
vn 0.6548 0.7440 -0.1330
vn 0.6563 0.7427 -0.1330
vn 0.9158 -0.1024 -0.3884
vn -0.9188 -0.0697 -0.3885
vn -0.8260 -0.2535 0.5035
vn -0.8242 -0.2587 0.5037
vn -0.8562 -0.1628 0.4903
vn -0.8531 -0.1719 0.4926
vn 0.8937 -0.1351 -0.4279
vn -0.8954 -0.0002 0.4454
vn 0.1245 0.9908 -0.0530
vn 0.5482 0.7904 -0.2733
vn 0.4973 0.8360 -0.2322
vn -0.9994 -0.0102 -0.0317
vn -0.9965 -0.0080 -0.0838
vn -0.9887 -0.0051 -0.1499
vn 0.8680 -0.1147 -0.4832
vn -0.4379 0.1896 -0.8788
vn -0.9708 0.1089 -0.2138
vn -0.9997 -0.0177 0.0195
vn -0.9984 -0.0012 -0.0565
vn -0.8489 -0.0052 -0.5285
vn 0.8288 -0.1703 -0.5330
vn 0.6027 -0.0020 0.7980
vn 0.6856 -0.0022 0.7280
vn 0.7561 -0.1966 -0.6243
vn 0.8195 -0.1079 -0.5629
vn -0.7878 0.1101 -0.6060
vn -0.5910 0.0132 0.8065
vn 0.5679 -0.0145 0.8229
vn 0.6067 -0.0099 0.7949
vn 0.6121 -0.0093 0.7907
vn 0.7026 0.0452 -0.7102
vn -0.8498 0.2488 0.4647
vn -0.8793 0.3274 0.3459
vn -0.6576 -0.4034 0.6363
vn -0.6540 -0.4143 0.6330
vn 0.5954 -0.1165 -0.7949
vn 0.6558 -0.0639 -0.7522
vn 0.3539 0.9350 0.0213
vn 0.2164 -0.1396 -0.9663
vn -0.2149 -0.1489 -0.9652
vn -0.2722 -0.1107 -0.9559
vn -0.3225 -0.1378 -0.9365
vn -0.0404 0.3629 -0.9310
vn -0.0483 0.3637 -0.9303
vn -0.3649 -0.1256 -0.9225
vn -0.4108 -0.1642 -0.8968
vn -0.8001 -0.5727 0.1785
vn 0.4162 0.0028 -0.9093
vn 0.3622 0.0036 -0.9321
vn 0.4007 -0.9051 -0.1424
vn -0.5923 0.6396 -0.4900
vn 0.4335 0.7373 -0.5182
vn 0.4223 0.7403 -0.5231
vn 0.5398 0.6640 -0.5174
vn 0.3961 -0.6604 -0.6379
vn -0.5516 -0.5710 -0.6080
vn -0.7284 0.1653 -0.6650
vn 0.3668 0.6092 0.7031
vn 0.5737 0.5031 0.6464
vn 0.5319 0.5534 0.6409
vn 0.2698 0.0097 0.9629
vn 0.4238 0.6997 0.5752
vn 0.3476 0.7544 0.5569
vn -0.7947 0.0367 -0.6059
vn 0.5174 0.7518 -0.4088
vn 0.4084 0.0160 0.9127
vn 0.3695 0.1835 0.9109
vn 0.3959 0.0757 0.9152
vn 0.4086 0.0269 0.9123
vn 0.4080 0.1421 0.9019
vn -0.3661 -0.7133 -0.5977
vn -0.7430 0.6103 0.2746
vn -0.6835 0.6233 0.3800
vn 0.0335 0.1126 0.9931
vn -0.0094 0.1001 0.9949
vn -0.5361 0.7432 -0.4003
vn 0.8013 0.1190 -0.5863
vn 0.4889 -0.7557 -0.4358
vn 0.5967 -0.5934 -0.5402
vn -0.3296 0.0008 -0.9441
vn -0.5271 0.7548 -0.3904
vn 0.2365 0.1348 -0.9622
vn 0.2326 0.2131 -0.9490
vn 0.2370 0.1222 -0.9638
vn 0.2128 0.0658 -0.9749
vn 0.2081 0.0552 -0.9765
vn 0.5947 0.6845 -0.4218
vn -0.8109 0.0786 0.5799
vn -0.7724 0.1005 0.6271
vn -0.7956 0.0955 0.5982
vn -0.9847 -0.0802 -0.1548
vn -0.9913 -0.1098 -0.0725
vn -0.9514 0.2916 -0.0989
vn -0.4893 0.0946 0.8670
vn -0.5094 0.0924 0.8556
vn -0.1527 -0.9814 -0.1162
vn 0.3468 0.6591 0.6673
vn 0.1074 -0.9907 -0.0830
vn 0.2068 -0.8949 -0.3954
vn 0.3086 -0.8517 -0.4234
vn -0.8169 0.1086 -0.5664
vn 0.6080 0.6695 -0.4267
vn 0.8018 0.1410 -0.5808
vn -0.4100 0.7089 -0.5739
vn -0.4112 0.7145 -0.5660
vn 0.5152 0.4794 -0.7104
vn 0.4766 0.5274 -0.7034
vn 0.5163 0.8540 0.0651
vn 0.5263 0.8483 0.0589
vn -0.7359 0.4730 -0.4844
vn 0.3037 -0.2934 -0.9065
vn 0.3054 -0.3133 -0.8992
vn -0.5757 0.8144 -0.0728
vn -0.5982 0.7880 -0.1458
vn -0.8993 0.0794 0.4300
vn 0.9937 0.0257 0.1090
vn 0.4459 0.0528 -0.8935
vn 0.4583 0.0466 -0.8876
vn 0.2596 0.0524 -0.9643
vn -0.5125 0.1745 0.8407
vn -0.5124 0.1758 0.8406
vn -0.5259 0.0022 0.8505
vn 0.5954 -0.0002 0.8035
vn 0.6462 -0.0028 0.7632
vn 0.6756 -0.0044 0.7373
vn 0.4787 0.0360 -0.8773
vn -0.3517 0.0979 -0.9310
vn -0.8182 0.1321 -0.5596
vn -0.3217 -0.5398 -0.7779
vn 0.9223 0.0003 -0.3864
vn 0.8949 0.1234 -0.4288
vn 0.8853 0.1597 -0.4368
vn -0.2545 0.1363 -0.9574
vn -0.2781 0.2033 -0.9388
vn 0.8793 0.1727 -0.4439
vn -0.8176 0.4402 -0.3711
vn -0.7030 0.5591 -0.4396
vn -0.7316 0.5169 -0.4444
vn 0.4274 0.0876 0.8998
vn -0.7806 -0.0045 -0.6250
vn -0.6799 -0.2731 -0.6806
vn -0.4589 -0.8449 -0.2748
vn -0.5651 -0.6905 -0.4515
vn 0.0846 -0.2943 -0.9519
vn 0.2503 -0.4113 -0.8765
vn 0.3258 -0.2445 -0.9133
vn 0.4430 -0.1828 -0.8777
vn -0.5789 0.7284 -0.3666
vn 0.0895 -0.9870 -0.1339
vn 0.5618 -0.6860 -0.4624
vn -0.2394 -0.4124 -0.8790
vn -0.1349 -0.3177 -0.9385
vn 0.2309 -0.0066 -0.9729
vn 0.9798 -0.0084 0.1997
vn 0.4790 -0.0216 -0.8776
vn -0.1491 0.0154 -0.9887
vn -0.2407 0.0024 -0.9706
vn -0.1598 0.0139 -0.9871
vn -0.2647 -0.0011 -0.9643
vn -0.2587 0.3307 -0.9076
vn -0.8954 0.1207 -0.4286
vn -0.9230 0.0076 -0.3846
vn -0.8856 0.1572 -0.4370
vn -0.5820 -0.7436 -0.3292
vn -0.4859 -0.8489 -0.2080
vn 0.1530 -0.7324 -0.6635
vn 0.1464 -0.7298 -0.6678
vn 0.2319 -0.7595 -0.6077
vn 0.0610 -0.6924 -0.7190
vn 0.2462 -0.0100 -0.9692
vn 0.8438 -0.5046 -0.1828
vn 0.6714 -0.1603 -0.7235
vn -0.0278 -0.8829 -0.4687
vn 0.6421 0.7603 -0.0977
vn -0.9612 0.1314 -0.2424
vn -0.9491 0.1803 -0.2582
vn -0.9386 0.2157 -0.2693
vn -0.9744 0.0710 -0.2133
vn -0.9768 0.0572 -0.2066
vn -0.2198 -0.9471 -0.2338
vn -0.2918 -0.9471 -0.1336
vn -0.2397 -0.9486 -0.2069
vn -0.8215 0.5483 0.1567
vn -0.8679 0.4536 0.2027
vn -0.7775 0.6091 0.1565
vn -0.3469 0.1033 0.9322
vn -0.3934 0.1019 0.9137
vn -0.7604 0.0011 0.6494
vn -0.8106 0.0010 0.5855
vn -0.9328 0.1569 -0.3245
vn 0.9337 0.1226 -0.3364
vn -0.8052 0.5743 -0.1477
vn 0.7940 -0.0096 0.6078
vn 0.6953 0.6730 -0.2522
vn 0.6426 0.6485 0.4080
vn 0.6248 0.6728 0.3961
vn -0.4842 0.5909 0.6453
vn -0.6094 0.7132 0.3463
vn -0.5937 0.5849 0.5527
vn -0.4756 0.5476 0.6884
vn -0.4684 0.5653 0.6790
vn -0.8386 0.4487 -0.3090
vn 0.9232 0.2964 0.2445
vn 0.9549 0.1651 0.2468
vn 0.5270 0.0015 -0.8499
vn -0.7067 0.6660 -0.2387
vn -0.9298 0.2008 -0.3084
vn 0.9326 0.1615 -0.3227
vn 0.0904 0.8586 0.5046
vn 0.9879 -0.0059 -0.1548
vn 0.7371 0.5972 -0.3163
vn 0.9077 0.3744 -0.1896
vn 0.8985 0.0069 0.4389
vn 0.8959 0.0441 0.4420
vn 0.8931 0.0728 0.4440
vn 0.7855 0.5807 0.2140
vn 0.8136 0.5426 0.2090
vn 0.6969 0.7015 -0.1492
vn 0.6990 0.7012 -0.1406
vn 0.3206 0.1922 0.9275
vn 0.3341 0.0019 0.9425
vn -0.0795 -0.0045 -0.9968
vn 0.6266 0.1521 0.7644
vn 0.6261 0.2327 0.7442
vn 0.5680 0.7245 0.3905
vn 0.4951 0.8020 0.3342
vn 0.9331 0.0022 -0.3595
vn -0.9749 0.0016 0.2228
vn 0.8572 0.0031 0.5150
vn 0.8377 0.1843 0.5141
vn -0.2781 0.1346 -0.9511
vn -0.2769 0.1096 -0.9546
vn -0.2800 0.1830 -0.9424
vn -0.8002 -0.5372 -0.2668
vn -0.0107 0.5922 -0.8057
vn -0.0114 0.5472 -0.8369
vn -0.0081 0.5131 -0.8583
vn 0.0366 0.6257 -0.7792
vn 0.1891 -0.9446 -0.2683
vn 0.1197 -0.9491 -0.2913
vn 0.1717 -0.9462 -0.2742
vn 0.2416 -0.9468 -0.2126
vn 0.2172 -0.9465 -0.2389
vn 0.8054 0.0102 0.5927
vn -0.7017 -0.1147 -0.7032
vn -0.7008 -0.0060 -0.7133
vn 0.5517 -0.8000 -0.2360
vn 0.6807 -0.6932 -0.2369
vn 0.6656 -0.7076 -0.2372
vn -0.8093 0.0011 -0.5874
vn 0.8819 -0.3255 0.3410
vn 0.4975 -0.7189 0.4855
vn 0.2837 -0.9568 -0.0633
vn 0.9475 0.1010 -0.3034
vn -0.4399 -0.0180 -0.8979
vn -0.8853 0.0506 -0.4622
vn -0.8856 0.0562 -0.4610
vn 0.6307 0.0897 0.7708
vn 0.9721 -0.0036 0.2344
vn -0.5009 0.6759 0.5406
vn -0.5108 0.6826 0.5226
vn 0.3448 0.2685 0.8994
vn 0.9099 0.3167 -0.2679
vn -0.8050 0.5791 -0.1289
vn -0.6743 0.7303 -0.1096
vn 0.9529 0.1048 -0.2847
vn 0.9433 0.1048 -0.3150
vn -0.4949 -0.3702 0.7861
vn -0.5634 -0.3322 0.7565
vn 0.7738 -0.6173 -0.1419
vn 0.3203 -0.4131 0.8525
vn 0.7208 -0.0069 0.6931
vn 0.7909 -0.0035 0.6119
vn -0.9835 0.0858 -0.1591
vn -0.9933 -0.0244 -0.1130
vn -0.9795 0.1146 -0.1659
vn 0.9786 0.1121 -0.1728
vn 0.9740 0.1393 -0.1784
vn 0.0751 0.2195 0.9727
vn -0.0680 0.3834 0.9211
vn 0.0042 0.3471 0.9378
vn 0.4814 0.8532 -0.2005
vn -0.7573 0.4526 -0.4708
vn -0.7686 0.4247 -0.4785
vn -0.6972 0.7078 -0.1137
vn -0.7102 0.6935 -0.1208
vn -0.6471 0.7585 -0.0776
vn 0.9588 0.1405 0.2468
vn 0.9617 0.1196 0.2467
vn 0.9693 0.0211 0.2450
vn -0.1291 -0.0011 0.9916
vn -0.0695 -0.0001 0.9976
vn -0.0446 0.0003 0.9990
vn -0.4879 0.3107 0.8158
vn -0.4404 0.2833 0.8519
vn -0.9868 0.1608 -0.0199
vn -0.2191 0.9403 -0.2605
vn -0.1688 0.9293 -0.3284
vn 0.0006 0.7942 -0.6077
vn -0.3567 0.8346 -0.4198
vn 0.8016 -0.5975 0.0211
vn -0.2602 -0.9655 -0.0093
vn 0.1292 0.4860 -0.8644
vn 0.8124 -0.0085 -0.5830
vn -0.5449 -0.6789 0.4921
vn -0.2973 -0.9165 0.2677
vn -0.6930 -0.4975 0.5218
vn -0.0854 0.0453 -0.9953
vn -0.3162 -0.3774 -0.8704
vn -0.1830 -0.2502 -0.9508
vn -0.1553 0.0348 -0.9873
vn -0.8497 -0.5233 0.0640
vn 0.2693 -0.9457 -0.1821
vn -0.9977 0.0245 0.0637
vn -0.1448 -0.9894 0.0117
vn -0.8711 -0.0762 0.4851
vn 0.6569 0.4325 0.6176
vn 0.6588 0.3965 0.6393
vn 0.6728 0.3312 0.6615
vn 0.6625 0.4328 0.6113
vn 0.7238 0.4463 0.5262
vn -0.1236 0.4394 -0.8897
vn 0.3824 0.7489 -0.5413
vn 0.4527 0.6704 -0.5880
vn -0.1502 -0.5161 -0.8433
vn -0.0749 0.6166 0.7837
vn -0.1263 0.5457 0.8284
vn 0.2081 0.9510 -0.2286
vn -0.2257 0.8108 -0.5401
vn -0.5013 -0.4006 0.7669
vn -0.5498 -0.2337 0.8020
vn -0.5610 -0.1819 0.8076
vn 0.2793 -0.8561 0.4349
vn 0.8470 -0.0024 0.5316
vn 0.8107 -0.5688 0.1389
vn 0.7885 -0.6080 0.0924
vn 0.8170 -0.5557 0.1536
vn 0.7637 -0.1458 0.6288
vn 0.7792 -0.2973 0.5518
vn 0.8705 -0.0805 0.4856
vn 0.9334 0.3571 -0.0359
vn 0.9574 0.2885 -0.0117
vn 0.9299 0.3641 -0.0524
vn -0.8016 0.5828 0.1338
vn -0.8552 0.5103 0.0905
vn -0.8936 0.4312 0.1245
vn -0.1706 -0.0048 0.9853
vn -0.1306 -0.0086 0.9914
vn -0.0984 -0.0117 0.9951
vn -0.9701 -0.0003 -0.2426
vn -0.9809 -0.0001 -0.1943
vn -0.9850 -0.0000 -0.1728
vn -0.8827 -0.4661 0.0596
vn -0.3264 -0.3968 -0.8579
vn 0.4796 -0.2330 -0.8460
vn 0.4992 -0.1308 -0.8566
vn 0.4254 -0.4275 -0.7977
vn 0.7214 -0.6550 -0.2247
vn 0.9231 -0.2756 -0.2683
vn 0.8830 -0.4432 -0.1543
vn -0.6520 0.0988 -0.7518
vn 0.7139 -0.0002 0.7002
vn -0.7480 0.0209 -0.6633
vn 0.4399 -0.0180 0.8979
vn 0.3728 0.2681 0.8883
vn -0.3444 0.4014 -0.8487
vn -0.3465 0.2180 -0.9124
vn -0.3421 0.1142 -0.9327
vn 0.2237 0.1064 -0.9688
vn 0.2002 0.1108 -0.9735
vn 0.1520 0.1194 -0.9811
vn -0.4358 0.3313 -0.8368
vn -0.2215 0.2217 -0.9496
vn -0.3338 0.2234 -0.9158
vn -0.2880 0.3265 -0.9003
vn -0.1197 0.4986 0.8585
vn 0.4309 0.2515 -0.8666
vn 0.4240 0.1079 -0.8992
vn 0.4143 0.0042 -0.9101
vn 0.7292 -0.0314 -0.6836
vn -0.4407 0.0950 -0.8926
vn 0.3083 0.0045 -0.9513
vn 0.7443 -0.0211 0.6675
vn 0.6744 -0.0116 0.7383
vn 0.7235 -0.0182 0.6901
vn -0.4913 -0.8688 0.0618
vn 0.4473 -0.8939 0.0299
vn 0.3938 -0.9172 0.0609
vn 0.4942 -0.8694 0.0017
vn 0.5538 -0.8318 -0.0359
vn -0.5297 0.8409 -0.1113
vn -0.9913 0.1195 0.0554
vn -0.9642 0.2632 -0.0306
vn -0.9823 0.1872 -0.0027
vn -0.9954 -0.0163 0.0945
vn 0.1405 0.7238 -0.6756
vn -0.6794 -0.7020 0.2136
vn -0.3733 -0.4245 -0.8249
vn 0.2077 0.1011 -0.9729
vn -0.2236 -0.0001 -0.9747
vn 0.4626 -0.5891 -0.6625
vn 0.5292 -0.5478 -0.6480
vn 0.4741 -0.5823 -0.6604
vn 0.4116 -0.6172 -0.6706
vn 0.7891 -0.5712 0.2258
vn 0.4916 -0.8455 0.2085
vn -0.7388 -0.0095 -0.6738
vn -0.7631 -0.0055 -0.6463
vn -0.7003 -0.0153 -0.7137
vn -0.9785 -0.0026 -0.2064
vn 0.5471 0.2905 -0.7850
vn 0.6107 0.1217 -0.7824
vn 0.4694 0.3164 -0.8244
vn 0.4320 0.2840 -0.8560
vn 0.1542 0.2139 -0.9646
vn 0.5059 0.2865 -0.8136
vn 0.4947 0.1121 -0.8618
vn 0.6275 0.0215 -0.7783
vn 0.8454 0.5067 0.1690
vn 0.4483 0.0706 -0.8911
vn 0.5198 0.0052 -0.8543
vn 0.3186 0.5798 0.7499
vn -0.5512 -0.0030 -0.8343
vn 0.5210 0.4446 0.7286
vn 0.4809 0.2758 0.8323
vn 0.5819 0.2315 0.7797
vn 0.5842 0.3472 0.7335
vn 0.5316 0.4542 0.7149
vn -0.9996 -0.0096 -0.0264
vn -0.8656 -0.0009 -0.5007
vn -0.8379 -0.0006 -0.5458
vn 0.5247 0.8455 0.0989
vn 0.7115 0.6466 0.2751
vn 0.7005 0.6594 0.2731
vn 0.5706 0.7833 0.2467
vn -0.9326 0.1321 0.3358
vn -0.9219 0.0065 0.3874
vn -0.9312 0.1718 0.3215
vn 0.6475 -0.0082 0.7620
vn -0.3340 0.6939 -0.6379
vn 0.9324 0.1490 0.3292
vn 0.9300 0.1901 0.3145
vn 0.9223 0.0044 0.3864
vn -0.2418 -0.0007 0.9703
vn -0.6247 0.7313 0.2738
vn -0.7334 0.6290 0.2578
vn -0.6931 0.6766 0.2485
vn -0.3501 0.7978 0.4909
vn -0.8948 0.1242 0.4289
vn 0.8960 0.1142 0.4291
vn 0.5365 -0.0032 -0.8439
vn 0.6435 -0.0089 -0.7654
vn 0.5784 -0.0054 -0.8157
vn -0.6683 0.7304 0.1409
vn -0.7238 0.6763 0.1366
vn -0.3045 -0.0001 -0.9525
vn 0.6301 -0.7070 0.3211
vn -0.4016 0.7920 -0.4599
vn 0.5558 0.7949 0.2434
vn 0.8866 0.1496 0.4376
vn 0.3698 0.7977 -0.4764
vn -0.3546 -0.2817 -0.8916
vn -0.2972 -0.0861 -0.9509
vn -0.7212 0.5949 0.3549
vn -0.1064 0.8555 0.5068
vn 0.3472 0.9378 0.0005
vn -0.8324 0.1771 -0.5251
vn 0.5206 0.5491 0.6538
vn 0.4627 0.6745 0.5753
vn 0.7307 -0.6827 -0.0081
vn 0.8890 -0.4571 -0.0273
vn -0.6508 -0.6815 0.3346
vn 0.1068 -0.7368 0.6677
vn 0.0672 -0.7064 0.7046
vn 0.1960 -0.7956 0.5733
vn -0.0335 -0.6181 0.7854
vn -0.1977 -0.9640 0.1780
vn -0.2778 -0.9430 0.1833
vn -0.2237 -0.9482 0.2258
vn -0.5029 -0.0277 0.8639
vn 0.0943 -0.9907 0.0978
vn -0.5093 -0.3691 0.7774
vn 0.1006 -0.0003 0.9949
vn -0.1988 0.0180 0.9799
vn -0.4503 0.0419 0.8919
vn 0.2839 0.2038 0.9370
vn 0.2626 0.3243 0.9088
vn 0.2510 0.1261 0.9597
vn -0.8853 0.1598 0.4368
vn -0.8570 -0.0010 -0.5153
vn -0.8041 -0.0087 -0.5944
vn -0.8454 -0.0028 -0.5341
vn 0.3177 -0.0640 0.9460
vn 0.2995 -0.0462 0.9530
vn 0.3162 -0.1088 0.9424
vn -0.6113 -0.6349 0.4725
vn -0.6025 -0.6662 0.4395
vn -0.6154 -0.6526 0.4420
vn -0.2421 -0.0241 0.9700
vn 0.4994 0.0445 0.8652
vn 0.5236 0.0527 0.8503
vn 0.3030 -0.0705 0.9504
vn 0.3509 -0.0329 0.9359
vn 0.2355 -0.1215 0.9642
vn 0.5934 -0.6969 0.4027
vn 0.5804 -0.7250 0.3708
vn 0.5997 -0.6818 0.4190
vn 0.5724 -0.7406 0.3519
vn -0.6439 -0.0611 0.7627
vn -0.6262 -0.0550 0.7777
vn -0.4764 0.0400 0.8783
vn -0.6360 -0.0003 -0.7717
vn 0.4163 0.0206 0.9090
vn 0.6535 -0.7514 0.0911
vn 0.3046 0.3392 0.8900
vn -0.3495 -0.5485 -0.7596
vn -0.3071 0.0506 0.9503
vn 0.7747 0.2071 -0.5975
vn 0.7920 0.1099 -0.6006
vn 0.3179 0.0936 0.9435
vn 0.8210 0.1303 0.5558
vn 0.8010 0.0415 0.5972
vn 0.8185 0.1041 0.5650
vn 0.4964 -0.7188 0.4867
vn 0.2012 0.7600 -0.6180
vn 0.1683 0.8436 -0.5099
vn -0.6619 -0.5911 0.4609
vn 0.0034 -1.0000 -0.0055
vn 0.0037 -1.0000 -0.0058
vn -0.0748 -0.9956 0.0565
vn 0.8394 -0.4732 0.2672
vn 0.8908 -0.3766 0.2542
vn 0.8676 -0.4234 0.2608
vn -0.0004 -1.0000 0.0004
vn 0.0001 -1.0000 0.0037
vn -0.0002 -1.0000 0.0019
vn -0.0575 -0.9792 0.1945
vn -0.1200 -0.9751 0.1867
vn 0.0018 -1.0000 -0.0033
vn 0.0487 -0.9929 -0.1090
vn 0.0017 -1.0000 -0.0068
vn 0.0804 -0.9955 0.0500
vn 0.0500 -0.9983 0.0313
vn 0.6475 -0.6216 0.4409
vn 0.6516 -0.5915 0.4749
vn 0.6391 -0.6402 0.4262
vn -0.5534 0.7300 0.4011
vn -0.6032 0.6324 0.4861
vn -0.5420 0.7466 0.3858
vn 0.9971 0.0028 -0.0760
vn 0.4351 0.4924 0.7538
vn 0.3192 0.4807 0.8167
vn 0.2598 0.3917 0.8827
vn 0.7446 0.1575 0.6486
vn 0.1989 -0.9140 -0.3537
vn 0.1118 -0.9195 -0.3769
vn 0.5855 -0.6487 0.4863
vn 0.2246 -0.9460 0.2338
vn 0.2185 -0.9457 0.2404
vn 0.2594 -0.9460 0.1946
vn 0.0310 -0.0119 0.9994
vn 0.0674 -0.0082 0.9977
vn 0.1212 -0.0027 0.9926
vn -0.7258 0.0006 0.6879
vn 0.6898 0.0260 0.7235
vn 0.7850 -0.6135 0.0856
vn 0.9259 0.2558 -0.2781
vn 0.9308 0.2435 -0.2726
vn 0.8563 0.3834 -0.3459
vn 0.8427 0.4016 -0.3585
vn 0.1435 0.4026 0.9040
vn 0.0330 0.3867 0.9216
vn 0.0578 0.3907 0.9187
vn -0.4800 0.7498 0.4554
vn 0.4570 0.7473 0.4824
vn -0.6616 0.1414 0.7364
vn -0.7647 -0.0141 0.6443
vn -0.7162 -0.0125 0.6978
vn -0.7122 -0.0123 0.7019
vn 0.1788 0.5979 0.7814
vn 0.1561 0.6355 0.7561
vn -0.5164 0.5678 0.6410
vn -0.5431 0.3795 0.7490
vn 0.7742 -0.4992 -0.3892
vn -0.5783 -0.8074 -0.1173
vn -0.7563 -0.6305 -0.1747
vn -0.7453 -0.6467 -0.1621
vn -0.6323 0.6254 0.4573
vn -0.6702 0.5804 0.4626
vn -0.6564 0.5207 0.5459
vn -0.6501 0.5491 0.5252
vn -0.1102 0.0007 -0.9939
vn -0.0751 -0.0000 -0.9972
vn -0.0204 0.8370 0.5467
vn 0.0225 0.8375 0.5459
vn 0.0618 0.8366 0.5443
vn -0.0071 1.0000 -0.0054
vn 0.2516 -0.6567 0.7109
vn 0.3099 -0.6114 0.7281
vn 0.3118 -0.7576 0.5734
vn 0.3146 -0.5889 0.7444
vn -0.2477 0.7736 -0.5833
vn 0.6119 0.0015 -0.7910
vn 0.4360 0.7078 0.5558
vn -0.6012 0.0170 0.7989
vn 0.6120 0.2141 0.7614
vn 0.9567 0.0056 -0.2910
vn 0.5859 0.0981 0.8044
vn -0.4510 -0.6256 0.6366
vn -0.7625 -0.0011 0.6470
vn -0.5549 0.1249 0.8225
vn 0.5801 0.0654 0.8119
vn -0.4961 0.4674 0.7317
vn 0.3553 -0.4060 0.8420
vn 0.3577 -0.3949 0.8462
vn -0.5447 0.1575 0.8237
vn 0.9113 0.0765 -0.4046
vn -0.4886 0.3700 0.7902
vn -0.7426 -0.5636 0.3620
vn -0.7306 -0.5903 0.3432
vn 0.4884 0.4673 0.7369
vn 0.6701 0.5775 0.4664
vn -0.9098 -0.1916 -0.3681
vn -0.8549 -0.3519 -0.3813
vn -0.9302 -0.1244 -0.3452
vn -0.2386 -0.9290 0.2830
vn 0.9599 0.2135 -0.1815
vn 0.9766 0.1181 -0.1799
vn -0.8961 0.0814 -0.4364
vn 0.8080 0.5758 -0.1246
vn 0.8400 0.5273 -0.1282
vn 0.2804 -0.9442 0.1726
vn 0.7609 -0.5766 -0.2977
vn -0.9799 0.0674 -0.1875
vn 0.9815 0.1215 -0.1478
vn -0.1610 0.5792 -0.7992
vn -0.1635 0.5495 -0.8194
vn -0.7288 0.6611 -0.1780
vn 0.3702 0.4326 0.8221
vn -0.4004 0.4350 0.8065
vn 0.7081 -0.0027 -0.7061
vn 0.2027 0.8539 0.4793
vn -0.2777 -0.8035 0.5265
vn -0.9139 -0.3198 -0.2500
vn -0.8150 -0.5161 -0.2634
vn -0.8570 -0.4682 -0.2150
vn -0.9557 -0.1376 -0.2603
vn -0.9654 0.2330 -0.1170
vn -0.9826 0.1273 -0.1353
vn 0.0156 -0.9937 0.1109
vn 0.8106 -0.5590 -0.1748
vn -0.4380 0.1521 0.8860
vn -0.4305 0.1188 0.8947
vn -0.3919 0.0122 0.9199
vn 0.1520 -0.5388 0.8286
vn -0.9358 0.3101 0.1676
vn -0.9719 0.1602 0.1722
vn -0.3342 0.0125 -0.9424
vn -0.6181 0.7338 0.2819
vn 0.1028 -0.9495 -0.2966
vn 0.8918 0.1021 0.4407
vn -0.7385 -0.6175 -0.2707
vn 0.6757 0.0006 -0.7372
vn 0.1250 0.7446 0.6557
vn -0.1621 0.5396 0.8261
vn 0.1125 0.7784 0.6176
vn 0.6592 0.7416 0.1248
vn -0.3714 -0.5233 0.7670
vn -0.3608 -0.5471 0.7553
vn -0.2674 -0.7041 0.6579
vn -0.0740 -0.8875 0.4547
vn -0.7689 0.6340 0.0826
vn -0.8156 0.5706 0.0959
vn 0.1684 -0.6534 0.7381
vn -0.7153 -0.3521 0.6036
vn -0.7687 -0.4150 0.4867
vn -0.8399 -0.2422 0.4857
vn 0.3094 -0.7836 0.5387
vn -0.2488 0.7599 0.6005
vn -0.2901 0.7169 0.6340
vn -0.2982 0.7059 0.6424
vn -0.2400 0.6951 0.6776
vn -0.2544 -0.5750 0.7776
vn 0.6744 -0.5714 0.4677
vn 0.6842 -0.6043 0.4083
vn 0.6762 -0.5769 0.4582
vn 0.6620 -0.5373 0.5226
vn -0.1601 -0.7905 0.5912
vn -0.1130 -0.6549 0.7472
vn -0.1486 -0.6282 0.7638
vn -0.0058 1.0000 -0.0009
vn -0.9993 -0.0006 0.0382
vn -0.4126 -0.9062 0.0920
vn -0.4055 -0.8976 0.1729
vn -0.4110 -0.9045 0.1143
vn -0.8840 -0.1657 0.4371
vn 0.1244 -0.7608 0.6369
vn 0.1010 -0.7861 0.6098
vn 0.1541 -0.7262 0.6700
vn 0.1762 -0.6985 0.6936
vn -0.6851 -0.5478 0.4802
vn -0.6259 -0.6101 0.4857
vn 0.2366 -0.6716 0.7021
vn -0.8598 0.0779 0.5046
vn -0.2715 0.3969 0.8768
vn -0.3910 0.3287 0.8597
vn -0.9003 0.0181 0.4349
vn -0.3360 0.1491 0.9300
vn -0.1710 0.1357 0.9759
vn -0.1618 0.0955 0.9822
vn -0.1074 -0.0804 0.9910
vn -0.2384 0.6754 0.6979
vn 0.7633 0.1297 0.6329
vn 0.7453 0.2616 0.6133
vn 0.7753 0.2615 0.5749
vn 0.8124 0.1765 0.5557
vn -0.8998 -0.0074 0.4362
vn -0.6641 -0.0108 0.7476
vn -0.5547 -0.0039 0.8321
vn -0.6392 -0.0091 0.7690
vn -0.8073 -0.0003 -0.5902
vn 0.5708 -0.8204 -0.0347
vn -0.9861 -0.0062 -0.1663
vn -0.9910 -0.0089 -0.1332
vn -0.9955 -0.0120 -0.0939
vn -0.9758 -0.0061 -0.2187
vn -0.8432 0.4005 0.3586
vn 0.4032 -0.8188 -0.4087
vn -0.3217 0.1875 0.9281
vn 0.5420 0.6744 0.5014
vn 0.5647 0.6581 0.4980
vn 0.9780 -0.0028 0.2084
vn -0.5321 -0.0025 0.8466
vn 0.8398 -0.0022 0.5429
vn -0.9471 0.1052 -0.3031
vn -0.0601 0.8352 0.5466
vn -0.4425 0.8511 0.2826
vn 0.5707 0.4339 -0.6971
vn 0.5778 0.4428 -0.6856
vn 0.9992 0.0258 0.0298
vn 0.9981 0.0241 0.0564
vn 0.9956 0.0160 -0.0919
vn 0.9975 0.0192 -0.0687
vn 0.1841 0.8059 0.5626
vn 0.2425 0.7594 0.6037
vn -0.1836 0.3793 0.9069
vn -0.1550 0.4659 0.8712
vn -0.2522 -0.5463 0.7987
vn 0.9312 -0.1588 0.3281
vn 0.6138 -0.5091 -0.6034
vn 0.6840 0.3902 -0.6163
vn 0.6364 0.5389 -0.5520
vn 0.6331 0.4725 -0.6132
vn -0.8438 0.0051 -0.5366
vn 0.2981 0.7398 0.6032
vn -0.0114 0.9401 0.3408
vn -0.0210 0.9998 -0.0004
vn -0.1024 0.7526 -0.6504
vn -0.0970 0.7814 -0.6165
vn -0.1458 -0.0007 -0.9893
vn -0.1099 -0.0006 -0.9939
vn -0.0664 -0.0006 -0.9978
vn 0.6796 0.2714 -0.6816
vn 0.4351 0.7028 0.5628
vn 0.4190 0.1451 -0.8963
vn 0.4057 0.2314 -0.8842
vn 0.4285 0.0638 -0.9013
vn 0.5601 0.7553 0.3404
vn 0.5846 0.7217 0.3708
vn -0.8934 -0.1288 0.4303
vn 0.5601 -0.8014 0.2101
vn -0.3711 -0.8985 -0.2343
vn -0.3072 -0.9081 -0.2846
vn -0.3500 -0.9024 -0.2513
vn -0.0779 -0.0169 0.9968
vn -0.9364 0.3497 -0.0297
vn -0.9470 0.3202 -0.0255
vn 0.9171 0.1356 0.3749
vn -0.9501 0.0624 0.3058
vn 0.8412 0.1336 0.5239
vn -0.1125 0.6889 -0.7161
vn -0.6283 0.6385 0.4445
vn 0.9868 -0.0020 0.1618
vn 0.9945 -0.0010 0.1052
vn 0.9833 -0.0023 0.1821
vn 0.9872 -0.0513 -0.1511
vn 0.9877 -0.1257 -0.0932
vn 0.9686 0.1045 -0.2257
vn 0.9834 0.1096 -0.1448
vn 0.9819 0.1090 -0.1548
vn 0.0804 -0.9808 0.1775
vn -0.3331 0.8456 -0.4172
vn -0.6959 0.7178 0.0228
vn -0.1951 0.8486 -0.4917
vn 0.3278 0.7603 -0.5608
vn 0.6463 0.7093 -0.2813
vn -0.5108 0.6081 -0.6078
vn -0.3344 -0.9424 0.0063
vn -0.3171 -0.9454 -0.0759
vn -0.3280 -0.9443 -0.0253
vn -0.9486 0.0060 0.3165
vn -0.7254 0.1628 0.6688
vn -0.8714 0.3374 0.3560
vn -0.5253 0.8469 -0.0823
vn 0.7381 0.0661 0.6715
vn -0.8874 -0.3051 0.3457
vn -0.7486 -0.1426 0.6475
vn -0.9204 -0.2516 -0.2992
vn -0.9239 0.1851 -0.3347
vn -0.8178 -0.5751 0.0194
vn -0.8906 -0.4321 -0.1419
vn 0.3143 -0.0075 -0.9493
vn -0.7797 -0.1370 -0.6109
vn -0.7082 0.2755 -0.6501
vn 0.8000 -0.5560 -0.2257
vn 0.6816 -0.7200 -0.1304
vn 0.1692 0.8098 0.5618
vn 0.3574 0.8106 0.4639
vn 0.3252 0.8790 0.3486
vn -0.2053 0.0001 0.9787
vn -0.9634 -0.1904 0.1889
vn -0.8826 -0.4368 0.1736
vn -0.9470 -0.2619 0.1859
vn -0.8929 0.3108 0.3257
vn -0.8853 0.2064 0.4167
vn -0.0040 -0.9111 -0.4121
vn -0.0408 -0.9109 -0.4107
vn 0.0600 -0.9086 -0.4133
vn 0.0201 -0.0025 0.9998
vn 0.8133 -0.0023 0.5819
vn 0.9535 0.0638 -0.2945
vn 0.7119 -0.6213 0.3274
vn 0.7033 -0.6360 0.3176
vn 0.9681 0.0007 0.2507
vn 0.8702 -0.2512 0.4238
vn -0.6029 0.7926 -0.0907
vn -0.8634 -0.4108 0.2928
vn -0.8494 -0.4324 0.3026
vn 0.1766 0.5381 -0.8242
vn 0.1966 0.5834 -0.7880
vn -0.5667 -0.7992 -0.2005
vn 0.3358 -0.1235 -0.9338
vn 0.2860 -0.1106 -0.9518
vn 0.5752 0.8078 -0.1284
vn 0.6612 0.3403 -0.6685
vn 0.2888 0.3634 -0.8857
vn -0.6970 0.2705 -0.6641
vn 0.9858 0.0031 -0.1680
vn 0.4777 0.6100 -0.6323
vn 0.5040 0.5359 -0.6774
vn -0.0978 0.4161 -0.9041
vn -0.9757 0.0002 0.2190
vn 0.8469 -0.0022 0.5317
vn -0.5291 -0.0028 0.8486
vn 0.7066 0.5031 0.4975
vn 0.6883 0.4886 0.5362
vn 0.7125 0.3886 0.5842
vn -0.9063 0.0014 -0.4227
vn -0.9390 -0.0026 -0.3438
vn -0.3131 0.2187 -0.9242
vn -0.0952 0.4419 -0.8920
vn -0.9993 -0.0169 -0.0327
vn 0.6430 0.1627 -0.7484
vn 0.1093 0.4336 0.8944
vn -0.2352 0.3005 0.9243
vn -0.2320 0.2488 0.9404
vn -0.6404 -0.0011 -0.7680
vn -0.6303 -0.0012 -0.7763
vn 0.9418 0.0025 -0.3362
vn 0.9204 0.0018 -0.3909
vn -0.1132 0.6591 -0.7435
vn 0.1613 0.0097 0.9869
vn -0.8390 0.4915 0.2333
vn -0.8386 0.4941 0.2293
vn 0.7275 0.0301 -0.6855
vn 0.7498 0.0245 -0.6612
vn 0.8035 0.0101 -0.5952
vn -0.7471 0.1581 -0.6456
vn 0.6773 -0.2785 0.6810
vn 0.6384 -0.4255 0.6414
vn -0.9046 0.4233 -0.0498
vn 0.3986 0.7280 -0.5578
vn -0.3554 0.7807 -0.5140
vn -0.8406 -0.0795 0.5358
vn 0.1513 0.3884 -0.9090
vn -0.5225 0.8455 0.1103
vn -0.0872 0.3910 0.9163
vn 0.6145 0.7311 0.2966
vn 0.4256 0.7955 -0.4313
vn 0.6927 0.5646 -0.4488
vn 0.6848 0.5428 -0.4862
vn 0.9953 0.0848 -0.0473
vn -0.2475 -0.5247 0.8145
vn -0.2438 -0.5568 0.7941
vn 0.1069 -0.1489 -0.9831
vn 0.4197 -0.5845 0.6944
vn -0.6230 -0.0957 0.7763
vn -0.6326 -0.1293 0.7636
vn -0.2621 -0.4419 0.8579
vn -0.8203 0.1657 0.5474
vn -0.7496 0.4080 0.5212
vn -0.7508 0.4047 0.5221
vn -0.8156 0.1887 0.5470
vn 0.8466 0.4245 0.3210
vn 0.7251 0.6650 0.1790
vn 0.5054 0.0382 -0.8621
vn -0.0061 -0.9789 0.2042
vn 0.1443 -0.9447 0.2944
vn 0.1309 -0.9450 0.2997
vn 0.0921 -0.9447 0.3147
vn 0.7831 0.6012 0.1590
vn 0.7666 0.6211 0.1629
vn 0.7111 0.6572 0.2497
vn -0.2573 0.2904 -0.9217
vn -0.2707 0.2460 -0.9307
vn 0.8217 -0.0013 -0.5699
vn 0.8285 -0.0051 0.5599
vn -0.3099 -0.9447 -0.1070
vn 0.0228 -0.9996 0.0143
vn 0.9429 -0.2413 0.2295
vn 0.9303 -0.2796 0.2374
vn 0.9562 -0.1939 0.2194
vn 0.8987 -0.0005 0.4385
vn -0.7888 0.6146 0.0112
vn 0.5058 0.1699 -0.8457
vn 0.5113 0.1057 -0.8529
vn 0.4417 -0.0004 0.8972
vn 0.7291 0.0920 -0.6782
vn 0.0814 -0.0865 -0.9929
vn -0.0474 0.0321 -0.9984
vn -0.8500 -0.2492 0.4641
vn -0.8480 -0.2190 0.4826
vn 0.8530 0.3796 0.3582
vn 0.7884 0.5000 0.3584
vn 0.4206 0.0837 -0.9034
vn 0.7818 0.5927 0.1937
vn -0.2047 -0.0027 -0.9788
vn -0.1581 -0.0042 -0.9874
vn -0.4145 0.7582 -0.5033
vn -0.7912 -0.0104 -0.6115
vn 0.9873 0.0069 -0.1585
vn -0.9005 -0.0004 0.4348
vn -0.1862 0.5290 0.8280
vn 0.0022 0.7951 0.6064
vn -0.3659 0.9135 -0.1779
vn -0.1275 0.9348 -0.3316
vn 0.0019 0.9393 -0.3432
vn -0.8355 0.1466 -0.5296
vn -0.8806 0.2390 -0.4091
vn -0.8677 0.2396 -0.4355
vn -0.7964 0.1470 -0.5867
vn -0.3272 -0.2863 -0.9005
vn -0.3054 -0.3180 -0.8976
vn -0.3303 -0.2818 -0.9008
vn -0.3573 -0.2407 -0.9024
vn 0.7030 0.5986 -0.3841
vn 0.7440 0.2482 -0.6204
vn 0.6455 -0.0943 -0.7579
vn 0.6235 0.1970 -0.7566
vn 0.2837 0.2595 -0.9231
vn 0.1595 0.4721 -0.8670
vn 0.7833 0.6150 -0.0911
vn -0.3294 0.4786 -0.8139
vn -0.0781 0.4880 -0.8693
vn -0.1418 0.4608 -0.8761
vn 0.8576 0.3018 -0.4165
vn -0.4285 0.1122 0.8965
vn 0.6633 0.0483 0.7468
vn 0.6040 0.4784 0.6374
vn -0.0791 -0.9121 0.4022
vn 0.2127 0.6197 -0.7555
vn 0.5228 -0.0055 -0.8525
vn 0.0136 0.3423 -0.9395
vn 0.1708 0.1750 -0.9696
vn -0.0491 0.0660 -0.9966
vn -0.6811 0.0967 -0.7258
vn -0.9797 0.0658 0.1895
vn -0.9450 0.1019 -0.3109
vn -0.7707 0.4685 -0.4319
vn -0.2887 0.9508 -0.1123
vn -0.7994 -0.3864 -0.4601
vn -0.8888 -0.2450 -0.3872
vn -0.2131 0.3949 -0.8937
vn 0.6808 -0.0110 -0.7324
vn 0.7258 -0.0121 -0.6878
vn 0.7289 -0.0121 -0.6845
vn -0.8902 0.3707 -0.2647
vn 0.1695 0.8092 -0.5626
vn 0.2866 0.9148 -0.2847
vn -0.2995 0.6431 -0.7047
vn -0.0588 0.3768 -0.9244
vn 0.4132 0.3549 -0.8387
vn 0.6576 0.4937 -0.5691
vn 0.7220 0.4485 -0.5268
vn 0.6401 -0.2517 -0.7259
vn 0.6080 -0.2802 -0.7428
vn 0.7844 -0.0953 -0.6129
vn 0.4848 -0.3757 -0.7898
vn 0.8644 0.4090 0.2923
vn 0.3054 0.9406 -0.1482
vn 0.9949 -0.1002 0.0064
vn -0.0363 -0.0078 -0.9993
vn 0.7736 0.5732 0.2703
vn -0.3083 0.5647 -0.7655
vn 0.2758 0.4301 -0.8596
vn -0.7812 0.4731 0.4073
vn -0.3127 0.9481 0.0573
vn -0.1260 0.9283 -0.3499
vn -0.1083 0.9679 -0.2267
vn -0.1471 0.8461 -0.5124
vn -0.0807 0.9955 -0.0490
vn -0.6615 0.2582 -0.7040
vn -0.5139 0.1748 -0.8399
vn 0.7782 -0.0134 -0.6279
vn -0.0467 0.2353 -0.9708
vn -0.1452 0.5921 0.7927
vn 0.9956 0.0219 0.0909
vn -0.2230 0.7280 -0.6483
vn 0.5252 0.5028 -0.6866
vn 0.3344 0.9417 -0.0373
vn 0.3463 0.9381 0.0083
vn 0.3304 0.9424 -0.0517
vn 0.3146 0.9431 -0.1072
vn -0.1771 0.8904 -0.4193
vn 0.8419 0.2253 -0.4904
vn -0.3215 0.8114 -0.4881
vn 0.2485 0.8090 -0.5328
vn -0.6552 0.3490 -0.6700
vn -0.8463 0.4245 -0.3218
vn 0.0415 0.5079 0.8604
vn 0.0605 0.5000 0.8639
vn 0.0327 0.5655 0.8241
vn 0.9022 0.3730 0.2168
vn -0.7080 0.4601 -0.5358
vn 0.8374 0.5404 -0.0822
vn -0.8474 0.5304 -0.0233
vn -0.7833 0.5735 -0.2398
vn -0.5581 0.4324 -0.7082
vn -0.6667 0.5657 -0.4853
vn -0.5490 0.4475 -0.7060
vn 0.4745 0.0015 0.8803
vn -0.7270 0.6448 -0.2361
vn -0.7310 0.6510 -0.2046
vn 0.7837 0.4612 0.4161
vn 0.7860 0.4365 0.4379
vn -0.3350 0.4407 -0.8328
vn 0.3938 0.8242 -0.4069
vn 0.5539 0.8322 0.0248
vn -0.2336 0.9690 0.0805
vn -0.8565 -0.2503 -0.4515
vn -0.8720 -0.2350 -0.4294
vn -0.9500 -0.1346 -0.2816
vn -0.7705 -0.3199 -0.5514
vn -0.0076 -0.0029 -1.0000
vn -0.8962 0.0018 0.4436
vn 0.8706 0.2781 -0.4059
vn 0.8623 0.2455 -0.4429
vn 0.2538 0.3638 -0.8963
vn 0.4900 0.2341 -0.8397
vn 0.3858 0.2435 -0.8899
vn 0.5725 0.7254 -0.3821
vn 0.8666 -0.3208 -0.3823
vn 0.2077 0.9698 -0.1277
vn 0.7357 0.1194 -0.6667
vn 0.5878 0.1445 -0.7960
vn -0.8643 0.4949 -0.0892
vn -0.8507 0.4512 -0.2698
vn -0.8765 0.4732 -0.0883
vn -0.8059 0.4704 -0.3595
vn -0.3766 0.7772 -0.5041
vn -0.2663 0.8895 -0.3713
vn -0.2434 0.9070 -0.3436
vn -0.9399 0.2134 -0.2666
vn -0.1526 0.9605 -0.2326
vn -0.3340 0.3910 -0.8576
vn -0.9238 0.3815 -0.0331
vn 0.2318 0.9122 -0.3378
vn 0.1880 0.9386 -0.2892
vn 0.2415 0.9057 -0.3485
vn 0.2890 0.8694 -0.4007
vn 0.8769 0.4728 0.0870
vn 0.8417 0.5030 -0.1964
vn 0.8646 0.4946 0.0891
vn -0.4639 0.8080 -0.3633
vn 0.1773 0.6541 -0.7354
vn -0.8882 0.4493 0.0963
vn -0.6368 0.3273 0.6981
vn -0.5788 0.3647 0.7294
vn -0.5575 0.4423 0.7025
vn 0.4824 -0.7264 0.4896
vn 0.4911 -0.7149 0.4978
vn -0.7882 0.6144 0.0363
vn -0.6936 -0.2706 0.6676
vn -0.5515 0.4589 0.6966
vn -0.9811 0.0017 0.1933
vn -0.5443 0.6934 0.4723
vn -0.0771 -0.0869 0.9932
vn -0.8715 -0.3130 0.3775
vn -0.1341 0.9852 0.1072
vn -0.7380 0.1188 0.6642
vn -0.5882 0.1443 0.7958
vn -0.5141 0.2151 0.8303
vn -0.3934 0.2355 0.8887
vn -0.2807 0.3407 0.8973
vn 0.8885 0.0629 -0.4546
vn 0.8935 0.1016 -0.4375
vn 0.9114 0.0506 -0.4084
vn 0.9079 0.0613 -0.4147
vn 0.8824 0.0273 -0.4697
vn 0.9997 -0.0062 -0.0223
vn 0.5951 0.6991 0.3963
vn 0.8876 -0.2287 0.3999
vn 0.8931 -0.2225 0.3909
vn 0.9463 -0.1496 0.2866
vn 0.8292 -0.2858 0.4804
vn -0.5976 -0.0014 -0.8018
vn -0.8413 0.5034 0.1967
vn -0.3090 0.8642 0.3971
vn -0.2747 0.8471 0.4550
vn -0.2594 0.8384 0.4793
vn -0.2270 0.8181 0.5284
vn 0.3780 -0.8398 0.3897
vn 0.3282 0.8274 0.4557
vn 0.2620 0.8879 0.3782
vn 0.3045 0.8509 0.4281
vn 0.3381 0.3876 0.8576
vn 0.9312 0.2245 0.2872
vn 0.8512 0.4509 0.2685
vn 0.8059 0.4704 0.3595
vn 0.3707 0.7795 0.5049
vn -0.5086 0.8022 0.3128
vn -0.3831 0.8118 0.4407
vn 0.4074 0.1599 0.8992
vn 0.5163 0.8120 0.2723
vn 0.5791 0.8109 0.0838
vn -0.7898 0.0082 -0.6133
vn 0.1842 0.7895 0.5855
vn -0.5924 -0.0043 0.8056
vn 0.9135 -0.3241 0.2461
vn 0.3505 -0.3909 -0.8511
vn -0.8386 0.0037 -0.5448
vn 0.3685 -0.8586 -0.3565
vn -0.3112 0.0712 -0.9477
vn -0.2762 0.2190 -0.9358
vn -0.9157 0.3225 -0.2399
vn -0.8776 0.3715 -0.3029
vn -0.9555 0.2105 -0.2066
vn -0.9899 0.0538 -0.1312
vn -0.2893 0.9346 0.2071
vn -0.9850 -0.1498 -0.0862
vn -0.1493 0.9361 0.3185
vn -0.5130 0.2874 0.8088
vn -0.6576 0.4937 0.5691
vn -0.7762 0.2394 0.5833
vn -0.7908 -0.0096 0.6120
vn 0.2743 0.2564 0.9268
vn 0.2921 0.6208 0.7275
vn 0.0633 0.3883 0.9194
vn -0.4007 -0.3199 0.8585
vn 0.0956 0.1163 0.9886
vn 0.2285 0.3837 0.8947
vn -0.7534 0.2339 0.6146
vn 0.8043 0.1785 0.5667
vn 0.8939 0.2827 0.3478
vn 0.9006 0.2146 0.3779
vn 0.2183 0.3700 0.9030
vn 0.7773 0.3687 0.5098
vn 0.9828 0.0451 -0.1791
vn 0.6811 0.0975 0.7256
vn 0.9449 0.1022 0.3109
vn 0.7707 0.4685 0.4319
vn 0.8009 -0.3842 0.4592
vn 0.8894 -0.2445 0.3862
vn 0.1602 0.8255 0.5411
vn 0.3008 0.9394 0.1644
vn 0.1912 0.9303 0.3131
vn 0.0801 0.9703 0.2283
vn -0.0051 0.3386 0.9409
vn -0.1982 0.2025 0.9590
vn 0.0271 0.0586 0.9979
vn 0.2192 0.7815 0.5842
vn -0.3344 0.9417 0.0373
vn -0.3463 0.9381 -0.0083
vn -0.3304 0.9424 0.0517
vn -0.3146 0.9431 0.1072
vn 0.1771 0.8904 0.4193
vn 0.2229 0.7280 0.6483
vn 0.7123 0.0009 -0.7019
vn -0.5252 0.5028 0.6866
vn -0.2898 0.9278 0.2349
vn -0.3137 0.9149 0.2540
vn -0.2344 0.9533 0.1905
vn -0.3962 0.8606 0.3201
vn -0.8745 0.2813 0.3952
vn -0.0310 0.2062 0.9780
vn 0.0025 0.3133 0.9496
vn 0.3127 0.9481 -0.0573
vn 0.1271 0.9283 0.3494
vn 0.1098 0.9679 0.2261
vn 0.1475 0.8467 0.5112
vn 0.0831 0.9952 0.0508
vn 0.7812 0.4731 -0.4073
vn 0.3070 0.5651 0.7658
vn -0.3078 0.1042 0.9457
vn -0.2649 0.4463 0.8548
vn -0.0334 0.8078 0.5885
vn -0.2272 0.8146 0.5336
vn -0.9238 0.2183 0.3145
vn -0.6903 0.7154 0.1085
vn -0.6027 0.7908 0.1066
vn 0.9990 -0.0004 -0.0440
vn 0.2090 -0.0030 -0.9779
vn 0.6332 -0.0104 0.7739
vn -0.9999 0.0003 -0.0155
vn -0.9999 0.0003 -0.0129
vn 0.9413 0.0026 0.3375
vn 1.0000 0.0028 0.0023
vn -0.4470 0.0004 -0.8945
vn -0.7913 0.4996 0.3525
vn -0.6420 -0.0917 0.7612
vn -0.7376 0.0592 0.6727
vn -0.5115 -0.0551 0.8575
vn -0.1904 0.8507 0.4899
vn 0.5963 -0.0288 0.8023
vn 0.5090 -0.1630 0.8452
vn 0.2789 -0.3286 0.9023
vn 0.2254 -0.3986 0.8890
vn 0.0316 0.9412 0.3362
vn 0.1276 0.8065 0.5773
vn 0.7673 -0.5077 0.3917
vn 0.7757 -0.4867 0.4016
vn 0.2771 0.5013 0.8197
vn 0.1438 0.4665 0.8728
vn -0.3804 -0.3677 -0.8486
vn -0.3462 0.7745 0.5294
vn 0.1469 0.3166 -0.9371
vn 0.1696 0.1439 -0.9750
vn -0.4137 0.8653 -0.2831
vn 0.9929 -0.0096 -0.1187
vn -0.8869 0.1072 -0.4494
vn 0.9908 -0.0051 -0.1356
vn -0.2013 0.0018 0.9795
vn 0.5881 0.0061 0.8088
vn -0.4110 -0.6606 -0.6283
vn -0.8409 0.0026 0.5411
vn -0.5542 0.4598 0.6939
vn 0.0045 -1.0000 -0.0064
vn -0.9859 -0.0026 -0.1672
vn -0.9991 0.0286 -0.0314
vn 0.5421 -0.8066 -0.2357
vn 0.9958 -0.0008 0.0913
vn -0.2858 -0.9099 -0.3007
vn 0.7069 0.5227 0.4765
vn 0.6825 0.5118 0.5218
vn 0.7177 0.5222 0.4606
vn 0.1379 0.7629 0.6316
vn 0.1834 -0.9428 0.2785
vn -0.9848 -0.0007 0.1735
vn -0.0488 -0.0023 0.9988
vn 0.2996 0.8579 -0.4175
vn 0.2439 0.7849 0.5695
vn 0.2299 0.7827 0.5784
vn 0.5806 0.7251 0.3701
vn 0.3972 0.8828 0.2509
vn -0.8641 0.4988 0.0670
vn 0.9846 0.0741 0.1581
vn 0.3994 0.8677 0.2961
vn 0.0935 0.9328 -0.3479
vn 0.8200 0.0053 -0.5724
vn -0.2027 -0.5513 0.8093
vn -0.0314 -0.0181 0.9993
vn -0.4939 0.7975 0.3465
vn -0.8545 0.1079 0.5081
vn -0.8277 0.1215 0.5479
vn -0.1040 -0.9075 -0.4069
vn 0.0077 -0.1915 0.9815
vn 0.9750 0.2214 0.0192
vn -0.1951 -0.9442 0.2654
vn 0.8941 0.0011 -0.4479
vn -0.4105 -0.6747 0.6134
vn -0.6723 -0.6122 0.4161
vn -0.0778 0.2619 0.9619
vn 0.0108 -0.0005 -0.9999
vn -0.3148 -0.5992 -0.7361
vn -0.7864 0.0151 0.6175
vn -0.3048 0.7773 -0.5503
vn 0.2979 -0.0231 -0.9543
vn -0.6296 0.0184 -0.7767
vn 0.6267 -0.1533 -0.7640
vn 0.2841 -0.3765 -0.8818
vn -0.2377 -0.5501 -0.8006
vn -0.3249 -0.1931 -0.9258
vn 0.5597 0.6964 0.4492
vn -0.6411 0.2472 0.7265
vn 0.8101 0.1363 -0.5703
vn -0.6756 0.1506 0.7217
vn -0.7553 0.2250 0.6155
vn 0.3769 0.2513 0.8915
vn 0.0995 0.3980 0.9120
vn 0.0744 0.1150 0.9906
vn 0.6431 0.0296 0.7652
vn -0.6701 -0.0197 -0.7420
vn -0.5808 0.0051 -0.8141
vn -0.2339 0.0017 -0.9723
vn 0.9450 -0.0007 -0.3272
vn 0.5506 -0.7390 0.3881
vn 0.6688 -0.2749 -0.6907
vn -0.6386 -0.6733 0.3725
vn -0.8274 -0.3848 0.4091
vn -0.7900 0.0008 0.6131
vn 0.4307 0.0014 -0.9025
vn 0.7778 -0.4895 0.3943
vn -0.8630 -0.1812 0.4715
vn 0.9831 -0.1298 0.1293
vn 0.9887 0.1182 0.0927
vn 0.1677 0.4055 0.8986
vn -0.4410 -0.3543 0.8246
vn 0.6541 0.5547 0.5143
vn 0.6227 0.6016 0.5003
vn -0.1151 -0.1615 0.9801
vn 0.9909 0.0191 0.1331
vn -0.4030 -0.8941 0.1955
vn 0.3364 0.7698 0.5424
vn 0.3688 0.7798 0.5060
vn 0.1073 -0.6664 0.7379
vn 0.9226 0.0121 -0.3855
vn -0.5264 0.8139 0.2459
vn -0.4054 0.0007 0.9141
vn 0.1602 0.3826 -0.9099
vn 0.3219 -0.1939 0.9267
vn 0.8998 0.1224 0.4187
vn -0.0235 -0.1517 0.9882
vt 0.515291 0.943624
vt 0.511925 0.939056
vt 0.522221 0.942412
vt 0.527842 0.946236
vt 0.533402 0.955352
vt 0.377257 0.559224
vt 0.378788 0.556999
vt 0.379480 0.563002
vt 0.377031 0.565197
vt 0.377866 0.619281
vt 0.376749 0.624234
vt 0.375257 0.629167
vt 0.373411 0.633773
vt 0.370867 0.638975
vt 0.365033 0.646241
vt 0.366460 0.731893
vt 0.364402 0.731534
vt 0.363210 0.646112
vt 0.365994 0.642933
vt 0.368692 0.639191
vt 0.370478 0.635730
vt 0.372510 0.630787
vt 0.375625 0.620126
vt 0.374551 0.565707
vt 0.376786 0.563590
vt 0.399164 0.565570
vt 0.400040 0.620277
vt 0.393621 0.619130
vt 0.393129 0.565534
vt 0.597691 0.342828
vt 0.595458 0.349146
vt 0.593964 0.347584
vt 0.595892 0.342740
vt 0.089616 0.648653
vt 0.088671 0.647330
vt 0.089389 0.643123
vt 0.090556 0.643963
vt 0.206794 0.137880
vt 0.205720 0.088853
vt 0.212055 0.090640
vt 0.210712 0.137982
vt 0.683319 0.329934
vt 0.689919 0.321733
vt 0.692421 0.325649
vt 0.686175 0.333772
vt 0.677937 0.347333
vt 0.673838 0.345351
vt 0.353714 0.002624
vt 0.359299 0.140749
vt 0.360000 0.185971
vt 0.356973 0.209691
vt 0.351903 0.144307
vt 0.349780 0.002449
vt 0.213787 0.963366
vt 0.209406 0.969556
vt 0.205514 0.959453
vt 0.207894 0.948193
vt 0.640913 0.527576
vt 0.640620 0.523606
vt 0.644919 0.523628
vt 0.645200 0.527551
vt 0.573757 0.002422
vt 0.575591 0.002576
vt 0.575642 0.014932
vt 0.573792 0.014916
vt 0.243630 0.749098
vt 0.245574 0.755030
vt 0.244137 0.754944
vt 0.241947 0.747541
vt 0.528140 0.777799
vt 0.547211 0.779082
vt 0.557005 0.789655
vt 0.536665 0.786375
vt 0.527699 0.786564
vt 0.495355 0.678123
vt 0.478042 0.671663
vt 0.491279 0.627097
vt 0.509090 0.614239
vt 0.501560 0.647497
vt 0.048962 0.298015
vt 0.045673 0.300507
vt 0.043087 0.300836
vt 0.046356 0.298132
vt 0.210179 0.077143
vt 0.208028 0.079018
vt 0.205233 0.084415
vt 0.204231 0.089031
vt 0.199433 0.002610
vt 0.209049 0.002013
vt 0.439459 0.140458
vt 0.428241 0.140640
vt 0.423664 0.052187
vt 0.426363 0.002625
vt 0.435608 0.002444
vt 0.552432 0.017923
vt 0.563007 0.017543
vt 0.563366 0.021310
vt 0.552626 0.021811
vt 0.680655 0.538012
vt 0.680783 0.541848
vt 0.674174 0.542066
vt 0.674357 0.538115
vt 0.385395 0.619321
vt 0.384739 0.565417
vt 0.561585 0.015117
vt 0.561523 0.002925
vt 0.322610 0.084087
vt 0.321850 0.087319
vt 0.321433 0.090256
vt 0.317705 0.049751
vt 0.326283 0.076878
vt 0.325266 0.077928
vt 0.323336 0.081400
vt 0.331245 0.083032
vt 0.636596 0.345095
vt 0.636253 0.337959
vt 0.634928 0.325555
vt 0.634108 0.320691
vt 0.632681 0.286566
vt 0.645424 0.286397
vt 0.644179 0.439738
vt 0.632880 0.440520
vt 0.415104 0.669358
vt 0.415602 0.683028
vt 0.408724 0.704547
vt 0.410345 0.690223
vt 0.231232 0.112563
vt 0.223160 0.091227
vt 0.222281 0.087675
vt 0.860237 0.312211
vt 0.851934 0.305553
vt 0.854405 0.301877
vt 0.870828 0.316139
vt 0.880203 0.327122
vt 0.878106 0.331611
vt 0.867431 0.319089
vt 0.866153 0.851131
vt 0.871966 0.851716
vt 0.872413 0.871887
vt 0.865751 0.862819
vt 0.098364 0.001508
vt 0.100909 0.063921
vt 0.082553 0.087754
vt 0.085821 0.001473
vt 0.901962 0.987337
vt 0.892809 0.982196
vt 0.902585 0.980439
vt 0.913203 0.984125
vt 0.997567 0.450689
vt 0.992657 0.452096
vt 0.989683 0.441514
vt 0.989300 0.430081
vt 0.995944 0.438140
vt 0.028928 0.183265
vt 0.006019 0.183502
vt 0.007215 0.138330
vt 0.028915 0.138064
vt 0.546230 0.212983
vt 0.540741 0.213182
vt 0.539672 0.206276
vt 0.546153 0.206587
vt 0.553951 0.278454
vt 0.549791 0.278454
vt 0.549859 0.273767
vt 0.553669 0.273717
vt 0.027338 0.665375
vt 0.027608 0.669210
vt 0.025859 0.669865
vt 0.025472 0.663328
vt 0.258540 0.522674
vt 0.250708 0.514843
vt 0.257965 0.519748
vt 0.610132 0.542282
vt 0.597670 0.544181
vt 0.588818 0.541719
vt 0.867392 0.828682
vt 0.862785 0.819165
vt 0.865581 0.807608
vt 0.869345 0.809304
vt 0.285929 0.559548
vt 0.286536 0.565619
vt 0.285645 0.563648
vt 0.274768 0.559863
vt 0.948952 0.199789
vt 0.946223 0.194875
vt 0.955405 0.184403
vt 0.965455 0.168151
vt 0.972367 0.166331
vt 0.961552 0.185449
vt 0.365792 0.776235
vt 0.362249 0.782774
vt 0.361104 0.781570
vt 0.364237 0.775578
vt 0.244480 0.679834
vt 0.244189 0.677499
vt 0.248309 0.677003
vt 0.247674 0.679611
vt 0.887047 0.827737
vt 0.888210 0.821145
vt 0.890350 0.815599
vt 0.894663 0.809891
vt 0.896064 0.816032
vt 0.893321 0.820014
vt 0.890932 0.825685
vt 0.890476 0.880919
vt 0.887042 0.880939
vt 0.217445 0.565307
vt 0.216680 0.561338
vt 0.219427 0.561328
vt 0.219828 0.565177
vt 0.990851 0.483675
vt 0.992898 0.486009
vt 0.989856 0.485817
vt 0.259252 0.524624
vt 0.296067 0.536123
vt 0.265373 0.528217
vt 0.296469 0.799995
vt 0.282129 0.800308
vt 0.285569 0.776708
vt 0.289285 0.769359
vt 0.293572 0.756257
vt 0.295048 0.747391
vt 0.185656 0.996966
vt 0.156276 0.996668
vt 0.156336 0.951542
vt 0.185656 0.951750
vt 0.217716 0.546670
vt 0.223789 0.546198
vt 0.223973 0.558610
vt 0.218043 0.558922
vt 0.705463 0.276139
vt 0.705457 0.269677
vt 0.707748 0.269787
vt 0.707748 0.276286
vt 0.986886 0.862781
vt 0.992982 0.862638
vt 0.992741 0.887577
vt 0.986293 0.887507
vt 0.975352 0.485659
vt 0.986990 0.485740
vt 0.986990 0.538817
vt 0.974793 0.538927
vt 0.935388 0.444545
vt 0.931709 0.425808
vt 0.937764 0.411101
vt 0.946406 0.425684
vt 0.944898 0.458273
vt 0.385020 0.559028
vt 0.387693 0.559206
vt 0.387193 0.563118
vt 0.384670 0.562841
vt 0.338330 0.282196
vt 0.334324 0.280004
vt 0.355414 0.282762
vt 0.347816 0.283428
vt 0.127645 0.461417
vt 0.117917 0.461674
vt 0.118386 0.451212
vt 0.127959 0.453803
vt 0.394824 0.523561
vt 0.389327 0.527073
vt 0.394180 0.519517
vt 0.405360 0.514209
vt 0.395112 0.521479
vt 0.989137 0.529822
vt 0.991070 0.531794
vt 0.986990 0.532088
vt 0.402043 0.514250
vt 0.029910 0.670675
vt 0.030861 0.690741
vt 0.028196 0.688030
vt 0.027608 0.668277
vt 0.028513 0.656358
vt 0.030861 0.656825
vt 0.263182 0.620627
vt 0.250818 0.620096
vt 0.246981 0.566848
vt 0.264517 0.566379
vt 0.644575 0.466946
vt 0.640358 0.467531
vt 0.638875 0.462197
vt 0.643436 0.461909
vt 0.287732 0.537334
vt 0.286505 0.541885
vt 0.278154 0.537880
vt 0.907462 0.484643
vt 0.908962 0.485983
vt 0.904664 0.486817
vt 0.294553 0.540939
vt 0.670286 0.541524
vt 0.671053 0.544052
vt 0.663800 0.542374
vt 0.084291 0.500592
vt 0.086532 0.501910
vt 0.082124 0.503357
vt 0.154491 0.996760
vt 0.129106 0.997322
vt 0.129317 0.995054
vt 0.154753 0.994642
vt 0.304350 0.537312
vt 0.326423 0.539358
vt 0.313524 0.538553
vt 0.528869 0.539222
vt 0.531953 0.541895
vt 0.513107 0.538465
vt 0.519092 0.541460
vt 0.550403 0.767663
vt 0.530405 0.763521
vt 0.515762 0.741962
vt 0.543402 0.752092
vt 0.662169 0.963972
vt 0.661962 0.990928
vt 0.657251 0.993488
vt 0.653485 0.975330
vt 0.652871 0.954416
vt 0.486691 0.462714
vt 0.484761 0.461561
vt 0.487154 0.451937
vt 0.489285 0.445730
vt 0.491630 0.440280
vt 0.492648 0.441034
vt 0.489782 0.448287
vt 0.487843 0.455227
vt 0.975940 0.822853
vt 0.984345 0.817449
vt 0.984164 0.834173
vt 0.972105 0.836361
vt 0.088598 0.648653
vt 0.090102 0.652449
vt 0.091062 0.702046
vt 0.088598 0.704943
vt 0.488749 0.537488
vt 0.488893 0.539810
vt 0.486508 0.539753
vt 0.667398 0.272195
vt 0.670507 0.270542
vt 0.670507 0.272683
vt 0.669302 0.278670
vt 0.478613 0.539077
vt 0.480496 0.538154
vt 0.478414 0.537319
vt 0.636989 0.455876
vt 0.634793 0.450857
vt 0.637798 0.448526
vt 0.641183 0.455390
vt 0.486750 0.537872
vt 0.486996 0.525008
vt 0.488432 0.522917
vt 0.220674 0.621888
vt 0.219410 0.567411
vt 0.221369 0.567642
vt 0.222365 0.621764
vt 0.690026 0.141012
vt 0.705327 0.140285
vt 0.705321 0.185419
vt 0.701737 0.185766
vt 0.690021 0.186245
vt 0.255466 0.937979
vt 0.295930 0.916864
vt 0.294072 0.932005
vt 0.259512 0.957713
vt 0.244112 0.950578
vt 0.767994 0.279507
vt 0.784924 0.278681
vt 0.804639 0.280561
vt 0.801955 0.284590
vt 0.785949 0.283209
vt 0.774506 0.283462
vt 0.760707 0.285193
vt 0.752764 0.282353
vt 0.116561 0.430837
vt 0.106383 0.429611
vt 0.107488 0.416298
vt 0.116859 0.414614
vt 0.185238 0.944143
vt 0.155929 0.944218
vt 0.155381 0.941107
vt 0.184773 0.941160
vt 0.194495 0.803739
vt 0.194495 0.827363
vt 0.192303 0.825503
vt 0.259362 0.755138
vt 0.259563 0.773727
vt 0.253837 0.769531
vt 0.248957 0.762733
vt 0.241129 0.736514
vt 0.239301 0.647777
vt 0.251546 0.647447
vt 0.245765 0.738716
vt 0.248929 0.746505
vt 0.254781 0.752812
vt 0.327264 0.075676
vt 0.053148 0.193542
vt 0.056175 0.199342
vt 0.058184 0.201021
vt 0.063940 0.201469
vt 0.060162 0.238254
vt 0.056533 0.276612
vt 0.048999 0.276398
vt 0.051463 0.186516
vt 0.987530 0.483646
vt 0.608109 0.339040
vt 0.602915 0.343624
vt 0.600842 0.338208
vt 0.604430 0.334653
vt 0.608689 0.332601
vt 0.925590 0.265065
vt 0.923810 0.235229
vt 0.930212 0.234685
vt 0.931946 0.264709
vt 0.363370 0.742703
vt 0.362004 0.750341
vt 0.360590 0.755718
vt 0.358081 0.762657
vt 0.355288 0.748627
vt 0.357956 0.743653
vt 0.359402 0.738405
vt 0.358834 0.675839
vt 0.356196 0.675876
vt 0.351379 0.646133
vt 0.040828 0.000562
vt 0.045959 0.000751
vt 0.051695 0.037574
vt 0.050702 0.098204
vt 0.051475 0.138913
vt 0.042764 0.276190
vt 0.038127 0.068491
vt 0.992607 0.529828
vt 0.131087 0.494277
vt 0.130963 0.490094
vt 0.133987 0.490568
vt 0.133916 0.494590
vt 0.696347 0.903877
vt 0.699260 0.906030
vt 0.694327 0.905732
vt 0.226327 0.546717
vt 0.226547 0.558680
vt 0.192707 0.745330
vt 0.193030 0.734922
vt 0.194734 0.736059
vt 0.194415 0.744645
vt 0.609726 0.969985
vt 0.615537 0.968456
vt 0.613945 0.983091
vt 0.608569 0.978572
vt 0.066850 0.199636
vt 0.070120 0.193991
vt 0.069403 0.196154
vt 0.078278 0.226395
vt 0.700432 0.644567
vt 0.710081 0.660274
vt 0.705214 0.683016
vt 0.698506 0.665967
vt 0.692755 0.653243
vt 0.262816 0.532283
vt 0.051986 0.878316
vt 0.051737 0.881795
vt 0.048882 0.881975
vt 0.049144 0.876884
vt 0.120396 0.612398
vt 0.122922 0.612207
vt 0.117623 0.617131
vt 0.114516 0.617989
vt 0.359777 0.537343
vt 0.380092 0.534909
vt 0.367399 0.539840
vt 0.230315 0.621247
vt 0.229469 0.567308
vt 0.002377 0.415474
vt 0.001839 0.416879
vt 0.015366 0.320577
vt 0.426032 0.939646
vt 0.418654 0.943952
vt 0.401583 0.944504
vt 0.401558 0.941601
vt 0.077701 0.404058
vt 0.076107 0.404635
vt 0.070380 0.398927
vt 0.072775 0.399315
vt 0.451364 0.439494
vt 0.454223 0.441508
vt 0.453101 0.448031
vt 0.456393 0.449983
vt 0.446494 0.471574
vt 0.691521 0.892272
vt 0.979184 0.752450
vt 0.978611 0.774988
vt 0.976330 0.778398
vt 0.977633 0.752319
vt 0.583402 0.347106
vt 0.579441 0.440924
vt 0.578880 0.439375
vt 0.941940 0.263612
vt 0.938412 0.263181
vt 0.962885 0.257403
vt 0.900747 0.233950
vt 0.917851 0.233996
vt 0.921421 0.234556
vt 0.896377 0.234563
vt 0.067860 0.661572
vt 0.067363 0.665722
vt 0.064786 0.668144
vt 0.065498 0.662062
vt 0.875609 0.000310
vt 0.898077 0.004322
vt 0.910854 0.008651
vt 0.910393 0.014297
vt 0.896830 0.009631
vt 0.886234 0.007126
vt 0.874634 0.005606
vt 0.508662 0.709112
vt 0.500734 0.723845
vt 0.489013 0.702296
vt 0.679050 0.985325
vt 0.681765 0.986064
vt 0.681397 0.990038
vt 0.678731 0.989145
vt 0.489189 0.524955
vt 0.930710 0.883990
vt 0.930603 0.875940
vt 0.937063 0.875164
vt 0.937364 0.884108
vt 0.366803 0.544371
vt 0.368214 0.556719
vt 0.351293 0.556600
vt 0.348684 0.543992
vt 0.427163 0.583869
vt 0.429357 0.561990
vt 0.432072 0.555358
vt 0.432880 0.571563
vt 0.192816 0.730088
vt 0.194470 0.727666
vt 0.906562 0.957099
vt 0.915793 0.961815
vt 0.915505 0.973609
vt 0.905717 0.971446
vt 0.431728 0.202834
vt 0.434092 0.201289
vt 0.442864 0.209735
vt 0.934397 0.233950
vt 0.934145 0.259288
vt 0.931921 0.234593
vt 0.934719 0.247416
vt 0.185886 0.482795
vt 0.186323 0.474842
vt 0.189698 0.472846
vt 0.189275 0.481041
vt 0.726767 0.096686
vt 0.723795 0.094744
vt 0.726293 0.089492
vt 0.729932 0.090765
vt 0.998199 0.034562
vt 0.994980 0.054287
vt 0.991556 0.053496
vt 0.992063 0.036505
vt 0.272761 0.545320
vt 0.285642 0.544950
vt 0.285887 0.557284
vt 0.272587 0.557511
vt 0.678554 0.605287
vt 0.668113 0.587550
vt 0.689310 0.599176
vt 0.690457 0.612444
vt 0.160446 0.311601
vt 0.160374 0.315104
vt 0.151050 0.314660
vt 0.480208 0.522223
vt 0.469169 0.521524
vt 0.469328 0.517750
vt 0.480569 0.518268
vt 0.511299 0.268351
vt 0.511126 0.277648
vt 0.505004 0.275158
vt 0.505214 0.270834
vt 0.670545 0.276838
vt 0.670507 0.270542
vt 0.672912 0.270657
vt 0.672912 0.277280
vt 0.848913 0.876757
vt 0.862107 0.875452
vt 0.863104 0.879599
vt 0.851402 0.880617
vt 0.601416 0.896061
vt 0.587638 0.895160
vt 0.593084 0.882307
vt 0.602299 0.883808
vt 0.807681 0.876096
vt 0.814133 0.878711
vt 0.792623 0.880343
vt 0.774097 0.883047
vt 0.773658 0.879969
vt 0.785032 0.878592
vt 0.947124 0.923548
vt 0.953754 0.923120
vt 0.953550 0.930684
vt 0.947180 0.932184
vt 0.582617 0.017049
vt 0.582832 0.021191
vt 0.576757 0.021046
vt 0.576470 0.017277
vt 0.860082 0.805276
vt 0.856895 0.817482
vt 0.850027 0.805795
vt 0.858346 0.794215
vt 0.957674 0.405765
vt 0.955729 0.420720
vt 0.951796 0.408591
vt 0.954986 0.394869
vt 0.975487 0.351623
vt 0.974535 0.377992
vt 0.973371 0.351720
vt 0.588383 0.526868
vt 0.601393 0.523219
vt 0.604720 0.527152
vt 0.423081 0.810920
vt 0.431973 0.811360
vt 0.433918 0.817218
vt 0.422225 0.817067
vt 0.361363 0.193685
vt 0.362387 0.196761
vt 0.363507 0.199075
vt 0.365762 0.202122
vt 0.369696 0.278446
vt 0.359645 0.278102
vt 0.790877 0.206797
vt 0.796956 0.204826
vt 0.812174 0.215137
vt 0.821128 0.219363
vt 0.822670 0.225923
vt 0.802875 0.215786
vt 0.058870 0.685122
vt 0.061094 0.692925
vt 0.058745 0.690577
vt 0.056111 0.679558
vt 0.969883 0.351707
vt 0.970868 0.381973
vt 0.969501 0.381882
vt 0.755024 0.571962
vt 0.762822 0.566945
vt 0.751703 0.577408
vt 0.746235 0.579845
vt 0.787981 0.037126
vt 0.785723 0.031821
vt 0.797127 0.022219
vt 0.810305 0.013992
vt 0.810194 0.020281
vt 0.803577 0.024453
vt 0.988765 0.260228
vt 0.969241 0.241306
vt 0.993881 0.260795
vt 0.451886 0.668034
vt 0.449880 0.668765
vt 0.450725 0.663269
vt 0.452870 0.661709
vt 0.372800 0.202974
vt 0.366908 0.202963
vt 0.637869 0.521068
vt 0.637283 0.466808
vt 0.693969 0.891958
vt 0.996035 0.618393
vt 0.991951 0.618782
vt 0.991293 0.607470
vt 0.998078 0.609502
vt 0.900607 0.806336
vt 0.900905 0.812589
vt 0.508417 0.019984
vt 0.506231 0.017609
vt 0.509632 0.017713
vt 0.511765 0.020052
vt 0.026883 0.998812
vt 0.024539 0.998581
vt 0.027141 0.985904
vt 0.907940 0.469932
vt 0.909861 0.470250
vt 0.909608 0.472486
vt 0.911456 0.472787
vt 0.981647 0.351451
vt 0.982704 0.378037
vt 0.536868 0.527560
vt 0.549407 0.525528
vt 0.549381 0.527966
vt 0.213711 0.977058
vt 0.210446 0.984343
vt 0.204787 0.972907
vt 0.521864 0.283360
vt 0.540632 0.284277
vt 0.538200 0.293559
vt 0.525015 0.292980
vt 0.518448 0.296853
vt 0.470297 0.232929
vt 0.476448 0.195152
vt 0.477423 0.197344
vt 0.224252 0.630579
vt 0.226569 0.637678
vt 0.228499 0.642088
vt 0.227569 0.643059
vt 0.224851 0.637307
vt 0.222741 0.630870
vt 0.698615 0.800631
vt 0.699260 0.802126
vt 0.696464 0.803454
vt 0.365631 0.741178
vt 0.193660 0.609772
vt 0.191638 0.611115
vt 0.192843 0.554683
vt 0.194786 0.557316
vt 0.983188 0.899202
vt 0.986092 0.888190
vt 0.986092 0.912744
vt 0.983721 0.913035
vt 0.190909 0.902588
vt 0.193785 0.914906
vt 0.190909 0.928985
vt 0.519620 0.526769
vt 0.523054 0.524415
vt 0.511977 0.026079
vt 0.508797 0.023903
vt 0.512234 0.023905
vt 0.515283 0.026185
vt 0.747413 0.748606
vt 0.762945 0.762349
vt 0.760981 0.762928
vt 0.746759 0.750694
vt 0.738215 0.740805
vt 0.892456 0.810958
vt 0.891466 0.794174
vt 0.896579 0.788836
vt 0.901401 0.786327
vt 0.899780 0.805767
vt 0.919940 0.812375
vt 0.915207 0.807878
vt 0.910582 0.805472
vt 0.915568 0.790326
vt 0.920898 0.797200
vt 0.923732 0.802459
vt 0.925942 0.807974
vt 0.928896 0.819930
vt 0.929984 0.828392
vt 0.930047 0.913417
vt 0.910779 0.913504
vt 0.906033 0.884134
vt 0.920642 0.884091
vt 0.925403 0.883724
vt 0.924362 0.821584
vt 0.922505 0.816464
vt 0.301646 0.275367
vt 0.296349 0.123452
vt 0.311591 0.183017
vt 0.314209 0.275492
vt 0.037452 0.808845
vt 0.039450 0.752591
vt 0.042473 0.754685
vt 0.042707 0.780652
vt 0.040582 0.808700
vt 0.037588 0.821845
vt 0.455440 0.988828
vt 0.451794 0.989307
vt 0.451557 0.976848
vt 0.908280 0.466055
vt 0.910132 0.466657
vt 0.063100 0.966933
vt 0.060070 0.966362
vt 0.058715 0.912946
vt 0.061624 0.912965
vt 0.710653 0.259285
vt 0.713466 0.235983
vt 0.716215 0.227591
vt 0.717760 0.220389
vt 0.718903 0.213810
vt 0.719985 0.259816
vt 0.528124 0.520749
vt 0.549607 0.521573
vt 0.505977 0.519741
vt 0.503467 0.523361
vt 0.029655 0.920479
vt 0.041466 0.910128
vt 0.028836 0.924549
vt 0.490371 0.522614
vt 0.488841 0.518599
vt 0.327974 0.000746
vt 0.332521 0.000931
vt 0.331092 0.075970
vt 0.321140 0.000423
vt 0.455440 0.965002
vt 0.377226 0.197197
vt 0.378164 0.195066
vt 0.379074 0.191825
vt 0.379842 0.186263
vt 0.382185 0.278429
vt 0.376129 0.199227
vt 0.204322 0.084325
vt 0.207690 0.083600
vt 0.210721 0.088045
vt 0.772842 0.261746
vt 0.772305 0.277651
vt 0.764810 0.277440
vt 0.767893 0.262637
vt 0.456238 0.631919
vt 0.454398 0.627985
vt 0.456238 0.625745
vt 0.024539 0.974755
vt 0.026909 0.973894
vt 0.048592 0.963826
vt 0.051574 0.975981
vt 0.048592 0.988361
vt 0.588352 0.522659
vt 0.992898 0.464660
vt 0.992499 0.468859
vt 0.992781 0.462925
vt 0.989422 0.465004
vt 0.018976 0.321549
vt 0.021389 0.323068
vt 0.033968 0.413550
vt 0.032294 0.415219
vt 0.506250 0.005304
vt 0.509733 0.005439
vt 0.042395 0.945199
vt 0.040582 0.944611
vt 0.046354 0.945346
vt 0.989137 0.469159
vt 0.971165 0.471146
vt 0.947436 0.467496
vt 0.955187 0.462925
vt 0.976327 0.463479
vt 0.426157 0.948337
vt 0.401686 0.948001
vt 0.401595 0.952196
vt 0.859780 -0.000000
vt 0.860813 0.005296
vt 0.841617 0.007716
vt 0.841818 0.002362
vt 0.648369 0.768697
vt 0.623941 0.772826
vt 0.605004 0.767525
vt 0.641698 0.747318
vt 0.648909 0.751153
vt 0.116951 0.358297
vt 0.106994 0.359864
vt 0.107336 0.345464
vt 0.116898 0.341581
vt 0.063254 0.998658
vt 0.065228 0.973620
vt 0.065166 0.998703
vt 0.057009 0.997618
vt 0.055200 0.998636
vt 0.056830 0.973653
vt 0.401424 0.939446
vt 0.000447 0.194201
vt 0.001087 0.191075
vt 0.006518 0.191109
vt 0.005397 0.194226
vt 0.128729 0.201403
vt 0.132694 0.197616
vt 0.133967 0.195383
vt 0.135301 0.192391
vt 0.136261 0.188834
vt 0.132776 0.276792
vt 0.126582 0.243541
vt 0.689443 0.730203
vt 0.690663 0.710277
vt 0.700015 0.702389
vt 0.699188 0.720442
vt 0.699578 0.728312
vt 0.990751 0.515252
vt 0.989464 0.517309
vt 0.990330 0.511108
vt 0.715879 0.220481
vt 0.714783 0.225492
vt 0.713059 0.231714
vt 0.710379 0.216356
vt 0.712307 0.208272
vt 0.714309 0.193707
vt 0.714567 0.106010
vt 0.718282 0.105934
vt 0.718035 0.202569
vt 0.237330 0.811271
vt 0.225764 0.809706
vt 0.224608 0.804907
vt 0.234770 0.807098
vt 0.678914 0.090640
vt 0.692668 0.087154
vt 0.691562 0.098347
vt 0.676215 0.099420
vt 0.194943 0.554519
vt 0.192696 0.554683
vt 0.192473 0.547979
vt 0.194626 0.547825
vt 0.992924 0.517522
vt 0.451491 0.964977
vt 0.979414 0.432826
vt 0.968963 0.433799
vt 0.962712 0.432243
vt 0.979704 0.428639
vt 0.225156 0.561028
vt 0.227617 0.561120
vt 0.273956 0.275552
vt 0.263596 0.275713
vt 0.264749 0.213698
vt 0.262132 0.137690
vt 0.269361 0.137695
vt 0.693746 0.077876
vt 0.681123 0.079381
vt 0.681314 0.024008
vt 0.691637 0.024208
vt 0.500435 0.525656
vt 0.498115 0.537971
vt 0.584111 0.077982
vt 0.578016 0.078553
vt 0.577987 0.023612
vt 0.584071 0.023412
vt 0.557615 0.915040
vt 0.539754 0.919077
vt 0.526874 0.901081
vt 0.573573 0.906705
vt 0.907446 0.463913
vt 0.489123 0.192217
vt 0.489651 0.188990
vt 0.490160 0.183471
vt 0.492712 0.214793
vt 0.491172 0.275647
vt 0.485495 0.200441
vt 0.487807 0.196766
vt 0.488638 0.194345
vt 0.193761 0.520752
vt 0.191767 0.526937
vt 0.191638 0.519377
vt 0.193695 0.510902
vt 0.983885 0.679061
vt 0.980815 0.657778
vt 0.984164 0.654441
vt 0.985146 0.666284
vt 0.987279 0.678292
vt 0.494834 0.750940
vt 0.512687 0.760794
vt 0.512411 0.771243
vt 0.496762 0.760793
vt 0.585524 0.969781
vt 0.597773 0.964040
vt 0.599259 0.977232
vt 0.592233 0.982036
vt 0.905537 0.463454
vt 0.621240 0.276826
vt 0.621174 0.273143
vt 0.621416 0.271275
vt 0.627642 0.271152
vt 0.627642 0.278132
vt 0.846445 0.944748
vt 0.853388 0.959283
vt 0.840471 0.965433
vt 0.833296 0.955814
vt 0.833173 0.941396
vt 0.703780 0.194393
vt 0.687845 0.196873
vt 0.688829 0.194038
vt 0.490133 0.516461
vt 0.491997 0.516316
vt 0.490966 0.518724
vt 0.994571 0.569987
vt 0.994571 0.592194
vt 0.988906 0.581335
vt 0.989321 0.570107
vt 0.878699 0.913515
vt 0.876324 0.930804
vt 0.872284 0.920527
vt 0.874790 0.901703
vt 0.136331 0.676912
vt 0.133905 0.676344
vt 0.136132 0.661886
vt 0.137386 0.670430
vt 0.194984 0.546943
vt 0.202175 0.546163
vt 0.206059 0.559274
vt 0.195316 0.559759
vt 0.983741 0.186832
vt 0.987368 0.187179
vt 0.986609 0.200393
vt 0.194984 0.278681
vt 0.194984 0.002879
vt 0.203781 0.092158
vt 0.204578 0.139849
vt 0.201846 0.278151
vt 0.211045 0.621351
vt 0.209512 0.567861
vt 0.774533 0.942633
vt 0.762815 0.928595
vt 0.796613 0.947875
vt 0.792681 0.950832
vt 0.584027 0.286235
vt 0.586868 0.329583
vt 0.584979 0.337252
vt 0.567783 0.438936
vt 0.578640 0.285779
vt 0.135119 0.938651
vt 0.131254 0.936587
vt 0.148538 0.914640
vt 0.143972 0.931194
vt 0.139050 0.937580
vt 0.377172 0.909288
vt 0.399773 0.909352
vt 0.399924 0.962901
vt 0.379674 0.962923
vt 0.129644 0.984555
vt 0.154948 0.983887
vt 0.154883 0.988047
vt 0.129634 0.988751
vt 0.048035 0.695677
vt 0.050332 0.696054
vt 0.049582 0.702909
vt 0.047265 0.702166
vt 0.165381 0.686693
vt 0.167909 0.690453
vt 0.164682 0.694008
vt 0.911816 0.498999
vt 0.907876 0.498282
vt 0.904664 0.489480
vt 0.914120 0.493617
vt 0.066472 0.655620
vt 0.067123 0.652368
vt 0.069334 0.652575
vt 0.068945 0.654797
vt 0.557715 0.198351
vt 0.535787 0.194803
vt 0.556701 0.194324
vt 0.908279 0.786095
vt 0.168201 0.672417
vt 0.165379 0.674788
vt 0.164986 0.669532
vt 0.167671 0.667704
vt 0.507061 0.314059
vt 0.504378 0.320660
vt 0.505513 0.314861
vt 0.154830 0.990411
vt 0.154721 0.992384
vt 0.129517 0.992224
vt 0.734772 0.003482
vt 0.734976 0.016846
vt 0.731868 0.017116
vt 0.731656 0.004321
vt 0.164682 0.667143
vt 0.471905 0.001172
vt 0.473222 0.139154
vt 0.473889 0.184482
vt 0.475309 0.192155
vt 0.460644 0.001678
vt 0.466862 0.001331
vt 0.066685 0.880887
vt 0.069940 0.905290
vt 0.067631 0.909558
vt 0.064360 0.881427
vt 0.167380 0.588040
vt 0.168562 0.586557
vt 0.168562 0.594603
vt 0.476831 0.280295
vt 0.473944 0.304930
vt 0.470820 0.297723
vt 0.467282 0.292158
vt 0.470166 0.279715
vt 0.630964 0.310119
vt 0.629446 0.306441
vt 0.627517 0.303134
vt 0.625132 0.299817
vt 0.624598 0.286568
vt 0.694844 0.910762
vt 0.704444 0.910280
vt 0.709990 0.923016
vt 0.703929 0.923528
vt 0.696588 0.923129
vt 0.596769 0.848906
vt 0.598962 0.835970
vt 0.607980 0.848319
vt 0.603849 0.864285
vt 0.597887 0.864948
vt 0.026133 0.735030
vt 0.021782 0.758114
vt 0.022144 0.739010
vt 0.025631 0.713804
vt 0.030776 0.695564
vt 0.012863 0.504278
vt 0.014857 0.506603
vt 0.012106 0.506433
vt 0.010316 0.503893
vt 0.619071 0.410472
vt 0.617363 0.439861
vt 0.605433 0.439987
vt 0.605047 0.410456
vt 0.454037 0.651236
vt 0.451674 0.656024
vt 0.452243 0.648274
vt 0.227861 0.564972
vt 0.225460 0.565057
vt 0.455494 0.681192
vt 0.455830 0.686760
vt 0.453899 0.682617
vt 0.454234 0.687261
vt 0.454130 0.698210
vt 0.455822 0.697104
vt 0.455326 0.703176
vt 0.453381 0.705710
vt 0.722005 0.093396
vt 0.708674 0.092308
vt 0.716593 0.085272
vt 0.724646 0.087267
vt 0.368070 0.770371
vt 0.369740 0.764196
vt 0.372263 0.749091
vt 0.372865 0.739158
vt 0.371887 0.646366
vt 0.377114 0.646259
vt 0.379978 0.800026
vt 0.375055 0.799821
vt 0.362804 0.799745
vt 0.492601 0.463060
vt 0.661478 0.087879
vt 0.652494 0.083918
vt 0.652828 0.077295
vt 0.661861 0.076770
vt 0.676276 0.077398
vt 0.675981 0.082776
vt 0.453381 0.677879
vt 0.454975 0.677254
vt 0.025739 0.586451
vt 0.027527 0.591109
vt 0.026278 0.592371
vt 0.814707 0.783398
vt 0.802347 0.782211
vt 0.792136 0.778751
vt 0.800609 0.779671
vt 0.541278 0.197025
vt 0.537009 0.198643
vt 0.983511 0.351523
vt 0.572717 0.932472
vt 0.454398 0.643403
vt 0.452644 0.640912
vt 0.454243 0.633707
vt 0.124343 0.844971
vt 0.124567 0.859084
vt 0.119036 0.846668
vt 0.123003 0.830980
vt 0.581074 0.273191
vt 0.581074 0.277565
vt 0.579994 0.275266
vt 0.923115 0.819881
vt 0.920298 0.814134
vt 0.568493 0.893364
vt 0.527196 0.888527
vt 0.546590 0.872189
vt 0.566622 0.862349
vt 0.573783 0.879747
vt 0.961806 0.440278
vt 0.959398 0.435473
vt 0.968099 0.439476
vt 0.027198 0.585217
vt 0.615159 0.264077
vt 0.615211 0.260189
vt 0.620869 0.260387
vt 0.621040 0.265606
vt 0.447431 0.837618
vt 0.452651 0.841411
vt 0.445178 0.844899
vt 0.439697 0.841355
vt 0.129459 0.309579
vt 0.129106 0.302926
vt 0.131847 0.304874
vt 0.132356 0.312464
vt 0.026046 0.654563
vt 0.026943 0.656404
vt 0.025268 0.659768
vt 0.128277 0.443022
vt 0.119172 0.436568
vt 0.111847 0.982905
vt 0.114481 0.969291
vt 0.114216 0.982355
vt 0.111847 0.994633
vt 0.584200 0.952031
vt 0.574301 0.966304
vt 0.568625 0.946970
vt 0.538161 0.227546
vt 0.535509 0.227713
vt 0.534146 0.224560
vt 0.536157 0.222597
vt 0.027608 0.649887
vt 0.027113 0.579901
vt 0.025627 0.580791
vt 0.025487 0.574141
vt 0.941541 0.332760
vt 0.941281 0.345132
vt 0.928621 0.342486
vt 0.928764 0.332692
vt 0.054388 0.667356
vt 0.056081 0.669316
vt 0.055252 0.673888
vt 0.537295 0.262134
vt 0.537620 0.274669
vt 0.535317 0.275793
vt 0.535317 0.260189
vt 0.069376 0.924594
vt 0.066683 0.942055
vt 0.064360 0.941538
vt 0.066675 0.927274
vt 0.077248 0.314137
vt 0.080361 0.308830
vt 0.079150 0.319755
vt 0.025268 0.592371
vt 0.001591 0.187630
vt 0.001557 0.183531
vt 0.498996 0.338835
vt 0.500160 0.338936
vt 0.497047 0.376583
vt 0.529736 0.025409
vt 0.532741 0.079054
vt 0.521523 0.079616
vt 0.521501 0.025711
vt 0.609713 0.295792
vt 0.604753 0.298773
vt 0.600045 0.303277
vt 0.602288 0.286352
vt 0.614069 0.286458
vt 0.574828 0.555974
vt 0.596032 0.552790
vt 0.599823 0.562467
vt 0.566176 0.565881
vt 0.987012 0.351781
vt 0.987739 0.378472
vt 0.631316 0.448499
vt 0.633713 0.453765
vt 0.635791 0.459841
vt 0.625995 0.459671
vt 0.616774 0.453198
vt 0.953263 0.937784
vt 0.947161 0.937858
vt 0.026508 0.594905
vt 0.710000 0.951477
vt 0.712032 0.951358
vt 0.712417 0.957743
vt 0.710407 0.957924
vt 0.497115 0.184781
vt 0.492649 0.184727
vt 0.496404 0.139628
vt 0.067867 0.691804
vt 0.065530 0.691606
vt 0.064992 0.686944
vt 0.067443 0.687450
vt 0.027608 0.518183
vt 0.420330 0.952436
vt 0.426516 0.952641
vt 0.426284 0.997758
vt 0.420049 0.997581
vt 0.016429 0.988235
vt 0.014881 0.998879
vt 0.002651 0.998287
vt 0.003719 0.974271
vt 0.016560 0.974271
vt 0.025951 0.520911
vt 0.421952 0.595043
vt 0.420527 0.574492
vt 0.425282 0.572467
vt 0.426666 0.601822
vt 0.425009 0.636975
vt 0.420383 0.638076
vt 0.059170 0.001076
vt 0.066205 0.049057
vt 0.059700 0.139096
vt 0.053407 0.000988
vt 0.118901 0.326321
vt 0.118377 0.309770
vt 0.127814 0.302784
vt 0.128504 0.324435
vt 0.909397 0.812297
vt 0.910824 0.806436
vt 0.912642 0.813952
vt 0.048908 0.611858
vt 0.051163 0.609906
vt 0.048724 0.663331
vt 0.046494 0.662932
vt 0.928214 0.278686
vt 0.940117 0.278714
vt 0.921306 0.882053
vt 0.924676 0.881307
vt 0.064360 0.956231
vt 0.069661 0.942055
vt 0.068553 0.956672
vt 0.851018 0.243366
vt 0.848871 0.242609
vt 0.848790 0.241079
vt 0.851023 0.241432
vt 0.084015 0.290370
vt 0.080640 0.294028
vt 0.082038 0.288667
vt 0.085509 0.284791
vt 0.638353 0.553390
vt 0.641074 0.562173
vt 0.619767 0.557470
vt 0.614341 0.549169
vt 0.966462 0.351883
vt 0.965497 0.381487
vt 0.964651 0.351451
vt 0.958017 0.381425
vt 0.956531 0.381472
vt 0.957479 0.351540
vt 0.985391 0.070464
vt 0.992330 0.071496
vt 0.990841 0.096736
vt 0.985330 0.092118
vt 0.959976 0.637852
vt 0.960485 0.625169
vt 0.968711 0.632284
vt 0.450264 0.542613
vt 0.450608 0.590649
vt 0.448372 0.541885
vt 0.494380 0.435698
vt 0.497633 0.393063
vt 0.495944 0.435802
vt 0.598499 0.455789
vt 0.606581 0.465793
vt 0.989830 0.642388
vt 0.994305 0.654139
vt 0.987279 0.643141
vt 0.558803 0.439647
vt 0.680140 0.270115
vt 0.680140 0.278388
vt 0.676722 0.272935
vt 0.454398 0.619075
vt 0.456448 0.624302
vt 0.454398 0.625745
vt 0.959715 0.869470
vt 0.958300 0.871779
vt 0.954046 0.874845
vt 0.957206 0.868145
vt 0.963036 0.862638
vt 0.401424 0.939446
vt 0.407377 0.893020
vt 0.415749 0.904698
vt 0.410623 0.930365
vt 0.951002 0.687884
vt 0.948390 0.691409
vt 0.951425 0.664736
vt 0.953008 0.674787
vt 0.088647 0.501584
vt 0.089201 0.512709
vt 0.088647 0.522708
vt 0.663882 0.528999
vt 0.670524 0.529188
vt 0.103473 0.697073
vt 0.105287 0.701185
vt 0.103030 0.700044
vt 0.101086 0.695549
vt 0.885706 0.978823
vt 0.896060 0.973601
vt 0.548657 0.200217
vt 0.544416 0.205858
vt 0.546935 0.198491
vt 0.547909 0.196286
vt 0.550369 0.195363
vt 0.931031 0.799560
vt 0.941830 0.807714
vt 0.931208 0.807354
vt 0.128938 0.567118
vt 0.125675 0.563084
vt 0.125544 0.552938
vt 0.128737 0.546447
vt 0.128947 0.556838
vt 0.518766 0.635614
vt 0.533626 0.729350
vt 0.216635 0.077870
vt 0.220520 0.001467
vt 0.228886 0.001123
vt 0.221074 0.083948
vt 0.218179 0.078998
vt 0.930639 0.792491
vt 0.942175 0.793343
vt 0.844732 0.242422
vt 0.844582 0.240916
vt 0.554542 0.284950
vt 0.557489 0.318008
vt 0.555227 0.312387
vt 0.551342 0.305337
vt 0.544881 0.297699
vt 0.904697 0.568097
vt 0.916100 0.577687
vt 0.925128 0.587413
vt 0.914726 0.578815
vt 0.048675 0.594569
vt 0.050100 0.599600
vt 0.048228 0.600735
vt 0.046494 0.594868
vt 0.111457 0.823879
vt 0.112564 0.829544
vt 0.111521 0.831522
vt 0.109953 0.822780
vt 0.110125 0.814006
vt 0.986970 0.481029
vt 0.050649 0.682673
vt 0.048302 0.684719
vt 0.048022 0.678707
vt 0.050177 0.676092
vt 0.966208 0.329741
vt 0.962688 0.333256
vt 0.961888 0.329280
vt 0.966107 0.327929
vt 0.527062 0.211029
vt 0.524588 0.204692
vt 0.526409 0.197682
vt 0.526843 0.205424
vt 0.963528 0.478468
vt 0.959293 0.485223
vt 0.945134 0.479280
vt 0.941013 0.485184
vt 0.489397 0.138286
vt 0.482511 0.138538
vt 0.480232 0.000795
vt 0.489237 -0.000000
vt 0.538503 0.311074
vt 0.531664 0.308725
vt 0.538235 0.294206
vt 0.544568 0.298167
vt 0.549394 0.303345
vt 0.544215 0.316283
vt 0.047615 0.673490
vt 0.049626 0.671764
vt 0.514098 0.301004
vt 0.510741 0.305298
vt 0.509879 0.282724
vt 0.930403 0.868879
vt 0.930047 0.862638
vt 0.936203 0.863045
vt 0.936730 0.868639
vt 0.330970 0.731751
vt 0.333015 0.737609
vt 0.335406 0.741917
vt 0.334477 0.748760
vt 0.331276 0.744403
vt 0.329173 0.739925
vt 0.327798 0.731776
vt 0.326742 0.678346
vt 0.329769 0.678223
vt 0.448372 0.675602
vt 0.450848 0.673115
vt 0.449731 0.677254
vt 0.046494 0.707181
vt 0.048333 0.709616
vt 0.246914 0.740906
vt 0.245622 0.734768
vt 0.248843 0.733958
vt 0.252039 0.741632
vt 0.254613 0.752075
vt 0.249439 0.746337
vt 0.690400 0.134451
vt 0.680755 0.134919
vt 0.682539 0.105503
vt 0.697972 0.105483
vt 0.512718 0.304291
vt 0.516225 0.300000
vt 0.521467 0.296049
vt 0.667476 0.856677
vt 0.641925 0.850443
vt 0.666492 0.851540
vt 0.685258 0.855737
vt 0.107008 0.495362
vt 0.110103 0.497097
vt 0.111607 0.502937
vt 0.108569 0.501307
vt 0.588112 0.455430
vt 0.587188 0.450061
vt 0.985816 0.030907
vt 0.986782 0.052389
vt 0.982943 0.051525
vt 0.269948 0.821622
vt 0.254047 0.816583
vt 0.243610 0.809840
vt 0.255830 0.813247
vt 0.271990 0.819103
vt 0.165547 0.679720
vt 0.168450 0.683483
vt 0.580070 0.841140
vt 0.591034 0.822783
vt 0.552305 0.307645
vt 0.555070 0.312881
vt 0.557626 0.319345
vt 0.167185 0.696381
vt 0.168330 0.677254
vt 0.597137 0.467142
vt 0.589230 0.464289
vt 0.978494 0.627090
vt 0.976711 0.637322
vt 0.122573 0.701876
vt 0.121226 0.708337
vt 0.119209 0.712496
vt 0.121490 0.701238
vt 0.953344 0.793160
vt 0.954485 0.800397
vt 0.919221 0.532117
vt 0.921906 0.525382
vt 0.925772 0.529593
vt 0.922212 0.535030
vt 0.927588 0.293990
vt 0.921373 0.296967
vt 0.920717 0.290497
vt 0.083498 0.283598
vt 0.086528 0.281729
vt 0.016209 0.280594
vt 0.017011 0.287537
vt 0.014669 0.285990
vt 0.014171 0.281932
vt 0.467240 0.448773
vt 0.476560 0.452905
vt 0.465017 0.455098
vt 0.004010 0.675185
vt 0.001063 0.660207
vt 0.005194 0.659049
vt 0.007272 0.671030
vt 0.952044 0.455685
vt 0.946770 0.458195
vt 0.943754 0.462925
vt 0.933805 0.461685
vt 0.111665 0.951017
vt 0.109635 0.952754
vt 0.109583 0.949469
vt 0.111560 0.961190
vt 0.109559 0.961350
vt 0.398409 0.544339
vt 0.398529 0.556851
vt 0.389427 0.556603
vt 0.388928 0.544358
vt 0.928214 0.301553
vt 0.969885 0.386573
vt 0.968513 0.388052
vt 0.963728 0.385072
vt 0.962722 0.382999
vt 0.239102 0.766179
vt 0.237023 0.763588
vt 0.235704 0.758860
vt 0.237075 0.759306
vt 0.962256 0.866898
vt 0.964177 0.865880
vt 0.109150 0.966285
vt 0.110992 0.967159
vt 0.970868 0.378168
vt 0.970868 0.351876
vt 0.192705 0.692932
vt 0.194310 0.691677
vt 0.194786 0.695782
vt 0.929291 0.484641
vt 0.930026 0.478896
vt 0.921495 0.302318
vt 0.701386 0.828446
vt 0.710753 0.881195
vt 0.708741 0.881618
vt 0.699260 0.828485
vt 0.028312 0.191864
vt 0.027847 0.193913
vt 0.027519 0.196234
vt 0.000000 0.196437
vt 0.193939 0.685893
vt 0.192109 0.686103
vt 0.046893 0.791927
vt 0.048088 0.792459
vt 0.046314 0.796674
vt 0.960007 0.982923
vt 0.960888 0.985506
vt 0.954652 0.984536
vt 0.955000 0.979610
vt 0.957443 0.873959
vt 0.047654 0.798538
vt 0.982523 0.877263
vt 0.980488 0.882725
vt 0.979365 0.878569
vt 0.978959 0.875140
vt 0.046839 0.818711
vt 0.420575 0.668811
vt 0.482359 0.516152
vt 0.484212 0.515980
vt 0.383369 0.850367
vt 0.386432 0.860922
vt 0.377856 0.872079
vt 0.370093 0.857227
vt 0.466658 0.535877
vt 0.456540 0.535527
vt 0.456968 0.522950
vt 0.466372 0.523860
vt 0.480110 0.441775
vt 0.049247 0.364331
vt 0.044432 0.373647
vt 0.039041 0.377834
vt 0.043517 0.371575
vt 0.046778 0.364536
vt 0.049525 0.355296
vt 0.052212 0.354073
vt 0.590278 0.938729
vt 0.358924 0.196934
vt 0.359704 0.194581
vt 0.931197 0.472726
vt 0.933000 0.465542
vt 0.528687 0.004204
vt 0.548116 0.003405
vt 0.548067 0.015707
vt 0.535001 0.016269
vt 0.911226 0.366155
vt 0.912969 0.369181
vt 0.910430 0.368717
vt 0.908430 0.365741
vt 0.542091 0.260189
vt 0.542091 0.275725
vt 0.539883 0.261054
vt 0.968391 0.930471
vt 0.976404 0.928174
vt 0.980758 0.927842
vt 0.959145 0.928027
vt 0.955715 0.927805
vt 0.193120 0.630609
vt 0.191263 0.630431
vt 0.194786 0.627622
vt 0.122604 0.953776
vt 0.125049 0.966880
vt 0.121548 0.967723
vt 0.119568 0.956416
vt 0.121712 0.932130
vt 0.667068 0.718791
vt 0.622017 0.739968
vt 0.667378 0.694762
vt 0.896253 0.234588
vt 0.896340 0.264461
vt 0.890224 0.264902
vt 0.875766 0.264597
vt 0.871895 0.239916
vt 0.871967 0.233950
vt 0.884865 0.235074
vt 0.714134 0.276094
vt 0.710050 0.276109
vt 0.710016 0.269677
vt 0.714182 0.269677
vt 0.070380 0.985198
vt 0.070380 0.973557
vt 0.075058 0.974483
vt 0.045327 0.846655
vt 0.043632 0.847344
vt 0.044265 0.840651
vt 0.045891 0.841260
vt 0.993697 0.641945
vt 0.940130 0.538575
vt 0.929389 0.538344
vt 0.907754 0.387763
vt 0.904664 0.382999
vt 0.909078 0.387496
vt 0.701044 0.269170
vt 0.697000 0.264516
vt 0.701044 0.260189
vt 0.598334 0.922171
vt 0.602809 0.937963
vt 0.599022 0.950570
vt 0.587631 0.924510
vt 0.928261 0.961332
vt 0.935390 0.951605
vt 0.934506 0.971658
vt 0.678731 0.950619
vt 0.679983 0.935307
vt 0.683896 0.935612
vt 0.682914 0.946008
vt 0.989571 0.125061
vt 0.989434 0.144228
vt 0.992018 0.160006
vt 0.989722 0.160715
vt 0.986579 0.161344
vt 0.982943 0.150059
vt 0.983011 0.125928
vt 0.498597 0.193415
vt 0.499400 0.195576
vt 0.493572 0.190155
vt 0.624658 0.439599
vt 0.626923 0.440041
vt 0.629742 0.443150
vt 0.628396 0.444093
vt 0.037773 0.973624
vt 0.035787 0.973894
vt 0.036620 0.945131
vt 0.029222 0.973827
vt 0.027289 0.973724
vt 0.028609 0.945395
vt 0.024539 0.973606
vt 0.380059 0.559022
vt 0.422120 0.838807
vt 0.428738 0.844382
vt 0.414144 0.848435
vt 0.401424 0.845910
vt 0.024539 0.945196
vt 0.591405 0.286118
vt 0.033905 0.552441
vt 0.033968 0.559638
vt 0.031992 0.562497
vt 0.031953 0.554854
vt 0.031617 0.546060
vt 0.603888 0.445576
vt 0.586391 0.446636
vt 0.947426 0.992733
vt 0.943595 0.993719
vt 0.945126 0.978151
vt 0.576174 0.023458
vt 0.574941 0.021244
vt 0.430603 0.992904
vt 0.436278 0.973793
vt 0.434300 0.993795
vt 0.176182 0.000000
vt 0.176473 0.138003
vt 0.170062 0.138327
vt 0.172296 0.040603
vt 0.169674 0.000292
vt 0.817218 0.956877
vt 0.823784 0.964234
vt 0.184208 0.389832
vt 0.183059 0.377805
vt 0.183532 0.364068
vt 0.185490 0.377017
vt 0.937896 0.878695
vt 0.943010 0.876795
vt 0.942073 0.883940
vt 0.937364 0.884735
vt 0.121332 0.869896
vt 0.126385 0.879987
vt 0.124113 0.894780
vt 0.560892 0.260189
vt 0.566048 0.260385
vt 0.565893 0.272700
vt 0.560909 0.272700
vt 0.013968 0.312488
vt 0.012925 0.322734
vt 0.191648 0.509188
vt 0.697790 0.022038
vt 0.699745 0.018081
vt 0.713963 0.018698
vt 0.718580 0.022510
vt 0.581197 0.977835
vt 0.572430 0.973676
vt 0.314812 0.000261
vt 0.634033 0.267348
vt 0.632389 0.271001
vt 0.627705 0.269766
vt 0.627705 0.264570
vt 0.532896 0.091294
vt 0.518319 0.088863
vt 0.515480 0.080921
vt 0.085847 0.486252
vt 0.087722 0.488589
vt 0.085244 0.488556
vt 0.083366 0.486098
vt 0.415969 0.188506
vt 0.416804 0.191580
vt 0.418032 0.195067
vt 0.421055 0.200221
vt 0.423635 0.202142
vt 0.423203 0.278260
vt 0.413960 0.278404
vt 0.127731 0.749548
vt 0.125655 0.750092
vt 0.125436 0.743401
vt 0.127617 0.742885
vt 0.116557 0.322187
vt 0.107319 0.324498
vt 0.106624 0.314834
vt 0.116274 0.310427
vt 0.190909 0.940650
vt 0.193357 0.942284
vt 0.194142 0.954820
vt 0.191636 0.955017
vt 0.071793 0.706295
vt 0.076589 0.706408
vt 0.079783 0.708986
vt 0.077278 0.725492
vt 0.075151 0.723016
vt 0.070380 0.722018
vt 0.169184 0.610818
vt 0.181342 0.528346
vt 0.173801 0.581909
vt 0.171062 0.612966
vt 0.171837 0.611228
vt 0.574754 0.017130
vt 0.945429 0.939089
vt 0.944266 0.954737
vt 0.937364 0.966832
vt 0.938029 0.949490
vt 0.942884 0.938443
vt 0.028612 0.188709
vt 0.439932 0.744888
vt 0.425541 0.744785
vt 0.427997 0.742325
vt 0.047033 0.670020
vt 0.046494 0.666978
vt 0.048571 0.665896
vt 0.049144 0.668467
vt 0.007025 0.973265
vt -0.000000 0.974271
vt -0.000000 0.945157
vt 0.012187 0.944611
vt 0.023928 0.945585
vt 0.024539 0.951355
vt 0.024383 0.973731
vt 0.074374 0.530021
vt 0.078139 0.537430
vt 0.075419 0.538031
vt 0.953476 0.297877
vt 0.959238 0.297478
vt 0.961888 0.350973
vt 0.955901 0.351451
vt 0.076630 0.526622
vt 0.380087 0.886534
vt 0.399828 0.870555
vt 0.399998 0.887217
vt 0.400350 0.904295
vt 0.395867 0.909288
vt 0.392827 0.907585
vt 0.389156 0.906666
vt 0.675528 0.626957
vt 0.657587 0.602517
vt 0.686097 0.625915
vt 0.063425 0.414003
vt 0.058146 0.404743
vt 0.063294 0.408321
vt 0.066825 0.415347
vt 0.069164 0.422121
vt 0.067057 0.425613
vt 0.796104 0.261525
vt 0.795453 0.268078
vt 0.793004 0.268855
vt 0.793811 0.260341
vt 0.318424 0.750471
vt 0.316962 0.739463
vt 0.315295 0.646126
vt 0.320581 0.645886
vt 0.322233 0.730433
vt 0.324961 0.745122
vt 0.326644 0.751101
vt 0.329006 0.757269
vt 0.331983 0.762988
vt 0.331223 0.780887
vt 0.321472 0.761921
vt 0.017113 0.293667
vt 0.014983 0.292225
vt 0.710017 0.208259
vt 0.708290 0.215679
vt 0.615249 0.276487
vt 0.615101 0.271152
vt 0.621174 0.271222
vt 0.621174 0.278654
vt 0.615393 0.278283
vt 0.071962 0.139347
vt 0.782128 0.886352
vt 0.770398 0.887890
vt 0.764878 0.884501
vt 0.783352 0.883263
vt 0.423922 0.739715
vt 0.418458 0.710238
vt 0.439987 0.710338
vt 0.444000 0.739760
vt 0.958576 0.691708
vt 0.953255 0.638577
vt 0.967755 0.638076
vt 0.969594 0.691527
vt 0.590740 0.409568
vt 0.595486 0.407570
vt 0.594682 0.410288
vt 0.157813 0.368438
vt 0.159773 0.371027
vt 0.153826 0.369042
vt 0.163033 0.373065
vt 0.161943 0.371533
vt 0.577035 0.277178
vt 0.575235 0.273191
vt 0.577031 0.273735
vt 0.575235 0.278304
vt 0.597621 0.407716
vt 0.592777 0.407508
vt 0.126758 0.764736
vt 0.128856 0.764839
vt 0.127373 0.819162
vt 0.125267 0.819118
vt 0.280434 0.542474
vt 0.252496 0.545570
vt 0.272062 0.542757
vt 0.586136 0.863746
vt 0.554876 0.850931
vt 0.408160 0.002971
vt 0.415310 0.140832
vt 0.961888 0.278681
vt 0.968586 0.302692
vt 0.599644 0.358164
vt 0.598388 0.353767
vt 0.599959 0.348574
vt 0.047788 0.787899
vt 0.049426 0.786861
vt 0.601023 0.351836
vt 0.594330 0.002604
vt 0.583901 0.001820
vt 0.583388 0.000158
vt 0.604281 0.000057
vt 0.615859 0.000017
vt 0.610453 0.002507
vt 0.966353 0.332034
vt 0.190272 0.671590
vt 0.187577 0.684117
vt 0.187030 0.677815
vt 0.187050 0.670087
vt 0.150858 0.314670
vt 0.151689 0.311657
vt 0.153884 0.317143
vt 0.152358 0.319676
vt 0.627293 0.520859
vt 0.626018 0.467365
vt 0.635096 0.520864
vt 0.966160 0.334737
vt 0.963798 0.336604
vt 0.494158 0.611918
vt 0.501213 0.595222
vt 0.522091 0.595141
vt 0.148145 0.309192
vt 0.148689 0.306847
vt 0.674963 0.278629
vt 0.673868 0.272524
vt 0.676722 0.270114
vt 0.676722 0.276232
vt 0.595095 0.988366
vt 0.593514 0.991014
vt 0.581597 0.986983
vt 0.579167 0.982753
vt 0.394007 0.003089
vt 0.401695 0.003021
vt 0.404670 0.278478
vt 0.394767 0.278497
vt 0.383751 0.119193
vt 0.385767 0.003085
vt 0.155782 0.313085
vt 0.155645 0.307862
vt 0.157714 0.313286
vt 0.153406 0.307343
vt 0.603496 0.346097
vt 0.128291 0.946026
vt 0.125839 0.946315
vt 0.125049 0.933805
vt 0.127741 0.933682
vt 0.153487 0.303927
vt 0.150559 0.302485
vt 0.505547 0.020245
vt 0.505919 0.024135
vt 0.443382 0.957820
vt 0.449488 0.952351
vt 0.449293 0.977691
vt 0.441707 0.974805
vt 0.069993 0.565682
vt 0.068857 0.562478
vt 0.068929 0.506791
vt 0.069993 0.504258
vt 0.079137 0.633523
vt 0.076769 0.639031
vt 0.073874 0.648061
vt 0.079913 0.704108
vt 0.077065 0.706295
vt 0.070380 0.650547
vt 0.072307 0.642879
vt 0.075839 0.634618
vt 0.079550 0.628948
vt 0.085758 0.622527
vt 0.088535 0.622363
vt 0.084772 0.625972
vt 0.081441 0.629967
vt 0.150814 0.300214
vt 0.168611 0.222268
vt 0.175396 0.200366
vt 0.172716 0.275753
vt 0.168471 0.275967
vt 0.129106 0.911184
vt 0.129106 0.881327
vt 0.139195 0.880760
vt 0.143355 0.901414
vt 0.042706 0.525403
vt 0.044989 0.523663
vt 0.041534 0.537792
vt 0.039834 0.537710
vt 0.549001 0.540037
vt 0.184153 0.414010
vt 0.174554 0.421659
vt 0.174188 0.400616
vt 0.182233 0.395581
vt 0.705568 0.223080
vt 0.707673 0.223600
vt 0.704632 0.228797
vt 0.702018 0.228919
vt 0.608276 0.331524
vt 0.605868 0.313808
vt 0.615736 0.313566
vt 0.619062 0.316756
vt 0.622905 0.323891
vt 0.620944 0.337504
vt 0.616066 0.332539
vt 0.222724 0.276940
vt 0.223874 0.138844
vt 0.233670 0.276499
vt 0.546745 0.249104
vt 0.539862 0.249779
vt 0.542836 0.234514
vt 0.546828 0.232712
vt 0.013043 0.277070
vt 0.400995 0.827793
vt 0.402860 0.831853
vt 0.400350 0.833135
vt 0.402031 0.837284
vt 0.830900 0.265497
vt 0.833210 0.264407
vt 0.833750 0.269225
vt 0.831643 0.270505
vt 0.403463 0.826086
vt 0.046269 0.294370
vt 0.048891 0.294121
vt 0.830388 0.259920
vt 0.637877 0.527407
vt 0.637593 0.523108
vt 0.148304 0.371808
vt 0.607674 0.407880
vt 0.599640 0.405268
vt 0.610122 0.405487
vt 0.399737 0.969307
vt 0.382814 0.980366
vt 0.370682 0.973464
vt 0.213516 0.803740
vt 0.215406 0.808527
vt 0.587271 0.520635
vt 0.988644 0.744604
vt 0.988617 0.747800
vt 0.984289 0.747002
vt 0.268158 0.755218
vt 0.272982 0.752814
vt 0.275771 0.769464
vt 0.270529 0.773476
vt 0.265207 0.774907
vt 0.968318 0.339470
vt 0.964167 0.338469
vt 0.988819 0.224264
vt 0.989723 0.230407
vt 0.987446 0.232424
vt 0.987368 0.226629
vt 0.525771 0.614229
vt 0.923767 0.261676
vt 0.921421 0.265133
vt 0.539883 0.275771
vt 0.537717 0.273375
vt 0.539592 0.270660
vt 0.811121 0.255367
vt 0.804783 0.256981
vt 0.797186 0.249262
vt 0.802917 0.244846
vt 0.145311 0.305595
vt 0.671437 0.537368
vt 0.673225 0.539580
vt 0.671053 0.543213
vt 0.251357 0.970473
vt 0.244368 0.974390
vt 0.237795 0.970654
vt 0.607244 0.341445
vt 0.629830 0.278224
vt 0.627642 0.278277
vt 0.627642 0.271294
vt 0.629874 0.271152
vt 0.537620 0.269597
vt 0.147617 0.299384
vt 0.599263 0.337480
vt 0.040644 0.974048
vt 0.039258 0.986332
vt 0.673511 0.535674
vt 0.710295 0.948812
vt 0.709990 0.944460
vt 0.711818 0.946604
vt 0.712211 0.951358
vt 0.416431 0.867962
vt 0.423104 0.881003
vt 0.407859 0.883488
vt 0.407957 0.872960
vt 0.289059 0.836126
vt 0.273499 0.829823
vt 0.257714 0.823983
vt 0.245594 0.816490
vt 0.280752 0.826824
vt 0.293155 0.831975
vt 0.192321 0.777532
vt 0.192856 0.772321
vt 0.194434 0.772867
vt 0.194757 0.767991
vt 0.117588 0.291332
vt 0.117750 0.284360
vt 0.126907 0.284216
vt 0.127240 0.290397
vt 0.599648 0.319665
vt 0.603052 0.316116
vt 0.141273 0.277070
vt 0.144361 0.278875
vt 0.146490 0.281039
vt 0.549304 0.191949
vt 0.549749 0.189549
vt 0.550176 0.185351
vt 0.550189 0.140124
vt 0.540201 0.137968
vt 0.551466 0.137480
vt 0.551392 0.190827
vt 0.548830 0.193964
vt 0.510729 0.085586
vt 0.506625 0.080870
vt 0.509243 0.026396
vt 0.509088 0.079830
vt 0.048908 0.907760
vt 0.051616 0.904979
vt 0.051818 0.908148
vt 0.048645 0.902609
vt 0.204363 0.787374
vt 0.206262 0.783888
vt 0.208565 0.778643
vt 0.211248 0.770508
vt 0.214308 0.802519
vt 0.204642 0.803051
vt 0.401269 0.821987
vt 0.832700 0.258311
vt 0.082150 0.298413
vt 0.081352 0.302004
vt 0.078422 0.305766
vt 0.642347 0.529990
vt 0.639394 0.530012
vt 0.021706 0.857699
vt 0.017039 0.851694
vt 0.010911 0.828113
vt 0.006089 0.811207
vt 0.001848 0.783992
vt 0.006008 0.789453
vt 0.011189 0.818310
vt -0.000000 0.632249
vt 0.004683 0.622422
vt 0.070380 0.950568
vt 0.073674 0.958642
vt 0.073706 0.973315
vt 0.070387 0.973557
vt 0.988315 0.330165
vt 0.989027 0.334465
vt 0.981352 0.334039
vt 0.634368 0.336818
vt 0.633003 0.324442
vt 0.041288 0.990090
vt 0.040294 0.998945
vt 0.504575 0.278568
vt 0.500415 0.277428
vt 0.504575 0.260189
vt 0.934436 0.264393
vt 0.081846 0.410322
vt 0.084813 0.417397
vt 0.087139 0.425456
vt 0.084539 0.426839
vt 0.083889 0.422126
vt 0.081166 0.414035
vt 0.984798 0.778739
vt 0.980194 0.778838
vt 0.861461 0.970093
vt 0.854813 0.942130
vt 0.862612 0.952390
vt 0.529037 0.106540
vt 0.531966 0.106529
vt 0.531880 0.192377
vt 0.529108 0.185209
vt 0.537895 0.261925
vt 0.539883 0.260189
vt 0.671444 0.528302
vt 0.673400 0.527069
vt 0.711658 0.942747
vt 0.710032 0.935807
vt 0.193078 0.767361
vt 0.705797 0.266652
vt 0.703373 0.266829
vt 0.703373 0.260221
vt 0.705812 0.260189
vt 0.194649 0.761259
vt 0.192853 0.757572
vt 0.578075 0.762704
vt 0.601878 0.780533
vt 0.572796 0.780363
vt 0.611371 0.311973
vt 0.050925 0.898841
vt 0.990638 0.679270
vt 0.987580 0.670277
vt 0.990523 0.670813
vt 0.987715 0.678687
vt 0.048592 0.894063
vt 0.403620 0.813897
vt 0.401171 0.813590
vt 0.717741 0.703897
vt 0.712502 0.682572
vt 0.719522 0.703734
vt 0.722207 0.715014
vt 0.525840 0.220213
vt 0.527619 0.216726
vt 0.524345 0.158244
vt 0.524294 0.105727
vt 0.526702 0.106964
vt 0.720775 0.106104
vt 0.725901 0.260189
vt 0.720143 0.199748
vt 0.720259 0.148467
vt 0.683092 0.267626
vt 0.683033 0.260189
vt 0.689279 0.260721
vt 0.689279 0.265594
vt 0.194142 0.929304
vt 0.191796 0.928985
vt 0.982943 0.174844
vt 0.983745 0.161344
vt 0.987320 0.161774
vt 0.986636 0.174624
vt 0.987320 0.186559
vt 0.983738 0.186832
vt 0.937255 0.263841
vt 0.055647 0.802816
vt 0.055908 0.798677
vt 0.058610 0.798234
vt 0.053064 0.802855
vt 0.671053 0.522721
vt 0.673046 0.522913
vt 0.065716 0.971173
vt 0.069661 0.972150
vt 0.616763 0.344304
vt 0.617545 0.340565
vt 0.618632 0.345894
vt 0.613917 0.342924
vt 0.685730 0.139607
vt 0.685652 0.184737
vt 0.683597 0.187871
vt 0.683684 0.136997
vt 0.696060 0.137328
vt 0.711792 0.933979
vt 0.710388 0.930692
vt 0.712211 0.928853
vt 0.029520 0.655831
vt 0.027608 0.656358
vt 0.194497 0.756303
vt 0.336568 0.618967
vt 0.325094 0.620565
vt 0.324262 0.565488
vt 0.336727 0.565296
vt 0.990234 0.666763
vt 0.051569 0.892948
vt 0.048999 0.889214
vt 0.051952 0.888416
vt 0.982943 0.001588
vt 0.989431 0.000000
vt 0.993485 0.016435
vt 0.224526 0.489703
vt 0.223896 0.492200
vt 0.214875 0.479595
vt 0.216548 0.478460
vt 0.832573 0.248490
vt 0.830271 0.246612
vt 0.832792 0.243827
vt 0.830808 0.240323
vt 0.833184 0.240231
vt 0.053905 0.731880
vt 0.057656 0.702304
vt 0.062943 0.731486
vt 0.583726 0.015050
vt 0.581964 0.014629
vt 0.581986 0.001487
vt 0.125436 0.688822
vt 0.129106 0.691520
vt 0.126790 0.691411
vt 0.872085 0.264093
vt 0.871895 0.250487
vt 0.108645 0.945810
vt 0.109150 0.972114
vt 0.096710 0.972775
vt 0.084330 0.971985
vt 0.084330 0.944955
vt 0.094571 0.946108
vt 0.253089 0.629737
vt 0.242247 0.631278
vt 0.231781 0.628997
vt 0.057463 0.736868
vt 0.059312 0.784035
vt 0.058370 0.790254
vt 0.051945 0.518110
vt 0.051945 0.571561
vt 0.051175 0.519842
vt 0.619813 0.405424
vt 0.616317 0.357228
vt 0.621934 0.357939
vt 0.137992 0.308558
vt 0.136972 0.311408
vt 0.136418 0.313532
vt 0.136066 0.319366
vt 0.142989 0.367938
vt 0.134935 0.316849
vt 0.135101 0.312276
vt 0.135975 0.308485
vt 0.138277 0.304289
vt 0.142686 0.303873
vt 0.150527 0.318404
vt 0.148857 0.314515
vt 0.147048 0.311244
vt 0.146046 0.309439
vt 0.143096 0.307435
vt 0.139224 0.307471
vt 0.723895 0.889009
vt 0.713247 0.883476
vt 0.724394 0.881176
vt 0.731265 0.882104
vt 0.061481 0.787401
vt 0.151252 0.316641
vt 0.139195 0.320693
vt 0.141455 0.313728
vt 0.139525 0.317309
vt 0.621318 0.354365
vt 0.213035 0.634086
vt 0.217948 0.643364
vt 0.206457 0.638591
vt 0.357643 0.199616
vt 0.616482 0.349771
vt 0.620907 0.351109
vt 0.620549 0.343888
vt 0.623129 0.350165
vt 0.624124 0.356754
vt 0.621937 0.408084
vt 0.174282 0.360507
vt 0.174190 0.378915
vt 0.060338 0.793029
vt 0.057505 0.794862
vt 0.938412 0.257458
vt 0.142086 0.308367
vt 0.972112 0.772361
vt 0.974016 0.778485
vt 0.921421 0.235438
vt 0.129106 0.697767
vt 0.130168 0.693691
vt 0.132778 0.693232
vt 0.131977 0.696579
vt 0.191447 0.955436
vt 0.193863 0.955017
vt 0.193863 0.980507
vt 0.190909 0.969041
vt 0.059893 0.807649
vt 0.059831 0.804248
vt 0.062441 0.803403
vt 0.057395 0.807894
vt 0.687687 0.277214
vt 0.684025 0.277136
vt 0.684025 0.270220
vt 0.687497 0.270217
vt 0.612080 0.014761
vt 0.627370 0.002405
vt 0.631734 0.014719
vt 0.558090 0.215746
vt 0.556173 0.221095
vt 0.554577 0.224531
vt 0.551084 0.229775
vt 0.550070 0.212207
vt 0.555087 0.205465
vt 0.557275 0.199678
vt 0.558317 0.194804
vt 0.558308 0.134794
vt 0.555170 0.134757
vt 0.548606 0.134957
vt 0.544952 0.105779
vt 0.552821 0.105631
vt 0.563221 0.105008
vt 0.562880 0.192078
vt 0.560570 0.206712
vt 0.559282 0.212306
vt 0.192321 0.750901
vt 0.193943 0.750925
vt 0.621227 0.320022
vt 0.132030 0.292536
vt 0.129486 0.291713
vt 0.987279 0.665605
vt 0.990037 0.664267
vt 0.057992 0.959166
vt 0.054796 0.954734
vt 0.055336 0.938202
vt 0.058715 0.931831
vt 0.968752 0.233950
vt 0.993925 0.234570
vt 0.816340 0.885214
vt 0.801056 0.885064
vt 0.812252 0.883008
vt 0.824901 0.881884
vt 0.088647 0.526131
vt 0.089201 0.522708
vt 0.089201 0.530195
vt 0.831332 0.236796
vt 0.831696 0.233950
vt 0.833750 0.235752
vt 0.075128 0.950400
vt 0.077921 0.944955
vt 0.077393 0.973294
vt 0.075505 0.973196
vt 0.098284 0.909661
vt 0.100634 0.883608
vt 0.111834 0.860509
vt 0.111736 0.909379
vt 0.434178 0.951420
vt 0.431678 0.940509
vt 0.435578 0.939446
vt 0.061542 0.734092
vt 0.059282 0.734208
vt 0.980815 0.691213
vt 0.154101 0.367477
vt 0.143542 0.369624
vt 0.871305 0.254509
vt 0.869035 0.266844
vt 0.865502 0.266243
vt 0.867552 0.254533
vt 0.868366 0.241941
vt 0.871895 0.242044
vt 0.133652 0.690381
vt 0.131580 0.688185
vt 0.132875 0.682193
vt 0.160434 0.318181
vt 0.613083 0.354173
vt 0.226959 0.987958
vt 0.219487 0.984234
vt 0.229349 0.981348
vt 0.238713 0.982909
vt 0.470595 0.712499
vt 0.466111 0.706571
vt 0.459323 0.680118
vt 0.466076 0.666151
vt 0.473335 0.692968
vt 0.611888 0.352162
vt 0.193787 0.618733
vt 0.191951 0.617891
vt 0.708816 0.902536
vt 0.707427 0.904276
vt 0.704554 0.890636
vt 0.706531 0.890459
vt 0.065712 0.792262
vt 0.064504 0.798012
vt 0.063525 0.792737
vt 0.062272 0.798198
vt 0.403163 0.808225
vt 0.400880 0.808667
vt 0.731935 0.905542
vt 0.734840 0.910682
vt 0.731151 0.914221
vt 0.726586 0.911883
vt 0.975944 0.752130
vt 0.569867 0.898436
vt 0.553512 0.896587
vt 0.531450 0.892676
vt 0.341903 0.675400
vt 0.335025 0.645981
vt 0.063395 0.819114
vt 0.065649 0.731742
vt 0.069868 0.701527
vt 0.069868 0.786993
vt 0.069214 0.794132
vt 0.068121 0.801827
vt 0.065200 0.814325
vt 0.563890 0.209864
vt 0.565018 0.201113
vt 0.565397 0.155852
vt 0.565300 0.104594
vt 0.575634 0.104503
vt 0.574025 0.258276
vt 0.554893 0.258749
vt 0.556429 0.236035
vt 0.558977 0.228941
vt 0.560879 0.223220
vt 0.562472 0.216832
vt 0.624285 0.327267
vt 0.625158 0.330904
vt 0.626875 0.328739
vt 0.625295 0.323724
vt 0.367133 0.883798
vt 0.352414 0.868532
vt 0.356341 0.857971
vt 0.701039 0.629482
vt 0.605668 0.278675
vt 0.602156 0.278587
vt 0.601984 0.271510
vt 0.605668 0.271573
vt 0.958752 0.978242
vt 0.962440 0.980956
vt 0.954943 0.930710
vt 0.589148 0.529315
vt 0.606381 0.529488
vt 0.629874 0.271152
vt 0.632131 0.271170
vt 0.632121 0.278002
vt 0.629874 0.278268
vt 0.948898 0.940031
vt 0.777941 0.773269
vt 0.779653 0.771864
vt 0.913833 0.979253
vt 0.115075 0.941081
vt 0.118196 0.952597
vt 0.115176 0.969291
vt 0.111847 0.968451
vt 0.459701 0.277298
vt 0.452160 0.277554
vt 0.451855 0.229506
vt 0.452232 0.001972
vt 0.469321 0.276915
vt 0.379149 0.141046
vt 0.360853 0.187192
vt 0.360111 0.142339
vt 0.630519 0.314028
vt 0.634501 0.348461
vt 0.630685 0.439931
vt 0.630133 0.355359
vt 0.629909 0.347332
vt 0.628269 0.333868
vt 0.716745 0.215234
vt 0.717374 0.209936
vt 0.164687 0.586703
vt 0.164682 0.488182
vt 0.167380 0.488135
vt 0.167147 0.566831
vt 0.167380 0.577342
vt 0.165620 0.598138
vt 0.191849 0.138724
vt 0.191692 0.186267
vt 0.170186 0.186004
vt 0.270173 0.791366
vt 0.279611 0.784831
vt 0.268791 0.800641
vt 0.953196 0.940973
vt 0.950436 0.960015
vt 0.098647 0.679567
vt 0.101863 0.692517
vt 0.098785 0.688316
vt 0.096757 0.679646
vt 0.571196 0.830253
vt 0.532444 0.847885
vt 0.979488 0.544511
vt 0.982929 0.544906
vt 0.979990 0.566458
vt 0.980246 0.584580
vt 0.976995 0.588959
vt 0.976462 0.566883
vt 0.435692 0.243834
vt 0.996275 0.963788
vt 0.996215 0.978877
vt 0.984021 0.976926
vt 0.983961 0.965353
vt 0.724566 0.915167
vt 0.716020 0.916174
vt 0.712502 0.912349
vt 0.713539 0.908592
vt 0.722831 0.910621
vt 0.983800 0.978183
vt 0.983498 0.981245
vt 0.983055 0.985733
vt 0.947140 0.916706
vt 0.953853 0.916386
vt 0.561291 0.333196
vt 0.559756 0.325365
vt 0.560809 0.390890
vt 0.562415 0.340617
vt 0.186623 0.865071
vt 0.179993 0.879368
vt 0.166626 0.887499
vt 0.173330 0.855327
vt 0.869936 0.795753
vt 0.051207 0.291203
vt 0.048387 0.291704
vt 0.046940 0.279481
vt 0.049459 0.278794
vt 0.887219 0.464101
vt 0.880386 0.466291
vt 0.890322 0.448717
vt 0.900453 0.433888
vt 0.892655 0.454262
vt 0.152964 0.885123
vt 0.149428 0.865949
vt 0.156516 0.850884
vt 0.910493 0.381180
vt 0.907833 0.381145
vt 0.585214 0.788820
vt 0.573541 0.795985
vt 0.642942 0.966555
vt 0.652252 0.991495
vt 0.193093 0.418568
vt 0.194943 0.416963
vt 0.364223 0.140787
vt 0.362837 0.002866
vt 0.368832 0.047054
vt 0.031443 0.413983
vt 0.020208 0.313054
vt 0.665727 0.390299
vt 0.665295 0.400931
vt 0.665756 0.410873
vt 0.661337 0.412744
vt 0.661337 0.388838
vt 0.664482 0.370333
vt 0.667966 0.374919
vt 0.105447 0.287683
vt 0.115276 0.285635
vt 0.115786 0.298204
vt 0.106250 0.301634
vt 0.065322 0.200699
vt 0.074436 0.276899
vt 0.067062 0.276807
vt 0.448372 0.677254
vt 0.452143 0.678753
vt 0.453381 0.694410
vt 0.449487 0.694563
vt 0.249047 0.275955
vt 0.242165 0.276186
vt 0.237605 0.000803
vt 0.243609 0.000627
vt 0.372721 0.140890
vt 0.342402 0.972117
vt 0.341284 0.963779
vt 0.361390 0.963594
vt 0.352971 0.973171
vt 0.210339 0.887399
vt 0.208774 0.901095
vt 0.203082 0.885418
vt 0.206212 0.869850
vt 0.045840 0.956301
vt 0.041630 0.959983
vt 0.456540 0.441641
vt 0.455300 0.448238
vt 0.378388 0.544372
vt 0.230890 0.646989
vt 0.875106 0.952220
vt 0.871233 0.969332
vt 0.868775 0.956363
vt 0.871801 0.939085
vt 0.995560 0.430081
vt 0.990921 0.941653
vt 0.984216 0.932399
vt 0.990124 0.931433
vt 0.021562 0.498729
vt 0.024447 0.498280
vt 0.024395 0.502521
vt 0.021478 0.502828
vt 0.049376 0.850646
vt 0.047713 0.849859
vt 0.738919 0.003680
vt 0.741907 0.004179
vt 0.741899 0.017155
vt 0.739070 0.017084
vt 0.640202 0.273121
vt 0.640166 0.278114
vt 0.634033 0.278495
vt 0.639718 0.270805
vt 0.031943 0.530076
vt 0.032560 0.534583
vt 0.030363 0.533162
vt 0.029261 0.525995
vt 0.472379 0.461471
vt 0.861421 0.871819
vt 0.868848 0.875037
vt 0.232401 0.647761
vt 0.234730 0.746564
vt 0.233824 0.738156
vt 0.551943 0.024426
vt 0.552116 0.079317
vt 0.544464 0.079405
vt 0.541280 0.024838
vt 0.050202 0.518110
vt 0.051175 0.565642
vt 0.050202 0.574053
vt 0.233241 0.746442
vt 0.632525 0.446779
vt 0.194721 0.289940
vt 0.194604 0.282478
vt 0.194721 0.277069
vt 0.549693 0.556176
vt 0.573677 0.547504
vt 0.224752 0.739505
vt 0.224194 0.648138
vt 0.231791 0.690502
vt 0.261260 0.970424
vt 0.239515 0.770463
vt 0.921651 0.501089
vt 0.923355 0.513442
vt 0.919003 0.515752
vt 0.918975 0.506625
vt 0.264115 0.647428
vt 0.261053 0.676448
vt 0.634033 0.270883
vt 0.063604 0.734122
vt 0.718870 0.101773
vt 0.712182 0.189446
vt 0.712218 0.106112
vt 0.715320 0.103082
vt 0.719208 0.098339
vt 0.726830 0.079348
vt 0.726933 0.025564
vt 0.729687 0.023442
vt 0.729639 0.078832
vt 0.728511 0.083418
vt 0.729960 0.025438
vt 0.733879 0.025736
vt 0.733637 0.080997
vt 0.068857 0.568671
vt 0.070136 0.565682
vt 0.070136 0.578236
vt 0.711362 0.199628
vt 0.506214 0.850314
vt 0.486489 0.863649
vt 0.479817 0.868531
vt 0.478357 0.867787
vt 0.482030 0.860194
vt 0.496912 0.849910
vt 0.505757 0.844290
vt 0.523711 0.833845
vt 0.526409 0.838608
vt 0.167132 0.908120
vt 0.162020 0.897129
vt 0.887732 0.961276
vt 0.895142 0.957039
vt 0.887485 0.970472
vt 0.097150 0.669240
vt 0.095196 0.669091
vt 0.543647 0.277682
vt 0.544961 0.274680
vt 0.546124 0.277682
vt 0.072150 0.514880
vt 0.074825 0.513832
vt 0.075539 0.518850
vt 0.452237 0.708793
vt 0.448372 0.708463
vt 0.089368 0.575178
vt 0.090854 0.516387
vt 0.091062 0.577622
vt 0.046494 0.531804
vt 0.048427 0.535550
vt 0.050202 0.591590
vt 0.048400 0.594569
vt 0.089214 0.520252
vt 0.089236 0.514020
vt 0.979449 0.410487
vt 0.980205 0.417173
vt 0.970120 0.419943
vt 0.967481 0.415513
vt 0.904664 0.393255
vt 0.904577 0.410969
vt 0.898171 0.423816
vt 0.900034 0.410227
vt 0.900420 0.400479
vt 0.899955 0.390544
vt 0.684164 0.003169
vt 0.692774 0.003163
vt 0.704999 0.003544
vt 0.700073 0.015730
vt 0.684181 0.015128
vt 0.290703 0.908987
vt 0.263140 0.919097
vt 0.325235 0.675918
vt 0.329409 0.675713
vt 0.242530 0.776825
vt 0.241415 0.772098
vt 0.244667 0.778160
vt 0.709857 0.239334
vt 0.794117 0.276329
vt 0.792072 0.274675
vt 0.794759 0.272214
vt 0.709377 0.243814
vt 0.481199 0.524616
vt 0.129106 0.821863
vt 0.065133 0.652368
vt 0.066475 0.649472
vt 0.068968 0.649313
vt 0.278730 0.732426
vt 0.277418 0.732972
vt 0.276465 0.678735
vt 0.277978 0.678725
vt 0.089140 0.277069
vt 0.574842 0.576115
vt 0.540843 0.580422
vt 0.090823 0.508349
vt 0.048683 0.529927
vt 0.089202 0.508389
vt 0.189925 0.517084
vt 0.186646 0.518398
vt 0.187049 0.506784
vt 0.190302 0.507148
vt 0.193655 0.902587
vt 0.190909 0.901685
vt 0.194286 0.897345
vt 0.211794 0.943703
vt 0.218415 0.960202
vt 0.704318 0.246751
vt 0.689258 0.921574
vt 0.688461 0.916882
vt 0.718939 0.001653
vt 0.725356 0.001911
vt 0.721160 0.004646
vt 0.711784 0.001652
vt 0.706881 0.137821
vt 0.649235 0.785261
vt 0.634069 0.790905
vt 0.632663 0.784871
vt 0.658078 0.774452
vt 0.672788 0.217954
vt 0.666243 0.258148
vt 0.656418 0.257853
vt 0.659409 0.163080
vt 0.704833 0.189686
vt 0.129106 0.756921
vt 0.700114 0.196345
vt 0.704349 0.192219
vt 0.793660 0.916677
vt 0.790123 0.899081
vt 0.816757 0.905073
vt 0.822257 0.924340
vt 0.127194 0.756499
vt 0.065588 0.585549
vt 0.067509 0.588719
vt 0.065031 0.590726
vt 0.338171 0.629159
vt 0.324021 0.630302
vt 0.353646 0.769575
vt 0.349087 0.772870
vt 0.340939 0.772889
vt 0.341170 0.754426
vt 0.349387 0.753779
vt 0.352258 0.751747
vt 0.047347 0.525014
vt 0.048788 0.518110
vt 0.050202 0.520189
vt 0.049267 0.525142
vt 0.529685 0.573002
vt 0.191426 0.896658
vt 0.990660 0.566064
vt 0.987418 0.561350
vt 0.990269 0.560524
vt 0.987910 0.567222
vt 0.689183 0.258559
vt 0.677751 0.258404
vt 0.681812 0.239004
vt 0.686148 0.244321
vt 0.736394 0.079399
vt 0.733697 0.087709
vt 0.729770 0.095943
vt 0.725477 0.101360
vt 0.722532 0.102275
vt 0.606177 0.992562
vt 0.606418 0.989801
vt 0.615972 0.985931
vt 0.614570 0.989889
vt 0.031966 0.686305
vt 0.030898 0.676944
vt 0.033667 0.681220
vt 0.703798 0.259194
vt 0.702655 0.249784
vt 0.119518 0.900747
vt 0.122632 0.902537
vt 0.118196 0.907354
vt 0.263913 0.678971
vt 0.254406 0.681607
vt 0.248056 0.679448
vt 0.250320 0.682137
vt 0.058995 0.904627
vt 0.059343 0.881375
vt 0.062145 0.880342
vt 0.062879 0.893486
vt 0.064184 0.902483
vt 0.064360 0.910910
vt 0.060307 0.912946
vt 0.158744 0.842887
vt 0.171969 0.843757
vt 0.184635 0.851898
vt 0.070206 0.998392
vt 0.068097 0.998571
vt 0.069734 0.993192
vt 0.089198 0.536448
vt 0.088647 0.532079
vt 0.089198 0.530195
vt 0.068968 0.580790
vt 0.712441 0.966697
vt 0.709990 0.973508
vt 0.710429 0.967157
vt 0.713546 0.900667
vt 0.713607 0.891345
vt 0.722763 0.893264
vt 0.724065 0.897984
vt 0.192321 0.749539
vt 0.193877 0.750901
vt 0.772838 0.890077
vt 0.759923 0.890211
vt 0.789845 0.886614
vt 0.191775 0.890734
vt 0.194677 0.889063
vt 0.749294 0.004585
vt 0.749038 0.017448
vt 0.033199 0.675360
vt 0.704830 0.135024
vt 0.119022 0.920936
vt 0.121766 0.907354
vt 0.125049 0.908045
vt 0.051516 0.796524
vt 0.051632 0.805466
vt 0.049578 0.805204
vt 0.555635 0.198446
vt 0.556492 0.193028
vt 0.057624 0.868253
vt 0.058216 0.859220
vt 0.062534 0.869285
vt 0.050202 0.587492
vt 0.051834 0.579025
vt 0.051837 0.588095
vt 0.558977 0.273125
vt 0.558688 0.278406
vt 0.554928 0.278522
vt 0.554928 0.273392
vt 0.191759 0.884917
vt 0.987319 0.551518
vt 0.990257 0.550913
vt 0.796176 0.247686
vt 0.006166 0.714051
vt 0.004512 0.725181
vt 0.001508 0.720421
vt 0.003728 0.709741
vt 0.009223 0.703623
vt 0.693306 0.889613
vt 0.695699 0.889470
vt 0.167380 0.561215
vt 0.168144 0.573458
vt 0.167380 0.586557
vt 0.049426 0.795904
vt 0.050274 0.576698
vt 0.194470 0.879611
vt 0.191491 0.879438
vt 0.793808 0.247678
vt 0.913555 0.688684
vt 0.916144 0.674042
vt 0.916075 0.659239
vt 0.910833 0.637123
vt 0.904768 0.624758
vt 0.899278 0.616767
vt 0.895316 0.611988
vt 0.888705 0.605450
vt 0.881375 0.599637
vt 0.869318 0.592602
vt 0.856754 0.587850
vt 0.850042 0.586072
vt 0.836120 0.584708
vt 0.825400 0.585087
vt 0.811762 0.587659
vt 0.797752 0.592972
vt 0.810228 0.547642
vt 0.837678 0.545721
vt 0.859676 0.548789
vt 0.890729 0.560987
vt 0.932258 0.599956
vt 0.947350 0.632832
vt 0.906345 0.706572
vt 0.910901 0.696906
vt 0.662169 0.939279
vt 0.649438 0.935307
vt 0.682164 0.966112
vt 0.684971 0.975965
vt 0.684542 0.989318
vt 0.682164 0.989127
vt 0.271026 0.681190
vt 0.661337 0.530265
vt 0.663394 0.528350
vt 0.663376 0.537869
vt 0.661367 0.536883
vt 0.049867 0.789144
vt 0.052137 0.574053
vt 0.687698 0.276877
vt 0.687687 0.270217
vt 0.691224 0.270452
vt 0.691035 0.276877
vt 0.988750 0.739395
vt 0.961999 0.739399
vt 0.961941 0.691807
vt 0.988786 0.691708
vt 0.990660 0.544511
vt 0.987719 0.545105
vt 0.983188 0.887439
vt 0.983188 0.862800
vt 0.984748 0.862752
vt 0.691856 0.249136
vt 0.455199 0.541885
vt 0.455199 0.571346
vt 0.454398 0.552360
vt 0.274639 0.681542
vt 0.961941 0.767426
vt 0.963265 0.752662
vt 0.966213 0.763582
vt 0.107509 0.404221
vt 0.117091 0.395033
vt 0.363672 0.752025
vt 0.686424 0.189126
vt 0.686912 0.191543
vt 0.272552 0.737329
vt 0.273931 0.734129
vt 0.277173 0.737454
vt 0.274493 0.740585
vt 0.426315 0.945950
vt 0.054539 0.810022
vt 0.426457 0.942744
vt 0.096659 0.470725
vt 0.094694 0.481968
vt 0.092318 0.484008
vt 0.094801 0.469445
vt 0.051959 0.789477
vt 0.052208 0.786861
vt 0.689762 0.198089
vt 0.692308 0.201221
vt 0.692178 0.205094
vt 0.686978 0.199459
vt 0.684529 0.193373
vt 0.687954 0.194821
vt 0.685800 0.200494
vt 0.683594 0.195914
vt 0.278520 0.745790
vt 0.269985 0.753755
vt 0.267923 0.748015
vt 0.274704 0.742009
vt 0.215778 0.558846
vt 0.454398 0.592371
vt 0.456148 0.590973
vt 0.456148 0.598388
vt 0.192321 0.724029
vt 0.105287 0.490386
vt 0.108193 0.490914
vt 0.069897 0.283180
vt 0.067402 0.278143
vt 0.070380 0.277069
vt 0.066743 0.285514
vt 0.438598 0.849924
vt 0.033166 0.663942
vt 0.030861 0.663190
vt 0.033667 0.657446
vt 0.031420 0.656358
vt 0.521400 0.104271
vt 0.517691 0.100954
vt 0.520448 0.101730
vt 0.227097 0.543887
vt 0.238757 0.543518
vt 0.250944 0.543387
vt 0.235775 0.546177
vt 0.944664 0.869548
vt 0.939598 0.871452
vt 0.050861 0.937914
vt 0.048592 0.938235
vt 0.048592 0.912746
vt 0.051591 0.925548
vt 0.642176 0.521117
vt 0.277436 0.676163
vt 0.966995 0.751880
vt 0.682052 0.190676
vt 0.678994 0.137026
vt 0.815678 0.829662
vt 0.796768 0.833139
vt 0.806557 0.817128
vt 0.824188 0.807101
vt 0.829173 0.814510
vt 0.049465 0.885073
vt 0.052174 0.885416
vt 0.130286 0.319345
vt 0.132955 0.319518
vt 0.295455 0.944120
vt 0.304941 0.938004
vt 0.291641 0.950302
vt 0.280316 0.956210
vt 0.282753 0.737859
vt 0.280115 0.745195
vt 0.280937 0.740339
vt 0.282348 0.734554
vt 0.655982 0.542842
vt 0.649054 0.543302
vt 0.649754 0.530004
vt 0.656941 0.529964
vt 0.828580 0.968376
vt 0.844681 0.971261
vt 0.684955 0.207976
vt 0.680783 0.203895
vt 0.681020 0.200638
vt 0.679108 0.194915
vt 0.283621 0.756660
vt 0.280642 0.762806
vt 0.200781 0.622696
vt 0.199807 0.568303
vt 0.069067 0.289542
vt 0.795123 0.238055
vt 0.792985 0.239844
vt 0.792031 0.233950
vt 0.580100 0.090458
vt 0.587001 0.094031
vt 0.588182 0.098183
vt 0.582447 0.098580
vt 0.541192 0.542458
vt 0.549547 0.542903
vt 0.763980 0.252211
vt 0.764790 0.259871
vt 0.749294 0.262849
vt 0.749294 0.250900
vt 0.673913 0.522721
vt 0.680647 0.523258
vt 0.680783 0.535557
vt 0.674163 0.535690
vt 0.677582 0.134487
vt 0.677506 0.192660
vt 0.678515 0.197701
vt 0.705656 0.532123
vt 0.709168 0.532062
vt 0.709137 0.538525
vt 0.705656 0.538599
vt 0.983800 0.955575
vt 0.996275 0.954790
vt 0.110098 0.508130
vt 0.113098 0.510520
vt 0.030994 0.524563
vt 0.953476 0.351805
vt 0.953519 0.381702
vt 0.082878 0.479985
vt 0.085812 0.482303
vt 0.083298 0.482141
vt 0.080342 0.479773
vt 0.027608 0.518183
vt 0.996057 0.418366
vt 0.994274 0.430081
vt 0.988725 0.429834
vt 0.988505 0.420728
vt 0.318777 0.799737
vt 0.318666 0.749213
vt 0.322590 0.764042
vt 0.324373 0.768427
vt 0.327314 0.774428
vt 0.330293 0.779126
vt 0.332736 0.782260
vt 0.335125 0.784865
vt 0.331962 0.799735
vt 0.493811 0.456452
vt 0.960102 0.288534
vt 0.953704 0.292254
vt 0.554651 0.089293
vt 0.651323 0.093846
vt 0.674128 0.091689
vt 0.671959 0.099087
vt 0.064748 0.321901
vt 0.063341 0.311011
vt 0.066439 0.308712
vt 0.114131 0.516039
vt 0.115591 0.525653
vt 0.111535 0.515617
vt 0.112876 0.524507
vt 0.668563 0.905185
vt 0.657109 0.888113
vt 0.675152 0.886189
vt 0.683903 0.901845
vt 0.355474 0.284992
vt 0.325253 0.281607
vt 0.650319 0.858185
vt 0.681850 0.863071
vt 0.667605 0.872939
vt 0.652813 0.867745
vt 0.843769 0.245467
vt 0.844582 0.268608
vt 0.841797 0.263514
vt 0.841306 0.247237
vt 0.842376 0.233950
vt 0.844582 0.234300
vt 0.157108 0.000745
vt 0.157885 0.276329
vt 0.151348 0.276496
vt 0.152221 0.000940
vt 0.692591 0.264428
vt 0.697000 0.260189
vt 0.697000 0.269677
vt 0.680140 0.278388
vt 0.680140 0.270217
vt 0.684025 0.273442
vt 0.454398 0.619075
vt 0.454398 0.612355
vt 0.456335 0.613618
vt 0.689108 0.270166
vt 0.683412 0.269966
vt 0.668934 0.104552
vt 0.669489 0.204900
vt 0.668839 0.194874
vt 0.193831 0.317813
vt 0.194030 0.358365
vt 0.191830 0.325395
vt 0.013215 0.867457
vt 0.025803 0.883839
vt 0.009686 0.890763
vt 0.000049 0.883272
vt 0.191638 0.315433
vt 0.067638 0.300297
vt 0.064545 0.302115
vt 0.065676 0.293516
vt 0.068270 0.294380
vt 0.644425 0.002542
vt 0.645063 0.014912
vt 0.972112 0.752022
vt 0.671840 0.217389
vt 0.670546 0.211703
vt 0.670976 0.209985
vt 0.142395 0.832839
vt 0.139269 0.828449
vt 0.137113 0.824757
vt 0.134979 0.819862
vt 0.620210 0.838471
vt 0.613996 0.827797
vt 0.616345 0.811206
vt 0.619869 0.821883
vt 0.708427 0.803683
vt 0.711711 0.800631
vt 0.708061 0.806162
vt 0.994433 0.641678
vt 0.990171 0.641945
vt 0.993806 0.631307
vt 0.990571 0.591603
vt 0.987386 0.591183
vt 0.708129 0.266493
vt 0.708236 0.260210
vt 0.710646 0.260189
vt 0.710646 0.266722
vt 0.295917 0.739693
vt 0.294239 0.645692
vt 0.304601 0.646058
vt 0.307306 0.799829
vt 0.649067 0.264777
vt 0.649222 0.261777
vt 0.655319 0.260189
vt 0.654993 0.264432
vt 0.703435 0.529331
vt 0.699897 0.529171
vt 0.699986 0.522845
vt 0.703435 0.522721
vt 0.048592 0.908833
vt 0.041206 0.917585
vt 0.032817 0.926045
vt 0.022518 0.932894
vt 0.037966 0.857647
vt 0.033968 0.857138
vt 0.034983 0.842903
vt 0.033968 0.827004
vt 0.037823 0.827740
vt 0.039031 0.839488
vt 0.729980 0.019219
vt 0.732574 0.023161
vt 0.711286 0.499559
vt 0.703839 0.493693
vt 0.705469 0.489196
vt 0.713771 0.495854
vt 0.723382 0.502097
vt 0.721954 0.506517
vt 0.604983 0.752938
vt 0.560376 0.598988
vt 0.648822 0.613791
vt 0.365976 0.771234
vt 0.368743 0.760752
vt 0.647529 0.206784
vt 0.648886 0.196845
vt 0.646033 0.257866
vt 0.049681 0.493411
vt 0.047801 0.496246
vt 0.047031 0.489859
vt 0.046459 0.485766
vt 0.048831 0.486592
vt 0.025091 0.539048
vt 0.025091 0.518183
vt 0.025487 0.528802
vt 0.228594 0.962472
vt 0.223137 0.977548
vt 0.045286 0.518110
vt 0.046494 0.519462
vt 0.380791 0.628122
vt 0.377304 0.636071
vt 0.070132 0.880334
vt 0.067798 0.880888
vt 0.065515 0.867269
vt 0.064360 0.848999
vt 0.067541 0.865101
vt 0.930047 0.938672
vt 0.936514 0.938765
vt 0.103312 0.366237
vt 0.105287 0.366780
vt 0.095962 0.461602
vt 0.097983 0.459827
vt 0.278412 0.785383
vt 0.270737 0.790496
vt 0.269597 0.774453
vt 0.275349 0.770109
vt 0.279620 0.764716
vt 0.282932 0.758436
vt 0.548820 0.940042
vt 0.529133 0.924201
vt 0.980013 0.398531
vt 0.979732 0.403784
vt 0.970519 0.402487
vt 0.968551 0.398672
vt 0.108856 0.812387
vt 0.627732 0.346537
vt 0.626426 0.336416
vt 0.646411 0.212499
vt 0.352693 0.619414
vt 0.361280 0.630224
vt 0.352367 0.634548
vt 0.113792 0.834810
vt 0.377516 0.003053
vt 0.617216 0.806758
vt 0.610298 0.805620
vt 0.608560 0.800632
vt 0.616893 0.803221
vt 0.237417 0.647471
vt 0.233767 0.641454
vt 0.236647 0.643529
vt 0.190909 0.874060
vt 0.193843 0.873709
vt 0.354248 0.541943
vt 0.360123 0.541885
vt 0.366165 0.541928
vt 0.144844 0.303317
vt 0.138789 0.304110
vt 0.139270 0.296924
vt 0.144445 0.297098
vt 0.144710 0.576109
vt 0.144162 0.577743
vt 0.472080 0.515353
vt 0.862148 0.897487
vt 0.856801 0.913867
vt 0.848878 0.908858
vt 0.852302 0.895188
vt 0.859178 0.884734
vt 0.954791 0.930637
vt 0.983680 0.930471
vt 0.138774 0.660525
vt 0.191283 0.357426
vt 0.188153 0.351512
vt 0.187967 0.339458
vt 0.191203 0.337455
vt 0.482613 0.518426
vt 0.482364 0.522194
vt 0.228208 0.621355
vt 0.230264 0.631064
vt 0.977349 0.871976
vt 0.979127 0.868666
vt 0.981136 0.872588
vt 0.184956 0.469444
vt 0.175819 0.476861
vt 0.175260 0.463084
vt 0.184746 0.460429
vt 0.112374 0.184747
vt 0.114252 0.192594
vt 0.115567 0.195457
vt 0.117115 0.197932
vt 0.110815 0.276960
vt 0.102010 0.277021
vt 0.104694 0.001541
vt 0.114078 0.001441
vt 0.109955 0.101978
vt 0.112393 0.139509
vt 0.070380 0.899593
vt 0.077565 0.879947
vt 0.088421 0.879793
vt 0.082600 0.901554
vt 0.814617 0.275384
vt 0.815434 0.269925
vt 0.819413 0.262871
vt 0.820456 0.270725
vt 0.914624 0.263769
vt 0.903840 0.263931
vt 0.896340 0.264867
vt 0.921421 0.264355
vt 0.326877 0.774266
vt 0.323732 0.767961
vt 0.118196 0.847982
vt 0.115178 0.844054
vt 0.116463 0.843568
vt 0.191861 0.308692
vt 0.193990 0.310277
vt 0.113429 0.711493
vt 0.111228 0.713570
vt 0.113848 0.707346
vt 0.115467 0.702282
vt 0.116945 0.695531
vt 0.118196 0.695255
vt 0.116832 0.701792
vt 0.905820 0.881354
vt 0.321712 0.641755
vt 0.322700 0.637784
vt 0.333215 0.640243
vt 0.923936 0.925916
vt 0.924823 0.913504
vt 0.928328 0.913726
vt 0.927628 0.925521
vt 0.928328 0.938111
vt 0.924812 0.938385
vt 0.331172 0.678125
vt 0.448044 0.740099
vt 0.446965 0.742345
vt 0.084330 0.973408
vt 0.094217 0.972775
vt 0.108605 0.973708
vt 0.108774 0.998786
vt 0.097662 0.997814
vt 0.084330 0.998620
vt 0.443428 0.795932
vt 0.676869 0.583382
vt 0.678889 0.580231
vt 0.691897 0.594592
vt 0.661212 0.572899
vt 0.649010 0.559574
vt 0.663141 0.568302
vt 0.631932 0.795382
vt 0.626394 0.796340
vt 0.623370 0.788781
vt 0.326336 0.735297
vt 0.382132 0.565501
vt 0.328679 0.742425
vt 0.569901 0.278236
vt 0.569901 0.272559
vt 0.571018 0.276637
vt 0.331061 0.746332
vt 0.455199 0.570201
vt 0.455199 0.541885
vt 0.455948 0.546690
vt 0.446313 0.802453
vt 0.445940 0.806436
vt 0.444034 0.807425
vt 0.566018 0.276039
vt 0.564907 0.278386
vt 0.564907 0.272700
vt 0.441920 0.812542
vt 0.440483 0.812570
vt 0.194786 0.724029
vt 0.192792 0.721323
vt 0.194484 0.721375
vt 0.013030 0.436167
vt 0.010246 0.428768
vt 0.006265 0.421650
vt 0.010943 0.426035
vt 0.013668 0.431483
vt 0.015826 0.438174
vt 0.017113 0.444032
vt 0.014548 0.443400
vt 0.603677 0.984591
vt 0.174610 0.436788
vt 0.184303 0.426816
vt 0.184554 0.440263
vt 0.977824 0.152090
vt 0.970542 0.156567
vt 0.975574 0.139434
vt 0.977124 0.129003
vt 0.982892 0.125922
vt 0.980843 0.140368
vt 0.508110 0.309716
vt 0.509598 0.309074
vt 0.091837 0.285772
vt 0.088681 0.283367
vt 0.090783 0.283279
vt 0.093927 0.285759
vt 0.425506 0.851026
vt 0.415077 0.857424
vt 0.405495 0.853588
vt 0.088731 0.498602
vt 0.090209 0.500314
vt 0.087722 0.501584
vt 0.065947 0.694534
vt 0.614610 0.467202
vt 0.131465 0.808676
vt 0.130112 0.801850
vt 0.129106 0.791756
vt 0.129106 0.698096
vt 0.134665 0.698347
vt 0.134691 0.782590
vt 0.135690 0.790530
vt 0.139138 0.804907
vt 0.140674 0.809212
vt 0.142820 0.813488
vt 0.145706 0.818014
vt 0.150374 0.823173
vt 0.149929 0.839716
vt 0.145864 0.836719
vt 0.634704 0.238693
vt 0.637275 0.235250
vt 0.631987 0.242861
vt 0.639616 0.231247
vt 0.641776 0.226735
vt 0.644993 0.217830
vt 0.632645 0.257888
vt 0.608766 0.832771
vt 0.604476 0.819045
vt 0.608525 0.810000
vt 0.334169 0.680627
vt 0.333521 0.680674
vt 0.344101 0.678048
vt 0.937364 0.990715
vt 0.930658 0.992420
vt 0.929108 0.982632
vt 0.115960 0.867535
vt 0.118090 0.866235
vt 0.118196 0.889823
vt 0.116037 0.885673
vt 0.333279 0.728423
vt 0.049401 0.781729
vt 0.043486 0.782576
vt 0.044256 0.776228
vt 0.050054 0.777377
vt 0.146721 0.572595
vt 0.153756 0.565233
vt 0.158690 0.555603
vt 0.161452 0.545299
vt 0.154475 0.490843
vt 0.157696 0.490075
vt 0.164682 0.545033
vt 0.161444 0.555840
vt 0.158139 0.562503
vt 0.152754 0.569096
vt 0.149513 0.572326
vt 0.160837 0.657257
vt 0.158173 0.658909
vt 0.442633 0.791942
vt 0.439889 0.792438
vt 0.332652 0.732324
vt 0.441441 0.798445
vt 0.439048 0.795721
vt 0.333965 0.736788
vt 0.841242 0.298628
vt 0.839552 0.292370
vt 0.954456 0.987595
vt 0.457113 0.875204
vt 0.456540 0.868417
vt 0.466298 0.868573
vt 0.468526 0.872627
vt 0.480331 0.200768
vt 0.478763 0.276466
vt 0.578780 0.273191
vt 0.579994 0.276892
vt 0.578780 0.278219
vt 0.438978 0.806063
vt 0.437030 0.806427
vt 0.439847 0.802716
vt 0.661484 0.540906
vt 0.663609 0.542023
vt 0.663800 0.544503
vt 0.994553 0.887497
vt 0.026917 0.687492
vt 0.025079 0.688714
vt 0.025504 0.684813
vt 0.736949 0.019532
vt 0.736741 0.023386
vt 0.733095 0.019165
vt 0.027464 0.680974
vt 0.025711 0.681091
vt 0.329280 0.759435
vt 0.333419 0.765921
vt 0.330999 0.762410
vt 0.051349 0.885020
vt 0.048592 0.885073
vt 0.441261 0.831291
vt 0.438399 0.834208
vt 0.433958 0.836986
vt 0.837060 0.262857
vt 0.837363 0.265696
vt 0.834515 0.264779
vt 0.834164 0.262358
vt 0.166957 0.841217
vt 0.164256 0.825940
vt 0.168710 0.823556
vt 0.171165 0.821427
vt 0.173554 0.818713
vt 0.175951 0.834717
vt 0.171561 0.838433
vt 0.296667 0.938683
vt 0.033212 0.540898
vt 0.840507 0.265999
vt 0.838421 0.263576
vt 0.840894 0.262190
vt 0.349356 0.799721
vt 0.338667 0.787863
vt 0.052212 0.998252
vt 0.052646 0.973336
vt 0.387123 0.985279
vt 0.361874 0.984805
vt 0.707122 0.522784
vt 0.710799 0.522721
vt 0.710681 0.529099
vt 0.707122 0.529210
vt 0.344974 0.680566
vt 0.577747 0.272635
vt 0.572762 0.272485
vt 0.572762 0.260189
vt 0.577654 0.260315
vt 0.584621 0.021481
vt 0.585811 0.023764
vt 0.341284 0.865376
vt 0.319635 0.851650
vt 0.296371 0.839339
vt 0.305424 0.837783
vt 0.317203 0.843691
vt 0.324908 0.848668
vt 0.337405 0.857496
vt 0.661783 0.544291
vt 0.276189 0.646801
vt 0.996123 0.887634
vt 0.995143 0.862687
vt 0.710213 0.925648
vt 0.712153 0.927154
vt 0.709990 0.928853
vt 0.712389 0.921928
vt 0.710439 0.921885
vt 0.016971 0.300215
vt 0.014855 0.300155
vt 0.769837 0.183838
vt 0.763130 0.172926
vt 0.767294 0.169261
vt 0.778637 0.186774
vt 0.787023 0.196099
vt 0.778940 0.195415
vt 0.082737 0.713277
vt 0.085042 0.718644
vt 0.086453 0.723048
vt 0.081711 0.737135
vt 0.080640 0.732968
vt 0.079175 0.728803
vt 0.052108 0.875002
vt 0.833846 0.257921
vt 0.836824 0.258418
vt 0.646707 0.529841
vt 0.646214 0.543281
vt 0.641807 0.542335
vt 0.067081 0.682871
vt 0.064637 0.681190
vt 0.342971 0.790386
vt 0.001756 0.604110
vt 0.006475 0.578679
vt 0.010927 0.571888
vt 0.638153 0.883052
vt 0.653331 0.904515
vt 0.342248 0.085137
vt 0.341576 0.089267
vt 0.334597 0.089510
vt 0.342992 0.082051
vt 0.074871 0.945125
vt 0.476492 0.434478
vt 0.480211 0.338784
vt 0.478949 0.325162
vt 0.477710 0.318012
vt 0.476041 0.311275
vt 0.485084 0.281069
vt 0.493840 0.281594
vt 0.485644 0.434589
vt 0.524946 0.260189
vt 0.531155 0.260189
vt 0.531639 0.273533
vt 0.525512 0.273799
vt 0.710461 0.912929
vt 0.712415 0.913664
vt 0.194020 0.713019
vt 0.192321 0.705218
vt 0.194162 0.703374
vt 0.192358 0.713036
vt 0.836539 0.250297
vt 0.833750 0.249452
vt 0.727265 0.604316
vt 0.726001 0.610185
vt 0.720838 0.617905
vt 0.123916 0.675950
vt 0.124267 0.667403
vt 0.127599 0.665604
vt 0.127125 0.677509
vt 0.841306 0.257493
vt 0.838942 0.257036
vt 0.838934 0.247551
vt 0.159945 0.842888
vt 0.154072 0.841731
vt 0.066478 0.675892
vt 0.608305 0.248231
vt 0.621269 0.248741
vt 0.614820 0.257919
vt 0.735928 0.592095
vt 0.736783 0.593662
vt 0.712066 0.306799
vt 0.706534 0.305543
vt 0.716841 0.298025
vt 0.732622 0.289350
vt 0.741815 0.290451
vt 0.723297 0.299369
vt 0.955261 0.808407
vt 0.352544 0.680592
vt 0.349021 0.746316
vt 0.343334 0.746583
vt 0.339768 0.744806
vt 0.339965 0.741002
vt 0.343045 0.743045
vt 0.348532 0.742827
vt 0.351007 0.740748
vt 0.353325 0.736915
vt 0.354237 0.734544
vt 0.355296 0.729971
vt 0.354639 0.680911
vt 0.356903 0.678131
vt 0.357759 0.727870
vt 0.357059 0.733768
vt 0.355274 0.739421
vt 0.352025 0.744255
vt 0.021205 0.945055
vt 0.400126 0.847262
vt 0.511961 0.080050
vt 0.203402 0.081999
vt 0.661585 0.526546
vt 0.663800 0.522721
vt 0.166176 0.662136
vt 0.168198 0.664318
vt 0.166487 0.667143
vt 0.781518 0.522721
vt 0.775776 0.518143
vt 0.793635 0.517782
vt 0.806313 0.515892
vt 0.797847 0.521886
vt 0.710204 0.908752
vt 0.712297 0.909237
vt 0.192733 0.700331
vt 0.193137 0.695782
vt 0.194786 0.695979
vt 0.638723 0.542074
vt 0.026987 0.661245
vt 0.168198 0.598138
vt 0.168025 0.653744
vt 0.165900 0.650432
vt 0.164682 0.600705
vt 0.194380 0.699842
vt 0.631061 0.854665
vt 0.691027 0.248510
vt 0.685618 0.244414
vt 0.682914 0.222315
vt 0.687402 0.228806
vt 0.692669 0.232944
vt 0.700320 0.232868
vt 0.699990 0.249231
vt 0.833978 0.243906
vt 0.834430 0.239126
vt 0.836965 0.242556
vt 0.049002 0.867364
vt 0.048592 0.861750
vt 0.051610 0.862828
vt 0.051922 0.868094
vt 0.836836 0.245768
vt 0.841120 0.243905
vt 0.838722 0.242591
vt 0.067090 0.669922
vt 0.354524 0.790059
vt 0.973088 0.544511
vt 0.976462 0.545231
vt 0.974820 0.553385
vt 0.973154 0.570420
vt 0.970437 0.558953
vt 0.987405 0.503238
vt 0.990861 0.502984
vt 0.990517 0.507029
vt 0.986989 0.509068
vt 0.698444 0.882401
vt 0.695348 0.885402
vt 0.693065 0.885671
vt 0.695925 0.882986
vt 0.358964 0.678316
vt 0.046314 0.789723
vt 0.044700 0.789437
vt 0.042792 0.786861
vt 0.958437 0.746972
vt 0.953255 0.746994
vt 0.956798 0.691708
vt 0.961941 0.692256
vt 0.066828 0.483469
vt 0.066808 0.487483
vt 0.063447 0.487046
vt 0.063553 0.483140
vt 0.155839 0.825996
vt 0.606603 0.789108
vt 0.357427 0.731362
vt 0.636048 0.945204
vt 0.701092 0.818436
vt 0.703833 0.810873
vt 0.704496 0.813715
vt 0.702234 0.821580
vt 0.865502 0.234161
vt 0.868927 0.233950
vt 0.869214 0.240964
vt 0.865664 0.240987
vt 0.089973 0.580081
vt 0.089910 0.637287
vt 0.088671 0.577622
vt 0.987185 0.514873
vt 0.986990 0.509068
vt 0.091062 0.639466
vt 0.166023 0.656376
vt 0.644283 0.084707
vt 0.651290 0.084545
vt 0.650792 0.089714
vt 0.643854 0.090989
vt 0.168061 0.659456
vt 0.973080 0.862807
vt 0.975327 0.869667
vt 0.972597 0.866715
vt 0.970673 0.865735
vt 0.814618 0.270225
vt 0.809955 0.275120
vt 0.353876 0.641020
vt 0.169171 0.550733
vt 0.169081 0.556077
vt 0.167448 0.551867
vt 0.800763 0.548123
vt 0.779157 0.558279
vt 0.788079 0.552468
vt 0.603249 0.520711
vt 0.042707 0.851912
vt 0.044376 0.851723
vt 0.167380 0.559687
vt 0.581507 0.272413
vt 0.585690 0.272413
vt 0.585689 0.278333
vt 0.581825 0.278570
vt 0.169035 0.561215
vt 0.543913 0.001172
vt 0.527520 0.001847
vt 0.535940 0.001460
vt 0.436991 0.554723
vt 0.438281 0.545114
vt 0.441925 0.546409
vt 0.025079 0.659768
vt 0.185473 0.355117
vt 0.183871 0.352514
vt 0.361194 0.760228
vt 0.358266 0.766175
vt 0.322305 0.137790
vt 0.320747 0.275663
vt 0.302639 0.000120
vt 0.050980 0.857699
vt 0.837350 0.238671
vt 0.342548 0.136735
vt 0.683896 0.966112
vt 0.680126 0.965194
vt 0.840707 0.238678
vt 0.838248 0.238220
vt 0.862274 0.547804
vt 0.876264 0.552407
vt 0.699725 0.526951
vt 0.699527 0.532062
vt 0.693313 0.532062
vt 0.693336 0.527508
vt 0.577069 0.277535
vt 0.577035 0.274330
vt 0.578780 0.273191
vt 0.578780 0.278232
vt 0.960054 0.756069
vt 0.955436 0.757588
vt 0.336612 0.741489
vt 0.106913 0.387918
vt 0.105814 0.369185
vt 0.116852 0.374150
vt 0.428358 0.951934
vt 0.426516 0.941678
vt 0.429540 0.967417
vt 0.890589 0.558954
vt 0.040279 0.545654
vt 0.038444 0.546963
vt 0.838018 0.785901
vt 0.827730 0.786095
vt 0.835479 0.784424
vt 0.186627 0.968212
vt 0.185656 0.951566
vt 0.189827 0.959742
vt 0.190670 0.969101
vt 0.535328 0.192565
vt 0.185746 0.496966
vt 0.185886 0.502971
vt 0.183215 0.505987
vt 0.183101 0.498776
vt 0.682848 0.265661
vt 0.679112 0.269959
vt 0.673868 0.266425
vt 0.681293 0.261669
vt 0.562525 0.023874
vt 0.576440 0.077641
vt 0.565004 0.078516
vt 0.739593 0.023276
vt 0.736446 0.025685
vt 0.166576 0.372031
vt 0.164237 0.370197
vt 0.715137 0.634949
vt 0.717257 0.633525
vt 0.712502 0.647730
vt 0.705457 0.276093
vt 0.702979 0.276320
vt 0.703021 0.269699
vt 0.705457 0.269677
vt 0.557168 0.820007
vt 0.537949 0.826562
vt 0.554833 0.818326
vt 0.573690 0.811801
vt 0.423281 0.494122
vt 0.428021 0.488765
vt 0.423207 0.497806
vt 0.417239 0.500922
vt 0.730465 0.727131
vt 0.731634 0.732105
vt 0.117091 0.441392
vt 0.191638 0.370448
vt 0.191472 0.386967
vt 0.188275 0.371018
vt 0.713008 0.670153
vt 0.117189 0.430669
vt 0.118920 0.419646
vt 0.258538 0.907411
vt 0.283145 0.902283
vt 0.705926 0.624973
vt 0.916355 0.809784
vt 0.924574 0.826337
vt 0.921153 0.829946
vt 0.919865 0.823932
vt 0.917110 0.818464
vt 0.592654 0.544511
vt 0.848970 0.784783
vt 0.111834 0.944955
vt 0.099313 0.937925
vt 0.984186 0.107863
vt 0.987949 0.108871
vt 0.661051 0.846853
vt 0.637024 0.843105
vt 0.651711 0.827804
vt 0.670923 0.830275
vt 0.551041 0.015205
vt 0.551102 0.002693
vt 0.512928 0.838668
vt 0.523134 0.830512
vt 0.535232 0.823896
vt 0.548624 0.818570
vt 0.192026 0.277123
vt 0.194412 0.277069
vt 0.194604 0.282038
vt 0.192197 0.283983
vt 0.774807 0.558689
vt 0.862396 0.781982
vt 0.980815 0.619532
vt 0.123451 0.822911
vt 0.118196 0.729447
vt 0.124573 0.824045
vt 0.119574 0.721755
vt 0.334512 0.729583
vt 0.336158 0.734572
vt 0.337447 0.737689
vt 0.064637 0.595792
vt 0.067078 0.594824
vt 0.118467 0.719346
vt 0.885649 0.771467
vt 0.993297 0.954407
vt 0.995193 0.931111
vt 1.000000 0.930471
vt 1.000000 0.954790
vt 0.571018 0.273432
vt 0.575235 0.273191
vt 0.575119 0.278133
vt 0.571018 0.278236
vt 0.369854 0.754480
vt 0.689856 0.213108
vt 0.697980 0.213201
vt 0.697905 0.232282
vt 0.690375 0.231936
vt 0.919752 0.283636
vt 0.926340 0.285917
vt 0.224209 0.937406
vt 0.231546 0.923375
vt 0.236836 0.935602
vt 0.225623 0.946110
vt 0.876086 0.777789
vt 0.156044 0.947290
vt 0.185620 0.404513
vt 0.371149 0.644609
vt 0.373401 0.643968
vt 0.998517 0.617701
vt 0.987801 0.186832
vt 0.990134 0.186980
vt 0.990134 0.209702
vt 0.987368 0.200854
vt 0.583881 0.104202
vt 0.581895 0.100160
vt 0.584378 0.102884
vt 0.580003 0.094765
vt 0.824841 0.544511
vt 0.988050 0.326504
vt 0.987897 0.279108
vt 0.703085 0.532358
vt 0.705656 0.532062
vt 0.705575 0.538698
vt 0.703166 0.538698
vt 0.561442 0.798795
vt 0.547884 0.794765
vt 0.584911 0.205321
vt 0.953255 0.663073
vt 0.713046 0.079053
vt 0.951774 0.645759
vt 0.946358 0.624698
vt 0.938298 0.606437
vt 0.647509 0.523624
vt 0.644728 0.521179
vt 0.968103 0.768505
vt 0.966995 0.751880
vt 0.971079 0.751911
vt 0.972112 0.764601
vt 0.705812 0.266784
vt 0.705812 0.260189
vt 0.708129 0.260237
vt 0.708011 0.266738
vt 0.504575 0.278506
vt 0.505004 0.268144
vt 0.995408 0.596764
vt 0.998517 0.597065
vt 0.505446 0.277604
vt 0.664161 0.950082
vt 0.662169 0.938766
vt 0.668402 0.937298
vt 0.671544 0.974967
vt 0.664386 0.974837
vt 0.665083 0.963135
vt 0.497881 0.190058
vt 0.036198 0.382154
vt 0.033968 0.382457
vt 0.341284 0.909765
vt 0.358078 0.909571
vt 0.560942 0.272700
vt 0.564774 0.272781
vt 0.564907 0.278486
vt 0.560892 0.278486
vt 0.846262 0.232439
vt 0.835926 0.230121
vt 0.835349 0.224437
vt 0.846356 0.226984
vt 0.068669 0.973389
vt 0.070206 0.973260
vt 0.042372 0.433062
vt 0.952834 0.340886
vt 0.953476 0.332926
vt 0.553925 0.137481
vt 0.047688 0.477986
vt 0.829381 0.886874
vt 0.819521 0.887709
vt 0.809691 0.888771
vt 0.064637 0.577940
vt 0.068857 0.521347
vt 0.066501 0.580790
vt 0.709990 0.906030
vt 0.712058 0.906249
vt 0.045585 0.478649
vt 0.534770 0.186142
vt 0.534434 0.140957
vt 0.540581 0.141095
vt 0.105287 0.277554
vt 0.114739 0.277069
vt 0.572762 0.272559
vt 0.566048 0.272546
vt 0.566247 0.260374
vt 0.529490 0.195669
vt 0.066834 0.519537
vt 0.532259 0.199528
vt 0.706207 0.887891
vt 0.708290 0.887791
vt 0.530215 0.200871
vt 0.923540 0.372300
vt 0.922975 0.358137
vt 0.926288 0.357601
vt 0.927242 0.369979
vt 0.926685 0.382616
vt 0.922975 0.382467
vt 0.891154 0.913274
vt 0.890929 0.883793
vt 0.554079 0.203178
vt 0.646895 0.569895
vt 0.636321 0.575548
vt 0.611462 0.573443
vt 0.533856 0.275836
vt 0.533856 0.260189
vt 0.535317 0.265933
vt 0.068200 0.514139
vt 0.066246 0.514151
vt 0.067317 0.509157
vt 0.064637 0.506196
vt 0.428845 0.860387
vt 0.407274 0.862432
vt 0.534148 0.202417
vt 0.535369 0.197193
vt 0.536757 0.201653
vt 0.537057 0.209943
vt 0.558744 0.232493
vt 0.556116 0.217143
vt 0.557972 0.211220
vt 0.559167 0.206234
vt 0.561411 0.190681
vt 0.561635 0.105010
vt 0.566117 0.104737
vt 0.566034 0.201608
vt 0.564327 0.213023
vt 0.563023 0.219547
vt 0.565148 0.208839
vt 0.616998 0.520773
vt 0.536709 0.207332
vt 0.534855 0.217954
vt 0.533802 0.212343
vt 0.532829 0.205381
vt 0.537497 0.106344
vt 0.536604 0.135650
vt 0.534151 0.136090
vt 0.534141 0.195556
vt 0.535184 0.202583
vt 0.065759 0.504258
vt 0.454398 0.605540
vt 0.454398 0.598388
vt 0.456025 0.602671
vt 0.551909 0.207465
vt 0.549176 0.210974
vt 0.669968 0.990548
vt 0.662169 0.988682
vt 0.511698 0.777464
vt 0.524700 0.784221
vt 0.454398 0.584600
vt 0.456017 0.584156
vt 0.456241 0.589224
vt 0.454689 0.590973
vt 0.456052 0.576442
vt 0.456241 0.571846
vt 0.454404 0.575717
vt 0.454701 0.571346
vt 0.217528 0.926439
vt 0.266939 0.000199
vt 0.269829 0.075557
vt 0.264841 0.080694
vt 0.262849 0.084824
vt 0.262005 0.088136
vt 0.253171 0.000419
vt 0.531044 0.235899
vt 0.529877 0.231437
vt 0.530395 0.206680
vt 0.531955 0.216662
vt 0.533272 0.222117
vt 0.532587 0.240506
vt 0.791030 0.868424
vt 0.806416 0.854036
vt 0.819984 0.865291
vt 0.831006 0.873902
vt 0.817857 0.875142
vt 0.555946 0.186867
vt 0.556228 0.191054
vt 0.760637 0.066121
vt 0.770821 0.048352
vt 0.779221 0.046632
vt 0.770169 0.059569
vt 0.762564 0.074718
vt 0.707983 0.883968
vt 0.705967 0.884231
vt 0.145041 0.404058
vt 0.141475 0.407807
vt 0.138614 0.411724
vt 0.136667 0.415508
vt 0.134542 0.421072
vt 0.132974 0.426688
vt 0.132139 0.431462
vt 0.139778 0.485521
vt 0.136943 0.488135
vt 0.129106 0.431313
vt 0.131280 0.422644
vt 0.133273 0.417224
vt 0.136145 0.411899
vt 0.138774 0.408310
vt 0.142514 0.404595
vt 0.161382 0.687239
vt 0.164506 0.689359
vt 0.161668 0.690543
vt 0.119259 0.343428
vt 0.128793 0.341465
vt 0.129063 0.364534
vt 0.119369 0.366673
vt 0.118875 0.356001
vt 0.050458 0.499640
vt 0.397143 0.628592
vt 0.389212 0.631656
vt 0.164682 0.694810
vt 0.161594 0.695537
vt 0.681886 0.970968
vt 0.678731 0.968106
vt 0.681473 0.966112
vt 0.126289 0.983489
vt 0.125747 0.995302
vt 0.679114 0.973368
vt 0.682164 0.977099
vt 0.679181 0.980147
vt 0.627709 0.529775
vt 0.627840 0.541864
vt 0.500429 0.330823
vt 0.502716 0.322508
vt 0.501356 0.331906
vt 0.019577 0.304921
vt 0.017223 0.299062
vt 0.017113 0.293555
vt 0.019531 0.290275
vt 0.019362 0.296449
vt 0.526217 0.101662
vt 0.521313 0.094891
vt 0.049689 0.665896
vt 0.187014 0.938652
vt 0.190670 0.939699
vt 0.628002 0.356449
vt 0.215564 0.546462
vt 0.553598 0.192735
vt 0.119230 0.398110
vt 0.128953 0.412061
vt 0.220924 0.890531
vt 0.218425 0.900750
vt 0.216966 0.878964
vt 0.680884 0.681014
vt 0.693942 0.684411
vt 0.671534 0.731230
vt 0.597651 0.810874
vt 0.590876 0.812475
vt 0.589267 0.806967
vt 0.603412 0.804847
vt 0.371092 0.737640
vt 0.369494 0.646284
vt 0.256556 0.557732
vt 0.048850 0.606233
vt 0.507682 0.003209
vt 0.511455 0.002784
vt 0.962952 0.538753
vt 0.953755 0.538751
vt 0.050806 0.604269
vt 0.570466 0.098523
vt 0.560031 0.096824
vt 0.556798 0.087943
vt 0.578510 0.090463
vt 0.889354 0.340904
vt 0.190467 0.301613
vt 0.187336 0.307745
vt 0.186678 0.291799
vt 0.189682 0.288004
vt 0.897721 0.359247
vt 0.889588 0.351423
vt 0.551801 0.198658
vt 0.938412 0.233950
vt 0.951525 0.235594
vt 0.963483 0.235090
vt 0.185886 0.278637
vt 0.145367 0.369591
vt 0.581576 0.264027
vt 0.581507 0.260189
vt 0.588289 0.261473
vt 0.588070 0.264896
vt 0.112976 0.848657
vt 0.115472 0.847982
vt 0.549534 0.018154
vt 0.550233 0.023963
vt 0.549507 0.022065
vt 0.541238 0.022391
vt 0.538771 0.018577
vt 0.533856 0.270361
vt 0.531639 0.275934
vt 0.531849 0.270663
vt 0.549685 0.202875
vt 0.599513 0.257931
vt 0.590722 0.258075
vt 0.581101 0.258048
vt 0.587815 0.218682
vt 0.589881 0.225097
vt 0.592891 0.231659
vt 0.596046 0.237033
vt 0.533672 0.261017
vt 0.531639 0.260189
vt 0.983858 0.619532
vt 0.987279 0.619882
vt 0.985280 0.631111
vt 0.984113 0.645124
vt 0.981068 0.635255
vt 0.627036 0.245996
vt 0.631740 0.241965
vt 0.117229 0.474698
vt 0.127235 0.470932
vt 0.126686 0.481237
vt 0.117738 0.484295
vt 0.621218 0.269851
vt 0.615101 0.267958
vt 0.116261 0.444921
vt 0.106339 0.453027
vt 0.106776 0.439405
vt 0.443190 0.470234
vt 0.440097 0.477084
vt 0.436588 0.476760
vt 0.432411 0.482602
vt 0.410448 0.507235
vt 0.389932 0.530133
vt 0.357683 0.535315
vt 0.236365 0.502638
vt 0.229249 0.494923
vt 0.205704 0.472683
vt 0.197063 0.452489
vt 0.200983 0.442447
vt 0.199348 0.434268
vt 0.197968 0.425004
vt 0.197223 0.408120
vt 0.198561 0.391755
vt 0.208118 0.349848
vt 0.216808 0.342302
vt 0.246062 0.380833
vt 0.242431 0.393457
vt 0.241084 0.405486
vt 0.241764 0.421309
vt 0.243767 0.430483
vt 0.245647 0.436535
vt 0.250771 0.448170
vt 0.254221 0.454051
vt 0.262318 0.464638
vt 0.268844 0.471050
vt 0.274416 0.475572
vt 0.282785 0.481115
vt 0.289849 0.484602
vt 0.295074 0.486691
vt 0.300938 0.488666
vt 0.309935 0.490689
vt 0.325883 0.491789
vt 0.337687 0.490490
vt 0.344137 0.489153
vt 0.351324 0.486899
vt 0.360155 0.483146
vt 0.367421 0.479070
vt 0.374968 0.473653
vt 0.381997 0.467420
vt 0.389153 0.459281
vt 0.393269 0.453123
vt 0.396518 0.447451
vt 0.399857 0.440294
vt 0.402679 0.432024
vt 0.404765 0.423162
vt 0.405875 0.405345
vt 0.404134 0.392355
vt 0.402592 0.386132
vt 0.400329 0.379610
vt 0.391726 0.299554
vt 0.441167 0.348528
vt 0.445471 0.346659
vt 0.451511 0.358085
vt 0.451410 0.377986
vt 0.451928 0.384275
vt 0.454612 0.405773
vt 0.453490 0.426908
vt 0.115849 0.462762
vt 0.990020 0.686762
vt 0.987279 0.685957
vt 0.987502 0.683181
vt 0.990463 0.683281
vt 0.583876 0.814468
vt 0.190717 0.444603
vt 0.190321 0.456941
vt 0.187283 0.449951
vt 0.189271 0.613129
vt 0.186096 0.622209
vt 0.185886 0.600245
vt 0.390663 0.800374
vt 0.384136 0.645450
vt 0.385006 0.697976
vt 0.385883 0.744452
vt 0.387916 0.760167
vt 0.389321 0.767574
vt 0.137179 0.299126
vt 0.132474 0.287821
vt 0.134413 0.280908
vt 0.136512 0.277866
vt 0.144581 0.295711
vt 0.139537 0.296438
vt 0.084330 0.944955
vt 0.083664 0.973517
vt 0.681943 0.982306
vt 0.227128 0.567275
vt 0.540248 0.230884
vt 0.539345 0.211841
vt 0.542283 0.213998
vt 0.543320 0.233192
vt 0.503310 0.017961
vt 0.503251 0.005078
vt 0.105287 0.464412
vt 0.529884 0.239495
vt 0.703373 0.260189
vt 0.703373 0.266856
vt 0.701044 0.266779
vt 0.701068 0.260304
vt 0.550482 0.245921
vt 0.550147 0.229289
vt 0.553600 0.223578
vt 0.556348 0.237507
vt 0.049634 0.513620
vt 0.049309 0.508799
vt 0.051902 0.512812
vt 0.553127 0.241124
vt 0.555559 0.236856
vt 0.017705 0.285593
vt 0.018540 0.280469
vt 0.020601 0.281660
vt 0.441707 0.961395
vt 0.089929 0.494091
vt 0.091990 0.493965
vt 0.947124 0.937831
vt 0.942257 0.938443
vt 0.186737 0.465750
vt 0.189460 0.634088
vt 0.827803 0.514300
vt 0.812369 0.519214
vt 0.819235 0.512470
vt 0.839249 0.503945
vt 0.847033 0.504658
vt 0.910576 0.286671
vt 0.904664 0.278681
vt 0.907507 0.280534
vt 0.910921 0.283726
vt 0.914826 0.291808
vt 0.533332 0.246636
vt 0.535213 0.245506
vt 0.553505 0.242219
vt 0.246026 0.920354
vt 0.237274 0.911098
vt 0.771942 0.872762
vt 0.783236 0.853966
vt 0.456540 0.368893
vt 0.452046 0.370504
vt 0.358205 0.827602
vt 0.358978 0.818577
vt 0.371614 0.817278
vt 0.186277 0.637709
vt 0.036172 0.275853
vt 0.194082 0.842911
vt 0.193627 0.847107
vt 0.191675 0.842888
vt 0.604020 0.333330
vt 0.596365 0.324872
vt 0.191450 0.869191
vt 0.194082 0.871807
vt 0.192037 0.873709
vt 0.193666 0.867555
vt 0.837715 0.233950
vt 0.840018 0.234031
vt 0.942191 0.863982
vt 0.947124 0.862638
vt 0.191104 0.849551
vt 0.193245 0.851302
vt 0.190909 0.862137
vt 0.193268 0.862149
vt 0.089862 0.340167
vt 0.091449 0.346162
vt 0.093630 0.351709
vt 0.097038 0.358096
vt 0.100487 0.362423
vt 0.097932 0.361651
vt 0.093743 0.355733
vt 0.090086 0.347833
vt 0.087722 0.339836
vt 0.438284 0.477636
vt 0.574150 0.000378
vt 0.128949 0.391644
vt 0.887965 0.913504
vt 0.896819 0.937133
vt 0.886818 0.949695
vt 0.880862 0.916885
vt 0.128571 0.429642
vt 0.404306 0.544789
vt 0.404440 0.557290
vt 0.128705 0.607169
vt 0.125657 0.618241
vt 0.125764 0.589081
vt 0.824867 0.285748
vt 0.823221 0.290289
vt 0.128760 0.628600
vt 0.163309 0.677392
vt 0.160637 0.678723
vt 0.160101 0.673256
vt 0.162668 0.672533
vt 0.201453 0.835184
vt 0.203855 0.854227
vt 0.197845 0.863714
vt 0.194984 0.838256
vt 0.959470 0.264221
vt 0.963779 0.263597
vt 0.975936 0.260166
vt 0.968752 0.261000
vt 0.209633 0.139581
vt 0.213018 0.277454
vt 0.207235 0.277773
vt 0.962919 0.545339
vt 0.966437 0.544511
vt 0.965573 0.562522
vt 0.969808 0.573158
vt 0.966157 0.581792
vt 0.118197 0.941643
vt 0.709997 0.269748
vt 0.710016 0.276236
vt 0.707748 0.276045
vt 0.707748 0.269677
vt 0.968362 0.593535
vt 0.749379 0.891676
vt 0.781429 0.891880
vt 0.757790 0.895085
vt 0.735339 0.898039
vt 0.737382 0.894446
vt 0.057459 0.576499
vt 0.060134 0.569587
vt 0.061801 0.563593
vt 0.062784 0.557957
vt 0.061554 0.504258
vt 0.064637 0.557693
vt 0.063458 0.564211
vt 0.060529 0.573305
vt 0.057145 0.579900
vt 0.053879 0.583660
vt 0.052212 0.583945
vt 0.054244 0.581482
vt 0.194187 0.536074
vt 0.194438 0.541557
vt 0.192245 0.542232
vt 0.191843 0.532312
vt 0.626309 0.837257
vt 0.630557 0.831046
vt 0.637268 0.826091
vt 0.990793 0.339602
vt 0.052212 0.913682
vt 0.055648 0.912946
vt 0.054190 0.924706
vt 0.969808 0.583671
vt 0.442634 0.742322
vt 0.200366 0.380600
vt 0.199506 0.372582
vt 0.195946 0.370545
vt 0.205381 0.347870
vt 0.129106 0.939261
vt 0.154404 0.938651
vt 0.959422 0.990552
vt 0.953853 0.990811
vt 0.880862 0.913055
vt 0.880862 0.829639
vt 0.881551 0.823093
vt 0.882473 0.817391
vt 0.885358 0.806281
vt 0.889159 0.797821
vt 0.888943 0.816671
vt 0.887129 0.821890
vt 0.886885 0.883564
vt 0.177475 0.695504
vt 0.174634 0.692812
vt 0.177934 0.693689
vt 0.707122 0.529197
vt 0.703671 0.522897
vt 0.707122 0.522721
vt 0.703435 0.529271
vt 0.037508 0.000528
vt 0.480176 0.612129
vt 0.474223 0.641827
vt 0.475027 0.623801
vt 0.669793 0.747333
vt 0.190700 0.684340
vt 0.191258 0.694973
vt 0.187933 0.693379
vt 0.453780 0.847619
vt 0.448628 0.853247
vt 0.837715 0.268783
vt 0.834936 0.269186
vt 0.834661 0.267156
vt 0.503546 0.884615
vt 0.514369 0.868152
vt 0.530260 0.865143
vt 0.611250 0.876659
vt 0.609950 0.862278
vt 0.068422 0.658012
vt 0.065984 0.658620
vt 0.361370 0.618587
vt 0.355694 0.565408
vt 0.048659 0.785133
vt 0.042707 0.786861
vt 0.644966 0.023054
vt 0.644670 0.077525
vt 0.644657 0.021437
vt 0.438014 0.195929
vt 0.439503 0.191544
vt 0.440315 0.187826
vt 0.444533 0.002200
vt 0.201628 0.900646
vt 0.196768 0.886750
vt 0.194449 0.289992
vt 0.192165 0.290705
vt 0.868572 0.880752
vt 0.874768 0.876675
vt 0.874901 0.881083
vt 0.646812 0.466928
vt 0.958043 0.617934
vt 0.962919 0.562346
vt 0.958085 0.619532
vt 0.184578 0.634160
vt 0.185886 0.640304
vt 0.182535 0.639317
vt 0.589483 0.260204
vt 0.595688 0.260189
vt 0.595633 0.264689
vt 0.589244 0.265270
vt 0.589142 0.262089
vt 0.925116 0.357601
vt 0.925007 0.355871
vt 0.009764 0.497827
vt 0.007124 0.497049
vt 0.687835 0.830414
vt 0.079267 0.001411
vt 0.506409 0.026182
vt 0.502927 0.023763
vt 0.971087 0.781229
vt 0.966995 0.781945
vt 0.291823 0.761717
vt 0.289583 0.768140
vt 0.287433 0.772755
vt 0.284189 0.778429
vt 0.666462 0.814437
vt 0.682073 0.809831
vt 0.685208 0.827097
vt 0.184657 0.310694
vt 0.184331 0.324532
vt 0.174670 0.314711
vt 0.654628 0.270805
vt 0.654628 0.276293
vt 0.648522 0.277701
vt 0.648905 0.270893
vt 0.174446 0.333517
vt 0.341978 0.753610
vt 0.337879 0.751595
vt 0.337709 0.744549
vt 0.341467 0.747018
vt 0.349617 0.746672
vt 0.348723 0.753373
vt 0.547358 0.099849
vt 0.558350 0.098387
vt 0.106416 0.721158
vt 0.105287 0.721281
vt 0.358722 0.787046
vt 0.658097 0.270805
vt 0.660521 0.271277
vt 0.660549 0.277597
vt 0.658097 0.277486
vt 0.247383 0.838421
vt 0.246481 0.856977
vt 0.231853 0.857488
vt 0.228541 0.841126
vt 0.593209 0.439752
vt 0.583635 0.439444
vt 0.587583 0.353971
vt 0.589605 0.343040
vt 0.591852 0.335157
vt 0.593793 0.330053
vt 0.018005 0.312425
vt 0.184339 0.448926
vt 0.185886 0.452470
vt 0.101626 0.854676
vt 0.105283 0.853191
vt 0.400350 0.804193
vt 0.402647 0.803740
vt 0.176084 0.484315
vt 0.185011 0.489130
vt 0.526926 0.227468
vt 0.528011 0.232778
vt 0.125978 0.490353
vt 0.595677 0.268028
vt 0.589037 0.269425
vt 0.500415 0.197836
vt 0.029729 0.418136
vt 0.027332 0.418598
vt 0.286145 0.565878
vt 0.287198 0.621059
vt 0.932546 0.597596
vt 0.190716 0.313968
vt 0.187649 0.321140
vt 0.189011 0.277070
vt 0.187486 0.496961
vt 0.191258 0.486525
vt 0.190804 0.494929
vt 0.187818 0.489262
vt 0.512751 0.262253
vt 0.515618 0.262540
vt 0.514313 0.274803
vt 0.511508 0.275166
vt 0.865042 0.975315
vt 0.866171 0.979135
vt 0.854198 0.978681
vt 0.856942 0.975291
vt 0.187826 0.329788
vt 0.190930 0.325603
vt 0.190571 0.500764
vt 0.660238 0.467102
vt 0.653156 0.466934
vt 0.645078 0.459186
vt 0.657757 0.458679
vt 0.669572 0.103156
vt 0.669286 0.161769
vt 0.669739 0.202367
vt 0.660187 0.104237
vt 0.218769 0.829297
vt 0.218932 0.813845
vt 0.228123 0.815483
vt 0.231640 0.823948
vt 0.653109 0.023337
vt 0.665397 0.023462
vt 0.131435 0.281403
vt 0.129997 0.287323
vt 0.987588 0.619090
vt 0.983688 0.607903
vt 0.987111 0.595922
vt 0.991392 0.596308
vt 0.943832 0.711745
vt 0.938466 0.719379
vt 0.186367 0.532867
vt 0.189481 0.538756
vt 0.168144 0.572451
vt 0.168847 0.561215
vt 0.168847 0.583944
vt 0.920606 0.745773
vt 0.929910 0.736285
vt 0.239116 0.558290
vt 0.184179 0.338660
vt 0.256853 0.275928
vt 0.261351 0.092363
vt 0.188233 0.393031
vt 0.186130 0.549108
vt 0.911366 0.753838
vt 0.786007 0.600023
vt 0.778055 0.606504
vt 0.771485 0.613223
vt 0.765910 0.620600
vt 0.761346 0.628053
vt 0.757047 0.637354
vt 0.753906 0.647638
vt 0.752337 0.655800
vt 0.751522 0.667064
vt 0.752401 0.679328
vt 0.757522 0.698296
vt 0.765424 0.712890
vt 0.772275 0.721769
vt 0.778702 0.728277
vt 0.786420 0.734536
vt 0.797137 0.740848
vt 0.804609 0.744133
vt 0.819441 0.748336
vt 0.832351 0.749530
vt 0.841152 0.749271
vt 0.862978 0.744363
vt 0.874223 0.739036
vt 0.881272 0.734611
vt 0.887670 0.729747
vt 0.897950 0.719092
vt 0.902037 0.713599
vt 0.386447 0.543885
vt 0.386519 0.556803
vt 0.381343 0.556746
vt 0.381263 0.543382
vt 0.105859 0.401043
vt 0.189255 0.557487
vt 0.191445 0.403667
vt 0.185962 0.564192
vt 0.624023 0.523415
vt 0.620421 0.527246
vt 0.188110 0.408894
vt 0.189206 0.568649
vt 0.982988 0.899285
vt 0.983188 0.930440
vt 0.601686 0.357639
vt 0.191178 0.416145
vt 0.333589 0.749372
vt 0.324310 0.745596
vt 0.322912 0.738998
vt 0.321511 0.728966
vt 0.320178 0.646182
vt 0.899257 0.765604
vt 0.019567 0.505427
vt 0.022545 0.505003
vt 0.850649 0.545354
vt 0.187961 0.419934
vt 0.189170 0.579955
vt 0.186034 0.586753
vt 0.703031 0.538429
vt 0.699424 0.538710
vt 0.699424 0.532269
vt 0.703085 0.532062
vt 0.191009 0.430016
vt 0.187750 0.432900
vt 0.189149 0.593860
vt 0.051175 0.505185
vt 0.189655 0.646322
vt 0.186545 0.651331
vt 0.189897 0.657409
vt 0.595688 0.270674
vt 0.595917 0.265535
vt 0.601984 0.265607
vt 0.601984 0.271786
vt 0.188858 0.486525
vt 0.186857 0.662760
vt 0.182917 0.511852
vt 0.185595 0.511989
vt 0.184886 0.520233
vt 0.182390 0.519395
vt 0.123276 0.490353
vt 0.126846 0.494917
vt 0.123819 0.497560
vt 0.315421 0.645599
vt 0.317389 0.741278
vt 0.988200 0.953859
vt 0.983800 0.953355
vt 0.258459 0.790752
vt 0.250264 0.785372
vt 0.252425 0.769845
vt 0.260439 0.775082
vt 0.127218 0.501847
vt 0.463555 0.460730
vt 0.274662 0.730996
vt 0.275320 0.726698
vt 0.554928 0.260189
vt 0.554742 0.273526
vt 0.549791 0.273717
vt 0.549791 0.261346
vt 0.124125 0.503759
vt 0.441978 0.277877
vt 0.431918 0.278095
vt 0.124636 0.514682
vt 0.127785 0.511675
vt 0.185769 0.480099
vt 0.359413 0.739410
vt 0.356250 0.747034
vt 0.352662 0.751265
vt 0.354096 0.741727
vt 0.356142 0.736985
vt 0.595321 0.014817
vt 0.128290 0.524978
vt 0.968806 0.407428
vt 0.961081 0.413877
vt 0.960362 0.408521
vt 0.194984 0.198351
vt 0.173841 0.198379
vt 0.171428 0.192642
vt 0.193083 0.193118
vt 0.125294 0.538684
vt 0.128336 0.536080
vt 0.128373 0.755999
vt 0.126353 0.756499
vt 0.129106 0.588085
vt 0.125183 0.638576
vt 0.128353 0.642815
vt 0.124882 0.650275
vt 0.712918 0.658361
vt 0.574918 0.817392
vt 0.128038 0.653526
vt 0.124607 0.658800
vt 0.281852 0.676431
vt 0.281407 0.678861
vt 0.123276 0.687675
vt 0.126425 0.688822
vt 0.953790 0.862638
vt 0.940098 0.862388
vt 0.698321 0.312627
vt 0.701649 0.315671
vt 0.469610 0.443749
vt 0.066906 0.842029
vt 0.830271 0.252289
vt 0.827814 0.252896
vt 0.826585 0.233950
vt 0.263352 0.529715
vt 0.257171 0.525817
vt 0.044821 0.970214
vt 0.802453 0.880993
vt 0.830167 0.877271
vt 0.167380 0.490738
vt 0.169134 0.488135
vt 0.761820 0.881525
vt 0.040582 0.973775
vt 0.135770 0.568416
vt 0.133416 0.563988
vt 0.130725 0.557070
vt 0.129106 0.550219
vt 0.134159 0.496584
vt 0.137074 0.497076
vt 0.132031 0.551909
vt 0.135014 0.561765
vt 0.138832 0.569403
vt 0.141284 0.574979
vt 0.138174 0.571900
vt 0.601964 0.800631
vt 0.599949 0.796654
vt 0.622500 0.796957
vt 0.270281 0.865295
vt 0.269534 0.849121
vt 0.289852 0.848272
vt 0.295203 0.864716
vt 0.528635 0.022879
vt 0.526896 0.019083
vt 0.067632 0.819115
vt 0.233293 0.499697
vt 0.589037 0.264871
vt 0.588289 0.272257
vt 0.588289 0.260189
vt 0.478929 0.524686
vt 0.070132 0.819723
vt 0.022650 0.425412
vt 0.026360 0.422735
vt 0.023234 0.429550
vt 0.021383 0.434931
vt 0.019908 0.442003
vt 0.017113 0.442239
vt 0.019398 0.433739
vt 0.986937 0.383188
vt 0.989742 0.399461
vt 0.986937 0.406951
vt 0.325362 0.559107
vt 0.338638 0.559081
vt 0.335981 0.562964
vt 0.325293 0.563133
vt 0.210542 0.925915
vt 0.210102 0.913832
vt 0.222449 0.912939
vt 0.175260 0.297186
vt 0.184702 0.299577
vt 0.495044 0.738750
vt 0.483621 0.728018
vt 0.542090 0.274680
vt 0.542090 0.260383
vt 0.545980 0.269944
vt 0.989151 0.382999
vt 0.089435 0.502247
vt 0.091062 0.501585
vt 0.430248 0.644204
vt 0.433490 0.644843
vt 0.441482 0.684002
vt 0.432845 0.665599
vt 0.111847 0.909890
vt 0.115213 0.909299
vt 0.118090 0.925997
vt 0.113915 0.921477
vt 0.687087 0.911409
vt 0.191918 0.303100
vt 0.194265 0.302425
vt 0.194143 0.717162
vt 0.192492 0.717647
vt 0.182279 0.626775
vt 0.180327 0.628906
vt 0.177297 0.621120
vt 0.174132 0.616322
vt 0.178490 0.619074
vt 0.685258 0.906030
vt 0.990268 0.169561
vt 0.987320 0.169778
vt 0.989280 0.167501
vt 0.382989 0.619352
vt 0.404441 0.793532
vt 0.404441 0.710769
vt 0.413716 0.739806
vt 0.408940 0.740367
vt 0.409417 0.800004
vt 0.411066 0.805756
vt 0.413208 0.809852
vt 0.416666 0.814239
vt 0.423082 0.818182
vt 0.425861 0.837618
vt 0.421406 0.835581
vt 0.418240 0.832971
vt 0.414443 0.828313
vt 0.411353 0.822869
vt 0.408382 0.815375
vt 0.405431 0.802861
vt 0.989635 0.163404
vt 0.992575 0.167174
vt 0.992730 0.161344
vt 0.992943 0.162944
vt 0.546323 0.260189
vt 0.623114 0.319214
vt 0.655391 0.523490
vt 0.647760 0.527928
vt 0.203202 0.630805
vt 0.595688 0.271867
vt 0.953255 0.544511
vt 0.959407 0.548583
vt 0.955530 0.551103
vt 0.107004 0.336302
vt 0.615101 0.271152
vt 0.055203 0.736892
vt 0.052212 0.734621
vt 0.604809 0.349168
vt 0.605645 0.353048
vt 0.445082 0.472888
vt 0.441327 0.479159
vt 0.992943 0.184273
vt 0.989426 0.184322
vt 0.991051 0.182051
vt 0.987809 0.182134
vt 0.611156 0.278559
vt 0.611156 0.271339
vt 0.613444 0.271496
vt 0.613415 0.278466
vt 0.212705 0.479182
vt 0.456262 0.611548
vt 0.454398 0.612355
vt 0.640827 0.544285
vt 0.637129 0.544511
vt 0.021578 0.518103
vt 0.554996 0.272890
vt 0.554928 0.260189
vt 0.560892 0.260504
vt 0.560892 0.273125
vt 0.197038 0.562056
vt 0.206934 0.565577
vt 0.197433 0.566115
vt 0.447893 0.473598
vt 0.452088 0.465084
vt 0.024502 0.518183
vt 0.706378 0.137888
vt 0.708006 0.135412
vt 0.708773 0.138256
vt 0.068968 0.593699
vt 0.070202 0.591107
vt 0.070202 0.599038
vt 0.205015 0.475508
vt 0.207959 0.475053
vt 0.115130 0.909299
vt 0.112976 0.908620
vt 0.383052 0.627764
vt 0.379544 0.635887
vt 0.376362 0.640807
vt 0.374823 0.640212
vt 0.986937 0.453086
vt 0.982943 0.109898
vt 0.977750 0.118397
vt 0.977578 0.109220
vt 0.975424 0.093794
vt 0.970720 0.077619
vt 0.964868 0.064795
vt 0.972341 0.068710
vt 0.976244 0.076805
vt 0.980662 0.092560
vt 0.249390 0.882866
vt 0.231823 0.875598
vt 0.270622 0.880904
vt 0.175604 0.286064
vt 0.185120 0.290834
vt 0.067001 0.001229
vt 0.071411 0.190117
vt 0.072145 0.186990
vt 0.661337 0.526982
vt 0.415543 0.002828
vt 0.050771 0.912180
vt 0.649983 0.096104
vt 0.643233 0.097315
vt 0.626832 0.305301
vt 0.338573 0.876854
vt 0.315035 0.887190
vt 0.305289 0.888270
vt 0.309227 0.883111
vt 0.338895 0.874005
vt 0.696202 0.805491
vt 0.693264 0.807040
vt 0.918610 0.355273
vt 0.983966 0.887634
vt 0.740244 0.019632
vt 0.745999 0.023750
vt 0.592634 0.278622
vt 0.589039 0.278466
vt 0.589037 0.271867
vt 0.592634 0.272077
vt 0.701126 0.211115
vt 0.705525 0.204716
vt 0.707615 0.198192
vt 0.813492 0.784702
vt 0.986990 0.471289
vt 0.990269 0.471264
vt 0.020515 0.526555
vt 0.022186 0.530640
vt 0.009667 0.558589
vt 0.013951 0.543470
vt 0.554509 0.077967
vt 0.554613 0.024017
vt 0.482510 0.744374
vt 0.473315 0.728649
vt 0.956563 0.877343
vt 0.955637 0.882651
vt 0.953853 0.930471
vt 0.989231 0.107863
vt 0.982943 0.106486
vt 0.953708 0.862784
vt 0.651725 0.023463
vt 0.651739 0.077695
vt 0.940163 0.786562
vt 0.951901 0.786962
vt 0.640050 0.448812
vt 0.215705 0.544684
vt 0.571840 0.903165
vt 0.547892 0.900474
vt 0.904841 0.221828
vt 0.915807 0.217079
vt 0.927421 0.210374
vt 0.923523 0.218910
vt 0.913719 0.224047
vt 0.903082 0.228392
vt 0.890100 0.231612
vt 0.891806 0.225904
vt 0.435750 0.809002
vt 0.441640 0.801316
vt 0.606099 0.356179
vt 0.604007 0.403752
vt 0.199689 0.465038
vt 0.194984 0.451915
vt 0.690879 0.976452
vt 0.701147 0.976730
vt 0.068968 0.588998
vt 0.070310 0.580790
vt 0.070310 0.591107
vt 0.197503 0.450095
vt 0.592634 0.271867
vt 0.597775 0.271867
vt 0.592661 0.278534
vt 0.577805 0.086038
vt 0.607455 0.956491
vt 0.515473 0.910817
vt 0.916553 0.409505
vt 0.914653 0.409538
vt 0.677322 0.230719
vt 0.922016 0.477408
vt 0.923188 0.496858
vt 0.917922 0.494199
vt 0.917196 0.482388
vt 0.916553 0.471838
vt 0.917058 0.462925
vt 0.921136 0.464472
vt 0.964299 0.833877
vt 0.964733 0.820759
vt 0.234090 0.637377
vt 0.252362 0.641536
vt 0.117402 0.277069
vt 0.126339 0.277634
vt 0.224441 0.544081
vt 0.199046 0.442063
vt 0.730764 0.002045
vt 0.434242 0.818028
vt 0.437976 0.815859
vt 0.241885 0.564545
vt 0.852138 0.874249
vt 0.840812 0.873106
vt 0.982929 0.570223
vt 0.986629 0.569987
vt 0.987386 0.581934
vt 0.986552 0.595447
vt 0.982929 0.595115
vt 0.983706 0.581812
vt 0.961037 0.553851
vt 0.956876 0.556347
vt 0.127966 0.933489
vt 0.125688 0.933682
vt 0.125049 0.919963
vt 0.686898 0.821496
vt 0.689462 0.813830
vt 0.692762 0.810936
vt 0.689964 0.818220
vt 0.688239 0.824968
vt 0.685258 0.829805
vt 0.520634 0.004906
vt 0.522434 0.016610
vt 0.962448 0.395999
vt 0.969670 0.393729
vt 0.127966 0.907354
vt 0.251999 0.560413
vt 0.059800 0.824234
vt 0.064360 0.819115
vt 0.062503 0.826937
vt 0.059119 0.832393
vt 0.876910 0.851510
vt 0.880862 0.876831
vt 0.197024 0.415145
vt 0.706285 0.100263
vt 0.454762 0.414004
vt 0.986236 0.463592
vt 0.986682 0.472952
vt 0.706147 0.001127
vt 0.422638 0.325765
vt 0.417866 0.320504
vt 0.415006 0.317540
vt 0.421758 0.321606
vt 0.427771 0.331637
vt 0.607327 0.909097
vt 0.614408 0.908881
vt 0.612212 0.926620
vt 0.606886 0.924126
vt 0.258949 0.543072
vt 0.867247 0.228748
vt 0.878599 0.228137
vt 0.872850 0.233927
vt 0.858246 0.233950
vt 0.263193 0.563928
vt 0.453414 0.392540
vt 0.184057 0.527842
vt 0.799224 0.814681
vt 0.833703 0.796153
vt 0.839527 0.799746
vt 0.783233 0.826322
vt 0.553338 0.825856
vt 0.655491 0.812546
vt 0.671544 0.800631
vt 0.677038 0.935307
vt 0.678731 0.960729
vt 0.674850 0.951576
vt 0.673755 0.936062
vt 0.655319 0.270660
vt 0.649327 0.268588
vt 0.124573 0.695255
vt 0.122933 0.696301
vt 0.080362 0.975709
vt 0.078469 0.996747
vt 0.072486 0.996942
vt 0.218404 0.544337
vt 0.042518 0.827005
vt 0.041638 0.832742
vt 0.039452 0.831789
vt 0.039031 0.827005
vt 0.851123 0.234234
vt 0.863429 0.234266
vt 0.863346 0.241382
vt 0.682597 0.000442
vt 0.866691 0.884628
vt 0.869960 0.900940
vt 0.865749 0.915096
vt 0.837930 0.881728
vt 0.848074 0.885364
vt 0.838509 0.886037
vt 0.287488 0.635648
vt 0.273728 0.633031
vt 0.287382 0.629251
vt 0.527335 0.260189
vt 0.533561 0.259761
vt 0.136904 0.184589
vt 0.136780 0.139169
vt 0.140892 0.001095
vt 0.144171 0.276570
vt 0.286649 0.542201
vt 0.515618 0.277710
vt 0.063921 0.501776
vt 0.067226 0.502626
vt 0.061716 0.504258
vt 0.461070 0.656800
vt 0.456540 0.665969
vt 0.457436 0.650167
vt 0.462110 0.635276
vt 0.515185 0.260189
vt 0.425343 0.203099
vt 0.673511 0.535931
vt 0.862811 0.835212
vt 0.854008 0.830405
vt 0.535528 0.943232
vt 0.109429 0.695255
vt 0.109742 0.693207
vt 0.112583 0.692904
vt 0.120065 0.375022
vt 0.129106 0.377954
vt 0.119191 0.386147
vt 0.467310 0.898630
vt 0.457249 0.889459
vt 0.468367 0.891305
vt 0.475300 0.894011
vt 0.063682 0.481028
vt 0.060449 0.480560
vt 0.070380 0.427822
vt 0.620543 0.295995
vt 0.458579 0.520928
vt 0.458978 0.516827
vt 0.930047 0.862504
vt 0.431789 0.810454
vt 0.433058 0.805683
vt 0.434615 0.804655
vt 0.437959 0.799324
vt 0.455960 0.377187
vt 0.195283 0.379145
vt 0.196624 0.372603
vt 0.710685 0.260223
vt 0.714170 0.260189
vt 0.714170 0.266650
vt 0.710646 0.266515
vt 0.210865 0.812944
vt 0.670284 0.526797
vt 0.663800 0.526678
vt 0.454581 0.370607
vt 0.711711 0.904477
vt 0.663850 0.522721
vt 0.670303 0.522895
vt 0.289195 0.000000
vt 0.908467 0.382999
vt 0.904664 0.382459
vt 0.017112 0.997543
vt 0.198393 0.794315
vt 0.201676 0.791324
vt 0.194984 0.803740
vt 0.239071 0.726729
vt 0.240178 0.739240
vt 0.247347 0.762224
vt 0.908799 0.361927
vt 0.911315 0.362322
vt 0.474891 0.874690
vt 0.467792 0.881028
vt 0.457066 0.882043
vt 0.908271 0.359593
vt 0.905728 0.358888
vt 0.916028 0.306347
vt 0.954854 0.285646
vt 0.917725 0.301263
vt 0.918610 0.306798
vt 0.815391 0.842676
vt 0.088020 0.729720
vt 0.089027 0.738032
vt 0.089523 0.743824
vt 0.089563 0.750793
vt 0.088812 0.761160
vt 0.074511 0.853191
vt 0.070380 0.852337
vt 0.083202 0.769064
vt 0.083600 0.761324
vt 0.083567 0.752855
vt 0.082854 0.743487
vt 0.841698 0.861305
vt 0.853789 0.845576
vt 0.856364 0.862017
vt 0.850073 0.872398
vt 0.251042 0.727000
vt 0.251912 0.731547
vt 0.252614 0.734363
vt 0.253574 0.736698
vt 0.254988 0.739343
vt 0.260115 0.743905
vt 0.267084 0.743508
vt 0.270942 0.739898
vt 0.267999 0.746815
vt 0.259005 0.747237
vt 0.252966 0.741817
vt 0.249322 0.733846
vt 0.184450 0.938934
vt 0.154948 0.938652
vt 0.161795 0.000582
vt 0.165813 0.000497
vt 0.702814 0.276162
vt 0.699354 0.276330
vt 0.699354 0.269683
vt 0.702979 0.269677
vt -0.000000 0.996976
vt 0.452112 0.964632
vt 0.455793 0.953006
vt 0.455810 0.964977
vt 0.414119 0.799299
vt 0.412882 0.793951
vt 0.412942 0.742425
vt 0.415813 0.744994
vt 0.415505 0.792477
vt 0.416531 0.796622
vt 0.418000 0.799751
vt 0.422720 0.806198
vt 0.424859 0.807264
vt 0.430933 0.807175
vt 0.423579 0.810528
vt 0.419215 0.807876
vt 0.416300 0.804287
vt 0.052208 0.812837
vt 0.050001 0.811354
vt 0.848420 0.266226
vt 0.844582 0.266416
vt 0.844774 0.254620
vt 0.028698 0.275407
vt 0.030746 0.214909
vt 0.029945 0.000000
vt 0.034138 0.000226
vt 0.940371 0.354417
vt 0.928214 0.356313
vt 0.928437 0.349696
vt 0.128273 0.995355
vt 0.992018 0.109776
vt 0.451491 0.939446
vt 0.650151 0.100093
vt 0.591628 0.315519
vt 0.594781 0.309722
vt 0.599857 0.302914
vt 0.601072 0.319166
vt 0.597654 0.324150
vt 0.594414 0.330959
vt 0.589773 0.346329
vt 0.588539 0.354418
vt 0.584836 0.439445
vt 0.579079 0.439166
vt 0.582910 0.348641
vt 0.584307 0.338448
vt 0.585874 0.330882
vt 0.587455 0.325488
vt 0.627265 0.966744
vt 0.623130 0.947539
vt 0.197907 0.360288
vt 0.203812 0.347173
vt 0.950962 0.976356
vt 0.953196 0.991354
vt 0.951028 0.991928
vt 0.194984 0.779083
vt 0.194984 0.803740
vt 0.192303 0.779352
vt 0.426516 0.992048
vt 0.428403 0.981625
vt 0.612495 0.949748
vt 0.608557 0.940437
vt 0.616671 0.934316
vt 0.951775 0.348714
vt 0.712814 0.538424
vt 0.709169 0.538533
vt 0.709284 0.532077
vt 0.712814 0.532062
vt 0.785276 0.271526
vt 0.776399 0.256035
vt 0.790530 0.260895
vt 0.958013 0.563304
vt 0.343802 0.979091
vt 0.344968 0.983953
vt 0.880862 0.963663
vt 0.876134 0.973991
vt 0.870597 0.976754
vt 0.112467 0.970353
vt 0.443835 0.345777
vt 0.446799 0.345135
vt 0.440240 0.340289
vt 0.435249 0.342115
vt 0.524896 0.275730
vt 0.212340 0.343375
vt 0.543647 0.274680
vt 0.543647 0.278200
vt 0.542090 0.276059
vt 0.865502 0.242306
vt 0.547296 0.274841
vt 0.546323 0.273010
vt 0.547296 0.260189
vt 0.088286 0.279033
vt 0.088633 0.277069
vt 0.090654 0.279429
vt 0.455810 0.939784
vt 0.100030 0.796909
vt 0.099939 0.786982
vt 0.091062 0.701263
vt 0.095494 0.701185
vt 0.104873 0.792114
vt 0.105240 0.802275
vt 0.105006 0.810588
vt 0.103917 0.819356
vt 0.099591 0.803738
vt 0.522053 0.274816
vt 0.524896 0.275307
vt 0.520632 0.277306
vt 0.336102 0.544354
vt 0.325846 0.544145
vt 0.325415 0.542019
vt 0.326321 0.556779
vt 0.325743 0.558727
vt 0.523151 0.262066
vt 0.520632 0.260189
vt 0.645957 0.000212
vt 0.642347 -0.000000
vt 0.640202 0.277650
vt 0.642623 0.270805
vt 0.642623 0.278505
vt 0.608128 0.271510
vt 0.608128 0.278629
vt 0.605668 0.271907
vt 0.987368 0.209702
vt 0.989710 0.211740
vt 0.991103 0.223971
vt 0.330897 0.138160
vt 0.333174 0.276068
vt 0.326735 0.275832
vt 0.484571 0.594526
vt 0.484750 0.601997
vt 0.472540 0.608912
vt 0.131773 0.488135
vt 0.617186 0.951190
vt 0.989543 0.226340
vt 0.644776 0.017258
vt 0.633150 0.021158
vt 0.041827 0.855679
vt 0.039031 0.855575
vt 0.982179 0.990811
vt 0.993164 0.664267
vt 0.987279 0.663709
vt 0.332147 0.541905
vt 0.431189 0.336204
vt 0.292767 0.282930
vt 0.294872 0.285565
vt 0.312689 0.282418
vt 0.363702 0.284195
vt 0.365779 0.280386
vt 0.388003 0.289274
vt 0.386643 0.293029
vt 0.395129 0.368542
vt 0.390750 0.361715
vt 0.385883 0.355455
vt 0.377400 0.346932
vt 0.367479 0.339567
vt 0.355906 0.332736
vt 0.345538 0.329868
vt 0.338969 0.328224
vt 0.328667 0.327033
vt 0.312468 0.327462
vt 0.300129 0.330209
vt 0.286564 0.335569
vt 0.279295 0.339683
vt 0.272490 0.344390
vt 0.264883 0.351275
vt 0.257386 0.359914
vt 0.254111 0.364740
vt 0.250995 0.369685
vt 0.248268 0.375222
vt 0.221433 0.335146
vt 0.233029 0.321361
vt 0.236294 0.318076
vt 0.241612 0.313385
vt 0.258374 0.299998
vt 0.262514 0.291498
vt 0.273630 0.284896
vt 0.284074 0.281471
vt 0.286129 0.284108
vt 0.633864 0.000065
vt 0.547296 0.274559
vt 0.547296 0.260189
vt 0.549791 0.274232
vt 0.718567 0.016555
vt 0.834606 0.849777
vt 0.836356 0.831540
vt 0.846392 0.821508
vt 0.621774 0.017146
vt 0.337420 0.541889
vt 0.359566 0.335200
vt 0.353043 0.332381
vt 0.837715 0.268759
vt 0.840073 0.268448
vt 0.751756 0.141702
vt 0.756516 0.139955
vt 0.761573 0.157060
vt 0.756135 0.157657
vt 0.542949 0.259293
vt 0.544908 0.250013
vt 0.549802 0.245729
vt 0.349319 0.562921
vt 0.612736 0.021078
vt 0.692472 0.000717
vt 0.731267 0.897096
vt 0.733658 0.900285
vt 0.730324 0.901187
vt 0.724960 0.895904
vt -0.000000 0.744552
vt 0.000430 0.730289
vt 0.003650 0.735568
vt 0.359686 0.559069
vt 0.334890 0.767264
vt 0.337950 0.770477
vt 0.341139 0.772854
vt 0.344093 0.774150
vt 0.342129 0.789650
vt 0.336158 0.785947
vt 0.409686 0.312838
vt 0.961941 0.762943
vt 0.957539 0.764041
vt 0.988968 0.911744
vt 0.986092 0.898774
vt 0.988968 0.887634
vt 0.837715 0.235499
vt 0.834776 0.236156
vt 0.834983 0.233950
vt 0.682918 0.745225
vt 0.698308 0.733833
vt 0.688269 0.748469
vt 0.257685 0.832803
vt 0.236547 0.817511
vt 0.289888 0.275409
vt 0.282056 0.137585
vt 0.983367 0.410644
vt 0.986937 0.413303
vt 0.985591 0.431744
vt 0.983648 0.442523
vt 0.980205 0.442151
vt 0.982552 0.428053
vt 0.194721 0.277069
vt 0.194904 0.284159
vt 0.194721 0.288786
vt 0.562081 0.000658
vt 0.637547 0.866984
vt 0.049426 0.812838
vt 0.052204 0.826764
vt 0.049426 0.836173
vt 0.366589 0.562977
vt 0.598680 0.017273
vt 0.447647 0.800885
vt 0.393343 0.298236
vt 0.405915 0.306973
vt 0.403995 0.308061
vt 0.336325 0.769383
vt 0.337489 0.752702
vt 0.584522 0.017477
vt 0.459135 0.697626
vt 0.091364 0.488278
vt 0.093510 0.487861
vt 0.587219 0.278612
vt 0.585690 0.276327
vt 0.587219 0.272413
vt 0.182677 0.493756
vt 0.185356 0.493071
vt 0.585755 0.088418
vt 0.398895 0.980302
vt 0.377453 0.541975
vt 0.394417 0.294969
vt 0.980771 0.794513
vt 0.985818 0.805760
vt 0.968080 0.805433
vt 0.255683 0.296093
vt 0.256856 0.299459
vt 0.496202 0.447150
vt 0.498858 0.440314
vt 0.957674 0.438773
vt 0.961105 0.429133
vt 0.215146 0.076919
vt 0.986514 0.544511
vt 0.987319 0.557241
vt 0.986432 0.569987
vt 0.982929 0.569468
vt 0.983535 0.554196
vt 0.982929 0.544809
vt 0.388403 0.291171
vt 0.385041 0.542155
vt 0.388345 0.542277
vt 0.301708 0.283910
vt 0.260591 0.289487
vt 0.261158 0.292270
vt 0.395286 0.563204
vt 0.556633 0.137502
vt 0.010305 0.500071
vt 0.013027 0.500159
vt 0.108244 0.637922
vt 0.105287 0.639358
vt 0.107044 0.632481
vt 0.110735 0.623756
vt 0.113552 0.623207
vt 0.110748 0.629671
vt 0.950620 0.354547
vt 0.940746 0.207250
vt 0.932689 0.213343
vt 0.514632 0.093953
vt 0.513717 0.095984
vt 0.509876 0.089129
vt 0.674716 0.764641
vt 0.665999 0.775070
vt 0.610672 0.339599
vt 0.610076 0.343167
vt 0.608851 0.344008
vt 0.607195 0.345227
vt 0.604483 0.349163
vt 0.603012 0.352396
vt 0.602391 0.355100
vt 0.614776 0.265455
vt 0.608801 0.261392
vt 0.615101 0.260189
vt 0.982929 0.595447
vt 0.505058 0.264490
vt 0.608808 0.267667
vt 0.890272 0.771204
vt 0.357265 0.281601
vt 0.290608 0.877070
vt 0.282208 0.889899
vt 0.253842 0.895650
vt 0.294331 0.283450
vt 0.986989 0.486009
vt 0.990073 0.486254
vt 0.989254 0.488499
vt 0.048592 0.949349
vt 0.051525 0.963506
vt 0.049009 0.963826
vt 0.051525 0.938959
vt 0.375700 0.282090
vt 0.501455 0.003287
vt 0.505732 0.003121
vt 0.500415 0.005512
vt 0.363760 0.281089
vt 0.357181 0.279718
vt 0.953346 0.382324
vt 0.938617 0.380808
vt 0.928300 0.381400
vt 0.928819 0.362525
vt 0.928214 0.356313
vt 0.953346 0.357013
vt 0.321118 0.279840
vt 0.040582 0.944611
vt 0.040333 0.973680
vt 0.120547 0.201219
vt 0.855394 0.493284
vt 0.865778 0.484005
vt 0.864413 0.491646
vt 0.992674 0.488206
vt 0.292747 0.280317
vt 0.286151 0.281682
vt 0.044306 0.277386
vt 0.047354 0.277069
vt 0.284443 0.279449
vt 0.989696 0.500805
vt 0.445105 0.866300
vt 0.437270 0.861035
vt 0.993205 0.500732
vt 0.402557 0.559442
vt 0.519250 0.023201
vt 0.087722 0.278425
vt 0.085875 0.277069
vt 0.049631 0.938235
vt 0.502141 0.020157
vt 0.500521 0.018008
vt 0.126970 0.970141
vt 0.350272 0.790041
vt 0.349958 0.773938
vt 0.354287 0.771487
vt 0.357813 0.785543
vt 0.354380 0.788483
vt 0.966950 0.782611
vt 0.963054 0.782142
vt 0.246510 0.782679
vt 0.250457 0.786876
vt 0.252446 0.801029
vt 0.240880 0.801459
vt 0.157551 0.488135
vt 0.964834 0.263868
vt 0.963779 0.252275
vt 0.964913 0.233950
vt 0.968752 0.234584
vt 0.967827 0.252456
vt 0.968752 0.264525
vt 0.402274 0.563085
vt 0.734084 0.874310
vt 0.737094 0.864344
vt 0.750538 0.854501
vt 0.734516 0.876878
vt 0.676258 0.230103
vt 0.674091 0.104522
vt 0.674003 0.182573
vt 0.674993 0.195949
vt 0.676568 0.204563
vt 0.678155 0.210645
vt 0.679956 0.215672
vt 0.679887 0.237101
vt 0.174934 0.449803
vt 0.982378 0.396270
vt 0.980205 0.383642
vt 0.983617 0.382999
vt 0.986256 0.397475
vt 0.714321 0.529175
vt 0.710820 0.529110
vt 0.710799 0.522871
vt 0.714321 0.522721
vt 0.431718 0.584144
vt 0.431166 0.606002
vt 0.426666 0.610618
vt 0.691792 0.212591
vt 0.691063 0.205973
vt 0.698300 0.206360
vt 0.698463 0.212622
vt 0.032582 0.913408
vt 0.010819 0.935796
vt 0.014587 0.906395
vt 0.034148 0.901065
vt 0.058715 0.972161
vt 0.505004 0.260189
vt 0.511508 0.262875
vt 0.515782 0.090127
vt 0.365286 0.278681
vt 0.867826 0.936562
vt 0.150753 0.307658
vt 0.161151 0.306365
vt 0.582219 0.805007
vt 0.953255 0.617284
vt 0.558047 0.813750
vt 0.125049 0.959294
vt 0.127574 0.959572
vt 0.770122 0.249594
vt 0.571101 0.981817
vt 0.568599 0.977872
vt 0.934038 0.940023
vt 0.937364 0.940835
vt 0.287040 0.137309
vt 0.286138 0.092039
vt 0.285383 0.087823
vt 0.284419 0.084329
vt 0.283027 0.081466
vt 0.281563 0.079162
vt 0.278086 0.000276
vt 0.596449 0.801531
vt 0.055001 0.399314
vt 0.059083 0.403233
vt 0.052212 0.398835
vt 0.712502 0.686868
vt 0.916553 0.441554
vt 0.916706 0.427913
vt 0.207619 0.850304
vt 0.503384 0.583831
vt 0.500679 0.578594
vt 0.515547 0.569698
vt 0.762687 0.521218
vt 0.751142 0.518705
vt 0.757326 0.515468
vt 0.537651 0.231242
vt 0.539814 0.233304
vt 0.537508 0.248153
vt 0.861110 0.931549
vt 0.212123 0.867700
vt 0.844691 0.233950
vt 0.848789 0.234150
vt 0.488902 0.919533
vt 0.680379 0.219612
vt 0.677208 0.211296
vt 0.674985 0.202453
vt 0.673460 0.193361
vt 0.673345 0.104793
vt 0.977102 0.850769
vt 0.965875 0.849373
vt 0.975496 0.843785
vt 0.985810 0.843700
vt 0.105470 0.481822
vt 0.105524 0.474523
vt 0.115242 0.475965
vt 0.114923 0.484139
vt 0.114407 0.490386
vt 0.105692 0.487985
vt 0.591963 0.581954
vt 0.973896 0.588371
vt 0.976462 0.604123
vt 0.973055 0.604641
vt 0.819385 0.238787
vt 0.816205 0.253356
vt 0.814617 0.233950
vt 0.982943 0.199584
vt 0.987368 0.212078
vt 0.983829 0.212308
vt 0.239245 0.508226
vt 0.909058 0.505361
vt 0.913378 0.508529
vt 0.913527 0.520616
vt 0.913265 0.531370
vt 0.910264 0.533347
vt 0.908748 0.525504
vt 0.908490 0.515805
vt 0.685258 0.927893
vt 0.675545 0.935307
vt 0.656297 0.908286
vt 0.930513 0.019055
vt 0.943465 0.029105
vt 0.936366 0.030128
vt 0.922394 0.020443
vt 0.212855 0.905942
vt 0.227699 0.904712
vt 0.982929 0.603271
vt 0.979648 0.604052
vt 0.207411 0.905088
vt 0.208565 0.910385
vt 0.218493 0.910359
vt 0.202631 0.907144
vt 0.194984 0.899395
vt 0.705392 0.729861
vt 0.201548 0.947545
vt 0.199975 0.928957
vt 0.203806 0.925528
vt 0.581507 0.272654
vt 0.577747 0.264386
vt 0.441205 0.541885
vt 0.448372 0.542175
vt 0.199899 0.912561
vt 0.468578 0.621096
vt 0.470518 0.615687
vt 0.466567 0.613605
vt 0.467640 0.635149
vt 0.777153 0.234911
vt 0.784577 0.239228
vt 0.775028 0.250394
vt 0.989232 0.850236
vt 0.013119 0.519066
vt 0.011473 0.520931
vt 0.008376 0.520592
vt 0.010409 0.518632
vt 0.220483 0.858694
vt 0.216035 0.850153
vt 0.678177 0.454587
vt 0.675052 0.458266
vt 0.666942 0.439314
vt 0.663470 0.426071
vt 0.668128 0.427102
vt 0.190909 0.884122
vt 0.547540 0.232719
vt 0.547073 0.214029
vt 0.454532 0.710117
vt 0.454060 0.795782
vt 0.452478 0.806425
vt 0.450035 0.815226
vt 0.447064 0.822617
vt 0.444379 0.827255
vt 0.963050 0.843856
vt 0.052174 0.911852
vt 0.049291 0.912180
vt 0.193996 0.528416
vt 0.451491 0.990847
vt 0.446046 0.992111
vt 0.161074 0.682050
vt 0.164017 0.683137
vt 0.955417 0.848222
vt 0.497358 0.920703
vt 0.479658 0.907933
vt 0.481432 0.904648
vt 0.923936 0.967486
vt 0.958833 0.852662
vt 0.672381 0.758355
vt 0.125746 0.572799
vt 0.129027 0.577045
vt 0.596220 0.260419
vt 0.601979 0.260189
vt 0.593181 0.900862
vt 0.033968 0.827004
vt 0.922531 0.977059
vt 0.590319 0.908217
vt 0.285661 0.751323
vt 0.287592 0.743614
vt 0.289133 0.734532
vt 0.287976 0.646262
vt 0.293772 0.646451
vt 0.295414 0.742791
vt 0.294491 0.750045
vt 0.191942 0.789308
vt 0.190979 0.799746
vt 0.189353 0.808560
vt 0.184821 0.821295
vt 0.179736 0.830011
vt 0.175613 0.816253
vt 0.178087 0.812016
vt 0.180328 0.807344
vt 0.184169 0.794198
vt 0.185736 0.783787
vt 0.186134 0.697767
vt 0.192287 0.698151
vt 0.091062 0.583513
vt 0.095472 0.578707
vt 0.097900 0.574229
vt 0.101906 0.563445
vt 0.102932 0.557099
vt 0.100605 0.503592
vt 0.102939 0.501584
vt 0.105287 0.557628
vt 0.103682 0.564719
vt 0.101620 0.570895
vt 0.098494 0.577069
vt 0.096234 0.580204
vt 0.093210 0.583297
vt 0.837402 0.898951
vt 0.212596 0.764881
vt 0.214769 0.751273
vt 0.215447 0.742011
vt 0.214255 0.648642
vt 0.231193 0.801743
vt 0.598832 0.905008
vt 0.584165 0.905467
vt 0.256763 0.791230
vt 0.705986 0.709002
vt 0.108568 0.717598
vt 0.109814 0.717512
vt 0.163730 0.402579
vt 0.153826 0.403326
vt 0.153932 0.373945
vt 0.019391 0.277069
vt 0.021603 0.277469
vt 0.742698 0.026029
vt 0.743863 0.080350
vt 0.523344 0.893727
vt 0.526990 0.898188
vt 0.339651 0.895703
vt 0.338205 0.902591
vt 0.326024 0.917592
vt 0.615465 0.339191
vt 0.614123 0.332265
vt 0.617977 0.334147
vt 0.619570 0.343210
vt 0.915555 0.534761
vt 0.913636 0.543006
vt 0.988616 0.741909
vt 0.961966 0.746302
vt 0.249157 0.978450
vt 0.828905 0.271484
vt 0.826585 0.271140
vt 0.052137 0.592827
vt 0.050448 0.592547
vt 0.667226 0.272749
vt 0.667398 0.277938
vt 0.661358 0.278670
vt 0.661358 0.270629
vt 0.666981 0.270665
vt 0.209006 0.833717
vt 0.543342 0.963905
vt 0.555985 0.970817
vt 0.597775 0.271867
vt 0.601296 0.272024
vt 0.601296 0.278608
vt 0.597865 0.278483
vt 0.519380 0.271018
vt 0.520632 0.277559
vt 0.505803 0.894475
vt 0.910633 0.757373
vt 0.919536 0.748900
vt 0.504279 0.889323
vt 0.874762 0.815541
vt 0.873759 0.833138
vt 0.480060 0.882933
vt 0.482563 0.880630
vt 0.010345 0.679844
vt 0.009653 0.685951
vt 0.015285 0.686801
vt 0.017666 0.690707
vt 0.025040 0.691008
vt 0.066706 0.699373
vt 0.066305 0.697073
vt 0.068412 0.695532
vt 0.069334 0.700512
vt 0.610630 0.896574
vt 0.412622 0.742298
vt 0.409617 0.742712
vt 0.415682 0.545685
vt 0.411920 0.547330
vt 0.404440 0.541885
vt 0.410827 0.542018
vt 0.109150 0.944988
vt 0.111232 0.944955
vt 0.203647 0.981589
vt 0.205800 0.986360
vt 0.214343 0.989877
vt 0.051175 0.763742
vt 0.050850 0.770546
vt 0.044681 0.770703
vt 0.044992 0.764724
vt 0.526967 0.953180
vt 0.880862 0.986866
vt 0.628596 0.588672
vt 0.756176 0.097040
vt 0.751047 0.094641
vt 0.754490 0.081215
vt 0.778040 0.929634
vt 0.784644 0.923212
vt 0.003198 0.588792
vt 0.634625 0.444035
vt 0.636226 0.443686
vt 0.622573 0.410055
vt 0.625008 0.353675
vt 0.624291 0.346979
vt 0.622951 0.341981
vt 0.953083 0.046990
vt 0.945688 0.038652
vt 0.954224 0.039764
vt 0.962596 0.050633
vt 0.967618 0.058615
vt 0.986148 0.752103
vt 0.930047 0.786095
vt 0.033968 0.709901
vt 0.040005 0.726672
vt 0.693282 0.524108
vt 0.699897 0.522721
vt 0.649245 0.103936
vt 0.314001 0.930520
vt 0.928767 0.938765
vt 0.924943 0.954062
vt 0.065658 0.489930
vt 0.068885 0.490119
vt 0.956360 0.278859
vt 0.961888 0.278681
vt 0.636979 0.845428
vt 0.014469 0.305701
vt 0.016539 0.307195
vt 0.463626 0.716189
vt 0.466527 0.719801
vt 0.956745 0.830257
vt 0.848867 0.928823
vt 0.837075 0.923249
vt 0.622587 0.979147
vt 0.914522 0.297129
vt 0.805199 0.961581
vt 0.789561 0.952897
vt 0.511210 0.327214
vt 0.508491 0.334979
vt 0.504961 0.350738
vt 0.501219 0.436325
vt 0.520619 0.313293
vt 0.515831 0.318659
vt 0.056813 0.845090
vt 0.061791 0.840250
vt 0.093397 0.846263
vt 0.091062 0.830765
vt 0.093129 0.828385
vt 0.094336 0.826174
vt 0.096794 0.819901
vt 0.097968 0.815311
vt 0.102792 0.825775
vt 0.100120 0.834849
vt 0.098272 0.839316
vt 0.269294 0.642620
vt 0.703163 0.209051
vt 0.703029 0.201477
vt 0.705100 0.196531
vt 0.706224 0.191608
vt 0.708524 0.194324
vt 0.707458 0.199824
vt 0.705952 0.204422
vt 0.000000 0.415019
vt 0.041328 0.904565
vt 0.047720 0.903380
vt 0.016383 0.933821
vt 0.055211 0.828614
vt 0.634458 0.848310
vt 0.606098 0.271511
vt 0.601984 0.267376
vt 0.607225 0.262493
vt 0.608801 0.267149
vt 0.475389 0.887082
vt 0.478851 0.885798
vt 0.478776 0.892144
vt 0.474131 0.889966
vt 0.630104 0.842418
vt 0.477301 0.879881
vt 0.474234 0.884295
vt 0.468882 0.884229
vt 0.129136 0.856288
vt 0.138990 0.852470
vt 0.052212 0.516886
vt 0.049920 0.518110
vt 0.469754 0.890940
vt 0.468134 0.888013
vt 0.897505 0.374009
vt 0.902367 0.375965
vt 0.477157 0.900353
vt 0.591802 0.316386
vt 0.589372 0.321898
vt 0.595152 0.310061
vt 0.471397 0.904815
vt 0.478100 0.907142
vt 0.474212 0.909225
vt 0.961857 0.444483
vt 0.052212 0.822396
vt 0.958093 0.444487
vt 0.609633 0.296209
vt 0.617653 0.296268
vt 0.621198 0.298331
vt 0.616609 0.312290
vt 0.609602 0.312199
vt 0.605123 0.314653
vt 0.604261 0.299063
vt 0.601984 0.260189
vt 0.911622 0.490875
vt 0.471477 0.867708
vt 0.474458 0.863728
vt 0.468814 0.862489
vt 0.474555 0.860878
vt 0.478465 0.861259
vt 0.673868 0.260189
vt 0.915555 0.486817
vt 0.683033 0.270114
vt 0.525499 0.310136
vt 0.527447 0.293493
vt 0.025040 0.520931
vt 0.467960 0.905633
vt 0.968196 0.442017
vt 0.699131 0.536802
vt 0.693709 0.533698
vt 0.699424 0.532062
vt 0.699424 0.541099
vt 0.693282 0.537698
vt 0.970256 0.436638
vt 0.465895 0.901239
vt 0.456545 0.901307
vt 0.456540 0.896484
vt 0.620208 0.314918
vt 0.623757 0.300811
vt 0.466317 0.887189
vt 0.400267 0.819905
vt 0.388853 0.812633
vt 0.468136 0.866206
vt 0.661629 0.265967
vt 0.661358 0.260189
vt 0.667391 0.262462
vt 0.667244 0.266828
vt 0.661358 0.270629
vt 0.459251 0.862347
vt 0.467679 0.863915
vt 0.757241 0.273502
vt 0.778991 0.275978
vt 0.029953 0.827285
vt 0.033554 0.848200
vt 0.027385 0.831826
vt 0.833615 0.792968
vt 0.808825 0.806173
vt 0.847259 0.976180
vt 0.024127 0.810297
vt 0.827735 0.971073
vt 0.346060 0.075687
vt 0.235034 0.908017
vt 0.247322 0.901482
vt 0.262953 0.902898
vt 0.253879 0.906274
vt 0.026136 0.802921
vt 0.989232 0.786095
vt 0.022105 0.800021
vt 0.021706 0.778364
vt 0.024346 0.772568
vt 0.907841 0.941425
vt 0.146721 0.578123
vt 0.295735 0.897552
vt 0.280093 0.900792
vt 0.287747 0.894548
vt 0.310171 0.892806
vt 0.194786 0.626880
vt 0.193151 0.627622
vt 0.192445 0.622998
vt 0.194185 0.622151
vt 0.957547 0.382999
vt 0.311039 0.895335
vt 0.033554 0.691008
vt 0.956118 0.455269
vt 0.951762 0.447553
vt 0.445732 0.706372
vt 0.824257 0.269431
vt 0.961921 0.426081
vt 0.957810 0.423451
vt 0.961749 0.422594
vt 0.958678 0.428487
vt 0.401424 0.997597
vt 0.952715 0.278681
vt 0.474990 0.858122
vt 0.475046 0.860745
vt 0.467519 0.859137
vt 0.469137 0.852534
vt 0.129164 0.931570
vt 0.448372 0.708787
vt 0.477587 0.849333
vt 0.478028 0.852873
vt 0.473746 0.848563
vt 0.957674 0.458691
vt 0.968574 0.422933
vt 0.966473 0.426174
vt 0.621983 0.269846
vt 0.621551 0.266419
vt 0.627705 0.271067
vt 0.968542 0.426140
vt 0.627307 0.264624
vt 0.631325 0.260189
vt 0.977568 0.422351
vt 0.667391 0.270522
vt 0.667652 0.264352
vt 0.673534 0.264951
vt 0.673868 0.269163
vt 0.731367 0.917976
vt 0.726467 0.918254
vt 0.724477 0.914832
vt 0.751695 0.267917
vt 0.117730 0.371659
vt 0.790682 0.265583
vt 0.232671 0.899135
vt 0.988455 0.751654
vt 0.961941 0.751880
vt 0.955261 0.842382
vt 0.269180 0.897963
vt 0.192337 0.189537
vt 0.948328 0.393934
vt 0.805778 0.238662
vt 0.810831 0.242300
vt 0.796176 0.240395
vt 0.957674 0.417062
vt 0.826585 0.272858
vt 0.966574 0.418840
vt 0.035633 0.629735
vt 0.040138 0.635716
vt 0.042141 0.639729
vt 0.040886 0.640768
vt 0.038732 0.636042
vt 0.033968 0.629580
vt 0.699198 0.205569
vt 0.698550 0.202093
vt 0.700060 0.201144
vt 0.702252 0.198133
vt 0.706598 0.192343
vt 0.705016 0.198263
vt 0.184501 0.489221
vt 0.181718 0.489130
vt 0.747478 0.924912
vt 0.738667 0.920809
vt 0.735313 0.909095
vt 0.735239 0.916441
vt 0.157836 0.302672
vt 0.160124 0.310060
vt 0.162225 0.318917
vt 0.174188 0.401382
vt 0.147211 0.297076
vt 0.149777 0.285298
vt 0.152493 0.290045
vt 0.155702 0.296967
vt 0.621218 0.262164
vt 0.627705 0.260189
vt 0.988623 0.751880
vt 0.988085 0.778585
vt 0.986245 0.778740
vt 0.667391 0.260189
vt 0.724585 0.907237
vt 0.673134 0.261478
vt 0.751136 0.244476
vt 0.756047 0.238929
vt 0.141905 0.573499
vt 0.790096 0.246738
vt 0.792031 0.255148
vt 0.681007 0.538537
vt 0.680783 0.522721
vt 0.693282 0.523322
vt 0.693282 0.541576
vt 0.580812 0.800620
vt 0.986937 0.408746
vt 0.996057 0.406951
vt 0.927224 0.407047
vt 0.615051 0.853152
vt 0.685258 0.976051
vt 0.967928 0.402202
vt 0.962243 0.400571
vt 0.916553 0.542251
vt 0.958251 0.399735
vt 0.929291 0.537050
vt 0.962571 0.397001
vt 0.639818 0.262075
vt 0.642489 0.270805
vt 0.636252 0.267360
vt 0.958524 0.395089
vt 0.637041 0.260189
vt 0.634033 0.264244
vt 0.642752 0.264487
vt 0.960050 0.390044
vt 0.725534 0.875454
vt 0.732800 0.885898
vt 0.731219 0.892427
vt 0.734990 0.890487
vt 0.019608 0.944611
vt 0.015855 0.937935
vt 0.022466 0.937734
vt 0.728160 0.889440
vt 0.007803 0.938487
vt 0.661105 0.264897
vt 0.661358 0.270642
vt 0.655319 0.268348
vt 0.655475 0.263999
vt 0.661358 0.260189
vt 0.167189 0.365378
vt 0.162432 0.366082
vt 0.968849 0.398650
vt 0.636859 0.270805
vt 0.965659 0.396147
vt 0.642752 0.260189
vt 0.649067 0.264893
vt 0.643168 0.265838
vt 0.648242 0.261638
vt 0.723305 0.874381
vt 0.712818 0.878287
vt 0.712563 0.874877
vt 0.722201 0.877753
vt 0.692858 0.273951
vt 0.698321 0.277038
vt 0.692591 0.278679
vt 0.692591 0.269677
vt 0.698748 0.273038
vt 0.569901 0.278573
vt 0.566048 0.273123
vt 0.569901 0.272559
vt 0.724857 0.891884
vt 0.185470 0.278224
vt 0.185886 0.283708
vt 0.176066 0.277070
vt 0.699354 0.270674
vt 0.689279 0.269769
vt 0.689279 0.260189
vt 0.692591 0.264333
vt 0.769686 0.233950
vt 0.762158 0.235243
vt 0.007043 0.420153
vt 0.445496 0.939446
vt 0.451491 0.940953
vt 0.707635 0.024868
vt 0.546647 0.319863
vt 0.560528 0.329966
vt 0.561557 0.337853
vt 0.561968 0.347596
vt 0.558028 0.438636
vt 0.552424 0.438795
vt 0.555598 0.359071
vt 0.555170 0.348033
vt 0.554251 0.341068
vt 0.553495 0.337373
vt 0.551020 0.329017
vt 0.548549 0.323143
vt 0.598971 0.240750
vt 0.602338 0.244142
vt 0.129574 0.001274
vt 0.126992 0.139242
vt 0.676611 0.023601
vt 0.287620 0.641620
vt 0.555947 0.141516
vt 0.461291 0.514960
vt 0.404440 0.710117
vt 0.959231 0.384428
vt 0.922251 0.369045
vt 0.922975 0.382183
vt 0.919493 0.382659
vt 0.918610 0.370234
vt 0.919245 0.357601
vt 0.922975 0.357903
vt 0.119610 0.882178
vt 0.729726 0.872027
vt 0.730795 0.869393
vt 0.734141 0.869263
vt 0.128964 0.903717
vt 0.614590 0.271096
vt 0.608801 0.271339
vt 0.071084 0.508211
vt 0.074013 0.508761
vt 0.723596 0.872640
vt 0.588063 0.270206
vt 0.587746 0.272280
vt 0.581507 0.272413
vt 0.620931 0.859594
vt 0.024602 0.496091
vt 0.027401 0.495650
vt 0.654628 0.270805
vt 0.658097 0.270959
vt 0.658060 0.277773
vt 0.654628 0.277825
vt 0.912667 0.394240
vt 0.915027 0.401545
vt 0.912942 0.400407
vt 0.910819 0.393661
vt 0.925221 0.510771
vt 0.533299 0.197183
vt 0.532952 0.138797
vt 0.534534 0.138232
vt 0.534540 0.191688
vt 0.418465 0.814772
vt 0.414433 0.811040
vt 0.411884 0.806477
vt 0.410328 0.802059
vt 0.412695 0.793492
vt 0.414122 0.800130
vt 0.416326 0.804614
vt 0.418982 0.808020
vt 0.396343 0.524746
vt 0.390694 0.528538
vt 0.042707 0.710196
vt 0.048811 0.709901
vt 0.001467 0.138393
vt 0.259523 0.754439
vt 0.259256 0.747995
vt 0.685116 0.227394
vt 0.685881 0.210450
vt 0.739290 0.509922
vt 0.735827 0.513422
vt 0.768242 0.837309
vt 0.776522 0.837463
vt 0.750182 0.860519
vt -0.000000 0.912476
vt 0.754348 0.115265
vt 0.754520 0.124480
vt 0.749294 0.128794
vt 0.749294 0.107730
vt 0.287729 0.646404
vt 0.288998 0.733319
vt 0.287580 0.743120
vt 0.286277 0.748793
vt 0.538628 0.205785
vt 0.535183 0.200405
vt 0.533801 0.195110
vt 0.533102 0.189571
vt 0.533100 0.138456
vt 0.538932 0.202005
vt 0.540010 0.202830
vt 0.543906 0.202436
vt 0.545277 0.201307
vt 0.055233 0.973261
vt 0.052212 0.972539
vt 0.002565 0.937808
vt 0.000727 0.932632
vt 0.462187 0.712102
vt 0.611156 0.271339
vt 0.611156 0.278585
vt 0.608850 0.278498
vt 0.608801 0.271528
vt 0.648908 0.269074
vt 0.642752 0.270659
vt 0.682978 0.021721
vt 0.683133 0.017816
vt 0.966201 0.604876
vt 0.962919 0.604174
vt 0.621826 0.338374
vt 0.623827 0.342967
vt 0.624796 0.346303
vt 0.625373 0.355197
vt 0.623169 0.407603
vt 0.620912 0.407982
vt 0.623007 0.356047
vt 0.622108 0.349438
vt 0.558977 0.273125
vt 0.560706 0.274275
vt 0.560748 0.277651
vt 0.558977 0.278490
vt 0.070380 0.503357
vt 0.073341 0.503678
vt 0.537095 0.250164
vt 0.648475 0.274425
vt 0.648321 0.277724
vt 0.642794 0.277724
vt 0.642624 0.272164
vt 0.648522 0.270805
vt 0.174343 0.343905
vt 0.617304 0.881386
vt 0.623130 0.878422
vt 0.694570 0.485043
vt 0.685064 0.473763
vt 0.689753 0.472512
vt 0.698274 0.482318
vt 0.360315 0.191746
vt 0.621975 0.942613
vt 0.824809 0.007427
vt 0.825720 0.012687
vt 0.652451 0.521050
vt 0.708508 0.627930
vt 0.710837 0.632295
vt 0.277921 0.075709
vt 0.118196 0.824045
vt -0.000000 0.857699
vt 0.950049 0.437711
vt 0.071909 0.945368
vt 0.436715 0.876801
vt 0.431209 0.891031
vt 0.466868 0.538361
vt 0.457919 0.537654
vt 0.064637 0.701527
vt 0.061931 0.698911
vt 0.623130 0.862909
vt 0.624868 0.856578
vt 0.626857 0.867158
vt 0.607829 0.900971
vt 0.515618 0.260189
vt 0.519380 0.269517
vt 0.515618 0.277619
vt 0.918610 0.278681
vt 0.924954 0.280443
vt 0.613175 0.900482
vt 0.618949 0.895917
vt 0.619958 0.899726
vt 0.616770 0.905337
vt 0.610667 0.905683
vt 0.622635 0.906959
vt 0.618029 0.920928
vt 0.531261 0.791287
vt 0.454532 0.859701
vt 0.768281 0.902868
vt 0.442356 0.881085
vt 0.400350 0.808659
vt 0.417580 0.559140
vt 0.117091 0.298784
vt 0.419807 0.551042
vt 0.424243 0.564744
vt 0.850375 0.790251
vt 0.840585 0.790593
vt 0.854308 0.786557
vt 0.460217 0.278681
vt 0.463642 0.288501
vt 0.456540 0.287472
vt 0.346060 0.002361
vt 0.353079 0.277859
vt 0.346060 0.277578
vt 0.540308 0.558214
vt 0.542382 0.550481
vt 0.546424 0.548713
vt 0.197678 0.816228
vt 0.524172 0.560192
vt 0.203472 0.813901
vt 0.369324 0.810082
vt 0.388196 0.803740
vt 0.765026 0.916429
vt 0.194604 0.416963
vt 0.192310 0.415697
vt 0.708524 0.637509
vt 0.872247 0.884850
vt 0.398362 0.984903
vt 0.879757 0.886200
vt 0.199756 0.810595
vt 0.208703 0.807888
vt 0.344950 0.843242
vt 0.341284 0.828768
vt 0.000352 0.764067
vt 0.712502 0.626532
vt 0.551241 0.547606
vt 0.199159 0.806818
vt 0.205241 0.804474
vt 0.013843 0.695878
vt 0.013693 0.693142
vt 0.021706 0.691008
vt 0.007743 0.699140
vt 0.873487 0.475540
vt 0.877223 0.478189
vt 0.948809 0.697586
vt 0.982943 0.056092
vt 0.990561 0.054287
vt 0.643002 0.554564
vt 0.044157 0.645195
vt 0.046494 0.655433
vt 0.043617 0.709901
vt 0.041931 0.709715
vt 0.044682 0.655786
vt 0.043084 0.647580
vt 0.620031 0.546403
vt 0.987279 0.630047
vt 0.988284 0.619532
vt 0.994433 0.620257
vt 0.647526 0.554041
vt 0.814618 0.233950
vt 0.805536 0.234027
vt 0.862490 0.789360
vt 0.866830 0.787801
vt 0.871093 0.792041
vt 0.520654 0.098445
vt 0.861010 0.786095
s 1
usemtl Volume12
f 2463/6/6 2476/7/7 1793/8/8 1796/9/6 1849/10/6 2469/11/6 2468/12/6 2465/13/6 2464/14/6 1498/15/6 1508/16/9 1507/17/10 1444/18/6 1497/19/6 2466/20/6 1543/21/6 2467/22/6 2452/23/6 1850/24/6 1795/25/6
f 2583/26/11 2601/27/12 1841/28/13 1783/29/14
f 628/30/15 608/31/16 617/32/17 627/33/18
f 1477/34/19 1474/35/20 1468/36/21 1469/37/22
f 1410/38/23 1411/39/24 1354/40/25 1378/41/26
f 1902/42/27 1901/43/28 1985/44/29 1991/45/27 1996/46/30 1905/47/31
f 2258/48/32 270/49/33 172/50/34 174/51/35 267/52/36 2263/53/37
f 2083/58/42 1823/59/42 1820/60/42 2089/61/42
f 2513/62/43 2512/63/43 2501/64/44 2518/65/45
f 941/66/46 943/67/47 945/68/48 942/69/49
f 2600/80/60 2594/81/61 2593/82/62 2565/83/63
f 138/84/64 137/85/65 29/86/65 28/87/66 1956/88/67 1216/89/68
f 123/90/69 32/91/70 27/92/71 2125/93/72 2105/94/73
f 2581/95/74 2547/96/75 1785/97/76 2600/98/74
f 2307/99/77 2311/100/77 2291/101/77 2287/102/77
f 1841/28/13 1846/103/78 1786/104/79 1783/29/14
f 2518/65/80 2546/105/81 2559/106/82 2513/62/80
f 37/107/83 36/108/83 35/109/84 38/110/85 114/111/86 113/112/83 39/113/83
f 37/107/87 39/113/88 1356/114/89
f 864/115/90 871/116/90 850/117/90 851/118/91 787/119/92 879/120/93 881/121/94 863/122/90
f 14/127/99 13/128/100 44/129/101
f 1926/130/102 1929/131/103 1889/132/104 1886/133/102 1720/134/105 1917/135/106 1921/136/102
f 2212/141/111 160/142/112 241/143/113 2185/144/114
f 876/149/119 2120/150/120 2131/151/121 2158/152/122 882/153/123
f 176/154/124 121/155/125 386/156/126 175/157/127
f 1736/158/128 1672/159/129 1733/160/130 1734/161/131
f 266/162/132 244/163/132 264/164/132 265/165/132
f 1425/166/133 1390/167/134 1369/168/134 1424/169/135
f 40/170/136 2026/171/137 60/172/138
f 2030/173/139 2026/174/137 40/175/136
f 2286/180/144 2293/181/144 2262/182/145 2261/183/146
f 2011/184/147 427/185/148 428/186/149 429/187/150 535/188/151 1781/189/149
f 1529/190/152 1491/191/153 1488/192/154 1528/193/155
f 935/194/156 933/195/156 953/196/156 954/197/156
f 381/198/157 373/199/157 357/200/157 344/201/158 500/202/159 355/203/157 374/204/157 402/205/157 392/206/157
f 2148/207/160 2162/208/161 2160/209/162 2146/210/160
f 40/211/163 60/212/163 61/213/163
f 61/214/164 76/215/165 125/216/166
f 1161/217/167 1068/218/168 1143/219/169 1158/220/170 1175/221/170 1173/222/171
f 270/223/172 1029/224/172 1076/225/173 172/226/174
f 2180/227/175 2208/228/175 2184/229/175 2161/230/175
f 2391/231/176 2402/232/176 2401/233/176 2390/234/176
f 1273/235/177 1330/236/177 112/237/177 111/238/177
f 447/239/178 302/240/179 284/241/180 286/242/181
f 2514/248/187 2515/249/188 1788/250/189 1787/251/190
f 2540/252/191 2554/253/192 2549/254/193 2539/255/194
f 1913/256/195 1377/257/196 1527/258/197 1914/259/198
f 69/260/199 66/261/200 67/262/201
f 67/262/202 2029/263/203 68/264/204
f 68/265/205 69/266/206 67/267/207
f 67/262/202 2025/268/208 2029/263/203
f 227/269/209 225/270/210 205/271/211 207/272/209 209/273/209 208/274/209
f 2247/275/212 2221/276/213 2237/277/214 2243/278/215
f 1870/279/216 1872/280/217 2054/281/218 2060/282/219
f 73/283/220 74/284/221 72/285/222
f 75/286/223 74/287/223 73/288/223
f 73/283/220 76/215/165 136/289/224
f 75/290/225 73/291/225 136/292/225
f 77/293/226 136/294/227 76/295/228
f 1557/296/229 64/297/230 59/298/231 1645/299/232
f 78/300/233 81/301/234 79/302/235
f 80/303/236 79/304/237 82/305/238
f 79/304/237 81/306/239 82/305/238
f 387/316/249 458/317/250 444/318/251 425/319/251 517/320/252 533/321/253 442/322/251 443/323/251
f 1261/328/258 1312/329/259 1309/330/260 1257/331/260
f 90/332/261 89/333/262 91/334/263
f 92/335/264 90/336/261 91/337/263
f 92/335/265 91/337/265 93/338/265
f 94/339/266 93/340/266 91/334/266
f 93/340/267 94/339/268 139/341/269
f 2064/342/270 2066/343/271 2100/344/272 2096/345/273
f 92/346/274 211/347/274 210/348/275 90/332/276
f 2137/349/277 2147/350/278 2166/351/278 2151/352/279
f 145/353/280 980/354/280 983/355/281 982/356/282 51/357/283
f 1898/363/289 1896/364/289 1946/365/290 1950/366/291 1951/367/289 1963/368/289 1967/369/292 1738/370/293
f 1898/371/294 1960/372/295 1478/373/296 1896/374/297
f 173/375/298 1081/376/299 1080/377/300 171/378/301
f 19/379/302 110/380/303 111/381/304
f 1034/382/305 1037/383/306 1000/384/307 968/385/307 943/67/307 941/66/307 916/386/307 913/387/307 1023/388/308 953/196/309 933/195/307 938/389/307 965/390/307 1014/391/307
f 38/110/85 112/392/310 114/111/86
f 11/393/311 105/394/311 106/395/311 117/396/312 824/397/313 1992/398/314 1998/399/315 49/400/316
f 120/401/317 40/211/317 61/213/317
f 668/402/318 666/403/319 634/404/320 674/405/321 673/406/322
f 693/407/323 153/408/323 769/409/323 692/410/323
f 1444/18/324 1507/17/324 1473/411/324 1475/412/324 1479/413/324 1429/414/325 1423/415/326 1466/416/324 1462/417/324 1445/418/324 1402/419/327 1352/420/328
f 2058/421/329 2107/422/330 122/423/331 9/424/332 134/425/333 49/400/316 1998/399/315 2000/426/334 303/427/335
f 69/266/206 68/265/205 124/428/336
f 1809/429/337 2401/430/338 2403/431/339 1808/432/340
f 126/433/341 125/434/342 127/435/343
f 2184/229/344 2208/228/345 2206/436/346 2193/437/347
f 76/215/165 73/283/220 125/216/166
f 1015/438/348 1052/439/349 1053/440/349 1016/441/350
f 119/446/355 41/447/356 118/448/357
f 31/449/358 118/448/357 41/447/356
f 125/216/166 72/285/222 127/455/364
f 72/285/222 125/216/166 73/283/220
f 1370/456/365 1338/457/366 1339/458/367 1342/459/368
f 1145/460/369 1147/461/370 1128/462/371 1144/463/372
f 91/464/373 129/465/374 94/466/375
f 2237/277/214 2221/276/213 2203/467/376 2200/468/377
f 203/469/378 202/470/379 88/471/380
f 263/472/381 1083/473/382 252/474/383 251/475/384
f 514/476/385 410/477/386 389/478/387 408/479/388
f 2215/480/389 2207/481/390 2181/482/390 2182/483/391 2144/484/392
f 238/485/393 126/433/341 127/435/343
f 117/486/394 726/487/395 725/488/396 116/489/397
f 98/490/398 197/491/398 149/492/398
f 150/493/399 385/494/400 386/495/401
f 1008/496/402 1043/497/402 1029/498/402 978/499/402
f 1492/500/403 1436/501/404 1494/502/405 1493/503/406
f 1217/504/407 1179/505/408 1966/506/409 1068/507/410 1161/508/408 1184/509/408 1193/510/411
f 1696/514/415 1748/515/416 1695/516/417 1688/517/418
f 90/332/276 210/348/275 209/518/419
f 446/519/420 434/520/421 437/521/422 433/522/423
f 2454/523/424 2458/524/425 2441/525/426 2439/526/427
f 1062/531/432 1094/532/432 1053/440/432 1052/439/432
f 153/537/437 154/538/438 140/539/439
f 155/540/440 766/541/441 156/542/442
f 766/541/441 155/540/440 158/543/443
f 1981/544/444 1767/545/445 1006/546/446 908/547/447
f 2156/548/448 2178/549/449 2175/550/450 2153/551/451
f 2232/552/452 2176/553/453 2177/554/454 1007/555/455
f 2257/556/456 2269/557/457 2271/558/457 2253/559/458
f 24/564/463 23/565/464 803/566/465
f 214/567/466 237/568/467 236/569/468 230/570/466
f 2529/571/469 1604/572/470 1614/573/471 1706/574/472
f 211/575/473 213/576/473 212/577/473 210/578/473
f 2297/593/488 2332/594/489 2336/595/490 2300/596/491
f 2502/597/492 1790/598/492 1792/599/492 2500/600/492
f 165/609/501 65/610/502 1727/611/503
f 97/612/504 34/613/505 33/614/506
f 1420/615/507 1365/616/508 1368/617/509 1390/618/510
f 174/51/35 172/50/34 173/619/511 171/620/511 170/621/511 169/622/512 1971/623/513 1969/624/514
f 1069/625/515 1058/626/516 1005/627/517 932/628/518 1006/629/519 1745/630/517
f 345/631/520 328/632/521 337/633/522 358/634/523
f 987/635/524 179/636/525 178/637/526
f 1443/638/527 1980/639/528 1973/640/529 1407/641/530
f 1776/642/531 1775/643/532 1704/644/533 1598/645/534 1574/646/535 1597/647/533
f 47/648/536 167/649/537 148/650/538
f 307/651/539 475/652/540 314/653/541 313/654/542
f 180/655/543 1971/623/513 169/622/512 168/656/544
f 2054/281/545 1872/280/546 1821/657/547 1873/658/548
f 268/659/549 126/433/341 238/485/393
f 1581/660/550 2484/661/551 1600/662/552 1583/663/553
f 344/201/158 490/664/554 495/665/555 500/202/159
f 2571/666/556 2569/667/557 2570/668/558 2544/669/559
f 2024/670/560 186/671/561 187/672/562
f 188/673/563 186/674/564 189/675/565
f 186/674/564 2024/676/566 189/675/565
f 165/609/501 1560/677/567 63/678/568 65/610/502
f 194/679/569 193/680/570 190/681/571
f 429/685/575 428/686/576 450/687/577 452/688/578 461/689/579
f 701/690/580 196/691/581 216/692/582
f 2152/693/583 2154/694/583 884/695/584 2158/696/585 2155/697/583 2140/698/583 2137/349/277 2151/352/279
f 149/699/586 197/700/587 199/701/588
f 1514/702/589 1473/411/590 1507/17/10 1508/16/9
f 798/703/591 797/704/592 790/705/593 793/706/593
f 2128/707/594 2162/708/595 2112/709/596 2121/710/596
f 193/711/570 194/712/569 225/713/210
f 194/679/569 205/714/211 225/715/210
f 2587/716/597 2597/717/598 2562/718/599 2586/719/600
f 2019/720/601 1382/721/602 1383/722/603 1376/723/604 1523/724/605
f 343/725/606 322/726/607 312/727/608 310/728/609 335/729/610
f 340/730/611 333/731/611 334/732/612 308/733/613 320/734/611 326/735/611 332/736/611 362/737/611 370/738/611 389/739/611 411/740/614 400/741/615 404/742/611 378/743/611 364/744/611 353/745/611
f 2438/746/616 86/747/617 218/748/618 2420/749/619
f 186/756/625 222/757/626 220/758/627
f 221/759/628 222/760/629 188/673/563
f 222/760/629 186/674/564 188/673/563
f 2602/761/630 2605/762/631 2585/763/632 2587/764/632
f 932/765/633 931/766/634 906/767/635 905/768/635 902/769/636 892/770/637
f 193/680/638 224/771/639 232/772/640
f 193/680/638 225/715/641 224/771/639
f 224/771/639 225/715/641 226/773/642
f 225/715/641 227/774/643 226/773/642
f 208/778/647 210/348/275 228/779/648
f 1949/780/649 1215/781/650 111/782/304 112/392/310 1944/783/651
f 220/758/627 231/784/652 186/756/625
f 179/785/653 234/786/653 233/787/653 253/788/654 976/789/655 1971/623/513 180/655/543 178/790/653
f 1413/791/656 1386/792/657 1380/793/658 1411/39/24
f 208/798/647 228/799/648 304/800/663
f 209/518/419 210/348/275 208/778/647
f 187/672/562 231/801/664 238/802/665
f 231/803/664 187/804/562 186/805/561
f 34/613/505 97/612/504 166/806/666
f 166/807/667 97/808/667 1836/809/667
f 1836/809/668 97/808/669 240/810/670
f 868/811/671 866/812/672 861/813/673 860/814/673
f 2550/815/674 2549/816/675 2570/668/558 2569/667/557
f 1834/817/676 1835/818/677 243/819/678
f 240/810/670 97/808/669 247/820/679
f 440/821/680 424/822/681 515/823/682 532/824/683
f 250/825/684 50/826/685 252/474/383
f 185/827/686 50/826/685 250/825/684
f 1300/828/687 1217/504/407 1193/510/411 1255/829/687 1438/830/688 1400/831/689
f 1890/837/695 1502/838/696 1510/839/697 1889/840/698
f 260/841/699 257/842/700 258/843/701
f 1046/844/702 261/845/703 259/846/704
f 251/475/384 262/847/705 263/472/381
f 505/848/706 508/849/707 107/850/708 99/851/709
f 259/852/710 262/853/711 251/854/711 252/855/711 50/856/712 1970/857/713 1035/858/714
f 266/864/720 246/865/721 244/866/722
f 904/867/723 927/868/724 930/869/725 946/870/726 923/871/724 920/872/724 915/873/724 894/874/724 897/875/727
f 2277/880/732 2248/881/733 1042/882/734 1104/883/735
f 592/884/736 647/885/737 590/886/738 560/887/739
f 146/888/740 246/865/721 266/864/720
f 269/889/741 231/784/652 220/758/627
f 2194/894/746 2184/229/344 2193/437/347 2216/895/747
f 2436/896/748 2435/897/749 147/898/750 46/899/751 48/900/752
f 2255/901/753 2274/902/754 2273/903/755 2254/904/756
f 207/905/757 83/906/758 90/332/759 209/518/759
f 1848/907/760 2480/908/761 1789/909/762 1794/910/762
f 282/915/767 222/760/629 221/759/628
f 277/916/768 276/917/768 176/918/769 200/919/770 2007/920/771 280/921/772 279/922/768 278/923/768
f 71/924/773 551/925/774 548/926/775 98/927/776
f 232/928/777 224/929/778 287/930/779 286/931/777 284/932/777
f 282/915/767 221/759/628 283/941/788
f 198/942/789 197/943/790 542/944/790 543/945/790 529/946/791
f 991/952/797 256/953/798 62/954/799
f 304/955/800 290/956/801 235/957/802
f 1188/958/803 2341/959/804 1182/960/805 1187/961/806
f 1241/966/811 1242/967/812 1204/968/813 1235/969/814
f 2113/970/815 2135/971/816 2128/972/817 2121/973/815
f 272/974/818 1838/975/819 294/976/820
f 2270/977/821 1958/978/822 1956/88/67 28/87/66 102/979/823 26/980/824 2317/981/825
f 2147/350/826 2137/349/827 2124/982/828 2088/983/829
f 12/988/834 70/989/835 71/990/836 98/490/836 149/492/836 397/991/837 296/992/838
f 1800/998/843 1807/999/844 1857/1000/845 1855/1001/846
f 56/1002/847 1509/1003/848 162/1004/849 57/1005/850
f 449/1006/851 450/1007/852 448/1008/853 460/1009/854
f 311/1010/855 309/1011/856 308/1012/857
f 1536/1017/862 1522/1018/863 1521/1019/864 1530/1020/865
f 55/1021/866 315/1022/867 54/1023/868
f 310/728/609 311/1024/869 308/733/613
f 476/1025/870 312/1026/871 322/1027/872
f 476/1025/870 322/1027/872 324/1028/873
f 318/1029/874 325/1030/875 481/1031/876
f 57/1005/850 162/1004/849 163/1032/877 164/1033/878 58/1034/879
f 2190/1035/880 2192/1036/881 2198/1037/882 2210/1038/883
f 322/1027/872 323/1039/884 324/1028/873
f 2050/1040/885 292/1041/886 349/1042/887 195/1043/887 196/691/581 701/690/580 2056/1044/888 2049/1045/887
f 2570/1046/889 2572/1047/890 2573/1048/891 2544/1049/889
f 325/1050/875 329/1051/892 481/1052/876
f 561/1053/893 559/1054/894 591/1055/895 649/1056/896 593/1057/897
f 787/119/92 851/118/91 820/1058/898 822/1059/898 785/1060/898 740/1061/899 708/1062/900
f 2045/1063/901 2037/1064/902 1882/1065/903 1880/1066/904 1874/1067/905
f 273/1078/916 275/1079/917 274/1080/918 265/1081/919
f 746/1082/920 745/1083/921 711/1084/922 687/1085/923
f 330/1086/924 319/1087/925 331/1088/926
f 2194/894/746 2216/895/747 2196/1089/927 2195/1090/928
f 342/1091/929 489/1092/930 333/1093/931
f 334/1094/932 333/1093/931 489/1092/930
f 489/1092/930 335/1095/933 334/1094/932
f 490/1096/934 335/1095/933 489/1092/930
f 335/1095/935 344/1097/936 343/1098/937
f 335/1095/935 490/1096/938 344/1097/936
f 2176/1099/453 2232/1100/452 2231/1101/939 2172/1102/940
f 1571/1103/941 1569/1104/942 1559/1105/942 1556/1106/943 1582/1107/944 1583/1108/945 1597/1109/946 1574/1110/942 1496/1111/947
f 304/955/800 457/1112/948 290/956/801
f 2354/1113/949 2358/1114/950 2373/1115/951 1842/1116/952 2330/1117/953 2334/1118/954
f 342/1091/929 340/1119/955 341/1120/956
f 340/1119/955 342/1091/929 333/1093/931
f 357/1121/957 343/1122/937 344/1123/936
f 1442/1124/958 1406/1125/959 1994/1126/960 1986/1127/961
f 1511/1128/962 55/1021/866 1649/1129/963
f 1560/677/567 348/1130/964 63/678/568
f 350/1132/966 351/1133/967 361/1134/968
f 340/1139/955 353/1140/973 341/1141/956
f 365/1142/974 341/1143/956 353/745/973
f 357/1121/957 356/1152/984 343/1122/937
f 832/1153/985 836/1154/986 862/1155/986 858/1156/987
f 842/1161/992 846/1162/993 844/1163/994 843/1164/995
f 364/1165/996 365/1166/974 353/1167/973
f 1916/1168/997 1914/259/198 1527/258/197 1526/1169/998
f 2342/1170/999 2364/1171/1000 2344/1172/1001 2316/1173/1001
f 1688/1177/418 1695/1178/417 1687/1179/1005 1681/1180/1006
f 365/1166/974 364/1165/996 371/1181/1007
f 2146/210/1008 2166/351/1008 2147/350/1008 2148/207/1008
f 368/1182/1009 373/1183/1010 381/1184/1011
f 2340/1185/1012 2353/1186/1013 2335/1187/1014 2331/1188/1015
f 375/1189/1016 376/1190/1017 369/1191/1018
f 2370/1192/1019 2364/1193/1019 2386/1194/1019 2369/1195/1019
f 2575/1196/1020 2576/1197/1021 2545/1198/1021 2574/1199/1022
f 370/1200/1023 363/1201/1024 377/1202/1025
f 371/1181/1026 364/1165/1027 378/1203/1028
f 121/155/125 115/1204/1029 384/1205/1030
f 508/849/707 115/1204/1029 107/850/708
f 346/1206/1031 359/1207/1032 382/1208/1033
f 2589/1209/1034 2609/1210/1035 2606/1211/1036 2588/1212/1037
f 651/1213/1038 650/1214/1039 592/1215/1040 594/1216/1041 652/1217/1042
f 348/1130/964 1649/1222/963 55/1223/866 63/678/568
f 2069/1224/1047 2065/1225/1048 2055/1226/1049 2036/1227/1050 2028/1228/1051
f 2300/596/491 2336/595/490 1162/1229/1052 1144/1230/1053
f 371/1181/1026 378/1203/1028 398/1231/1054
f 1090/1232/1055 1092/1233/1056 1047/1234/1057 1049/1235/1057
f 380/1236/1058 133/1237/1059 385/1238/1060
f 1297/1239/1061 1298/1240/1062 1350/1241/1063 1349/1242/1064
f 395/1243/1065 368/1182/1009 381/1184/1011
f 1077/1244/1066 1078/1245/1067 1074/1246/1068 1075/1247/1069
f 2346/1248/1070 2319/1249/1070 2324/1250/1070 2348/1251/1070 2368/1252/1070
f 392/1253/1071 395/1243/1065 381/1184/1011
f 2116/1260/1077 3/1261/1078 25/1262/1079 134/425/333 9/424/332 122/423/331 2079/1263/1080
f 1383/1264/1081 1907/1265/1082 1905/1266/1083 1910/1267/1084
f 494/1268/1085 495/665/555 490/664/554 489/1269/1086 493/1270/1087
f 1719/1271/1088 1627/1272/1089 1622/1273/1090 1711/1274/1090
f 2340/1185/1012 2331/1188/1015 2327/1275/1091 2351/1276/1092
f 399/1277/1093 398/1278/1094 378/743/1095
f 520/1279/1096 404/1280/1097 400/1281/1098
f 2348/1282/1099 2357/1283/1100 2392/1284/1101 2393/1285/1102
f 327/1286/1103 332/1287/1104 326/1288/1105 321/1289/1106
f 1010/1294/1111 180/1295/1112 1030/1296/1113
f 168/1297/1114 169/1298/1115 1045/1299/1116
f 1375/1300/1117 1401/1301/1118 1226/1302/1119 1256/1303/1120
f 1882/1304/903 2037/1305/902 391/1306/1121
f 409/1307/1122 388/1308/1123 405/1309/1124
f 393/1310/1125 396/1311/1126 415/1312/1127
f 419/1313/1128 2028/1228/1051 394/1314/1129
f 199/1315/1130 417/1316/1131 149/1317/1132
f 405/1318/1133 397/991/1133 149/492/1133
f 534/1319/1134 408/1320/1135 405/1321/1136
f 408/1322/1135 409/1323/1137 405/1324/1136
f 101/1325/1138 367/1326/1139 509/1327/1140 501/1328/1141 496/1329/1142
f 1587/1334/1147 1924/1335/1148 1920/1336/1149 1588/1337/1150
f 203/1338/1151 183/1339/1151 393/1340/1151
f 136/292/1152 192/1341/1152 189/1342/1152 75/290/1152
f 1283/1343/1153 1288/1344/1154 1284/1345/1155 1245/1346/1156
f 1728/1349/1159 1732/1350/1160 1557/1351/1161 1645/1352/1162 1723/1353/1163
f 432/1354/1164 488/1355/1165 383/1356/1166
f 297/1357/1167 2021/1358/1168 2020/1359/1169 563/1360/1170 295/1361/1171
f 144/1364/1174 1945/1365/1175 1344/1366/1176 44/129/101 30/1367/1177 143/1368/1177
f 432/1354/1164 423/1369/1178 483/1370/1179
f 2372/1371/1180 1811/1372/1181 2392/1284/1101 2357/1283/1100
f 427/1373/1182 314/1374/1183 475/1375/1184 470/1376/1184 448/1377/1184 450/687/577 428/686/576
f 1928/1378/1185 1506/1379/1186 1591/1380/1187 1925/1381/1188
f 1733/1382/1189 1650/1383/1190 1726/1384/1191 1730/1385/1189
f 1210/1386/1192 1212/1387/1193 1211/1388/1194 1208/1389/1195 1189/1390/1196
f 447/239/178 492/1391/1197 302/240/179
f 452/1392/1198 450/1007/852 449/1006/851
f 451/1393/1199 452/1392/1198 449/1006/851
f 452/1392/1198 451/1393/1199 464/1394/1200
f 461/1395/1201 452/1392/1198 464/1394/1200
f 609/1396/1202 614/1397/1203 610/1398/1204 657/1399/1205
f 1662/1400/1206 1639/1401/1207 1616/1402/1208 1640/1403/1209
f 435/1404/1210 447/239/178 453/1405/1211
f 435/1404/1210 453/1405/1211 436/1406/1212
f 453/1405/1211 454/1407/1213 436/1406/1212
f 175/1408/1214 161/1409/1215 2046/1410/1216 2044/1411/1217
f 309/1412/1218 471/1413/1219 449/1414/1220 460/1415/1218 463/1416/1221 317/1417/1222
f 466/1418/1223 461/1395/1201 464/1394/1200
f 461/1395/1201 466/1418/1223 462/1419/1224
f 462/1420/1225 473/1421/1226 430/1422/1227 429/685/575 461/689/579
f 439/1423/1228 514/1424/1229 534/1425/1134 422/1426/1230
f 1262/1427/1231 1270/1428/1231 1321/1429/1232 1280/1430/1233 1271/1431/1231 1267/1432/1231 1264/1433/1231 1231/1434/1231 1259/1435/1231
f 470/1436/1234 305/1437/1235 463/1438/1236
f 448/1008/853 463/1439/1236 460/1009/854
f 463/1439/1236 448/1008/853 470/1440/1234
f 962/1441/1237 937/1442/1237 935/194/1237 954/197/1237 958/1443/1237 995/1444/1238 996/1445/1239 964/1446/1237
f 1026/1447/1240 1071/1448/1241 1059/1449/1242 977/1450/1243
f 465/1451/1244 466/1452/1245 464/1453/1246
f 1098/1458/1251 1122/1459/1252 1119/1460/1253 1139/1461/1254
f 468/1462/1255 467/1463/1256 419/1313/1128
f 977/1464/1257 1007/555/455 912/1465/1258 914/1466/1259
f 310/1472/1265 471/1473/1266 311/1010/855
f 305/1476/1269 307/1477/1270 313/1478/1271
f 317/1479/1272 308/1012/857 309/1011/856
f 309/1011/856 311/1010/855 471/1473/1266
f 310/1472/1265 472/1480/1273 471/1473/1266
f 312/1026/871 472/1480/1273 310/1472/1265
f 472/1480/1273 312/1026/871 476/1025/870
f 394/1314/1129 407/1481/1274 478/1482/1275
f 391/1306/1121 469/1483/1276 403/1484/1277
f 1570/1485/1278 1568/1486/1279 1567/1487/1280 1519/1488/1281
f 483/1370/1179 526/1489/1282 487/1490/1283
f 479/1495/1288 486/1496/1289 482/1497/1290
f 320/1498/1291 316/1499/1292 321/1289/1106 326/1288/1105
f 591/1500/1293 559/1501/1294 589/1502/1295 588/1503/1296
f 485/1504/1297 445/1505/1298 491/1506/1299
f 499/1515/1308 494/1516/1309 493/1517/1310
f 496/1518/1311 494/1516/1312 499/1515/1313
f 495/1519/1314 494/1516/1312 496/1518/1311
f 2536/1520/1315 2542/1521/1316 2516/1522/1317 2508/1523/1317
f 486/1496/1289 479/1495/1288 420/1524/1318
f 925/1529/1322 924/1530/1323 903/1531/1324 899/1532/1325
f 87/1533/1326 496/1329/1142 85/1534/1327
f 496/1518/1328 500/1535/1329 495/1519/1330
f 500/1535/1329 496/1518/1328 501/1536/1331
f 101/1325/1138 496/1329/1142 87/1533/1326
f 1727/611/503 65/610/502 64/1537/230 1557/1538/229
f 501/1539/1331 355/1540/1332 500/1541/1329
f 436/1406/1212 454/1407/1213 455/1542/1333 497/1543/1334
f 503/1544/1335 486/1496/1289 420/1524/1318
f 2329/1545/1336 2312/1546/1337 2327/1547/1338 2331/1548/1339
f 99/851/709 107/850/708 277/1549/1340 278/1550/1341 279/1551/1342 100/1552/1343
f 100/1552/1343 505/848/706 99/851/709
f 374/1553/1344 355/1540/1332 509/1554/1345
f 501/1539/1331 509/1554/1345 355/1540/1332
f 504/1555/1346 366/1556/1347 507/1557/1348
f 1268/1558/1349 103/1559/1350 1318/1560/1351 1313/1561/1352
f 509/1327/1140 367/1326/1139 109/1562/1353
f 507/1557/1348 366/1556/1347 379/1563/1354
f 507/1564/1355 384/1565/1356 115/1566/1357
f 508/1567/1358 507/1564/1355 115/1566/1357
f 379/1563/1354 390/1568/1359 507/1557/1348
f 293/1570/1361 458/317/250 387/316/249 291/1571/1362
f 95/1576/1367 132/1577/1368 275/1578/1368 215/1579/1369
f 517/320/1370 425/319/1371 416/1580/1372
f 2527/1581/1373 2533/1582/1374 1710/1583/1375 2532/1584/1373 2526/1585/1373 2607/1586/1376 2519/1587/1377
f 234/786/1379 986/1589/1380 988/1590/1381 233/787/1382
f 441/1591/1383 518/1592/1384 424/822/681
f 2552/1593/1385 2560/1594/1386 2576/1595/1386 2575/1596/1387
f 2323/1597/1388 2324/1598/1389 2310/1599/1390 2309/1600/1391
f 399/1601/1392 520/1602/1392 512/1603/1392
f 520/1604/1393 521/1605/1394 511/1606/1395
f 521/1605/1396 520/1604/1397 150/1607/1398
f 150/1607/1398 520/1604/1397 385/1608/1399
f 402/1609/1400 522/1610/1401 401/1611/1402
f 1801/1612/1403 1805/1613/1403 1808/1614/1403 1803/1615/1404 1798/1616/1405
f 123/1620/1409 603/1621/1409 655/1622/1409 714/1623/1410 128/1624/1411 6/1625/1409 32/1626/1409
f 249/1627/1412 248/1628/1412 240/1629/1412 247/1630/1412
f 416/1631/1372 528/1632/1413 204/1633/1414
f 1464/1634/1415 1463/1635/1416 1455/1636/1417 1454/1637/1418
f 199/1315/1130 531/1638/1419 417/1316/1131
f 455/1542/1333 454/1407/1213 289/1639/1420 290/1640/1421
f 534/1641/1422 405/1642/1423 513/1643/1424
f 534/1644/1134 514/1645/1229 408/1646/1135
f 515/1651/682 412/1652/1429 411/1653/1430
f 393/1310/1125 415/1312/1127 533/321/253
f 533/321/253 517/320/252 393/1310/1125
f 1308/1654/1431 1452/1655/1432 1405/1656/1432 1353/1657/1433
f 1352/1658/1434 1228/1659/1435 1227/1660/1435 1219/1661/1435 1220/1662/1436 1223/1663/1437 1351/1664/1438
f 109/1665/1439 367/1666/1440 196/691/1441 195/1043/1442 108/1667/1443
f 837/1668/1444 836/1669/1445 832/1670/1446 2069/1224/1447 833/1671/1448
f 87/1672/1449 85/1673/1450 217/1674/1451
f 536/1675/1452 84/1676/1453 280/1677/1454
f 84/1676/1453 100/1678/1343 280/1677/1454
f 2514/248/1455 1787/251/1455 1793/8/1455 2497/1679/1455
f 280/1677/1454 100/1678/1343 279/1684/1342
f 537/1685/1459 12/988/834 296/992/838
f 1156/1686/1460 1168/1687/1461 1171/1688/1462 1173/1689/1463 1175/1690/1464
f 685/1691/1465 467/1463/1256 524/1692/1466
f 538/1693/1467 418/1694/1468 595/1695/1469
f 1792/599/1470 1789/909/1471 1791/1696/1472 1784/1697/1473
f 539/1698/1474 685/1699/1465 524/1700/1466
f 2366/1701/1475 4/1702/1475 8/1703/1476 239/1704/1477 2356/1705/1478
f 1579/1708/1481 1962/1709/1482 1447/1710/1483 1586/1711/1484
f 480/1712/1485 484/1713/1486 421/1714/1487 502/1715/1488
f 2555/1719/1492 2557/1720/1492 2580/1721/1492 2578/1722/1492
f 549/1723/1493 88/471/1494 544/1724/1495
f 98/927/776 548/926/775 545/1725/1496
f 2244/1726/1497 2245/1727/1498 2229/1728/1499 2228/1729/1500
f 38/110/85 1942/1732/1503 1944/783/651 112/392/310
f 2606/1211/1036 2524/1737/1507 2523/1738/1508 2520/1739/1509
f 191/1740/1510 192/1741/1511 190/1742/1512 193/1743/1513
f 7/1744/1514 23/1745/1515 24/1746/1515 155/1747/1515 156/1748/1516 1988/1749/1517 1984/1750/1518
f 764/1751/1519 765/1752/1520 799/1753/1521 752/1754/1522
f 1886/1755/1523 1588/1756/1524 1589/1757/1525 1720/1758/1526
f 215/1759/1527 237/1760/1528 214/1761/1529 151/1762/1529
f 737/1763/1530 706/1764/1531 648/1765/1532 679/1766/1533 678/1767/1531 734/1768/1534
f 564/1769/1535 568/1770/1536 567/1771/1537
f 565/1772/1538 564/1769/1535 567/1771/1537
f 567/1771/1537 540/1773/1539 565/1772/1538
f 2517/1774/1540 1784/1697/1540 1785/97/76 2547/96/75
f 831/1775/1541 788/1776/1542 2037/1777/902 2045/1778/901 2099/1779/1543
f 276/1780/1544 121/155/125 176/154/124
f 276/1780/1544 115/1204/1029 121/155/125
f 1310/1781/1545 1379/1782/1546 1308/1783/1547
f 465/1784/1548 306/1785/1549 477/1786/1550 473/1787/1551
f 10/1788/1552 26/1789/1552 1307/1790/1552 1311/1791/1552 1410/1792/1552 1378/1793/1552 1/1794/1552
f 576/1795/1553 573/1796/1554 547/1797/1555
f 2295/1798/1556 2315/1799/1557 2313/1800/1558 2294/1801/1558
f 573/1796/1554 576/1795/1553 578/1802/1559
f 2277/1813/1567 1104/1814/1568 2278/1815/1569 2299/1816/1567 2298/1817/1570 2274/1818/1571
f 1019/1819/1572 974/1820/1573 972/1821/1574 1018/1822/1575
f 292/1041/1576 385/1238/1060 133/1237/1059 349/1042/1577
f 1209/1823/1578 1206/1824/1578 1197/1825/1578 1198/1826/1578 1204/1827/1578 1242/1828/1578 1243/1829/1578 1281/1830/1578 1286/1831/1579 1291/1832/1580 1213/1833/1581
f 557/1834/1582 586/1835/1583 559/1501/1294
f 922/1836/1584 923/871/1585 946/870/1586 944/1837/1587
f 559/1501/1294 586/1835/1583 589/1502/1295
f 1548/1838/1588 1576/1839/1589 2473/1840/1590 1500/1841/1588 1547/1842/1588
f 3/1261/1078 2/1843/1591 25/1262/1079
f 1353/1848/1595 1375/1849/1596 1256/1850/1597 1257/1851/1598
f 1829/1852/1599 1880/1853/904 1882/1304/903 360/1854/1600 1832/1855/1601
f 569/1856/1602 600/1857/1603 598/1858/1604
f 603/1859/1605 654/1860/1606 655/1861/1607
f 597/1862/1608 654/1860/1609 599/1863/1610
f 570/1864/1611 597/1865/1608 599/1866/1610
f 572/1867/1612 597/1865/1608 570/1864/1611
f 600/1857/1613 602/1868/1614 598/1858/1615
f 569/1856/1602 601/1869/1616 600/1857/1603
f 957/1870/1617 958/1871/1618 954/1872/1619 955/1873/1620
f 2265/1874/1621 2269/557/1622 2257/556/1623 2238/1875/1624 2251/1876/1625
f 2136/1879/1628 27/92/71 32/91/70 6/1880/1629
f 603/1881/1630 656/1882/1631 610/1398/1204
f 600/1857/1613 607/1883/1632 602/1868/1614
f 611/1884/1633 600/1857/1633 601/1869/1633 608/31/1633 628/30/1633 634/404/320 666/403/319 620/1885/1633
f 569/1856/1634 608/31/16 601/1869/1635
f 600/1857/1613 611/1884/1636 607/1883/1632
f 569/1856/1634 617/32/17 608/31/16
f 498/1886/1637 354/1887/1638 366/1556/1347 504/1555/1346
f 611/1884/1636 621/1888/1639 607/1883/1632
f 2457/1889/1640 2475/1890/1640 2462/1891/1640 2448/1892/1640 2442/1893/1641 2456/1894/1642
f 609/1396/1202 659/1895/1643 614/1397/1203
f 1993/1896/1644 2003/1897/1645 827/1898/1646 878/1899/1647
f 615/1900/1648 624/1901/1649 605/1902/1650
f 605/1902/1650 606/1903/1651 615/1900/1648
f 1878/1904/1652 1879/1905/1653 1873/658/1654 1876/1906/1655
f 621/1888/1639 611/1884/1636 620/1885/1656
f 614/1397/1203 658/1907/1657 622/1908/1658
f 624/1901/1649 623/1912/1662 630/1913/1663
f 2271/1914/1664 2291/1915/1664 2293/1916/1664 2286/1917/1664
f 624/1901/1649 615/1900/1648 623/1912/1662
f 2209/1922/1669 2183/1923/1670 1978/1924/1671 1974/1925/1672 206/1926/1673 2220/1927/1674
f 571/1928/1675 625/1929/1676 616/1930/1677
f 625/1929/1676 571/1928/1675 626/1931/1678
f 620/1885/1656 666/403/1679 629/1932/1680
f 620/1885/1656 629/1932/1680 621/1888/1639
f 2546/1933/1681 2547/1934/1682 2581/1935/1683 2582/1936/1683
f 626/1931/1678 632/1937/1684 625/1929/1676
f 631/1938/1685 632/1937/1684 626/1931/1678
f 2567/1939/1686 2571/666/1686 2597/717/1686 2584/1940/1686
f 1022/1941/1687 1024/1942/1688 1023/1943/1689 951/1944/1690
f 1130/1945/1691 1113/1946/1692 1108/1947/1693 1106/1948/1693
f 467/1949/1694 468/1950/1694 478/1951/1694 1833/1952/1694 166/1953/1694 420/1954/1694 479/1955/1694 523/1956/1694 529/1957/1694 543/1958/1694 547/1797/1555 573/1796/1554 566/1959/1694 539/1960/1694 524/1961/1694
f 671/1962/1695 632/1937/1684 631/1938/1685
f 19/1963/302 111/1964/304 1215/1965/650 1954/1966/1696
f 1476/1971/1701 1516/1972/1702 1513/1973/1703 1512/1974/1704
f 77/1975/1705 80/303/1706 194/679/1707 190/681/1705
f 1564/1976/1708 1752/1977/1709 1739/1978/1710 1735/1979/1711
f 969/1980/1712 971/1981/1713 1002/1982/1714 1001/1983/1715
f 698/1984/1716 680/1985/1717 735/1986/1718 779/1987/1719 775/1988/1720 773/1989/1721 731/1990/1722
f 2365/1991/1723 1/1992/1724 2398/1993/1725
f 1765/1994/1726 1772/1995/1727 1754/1996/1728 1699/1997/1729
f 591/1500/1293 588/1503/1296 646/1998/1730
f 648/1999/1731 649/2000/1732 646/2001/1730
f 646/2001/1730 649/2000/1732 591/2002/1293
f 650/2003/1733 645/2004/1734 647/2005/737
f 592/2006/736 650/2003/1733 647/2005/737
f 648/1999/1731 682/2007/1735 649/2000/1732
f 2579/2008/1736 2581/2009/1737 2600/80/60 2565/83/63
f 651/2010/1738 645/2004/1734 650/2003/1733
f 1823/59/1739 2083/58/1740 2080/2011/1741 1824/2012/1742
f 655/1861/1607 654/1860/1606 688/2013/1743
f 689/2014/1744 604/2015/1745 690/2016/1746
f 2412/2017/1747 1303/2018/1748 2432/2019/1749 1855/1001/846
f 657/1399/1205 610/1398/1204 656/1882/1631
f 407/1481/1274 1833/2022/1752 478/1482/1275
f 659/1895/1643 658/1907/1657 614/1397/1203
f 618/2023/1753 619/2024/1754 660/2025/1755
f 1051/2026/1756 1061/2027/1757 1065/2028/1758 1054/2029/1756 1036/2030/1756 1037/383/306 1034/382/305
f 152/2031/1759 622/1908/1658 658/1907/1657
f 622/1908/1658 152/2031/1759 661/2032/1760
f 2406/2033/1761 1806/2034/1762 1804/2035/1763 2405/2036/1763
f 152/2038/1759 693/407/1765 661/2039/1766
f 630/2040/1663 665/2041/1767 664/2042/1768
f 630/1913/1663 623/1912/1662 665/2047/1767
f 668/2048/1773 667/2049/1774 666/2050/1679
f 629/1932/1680 666/403/1679 667/2054/1774
f 268/2055/1778 249/2056/1778 247/2057/1778 177/2058/1778
f 663/2059/1779 664/2042/1768 665/2041/1767
f 671/1962/1695 631/1938/1685 635/2060/1780
f 633/2061/1781 674/405/1782 634/404/1783
f 127/2062/1784 135/2063/1785 187/672/1786 238/802/1784
f 668/2048/1773 669/2064/1787 667/2049/1774
f 635/2065/1780 670/2066/1788 672/2067/1789
f 672/2067/1789 671/2068/1695 635/2065/1780
f 633/2079/1781 699/2080/1800 674/2081/1782
f 673/2082/1801 674/2081/1782 699/2080/1800
f 1406/2083/1802 1441/2084/1803 1901/2085/1804 1902/2086/1805
f 680/1985/1717 640/2087/1806 676/2088/1807
f 702/2089/1808 677/2090/1809 675/2091/1810
f 163/2092/1811 162/2093/1811 1509/2094/1811 1625/2095/1812 1712/2096/1813 1714/2097/1811 1638/2098/1811 1723/1353/1163 164/2099/1814
f 2522/2100/1815 2601/2101/1816 2585/2102/1817 2605/2103/1818
f 644/2104/1819 680/2105/1820 676/2106/1821
f 680/2105/1820 644/2104/1819 681/2107/1822
f 783/2108/1823 823/2109/1824 854/2110/1824 852/2111/1825 825/2112/1826 826/2113/1827
f 682/2007/1735 648/1999/1731 706/2114/1828
f 645/2004/1734 651/2010/1738 683/2115/1829
f 339/2116/1830 352/2117/1831 362/2118/1832 332/1287/1104
f 2084/2119/1833 2081/2120/1834 2080/2011/1741 2083/58/1740
f 1386/2130/657 1358/2131/1842 143/2132/1843 30/2133/1844
f 21/2134/1845 22/2135/1846 691/2136/1847 658/1907/1657 659/1895/1643 609/1396/1202 657/1399/1205
f 850/117/1848 871/116/1849 872/2137/1850 849/2138/1851 851/118/1852
f 72/2139/1853 74/2140/1853 135/2063/1853 127/2062/1853
f 152/2141/1759 658/2142/1657 691/2143/1847
f 722/2144/1854 692/410/1855 766/541/441
f 514/476/385 439/2145/1856 434/2146/1856 446/2147/1857 302/2148/1858 492/2149/1856 438/2150/1856 410/477/386
f 726/487/395 694/2151/1859 695/2152/1860
f 1604/2156/1864 1603/2157/1865 1634/2158/1866 1636/2159/1867
f 664/2042/1868 723/2160/1869 721/2161/1870
f 723/2160/1869 664/2042/1868 663/2059/1871
f 729/2162/1872 727/2163/1873 668/2048/1874
f 727/2163/1873 669/2064/1875 668/2048/1874
f 697/2164/1876 670/2066/1788 696/2165/1877
f 697/2164/1876 672/2067/1789 670/2066/1788
f 698/2166/1878 673/2082/1801 699/2080/1800
f 2567/2167/1879 2568/2168/1879 2569/2169/1879 2571/2170/1879
f 700/2171/1880 698/2166/1880 731/2172/1880
f 673/2082/1801 698/2166/1878 700/2171/1881
f 703/2176/1885 735/1986/1718 680/1985/1717
f 680/2105/1820 681/2107/1822 703/2177/1886
f 678/2178/1887 781/2179/1888 734/2180/1889
f 781/2179/1888 678/2178/1887 702/2181/1890
f 703/2177/1886 681/2107/1822 704/2182/1891
f 742/2183/1892 706/2114/1828 737/2184/1893
f 706/2114/1828 742/2183/1892 682/2007/1735
f 1532/2185/1894 1534/2186/1895 1533/2187/1896 1531/2188/1897
f 1679/2189/1898 1639/1401/1207 1662/1400/1206 1670/2190/1899
f 1616/1402/1208 1630/2191/1900 1614/2192/1901 1602/2193/1901
f 881/2194/94 879/2195/93 892/770/637 902/769/636 890/2196/1902 888/2197/1902
f 1166/2198/1903 2337/2199/1904 2278/2200/1905 1146/2201/1906
f 273/2202/1907 237/1760/1528 215/1759/1527 275/2203/1907
f 2349/2204/1908 2371/2205/1908 1810/2206/1908 2351/2207/1908 2327/2208/1908 2325/2209/1908
f 718/2210/1909 722/2144/1854 766/541/441
f 721/2211/1910 717/2212/1911 768/2213/1912
f 721/2211/1910 723/2214/1913 717/2212/1911
f 727/2163/1914 729/2162/1915 770/2215/1916
f 727/2163/1914 770/2215/1916 720/2216/1917
f 522/2217/1918 520/1279/1096 400/1281/1098 401/2218/1918
f 725/2219/1919 727/2220/1920 719/2221/1921
f 726/487/395 695/2152/1860 725/488/396
f 695/2222/1922 727/2220/1920 725/2219/1919
f 1074/2223/1923 1078/2224/1924 1112/2225/1925 1109/2226/1926 1028/2227/1927
f 730/2228/1928 728/2229/1929 774/2230/1930
f 728/2229/1929 730/2228/1928 696/2165/1877
f 1168/1687/1461 1163/2231/1931 1164/2232/1931 1171/1688/1462
f 697/2164/1876 696/2165/1877 730/2228/1928
f 732/2233/1932 700/2171/1933 731/2172/1934
f 1856/2234/1935 2411/2235/1936 1805/2236/1937 1801/2237/1938
f 733/2238/1939 734/2180/1889 781/2179/1888
f 735/2239/1940 703/2177/1886 704/2182/1891
f 735/2239/1940 736/2240/1941 779/2241/1942
f 735/2239/1940 704/2182/1891 736/2240/1941
f 1070/2242/1943 1104/2243/735 1042/2244/734 977/1464/1257
f 2053/2245/1944 2041/2246/1945 2077/2247/1946 2126/2248/1946
f 705/2249/1947 743/2250/1948 739/2251/1949
f 739/2251/1949 740/2252/1950 738/2253/1951
f 740/2252/1950 739/2251/1949 743/2250/1948
f 712/2254/1952 686/2255/1953 747/2256/1954
f 2475/1890/1955 2478/2257/1956 2496/2258/1957 2495/2259/1955
f 746/2260/1958 749/2261/1959 794/2262/1960
f 713/2263/1961 795/2264/1962 714/1623/1410
f 795/2264/1962 128/1624/1411 714/1623/1410
f 2/2265/1963 751/2266/1963 690/2267/1963 604/2268/1963 134/2269/1963 25/2270/1963
f 2230/2271/1964 2204/2272/1965 2174/2273/1966 2203/467/376 2221/276/213
f 713/2274/1967 754/2275/1968 760/2276/1969
f 713/2277/1970 760/2278/1970 750/2279/1970
f 751/2280/1971 796/2281/1972 753/2282/1973
f 722/2283/1974 718/2284/1974 715/2285/1974 757/2286/1974 750/2287/1974 760/2288/1974 716/2289/1974 717/2290/1974 723/2291/1974 663/2292/1974 665/2047/1974 623/1912/1974 615/1900/1974 606/1903/1974 654/1860/1606 603/1859/1605 610/2293/1974 614/2294/1974 622/2295/1974 661/2296/1974 693/2297/1974 692/2298/1974
f 754/2275/1979 756/2303/1980 760/2276/1981
f 159/2304/1982 755/2305/1983 757/2286/1984 715/2285/1985 762/2306/1986 803/566/465 761/2307/1982
f 796/2281/1972 758/2308/1987 753/2282/1973
f 2130/2309/1988 2155/697/1989 2158/696/122 2131/2310/121 2098/2311/1990
f 179/785/525 987/2312/524 986/1589/1380 234/786/1379
f 758/2308/1987 804/2313/1991 763/2314/1992
f 719/2221/1921 727/2220/1920 720/2315/1993 764/2316/1993 752/2317/1993 749/2318/1993 689/2014/1744 690/2016/1746 751/2280/1993 753/2282/1993 758/2308/1993 763/2314/1993
f 1897/2319/1994 1447/1710/1995 1962/1709/1996 1737/2320/1997
f 759/2321/1998 768/2213/1912 716/2322/1999
f 768/2213/1912 717/2212/1911 716/2322/1999
f 715/2285/1985 718/2284/1909 762/2306/1986
f 762/2323/1986 766/541/441 158/543/443
f 718/2284/1909 766/2324/441 762/2306/1986
f 804/2325/1991 725/488/396 719/2326/2000
f 719/2221/2000 763/2314/1992 804/2313/1991
f 153/408/2001 152/2038/1759 154/2327/2002
f 153/408/2001 693/407/1765 152/2038/1759
f 1337/2328/2003 1286/2329/2004 1285/2330/2005 1287/2331/2006
f 2370/2332/2007 2369/2333/2007 2322/2334/2008 2347/2335/2009
f 774/2336/1930 767/2337/2010 772/2338/2011
f 774/2336/1930 728/2339/1929 767/2337/2010
f 248/2340/2012 1884/2341/2012 1836/2342/2012 240/2343/2012
f 2443/2344/2013 2456/1894/2014 2428/2345/2015 2423/2346/2016
f 1677/2347/2017 1684/2348/2017 1691/2349/2017 1690/2350/2018 1674/2351/2019 1657/2352/2017 1652/2353/2017 1633/2354/2017 1613/2355/2017 1620/2356/2017 1615/2357/2020 1606/2358/2021 1607/2359/2017 1608/2360/2017 1635/2361/2017 1659/2362/2017 1676/2363/2017
f 732/2233/1932 773/2364/2022 771/2365/2023
f 731/2172/1934 773/2364/2022 732/2233/1932
f 779/1987/1719 776/2366/2024 775/1988/1720
f 811/2367/2025 844/1163/994 846/1162/993 815/2368/2026
f 778/2369/2027 777/2370/2028 733/2238/1939
f 778/2369/2027 733/2238/1939 781/2179/1888
f 34/2371/2029 1831/2372/2030 1828/2373/2031 1825/2374/2032
f 167/649/537 1713/2375/2033 1625/2376/2033 148/650/538
f 786/2381/2038 737/2382/1530 784/2383/2039
f 785/2384/2040 822/2385/2041 782/2386/2042
f 1329/2387/2043 1328/2388/2044 142/2389/2045 144/2390/2046
f 744/2395/2050 833/2396/2051 2069/2397/1047
f 747/2256/2052 792/2398/2053 748/2399/2054
f 360/1854/1600 403/1484/1277 1883/2400/2055 1832/1855/1601
f 750/2287/2056 795/2401/2057 713/2402/2058
f 2350/2403/2059 2326/2404/2059 2328/2405/2059 2352/2406/2059 1865/2407/2059 2372/2408/2059
f 1282/2409/2060 1281/2410/2061 1243/2411/2062 1241/966/811
f 23/565/464 7/2412/2063 755/2305/1983 159/2304/1982 761/2307/1982 803/566/465
f 758/2308/1987 796/2281/1972 800/2413/2064
f 42/2423/2073 804/2313/1991 758/2308/1987
f 806/2424/2074 805/2425/2075 798/703/591
f 2301/2426/2076 2316/2427/2077 2321/2428/2078 2308/2429/2079
f 802/2430/2080 807/2431/2081 801/2432/2082
f 801/2432/2082 807/2431/2081 808/2433/2083
f 741/2434/2084 742/2183/1892 737/2184/1893 786/2435/2085
f 119/2440/2089 116/489/397 725/488/396
f 1352/420/328 1402/419/327 1304/2444/2095 1228/2445/2096
f 818/2446/2097 774/2336/2098 772/2338/2099 807/2431/2099 802/2430/2099 789/2447/2099 747/2256/1954 686/2255/1953 835/2448/2099 867/2449/2099 843/2450/2099 844/2451/2099 811/2452/2099
f 1669/2453/2100 1626/2454/2100 1629/2455/2100 1612/2456/2100 1584/2457/2101 1703/2458/2102 1777/2459/2103 1756/2460/2104 1742/2461/2105 1693/2462/2100 1686/2463/2100
f 314/653/541 319/1087/925 330/1086/924 313/654/542
f 775/1988/1720 816/2464/2106 812/2465/2107
f 814/2466/2108 816/2464/2109 819/2467/2110
f 1796/2472/2113 1793/2473/2113 1787/2474/2113 1847/2475/2113
f 1263/2476/2114 1265/2477/2115 1313/1561/1352 1305/2478/2116
f 393/1310/1125 382/1208/1033 359/1207/1032 396/1311/1126
f 40/175/2117 245/2479/2117 2027/2480/2118 2030/173/2119
f 2499/2481/2120 2514/2482/2120 2497/2483/2120 2498/2484/2120
f 788/1776/1542 831/1775/1541 829/2485/2121
f 1994/1126/960 1907/2486/2122 1382/721/602 1999/2487/2123
f 2246/2489/2125 2228/2490/2126 2202/2491/2127 1814/2492/2127
f 2001/2493/2128 2002/2494/2129 157/2495/2130 2073/2496/2131 2056/1044/888 701/690/580 2004/2497/2132
f 271/2498/2133 253/788/2134 981/2499/2135 978/2500/2133
f 814/2466/2136 819/2467/2137 855/2501/2138 849/2138/2136 872/2137/2136 865/2502/2136 862/2503/2136 836/1669/2136 840/2504/2136 845/2505/2136 813/2506/2136
f 805/2425/2075 797/704/592 798/703/591
f 902/769/2139 905/768/2140 904/867/2141 900/2507/2142 901/2508/2143
f 685/1691/1465 2028/1228/1051 419/1313/1128 467/1463/1256
f 1640/2509/2144 1602/2510/2145 1604/2511/2146 1636/2512/2146 1641/2513/2147 1670/2514/2148
f 1310/2515/2149 1266/2516/2150 18/2517/2151 8/1703/2149
f 1066/2518/2152 1102/2519/2153 1143/219/169 1068/218/168 1057/2520/2154
f 829/2485/2121 835/2521/2155 686/2522/2156 788/1776/1542
f 1240/2523/2157 1246/2524/2158 1244/2525/2159 1207/2526/2160
f 2262/2529/2163 2266/2530/2163 2243/2531/2163 2237/2532/2164 2218/2533/2165 2242/2534/2163
f 140/539/439 856/2535/2166 153/537/437
f 2029/2536/2167 2033/2537/2168 2038/2538/2169 104/2539/2170
f 1268/1558/1349 1265/2477/2115 1263/2476/2114 102/2545/2176 28/2546/2177 29/2547/2178 103/1559/1350
f 2296/2548/2179 2329/2549/2180 2332/594/489 2297/593/488
f 331/2550/2181 319/2551/2181 314/1374/1183 427/1373/1182 296/992/838 397/991/837 405/1318/2181 388/2552/2181 351/2553/2181
f 2582/2559/2186 2580/2560/2187 2557/2561/2188 2558/2562/2189
f 1895/2563/2190 1948/2564/2191 1936/2565/2192 1891/2566/2193 1892/2567/2194
f 2324/1598/1389 2319/2571/2198 2306/2572/2198 2310/1599/1390
f 542/2577/2203 197/2578/2203 98/927/776 545/1725/1496
f 184/2579/2204 270/49/33 2258/48/32 2239/2580/2205 182/2581/2206
f 876/2582/2207 868/811/2207 860/814/2207
f 868/811/671 869/2583/2208 866/812/672
f 2020/2584/2209 2021/2585/2209 2015/2586/2210 1915/2587/2211 1912/2588/2209 1910/2589/2212 2010/2590/2213
f 865/2502/2214 871/116/1849 864/115/2215
f 865/2502/2214 872/2137/1850 871/116/1849
f 1594/2591/2216 1718/2592/2217 1717/2593/2218 1593/2594/2219
f 824/397/313 117/396/312 116/2595/2220 119/446/355 118/448/357 31/449/358 875/2596/2221 1987/2597/2222
f 1402/2598/2223 1448/2599/2223 1306/2600/2224 1304/2601/2225
f 2425/2602/2226 2419/2603/2227 1939/2604/2228 1938/2605/2229
f 182/2581/2206 181/2606/2230 184/2579/2204
f 2471/2607/2231 2461/2608/2232 2451/2609/2233 2432/2019/1749 2453/2610/2234
f 16/2615/2239 1830/2616/2240 1834/817/676 243/819/678
f 2208/2617/2241 2180/2618/2241 2181/482/2241 2207/481/2241
f 2474/2619/2242 2476/7/2242 2458/524/425 2454/523/424
f 884/695/584 885/2620/2243 2158/696/585
f 885/2625/2248 882/153/123 2158/152/122
f 2132/2626/2249 881/2627/2250 887/2628/2251
f 888/2197/2252 894/874/2253 881/2194/2254
f 2085/2629/2255 1818/2630/2256 2086/2631/2257 2112/2632/2258
f 399/2633/2259 512/2634/2259 390/1568/1359 379/1563/1354
f 2187/2635/2260 2188/2636/2260 2165/2637/2261 2164/2638/2262
f 885/2639/2263 884/2640/2264 911/2641/2265
f 885/2639/2266 911/2641/2267 893/2642/2268
f 1140/2643/2269 1159/2644/2270 1158/2645/2271 1143/2646/2272
f 458/317/2273 459/2647/2274 445/1505/1298 444/318/2275
f 893/2650/2278 896/2651/2279 895/2652/2280
f 1885/2653/2281 2521/2654/2282 2603/2655/2283 2590/2656/2284
f 889/2657/2285 895/2658/2286 898/2659/2287
f 896/2651/2288 898/2660/2287 895/2652/2286
f 2055/1226/2289 2065/1225/2289 2069/1224/1447 832/1670/1446 2070/2661/2289 2066/343/2289 2064/342/2289 2054/281/545 1873/658/548
f 897/2662/727 901/2663/2290 900/2664/2291
f 883/2667/2294 882/2668/2295 885/2620/2296 889/2669/2296 898/2660/2296 903/1531/2296 924/1530/2297
f 924/1530/2297 928/2671/2301 883/2667/2294
f 1023/388/308 1025/2676/2306 1027/2677/2307 953/196/309
f 910/2678/2308 893/2642/2268 911/2641/2267
f 791/2679/2309 789/2447/2309 802/2430/2080 801/2432/2082
f 2179/2680/2310 915/873/2311 917/2681/2312 914/2682/2310 912/2683/2310 2177/2684/2310 2176/1099/2310 2172/1102/2310 2170/2685/2310 1814/2686/2310 2202/2687/2310 2168/2688/2310 2173/2689/2310 2175/550/2310 2178/549/2310
f 917/2681/2312 915/873/2311 920/872/2313
f 2168/2688/2314 2167/2690/2315 2142/2691/2316 2138/2692/2317
f 916/2693/2318 919/2694/2319 918/2695/2320
f 921/2696/2321 917/2681/2312 920/872/2313
f 2192/1036/2331 2190/1035/2331 2187/2635/2331 2164/2638/2331
f 2606/1211/1036 2520/1739/1509 2586/719/2332 2588/1212/1037
f 900/2507/2291 904/867/723 897/875/727
f 1282/2409/2060 1285/2330/2005 1286/2329/2004 1281/2410/2061
f 1237/2711/2336 1240/2523/2157 1207/2526/2160 1205/2712/2337
f 930/869/2338 927/868/2339 906/767/2340
f 929/2713/2341 948/2714/2342 928/2715/2343
f 931/766/2344 930/869/2338 906/767/2340
f 576/1795/1553 583/2716/2345 636/2717/2346 581/2718/2347 578/1802/1559
f 1007/555/455 2177/554/454 912/1465/1258
f 1260/2719/2348 1258/2720/2348 1304/2601/2225 1306/2600/2224
f 935/2721/2349 938/2722/2350 933/2723/2351
f 940/2724/2352 939/2725/2353 936/2726/2354
f 934/2727/2355 940/2724/2352 936/2726/2354
f 935/2721/2349 937/2728/2356 938/2722/2350
f 962/2729/2357 938/2722/2350 937/2728/2356
f 1887/2734/2362 1888/2735/2363 1891/2566/2193 1931/2736/2364 1930/2737/2363 1923/2738/2363 1922/2739/2365
f 2283/2740/2366 2260/2741/2366 2240/2742/2367 2250/2743/2368 2264/2744/2366
f 509/1554/1345 522/1610/1401 402/1609/1400 374/1553/1344
f 2581/2009/1737 2579/2008/1736 2580/2560/2187 2582/2559/2186
f 1259/1435/2371 1231/1434/2371 1229/2747/2371 1258/2748/2371
f 948/2749/2342 929/2750/2341 947/2751/2372
f 931/766/2344 949/2752/2373 930/869/2338
f 948/2753/2342 947/2754/2372 950/2755/2374
f 949/2752/2373 931/766/2344 973/2756/2375
f 93/340/2376 213/2757/2376 211/347/2376 92/346/2376
f 955/1873/1620 954/1872/1619 953/2758/2377
f 743/2250/1948 705/2249/1947 683/2115/1829 651/2010/1738
f 952/2759/2378 956/2760/2379 979/2761/2380
f 1110/2762/2381 1082/2763/2382 1073/2764/2383 1105/2765/2383
f 1977/2766/2384 875/2596/2221 31/449/358 241/143/113 160/142/112
f 962/2729/2357 965/2769/2387 938/2722/2350
f 940/2724/2352 963/2770/2388 939/2725/2353
f 962/2729/2357 964/2771/2389 965/2769/2387
f 1931/2772/2390 1539/2773/2391 1598/2774/2392 1930/2775/2393
f 970/2776/2394 968/2777/2395 999/2778/2396
f 972/1821/1574 950/2755/2374 947/2754/2372
f 950/2755/2374 972/1821/1574 974/1820/1573
f 973/2756/2375 1003/2781/2399 949/2752/2373
f 1868/2782/2400 2059/2783/2401 2045/1063/901 1874/1067/905
f 2225/2784/2402 2214/2785/2403 2210/1038/2404 2224/2786/2405 2235/2787/2406
f 979/2788/2407 980/354/2408 1028/2227/1927
f 1177/2793/2412 1178/2794/2413 1186/2795/2414 1183/2796/2415
f 983/355/281 985/2797/2416 982/356/282
f 957/1870/1617 995/2798/2417 958/1871/1618
f 991/952/797 989/2799/2418 256/953/798
f 991/952/797 62/954/799 990/2800/2419
f 957/1870/1617 992/2805/2424 995/2798/2417
f 993/2806/2425 994/2807/2426 961/2808/2427
f 1856/2234/1935 2416/2809/2428 2415/2810/2429 2411/2235/1936
f 1429/414/325 1431/2811/2430 1391/2812/2430 1342/2813/2431 1367/2814/2432 1389/2815/2430 1426/2816/2430 1423/415/326
f 966/2817/2433 998/2818/2434 997/2819/2435
f 966/2817/2433 997/2819/2435 967/2820/2436
f 999/2778/2396 968/2777/2395 1000/2822/2438
f 1001/2823/1715 1041/2824/2439 1017/2825/2440
f 1002/2826/1714 1041/2824/2439 1001/2823/1715
f 1058/2827/2441 1127/2828/2442 1126/2829/2443 1103/2830/2444
f 2153/551/2445 2138/2692/2446 2139/2831/2447 2141/2832/2445 2157/2833/2445 887/2834/2448 886/2835/2449 2156/548/2445
f 973/2840/2375 1021/2841/2454 1003/2842/2399
f 932/765/633 1005/2843/2455 1021/2844/2455 973/2756/2456 931/766/634
f 1044/2848/2460 1008/2849/2461 955/2850/2462
f 955/2850/2462 1008/2849/2461 978/2851/2463
f 991/2862/797 1009/2863/2472 989/2864/2418
f 987/2865/2473 1010/2866/2473 1030/2867/2473
f 994/2807/2426 993/2806/2425 1012/2868/2474
f 1012/2869/2474 993/2870/2425 1032/2871/2475
f 1015/438/348 1016/441/350 998/2876/2434
f 1016/441/350 997/2877/2435 998/2876/2434
f 1037/2881/2484 1039/2882/2485 999/2778/2396
f 1037/2881/2484 999/2778/2396 1000/2822/2438
f 2188/2636/2486 2127/2883/2487 2122/2884/2488 2165/2637/2486
f 1003/2842/2399 1021/2841/2454 1020/2885/2489
f 1007/555/455 977/1464/1257 1042/2244/734
f 977/1450/1243 952/2886/2490 1026/1447/1240
f 980/354/2408 1074/2223/1923 1028/2227/1927
f 1798/1616/1405 1797/2887/2491 1795/2888/2492 1850/2889/2492
f 1048/2890/2493 1013/2891/2494 1011/2892/2495
f 1652/2353/2496 1653/2893/2497 1628/2894/2498 1633/2354/2499
f 1033/2898/2502 1051/2899/2503 1034/2900/2504
f 2577/2901/2505 2579/2902/2505 2565/2903/2505 2599/2904/2505
f 1039/2882/2485 1037/2881/2484 1036/2905/2506
f 1040/2906/2507 1017/2825/2440 1041/2824/2439
f 1017/2825/2440 1040/2906/2507 1038/2907/2508
f 1066/2908/2509 1019/1819/1572 1018/1822/1575
f 238/485/393 231/2914/2515 249/2915/2516 268/659/549
f 1024/2916/2517 1025/2917/2517 1023/2918/2517
f 261/845/2518 1046/844/2518 260/841/2518
f 1031/2919/2519 1048/2890/2493 1011/2892/2495
f 1050/2920/2520 1051/2899/2503 1033/2898/2502
f 1064/2921/2521 1036/2905/2506 1054/2922/2522
f 1064/2921/2521 1039/2882/2485 1036/2905/2506
f 1055/2923/2523 1066/2908/2509 1018/1822/1575
f 1942/2924/2524 1937/2925/2524 1934/2926/2524 1428/2927/2524 1935/2928/2524 1938/2929/2524 1939/2930/2524 1344/2931/2524 1945/2932/2524 1216/2933/2524 1956/2934/2524 1958/2935/2524 1965/2936/2524 1969/2937/2524 1971/2938/2524 976/2939/2525 1973/640/2526 1565/2940/2527 1586/2941/2524 1955/2942/2528 1504/2943/2529 1925/1381/1188 1595/2944/2530 1592/2945/2531 1920/1336/1149 1924/1335/1148 1949/2946/2532 1944/2947/2524
f 2429/2950/2535 2423/2951/2536 2406/2952/2537 2405/2953/2537
f 1043/2954/2538 1008/2849/2461 1044/2848/2460
f 1387/2955/2539 1416/2956/2539 1361/2957/2540 1363/2958/2541
f 1031/2919/2542 1087/2959/2543 1048/2890/2544
f 235/957/2545 226/773/642 227/774/643 208/778/2545 304/955/2545
f 1061/2960/2546 1051/2899/2547 1050/2920/2548
f 228/2961/2549 229/2962/2549 291/2963/2549 304/2964/2549
f 613/2965/2550 49/2966/2551 134/2967/2552 604/2968/2552
f 2054/281/218 2064/342/270 2096/345/273 2060/282/219
f 1040/2906/2553 1063/2969/2554 1038/2907/2555
f 1063/2969/2554 1040/2906/2553 1099/2970/2556
f 110/2971/2557 1274/2972/2558 1275/2973/2559 1273/235/2559 111/238/2559
f 1005/2843/2455 1058/2827/2441 1103/2830/2444 1067/2974/2560 1021/2844/2455
f 1070/2975/2561 977/2976/2561 1059/2977/2561
f 1073/2764/2562 1029/2978/2563 1043/2954/2538
f 1073/2764/2562 1043/2954/2538 1044/2848/2460
f 1028/2979/2564 1109/2980/2565 1026/2981/2566
f 1896/374/297 1478/373/296 1483/2982/2567 1946/2983/2568
f 1475/412/2569 1473/411/590 1514/702/589 1515/2984/2570
f 1078/1245/1067 1077/1244/1066 250/825/684
f 1112/2225/1925 250/2985/2571 1084/2986/2572
f 250/2985/2571 1112/2225/1925 1078/2224/1924
f 1082/2763/2573 1080/2987/2574 1081/2988/2575
f 1082/2763/2382 1089/2989/2576 1087/2990/2543
f 1084/2991/2577 252/474/383 1083/473/382
f 1084/2991/2577 250/825/684 252/474/383
f 721/2211/2578 768/2213/2579 759/2321/2579 756/2303/2579 792/2398/2579 791/2679/2579 801/2432/2579 808/2433/2579 767/2337/2579 728/2339/2579 696/2992/2580
f 1083/473/382 1085/2993/2581 1084/2991/2577
f 1209/2994/2582 1213/2995/2583 1247/2996/2584 1191/2997/2585
f 1088/2998/2586 1087/2959/2543 1089/2999/2576
f 263/3000/2587 261/3001/2588 1047/3002/2589 1092/3003/2587 1086/3004/2587 1112/2225/1925 1084/2986/2572 1085/3005/2587
f 1092/3003/1056 1090/3006/1055 1091/3007/2590
f 1086/3004/2591 1092/3003/1056 1091/3007/2590
f 1088/2998/2586 1048/2890/2544 1087/2959/2543
f 1093/3008/2592 1050/3009/2593 1048/3010/2594 1088/3011/2595 1089/2989/2596
f 2162/208/161 2159/3012/2597 2161/230/2598 2160/209/162
f 1050/3009/2548 1093/3008/2599 1061/2027/2546
f 1093/3013/2599 1118/3014/2600 1061/3015/2546
f 1094/532/2601 1062/531/2601 1095/3016/2601
f 1097/3017/2602 1065/3018/2603 1098/1458/1251
f 1123/3019/2604 1063/3020/2554 1099/3021/2556
f 1123/3019/2604 1096/3022/2605 1063/3020/2554
f 1056/3024/2607 1067/3025/2608 1101/3026/2609
f 1067/3025/2608 1103/3027/2610 1101/3026/2609
f 1614/2192/2611 1705/3028/2611 1707/3029/2612 1706/3030/2613
f 2215/3031/2614 2219/3032/2614 2233/3033/2615 2238/1875/1624 2211/3034/2614 2206/436/2614
f 527/3035/2616 484/1713/1486 480/1712/1485 474/3036/2617
f 2110/3037/2618 2090/3038/2618 2129/3039/2619 2122/3040/2620
f 1872/280/217 1870/279/216 1869/3041/2621 1821/657/2621
f 1072/3042/2622 1105/2765/2622 1073/2764/2622
f 1026/2981/2566 1109/2980/2565 1071/3043/2623
f 192/1741/1511 136/294/227 77/293/226 190/1742/1512
f 1109/2226/2624 1111/3044/2625 1071/1448/2626
f 1071/1448/2627 1111/3044/2628 1129/3045/2629
f 1109/2226/2624 1112/2225/2635 1111/3044/2625
f 779/2241/1942 736/2240/1941 780/3051/2636 776/3052/2637
f 1089/2989/2576 1082/2763/2382 1110/2762/2381
f 838/3053/2638 842/1161/992 843/1164/995 867/3054/2639
f 1086/3004/2591 1091/3007/2590 1111/3044/2625
f 1086/3004/2591 1111/3044/2625 1112/2225/2635
f 1130/3059/1691 1118/3060/2600 1114/3061/2642
f 1113/3062/1692 1130/3059/1691 1114/3061/2642
f 2127/3063/2487 2118/3064/2643 2110/3065/2643 2122/3066/2488
f 1093/3008/2599 1114/3061/2642 1118/3060/2600
f 1094/3069/2647 1095/3070/2648 1116/3071/2649
f 1116/3071/2650 1115/3072/2650 1129/3045/2629 1111/3044/2628 1091/3007/2651 1094/3069/2652
f 1065/2028/1758 1119/3073/2653 1122/3074/2654
f 2124/982/828 2092/3075/2655 1817/3076/2656 2088/983/829
f 1121/3077/2657 1096/3022/2605 1123/3019/2604
f 1098/1458/1251 1065/3018/2603 1122/1459/1252
f 791/2679/2658 792/2398/2658 747/2256/2658 789/2447/2658
f 1102/3078/2659 1100/3079/2660 1142/3080/2661
f 2487/3081/2662 2472/3082/2663 2473/3083/1590 1576/3084/1589
f 78/3085/2664 79/304/237 80/303/236 77/1975/2664 76/3086/2664
f 2280/3091/2667 2301/3092/2667 2308/3093/2667 2288/3094/2667
f 1071/1448/2668 1129/3045/2668 1107/3095/2668
f 1115/3072/2669 1107/3095/2670 1129/3045/2671
f 1107/3095/2670 1115/3072/2669 1131/3096/2672
f 1115/3072/2669 1117/3097/2673 1131/3096/2672
f 283/3098/2674 221/3099/2674 223/3100/2674 285/3101/2674
f 246/3102/2675 68/3103/2675 2029/2536/2167 104/2539/2170
f 1102/3078/2659 1066/2908/2676 1055/2923/2676 1100/3079/2660
f 1136/3104/2677 1119/1460/1253 1135/3105/2678
f 1139/1461/1254 1119/1460/1253 1136/3104/2677
f 465/1784/1548 473/1787/1551 462/1419/1224 466/1418/1223
f 1143/2646/2272 1142/3106/2661 1140/2643/2269
f 1060/3107/2679 1045/1299/1116 169/1298/1115 170/3108/2680
f 285/3109/2681 223/3110/2682 232/3111/2683 284/3112/2684
f 1142/3106/2661 1143/2646/2272 1102/3113/2659
f 1601/3114/2685 1577/3115/2686 1585/3116/2687 1584/3117/2688
f 1193/3118/2689 1191/3119/2690 1247/3120/2691 1249/3121/2691 1252/3122/2691 1294/3123/2691 1295/3124/2691 1346/3125/2692 1255/3126/2693
f 457/1112/2694 387/316/2695 443/323/2696 456/3127/2697
f 2333/3128/2698 2315/1799/1557 2295/1798/1556 2298/3129/2699
f 2524/1737/1507 2609/1210/1035 2603/2655/2283 2525/3130/2700
f 2385/3131/2701 2354/1113/949 2338/3132/2702 2341/3133/804
f 1149/3134/2703 1151/3135/2704 1153/3136/2705
f 1132/3137/2706 1150/3138/2707 1155/3139/2708
f 1155/3139/2708 1150/3138/2707 1152/3140/2709
f 2538/3145/2718 2551/3146/2719 2540/252/2720 2539/255/2720
f 2261/3151/2724 2227/3152/2725 2241/3153/2726 2253/3154/2724 2271/3155/2724 2286/3156/2724
f 2303/3157/2727 1961/3158/2728 1964/3159/2729 2281/3160/2730
f 1144/3161/1053 1162/3162/1052 1145/3163/2731
f 280/1677/1454 217/1674/1451 85/1673/1450 536/1675/1452
f 1145/3164/2731 1162/3165/1052 1164/3166/2732
f 1145/3167/2731 1164/3168/2732 1163/3169/2733
f 1148/3170/2734 1165/3171/2735 1146/2201/1906
f 1166/2198/1903 1146/2201/1906 1165/3171/2735
f 1737/2320/1997 1962/1709/1996 1579/1708/1481 1735/1979/1711 1739/1978/1710
f 1165/3172/2736 1154/3173/2737 1170/3174/2738
f 1172/3175/2739 1169/3176/2740 1170/3177/2741
f 1172/3175/2739 1170/3177/2741 1154/3182/2745
f 1134/3183/2746 1133/3184/2747 1120/3185/2748 1137/3186/2749
f 2428/2345/2015 2399/3187/2750 2406/3188/2750 2423/2346/2016
f 41/3189/2751 119/2440/2089 725/488/396 804/2325/1991
f 1138/3190/2752 1176/3191/2753 1154/3173/2737
f 1183/2796/2415 1174/3192/2754 1177/2793/2412
f 1486/3193/2755 1530/3194/2756 1521/3195/2756 1519/3196/2757
f 1354/40/25 1380/793/658 44/129/2762 13/128/2763
f 1180/3201/2764 1164/3202/2765 1162/3203/2766
f 1164/3204/2767 1180/3205/2768 1181/3206/2769
f 1167/3207/2770 1166/3208/2771 1182/960/805
f 2163/3209/2772 2191/3210/2772 2192/3211/2772 2164/3212/2772
f 1171/3213/2773 1164/3214/2773 1181/3215/2774 1184/3216/2775 1161/217/167 1173/222/171
f 2149/3221/2777 2142/3222/2777 2167/3223/2777 2199/3224/2777
f 356/1152/984 357/1121/957 373/1183/1010 368/1182/1009
f 277/1549/1340 107/850/708 115/1204/1029 276/1780/1544
f 654/3229/2781 597/3230/2781 712/3231/2781 747/3232/2781 748/3233/2781 688/3234/2781
f 2197/3235/2782 2198/1037/882 2199/3236/2783 2202/2687/2784
f 1913/3237/2785 1914/3238/2786 2017/3239/2787 2023/3240/2785 2022/3241/2788 1911/3242/2789
f 1569/1104/2793 1571/1103/2794 1520/3246/2795 1518/3247/2796
f 1210/3248/2797 1189/3249/2798 1192/3250/2799
f 1686/3251/2800 1678/3252/2801 1661/3253/2802 1668/3254/2803 1669/3255/2804
f 1178/3256/2805 1192/3257/2805 1186/3258/2805
f 1481/3261/2808 1517/3262/2809 1516/1972/1702 1476/1971/1701
f 898/2660/2287 896/2651/2288 899/1532/1325 903/1531/1324
f 2479/3263/2810 2482/3264/2811 2465/13/2812 2468/12/2813
f 243/3265/2814 246/3266/2814 104/3267/2814 2038/3268/2815 16/3269/2816
f 285/3270/2817 446/519/420 433/522/423 283/3271/2817
f 1196/3272/2818 1197/3273/2819 1203/3274/2820
f 1197/3273/2819 1206/3275/2821 1203/3274/2820
f 1100/3276/2822 1055/3277/2823 1064/3278/2824 1097/3279/2825 1098/3280/2825 1139/3281/2826
f 1206/3275/2821 1209/2994/2582 1203/3274/2820
f 1189/1390/1196 1208/1389/1195 1190/3288/2831
f 1209/2994/2582 1191/2997/2585 1203/3274/2820
f 813/2506/2832 845/2505/2833 841/3289/2834 847/3290/2835
f 1210/3248/2797 1192/3250/2799 1212/3291/2836
f 2416/2809/2428 1854/3292/2837 2450/3293/2838 2431/3294/2839
f 1212/1387/1193 1214/3295/2840 1211/1388/1194
f 206/1926/1673 2222/3296/2841 2220/1927/1674
f 339/2116/1830 332/1287/1104 327/1286/1103
f 913/387/2846 910/3301/2847 911/3302/2848 909/3303/2849
f 1064/2921/2521 1054/2922/2522 1065/3304/2603 1097/3305/2602
f 2454/523/2850 2439/526/2851 2445/3306/2852 2446/3307/2853 2455/3308/2854
f 664/3309/2855 721/3310/2578 696/3311/2580 670/3312/2856
f 1219/3313/2857 1204/968/813 1198/3314/2858
f 459/2647/2274 458/317/2273 293/1570/2859 294/3315/2860
f 102/2545/2176 1263/2476/2114 1307/3321/2866 26/3322/2866
f 1235/969/814 1204/968/813 1201/3323/2867
f 1933/3324/2868 1932/3325/2869 1929/3326/2870 1599/3327/2871
f 230/570/2872 229/3328/2873 212/3329/2874 214/567/2875
f 2151/352/2876 2169/3330/2877 2171/3331/2878 2152/693/2879
f 508/1567/1358 505/3332/2880 498/3333/2881 504/3334/2882 507/1564/1355
f 1241/966/811 1243/2411/2062 1242/967/812
f 1407/3335/2883 1904/3336/2884 1903/3337/2885 1443/3338/527
f 1358/2131/1842 1329/2387/2043 144/2390/2046 143/2132/1843
f 51/3339/2886 62/3340/2886 256/3341/2886 255/3342/2887 1972/3343/2888 926/3344/2889 160/142/112 2212/141/111 2223/3345/2886 2234/3346/2890 96/3347/2891 145/3348/2892
f 1246/2524/2158 1245/1346/1156 1244/2525/2159
f 184/3357/2898 181/3358/2898 271/3359/2898 978/499/2898 1029/498/2898 270/3360/2898
f 246/865/721 146/888/740 124/428/336 68/265/205
f 1213/1833/1581 1253/3361/2899 1248/3362/2900
f 1254/3363/2901 1250/3364/2902 1251/3365/2903
f 1172/3175/2739 1154/3182/2745 1176/3366/2904 1174/3367/2905
f 2385/3368/2906 2384/3369/2907 2378/3370/2908 2376/3371/2908 1864/3372/2909 2373/3373/2910 2358/3374/2908
f 404/742/1097 520/3375/1096 399/1277/1093 378/743/1095
f 1220/3376/1436 1218/3377/2911 1223/3378/1437
f 1228/2445/2096 1304/2444/2095 1258/2748/2912
f 2123/3379/2913 2148/3380/2913 2147/3381/2913 2088/3382/2913 1817/3383/2913 2085/3384/2913
f 1260/3385/2914 1259/1435/2915 1258/2748/2916
f 1230/3386/2917 1232/3387/2917 1257/1851/2917
f 1409/3388/2918 1379/3389/2918 1310/3390/2918 8/3391/2918 4/3392/2918 17/3393/2918
f 1261/3394/2919 1257/1851/2920 1232/3387/2921
f 1259/1435/2915 1260/3385/2914 1262/1427/2923
f 291/1571/1362 229/3328/2873 230/570/2872 293/1570/1361
f 1267/1432/2927 1233/3404/2928 1264/1433/2929
f 1786/104/2930 1847/3405/2931 1787/251/190 1788/250/189
f 1238/3406/2932 1233/3404/2928 1267/1432/2927
f 1234/3407/2933 1239/3408/2934 1236/3409/2935
f 2055/1226/1049 1873/658/1654 1879/1905/1653 2036/1227/1050
f 1267/1432/2927 1271/1431/2936 1238/3406/2932
f 1271/1431/2936 1272/3410/2937 1238/3406/2932
f 138/3411/2938 1362/3412/2939 1327/3413/2940
f 1236/3414/2935 1239/3415/2934 1276/3416/2941
f 1276/3417/2941 1239/3418/2934 1278/3419/2942
f 1277/3420/2943 1278/3421/2942 1239/3415/2934
f 1272/3422/2937 1280/3423/2944 1279/3424/2945
f 1272/3410/2937 1271/1431/2936 1280/1430/2944
f 484/3425/2946 527/3426/2946 219/3427/2947 528/3428/2948 485/3429/2946 491/3430/2946 510/3431/2949 421/3432/2950
f 377/1202/1025 408/479/388 389/478/387 370/1200/1023
f 1283/1343/1153 1245/1346/1156 1246/2524/2158
f 1764/3434/2952 1752/1977/1709 1564/1976/1708 1552/3435/2953 1540/3436/2954
f 431/3437/2955 535/188/151 429/187/150 430/3438/2955 298/3439/2955 45/3440/2956 300/3441/2957 299/3442/2955
f 318/1029/874 481/1031/876 477/3443/1550 306/3444/1549
f 1213/1833/1581 1291/1832/1580 1253/3361/2899
f 1810/3445/2958 2371/3446/2959 1812/3447/2960 1863/3448/2961
f 1294/3452/2965 1291/3453/2966 1295/3454/2967
f 1296/3455/2968 1298/1240/1062 1297/1239/1061
f 394/1314/1129 2028/1228/1051 2036/1227/1050 1879/1905/1653 1881/3456/2969
f 1567/3457/2970 1561/3458/2970 1549/3459/2970 1547/3460/2970 1500/3461/2970 1505/3462/2970 1513/3463/2970 1516/3464/2970 1517/3465/2970 1482/3466/2970 1487/3467/2970 1433/3468/2971 1436/3469/2972 1492/3470/2970 1486/3193/2755 1519/3196/2757
f 1296/3471/2973 1292/3472/2974 1299/3473/2975
f 1299/3473/2975 1292/3472/2974 1254/3474/2976 1251/3475/2976 1214/3476/2976 1212/3291/2836 1192/3250/2799 1301/3477/2977
f 1307/3481/2981 1305/3482/2982 1306/3483/2983
f 411/1653/1430 389/3484/2984 410/3485/2985 532/3486/683 515/1651/682
f 2245/3487/2986 2250/3488/2987 2217/3489/2988 2229/3490/2989
f 1305/3482/2982 1307/3481/2981 1263/3491/2990
f 2380/3492/2991 2379/3493/2992 2377/3494/2993 2414/3495/2994
f 1608/3496/2995 1709/3497/2995 2525/3498/2995 2521/3499/2995 1885/3500/2996 2592/3501/2997 2604/3502/2995 2534/3503/2995 2535/3504/2995 1610/3505/2995 1609/3506/2995 1617/3507/2998 1635/3508/2999
f 1310/1781/1545 1312/3509/3000 1266/3510/3001
f 1314/3511/3002 1262/1427/2923 1260/3385/2914
f 1261/3394/258 1316/3512/3003 1312/3509/259
f 1312/3509/3000 1315/3513/3004 1266/3510/3001
f 1270/1428/3005 1262/1427/2923 1317/3514/3006
f 1314/3511/3002 1317/3514/3006 1262/1427/2923
f 1889/132/104 1929/131/103 1932/3515/3007 1890/3516/3008
f 1313/1561/1352 1265/2477/2115 1268/1558/1349
f 103/1559/1350 1319/3517/3009 1318/1560/1351
f 2004/2497/2132 701/690/580 216/692/582 217/3522/3014 2008/3523/3015
f 1323/3524/3016 1324/3525/3017 1320/3526/3018
f 1323/3527/3016 1325/3528/3019 1324/3529/3017
f 1360/3530/3020 1326/3531/3021 1321/3532/3022
f 114/3533/3023 112/237/3024 1330/236/3025
f 1278/3534/2942 1277/3535/2943 1333/3536/3026
f 2163/3537/3027 2149/3538/3027 2199/3236/3027 2191/3539/3027
f 799/1753/1521 794/2262/1960 749/2261/1959 752/1754/1522
f 1278/3534/2942 1333/3536/3026 1368/3540/3028
f 1368/3540/3028 1333/3536/3026 1335/3541/3029
f 1282/3542/3030 1287/3543/3030 1285/3544/3030
f 1337/3545/2003 1287/3546/2006 1339/458/367
f 1338/457/366 1337/3545/2003 1339/458/367
f 1289/3547/3031 1341/3548/3032 1336/3549/3033
f 2024/676/566 74/287/3034 75/286/3034 189/675/565
f 1341/3550/3035 1289/3551/3036 1340/3552/3037
f 1343/3553/3038 1341/3550/3035 1340/3552/3037
f 1348/3554/3039 1372/3555/3040 1343/3556/3041 1340/3557/3041 1290/3558/3042 1297/3559/3043 1349/3560/3041
f 1159/2644/2270 1157/3562/3045 1175/1690/1464 1158/2645/2271
f 1346/3563/3046 1345/3564/3047 1347/3565/3048
f 1438/3566/3049 1346/3125/2692 1347/3567/3050
f 1346/3125/2692 1438/3566/3049 1255/3126/2693
f 259/846/704 261/845/703 263/3568/381 262/3569/705
f 1303/2018/1748 1226/3570/1119 1401/3571/1118
f 1789/3572/3051 1792/3573/3051 1790/3574/3051 1794/3575/3051
f 168/1297/1114 1045/1299/1116 1030/1296/3052 180/1295/3052
f 1311/3576/3053 1307/3481/2981 1306/3483/2983
f 131/3577/3054 124/3578/3054 146/3579/3054 274/3580/3054
f 1790/598/3055 1799/3581/3056 1851/3582/3057 1794/910/3058
f 39/113/88 113/112/3059 1356/114/89
f 1322/3590/3061 1360/3530/3020 1321/3532/3022
f 1360/3530/3020 1361/2957/2540 1326/3531/3021
f 1072/3042/3062 1027/2677/2307 1025/2676/2306 1024/3591/3063
f 113/3592/3059 114/3533/3023 1359/3593/3064
f 1331/3594/3065 1325/3595/3019 1323/3596/3016
f 1325/3595/3019 1331/3594/3065 1364/3597/3066
f 1364/3597/3066 1331/3594/3065 1365/3598/3067
f 557/1834/1582 555/3599/3068 554/3600/3069 586/1835/1583
f 1361/2957/2540 1360/3530/3020 1363/2958/2541
f 1957/3601/3070 1947/3602/3071 1192/3603/3072 1178/3604/3070 1127/3605/3070 1058/626/516 1069/625/515 1185/3606/3070
f 679/1766/1533 648/1765/1532 646/3607/3073 588/3608/3073 589/3609/3074 585/3610/3075 642/3611/3073 641/3612/3073
f 253/788/654 271/2498/3076 206/1926/1673 1974/1925/1672 976/789/655
f 1370/456/365 1342/459/368 1371/3613/3077
f 1372/3614/3078 1336/3615/3079 1341/3550/3035
f 1343/3553/3038 1372/3614/3078 1341/3550/3035
f 2082/3616/3080 2119/3617/3081 2078/3618/3082 2084/2119/3082
f 1939/2604/2228 2419/2603/2227 2398/1993/1725 1/1992/1724 13/128/100 14/127/99 44/129/101 1344/1366/1176
f 1348/3619/3083 1349/1242/1064 1350/1241/1063
f 1348/3619/3083 1350/1241/1063 1399/3620/3084
f 1438/3566/3049 1347/3567/3050 1374/3621/3085
f 1414/3627/3091 1453/3628/3092 1355/3629/3093 1356/114/89
f 1356/114/89 1381/3630/3094 1414/3627/3091
f 1385/3631/3095 1328/2388/2044 1329/2387/2043
f 114/3533/3023 1330/236/3025 1359/3593/3064
f 203/3632/378 88/3633/380 550/3634/3096 555/3635/3096 557/3636/3096 559/1054/894 561/1053/893 45/3637/3096 298/3638/3097 183/3639/3098
f 2386/3640/3099 2394/3641/3100 2402/3642/3100 2391/3643/3101
f 1365/3598/3102 1420/3644/3103 1419/3645/3104
f 1365/3598/3102 1419/3645/3104 1364/3597/3105
f 1367/3646/3106 1388/3647/3107 1389/3648/3108
f 1388/3647/3107 1367/3646/3106 1366/3649/3109
f 1335/3541/3029 1369/168/3110 1368/3540/3028
f 1369/168/3110 1390/167/3111 1368/3540/3028
f 1393/3650/3112 1336/3615/3079 1372/3614/3078
f 1393/3650/3112 1372/3614/3078 1395/3651/3113
f 1908/3652/3114 2009/3653/3115 1384/3654/3116
f 2022/3655/3117 2023/3656/3118 300/3657/3119 562/3658/3120
f 1374/3659/3121 1373/3660/3122 1396/3661/3123
f 1398/3662/3124 1397/3663/3125 1348/3554/3039
f 1399/3620/3084 1398/3664/3126 1348/3619/3083
f 1398/3664/3127 1399/3620/3127 1494/502/3127
f 1494/3665/3128 1399/3666/3129 1439/3667/3130
f 1404/3668/3131 2009/3653/3115 1908/3652/3114
f 2009/3653/3115 1404/3668/3131 1403/3669/3132
f 1767/3670/3133 1768/3671/3134 1763/3672/3135 1751/3673/3136 1743/3674/3137 1757/3675/3135
f 488/1355/1165 432/1354/1164 483/1370/1179 487/1490/1283 506/3676/3138
f 1311/3576/3053 1306/3483/2983 1408/3677/3139
f 1387/3678/3140 1363/3679/3140 1360/3680/3141 1357/3681/3142 1362/3682/3140 1328/3683/3140 1385/3684/3140 1412/3685/3140 1413/3686/3140 1411/3687/3140 1410/3688/3143 1448/3689/3144 1457/3690/3140 1461/3691/3140 1465/3692/3140 1417/3693/3140
f 1311/1791/3145 1408/3694/3145 1410/1792/3145
f 1411/39/24 1380/793/658 1354/40/25
f 2520/1739/3147 2602/3696/3148 2587/716/597 2586/719/600
f 1412/3697/3149 1386/792/657 1413/791/656
f 1417/3698/3150 1415/3699/3151 1416/2956/3152
f 1465/3700/3153 1415/3701/3151 1417/3702/3150
f 1903/3703/3154 1993/3704/3155 1982/3705/3156 1975/3706/3157 1900/3707/3158
f 1211/1388/1194 1214/3295/2840 1251/3365/2903 1250/3364/2902
f 1418/3708/3159 1421/3709/3160 1420/3644/3103
f 1387/2955/3161 1417/3698/3150 1416/2956/3152
f 1422/3710/3162 1472/3711/3163 1423/3712/3164
f 2077/3713/3165 2081/2120/1834 2084/2119/1833 2078/3618/3166
f 1424/169/135 1477/3714/19 1425/166/133
f 1421/3709/3160 1419/3645/3104 1420/3644/3103
f 1388/3647/3107 1422/3710/3162 1389/3648/3108
f 1402/3715/3167 1458/3716/3168 1457/3717/3169 1448/3718/3167
f 1426/3719/3170 1389/3648/3108 1422/3710/3162
f 1423/3712/3164 1426/3719/3170 1422/3710/3162
f 1056/3721/3174 1101/3722/3175 1123/3723/3176 1099/3724/3174 1040/3725/3174 1041/3726/3177 1020/3727/3178
f 1433/3728/3179 1487/3729/3180 1430/3730/3181
f 1391/3731/3182 1431/3732/3183 1432/3733/3184
f 1432/3733/3184 1392/3734/3185 1391/3731/3182
f 1433/3728/3179 1430/3730/3181 1394/3735/3186
f 1393/3650/3112 1433/3728/3179 1394/3735/3186
f 1393/3650/3112 1395/3651/3113 1433/3728/3179
f 1396/3661/3123 1437/3736/3187 1374/3659/3121
f 1435/3737/3188 1437/3736/3187 1396/3661/3123
f 1436/501/404 1397/3738/3189 1494/502/405
f 1398/3664/3190 1494/502/405 1397/3738/3189
f 1438/3566/3049 1374/3621/3085 1437/3739/3191
f 1877/3740/3192 1819/3741/3192 1822/3742/3192 1829/3743/3193 1826/3744/3194
f 2545/3745/3195 2577/3746/3196 2599/3747/3197 2592/3748/3197
f 1884/3749/3198 248/3750/3198 269/3751/3198 301/3752/3198
f 1408/3677/3139 1306/3483/2983 1448/3689/3144
f 1448/3689/3144 1410/3688/3143 1408/3677/3139
f 1445/418/3199 1449/3753/3199 1402/419/3199
f 1452/3754/3200 1451/3755/3201 1405/3756/3202
f 2607/3757/3203 2604/3758/3204 2592/3759/3205 2593/3760/3205
f 2292/3761/3206 2289/3762/3207 2272/3763/3208 2267/3764/3209
f 1395/3765/3210 1372/3555/3040 1348/3554/3039 1397/3663/3125 1436/3469/2972 1433/3468/2971
f 1458/3767/3212 1402/419/3212 1449/3753/3212
f 2329/1545/1336 2331/1548/1339 2335/3769/3214 2339/3770/3215 1162/3203/2766 2336/3771/3214 2332/3772/3214
f 1804/3773/3216 1806/3774/3216 1811/3775/3216 1813/3776/3216
f 1450/3777/3217 1467/3778/3218 1446/3779/3219
f 246/865/721 243/3780/3220 1835/3781/3220 244/866/722
f 1450/3777/3217 1459/3782/3221 1467/3778/3218
f 1457/3717/3169 1458/3716/3168 1461/3783/3223
f 2413/3784/3224 2376/3785/3225 2378/3786/3226 2417/3787/3227
f 1461/3783/3223 1458/3716/3168 1460/3788/3228
f 1460/3788/3228 1465/3700/3153 1461/3783/3223
f 499/3789/3229 498/3333/2881 505/3332/2880 100/3790/3229 84/3791/3229 536/3792/3229 85/1534/1327 496/1329/1142
f 1415/3701/3151 1465/3700/3153 1460/3788/3228
f 2450/3293/2838 1543/21/3232 2466/20/3233 1351/3795/1438 2431/3294/2839
f 1462/3796/3234 1466/3797/3235 1456/3798/3236
f 1564/3799/1708 1565/2940/3237 1542/3800/3238 1552/3801/3239
f 1459/3782/3221 1468/36/21 1467/3778/3218
f 1459/3782/3221 1469/37/22 1468/36/21
f 394/1314/1129 1831/3802/3240 1833/2022/1752 407/1481/1274
f 1464/1634/1415 1470/3803/3241 1463/1635/1416
f 1464/1634/1415 1471/3804/3242 1470/3803/3241
f 1466/3797/3235 1472/3805/3163 1456/3798/3236
f 2401/3806/3243 1809/3807/3243 1812/3808/3243 2390/3809/3243
f 1466/3797/3235 1423/3810/3164 1472/3805/3163
f 2510/3811/3244 2560/1594/3245 2552/1593/3246 2551/3812/3247 2509/3813/3248
f 1424/169/135 1474/3817/20 1477/3714/19
f 1955/3818/2528 1447/1710/1483 1484/3819/3252
f 90/332/3253 83/906/3253 82/305/238 81/306/239 89/333/3253
f 1429/414/3254 1480/3820/3255 1485/3821/3256
f 1942/1732/1503 38/110/85 35/109/84 17/3822/3257 1839/3823/3258 2420/749/619 218/748/618 1937/3824/3259
f 1431/2811/3183 1429/414/3254 1485/3821/3256
f 1432/3733/3184 1431/3732/3183 1485/3825/3256
f 1427/3826/3260 1430/3730/3181 1487/3729/3180
f 1409/3827/3261 17/3822/3261 35/109/3262 1355/3629/3093 1453/3628/3092
f 1308/1654/1431 1353/1657/1433 1257/3828/3263 1309/3829/3263
f 1437/3736/3187 1435/3737/3188 1490/3830/3264
f 1490/3830/3264 1435/3737/3188 1489/3831/3265
f 1955/2942/2528 1484/3832/3252 1495/3833/3266
f 1195/3834/3267 1200/3835/3268 1202/3836/3268 1225/3837/3269
f 794/3838/3270 793/3839/3270 790/3840/3270 746/3841/3270
f 2604/3758/3204 2607/3757/3203 2526/3842/3271 2534/3843/3272
f 1322/3844/3061 1321/1429/3022 1270/1428/3005 1317/3514/3006
f 1943/3845/3273 1501/3846/3274 1502/838/696
f 1502/838/696 1893/3847/3275 1943/3845/3273
f 745/3848/3276 837/3849/3276 833/2396/2051 744/2395/2050 685/1699/1465 711/3850/3277
f 1504/2943/2529 1894/3851/3278 1928/1378/1185
f 1512/1974/1704 1513/1973/1703 1505/3852/3279 1503/3853/3280
f 1541/3854/3281 1983/3855/3282 1442/1124/958 1551/3856/3283
f 1714/3857/3284 1712/3858/3285 1615/3859/3286 1620/3860/3284
f 1511/1128/962 315/1022/867 55/1021/866
f 315/1022/867 1555/3861/3287 54/1023/868
f 585/3862/3288 582/3863/3289 579/3864/3290 637/3865/3291
f 2595/3870/3296 1791/1696/3297 1844/3871/3298 1840/3872/3299
f 2149/3538/3300 2150/3873/3301 2143/3874/3302 2142/2691/3303
f 571/1928/1675 616/1930/1677 572/3875/3304 570/3876/3304
f 1377/3877/3305 2005/3878/3306 1527/3879/197
f 2160/3880/3307 2161/3881/3307 2184/3882/3307 2194/3883/3307
f 2048/3888/3312 2047/3889/3313 2033/3890/3314 2039/3891/3315
f 906/767/2340 927/868/2339 904/867/2141 905/768/2140
f 1354/40/25 13/128/2763 1/1992/3316 1378/41/26
f 1524/3892/3317 1523/724/605 1525/3893/3318
f 2014/3894/3319 1526/1169/998 1527/258/197
f 1524/3892/3317 1531/2188/1897 1533/2187/1896
f 1440/3895/3320 1302/3896/3321 1940/3897/3322 1933/3324/2868
f 1535/3898/3323 1533/2187/1896 1534/2186/1895
f 1526/1169/998 1535/3899/3323 1534/3900/1895
f 342/3904/3326 341/1143/3326 365/1142/3326 371/3905/3326 398/1278/3326 399/1277/3326 379/3906/3326 366/3907/3326 354/3908/3326 493/1270/1087 489/1269/1086
f 1551/3856/3283 1550/3910/3328 1541/3854/3281
f 1351/1664/1438 2466/3913/3233 1497/3914/3329
f 2559/106/82 2546/105/81 2582/3919/3334 2558/3920/3334
f 1101/3925/2609 1103/3926/2610 1126/3927/3338 1124/3928/3339
f 1542/3800/3238 1540/3929/3340 1552/3801/3239
f 1562/3930/3341 1550/3910/3328 1551/3856/3283
f 418/3931/1468 469/1483/1276 391/1306/1121 2037/1305/902
f 759/2321/1998 716/2322/1999 760/2276/1981 756/2303/1980
f 1547/3932/3342 1549/3933/3343 1548/3934/3344
f 1549/3933/3343 1558/3935/3345 1548/3934/3344
f 1322/3844/3346 1317/3514/3346 1314/3511/3346 1260/3385/3346 1306/3483/2983 1305/3482/2982 1313/3936/3346 1318/3937/3346 1319/3938/3346 1357/3681/3142 1360/3680/3141
f 959/3939/3347 960/3940/3348 979/2761/2380 956/2760/2379
f 1561/3941/3349 1558/3935/3345 1549/3933/3343
f 1551/3856/3283 1563/3942/3350 1562/3930/3341
f 2101/3943/3351 2157/3944/3352 2141/3945/3353 2061/3946/3354
f 2086/3947/3355 1818/3948/3355 1827/3949/3355 2074/3950/3355
f 1569/1104/2793 1518/3247/2796 1566/3951/3356 1559/1105/3357
f 1052/3952/3358 1015/3953/3359 1017/3954/3360 1038/3955/3361
f 482/1497/1290 525/3956/3362 523/3957/3363 479/1495/1288
f 1562/3930/3341 1563/3942/3350 1575/3962/3368
f 1076/225/173 1079/3963/3369 1081/376/299 173/375/298 172/226/174
f 1579/1708/1481 1565/3964/3237 1564/1976/1708
f 1564/1976/1708 1735/1979/1711 1579/1708/1481
f 1580/3965/3370 1581/3966/3371 1582/1107/3372
f 1583/663/553 1582/3967/3373 1581/660/550
f 2476/3968/3374 2463/3969/3374 2449/3970/3375 2458/3971/3376
f 1585/3972/3377 1577/3973/3378 1548/3974/3379
f 1577/3973/3378 2488/3975/3380 1576/3084/3381 1548/3974/3379
f 1579/3976/1481 1586/2941/1484 1565/2940/3237
f 5/3977/3382 657/1399/1205 656/1882/1631 603/1881/1630 123/3978/3383
f 1582/1107/944 1556/1106/943 1580/3965/3384
f 2309/3979/3385 2310/3980/3385 2290/3981/3385 2289/3982/3385
f 1585/3972/3388 1548/3974/3388 1558/3985/3388
f 1589/3986/3389 1588/1337/1150 1920/1336/1149
f 2213/3987/3390 2170/2685/3391 2172/1102/940 2231/1101/939
f 1589/3986/3389 1920/1336/1149 1593/3988/2219
f 1592/2945/2531 1593/3988/2219 1920/1336/1149
f 1594/3989/2216 1593/3988/2219 1592/2945/2531
f 1594/3989/2216 1592/2945/2531 1595/2944/2530
f 1595/2944/2530 1596/3990/3392 1594/3989/2216
f 2087/3991/3393 1820/60/3394 1869/3041/3395 1815/3992/3396
f 1027/3993/3397 1072/3994/3398 1073/3995/3398 1044/3996/3399
f 274/3997/3400 146/3998/3400 266/3999/3400 265/4000/3400
f 1572/4001/3401 1703/2143/3401 1573/4002/3401
f 1583/663/553 1705/4003/3402 1614/4004/3403
f 1604/572/470 1602/4005/3404 1614/573/471
f 1605/4006/3405 1603/4007/3406 1708/4008/3407
f 2531/4009/3408 1607/4010/3409 1606/4011/3410
f 380/1236/1058 372/4012/3411 109/1665/1439 108/1667/1443 133/1237/1059
f 1612/4013/3412 1611/4014/3413 1710/1583/1375
f 2451/2609/2233 2461/2608/2232 1851/4015/3415 1853/4016/3416
f 2314/4017/3417 2309/4018/3417 2289/4019/3417 2292/4020/3417
f 880/4021/3418 908/4022/3419 1006/629/519 932/628/518 892/4023/3419 879/4024/3420
f 255/4025/3421 256/4026/798 989/2864/2418 1009/2863/2472
f 1612/4013/3412 1629/4027/3422 1611/4014/3413
f 80/303/1706 82/305/3423 205/714/3424 194/679/1707
f 2374/4028/3425 2353/1186/1013 2340/1185/1012 1862/4029/3426
f 1714/2097/3427 1620/2356/3428 1623/4030/3429
f 1629/4027/3422 1626/4031/3430 1611/4014/3413
f 1616/1402/1208 1639/1401/1207 1630/2191/1900
f 1621/4035/3434 1631/4036/3435 1618/4037/3436
f 1470/4038/3241 1471/4039/3242 1421/3709/3160 1418/3708/3159
f 1611/4014/3413 1626/4031/3430 1637/4040/3437
f 1554/4041/3438 1713/4042/3439 167/4043/3440
f 1602/2193/2145 1640/1403/2144 1616/1402/3441
f 1596/4044/3442 1721/4045/3443 1718/2592/2217 1594/2591/2216
f 120/4046/3444 126/4047/3444 268/4048/3444 177/3579/3444
f 1636/2159/1867 1634/2158/1866 1641/4049/3445
f 1643/4050/3446 1631/4036/3435 1621/4035/3434
f 1642/4051/3447 1641/4049/3445 1634/2158/1866
f 2321/2428/2078 2322/4052/3448 2307/4053/3449 2308/2429/2079
f 1670/2190/2148 1641/4049/2147 1646/4054/3450
f 281/4055/3451 301/4056/3451 269/4057/3451 220/4058/3451 222/4059/3451 282/4060/3451
f 400/741/615 411/740/614 412/4061/3452 401/4062/3453
f 1653/2893/2497 1652/2353/2496 1658/4063/3454
f 1640/1403/2144 1670/2190/2148 1662/1400/3458
f 1670/4067/2148 1646/4068/3450 1654/4069/3459
f 1647/4070/3460 1648/4071/3461 1664/4072/3462
f 1648/4071/3461 1656/4073/3463 1664/4072/3462
f 1648/4076/3466 1644/4077/3467 1650/4078/3468 1733/160/130 1672/159/129 1656/4079/3468
f 1658/4063/3454 1652/2353/2496 1657/2352/3469
f 1701/4080/3470 1685/4081/3471 1667/4082/3472 1660/4083/3472 1617/4084/3472 1609/4085/3472 1611/4086/3472 1637/4087/3473 1661/4088/3474 1678/4089/3472
f 1637/4087/3473 1668/4090/3475 1661/4088/3474
f 2232/1100/452 2248/881/733 2255/901/753 2213/3987/3390 2231/1101/939
f 1881/3456/2969 1879/1905/1653 1878/1904/1652 1828/4091/3476
f 1664/4092/3477 1680/4093/3478 1663/4094/3479 1655/4095/3479 1642/4051/3479 1634/2158/3479 1603/2157/3479 1605/4096/3480 1619/4097/3481 1618/4098/3479 1631/4099/3479 1647/4100/3479
f 1664/4072/3462 1656/4073/3463 1665/4101/3482
f 1657/4102/3469 1674/4103/3483 1666/4104/3484
f 1658/4063/3454 1657/2352/3469 1666/4105/3484
f 1666/4105/3484 1674/2351/3483 1675/4106/3485
f 1709/4107/3486 1608/4108/3487 1607/4010/3409 2531/4009/3408
f 1672/4111/3490 1671/4112/3491 1665/4113/3482
f 1656/4114/3463 1672/4111/3490 1665/4113/3482
f 1671/4112/3491 1672/4111/3490 1673/4115/3492
f 1674/4116/3483 1673/4115/3492 1736/4117/3493
f 1736/4117/3493 1673/4115/3492 1672/4111/3490
f 1736/4117/3493 1675/4118/3485 1674/4116/3483
f 1428/4120/3495 63/4121/3496 55/4122/3497 54/4123/3497 53/4124/3498 1935/4125/3499
f 1698/4126/3500 1694/4127/3500 1670/2190/2148 1654/4128/3459 1682/4129/3500 1683/4130/3501 1747/4131/3502
f 54/1023/868 1555/3861/3287 1554/4041/3438 52/4137/3509 53/4138/3510
f 1724/4139/3511 1729/4140/3512 1775/643/532 1776/642/531 1769/4141/3512 1774/4142/3512 1777/4143/3513
f 2312/1546/1337 2311/4144/3514 2325/4145/3515 2327/1547/1338
f 867/3054/2639 835/4146/3516 829/4147/3516 831/4148/3516 2099/4149/3516 2063/4150/3516 2059/4151/3516 1868/4152/3516 1819/4153/3516 1877/4154/3516 1875/4155/3516 2062/4156/3516 2067/4157/3516 2068/4158/3516 830/4159/3516 834/4160/3516 838/3053/2638
f 1684/4161/3517 1692/4162/3518 1691/4163/3519
f 1376/4164/3520 1912/4165/3521 1915/4166/3522 1525/4167/3523 1523/4168/3524
f 1678/3252/2801 1686/3251/2800 1693/4169/3525
f 2610/4170/3526 2504/4171/3527 1841/28/13 2601/27/12
f 1407/641/530 1973/640/529 1403/3669/3132 1404/3668/3131
f 1691/4163/3519 1700/4172/3528 1690/4173/3529
f 1691/4163/3519 1692/4162/3518 1700/4172/3528
f 1699/4174/3530 1690/4175/3529 1700/4176/3528
f 2344/1172/3531 2347/4177/3532 2321/4178/3533 2316/1173/3533
f 1697/4179/3534 1754/4180/3535 1689/4181/3536
f 2030/173/2119 2027/2480/2118 2032/4182/3537 2041/4183/3538
f 347/4184/3539 329/4185/892 325/1030/875 338/4186/3540
f 873/4187/3541 874/4188/3542 852/4189/3543 853/4190/3544 848/4191/3545
f 1708/4192/3546 1604/2156/3546 2505/4193/3546
f 1604/2156/1864 1708/4192/3547 1603/2157/1865
f 1622/1273/3548 1619/4194/3548 1711/1274/3548
f 1711/4195/3549 1619/4196/3550 1712/3858/3285
f 1615/3859/3286 1712/3858/3285 1619/4196/3550
f 1625/2095/1812 1713/4042/3551 1712/2096/1813
f 837/1668/1444 839/4197/3552 840/2504/3553 836/1669/1445
f 2145/4198/3554 2159/3012/3554 2128/972/817 2135/971/816
f 1623/4030/3429 1632/4199/3555 1714/2097/3427
f 1532/4200/3556 1778/4201/3557 1534/3900/3558
f 1580/3965/3569 1556/1106/3570 1553/4212/3571 1546/4213/3569
f 2238/1875/3572 2257/556/456 2253/559/458 2241/4214/3573
f 1632/4199/3555 1638/2098/3574 1714/2097/3427
f 1722/4215/3575 1627/1272/1089 1719/1271/1088
f 2550/815/674 2537/4216/3576 2538/4217/3576 2549/816/675
f 453/1405/1211 447/239/178 286/242/181 287/4218/3577 288/4219/3578
f 1722/4215/3575 1644/4220/3579 1627/1272/1089
f 1601/4221/2685 2533/4222/3580 2527/4223/3581 2486/4224/3582
f 1638/2098/3574 1632/4199/3555 1723/1353/3583
f 1917/135/106 1720/134/105 1717/4225/3584
f 1724/4226/3585 1917/4227/3586 1725/4228/3587
f 1724/4226/3585 1725/4228/3587 1729/4229/3588
f 1718/4230/3589 1725/4231/3590 1917/135/106
f 1717/4225/3584 1718/4230/3589 1917/135/106
f 1649/1129/963 315/1022/867 1511/1128/962
f 1650/1383/1190 1644/4220/3579 1726/1384/1191
f 1726/1384/1191 1644/4220/3579 1722/4215/3575
f 1632/4199/3555 1651/4232/3591 1723/1353/3583
f 1651/4232/3591 1728/1349/3592 1723/1353/3583
f 1645/1352/1162 164/2099/1814 1723/1353/1163
f 386/495/401 385/494/400 292/4233/3593 161/4234/3593 175/4235/3593
f 1729/4229/3588 1725/4228/3587 1919/4236/3594
f 688/2013/1743 714/4237/3595 655/1861/1607
f 2464/4238/3596 2465/4239/2812 2482/4240/2811 2481/4241/3597
f 2272/4242/3598 2264/4243/3598 2250/3488/2987 2245/3487/2986
f 2545/4244/3599 2592/4245/3599 2564/4246/3599 2591/4247/3600 2574/4248/3601
f 1732/4249/3602 1731/4250/3603 1734/4251/3604
f 1731/4252/3603 1732/1350/3602 1728/1349/3592
f 1731/4252/3603 1728/1349/3592 1651/4232/3591
f 1538/4253/3605 1572/4254/3606 1573/4255/3607 1558/3985/3608 1568/4256/3606 1570/4257/3606 1522/4258/3606 1536/4259/3609
f 1730/4260/3610 1734/4251/3611 1733/4261/3612
f 1734/4251/3611 1730/4260/3610 1732/4249/3613
f 235/4262/3614 290/4263/3614 289/4264/3614 288/4265/3614 287/930/779 224/929/778 226/4266/3614
f 1299/3473/2975 1350/4267/3615 1298/4268/3616 1296/3471/2973
f 1384/4269/3116 1911/4270/3617 1909/4271/3618 1908/4272/3114
f 832/1153/985 858/1156/987 2100/4273/272 2070/4274/3619
f 1738/4275/3620 1575/4276/3621 1578/4277/3622
f 2144/484/392 2114/4278/3623 2102/4279/3624 2104/4280/3625 2071/4281/3626 2048/3888/3627 2039/3891/3625 2034/4282/3625 2025/268/3625 67/262/201 66/261/200 130/4283/3625 129/465/374 91/464/373 89/4284/3625 81/301/234 78/300/233 76/215/165 61/214/164 60/172/3625 2026/171/3625 2035/4285/3628 2052/4286/3629 2126/2248/3630 2117/4287/3631 2186/4288/3625 2189/4289/3625 2214/4290/3625 2225/4291/3625 2236/4292/3625 2252/4293/3632 2304/4294/3633 2282/4295/3634 2281/4296/3635 2259/4297/3625 242/4298/3625 2234/4299/3625 2223/4300/3625 2212/4301/3625 2185/4302/3625 336/4303/3625 2134/4304/3625 2116/4305/3625 2079/4306/3625 2107/4307/3625 2058/4308/3625 2057/4309/3625 2051/4310/3625 2044/4311/3625 2046/4312/3625 2050/4313/3625 2049/4314/3625 2056/4315/3625 2073/4316/3625 2106/4317/3625 2105/4318/3625 2125/4319/3625 2133/4320/3625 2136/4321/3625 2183/4322/3625 2209/4323/3625 2220/4324/3625 2222/4325/3625 2239/4326/3625 2258/4327/3625 2263/4328/3625 2270/4329/3635 2362/4330/3636 2361/4331/3637 2360/4332/3625 2342/4333/3638 2279/4334/3639 2265/4335/3640 2249/4336/3641 2219/4337/3642 2215/480/389
f 1751/4338/3643 1575/4276/3621 1738/4275/3620
f 641/4339/3644 675/4340/3645 677/4341/3646 679/4342/3647
f 1069/4344/3651 1745/4345/3652 1743/4346/3653
f 1743/3674/3137 1751/3673/3136 1967/369/292
f 1967/369/292 1751/3673/3136 1738/370/293
f 1744/4347/3654 1750/4348/3655 1966/4349/3656
f 841/3289/2834 845/2505/2833 840/2504/3553 839/4197/3552
f 1776/4350/3657 1597/1109/946 1583/1108/945 1614/4351/3658 1630/4352/3658 1639/4353/3658 1679/4354/3658 1740/4355/3659
f 774/4356/2098 818/4357/2097 778/4358/3660 781/4359/3660 702/2089/1808 697/4360/3661 730/4361/3660
f 142/2389/2045 1328/2388/2044 1362/4362/3662 138/4363/3662
f 1696/514/415 1689/4181/3536 1749/4364/3663
f 1696/514/415 1749/4364/3663 1748/515/416
f 1754/4180/3535 1749/4364/3663 1689/4181/3536
f 1697/4179/3534 1699/4174/3530 1754/4180/3535
f 1690/4175/3529 1699/4174/3530 1697/4179/3534
f 2203/467/3664 2169/3330/3665 2201/4365/3666 2200/468/3667
f 1696/4366/3668 1688/1177/3668 1681/1180/3668 1680/4093/3478 1664/4092/3477 1665/4367/3668 1671/4368/3669 1689/4369/3670
f 2550/815/3671 2569/667/3671 2568/4370/3671 2553/4371/3671
f 1751/4338/3643 1562/4372/3672 1575/4276/3621
f 1747/4131/3673 1753/4373/3674 1698/4126/3675
f 2501/4374/3676 2496/4375/3676 2502/4376/3676 2500/4377/3676
f 1760/4378/3677 1765/1994/1726 1699/1997/1729 1700/4379/3678 1692/4380/3678 1685/4081/3471 1701/4080/3470 1702/4381/3679
f 1702/4382/3680 1701/4383/3681 1755/4384/3682
f 1742/2461/2105 1756/2460/2104 1762/4385/3683 1755/4386/3684
f 854/4387/3685 823/4388/3686 821/4389/3687 853/4190/3544
f 744/2395/2050 2069/2397/1047 2028/4390/1051 685/1699/1465
f 1294/3452/2965 1252/4391/3688 1253/4392/3689 1291/3453/2966
f 502/1715/1488 421/1714/1487 1837/4393/3690 1835/4394/3690
f 1745/4345/3652 1757/4395/3691 1743/4346/3653
f 1758/4396/3692 1750/4348/3655 1744/4347/3654
f 1752/4397/3693 1764/4398/3694 1758/4399/3695 1744/4400/3696 1739/4401/3697
f 2337/4402/3698 1166/4403/3699 1167/4404/3699 2341/4405/3699 2338/4406/3700
f 1770/4407/3701 1747/4131/3673 1759/4408/3702
f 1747/4131/3673 1770/4407/3701 1753/4373/3674
f 1761/4409/3703 1760/4378/3677 1702/4381/3679
f 2342/4333/3638 2316/4414/3707 2302/4415/3708 2279/4334/3639
f 1757/4395/3691 1745/4345/3652 1006/546/446
f 1750/4348/3655 1758/4396/3692 1004/4419/3712
f 707/4420/3713 303/427/335 2000/426/334
f 1759/4421/3702 1741/4422/3714 1770/4423/3701
f 640/2087/1806 680/1985/1717 698/1984/1716 699/4424/3715 633/2061/3716 638/4425/3717
f 1766/4426/3718 1761/4427/3719 1762/4428/3720
f 1760/4429/3721 1761/4427/3719 1766/4426/3718
f 1489/3831/3265 1488/4430/154 1491/4431/153 1490/3830/3264
f 474/3036/2617 530/4432/3722 219/4433/3723 527/3035/2616
f 1770/4423/3701 1741/4422/3714 1771/4434/3724
f 1771/4434/3724 1741/4422/3714 1772/4435/3725
f 1773/4436/3726 1771/4434/3724 1772/4435/3725
f 1765/4437/3727 1773/4436/3726 1772/4435/3725
f 2409/4438/3728 2375/4439/3729 2377/4440/3729 2379/4441/3729 1194/4442/3730 2381/4443/3731 2359/4444/3729 2374/4445/3729 1862/4446/3732
f 1758/4399/3695 1764/4398/3694 1900/3707/3158
f 2071/4281/3733 2104/4280/3733 2072/4447/3734 2047/3889/3313
f 2496/2258/3735 2501/64/3735 2512/63/3735 2494/4448/3735 2495/2259/3735
f 1778/4201/3557 1532/4200/3556 1715/4449/3736
f 1526/1169/998 1780/4454/3739 1916/1168/997
f 2548/4455/3740 2566/4456/3740 2542/1521/1316 2536/1520/1315
f 1781/4457/3741 1782/4458/3742 2012/4459/3743
f 1893/4460/3744 1890/3516/3008 1932/3515/3007 1940/4461/3744 1950/366/291 1946/365/290
f 535/4462/3745 1782/4458/3742 1781/4457/3741
f 1667/4463/3746 1676/4464/3747 1659/4465/3748 1660/4466/3749
f 521/4471/3753 150/493/399 386/495/401 511/4472/3753
f 47/648/536 48/4473/3754 46/4474/3754 167/649/537
f 26/980/824 10/4475/3755 2363/4476/3756 2343/4477/3757 2317/981/825
f 1851/4478/3758 1799/4479/3759 1853/4480/3760
f 1799/4479/3759 2444/4481/3761 1853/4480/3760
f 1853/4480/3760 2444/4481/3761 1800/4482/3762
f 1797/2887/2491 1798/1616/1405 2430/4483/3763
f 2082/4484/3764 2084/4485/3764 2083/4486/3764 2089/4487/3764
f 1800/4482/3762 2444/4481/3761 1802/4488/3765
f 1798/1616/1405 1803/1615/1404 2430/4483/3763
f 518/4494/3769 441/4495/3769 497/4496/3769 455/4497/3769 290/4498/801 457/4499/948 456/4500/3769 519/4501/3769 516/4502/3769 406/4503/3769 376/1190/1017 375/1189/1016 413/4504/3769 414/4505/3769
f 556/4506/3770 558/4507/3771 587/4508/3772 553/4509/3773
f 334/732/612 335/729/610 310/728/609 308/733/613
f 154/4513/2002 152/2031/1759 691/2136/1847 22/2135/1846
f 1824/2012/1742 1876/1906/3776 1821/657/547
f 1876/4514/3777 1824/4515/3778 1825/2374/2032
f 1876/4514/3777 1825/2374/2032 1878/4516/3779
f 1878/4516/3779 1825/2374/2032 1828/2373/2031
f 1829/3743/3193 1830/4517/3780 1826/3744/3194
f 1310/1781/1545 1308/1783/1547 1309/4518/3781 1312/3509/3000
f 2304/4294/3633 2284/4519/3782 2305/4520/3783 2320/4521/3784 2367/4522/3785
f 148/4523/3786 1625/4524/3786 1509/1003/848 56/1002/847
f 141/4525/3787 1357/4526/3788 1319/3517/3009 103/1559/1350
f 413/4527/3789 375/4528/3789 369/4529/3789 358/4530/3789 337/4531/3789 323/4532/3789 322/726/607 343/725/606 356/4533/3789 368/4534/3789 395/4535/3789 401/4062/3453 412/4061/3452
f 1834/4536/3790 1883/4537/3791 1835/4538/3792
f 1837/4539/3793 244/4540/3794 1835/4541/3795
f 1837/4539/3793 264/4542/3796 244/4540/3794
f 2058/421/329 303/427/335 2057/4543/3797
f 1997/4548/3802 2006/4549/3803 709/4550/3804 2003/1897/1645
f 1844/3871/3805 1789/909/1471 2480/908/3806
f 1789/909/1471 1844/3871/3805 1791/1696/1472
f 1340/3552/3037 1289/3551/3036 1284/4553/1155 1288/4554/1154 1290/4555/3807
f 1536/1017/862 1530/1020/865 1486/4561/3811 1537/4562/3812
f 2307/99/3813 2287/102/3813 2288/3094/3813 2308/3093/3813
f 1852/4563/3814 1854/3292/2837 1798/4564/3815
f 1222/4565/3816 1194/4566/3817 2379/3493/2992 2380/3492/2991
f 1804/4567/3818 1859/4568/3819 1858/4569/3820
f 1863/3448/2961 1862/4446/3732 1810/3445/2958
f 140/539/439 154/538/438 22/4570/3821 21/4571/3821 5/4572/3821 123/90/69 2105/94/73 2106/4573/3822
f 1160/4576/3825 1141/4577/3826 1124/3928/3339 1126/3927/3338
f 1870/279/3831 1871/4581/3832 1815/3992/3396
f 1869/3041/3395 1870/279/3831 1815/3992/3396
f 820/1058/3833 851/118/1852 849/2138/1851 855/2501/3834
f 1867/4582/3835 1875/4583/3836 1877/4584/3837
f 480/4585/3838 502/4586/3839 1835/4538/3792 1883/4537/3791 403/4587/3840
f 861/4588/3841 834/4589/3841 830/4590/3842 857/4591/3843 860/4592/3841
f 166/4593/3844 1836/4594/3845 420/1524/1318
f 2073/2496/2131 157/2495/2130 140/539/439 2106/4573/3822
f 1838/4595/3846 421/3432/2950 510/3431/2949
f 1837/4596/3847 421/3432/2950 1838/4595/3846
f 1884/3749/3848 301/3752/3849 503/4597/3850
f 888/2197/2252 890/2196/3851 897/875/3852 894/874/2253
f 241/143/113 336/4598/3853 2185/144/114
f 2583/4599/3854 2596/4600/3855 2584/1940/3856 2585/2102/3854
f 1027/3993/3397 1044/3996/3399 955/4601/3857 953/4602/3857
f 1157/4603/3858 1159/4604/3859 1140/4605/3859 1142/4606/3859 1100/3276/2822
f 1890/837/695 1893/3847/3275 1502/838/696
f 1928/4610/3861 1894/4611/3862 1891/4612/3863
f 406/4613/3864 516/4614/3865 533/4615/3866 415/4616/3864
f 1894/4611/3862 1892/4617/3867 1891/4612/3863
f 1366/4618/3868 1332/4619/3868 1280/1430/1233 1321/1429/1232 1326/4620/3868 1361/4621/3868 1416/4622/3869 1388/4623/3870
f 1943/3845/3273 1893/3847/3275 1946/2983/2568
f 2531/4624/3408 2524/1737/1507 2525/3130/2700 1709/4625/3486
f 1483/2982/2567 1943/3845/3273 1946/2983/2568
f 1187/4626/3871 1189/1390/1196 1190/3288/2831 1200/4627/3872
f 1496/1111/947 1438/3566/3049 1437/3739/3191 1490/4628/3873 1491/191/3873 1529/190/3873 1571/1103/941
f 2577/4629/3874 2578/4630/3874 2580/4631/3874 2579/4632/3874
f 596/4637/3879 566/4638/3880 573/4639/3880 578/4640/3880 581/4641/3880 636/4642/3880 638/4425/3717 633/2061/3716 627/33/3880 617/32/3880 569/1856/3880 598/1858/3881
f 874/4188/3542 873/4187/3541 870/4643/3882
f 1979/4644/3883 1980/4645/528 1443/3338/527
f 784/4648/3886 783/4649/3887 741/2434/2084 786/2435/2085
f 1906/4650/3888 1904/3336/2884 1908/4651/3114
f 1740/4652/3889 1679/2189/1898 1670/2190/1899 1694/4127/3890 1746/4653/3891
f 1906/4654/3888 1908/4272/3114 1909/4271/3618
f 857/4591/3843 830/4590/3842 2068/4655/3892 2097/4656/3893
f 216/692/3894 196/691/1441 367/1666/1440 101/4657/3895
f 857/4658/3896 2120/4659/3897 876/2582/3898 860/814/3898
f 228/779/3899 210/348/3899 212/3329/3899 229/3328/3899
f 2243/278/215 2266/4660/3900 2268/4661/3901 2247/275/212
f 1596/3990/3392 1595/2944/2530 1590/4662/3902
f 1917/4227/3586 1918/4663/3903 1921/4664/3904
f 1917/4227/3586 1724/4226/3585 1918/4663/3903
f 1729/4229/3588 1919/4236/3594 1775/4665/3905
f 1704/4666/3906 1919/4667/3594 1922/4668/3907
f 1775/4669/3905 1919/4667/3594 1704/4666/3906
f 346/1206/1031 347/4184/3539 338/4186/3540 359/1207/1032
f 2288/4670/3908 2271/4671/3909 2269/4672/3910 2280/4673/3911
f 1926/4678/3915 1921/4664/3904 1927/4679/3916
f 1927/4679/3916 1921/4664/3904 1918/4663/3903
f 1704/4666/3906 1922/4668/3907 1923/4680/3917
f 2139/4681/3918 2091/4682/3919 2061/4683/3354 2141/4684/3353
f 1166/4685/3920 1169/4686/3920 1172/4687/3920 1174/3192/2754 1183/2796/2415 1182/4688/3921
f 2373/1115/951 1865/4693/3926 2352/4694/3927 1842/1116/952
f 777/4695/2028 778/4358/2027 818/4357/3928 817/4696/3929
f 2483/4697/3930 2504/4698/3527 2611/4699/3931 1707/4700/3932 1600/662/552 2484/661/551
f 1924/1335/1148 1502/4701/696 1501/4702/3274
f 1925/1381/1188 1504/2943/2529 1928/1378/1185
f 1933/3324/2868 1940/3897/3322 1932/3325/2869
f 1539/2773/2391 1931/2772/2390 1400/4703/3933
f 1400/4703/3933 1931/2772/2390 1936/4704/3934
f 1936/2565/2192 1931/2736/2364 1891/2566/2193
f 1434/4705/3935 1428/4706/3935 1934/4707/3935
f 263/472/381 1085/2993/2581 1083/473/382
f 1941/4708/3936 1501/4702/3274 1943/4709/3273
f 2206/436/3937 2211/3034/3938 2226/4710/3939 2193/437/3937
f 1495/3833/3266 1894/3851/3278 1504/2943/2529
f 1374/3659/3121 1347/3565/3048 1345/3564/3047 1373/3660/3122
f 1894/4611/3862 1495/4711/3940 1892/4617/3867
f 46/899/751 147/898/750 2435/897/749 2434/4712/3941 2425/2602/2226 1938/2605/2229 1935/4125/3499 53/4124/3498 52/4713/3941
f 1950/4714/3942 1940/3897/3322 1302/3896/3321
f 1936/4704/3934 1300/4715/3943 1400/4703/3933
f 1924/1335/1148 1501/4702/3274 1941/4708/3936 1953/4716/3944 1563/3942/3350 1551/3856/3283 1986/1127/961 1999/2487/2123 1382/721/3945 2019/720/601 1524/3892/3317 1533/2187/1896 1535/3898/3323 2005/3878/3306 2009/3653/3945 1403/3669/3945 1973/640/2526 976/2939/2525 1974/4717/3945 1978/4718/3945 1984/4719/3945 1988/4720/3945 1989/4721/3945 1995/4722/3945 2002/4723/3945 2001/4724/3945 2004/4725/3945 2008/4726/3945 2007/4727/3945 707/4728/3945 2000/4729/3945 1998/4730/3945 1992/4731/3945 1987/4732/3945 875/4733/3945 1977/4734/3945 926/4735/3945 1972/4736/3945 1970/4737/3945 1125/4738/3945 1964/4739/3945 1961/4740/3945 1954/4741/3945 1215/4742/3945 1949/2946/2532
f 2506/4743/3946 2499/4744/3946 2498/4745/3946 2489/4746/3946
f 1955/2942/2528 1495/3833/3266 1504/2943/2529
f 1943/3845/3273 1483/2982/2567 1941/4747/3947
f 1948/4748/3948 1300/4715/3943 1936/4704/3934
f 2201/4365/3949 2169/3330/2877 2151/352/2876 2166/351/3949
f 1947/4749/3950 1950/4714/3942 1302/3896/3321
f 1300/4715/3943 1948/4748/3948 1217/4750/3951
f 388/1308/1123 409/1307/1122 361/1134/968 351/1133/967
f 34/613/505 1825/4751/3952 2031/4752/3953 33/614/506
f 1947/4749/3950 1951/4753/3954 1950/4714/3942
f 1948/4748/3948 1952/4754/3955 1217/4750/3951
f 511/1606/1395 384/1565/1356 507/1564/1355 390/4755/3956 512/4756/3956 520/1604/1393
f 604/2015/1745 689/2014/1744 602/1868/3957 607/1883/3957 621/1888/3958 613/4757/3959
f 1957/4758/3960 1951/4753/3954 1947/4749/3950
f 1515/2984/2570 1480/3820/3255 1429/414/3254 1479/413/3961 1475/412/2569
f 1229/2747/3962 1233/3404/3962 1238/3406/3962 1272/3410/3962 1279/4759/3963 1282/3542/3964 1241/4760/3962 1235/4761/3962 1201/4762/3962 1227/4763/3962 1228/2445/2096 1258/2748/2912
f 1953/4716/3944 1960/4764/3965 1563/3942/3350
f 2121/4765/3966 2112/2632/2258 2086/2631/2257 2109/4766/3967
f 1955/2942/2528 1586/2941/1484 1447/4767/1483
f 1957/4758/3960 1963/4768/3968 1951/4753/3954
f 1959/4769/3969 1179/4770/3970 1217/4750/3951 1952/4754/3955
f 1823/4771/3971 1821/4772/3971 1869/4773/3971 1820/4774/3971
f 1957/4758/3960 1185/4775/3972 1963/4768/3968
f 1185/4775/3972 1967/4776/3973 1963/4768/3968
f 1959/4769/3969 1968/4777/3974 1179/4770/3970
f 1755/4384/3682 1701/4383/3681 1742/4778/3975
f 1968/4777/3974 1966/4349/3656 1179/4770/3970
f 1069/4344/3651 1967/4776/3973 1185/4775/3972
f 1069/4344/3651 1743/4346/3653 1967/4776/3973
f 1968/4777/3974 1744/4347/3654 1966/4349/3656
f 255/3342/3976 1035/858/3976 1970/857/3976
f 1970/857/3977 1972/3343/2888 255/3342/2887
f 1757/4395/3691 1006/546/446 1767/545/445
f 1004/4419/3712 1975/4779/3978 1976/4780/3979
f 1004/4419/3712 1758/4396/3692 1975/4779/3978
f 1758/4399/3695 1900/3707/3158 1975/3706/3157
f 1565/2940/2527 1980/639/3980 1542/3800/3981
f 1565/2940/2527 1973/640/2526 1980/639/3980
f 1542/3800/3238 1980/639/528 1540/3929/3340
f 1540/3436/3340 1980/4645/528 1979/4644/3883
f 1264/1433/2929 1233/3404/2928 1229/2747/3982 1231/1434/3982
f 1976/4780/3979 1975/4779/3978 1982/4781/3983
f 2156/4782/448 886/4783/3984 2179/4784/3985 2178/4785/449
f 1981/544/444 908/547/447 880/4786/3986
f 877/4787/3987 1976/4780/3979 1982/4781/3983
f 577/4788/3988 580/4789/3989 575/4790/3990 574/4791/3991
f 1981/4792/444 880/4793/3986 1985/4794/3992
f 1184/3216/2775 1181/3215/2774 1196/4795/3993 1203/4796/3993 1191/3119/2690 1193/3118/2689
f 877/4787/3987 1982/4781/3983 1993/1896/1644
f 1442/1124/3994 1986/1127/961 1551/3856/3283
f 859/4797/3995 863/4798/3996 881/2627/2250 2132/2626/2249
f 1018/4799/3997 972/4800/3998 999/4801/3999 1039/4802/3997 1064/3278/2824 1055/3277/2823
f 1990/4803/4000 1985/4794/3992 880/4793/3986
f 877/4787/3987 1993/1896/1644 878/1899/1647
f 459/2647/2274 510/4804/4001 491/1506/1299 445/1505/1298
f 2194/894/4002 2195/1090/4002 2146/210/4002 2160/209/4002
f 1082/2763/2573 1081/2988/2575 1079/4805/4003 1076/4806/4004
f 2115/4807/4005 2109/4808/4005 2075/4809/4005 2103/4810/4005
f 1987/2597/2222 1992/398/314 824/397/313
f 1991/4811/4006 1985/4794/3992 1990/4803/4000
f 497/1543/1334 441/1591/1383 424/822/681 436/1406/1212
f 856/2535/2166 1995/4812/4007 1989/4813/4008
f 1996/4814/4009 1990/4803/4000 828/4815/4010
f 1990/4803/4000 1996/4814/4009 1991/4811/4006
f 1997/4548/3802 2003/1897/1645 1993/1896/1644
f 1404/4816/4011 1904/3336/2884 1407/3335/2883
f 1986/1127/961 1994/1126/960 1999/2487/2123
f 1456/4817/4012 1472/4818/4012 1422/4819/4012 1388/4623/3870 1416/4622/3869 1415/4820/4012 1460/4821/4012 1458/3767/4012 1449/3753/4012
f 1904/3336/2884 1404/4816/4011 1908/4651/3114
f 2478/2257/4013 2475/1890/4013 2457/1889/4014 2460/4822/4015
f 1996/4814/4009 828/4815/4010 710/4823/4016
f 260/841/699 1046/844/702 259/846/704 257/842/700
f 1765/4437/3727 1760/4429/3721 1766/4426/3718 1773/4436/3726
f 1274/4827/2558 110/4828/2557 20/4829/4019 1269/4830/4020
f 1996/4814/4009 710/4823/4016 2010/4831/4021
f 2010/4831/4021 710/4823/4016 2018/4832/4022
f 1382/721/602 1907/2486/2122 1383/722/603
f 764/1751/1519 720/4833/1917 770/4834/1916 765/1752/1520
f 1535/3899/3323 1526/1169/998 2014/3894/3319
f 1049/1235/4023 1047/1234/4023 1012/2869/4023 1032/2871/4023
f 1780/4454/3739 1526/1169/998 1534/3900/3558 1778/4201/3557
f 1781/4457/3741 2012/4459/3743 2011/4835/4024
f 535/4462/3745 2013/4836/4025 1782/4458/3742
f 431/4837/4026 2013/4836/4025 535/4462/3745
f 2013/4836/4025 431/4837/4026 2016/4838/4027
f 1523/724/605 1524/3892/3317 2019/720/601
f 2014/4839/3319 1527/3879/197 2005/3878/3306
f 351/1133/967 350/1132/966 330/1086/924 331/1088/926
f 299/4841/4030 2016/4838/4027 431/4837/4026
f 2017/4842/4031 2016/4838/4027 299/4841/4030
f 1106/4843/4032 1108/4844/4032 1105/2765/4032 1072/3042/4032
f 2022/3655/3117 562/3658/3120 2006/4845/3803
f 2006/4845/3803 562/3658/3120 709/4846/3804
f 506/3676/3138 301/4847/4033 281/4848/4034 488/1355/1165
f 1384/3654/3116 2009/3653/3115 2005/3878/3306
f 2005/3878/3306 1535/3898/3323 2014/4839/3319
f 1384/3654/3116 2005/3878/3306 1377/3877/3305
f 563/1360/1170 2010/4831/4021 2018/4832/4022
f 2010/4831/4021 563/1360/1170 2020/1359/1169
f 1854/3292/2837 1856/2234/1935 1801/2237/1938 1798/4564/3815
f 2222/3296/2841 206/1926/1673 271/2498/3076 181/2606/2230 182/2581/2206 2239/2580/2205
f 633/2061/1781 634/404/1783 628/30/15 627/33/18
f 300/3657/3119 2017/4842/4031 299/4841/4030
f 300/3657/3119 2023/3656/3118 2017/4842/4031
f 1985/44/29 1901/43/28 1899/4849/4035 1768/3671/3134 1767/3670/3133 1981/4850/4035
f 485/1504/1297 528/4851/1413 416/1580/1372 425/319/1371 444/318/2275 445/1505/1298
f 16/3269/2816 2038/3268/2815 2042/4852/4036
f 2027/4853/4037 33/4854/4038 2031/4855/4039
f 125/216/4040 126/4856/4040 120/4857/4040 61/214/4040
f 595/1695/1469 418/1694/1468 2037/1777/902
f 2034/4282/4041 2029/263/203 2025/268/208
f 16/2615/2239 2042/4858/4042 1830/2616/2240
f 1462/3796/3234 1456/3798/3236 1449/4861/4046 1445/4862/4046
f 2037/1777/902 788/1776/1542 595/1695/1469
f 2042/4858/4042 1826/4864/4049 1830/2616/2240
f 2031/4752/4039 2032/4182/4050 2027/2480/4037
f 2380/4865/4051 2414/4866/4051 2410/4867/4051 1860/4868/4051 1861/4869/4052 1805/4870/4053 2411/4871/4051 2415/4872/4051 1218/4873/4054 1221/4874/4055 1222/4875/4051
f 2574/4248/3601 2591/4247/3600 2598/4883/4059 2573/4884/4060
f 2046/1410/1216 161/1409/1215 292/1041/886 2050/1040/885
f 2042/4852/4036 2038/3268/2815 2043/4885/4061
f 1825/4751/3952 2080/2011/4062 2031/4752/3953
f 2052/4286/3629 2035/4285/3628 2040/4886/4063
f 2040/4887/4063 2030/4888/139 2052/4889/4064
f 139/341/4065 95/1576/1367 215/1579/1369 151/4890/4065
f 2042/4852/4036 2043/4885/4061 2076/4891/4066
f 2098/4892/4067 2097/4893/4068 2095/4894/4069 2093/4895/4069 1866/4896/4070 2092/4897/4071 2094/4898/4069
f 2080/4899/4072 2032/4900/4050 2031/4901/4039
f 2047/3889/3313 2072/4447/3734 2033/3890/3314
f 2403/4902/4073 2422/4903/4074 1803/4904/4075 1808/4905/4073
f 2603/2655/2283 2609/1210/1035 2589/1209/1034 2590/2656/2284
f 1873/658/548 1821/657/547 1876/1906/3776
f 1891/4612/3863 1888/4909/4079 1506/4910/4080 1928/4610/3861
f 2071/4281/3626 2047/3889/4081 2048/3888/3627
f 1601/4221/2685 2486/4224/3582 2488/3975/4082 1577/3973/2686
f 2126/2248/3630 2052/4286/3629 2053/2245/4083
f 2042/4913/4042 2076/4914/4086 1826/4915/4049
f 2032/4900/4050 2080/4899/4072 2081/4916/4087
f 1825/4751/3952 1824/2012/4088 2080/2011/4062
f 965/2769/2387 964/2771/2389 996/4917/4089 1014/4918/4090
f 2273/4923/4093 2267/4924/4093 2244/4925/4094 2246/2489/2125 2254/4926/4093
f 2059/2783/2401 2063/4927/4095 2045/1063/901
f 1176/3366/2904 1138/4928/4096 1177/4929/4097 1174/3367/2905
f 1366/3649/3109 1367/3646/3106 1334/4930/4098 1332/4931/4099
f 474/4932/4100 480/4585/3838 403/4587/3840 469/4933/4100 418/4934/4100 538/4935/4100 565/1772/1538 540/1773/1539 530/4936/4100
f 2099/4937/1543 2045/1063/901 2063/4927/4095
f 1881/3456/2969 1828/4091/3476 1831/3802/3240 394/1314/1129
f 249/2915/2516 231/2914/2515 269/3751/4101 248/3750/4101
f 982/356/282 985/2797/2416 990/2800/2419 62/954/799 51/357/283
f 2043/4938/4102 2075/4939/4103 2074/4940/4104
f 1845/4941/4105 1849/10/4106 1796/9/4107 1847/3405/4107
f 2079/1263/1080 122/423/331 2107/422/330
f 1503/4942/4108 1499/4943/4108 1375/1849/1596 1353/1848/1595 1405/4944/4108 1446/4945/4108 1467/4946/4108 1468/4947/4108 1474/4948/4108 1424/4949/4108 1369/4950/4109 1393/4951/4110 1394/4952/4108 1430/4953/4108 1427/4954/4108 1481/4955/4108 1476/4956/4108 1512/4957/4108
f 2043/4938/4102 2074/4940/4104 1827/4958/4111
f 2076/4959/4112 1867/4960/3835 1877/4961/3837
f 1877/4962/4113 1826/4915/4049 2076/4914/4086
f 1824/2012/1742 1821/657/547 1823/59/1739
f 775/1988/4114 776/2366/2637 780/4963/2636 819/2467/2110 816/2464/2109
f 2111/4964/4115 2090/4965/4116 2087/3991/4117
f 2087/3991/3393 2089/61/4118 1820/60/3394
f 2090/4965/4119 2089/61/4118 2087/3991/3393
f 223/3110/2682 191/1740/1510 193/1743/1513 232/3111/2683
f 2061/4683/3354 2091/4682/3919 1871/4581/4120
f 2130/2309/1988 2098/2311/1990 2094/4966/4121
f 1701/4383/3681 1678/3252/2801 1693/4169/3525 1742/4778/3975
f 2067/4967/4122 2097/4656/3893 2068/4655/3892
f 2097/4968/3893 2067/4969/4122 2095/4970/4123
f 1587/4971/4124 1588/1756/1524 1886/1755/1523 1889/840/698 1510/839/697
f 2070/4274/3619 2100/4273/272 2066/4972/271
f 748/2399/4125 754/2275/1968 713/2274/1967 714/4973/3595 688/4974/1743
f 41/4975/2751 804/2313/1991 42/2423/2073 758/2308/1987 800/2413/2064 43/4976/4126
f 2102/4279/3624 2115/4977/4127 2103/4978/4128
f 2104/4979/4129 2102/4980/4130 2072/4981/4131
f 2102/4980/4130 2103/4982/4132 2072/4981/4131
f 2075/4983/4133 2109/4984/4133 2086/4985/4133 2074/4986/4133
f 2117/4287/3631 2126/2248/3630 2108/4987/4134
f 2119/4102/4135 2108/4988/4135 2078/4989/4135
f 2108/4990/4136 2126/4991/4137 2077/3713/3165
f 2108/4990/4136 2077/3713/3165 2078/3618/3166
f 2109/4766/3967 2113/4992/4138 2121/4765/3966
f 2310/4993/4139 2306/4994/4139 2285/4995/4139 2290/4996/4139
f 2119/3617/3081 2082/3616/3080 2090/4965/4140
f 2119/3617/4141 2090/4965/4142 2118/3064/4143
f 2110/3065/4144 2118/3064/4143 2090/4965/4142
f 2090/4965/4119 2082/3616/4145 2089/61/4118
f 2112/4997/4146 2123/4998/4147 2085/4999/4148
f 2113/5000/4149 2144/484/392 2135/5001/4150
f 2144/484/4151 2115/4977/4152 2114/4278/4153
f 2113/5000/4154 2115/4977/4152 2144/484/4151
f 2115/4977/4127 2102/4279/3624 2114/4278/3623
f 2109/4766/3967 2115/5002/4155 2113/4992/4138
f 956/5003/4156 952/2886/4156 934/5004/4156 936/5005/4156
f 2119/5006/4157 2117/5007/4157 2108/5008/4157
f 2118/5009/4158 2117/4287/4158 2119/5010/4158
f 2229/3490/2989 2217/3489/2988 2198/5011/4159 2197/5012/4159
f 2485/5013/4160 2483/5014/4160 2484/5015/4161 2481/5016/4162 2482/3264/4160 2479/3263/4160 1845/4941/4163 1846/103/4164
f 2120/150/120 2098/5017/1990 2131/151/121
f 859/4797/3995 2132/2626/2249 2101/3943/3351
f 562/5018/4165 300/3441/2957 45/3440/2956 561/5019/4165 593/5020/4165 684/5021/4165 826/5022/4165 825/5023/4166 827/5024/4167 2003/5025/4165 709/5026/4165
f 1887/5030/4171 1591/5031/4172 1506/4910/4080 1888/4909/4079
f 2101/3943/3351 2132/2626/2249 2157/3944/3352
f 160/142/112 926/3344/2889 1977/2766/2384
f 2116/1260/1077 2134/5032/4173 3/1261/1078
f 336/4598/3853 241/143/113 31/449/358 41/447/356 43/5033/4174 15/5034/4174 2/1843/1591 3/1261/1078 2134/5032/4173
f 2112/4997/4146 2162/208/4175 2123/4998/4147
f 2111/4964/4115 2129/5035/4176 2090/4965/4116
f 911/3302/2265 2154/694/4177 2152/693/2879 2171/3331/2878
f 2135/5001/4150 2144/484/392 2182/483/391
f 2133/5036/4178 2125/93/72 27/92/71
f 2133/5036/4178 27/92/71 2136/1879/1628
f 2129/3039/2619 2165/5037/4179 2122/3040/2620
f 881/2194/2254 894/874/2253 886/2835/2449 887/2834/2448
f 2417/3787/3227 2378/3786/3226 2384/5038/4180 2383/5039/4181
f 1076/4806/4004 1029/2978/2563 1073/2764/2562 1082/2763/2573
f 822/1059/2041 820/1058/3833 855/2501/3834 782/5040/2042
f 2130/2309/1988 2140/698/4187 2155/697/1989
f 2157/3944/3352 2132/2626/2249 887/2628/2251
f 198/5046/4188 531/5047/4189 199/701/588 197/700/587
f 503/1544/1335 420/1524/1318 1836/4594/3845 1884/5048/4190
f 2159/5049/4191 2162/708/595 2128/707/594
f 2162/208/4175 2148/207/4192 2123/4998/4147
f 2129/5050/4176 2111/5051/4115 2150/3873/4193
f 2565/5052/4194 2593/5053/4194 2592/5054/4194 2599/5055/4194
f 1015/3953/3359 998/5056/4195 966/5057/4195 940/5058/4195 934/5004/4195 952/2886/2490 977/1450/1243 914/2682/4195 917/2681/4195 921/2696/4195 922/1836/4195 944/1837/4195 969/1980/4195 1001/1983/4195 1017/3954/3360
f 1441/5059/4196 1406/1125/959 1442/1124/958 1983/3855/3282
f 454/1407/1213 453/1405/1211 288/4219/3578 289/1639/1420
f 2168/2688/2314 2138/2692/2317 2173/2689/4197
f 40/211/4198 120/401/4198 177/5060/4199 245/5061/4200
f 911/3302/2265 884/695/2264 2154/694/4177
f 1840/3872/3299 2519/5066/4205 2594/5067/4206 2595/3870/3296
f 372/5070/4207 380/5071/4207 385/1608/1399 520/1604/1397 522/5072/4207 509/1327/1140 109/1562/1353
f 2163/3537/4208 2150/3873/3301 2149/3538/3300
f 2150/3873/3301 2163/3537/4208 2129/5050/4209
f 1256/1303/1120 1226/1302/1119 1224/5073/4210 1199/5074/4211
f 2202/2687/4212 2167/2690/2315 2168/2688/2314
f 2329/2549/2180 2296/2548/2179 2293/4433/4213 2312/5075/4213
f 1804/4567/3818 1813/5076/4214 1864/5077/4215 1859/4568/3819
f 483/1370/1179 417/5078/1131 531/5079/1419 526/1489/1282
f 2101/5080/4216 2061/4683/4217 1871/4581/3832 1870/279/3831 2060/282/4217 2096/345/4217 2100/344/4218
f 1853/4016/3416 1800/998/843 1855/1001/846 2451/2609/2233
f 2182/5081/391 2145/4198/4219 2135/971/4150
f 594/5084/4224 537/5085/4224 296/5086/4225 295/5087/4226 563/5088/4224 2018/5089/4224 710/5090/4227 652/5091/4228
f 1276/3416/4229 1278/3421/4229 1368/617/509 1365/616/508 1331/5092/4229 1323/3527/4229 1320/5093/4229 1261/3394/2919 1232/3387/2921 1236/3414/4229
f 15/5094/4230 796/2281/1972 751/2280/1971 2/5095/4231
f 2127/5096/4232 2188/5097/4233 2186/4288/4234
f 1822/5098/4235 1874/1067/905 1880/1066/904 1829/5099/1599
f 2187/5100/4236 2189/5101/4236 2186/5102/4236
f 2188/5097/4237 2187/5103/4237 2186/4288/4237
f 2597/717/598 2571/666/556 2544/669/559 2562/718/599
f 2190/5104/4238 2189/5105/4238 2187/5106/4238
f 1844/3871/3805 2480/908/3806 2487/3081/4239 1576/3084/3381 2488/3975/3380 2486/4224/4239 2503/5107/4239
f 383/5110/4241 282/915/767 283/941/788 433/5111/4242
f 960/3940/3348 959/3939/3347 961/2808/2427 994/2807/2426
f 2192/1036/881 2191/3539/4243 2198/1037/882
f 1177/2793/2412 1160/5112/4244 1126/2829/2443 1127/2828/2442 1178/2794/2413
f 2198/1037/882 2191/3539/4243 2199/3236/2783
f 2167/2690/4247 2202/2687/2784 2199/3236/2783
f 2204/2272/1965 2205/5122/4249 2174/2273/1966
f 909/3303/4250 2205/5122/4249 951/5123/1690
f 1901/2085/1804 1441/2084/1803 1983/5124/4251 1899/5125/4252
f 2206/436/346 2207/5126/4253 2215/3031/4254
f 2208/228/345 2207/5126/4253 2206/436/346
f 2214/4290/2403 2189/4289/4255 2210/5127/2404
f 2190/1035/880 2210/1038/883 2189/5128/4256
f 1336/3549/3033 1393/4951/4110 1369/4950/4109 1335/5129/4257 1333/5130/4258
f 2216/895/4259 2218/5131/4260 2196/1089/4261
f 2228/1729/1500 2197/3235/4262 2202/2687/4263
f 2143/5134/4267 2150/5135/4267 2111/5136/4267 2087/5137/4267 1815/5138/4267 1843/5139/4267
f 2062/5140/4268 2093/5141/4269 2095/4970/4123 2067/4969/4122
f 2216/5142/4270 2193/5143/4271 2226/5144/4272
f 2197/3235/4262 2228/1729/1500 2229/1728/1499
f 487/5145/4273 526/5146/4273 531/5047/4189 198/5046/4188 525/5147/4273 482/5148/4273 486/5149/4274 506/5150/4275
f 2549/816/4276 2554/5151/4277 2572/5152/4278 2570/668/4276
f 2216/5142/4270 2226/5144/4272 2227/5155/2725
f 2216/895/4259 2227/5156/4281 2218/5131/4260
f 923/871/1585 922/1836/1584 921/2696/2321 920/872/2313
f 2236/4292/4286 2225/4291/2402 2235/5163/2406
f 2240/2742/2367 2235/2787/2406 2224/2786/2405
f 2228/2490/2126 2246/2489/2125 2244/4925/4094
f 2247/275/212 2230/2271/1964 2221/276/213
f 2232/1100/452 1007/5164/455 1042/882/734
f 2233/5165/4287 2219/4337/3642 2249/4336/3641
f 532/824/683 410/5166/2985 438/5167/4288 440/821/680
f 2235/2787/2406 2240/2742/2367 2236/5168/4286
f 2032/4182/3537 2081/2120/4289 2077/3713/4289 2041/4183/3538
f 2433/5169/4290 2440/5170/4291 2445/5171/2852 2439/5172/2851 2424/5173/4292
f 2241/4214/2726 2227/5156/2725 2226/4710/4272
f 2232/1100/452 1042/882/734 2248/881/733
f 2238/1875/1624 2233/3033/2615 2249/5178/4297
f 787/5179/4298 708/5180/4298 652/5091/4228 710/5090/4227 828/5181/4298 1990/5182/4298 880/4021/3418 879/4024/3420
f 2218/5131/4260 2227/5156/4281 2242/5183/4299
f 2251/1876/1625 2238/1875/1624 2249/5178/4297
f 2249/4336/3641 2265/4335/3640 2251/5184/4300
f 568/1770/1536 546/5185/4301 540/1773/1539 567/1771/1537
f 2242/5183/4299 2227/5156/4281 2261/183/146
f 403/1484/1277 360/1854/1600 1882/1304/903 391/1306/1121
f 1559/1105/3357 1566/3951/3356 1553/4212/3571 1556/1106/3570
f 395/4535/4310 392/206/4310 402/205/4310 401/4062/4310
f 2523/5193/1508 2524/5194/1507 2530/5195/4311 2505/5196/4312
f 2261/183/146 2262/182/145 2242/5183/4299
f 1522/5199/863 1570/1485/1278 1519/1488/1281 1521/5200/864
f 416/1631/1372 204/1633/1414 203/5201/4314 393/5202/4314 517/5203/1370
f 2182/5081/4315 2181/5204/4315 2180/227/4316 2145/4198/4317
f 1493/503/406 1537/4562/3812 1486/4561/3811 1492/500/403
f 1357/5205/3788 141/5206/3787 1327/5207/2940 1362/5208/4318
f 2408/5209/4319 2400/5210/4319 2389/5211/4319 2393/1285/4319
f 2284/5212/4320 2260/2741/4321 2283/2740/4322
f 2248/881/733 2274/902/754 2255/901/753
f 2277/880/732 2274/902/754 2248/881/733
f 2276/5219/4329 2256/5220/4330 2275/5221/4331
f 1776/5222/3657 1740/4652/3659 1746/4653/4332 1753/4373/4332 1770/4407/4333 1769/5223/4334
f 1970/857/713 50/856/712 185/5224/4335 254/5225/4336 2259/5226/4337 2281/3160/2730 1964/3159/2729 1125/5227/4335
f 2279/5228/4338 2269/557/1622 2265/1874/1621
f 2279/5229/4339 2280/4673/3911 2269/4672/3910
f 2283/5230/4340 2285/5231/4341 2284/5232/4342
f 2288/4670/3908 2287/5237/4346 2271/4671/3909
f 769/5238/4347 153/537/437 856/2535/2166 1989/4813/4008 1988/1749/1517 156/1748/1516
f 2287/102/4346 2291/101/4348 2271/5239/3909
f 2262/5243/4351 2293/5244/4352 2266/5245/4353
f 1716/5246/4354 1779/5247/4355 1715/4449/3736 1532/4200/3556 1531/5248/4356
f 1811/3775/1181 2372/2408/1180 1865/2407/4361 1813/3776/4361
f 2294/5253/4362 2273/5254/4363 2274/1818/1571
f 2274/1818/1571 2298/1817/1570 2294/5253/4362
f 2294/5253/4362 2298/1817/1570 2295/5255/4364
f 708/1062/900 740/1061/899 743/5256/4365 651/1213/1038 652/1217/1042
f 273/5257/4366 272/5258/4366 236/569/468 237/568/467
f 282/5259/4367 383/1356/1166 488/1355/1165 281/4848/4034
f 1324/3529/4368 1325/3528/4368 1364/5260/4369 1275/5261/4370 1274/5262/4368 1269/5263/4368 1315/3513/3004 1312/3509/3000 1316/3512/4368
f 1196/3272/2818 2381/4443/3731 1194/4442/3730 1197/3273/2819
f 2279/4334/3639 2302/4415/3708 2280/5264/4371
f 2304/4294/3633 2252/4293/3632 2284/4519/3782
f 2284/4519/4372 2285/5265/4373 2306/5266/4374
f 2306/5266/4374 2305/4520/4375 2284/4519/4372
f 2195/5267/4376 2201/5268/4376 2166/5269/4376 2146/5270/4376
f 188/5272/4381 189/1342/4381 192/1341/4381 191/5273/4381
f 478/1482/1275 468/1462/1255 419/1313/1128 394/1314/1129
f 2280/5264/4371 2302/4415/3708 2301/5274/4382
f 2301/2426/2076 2302/5275/4383 2316/2427/2077
f 188/5272/4384 191/5273/4384 223/5276/4384 221/5277/4384
f 1937/3824/3259 218/748/618 86/747/617 1934/5278/4385
f 2306/2572/4386 2319/2571/4387 2320/5279/4388
f 2306/2572/4386 2320/5279/4388 2305/5280/4389
f 2319/1249/4390 2346/1248/4391 2320/5281/3784
f 742/5282/4392 741/5283/4393 783/2108/1823 826/2113/1827 684/5284/4394
f 972/4800/3998 947/2751/4395 929/2750/4395 925/1529/4395 899/1532/4395 896/2651/2279 893/2650/2278 910/3301/4395 918/5285/4395 919/5286/4395 942/69/4395 945/68/4395 970/5287/4395 999/4801/3999
f 2325/4145/3515 2311/4144/3514 2307/4053/3449
f 2325/4145/3515 2307/4053/3449 2322/4052/3448
f 2314/5288/4396 2326/5289/4397 2309/1600/1391
f 2309/1600/1391 2326/5289/4397 2323/1597/1388
f 2328/5293/4401 2313/5294/4402 2315/5295/4403
f 2299/5296/4404 2333/3128/2698 2298/3129/2699
f 2334/5297/4405 2330/5298/4406 2328/5293/4401
f 585/3610/3075 589/3609/3074 586/5300/4408 554/5301/4408 552/5302/4408 549/5303/4408 544/5304/4408 541/5305/4408 540/5306/4408 546/5307/4408 575/5308/4408 580/5309/4408 582/5310/4408
f 2328/5293/4401 2315/5295/4403 2334/5297/4405
f 1180/3201/2764 1162/3203/2766 2339/3770/3215
f 955/2850/2462 978/2851/2463 981/5315/4414 984/5316/4414 988/5317/4414 986/5318/4414 987/5319/4414 1030/5320/4414 1045/5321/4414 1060/5322/4414 1080/2987/2574 1082/2763/2573 1087/2990/4414 1031/5323/4414 1011/5324/4414 992/5325/4414 957/5326/4414
f 170/5327/2680 171/378/301 1080/377/300 1060/5328/2679
f 2303/3157/2727 2318/5329/4415 2345/5330/4416 19/1963/302 1954/1966/1696 1961/3158/2728
f 2292/5331/4417 2294/5332/4417 2313/5333/4417 2314/5334/4417
f 2324/1250/4418 2323/5335/4419 2348/1251/4420
f 2322/5336/4421 2349/5337/4422 2325/5338/4423
f 1464/5339/4424 1454/5340/4424 1452/5341/4424 1308/1783/1547 1379/1782/1546 1409/5342/4424 1453/5343/4424 1414/5344/4424 1381/5345/4424 1359/5346/4424 1330/5347/4424 1273/5348/4424 1275/5261/4370 1364/5260/4369 1419/5349/4424 1421/5350/4424 1471/5351/4424
f 995/5352/2417 992/5353/2424 1011/2892/4425 1013/2891/4425
f 2323/5354/4426 2326/5355/4427 2350/5356/4428
f 2338/3132/2702 2354/1113/949 2334/1118/954
f 2057/4543/3797 303/427/335 707/4420/3713 2007/5357/771 200/5358/770 176/154/769 175/157/1214 2044/5359/1217 2051/5360/4429
f 2355/5361/4430 1180/5362/2768 2339/5363/4431
f 2339/5363/4431 2335/1187/1014 2353/1186/1013
f 1167/3207/2770 1182/960/805 2341/959/804
f 2322/5364/2008 2321/4178/4432 2347/4177/2009
f 1351/1664/1438 1497/3914/3329 1444/5365/4433 1352/1658/1434
f 2349/5337/4422 2322/5336/4421 2369/5366/4434
f 2357/1283/4435 2323/5354/4426 2350/5356/4428
f 2385/3131/2701 2341/3133/804 1188/5367/803
f 587/5368/4436 590/5369/4436 647/5370/4437 643/5371/4438 584/5372/4436 583/5373/4436 576/5374/4436 547/5375/4436 543/5376/4436 542/5377/4436 545/5378/4436 548/5379/4436 551/5380/4436 553/5381/4436
f 2010/2590/2213 1910/2589/2212 1905/47/31 1996/46/30
f 473/1421/1226 477/3443/4441 481/1031/4441 329/4185/4441 347/4184/4441 346/1206/4441 382/1208/4441 393/1310/4441 183/3639/3098 298/3638/3097 430/1422/1227
f 2320/4521/3784 2346/5384/4391 2367/4522/3785
f 2367/4522/3785 2346/5384/4391 2368/5385/4442
f 686/2522/2156 653/5386/4443 564/5387/4443 565/5388/4443 538/1693/1467 595/1695/1469 788/1776/1542
f 2348/5389/4420 2323/5390/4419 2357/5391/4444
f 2357/1283/4435 2350/5356/4428 2372/1371/4445
f 685/1699/1465 539/1698/1474 566/5392/4446 596/5393/4446 711/3850/3277
f 2359/5397/4449 2353/1186/1013 2374/4028/3425
f 2354/1113/949 2385/3131/2701 2358/1114/950
f 2585/5398/4450 2584/5399/4450 2597/5400/4450 2587/5401/4450
f 1157/3562/3045 1156/1686/1460 1175/1690/1464
f 1875/4583/3836 1866/5405/4452 2093/5141/4269 2062/5140/4268
f 1544/5406/4453 2453/2610/2234 2432/2019/1749 1303/2018/1748 1401/3571/1118 1545/5407/4454
f 2342/1170/999 2360/5411/4457 2364/1171/1000
f 2386/5412/4458 2360/4332/4459 2361/4331/4460
f 2364/5413/4461 2360/4332/4459 2386/5412/4458
f 2361/4331/3637 2394/5414/4462 2386/5412/4463
f 2361/4331/3637 2362/4330/3636 2395/5415/4464
f 2386/3640/3099 2391/3643/3101 2369/5416/4465
f 2388/5417/4466 2282/4295/3634 2304/4294/3633
f 2389/5418/4467 2304/5419/4467 2367/5420/4467
f 2328/5293/4401 2326/5289/4397 2314/5288/4396 2313/5294/4402
f 2389/5211/4468 2367/5421/4469 2393/1285/1102
f 2367/5422/4469 2368/5423/4470 2348/5424/1099
f 2369/5425/4471 2391/5426/4472 2390/5427/4473
f 302/2148/1858 446/2147/1857 285/3109/2681 284/3112/2684
f 2348/1282/1099 2393/1285/1102 2367/5421/4469
f 2349/5337/4422 2369/5366/4434 2371/5428/4474
f 2371/3446/2959 2390/5427/4473 1812/3447/2960
f 2369/5425/4471 2390/5427/4473 2371/3446/2959
f 82/305/3423 83/906/758 207/905/757 205/714/3424
f 842/5429/4475 838/5430/4475 834/5431/4475 861/5432/4475 866/5433/4475 869/5434/4475 873/5435/4475 848/5436/4476 846/5437/4477
f 2361/4331/3637 2395/5415/4464 2394/5414/4462
f 2396/5438/4478 2394/5439/4479 2395/5440/4480
f 2418/5441/4481 2396/5442/4482 2395/5443/4483
f 2396/5442/4484 2404/5444/4484 2401/5445/4484
f 2402/5446/4485 2396/5438/4478 2401/5447/4486
f 2396/5438/4478 2402/5446/4485 2394/5439/4479
f 2388/5448/4487 2399/3187/4488 2282/5449/4489
f 2389/5450/4490 2388/5451/4491 2304/5452/4492
f 2388/5453/4491 2389/5454/4490 2400/5455/4493
f 2388/5456/4494 2400/5457/4495 2406/2033/1761
f 2406/2033/1761 2400/5457/4495 2408/5458/4496
f 17/3822/3257 4/5459/1475 2366/5460/1475 2387/5461/4497 1839/3823/3258
f 2406/3188/4498 2399/3187/4488 2388/5448/4487
f 2401/430/338 2404/5465/4500 2403/431/339
f 2406/2033/1761 2408/5458/4496 2407/5467/4502
f 214/567/2875 212/3329/2874 213/2757/4503 151/4890/4504
f 2405/5468/4505 1804/4567/3818 1858/4569/3820
f 1858/4569/4506 1802/5469/4507 2405/5468/4508
f 2406/2033/1761 2407/5467/4502 1806/2034/1762
f 1863/3448/2961 2409/4438/3728 1862/4446/3732
f 560/887/739 590/886/738 587/4508/3772 558/4507/3771
f 137/5470/4509 138/5471/2938 1327/5207/2940 141/5206/3787
f 1857/1000/845 2412/2017/1747 1855/1001/846
f 137/5472/4509 141/4525/3787 103/1559/1350 29/2547/2178
f 417/1316/1131 513/5473/4510 405/5474/4511 149/1317/1132
f 2397/5475/4512 2418/5441/4481 2395/5443/4483
f 2397/5476/4513 2433/5169/4514 2424/5173/4515
f 1681/1180/1006 1687/1179/1005 1683/4130/4516 1682/4129/4517 1680/4093/4518
f 2541/5477/4519 2427/5478/4520 2509/5479/4521 2551/3146/2719 2538/3145/2718 2492/5480/4522 2491/5481/4519 2507/5482/4519 2490/5483/4523 2362/4330/3636 2270/4329/3635 2317/5484/4519 2343/5485/4519 2363/5486/4519 2365/5487/4519 2398/5488/4524 2426/5489/4525 2434/5490/4526 2435/5491/4519 2436/5492/4519 2437/5493/4519 2438/5494/4519 2420/5495/4519 1839/5496/4519 2387/5497/4519 2366/5498/4519 2356/5499/4519 2345/5500/4519 2318/5501/4519 2303/5502/4519 2281/4296/3635 2282/4295/3634 2421/5503/4519 2442/5504/4519 2447/5505/4519 2448/5506/4519 2462/5507/4527 2494/5508/4528 2511/5509/4519 2556/5510/4519 2493/5511/4519
f 2399/3187/4529 2421/5512/4530 2282/5449/4531
f 2404/5513/4532 2422/5514/4533 2403/5515/4534
f 2217/5516/4535 2250/2743/2368 2240/2742/2367 2224/2786/2405
f 2429/5520/4539 2405/5468/4508 1802/5469/4507
f 2397/5475/4512 2439/526/2851 2418/5441/4481
f 2424/5521/4292 2439/526/2851 2397/5475/4512
f 2426/5489/4525 2398/5488/4524 2419/5522/4540
f 2419/5522/4540 2425/5523/4541 2426/5489/4525
f 2399/3187/4529 2428/2345/4542 2421/5512/4530
f 1911/4270/3617 1384/4269/3116 1377/257/196 1913/256/195
f 43/4976/4126 800/2413/2064 796/2281/1972 15/5094/4230
f 1291/5524/2966 1345/3564/3047 1346/3563/3046 1295/5525/2967
f 2434/5490/4526 2426/5489/4525 2425/5523/4541
f 2029/263/203 2034/4282/4041 2039/3891/3315 2033/3890/3314
f 1440/5526/4543 1439/5527/4544 1301/5528/4545 1192/3603/3072 1947/3602/3071 1302/5529/4545
f 1777/2459/2103 1774/5530/4546 1773/5531/4547 1766/5532/4548 1762/4385/3683 1756/2460/2104
f 2422/4903/4074 2430/5533/4549 1803/4904/4075
f 1926/4678/3915 1927/4679/3916 1599/3327/2871 1929/3326/2870
f 2429/5520/4539 1802/5469/4507 2444/5534/4550
f 2416/2809/2428 1856/2234/1935 1854/3292/2837
f 1351/3795/1438 1223/3378/1437 2431/3294/2839
f 2252/5535/4551 2236/5168/4286 2240/2742/2367 2260/2741/4321 2284/5212/4320
f 2442/1893/1641 2428/2345/4542 2456/1894/1642
f 2441/525/4559 2422/4903/4533 2404/5444/4532
f 2429/5520/2535 2443/2344/4560 2423/2346/2536
f 2449/5543/4561 2430/5533/4549 2422/4903/4074
f 2432/2019/1749 2451/2609/2233 1855/1001/846
f 1291/1832/1580 1286/1831/1579 1337/5544/4562 1338/5545/4562 1370/5546/4562 1371/5547/4563 1373/5548/4564 1345/5549/4562
f 2440/5170/4291 2446/5550/2853 2445/5171/2852
f 2534/3843/3272 2526/3842/3271 2532/5551/4565 2535/5552/4566
f 2422/5553/4533 2441/5554/4559 2449/5555/3375
f 1854/3292/2837 1852/4563/4567 2452/23/4568
f 2450/3293/2838 1854/3292/2837 2452/23/4568
f 1481/5556/2808 1427/3826/3260 1487/3729/3180 1482/5557/4569 1517/5558/2809
f 2437/5564/4577 2436/896/748 48/900/752 47/5565/4578
f 2589/5566/4579 2598/5567/4580 2591/5568/4581 2564/5569/4581 1885/5570/4581 2590/5571/4581
f 2448/5572/4582 2447/5573/4582 2442/5574/4582
f 2558/3920/4583 2511/5575/4584 2513/62/4585 2559/106/4586
f 606/1903/1651 605/1902/1650 599/1863/4588 654/1860/4588
f 2459/5577/4589 2443/5578/4560 2429/5579/2535
f 2449/5543/4561 1797/5580/4590 2430/5533/4549
f 2429/5520/4539 2444/5534/4550 2459/5581/4591
f 2441/525/4559 2458/524/3376 2449/5543/3375
f 1230/3386/4592 1234/5582/2933 1236/3414/2935 1232/3387/4592
f 1799/3581/4593 2459/5581/4591 2444/5534/4550
f 2474/5583/4594 2454/5584/2850 2455/5585/2854 2362/4330/4594
f 1367/2814/2432 1342/2813/2431 1339/5586/4595 1287/3543/4595 1282/3542/3964 1279/4759/3963 1334/5587/4595
f 2449/5543/4561 2463/6/4596 1797/5580/4590
f 2459/5581/4591 1799/3581/4593 2477/5588/4597
f 2138/2692/2317 2153/551/451 2175/550/450 2173/2689/4197
f 2467/22/4598 1543/21/3232 2450/3293/2838
f 2453/2610/2234 1544/5406/4453 2471/2607/2231
f 1153/3136/2705 1151/3135/2704 1133/3184/2747 1134/3183/2746
f 245/5061/4200 177/5060/4199 247/820/679 97/808/669
f 1150/3138/2707 1147/461/370 1145/460/369 1152/3140/2709
f 1253/4392/3689 1252/4391/3688 1249/5590/4599 1248/5591/4600
f 2463/6/4596 1795/25/4601 1797/5580/4590
f 1790/598/3055 2477/5588/4602 1799/3581/3056
f 2478/5592/1956 2477/5593/4602 1790/5594/3055
f 2479/3263/2810 2468/12/2813 2469/11/4603
f 637/3865/3291 639/5595/4604 642/5596/4605 585/3862/3288
f 376/1190/1017 345/631/520 358/634/523 369/1191/1018
f 2470/5597/4606 2472/3082/2663 2487/3081/2662
f 1303/2018/1748 2412/2017/1747 2382/5598/4607
f 2474/2619/4608 2362/5599/4609 2489/4746/4610
f 2489/5600/4611 2362/4330/3636 2490/5483/4523
f 2517/1774/4612 2518/65/45 2501/64/44 2500/600/4613
f 2489/4746/4610 2498/4745/4614 2474/2619/4608
f 2495/5604/4617 2494/5508/4528 2462/5507/4527
f 2462/5507/4618 2475/5605/4618 2495/5604/4618
f 2497/1679/4619 2476/7/7 2498/4745/4614
f 2474/2619/4608 2498/4745/4614 2476/7/7
f 2496/2258/1957 2478/2257/1956 2502/597/4620
f 1793/8/8 2476/7/7 2497/1679/4619
f 519/5606/4621 442/322/4622 533/321/3866 516/5607/3865
f 2502/597/4620 2478/2257/1956 1790/598/3055
f 1840/3872/3299 1844/3871/3298 2503/5107/4624
f 2504/4171/3527 2483/5014/3930 2485/5013/4625
f 1216/89/68 1945/1365/1175 144/1364/1174 142/5610/4626 138/84/64
f 93/340/267 139/341/269 151/4890/4504 213/2757/4503
f 1160/4576/3825 1177/4929/4097 1138/4928/4096 1141/4577/3826
f 2600/5611/4627 1785/5612/4627 1784/5613/4627 1791/5614/4627 2595/5615/4627 2594/5616/4627
f 2489/5600/4611 2490/5483/4523 2506/5617/4628
f 2506/4743/4629 2490/5618/4630 2507/5619/4631
f 2506/4743/4629 2507/5619/4631 2508/1523/4632
f 2499/4744/4633 2506/4743/4629 2516/1522/4634
f 2516/1522/4634 2506/4743/4629 2508/1523/4632
f 2510/5620/4635 2509/5479/4521 2427/5478/4520
f 2513/5621/4636 2494/5508/4636 2512/5622/4636
f 1788/250/4637 2515/249/4638 2561/5623/4639
f 1613/2355/4640 1624/5624/4640 1623/4030/4640 1620/2356/4640
f 273/1078/916 265/1081/919 264/5625/4641 272/5626/4642
f 2268/5627/4643 2266/5245/4353 2293/5244/4352 2296/5628/4643 2297/5629/4643 2300/5630/4643 1144/463/372 1128/462/371 2276/5631/4643 2275/5632/4643
f 2525/3130/2700 2603/2655/2283 2521/2654/2282
f 2359/5397/4449 2381/5633/4644 2355/5361/4430 2339/5363/4431 2353/1186/1013
f 1995/4812/4007 856/2535/2166 140/539/439 157/2495/2130 2002/2494/2129
f 574/4791/3991 575/4790/3990 546/5185/4301 568/1770/1536
f 426/5634/4645 297/5635/4645 295/5087/4226 296/5086/4225 427/185/148 2011/184/147
f 2528/5636/4646 1706/3030/2613 1707/3029/2612 2611/5637/4646 2610/5638/4646 2601/2101/1816 2522/2100/1815
f 1708/4008/3407 2505/5196/4312 2530/5195/4311
f 621/1888/3958 629/1932/4648 667/2054/4648 669/5641/4648 727/2220/1920 695/2222/1922 694/5642/4648 724/5643/4648 662/5644/4648 619/5645/4648 618/5646/4648 612/5647/4648 613/4757/3959
f 2530/5195/4311 2524/5194/1507 2531/4009/3408
f 1710/5648/4649 2535/5649/4566 2532/5650/4565
f 2504/4698/3527 2610/5651/3526 2611/4699/3931
f 2528/5652/4650 2529/571/469 1706/574/472
f 1610/5653/4651 2535/5649/4566 1710/5648/4649
f 2533/1582/1374 1612/4013/3412 1710/1583/1375
f 1563/3942/3350 1960/4764/3965 1578/5654/4652 1575/3962/3368
f 2508/1523/4653 2507/5619/4654 2536/1520/4655
f 2538/3145/2718 2537/5655/4656 2492/5480/4522
f 2427/5478/4659 2560/5659/3245 2510/5620/3244
f 2427/5660/4660 2541/5661/4661 2560/5662/4662
f 2494/5508/4663 2513/5621/4585 2511/5509/4584
f 2542/5663/4664 2515/5664/4665 2516/5665/4666
f 2515/5664/4665 2542/5663/4664 2543/5666/4667
f 2491/5481/4668 2536/5667/4655 2507/5482/4654
f 2491/5668/4669 2492/5669/4670 2553/4371/4671
f 2548/5670/4672 2491/5668/4669 2553/4371/4671
f 2492/5480/4522 2537/5655/4656 2553/5671/4673
f 2553/5671/4673 2537/5655/4656 2550/5672/4674
f 2538/3145/4675 2539/255/194 2549/254/193
f 145/5673/4676 201/5674/4676 254/5675/4676 1075/5676/4676 1074/5677/4676 980/5678/4676
f 2554/253/192 2540/252/191 2552/5679/3246
f 2540/252/191 2551/3146/3247 2552/5679/3246
f 216/5680/3894 101/5681/3895 87/1672/1449 217/1674/1451
f 913/387/2846 916/386/2318 918/5285/2320 910/3301/2847
f 1035/858/714 255/3342/4677 257/5682/4677 259/852/710
f 1968/5683/4678 1959/5684/4679 1737/5685/4680 1739/4401/3697 1744/4400/3696
f 2541/5661/4661 2555/5686/4681 2560/5662/4662
f 2555/5687/4682 2541/5477/4683 2493/5511/4684
f 2555/5687/4682 2493/5511/4684 2557/5688/4685
f 2493/5689/4686 2558/2562/2189 2557/2561/2188
f 2493/5689/4686 2556/5690/4687 2558/2562/2189
f 2511/5509/4584 2558/5691/4583 2556/5510/4688
f 2560/5662/4662 2555/5686/4681 2576/5692/4689
f 2576/5692/4689 2555/5686/4681 2577/3746/3196
f 2577/3746/3196 2555/5686/4681 2578/5695/4692
f 2561/5623/4639 2515/249/4638 2543/5696/4693
f 2562/718/4694 2544/669/4695 2563/5697/4696
f 317/5698/1272 316/1499/1292 320/1498/1291 308/5699/857
f 2566/5700/4697 2543/5666/4667 2542/5663/4664
f 1136/3104/2677 1135/3105/2678 1132/3137/2706 1155/3139/2708
f 2567/1939/4698 2543/5701/4699 2568/4370/4700
f 2566/5702/4701 2568/4370/4700 2543/5701/4699
f 2573/1048/891 2572/1047/890 2575/1196/1020
f 2575/1196/1020 2574/1199/1022 2573/1048/891
f 2576/5692/4689 2577/3746/3196 2545/3745/3195
f 2344/1172/3531 2364/1171/4702 2370/5703/4702 2347/4177/3532
f 1396/5704/4703 1373/5548/4564 1371/5547/4563 1392/5705/4703 1432/5706/4703 1485/3821/4703 1480/3820/4704 1488/192/4705 1489/5707/4703 1435/5708/4703
f 239/1704/1477 8/1703/1476 18/2517/4706 20/4829/4706 110/4828/303 19/1963/302 2345/5330/4416 2356/1705/1478
f 1028/2979/2564 1026/2981/2566 952/5709/4707 979/5710/4707
f 1915/4166/3522 1779/5247/4355 1716/5246/4354 1525/4167/3523
f 948/2749/4708 950/5711/4708 974/5712/4709 975/5713/4710 907/5714/4711 928/2671/2301
f 2443/2344/2013 2460/4822/4015 2457/1889/4014 2456/1894/2014
f 2592/3501/2997 1885/3500/2996 2564/5715/4712
f 602/5716/4713 689/5717/4713 749/5718/4713 746/5719/4713 687/5720/4713 598/5721/4713
f 2543/5696/4693 2596/5722/4714 2561/5623/4639
f 2584/1940/3856 2596/4600/3855 2567/1939/4698
f 2596/4600/3855 2543/5701/4699 2567/1939/4698
f 2573/4884/4060 2563/5697/4696 2544/669/4695
f 2563/5697/4696 2573/4884/4060 2598/4883/4059
f 1141/5727/4717 1138/3190/2752 1154/3173/2737 1165/3172/2736 1148/5728/4717 1149/5729/4717 1153/5730/4717 1134/5731/4717 1137/5732/4717 1121/5733/4717 1123/3723/3176 1101/3722/3175 1124/5734/4717
f 1515/2984/4718 1514/702/4718 1508/16/4718 1498/15/4718 1546/4213/4718 1553/4212/4718 1566/3951/4718 1518/3247/4718 1520/3246/4718 1528/193/4718 1488/192/4705 1480/3820/4704
f 1809/429/337 1808/432/340 1805/4870/4053 1861/4869/4052
f 178/637/526 180/1295/1112 1010/1294/1111 987/635/524
f 2583/4599/4719 2585/2102/1817 2601/2101/1816
f 1979/4644/3883 1900/5735/4720 1764/3434/2952 1540/3436/2954
f 2588/5736/4721 2586/5737/4721 2562/5738/4721 2563/5739/4721 2598/5567/4580 2589/5566/4579
f 1863/5740/4722 1812/5741/4722 1809/5742/4722 1861/5743/4722
f 854/4387/3685 853/4190/3544 852/4189/3543
f 2075/4939/4103 2043/4938/4102 2072/4981/4131 2103/4982/4132
f 1053/5747/4725 1049/5748/4726 1032/5749/4727 1016/5750/4728
f 2602/761/630 2522/5755/4731 2605/762/631
f 2609/1210/1035 2524/1737/1507 2606/1211/1036
f 2522/5756/4731 2608/5757/4732 2528/5652/4650
f 2602/3696/630 2608/5758/4732 2522/2100/4731
f 1840/3872/3299 2527/4223/3581 2519/5066/4205
f 2529/571/469 2528/5652/4650 2608/5757/4732
f 2548/5759/4733 2536/5667/4655 2491/5481/4668
f 803/566/465 762/2306/1986 158/5761/443 155/5762/4735 24/564/463
f 1875/4583/3836 1867/4582/3835 1816/5764/4739 1866/5405/4452
f 2517/5766/4740 2547/1934/1682 2546/1933/1681 2518/5767/4740
f 1301/3477/2977 1439/3667/3130 1399/3666/3129 1350/4267/3615 1299/3473/2975
f 412/1652/1429 515/1651/682 414/5771/4743 413/5772/4744
f 2437/5564/4577 47/5565/4578 148/5773/4745 56/5774/4745 57/5775/4745 58/5776/4745 59/5777/4745 64/5778/4746 1434/5779/4747 1934/5278/4385 86/747/617
f 2477/5588/4749 2478/2257/4749 2460/4822/4749 2443/2344/4560 2459/5581/4589
f 1148/5781/4750 1146/5782/4751 2278/1815/1569 1104/1814/1568 1070/5783/4752
f 738/2253/1951 740/2252/1950 785/2384/2040 782/2386/2042
f 1904/5791/4757 1906/5792/4758 1997/5793/4759 1993/3704/3155 1903/3703/3154
f 1748/5794/4760 1749/5795/4760 1754/1996/1728 1772/1995/1727 1741/5796/4760 1759/4408/4760 1747/4131/3502 1683/4130/3501 1687/1179/4760 1695/1178/4760
f 2392/1284/4765 1811/1372/4765 1806/5799/4765 2407/5800/4765
f 1009/2863/2472 258/843/701 257/842/700 255/4025/3421
f 1070/5783/4752 1151/3135/2704 1149/3134/2703 1148/5781/4750
f 1095/3070/4768 1096/5802/4769 1120/5803/4770 1133/5804/4770 1151/5805/4770 1070/5806/4770 1059/1449/1242 1071/1448/1241 1107/3095/4770 1131/3096/4770 1117/3097/4770
f 1541/5811/4773 1550/5812/4774 1763/5813/4775 1768/5814/4773 1899/5815/4252 1983/5816/4251
f 1324/3529/3017 1316/3512/3003 1261/3394/258 1320/5093/3018
f 1738/4275/3620 1578/4277/3622 1960/372/295 1898/371/294
f 1832/5818/4777 1883/5819/4777 1834/5820/4777 1830/4517/3780 1829/3743/3193
f 236/5824/4779 272/974/818 294/976/820 293/5825/4779 230/5826/4779
f 2035/4285/3628 2026/171/137 2030/5827/139 2040/4886/4063
f 470/1436/1234 475/652/540 307/651/539 305/1437/1235
f 1750/5838/4783 1004/5839/4784 975/5840/4785 1057/5841/4783 1068/507/410 1966/506/409
f 2200/5844/4789 2196/5845/4789 2218/2533/2165 2237/2532/2164
f 1600/662/552 1707/4700/3932 1705/4003/3402 1583/663/553
f 135/2063/1785 74/2140/4797 2024/670/4797 187/672/1786
f 579/3864/3290 582/3863/3289 580/4789/3989 577/4788/3988
f 1864/5077/2909 1813/5076/4805 1865/4693/4805 2373/1115/2910
f 1704/4666/3906 1923/4680/3917 1930/2775/2393 1598/2774/2392
f 132/5868/4806 130/5869/4807 66/5870/4807 131/5871/4808
f 1782/5874/4811 1778/5875/4812 1715/5876/4813 1779/5877/4813 1915/2587/2211 2015/2586/2210 2012/5878/4813
f 1690/2350/2018 1697/5880/4814 1689/4369/3670 1671/4368/3669 1673/5881/4814 1674/2351/2019
f 1391/3731/3182 1392/3734/3185 1371/3613/3077 1342/459/368
f 1289/3547/3031 1336/3549/3033 1333/5130/4258 1277/3420/4815 1239/3415/4815 1234/5582/4815 1230/3386/4815 1257/1851/1598 1256/1850/1597 1199/5882/4815 1205/5883/4815 1207/5884/4815 1244/5885/4815 1245/5886/4815 1284/5887/4815
f 676/2106/1821 640/5889/4817 643/5890/4818 644/2104/1819
f 2481/5016/4162 2484/5015/4161 1581/3966/3371 1580/3965/3370
f 1613/2355/4819 1633/2354/2499 1628/2894/2498 1624/5624/4819
f 556/4506/3770 553/4509/3773 551/925/774 71/924/773 70/5891/4820
f 913/5892/4821 909/5893/4250 951/1944/1690 1023/1943/1689
f 1643/4050/3446 1648/4071/3461 1647/4070/3460 1631/4036/3435
f 1692/4162/3518 1684/4161/3517 1677/5894/4822 1685/5895/4823
f 2011/4835/4024 2012/4459/3743 2015/5903/4827 426/5904/4828
f 886/4783/3984 894/5905/4829 915/5906/4829 2179/4784/3985
f 2217/5516/4535 2224/2786/2405 2210/1038/4833 2198/1037/4833
f 1136/5911/4837 1155/5912/4837 1152/5913/4837 1145/5914/4837 1163/5915/4837 1168/5916/4837 1156/5917/4837 1157/4603/3858 1100/3276/2822 1139/3281/2826
f 1190/5918/4838 1208/5919/4838 1211/5920/4838 1250/5921/4838 1293/5922/4838 1297/3559/3043 1290/3558/3042 1288/5923/4838 1283/5924/4838 1246/5925/4838 1240/5926/4838 1237/5927/4838 1202/5928/4838 1200/5929/4838
f 1568/1486/1279 1558/3935/3345 1561/3941/3349 1567/1487/1280
f 1199/5930/4839 1224/5931/4839 2382/5932/4839 2412/5933/4839 1857/5934/4839 1807/5935/4839 1858/5936/4839 1859/5937/4839 2413/5938/4839 2417/5939/4839 2383/5940/4839 1225/5941/4839 1202/5942/4839 1237/2711/2336 1205/2712/2337
f 852/2111/1825 874/5944/4843 870/5945/4843 868/5946/4843 876/5947/4843 882/2668/2295 883/2667/2294 891/5948/4844 825/2112/1826
f 1057/2520/2154 975/5713/4710 974/5712/4709 1019/5951/4847 1066/2518/2152
f 1753/4373/3674 1746/4653/3891 1694/4127/3890 1698/4126/3675
f 1195/5953/4850 1188/5954/4851 1187/4626/3871 1200/4627/3872
f 2092/3075/2655 2124/982/828 2137/349/827 2140/698/4187 2130/2309/1988 2094/4966/4121
f 653/5955/4852 686/5956/1953 712/5957/1952 597/1862/4853
f 823/4388/3686 783/5958/3887 784/5959/3886 821/4389/3687
f 901/2508/2143 897/875/3852 890/2196/3851 902/769/2139
f 363/1201/1024 370/1200/1023 362/2118/1832 352/2117/1831
f 2139/2831/3918 2143/3874/4854 1843/5960/4855 2091/5961/3919
f 907/5714/4711 891/5948/4844 883/2667/2294 928/2671/2301
f 1383/1264/1081 1910/1267/1084 1912/4165/3521 1376/4164/3520
f 1651/4232/4857 1632/4199/4857 1623/4030/4857 1624/5624/4857 1628/2894/4857 1653/2893/4857 1658/4063/4857 1666/4105/4857 1675/4106/4857 1736/158/128 1734/161/131 1731/4252/4857
f 2120/4659/3897 857/4658/3896 2097/4893/4068 2098/4892/4067
f 729/5967/4860 668/402/318 673/406/322 700/5968/4860 732/5969/4861 770/5970/4862
f 49/2966/2551 613/2965/2550 612/5973/4864 618/2023/1753 660/2025/1755 11/5974/4865
f 245/5976/4867 97/5977/4867 33/4854/4038 2027/4853/4037
f 1280/3423/2944 1332/4931/4099 1334/4930/4098 1279/3424/2945
f 1659/4465/3748 1635/3508/2999 1617/3507/2998 1660/4466/3749
f 1014/5978/4090 996/5979/4089 1033/2898/2502 1034/2900/2504
f 202/5980/4868 219/5981/3723 530/5982/3722 540/5983/4868 541/5984/4868
f 2311/5988/4871 2312/5989/4871 2293/5990/4871 2291/5991/4871
f 2268/4661/3901 2275/5221/4331 2256/5220/4330 2230/2271/1964 2247/275/212
f 2517/1774/4612 2500/600/4613 1792/599/1470 1784/1697/1473
f 1478/5995/4873 1960/4764/3965 1953/4716/3944 1941/4708/3947 1483/5996/2567
f 5/3977/3382 21/2134/1845 657/1399/1205
f 1254/6007/2901 1292/6008/4878 1293/6009/4879 1250/6010/2902
f 1446/4945/4881 1405/4944/4881 1451/6012/4881 1450/6013/4881
f 2201/4365/3666 2195/1090/928 2196/1089/927 2200/468/3667
f 499/1515/1308 493/1517/1310 354/6018/1638 498/6019/1637
f 1860/6023/4885 2410/6024/4886 2375/6025/4887 2409/6026/4888
f 2043/4938/4102 1827/4958/4111 1867/4960/4891 2076/4959/4891
f 1703/6030/4893 1927/6031/4894 1918/6032/4895 1724/4139/3511 1777/4143/3513
f 815/2368/2026 817/4696/3929 818/4357/3928 811/2367/2025
f 858/6036/4899 859/6037/4900 2101/5080/4216 2100/344/4218
f 847/3290/4901 841/3289/4901 839/4197/4901 837/1668/4901 745/1083/921 746/1082/920 790/6038/4901 797/6039/4901 805/6040/4901 810/6041/4901 773/1989/1721 775/1988/1720 812/2465/2107
f 2566/5702/4701 2548/5670/4902 2553/4371/4902 2568/4370/4700
f 825/5023/4166 891/6042/4903 907/6043/4903 975/5840/4785 1004/5839/4784 1976/6044/4903 877/6045/4903 878/6046/4903 827/5024/4167
f 106/6047/4904 694/2151/1859 726/487/395 117/486/394
f 1642/4051/3447 1655/4095/4905 1654/4128/4906 1646/4054/4907 1641/4049/3445
f 916/386/2318 941/66/46 942/69/49 919/5286/2319
f 2499/4744/4633 2516/1522/4634 2515/249/188 2514/248/187
f 417/5078/1131 483/1370/1179 423/1369/1178 513/6048/4510
f 1195/3834/3267 1225/3837/3269 2383/6051/4181 2384/6052/4180
f 1189/3249/2798 1187/6053/4908 1182/4688/3921 1183/2796/2415 1186/2795/2414 1192/3250/2799
f 518/6055/1384 414/5771/4743 515/1651/682 424/6056/681
f 2264/6057/4910 2290/6058/4911 2285/5231/4341 2283/5230/4340
f 2333/3128/2698 2299/5296/4404 2278/6059/1905 2337/6060/1904
f 1585/3972/4912 1558/3985/3608 1573/4255/3607 1703/2458/2102 1584/2457/2101
f 2410/6024/4886 2414/3495/2994 2377/3494/2993 2375/6025/4887
f 552/6062/4916 550/6063/4917 88/471/1494 549/1723/1493
f 2138/2692/2446 2142/2691/3303 2143/3874/3302 2139/2831/2447
f 2333/6070/4920 2337/4402/3698 2338/4406/3700 2334/5297/4405 2315/5295/4403
f 1717/2593/2218 1720/1758/1526 1589/1757/1525 1593/2594/2219
f 328/6073/4922 345/6074/4922 376/6075/4922 406/6076/4922 415/1312/4922 396/1311/4922 359/1207/4922 338/4186/4922 325/1030/4922 318/1029/4922 306/3444/4922 465/1451/1244 464/1453/1246 476/6077/4923 324/6078/4922
f 1595/2944/2530 1925/1381/1188 1591/1380/1187 1590/4662/3902
f 968/385/2395 970/5287/2394 945/68/48 943/67/47
f 737/6081/1530 734/6082/1534 733/6083/4925 777/6084/4925 817/6085/4925 815/6086/4925 846/5437/4477 848/5436/4476 853/6087/4925 821/6088/4925 784/6089/2039
f 2442/1893/1641 2421/5512/4530 2428/2345/4542
f 2256/5220/4330 1022/6090/1687 951/5123/1690 2230/2271/1964
f 997/6091/4926 1016/5750/4728 1032/5749/4727 993/6092/4926 961/6093/4926 959/6094/4926 956/5003/4926 936/5005/4926 939/6095/4926 963/6096/4926 967/6097/4926
f 544/1724/1495 88/471/1494 202/470/4927 541/6098/4927
f 1755/4384/3682 1762/6118/3720 1761/6119/3719 1702/4382/3680
f 911/3302/2848 2171/3331/4952 2169/3330/3665 2203/467/3664 2174/2273/4952 2205/5122/4952 909/3303/2849
f 756/2303/1980 754/2275/1979 748/2399/2054 792/2398/2053
f 2487/3081/2662 2480/908/761 1848/907/760 2470/5597/4606
f 2292/3761/3206 2267/3764/3209 2273/5254/4363 2294/5253/4362
f 1887/2734/2362 1922/2739/2365 1919/6122/4955 1725/4231/3590 1718/4230/3589 1721/6123/4955
f 558/6125/4957 556/6126/4957 70/989/835 12/988/834 537/1685/1459 594/1216/1041 592/1215/1040 560/6127/4957
f 683/6134/4969 705/6135/4969 739/6136/4970 704/6137/4971 681/6138/4969 644/6139/4969 643/5371/4438 647/5370/4437 645/6140/4969
f 472/6151/4987 476/6077/4923 464/1453/1246 451/6152/4987 449/1414/1220 471/1413/1219
f 2438/746/616 2437/5564/4577 86/747/617
f 855/2501/2138 819/2467/2137 780/4963/4999 736/6165/4999 704/6137/4971 739/6136/4970 738/6166/4999 782/5040/4999
f 1090/3006/5002 1049/5748/4726 1053/5747/4725 1094/3069/2652 1091/3007/2651
f 164/1033/878 1645/299/232 59/298/231 58/1034/879
f 1359/6188/3064 1381/3630/3094 1356/114/89 113/112/3059
f 2008/3523/3015 217/3522/3014 280/921/772 2007/920/771
f 1201/3323/2867 1204/968/813 1219/3313/2857 1227/6199/5026
f 771/6204/2023 773/6205/2022 810/6206/5029 809/6207/5030
f 456/3127/2697 443/323/2696 442/322/4622 519/5606/4621
f 349/1042/1577 133/1237/1059 108/1667/1443 195/1043/1442
f 1077/1244/1066 1075/1247/1069 254/6219/5039 185/827/686 250/825/684
f 1862/4029/3426 2340/1185/1012 2351/1276/1092 1810/6220/5040
f 1525/4167/3318 1716/5246/5070 1531/5248/1897 1524/6248/3317
f 11/5974/4865 660/2025/1755 619/2024/1754 662/6251/5075 105/6252/5076
f 1266/2516/2150 1315/6255/5078 1269/4830/4020 20/4829/4019 18/2517/2151
f 2415/2810/2429 2416/2809/2428 2431/3294/2839 1223/3378/1437 1218/3377/2911
f 1114/3061/5080 1093/3008/2592 1089/2989/2596 1110/2762/5080 1105/2765/5080 1108/4844/5080 1113/3062/5080
f 436/1406/1212 424/822/681 440/821/680 435/1404/1210
f 2519/1587/1377 2607/1586/1376 2593/82/62 2594/81/61
f 2053/2245/1944 2052/4286/4064 2030/5827/139 2041/2246/1945
f 1500/6263/5090 2473/6264/5091 2472/6265/5092 1544/6266/5093 1545/6267/5091 1499/6268/5094
f 1012/6269/5095 1047/3002/2589 261/3001/2588 260/6270/5095 258/6271/5095 1009/6272/5095 991/952/5095 990/2800/5095 985/2797/5095 983/355/5095 980/354/2408 979/2788/2407 960/6273/5095 994/6274/5095
f 641/6275/3644 642/5596/4605 639/5595/4604 675/6276/3645
f 577/6281/5101 574/6282/5101 568/6283/5101 564/6284/5101 653/5955/4852 597/1862/4853 572/3875/5101 616/1930/5101 625/1929/5101 632/1937/5101 671/1962/5101 672/6285/5101 697/4360/3661 702/2089/1808 675/2091/1810 639/6286/5101 637/6287/5101 579/6288/5101
f 106/6047/5107 105/6291/5076 662/6292/5075 724/6293/5107 694/2151/5107
f 1219/3313/2857 1198/3314/2858 1221/4874/4055 1218/4873/4054 1220/6299/5118
f 2033/6302/2168 2072/6303/5121 2043/6304/5121 2038/6305/2169
f 1601/3114/2685 1584/3117/2688 1612/6307/5122 2533/6308/3580
f 2452/23/5123 1852/4563/3814 1798/4564/3815 1850/24/5123
f 1682/4129/4517 1654/4128/4906 1655/4095/4905 1663/4094/5124 1680/4093/4518
f 1452/3754/3200 1454/1637/1418 1455/1636/1417 1451/3755/3201
f 132/5868/4806 131/5871/4808 274/1080/918 275/1079/917
f 1249/5590/4599 1247/2996/2584 1213/2995/2583 1248/5591/4600
f 1819/6311/5126 1868/2782/2400 1874/1067/905 1822/5098/4235
f 766/541/441 692/410/1855 769/409/5127 156/542/442
f 862/2503/5128 865/2502/2214 864/115/2215 863/122/5129
f 1846/103/4164 1845/4941/4163 1847/3405/2931 1786/104/2930
f 755/2305/1983 7/2412/2063 6/6340/5173 128/6341/5173 795/2401/2057 750/2287/2056 757/2286/1984
f 870/4643/3882 873/4187/3541 869/2583/2208 868/811/671
f 1596/6362/3442 1590/6363/5189 1591/5031/4172 1887/5030/4171 1721/6364/3443
f 805/2425/2075 806/2424/2074 809/6207/5030 810/6206/5029
f 204/6371/5193 528/3428/2948 219/3427/2947 202/470/5193 203/469/5193
f 702/2181/1890 678/2178/1887 679/4342/3647 677/4341/3646
f 30/1367/1844 44/129/2762 1380/793/658 1386/792/657
f 1667/4463/3746 1685/5895/4823 1677/5894/4822 1676/4464/3747
f 1128/6372/5194 1147/6373/5195 1024/1942/1688 1022/1941/1687
f 2255/901/753 2254/904/756 2246/6374/5196 2213/3987/3390
f 2486/4224/3582 2527/4223/3581 1840/3872/3299 2503/5107/4624
f 316/6375/5197 317/1417/1222 463/1416/1221 305/1476/1269 313/1478/1271 330/6376/5197 350/6377/5197 361/6378/5197 409/6379/5197 408/6380/5197 377/6381/5197 363/6382/5197 352/6383/5197 339/6384/5197 327/6385/5197 321/6386/5197
f 2504/4171/3527 2485/5013/4625 1846/103/78 1841/28/13
f 1537/6387/5198 1493/6388/5198 1494/3665/3128 1439/3667/3130 1538/4253/3605 1536/4259/3609
f 1188/5954/4851 1195/5953/4850 2384/3369/2907 2385/3368/2906
f 242/6389/5199 201/6390/5200 145/3348/2892 96/3347/2891 2234/3346/2890
f 1842/1116/952 2352/4694/3927 2328/6391/5201 2330/1117/953
f 2276/5219/4329 1128/6392/5194 1022/6090/1687 2256/5220/4330
f 1554/4041/3438 167/4043/3440 46/6393/5202 52/4137/3509
f 940/2724/2352 966/2817/2433 967/2820/2436 963/2770/2388
f 510/4804/4001 459/2647/2274 294/3315/2860 1838/6394/5203
f 859/6037/4900 858/6036/4899 862/2503/5128 863/122/5129
f 2289/3762/3207 2290/6058/4911 2264/6057/4910 2272/3763/3208
f 1783/6397/5208 1786/6398/5208 1788/6399/5208 2561/6400/5208 2596/6401/5208 2583/6402/5208
f 1710/5648/4649 1611/6408/5214 1609/6409/5214 1610/5653/4651
f 584/6410/5215 638/6411/5216 636/2717/2346 583/2716/2345
f 812/2465/5219 816/2464/2109 814/2466/2108 813/2506/2832 847/3290/2835
f 1580/6413/5220 1546/6414/5220 1498/6415/5220 2464/4238/3596 2481/4241/3597
f 1818/2630/2256 2085/2629/2255 1817/6417/5221 1816/6418/5222
f 1818/6419/5223 1816/6420/5223 1867/6421/5223 1827/6422/5223
f 930/869/725 949/2752/5224 1003/2781/5224 1020/3727/3178 1041/3726/3177 1002/1982/5224 971/1981/5224 946/870/726
f 423/6423/5225 432/6424/5225 383/5110/4241 433/5111/4242 437/6425/5225 422/6426/5225 534/1641/1422 513/1643/1424
f 2170/2685/3391 2213/3987/3390 2246/6374/5196 1814/2686/5226
f 1859/4568/3819 1864/5077/4215 2376/3785/3225 2413/3784/3224
f 1550/5812/4774 1562/4372/3672 1751/4338/3643 1763/5813/4775
f 2363/4476/3756 10/4475/3755 1/1992/1724 2365/1991/1723
f 1443/3338/527 1903/3337/2885 1900/5735/4720 1979/4644/3883
f 1529/190/152 1528/193/155 1520/3246/2795 1571/1103/2794
f 1644/4077/3467 1648/4076/3466 1643/6428/5227 1621/6429/5227 1622/6430/5227 1627/6431/5227
f 924/1530/1323 925/1529/1322 929/2750/2341 928/2671/2343
f 1116/3071/2649 1095/3070/2648 1117/3097/2673 1115/3072/2669
f 1390/618/510 1425/6432/5228 1477/6433/5228 1469/6434/5228 1459/6435/5228 1450/6013/5228 1451/6012/5228 1455/6436/5228 1463/6437/5228 1470/6438/5228 1418/6439/5228 1420/615/507
f 772/2338/2011 767/2337/2010 808/2433/2083 807/2431/2081
f 66/261/5229 69/260/5229 124/6440/5229 131/6441/5229
f 1863/6442/5230 1861/6443/5230 1860/6023/4885 2409/6026/4888
f 2446/5550/2853 2440/5170/4291 2433/5169/4514 2397/5476/4513 2395/5415/4464 2362/4330/3636 2455/5585/5232
f 121/155/125 384/1205/1030 511/6444/5233 386/156/126
f 1050/3009/2593 1033/6445/5234 996/1445/1239 995/1444/1238 1013/6446/5234 1048/3010/2594
f 2127/5096/4232 2186/4288/4234 2117/4287/5235 2118/5009/5235
f 2165/2637/2261 2129/5050/4209 2163/3537/4208 2164/2638/2262
f 1052/3952/3358 1038/3955/3361 1063/6447/5236 1096/5802/4769 1095/3070/4768 1062/6448/5236
f 2006/6449/5237 1997/5793/4759 1906/5792/4758 1909/6450/5237 1911/3242/2789 2022/3241/2788
f 1703/6030/4893 1572/6455/5242 1538/6456/5242 1439/5527/4544 1440/5526/4543 1933/6457/5242 1599/6458/5242 1927/6031/4894
f 1020/2885/2489 1021/2841/2454 1067/3025/2608 1056/3024/2607
f 687/1085/923 711/1084/922 596/4637/3879 598/1858/3881
f 1147/6459/5243 1150/6460/5243 1132/6461/5243 1135/6462/5243 1119/3073/2653 1065/2028/1758 1061/2027/1757 1118/3060/5243 1130/3059/5243 1106/4843/5243 1072/3042/3062 1024/3591/3063
f 2554/5151/4277 2552/1593/1385 2575/1596/1387 2572/5152/4278
f 1730/6463/5244 1726/6464/5244 1722/6465/5244 1719/6466/5244 1711/6467/5244 1712/2096/1813 1713/4042/3551 1554/4041/5244 1555/3861/5244 315/1022/5244 1649/1129/5244 348/6468/5244 1560/6469/5244 165/6470/5244 1727/6471/5244 1557/1351/1161 1732/1350/1160
f 34/2371/2029 166/6472/5245 1833/6473/5245 1831/2372/2030
f 2408/6477/5248 2393/6478/5248 2392/6479/5248 2407/6480/5248
f 1297/1239/1061 1293/6009/4879 1292/6008/4878 1296/3455/2968
f 1978/1924/1671 2183/1923/1670 2136/1879/1628 6/1880/1629 7/1744/1514 1984/1750/1518
f 2244/1726/1497 2267/6483/5251 2272/6484/5251 2245/1727/1498
f 1802/4488/3765 1858/6485/5252 1807/6486/5252 1800/4482/3762
f 771/6487/5254 809/6488/5254 806/6489/5254 798/6490/5254 793/6491/5254 794/6492/5254 799/6493/5254 765/6494/5254 770/5970/4862 732/5969/4861
f 1619/6495/5255 1622/6496/5255 1621/6497/5255 1618/6498/5255
f 584/6410/5215 643/6499/4818 640/6500/4817 638/6411/5216
f 503/4597/3850 301/3752/3849 506/5150/4275 486/5149/4274
f 1774/5530/4546 1769/5223/4334 1770/4407/4333 1771/6501/5256 1773/5531/4547
f 1221/6502/5257 1198/6503/5257 1197/6504/5257 1194/6505/3817 1222/6506/3816
f 1484/3819/5258 1895/6507/5259 1892/4617/3867 1495/4711/3940
f 1916/6510/5260 1780/6511/5260 1778/5875/4812 1782/5874/4811 2013/6512/5260 2016/6513/5260 2017/3239/2787 1914/3238/2786
f 297/1357/1167 426/5904/4828 2015/5903/4827 2021/1358/1168
f 984/6514/5261 981/2499/2135 253/788/2134 233/787/1382 988/1590/1381
f 2530/5195/4311 2531/4009/3408 1606/4011/3410 1605/4006/3405 1708/4008/3407
f 1539/6516/5263 1400/831/689 1438/830/688 1496/6517/5263 1574/646/535 1598/645/534
f 1843/6518/4855 1815/3992/5264 1871/4581/4120 2091/4682/3919
f 264/5625/4641 1837/4596/3847 1838/4595/3846 272/5626/4642
f 2238/1875/3572 2241/4214/3573 2226/4710/3939 2211/3034/3938
f 1428/4120/3495 1434/5779/4747 64/5778/4746 65/6521/5268 63/4121/3496
f 1606/2358/2021 1615/2357/2020 1619/4097/3481 1605/4096/3480
f 1412/6525/3149 1385/3631/3095 1329/2387/2043 1358/2131/1842 1386/2130/657
f 139/341/5269 94/339/5269 129/6528/5269 130/6529/5269 132/1577/5269 95/1576/5269
f 337/633/522 328/632/521 324/6530/873 323/6531/884
f 2418/5441/5270 2439/526/427 2441/525/426 2404/5444/5270 2396/5442/5270
f 2145/4198/4317 2180/227/4316 2161/230/2598 2159/3012/2597
f 1503/3853/3280 1505/3852/3279 1500/6263/5090 1499/6268/5094
f 198/6539/789 529/6540/791 523/3957/3363 525/3956/3362
f 2204/2272/1965 2230/2271/1964 951/5123/1690 2205/5122/4249
f 1902/2086/1805 1905/1266/1083 1907/1265/1082 1994/6554/5280 1406/2083/1802
f 1817/6417/5221 2092/4897/4071 1866/4896/4070 1816/6418/5222
f 684/6560/4394 593/1057/897 649/1056/896 682/6561/5287 742/6562/4392
f 635/2060/5288 631/1938/5288 626/1931/5288 571/1928/5288 570/3876/5288 599/1863/5288 605/1902/5288 624/1901/5288 630/1913/5288 664/3309/2855 670/3312/2856
f 387/316/2695 457/1112/2694 304/955/5289 291/1571/5289
f 2270/6563/821 2263/53/37 267/52/36 174/51/35 1969/624/514 1965/6564/5290 1958/6565/822
f 1355/3629/3093 35/109/3262 36/108/5292 37/107/87 1356/114/89
f 1845/4941/4105 2479/3263/2810 2469/11/4603 1849/10/4106
f 1170/3177/2741 1169/3176/2740 1166/6575/5296 1165/6576/5296
f 1226/3570/1119 1303/2018/1748 2382/5598/4607 1224/6579/4210
f 971/1981/1713 969/1980/1712 944/1837/1587 946/870/1586
f 555/3599/3068 550/6063/4917 552/6062/4916 554/3600/3069
f 1484/3819/5258 1447/1710/1995 1897/2319/1994 1895/6507/5259
f 1120/3185/2748 1096/3022/2605 1121/3077/2657 1137/3186/2749
f 1626/4031/3430 1669/3255/2804 1668/3254/2803 1637/4040/3437
f 242/6389/5199 2259/5226/4337 254/5225/4336 201/6390/5200
f 1952/6594/5307 1948/2564/2191 1895/2563/2190 1897/6595/5307 1737/5685/4680 1959/5684/4679
f 440/821/680 438/5167/4288 492/1391/1197 447/239/178 435/1404/1210
f 1510/6596/5308 1502/4701/696 1924/1335/1148 1587/1334/1147
f 1499/6597/5309 1545/6598/4454 1401/1301/1118 1375/1300/1117
f 1544/6266/5093 2472/6265/5092 2470/6600/5311 1848/6601/5311 1794/6602/3058 1851/6603/3057 2461/6604/5311 2471/6605/5311
f 2355/6607/4430 2381/6608/4644 1196/6609/5312 1181/3206/2769 1180/3205/2768
f 434/520/421 439/1423/1228 422/1426/1230 437/521/422
f 895/2652/2286 889/2669/2285 885/2620/5313 893/2650/5313
f 2520/1739/3147 2523/1738/5316 2505/4193/5316 1604/2156/5316 2529/6616/5316 2608/5758/5316 2602/3696/3148
f 2450/3293/2838 2452/23/4568 2467/22/4598
usemtl Volume25
f 2842/1/1 2864/2/2 2843/3/3 2838/4/4 2839/5/5
f 2762/54/38 2775/55/39 2764/56/40 2739/57/41
f 3201/70/50 3100/71/51 3101/72/52 3202/73/53 3265/74/54
f 2741/75/55 2740/76/56 2707/77/57 2676/78/58 2708/79/59
f 3204/123/95 3203/124/96 3164/125/97 3163/126/98
f 3383/137/107 3377/138/108 3362/139/109 3378/140/110
f 2763/145/115 2774/146/116 2771/147/117 2744/148/118
f 3393/176/140 3404/177/141 3403/178/142 3401/179/143
f 3070/243/182 3065/244/183 3058/245/184 3062/246/185 3081/247/186
f 2919/307/240 2994/308/241 2904/309/242 2818/310/243
f 3155/311/244 3075/312/245 3074/313/246 3069/314/247 3104/315/248
f 2926/324/254 2983/325/255 2712/326/256 2722/327/257
f 2891/358/284 2893/359/285 2894/360/286 2829/361/287 2827/362/288
f 3072/442/351 2974/443/352 2885/444/353 2932/445/354
f 3320/450/359 2638/451/360 2640/452/361 2642/453/362 2647/454/363
f 2776/511/412 2804/512/413 2769/513/414 2741/75/55
f 2984/527/428 2981/528/429 2711/529/430 2983/530/431
f 2824/533/433 2761/534/434 2749/535/435 2772/536/436
f 3356/560/459 3372/561/460 3376/562/461 3344/563/462
f 3371/579/474 3368/580/475 3370/581/476 3271/582/477
f 3297/583/478 2755/584/479 2777/585/480 3296/586/481
f 3247/587/482 3251/588/483 3256/589/484 3200/590/485 3188/591/486 3213/592/487
f 3411/601/493 3415/602/494 3414/603/495 3318/604/496
f 3001/605/497 3002/606/498 3003/607/499 2996/608/500
f 2781/682/572 2834/683/573 2782/684/574 2775/55/39
f 2662/750/620 2792/751/621 2793/752/622 2650/753/623 2655/754/623 2757/755/624
f 3161/775/644 3198/776/645 3160/777/646
f 3040/794/659 2967/795/660 2965/796/661 3037/797/662
f 2754/832/690 2786/833/691 2785/834/692 2759/835/693 2742/836/694
f 2720/859/715 2692/860/716 2690/861/717 2704/862/718 2706/863/719
f 3231/876/728 3272/877/729 3269/878/730 3273/879/731
f 2963/890/742 2960/891/743 3016/892/744 3026/893/745
f 2656/911/763 2657/912/764 2792/913/765 2662/914/766
f 2975/933/780 3099/934/781 3201/70/50 3179/935/782 3178/936/783
f 2622/937/784 2679/938/785 3071/939/786 2635/940/787
f 3095/947/792 2680/948/793 3047/949/794 3045/950/795 3097/951/796
f 2630/962/807 2631/963/808 2612/964/809 3323/965/810
f 3003/984/830 3062/985/831 3055/986/832 3056/987/833
f 3018/993/839 3017/994/840 2899/995/841 2936/996/842 2956/997/839
f 2918/1013/858 2917/1014/859 2951/1015/860 2957/1016/861
f 2765/1068/906 3064/1069/907 3173/1070/908 3226/1071/909 2766/1072/910
f 2999/1073/911 2998/1074/912 3000/1075/913 3005/1076/914 3012/1077/915
f 2656/911/763 2663/1131/965 2657/912/764
f 3285/1135/969 3225/1136/970 3262/1137/971 3295/1138/972
f 2654/1144/975 2814/1145/976 2796/1146/977 2652/1147/978 2653/1148/979
f 2943/1149/980 2942/1150/981 3016/892/982 2961/1151/983
f 3396/1157/988 3407/1158/989 3402/1159/990 3395/1160/991
f 2671/1174/1002 2622/937/784 2620/1175/1003 2664/1176/1004
f 3359/1218/1043 3374/1219/1044 3358/1220/1045 3331/1221/1046
f 3317/1254/1072 3311/1255/1073 3313/1256/1074 3294/1257/1072 3262/1258/1075 3261/1259/1076
f 3399/1290/1107 3389/1291/1108 3390/1292/1109 3400/1293/1110
f 3212/1330/1143 3238/1331/1144 3246/1332/1145 3254/1333/1146
f 2774/146/116 2825/1347/1157 2780/1348/1158 2771/147/117
f 2776/511/412 2741/75/55 2708/79/59 2710/1362/1172 2746/1363/1173
f 2851/1454/1247 2875/1455/1248 2850/1456/1249 2794/1457/1250
f 3244/1467/1260 3236/1468/1261 3274/1469/1262 3237/1470/1263 3245/1471/1264
f 2765/1068/906 2619/1474/1267 2618/1475/1268 3064/1069/907
f 3107/1491/1284 3108/1492/1285 3112/1493/1286 3110/1494/1287
f 2820/1507/1300 2615/1508/1301 2800/1509/1302 2632/1510/1303
f 3070/243/182 3081/247/186 3021/1511/1304 3083/1512/1305 3077/1513/1306 3080/1514/1307
f 3137/1525/1319 3136/1526/1320 3165/1527/1320 3167/1528/1321
f 3262/1258/1075 3223/1569/1360 3203/124/96 3204/123/95
f 3260/1572/1363 3218/1573/1364 3195/1574/1365 3217/1575/1366
f 2663/1131/965 2760/1588/1378 2671/1174/1002 2664/1176/1004
f 2721/1617/1406 2759/835/693 2747/1618/1407 2693/1619/1408
f 2768/1647/1425 3302/1648/1426 3234/1649/1427 2760/1588/1378 2758/1650/1428
f 3376/1680/461 3381/1681/1456 3361/1682/1457 3347/1683/1458
f 3056/987/833 3055/986/832 3052/1706/1479 3051/1707/1480
f 3223/1716/1489 3225/1136/970 3172/1717/1490 3168/1718/1491
f 2620/1175/1003 2622/937/784 2635/940/787 2623/1730/1501 2621/1731/1502
f 3011/1733/1504 3006/1734/1505 3015/1735/1505 3025/1736/1506
f 2755/584/479 2654/1144/975 2653/1148/979 2777/585/480
f 3158/1803/1560 3195/1574/1365 3218/1573/1364 3204/1804/1561 3163/1805/1562 3119/1806/1562 3117/1807/1562 3115/1808/1562 3114/1809/1563
f 3322/1810/1564 3336/1811/1565 3356/560/459 3338/1812/1566
f 3221/1844/1592 3189/1845/1593 3198/1846/645 3200/590/485 3222/1847/1594
f 2669/1877/1626 2652/1147/978 2659/1878/1627 2619/1474/1267
f 2691/1909/1659 2668/1910/1660 2677/1911/1661 2676/78/58 2707/77/57
f 2881/1918/1665 2637/1919/1666 2624/1920/1667 2626/1921/1668
f 3007/1967/1697 2997/1968/1698 2931/1969/1699 2935/1970/1700
f 3366/2020/1750 3269/878/730 3272/877/729 3354/2021/1751
f 2658/2037/1764 2710/1362/1172 2708/79/59 2676/78/58
f 3413/2043/1769 3308/2044/1770 3412/2045/1771 3406/2046/1772
f 2829/361/287 2801/2051/1775 2798/2052/1776 2826/2053/1777
f 3276/2069/1790 3277/2070/1791 3275/2071/1792 3268/2072/1793
f 3185/2073/1794 3209/2074/1795 3235/2075/1796 3230/2076/1797 3236/1468/1261 3211/2077/1798 3210/2078/1799
f 3114/2121/1835 3112/2122/1286 3157/2123/1836 3193/2124/1837 3216/2125/1838 3212/2126/1839 3194/2127/1835
f 2615/1508/1301 2809/2128/1840 2831/2129/1841 2800/1509/1302
f 2686/2153/1861 2680/948/793 2660/2154/1862 2672/2155/1863
f 2819/2173/1882 2785/834/692 2856/2174/1883 2920/2175/1884 2919/307/240
f 3120/2299/1975 3139/2300/1976 3140/2301/1977 3122/2302/1978
f 3240/2377/2034 3208/2378/2035 3249/2379/2036 3242/2380/2037
f 2894/2391/286 2934/2392/2047 2938/2393/2048 2860/2394/2049
f 2637/2414/2065 2823/2415/2066 2636/2416/2067 2624/2417/2068
f 2848/2418/2069 2797/2419/2070 2763/2420/115 2752/2421/2071 2767/2422/2072
f 3077/2436/2086 3083/2437/2087 3082/2438/2087 3091/2439/2088
f 2654/1144/2090 2748/2441/2091 2649/2442/2092 2795/2443/2093 2814/1145/2094
f 3195/1574/1365 3158/1803/1560 3194/2468/2111 3212/2469/1143 3254/2470/1146 3217/1575/1366
f 3344/563/462 3343/2471/2112 3320/450/359 2647/454/363 3338/1812/1566 3356/560/459
f 2771/147/117 2780/1348/1158 2772/536/436 2751/2488/2124
f 2788/2527/2161 2619/1474/1267 2659/1878/1627 2817/2528/2162
f 3033/2540/2171 3030/2541/2172 3043/2542/2173 3034/2543/2174 3032/2544/2175
f 2828/2554/2182 2858/2555/2183 2859/2556/2184 2857/2557/2185
f 3403/178/142 3411/601/493 3318/604/496 3399/2558/1107
f 2895/2568/2195 2931/1969/1699 2928/2569/2196 2890/2570/2197 2857/2557/2185 2859/2556/2184
f 2920/2175/1884 2979/2573/2199 3094/2574/2200 3101/72/52 3100/71/51
f 3068/2575/2201 3069/314/247 3074/313/246 3067/2576/2202
f 2920/2175/1884 3100/71/51 2994/308/241 2919/307/240
f 2682/2611/2235 2687/2612/2236 2684/2613/2237 2665/2614/2238
f 2683/2621/2244 2700/2622/2245 2674/2623/2246 2646/2624/2247
f 3368/580/475 3365/2648/2276 3362/139/2277 3363/2649/2277
f 3359/1218/1043 3332/2665/2292 3375/2666/2293 3374/1219/1044
f 2801/2051/2298 2802/2670/2299 2624/2417/2068 2798/2052/2300
f 3192/2672/2302 3156/2673/2303 3108/1492/1285 3105/2674/2304 3153/2675/2305
f 2868/2697/2322 2916/2698/2322 2950/2699/2323 2951/2700/2324 2917/2701/859 2878/2702/2325 2869/2703/2326 2846/2704/2327 2845/2705/2328
f 2862/2706/2329 2936/996/842 2899/995/841 2863/2707/2330
f 2632/2708/2333 2799/2709/2334 2772/536/436 2780/1348/1158 2821/2710/2335
f 3085/2730/2358 3035/2731/2359 3027/2732/2360 3084/2733/2361
f 2930/2745/2369 2893/359/285 2891/358/284 2927/2746/2370
f 3331/1221/1046 3330/2767/2385 2641/2768/2386
f 2739/57/41 2738/2779/2397 2750/2780/2398 2762/54/38
f 2782/2789/574 2833/2790/2409 2783/2791/2410 2753/2792/2411
f 3150/2801/2420 3186/2802/2421 3184/2803/2422 3148/2804/2423
f 2639/2821/2437 3332/2665/2292 3331/1221/1046 2641/2768/2386
f 2835/2836/2450 2883/2837/2451 2853/2838/2452 2854/2839/2453
f 3164/2845/97 3168/1718/2457 3166/2846/2458 3119/2847/2459
f 2802/2852/2464 2836/2853/2465 2837/2854/2466 2806/2855/2467 2805/2856/2468 2787/2857/2469 2625/2858/2470
f 2857/2557/2185 2890/2570/2197 2889/2859/2471 2761/2860/434 2824/2861/433
f 3088/2872/2476 3090/2873/2477 3142/2874/2478 3089/2875/2479
f 3191/2878/2480 3154/2879/2481 3189/1845/2482 3221/1844/1592 3215/2880/2483
f 2861/2895/2500 2865/2896/2501 2842/2897/1 2837/2854/2466 2836/2853/2465
f 3268/2909/2510 3275/2910/2511 3273/2911/2512 3269/2912/2513 3367/2913/2514
f 3187/2948/2533 3155/311/244 3104/315/248 3151/2949/2534
f 3402/1159/990 3392/3023/2606 3381/1681/1456 3395/1160/991
f 2766/1072/910 2777/585/480 2653/1148/979 2669/1877/1626
f 3283/3046/2630 3287/3047/2631 3286/3048/2632 3292/3049/2633 3293/3050/2634
f 2840/3055/2640 2861/3056/2500 2836/3057/2465 2830/3058/2641
f 2985/3067/2644 3051/1707/1480 3047/949/2645 3046/3068/2646
f 3036/3087/2665 3038/3088/2666 3026/3089/745 3035/3090/2359
f 2811/3141/2710 2844/3142/2711 2791/3143/2712 2790/3144/2713
f 2881/1918/2714 2626/1921/2715 2623/1730/2716 2635/940/2717
f 2874/3147/2721 2792/3148/765 2813/3149/2722 2866/3150/2723
f 3287/3178/2631 3220/3179/2742 3219/3180/2743 3224/3181/2744
f 2973/3197/2758 3093/3198/2759 2886/3199/2760 2887/3200/2761
f 2921/3217/2776 2909/3218/2776 2946/3219/2776 2964/3220/2776
f 3198/776/645 3189/3225/1593 3154/3226/2778 3162/3227/2779 3129/3228/2780 3160/777/646
f 2747/1618/1407 2770/3243/2790 2746/1363/1173 2710/1362/1172 2658/2037/1764 2648/3244/2791 3321/3245/2792 2693/1619/1408
f 2781/682/572 2762/54/38 2750/2780/2398 2773/3259/2806 2779/3260/2807
f 2663/1131/965 2664/1176/1004 2790/3282/2713 2791/3283/2712 2657/912/764
f 3134/3284/2827 3086/3285/2828 3131/3286/2829 3116/3287/2830
f 2849/3297/2842 2884/3298/2843 2822/3299/2844 2841/3300/2845
f 3342/3316/2861 3326/3317/2862 3328/3318/2863 3335/3319/2864 3355/3320/2865
f 2930/3349/2369 2999/3350/2893 2933/3351/2894 2893/3352/285
f 3006/3353/2895 3012/3354/915 3010/3355/2896 3013/3356/2897
f 3391/3395/2922 3395/3396/991 3381/3397/1456 3376/562/461
f 3388/3398/2924 3397/3399/2925 3396/3400/988 3391/3395/2922
f 2783/2791/2410 2854/3401/2453 2853/3402/2452 2784/3403/2926
f 3071/939/786 3072/442/351 2932/445/354 2880/3433/2951
f 3361/1682/1457 3384/3449/2962 3379/3450/2963 3364/3451/2964
f 3093/3198/2759 3063/3478/2978 2929/3479/2979 2882/3480/2980
f 2968/3518/3010 3041/3519/3011 2972/3520/3012 2948/3521/3013
f 2802/2670/2299 2801/2051/2298 2860/3561/3044 2840/3055/2640 2830/3058/2641
f 3075/3583/3060 3155/3584/3060 3187/3585/3060 3185/2073/1794 3210/2078/1799 3152/3586/3060 3153/3587/3060 3105/3588/2304 3107/3589/1284
f 2809/2128/1840 2832/3622/3086 2872/3623/3087 2862/3624/3088 2831/2129/1841
f 2827/362/288 2829/361/287 2826/2053/1777 2773/3259/2806
f 2873/3625/3089 2844/3142/2711 2811/3141/2710 2843/3626/3090
f 3204/1804/1561 3218/1573/1364 3260/1572/1363 3261/3695/3146
f 2874/3147/2721 2908/3720/3171 2875/1455/3172 2851/1454/3173
f 2979/2573/2199 2920/2175/1884 2856/2174/1883 2896/3766/3211
f 3068/2575/2201 3103/3768/3213 3151/2949/2534 3104/315/248 3069/314/247
f 2636/2416/3222 2826/2053/1777 2798/2052/1776
f 3311/3793/3230 3291/3794/3231 3308/2044/1770 3413/2043/1769
f 3296/586/481 2777/585/480 2766/1072/910 3226/1071/909
f 2712/3814/3249 2711/529/430 2713/3815/3250 2717/3816/3251
f 2766/1072/910 2669/1877/1626 2619/1474/1267 2765/1068/906
f 2956/3866/3292 2954/3867/3293 2955/3868/3294 3018/3869/3295
f 2808/3884/3308 2812/3885/3309 2803/3886/3310 2789/3887/3311
f 3114/1809/1563 3194/2468/2111 3158/1803/1560
f 2927/2746/2370 2986/3901/3324 2991/3902/3325 2930/2745/2369
f 3344/563/462 3376/562/461 3347/3903/1458 3343/2471/2112
f 3382/3909/3327 3400/1293/1110 3374/1219/1044 3375/2666/2293
f 2801/3911/1775 2829/3912/287 2894/2391/286 2860/2394/2049
f 2852/3915/3330 2876/3916/3331 2877/3917/3332 2816/3918/3333
f 2870/3921/3335 2847/3922/3336 2832/3923/3086 2810/3924/3337 2803/3886/3310 2812/3885/3309 2846/2704/2327
f 2733/3958/3364 2923/3959/3365 2888/3960/3366 2743/3961/3367
f 3094/2574/2200 3257/3983/3386 3266/3984/3387 3202/73/53 3101/72/52
f 2881/1918/1665 2883/2837/3414 2835/2836/3414 2637/1919/1666
f 3240/2377/2034 3243/4032/3431 3239/4033/3432 3207/4034/3433
f 3390/1292/1109 3389/1291/1108 3380/4064/3455 3373/4065/3456 3357/4066/3457 3358/1220/1045
f 3385/4074/3464 3276/2069/1790 3367/4075/3465 3379/3450/2963
f 3263/4109/3488 3179/935/782 3201/70/50 3264/4110/3489
f 2750/2780/2398 2738/2779/2397 2723/4119/3494 2733/3958/3364 2743/3961/3367
f 3247/587/3503 3213/592/3504 3214/4132/3505 3255/4133/3506 3248/4134/3507 3278/4135/3508 3241/4136/3503
f 2681/4202/3559 2685/4203/3560 2682/2611/2235 2673/4204/3561
f 2721/1617/1406 2678/4205/3562 2670/4206/3563 2692/860/716 2709/4207/3564
f 2634/4208/3565 2633/4209/3566 2614/4210/3567 2879/4211/3568
f 2754/832/690 2783/2791/2410 2784/3403/2926 2896/3766/3211 2856/2174/1883 2786/833/691
f 2634/4208/3648 2618/1475/1268 2616/4343/3649 2633/4209/3650
f 2927/2746/2370 2925/4410/3704 2978/4411/3705 2986/3901/3324
f 3214/4132/3505 3199/4412/3706 3220/4413/2742 3255/4133/3506
f 3217/1575/1366 3289/4416/3709 3288/4417/3710 3290/4418/3711 3260/1572/1363
f 2819/2173/1882 2818/310/243 2746/1363/1173 2770/3243/2790
f 3007/1967/1697 2935/1970/1700 2899/995/841 3017/994/840
f 2858/4450/2183 2828/4451/2182 2799/2709/2334 2800/4452/3737 2831/4453/3738
f 2629/4467/3750 2627/4468/3751 2667/4469/3752 2638/4470/360
f 3162/4489/2779 3154/2879/2481 3191/2878/2480 3190/4490/3766 3159/4491/3767 3080/4492/3767 3128/4493/3768
f 2876/3916/3331 2949/4510/3774 2950/4511/2323 2916/4512/3775 2877/3917/3332
f 3372/561/460 3356/560/459 3336/1811/1565 3373/4065/3456 3380/4064/3455
f 2703/4544/3798 2691/1909/1659 2707/77/57 2728/4545/3799 2705/4546/3800
f 2720/859/715 2732/4547/3801 2709/4207/3564 2692/860/716
f 3402/1159/990 3406/4551/1772 3412/4552/1771 3392/3023/2606
f 2852/4556/3330 2816/4557/3333 2815/4558/3808 2796/1146/977 2814/1145/976
f 3253/4559/3809 3296/586/481 3226/1071/909 3252/4560/3810
f 2684/2613/2237 2689/4574/3823 2688/4575/3824 2667/4469/3752
f 3352/4578/3827 3363/2649/3828 3348/4579/3829 3349/4580/3830
f 2721/1617/1406 2693/1619/1408 2678/4205/3562
f 2867/4607/3860 2817/4608/2162 2815/4609/3808 2816/3918/3333 2877/3917/3332
f 3181/4633/3875 3147/4634/3876 3145/4635/3877 3180/4636/3878
f 3006/4646/3884 3011/4647/3885 2938/2393/2048 2934/2392/2047 2933/3351/2894
f 2696/4674/3912 2713/4675/3250 2711/4676/3913 2694/4677/3914
f 2754/832/690 2742/836/694 2709/4207/3564 2732/4547/3801
f 3327/4689/3922 3353/4690/3923 3267/4691/3924 3227/4692/3925 3180/4636/3878
f 3076/4824/4017 3084/2733/2361 3074/4825/4018 3075/4826/4018
f 2616/4343/4028 2617/4840/4029 2808/3884/3308 2789/3887/3311 2614/4210/3567 2633/4209/3566
f 3249/2379/2036 3250/4859/4043 3251/588/483 3279/4860/4044 3242/2380/4045
f 3199/4412/3706 3214/4132/3505 3213/592/3504 3188/591/4047 3197/4863/4048
f 2740/76/56 2767/2422/2072 2752/2421/2071 2728/4545/3799
f 2974/4876/352 2980/4877/4056 2784/3403/2926 2885/4878/353
f 3098/4879/4057 3149/4880/4058 3151/4881/2534 3103/4882/3213
f 2723/4119/3494 2724/4906/4076 2719/4907/4077 2976/4908/4078
f 2935/1970/1700 2895/2568/2195 2859/2556/2184 2863/2707/2330 2899/995/841
f 2767/2422/2072 2769/513/414 2804/512/413 2892/4911/4084 2855/4912/4085 2848/2418/2069
f 3001/4919/497 2997/4920/4091 3007/4921/1697 3002/4922/4092
f 2709/4207/3564 2742/836/694 2759/835/693 2721/1617/1406
f 2994/308/241 3099/934/781 2892/4911/4084 2804/512/413 2904/309/242
f 2994/308/241 3100/71/51 3201/70/50 3099/934/781
f 2679/938/785 2671/1174/1002 2760/1588/1378 3234/1649/1427
f 3050/5027/4168 3096/5028/4169 3145/4635/3877 3147/4634/3876 3098/4879/4057 3053/5029/4170
f 3066/5041/4182 3004/5042/4183 3060/5043/4184 3059/5044/4185 3067/5045/4186
f 2957/5062/4201 2936/5063/4202 2862/3624/3088 2872/3623/3087 2898/5064/4203 2903/5065/4204
f 2973/5068/2758 2887/5069/2761 2848/2418/2069 2855/4912/4085 2975/933/780
f 2649/2442/4220 2748/2441/4221 2655/5082/4222 2650/5083/4223
f 2679/938/785 3174/5108/4240 3072/442/351 3071/939/786
f 2813/5109/2722 2792/913/765 2657/912/764 2791/3283/2712
f 3216/5113/4245 3193/5114/1837 3192/2672/2302 3152/5115/4246 3210/5116/4245 3211/5117/4245 3244/5118/1260 3245/5119/1264
f 2924/5120/4248 2889/5121/2471 2926/324/254 2722/327/257
f 3369/5132/4264 3371/579/474 3279/4860/4265 3281/5133/4266
f 2636/2416/3222 2779/3260/2807 2773/3259/2806 2826/2053/1777
f 3117/5153/4279 3118/5154/4280 3134/3284/2827 3116/3287/2830
f 2940/5157/4282 2944/5158/4283 2906/5159/4284 2905/5160/4285
f 3377/138/108 3375/5161/2293 3332/5162/2292 3362/139/109
f 3076/4824/4017 3131/3286/2829 3086/3285/2828 3085/2730/2358
f 3299/5174/4293 3305/5175/4294 3258/5176/4295 3301/5177/4296
f 3295/5186/4302 3315/5187/4303 3314/5188/4304 3292/3049/4302 3286/3048/4305 3285/5189/4306
f 2845/2705/2328 2846/2704/2327 2812/3885/3309 2808/3884/3308 2807/5190/4307
f 2868/5191/4308 2845/5192/4309 2817/4608/2162 2867/4607/3860
f 2947/5197/4313 2922/5198/4313 2921/3217/4313 2964/3220/4313
f 3342/3316/2861 3351/5213/4323 3324/5214/4324 2613/5215/4325
f 3233/5216/4326 3228/5217/4327 3232/5218/4328 3243/4032/3431 3240/2377/2034
f 2830/3058/2641 2836/3057/2465 2802/2670/2464
f 2734/5233/4343 2744/5234/118 2737/5235/4344 2725/5236/4345
f 3404/177/141 3394/5240/4349 3405/5241/4350 3415/602/494
f 2620/1175/1003 2811/5242/2710 2790/3282/2713 2664/1176/1004
f 2959/5249/4357 2965/5250/4358 2946/5251/4359 2945/5252/4360
f 3354/2021/4377 3272/877/4378 3353/4690/4379 3341/5271/4380
f 2796/1146/977 2815/4558/3808 2817/2528/2162 2659/1878/1627 2652/1147/978
f 2949/5290/4398 2947/5291/4399 2967/5292/4400 2968/3518/3010
f 2978/4411/3705 2925/4410/3704 2888/3960/3366 2923/3959/3365
f 3283/3046/2630 3284/5299/4407 3255/4133/3506 3220/4413/2742 3287/3047/2631
f 3280/5311/4409 3386/5312/4410 3387/5313/4411 3270/5314/4412 3281/5133/4413
f 3277/2070/1791 3246/1332/1145 3238/1331/1144 3275/2071/1792
f 2807/5190/4307 2808/3884/3308 2617/4840/4029
f 3068/2575/2201 3059/5382/4439 3061/5383/4440 3103/3768/3213
f 3321/3245/2792 3322/1810/1564 2678/4205/3562 2693/1619/1408
f 3177/5394/4447 3259/5395/4448 3258/5176/4295 3257/5396/3386
f 3041/5402/3011 3040/794/659 3042/5403/4451 3043/5404/2173
f 2700/2622/2245 2703/5408/3798 2702/5409/4455 2699/5410/4456
f 2683/5462/2244 2675/5463/4499 2703/4544/3798 2700/5464/2245
f 3177/5394/4447 3176/5466/4501 2974/443/352 3072/442/351
f 3405/5241/4350 3386/5312/4410 3282/5517/4536 3316/5518/4537 3309/5519/4538
f 3123/5536/4552 3079/5537/4553 3078/5538/4554 3144/5539/4555
f 3237/5540/4556 3274/5541/4557 3273/2911/2512 3275/2910/2511 3238/5542/4558
f 2729/5559/4570 2720/859/715 2718/5560/4571 2727/5561/4572
f 3209/2074/4573 3183/5562/4574 3181/4633/3875 3227/4692/3925 3229/5563/4575 3235/2075/4576
f 2901/5576/4587 2908/3720/3171 2874/3147/2721 2866/3150/2723
f 3149/4880/4058 3098/4879/4057 3147/4634/3876 3181/4633/3875 3183/5562/4574
f 2797/2419/2070 2774/5589/116 2763/2420/115
f 2740/76/56 2728/4545/3799 2707/77/57
f 2989/5601/4615 2990/5602/4616 2983/325/255 2926/324/254 2889/5121/2471 2890/5603/2197
f 2938/5608/2048 3011/5609/3885 3016/892/744 2942/1150/4623
f 2868/5191/4308 2867/4607/3860 2877/3917/3332 2916/4512/3775
f 2753/2792/2411 2745/5639/4647 2764/5640/40 2782/2789/574
f 3050/5027/4168 3053/5029/4170 3061/5656/4440 3054/5657/4657 3049/5658/4658
f 3388/3398/2924 3391/3395/2922 3376/562/461 3372/561/460
f 2640/452/361 2690/861/717 2692/860/716 2670/4206/3563 2642/453/362
f 3412/4552/1771 3310/5693/4690 3307/5694/4691 3392/3023/2606
f 3170/5723/4715 3168/5724/1491 3172/5725/1490 3169/5726/4716
f 2990/5744/4723 2988/5745/4723 2997/4920/4091 3001/4919/497 2993/5746/4724 2984/527/428 2983/530/431
f 3197/5751/4048 3126/5752/4729 3196/5753/4730 3199/5754/3706
f 2645/5760/4734 2612/964/809 2646/2624/2247
f 2612/964/809 2631/963/808 2646/2624/2247
f 2614/4210/4736 2789/3887/4737 2615/5763/4738
f 2803/3886/3310 2810/3924/3337 2809/5765/1840 2615/5763/4738 2789/3887/4737
f 3039/5768/4741 3042/5403/4451 3040/794/659 3038/3088/2666 3036/3087/4742
f 2625/5769/2470 2787/5770/2469 2626/1921/1668
f 2626/1921/1668 2624/1920/1667 2625/5769/2470
f 2820/5780/4748 2614/4210/4736 2615/5763/4738
f 2640/452/361 2638/451/360 2667/5784/3752
f 2980/4877/4056 3094/2574/2200 2979/2573/2199 2896/3766/3211
f 3080/1514/1307 3159/5785/4753 3106/5786/4754 3065/244/183 3070/243/182
f 2927/2746/2370 2891/358/284 2827/362/288 2888/3960/3366 2925/4410/3704
f 2665/2614/2238 2627/4468/3751 2628/5787/4755
f 2666/5788/4756 2631/5789/808 2630/5790/807
f 2666/5788/4756 2639/2821/2437 2668/1910/1660
f 3230/2076/1797 3229/5563/4761 3267/4691/4762 3272/877/4378 3231/876/728
f 2645/5760/4734 2672/2155/1863 2643/5797/4763
f 2661/5798/4764 2665/2614/2238 2628/5787/4755
f 2646/2624/2247 2631/963/808 2683/2621/2244
f 2900/5801/4766 2864/2/2 2842/1/1
f 3187/3585/2533 3151/4881/2534 3149/4880/4058 3183/5562/4574 3209/2074/4573 3185/2073/4767
f 2672/2155/1863 2660/2154/1862 2643/5797/4763
f 2661/5798/4764 2682/2611/2235 2665/2614/2238
f 2661/5798/4764 2673/4204/3561 2682/2611/2235
f 2645/5760/4734 2646/2624/2247 2674/2623/2246
f 2672/2155/1863 2645/5760/4734 2674/2623/2246
f 2725/5807/4345 2737/5808/4344 2730/5809/4771 2717/5810/4772
f 3330/2767/2385 3329/5817/4776 2648/3244/2791 2658/2037/1764 2676/78/58 2677/1911/1661 2641/2768/2386
f 2666/5788/4756 2675/5463/4499 2683/5462/2244 2631/5789/808
f 2622/937/784 2671/1174/1002 2679/938/785
f 2675/5463/4499 2666/5788/4756 2668/1910/1660
f 3004/5821/4183 3010/3355/2896 3005/5822/914 3000/5823/4778
f 2674/2623/2246 2686/2153/1861 2672/2155/1863
f 2902/5828/4780 2918/1013/858 2903/5829/4204 2898/5830/4203 2871/5831/4781 2870/5832/3335 2869/5833/2326 2878/5834/2325
f 2811/3141/2710 2620/5835/1003 2621/5836/1502 2838/5837/4782 2843/3626/3090
f 2687/2612/2236 2682/2611/2235 2685/4203/3560
f 2674/2623/2246 2700/2622/2245 2686/2153/1861
f 2687/2612/2236 2689/4574/3823 2684/2613/2237
f 2697/5842/4786 2685/4203/4787 2695/5843/4788
f 2694/4677/3914 2686/2153/4790 2696/4674/3912
f 2698/5846/4791 2687/2612/4792 2697/5842/4786
f 2685/4203/4787 2697/5842/4786 2687/2612/4792
f 2714/5847/4793 2697/5842/4786 2715/5848/4794
f 2696/4674/3912 2700/2622/2245 2699/5410/4456
f 2700/2622/2245 2696/4674/3912 2686/2153/4790
f 2701/5849/4795 2698/5846/4791 2714/5847/4793
f 2689/4574/3823 2687/2612/4792 2698/5846/4791
f 2697/5842/4786 2714/5847/4793 2698/5846/4791
f 2689/4574/3823 2704/5850/718 2688/4575/3824
f 2706/863/719 2704/862/718 2701/5851/4795
f 2689/4574/3823 2701/5849/4795 2704/5850/718
f 2698/5846/4791 2701/5849/4795 2689/4574/3823
f 2739/57/41 2745/5852/4647 2727/5853/4572 2731/5854/4796
f 2719/5855/4798 2715/5856/4794 2976/4239/4799
f 2715/5848/4794 2697/5842/4786 2695/5843/4788
f 2714/5847/4793 2715/5848/4794 2719/4907/4798
f 2699/5410/4456 2713/4675/3250 2696/4674/3912
f 2699/5857/4456 2716/5858/4800 2713/3815/3250
f 2716/5858/4800 2717/3816/3251 2713/3815/3250
f 2714/5847/4793 2718/5859/4571 2701/5849/4795
f 2719/4907/4798 2718/5859/4571 2714/5847/4793
f 2716/5860/4800 2702/5861/4455 2705/4546/3800
f 2702/5861/4455 2716/5860/4800 2699/5862/4456
f 2716/5860/4800 2705/4546/3800 2726/5863/4801
f 2706/863/719 2718/5560/4571 2720/859/715
f 2701/5851/4795 2718/5560/4571 2706/863/719
f 2702/5861/4455 2703/4544/3798 2705/4546/3800
f 3039/5768/4741 3139/5864/4802 3090/5865/4803 3092/5866/4804
f 2717/5810/4772 2716/5867/4800 2725/5807/4345
f 2718/5859/4571 2719/4907/4077 2731/5854/4796
f 2731/5854/4796 2719/4907/4077 2724/4906/4076
f 2718/5859/4571 2731/5854/4796 2727/5853/4572
f 2651/5872/4809 2673/4204/3561 2661/5798/4764 2644/5873/4810
f 2859/2556/2184 2858/2555/2183 2831/5879/3738 2862/2706/2329 2863/2707/2330
f 2743/3961/3367 2888/3960/3366 2827/362/288 2773/3259/2806
f 3064/1069/907 2618/1475/1268 2634/4208/3648 2929/3479/2979
f 2736/5888/4816 2730/5809/4771 2737/5808/4344
f 2736/5888/4816 2722/327/257 2730/5809/4771
f 2724/4906/4076 2723/4119/3494 2738/2779/2397
f 2736/5888/4816 2737/5808/4344 2751/5896/2124
f 2652/1147/978 2669/1877/1626 2653/1148/979
f 2873/5897/4824 2843/3/3 2864/2/2 2900/5801/4766 2906/5898/4284 2907/5899/4825
f 2749/535/435 2761/534/434 2924/5900/4248
f 2737/5808/4344 2744/5901/118 2751/5896/2124
f 2735/5902/4826 2745/5639/4647 2753/2792/2411
f 2748/2441/2091 2654/1144/2090 2755/584/4830
f 2748/2441/2091 2755/584/4830 2778/5907/4831
f 2655/5082/4222 2748/2441/4221 2778/5907/4831
f 2757/755/624 2756/5908/4832 2662/750/620
f 3322/1810/1564 2647/454/363 2642/453/362 2670/4206/3563 2678/4205/3562
f 2663/1131/965 2758/1650/1428 2760/1588/1378
f 2743/3961/3367 2773/3259/2806 2750/2780/2398
f 2751/2488/2124 2749/535/435 2736/5909/4816
f 2764/56/40 2745/5852/4647 2739/57/41
f 2763/2420/115 2734/5233/4343 2752/2421/2071
f 2734/5233/4343 2763/2420/115 2744/5234/118
f 2845/2705/4309 2807/5190/4834 2617/4840/4835 2788/2527/2161 2817/2528/2162
f 2756/5910/4836 2768/1647/1425 2758/1650/1428
f 2749/535/435 2751/2488/2124 2772/536/436
f 2751/2488/2124 2744/148/118 2771/147/117
f 2770/3243/2790 2747/1618/1407 2759/835/693 2785/834/692 2819/2173/1882
f 3206/5943/4840 3232/5218/4841 3228/5217/4842 3335/3319/2864 3328/3318/2863
f 2762/54/38 2781/682/572 2775/55/39
f 2782/684/574 2764/56/40 2775/55/39
f 3319/5949/4845 2757/5950/4846 2655/5082/4222
f 2655/5082/4222 2778/5907/4831 3319/5949/4845
f 2754/832/690 2753/2792/2411 2783/2791/2410
f 2667/5784/3752 2688/5952/3824 2704/862/718 2690/861/717 2640/452/361
f 2755/584/4830 3297/583/4848 2778/5907/4831
f 2756/5910/4832 2757/5950/624 3319/5949/4845
f 3293/3050/2634 3314/5188/4849 3414/603/495 3309/5519/4538 3316/5518/4537
f 2794/5962/1250 2650/5083/4223 2793/5963/4856
f 2649/2442/4220 2650/5083/4223 2794/5962/1250
f 2649/2442/4220 2794/5962/1250 2795/2443/2093
f 2860/3561/3044 2938/5964/4858 2937/5965/4858 2897/5966/4859 2861/3056/2500 2840/3055/2640
f 2779/3260/2807 2636/2416/3222 2823/2415/4863
f 2823/2415/4863 2781/682/572 2779/3260/2807
f 2799/2709/2334 2632/2708/2333 2800/4452/3737
f 2898/5830/4203 2872/5971/3087 2847/5972/3336 2871/5831/4781
f 2624/2417/2068 2802/2670/2299 2625/5975/4866
f 3098/4879/4057 3103/4882/3213 3061/5656/4440 3053/5029/4170
f 2667/4469/3752 2627/4468/3751 2665/2614/2238 2684/2613/2237
f 2629/4467/3750 3325/5985/4869 2628/5787/4755 2627/4468/3751
f 2806/5986/2467 2839/5/5 2805/5987/4870
f 2810/5992/3337 2832/5447/3086 2809/5993/1840
f 3316/5518/4537 3284/5299/4407 3283/3046/2630 3293/3050/2634
f 3279/4860/4265 3251/588/483 3247/587/482 3241/4136/4872 3278/4135/4872 3281/5133/4266
f 2856/2174/1883 2785/834/692 2786/833/691
f 2793/5963/4856 2851/5994/1247 2794/5962/1250
f 2795/2443/2093 2794/5962/1250 2850/5997/1249
f 3393/176/140 3401/179/143 3400/5998/1110 3382/5999/3327
f 2913/6000/4874 2876/6001/4875 2852/4556/4876 2814/1145/2094 2795/2443/2093 2850/5997/1249
f 2820/1507/1300 2632/1510/1303 2821/6002/4877
f 2780/1348/1158 2825/1347/1157 2821/2710/2335
f 2822/6003/2844 2821/6002/4877 2825/6004/1157
f 2822/6003/2844 2820/1507/1300 2821/6002/4877
f 2799/2709/2334 2824/533/433 2772/536/436
f 2823/2415/4863 2834/683/573 2781/682/572
f 2841/6005/2845 2825/6004/1157 2797/6006/2070
f 2822/6003/2844 2825/6004/1157 2841/6005/2845
f 2769/513/414 2767/2422/2072 2740/76/56 2741/75/55
f 3303/6011/4880 3297/583/478 3296/586/481 3253/4559/3809
f 3417/6014/4882 3408/6015/4883 3397/6016/2925 3409/6017/4884
f 2782/684/574 2834/683/573 2833/6020/2409
f 2854/6021/2453 2833/6020/2409 2834/683/573
f 2834/683/573 2835/6022/2450 2854/6021/2453
f 2839/5/5 2806/5986/2467 2837/6027/2466
f 3080/4492/1307 3077/2436/1306 3078/5538/4889 3079/5537/4890
f 2774/146/116 2797/6028/2070 2825/1347/1157
f 2722/327/257 2712/326/256 2717/5810/4772 2730/5809/4771
f 2842/1/1 2839/5/5 2837/6027/2466
f 3357/4066/3457 3373/4065/3456 3336/1811/1565 3337/6029/4892
f 3097/951/796 3045/950/795 3052/1706/4896 3055/986/4897 3058/6033/184 3102/6034/4898
f 2832/3622/3086 2847/6035/3336 2872/3623/3087
f 2783/2791/2410 2833/2790/2409 2854/3401/2453
f 2847/5972/3336 2870/5832/3335 2871/5831/4781
f 2874/6049/2721 2851/6050/3173 2793/752/622 2792/751/621
f 2865/6054/4909 2861/3056/2500 2897/5966/4859
f 2893/3352/285 2933/3351/2894 2934/2392/2047 2894/2391/286
f 2870/3921/3335 2846/2704/2327 2869/2703/2326
f 2875/1455/1248 2913/6061/4874 2850/1456/1249
f 2820/5780/4748 2822/3299/2844 2879/4211/4913
f 2820/5780/4748 2879/4211/4913 2614/4210/4736
f 2879/4211/3568 2882/3480/4914 2634/4208/3565
f 2882/3480/2980 2929/3479/2979 2634/4208/3648
f 2881/1918/2714 2635/940/2717 2880/3433/4915
f 2835/6022/2450 2823/2415/2066 2637/2414/2065
f 2822/3299/2844 2884/3298/2843 2879/4211/4913
f 2882/3480/4914 2879/4211/3568 2884/3298/2843
f 2883/2837/2451 2881/1918/2714 2880/3433/4915
f 2834/683/573 2823/2415/2066 2835/6022/2450
f 2849/3297/2842 2886/3199/2760 2884/3298/2843
f 2882/3480/4914 2884/3298/2843 2886/3199/2760
f 2883/2837/2451 2885/444/353 2853/2838/2452
f 2880/3433/4915 2885/444/353 2883/2837/2451
f 2849/6064/2842 2848/2418/2069 2886/6065/2760
f 2886/6065/2760 2848/2418/2069 2887/5069/2761
f 2924/5120/4248 2761/6066/434 2889/5121/2471
f 3328/3318/2863 3326/3317/2862 3146/6067/4918 3182/6068/4919
f 2885/444/353 2784/6069/2926 2853/2838/2452
f 3096/5028/4169 2681/4202/3559 2673/4204/3561 2651/5872/4809
f 3056/987/833 2985/3067/2644 2993/6071/4921 2996/6072/500
f 2980/4877/4056 2896/3766/3211 2784/3403/2926
f 2897/6079/4924 2905/5160/4285 2900/6080/4766 2842/2897/1 2865/2896/2501
f 2902/5828/4780 2878/5834/2325 2917/1014/859
f 3126/5752/4928 3197/5751/4928 3188/6099/486 3200/6100/485 3198/776/645 3161/775/644 3127/6101/4929
f 2937/6102/4930 2905/5160/4285 2897/6079/4924
f 2905/5160/4285 2906/5159/4284 2900/6080/4766
f 2875/1455/1248 2908/3720/4931 2914/6103/4932
f 2908/6104/4933 2945/6105/4934 2909/6106/4935
f 2910/6107/4936 2908/6104/4933 2909/6106/4935
f 2911/6108/4937 2914/6109/4938 2908/6110/4939
f 2910/6111/4940 2911/6108/4937 2908/6110/4939
f 2913/6061/4874 2912/6112/4941 2876/3916/4875
f 2912/6113/4942 2914/6109/4943 2915/6114/4944
f 2911/6108/4945 2915/6114/4944 2914/6109/4943
f 2915/6114/4944 2911/6108/4945 2922/6115/4946
f 2788/2527/2161 2617/4840/4835 2616/4343/3649 2618/1475/1268 2619/1474/1267
f 2997/1968/1698 2988/6116/4947 2989/6117/4615 2928/2569/2196 2931/1969/1699
f 2902/5828/4780 2917/1014/859 2918/1013/858
f 2919/307/240 2818/310/243 2819/2173/1882
f 2909/6120/4948 2921/6121/4949 2910/6111/4950
f 2910/6111/4950 2921/6121/4949 2911/6108/4945
f 2912/6113/4942 2915/6114/4944 2922/6115/4951
f 2911/6108/4945 2921/6121/4949 2922/6115/4946
f 3415/602/494 3405/5241/4350 3309/5519/4538 3414/603/495
f 2880/3433/2951 2635/940/787 3071/939/786
f 2928/2569/2196 2989/6117/4615 2890/2570/2197
f 2895/2568/2195 2935/1970/1700 2931/1969/1699
f 3387/5313/4411 3383/137/107 3378/140/110 3365/2648/4953
f 3093/3198/2759 2882/3480/2980 2886/3199/2760
f 3233/5216/4954 3242/2380/4045 3279/4860/4044 3371/579/474
f 3240/2377/2034 3207/4034/3433 3190/4490/3766 3191/2878/2480 3215/2880/2483 3208/2378/2035
f 2636/2416/2067 2798/2052/2300 2624/2417/2068
f 2905/5160/4285 2937/6102/4930 2940/5157/4282
f 2944/6124/4956 2907/5899/4825 2906/5898/4284
f 2941/6128/4958 2944/6124/4959 2940/6129/4960
f 2939/6130/4961 2941/6128/4958 2940/6129/4960
f 2942/1150/981 2943/1149/980 2938/5608/4962
f 2939/6131/4961 2943/1149/4963 2961/1151/4964
f 2938/6132/4965 2940/5157/4282 2937/6102/4930
f 2939/6131/4961 2940/6133/4966 2938/5608/4967
f 2938/5608/4967 2943/1149/4963 2939/6131/4961
f 2944/6124/4968 2959/5249/4357 2945/5252/4360
f 2945/6105/4934 2946/6141/4972 2909/6106/4935
f 2947/5291/4399 2949/5290/4398 2912/6113/4942
f 2876/3916/3331 2912/6112/4973 2949/4510/3774
f 2949/5290/3774 2951/2700/2324 2950/2699/2323
f 2957/1016/861 2951/1015/860 2953/6142/4974
f 2949/5290/3774 2948/3521/4975 2970/6143/4976
f 2949/5290/3774 2970/6143/4976 2951/2700/2324
f 2951/2700/2324 2970/6143/4976 2952/6144/4977
f 2952/6144/4977 2955/6145/4978 2954/6146/4979
f 2953/6147/4980 2952/6144/4981 2954/6146/4982
f 2951/2700/4983 2952/6144/4981 2953/6147/4980
f 2955/3868/3294 2971/6148/4984 3018/3869/3295
f 3146/6067/4918 3326/3317/2862 2643/5797/4763 2660/2154/1862
f 2957/1016/861 2953/6142/4974 2956/6149/4985
f 2956/3866/3292 2953/6150/4986 2954/3867/3293
f 2918/1013/858 2957/1016/4201 2903/5829/4204
f 2957/5062/4201 2956/6153/4988 2936/5063/4202
f 2885/444/353 2880/3433/2951 2932/445/354
f 2939/6130/4961 2958/6154/4989 2941/6128/4958
f 2941/6128/4958 2958/6154/4989 2959/5249/4990
f 2959/5249/4990 2944/6124/4959 2941/6128/4958
f 3016/892/982 2960/891/4991 2961/1151/983
f 2961/1151/4964 2958/6155/4989 2939/6131/4961
f 2962/6156/4992 2961/6157/4992 2960/6158/4992
f 2959/6159/4993 2961/6157/4994 2962/6156/4995
f 2961/6157/4994 2959/6159/4993 2958/6160/4996
f 2962/6161/4997 2960/891/743 2963/890/742
f 2962/6162/4997 2963/6163/742 2966/6164/4998
f 2965/5250/4358 2964/6167/5000 2946/5251/4359
f 2965/5250/4358 2947/5291/4399 2964/6167/5000
f 2962/6162/4997 2965/5250/4358 2959/5249/4357
f 2962/6162/4997 2966/6164/4998 2965/5250/4358
f 2912/6113/4942 2922/6115/4951 2947/5291/4399
f 2948/3521/3013 2949/5290/4398 2968/3518/3010
f 3317/6168/5001 3261/3695/3146 3260/1572/1363 3290/4418/3711 3291/6169/3231
f 2947/5291/4399 2965/5250/4358 2967/5292/4400
f 2948/3521/4975 2969/6170/5003 2970/6143/4976
f 2969/6170/5004 2952/6144/4977 2970/6143/4976
f 2955/6145/4978 2952/6144/4977 2969/6170/5004
f 2972/6171/5005 2971/6172/5006 2955/6173/5007
f 2955/6173/5007 2969/6174/5008 2972/6171/5005
f 2972/6171/5009 2969/6174/5003 2948/6175/4975
f 3030/6176/2172 2971/6177/5010 3041/3519/3011
f 3041/3519/3011 2971/6177/5010 2972/3520/3012
f 3037/797/662 2966/6178/5011 3038/3088/2666
f 2965/796/661 2966/6178/5011 3037/797/662
f 2968/6179/5012 2967/795/660 3040/794/659
f 2968/6179/5012 3040/794/659 3041/5402/3011
f 2892/4911/4084 2975/933/780 2855/4912/4085
f 3099/934/781 2975/933/780 2892/4911/4084
f 2978/6180/5013 2715/6181/4794 2977/6182/5014
f 2976/4908/4799 2715/5848/4794 2978/4411/5013
f 3313/6183/5015 3315/5187/5016 3295/5186/972 3294/6184/5017
f 2711/4676/3913 2981/6185/5018 2694/4677/3914
f 2983/530/431 2711/529/430 2712/3814/3249
f 2976/4908/4078 2978/4411/3705 2923/3959/3365
f 2982/6186/5019 2978/6180/5013 2977/6182/5014
f 2981/6185/5018 2984/6187/5020 2985/3067/2644
f 2977/6189/5014 3048/6190/5021 2987/6191/5022
f 2987/6191/5022 2982/6192/5019 2977/6189/5014
f 2978/6180/5013 2982/6186/5019 2986/6193/5023
f 2989/5601/4615 2988/6194/4947 2990/5602/4616
f 2982/6186/5019 2987/6195/5022 2995/6196/5024
f 2991/6197/5025 2986/6193/5023 2982/6186/5019 2995/6196/5024 2998/1074/912
f 2993/6071/4921 2985/3067/2644 2984/6187/5020
f 2828/4451/2182 2857/6198/2185 2824/533/433 2799/2709/2334
f 2998/6200/5027 2995/6201/5024 2987/6191/5022 3057/6202/5028 3000/6203/4778
f 3001/605/497 2996/608/500 2993/6208/4724
f 2930/2745/2369 2991/3902/3325 2999/6209/2893
f 2991/6197/5025 2998/1074/912 2999/1073/911
f 3006/4646/3884 2933/3351/2894 2999/3350/2893
f 2999/1073/911 3012/1077/915 3006/6210/5031
f 3008/6211/5032 3020/6212/5033 3002/606/4092
f 3002/4922/4092 3007/4921/1697 3008/6213/5032
f 3066/6214/5034 3013/3356/2897 3010/3355/2896
f 2675/5463/4499 2668/1910/1660 2691/1909/1659 2703/4544/3798
f 3010/3355/2896 3012/3354/915 3005/5822/914
f 3015/6215/5035 3013/6216/5036 3014/6217/5037
f 3013/6216/5036 3015/6215/5035 3006/6218/5038
f 2738/2779/2397 2739/57/41 2731/5854/4796 2724/4906/4076
f 2971/6177/5010 3017/6221/5041 3018/6222/5042
f 3033/6223/5043 3023/6224/5044 3017/6221/5045
f 3017/994/840 3019/6225/5046 3007/1967/1697
f 3019/6226/5046 3008/6213/5032 3007/4921/1697
f 3021/6227/5047 3019/6228/5047 3022/6229/5047
f 3008/6211/5032 3019/6230/5048 3021/1511/1304
f 3022/6229/5049 3019/6228/5050 3023/6224/5044
f 3019/6228/5050 3017/6221/5045 3023/6224/5044
f 3024/6231/5051 3015/6215/5052 3014/6217/5053
f 3024/6231/5051 3025/6232/5054 3015/6215/5052
f 3025/6233/5055 3024/6234/5056 3028/6235/5057
f 3011/5609/3885 3028/6236/5058 3016/892/744
f 3026/893/745 3016/892/744 3028/6236/5058
f 3024/6234/5056 3027/6237/5059 3028/6235/5057
f 3011/1733/1504 3025/1736/1506 3028/6238/5060
f 3027/2732/2360 3029/6239/5061 3028/6236/5058
f 3029/6239/5061 3026/893/745 3028/6236/5058
f 2971/6177/5010 3033/6223/2171 3017/6221/5041
f 3033/6223/2171 2971/6177/5010 3030/6176/2172
f 3033/6240/5062 3032/6241/5063 3031/6242/5064
f 3031/6242/5064 3023/6243/5065 3033/6240/5062
f 3022/6244/5066 3023/6245/5067 3031/6246/5068
f 2963/6247/5069 3026/3089/745 3038/3088/2666
f 3038/3088/2666 2966/6178/5011 2963/6247/5069
f 3026/893/745 3029/6239/5061 3035/2731/2359
f 3037/797/662 3038/3088/2666 3040/794/659
f 3030/6249/2172 3041/5402/3011 3043/5404/2173
f 3096/5028/4169 3050/5027/4168 3049/5658/4658 3044/6250/5071
f 2695/5843/4788 2977/6189/5014 2715/5848/4794
f 3044/6250/5072 2695/5843/4788 2685/4203/4787
f 2685/4203/3560 2681/4202/3559 3044/6250/5071
f 2981/6185/5018 3046/3068/2646 2694/4677/3914
f 2686/2153/4790 2694/4677/3914 3046/3068/2646
f 2686/2153/4790 3046/3068/2646 3047/949/2645
f 2680/948/793 2686/2153/1861 3047/949/794
f 2695/5843/4788 3048/6190/5021 2977/6189/5014
f 3048/6190/5073 3044/6250/5072 3049/5658/5074
f 3044/6250/5072 3048/6190/5073 2695/5843/4788
f 2736/5888/4816 2749/6253/435 2924/5120/4248 2722/327/257
f 3046/3068/2646 2981/6185/5018 2985/3067/2644
f 2987/6191/5022 3048/6190/5021 2992/6254/5077
f 3047/949/2645 3051/1707/1480 3052/1706/1479
f 3047/949/794 3052/1706/4896 3045/950/795
f 2985/3067/2644 3056/987/833 3051/1707/1480
f 3184/2803/2422 3206/5943/4840 3328/3318/2863 3182/6068/4919 3148/2804/2423
f 2987/6191/5022 2992/6254/5077 3057/6202/5028
f 3059/5044/4185 3060/5043/4184 3057/6202/5079
f 3059/5044/4439 3054/5657/4657 3061/5656/4440
f 3000/6203/4778 3057/6202/5028 3004/5042/4183
f 3004/5042/4183 3057/6202/5028 3060/5043/4184
f 3058/245/184 3055/6256/4897 3062/246/185
f 3056/987/833 2996/6072/500 3003/984/499
f 3063/3478/2978 3064/1069/907 2929/3479/2979
f 3004/5821/4183 3066/6214/4182 3010/3355/5081
f 3255/4133/3506 3284/5299/4407 3316/5518/4537 3282/5517/4536 3248/4134/3507
f 3068/2575/2201 3067/2576/2202 3059/5382/4439
f 2746/1363/1173 2818/310/243 2904/309/242 2804/512/413 2776/511/412
f 3407/6257/989 3408/6258/5082 3406/2046/1772 3402/6259/990
f 3386/5312/4410 3394/5240/4349 3383/137/107 3387/5313/4411
f 3013/6216/5083 3067/6260/5083 3014/6217/5083
f 3066/6214/5034 3067/6261/5084 3013/3356/2897
f 3014/6217/5085 3067/6260/5086 3073/6262/5087
f 3067/6260/5086 3074/4825/5088 3073/6262/5087
f 3084/2733/5089 3073/6262/5087 3074/4825/5088
f 3008/6211/5032 3021/1511/1304 3020/6212/5033
f 3021/1511/1304 3081/247/186 3020/6212/5033
f 3009/6277/5096 3020/6278/5033 3081/6279/186
f 3082/2438/5097 3021/6280/5098 3022/6244/5099
f 3021/6280/5098 3082/2438/5097 3083/2437/5100
f 3014/6217/5053 3073/6262/5102 3024/6231/5051
f 3024/6234/5103 3073/6289/5104 3027/6237/5105
f 3027/6237/5105 3073/6289/5104 3084/6290/5106
f 3027/2732/2360 3035/2731/2359 3029/6239/5061
f 3084/2733/2361 3076/4824/4017 3085/2730/2358
f 3031/6242/5108 3032/6241/5109 3087/6294/5110
f 3077/2436/2086 3091/2439/2088 3087/6295/5111
f 3087/6295/5112 3032/2544/2175 3034/2543/2174
f 3034/2543/2174 3088/2872/2476 3087/6295/5112
f 3077/2436/1306 3087/6295/5112 3078/5538/4889
f 3088/2872/2476 3078/5538/4889 3087/6295/5112
f 3089/2875/2479 3078/5538/4889 3088/2872/2476
f 3031/6246/5068 3082/2438/5113 3022/6244/5066
f 3031/6246/5068 3091/2439/5114 3082/2438/5113
f 3091/6296/5115 3031/6242/5108 3087/6294/5110
f 3036/3087/2665 3035/3090/2359 3085/6297/5116
f 3086/6298/5117 3036/3087/2665 3085/6297/5116
f 3088/6300/5119 3034/6301/5120 3042/5403/4451
f 3042/5403/4451 3039/5768/4741 3092/5866/4804
f 3043/5404/2173 3042/5403/4451 3034/6301/5120
f 3092/5866/4804 3088/6300/5119 3042/5403/4451
f 3092/5866/4804 3090/5865/4803 3088/6300/5119
f 2980/4877/4056 2974/4876/352 3176/6306/4501
f 2680/948/793 3095/947/792 2660/2154/1862
f 3096/5028/4169 3044/6250/5071 2681/4202/3559
f 3337/6029/4892 3336/1811/1565 3322/1810/1564 3321/3245/2792
f 3058/245/184 3065/244/183 3102/6309/4898
f 3173/1070/908 3063/3478/2978 3093/3198/2759 3175/6310/5125
f 3109/6312/5130 3076/4824/5131 3075/4826/5132
f 3109/6312/5130 3075/4826/5132 3111/6313/5133
f 3107/1491/1284 3110/1494/1287 3075/6314/5134
f 3075/4826/5132 3110/6315/5135 3111/6313/5133
f 3114/6316/5136 3110/1494/1287 3112/1493/1286
f 3113/6317/5137 3109/6312/5138 3111/6313/5139
f 3110/6315/5140 3113/6317/5137 3111/6313/5139
f 3115/6318/5141 3116/6319/5142 3133/6320/5143
f 3113/6317/5144 3110/6315/5144 3114/6321/5144
f 3115/6318/5141 3133/6320/5143 3114/6322/5145
f 3114/6322/5145 3133/6320/5143 3113/6323/5137
f 3115/6318/5141 3117/6324/5146 3116/6319/5142
f 3118/5154/4280 3117/5153/4279 3119/6325/5147
f 3169/5726/5148 3140/2301/5149 3141/6326/5150
f 3121/6327/5151 3120/2299/1975 3122/2302/1978
f 2866/3150/2723 2813/3149/2722 2791/3143/2712 2844/3142/2711 2901/5576/4587
f 3169/5726/5148 3122/2302/5152 3140/2301/5149
f 3079/5537/4553 3123/5536/4552 3080/4492/5153
f 3125/6328/5154 3123/5536/5155 3144/5539/5156
f 3125/6328/5154 3124/6329/5157 3080/4492/5158
f 3080/4492/5158 3123/5536/5155 3125/6328/5154
f 3129/3228/5159 3080/6330/5160 3124/6331/5161
f 3080/6330/5160 3129/3228/5159 3128/6332/5162
f 3129/3228/5159 3124/6331/5161 3127/6101/4929
f 3130/6333/5163 3121/6327/5164 3124/6329/5165
f 3125/6328/5154 3130/6333/5163 3124/6329/5165
f 3126/5752/4729 3124/6331/5161 3121/6334/5166
f 3124/6331/5161 3126/5752/4729 3127/6101/4929
f 3131/6335/5167 3076/6336/5168 3109/6337/5169
f 3109/6337/5169 3132/6338/5170 3131/6335/5167
f 3131/6335/5171 3132/6338/5172 3116/6339/5142
f 3109/6312/5138 3113/6317/5137 3132/6342/5174
f 3116/6319/5142 3132/6343/5172 3133/6320/5143
f 3132/6342/5174 3113/6317/5137 3133/6344/5143
f 3118/6345/5175 3137/6346/5176 3135/6347/5177
f 3136/6348/5178 3137/6346/5176 3118/6345/5175
f 3119/6325/5147 3136/1526/5179 3118/5154/4280
f 3118/6349/4280 3138/6350/5180 3134/6351/2827
f 3118/6349/4280 3139/2300/1976 3138/6350/5180
f 3142/2874/2478 3139/2300/1976 3120/2299/1975
f 3142/2874/2478 3090/2873/2477 3139/2300/1976
f 3140/2301/1977 3139/2300/1976 3135/6352/5181
f 3139/2300/1976 3118/6349/4280 3135/6352/5181
f 3142/6353/5182 3144/6354/5182 3089/6355/5182
f 3120/6356/5183 3144/6354/5184 3142/6353/5185
f 3144/6354/5184 3120/6356/5183 3143/6357/5186
f 3078/6358/4554 3089/6359/5187 3144/6360/4555
f 3144/5539/5156 3143/6361/5188 3125/6328/5154
f 3130/6365/5163 3143/6357/5188 3120/6356/5190
f 3120/6366/5190 3121/6367/5164 3130/6368/5163
f 3125/6328/5154 3143/6361/5188 3130/6333/5163
f 3138/6369/5191 3039/5768/4741 3134/6370/5192
f 3139/5864/4802 3039/5768/4741 3138/6369/5191
f 2651/5872/4809 3145/4635/3877 3096/5028/4169
f 2723/4119/3494 2976/4908/4078 2923/3959/3365 2733/3958/3364
f 3161/775/644 3160/777/646 3129/3228/5159
f 3105/2674/2304 3108/1492/1285 3107/1491/1284
f 3108/1492/1285 3156/2673/2303 3112/1493/1286
f 3164/125/97 3119/6395/5204 3163/126/98
f 3119/6325/5147 3166/6396/5205 3165/1527/5206
f 3167/1528/5207 3165/1527/5206 3166/6396/5205
f 3203/6403/96 3168/1718/2457 3164/2845/97
f 3171/6404/5209 3170/5723/5210 3169/5726/5148
f 3171/6404/5209 3169/5726/5148 3141/6326/5150
f 3171/6404/5209 3167/6405/5211 3170/5723/5210
f 3166/6406/5212 3170/5723/5210 3167/6405/5211
f 3170/6407/5213 3166/2846/2458 3168/1718/2457
f 3161/775/644 3129/3228/5159 3127/6101/4929
f 3128/6332/3768 3129/3228/2780 3162/3227/2779
f 3119/6325/5147 3165/1527/5206 3136/1526/5179
f 3141/6326/5217 3137/6412/1319 3171/6404/5218
f 3171/6404/5218 3137/6412/1319 3167/6405/1321
f 3064/1069/907 3063/3478/2978 3173/1070/908
f 2679/938/785 3234/1649/1427 3174/5108/4240
f 3072/442/351 3174/5108/4240 3177/5394/4447
f 3146/6067/4918 2660/2154/1862 3095/947/792
f 3175/6310/5125 3093/3198/2759 2973/3197/2758
f 2975/933/780 3178/936/783 2973/5068/2758
f 3175/6310/5125 2973/3197/2758 3178/6416/783
f 3094/2574/2200 2980/4877/4056 3176/6306/4501
f 2758/1650/1428 2663/1131/965 2656/911/763 2662/914/766 2756/5910/4836
f 3153/2675/2305 3152/5115/4246 3192/2672/2302
f 3157/6427/1836 3192/2672/2302 3193/5114/1837
f 2735/5902/4826 2753/2792/2411 2754/832/690 2732/4547/3801
f 3223/1716/1360 3168/1718/2457 3203/6403/96
f 3227/4692/3925 3181/4633/3875 3180/4636/3878
f 3095/947/792 3097/951/796 3182/6068/4919 3146/6067/4918
f 3358/1220/1045 3357/4066/3457 3329/5817/4776 3330/2767/2385 3331/1221/1046
f 3256/589/484 3250/4859/4043 3222/1847/1594
f 3059/5044/4185 3057/6202/5079 2992/6254/5231 3048/6190/5073 3049/5658/5074 3054/5657/5231
f 3200/590/485 3256/589/484 3222/1847/1594
f 3220/3179/2742 3199/5754/3706 3196/5753/4730 3219/3180/2743
f 3172/5725/1490 3225/6451/5238 3224/6452/5239 3205/6453/5240 3169/5726/4716
f 3219/3180/2743 3205/6454/5241 3224/3181/2744
f 3156/2673/2303 3192/2672/2302 3157/6427/1836 3112/1493/1286
f 3252/4560/3810 3226/1071/909 3173/1070/908
f 3267/4691/3924 3229/5563/4575 3227/4692/3925
f 2752/2421/2071 2734/5233/4343 2726/5863/4801 2705/4546/3800 2728/4545/3799
f 3177/5394/4447 3174/5108/4240 3259/5395/4448
f 3126/5752/4729 3121/6334/5166 3122/6474/5246 3169/6475/5247 3196/5753/4730
f 3236/1468/1261 3230/2076/1797 3231/876/728
f 2849/6064/2842 2841/6476/2845 2797/2419/2070 2848/2418/2069
f 3134/6370/5192 3039/5768/4741 3036/3087/2665 3086/6298/5117
f 3137/6346/5249 3141/6481/5249 3140/6482/5249 3135/6347/5249
f 3240/2377/2034 3242/2380/2037 3233/5216/4326
f 3211/2077/1798 3236/1468/1261 3244/1467/5250
f 2644/5873/4810 3180/4636/3878 3145/4635/3877 2651/5872/4809
f 3250/4859/4043 3256/589/484 3251/588/483
f 2914/6103/4932 2912/6112/5253 2913/6061/4874 2875/1455/1248
f 3215/2880/2483 3221/1844/1592 3222/1847/1594 3250/4859/4043 3249/2379/2036 3208/2378/2035
f 3175/6310/5125 3252/4560/3810 3173/1070/908
f 3177/5394/4447 3257/5396/3386 3176/5466/4501
f 3225/6451/5238 3285/5189/4306 3224/6452/5239
f 3262/1137/971 3225/1136/970 3223/1716/1489
f 3261/1259/1076 3262/1258/1075 3204/123/95
f 3178/6416/783 3263/6508/3488 3175/6310/5125
f 3263/6508/3488 3178/6416/783 3179/6509/782
f 3265/74/54 3264/4110/3489 3201/70/50
f 3094/6515/2200 3176/5466/4501 3257/5396/3386
f 3353/4690/4379 3272/877/4378 3267/4691/4762
f 3230/2076/1797 3235/2075/1796 3229/5563/4761
f 3271/582/5262 3228/5217/4327 3233/5216/4326
f 3009/6277/5096 3081/6279/186 3062/985/831 3003/984/830
f 3273/879/731 3274/1469/1262 3231/876/728
f 3097/951/796 3102/6034/4898 3150/2801/2420 3148/2804/2423 3182/6068/4919
f 3343/2471/2112 3346/6519/5265 3345/6520/5266 3320/450/359
f 3270/5314/5267 3369/5132/4264 3281/5133/4266
f 3371/579/474 3271/582/477 3233/5216/4954
f 3236/1468/1261 3231/876/728 3274/1469/1262
f 3295/1138/972 3262/1137/971 3294/6522/5017
f 3287/3178/2631 3224/3181/2744 3286/6523/2632
f 3286/3048/4305 3224/6452/5239 3285/5189/4306
f 3002/606/498 3020/6212/5033 3009/6524/5096 3003/607/499
f 2735/5902/4826 2732/4547/3801 2720/859/715 2729/5559/4570
f 3280/5311/4409 3282/5517/4536 3386/5312/4410
f 3288/6526/3710 3289/6527/3709 3277/2070/1791
f 2944/6532/5271 2945/6533/5271 2908/3720/3171 2901/5576/4587 2844/3142/2711 2873/3625/3089 2907/6534/5271
f 3298/6535/5272 2778/5907/4831 3297/583/4848
f 2756/6536/4832 3319/6537/4845 3299/6538/5273
f 2768/1647/1425 2756/5910/4836 3299/5174/4293
f 2768/1647/1425 3301/5177/4296 3302/1648/1426
f 3303/6011/5274 3298/6535/5272 3297/583/4848
f 3304/6541/5275 3298/6535/5272 3303/6011/5274
f 2768/1647/1425 3299/5174/4293 3301/5177/4296
f 3258/5176/4295 3259/5395/4448 3301/5177/4296
f 3259/5395/4448 3302/1648/1426 3301/5177/4296
f 3263/6508/3488 3303/6011/4880 3253/4559/3809
f 3264/6542/3489 3303/6011/4880 3263/6508/3488
f 3264/6542/3489 3265/6543/54 3304/6541/5275
f 3264/6542/3489 3304/6541/5275 3303/6011/5274
f 3265/6543/54 3306/6544/5276 3304/6541/5275
f 3300/6545/5277 3304/6541/5275 3306/6544/5276
f 3306/6544/5276 3305/5175/4294 3300/6545/5277
f 3300/6545/5277 3305/5175/4294 3299/5174/5273
f 3202/6546/53 3266/6547/3387 3305/5175/4294
f 3266/6547/3387 3258/5176/4295 3305/5175/4294
f 3257/5396/3386 3258/5176/4295 3266/6547/3387
f 3306/6548/5276 3265/74/54 3202/73/53
f 3202/6546/53 3305/5175/4294 3306/6544/5276
f 3288/6526/3710 3307/5694/4691 3310/5693/4690
f 3412/4552/1771 3308/6549/1770 3310/5693/4690
f 3106/6550/4754 3159/4491/4753 3190/4490/5278 3186/2802/2421
f 3310/5693/4690 3290/6551/3711 3288/6526/3710
f 3291/6169/3231 3311/6552/3230 3317/6168/5001
f 3413/6553/5279 3313/1256/1074 3311/1255/1073
f 2745/5639/4647 2735/5902/4826 2729/5559/4570 2727/5561/4572
f 3293/3050/2634 3292/3049/2633 3314/5188/4849
f 3278/4135/3508 3248/4134/3507 3282/5517/4536 3280/5311/4409 3281/5133/4413
f 3413/6553/5279 3418/6555/5281 3313/1256/1074
f 3313/1256/1074 3418/6555/5281 3312/6556/5282
f 3416/6557/5283 3312/6558/5284 3418/6559/5285
f 3315/5187/4303 3416/6557/5283 3314/5188/4304
f 3314/5188/4304 3416/6557/5283 3318/604/5286
f 3416/6557/5283 3315/5187/5016 3312/6558/5284
f 3414/603/495 3314/5188/4849 3318/604/496
f 3313/6183/5015 3312/6558/5284 3315/5187/5016
f 3319/5949/4845 2778/5907/4831 3298/6535/5272
f 3319/5949/4845 3298/6535/5272 3300/6545/5277
f 3299/5174/5273 3319/5949/4845 3300/6545/5277
f 3304/6541/5275 3300/6545/5277 3298/6535/5272
f 2628/5787/4755 2644/5873/4810 2661/5798/4764
f 2643/5797/4763 2613/5215/4325 2645/5760/4734
f 3329/5817/4776 3337/6029/4892 3321/3245/2792 2648/3244/2791
f 2630/5790/807 2639/2821/2437 2666/5788/4756
f 2613/5215/4325 2612/964/809 2645/5760/4734
f 2644/5873/4810 2628/5787/4755 3325/5985/4869
f 2613/5215/4325 2643/5797/4763 3326/3317/2862
f 3332/2665/2292 2639/2821/2437 2630/5790/807 3333/6566/5291 3349/6567/3830 3348/6568/3829
f 3323/965/810 2612/964/809 3324/5214/4324
f 2613/5215/4325 3324/5214/4324 2612/964/809
f 2644/5873/4810 3325/5985/4869 3327/4689/3922
f 3180/4636/3878 2644/5873/4810 3327/4689/3922
f 2647/454/363 3322/1810/1564 3338/1812/1566
f 2629/4467/3750 2638/4470/360 3334/6569/5293
f 3323/6570/810 3333/6566/5291 2630/5790/807
f 3325/5985/4869 2629/4467/3750 3340/6571/5294
f 3327/4689/3922 3325/5985/4869 3341/5271/5295
f 3326/3317/2862 3342/3316/2861 2613/5215/4325
f 3205/6454/5241 3219/3180/2743 3196/5753/4730 3169/6475/5247
f 3310/6572/4690 3308/6573/1770 3291/6169/3231 3290/4418/3711
f 3186/2802/2421 3150/2801/2420 3102/6034/4898 3065/6574/183 3106/6550/4754
f 3334/6569/5293 3340/6571/5294 2629/4467/3750
f 3320/450/359 3334/6577/5293 2638/451/360
f 3325/5985/4869 3340/6571/5294 3341/5271/5295
f 3323/965/810 3324/5214/4324 3339/6578/5297
f 3351/5213/4323 3339/6578/5297 3324/5214/4324
f 3353/4690/3923 3327/4689/3922 3341/5271/5295
f 3335/3319/2864 3228/5217/4842 3355/3320/2865
f 2726/5863/4801 2734/5233/4343 2725/5236/4345 2716/5860/4800
f 3320/450/359 3345/6520/5266 3334/6577/5293
f 2677/1911/1661 2668/1910/1660 2639/2821/2437 2641/2768/2386
f 3347/3903/1458 3346/6519/5265 3343/2471/2112
f 3339/6578/5297 3333/6580/5291 3323/965/810
f 3349/4580/3830 3333/6580/5291 3339/6578/5297
f 3345/6581/5266 3340/6571/5294 3334/6569/5293
f 3340/6571/5294 3345/6581/5266 3350/6582/5298
f 3340/6571/5294 3350/6582/5298 3341/5271/4380
f 3349/4580/3830 3339/6578/5297 3352/4578/3827
f 3352/4578/3827 3339/6578/5297 3351/5213/5299
f 3254/2470/1146 3246/6583/1145 3277/6584/1791 3289/4416/3709 3217/1575/1366
f 3354/2021/4377 3341/5271/4380 3350/6582/5298
f 3342/3316/2861 3355/3320/2865 3351/5213/4323
f 3271/582/5262 3355/3320/5300 3228/5217/4327
f 3357/4066/3457 3337/6029/4892 3329/5817/4776
f 3212/2126/1839 3216/2125/1838 3245/6585/5301 3237/5540/4556 3238/5542/4558
f 3332/2665/2292 3359/1218/1043 3331/1221/1046
f 3347/3903/1458 3360/6586/5302 3346/6519/5265
f 3239/4033/5303 3243/4032/5303 3232/5218/4841 3206/5943/4840 3184/2803/2422 3207/4034/5304
f 3332/2665/2292 3348/6568/3829 3362/6587/109
f 3348/4579/3829 3363/2649/3828 3362/139/109
f 3346/6588/5265 3360/6589/5302 3345/6581/5266
f 3350/6582/5298 3345/6581/5266 3360/6589/5302
f 3364/6590/5305 3360/6591/5302 3347/6592/1458
f 3361/1682/1457 3364/3451/2964 3347/1683/1458
f 3370/581/476 3363/2649/3828 3352/4578/3827
f 3363/2649/3828 3370/581/476 3368/580/475
f 3350/6582/5298 3366/2020/1750 3354/2021/1751
f 3360/6589/5302 3366/2020/1750 3350/6582/5298
f 3364/6590/5305 3366/6593/1750 3360/6591/5302
f 3366/6593/1750 3364/6590/5305 3367/2913/2514
f 3368/580/475 3369/5132/4264 3365/2648/2276
f 3352/4578/3827 3351/5213/5299 3370/581/5306
f 3351/5213/5299 3355/3320/5300 3370/581/5306
f 3370/581/5306 3355/3320/5300 3271/582/5262
f 3367/2913/2514 3269/2912/2513 3366/6593/1750
f 3268/2072/1793 3367/4075/3465 3276/2069/1790
f 3369/5132/4264 3270/5314/5267 3365/2648/2276
f 3368/580/475 3371/579/474 3369/5132/4264
f 3307/5694/4691 3288/6526/3710 3277/2070/1791 3276/2069/1790 3385/4074/3464
f 3362/139/109 3365/2648/4953 3378/140/110
f 3367/4075/3465 3364/3451/2964 3379/3450/2963
f 3365/2648/4953 3270/5314/4412 3387/5313/4411
f 3390/1292/1109 3358/1220/1045 3374/1219/1044
f 3375/5161/2293 3377/138/108 3382/5999/3327
f 3381/1681/1456 3384/3449/2962 3361/1682/1457
f 3384/3449/2962 3385/4074/3464 3379/3450/2963
f 3380/4064/3455 3388/3398/2924 3372/561/460
f 3400/1293/1110 3390/1292/1109 3374/1219/1044
f 3392/3023/2606 3384/3449/2962 3381/1681/1456
f 3393/176/140 3377/138/108 3383/137/107
f 3393/176/140 3382/5999/3327 3377/138/108
f 3383/137/107 3394/5240/4349 3393/176/140
f 3385/4074/3464 3384/3449/2962 3392/3023/2606
f 3386/5312/4410 3405/5241/4350 3394/5240/4349
f 3307/5694/4691 3385/4074/3464 3392/3023/2606
f 3391/3395/2922 3396/3400/988 3395/3396/991
f 3263/6508/3488 3253/4559/3809 3252/4560/3810 3175/6310/5125
f 3380/4064/3455 3397/3399/2925 3388/3398/2924
f 3380/4064/3455 3389/1291/1108 3398/6599/5310
f 3398/6599/5310 3397/3399/2925 3380/4064/3455
f 3399/1290/1107 3398/6599/5310 3389/1291/1108
f 3400/1293/1110 3401/6606/143 3399/1290/1107
f 3259/5395/4448 3174/5108/4240 3234/1649/1427 3302/1648/1426
f 3393/176/140 3394/5240/4349 3404/177/141
f 3397/3399/2925 3398/6599/5310 3409/6610/4884
f 2838/4/4 2621/1731/5314 2623/1730/2716 2626/1921/2715 2787/5770/5314 2805/5987/4870 2839/5/5
f 3397/6611/2925 3407/6257/989 3396/6612/988
f 3397/6611/2925 3408/6258/5082 3407/6257/989
f 3410/6613/5315 3409/6614/4884 3398/6615/5310
f 3398/6615/5310 3399/2558/1107 3410/6613/5315
f 3410/6613/5315 3399/2558/1107 3318/604/5286
f 3401/179/143 3403/178/142 3399/2558/1107
f 3408/6258/5082 3413/2043/1769 3406/2046/1772
f 3403/178/142 3404/177/141 3411/601/493
f 3404/177/141 3415/602/494 3411/601/493
f 3186/2802/2421 3190/4490/5278 3207/4034/5304 3184/2803/2422
f 3408/6015/4883 3418/6555/5281 3413/6553/5279
f 3418/6555/5281 3408/6015/4883 3417/6014/4882
f 3409/6614/4884 3410/6613/5315 3417/6617/5317
f 3417/6617/5317 3410/6613/5315 3418/6559/5285
f 3410/6613/5315 3416/6557/5283 3418/6559/5285
f 3318/604/5286 3416/6557/5283 3410/6613/5315
