# Blender 3.6.0
# www.blender.org
mtllib Pillar.mtl
o Pillar
v -79.758041 240.652710 1026.228638
v -78.866997 207.839401 1061.502441
v -78.832314 209.376953 1060.378296
v -78.859718 207.032288 1061.224243
v -77.629807 207.045197 1061.899048
v -93.747910 207.017151 1066.820190
v -80.883362 208.041016 1060.224365
v -81.544708 207.025314 1059.335083
v -79.523758 208.745056 1060.753906
v -79.779739 207.028595 1060.611816
v -80.296417 238.701141 1025.401855
v -71.423973 239.768051 1020.471680
v -74.665352 237.622559 1020.787354
v -67.817345 240.364471 1020.056335
v -65.343231 240.010956 1019.738037
v -68.884117 242.288208 1021.328552
v -84.069656 208.720627 1057.113403
v -84.094635 207.841980 1057.523560
v -56.845638 237.621338 1020.787170
v -57.452469 234.840378 1019.545288
v -60.464455 239.859772 1020.393066
v -85.808990 209.253876 1054.276978
v -87.104362 207.038025 1053.367676
v -85.848007 207.033173 1055.120239
v -51.180332 234.945007 1023.639648
v -54.878151 233.299957 1020.360474
v -52.829300 230.009216 1020.896057
v -51.098480 238.314301 1025.315308
v -53.783966 238.842621 1023.176941
v -56.284752 239.919037 1022.175720
v -43.080910 207.028473 1051.120605
v -42.900478 207.869125 1051.359741
v -44.112228 209.350739 1051.609253
v -43.863453 207.034149 1052.536865
v -44.158432 207.830414 1053.463867
v -37.171364 207.019653 1065.708740
v -46.742554 234.230179 1029.151245
v -49.180649 238.047180 1027.504517
v -48.930824 234.202423 1025.847412
v -51.952438 240.487274 1025.879761
v -50.388004 240.849884 1028.061523
v -41.691444 208.012665 1048.755005
v -41.259647 207.039917 1046.790405
v -37.159714 207.019684 1041.014648
v -41.873894 207.050354 1048.552856
v -40.653534 207.045288 1044.463257
v -41.426018 208.844193 1046.909180
v -40.928097 207.059814 1045.635986
v -88.145935 207.049469 1051.699829
v -87.622116 207.897202 1053.082886
v -88.281715 208.400208 1051.841187
v -87.822632 209.301208 1050.934326
v -94.346901 207.017517 1065.699829
v -94.710297 206.646973 1051.615356
v -75.435165 242.342957 1023.850403
v -80.197517 242.262405 1028.203735
v -90.360191 207.027954 1046.424194
v -90.547134 207.805008 1046.637329
v -89.442734 209.373596 1046.957397
v -89.454796 207.867706 1049.600586
v -89.682831 207.052399 1048.403809
v -78.815155 245.495148 1026.774414
v -90.757721 207.039154 1044.957031
v -90.655029 208.526154 1045.754028
v -77.913368 242.377808 1025.754395
v -40.968231 209.332062 1042.417847
v -40.207428 207.834869 1043.581421
v -40.189049 208.504532 1042.308594
v -76.426636 247.082825 1024.807495
v -36.838951 206.710602 1043.158325
v -36.768829 206.093048 1044.890015
v -71.053741 246.676025 1022.022888
v -74.180916 245.281921 1023.245300
v -72.857231 242.299210 1022.520386
v -71.174622 242.281387 1021.878235
v -67.168106 246.272614 1021.236877
v -66.509605 242.305984 1021.065491
v -40.859001 209.392883 1039.206299
v -39.861458 207.721512 1039.184204
v -40.002411 208.467438 1038.680420
v -40.276329 207.035248 1042.463745
v -50.898239 199.764313 1010.931519
v -58.363968 199.837906 1010.923828
v -64.184799 199.851074 1010.917664
v -71.261551 199.885925 1010.905945
v -62.964951 242.260040 1021.235413
v -56.143078 242.250946 1023.788391
v -58.628601 242.249405 1022.488953
v -39.374252 206.949524 1011.197144
v -52.928905 206.685333 1010.899658
v -60.235729 207.020508 1011.486938
v -63.748005 206.717361 1010.920105
v -93.624390 206.959717 1011.261047
v -60.607849 242.301300 1021.796875
v -76.021751 206.710663 1010.917053
v -59.083538 246.738892 1022.518677
v -86.962265 207.070892 1024.736694
v -85.857422 207.043961 1023.263794
v -93.733627 207.016312 1011.539673
v -87.408524 207.026367 1025.472900
v -94.727310 206.584015 1024.786987
v -84.462685 209.331451 1022.675232
v -86.240356 207.994080 1023.361877
v -87.220779 208.788177 1025.328491
v -84.578979 208.556381 1021.682190
v -37.753052 207.013580 1011.558044
v -58.244453 207.040833 1014.683472
v -56.836678 207.034027 1015.156799
v -59.417583 207.031342 1014.296875
v -60.569824 207.071671 1014.049866
v -62.381050 207.071808 1013.726624
v -68.999763 207.033020 1013.710815
v -72.310738 207.035263 1014.391357
v -70.924141 207.053207 1014.057190
v -73.429550 207.036911 1014.764709
v -74.740837 207.058807 1015.193054
v -81.674698 207.030792 1019.088379
v -80.446716 207.028961 1018.174744
v -52.407837 207.033585 1017.303223
v -53.788712 207.049469 1016.519775
v -79.188148 207.027344 1017.347839
v -78.117699 207.041138 1016.741943
v -51.782635 242.305145 1027.611450
v -60.172707 209.377472 1014.919678
v -63.367596 209.345764 1014.334778
v -67.194656 209.524109 1014.544434
v -72.083984 209.272720 1014.930237
v -53.763741 242.321655 1025.578247
v -53.570572 246.674530 1026.014648
v -56.905746 208.026382 1014.838745
v -59.004993 207.621124 1014.270569
v -61.835320 208.208466 1013.601685
v -64.545486 208.803619 1013.641479
v -65.632378 207.988876 1013.277710
v -69.038170 207.864441 1013.476746
v -68.639992 208.611877 1013.644104
v -73.046806 207.940140 1014.313904
v -83.301010 207.848373 1020.105225
v -80.910385 209.584747 1019.855164
v -82.550697 208.880707 1020.012878
v -79.851875 207.952057 1017.434998
v -51.515427 207.745712 1017.571167
v -52.961517 208.343536 1016.746277
v -54.637093 207.721024 1015.830933
v -79.160980 208.915558 1017.548828
v -76.690079 207.729599 1015.743958
v -37.175709 207.017670 1012.656982
v -49.971649 207.029938 1019.039368
v -51.103580 207.037994 1018.165894
v -51.143089 209.187424 1018.655518
v -48.440140 208.459106 1020.061707
v -44.722115 207.040863 1024.538208
v -45.613449 207.047760 1023.351318
v -51.359840 247.668549 1028.679565
v -48.151604 209.538391 1021.921936
v -90.169495 208.862518 1031.790894
v -46.414604 207.882401 1021.962280
v -48.721611 207.026627 1020.010986
v -44.158333 207.830353 1024.909546
v -45.083733 208.753174 1024.078613
v -44.925415 209.468567 1025.837524
v -43.250618 207.043869 1026.941772
v -42.900486 207.869110 1027.013428
v -43.920921 207.033142 1025.740234
v -89.709595 207.058838 1030.058960
v -89.980659 207.902191 1029.971924
v -89.312599 207.041809 1029.001709
v -87.753029 210.179611 1031.487305
v -89.086914 209.546204 1031.220093
v -88.561119 210.181244 1034.312500
v -86.834160 210.167877 1029.231567
v -36.818005 206.673035 1035.011353
v -36.787163 206.616394 1028.452515
v -40.284248 207.032684 1035.890991
v -40.150940 207.895020 1035.055176
v -40.414650 208.755707 1035.664917
v -41.396648 209.410126 1034.094482
v -40.749100 207.050507 1033.427856
v -89.018608 210.197052 1037.476440
v -89.063988 210.175186 1040.622314
v -90.472031 209.385101 1036.157837
v -41.162640 208.178711 1031.046021
v -41.152451 207.035950 1031.939209
v -42.057041 207.867432 1028.772461
v -91.372581 207.674713 1042.793335
v -90.725273 209.194580 1042.309570
v -91.267929 207.026184 1042.466309
v -90.702026 209.377808 1039.352783
v -91.653160 207.731781 1039.053101
v -91.552841 208.372559 1040.535278
v -94.676041 206.707581 1038.589722
v -94.738068 206.136551 1042.223022
v -86.701408 209.545715 1026.188477
v -88.173828 207.030807 1026.753784
v -88.611145 207.869110 1027.013306
v -91.257225 207.027863 1035.883179
v -91.294876 208.532562 1035.975586
v -91.332184 207.815155 1035.000000
v -90.761520 207.040283 1033.432983
v -90.355240 207.030807 1031.945557
v -94.344368 207.019135 1012.670227
v -94.677933 206.700958 1032.475220
v -42.763458 208.834335 1028.081299
v -43.018257 209.491913 1029.511597
v -41.852707 207.053482 1029.921509
v -43.127068 210.184799 1033.679077
v -43.665276 210.181030 1031.760986
v -44.546524 210.169800 1029.526489
v -82.299545 239.529892 1028.504028
v -82.064140 235.289917 1025.626099
v -84.448463 233.957108 1028.414795
v -77.255768 236.118164 1021.678833
v -75.226944 239.919037 1022.175720
v -77.665199 240.075104 1023.875854
v -80.269386 231.032242 1022.372986
v -75.914658 232.350266 1019.740417
v -79.465576 235.529327 1023.101196
v -46.246758 229.544922 1028.038452
v -46.013596 223.859802 1026.647217
v -46.696144 224.015320 1026.004272
v -47.277596 223.456055 1023.096436
v -47.853996 229.868149 1025.704712
v -48.245621 223.997040 1024.020386
v -49.851757 229.079147 1023.187927
v -50.596138 223.986237 1021.643799
v -52.005569 224.001846 1020.526672
v -51.456615 223.338318 1018.915405
v -47.291630 222.743317 1021.456909
v -53.311493 223.841965 1019.384766
v -85.077332 227.536591 1027.128418
v -82.935532 230.306946 1024.912720
v -84.530060 223.991608 1025.611206
v -85.172188 223.330505 1023.734863
v -83.291992 223.992065 1024.040405
v -78.264542 228.421600 1020.316528
v -79.246948 224.016815 1020.363647
v -78.199799 223.841980 1019.384644
v -80.910034 223.989304 1021.644714
v -81.189751 226.705597 1022.299255
v -80.055283 223.338394 1018.915710
v -84.220673 222.743301 1021.457520
v -85.588257 223.962097 1027.140259
v -86.594421 223.998138 1029.073120
v -47.295479 220.136749 1025.088745
v -46.206589 220.753052 1023.939392
v -44.770733 221.363297 1024.467896
v -44.390709 220.129349 1030.096680
v -45.384148 220.133820 1028.047119
v -49.277191 220.975952 1020.144104
v -49.534752 220.120163 1022.595276
v -51.872635 220.127502 1020.585754
v -84.482910 220.136322 1025.461792
v -80.239853 220.119446 1021.058838
v -77.589256 220.126556 1019.215576
v -81.010216 220.962845 1019.180847
v -83.639587 220.796783 1021.891479
v -82.429184 220.123062 1023.044739
v -78.834373 210.173004 1019.898682
v -87.149849 221.111130 1025.545532
v -87.180893 220.128479 1030.258545
v -86.177597 220.128403 1028.151245
v -46.090782 214.718781 1026.753662
v -45.494446 210.173035 1027.644775
v -42.582687 207.047272 1028.209717
v -47.973152 210.182571 1024.081543
v -50.875443 210.177795 1021.251587
v -84.188553 210.190277 1024.930786
v -85.714180 210.179932 1027.163940
v -80.358788 210.165833 1020.999390
v -82.226273 210.187027 1022.701721
v -88.771461 207.039368 1027.899902
v -88.856590 208.709015 1028.145996
v -66.239098 236.548431 1018.358704
v -61.645905 237.810257 1019.220703
v -60.002365 233.605682 1018.330139
v -63.005219 235.304291 1018.181580
v -70.030647 237.789474 1019.252869
v -73.027069 235.255081 1019.282227
v -70.585831 233.136932 1017.942566
v -54.765373 224.092499 1018.792969
v -55.473133 223.869370 1018.228882
v -57.967033 229.156128 1018.034180
v -65.247032 230.164551 1016.804138
v -61.970718 230.364838 1017.158752
v -58.995144 223.982529 1017.023804
v -61.887970 223.958405 1016.318970
v -58.138447 223.272446 1015.490906
v -57.318867 223.978180 1017.603882
v -54.865932 223.261734 1016.778687
v -65.055733 224.018341 1015.981018
v -62.306725 223.314301 1014.569885
v -68.991302 231.072327 1017.204529
v -73.547127 229.309143 1018.064148
v -69.515976 223.960480 1016.290771
v -67.754868 226.879913 1016.414246
v -68.391701 223.407242 1014.678467
v -74.192650 223.978180 1017.603821
v -72.498047 223.983154 1017.019409
v -76.646133 223.261841 1016.779053
v -73.372887 223.272430 1015.490784
v -76.746254 224.092514 1018.792969
v -76.038155 223.869385 1018.228699
v -54.301159 220.134659 1019.000793
v -56.165646 220.131790 1018.054565
v -53.363113 220.979980 1017.262573
v -52.713314 221.894760 1016.783508
v -59.824104 220.123566 1016.758362
v -57.985340 220.122757 1017.324402
v -57.888756 220.705139 1015.799927
v -57.575714 221.415161 1014.865601
v -55.600815 222.567474 1015.555542
v -58.077625 222.004944 1014.425537
v -65.687607 220.129944 1015.964905
v -60.778519 220.875046 1014.699463
v -63.046791 220.113678 1016.112183
v -69.605713 220.117264 1016.279907
v -72.749016 220.126480 1017.050720
v -70.924698 220.802673 1014.857788
v -73.932014 221.415497 1014.863892
v -75.910591 222.567505 1015.555420
v -75.259033 220.129303 1018.013123
v -77.376770 220.935425 1016.898376
v -78.798409 221.894745 1016.783508
v -55.489342 209.518814 1016.751892
v -54.709770 210.170441 1018.664246
v -52.983894 210.173370 1019.703979
v -56.080040 210.169357 1017.982910
v -54.919922 207.051849 1015.943359
v -55.776508 207.043564 1015.548767
v -56.839630 208.924484 1015.351868
v -58.533260 210.179321 1017.029541
v -61.066200 210.180237 1016.366028
v -64.433449 210.175339 1015.876526
v -70.313560 210.179565 1016.336182
v -67.587242 210.182999 1015.938660
v -75.490486 210.172699 1018.013733
v -72.966469 210.177582 1017.022339
v -75.786766 208.638702 1015.538635
v -76.223358 209.520142 1016.856750
v -76.891579 210.169647 1018.715088
v -77.161369 207.048477 1016.235657
v -75.870438 207.040390 1015.595825
v -42.731125 210.185272 1035.486816
v -42.418594 210.203796 1038.378906
v -88.140373 220.127945 1033.059570
v -89.849228 222.901230 1031.086060
v -89.361633 221.718597 1028.699829
v -89.225105 220.909302 1030.250610
v -88.808647 220.116074 1036.307007
v -88.987144 220.125732 1039.803955
v -41.449474 222.709015 1031.079834
v -43.009071 220.937119 1028.553223
v -42.150108 221.718597 1028.699829
v -41.738945 222.251617 1029.632080
v -41.855286 220.822876 1032.294067
v -42.671043 220.120041 1036.543457
v -42.536491 220.127762 1039.939697
v -43.315338 220.131195 1033.238403
v -89.494370 223.409958 1032.722534
v -87.726562 223.832626 1031.107910
v -87.491974 223.485016 1027.974976
v -87.672844 224.106628 1031.775513
v -87.718750 228.953918 1034.054199
v -86.500710 229.354523 1030.434082
v -89.031204 223.910934 1037.519653
v -88.591011 223.985672 1035.206543
v -88.953979 224.029022 1039.290283
v -88.307205 228.702606 1037.444336
v -86.811508 234.757446 1035.498169
v -87.868362 231.522903 1039.460815
v -43.850716 224.109222 1031.753662
v -44.850090 223.983231 1029.162720
v -41.861298 223.288055 1032.317139
v -43.597076 223.820496 1031.579224
v -44.055946 223.271194 1026.907349
v -44.335663 228.228088 1031.767334
v -44.720123 232.416992 1033.083130
v -42.576721 224.028992 1038.600830
v -41.209625 223.323578 1035.674438
v -42.930298 223.962097 1035.075195
v -42.719246 224.111404 1036.749146
v -40.912560 223.309631 1040.859131
v -43.115509 228.657211 1039.516235
v -43.728970 230.435089 1035.568481
v -86.291321 233.554321 1032.309814
v -84.107552 237.958740 1030.488037
v -85.191208 238.089203 1033.510010
v -86.871368 235.566101 1038.720337
v -85.547287 239.354431 1039.299805
v -85.824387 238.249481 1036.873413
v -83.964478 240.006058 1032.406372
v -82.393105 242.284409 1032.001831
v -84.601898 240.711273 1036.233643
v -48.243050 239.457199 1030.157837
v -49.105698 242.307098 1032.059570
v -47.402016 240.091827 1032.975952
v -46.655655 240.604431 1038.057007
v -46.122169 235.940613 1031.748901
v -46.180634 238.589539 1034.642212
v -44.812424 234.894943 1035.311646
v -44.027702 233.371765 1039.287842
v -45.162930 237.140228 1037.730469
v -46.120186 239.563080 1040.311890
v -81.355560 242.291992 1029.955200
v -80.952286 246.473328 1029.599365
v -83.061050 242.322525 1033.773804
v -82.962265 246.403992 1033.956543
v -81.903954 247.682861 1031.672974
v -83.700447 242.332916 1036.476807
v -83.891388 242.353210 1039.232056
v -83.739716 246.389069 1040.023438
v -50.213768 242.287399 1029.845459
v -49.935562 246.295105 1030.641968
v -48.452560 242.334000 1033.782227
v -48.673492 244.495026 1033.264404
v -48.153847 246.570435 1035.597046
v -47.622589 242.357727 1039.234985
v -47.823971 242.304504 1036.341187
v -47.839260 246.815247 1040.238647
v -88.741730 210.186890 1043.079224
v -88.181328 210.178040 1045.516235
v -87.124702 210.180603 1048.509277
v -42.597286 210.176178 1042.012329
v -43.076866 210.178162 1044.526611
v -42.766815 220.114182 1042.441650
v -42.452919 209.533112 1047.198608
v -43.651440 210.184082 1046.557861
v -44.693691 210.168457 1049.171387
v -46.637875 223.355728 1054.971680
v -44.558563 222.236603 1054.068237
v -44.634598 221.390091 1053.734375
v -47.304733 222.101852 1057.400635
v -47.291210 222.743362 1056.915894
v -88.692123 220.108093 1042.888428
v -90.609375 220.804901 1040.360474
v -86.887054 220.133331 1048.799316
v -87.874359 220.127914 1046.223511
v -88.906570 220.912354 1048.842041
v -89.729042 221.516785 1048.610962
v -90.062088 222.709045 1047.293823
v -41.252056 220.766357 1042.945679
v -60.623547 223.315277 1063.490845
v -65.428055 223.842621 1062.703369
v -64.721252 222.899734 1064.607300
v -68.303627 223.373016 1063.778931
v -44.569794 220.134155 1048.666870
v -43.510696 220.129578 1045.842529
v -42.521469 220.910339 1048.649292
v -41.662781 222.901367 1047.287720
v -41.141914 221.829468 1047.220459
v -69.984955 222.775574 1064.400269
v -88.591255 226.952789 1040.150391
v -90.609421 223.178497 1042.681396
v -88.617920 223.984451 1043.034790
v -87.821991 228.855225 1043.958130
v -87.567047 231.987183 1042.228638
v -87.901352 224.083832 1045.944336
v -87.726479 223.832626 1047.265625
v -89.657478 223.292419 1046.031128
v -86.699097 224.023941 1049.093262
v -86.900162 223.467194 1051.691528
v -86.761208 231.051422 1046.389404
v -85.389580 230.243958 1049.831543
v -84.878365 235.624344 1048.197632
v -42.782314 223.985107 1042.333618
v -42.017136 223.409866 1045.650635
v -43.423107 224.133026 1045.191406
v -56.694481 221.406433 1063.153076
v -58.077732 222.005066 1063.947632
v -57.875118 222.561249 1063.663208
v -61.935055 221.552704 1064.710815
v -62.663372 222.399719 1064.844971
v -59.867989 220.793213 1063.360596
v -65.791840 221.016815 1064.476929
v -67.709419 222.221237 1065.010620
v -43.728470 230.262207 1042.952881
v -44.702202 232.386108 1045.249268
v -43.597252 223.820526 1046.794312
v -44.137280 227.453461 1046.322876
v -44.341679 223.961884 1048.021118
v -45.083977 228.011124 1048.581909
v -44.917900 223.998962 1049.297974
v -44.020081 223.485184 1050.398438
v -45.954536 232.546631 1048.477417
v -86.578957 235.911224 1041.996826
v -84.952797 240.307999 1040.985352
v -84.897903 239.721298 1043.338745
v -85.917511 236.121674 1044.851685
v -84.277115 234.868225 1049.720459
v -83.877579 239.961670 1046.262207
v -82.436424 239.439087 1049.729492
v -47.515945 239.979309 1045.923584
v -48.558384 239.766617 1048.549805
v -45.053165 236.056976 1042.633057
v -46.180634 238.589569 1043.730957
v -68.556938 220.988037 1064.241333
v -68.188332 221.728729 1064.925171
v -46.147736 235.757294 1046.855469
v -73.936073 221.415222 1063.507568
v -73.434013 222.005066 1063.947632
v -73.735184 222.690277 1063.548950
v -83.668365 242.346603 1042.055054
v -83.043129 242.295502 1044.667236
v -82.858017 246.221039 1044.860474
v -82.382812 242.293915 1046.371948
v -81.367485 242.264023 1048.432007
v -54.056999 223.345642 1061.018799
v -56.080887 222.743851 1062.918091
v -47.829006 242.318268 1041.946899
v -48.391624 242.358551 1044.409912
v -48.251518 246.542419 1043.185181
v -50.620033 223.229675 1059.028198
v -49.100227 242.312256 1046.290283
v -48.879341 246.565369 1045.358521
v -50.194859 242.296295 1048.486572
v -75.716583 223.331253 1061.937134
v -54.510818 220.905060 1061.581787
v -52.713261 221.894867 1061.589722
v -48.721619 221.506531 1058.494019
v -51.178825 220.955292 1059.692627
v -51.331112 222.544952 1060.492188
v -47.489510 220.774475 1055.991089
v -78.148582 220.980072 1061.110596
v -73.545052 220.753693 1062.714355
v -78.753235 222.530548 1061.475586
v -78.798424 221.894836 1061.589722
v -89.036362 207.052979 1050.002808
v -88.622078 207.048828 1050.742798
v -86.254364 210.172272 1050.283813
v -84.791542 210.178864 1052.639648
v -80.153481 223.235260 1059.576294
v -81.412979 220.973145 1058.879883
v -82.815704 221.688812 1058.567139
v -82.669548 210.185364 1055.215088
v -82.748245 209.502060 1057.133057
v -82.668350 220.121338 1055.085083
v -80.509026 210.179184 1057.230103
v -47.490479 210.174225 1053.665039
v -50.648407 209.433624 1058.903198
v -51.026798 210.182068 1057.239868
v -52.911659 210.171066 1058.630981
v -49.021233 210.183792 1055.403076
v -47.207413 209.529465 1055.419556
v -49.057190 220.125763 1055.293213
v -42.477898 207.050232 1049.943237
v -43.337399 208.700714 1051.660400
v -44.729076 207.051880 1053.838989
v -82.546722 223.458679 1057.062744
v -45.798634 210.178741 1051.213135
v -84.702942 221.214508 1056.224365
v -84.220261 222.743378 1056.916138
v -84.206924 222.101837 1057.400757
v -87.332123 223.095764 1052.155640
v -84.481728 220.137421 1052.913086
v -86.123909 220.127304 1050.317627
v -87.716553 222.568726 1052.637695
v -84.154198 220.761429 1055.824463
v -87.153244 221.112610 1052.824585
v -43.200981 222.737839 1051.291382
v -44.502186 220.838043 1052.184570
v -79.709045 220.127991 1057.737305
v -46.979313 220.130829 1052.826782
v -51.427567 220.129135 1057.477295
v -45.417351 220.128448 1050.372925
v -42.616173 221.851288 1050.771484
v -41.344864 222.358459 1047.702515
v -85.663788 223.960403 1051.118164
v -85.026970 227.266785 1051.383179
v -41.265900 221.158539 1045.892700
v -40.189995 222.536423 1042.305176
v -84.517754 224.007446 1052.741699
v -83.266083 223.997131 1054.352783
v -83.597198 230.043518 1052.699585
v -81.812912 229.245575 1054.982544
v -80.902733 224.001740 1056.712402
v -79.545830 226.976379 1057.391113
v -79.291862 224.000610 1058.003662
v -77.667725 223.972168 1059.062622
v -77.016312 230.239502 1058.496094
v -47.131882 229.263855 1051.882690
v -46.981644 223.991669 1052.761963
v -48.229111 223.985672 1054.358154
v -49.215782 231.982254 1053.712158
v -52.224201 224.006943 1058.002441
v -54.019222 223.861404 1059.419922
v -51.971939 226.660126 1057.441284
v -49.510803 227.189423 1055.209595
v -50.613831 223.997284 1056.717896
v -52.495861 230.579742 1057.110718
v -87.868607 221.994766 1052.697754
v -45.950768 223.985992 1051.202271
v -81.987068 235.629150 1052.694458
v -79.422363 239.070312 1053.636597
v -79.694977 233.765564 1055.723022
v -77.668762 235.662491 1056.576050
v -74.584663 234.984741 1058.578613
v -90.341675 220.916565 1043.996460
v -91.284523 222.349777 1043.232300
v -90.354340 222.109238 1047.393188
v -76.666740 238.164886 1056.219727
v -76.347916 240.557953 1055.134155
v -73.208366 239.389191 1057.472046
v -68.517853 242.250275 1057.136230
v -68.847122 240.679306 1058.037720
v -56.961529 236.603394 1058.015991
v -62.918781 239.411652 1058.704346
v -59.697289 239.290161 1058.019287
v -47.999588 235.753876 1050.518555
v -50.695190 235.047913 1054.194702
v -52.346649 238.825073 1054.000732
v -51.174721 240.723785 1051.432983
v -54.568314 240.805481 1054.601929
v -49.951878 238.399353 1051.667847
v -53.573273 235.879776 1056.332275
v -56.047043 239.744263 1056.189453
v -40.213013 221.416656 1041.498657
v -40.193718 221.886307 1043.391724
v -79.757576 242.305359 1050.715942
v -79.567993 245.809875 1050.714355
v -77.409828 242.276733 1053.084351
v -76.052711 245.697754 1053.966187
v -40.551399 220.992737 1039.329468
v -39.827995 222.071701 1039.105957
v -40.223423 222.819031 1039.294678
v -77.866341 246.513702 1052.451050
v -75.162239 242.273834 1054.707031
v -72.996819 242.329559 1055.798950
v -71.023369 242.266113 1056.555176
v -70.084846 246.451996 1056.630005
v -67.441254 245.081451 1057.169434
v -65.466362 242.357315 1057.312744
v -40.033024 221.670624 1036.892822
v -40.790024 220.934418 1036.354248
v -40.316299 222.625092 1035.616943
v -40.407127 222.058685 1033.802612
v -41.152470 221.410446 1031.888794
v -62.749958 242.280807 1057.079956
v -61.250412 242.242279 1056.767700
v -64.649330 244.736481 1057.228271
v -58.688992 242.282776 1055.869873
v -56.323692 242.305786 1054.675903
v -59.710907 246.710236 1056.081299
v -57.358807 246.334778 1055.100342
v -59.984764 242.288742 1056.367676
v -91.350815 221.533813 1042.163818
v -51.683113 242.309601 1050.626587
v -53.609734 246.274414 1052.456909
v -54.136150 242.306213 1053.099365
v -50.623684 247.155579 1048.773804
v -90.837173 223.151108 1037.656006
v -91.280403 221.302826 1037.871460
v -91.677795 222.022766 1039.186401
v -91.499649 222.560181 1039.200317
v -76.785973 207.046310 1062.326172
v -75.865913 207.032288 1062.777588
v -74.672195 208.924530 1063.021362
v -76.635254 208.006577 1062.704102
v -90.510704 220.817307 1036.500000
v -91.388115 221.899170 1035.432251
v -78.358780 210.174347 1058.779419
v -76.142036 209.566360 1061.493774
v -76.027199 210.168243 1060.126099
v -75.155182 220.127869 1060.405151
v -74.678970 207.056274 1063.210083
v -71.339447 209.377502 1063.453491
v -72.592957 210.175842 1061.480225
v -69.291000 210.179230 1062.233032
v -67.174263 210.187836 1062.464600
v -90.972069 222.598816 1034.128174
v -90.400803 221.386810 1032.078003
v -55.903976 207.051575 1062.855469
v -57.074295 207.030502 1063.317871
v -57.654655 207.996277 1063.812988
v -62.163792 210.169464 1062.237915
v -64.798126 210.185394 1062.493042
v -56.085148 210.170044 1060.391479
v -58.903076 210.173645 1061.475830
v -59.427967 209.272797 1063.443115
v -58.163357 214.432709 1061.184326
v -51.218475 207.029663 1060.246948
v -52.360725 207.025726 1061.039673
v -52.042816 208.926971 1060.579590
v -50.738861 207.712128 1060.233398
v -52.907944 208.287720 1061.626221
v -53.504490 207.074158 1061.726685
v -54.513630 207.035919 1062.219238
v -37.768021 207.016266 1066.823242
v -55.790585 209.230667 1062.266357
v -54.841522 207.741638 1062.638428
v -54.800297 210.171082 1059.753052
v -76.955544 220.128281 1059.513306
v -66.103706 220.130722 1062.412964
v -72.671974 220.125824 1061.347412
v -69.205017 220.125549 1062.186279
v -59.246807 220.129181 1061.476685
v -56.511211 220.129807 1060.470703
v -62.591351 220.113022 1062.191406
v -54.554085 220.131012 1059.520020
v -76.067726 223.864044 1060.136963
v -75.979584 224.098343 1059.986572
v -71.096695 222.730042 1014.132507
v -73.682564 223.981689 1060.958862
v -73.757568 229.933258 1060.091187
v -71.118477 229.865189 1060.953735
v -72.591316 223.856873 1061.534302
v -70.061363 223.975159 1061.967163
v -68.729782 230.616852 1061.272827
v -66.734200 224.061615 1062.365234
v -64.975197 231.581757 1061.285522
v -64.050110 227.659332 1061.868896
v -62.830856 223.989349 1062.199219
v -61.649178 230.608231 1061.092651
v -56.908401 223.871124 1060.786011
v -59.105373 223.975098 1061.395752
v -55.612885 232.757904 1058.535156
v -58.996403 230.842468 1060.355957
v -59.425705 222.563171 1014.273132
v -62.566525 221.534882 1013.632935
v -63.835056 222.123016 1013.331055
v -65.770630 221.016846 1013.896362
v -65.015831 222.755981 1013.582336
v -68.035255 221.473465 1013.543640
v -68.293877 222.262939 1013.442139
v -73.434158 222.004944 1014.425598
v -55.113380 224.119080 1059.755737
v -56.437469 227.975662 1059.916870
v -71.578812 234.140076 1059.875854
v -67.249519 235.476532 1060.305664
v -69.804756 237.709045 1059.205200
v -66.324730 239.139374 1059.006104
v -62.829090 236.576233 1059.804443
v -59.428322 234.677933 1059.589600
v -90.354370 222.109222 1030.980103
v -87.743591 222.691055 1025.922607
v -87.868469 221.994690 1025.675293
v -84.937187 221.315826 1022.286926
v -84.206978 222.101761 1020.972595
v -82.825462 221.691513 1019.813660
v -80.180466 222.544830 1017.880981
v -48.686279 221.691513 1019.813660
v -51.331039 222.544800 1017.881104
v -47.304703 222.101761 1020.972595
v -43.795059 222.568649 1025.735596
v -43.643105 221.994720 1025.675537
v -48.554939 208.536774 1058.334473
v -47.458763 207.848740 1057.566772
v -49.766060 207.030762 1059.204346
v -73.267014 207.040833 1063.689819
v -72.890945 207.022614 1064.919434
v -72.113350 207.058517 1064.037354
v -70.922935 207.074356 1064.334595
v -69.112358 207.038239 1064.640625
v -73.324013 207.972076 1063.970581
v -69.369659 208.794281 1064.480347
v -68.883018 208.175308 1064.882690
v -67.243416 209.517227 1063.833130
v -64.384445 208.836029 1064.692383
v -65.590172 207.978271 1065.100464
v -62.451893 207.042480 1064.656006
v -59.405689 207.046829 1064.036377
v -58.241577 207.048492 1063.691040
v -60.564156 207.044464 1064.302002
v -63.316063 209.498962 1063.768677
v -62.550598 207.758743 1064.904785
v -60.679226 208.403061 1064.451416
v -45.661522 207.030914 1055.129517
v -36.811378 206.650848 1058.280029
v -46.079990 208.867462 1055.382080
v -76.677193 200.259415 1067.477051
v -83.525162 206.698990 1067.462646
v -71.656731 206.708603 1067.461670
v -63.921665 207.020691 1066.885742
v -58.577641 206.702377 1067.465942
v -39.473324 206.826538 1067.410645
v -50.104927 206.718689 1067.452637
v -70.429527 199.615540 1067.414551
v -64.303772 200.168365 1067.470093
v -55.243462 200.337738 1067.478638
v -92.599968 199.782394 1010.969116
v -88.873497 200.052216 1010.913147
v -80.606743 200.285080 1010.892151
v -45.356522 199.861603 1010.911133
v -38.668465 199.777847 1010.983215
v -92.623001 206.611237 1010.938782
v -39.795746 206.707214 1010.918152
v -37.069794 206.690384 1012.123047
v -86.449852 206.716064 1010.914124
v -37.972389 206.668182 1011.163879
v -36.839188 206.645844 1013.136169
v -36.807877 206.633209 1020.533569
v -36.818329 206.549744 1065.204834
v -91.219978 199.781311 1067.450684
v -92.393707 206.700729 1067.430054
v -81.043068 199.891571 1067.460205
v -46.459373 200.002197 1067.472290
v -38.701248 200.664459 1067.430786
v -37.105835 206.711761 1066.301636
v -37.915646 206.694214 1067.172119
v -92.106812 206.951767 1067.177734
v -78.362320 249.708954 1026.974487
v -76.948135 250.424622 1026.062988
v -74.599785 249.671906 1024.000366
v -72.792404 253.424744 1027.575317
v -72.799866 251.381500 1024.495605
v -68.654350 251.905579 1023.764282
v -79.232712 250.288849 1028.276001
v -76.273743 252.203735 1028.025635
v -80.723999 250.233978 1030.367310
v -53.218658 249.834686 1026.938354
v -54.445831 250.433685 1026.187378
v -56.068237 249.409943 1024.469604
v -59.739021 253.422699 1026.990967
v -61.256035 251.860168 1024.098999
v -57.281769 251.924591 1025.997803
v -52.299572 250.347046 1028.304199
v -50.923058 250.261169 1030.168457
v -49.952450 250.267944 1032.011597
v -51.984814 251.956726 1031.881348
v -53.473087 251.999664 1029.632568
v -71.453049 253.411774 1026.835571
v -69.893829 253.379791 1026.180420
v -67.433022 253.432281 1025.668945
v -65.119453 252.126007 1023.766724
v -74.494514 253.416809 1028.771240
v -77.297218 253.438080 1032.061890
v -76.034744 253.420563 1030.264893
v -61.624416 253.402283 1026.191650
v -58.433865 253.430542 1027.775879
v -55.568123 253.431458 1030.170166
v -57.815231 257.172272 1030.286499
v -57.014389 253.414185 1028.770996
v -54.250031 253.412903 1031.965698
v -73.155403 250.277374 1023.495789
v -70.800949 250.209412 1022.546082
v -60.576511 250.199310 1022.583069
v -58.730038 250.216187 1023.310425
v -57.507416 250.309723 1023.959595
v -72.965736 257.203400 1029.689941
v -74.480469 258.370697 1031.927856
v -63.854183 253.403503 1025.676270
v -56.728348 258.861877 1032.692749
v -82.098846 250.170685 1033.177368
v -49.188339 249.773010 1033.497070
v -79.460129 251.832733 1031.399414
v -82.750397 250.121429 1035.284424
v -83.525658 247.460602 1037.442505
v -81.074104 251.872314 1035.579102
v -48.757141 250.210602 1035.505737
v -50.322502 251.677307 1035.096802
v -78.287437 253.441284 1033.948608
v -53.226463 253.444122 1033.951050
v -76.594116 256.745239 1033.688110
v -78.824562 253.424713 1035.399292
v -52.695236 253.432861 1035.402222
v -83.154594 250.228943 1038.227295
v -77.401970 257.310547 1036.820923
v -81.280167 252.011261 1040.313232
v -79.313110 253.473175 1038.958984
v -47.791176 246.432251 1038.210815
v -48.376831 250.241882 1040.201538
v -48.393181 250.232086 1038.010132
v -50.325676 252.097565 1038.567139
v -83.094330 250.253326 1040.502930
v -81.416466 251.388672 1043.682617
v -50.355190 251.940155 1041.948853
v -79.219482 253.419006 1037.005005
v -77.771393 257.034363 1039.841309
v -52.201809 253.459991 1039.040039
v -52.295853 253.433411 1037.024170
v -54.420799 257.301361 1035.490723
v -54.427593 258.508820 1038.957031
v -79.136673 253.423401 1041.734009
v -52.338028 253.424561 1041.580444
v -82.858871 249.998169 1042.763428
v -82.404785 249.903961 1044.467285
v -70.549088 257.574432 1028.456299
v -74.219879 261.473236 1034.700806
v -59.880970 257.618805 1029.051636
v -56.567642 260.385162 1034.685181
v -68.684654 257.187256 1027.618652
v -66.408356 258.553528 1027.907104
v -62.169449 257.270752 1027.831299
v -76.271011 259.933258 1039.100464
v -49.132732 250.249298 1044.229492
v -48.686043 250.196289 1042.572021
v -51.991714 252.384033 1045.429810
v -54.622726 258.469788 1041.332031
v -81.833687 250.276154 1045.712524
v -79.122025 252.285004 1046.383301
v -49.766075 250.109497 1046.099487
v -80.933182 247.707520 1048.555908
v -78.658669 253.430725 1043.444214
v -52.695061 253.432861 1042.970703
v -53.225449 253.440582 1044.424438
v -77.180595 257.320129 1042.507568
v -55.646454 259.217255 1043.353882
v -78.089066 253.433899 1044.887329
v -77.291359 253.441284 1046.315674
v -54.220200 253.441193 1046.315674
v -75.787689 257.122131 1045.683472
v -55.983063 257.490479 1045.772705
v -80.613022 250.257050 1048.186646
v -77.390907 251.875519 1049.749023
v -50.961617 250.272736 1048.259399
v -53.571220 251.790649 1049.271484
v -79.279709 249.774475 1050.291626
v -52.997810 250.051910 1051.135986
v -76.383186 253.428162 1047.615723
v -74.931000 253.396423 1049.277466
v -56.900944 253.407379 1049.523315
v -55.532688 253.445282 1048.127197
v -73.856789 256.758087 1048.194336
v -72.673347 253.439819 1050.857544
v -71.305061 253.555542 1051.519897
v -58.774567 253.432709 1050.827148
v -71.163177 257.062744 1049.905396
v -66.189453 256.689087 1051.374146
v -75.246132 259.997528 1043.592407
v -72.736160 259.720215 1047.202759
v -58.285000 258.427887 1047.712280
v -59.941589 258.358521 1048.956787
v -77.681190 250.291473 1051.803223
v -75.781563 249.681580 1053.563110
v -74.264442 250.260437 1054.309326
v -57.248062 250.259644 1054.310059
v -54.620846 250.376770 1052.383545
v -55.812210 249.575073 1053.657959
v -68.683487 257.187592 1050.754639
v -63.474518 257.445068 1050.796387
v -61.537991 257.494598 1050.181274
v -74.096176 251.666595 1052.780518
v -70.870575 251.973419 1053.922607
v -60.609028 251.692383 1054.292236
v -57.114544 252.099548 1051.968262
v -69.887749 253.393219 1052.192139
v -67.876747 253.424255 1052.634644
v -63.912170 253.451691 1052.664917
v -67.763435 251.960449 1054.688599
v -64.418724 252.066711 1054.603638
v -61.626534 253.405945 1052.180054
v -60.073090 253.403046 1051.546997
v -72.986435 246.779999 1055.620117
v -72.783188 250.216553 1055.061890
v -70.932343 250.191162 1055.797485
v -60.579147 250.191162 1055.797485
v -58.728310 250.216522 1055.061768
v -64.575340 245.818390 1021.202271
v -62.200783 249.924988 1022.015747
v -67.973190 250.145721 1021.872070
v -64.387177 250.198334 1021.814758
v -66.218918 250.080994 1056.696289
v -63.008270 247.669342 1056.817749
v -68.917198 250.264954 1056.263916
v -62.659370 250.246674 1056.285156
v -71.756042 260.290314 1030.841309
v -70.015564 261.655426 1030.733398
v -67.399445 261.595215 1029.792236
v -75.537636 260.565125 1036.433350
v -61.878063 261.669556 1030.549316
v -63.855690 259.923279 1028.825684
v -59.442863 260.890961 1031.545166
v -56.146797 261.009888 1036.886719
v -74.239845 263.017456 1038.144409
v -56.922585 262.618866 1038.751465
v -57.092377 261.746674 1042.941406
v -73.680260 261.173309 1044.876465
v -71.325272 263.254456 1045.391479
v -57.487598 260.590515 1044.979858
v -70.300644 259.652069 1048.832275
v -66.254837 260.254700 1049.546753
v -67.345634 261.524109 1048.645752
v -63.404690 261.424133 1048.517334
v -61.124725 261.549194 1047.539551
v -67.686012 264.315430 1031.881592
v -64.970253 263.426514 1030.959351
v -72.413017 262.824921 1033.664673
v -70.457497 264.109467 1033.119507
v -59.935608 263.010254 1032.958496
v -60.251999 265.030243 1035.161621
v -68.061775 266.393799 1034.331787
v -64.020508 265.077850 1032.575195
v -62.204914 264.832397 1033.132202
v -72.447479 264.632935 1036.458374
v -70.299156 265.999237 1035.543091
v -58.990414 264.625519 1036.593994
v -58.536259 263.428711 1035.272095
v -62.073055 266.201996 1034.991455
v -66.193054 266.300781 1033.692383
v -65.338631 267.854248 1037.013428
v -67.400749 267.248688 1035.407593
v -64.177582 267.171692 1035.186401
v -62.282486 267.303619 1037.297974
v -73.970726 263.472443 1039.654541
v -71.767433 265.807983 1038.272583
v -71.882919 265.616089 1040.667847
v -70.221214 267.073059 1039.428101
v -67.347046 267.972992 1038.291870
v -69.768120 267.067963 1037.301270
v -65.822868 268.200470 1039.560425
v -58.786194 264.950714 1038.784546
v -60.853119 266.498993 1037.327881
v -63.912399 267.952698 1039.681152
v -61.510925 267.177765 1039.040527
v -74.589973 262.344818 1041.241821
v -69.453979 267.351410 1040.391724
v -68.515167 266.986816 1042.794189
v -67.210526 267.358765 1042.807739
v -59.653961 265.664581 1040.535889
v -61.690964 267.063934 1040.997192
v -57.688477 263.290924 1041.242920
v -65.283287 267.655579 1042.046997
v -72.935524 263.384521 1043.229858
v -70.555176 265.472717 1043.384766
v -70.086731 266.666687 1041.686157
v -61.862137 265.990417 1043.534668
v -59.875221 264.906921 1042.904297
v -65.726692 267.039581 1043.698975
v -63.683064 267.063477 1043.141602
v -69.405838 263.377594 1046.629150
v -60.002907 263.340912 1045.132812
v -68.043228 265.766632 1044.858032
v -67.907051 263.918945 1046.714111
v -65.555504 265.360413 1045.767334
v -62.887329 264.746155 1045.708130
v -64.590454 263.174011 1047.554565
v -79.315475 3.584763 1005.090149
v -80.033844 4.035843 1005.330444
v -79.115700 4.551292 1004.843689
v -72.442413 2.798630 1005.578430
v -66.189056 3.541817 1005.038696
v -72.962685 4.533020 1004.793274
v -65.735977 2.898994 1005.460449
v -58.936852 2.791435 1005.588074
v -62.303120 3.519279 1005.051758
v -58.967361 4.263039 1004.835999
v -52.948700 2.829735 1005.593506
v -53.091953 3.873451 1004.918335
v -51.812763 3.799614 1005.642517
v -52.296749 4.497185 1005.092529
v -64.085777 4.595665 1004.781128
v -79.107063 9.920036 1004.795105
v -53.192249 8.297356 1004.781433
v -51.769707 14.266800 1005.633301
v -74.980064 14.261040 1004.784668
v -68.408669 14.422905 1004.786194
v -60.782284 14.412399 1004.789124
v -79.895981 14.439064 1005.238708
v -78.953651 14.368805 1004.835571
v -55.489700 14.354004 1004.807129
v -52.166100 14.362511 1005.194580
v -78.656761 15.366150 1005.453857
v -52.831383 14.332352 1004.876831
v -79.931961 2.760239 1006.180176
v -80.754387 3.645134 1007.336304
v -78.928093 2.247131 1006.766479
v -79.273956 2.719627 1005.689575
v -72.112938 2.226501 1006.571899
v -64.396881 2.205086 1006.840454
v -58.443478 2.229622 1006.590454
v -53.144745 2.259529 1006.583374
v -51.955475 2.397179 1008.002441
v -51.191822 3.526932 1007.677368
v -51.185875 4.922485 1007.314209
v -52.201805 2.649994 1006.322693
v -80.469521 4.803734 1006.001953
v -80.788391 14.325020 1007.322815
v -51.125771 14.208725 1007.447876
v -79.910484 17.100769 1009.048889
v -80.471550 14.227524 1006.014954
v -51.212135 15.195831 1008.205139
v -79.570068 17.108986 1007.739502
v -79.051239 17.140739 1007.121704
v -77.889282 16.981522 1006.664001
v -78.134178 17.464516 1006.793457
v -67.088997 17.146179 1006.753174
v -58.727104 17.426819 1006.765503
v -53.814308 17.097923 1006.759399
v -52.572823 17.094147 1007.500183
v -53.114956 17.148521 1007.034058
v -79.527351 26.145363 1007.645630
v -59.276505 39.360107 1006.770569
v -53.973751 20.761909 1006.797302
v -54.053883 33.607506 1006.782654
v -52.538513 31.372238 1007.643250
v -79.166214 38.862274 1007.235596
v -79.595940 33.578499 1007.863220
v -78.287094 30.597733 1006.788208
v -52.607609 40.235947 1007.503723
v -79.539467 40.451263 1007.758728
v -53.418629 40.099121 1006.900391
v -78.231857 39.854477 1006.798950
v -78.862282 41.220993 1007.262512
v -71.763290 41.093994 1007.010986
v -67.100716 40.172585 1006.836182
v -59.015125 40.678574 1006.909729
v -78.106232 43.469345 1007.668457
v -54.027660 41.600288 1007.138672
v -83.572746 2.349312 1009.788269
v -84.397400 3.783623 1009.296997
v -83.632072 3.241364 1008.857178
v -83.505470 4.461617 1008.521179
v -80.784470 2.088081 1009.963257
v -79.992996 2.283989 1008.287598
v -81.195885 2.644684 1008.881714
v -81.430168 3.420204 1008.350220
v -81.809418 4.689857 1008.253479
v -51.272816 2.215263 1009.528809
v -48.132591 2.761421 1009.150818
v -50.897316 2.753212 1008.797852
v -50.411766 3.436211 1008.447021
v -50.398666 4.618828 1008.219910
v -48.216309 2.160683 1010.104553
v -47.336792 2.786880 1009.863281
v -47.064484 4.067924 1009.332336
v -48.063049 3.461197 1008.708069
v -47.945236 4.462067 1008.528625
v -84.524460 9.367821 1009.488525
v -84.095383 14.329140 1008.871887
v -83.383972 14.421959 1008.490540
v -81.749367 14.298874 1008.241028
v -46.989235 9.926247 1009.450134
v -47.486862 14.342796 1008.843567
v -48.183266 14.416084 1008.485779
v -84.479568 14.481079 1009.534302
v -82.613121 17.123466 1010.288208
v -50.191505 14.435982 1008.300598
v -50.622799 14.207542 1008.061951
v -47.083099 14.411461 1009.315674
v -81.009827 17.110580 1010.041626
v -80.491814 17.096268 1009.756409
v -51.802902 17.045341 1009.550659
v -51.137741 17.122597 1010.025513
v -49.292702 17.107323 1010.183655
v -79.860748 26.540627 1009.048523
v -51.358227 20.331024 1009.983337
v -51.990746 20.643028 1009.260193
v -49.281696 25.890877 1010.214844
v -80.907242 27.729477 1010.070129
v -82.376122 26.479721 1010.237671
v -80.280838 29.084824 1009.600891
v -51.873302 22.969055 1009.490479
v -51.192238 27.628502 1010.056335
v -51.905251 27.686203 1009.448059
v -80.660530 39.169724 1009.992432
v -82.376526 39.299591 1010.247498
v -51.906136 32.776543 1009.445068
v -79.848183 37.178871 1008.986633
v -51.165874 39.780647 1010.078613
v -49.138939 39.326500 1010.254089
v -51.914219 36.992485 1009.413147
v -51.893875 40.312393 1009.553528
v -79.898193 42.118813 1009.571167
v -79.919327 46.102104 1010.895752
v -79.521828 45.549263 1009.180237
v -53.792065 47.027733 1008.821777
v -52.458061 44.596375 1009.088684
v -53.043076 43.976448 1008.123840
v -52.639206 47.781029 1009.646423
v -79.076118 48.075577 1009.506042
v -78.354858 52.389816 1010.559265
v -53.795383 51.635849 1010.302246
v -75.562004 51.864426 1010.348877
v -64.887550 52.123337 1010.379028
v -92.955215 3.607330 1012.480469
v -91.954758 2.641258 1012.479187
v -87.445511 3.710999 1012.001038
v -85.310226 2.133347 1013.034546
v -84.870544 2.692596 1011.742188
v -86.013779 2.609825 1012.463013
v -85.956375 3.616753 1011.908264
v -84.992607 3.759171 1011.143311
v -83.395004 2.022156 1011.259583
v -51.717834 2.052650 1010.304993
v -47.789318 1.985023 1012.055786
v -46.220711 2.202950 1012.892151
v -46.797161 2.710052 1011.477966
v -46.511688 3.881538 1011.080322
v -45.743454 2.555786 1012.469177
v -45.135773 3.666420 1011.984131
v -45.796265 3.621361 1011.810425
v -39.373535 2.677086 1012.473083
v -39.706047 3.603058 1012.057312
v -38.888855 3.927498 1012.245239
v -38.331104 3.730377 1012.742615
v -92.002213 3.723412 1012.036987
v -93.135170 14.351143 1012.657959
v -92.597244 14.309402 1012.249817
v -86.068954 11.937561 1011.864624
v -85.475052 14.257133 1011.568176
v -84.899986 9.362961 1010.800659
v -45.328979 10.783401 1011.894043
v -39.518204 8.201500 1012.022156
v -46.375809 13.656715 1011.311096
v -45.381577 14.294151 1011.932495
v -38.252071 14.345512 1012.858643
v -91.975052 14.442070 1012.056274
v -85.747879 15.478188 1012.518433
v -86.263412 14.352859 1011.963013
v -84.947662 14.436676 1011.027771
v -46.534447 14.631439 1011.346008
v -45.711182 15.414604 1012.494751
v -39.538441 14.434715 1012.051270
v -38.871506 14.272919 1012.260010
v -83.845222 17.136162 1012.597229
v -83.407707 17.109489 1011.069702
v -47.638580 17.108421 1012.655457
v -48.003098 17.141533 1011.352234
v -48.511604 17.150688 1010.573608
v -83.715202 26.890480 1012.277100
v -83.490265 27.212830 1011.318726
v -47.625275 30.606247 1012.769897
v -83.088692 32.978027 1010.661377
v -48.319489 30.686554 1010.767578
v -83.784958 39.656761 1012.529114
v -48.481636 39.490433 1010.631226
v -47.659363 40.499527 1012.772095
v -48.121044 41.087250 1011.306580
v -83.745476 43.154289 1013.278564
v -83.404861 40.421310 1011.229980
v -83.128334 39.420212 1010.734253
v -82.495552 41.798004 1010.729675
v -80.824562 41.479469 1010.396851
v -51.273129 42.082504 1010.532532
v -49.197090 42.504440 1010.880615
v -48.227081 43.817513 1012.023315
v -83.200821 45.315239 1012.318237
v -80.970581 45.915581 1011.783752
v -80.294563 43.715889 1010.634521
v -52.006195 45.482735 1010.809814
v -82.398376 48.713737 1012.871094
v -80.687088 49.120163 1012.757446
v -51.352089 50.390869 1013.157959
v -48.479500 48.586983 1013.245178
v -79.920235 50.330116 1012.312439
v -51.577103 46.380028 1011.678162
v -51.972168 51.516281 1012.861328
v -79.597084 52.837910 1011.637451
v -79.119659 52.481647 1010.907837
v -72.102547 53.246140 1010.549377
v -52.486725 52.270836 1011.496094
v -52.918114 52.422249 1010.905396
v -79.863823 53.459629 1012.863098
v -64.398972 53.289513 1010.536438
v -53.789848 53.291672 1010.547546
v -78.933601 67.971497 1010.856628
v -53.794651 57.410378 1010.569824
v -52.906380 64.643295 1010.963867
v -79.577782 63.725769 1011.632751
v -78.285110 63.068699 1010.584473
v -52.506248 60.833706 1011.520935
v -79.795029 62.231312 1012.591553
v -54.367622 67.344360 1010.562439
v -51.969452 65.739212 1013.095215
v -53.725571 75.244431 1010.598511
v -79.499626 73.875992 1011.399719
v -78.250626 82.019684 1010.570923
v -52.569256 70.650604 1011.366272
v -53.118748 89.112312 1010.821838
v -79.809486 75.780632 1012.678101
v -52.002277 71.636330 1013.056152
v -77.837776 104.506493 1010.558289
v -79.628242 82.088531 1011.802124
v -78.947746 98.809227 1010.864990
v -53.798641 85.565056 1010.570557
v -52.564411 83.457512 1011.359436
v -79.580673 90.780853 1011.628174
v -79.856483 86.297882 1012.836304
v -52.026867 90.738403 1013.000916
v -79.770927 96.256882 1012.462036
v -52.603436 92.537903 1011.303162
v -53.742294 97.400337 1010.579041
v -52.035053 96.564301 1012.983093
v -52.504250 100.102066 1011.527832
v -79.150131 119.516708 1010.980774
v -54.067684 105.214127 1010.559753
v -51.978607 103.555931 1013.091858
v -53.010284 104.661392 1010.867432
v -79.754593 103.969994 1012.398682
v -78.287880 119.638260 1010.608276
v -79.594101 112.749947 1011.664001
v -52.592552 108.366364 1011.323059
v -53.917496 116.896225 1010.577332
v -51.995312 111.408401 1013.062378
v -79.869972 113.231804 1012.865662
v -52.086983 116.591660 1012.840820
v -52.511444 117.835892 1011.520508
v -52.605698 125.915878 1011.316711
v -79.574432 120.305954 1011.732361
v -79.032776 124.885468 1011.480652
v -78.383568 122.555206 1010.844238
v -52.136219 125.956711 1012.792969
v -77.464554 122.977058 1010.560303
v -53.348324 125.696594 1010.686707
v -79.645882 128.526154 1013.296997
v -53.447395 128.063217 1010.872864
v -78.511108 131.001358 1010.977844
v -77.610352 130.778885 1010.591797
v -52.540482 128.258591 1012.948425
v -52.836159 128.090958 1011.644470
v -78.968811 130.878433 1011.544250
v -77.720558 132.616470 1010.784790
v -54.365524 131.818924 1010.571289
v -53.727970 132.898376 1010.822693
v -53.177814 132.549377 1011.350586
v -78.897934 133.672607 1013.070801
v -78.476028 133.225113 1011.549805
v -54.191902 135.595139 1010.856445
v -78.349037 136.358398 1011.520569
v -77.791191 136.779922 1010.939453
v -76.744133 137.519745 1010.582581
v -54.607746 138.394867 1010.692932
v -53.525932 135.302063 1011.476746
v -53.188766 135.717194 1012.944580
v -78.197136 139.147522 1012.811951
v -77.772095 138.458817 1011.309875
v -53.990963 138.679459 1011.310120
v -53.422325 138.170563 1012.764709
v -77.700760 140.538895 1011.525085
v -55.332119 140.643982 1010.625122
v -77.577148 143.348053 1012.958923
v -77.110710 143.597412 1011.582825
v -76.714256 141.790115 1010.829285
v -75.487511 145.720673 1010.639038
v -56.158829 144.079346 1010.566162
v -53.970459 142.091568 1012.934570
v -54.517288 144.606598 1012.989502
v -54.691059 142.570526 1011.199036
v -76.534538 146.495972 1011.664124
v -76.306335 144.960297 1010.973267
v -55.280693 145.764526 1011.276978
v -75.901375 148.782440 1011.464172
v -74.322990 149.308228 1010.576416
v -57.677704 150.632767 1010.588257
v -55.593193 149.824402 1013.248230
v -55.682930 147.867554 1011.365662
v -75.113976 150.243179 1010.974670
v -62.838993 161.545349 1010.578369
v -56.679138 151.377823 1011.357300
v -56.686508 149.443954 1010.818787
v -74.855972 152.632599 1011.545044
v -56.346619 151.813934 1012.907043
v -73.289230 154.123047 1010.718018
v -59.567352 156.233658 1010.616821
v -58.151569 154.387695 1010.939819
v -73.589264 156.030212 1011.453003
v -72.159637 156.006699 1010.594299
v -58.793976 157.000610 1011.200317
v -72.504059 158.497803 1011.493713
v -72.193626 157.876465 1010.906616
v -70.585197 159.658524 1010.673096
v -60.847469 159.518799 1010.729858
v -71.351601 161.138290 1013.003235
v -70.594597 161.535431 1011.492615
v -69.142609 161.633575 1010.624939
v -61.914253 162.723267 1012.888977
v -60.528831 160.409027 1011.461060
v -69.790413 162.934692 1012.841614
v -69.010864 163.082825 1011.444641
v -66.950462 163.233810 1010.672302
v -62.748714 162.972168 1011.361328
v -64.008682 163.296753 1010.876343
v -67.531792 164.579742 1013.229492
v -66.013741 164.698395 1012.951416
v -66.888741 164.267212 1011.513977
v -64.617935 164.065582 1011.364502
v -91.678902 198.035538 1011.915527
v -84.058891 197.941833 1012.017944
v -77.454582 197.964340 1011.993042
v -71.593536 197.928131 1012.030457
v -60.751625 197.908066 1012.050293
v -51.412590 197.951874 1012.005981
v -42.984711 197.936432 1012.026489
v -39.165390 198.131775 1011.862610
v -38.394314 197.902344 1012.934753
v -94.678596 200.100388 1013.019165
v -92.670715 198.676483 1011.378540
v -94.014122 199.903610 1011.483765
v -93.599297 199.197906 1011.435059
v -84.327225 198.616165 1011.375916
v -83.331772 199.258835 1011.042664
v -77.143600 199.805420 1010.926514
v -68.044365 199.254059 1011.041626
v -46.381279 198.780380 1011.259521
v -37.684780 198.722321 1012.073547
v -37.088146 200.120575 1012.076538
v -37.521919 199.798431 1011.510437
v -38.645023 199.050766 1011.188049
v -94.682358 206.554413 1013.099915
v -94.416969 206.707718 1012.088379
v -67.766541 1.883789 1014.242554
v -47.028229 1.891457 1013.769287
v -92.642685 2.262650 1013.293457
v -93.216141 2.841896 1013.721497
v -93.523201 3.846680 1013.475952
v -91.474983 1.917915 1013.931641
v -91.956848 2.115356 1013.158997
v -84.642929 1.890198 1013.834229
v -40.103477 1.927277 1013.787598
v -38.878960 2.204010 1013.861328
v -39.083633 2.361923 1012.847107
v -38.296535 2.842110 1013.717834
v -37.968361 3.931381 1013.485901
v -93.598068 9.649559 1014.057922
v -37.946014 14.146873 1013.638367
v -93.527412 14.227921 1013.375488
v -91.721649 17.091759 1014.298462
v -91.958206 17.118095 1014.935181
v -91.012009 17.122459 1013.760132
v -90.457001 17.167000 1013.590332
v -85.719528 17.131386 1013.527893
v -84.395729 17.186371 1013.246155
v -47.166336 17.141449 1013.205200
v -46.202976 17.080360 1013.486511
v -41.138809 17.153748 1013.585327
v -39.540062 17.097878 1015.041748
v -39.898918 17.120705 1014.211365
v -40.474293 17.118401 1013.776428
v -91.422569 20.156349 1014.057922
v -84.826462 21.956467 1013.421326
v -46.899700 19.862846 1013.368774
v -46.031925 22.821121 1013.540771
v -39.947853 20.286621 1014.176758
v -91.936264 27.866737 1014.862976
v -85.539574 25.840172 1013.539673
v -39.557907 27.067299 1015.107300
v -91.354889 29.347473 1013.996216
v -90.551712 32.200195 1013.606079
v -84.678780 26.009941 1013.396790
v -46.932373 31.061378 1013.358276
v -40.949585 32.659294 1013.609131
v -40.181572 29.149467 1013.979309
v -85.103912 32.204659 1013.516663
v -46.070656 31.125618 1013.541321
v -91.923409 33.771896 1014.857666
v -39.803474 39.770828 1014.426025
v -40.163902 35.365105 1013.990173
v -91.309631 35.353836 1013.963867
v -39.558182 39.378479 1015.174316
v -47.103298 36.430656 1013.270203
v -46.674919 39.740524 1013.515991
v -40.961174 39.714378 1013.625549
v -84.690292 40.110352 1013.427246
v -91.695236 40.132675 1014.452271
v -91.148026 40.168083 1013.955872
v -90.450195 40.184578 1013.667725
v -85.259979 40.118980 1013.559692
v -84.222794 40.074875 1013.124878
v -40.323521 40.674171 1014.147400
v -90.348633 43.487396 1014.954712
v -46.676048 41.335213 1013.857910
v -41.487335 41.506737 1013.997314
v -40.799660 43.094719 1015.036560
v -89.373055 44.651100 1015.001709
v -84.099792 44.894333 1014.375366
v -46.921043 44.569641 1014.705994
v -47.641426 44.753769 1014.042603
v -42.136864 45.501404 1015.386108
v -83.713135 48.604973 1015.010071
v -83.320496 47.534180 1013.261841
v -47.609489 47.890129 1015.200073
v -47.999680 46.936882 1013.466187
v -83.234161 50.271248 1013.997986
v -83.326019 53.183426 1014.806641
v -82.325813 52.697117 1014.005127
v -80.982208 52.711731 1013.833191
v -80.282341 52.163643 1013.374695
v -49.035362 52.193214 1013.984558
v -51.206821 52.731998 1013.808960
v -48.095608 52.069305 1014.883240
v -82.918137 53.342422 1014.347351
v -51.912186 54.697170 1013.236145
v -48.538162 53.497284 1014.387207
v -80.970741 62.578331 1013.867188
v -49.260834 57.800217 1014.025330
v -48.105373 62.730293 1014.946960
v -82.420708 71.484375 1014.062988
v -82.298035 60.494118 1014.033325
v -52.017441 58.341015 1013.022034
v -49.148170 66.830849 1014.044373
v -83.383377 66.684074 1014.938843
v -51.854237 61.268700 1013.308167
v -51.288204 63.481594 1013.807251
v -80.368752 86.203217 1013.479309
v -83.065460 86.565582 1014.483337
v -48.088043 76.721252 1014.981506
v -83.399803 74.869720 1014.960266
v -51.690964 70.372269 1013.483276
v -48.495045 95.571259 1014.436096
v -80.903137 77.289429 1013.834900
v -49.265568 72.518860 1014.028381
v -50.953537 72.514633 1013.874512
v -51.920341 75.700119 1013.175415
v -51.492985 79.080727 1013.658020
v -82.311409 79.593323 1014.037354
v -52.008171 80.088211 1013.037476
v -51.122974 84.970276 1013.846069
v -49.178932 86.051285 1014.034424
v -48.151474 87.681595 1014.845032
v -83.415260 85.015144 1014.991943
v -80.932365 88.956635 1013.848328
v -51.976128 84.749222 1013.077332
v -82.259445 87.484261 1014.017456
v -51.695206 88.688919 1013.475342
v -82.408844 99.077469 1014.059082
v -49.112152 103.817322 1014.058350
v -83.355026 101.374168 1014.856995
v -51.712059 94.600677 1013.460693
v -50.919403 95.944374 1013.882629
v -49.278954 97.043907 1014.024841
v -48.078560 99.095314 1015.011353
v -79.937897 120.261116 1013.028687
v -51.142567 103.873383 1013.838989
v -80.976898 107.265953 1013.869812
v -51.740105 99.998573 1013.437073
v -83.079163 112.091217 1014.492615
v -51.740692 108.158630 1013.430542
v -82.278603 108.177948 1014.031189
v -48.132950 114.131638 1014.864136
v -83.385750 116.624374 1014.919922
v -50.948086 116.729866 1013.875366
v -49.248093 118.313911 1014.032349
v -80.833450 120.678345 1013.829834
v -51.087734 128.221252 1013.897644
v -51.753677 113.692627 1013.423584
v -82.286407 118.019707 1014.033081
v -51.850529 120.565247 1013.308044
v -82.113586 127.913757 1014.032776
v -79.918098 122.523422 1013.478271
v -48.575409 129.394363 1014.354309
v -80.368111 128.905670 1013.861023
v -79.674591 124.972382 1013.322815
v -48.132355 129.369095 1014.980896
v -83.369041 126.894440 1014.953064
v -82.910965 126.758514 1014.350037
v -51.604950 126.445229 1013.616577
v -49.356148 129.502853 1014.007812
v -82.990326 128.859970 1014.798828
v -52.158978 128.818558 1013.589417
v -82.925995 132.952576 1014.958984
v -82.355049 137.024307 1014.352539
v -81.828903 136.217484 1014.048340
v -79.324951 132.113846 1013.279541
v -52.709305 133.358658 1012.975342
v -48.654472 132.160095 1014.835815
v -49.608288 132.236389 1014.065247
v -79.512741 134.254578 1013.803833
v -52.153549 134.414780 1013.791687
v -48.810577 138.605652 1014.919495
v -82.720367 137.346161 1014.936340
v -79.453308 136.723236 1013.824585
v -78.859032 135.811386 1013.083496
v -49.268539 138.445190 1014.291199
v -81.784653 139.020905 1014.236145
v -78.491714 140.935913 1013.574280
v -52.850201 138.108109 1013.499817
v -50.532738 140.096695 1013.990967
v -82.437279 139.246429 1015.038452
v -79.195023 141.290833 1013.891724
v -52.480556 139.566193 1013.884827
v -53.647243 139.861847 1013.240173
v -49.212265 141.060089 1015.067749
v -49.887573 140.735352 1014.250610
v -82.027084 143.773697 1014.930786
v -81.559418 143.202499 1014.243713
v -53.099777 142.979614 1013.852417
v -80.532539 145.511017 1014.017395
v -78.180557 144.597610 1013.807861
v -77.055939 145.887787 1013.074463
v -53.815617 145.751663 1013.826843
v -51.021694 146.010818 1014.038818
v -49.512199 144.286865 1014.730347
v -49.817928 146.238388 1015.051819
v -50.524841 145.135162 1014.106750
v -81.339783 148.630051 1014.963013
v -77.615555 147.826569 1013.864868
v -54.813118 146.734787 1013.437073
v -80.803978 148.276352 1014.240601
v -76.951706 148.259354 1013.647461
v -76.295662 149.453903 1013.123657
v -76.646133 150.727127 1013.815674
v -54.619579 149.107666 1013.822937
v -51.165092 148.752502 1014.052490
v -50.127098 148.594086 1014.797424
v -50.543510 150.295120 1014.777893
v -80.595390 153.191528 1014.938232
v -80.165497 152.913239 1014.342834
v -79.382675 154.195251 1014.040161
v -75.402786 153.080063 1013.355225
v -75.987007 154.506683 1013.892822
v -75.479393 152.200012 1013.091553
v -55.358227 152.767593 1013.889282
v -56.307858 154.350006 1013.790344
v -51.372402 152.167633 1014.164368
v -52.502480 153.670700 1013.979553
v -50.977310 153.941544 1014.970642
v -75.118919 155.328293 1013.743958
v -57.605953 155.505463 1013.050476
v -51.747223 154.664703 1014.280029
v -79.372543 159.102142 1014.973328
v -77.961571 159.266159 1013.988342
v -79.176224 157.754562 1014.291992
v -73.668617 158.289581 1013.644226
v -73.140884 158.059631 1012.984924
v -56.983177 156.583618 1013.846069
v -52.392307 158.195862 1014.337891
v -53.078697 157.592148 1013.994812
v -78.269737 161.082672 1014.230835
v -73.518265 159.691101 1013.877563
v -58.132271 158.718201 1013.795410
v -59.049328 158.727280 1012.999634
v -51.997963 158.682770 1014.975403
v -71.498100 162.959869 1013.893188
v -71.694435 161.802612 1013.672302
v -59.632076 161.008484 1013.742615
v -52.741657 161.892838 1014.958557
v -78.183182 163.415375 1014.809326
v -77.092270 164.323212 1014.112854
v -75.614471 167.734985 1013.983948
v -70.323059 163.268661 1013.648254
v -62.020493 163.766174 1013.698975
v -54.517067 163.207687 1013.995056
v -53.266586 161.537582 1014.264648
v -77.087769 167.208313 1014.966431
v -75.935242 168.956055 1014.270081
v -68.765137 164.953506 1013.884460
v -67.210762 165.924103 1013.875244
v -64.659554 165.696274 1013.818726
v -64.349350 164.436340 1012.875977
v -60.686829 163.628754 1013.911499
v -55.468948 166.836914 1014.017212
v -53.946716 166.087067 1015.000183
v -54.510544 166.075623 1014.328247
v -65.428703 167.220001 1013.929504
v -55.444077 170.278412 1014.987305
v -55.828201 169.375549 1014.136047
v -75.357620 171.797974 1015.001099
v -57.137310 170.647400 1013.962280
v -56.956871 172.389954 1014.315552
v -73.613831 174.218048 1014.310730
v -74.437202 171.274826 1014.038147
v -72.441666 175.000595 1014.018494
v -72.956749 176.390915 1014.932129
v -59.483482 175.529907 1014.006714
v -58.788765 175.835358 1014.310059
v -58.078182 175.681244 1015.009766
v -72.096947 176.837921 1014.312927
v -71.077888 176.814468 1013.964478
v -70.522545 178.025970 1014.090210
v -61.332195 178.232620 1014.011230
v -69.303062 180.417694 1014.716492
v -68.610840 179.319000 1013.958740
v -68.654915 180.319794 1014.229614
v -60.509148 178.936768 1014.814514
v -67.242409 181.540390 1015.104492
v -65.951004 181.581360 1014.596252
v -65.380241 180.560226 1014.030334
v -64.561264 181.520844 1014.797180
v -63.111931 180.326767 1014.191528
v -62.884827 180.923737 1014.944580
v -89.099258 194.072296 1015.030090
v -88.939957 195.275757 1014.778809
v -83.571899 194.176315 1014.930176
v -89.027405 196.086334 1014.444458
v -76.108330 194.129837 1014.949951
v -81.906631 195.610168 1014.638977
v -77.958099 195.841278 1014.571167
v -74.043968 195.764923 1014.616516
v -70.013222 194.153748 1014.929321
v -71.643883 195.928833 1014.500366
v -67.941162 195.598816 1014.656006
v -62.911900 195.837463 1014.592957
v -65.730202 196.060944 1014.433411
v -60.112328 194.132828 1014.942749
v -57.348194 195.211151 1014.750061
v -53.787884 195.835541 1014.541931
v -50.660309 194.138229 1014.948120
v -49.650894 195.565536 1014.660339
v -42.512451 194.108276 1014.990479
v -42.393906 196.090210 1014.450256
v -42.571800 195.275696 1014.778809
v -41.478157 195.712341 1015.040161
v -93.672012 198.054092 1013.634338
v -93.600388 198.275894 1012.471069
v -90.218636 195.674515 1015.165771
v -91.007080 196.632904 1014.690125
v -89.936913 196.810638 1013.816223
v -83.700378 196.749115 1013.814087
v -75.857033 196.861557 1013.659729
v -71.104126 196.770126 1013.781738
v -66.894691 196.871689 1013.645020
v -58.489140 196.105637 1014.398193
v -60.273483 196.802216 1013.731079
v -53.208549 196.735229 1013.836060
v -48.712856 196.712662 1013.858215
v -45.975243 196.718475 1013.847046
v -41.115364 196.756729 1013.954529
v -40.750984 196.188690 1015.254395
v -38.201340 197.742401 1015.183350
v -94.462830 199.019852 1013.062561
v -37.046997 199.024628 1013.062561
v -36.779728 200.207062 1013.666809
v -93.600922 4.083145 1017.954468
v -93.002434 15.447563 1014.235107
v -38.508621 15.425972 1014.174255
v -91.958969 39.745987 1015.542419
v -39.872116 41.222946 1015.489746
v -91.535133 41.547600 1015.530945
v -41.390594 46.049362 1016.958069
v -89.879097 46.650108 1016.763245
v -90.070908 45.588936 1016.091309
v -89.323402 46.545105 1015.869263
v -87.934807 48.704025 1016.307556
v -84.916664 45.938591 1015.265015
v -46.582909 46.866676 1015.567383
v -41.691978 46.416534 1016.322571
v -43.140530 47.157524 1015.776001
v -88.539810 49.098717 1016.781982
v -84.865250 49.613297 1016.452209
v -84.430725 48.391640 1015.844971
v -46.638847 50.638000 1016.785400
v -47.561600 49.706459 1015.801270
v -43.739605 49.592255 1016.639282
v -42.751518 48.578346 1016.635193
v -87.904045 51.419807 1017.697083
v -87.040779 52.291504 1017.405518
v -84.848083 52.303375 1017.194946
v -83.958061 52.328812 1016.591553
v -47.534908 52.666130 1016.692444
v -44.570381 52.320847 1017.395935
v -46.644726 52.916599 1017.247009
v -43.880188 52.166168 1017.843872
v -84.875893 58.620003 1017.242065
v -47.593369 60.868290 1016.626526
v -44.456615 59.440784 1017.467224
v -87.108139 58.579365 1017.491211
v -84.262573 61.860500 1016.888000
v -83.778671 59.673843 1016.252197
v -46.738148 61.728821 1017.237000
v -84.760353 64.573837 1017.219360
v -86.941765 70.664658 1017.438538
v -83.776451 68.812408 1016.249573
v -46.922089 64.982208 1017.203491
v -44.427307 67.106728 1017.464111
v -84.676666 70.551956 1017.198486
v -47.259140 74.272736 1016.922913
v -46.674965 71.294693 1017.249084
v -47.658340 72.871086 1016.462280
v -44.579372 81.962547 1017.430542
v -84.814774 74.700424 1017.219666
v -83.989273 75.071945 1016.647461
v -84.899025 83.126549 1017.251526
v -87.122910 83.142113 1017.489319
v -46.686592 78.054764 1017.251343
v -47.651833 82.288284 1016.482300
v -83.796173 86.263657 1016.288635
v -47.276001 81.460220 1016.913086
v -46.689491 84.877151 1017.255615
v -87.062103 90.051704 1017.465759
v -47.292877 94.070175 1016.890686
v -44.547180 89.538910 1017.441711
v -84.831123 90.548569 1017.228394
v -84.226936 94.360527 1016.855347
v -46.750156 90.708282 1017.238525
v -47.662514 93.306763 1016.475464
v -83.771255 102.050446 1016.231445
v -46.694126 96.319885 1017.247009
v -84.721138 95.336296 1017.204895
v -44.444202 99.166702 1017.461426
v -87.056587 99.398331 1017.474487
v -84.760544 101.078056 1017.223206
v -84.115990 104.713486 1016.766357
v -47.588337 109.007919 1016.631348
v -86.766098 106.927773 1017.409546
v -84.863861 105.967209 1017.238770
v -46.709778 107.557938 1017.241638
v -47.271324 103.848396 1016.907532
v -44.566414 110.481583 1017.432129
v -86.746971 117.896126 1017.405334
v -84.758759 110.665520 1017.226562
v -83.797234 111.684296 1016.289551
v -84.858147 117.819336 1017.239258
v -46.887314 113.217201 1017.205261
v -44.535698 121.321632 1017.445557
v -46.765053 121.159836 1017.233032
v -47.607117 121.993896 1016.616943
v -83.760178 126.919456 1016.229919
v -84.850441 124.242119 1017.236450
v -46.744015 125.521317 1017.231873
v -84.173851 125.682022 1016.818665
v -47.543392 126.582626 1016.683044
v -44.574413 131.039429 1017.440674
v -87.025986 129.867157 1017.456238
v -84.792664 127.952927 1017.263794
v -83.910027 128.849274 1016.926636
v -83.563553 129.600357 1016.712219
v -46.730030 131.112488 1017.277893
v -47.956039 131.661652 1016.452393
v -84.392387 133.282730 1017.265503
v -83.200310 134.150970 1016.241638
v -47.338913 131.265350 1017.037781
v -47.573406 135.191956 1017.106384
v -48.181473 135.424835 1016.569763
v -86.710861 136.567978 1017.399414
v -84.218292 137.944519 1017.274048
v -83.257141 137.218628 1016.560852
v -44.808304 142.451050 1017.403503
v -83.373360 139.495407 1017.089600
v -47.375458 139.540787 1017.264771
v -48.303448 138.538177 1016.564331
v -86.970001 146.664307 1017.429016
v -82.811066 139.788559 1016.602356
v -48.167091 141.012619 1017.096191
v -48.763821 141.223953 1016.504761
v -83.492401 143.145844 1017.236633
v -82.514954 143.597748 1016.376526
v -47.944214 144.661697 1017.274780
v -82.225777 145.892654 1016.719666
v -48.883640 144.409851 1016.695190
v -82.996872 148.261215 1017.278259
v -82.004539 148.012070 1016.657104
v -49.544041 148.028168 1016.483276
v -49.043579 152.602249 1017.277466
v -44.366280 151.568726 1017.519409
v -82.183487 150.006638 1017.107910
v -81.381210 151.181122 1016.451782
v -49.107155 149.593430 1017.120239
v -44.891273 153.883560 1017.383484
v -87.010345 156.162079 1017.426575
v -81.005936 158.882202 1017.283447
v -82.042198 152.596756 1017.177917
v -49.910233 150.462982 1016.577698
v -80.702309 155.113647 1016.569763
v -50.262363 153.342377 1016.632629
v -50.584030 156.242111 1016.975403
v -50.806438 155.274506 1016.487061
v -50.500114 158.980179 1017.297668
v -81.199081 156.146332 1017.143311
v -86.589546 163.096130 1017.374268
v -80.233795 163.800354 1017.328674
v -79.921814 158.554596 1016.493591
v -79.707008 160.076019 1016.782166
v -51.572910 159.029861 1016.582947
v -79.168564 163.425140 1017.000244
v -51.898659 162.472900 1017.041626
v -52.293625 161.996674 1016.508423
v -44.718662 168.216705 1017.387878
v -79.350548 164.638214 1017.240723
v -78.474739 164.124115 1016.460571
v -51.237793 163.547516 1017.321838
v -86.839676 168.199432 1017.399109
v -77.237617 167.949921 1016.470032
v -53.081539 166.927460 1017.144836
v -78.094109 167.546234 1017.110413
v -54.229744 168.262436 1016.578308
v -77.054329 170.519104 1017.186890
v -53.922459 171.510452 1017.329468
v -54.353069 170.151337 1017.062500
v -55.232162 170.842163 1016.481018
v -44.299782 174.808502 1017.517883
v -76.959862 174.336121 1017.341064
v -76.045921 173.407639 1017.243164
v -75.081200 174.470581 1017.088928
v -75.764442 171.749542 1016.416870
v -55.340641 172.818954 1017.167786
v -73.554878 176.240845 1016.643738
v -56.878429 175.366074 1017.026245
v -57.267380 175.036835 1016.465149
v -57.199001 176.889923 1017.248352
v -45.040775 183.223480 1017.369324
v -74.433334 176.833069 1017.269714
v -60.068596 179.201904 1016.431458
v -58.299641 177.710754 1017.071167
v -87.012390 184.817902 1017.473083
v -72.983963 177.926605 1017.107300
v -71.581352 179.586700 1017.094727
v -70.951828 179.407013 1016.481750
v -59.590572 179.643066 1017.090759
v -59.331486 180.561066 1017.325317
v -85.888519 184.931946 1017.363708
v -69.331665 183.814392 1017.348450
v -69.717323 181.859283 1017.249146
v -68.659615 181.690887 1016.857117
v -69.058754 180.973419 1016.219177
v -66.586418 182.126465 1016.518616
v -62.911102 181.496002 1016.631592
v -62.836826 191.633911 1017.340332
v -67.320648 182.974182 1017.230835
v -63.841652 183.509125 1017.333313
v -64.071419 182.071930 1016.721375
v -61.762260 181.669373 1017.174561
v -53.012039 191.671127 1017.330505
v -86.944382 191.754333 1017.358093
v -44.695194 191.509399 1017.383179
v -89.789360 193.292419 1016.164062
v -87.174080 192.520172 1016.942261
v -87.858185 192.881958 1016.504700
v -86.750610 193.199402 1015.740173
v -78.677399 191.835205 1017.263916
v -77.676308 193.194275 1015.741333
v -74.095718 192.771698 1016.595093
v -67.089203 191.811401 1017.267029
v -71.986481 192.455551 1016.955200
v -59.716175 192.652130 1016.788086
v -67.340912 193.220520 1015.709229
v -60.069088 193.381836 1015.556641
v -54.126804 193.194550 1015.738464
v -44.296303 192.588440 1016.888977
v -44.761612 193.199280 1015.740356
v -43.557220 192.891632 1016.545593
v -41.913517 193.208069 1016.239990
v -41.736664 193.848282 1015.432251
v -90.736313 195.343140 1016.164001
v -91.187241 196.200882 1016.044312
v -90.574135 194.099243 1016.482361
v -89.771027 193.850983 1015.427979
v -40.705730 195.479675 1016.226318
v -41.000427 193.990570 1016.393921
v -91.996170 196.916565 1016.111938
v -39.836132 196.708237 1016.041321
v -94.726189 199.903534 1016.354431
v -37.432335 198.435760 1013.743835
v -36.802834 199.802063 1023.137573
v -92.442192 2.140305 1019.467224
v -93.193634 2.753487 1019.203857
v -93.738419 3.640167 1019.476074
v -39.446705 1.901833 1021.305176
v -38.968933 2.173447 1019.418518
v -38.249409 2.882065 1019.383911
v -37.704544 4.052444 1019.496582
v -36.979279 3.843987 1020.132568
v -93.685562 14.456688 1019.367249
v -37.898300 4.004707 1018.509094
v -93.668785 14.186287 1019.026306
v -37.414284 14.196175 1019.815979
v -37.845139 14.239975 1019.056152
v -37.908112 14.598991 1019.369385
v -92.069710 17.099495 1020.224731
v -39.434700 17.059692 1020.034424
v -39.477455 24.569771 1019.956116
v -92.032784 31.854195 1019.944946
v -39.472935 34.346565 1020.008362
v -91.936462 40.207932 1019.836792
v -91.302071 42.787270 1020.458923
v -40.776833 44.451065 1020.001770
v -88.280197 51.436142 1018.382874
v -88.262390 52.339973 1020.330444
v -43.230568 51.370224 1018.301514
v -87.945908 53.185349 1018.238831
v -43.467278 53.147091 1018.608887
v -88.198334 57.134636 1020.147461
v -88.034477 57.840168 1018.586548
v -43.479332 67.059631 1018.578003
v -43.720360 65.672966 1018.083374
v -87.696342 66.897217 1017.959839
v -88.239296 63.232830 1020.392883
v -43.315811 74.362076 1020.207153
v -88.214783 72.525940 1020.235291
v -88.039505 83.086670 1018.590332
v -43.470345 80.753502 1018.604431
v -87.742500 86.645462 1018.017090
v -44.107162 81.423286 1017.681885
v -88.069588 72.274315 1018.793091
v -43.329315 84.774193 1020.147461
v -88.253723 81.131561 1020.428528
v -43.809250 87.484848 1017.959290
v -88.035141 96.312820 1018.582092
v -88.189140 91.889473 1020.127319
v -43.535545 96.854858 1018.336670
v -88.229980 102.563805 1020.380249
v -43.272503 95.868515 1020.416016
v -87.715622 97.365150 1017.982300
v -88.052887 110.817329 1018.722656
v -43.282745 106.459534 1020.401978
v -88.179092 111.616074 1020.071533
v -87.696426 117.945641 1017.960022
v -87.279045 112.760689 1017.604736
v -43.836205 111.773216 1017.919067
v -43.457169 110.831505 1018.721313
v -43.879162 118.094696 1017.895325
v -88.237259 120.621964 1020.387390
v -88.040672 125.843781 1018.597778
v -43.305824 119.812668 1020.237793
v -43.493515 120.849518 1018.533020
v -87.728249 128.079407 1017.996094
v -43.817394 128.638809 1017.951904
v -43.438004 133.006470 1018.836304
v -88.073936 139.924728 1018.841553
v -44.222652 144.819504 1017.613953
v -43.789207 149.224442 1017.991150
v -87.675049 144.094101 1017.926941
v -43.460060 145.807190 1018.654480
v -88.077682 147.917572 1018.920959
v -87.721664 150.043732 1017.999878
v -43.625702 159.555618 1018.204041
v -88.062775 156.327698 1018.676025
v -44.242645 160.273773 1017.602539
v -43.424679 157.941437 1019.014709
v -43.413910 164.772644 1018.909302
v -88.097900 163.257950 1018.774414
v -88.091660 176.554886 1018.921143
v -87.831009 181.023270 1018.078430
v -87.564865 174.826874 1017.807617
v -43.921257 173.359161 1017.833740
v -87.015747 173.940002 1017.413513
v -43.404350 177.082214 1019.022400
v -43.672028 179.621964 1018.089783
v -88.138794 191.683838 1018.904053
v -87.642540 185.995087 1017.905457
v -43.871410 182.975433 1017.893860
v -43.422478 190.535858 1018.822754
v -88.110268 185.224426 1019.130249
v -43.856739 186.513062 1017.920715
v -87.859200 191.668304 1018.140320
v -44.358231 191.690628 1017.504395
v -43.652534 191.668320 1018.140320
v -90.126305 193.350769 1018.106873
v -88.721024 192.581787 1019.749817
v -88.533257 192.681686 1017.850586
v -43.310043 191.817657 1018.914185
v -42.793987 192.646606 1018.248657
v -41.385498 193.350739 1018.106934
v -90.864998 195.439560 1021.161560
v -40.710018 195.222534 1024.903687
v -93.621826 197.981171 1018.887268
v -94.707298 206.645355 1020.226807
v -96.962959 3.391548 1021.961975
v -95.348167 2.133293 1021.906433
v -96.256157 2.536270 1021.893677
v -97.043335 4.142876 1021.644043
v -96.253708 3.457184 1020.966858
v -93.875000 2.641228 1020.319519
v -96.233147 4.880516 1020.791260
v -94.537498 3.831223 1020.205322
v -93.468025 2.193581 1020.755554
v -36.053688 2.142204 1021.893860
v -38.128334 2.242790 1020.676758
v -37.490475 2.646095 1020.458435
v -34.996708 2.736862 1021.556152
v -34.352287 4.117783 1021.526611
v -35.763443 2.559395 1021.090942
v -34.876522 3.785751 1020.817017
v -35.403194 3.769768 1020.527954
v -97.221016 8.310883 1022.141174
v -97.120750 14.425171 1021.831238
v -96.741806 14.182899 1021.221924
v -96.167709 9.945305 1020.763000
v -35.328629 14.355537 1020.518250
v -34.818542 13.947281 1020.810242
v -94.368530 14.290642 1020.130188
v -36.777225 14.150856 1020.169983
v -96.217194 14.552719 1020.871887
v -93.459831 15.769836 1020.563110
v -38.180820 15.802681 1020.451599
v -34.952053 15.257835 1021.542175
v -34.372669 14.248161 1021.447937
v -95.337921 17.078705 1022.738525
v -94.489014 17.138611 1021.851562
v -92.651840 17.163033 1021.180603
v -39.237274 17.501419 1020.750183
v -38.660610 17.092026 1021.182495
v -36.457600 17.144547 1022.019897
v -36.911980 17.136490 1021.650330
v -37.219967 26.224770 1021.543518
v -38.354385 30.817482 1021.306030
v -92.194534 39.822929 1020.656616
v -36.138374 30.349472 1022.593201
v -95.124046 32.182945 1022.477295
v -94.138443 40.267548 1021.722229
v -38.703239 39.397369 1021.198792
v -94.613914 33.200043 1021.957764
v -36.995934 33.443054 1021.624146
v -92.775467 30.415337 1021.264771
v -39.330513 39.133682 1020.600647
v -94.778030 40.363792 1022.127014
v -92.607452 40.216522 1021.181946
v -39.523594 40.142754 1020.182373
v -36.740669 39.760368 1021.737610
v -91.978287 42.650703 1021.139954
v -39.235268 41.863777 1021.201782
v -39.958031 44.597786 1021.267090
v -40.764809 45.050186 1020.686462
v -37.851479 44.883759 1022.106873
v -38.109829 43.717674 1021.656189
v -92.917786 45.121078 1021.805359
v -91.229156 45.259933 1021.191284
v -90.389877 45.776237 1020.465088
v -92.282127 49.096092 1022.462036
v -90.500618 47.829552 1021.249390
v -39.606915 48.454453 1021.679016
v -40.694489 47.283287 1021.310852
v -43.224274 52.044258 1020.378662
v -91.459702 48.759117 1021.699402
v -89.272575 51.499504 1021.294067
v -88.920715 50.035309 1020.486938
v -42.007751 49.646240 1021.022949
v -90.686905 52.051796 1021.818420
v -88.576881 52.588608 1020.881836
v -42.301811 51.847908 1021.283020
v -42.950012 52.695553 1020.892578
v -40.331123 52.236702 1022.024231
v -40.830505 51.953186 1021.643738
v -90.752068 58.338043 1021.881592
v -42.228458 58.974644 1021.329651
v -43.277489 61.383301 1020.411560
v -89.078400 68.206581 1021.232788
v -40.879486 59.083569 1021.643494
v -40.056473 61.539127 1022.505066
v -90.950500 65.099457 1022.068787
v -90.474411 71.870285 1021.727478
v -42.417458 70.749535 1021.264160
v -40.894745 66.973106 1021.638306
v -91.264038 74.684402 1022.436523
v -40.962990 73.935852 1021.613098
v -91.040192 77.815910 1022.143860
v -40.199593 89.592064 1022.217407
v -40.880074 79.264648 1021.647522
v -42.348694 83.698936 1021.287415
v -90.539040 83.108818 1021.759888
v -89.070969 97.633820 1021.231628
v -40.303291 107.319283 1022.059570
v -40.875351 85.564781 1021.652893
v -90.736237 88.762901 1021.847290
v -90.952049 94.741898 1022.071594
v -42.439636 97.932800 1021.254883
v -41.049561 90.765762 1021.622009
v -40.912476 96.153236 1021.637878
v -40.896011 103.703217 1021.642944
v -91.224548 105.074471 1022.406982
v -89.076958 105.299820 1021.237000
v -90.564201 103.444481 1021.779114
v -88.557671 123.773575 1020.880371
v -42.252609 112.262085 1021.318115
v -91.155685 108.670776 1022.289917
v -43.225288 126.831909 1020.611938
v -40.933716 111.800903 1021.620850
v -90.973892 118.631821 1022.090088
v -90.276825 119.498245 1021.632385
v -89.103424 122.935745 1021.275269
v -40.004639 124.495308 1022.579041
v -40.608025 122.609039 1021.745850
v -40.932682 118.471329 1021.625427
v -90.934753 123.008186 1022.072632
v -42.369991 124.377220 1021.278931
v -88.227089 132.007050 1020.447571
v -40.906464 126.239166 1021.714600
v -91.039879 128.377365 1022.203918
v -42.482269 127.939804 1021.371460
v -40.290817 128.768951 1022.239075
v -90.556618 130.604553 1021.854492
v -90.760887 134.314957 1022.099182
v -42.497047 132.044189 1021.395020
v -40.697258 131.600143 1021.888428
v -89.091690 131.424545 1021.373230
v -88.789024 134.161942 1021.345093
v -43.308807 133.495483 1020.629028
v -40.754120 135.613312 1022.293762
v -90.796387 136.521484 1022.513794
v -88.762932 136.712708 1021.754089
v -88.217461 136.547836 1020.961121
v -42.743896 135.021591 1021.725952
v -40.738014 139.685562 1022.495728
v -88.904701 141.152649 1021.996948
v -88.204849 141.845963 1021.139709
v -42.350784 140.276886 1022.118164
v -43.279861 140.805023 1021.300476
v -88.530380 143.584366 1022.280945
v -42.892921 142.222198 1022.274536
v -88.207367 147.446777 1021.976868
v -43.242954 145.768402 1021.983337
v -43.348434 148.933899 1021.906921
v -88.195274 151.390259 1022.522888
v -43.337215 154.233200 1022.920105
v -88.175552 165.082550 1025.483032
v -90.603424 194.078278 1024.821289
v -40.906357 194.070648 1021.841248
v -94.169678 198.500427 1021.426147
v -91.713539 196.693726 1022.148987
v -40.281101 196.114655 1024.734497
v -39.552124 196.884415 1024.361694
v -94.681892 199.657806 1020.311646
v -37.569870 198.234894 1023.457520
v -98.098045 3.705574 1024.735840
v -97.178940 3.417397 1023.863770
v -97.438408 4.695862 1023.858948
v -95.588867 2.061058 1025.064941
v -96.540985 2.542778 1024.183350
v -35.708336 2.103722 1024.326416
v -34.865368 2.637398 1023.602295
v -34.274521 3.496315 1023.384216
v -34.058487 2.371452 1024.905151
v -33.759796 3.863327 1023.870850
v -33.207355 3.661064 1024.332397
v -31.782539 3.697037 1024.734619
v -34.117214 4.960495 1023.131165
v -98.270447 9.278923 1024.737549
v -33.213760 14.335037 1024.287720
v -97.774460 13.952972 1024.362061
v -34.028774 9.768906 1023.423035
v -31.543587 14.333282 1024.787109
v -34.031940 14.274658 1023.540833
v -98.072205 14.505760 1024.738159
v -96.772522 15.487877 1024.249512
v -97.403702 14.253738 1023.745422
v -35.895367 17.133141 1024.155151
v -35.278816 17.091827 1025.030518
v -95.549698 17.168938 1024.494995
v -36.127777 17.120872 1022.581787
v -35.674896 21.742401 1024.648804
v -95.532761 31.600845 1024.428711
v -95.385056 23.238281 1023.067383
v -35.890251 25.072128 1024.333618
v -95.521660 39.740303 1024.541260
v -35.436184 30.451538 1024.970459
v -95.396759 34.756187 1023.126770
v -35.661499 35.077629 1024.685547
v -35.933632 40.150421 1024.347656
v -36.172390 40.206879 1022.671204
v -95.296158 40.088615 1022.880188
v -94.429443 44.376091 1025.030151
v -94.434990 43.355461 1022.973328
v -93.286545 47.400177 1024.572754
v -36.982819 43.954536 1024.412964
v -39.599926 51.168175 1022.821777
v -38.779675 49.471741 1024.510254
v -92.219185 50.801865 1024.889282
v -91.831337 51.339394 1023.124268
v -39.750328 52.248543 1024.131592
v -39.094013 52.547413 1025.108154
v -91.757126 52.896362 1024.798462
v -91.473892 52.759830 1022.733643
v -39.778534 55.541317 1024.324097
v -39.997894 53.152004 1022.627563
v -91.573776 59.544998 1023.644897
v -39.403351 58.538879 1024.859985
v -39.851814 64.327385 1024.044189
v -39.507408 69.471985 1024.753052
v -91.686981 67.915474 1024.604248
v -91.459419 65.551270 1022.825989
v -39.962379 74.581070 1022.843201
v -91.530357 72.146912 1023.151917
v -91.641296 75.594528 1024.377441
v -39.488766 77.035385 1024.774292
v -91.520775 77.843521 1023.077393
v -39.546906 81.358017 1024.691162
v -39.816620 83.226120 1024.199585
v -91.651649 85.954865 1024.425171
v -91.681267 102.720680 1024.588989
v -39.966125 90.355545 1022.840210
v -91.469994 86.255615 1022.845947
v -91.486725 94.907211 1022.883362
v -39.520195 97.681023 1024.740967
v -39.833954 93.516800 1024.098999
v -39.976330 100.260986 1022.832764
v -39.473396 107.696815 1024.789551
v -91.490501 105.180969 1022.913452
v -39.969177 114.402229 1022.823914
v -39.841370 114.057434 1024.094360
v -91.652809 119.809151 1024.434326
v -39.597778 111.423111 1024.600708
v -91.671661 129.027969 1024.579956
v -91.465347 114.266869 1022.796997
v -39.820000 125.333633 1024.220825
v -39.371414 123.188637 1024.884399
v -91.458115 124.809692 1022.834778
v -39.761501 127.774879 1024.842529
v -91.449554 134.072479 1022.881348
v -39.834038 134.441162 1025.006714
v -40.056213 133.438156 1022.836731
v -91.507378 135.628647 1023.427795
v -91.484680 141.015518 1023.586426
v -90.791580 140.720627 1022.660828
v -39.972588 138.198029 1023.526978
v -40.117165 140.952469 1023.352234
v -91.278328 143.137268 1023.648010
v -90.505310 143.219498 1022.995728
v -39.965393 145.137131 1024.335693
v -40.955540 142.114090 1022.802612
v -91.505875 146.973373 1024.571655
v -90.930069 145.795486 1023.353271
v -41.808434 145.105499 1022.830750
v -40.389114 145.044037 1023.371765
v -90.749382 148.093674 1023.718323
v -88.887184 146.187225 1022.632629
v -42.435780 147.240097 1023.092712
v -42.996101 145.857651 1022.411621
v -40.771339 148.319611 1023.625061
v -90.949219 150.249146 1024.036011
v -88.850540 148.395676 1023.043274
v -42.348930 150.234299 1023.497925
v -43.096954 149.919800 1022.876343
v -40.115150 148.765793 1024.359619
v -90.709846 151.924805 1024.311890
v -89.075195 151.852081 1023.699158
v -88.726639 150.636368 1023.224609
v -40.233566 153.115311 1024.858521
v -40.880676 152.540512 1024.237183
v -90.728859 153.604660 1024.498413
v -90.717896 155.895218 1025.012451
v -88.793739 154.256210 1023.948853
v -42.622002 152.844910 1023.775940
v -43.166397 154.601837 1023.676514
v -40.784912 155.708557 1024.897705
v -88.804100 157.080261 1024.493408
v -88.310196 155.219437 1023.557983
v -42.412361 155.193634 1024.375366
v -43.238197 157.361389 1023.953064
v -88.338356 160.346939 1024.794922
v -88.179474 156.645584 1023.348511
v -42.645119 159.028854 1025.092896
v -43.319756 161.351562 1024.700195
v -43.351105 191.525146 1027.161865
v -88.177864 191.728180 1023.848572
v -41.312199 1.886322 1026.858276
v -99.901184 2.634010 1026.293579
v -99.560150 2.919937 1025.552002
v -99.963089 3.761749 1025.250244
v -97.414680 2.122894 1026.251709
v -97.422546 2.583206 1025.214478
v -32.584801 2.219589 1026.643188
v -31.852016 2.589722 1025.550293
v -30.941547 3.483932 1025.840210
v -100.817093 5.067238 1026.164062
v -100.129333 6.201843 1025.270020
v -30.597050 4.721100 1026.220337
v -31.009480 4.982735 1025.272705
v -100.659836 13.712303 1025.765015
v -99.653732 14.220810 1025.057007
v -100.937027 13.957283 1027.011841
v -100.691833 14.660767 1026.388550
v -100.276871 14.486176 1025.502197
v -96.531883 17.128181 1025.599121
v -33.539528 17.104889 1025.590454
v -30.571884 13.972130 1026.276611
v -30.759727 14.329849 1025.705200
v -31.363186 15.418869 1026.215820
v -98.898727 17.084862 1027.229736
v -98.726479 17.137245 1026.663818
v -97.958595 17.115295 1025.947266
v -95.901245 17.118530 1025.214722
v -32.611645 17.093468 1026.888062
v -32.905041 17.117477 1026.163940
v -98.861740 23.078758 1027.392212
v -35.212711 22.489174 1025.098511
v -32.619030 21.988663 1027.178223
v -33.947548 22.214157 1025.459229
v -97.806999 26.326843 1025.911011
v -95.935577 27.776901 1025.285767
v -96.501648 25.000496 1025.621094
v -33.101807 23.085388 1025.989014
v -98.887695 32.866890 1027.279541
v -98.479553 28.571419 1026.389038
v -35.282619 26.969818 1025.083130
v -32.640152 29.381927 1027.050537
v -33.722305 31.188713 1025.526001
v -32.880981 39.072060 1026.238525
v -98.499466 32.883530 1026.407959
v -97.983047 33.921730 1025.980713
v -96.280220 34.591942 1025.546631
v -95.790535 34.808563 1025.083862
v -35.168995 37.466057 1025.121338
v -97.933212 40.594910 1025.988403
v -32.633404 39.351578 1027.169922
v -98.727966 40.364342 1026.821533
v -96.177017 40.646309 1025.538574
v -95.587570 40.224579 1024.911011
v -33.784187 40.308861 1025.515381
v -98.557922 41.353584 1027.216187
v -32.966518 41.310898 1026.663208
v -33.406681 41.157150 1025.866577
v -97.198257 42.265923 1025.899536
v -34.709118 43.910538 1025.550537
v -35.482384 41.606369 1025.105713
v -97.363937 44.299431 1026.381226
v -94.604019 45.371658 1025.497192
v -37.052261 46.444016 1025.060059
v -96.194626 47.871727 1026.398193
v -95.918213 46.176750 1025.890869
v -93.280632 49.531227 1025.533081
v -34.397461 45.601738 1026.352295
v -34.409431 44.503273 1025.884399
v -36.201557 48.752007 1025.548706
v -95.132339 49.309799 1025.992188
v -37.487755 52.461246 1025.562500
v -38.275394 50.089218 1025.109375
v -95.225311 51.719208 1027.165039
v -94.862564 52.556648 1026.619873
v -94.128387 52.454441 1025.951538
v -92.438522 52.836823 1025.545044
v -36.951031 53.108978 1025.993408
v -36.239182 51.630325 1026.716309
v -93.986130 55.155582 1025.953003
v -94.565445 56.459808 1026.356567
v -92.350960 60.856110 1025.520142
v -36.505505 60.257355 1027.129761
v -94.110428 61.522587 1025.986938
v -36.951523 58.597012 1026.035522
v -38.885105 65.578552 1025.214600
v -94.978081 66.396423 1027.187622
v -94.664383 66.305420 1026.462646
v -37.570660 65.376015 1025.559326
v -91.980957 63.436558 1025.191284
v -92.416954 69.871811 1025.539307
v -94.136856 70.329834 1026.016724
v -91.989983 68.727844 1025.194458
v -36.521248 72.654922 1027.061157
v -36.669586 88.023369 1026.460083
v -37.562759 74.419479 1025.565063
v -92.006454 73.438721 1025.218018
v -94.723373 75.544540 1026.531860
v -95.008087 75.054337 1027.596436
v -94.057999 77.050613 1025.966919
v -92.437416 77.270020 1025.553833
v -36.984665 84.185249 1025.999390
v -94.975380 80.914276 1027.375732
v -94.430397 83.176483 1026.230103
v -92.431068 92.468842 1025.554932
v -91.984398 99.545197 1025.197998
v -37.598839 85.810181 1025.548462
v -39.176125 88.883858 1025.096436
v -94.705002 89.032257 1026.530884
v -36.499878 91.128090 1027.204834
v -94.957275 97.330475 1027.113892
v -94.090614 89.236618 1025.978271
v -94.985130 88.877853 1027.459595
v -94.088745 95.211960 1025.974854
v -94.497925 100.512184 1026.259155
v -92.613220 99.394089 1025.615845
v -38.874222 102.903374 1025.216553
v -36.511528 100.710251 1027.153076
v -37.382484 99.362175 1025.642334
v -94.943329 105.285774 1027.066040
v -94.575180 106.520805 1026.358276
v -93.930702 106.700447 1025.922119
v -92.008705 104.172226 1025.222534
v -36.519276 107.418053 1027.045776
v -92.596634 108.095551 1025.618408
v -37.387711 111.381851 1025.628418
v -94.991585 114.888405 1027.442627
v -94.601982 113.035316 1026.398682
v -94.059097 115.417984 1025.965332
v -94.761749 119.780930 1026.582886
v -92.003761 121.001511 1025.222412
v -37.435295 125.142128 1025.603149
v -94.996101 121.216927 1027.334351
v -94.127525 121.198082 1025.986206
v -92.615570 123.821854 1025.655151
v -36.708237 116.837891 1026.342407
v -36.627625 125.198654 1026.511475
v -94.318298 124.036064 1026.253174
v -94.067383 128.910507 1026.164551
v -92.654175 128.990372 1025.728882
v -91.988045 129.186951 1025.245361
v -38.969570 125.305328 1025.190796
v -39.119553 128.553329 1025.501831
v -36.784023 127.558395 1026.710815
v -37.737389 127.604164 1025.909424
v -94.654907 128.910004 1026.632446
v -36.907516 132.398285 1026.667236
v -37.631989 129.990295 1026.010254
v -94.931770 129.986374 1027.413330
v -94.048065 131.733658 1026.654053
v -92.292007 131.240417 1026.089722
v -91.684990 131.559631 1025.281494
v -39.594215 131.153580 1025.240723
v -37.525604 133.099869 1026.249023
v -38.676880 134.337006 1026.120728
v -36.607250 134.419785 1027.543091
v -39.422966 133.782135 1025.627808
v -94.769707 135.313431 1027.475342
v -94.141884 135.544495 1026.854004
v -92.458084 137.386688 1026.780762
v -93.976822 137.539932 1027.249878
v -92.371666 135.338287 1026.247070
v -91.696457 136.133850 1025.593262
v -37.280067 135.299179 1026.831909
v -39.125862 138.767868 1026.513794
v -39.808483 139.950394 1025.878906
v -37.459709 137.696213 1026.828369
v -92.379669 139.755829 1026.883667
v -91.787323 141.521271 1026.669678
v -91.655121 139.916321 1025.871826
v -37.543095 139.946548 1027.251953
v -92.459984 141.610916 1027.398926
v -91.645355 144.060715 1026.559204
v -39.600197 144.048431 1026.947632
v -91.845970 145.981277 1027.517334
v -39.053204 143.849625 1027.458862
v -39.851536 146.108948 1026.839966
v -91.492912 150.876190 1025.175293
v -39.970222 152.915985 1025.530762
v -91.502487 154.536011 1025.758667
v -91.354179 158.371796 1026.228638
v -40.054565 156.362915 1025.864014
v -91.542770 160.388184 1027.296753
v -39.960594 161.401749 1027.355591
v -41.000771 160.567963 1025.885132
v -91.130859 161.196304 1026.570068
v -90.510063 160.488846 1025.931519
v -89.078003 159.910126 1025.334351
v -42.638031 161.640915 1025.745728
v -40.294586 158.841431 1025.980469
v -90.783798 164.573654 1027.117676
v -89.110031 162.670227 1025.988647
v -88.402557 162.852768 1025.424805
v -40.290840 162.128159 1026.779907
v -88.873726 166.227158 1026.955933
v -42.336449 165.261139 1026.886841
v -43.117790 164.978256 1026.198730
v -43.352402 168.155838 1026.463745
v -90.850525 195.382263 1029.905518
v -93.502533 197.887146 1025.711670
v -94.735718 200.007767 1024.895630
v -100.623070 3.441223 1033.944458
v -100.917923 4.732346 1027.562378
v -99.166275 2.310371 1026.355591
v -100.567459 3.455376 1026.249390
v -31.640755 2.584824 1031.039185
v -31.330811 15.495728 1033.189331
v -97.395706 45.260353 1027.562256
v -95.319260 51.582329 1032.275024
v -95.012146 53.628910 1027.329468
v -36.489456 53.264999 1026.877319
v -36.492569 80.992470 1027.255371
v -95.018143 103.819389 1028.905640
v -36.517151 118.023064 1027.135132
v -95.009087 135.595779 1028.490723
v -36.489426 126.123680 1027.731689
v -94.702034 137.356171 1027.890747
v -36.752747 137.708282 1027.545288
v -36.577072 139.061676 1028.275146
v -94.918350 140.708511 1028.649414
v -94.089821 139.965149 1027.477173
v -36.488991 142.402863 1029.075317
v -94.867172 143.620651 1029.055542
v -94.003525 142.947205 1028.017212
v -92.359573 143.391769 1027.506592
v -36.976177 142.153503 1028.037109
v -37.570690 142.259598 1027.543945
v -92.505363 145.959778 1028.206543
v -36.608353 145.803909 1029.369995
v -94.367638 145.619049 1028.826538
v -94.056641 146.548370 1028.801270
v -92.126663 148.085114 1028.470825
v -91.660385 148.421097 1027.776001
v -39.567345 147.148941 1027.723389
v -37.468952 146.856735 1028.600830
v -92.305908 151.243469 1029.447266
v -39.351902 149.834854 1028.705688
v -37.345253 149.299759 1029.234741
v -91.644859 154.035782 1029.217163
v -39.816521 153.286224 1028.957275
v -39.850395 154.643982 1029.164673
v -39.865204 158.923889 1030.970337
v -91.488701 165.349197 1028.368530
v -39.951874 166.487411 1028.890625
v -91.361458 169.906021 1029.692139
v -90.984055 170.056152 1029.222290
v -90.613899 169.703888 1028.798462
v -40.210930 165.471191 1027.850586
v -40.736149 166.125610 1027.541382
v -88.765411 170.460480 1028.467285
v -42.705940 169.276337 1028.077637
v -40.713829 169.829681 1028.804810
v -88.172493 171.087402 1027.769287
v -42.366711 173.372391 1029.988647
v -43.033394 173.337326 1029.472534
v -43.261227 170.969543 1027.925781
v -40.875469 173.233673 1030.249878
v -88.137413 180.281769 1031.686523
v -43.356735 175.365784 1029.640381
v -43.375340 179.996490 1031.773315
v -43.398941 184.881256 1019.105408
v -88.158707 191.560638 1032.176025
v -42.932167 192.482971 1026.217896
v -91.828300 196.785645 1026.261841
v -93.992447 198.280396 1031.329712
v -91.234398 196.128448 1028.777100
v -37.904938 197.962814 1028.574829
v -36.789902 199.978058 1029.709106
v -91.636604 1.885155 1020.524353
v -99.118927 2.261879 1033.382080
v -30.854057 3.503830 1030.384888
v -100.707817 14.748680 1031.996338
v -32.592735 17.140961 1033.048828
v -32.616028 39.699425 1036.566406
v -94.993889 147.199417 1030.310669
v -36.525002 152.328232 1031.599731
v -94.868797 150.320969 1030.670166
v -94.035332 151.301651 1030.043091
v -36.713837 150.156433 1030.253052
v -37.497437 152.288605 1030.045776
v -94.967850 154.521942 1032.402832
v -94.576729 154.365936 1031.574341
v -93.891022 154.592926 1031.109375
v -92.210556 153.410278 1030.159302
v -39.038410 153.812027 1030.042480
v -94.090897 157.010910 1032.156006
v -92.326996 155.468826 1030.860474
v -39.479366 158.360321 1031.575928
v -36.853874 154.426544 1031.318726
v -37.575104 154.737457 1030.801270
v -38.905708 158.213287 1031.933960
v -92.056458 159.184753 1032.257446
v -91.637840 159.678619 1031.628784
v -37.485176 158.483017 1032.499512
v -91.552773 170.142624 1030.506348
v -40.022896 170.444458 1029.902710
v -39.935223 173.876450 1032.036255
v -90.547569 175.274475 1031.382446
v -40.250065 173.907608 1031.121826
v -88.797935 175.144516 1030.696289
v -88.274231 175.707657 1030.209961
v -42.800362 176.708160 1031.736816
v -40.756554 176.004532 1031.837646
v -88.198128 180.372833 1033.194336
v -43.226486 179.410110 1032.748047
v -90.164818 193.376373 1030.616821
v -88.626495 192.522797 1032.610962
v -41.344482 193.377808 1032.273193
v -40.911446 194.049530 1031.413696
v -40.516273 195.797180 1032.231445
v -37.861328 197.995712 1033.316650
v -94.441681 198.890381 1050.675903
v -94.710747 199.764435 1032.208252
v -37.044228 198.951721 1030.790771
v -100.891891 4.591789 1035.639526
v -30.695145 14.533821 1030.509399
v -98.911339 17.137260 1034.325684
v -98.851730 40.099998 1031.557007
v -33.777225 44.257019 1027.334717
v -95.048004 53.127953 1035.904785
v -36.436218 52.865643 1032.950439
v -94.793510 156.936401 1032.895142
v -94.625099 160.270447 1034.424683
v -93.879837 159.551498 1033.350342
v -36.624126 158.332489 1033.477539
v -93.835007 162.161957 1035.129883
v -92.378082 159.856415 1033.035034
v -92.646111 162.354568 1034.895874
v -39.520512 161.713531 1033.482056
v -36.894909 161.162537 1034.757080
v -37.489906 161.673355 1034.457886
v -38.903946 161.143051 1033.651611
v -92.006226 162.650055 1034.442993
v -91.647331 163.271072 1033.893677
v -39.821503 164.223602 1034.881104
v -39.904778 165.433014 1034.786621
v -91.464424 175.045319 1032.193481
v -91.494301 178.000610 1034.363892
v -40.083717 177.097107 1033.401001
v -40.757019 178.442902 1033.595825
v -90.820816 178.795380 1033.911133
v -88.839279 179.932602 1034.183838
v -88.736374 178.371613 1032.713135
v -42.602028 178.984360 1033.432251
v -42.558357 192.725311 1038.701050
v -43.349098 191.727112 1033.972534
v -39.554222 196.873749 1031.406738
v -32.834469 2.179306 1036.666504
v -100.636627 14.841309 1039.832886
v -30.780537 14.706841 1038.712158
v -32.594517 17.142403 1038.481201
v -32.780342 40.780258 1032.483398
v -36.505829 160.755798 1035.609741
v -94.925812 161.588943 1036.044556
v -94.170944 163.189789 1036.479370
v -92.499969 164.116608 1037.031006
v -39.171776 163.091354 1035.164062
v -36.626343 163.155960 1037.569580
v -37.494568 163.373886 1036.270264
v -39.018139 164.386063 1037.239014
v -39.978752 179.731308 1036.243652
v -91.545059 180.074463 1037.156250
v -90.742493 180.669174 1036.133667
v -88.976891 181.214935 1036.060425
v -88.189026 183.029694 1037.238770
v -42.674377 181.191406 1035.930664
v -40.729855 180.738190 1036.096313
v -43.287674 181.920883 1035.470215
v -88.133003 191.431946 1039.433105
v -90.576378 193.994690 1034.105957
v -91.153435 196.048920 1038.049561
v -40.905243 194.073074 1043.155029
v -40.568287 195.705475 1038.251221
v -91.964310 196.887634 1034.468628
v -93.628792 197.985199 1035.824829
v -39.562595 196.871765 1038.453491
v -37.305542 198.550964 1036.139893
v -36.782280 199.974792 1035.729370
v -99.208015 2.287079 1042.847168
v -100.244095 2.944237 1041.436768
v -100.686508 3.614555 1040.109497
v -97.955688 2.123055 1036.113892
v -41.426991 1.883743 1050.809204
v -32.709167 2.191200 1042.413574
v -30.899715 3.426369 1045.917236
v -30.747555 3.819145 1038.982300
v -100.931602 4.830185 1040.918335
v -30.573605 4.745171 1034.321899
v -100.936546 13.952171 1051.767578
v -30.561325 13.939117 1051.292236
v -98.910744 17.129684 1043.944092
v -98.875595 39.866104 1036.792725
v -98.404732 42.013954 1043.691772
v -32.949886 41.461296 1039.557373
v -95.207321 51.958595 1041.993896
v -36.210667 51.692192 1037.697266
v -36.393051 52.727566 1042.104492
v -36.501373 158.483398 1044.050293
v -95.015182 161.880478 1041.442871
v -36.570351 162.990997 1040.580566
v -94.900665 163.124176 1038.045410
v -94.196106 164.257339 1039.674316
v -94.006836 164.150177 1038.040527
v -92.590698 164.630127 1038.416626
v -92.084503 165.168472 1038.883789
v -91.685440 165.687576 1041.059448
v -91.642410 165.404709 1037.128174
v -39.835808 165.938309 1038.182373
v -39.479164 165.021576 1037.967041
v -37.492535 164.295593 1038.196777
v -39.170994 164.848709 1039.480713
v -91.596268 166.281311 1042.347046
v -39.884995 165.664368 1041.334595
v -39.934784 180.335754 1039.315063
v -91.481796 180.433044 1041.019287
v -91.166611 181.325439 1039.480591
v -90.572784 181.736206 1039.550659
v -90.741447 181.487701 1037.916260
v -88.817749 182.117218 1038.015869
v -42.674618 181.921631 1037.426147
v -40.262444 181.193604 1038.898193
v -40.781441 181.673279 1038.709229
v -88.986725 182.167419 1039.521606
v -88.146530 183.329865 1041.248901
v -42.367126 182.100540 1039.204834
v -42.904263 182.472870 1040.023315
v -43.278313 183.086304 1037.926636
v -43.392532 185.093918 1039.933105
v -43.334858 191.647522 1038.813721
v -88.410782 192.165100 1045.666016
v -90.804962 195.207642 1041.518311
v -92.065323 196.954498 1039.409668
v -94.047447 198.333557 1041.485229
v -37.861607 197.996658 1039.139771
v -94.630508 199.475861 1038.595947
v -94.735176 200.214813 1040.799805
v -36.799278 199.771301 1041.907959
v -30.596527 4.652733 1043.122192
v -30.791866 14.723770 1045.479248
v -32.573231 17.116043 1045.368652
v -32.624111 39.989395 1044.808350
v -98.843658 39.978027 1043.813599
v -94.776321 163.168472 1040.985596
v -94.051231 163.887085 1041.241577
v -94.039780 162.919357 1042.712524
v -37.408390 163.335632 1041.775024
v -36.666721 161.783997 1042.391113
v -92.303268 164.760834 1040.138916
v -39.200611 164.522278 1040.794189
v -37.544792 164.161316 1040.411499
v -38.989090 162.611877 1043.371704
v -91.559959 179.415970 1042.482178
v -90.754227 181.240601 1041.216553
v -88.793343 181.390732 1042.202881
v -88.537781 182.339142 1040.622437
v -42.156025 181.784698 1040.902832
v -40.753929 181.482635 1040.689209
v -40.156265 180.559036 1041.613892
v -43.299095 182.973251 1041.027466
v -43.212036 181.440979 1043.411621
v -88.713394 192.578827 1048.950439
v -43.315758 191.679474 1045.975952
v -90.594902 194.038574 1042.977173
v -91.599411 196.604553 1043.879639
v -39.933762 196.583160 1042.597656
v -78.931442 1.884415 1063.288696
v -99.501541 2.405792 1052.501953
v -35.814644 2.091278 1053.326294
v -31.828987 2.440903 1046.440308
v -100.683784 14.759727 1047.837036
v -98.885147 26.842796 1051.431885
v -35.888847 50.606766 1050.787476
v -95.122269 52.574951 1046.831177
v -95.008835 82.007141 1051.128906
v -95.008224 104.201599 1051.196655
v -95.007339 125.610092 1050.965942
v -94.987488 151.022690 1047.167603
v -94.688095 161.360077 1043.430908
v -94.811356 158.143036 1045.154785
v -92.591850 163.902679 1041.987671
v -92.084053 164.105026 1042.339355
v -93.925583 161.261673 1044.274536
v -92.469666 161.828979 1044.314575
v -91.926430 161.976898 1044.823120
v -37.479939 161.980911 1043.321655
v -39.887909 163.648331 1044.419189
v -91.492287 177.031509 1044.936890
v -90.803078 180.360611 1042.891968
v -40.298050 178.758423 1044.169922
v -40.830917 178.723526 1044.787842
v -89.188148 180.671570 1042.964233
v -88.916527 179.009399 1044.968872
v -88.354294 179.460083 1045.417603
v -42.286240 180.485031 1043.363281
v -42.813293 180.067322 1044.311646
v -40.887650 180.672882 1042.526245
v -43.380505 179.772003 1047.179199
v -90.121628 193.341888 1048.848877
v -41.374313 193.359039 1048.432983
v -42.868866 192.534058 1048.501587
v -40.608040 195.523529 1045.846558
v -93.671135 198.015091 1044.710449
v -37.496262 198.306305 1042.927734
v -100.744507 3.732582 1045.970337
v -100.222778 2.922485 1052.081543
v -32.620232 26.442490 1051.082764
v -33.807022 44.306046 1051.173706
v -36.476662 53.074905 1047.908813
v -95.021347 54.145660 1050.304321
v -36.493668 135.034271 1049.939209
v -36.519592 142.566147 1049.102905
v -94.989204 145.936584 1048.502930
v -36.532509 152.604767 1046.573730
v -94.974083 156.109070 1045.460327
v -36.690964 155.022263 1046.247559
v -94.027374 158.350082 1045.968262
v -92.041901 157.818542 1047.039307
v -37.577110 158.412628 1045.675293
v -36.913197 158.183777 1045.288940
v -91.628525 159.478958 1047.132446
v -39.596001 162.708435 1044.083130
v -39.949341 167.040527 1049.346436
v -39.953934 172.312469 1047.276245
v -91.497719 170.394684 1048.522095
v -91.427177 173.931335 1047.048462
v -39.954739 177.230270 1044.462280
v -90.803711 176.388855 1046.378418
v -40.253613 176.725601 1045.651367
v -90.714157 178.407135 1044.900269
v -88.139381 180.270706 1045.739136
v -42.611332 178.212952 1045.731934
v -43.269592 178.394638 1046.695679
v -88.147583 191.431000 1049.055176
v -43.357124 191.462082 1051.884766
v -91.114029 195.969849 1047.649536
v -91.772171 196.770813 1047.730103
v -39.657745 196.797943 1047.604370
v -37.872643 197.978607 1045.697266
v -37.242908 198.653259 1049.885742
v -98.230202 2.144768 1051.742676
v -30.576359 4.787743 1051.076782
v -30.708168 14.370041 1052.230591
v -32.619740 17.106369 1051.304810
v -32.645760 39.247169 1051.126221
v -98.103500 42.942017 1051.534302
v -95.125282 52.027382 1051.753296
v -36.511341 59.422546 1050.922729
v -36.523956 70.592979 1051.197266
v -94.999275 69.754326 1051.267700
v -36.498734 89.459465 1050.737671
v -94.973953 92.736526 1051.556885
v -36.513363 102.444412 1051.151855
v -36.534733 122.221062 1051.188599
v -94.979027 140.844910 1049.507324
v -94.720573 148.464661 1048.758789
v -36.873116 150.361282 1048.107666
v -94.713272 152.837952 1047.473755
v -93.971283 151.220810 1048.690308
v -39.517632 151.498962 1049.206299
v -37.598896 151.297333 1048.401855
v -94.126785 154.411926 1047.658813
v -91.643921 154.116196 1049.364990
v -39.368340 153.430161 1048.279419
v -37.460838 154.727768 1047.187866
v -92.368118 154.101501 1048.285645
v -39.245697 159.286072 1045.797119
v -39.665829 155.241943 1048.208130
v -38.831886 155.376801 1047.393921
v -92.613029 158.417847 1046.331665
v -39.859032 159.159607 1047.083984
v -90.867668 170.819336 1049.195923
v -90.749748 173.466141 1048.045532
v -40.913689 171.715668 1048.875977
v -89.164940 175.255722 1047.413818
v -88.431381 175.043549 1048.139282
v -42.375816 171.661362 1049.275269
v -43.244167 175.438156 1048.343018
v -40.296547 171.968536 1048.276611
v -40.897266 175.514587 1047.012085
v -42.697914 175.354156 1047.590698
v -40.710281 195.208435 1053.245850
v -93.441093 197.845322 1049.759521
v -94.716400 200.077118 1050.710449
v -37.852158 198.008972 1049.860840
v -36.801586 199.794281 1049.210327
v -100.600464 3.549507 1052.531250
v -33.589916 2.177170 1052.182495
v -32.274097 2.357178 1052.251099
v -30.911224 3.482658 1052.074951
v -100.904541 4.934227 1052.095581
v -30.725410 4.586357 1052.366943
v -98.890305 17.127914 1051.583496
v -31.295349 15.343010 1051.970581
v -98.882042 20.955215 1051.186523
v -32.662350 31.361938 1051.287354
v -98.870712 39.450470 1050.965576
v -98.595016 41.067482 1051.837891
v -32.868629 40.855522 1051.468384
v -96.378105 48.274643 1051.531616
v -36.546963 52.915710 1051.573120
v -94.934563 61.895531 1051.673340
v -36.624870 83.188690 1051.619751
v -36.487770 112.921806 1050.837036
v -94.994102 115.757637 1051.254883
v -36.572739 130.502701 1050.948120
v -94.917198 134.001984 1050.870972
v -36.840836 132.680298 1051.129517
v -94.928169 138.606552 1050.232544
v -37.388222 135.613586 1051.562500
v -36.656731 136.275650 1050.608276
v -94.593742 137.693390 1051.107178
v -37.606232 137.606689 1051.181519
v -37.432178 139.987213 1050.928833
v -36.740746 139.988998 1050.255493
v -94.724594 141.772797 1050.231323
v -94.029030 142.225677 1050.822388
v -92.069412 144.822708 1051.031738
v -39.206657 141.582794 1051.076538
v -39.306992 143.400238 1050.980957
v -37.310654 141.783554 1050.435181
v -37.479931 143.526291 1050.307617
v -92.558968 142.621140 1051.157104
v -39.045708 145.953873 1050.210083
v -36.622910 145.305862 1049.041992
v -37.452606 146.455261 1049.619019
v -94.113014 148.326584 1049.445557
v -91.653114 143.926773 1051.972046
v -39.490341 147.925079 1050.063721
v -39.600288 145.917877 1050.787231
v -92.405174 149.075500 1049.751465
v -91.770035 148.404785 1050.676270
v -39.855274 147.705933 1050.956421
v -38.842323 151.397614 1048.745361
v -91.797638 151.538513 1049.628784
v -39.850021 152.044357 1049.773438
v -39.953476 156.374985 1052.142822
v -91.538544 161.339645 1051.228271
v -91.550743 166.631302 1049.539429
v -40.039070 163.156189 1051.016602
v -91.268486 164.030151 1051.141602
v -90.660583 165.966400 1051.031250
v -40.269905 166.248474 1050.423828
v -91.241341 167.492508 1050.033691
v -89.019783 166.369141 1051.235596
v -88.587051 169.450119 1050.491699
v -42.342560 167.108948 1051.042236
v -40.727081 168.197250 1050.241333
v -89.378502 170.606354 1049.596069
v -88.259911 170.670563 1050.565796
v -88.157158 171.084702 1051.033325
v -43.345917 168.463913 1051.886597
v -43.094578 171.952988 1049.707520
v -43.370918 173.077896 1050.259033
v -88.134415 191.627045 1059.367310
v -43.304008 191.789215 1059.388184
v -90.590515 194.027222 1053.652344
v -90.815079 195.258224 1052.217163
v -40.914238 194.037643 1053.197510
v -91.246109 196.164291 1055.333252
v -40.376846 196.020432 1053.705688
v -39.559814 196.873169 1053.135742
v -94.744278 200.058624 1060.471802
v -100.598625 4.574303 1052.941162
v -99.398949 2.837265 1053.312256
v -99.898438 3.866501 1053.614990
v -97.404251 2.420532 1053.611328
v -97.931381 3.108055 1053.931519
v -95.778091 2.078285 1053.971680
v -34.803902 2.621834 1053.953735
v -34.006058 2.966202 1053.500977
v -31.622604 2.661301 1052.229858
v -31.819645 2.962364 1052.847046
v -33.219635 3.759018 1053.581787
v -31.557568 3.905846 1053.204346
v -100.788208 14.346535 1052.559448
v -31.412876 14.266716 1053.181763
v -31.640663 12.423500 1053.295898
v -100.327225 14.424438 1053.304321
v -34.151306 15.232208 1053.597656
v -98.466888 17.148125 1052.365845
v -97.800858 17.072365 1052.895752
v -97.420441 15.467522 1053.851074
v -96.390053 17.103981 1053.262573
v -95.643150 17.113602 1054.042358
v -35.192398 17.094292 1052.869629
v -35.840801 17.107742 1053.520752
v -33.007420 17.170029 1052.023560
v -33.750885 17.120750 1052.528564
v -97.834381 29.028275 1052.843628
v -35.217972 23.891617 1052.839966
v -95.927963 20.327225 1053.584229
v -96.196655 23.231430 1053.315918
v -33.145386 27.165688 1052.130737
v -33.686359 28.451515 1052.500000
v -35.723053 32.454956 1053.304810
v -98.818336 37.628387 1051.775024
v -96.385963 31.161865 1053.227539
v -95.914291 28.182114 1053.598267
v -32.962177 34.277893 1051.948853
v -95.837189 33.630371 1053.712646
v -35.278076 35.739014 1052.861694
v -96.338959 37.444534 1053.257446
v -95.838020 38.547836 1053.718750
v -35.183517 40.663284 1052.795044
v -33.000687 40.568001 1051.941650
v -33.761993 40.701317 1052.480591
v -97.992493 40.257919 1052.785889
v -96.068642 41.136436 1053.317383
v -35.789959 40.305031 1053.257446
v -36.014854 40.168671 1053.935913
v -97.380966 43.343033 1052.591187
v -95.281227 44.235260 1053.229248
v -94.481339 43.981430 1053.990356
v -95.838898 46.886848 1052.898926
v -36.924088 45.720177 1052.874756
v -37.142792 44.366943 1053.457520
v -34.153229 44.136650 1052.072266
v -96.248131 47.641579 1052.357544
v -93.519814 48.927292 1053.336304
v -39.207092 50.554955 1053.479004
v -35.538734 48.570999 1051.986328
v -36.115585 48.543251 1052.426514
v -94.545891 50.642700 1052.869751
v -38.013824 48.988304 1052.838623
v -37.372543 52.511253 1052.440063
v -94.127411 53.151955 1052.785156
v -92.542526 52.803669 1053.219971
v -94.888870 53.676060 1051.900513
v -92.042213 52.601566 1053.609375
v -39.059105 52.446564 1052.863647
v -39.716991 52.903687 1053.514771
v -39.080032 56.986237 1052.836060
v -36.925285 56.730259 1052.029907
v -37.545547 56.300453 1052.484009
v -94.567635 66.178864 1052.374146
v -93.917534 69.631554 1052.851196
v -92.557281 67.911911 1053.183960
v -92.016640 60.819313 1053.596313
v -37.508499 66.723816 1052.470215
v -92.088470 64.874786 1053.544678
v -36.853390 66.578590 1051.956177
v -39.748566 75.159760 1053.517700
v -39.093311 71.900948 1052.848511
v -91.986244 75.141907 1053.632446
v -91.987488 78.563293 1053.632080
v -37.515648 84.910835 1052.469971
v -93.889122 93.453995 1052.864014
v -92.488770 93.843704 1053.212402
v -92.056198 82.230942 1053.561401
v -37.091816 80.649765 1052.196045
v -94.558975 93.644127 1052.373169
v -39.493980 89.306686 1053.169434
v -39.834969 86.429047 1053.864136
v -36.936111 88.079811 1052.041260
v -38.905556 86.408401 1052.782349
v -91.728333 90.992004 1053.993896
v -91.920265 95.788254 1053.737549
v -36.878868 97.209549 1051.978760
v -37.560402 95.083542 1052.481323
v -38.880974 105.018852 1052.771729
v -93.928139 104.026283 1052.848511
v -92.551010 104.729851 1053.183716
v -94.550598 105.374908 1052.390991
v -39.489605 105.783035 1053.165283
v -36.898705 111.796715 1052.028687
v -39.815239 124.574669 1053.798218
v -91.769386 106.140488 1053.934692
v -37.578300 111.895554 1052.492432
v -36.696472 114.710472 1051.739624
v -92.132462 109.971275 1053.491089
v -94.803062 125.302513 1052.007935
v -93.892174 116.985916 1052.864380
v -39.474651 123.662933 1053.141235
v -92.382996 125.246445 1053.248291
v -37.369534 119.590157 1052.427368
v -92.002060 122.814880 1053.614624
v -38.944542 122.430618 1052.768921
v -36.878113 123.121140 1051.875122
v -37.601429 124.611023 1052.293823
v -94.109680 125.309135 1052.770386
v -94.724121 127.506912 1051.672241
v -93.957237 127.595329 1052.419434
v -92.445770 127.513741 1052.865234
v -91.737930 127.671356 1053.530396
v -36.812927 128.653625 1051.727295
v -93.925812 130.096069 1052.359619
v -92.276154 130.109726 1052.888794
v -91.680283 132.505615 1053.493896
v -39.589241 129.237579 1053.215942
v -37.336716 129.169418 1052.167603
v -38.818523 129.025101 1052.629028
v -92.634079 133.848083 1052.383057
v -39.143162 131.616409 1052.237793
v -39.779381 130.958191 1053.094971
v -37.552307 132.085129 1051.739380
v -94.266792 133.106186 1052.049438
v -93.942047 135.004700 1051.825195
v -92.037354 133.471573 1052.847534
v -92.306030 138.550812 1051.925903
v -39.293877 135.507843 1052.220215
v -93.964775 138.280014 1051.496094
v -91.690498 138.311752 1052.732056
v -39.637806 137.185852 1052.208740
v -39.861183 137.813614 1052.999268
v -38.875511 137.413651 1051.538086
v -39.303101 139.657349 1051.623169
v -39.835960 142.972336 1051.942383
v -91.540009 145.417679 1054.210449
v -39.979061 147.215790 1053.953491
v -91.478233 149.519775 1053.960938
v -91.314331 152.259796 1053.711426
v -39.981171 150.864319 1053.393433
v -40.715946 153.317596 1054.023804
v -91.529243 154.985794 1052.638550
v -91.181183 155.982056 1053.169678
v -40.102516 154.950363 1052.968750
v -40.114159 159.007553 1052.187134
v -40.768391 156.798431 1053.366333
v -91.406822 159.551697 1052.046875
v -91.288109 160.938583 1052.023438
v -90.601303 157.515198 1053.259277
v -89.153046 157.084381 1053.662231
v -88.811356 159.239960 1053.328857
v -42.741570 156.978226 1053.958374
v -90.631607 161.906158 1052.238525
v -88.602524 163.038864 1052.482666
v -42.402176 159.877823 1053.092529
v -43.116722 159.512772 1053.758057
v -43.328491 161.700058 1053.708618
v -42.648724 162.245956 1052.629150
v -40.689850 160.520203 1052.486328
v -89.138718 162.651840 1052.280273
v -88.172089 162.635071 1053.355347
v -40.808743 163.812119 1051.687256
v -43.098183 167.097717 1051.652466
v -88.235764 166.407761 1052.149048
v -90.121513 193.343811 1060.193848
v -42.777325 192.598206 1058.738525
v -91.808922 196.776154 1055.576538
v -94.675522 199.667480 1056.571289
v -93.978760 198.274506 1055.597168
v -37.196976 198.707977 1064.744019
v -98.320480 3.912231 1054.055298
v -97.451004 4.789383 1054.894897
v -97.194229 3.462280 1055.066528
v -96.609085 2.631523 1054.836182
v -95.478249 2.052193 1056.212036
v -39.502857 1.938156 1057.463257
v -35.841553 2.162643 1056.438110
v -33.714672 3.830788 1053.928101
v -34.648724 3.102539 1056.625732
v -34.133499 3.976860 1054.628052
v -97.739639 9.564194 1054.566162
v -99.744415 14.297737 1053.708130
v -97.473763 13.918427 1054.891602
v -97.186623 8.456940 1056.788940
v -34.136917 14.249161 1054.873413
v -34.309811 4.573372 1056.664429
v -98.270866 14.209839 1054.102905
v -33.381039 14.199097 1053.695190
v -34.317242 14.247414 1056.647949
v -97.274651 14.623810 1054.924683
v -33.984886 14.364586 1054.341675
v -35.041805 15.595589 1056.179810
v -95.381836 17.119705 1055.833984
v -36.138527 17.131264 1055.797485
v -95.569771 25.702644 1054.181641
v -35.979355 32.519608 1054.044067
v -95.334991 30.517540 1055.896362
v -36.124947 30.013367 1055.691284
v -36.432354 39.277336 1056.269287
v -95.327774 40.183784 1055.819702
v -36.153515 40.164383 1055.602051
v -95.528496 40.112213 1054.200562
v -36.974937 42.258003 1056.225220
v -93.885910 45.106819 1055.794067
v -38.374138 47.488548 1055.484985
v -92.646591 49.563751 1053.937012
v -40.304100 52.113411 1056.317017
v -91.612923 52.183502 1055.633545
v -93.037872 46.958405 1056.314697
v -39.937412 52.282433 1055.672119
v -91.342796 52.375595 1056.269775
v -91.715721 52.736198 1054.180176
v -91.668861 63.574524 1054.189209
v -91.499390 58.317467 1055.787964
v -39.855125 63.413002 1054.014160
v -39.968300 60.595188 1055.478394
v -40.282776 61.185730 1056.233521
v -91.486053 65.360397 1055.865601
v -40.017319 70.276733 1055.727783
v -91.672958 80.485359 1054.200928
v -91.407051 72.628403 1056.116211
v -39.959488 79.289307 1055.409668
v -91.500664 80.804276 1055.794922
v -40.036972 89.856201 1055.778198
v -91.412552 90.086784 1056.097534
v -91.666542 101.593849 1054.228516
v -91.430031 98.028336 1056.086670
v -39.855804 98.162460 1054.015137
v -40.024517 99.133087 1055.733276
v -39.851768 108.912575 1053.988281
v -39.963608 108.908455 1055.411621
v -91.474762 108.311890 1055.885986
v -91.717567 112.584099 1054.037964
v -39.982689 124.582863 1055.537109
v -40.249840 129.113647 1056.187866
v -91.482513 115.222702 1055.870239
v -91.665398 124.610115 1054.321533
v -91.401825 121.420753 1056.126465
v -91.498871 128.188049 1055.798340
v -91.244835 131.378143 1056.196289
v -40.010109 134.356293 1055.568604
v -91.460358 134.439804 1055.585327
v -90.890419 139.129654 1055.983765
v -40.278927 136.849045 1055.662598
v -91.470108 140.392181 1055.131348
v -40.006569 141.613983 1054.797119
v -40.612019 141.280975 1055.753418
v -90.885986 142.131531 1055.578125
v -42.815022 143.441864 1056.041748
v -40.775169 143.371948 1055.445312
v -91.299316 145.172729 1054.989990
v -89.188255 145.549591 1055.606323
v -40.579956 146.502609 1055.098389
v -90.838623 149.020660 1054.771240
v -90.652367 146.083908 1055.218384
v -88.488243 146.665100 1055.901001
v -88.214684 145.926971 1056.527954
v -42.577316 146.414032 1055.736816
v -40.815659 148.201401 1054.846680
v -88.184227 149.702576 1056.175659
v -42.715523 148.522385 1055.370972
v -40.743347 150.230637 1054.592041
v -90.753052 153.157135 1054.079712
v -88.973297 150.329834 1054.960083
v -88.308296 152.161713 1055.312988
v -42.390728 151.278351 1054.843872
v -43.102661 150.902435 1055.491211
v -43.340126 154.624237 1055.524902
v -89.212120 153.630798 1054.317749
v -88.279633 154.386765 1054.924438
v -42.453545 154.709457 1054.249146
v -43.157806 154.864319 1054.800781
v -88.531677 156.811020 1054.177368
v -88.163292 157.849548 1054.884521
v -88.321182 158.799011 1054.020752
v -88.104942 176.360321 1059.367432
v -43.396046 190.808716 1059.303467
v -88.733307 192.597961 1058.750366
v -41.385441 193.350876 1060.264282
v -40.376419 196.028992 1061.748413
v -37.864738 198.000793 1056.573608
v -36.797424 199.854980 1056.413818
v -84.658859 1.899490 1064.522705
v -97.119148 4.031769 1056.956909
v -96.616615 2.889343 1056.910400
v -95.509735 2.485458 1057.430542
v -96.511513 3.774590 1057.718506
v -94.454422 3.550362 1058.177734
v -91.563026 1.888969 1057.308228
v -93.335136 2.149155 1057.581787
v -93.913177 2.753777 1058.062744
v -92.574547 2.193390 1058.923462
v -93.870773 3.647125 1058.725830
v -38.382965 2.195465 1057.757568
v -37.758144 2.736183 1058.191040
v -36.957195 3.591751 1058.187866
v -37.752846 3.942558 1058.927124
v -35.973873 2.431618 1057.244751
v -35.165115 3.581573 1057.658569
v -34.810070 5.329132 1057.496826
v -35.394352 7.380463 1057.843628
v -94.784836 9.442406 1058.132568
v -96.164948 14.377380 1057.868530
v -36.839630 7.933060 1058.220459
v -34.746311 14.365410 1057.416748
v -96.732056 14.446022 1057.542847
v -37.429749 14.303223 1058.556763
v -97.165398 14.456985 1056.724365
v -94.522644 14.224892 1058.200439
v -93.695076 15.618462 1057.790894
v -36.771141 14.358078 1058.148193
v -35.347321 14.405830 1057.774780
v -95.099701 17.122841 1056.370239
v -94.570259 17.142738 1056.762207
v -92.699875 17.024490 1057.210449
v -92.083183 17.090828 1058.119141
v -93.621925 14.433868 1059.420166
v -39.459984 17.085770 1058.515259
v -36.996609 17.111229 1056.746216
v -38.508949 17.128906 1057.115845
v -39.163620 17.067070 1057.585083
v -36.494179 17.137749 1056.345093
v -93.197281 22.041214 1056.994995
v -92.031746 23.270531 1058.423584
v -37.002586 26.057007 1056.718384
v -92.201111 24.396919 1057.722412
v -39.435303 23.973923 1057.998657
v -38.566544 27.225975 1057.100220
v -95.056091 39.884857 1056.392578
v -94.542244 30.104507 1056.771240
v -92.880219 31.643440 1057.083862
v -39.453781 31.315231 1057.984619
v -36.978870 34.788773 1056.701416
v -92.141830 40.291718 1057.767700
v -92.026764 39.289207 1058.397339
v -38.902924 32.812416 1057.258789
v -39.491600 39.634407 1058.162720
v -94.481979 40.048714 1056.785034
v -92.712769 40.684525 1057.136108
v -38.851349 40.458397 1057.215332
v -39.832802 41.359497 1058.504883
v -37.046227 40.072792 1056.703003
v -94.076431 43.114929 1056.554443
v -93.230667 44.338455 1056.817383
v -91.662994 41.400093 1058.518188
v -39.734283 44.134163 1057.178467
v -40.438988 44.070442 1057.739136
v -38.234222 43.987549 1056.757690
v -91.708427 44.485733 1057.112427
v -90.660934 45.584938 1057.624146
v -92.099968 47.916573 1056.786865
v -90.472687 48.001434 1057.124023
v -90.123169 46.436867 1058.037964
v -39.625252 48.111145 1056.752563
v -41.121483 47.650841 1057.235718
v -41.638149 47.178879 1058.062256
v -89.056534 49.690132 1057.855103
v -42.106003 50.176361 1057.335938
v -90.778755 52.311455 1056.774048
v -89.329124 51.316231 1057.118530
v -88.637405 52.564529 1057.436279
v -88.272339 52.345398 1057.991821
v -42.397179 52.523842 1057.163086
v -42.928436 52.601105 1057.506348
v -43.229965 52.168755 1058.000122
v -40.932335 52.763111 1056.739136
v -89.293556 57.629288 1057.108276
v -90.516548 58.251511 1056.858643
v -88.145416 57.315365 1058.749634
v -40.926098 60.541992 1056.723022
v -90.766861 64.974640 1056.771118
v -88.252075 61.883476 1057.948608
v -43.318398 59.565720 1058.256592
v -89.059189 65.466400 1057.175293
v -42.420467 71.159363 1057.173340
v -43.264038 76.995255 1057.974243
v -43.314098 67.847549 1058.246582
v -40.907177 67.860397 1056.715210
v -88.197739 71.761292 1058.205200
v -90.563850 71.475113 1056.833374
v -90.782928 77.377228 1056.765869
v -89.075302 77.076920 1057.167969
v -40.620140 79.662888 1056.570435
v -41.349350 75.239258 1056.861450
v -88.199860 80.806137 1058.188232
v -88.575882 121.141853 1057.492432
v -43.278023 92.783554 1058.007690
v -88.240410 90.404076 1057.969849
v -89.220619 85.693329 1057.124390
v -40.979340 88.348465 1056.755249
v -90.530273 88.958359 1056.859375
v -42.433441 87.710114 1057.176758
v -40.425213 96.869316 1056.370728
v -89.240677 92.479485 1057.126953
v -90.792908 110.862663 1056.758301
v -90.556465 99.858696 1056.841553
v -42.456352 98.217850 1057.191284
v -40.930984 98.036301 1056.724854
v -88.194229 102.102547 1058.237427
v -88.032959 98.166527 1059.795898
v -42.945633 126.431465 1057.502075
v -43.259640 105.417191 1057.956421
v -89.236465 103.798050 1057.121704
v -40.969193 104.316353 1056.740479
v -89.152641 122.610329 1057.104736
v -88.254448 112.310654 1057.934326
v -42.462566 107.854370 1057.194214
v -40.960842 111.140144 1056.740601
v -43.337532 112.026009 1058.398438
v -89.242493 114.206619 1057.113525
v -88.183929 119.407631 1058.337891
v -40.972755 119.271889 1056.753540
v -90.617065 117.911430 1056.835327
v -43.265617 123.486916 1057.961426
v -90.824669 123.519737 1056.705322
v -42.364990 122.448341 1057.120483
v -88.246284 126.117767 1057.925659
v -89.038872 132.262756 1056.987427
v -90.610474 129.004974 1056.735596
v -89.184662 128.740692 1057.016724
v -40.899471 128.237549 1056.685791
v -42.395798 129.775497 1057.052734
v -43.287170 128.932343 1057.997070
v -43.318085 135.348373 1057.871826
v -90.722298 132.968460 1056.460449
v -89.096146 134.834442 1056.601318
v -88.407089 134.969269 1057.028198
v -88.188957 133.464035 1057.872192
v -42.536938 134.402527 1056.982178
v -40.753624 134.273834 1056.431396
v -88.781082 139.846146 1056.556641
v -42.451862 136.651047 1056.550171
v -43.089706 136.629959 1057.005249
v -41.238930 137.063538 1056.207031
v -89.134819 141.137146 1056.134155
v -88.195732 141.110107 1057.254395
v -43.307465 142.241150 1057.167236
v -88.408325 142.459579 1056.363647
v -42.564690 141.570007 1056.336792
v -88.081802 152.258209 1059.417603
v -43.314613 147.514206 1056.467651
v -43.425858 154.317963 1059.420044
v -88.074722 165.510880 1059.683594
v -43.405090 172.030762 1059.333130
v -90.804222 195.261139 1061.526367
v -39.526810 196.896698 1058.351318
v -93.911499 198.210724 1060.729858
v -94.700989 206.651810 1059.931274
v -91.542206 1.927994 1064.536865
v -93.220367 2.836769 1059.219238
v -93.627426 3.978973 1059.340332
v -39.979935 1.918259 1064.402954
v -38.917191 2.218002 1059.229126
v -38.216415 2.927917 1059.127808
v -37.898502 4.089844 1059.788452
v -93.662964 8.922539 1059.574097
v -93.844933 14.251091 1058.833740
v -37.747646 14.354759 1058.984497
v -37.888294 14.466446 1059.577148
v -93.039886 15.375595 1064.200317
v -39.555130 26.350372 1063.240356
v -91.943024 40.059654 1063.002319
v -89.920639 46.597420 1061.563599
v -88.282394 51.424591 1059.996704
v -87.903831 51.420830 1060.675659
v -43.182228 51.273384 1059.966553
v -43.416359 51.092514 1060.653198
v -87.948380 53.196079 1060.146851
v -87.028999 52.285645 1060.973022
v -43.842453 53.099075 1060.441650
v -44.546200 53.083412 1060.935181
v -43.461720 53.098492 1059.764282
v -87.024124 61.234917 1060.924927
v -43.431572 59.794945 1059.503906
v -88.018715 60.932693 1059.835571
v -87.718262 65.469070 1060.387207
v -44.546661 63.472412 1060.925781
v -43.828060 66.639496 1060.428833
v -88.064140 73.127548 1059.600464
v -87.052338 69.803848 1060.911865
v -43.498169 70.368317 1059.850464
v -44.404194 80.936462 1060.882080
v -87.674141 85.464928 1060.443848
v -43.797256 86.511169 1060.394775
v -86.946693 77.575195 1060.927368
v -43.479748 80.418968 1059.800293
v -88.064575 86.779404 1059.598755
v -44.399807 83.350128 1060.874634
v -87.073395 89.362198 1060.902710
v -43.444084 97.360855 1059.582520
v -87.699661 98.352066 1060.409790
v -44.509293 94.876328 1060.923706
v -44.533974 104.462471 1060.919434
v -86.948814 102.207741 1060.927368
v -43.817444 97.012550 1060.414673
v -87.724846 117.758171 1060.378296
v -44.529259 113.210709 1060.918701
v -88.038651 113.978363 1059.774536
v -87.100876 112.941612 1060.879639
v -43.476406 112.630127 1059.790039
v -43.822643 118.291595 1060.429199
v -43.952972 111.778992 1060.549683
v -87.050980 122.527122 1060.909546
v -43.493019 127.209084 1059.824585
v -88.035919 126.193924 1059.785156
v -44.542526 123.356651 1060.925049
v -87.585320 128.591187 1060.542725
v -43.831940 127.750885 1060.428955
v -43.440590 140.691223 1059.527710
v -88.067024 141.007751 1059.557617
v -43.717930 148.758133 1060.282593
v -87.703300 148.968216 1060.406860
v -44.226841 147.792999 1060.761841
v -87.239471 143.405930 1060.786987
v -87.791962 160.028748 1060.296875
v -44.285252 160.344116 1060.795044
v -87.283623 159.854523 1060.756470
v -43.469116 159.430786 1059.768188
v -43.783974 159.669632 1060.383911
v -87.161400 173.856018 1060.862793
v -44.019577 173.369995 1060.629883
v -43.438999 183.158295 1059.697754
v -87.589195 174.834961 1060.536865
v -44.117828 174.834366 1060.719727
v -87.690735 180.896454 1060.435303
v -43.792831 180.859619 1060.408447
v -44.699074 185.893021 1060.981567
v -88.073135 182.752991 1059.694824
v -87.848183 191.648697 1060.229492
v -87.654228 186.190018 1060.456299
v -86.915970 186.761902 1060.932983
v -43.857567 186.189484 1060.456299
v -43.663185 191.648911 1060.229126
v -44.293175 191.635895 1060.803101
v -87.229263 191.631348 1060.792969
v -89.598450 193.208206 1062.133179
v -88.533302 192.681778 1060.522583
v -42.978504 192.681778 1060.522583
v -41.913376 193.208191 1062.133179
v -90.528412 194.007233 1061.957397
v -90.998688 195.916626 1062.113525
v -41.000473 193.990601 1061.979248
v -40.775478 195.343124 1062.209229
v -92.047737 196.980316 1062.908203
v -38.014969 197.879776 1063.484253
v -36.791969 199.880981 1060.750977
v -47.244022 1.904518 1064.451904
v -92.268631 2.085861 1065.053467
v -38.296188 2.842323 1064.650879
v -39.052437 2.140259 1065.114014
v -93.588295 4.646957 1064.278320
v -37.950287 3.897194 1064.343750
v -93.558136 14.126358 1064.923096
v -37.950813 14.381195 1064.311646
v -91.976532 17.121674 1063.252197
v -39.536163 17.128395 1063.272705
v -91.975227 26.573074 1062.938477
v -39.556362 35.189034 1063.257324
v -39.592667 39.366821 1063.518311
v -39.854744 40.828255 1063.491333
v -91.288628 41.781006 1063.408691
v -40.939178 44.669395 1061.953125
v -90.064941 45.313515 1062.530762
v -41.734634 46.448059 1062.056396
v -41.153313 43.449585 1063.430542
v -88.586136 47.366547 1062.468262
v -84.870834 43.656052 1063.837891
v -83.886154 48.130424 1063.104736
v -46.694592 45.825676 1063.174438
v -47.610146 47.900185 1063.165894
v -42.171684 46.558075 1062.481201
v -88.825043 48.328445 1061.841675
v -87.523506 50.214951 1061.556030
v -84.880569 49.082718 1062.079956
v -84.157494 49.857437 1062.282349
v -46.588615 49.726723 1061.867798
v -47.644932 49.873032 1062.619019
v -43.410732 48.782036 1062.011719
v -84.732132 52.381592 1061.179077
v -83.915405 53.032669 1061.708618
v -47.623363 51.975777 1061.942017
v -48.245316 53.138287 1063.743286
v -44.407669 51.435242 1061.175415
v -83.319138 53.463963 1063.415405
v -46.736149 52.585770 1061.164795
v -86.618690 55.620651 1060.966187
v -84.803116 58.294823 1061.118896
v -83.962875 60.722893 1061.676758
v -47.229549 63.191418 1061.480957
v -46.660786 60.629868 1061.138428
v -47.717907 58.905014 1062.134155
v -48.003983 58.051750 1063.218994
v -83.428291 65.992264 1063.149048
v -84.728821 65.281128 1061.135254
v -83.762543 68.350708 1062.073486
v -46.611950 67.884720 1061.126709
v -83.842857 81.434082 1061.875488
v -47.717094 70.983734 1062.130127
v -48.138626 69.090454 1063.571167
v -84.676590 72.796799 1061.153687
v -46.670742 73.385208 1061.144531
v -44.767525 74.604462 1060.972534
v -47.386505 75.362686 1061.612061
v -48.074165 79.447067 1063.430664
v -83.319397 81.875275 1063.408936
v -84.835754 80.302521 1061.117920
v -84.240181 80.823441 1061.449829
v -46.782402 78.746613 1061.166992
v -47.689362 81.939301 1062.071045
v -84.832863 87.783669 1061.115723
v -46.656960 87.640419 1061.141113
v -84.588959 91.741562 1061.176880
v -83.885910 94.162491 1061.783813
v -48.033104 92.025925 1063.282471
v -83.404137 92.814812 1063.203979
v -47.738075 94.451988 1062.173218
v -46.784813 93.504227 1061.161987
v -47.390762 107.891304 1061.617188
v -84.715012 98.662025 1061.146362
v -46.862511 99.023102 1061.184204
v -83.846207 112.221298 1061.869995
v -83.767647 104.073097 1062.061646
v -83.303238 103.835464 1063.434570
v -46.791946 103.558693 1061.171265
v -47.721272 104.561279 1062.136475
v -48.172913 101.447960 1063.611328
v -84.642288 104.445656 1061.154541
v -84.234146 112.334358 1061.451416
v -83.424194 112.441376 1063.160034
v -46.371056 107.769753 1061.099976
v -48.175751 108.238945 1063.631592
v -84.740723 110.187462 1061.138428
v -46.784840 112.832176 1061.163696
v -48.089706 114.805458 1063.444824
v -47.708466 116.795258 1062.112427
v -84.796761 117.443314 1061.128540
v -46.769485 120.989235 1061.157471
v -84.205093 121.681793 1061.475830
v -83.875092 127.425514 1061.825806
v -84.753624 125.768761 1061.125488
v -83.404800 123.398750 1063.197144
v -47.389057 127.164619 1061.604248
v -47.817463 126.679420 1062.533569
v -86.735107 132.280380 1060.970703
v -83.269958 129.480377 1063.406372
v -46.658882 127.645569 1061.110840
v -84.747574 131.639053 1061.083862
v -83.705338 130.763657 1061.816162
v -47.737076 129.716278 1061.454590
v -48.045151 130.043594 1061.868286
v -48.369812 129.520569 1063.283691
v -44.790848 135.608139 1060.969116
v -83.956772 132.964172 1061.288086
v -47.108017 135.692429 1061.102539
v -83.451553 132.516907 1061.850708
v -82.916634 132.365585 1063.276001
v -83.176399 138.600967 1061.818970
v -82.502266 138.592316 1063.669922
v -48.261421 137.416153 1061.836426
v -84.152390 139.620636 1061.100586
v -47.337952 138.515640 1061.091553
v -48.596874 139.742935 1061.589111
v -86.696022 145.650726 1060.979126
v -83.063004 140.704422 1061.455688
v -82.102646 140.893921 1063.541870
v -49.092049 139.124451 1063.549316
v -83.577759 147.504654 1061.060181
v -82.450859 144.754089 1061.852783
v -48.954506 143.624649 1061.951660
v -49.476555 143.832489 1063.480591
v -48.099327 143.778625 1061.141846
v -83.164963 144.723511 1061.218628
v -81.899368 144.174225 1063.637207
v -49.304630 145.875885 1061.727051
v -44.824398 147.711349 1060.973389
v -82.316719 149.485703 1061.319214
v -81.581581 146.541489 1063.302368
v -48.603180 148.833755 1061.087402
v -49.584694 148.347061 1061.764038
v -50.105778 148.657257 1063.324585
v -81.625809 150.080231 1061.894287
v -81.233780 148.718872 1063.623169
v -81.884163 153.376526 1061.211182
v -81.230263 153.094604 1061.881104
v -80.782593 151.059845 1063.553101
v -48.991325 152.607391 1061.076416
v -49.660393 152.014206 1061.367676
v -50.209229 151.897400 1061.983887
v -50.761032 152.580765 1063.390747
v -86.625488 154.981430 1060.983765
v -81.611488 156.603058 1061.078613
v -80.734375 152.888474 1063.348267
v -80.102455 155.457062 1063.483398
v -50.318275 157.068390 1061.155151
v -50.759003 154.915497 1061.798828
v -44.913719 159.022003 1060.989868
v -80.675209 155.943008 1061.682007
v -52.061905 159.024658 1063.390747
v -50.526413 160.790253 1061.051025
v -86.835495 162.456223 1060.966309
v -79.308479 166.446014 1061.056274
v -80.539719 159.538300 1061.196533
v -79.824478 159.328583 1061.873169
v -79.054672 160.271759 1063.484253
v -51.499020 158.502243 1061.717896
v -79.144928 162.234650 1061.855835
v -51.404392 160.809067 1061.237793
v -52.183933 160.890747 1062.013672
v -79.365845 163.616547 1061.266357
v -77.796272 164.924591 1063.470215
v -52.461586 163.856247 1061.323730
v -53.363136 164.012024 1063.364380
v -77.707062 166.880035 1061.878540
v -53.058174 167.295364 1061.168701
v -86.559723 172.106720 1060.992310
v -77.593201 168.396469 1061.440796
v -53.777615 166.865662 1061.722900
v -54.691074 170.652771 1061.306519
v -54.717255 168.152466 1063.422485
v -53.465065 170.477295 1061.043945
v -44.688797 169.410156 1060.976440
v -86.482407 180.607941 1061.006470
v -77.133598 170.540466 1061.243774
v -76.324753 170.714279 1061.868530
v -76.307274 169.186646 1063.540405
v -55.666832 171.814087 1061.758545
v -56.270969 172.131683 1063.377930
v -76.098442 172.914642 1061.219727
v -74.568558 173.197510 1063.659058
v -55.370121 173.267212 1061.115723
v -76.237389 174.561127 1061.039673
v -74.310883 174.936935 1061.855347
v -74.678093 175.541473 1061.257812
v -57.013542 175.875381 1061.241943
v -57.927490 176.064072 1061.897339
v -44.918262 177.881622 1060.994507
v -72.827057 179.702515 1061.073975
v -73.300888 177.759064 1061.242920
v -72.783081 176.336868 1063.622681
v -59.871838 178.676071 1061.872314
v -58.449043 176.277634 1063.384766
v -58.436462 177.817184 1061.269043
v -71.823318 179.725067 1061.295898
v -71.422096 179.228500 1061.927246
v -71.338631 178.654114 1063.273438
v -69.016754 180.646332 1063.423218
v -62.486179 180.661346 1063.617554
v -59.761932 179.506012 1061.253540
v -60.731640 179.014221 1063.684814
v -72.908096 181.334442 1061.024658
v -67.726227 183.985306 1061.049316
v -68.661118 182.200424 1061.246582
v -68.826805 181.249176 1061.934937
v -66.712601 181.607697 1063.545410
v -64.739388 181.546356 1063.599121
v -62.225319 181.468414 1061.421509
v -61.629501 182.097168 1061.076782
v -62.151558 180.901215 1061.883789
v -57.678864 178.953262 1061.030762
v -53.781063 191.505127 1061.029297
v -67.311012 182.045502 1061.693726
v -64.783394 182.118347 1061.824463
v -64.187981 182.867264 1061.202148
v -86.635216 191.567291 1061.014526
v -78.573471 191.758087 1061.075439
v -65.907669 191.666229 1061.052124
v -45.019905 191.595764 1061.026001
v -87.174126 192.520294 1061.430908
v -87.823463 192.872681 1061.864624
v -88.538284 193.288620 1062.729126
v -77.639984 193.173981 1062.596069
v -70.691017 192.605927 1061.524414
v -78.805252 192.775085 1061.780273
v -68.869354 193.246399 1062.701416
v -62.231972 193.236267 1062.695068
v -55.061916 192.773956 1061.779175
v -53.778675 192.406372 1061.376221
v -53.583012 193.148697 1062.551147
v -44.337738 192.520294 1061.430908
v -43.688343 192.872696 1061.864624
v -44.658394 193.145233 1062.537964
v -42.251595 193.883728 1063.200806
v -89.896675 194.011292 1062.924805
v -90.760719 196.188721 1063.118774
v -89.925758 195.215088 1063.224854
v -89.020180 194.204773 1063.409424
v -77.514908 193.988846 1063.358154
v -62.281654 194.157211 1063.443115
v -50.060646 194.003113 1063.388062
v -41.525261 194.223053 1062.894165
v -40.751015 196.188705 1063.118652
v -94.153030 198.510651 1064.193604
v -89.713333 196.070480 1063.826904
v -39.605835 196.900833 1062.892456
v -36.814259 199.919464 1064.964111
v -94.724052 200.961761 1065.098267
v -94.702744 206.630066 1063.907593
v -93.457191 3.549370 1065.027710
v -92.982330 2.599762 1065.156982
v -93.003922 3.824211 1065.842163
v -92.138290 2.677818 1065.899536
v -85.342613 2.284317 1065.619751
v -51.028725 2.091995 1068.500000
v -46.184166 2.180428 1065.481445
v -39.619762 2.694351 1065.949341
v -38.777370 2.625320 1065.477417
v -38.214046 3.778198 1065.479004
v -37.955952 13.744392 1064.971924
v -93.077774 14.702263 1065.461304
v -92.915710 13.955513 1065.960327
v -92.403000 14.741646 1065.977661
v -38.400272 14.440582 1065.705200
v -91.763275 17.152023 1063.929688
v -91.165016 17.118011 1064.526855
v -90.489304 17.134941 1064.790649
v -85.304062 17.048737 1064.904785
v -84.375938 17.193314 1065.118774
v -83.863525 17.119797 1065.709106
v -46.820099 17.155518 1064.988281
v -47.590431 17.115822 1065.665771
v -45.945908 17.049271 1064.886597
v -45.684753 14.496185 1066.492676
v -41.249962 17.150223 1064.790771
v -39.870159 17.141579 1064.130371
v -40.555634 17.155602 1064.636719
v -39.943729 15.557922 1065.690674
v -91.807892 26.375511 1063.827515
v -85.453766 23.926102 1064.832886
v -39.962036 20.272316 1064.209229
v -91.547073 20.413612 1064.208374
v -90.272728 25.534325 1064.777832
v -46.368889 25.881607 1064.858765
v -83.794746 24.176857 1065.790771
v -40.965996 31.485580 1064.768311
v -84.220139 29.737114 1065.241699
v -47.326218 39.962723 1065.308472
v -40.081352 29.762604 1064.323486
v -91.229042 29.533928 1064.483643
v -84.811867 28.805969 1064.927368
v -46.857178 33.072098 1064.997437
v -45.992958 31.763725 1064.832642
v -91.793098 39.709206 1063.839111
v -90.244949 39.899261 1064.762329
v -85.461929 34.470444 1064.833130
v -91.193726 35.350548 1064.506470
v -84.353928 34.148773 1065.122559
v -40.296371 34.769066 1064.461670
v -84.577339 37.466583 1065.015747
v -47.742546 40.095161 1065.879883
v -83.877365 39.273598 1065.612915
v -46.548492 40.162254 1064.826538
v -41.140846 39.645699 1064.756470
v -90.944023 40.114067 1064.548584
v -84.864502 40.036469 1064.809570
v -46.107803 41.107224 1064.552612
v -40.247971 39.945496 1064.427979
v -90.270271 43.266098 1063.614136
v -41.455601 41.508453 1064.370605
v -89.316261 44.667938 1063.386230
v -84.194824 43.422279 1064.330933
v -83.822151 42.192947 1065.226440
v -47.684692 44.857742 1064.400391
v -47.279198 44.529221 1064.006470
v -48.420090 45.039818 1066.322388
v -42.207870 44.900032 1063.288208
v -83.299644 50.164986 1064.159912
v -83.321335 46.009521 1065.526978
v -48.100609 47.707573 1065.005249
v -82.392303 47.840431 1065.754639
v -49.092056 50.565277 1064.885376
v -50.643311 50.835930 1065.002563
v -48.383797 48.336868 1065.135742
v -82.241692 51.348160 1064.651489
v -80.207161 51.511688 1064.839478
v -79.558182 52.384613 1065.229614
v -51.273041 51.857452 1065.122803
v -49.160614 53.083229 1064.360474
v -48.285049 50.769653 1064.247437
v -82.780411 53.279823 1064.018677
v -82.139099 53.421532 1064.343506
v -80.369476 53.235596 1064.531982
v -79.774857 57.540298 1064.930298
v -51.633392 52.056526 1065.598999
v -50.657921 52.928551 1064.566284
v -50.557922 60.050320 1064.517700
v -82.202271 65.313225 1064.318115
v -79.508575 61.691315 1065.364136
v -51.641136 59.923466 1065.550659
v -48.986923 59.940247 1064.295776
v -51.130157 79.166428 1064.890259
v -79.930450 69.389618 1064.760254
v -80.547150 65.148903 1064.493896
v -79.762871 64.754532 1064.946777
v -49.140335 71.790115 1064.332153
v -51.632980 68.753937 1065.524658
v -50.393486 71.824570 1064.487671
v -79.625809 68.067162 1065.156616
v -82.166679 74.854942 1064.328857
v -50.600685 86.088608 1064.534058
v -79.515266 74.322090 1065.347534
v -48.458359 78.805496 1063.964233
v -80.351883 75.511276 1064.532593
v -79.866432 75.788208 1064.841309
v -79.637985 79.443771 1065.140381
v -49.240845 81.176094 1064.345703
v -79.669327 83.746887 1065.052490
v -51.689075 84.047523 1065.708008
v -82.037308 88.607895 1064.348633
v -80.601707 88.325371 1064.476562
v -79.817299 90.191223 1064.891968
v -51.647629 94.572281 1065.559570
v -49.122906 93.123901 1064.328369
v -48.344048 90.861099 1063.839111
v -51.581131 105.574532 1065.393921
v -79.756577 95.364388 1064.949585
v -79.511108 92.219406 1065.358521
v -82.206902 99.601204 1064.316162
v -80.555840 100.301331 1064.486694
v -80.227402 109.244896 1064.582642
v -82.779976 129.448517 1064.007080
v -79.581650 99.829704 1065.216919
v -48.921898 110.497711 1064.259766
v -79.754311 103.540054 1064.948364
v -50.580795 102.267685 1064.527832
v -49.175724 103.547218 1064.328857
v -79.760033 107.712990 1064.947021
v -79.498978 109.240181 1065.367676
v -80.570602 119.221893 1064.486206
v -51.779953 113.136688 1066.147461
v -81.987015 119.152138 1064.357178
v -79.713196 112.370201 1065.008057
v -79.770889 117.035194 1064.934082
v -50.367989 113.018135 1064.478394
v -49.248089 117.963524 1064.364380
v -79.495209 117.253777 1065.394531
v -51.656261 120.234009 1065.554565
v -50.818924 120.341545 1064.594360
v -82.191666 129.751114 1064.322266
v -51.644478 122.520973 1064.955688
v -49.186752 127.810982 1064.309692
v -48.436970 126.751892 1063.939331
v -80.120300 126.716019 1064.560059
v -79.396507 125.993912 1065.443848
v -51.086330 123.581619 1064.517700
v -51.880138 125.294579 1065.086914
v -51.151978 131.935944 1064.476807
v -51.848228 128.907516 1065.034668
v -79.343971 128.780243 1064.777222
v -78.974174 128.466507 1065.317139
v -79.519241 134.122696 1064.529785
v -52.191517 132.164734 1065.085205
v -49.156204 136.962097 1064.074707
v -50.065323 138.101013 1064.348755
v -82.075378 132.152008 1064.192017
v -78.737686 133.497253 1065.425537
v -52.475998 133.675507 1065.001221
v -81.559219 138.596222 1064.308105
v -78.358505 135.839615 1065.251953
v -52.180416 136.586395 1064.595825
v -52.751408 136.001266 1065.512451
v -48.777466 137.251251 1063.527222
v -81.009377 140.268433 1064.335083
v -78.997299 139.204834 1064.505005
v -78.137306 138.200577 1065.411133
v -53.366146 139.768616 1065.541504
v -77.871101 139.715775 1065.163574
v -52.781643 140.445053 1064.720093
v -49.829491 143.368973 1064.025391
v -50.502411 143.265900 1064.337891
v -80.724182 145.364899 1064.295166
v -78.297096 142.636475 1064.579834
v -77.426086 142.396957 1065.563354
v -52.995895 144.027710 1064.518555
v -53.758335 142.308289 1065.321289
v -77.673386 144.050034 1064.675415
v -77.571922 146.428940 1064.513550
v -76.857109 145.077896 1065.478271
v -53.807289 145.156830 1064.696167
v -54.066326 144.034317 1065.449585
v -51.567913 149.264404 1064.365356
v -76.589897 146.850983 1065.064575
v -53.927998 147.443085 1064.532837
v -54.605915 148.472214 1064.720093
v -55.150528 148.608551 1065.557983
v -50.553257 148.667648 1063.978394
v -80.072914 148.727875 1064.345459
v -80.150810 152.031982 1064.080566
v -76.569458 148.773361 1064.777222
v -75.525772 151.071228 1065.153320
v -54.784340 150.508514 1064.550415
v -79.281868 153.585419 1064.346313
v -75.981354 153.578018 1064.468140
v -55.747154 154.746216 1064.492920
v -55.955360 152.031540 1065.244629
v -51.571434 153.746567 1064.151367
v -74.968132 154.223694 1064.717896
v -74.056252 155.037323 1065.397827
v -55.944866 153.150833 1064.821655
v -56.637718 155.374496 1064.802002
v -57.683002 156.576157 1065.392090
v -79.057648 157.678802 1064.096313
v -74.427048 156.306152 1064.615723
v -53.150841 157.961014 1064.379272
v -52.566788 158.995438 1064.093384
v -77.560684 159.937958 1064.383301
v -73.605270 158.463806 1064.524414
v -72.451744 158.697479 1065.387695
v -58.200005 159.280304 1064.632324
v -58.650494 158.594498 1065.425049
v -57.148441 158.598480 1064.466431
v -57.363815 157.468414 1064.665405
v -78.218338 161.212616 1064.093262
v -71.892731 161.313736 1064.530640
v -59.350338 162.277374 1064.465332
v -59.882900 161.709839 1064.770142
v -60.260151 161.276886 1065.396240
v -76.959061 165.946472 1064.026367
v -69.963684 163.815460 1064.532104
v -68.344635 164.639435 1064.687622
v -70.053978 162.212128 1065.397827
v -68.231041 163.915421 1065.375977
v -60.728798 163.256592 1064.556885
v -61.608162 162.887558 1065.401367
v -53.514824 161.867188 1064.192017
v -54.949501 164.661179 1064.399780
v -76.569664 165.698929 1064.279175
v -74.587875 169.711807 1064.403076
v -66.903717 165.733871 1064.522949
v -66.560387 164.603210 1065.415161
v -64.499039 165.641602 1064.552856
v -63.052658 163.978134 1065.353271
v -64.761238 164.641342 1065.449585
v -62.228134 164.629211 1064.509399
v -54.358353 165.535263 1064.062744
v -65.406975 167.545258 1064.439819
v -55.546146 169.273224 1064.035156
v -75.547592 169.702255 1064.127319
v -74.413147 171.924515 1064.189819
v -66.353554 180.349686 1064.412598
v -56.689846 170.167969 1064.364380
v -57.603806 173.556656 1064.113403
v -71.707764 176.137726 1064.338135
v -59.445793 175.595856 1064.379639
v -61.310123 178.304611 1064.330200
v -59.054062 176.353485 1064.084106
v -70.151398 178.819122 1064.157471
v -68.514122 180.272369 1064.086914
v -66.261292 181.121628 1064.111328
v -63.066841 180.228516 1064.233643
v -88.917450 195.661224 1063.710205
v -82.929504 195.662903 1063.738647
v -81.281273 194.326080 1063.480591
v -79.347618 195.885742 1063.819214
v -74.284683 195.146225 1063.610229
v -74.636879 196.012360 1063.899048
v -71.768013 194.291534 1063.468384
v -69.144989 195.996979 1063.889038
v -64.679466 195.292252 1063.647705
v -54.728382 194.291412 1063.473511
v -58.191788 195.639969 1063.741455
v -53.280342 195.702240 1063.761353
v -48.569756 195.670624 1063.740601
v -44.382648 194.279572 1063.462524
v -42.572456 195.276215 1063.594604
v -93.536926 198.139999 1065.572021
v -91.817375 197.878204 1066.219849
v -90.737846 196.793396 1064.278931
v -89.137604 196.790359 1064.597168
v -85.085503 196.720276 1064.518921
v -84.375832 197.913818 1066.303955
v -78.650719 197.975006 1066.395142
v -77.215050 196.712738 1064.522217
v -67.984062 198.124634 1066.598999
v -64.538368 196.082321 1063.972290
v -68.501671 196.833099 1064.682739
v -58.869049 196.727921 1064.544922
v -58.636532 197.949310 1066.364990
v -53.972908 196.693924 1064.494873
v -49.024460 196.684692 1064.490479
v -45.078152 196.038574 1063.931641
v -44.966324 196.871857 1064.723267
v -47.093056 198.240219 1066.742188
v -41.798401 196.070465 1063.826904
v -42.722351 196.944397 1064.857788
v -40.774071 196.793320 1064.278931
v -38.703827 197.774658 1065.539185
v -94.572197 199.279938 1065.243652
v -93.826813 198.722443 1066.299805
v -37.074196 199.571167 1066.190918
v -37.650368 198.686523 1066.177734
v -94.653938 204.032516 1065.600464
v -94.423538 200.182526 1066.281372
v -94.492012 206.702454 1066.151733
v -86.516914 3.663345 1066.376709
v -86.064491 3.016518 1066.197754
v -84.793503 2.599182 1066.572388
v -85.511909 3.682861 1066.712158
v -83.119171 2.055855 1067.725464
v -84.948608 3.957710 1067.333618
v -83.423897 2.251518 1068.346924
v -84.160744 2.935211 1068.564087
v -79.794479 2.119652 1068.696899
v -70.883369 2.198296 1071.485962
v -47.293736 2.263962 1066.762939
v -46.616161 2.753502 1066.672852
v -46.526764 3.735168 1067.280396
v -48.162964 2.237541 1068.488770
v -47.205471 2.839722 1068.359863
v -45.338730 2.883255 1066.091553
v -45.843285 3.888496 1066.641479
v -44.832928 3.939568 1066.391113
v -39.138809 3.754288 1066.272461
v -92.082108 3.702232 1066.324951
v -39.498245 9.755013 1066.347046
v -86.194374 8.320969 1066.466309
v -46.851601 8.296463 1068.553467
v -45.298618 11.785622 1066.464478
v -46.208694 13.732903 1066.965454
v -86.159401 14.327751 1066.427368
v -84.957733 14.379593 1067.304688
v -91.859711 14.405899 1066.334961
v -39.380920 14.308357 1066.318970
v -85.263847 14.431389 1066.910400
v -46.543236 14.384117 1067.365845
v -44.906143 14.293739 1066.398193
v -83.346748 17.140579 1067.270874
v -82.831245 17.458557 1067.815308
v -82.363617 17.120743 1068.115723
v -49.163010 17.114830 1068.161621
v -47.988247 17.110367 1067.134644
v -48.381577 17.118111 1067.761597
v -47.741798 23.599808 1066.003540
v -48.363907 29.790321 1067.727905
v -83.466904 23.217491 1066.935059
v -48.018295 28.234406 1067.142212
v -47.769310 31.909737 1066.084106
v -82.491570 39.306496 1068.054810
v -83.355324 39.167068 1067.196899
v -48.115070 40.211639 1067.266968
v -82.215614 41.022438 1067.892334
v -48.865955 39.581169 1068.055054
v -83.319595 41.826645 1066.758423
v -82.799934 42.244293 1067.227783
v -80.172920 41.438026 1068.035767
v -48.985443 41.960991 1067.606567
v -80.191658 45.816582 1066.674561
v -79.520958 43.496597 1068.130737
v -51.571022 44.180000 1067.949341
v -51.254585 48.296371 1066.235962
v -51.605949 46.435333 1067.435059
v -50.745747 44.612564 1067.061646
v -79.564590 48.338219 1066.433716
v -78.951027 48.370972 1068.352905
v -79.001671 52.204033 1067.081543
v -78.541977 52.414604 1067.569458
v -77.652412 51.618256 1068.093140
v -65.745758 52.625168 1067.911499
v -51.911545 50.735458 1067.225098
v -52.317585 51.342400 1067.684448
v -77.774292 53.302982 1067.829346
v -72.153549 53.146561 1067.860962
v -53.342674 53.064339 1067.824707
v -58.825909 53.851048 1067.829590
v -51.924122 54.483704 1066.728394
v -52.359062 53.376045 1067.396729
v -79.170280 65.865219 1066.726440
v -52.797993 62.832817 1067.652222
v -78.619781 69.145630 1067.540161
v -77.735657 59.885769 1067.815186
v -53.656384 72.254684 1067.820068
v -51.910099 67.315277 1066.702148
v -52.042248 84.241814 1067.010864
v -79.078728 73.284973 1066.978882
v -77.759178 74.569710 1067.807495
v -52.619331 87.656296 1067.544556
v -79.157196 78.651047 1066.763672
v -78.221855 83.863579 1067.714600
v -79.174072 85.764877 1066.728516
v -78.803253 91.785095 1067.360596
v -53.301201 92.070824 1067.809448
v -77.752625 89.389671 1067.813232
v -51.903336 94.377296 1066.640503
v -79.154106 94.595535 1066.769653
v -78.054398 100.414169 1067.779053
v -53.303242 103.650558 1067.802368
v -52.576618 103.121315 1067.523193
v -52.031120 119.837517 1067.000610
v -51.939068 106.066200 1066.768433
v -77.704147 107.817924 1067.821289
v -79.095840 107.424004 1066.942505
v -79.144257 116.176682 1066.840332
v -53.304775 119.764961 1067.800781
v -78.053238 118.170921 1067.766113
v -52.622635 119.791924 1067.548218
v -78.848114 119.546829 1067.254639
v -53.940750 123.754204 1067.823242
v -52.286026 123.047585 1066.655273
v -52.893135 122.739510 1067.395630
v -77.624046 126.713242 1067.792358
v -78.813164 126.028923 1067.216064
v -52.550056 130.712738 1066.914307
v -53.019054 131.109253 1067.412842
v -78.678101 128.058899 1066.726318
v -78.092270 128.329208 1067.477417
v -53.958977 131.639893 1067.764282
v -78.424210 132.752365 1066.782471
v -77.984604 132.794144 1067.441895
v -76.992508 133.609039 1067.816772
v -53.016613 133.072632 1066.842773
v -77.976494 135.223526 1066.919800
v -77.144325 135.657135 1067.620850
v -54.625668 137.306839 1067.767456
v -53.339207 136.570999 1067.187500
v -77.210899 138.564636 1067.434937
v -76.173538 140.384048 1067.766479
v -53.704865 138.535339 1067.039429
v -77.595917 138.684494 1066.877075
v -76.944099 142.230728 1067.117188
v -53.777191 140.538956 1066.795776
v -54.856602 141.895996 1067.585815
v -55.530670 141.123871 1067.810547
v -75.429268 145.611877 1067.730469
v -54.337166 143.263962 1066.865967
v -76.399338 145.327560 1066.962402
v -56.173660 146.561615 1067.728516
v -55.045704 146.578278 1066.886230
v -55.437973 145.821518 1067.449219
v -75.608040 149.039978 1066.796875
v -75.359940 148.149475 1067.460571
v -57.004570 148.234802 1067.798462
v -55.750935 149.393875 1066.955444
v -74.519623 150.363861 1067.589844
v -73.945190 149.624100 1067.803955
v -56.752571 151.243439 1067.452515
v -74.297516 153.079102 1066.995483
v -73.579109 153.483658 1067.542236
v -72.659897 154.422775 1067.764038
v -58.545723 153.661972 1067.815063
v -56.609982 152.676529 1066.674561
v -58.087658 155.124847 1067.409180
v -72.761414 157.181747 1066.983765
v -70.846069 158.241364 1067.807373
v -57.707310 155.736069 1066.714966
v -71.701057 158.209778 1067.491821
v -60.933540 159.122147 1067.778198
v -58.926483 158.349945 1066.896729
v -59.628986 158.272690 1067.546021
v -70.794785 160.669617 1066.957520
v -70.110085 160.652298 1067.543579
v -68.479553 162.008377 1067.713501
v -62.180969 161.683289 1067.665894
v -61.007160 161.732620 1066.798950
v -68.662628 163.036621 1066.984375
v -67.010963 164.063965 1066.980469
v -64.558563 163.813171 1067.381226
v -67.219284 162.942505 1067.750366
v -64.869934 162.948334 1067.782349
v -62.673950 163.192749 1066.952759
v -65.679337 164.373505 1066.713135
v -64.190819 164.094208 1066.865479
v -51.241127 197.987564 1066.413940
v -92.533348 198.421783 1066.759155
v -93.964279 199.783218 1066.874390
v -92.862953 199.043915 1067.183838
v -93.236221 200.384979 1067.292603
v -85.107849 198.773636 1067.111206
v -60.747322 199.227631 1067.346069
v -45.604424 199.309082 1067.355835
v -51.814289 199.508636 1067.405151
v -39.237568 199.201050 1067.303589
v -39.268360 198.205475 1066.608521
v -37.669006 199.428436 1066.930298
v -93.651863 206.715942 1067.134033
v -84.344193 3.833954 1069.007324
v -83.194412 2.743004 1069.218628
v -83.360649 3.893150 1069.820557
v -80.771233 2.618965 1069.412598
v -81.092911 3.535400 1069.946533
v -80.320602 3.687538 1070.839966
v -81.069427 4.481766 1070.153198
v -78.831978 2.226616 1071.193726
v -79.927322 2.607018 1070.036987
v -65.734612 2.221489 1071.644531
v -57.364967 2.170975 1071.221191
v -51.540508 2.320419 1070.278198
v -50.120178 2.622612 1069.430542
v -50.978394 2.654060 1070.236328
v -49.665298 4.038025 1070.082642
v -50.709686 3.852402 1070.993286
v -47.054615 3.832420 1069.064941
v -47.948833 2.875526 1069.285278
v -47.822723 4.181107 1069.812744
v -50.303261 5.027420 1070.571777
v -84.446091 14.276199 1068.881836
v -83.073540 9.211296 1069.931763
v -50.233200 14.403336 1070.455078
v -48.000130 14.353065 1069.864014
v -83.304306 14.410431 1069.846680
v -81.065323 14.219688 1070.138062
v -47.326397 14.181190 1069.489868
v -49.721523 14.366142 1070.089844
v -46.913055 14.355766 1068.754272
v -83.998978 14.322411 1069.466187
v -80.621567 15.467354 1069.541382
v -80.303230 14.278641 1070.983643
v -47.729046 15.608902 1068.708130
v -80.348717 17.515221 1068.314819
v -80.074661 17.030373 1068.471924
v -79.415619 17.146545 1069.305054
v -51.042122 17.096451 1068.647705
v -51.593063 17.171394 1069.271606
v -51.976448 17.095772 1070.769287
v -50.586582 17.145180 1068.329224
v -52.018570 24.841988 1070.806641
v -79.767609 31.509178 1068.709839
v -78.978493 28.323997 1070.731323
v -82.214630 29.636246 1068.133911
v -80.473877 31.343689 1068.283325
v -51.524872 26.741295 1069.066895
v -49.236397 31.483452 1068.150757
v -80.308563 39.292938 1068.308594
v -79.453354 27.831909 1069.171631
v -50.692074 31.629738 1068.321045
v -51.611313 32.499008 1069.270752
v -51.904346 33.820152 1070.487549
v -79.570122 34.893242 1068.934814
v -78.911469 40.189598 1070.884155
v -51.197937 39.450294 1068.736450
v -50.618065 40.253555 1068.268555
v -51.593716 39.890274 1069.155518
v -79.585403 40.081131 1068.882324
v -52.036118 39.967819 1070.801270
v -78.563202 43.229546 1070.453857
v -51.894634 44.538109 1069.232544
v -79.037872 43.307838 1069.833740
v -77.765053 43.582924 1070.642822
v -52.699158 44.713234 1070.106934
v -77.712448 47.801773 1069.328247
v -52.250599 46.807899 1069.131226
v -53.396908 44.994232 1070.226685
v -78.562035 49.140846 1068.530273
v -53.398746 51.120773 1068.240601
v -61.990074 51.767357 1068.066528
v -79.586014 3.055214 1072.395020
v -78.638359 2.551620 1072.472168
v -79.310211 3.710983 1073.194214
v -77.487419 3.411430 1073.281250
v -71.065216 2.725296 1072.725952
v -58.812351 2.584274 1072.584473
v -62.804928 3.344543 1073.243408
v -52.308006 2.464951 1072.348877
v -51.521523 2.694382 1071.967773
v -51.519440 3.760460 1073.040649
v -51.047424 3.830025 1072.328979
v -80.276878 8.729767 1071.100098
v -79.761391 4.290291 1072.712402
v -50.996994 14.238831 1072.241211
v -50.733490 14.401733 1071.094971
v -51.370605 14.327278 1072.934937
v -79.743858 14.312225 1072.721313
v -79.239227 14.381325 1073.271484
v -68.030830 14.437233 1073.584106
v -57.257179 14.430916 1073.587524
v -52.882500 14.444923 1073.548218
v -78.989655 17.092117 1070.730835
v -78.563843 17.152657 1071.255737
v -77.700836 17.113480 1071.618042
v -69.494064 17.145668 1071.624512
v -61.921009 17.154251 1071.625732
v -53.394848 17.485336 1071.588379
v -53.000099 17.161896 1071.562744
v -52.181946 15.678795 1072.459106
v -77.379570 24.194305 1071.606934
v -53.382999 31.021622 1071.597290
v -77.695435 35.056313 1071.594727
v -52.663918 39.943535 1071.353149
v -78.159195 40.489418 1071.431641
v -64.148041 39.352676 1071.607788
v -53.368542 39.817978 1071.565918
v -77.217995 40.201317 1071.553833
v -66.304001 41.234756 1071.357910
v -61.347122 40.759850 1071.452148
v -53.264771 41.214317 1071.319214
v -78.581497 4.677094 1073.544556
v -74.142067 4.148064 1073.531006
v -69.776917 3.657265 1073.390381
v -67.923683 4.540291 1073.591064
v -62.979729 4.528954 1073.590088
v -57.152954 4.088074 1073.516357
v -52.459858 3.557846 1073.317993
v -78.289345 8.578491 1073.605103
v -52.459137 4.547691 1073.548462
v -52.433880 10.236702 1073.592163
v -73.796371 14.401985 1073.583740
v -62.360443 14.238579 1073.597900
v -52.227627 14.292328 1073.499390
v -78.358078 14.302513 1073.569336
vn -0.7654 0.4147 -0.4921
vn -0.6510 0.4702 -0.5958
vn -0.6700 0.3806 -0.6374
vn -0.4987 -0.2866 0.8181
vn -0.4892 -0.2807 0.8258
vn -0.5391 -0.2858 0.7923
vn -0.5657 -0.2905 0.7717
vn -0.4795 0.3258 0.8148
vn -0.4837 0.3219 0.8139
vn -0.4699 0.3344 0.8169
vn -0.4436 -0.2689 0.8549
vn -0.4657 0.3383 0.8178
vn -0.0041 1.0000 -0.0081
vn -0.0005 1.0000 0.0006
vn -0.0024 1.0000 -0.0022
vn -0.0018 1.0000 -0.0022
vn -0.4317 0.7161 0.5485
vn -0.4282 0.7236 0.5413
vn -0.4154 0.7492 0.5158
vn -0.5318 0.5301 0.6604
vn -0.4126 0.7547 0.5101
vn -0.6130 -0.2554 0.7477
vn -0.5980 -0.2710 0.7543
vn -0.7419 0.2770 -0.6106
vn -0.5535 0.4292 -0.7138
vn -0.3317 0.2806 -0.9007
vn -0.4592 0.2139 -0.8622
vn -0.4584 0.3170 -0.8303
vn -0.2696 0.4260 -0.8636
vn -0.3485 0.4822 -0.8037
vn -0.2580 0.4912 -0.8320
vn -0.4342 0.4323 -0.7903
vn -0.3306 0.3788 -0.8644
vn -0.1585 0.4918 -0.8562
vn -0.1194 0.4769 -0.8708
vn -0.4642 0.7742 0.4302
vn -0.5997 -0.5164 0.6113
vn -0.6160 0.3475 0.7069
vn -0.0007 1.0000 0.0009
vn -0.0007 1.0000 0.0001
vn 0.0006 1.0000 0.0019
vn 0.0622 0.4466 -0.8926
vn 0.1279 0.4809 -0.8674
vn 0.2500 0.4275 -0.8688
vn 0.4116 0.4647 -0.7840
vn 0.3486 0.4798 -0.8052
vn 0.3246 0.3704 -0.8703
vn -0.7883 -0.2963 0.5392
vn -0.7795 -0.2848 0.5580
vn -0.7972 -0.3084 0.5189
vn -0.6860 0.5121 0.5169
vn -0.6912 0.4631 0.5548
vn -0.7552 0.2948 0.5854
vn -0.7757 -0.1440 0.6144
vn 0.0031 1.0000 0.0035
vn 0.4940 0.2326 -0.8378
vn 0.5511 0.3853 -0.7401
vn 0.6512 0.2667 -0.7105
vn 0.3641 0.2708 -0.8911
vn 0.4837 0.3188 -0.8151
vn 0.5638 0.1716 -0.8079
vn -0.7363 0.6767 0.0025
vn -0.7364 0.6766 0.0012
vn -0.7223 0.6916 0.0005
vn 0.7623 0.2508 -0.5967
vn 0.6930 0.1619 -0.7025
vn 0.6780 0.3684 -0.6360
vn 0.5952 0.4411 -0.6717
vn 0.4672 0.4907 -0.7355
vn 0.5458 0.4738 -0.6911
vn 0.4774 0.3662 -0.7988
vn 0.8480 -0.2875 0.4452
vn 0.8208 -0.2855 0.4947
vn 0.8418 -0.3070 0.4440
vn 0.7963 -0.3030 0.5236
vn 0.8489 0.2851 0.4452
vn 0.8395 0.2708 0.4711
vn 0.8280 0.2544 0.4997
vn 0.7980 0.6026 0.0088
vn 0.7313 0.6820 0.0016
vn 0.6934 0.7205 0.0002
vn 0.0074 1.0000 -0.0026
vn 0.0002 1.0000 0.0020
vn -0.0052 1.0000 0.0027
vn 0.0041 1.0000 0.0001
vn 0.7658 0.3553 -0.5360
vn 0.8554 0.2506 -0.4534
vn 0.8618 0.1694 -0.4781
vn 0.7854 0.1761 -0.5934
vn 0.7279 0.4609 -0.5077
vn 0.8121 0.4101 -0.4151
vn 0.9986 0.0521 -0.0006
vn 0.9931 0.1174 0.0016
vn 1.0000 0.0052 0.0022
vn 0.7051 0.4209 -0.5707
vn 0.0053 1.0000 -0.0007
vn 0.0022 1.0000 0.0004
vn 0.9051 -0.2324 0.3560
vn 0.9029 -0.2423 0.3552
vn 0.9463 -0.1556 0.2835
vn 0.6989 0.7152 -0.0014
vn -0.0008 1.0000 -0.0041
vn 0.7325 0.6744 0.0932
vn 0.7298 0.6677 0.1469
vn 0.7310 0.6777 0.0797
vn 0.9252 0.2828 0.2530
vn 0.9027 0.3709 0.2180
vn 0.8994 0.3814 0.2137
vn 0.9331 -0.2907 0.2117
vn 0.9350 -0.2937 0.1987
vn 0.9474 -0.1806 0.2642
vn 0.9270 0.2735 0.2565
vn -0.0046 0.9999 -0.0121
vn 0.0411 0.9988 0.0248
vn -0.8667 -0.2057 0.4544
vn -0.8650 -0.2114 0.4551
vn -0.8732 -0.2371 0.4258
vn -0.8048 -0.3191 0.5004
vn -0.0009 1.0000 0.0019
vn 0.0019 1.0000 0.0028
vn -0.5988 0.1048 -0.7940
vn -0.4604 0.0679 -0.8851
vn -0.5397 0.0310 -0.8413
vn -1.0000 -0.0004 0.0001
vn -1.0000 0.0058 0.0004
vn -0.9989 0.0462 -0.0002
vn -0.9174 -0.2788 0.2838
vn -0.9144 -0.2958 0.2765
vn -0.9039 -0.2589 0.3404
vn -0.8863 -0.2536 0.3876
vn -0.9061 0.2667 0.3284
vn -0.7581 0.4870 -0.4338
vn -0.6883 0.4970 -0.5284
vn 0.0085 1.0000 0.0023
vn -0.0123 0.9999 -0.0011
vn -0.0194 0.9998 -0.0032
vn -0.9729 0.1059 0.2053
vn -0.6649 0.7306 0.1553
vn -0.9514 -0.2198 0.2159
vn -0.6681 0.0304 -0.7434
vn -0.7249 0.0715 -0.6851
vn -0.0040 1.0000 -0.0001
vn -0.4611 0.4930 -0.7378
vn -0.5847 0.4959 -0.6420
vn -0.7889 0.0353 -0.6136
vn -0.8387 0.0939 -0.5365
vn -0.7830 0.1339 -0.6075
vn 0.9283 -0.3271 0.1768
vn -0.6364 0.1596 -0.7546
vn -0.3998 0.0345 -0.9160
vn -0.2957 0.1010 -0.9499
vn 0.0036 1.0000 -0.0031
vn -0.2957 0.0396 -0.9545
vn 1.0000 -0.0056 0.0017
vn 1.0000 0.0017 -0.0003
vn -0.1765 0.0395 -0.9835
vn -0.0875 0.0928 -0.9918
vn -0.0288 0.5063 -0.8619
vn 0.0854 0.0802 -0.9931
vn -0.0342 0.0242 -0.9991
vn -0.4315 0.1242 -0.8935
vn 0.8540 -0.5202 -0.0008
vn 0.7308 0.6825 -0.0064
vn 0.7380 0.6747 0.0147
vn 0.9772 0.2062 0.0508
vn 0.9751 0.2166 0.0479
vn 0.9896 0.1245 0.0725
vn 0.9905 0.1153 0.0750
vn 0.9766 -0.1987 0.0820
vn -0.0086 0.9999 0.0078
vn 0.0010 -0.0044 -1.0000
vn -0.0000 -0.0027 -1.0000
vn -0.0017 -0.0051 -1.0000
vn 0.0015 -0.0052 -1.0000
vn -0.0010 0.0005 -1.0000
vn 0.3047 0.1077 -0.9463
vn 0.2219 0.0781 -0.9719
vn 0.2067 0.1162 -0.9715
vn 0.2494 0.4937 -0.8331
vn 0.0480 0.0124 -0.9988
vn 0.4755 0.0725 -0.8767
vn 0.4879 0.0663 -0.8704
vn 0.4618 0.0792 -0.8834
vn 0.2694 0.0638 -0.9609
vn 0.3307 0.0398 -0.9429
vn 0.0008 0.7283 -0.6853
vn -0.0003 0.7555 -0.6551
vn -0.0003 0.7553 -0.6554
vn -0.0006 0.7904 -0.6126
vn -0.0004 0.9799 -0.1994
vn -0.0001 0.9696 -0.2446
vn 0.0009 0.9839 -0.1788
vn 0.0002 0.8131 -0.5822
vn -0.0030 0.9997 -0.0258
vn 0.0042 0.9999 -0.0136
vn -0.0003 0.9999 -0.0107
vn -0.0001 1.0000 -0.0017
vn -0.0004 0.9800 -0.1992
vn -0.0003 0.8030 -0.5960
vn -0.0014 0.0036 -1.0000
vn 0.0007 0.0010 -1.0000
vn 0.0013 -0.1068 -0.9943
vn -0.0018 -0.0604 -0.9982
vn -0.0028 0.0008 -1.0000
vn -0.0339 0.9993 0.0133
vn 0.0067 1.0000 -0.0069
vn -0.0160 0.9998 0.0065
vn 0.0012 1.0000 -0.0014
vn -0.6365 0.7712 0.0076
vn -0.5397 0.7661 -0.3489
vn -0.5493 0.7686 -0.3280
vn -0.5114 0.7741 -0.3731
vn -0.7668 -0.2274 -0.6002
vn -0.7492 -0.2382 -0.6181
vn -0.8173 -0.1884 -0.5445
vn -0.7020 0.4663 -0.5383
vn -0.5349 0.6953 -0.4801
vn -0.5758 0.6759 -0.4601
vn -0.5578 0.6847 -0.4691
vn 0.0052 0.9999 -0.0096
vn -0.0084 1.0000 0.0041
vn 0.0076 1.0000 -0.0061
vn 0.0216 0.9996 -0.0171
vn 0.0021 0.9994 -0.0337
vn -0.0041 0.9997 0.0245
vn 0.2907 0.4017 0.8684
vn 0.0006 0.9999 -0.0147
vn 0.0056 1.0000 -0.0033
vn -0.0000 1.0000 -0.0019
vn 0.0002 1.0000 -0.0023
vn 0.0011 1.0000 -0.0015
vn 0.0031 1.0000 0.0029
vn -0.0003 1.0000 -0.0026
vn 0.0002 1.0000 -0.0014
vn 0.0030 1.0000 0.0026
vn 0.0037 1.0000 0.0061
vn -0.0005 1.0000 -0.0043
vn -0.0044 1.0000 0.0085
vn -0.0002 1.0000 -0.0063
vn -0.0040 1.0000 0.0082
vn 0.7999 0.1212 -0.5877
vn 0.7721 0.0522 -0.6333
vn 0.7438 0.0772 -0.6639
vn 0.6492 0.4276 -0.6291
vn 0.7159 0.0381 -0.6972
vn 0.3014 -0.2620 -0.9168
vn 0.3277 -0.2658 -0.9066
vn 0.3327 -0.2601 -0.9065
vn 0.3026 -0.2565 -0.9179
vn 0.3046 -0.2540 -0.9180
vn 0.2454 0.0828 -0.9659
vn 0.2312 0.4698 -0.8520
vn 0.1417 0.6451 -0.7509
vn 0.1713 0.6202 -0.7655
vn 0.1829 0.6096 -0.7714
vn 0.1974 -0.1746 -0.9646
vn 0.2000 -0.1828 -0.9626
vn 0.1901 -0.1725 -0.9665
vn 0.1306 0.6575 -0.7421
vn 0.1465 -0.1712 -0.9743
vn 0.1283 0.6636 -0.7370
vn 0.1248 -0.1674 -0.9780
vn 0.0027 0.7855 -0.6188
vn -0.0038 0.7762 -0.6305
vn -0.0438 0.7455 -0.6651
vn 0.0047 -0.4263 -0.9046
vn 0.0928 -0.1527 -0.9839
vn 0.0425 0.3595 -0.9322
vn 0.0606 0.3385 -0.9390
vn -0.0034 0.4115 -0.9114
vn -0.0756 0.7586 -0.6472
vn -0.1140 -0.2657 -0.9573
vn -0.0462 -0.2727 -0.9610
vn -0.1154 -0.2741 -0.9548
vn -0.0656 0.2512 -0.9657
vn -0.0207 0.4305 -0.9023
vn -0.0895 0.7679 -0.6343
vn -0.2023 -0.2259 -0.9529
vn -0.2803 -0.2881 -0.9157
vn -0.2187 0.5354 -0.8158
vn -0.2125 0.5325 -0.8193
vn -0.2058 0.5294 -0.8230
vn -0.2466 -0.2801 -0.9278
vn -0.1888 0.3092 -0.9321
vn -0.3338 -0.2529 -0.9081
vn -0.2993 -0.3215 -0.8983
vn -0.4259 0.2253 -0.8763
vn -0.3868 0.1801 -0.9044
vn -0.3687 0.1595 -0.9158
vn -0.2256 0.5385 -0.8119
vn -0.3236 0.8477 -0.4204
vn -0.3894 0.8082 -0.4417
vn -0.3508 0.8801 -0.3199
vn -0.7281 -0.2266 -0.6470
vn -0.5151 0.7039 -0.4891
vn -0.6255 -0.4668 -0.6252
vn -0.6060 0.3778 -0.7000
vn -0.6214 0.3909 -0.6790
vn -0.5876 0.3764 -0.7163
vn -0.7283 0.1661 -0.6648
vn 0.6386 0.5405 -0.5477
vn 0.6017 0.0942 -0.7931
vn 0.5993 0.0535 -0.7988
vn 0.5917 0.0605 -0.8039
vn -0.3799 0.7705 -0.5118
vn -0.5915 -0.2212 -0.7754
vn -0.5935 -0.2167 -0.7751
vn -0.5236 -0.2710 -0.8077
vn -0.5644 -0.2633 -0.7824
vn -0.5050 0.4358 -0.7450
vn -0.4729 0.4300 -0.7691
vn -0.4898 -0.2735 -0.8278
vn 0.8773 0.0889 -0.4715
vn 0.8172 0.0572 -0.5735
vn 0.5213 -0.3229 -0.7899
vn 0.4824 -0.2940 -0.8252
vn 0.4633 -0.2788 -0.8412
vn 0.4869 -0.0269 -0.8730
vn 0.4305 -0.3081 -0.8484
vn -0.4588 -0.2182 -0.8613
vn -0.4548 -0.2847 -0.8438
vn -0.4391 -0.3059 -0.8447
vn -0.4436 0.2461 -0.8618
vn -0.4415 0.4108 -0.7977
vn 0.7007 0.5206 -0.4879
vn 0.7490 0.4952 -0.4402
vn 0.5877 -0.2854 -0.7571
vn 0.5871 -0.2867 -0.7571
vn 0.6400 -0.0988 -0.7620
vn 0.6538 -0.1019 -0.7498
vn 0.6504 -0.1011 -0.7528
vn 0.5650 -0.3128 -0.7635
vn 0.5014 0.5065 -0.7014
vn 0.5615 0.2878 -0.7758
vn -0.0001 1.0000 -0.0026
vn 0.0023 1.0000 -0.0010
vn 0.7271 0.6865 -0.0005
vn 0.7276 0.6861 -0.0005
vn 0.0061 1.0000 0.0019
vn -0.0027 1.0000 -0.0026
vn 0.6080 0.1111 -0.7862
vn 0.6745 -0.3929 -0.6251
vn 0.4746 0.7274 -0.4957
vn 0.5057 0.7098 -0.4903
vn 0.5217 0.7003 -0.4872
vn 0.4576 0.7364 -0.4983
vn 0.6645 -0.1044 -0.7399
vn 0.7743 -0.2879 -0.5635
vn 0.7672 -0.2522 -0.5898
vn 0.7939 -0.2878 -0.5356
vn 0.7670 -0.2483 -0.5916
vn 0.7718 0.2458 -0.5865
vn 0.4654 0.8045 -0.3691
vn 0.6822 0.4169 -0.6006
vn 0.8343 -0.3147 -0.4526
vn 0.8202 -0.2850 -0.4960
vn 0.8418 -0.2991 -0.4494
vn 0.8059 0.3815 -0.4528
vn 0.7935 0.3790 -0.4761
vn 0.8361 0.3545 -0.4187
vn 0.7965 0.3639 -0.4829
vn -0.0027 1.0000 -0.0030
vn 0.0037 1.0000 -0.0006
vn -0.8378 0.4421 -0.3204
vn -0.9776 0.0062 -0.2102
vn -0.9644 0.0144 -0.2639
vn -0.9437 0.0118 -0.3307
vn -0.4010 0.9048 -0.1433
vn -0.4154 0.8985 -0.1415
vn -0.4506 0.8875 -0.0966
vn -0.4105 0.8909 -0.1945
vn 1.0000 0.0077 0.0004
vn 0.9876 0.1439 -0.0632
vn 0.7240 0.6890 -0.0331
vn 0.9712 -0.2253 -0.0776
vn 0.9314 0.3518 -0.0937
vn 0.9038 0.3944 -0.1658
vn 0.9201 0.3709 -0.1256
vn 1.0000 0.0013 0.0003
vn 1.0000 -0.0007 -0.0016
vn 0.6209 0.7813 -0.0627
vn 0.9317 -0.3167 -0.1781
vn -0.9999 0.0065 -0.0144
vn -0.9989 0.0135 -0.0441
vn -0.9969 0.0064 -0.0781
vn 0.6854 0.7281 -0.0030
vn -0.4539 0.8910 0.0101
vn -0.4507 0.8919 -0.0356
vn -0.4529 0.8894 -0.0627
vn 0.0620 0.9978 -0.0253
vn 0.7321 0.6497 -0.2047
vn 0.7445 0.6369 -0.2001
vn 0.7006 0.6786 -0.2204
vn 0.8903 0.4113 -0.1955
vn 0.9493 -0.1864 -0.2531
vn 0.9263 -0.2247 -0.3025
vn 0.9496 -0.1855 -0.2528
vn 0.9391 -0.2063 -0.2747
vn 0.0683 0.9973 -0.0282
vn 0.8752 -0.3376 -0.3466
vn 0.8841 -0.2799 -0.3742
vn -0.0739 0.9967 0.0343
vn -0.8210 0.5571 0.1249
vn -0.9530 0.2596 0.1563
vn -0.9493 -0.2440 0.1981
vn -0.9479 -0.2515 0.1955
vn -0.6856 0.7280 -0.0000
vn -0.9924 0.1227 0.0023
vn -0.7527 0.6581 0.0178
vn -0.7417 0.6697 0.0357
vn -0.7610 0.6487 -0.0104
vn -0.9971 -0.0163 0.0745
vn -0.9786 -0.1935 0.0705
vn -1.0000 0.0017 -0.0017
vn -0.8520 0.3149 -0.4181
vn -0.8097 0.2939 -0.5079
vn -0.8198 0.3494 -0.4537
vn -0.8459 -0.2713 -0.4591
vn -0.8307 -0.2853 -0.4780
vn -0.8526 0.1152 -0.5098
vn -0.8098 0.2787 -0.5163
vn 0.0026 1.0000 -0.0023
vn -0.8023 0.5969 -0.0039
vn -1.0000 -0.0037 -0.0012
vn -1.0000 0.0020 0.0006
vn -0.8745 -0.4849 -0.0015
vn -0.7147 0.6938 -0.0879
vn -0.9676 0.2477 -0.0482
vn -0.9654 0.2567 -0.0456
vn -0.9840 0.1626 -0.0722
vn -0.9854 0.1531 -0.0749
vn -0.9795 -0.1845 -0.0814
vn -0.6906 0.7233 -0.0001
vn -0.9178 0.3970 -0.0001
vn -0.7074 0.7014 -0.0873
vn -0.9339 -0.3026 -0.1905
vn -0.0058 1.0000 0.0004
vn -0.0124 0.9999 0.0011
vn -0.5923 0.7750 -0.2202
vn -0.5893 0.7893 -0.1722
vn -0.5794 0.8036 -0.1363
vn -0.6989 0.7029 -0.1325
vn -0.9269 0.2868 -0.2422
vn -0.9151 0.3369 -0.2216
vn -0.9130 0.3445 -0.2184
vn -0.9497 -0.1769 -0.2583
vn -0.9497 -0.1770 -0.2583
vn -0.9498 -0.1767 -0.2583
vn -0.9281 0.2808 -0.2446
vn 0.0087 1.0000 -0.0024
vn -0.7071 0.7072 -0.0005
vn -0.8950 -0.3198 -0.3110
vn -0.8918 -0.2981 -0.3404
vn -0.8919 -0.3197 -0.3199
vn -0.8836 -0.2544 -0.3930
vn -0.6618 -0.7112 -0.2370
vn -0.0057 1.0000 0.0004
vn 0.6706 0.7084 -0.2203
vn 0.6520 0.7263 -0.2177
vn 0.8537 0.3444 -0.3907
vn 0.8545 0.3497 -0.3841
vn 0.4433 0.8914 -0.0939
vn 0.4283 0.8967 -0.1119
vn 0.4477 0.8916 -0.0673
vn 0.4334 0.8898 -0.1432
vn 0.9477 0.0073 -0.3191
vn 0.9119 0.0092 -0.4104
vn 0.9217 0.0060 -0.3878
vn 0.4106 0.8950 -0.1743
vn 0.3970 0.8992 -0.1840
vn -0.8399 0.2490 -0.4822
vn -0.8473 0.3473 -0.4019
vn -0.7586 0.1811 -0.6259
vn -0.6431 0.3040 -0.7029
vn -0.5236 0.2989 -0.7978
vn -0.5693 0.2296 -0.7894
vn -0.6365 0.1979 -0.7455
vn 0.4341 0.8650 -0.2516
vn 0.4261 0.8719 -0.2414
vn 0.4354 0.8639 -0.2532
vn 0.3067 0.9294 -0.2053
vn 0.3746 0.9139 -0.1566
vn 0.3258 0.9275 -0.1833
vn 0.4242 0.8734 -0.2391
vn 0.8930 0.1210 -0.4336
vn 0.8200 0.1218 -0.5592
vn 0.7478 0.1195 -0.6530
vn 0.3684 0.8733 -0.3187
vn 0.2201 0.9223 -0.3177
vn 0.2705 0.9155 -0.2980
vn 0.2167 0.9265 -0.3077
vn 0.5797 0.1331 -0.8039
vn 0.6536 0.1305 -0.7455
vn 0.2786 0.9271 -0.2509
vn 0.2920 0.9267 -0.2366
vn 0.1744 0.9337 -0.3126
vn 0.4717 0.1346 -0.8714
vn -0.8376 0.1454 -0.5266
vn -0.7929 0.1321 -0.5948
vn -0.8516 0.1200 -0.5103
vn -0.7499 0.1254 -0.6496
vn -0.5394 0.1536 -0.8280
vn -0.6705 0.1312 -0.7302
vn -0.1727 0.9323 -0.3179
vn -0.2232 0.9210 -0.3193
vn -0.2098 0.9252 -0.3164
vn -0.5744 0.1194 -0.8098
vn -0.2801 0.9113 -0.3019
vn -0.3064 0.9152 -0.2620
vn -0.6067 0.1267 -0.7848
vn -0.3146 0.9241 -0.2168
vn -0.2823 0.9231 -0.2612
vn -0.7058 0.0964 -0.7018
vn -0.9087 0.1644 -0.3836
vn -0.4457 0.8519 -0.2749
vn -0.4651 0.8433 -0.2692
vn -0.5048 0.8268 -0.2483
vn -0.3195 0.9264 -0.1993
vn -0.3328 0.9278 -0.1684
vn -0.3401 0.9322 -0.1240
vn -0.3468 0.9260 -0.1492
vn -0.8989 0.1202 -0.4213
vn 0.2947 -0.9300 -0.2195
vn 0.2999 -0.9252 -0.2326
vn 0.3465 -0.9172 -0.1966
vn 0.4622 -0.8391 -0.2868
vn 0.8471 0.0095 -0.5313
vn 0.8765 0.0006 -0.4813
vn 0.3596 -0.9173 -0.1712
vn 0.3624 -0.9199 -0.1501
vn 0.7939 0.0160 -0.6078
vn 0.2589 -0.9160 -0.3066
vn 0.2757 -0.9185 -0.2833
vn 0.2379 -0.9149 -0.3263
vn 0.2010 -0.9165 -0.3459
vn 0.5983 0.0106 -0.8012
vn 0.6988 0.0141 -0.7152
vn 0.6458 0.0051 -0.7635
vn -0.3321 -0.9129 -0.2373
vn -0.3497 -0.9101 -0.2222
vn -0.2809 -0.9223 -0.2653
vn -0.2702 -0.9275 -0.2583
vn -0.2417 -0.9201 -0.3082
vn -0.2359 -0.9178 -0.3194
vn -0.5784 0.0045 -0.8158
vn -0.6235 0.0116 -0.7818
vn -0.5146 0.0125 -0.8573
vn -0.6976 0.0047 -0.7165
vn -0.7893 0.0071 -0.6140
vn -0.7185 0.0115 -0.6955
vn -0.8058 0.0121 -0.5921
vn -0.3593 -0.9113 -0.2011
vn -0.3523 -0.9239 -0.1493
vn -0.3679 -0.9189 -0.1423
vn -0.8538 0.0068 -0.5206
vn -0.8781 0.0078 -0.4785
vn 0.8617 0.0064 -0.5073
vn 0.7617 0.0022 -0.6479
vn 0.3895 0.8940 -0.2217
vn 0.3709 0.8966 -0.2421
vn 0.5729 0.7451 -0.3414
vn 0.5320 0.7965 -0.2875
vn 0.5801 0.7350 -0.3512
vn 0.8340 -0.4227 -0.3546
vn 0.8650 -0.2900 -0.4094
vn 0.0053 1.0000 -0.0001
vn 0.5238 0.8055 -0.2770
vn 0.3516 0.8912 -0.2866
vn 0.3081 0.8993 -0.3104
vn 0.2666 0.8858 -0.3799
vn 0.2875 0.8897 -0.3547
vn 0.2520 0.8860 -0.3891
vn 0.5509 0.0124 -0.8344
vn -0.3588 0.8893 -0.2836
vn -0.3733 0.8983 -0.2319
vn -0.3677 0.9045 -0.2160
vn -0.3275 0.8868 -0.3259
vn -0.2688 0.9049 -0.3300
vn -0.0655 0.9943 -0.0843
vn -0.9058 0.0138 -0.4234
vn -0.5567 0.7873 -0.2650
vn -0.8569 -0.2899 -0.4263
vn -0.8667 0.2922 -0.4044
vn 0.2735 0.3131 -0.9095
vn -0.0263 0.3128 -0.9495
vn 0.1054 0.3891 -0.9151
vn 0.3492 0.1589 -0.9235
vn 0.2602 0.2429 -0.9345
vn 0.0217 0.1829 -0.9829
vn 0.1172 0.2764 -0.9539
vn 0.1723 0.1754 -0.9693
vn -0.1972 0.3281 -0.9238
vn -0.0812 0.3733 -0.9242
vn -0.1727 0.4256 -0.8883
vn -0.0699 0.3514 -0.9336
vn -0.1421 0.1884 -0.9718
vn -0.2167 0.2348 -0.9476
vn -0.3390 0.1590 -0.9272
vn 0.3915 0.5748 -0.7186
vn 0.1705 0.9325 -0.3182
vn 0.2515 0.7498 -0.6121
vn 0.3411 0.7951 -0.5014
vn 0.3718 0.1230 -0.9201
vn 0.1087 0.9220 -0.3717
vn 0.1173 0.9254 -0.3605
vn 0.0758 0.9287 -0.3631
vn 0.0536 0.9193 -0.3898
vn 0.1642 0.9296 -0.3299
vn 0.1423 0.9169 -0.3730
vn 0.2399 0.1362 -0.9612
vn 0.2724 0.1320 -0.9531
vn 0.0092 0.9121 -0.4100
vn 0.0309 0.1199 -0.9923
vn 0.1076 0.1306 -0.9856
vn -0.0880 0.1295 -0.9877
vn -0.0395 0.9233 -0.3822
vn -0.0723 0.9267 -0.3689
vn -0.1696 0.1226 -0.9779
vn -0.1641 0.9297 -0.3299
vn -0.1423 0.9168 -0.3731
vn -0.1090 0.9219 -0.3717
vn -0.1178 0.9247 -0.3621
vn -0.2544 0.7603 -0.5977
vn -0.3107 0.7390 -0.5978
vn -0.2200 0.7330 -0.6436
vn -0.2724 0.1333 -0.9529
vn -0.3712 0.1244 -0.9202
vn -0.4679 0.1272 -0.8746
vn -0.3430 0.7902 -0.5080
vn -0.1705 0.9326 -0.3182
vn -0.3916 0.5747 -0.7186
vn -0.2514 0.7498 -0.6121
vn 0.1968 -0.9193 -0.3409
vn 0.1696 -0.9181 -0.3581
vn 0.1238 -0.9249 -0.3595
vn 0.3851 0.7542 -0.5319
vn 0.3636 0.7557 -0.5447
vn 0.3107 0.7390 -0.5978
vn 0.4830 0.0131 -0.8755
vn 0.5018 0.0086 -0.8649
vn 0.4124 0.0107 -0.9109
vn 0.0904 -0.9248 -0.3695
vn 0.0717 -0.9192 -0.3872
vn 0.1280 -0.9292 -0.3468
vn 0.1953 -0.8113 -0.5511
vn 0.1659 -0.8112 -0.5608
vn 0.1963 -0.8113 -0.5507
vn 0.2539 0.7598 -0.5985
vn 0.2048 0.7451 -0.6348
vn -0.0058 -0.9192 -0.3939
vn -0.0026 -0.9161 -0.4010
vn 0.0454 -0.9135 -0.4042
vn 0.1270 0.0138 -0.9918
vn 0.2463 0.0126 -0.9691
vn 0.1999 0.0060 -0.9798
vn 0.3087 0.0074 -0.9511
vn 0.3343 0.0108 -0.9424
vn 0.4049 0.0091 -0.9143
vn 0.0614 0.0058 -0.9981
vn -0.0117 0.0159 -0.9998
vn -0.0542 -0.9195 -0.3892
vn -0.0933 -0.9130 -0.3971
vn -0.1627 0.0124 -0.9866
vn -0.0816 0.0071 -0.9966
vn -0.4088 0.0104 -0.9125
vn -0.2980 0.0092 -0.9545
vn -0.3075 0.0101 -0.9515
vn -0.1809 -0.9129 -0.3660
vn -0.1343 -0.9111 -0.3896
vn -0.1553 -0.9168 -0.3680
vn -0.1744 -0.8507 -0.4959
vn -0.2001 0.0087 -0.9797
vn -0.4085 0.0108 -0.9127
vn -0.2057 -0.9192 -0.3358
vn -0.3635 0.7557 -0.5447
vn -0.3852 0.7542 -0.5318
vn -0.4824 0.0102 -0.8759
vn 0.1873 0.8867 -0.4227
vn 0.2274 0.8897 -0.3959
vn 0.1749 0.9027 -0.3931
vn -0.0140 0.9999 0.0096
vn 0.3275 0.7117 -0.6214
vn 0.3251 0.7162 -0.6176
vn 0.3294 0.7084 -0.6243
vn 0.3311 0.7052 -0.6270
vn 0.4119 -0.3176 -0.8541
vn 0.3517 -0.2374 -0.9055
vn 0.3419 -0.1918 -0.9200
vn 0.3998 -0.3137 -0.8613
vn 0.4148 0.1914 -0.8895
vn 0.3614 0.4424 -0.8208
vn 0.1107 0.8863 -0.4496
vn 0.0870 0.8944 -0.4388
vn 0.1432 0.8874 -0.4382
vn 0.0494 0.8917 -0.4499
vn -0.0288 0.8953 -0.4444
vn 0.0287 0.8922 -0.4506
vn 0.1812 0.8302 -0.5272
vn -0.0418 0.8987 -0.4365
vn -0.0893 0.8871 -0.4529
vn -0.1161 0.8871 -0.4468
vn -0.1766 0.9010 -0.3963
vn -0.1434 0.8879 -0.4371
vn -0.1992 0.8892 -0.4119
vn -0.2496 0.7647 -0.5940
vn -0.2733 0.7553 -0.5956
vn -0.2296 0.7722 -0.5924
vn -0.0054 0.9998 0.0180
vn -0.3345 -0.2192 -0.9166
vn -0.2438 0.8900 -0.3853
vn -0.2815 0.8431 -0.4581
vn -0.2284 0.8905 -0.3934
vn -0.2942 0.7466 -0.5967
vn -0.4224 -0.3200 -0.8481
vn -0.3270 -0.1898 -0.9258
vn 0.4674 0.8838 -0.0204
vn 0.4593 0.8883 0.0048
vn -0.9241 0.0059 -0.3821
vn -0.3911 -0.9149 -0.1005
vn -0.3887 -0.9202 -0.0468
vn -0.9919 0.0144 -0.1264
vn -0.3856 -0.9210 -0.0546
vn -0.3835 -0.9235 0.0045
vn -0.3887 -0.9212 0.0186
vn 0.9660 0.0138 -0.2581
vn 0.9704 0.0077 -0.2413
vn 0.3757 -0.9218 -0.0956
vn 0.3735 -0.9214 -0.1075
vn 0.5728 -0.8020 -0.1694
vn 0.5767 -0.8009 -0.1610
vn 0.5594 -0.8051 -0.1971
vn 0.3926 -0.9186 -0.0443
vn 0.9867 0.0079 -0.1622
vn 0.9930 0.0152 -0.1169
vn 0.9995 0.0143 0.0277
vn 0.9995 0.0062 -0.0296
vn 0.3929 -0.9184 -0.0466
vn 0.3983 -0.9172 0.0085
vn 0.3994 -0.9168 -0.0004
vn -0.3418 0.9348 -0.0963
vn -0.4484 0.8765 -0.1753
vn -0.4591 0.8689 -0.1848
vn -0.9426 0.1157 -0.3133
vn -0.5892 0.7630 -0.2658
vn -0.7744 0.6048 -0.1859
vn -0.4090 0.9104 -0.0613
vn -0.9784 0.1128 -0.1732
vn -0.9606 0.1590 -0.2277
vn -0.9177 0.2418 -0.3152
vn -0.9944 0.1057 -0.0013
vn -0.9838 0.1571 -0.0868
vn -0.3916 0.9194 -0.0370
vn -0.3894 0.9200 -0.0444
vn -0.9894 0.1342 0.0559
vn -0.9505 0.2614 -0.1680
vn 0.3476 0.9284 -0.1310
vn 0.3432 0.9329 -0.1089
vn 0.6317 0.7234 -0.2788
vn 0.5204 0.8268 -0.2137
vn 0.9335 0.1511 -0.3252
vn 0.9438 0.1122 -0.3109
vn 0.6915 0.7044 -0.1604
vn 0.3616 0.9293 -0.0753
vn 0.3771 0.9243 -0.0583
vn 0.9725 0.1280 -0.1947
vn 0.9715 0.1768 -0.1580
vn 0.9332 0.2141 -0.2886
vn 0.3984 0.9171 -0.0157
vn 0.9881 0.1533 0.0118
vn 0.9857 0.1328 -0.1039
vn 0.3810 0.9241 0.0292
vn 0.9351 -0.3434 -0.0873
vn 0.9929 0.1183 -0.0140
vn 0.9712 0.2211 -0.0888
vn -0.8973 0.3569 -0.2597
vn -0.9598 0.2802 -0.0163
vn -0.9235 0.3643 -0.1206
vn -0.9786 0.2056 0.0047
vn -0.9138 0.4060 0.0091
vn -0.8762 0.4599 -0.1440
vn -0.8399 0.4417 -0.3155
vn -0.7951 0.4850 -0.3641
vn 0.8927 0.2981 -0.3380
vn 0.7969 0.4897 -0.3537
vn 0.8501 0.4392 -0.2906
vn 0.8992 0.3831 -0.2114
vn 0.8647 0.4797 -0.1492
vn 0.8879 0.4552 -0.0666
vn 0.9476 0.2654 -0.1779
vn 0.9423 0.3295 -0.0586
vn 0.9086 0.4133 0.0602
vn -0.8658 0.0411 -0.4987
vn -0.9128 0.0475 -0.4056
vn -0.9542 0.0870 -0.2864
vn -0.8989 0.1224 -0.4206
vn -0.8351 0.4867 -0.2564
vn -0.9551 0.0363 -0.2942
vn -0.8430 0.4988 -0.2013
vn -0.9880 0.0487 -0.1465
vn -0.8717 0.4900 -0.0049
vn -0.8720 0.4860 -0.0577
vn -0.9963 0.0511 -0.0694
vn -0.9945 0.0872 0.0578
vn -0.9880 0.1089 -0.1095
vn 0.9135 0.0268 -0.4060
vn 0.8938 0.0269 -0.4476
vn 0.9427 0.0559 -0.3288
vn 0.8374 0.4838 -0.2542
vn 0.9573 0.0290 -0.2875
vn 0.9336 0.1343 -0.3322
vn 0.9732 0.1011 -0.2063
vn 0.9867 0.0352 -0.1590
vn 0.8671 0.4980 0.0094
vn 0.9935 0.0952 -0.0622
vn 0.9995 0.0302 0.0055
vn 0.9920 0.1036 0.0719
vn -0.4626 0.8857 0.0406
vn -0.9922 0.0161 0.1233
vn -0.9949 0.0087 0.1008
vn -0.9914 0.0183 0.1299
vn -0.4682 0.8797 0.0834
vn -0.4671 0.8816 0.0671
vn -0.4331 0.8904 0.1402
vn -0.8368 0.4329 0.3352
vn -0.4339 0.8931 0.1188
vn -0.4237 0.8865 0.1857
vn -0.4086 0.8854 0.2217
vn 0.4503 0.8907 0.0621
vn 0.9927 0.0071 0.1201
vn 0.4487 0.8920 0.0545
vn 0.9882 0.0133 0.1525
vn 0.9734 0.0081 0.2291
vn 0.4501 0.8870 0.1032
vn 0.8018 0.4932 0.3375
vn 0.4226 0.8944 0.1468
vn 0.4141 0.8995 0.1393
vn 0.5853 0.7814 0.2166
vn 0.5844 0.7898 0.1863
vn 0.5792 0.8020 0.1461
vn 0.4121 0.8903 0.1938
vn -0.9954 0.0068 0.0952
vn -0.9717 0.0124 0.2359
vn -0.9745 0.0092 0.2241
vn -0.9606 0.0078 0.2778
vn 0.5637 0.7187 0.4071
vn 0.5642 0.7151 0.4127
vn 0.5643 0.7139 0.4145
vn 0.4434 -0.8317 0.3341
vn 0.7720 -0.2920 0.5646
vn 0.7415 -0.3027 0.5988
vn 0.7857 -0.2867 0.5481
vn 0.6890 0.4276 0.5851
vn 0.5223 -0.7141 0.4660
vn -0.3930 -0.9169 0.0689
vn -0.3950 -0.9145 0.0876
vn -0.9542 0.0118 0.2991
vn -0.9215 0.0076 0.3882
vn -0.9116 0.0029 0.4111
vn -0.3837 -0.9158 0.1183
vn -0.3664 -0.9174 0.1550
vn -0.3524 -0.9222 0.1593
vn 0.3903 -0.9183 0.0660
vn 0.3793 -0.9236 0.0553
vn 0.0236 0.8993 0.4366
vn 0.0853 0.9179 0.3875
vn 0.0238 0.9023 0.4304
vn -0.0492 0.9182 0.3931
vn -0.0431 0.7758 0.6295
vn 0.9466 0.0071 0.3222
vn 0.9161 0.0081 0.4010
vn 0.9048 0.0103 0.4256
vn 0.9588 0.0127 0.2839
vn 0.3851 -0.9159 0.1130
vn 0.3686 -0.9185 0.1433
vn 0.3511 -0.9231 0.1568
vn -0.1457 0.9214 0.3602
vn -0.1269 0.8625 0.4899
vn -0.1338 0.8534 0.5038
vn -0.5123 0.8581 -0.0349
vn -0.9794 0.1163 0.1648
vn -0.3837 0.9214 0.0612
vn -0.3743 0.9247 0.0691
vn -0.3816 0.9232 0.0452
vn -0.9661 0.1520 0.2088
vn -0.9666 0.2122 0.1437
vn -0.8736 0.4437 0.2000
vn -0.3454 0.9325 0.1051
vn -0.3546 0.9254 0.1340
vn -0.9460 0.1242 0.2994
vn -0.5511 0.8034 0.2257
vn -0.3958 0.9062 0.1487
vn -0.5073 0.8329 0.2212
vn -0.4976 0.8409 0.2128
vn -0.5080 0.8323 0.2218
vn -0.9035 0.1331 0.4075
vn -0.9274 0.1912 0.3215
vn -0.8683 0.1796 0.4625
vn -0.8683 0.2930 0.4002
vn 0.3706 0.9267 0.0623
vn 0.9823 0.1233 0.1408
vn 0.3290 0.9396 0.0950
vn 0.1819 -0.7115 0.6787
vn 0.2237 -0.5507 0.8042
vn 0.1445 0.7134 0.6857
vn 0.1706 0.7642 0.6221
vn 0.1741 0.7739 0.6089
vn 0.1121 0.7366 0.6669
vn 0.2090 0.3838 0.8994
vn 0.0780 -0.8131 0.5768
vn 0.1045 0.7438 0.6602
vn 0.1929 0.0104 0.9812
vn 0.0159 -0.4939 0.8694
vn 0.0360 -0.1330 0.9905
vn 0.0286 -0.1927 0.9808
vn 0.0280 -0.1973 0.9799
vn 0.0370 -0.1253 0.9914
vn 0.0123 0.4702 0.8825
vn 0.9700 0.1763 0.1677
vn 0.8910 0.4175 0.1782
vn 0.3364 0.9342 0.1190
vn 0.9454 0.1388 0.2948
vn 0.9606 0.1213 0.2502
vn 0.9252 0.1076 0.3638
vn 0.8978 0.1510 0.4137
vn 0.8889 0.1159 0.4431
vn 0.5159 0.8286 0.2176
vn 0.3352 0.9268 0.1692
vn 0.3828 0.9144 0.1316
vn 0.4483 0.8765 0.1752
vn 0.4828 0.8401 0.2473
vn 0.4565 0.8708 0.1825
vn 0.9372 0.2156 0.2741
vn 0.8818 0.2157 0.4194
vn -0.9466 0.2965 0.1269
vn -0.9174 0.3005 0.2608
vn -0.8877 0.4161 0.1971
vn -0.8907 0.4450 0.0930
vn -0.8388 0.4292 0.3351
vn -0.8300 0.4927 0.2615
vn -0.7935 0.4899 0.3611
vn -0.8248 0.2614 0.5014
vn -0.7670 0.4129 0.4912
vn 0.8686 0.4757 0.1388
vn 0.8920 0.4232 0.1590
vn 0.8422 0.4800 0.2455
vn 0.8287 0.4781 0.2911
vn 0.8073 0.2872 0.5155
vn 0.8890 0.2956 0.3497
vn 0.9006 0.3267 0.2867
vn 0.8683 0.3573 0.3441
vn 0.7931 0.4981 0.3506
vn 0.7947 0.4220 0.4363
vn 0.9653 0.2477 0.0827
vn 0.9440 0.2922 0.1534
vn -0.0949 -0.6494 0.7545
vn -0.1179 -0.6413 0.7582
vn -0.0568 -0.6618 0.7475
vn -0.0452 0.6499 0.7586
vn -0.1828 0.0072 0.9831
vn -0.1855 0.2767 0.9429
vn -0.1437 -0.7937 0.5912
vn -0.1914 -0.7981 0.5713
vn -0.1848 -0.7976 0.5741
vn -0.1539 -0.6278 0.7630
vn -0.1850 -0.4817 0.8566
vn -0.2099 0.4212 0.8823
vn -0.9966 0.0220 0.0788
vn -0.9859 0.0439 0.1614
vn -0.8569 0.4953 0.1429
vn -0.9718 0.0343 0.2333
vn -0.9448 0.0878 0.3156
vn -0.9322 0.0262 0.3611
vn -0.9099 0.0484 0.4119
vn -0.7546 0.4873 0.4394
vn -0.8950 0.0616 0.4417
vn 0.1428 0.9276 0.3452
vn 0.1686 0.9268 0.3357
vn 0.1885 0.9300 0.3155
vn 0.9880 0.0372 0.1498
vn 0.9716 0.0986 0.2152
vn 0.9573 0.0337 0.2873
vn 0.9298 0.0956 0.3554
vn 0.9125 0.0417 0.4069
vn 0.7433 0.4922 0.4531
vn 0.8934 0.0518 0.4464
vn 0.8882 0.1053 0.4473
vn 0.3706 0.8429 0.3900
vn -0.1453 0.9406 0.3067
vn -0.1162 0.9204 0.3733
vn 0.3308 0.7460 0.5779
vn 0.3305 0.7394 0.5865
vn 0.3316 0.7760 0.5365
vn 0.4233 0.4385 0.7928
vn 0.4416 -0.6090 0.6588
vn 0.3779 -0.6599 0.6494
vn 0.3536 -0.6475 0.6751
vn 0.1940 -0.8239 0.5325
vn 0.3481 -0.6376 0.6872
vn 0.3804 -0.2877 0.8789
vn 0.3992 0.1753 0.9000
vn 0.5641 0.4902 0.6644
vn 0.4509 0.7042 0.5484
vn 0.6115 0.0255 0.7908
vn 0.6125 -0.0059 0.7905
vn 0.6122 0.0061 0.7907
vn 0.6111 0.0358 0.7907
vn 0.4565 -0.5933 0.6631
vn 0.6509 -0.5001 0.5711
vn 0.3925 -0.8126 0.4309
vn -0.2320 -0.8002 0.5530
vn -0.3411 -0.6148 0.7111
vn -0.3991 -0.6285 0.6676
vn -0.3814 -0.6268 0.6795
vn -0.3744 -0.3283 0.8672
vn -0.3984 0.1894 0.8975
vn -0.2857 0.7167 0.6362
vn -0.0017 1.0000 0.0017
vn -0.7244 0.6225 0.2963
vn -0.7271 0.6194 0.2963
vn -0.6493 0.6765 0.3475
vn -0.6684 0.6686 0.3259
vn -0.8848 -0.0106 0.4658
vn -0.1000 -0.9937 0.0506
vn -0.6127 0.6936 0.3789
vn -0.8722 0.0175 0.4889
vn -0.4005 0.8884 0.2243
vn -0.3777 0.8868 0.2662
vn -0.3653 0.8892 0.2754
vn -0.8530 0.0185 0.5216
vn -0.5436 0.4987 0.6751
vn -0.4648 0.6618 0.5882
vn -0.5963 0.1926 0.7794
vn -0.5976 0.1830 0.7806
vn -0.5967 0.1893 0.7798
vn -0.5977 0.1826 0.7807
vn -0.4531 -0.6142 0.6461
vn -0.4559 -0.6106 0.6475
vn -0.3071 0.8958 0.3214
vn -0.3440 0.8889 0.3026
vn -0.2811 0.8898 0.3595
vn -0.7710 0.0080 0.6368
vn -0.7718 0.0084 0.6359
vn -0.7684 0.0067 0.6399
vn -0.2421 0.8940 0.3771
vn 0.3922 0.8913 0.2274
vn 0.3824 0.8922 0.2402
vn 0.3380 0.8949 0.2915
vn 0.3644 0.8916 0.2689
vn 0.2705 0.8867 0.3750
vn 0.2849 0.8967 0.3387
vn 0.2426 0.8840 0.3997
vn 0.3170 0.8925 0.3207
vn 0.6368 0.0077 0.7710
vn 0.7138 0.0103 0.7002
vn 0.7215 0.0121 0.6924
vn 0.2289 -0.9684 0.0993
vn 0.6056 0.7502 0.2653
vn 0.6089 0.7468 0.2675
vn 0.8893 -0.2275 0.3968
vn 0.8585 0.3010 0.4151
vn -0.3360 0.8758 0.3464
vn -0.3941 0.8511 0.3468
vn -0.3854 0.8116 0.4390
vn 0.7787 -0.3071 0.5472
vn 0.8537 0.0093 0.5206
vn -0.6482 -0.4510 0.6135
vn -0.4766 -0.7041 0.5265
vn -0.3366 0.9092 0.2452
vn -0.3945 0.8608 0.3216
vn -0.8744 -0.0038 0.4853
vn -0.8450 0.0116 0.5346
vn -0.3552 -0.9123 0.2037
vn -0.3483 -0.9113 0.2195
vn -0.3302 -0.9158 0.2288
vn -0.2846 -0.9236 0.2567
vn -0.4116 -0.8302 0.3759
vn -0.4155 -0.8305 0.3708
vn -0.4383 -0.8317 0.3408
vn -0.5268 0.7500 0.3999
vn -0.6991 -0.4923 0.5186
vn -0.7329 -0.3576 0.5788
vn -0.7135 0.4128 0.5662
vn -0.7640 0.2639 0.5888
vn 0.8446 0.2951 0.4468
vn 0.8404 0.2834 0.4620
vn 0.8505 0.3132 0.4227
vn 0.8140 -0.2749 0.5117
vn -0.6820 0.0097 0.7313
vn -0.6355 0.0085 0.7720
vn -0.6701 0.0146 0.7422
vn -0.7676 0.0063 0.6409
vn -0.5395 0.0115 0.8419
vn -0.6062 0.0143 0.7952
vn -0.2677 -0.9258 0.2668
vn -0.2384 -0.9178 0.3176
vn -0.2455 -0.9182 0.3108
vn -0.3880 -0.8277 0.4054
vn -0.1976 -0.9174 0.3455
vn 0.3144 -0.9212 0.2292
vn 0.3315 -0.9213 0.2033
vn 0.2804 -0.9243 0.2588
vn 0.6157 0.0119 0.7879
vn 0.5522 0.0072 0.8337
vn 0.7873 0.0084 0.6166
vn 0.8063 0.0133 0.5914
vn 0.2669 -0.9273 0.2624
vn 0.2444 -0.9178 0.3130
vn 0.2198 -0.9219 0.3191
vn 0.8723 0.0079 0.4889
vn 0.3416 -0.9213 0.1859
vn 0.4791 0.8378 0.2617
vn 0.5635 0.7198 0.4054
vn 0.7133 -0.6452 0.2737
vn 0.7061 -0.6395 0.3042
vn 0.7091 -0.6537 0.2641
vn 0.6614 -0.6743 0.3285
vn 0.7070 0.6415 0.2978
vn 0.9236 0.0049 0.3834
vn 0.8538 0.3244 0.4073
vn 0.5898 -0.7435 0.3152
vn 0.6145 -0.7197 0.3232
vn -0.4409 0.8840 0.1553
vn -0.8807 0.1332 0.4545
vn -0.8366 0.1345 0.5310
vn -0.2919 0.9396 0.1788
vn -0.2919 0.9396 0.1787
vn -0.3142 0.9184 0.2404
vn 0.4404 -0.8897 0.1205
vn 0.9167 0.3414 0.2074
vn 0.9593 0.1495 0.2398
vn 0.7790 0.5986 0.1864
vn 0.8202 -0.5377 0.1951
vn 0.8152 -0.5471 0.1902
vn 0.7731 -0.6157 0.1523
vn -0.8134 0.1109 0.5710
vn -0.7943 0.1238 0.5947
vn -0.7478 0.1212 0.6528
vn -0.7840 0.1826 0.5933
vn -0.3145 0.9119 0.2635
vn -0.6633 0.1142 0.7396
vn -0.6997 0.1643 0.6953
vn -0.2451 0.9264 0.2859
vn -0.2407 0.9227 0.3010
vn -0.5975 0.1402 0.7895
vn -0.5768 0.1172 0.8084
vn -0.2690 0.8590 0.4355
vn -0.1966 0.9248 0.3258
vn -0.2167 0.9324 0.2892
vn -0.2128 0.9290 0.3029
vn -0.5119 0.1282 0.8494
vn -0.4975 0.1798 0.8486
vn -0.6283 0.2405 0.7399
vn 0.8162 0.1656 0.5535
vn 0.8041 0.1200 0.5822
vn 0.8521 0.1209 0.5092
vn 0.7484 0.1166 0.6529
vn 0.6581 0.1087 0.7451
vn 0.5851 0.1351 0.7996
vn 0.5646 0.1191 0.8167
vn 0.2428 0.9165 0.3181
vn 0.2264 0.9135 0.3381
vn 0.5135 0.1366 0.8471
vn 0.5856 0.1826 0.7897
vn 0.7055 0.1411 0.6945
vn 0.3160 0.9237 0.2166
vn 0.2724 0.9296 0.2482
vn 0.2890 0.9257 0.2439
vn 0.2696 0.9153 0.2994
vn 0.5079 0.1461 0.8489
vn 0.4507 0.2206 0.8650
vn 0.7317 0.2098 0.6485
vn -0.7392 -0.5419 0.3999
vn 0.3442 0.9266 0.1518
vn 0.3249 0.9232 0.2053
vn 0.4572 0.8423 0.2855
vn -0.4964 0.8419 0.2118
vn -0.8106 0.4558 0.3677
vn -0.6246 0.7238 0.2932
vn -0.9028 -0.0871 0.4212
vn -0.8688 0.2733 0.4130
vn -0.6181 -0.7231 0.3085
vn -0.7368 0.2884 0.6115
vn -0.6347 0.4000 0.6611
vn -0.6741 0.4764 0.5645
vn -0.5690 0.4911 0.6596
vn -0.5001 0.2603 0.8259
vn -0.3967 0.2743 0.8760
vn -0.4427 0.3617 0.8205
vn -0.6641 0.7347 0.1386
vn -0.7165 0.6848 0.1333
vn -0.6573 0.7420 0.1322
vn -0.7326 -0.6557 0.1826
vn -0.8623 0.4564 0.2192
vn -0.8589 -0.4649 0.2148
vn -0.6149 -0.7674 0.1815
vn -0.5967 0.3256 0.7335
vn -0.5695 0.3663 0.7359
vn -0.5389 0.4626 0.7040
vn -0.4195 0.4504 0.7881
vn -0.3421 0.4080 0.8464
vn -0.3577 0.4813 0.8003
vn -0.2537 0.4815 0.8389
vn -0.1484 0.4608 0.8750
vn -0.2729 0.3646 0.8903
vn 0.1290 0.4190 0.8988
vn 0.2824 0.4080 0.8682
vn 0.1456 0.4788 0.8658
vn 0.0146 0.4792 0.8776
vn 0.4020 0.3150 0.8598
vn 0.2851 0.2646 0.9212
vn 0.4429 0.4184 0.7930
vn 0.3490 0.4813 0.8041
vn 0.2840 0.4833 0.8281
vn 0.6837 0.2707 0.6777
vn 0.7295 0.3690 0.5758
vn 0.6115 0.4780 0.6305
vn 0.6167 0.3922 0.6826
vn 0.6703 0.4712 0.5732
vn 0.5528 0.2944 0.7796
vn 0.5392 0.3761 0.7536
vn 0.6499 0.7559 0.0789
vn 0.5914 0.7974 0.1197
vn 0.5955 0.7944 0.1199
vn 0.9852 0.1454 0.0904
vn 0.6165 0.7798 0.1089
vn 0.6686 0.7410 0.0621
vn 0.6227 -0.7763 0.0982
vn 0.5991 -0.7974 0.0718
vn 0.6289 -0.7703 0.1055
vn 0.7671 -0.6245 0.1471
vn -0.8057 0.1174 0.5805
vn -0.8192 0.0479 0.5715
vn -0.7702 0.0729 0.6336
vn -0.8169 0.0445 0.5750
vn -0.6747 0.0966 0.7317
vn -0.7137 0.0323 0.6997
vn -0.6504 0.0307 0.7590
vn -0.5607 0.0774 0.8244
vn -0.7596 0.1483 0.6332
vn 0.8825 0.4702 -0.0130
vn 0.8837 0.4680 -0.0018
vn 0.8869 0.4608 0.0334
vn 0.7891 -0.6143 -0.0030
vn 0.7793 -0.6266 -0.0085
vn 0.7285 -0.6817 -0.0672
vn 0.8735 -0.4868 0.0073
vn 0.9481 -0.3108 0.0675
vn 0.5924 -0.8030 0.0645
vn -0.5609 0.1415 0.8157
vn -0.5160 0.0376 0.8558
vn -0.5002 0.5183 0.6937
vn -0.4060 0.4748 0.7808
vn -0.4036 0.0377 0.9142
vn -0.4073 0.1033 0.9075
vn -0.2927 0.0398 0.9554
vn -0.2351 0.0994 0.9669
vn 0.5360 0.8437 -0.0284
vn 0.5451 0.8378 -0.0317
vn 0.6040 0.7918 -0.0904
vn -0.1563 0.0858 0.9840
vn -0.2056 0.0411 0.9778
vn -0.1245 0.5134 0.8491
vn -0.0085 0.0713 0.9974
vn -0.0390 0.0237 0.9990
vn -0.0596 0.0559 0.9967
vn -0.0160 0.0411 0.9990
vn 0.8779 0.4765 -0.0473
vn 0.7297 -0.6762 -0.1012
vn 0.6123 0.7852 -0.0921
vn 0.6308 0.7628 -0.1421
vn 0.9814 0.1588 -0.1076
vn 0.9766 0.1865 -0.1071
vn 0.9847 0.1370 -0.1079
vn 0.9899 0.0917 -0.1083
vn 0.7374 -0.6627 -0.1305
vn 0.8538 -0.4936 -0.1654
vn 0.0856 0.0060 0.9963
vn 0.2138 0.4745 0.8539
vn 0.2404 0.0600 0.9688
vn 0.1721 0.0528 0.9837
vn 0.2053 0.1000 0.9736
vn 0.1560 0.1201 0.9804
vn 0.4003 0.0334 0.9158
vn 0.3259 0.1006 0.9400
vn 0.3275 0.0408 0.9440
vn 0.4184 0.0971 0.9030
vn 0.4504 0.0217 0.8926
vn 0.4342 0.5094 0.7429
vn 0.4707 0.5154 0.7161
vn -0.9476 0.3124 0.0669
vn -0.6089 -0.7903 0.0691
vn -0.6194 -0.7826 0.0617
vn -0.6532 -0.7563 0.0371
vn -0.9936 -0.0512 0.1007
vn -0.9606 -0.1889 0.2038
vn -0.7301 0.6731 0.1179
vn 0.7827 0.1066 0.6132
vn 0.7500 0.0701 0.6577
vn 0.7706 0.0451 0.6357
vn 0.7098 0.0198 0.7041
vn 0.6039 0.4943 0.6253
vn 0.6344 0.4480 0.6299
vn 0.5838 0.0537 0.8101
vn 0.5981 0.0963 0.7956
vn 0.5795 0.0582 0.8129
vn 0.7221 0.4817 0.4965
vn 0.8205 0.0387 0.5704
vn 0.7759 0.1330 0.6167
vn -0.3889 0.9211 -0.0184
vn -0.3870 0.9220 0.0125
vn 0.4915 0.5414 0.6821
vn 0.5755 0.0733 0.8145
vn -0.6636 -0.7476 0.0293
vn -0.8654 -0.5010 0.0128
vn -0.6331 0.7737 0.0245
vn -0.7484 0.6591 0.0743
vn 0.0029 0.9998 0.0174
vn -0.0028 0.9999 0.0133
vn -0.3153 0.7190 0.6194
vn -0.3170 0.7163 0.6216
vn -0.3071 0.7316 0.6086
vn -0.3734 0.5371 0.7564
vn -0.4336 -0.2683 0.8602
vn -0.4316 -0.2709 0.8604
vn -0.4272 -0.2723 0.8622
vn -0.3407 -0.2138 0.9155
vn -0.3325 -0.1929 0.9232
vn -0.3400 -0.2399 0.9093
vn -0.5547 -0.8318 -0.0169
vn -0.9147 -0.4000 -0.0574
vn -0.9238 0.3716 -0.0925
vn -0.9427 0.3229 -0.0845
vn -0.9223 0.3750 -0.0931
vn -0.7537 0.6531 -0.0734
vn -0.9453 0.3155 -0.0833
vn -0.2447 0.8950 0.3730
vn -0.1807 0.8936 0.4110
vn -0.1916 0.9042 0.3818
vn -0.4537 0.0005 0.8911
vn -0.5000 0.0195 0.8658
vn -0.3013 0.7403 0.6010
vn -0.1811 0.8323 0.5239
vn -0.1118 0.8867 0.4487
vn -0.2846 -0.2566 0.9237
vn -0.2953 0.0071 0.9554
vn -0.3574 0.0089 0.9339
vn -0.3668 0.0061 0.9303
vn -0.1371 0.8891 0.4368
vn -0.2223 0.0065 0.9750
vn -0.2325 0.0101 0.9726
vn -0.0752 0.8913 0.4470
vn -0.0298 0.8938 0.4475
vn -0.0281 0.8982 0.4387
vn -0.5544 0.8243 -0.1147
vn -0.5921 0.7970 -0.1194
vn -0.5700 0.8133 -0.1166
vn -0.6648 -0.7386 -0.1116
vn -0.7553 -0.6436 -0.1240
vn -0.9294 -0.2889 -0.2294
vn -0.5287 0.8414 -0.1115
vn -0.0031 0.9997 0.0232
vn 0.0003 0.9999 0.0102
vn -0.0001 1.0000 0.0025
vn 0.3382 -0.2604 0.9043
vn 0.3608 -0.2710 0.8924
vn 0.2951 -0.2645 0.9181
vn 0.3887 -0.3082 0.8683
vn 0.0183 0.8925 0.4506
vn 0.0507 0.8934 0.4463
vn 0.1377 0.8887 0.4374
vn 0.0806 0.8920 0.4447
vn 0.1181 0.8886 0.4433
vn 0.0432 0.0086 0.9990
vn 0.0964 0.0088 0.9953
vn 0.0685 0.0151 0.9975
vn 0.2903 0.0077 0.9569
vn 0.2128 0.0086 0.9770
vn 0.2275 0.0143 0.9737
vn 0.4153 0.0334 0.9091
vn 0.3525 0.0085 0.9358
vn 0.1868 0.8898 0.4164
vn 0.1937 0.8824 0.4288
vn -0.0049 0.9996 0.0265
vn 0.0009 1.0000 0.0010
vn 0.3595 0.6342 0.6845
vn 0.4268 -0.3070 0.8506
vn 0.4150 -0.3144 0.8538
vn 0.3922 0.2515 0.8848
vn 0.3391 0.4924 0.8016
vn 0.3219 0.5118 0.7965
vn 0.2679 0.5630 0.7819
vn 0.2405 0.8742 0.4219
vn 0.2862 0.8250 0.4874
vn 0.4684 0.0184 0.8833
vn -0.4888 0.0046 0.8724
vn -0.1922 -0.9173 0.3487
vn -0.1757 -0.9124 0.3697
vn -0.1220 -0.9230 0.3648
vn -0.2909 0.8070 0.5139
vn -0.2960 0.0104 0.9551
vn -0.1019 0.0146 0.9947
vn -0.0638 0.0120 0.9979
vn -0.0084 0.0112 0.9999
vn -0.0729 0.0053 0.9973
vn -0.1069 -0.9277 0.3578
vn -0.0620 -0.9150 0.3986
vn -0.0437 -0.9162 0.3983
vn -0.3682 0.3414 0.8648
vn 0.0025 -0.9170 0.3988
vn -0.0058 -0.9186 0.3952
vn 0.3935 0.0118 0.9192
vn 0.2747 0.0119 0.9615
vn 0.0477 -0.9139 0.4031
vn 0.1177 -0.9238 0.3644
vn 0.0921 -0.9224 0.3751
vn 0.1506 -0.9183 0.3662
vn 0.1774 -0.9199 0.3496
vn 0.3332 0.3303 0.8831
vn 0.4915 0.0124 0.8708
vn 0.2017 -0.9183 0.3405
vn 0.3317 0.7824 0.5271
vn -0.4192 0.5967 0.6843
vn -0.4330 0.1318 0.8917
vn 0.0043 0.8654 -0.5010
vn -0.0614 0.7635 -0.6428
vn -0.1076 0.8480 -0.5189
vn -0.2886 0.5915 0.7529
vn -0.3266 0.1251 0.9368
vn -0.3594 0.1707 0.9174
vn -0.2385 0.1718 0.9558
vn -0.1090 0.9137 0.3915
vn -0.0897 0.9166 0.3897
vn -0.1915 0.1241 0.9736
vn -0.1116 0.5802 0.8068
vn -0.1296 0.1914 0.9729
vn -0.0445 0.1269 0.9909
vn -0.3128 0.2619 0.9130
vn 0.0329 0.2030 0.9786
vn -0.0670 0.2805 0.9575
vn 0.1342 0.1189 0.9838
vn 0.0688 0.1401 0.9877
vn 0.0422 0.9129 0.4060
vn 0.0354 0.8957 0.4433
vn 0.1836 0.1840 0.9656
vn 0.1841 0.8333 0.5213
vn 0.3756 0.0904 0.9223
vn 0.3471 0.1408 0.9272
vn 0.2837 0.1195 0.9514
vn 0.1273 0.9169 0.3783
vn 0.1674 0.8744 0.4555
vn 0.3047 0.1865 0.9340
vn 0.1534 0.7646 -0.6259
vn 0.2830 0.4526 -0.8456
vn 0.1154 0.7149 -0.6896
vn 0.1546 -0.7031 -0.6941
vn 0.2010 -0.4702 -0.8594
vn 0.0765 -0.7854 -0.6142
vn 0.1110 0.7033 -0.7022
vn 0.1836 -0.1056 -0.9773
vn 0.1871 0.1887 -0.9640
vn 0.1210 0.5529 -0.8244
vn 0.0289 -0.4945 -0.8687
vn 0.0060 -0.4633 -0.8862
vn 0.0005 -0.4558 -0.8901
vn -0.0740 -0.8130 -0.5776
vn -0.0696 0.6721 -0.7371
vn 0.0337 -0.5009 -0.8648
vn -0.0290 -0.1369 -0.9902
vn -0.0124 0.3489 -0.9371
vn -0.1760 -0.1821 -0.9674
vn -0.1940 0.2412 -0.9509
vn -0.1466 -0.7126 -0.6861
vn -0.1873 -0.4794 -0.8574
vn 0.3606 0.5424 0.7588
vn 0.3430 0.7855 0.5151
vn -0.2178 0.7242 -0.6543
vn -0.2601 0.5062 -0.8222
vn -0.1684 0.2380 0.9565
vn -0.1294 0.3315 0.9345
vn -0.0210 0.4011 0.9158
vn 0.1322 0.3082 0.9421
vn -0.5295 -0.8396 -0.1213
vn -0.9615 0.1706 -0.2152
vn -0.8606 -0.4079 -0.3048
vn -0.8030 0.5445 -0.2422
vn -0.7877 0.5416 -0.2935
vn -0.7894 0.5420 -0.2883
vn -0.6505 -0.6953 -0.3056
vn -0.6874 -0.6669 -0.2875
vn -0.7016 -0.6552 -0.2802
vn -0.7727 0.5379 -0.3370
vn -0.8862 0.1968 -0.4195
vn -0.8755 0.2465 -0.4156
vn -0.8634 0.2927 -0.4109
vn -0.8613 0.3000 -0.4101
vn -0.6377 -0.7045 -0.3115
vn -0.7259 -0.5251 -0.4443
vn -0.7146 -0.5110 -0.4777
vn -0.7355 -0.5377 -0.4122
vn -0.5350 0.7367 -0.4135
vn -0.4378 -0.8284 -0.3493
vn -0.7516 -0.2914 -0.5918
vn -0.7030 -0.4971 -0.5086
vn -0.7185 0.4096 -0.5621
vn -0.7219 0.4016 -0.5636
vn -0.7444 0.3434 -0.5727
vn -0.7465 0.3375 -0.5735
vn -0.3476 0.8626 -0.3676
vn -0.6510 -0.4353 -0.6219
vn -0.4621 -0.7317 -0.5011
vn -0.4480 -0.7537 -0.4808
vn -0.4553 -0.7426 -0.4912
vn -0.4676 -0.7227 -0.5090
vn -0.5641 0.4902 -0.6644
vn -0.4227 0.7431 -0.5188
vn -0.5961 0.1938 -0.7792
vn -0.6111 0.0358 -0.7908
vn -0.4665 -0.5894 -0.6595
vn -0.4089 -0.6575 -0.6329
vn -0.4574 -0.6009 -0.6556
vn -0.3997 -0.6675 -0.6282
vn 0.4363 0.4179 -0.7969
vn 0.2241 -0.8106 -0.5410
vn 0.3411 -0.6148 -0.7111
vn 0.3744 -0.3284 -0.8672
vn 0.4027 0.0614 -0.9133
vn -0.3445 -0.5973 -0.7243
vn -0.3744 -0.3285 -0.8671
vn -0.4027 0.0615 -0.9133
vn -0.4363 0.4179 -0.7969
vn 0.5641 0.4902 -0.6645
vn 0.4227 0.7431 -0.5188
vn 0.5961 0.1938 -0.7792
vn 0.6111 0.0357 -0.7908
vn 0.4372 -0.6476 -0.6241
vn 0.4409 -0.6427 -0.6265
vn 0.4365 -0.6485 -0.6236
vn 0.4415 -0.6419 -0.6269
vn 0.3864 0.8442 -0.3715
vn 0.4831 -0.7596 -0.4355
vn 0.5333 -0.6865 -0.4943
vn 0.4970 -0.7410 -0.4516
vn 0.6334 -0.5235 -0.5698
vn 0.5392 -0.6768 -0.5013
vn 0.5895 -0.7968 -0.1328
vn 0.6342 0.7595 -0.1444
vn 0.8387 0.5065 -0.2001
vn 0.9347 -0.1787 -0.3073
vn 0.9359 -0.1707 -0.3083
vn 0.9367 -0.1648 -0.3090
vn 0.9124 0.3008 -0.2775
vn 0.9339 -0.1839 -0.3067
vn 0.6721 -0.6868 -0.2766
vn 0.6657 -0.6702 -0.3280
vn 0.6690 -0.6782 -0.3041
vn 0.7269 0.5996 -0.3348
vn 0.6260 0.7224 -0.2937
vn 0.8970 0.0712 -0.4363
vn 0.8599 0.2728 -0.4315
vn 0.6617 -0.6608 -0.3543
vn 0.7400 -0.5303 -0.4137
vn 0.3073 0.9271 -0.2148
vn 0.4839 0.7957 -0.3643
vn 0.4879 0.7923 -0.3664
vn 0.7676 -0.2183 -0.6026
vn 0.7134 0.4129 -0.5662
vn 0.7640 0.2639 -0.5888
vn -0.0053 1.0000 0.0053
vn 0.0004 1.0000 0.0012
vn 0.4750 0.7867 0.3942
vn 0.4656 0.7705 0.4354
vn 0.4533 0.7587 0.4679
vn 0.6130 -0.4930 0.6174
vn 0.4524 0.7594 0.4677
vn -0.0005 1.0000 0.0030
vn 0.4489 0.6806 0.5790
vn 0.6175 -0.2464 0.7470
vn 0.6222 0.1298 0.7720
vn 0.5132 0.4755 0.7146
vn 0.5363 -0.3617 0.7626
vn 0.5428 -0.3664 0.7557
vn 0.5398 -0.3642 0.7589
vn 0.5701 0.2739 0.7746
vn 0.5329 -0.3592 0.7661
vn 0.0117 0.9995 -0.0278
vn 0.4999 -0.1880 0.8455
vn 0.4991 -0.1785 0.8480
vn 0.4965 -0.1747 0.8503
vn 0.4974 -0.1741 0.8499
vn 0.4947 -0.1726 0.8518
vn -0.0201 0.9758 -0.2177
vn -0.0111 0.9997 0.0238
vn -0.0372 0.9976 0.0585
vn -0.0022 0.9999 0.0155
vn -0.0006 0.9963 0.0863
vn -0.0201 0.9995 0.0229
vn 0.0032 0.9951 0.0987
vn 0.0002 1.0000 0.0091
vn 0.0004 0.9999 0.0100
vn -0.0002 1.0000 0.0083
vn -0.2916 -0.2924 0.9108
vn -0.3243 0.3968 0.8587
vn -0.2410 -0.2509 0.9375
vn -0.2028 0.4299 0.8798
vn -0.2147 0.5200 0.8267
vn -0.2138 0.5130 0.8314
vn -0.1842 0.6601 0.7282
vn -0.1946 -0.1461 0.9699
vn -0.2011 0.4178 0.8860
vn -0.1195 -0.1775 0.9768
vn -0.1328 -0.1806 0.9745
vn -0.0354 0.7224 0.6905
vn -0.0435 0.7343 0.6774
vn -0.0752 0.7787 0.6229
vn -0.0406 0.5219 0.8521
vn -0.0396 0.5160 0.8557
vn -0.0331 0.4781 0.8777
vn 0.0288 -0.3482 0.9370
vn 0.0014 -0.4250 0.9052
vn -0.0018 -0.4339 0.9010
vn -0.0762 -0.1928 0.9783
vn -0.0308 0.4643 0.8852
vn 0.0002 1.0000 0.0095
vn 0.1729 -0.7971 0.5786
vn 0.0172 0.9992 0.0364
vn 0.0135 0.8049 0.5933
vn 0.0417 0.7830 0.6206
vn 0.0768 0.7658 0.6384
vn 0.0375 -0.3232 0.9456
vn 0.0989 0.3519 0.9308
vn 0.0876 0.3342 0.9384
vn 0.0843 0.3289 0.9406
vn 0.1185 0.6921 0.7120
vn 0.1258 0.6686 0.7329
vn 0.1021 0.3569 0.9286
vn 0.2777 -0.2898 0.9159
vn 0.2307 -0.2027 0.9517
vn 0.2468 0.5700 0.7837
vn 0.2425 0.5653 0.7885
vn 0.2148 -0.2080 0.9543
vn 0.1887 -0.2710 0.9439
vn 0.1761 -0.3012 0.9372
vn 0.2143 0.0635 0.9747
vn -0.0833 0.7894 0.6082
vn 0.5759 0.7173 0.3922
vn 0.7754 -0.3007 0.5553
vn 0.7496 0.2759 0.6017
vn 0.7467 0.3988 0.5324
vn 0.7694 -0.1556 0.6196
vn 0.6806 0.3980 0.6151
vn 0.4822 0.8013 0.3541
vn -0.0017 0.0006 1.0000
vn -0.0024 -0.0038 1.0000
vn 0.0007 -0.0356 0.9994
vn 0.0002 0.0018 1.0000
vn 0.0001 0.7648 0.6442
vn -0.0024 0.7108 0.7034
vn -0.0006 0.7395 0.6732
vn -0.0001 1.0000 0.0081
vn -0.0005 0.9833 0.1822
vn 0.0008 -0.0612 0.9981
vn 0.0001 0.0018 1.0000
vn -0.0013 -0.0496 0.9988
vn 0.0021 0.0038 1.0000
vn 0.0046 -0.0792 0.9969
vn 0.0002 0.7650 0.6441
vn 0.0009 0.9501 0.3118
vn 0.0009 0.9507 0.3102
vn 0.0009 0.9508 0.3097
vn 0.0009 0.9509 0.3097
vn -0.0019 0.6362 0.7715
vn 0.0010 0.2763 0.9611
vn -0.0000 -0.0987 0.9951
vn 0.0012 -0.1249 0.9922
vn -0.0070 -0.0007 -1.0000
vn -0.0069 -0.0000 -1.0000
vn -0.0147 -0.0045 -0.9999
vn 0.0029 -0.0036 -1.0000
vn 0.0630 0.0035 -0.9980
vn 0.0303 -0.0045 -0.9995
vn 0.1338 0.0125 -0.9909
vn 0.9750 -0.0012 -0.2220
vn 0.9761 -0.0019 -0.2173
vn 0.9805 -0.0514 -0.1895
vn 0.7836 0.0038 -0.6213
vn 0.7326 0.0124 -0.6806
vn 0.7932 0.0021 -0.6090
vn 0.4180 -0.0184 -0.9083
vn -0.0142 0.6566 -0.7541
vn 0.0006 0.8240 -0.5666
vn 0.0009 0.9839 -0.1785
vn 0.8276 0.5366 -0.1648
vn 0.6095 0.7241 -0.3229
vn 0.7280 0.0132 -0.6854
vn 0.6887 0.3105 -0.6552
vn 0.1248 0.7045 -0.6987
vn 0.1159 0.6650 -0.7378
vn 0.1261 0.7103 -0.6925
vn 0.1144 0.6580 -0.7443
vn 1.0000 0.0089 -0.0042
vn 1.0000 0.0076 -0.0030
vn 1.0000 0.0051 -0.0022
vn 1.0000 -0.0031 0.0011
vn 0.7415 0.6710 -0.0019
vn 0.7427 0.6696 -0.0020
vn 1.0000 0.0013 0.0026
vn 1.0000 -0.0066 -0.0011
vn 1.0000 0.0022 0.0026
vn 0.8043 0.5941 0.0095
vn 0.9774 -0.0060 0.2113
vn 0.9787 -0.0069 0.2054
vn 0.9686 -0.0004 0.2486
vn -0.0012 -0.1625 0.9867
vn 0.0077 -0.0944 0.9955
vn 0.0136 -0.1455 0.9893
vn 0.0067 -0.0890 0.9960
vn -0.0490 -0.0251 0.9985
vn -0.0174 -0.0000 0.9998
vn 0.0045 0.0044 1.0000
vn 0.0050 0.0039 1.0000
vn 0.7797 -0.0063 0.6261
vn 0.7362 0.0015 0.6767
vn 0.7746 -0.0053 0.6324
vn 0.4208 -0.0159 0.9070
vn 0.1532 0.0224 0.9879
vn -0.0024 0.7103 0.7039
vn 0.8625 0.4819 0.1549
vn 0.5917 0.7403 0.3190
vn 0.7321 0.0022 0.6812
vn 0.6738 0.3786 0.6345
vn 0.1666 0.6884 0.7059
vn -0.6071 0.1941 -0.7705
vn -0.6040 0.2169 -0.7669
vn -0.4669 0.5144 -0.7193
vn -0.2957 0.7435 -0.5998
vn -0.3813 0.7354 -0.5602
vn -0.4330 0.7739 -0.4622
vn -0.3221 0.7931 -0.5169
vn -0.2473 0.7939 -0.5555
vn -0.1263 0.7593 -0.6384
vn -0.7957 0.1556 -0.5853
vn -0.8446 0.1699 -0.5077
vn -0.6336 0.4544 -0.6262
vn -0.5668 0.7588 -0.3209
vn -0.5307 0.7333 -0.4250
vn -0.6113 0.7095 -0.3505
vn -0.5054 0.7186 -0.4777
vn -0.3629 0.8126 -0.4560
vn -0.9214 0.1640 -0.3524
vn -0.4600 0.8027 -0.3796
vn 0.6343 0.1510 -0.7582
vn 0.5238 0.4167 -0.7430
vn 0.5997 0.2968 -0.7432
vn 0.6163 0.5051 -0.6042
vn 0.2604 0.8010 -0.5391
vn 0.3364 0.7808 -0.5264
vn 0.1877 0.7549 -0.6284
vn 0.3172 0.8151 -0.4848
vn 0.4048 0.6944 -0.5950
vn 0.8395 0.1705 -0.5160
vn 0.7667 0.1472 -0.6249
vn 0.8009 0.1246 -0.5857
vn 0.3990 0.7926 -0.4610
vn 0.4983 0.7687 -0.4010
vn 0.4522 0.7569 -0.4718
vn 0.5328 0.7268 -0.4335
vn 0.8874 0.1536 -0.4346
vn 0.5695 0.7663 -0.2973
vn 0.5910 0.7227 -0.3584
vn 0.4967 0.8110 -0.3092
vn -0.2033 0.7860 -0.5839
vn -0.1789 0.4058 -0.8963
vn -0.2732 0.4059 -0.8721
vn -0.2214 0.4421 -0.8692
vn -0.0685 0.8114 -0.5804
vn 0.0270 0.7676 -0.6403
vn -0.4805 0.4048 -0.7780
vn -0.5292 0.3958 -0.7506
vn -0.4717 0.4322 -0.7686
vn -0.3701 0.4525 -0.8113
vn -0.5009 0.8055 -0.3166
vn -0.6203 0.4388 -0.6501
vn -0.6343 0.4155 -0.6520
vn -0.6808 0.4655 -0.5655
vn -0.6331 0.4143 -0.6539
vn 0.0817 0.8098 -0.5810
vn 0.1083 0.4121 -0.9047
vn 0.1616 0.4257 -0.8903
vn 0.2060 0.4063 -0.8902
vn 0.1825 0.8066 -0.5623
vn 0.5015 0.4072 -0.7634
vn 0.4099 0.4075 -0.8160
vn 0.4501 0.4493 -0.7717
vn 0.5287 0.4354 -0.7286
vn 0.5262 0.4121 -0.7438
vn 0.4423 0.7997 -0.4060
vn 0.6543 0.4381 -0.6164
vn 0.6886 0.4091 -0.5987
vn 0.6343 0.4016 -0.6606
vn -0.3759 0.1543 -0.9137
vn -0.3651 0.1619 -0.9168
vn 0.5062 0.0570 -0.8605
vn 0.3264 0.1581 -0.9319
vn 0.4140 0.1619 -0.8958
vn 0.4352 0.1651 -0.8851
vn 0.4229 0.1723 -0.8896
vn -0.3906 0.6838 -0.6163
vn -0.2524 0.6929 -0.6754
vn -0.1981 0.7137 -0.6719
vn -0.0797 0.7100 -0.6997
vn 0.1257 0.7123 -0.6905
vn 0.1440 0.6916 -0.7078
vn 0.1288 0.6968 -0.7056
vn 0.2722 0.7273 -0.6301
vn 0.2537 0.7067 -0.6605
vn 0.2705 0.7398 -0.6161
vn -0.3937 0.4065 -0.8245
vn -0.1645 0.4585 -0.8733
vn -0.7450 0.4136 -0.5234
vn -0.8034 0.4329 -0.4089
vn 0.0503 0.4617 -0.8856
vn 0.0051 0.3996 -0.9167
vn 0.3528 0.4068 -0.8426
vn 0.3516 0.4481 -0.8219
vn 0.6622 0.4876 -0.5690
vn 0.7382 0.4075 -0.5377
vn 0.8431 0.4586 -0.2809
vn -0.9644 0.1510 -0.2172
vn -0.6366 0.7563 -0.1508
vn -0.6527 0.7164 -0.2463
vn -0.5562 0.7967 -0.2365
vn 0.5496 0.8014 -0.2361
vn 0.6408 0.7478 -0.1740
vn 0.6967 0.7009 -0.1530
vn 0.6380 0.7175 -0.2794
vn -0.6810 0.7306 -0.0500
vn -0.6995 0.6966 -0.1595
vn 0.9705 0.1526 -0.1866
vn 0.5902 0.8017 -0.0945
vn 0.6385 0.7693 -0.0240
vn -0.5686 0.8037 -0.1753
vn -0.7743 0.4041 -0.4870
vn 0.5711 0.8022 -0.1742
vn -0.8409 0.4025 -0.3617
vn 0.8322 0.4077 -0.3759
vn 0.8032 0.4190 -0.4233
vn 0.8507 0.4400 -0.2877
vn 0.7985 0.4356 -0.4156
vn -0.6028 0.7978 -0.0153
vn -0.5997 0.7959 -0.0833
vn -0.8708 0.4124 -0.2675
vn -0.8544 0.4326 -0.2877
vn 0.9024 0.4095 -0.1341
vn 0.8787 0.3980 -0.2635
vn -0.9855 0.1608 -0.0539
vn -0.6481 0.7613 0.0204
vn 0.9878 0.1557 -0.0074
vn 0.9877 0.1561 -0.0081
vn 0.9786 0.1475 -0.1435
vn 0.6876 0.7248 0.0430
vn 0.6890 0.7227 -0.0558
vn -0.9851 0.1553 0.0744
vn -0.9734 0.1307 0.1879
vn -0.7005 0.7103 0.0682
vn -0.7279 0.6656 0.1650
vn 0.9694 0.1492 0.1950
vn 0.9792 0.1550 0.1307
vn 0.6350 0.7636 0.1172
vn -0.8979 0.4379 0.0453
vn -0.9087 0.4128 -0.0623
vn -0.9174 0.3980 -0.0036
vn -0.8884 0.4046 -0.2170
vn 0.5887 0.8083 0.0076
vn -0.8926 0.4431 -0.0839
vn 0.8851 0.4646 -0.0265
vn 0.9150 0.4034 0.0038
vn -0.5728 0.8181 0.0511
vn -0.9037 0.3971 0.1602
vn 0.9116 0.4064 0.0616
vn 0.5895 0.8013 0.1021
vn 0.8694 0.4148 0.2687
vn 0.8835 0.4111 0.2244
vn 0.8694 0.4644 0.1689
vn -0.8506 0.4614 0.2522
vn -0.8570 0.4456 0.2589
vn -0.5693 0.5242 -0.6333
vn -0.4360 0.4766 -0.7634
vn -0.7356 0.4998 -0.4574
vn -0.8153 0.4693 -0.3392
vn 0.4721 0.5203 -0.7117
vn -0.2589 0.5207 -0.8135
vn 0.0638 0.4845 -0.8724
vn 0.3459 0.5522 -0.7586
vn -0.8688 0.4951 0.0018
vn -0.8557 0.5044 -0.1158
vn 0.8602 0.4971 -0.1137
vn -0.7370 0.6554 0.1652
vn -0.7428 0.6396 0.1979
vn -0.5905 0.7799 0.2074
vn -0.5805 0.7928 0.1857
vn -0.5927 0.7938 0.1363
vn 0.9468 0.1521 0.2837
vn 0.6912 0.7099 0.1353
vn 0.6557 0.7238 0.2150
vn -0.8008 0.5646 0.1999
vn -0.9355 0.1493 0.3202
vn -0.9014 0.1533 0.4049
vn -0.8948 0.1186 0.4305
vn -0.5583 0.7726 0.3022
vn 0.9034 0.1566 0.3992
vn 0.5735 0.7753 0.2644
vn 0.6419 0.7120 0.2847
vn 0.5940 0.7192 0.3605
vn -0.6181 0.7677 0.1694
vn -0.8680 0.4005 0.2934
vn 0.5996 0.7836 0.1627
vn 0.8114 0.4740 0.3421
vn 0.8336 0.4141 0.3655
vn -0.5433 0.8038 0.2422
vn -0.4965 0.8051 0.3245
vn 0.7953 0.4339 0.4233
vn 0.5230 0.8227 0.2228
vn 0.5106 0.7879 0.3442
vn -0.8249 0.4102 0.3890
vn -0.7517 0.4380 0.4930
vn -0.7876 0.4954 0.3665
vn -0.7771 0.4008 0.4853
vn 0.8078 0.4086 0.4248
vn -0.8826 0.1741 0.4368
vn -0.5837 0.7291 0.3572
vn -0.5845 0.7561 0.2942
vn -0.4844 0.7584 0.4360
vn 0.8674 0.1711 0.4672
vn 0.4561 0.7998 0.3902
vn 0.5053 0.7546 0.4185
vn -0.8112 0.1824 0.5556
vn -0.6747 0.5008 0.5422
vn 0.7960 0.1816 0.5774
vn -0.5656 0.6898 0.4520
vn -0.3510 0.7525 0.5573
vn -0.3019 0.8052 0.5104
vn -0.3952 0.8004 0.4508
vn 0.3938 0.7991 0.4542
vn 0.3004 0.8080 0.5069
vn 0.3586 0.7694 0.5286
vn 0.4462 0.7288 0.5194
vn 0.5394 0.6922 0.4796
vn -0.4675 0.8049 0.3654
vn -0.7124 0.4087 0.5704
vn -0.6820 0.4125 0.6039
vn -0.6814 0.4328 0.5902
vn 0.6457 0.4103 0.6440
vn 0.6919 0.4083 0.5954
vn 0.5947 0.4641 0.6565
vn 0.6870 0.4373 0.5804
vn 0.7440 0.3961 0.5381
vn -0.5207 0.4246 0.7407
vn -0.5286 0.4086 0.7440
vn -0.4852 0.4037 0.7756
vn -0.3778 0.4081 0.8311
vn -0.4162 0.4323 0.7999
vn 0.4819 0.4105 0.7741
vn 0.5239 0.4131 0.7449
vn 0.4517 0.4578 0.7658
vn 0.3911 0.4085 0.8247
vn 0.3245 0.4455 0.8344
vn -0.6834 0.5301 0.5020
vn -0.6581 0.4836 0.5770
vn 0.7213 0.5285 0.4476
vn -0.4845 0.4937 0.7222
vn -0.6762 0.1566 0.7199
vn -0.5263 0.4473 0.7231
vn 0.6105 0.1371 0.7801
vn 0.6398 0.1780 0.7476
vn 0.6208 0.2556 0.7411
vn 0.5303 0.4001 0.7475
vn -0.2463 0.5155 0.8207
vn -0.2250 0.4401 0.8693
vn -0.1563 0.4666 0.8706
vn -0.2782 0.4909 0.8256
vn -0.1346 0.4338 0.8909
vn 0.0979 0.5124 0.8532
vn 0.0618 0.5143 0.8554
vn 0.1673 0.4473 0.8786
vn 0.0471 0.4157 0.9083
vn 0.3114 0.5380 0.7833
vn 0.2936 0.5431 0.7866
vn -0.4258 0.7308 0.5335
vn -0.4244 0.6892 0.5872
vn -0.2153 0.7636 0.6087
vn 0.2569 0.7992 0.5434
vn 0.2160 0.7528 0.6218
vn 0.3378 0.7249 0.6004
vn -0.4322 -0.0439 0.9007
vn -0.1860 0.8088 0.5579
vn -0.3472 0.4266 0.8351
vn -0.2027 0.4025 0.8927
vn -0.1817 0.4080 0.8947
vn -0.1397 0.8028 0.5796
vn -0.1396 0.8027 0.5798
vn 0.1046 0.3926 0.9137
vn -0.0096 0.3645 0.9312
vn -0.0101 0.8141 0.5807
vn -0.0104 0.8144 0.5802
vn -0.0107 0.8146 0.5799
vn -0.0112 0.8150 0.5793
vn 0.2756 0.4056 0.8715
vn 0.1788 0.8044 0.5665
vn 0.1318 0.7951 0.5920
vn 0.0774 0.7447 0.6629
vn -0.4664 0.1567 0.8706
vn -0.4034 0.1699 0.8991
vn -0.2939 0.1593 0.9425
vn 0.4037 0.1621 0.9004
vn 0.2956 0.1585 0.9421
vn 0.4709 0.1614 0.8673
vn 0.4560 0.1633 0.8748
vn -0.2794 0.7160 0.6398
vn -0.2979 0.7187 0.6283
vn -0.2068 0.7164 0.6664
vn -0.1338 0.7219 0.6790
vn -0.0862 0.7210 0.6876
vn -0.0073 0.7130 0.7011
vn 0.1128 0.7173 0.6876
vn 0.2158 0.6935 0.6874
vn 0.2883 0.7052 0.6478
vn -0.2044 0.1394 -0.9689
vn -0.2256 0.1585 -0.9613
vn 0.0499 0.1422 -0.9886
vn -0.0181 0.1581 -0.9873
vn -0.0217 0.7073 -0.7066
vn -0.4724 0.4986 0.7268
vn -0.1423 0.1337 0.9807
vn 0.0529 0.1366 0.9892
vn -0.1811 0.1488 0.9721
vn 0.1741 0.1766 0.9688
vn 0.7984 0.5004 -0.3350
vn -0.5975 0.5396 -0.5932
vn -0.5233 0.5607 -0.6417
vn -0.4260 0.4827 -0.7652
vn -0.2770 0.5268 -0.8036
vn -0.2667 0.5692 -0.7777
vn 0.6301 0.5134 -0.5826
vn 0.6454 0.5659 -0.5131
vn 0.6486 0.6033 -0.4641
vn 0.6970 0.5415 -0.4702
vn 0.7889 0.5518 -0.2704
vn -0.0166 0.5529 -0.8331
vn -0.0193 0.6176 -0.7863
vn 0.2596 0.5133 -0.8180
vn -0.8408 0.5394 -0.0462
vn 0.8534 0.5137 -0.0881
vn -0.8396 0.5429 0.0180
vn 0.8055 0.5810 0.1172
vn 0.8271 0.5254 0.1995
vn 0.8186 0.5669 0.0924
vn -0.7376 0.5970 0.3155
vn -0.6113 0.5988 0.5175
vn 0.6314 0.5077 0.5861
vn 0.5742 0.5289 0.6250
vn 0.7001 0.5557 0.4484
vn -0.4721 0.5393 0.6974
vn -0.2683 0.5569 0.7860
vn 0.5362 0.5244 0.6614
vn -0.0084 0.5848 0.8112
vn -0.0344 0.5898 0.8068
vn -0.4837 0.5638 -0.6694
vn -0.3475 0.6574 -0.6686
vn -0.3588 0.6167 -0.7007
vn -0.3491 0.6519 -0.6732
vn -0.0441 0.6513 -0.7576
vn 0.2316 0.5884 -0.7747
vn 0.2775 0.6138 -0.7391
vn 0.4281 0.5978 -0.6778
vn 0.4411 0.5846 -0.6809
vn 0.3054 0.6210 -0.7218
vn 0.5962 0.7021 -0.3894
vn -0.3367 0.6920 -0.6386
vn -0.1865 0.7349 -0.6520
vn -0.0049 0.6880 -0.7257
vn 0.2901 0.7578 -0.5844
vn 0.2878 0.7574 -0.5861
vn 0.2831 0.7565 -0.5896
vn 0.0199 0.6934 -0.7203
vn 0.5036 0.6782 -0.5353
vn 0.4954 0.6778 -0.5433
vn 0.4958 0.6778 -0.5429
vn 0.2960 0.7589 -0.5800
vn 0.4873 0.6774 -0.5511
vn -0.7645 0.5825 -0.2762
vn -0.7663 0.5838 -0.2683
vn -0.7671 0.5844 -0.2647
vn -0.6385 0.6371 -0.4318
vn -0.6850 0.6077 -0.4018
vn -0.6316 0.6473 -0.4267
vn -0.5969 0.7528 -0.2773
vn -0.6000 0.7534 -0.2691
vn -0.5994 0.7533 -0.2707
vn -0.5935 0.6642 -0.4545
vn -0.5710 0.6651 -0.4813
vn -0.4211 0.7284 -0.5405
vn 0.7694 0.5767 -0.2747
vn 0.7723 0.6006 -0.2071
vn 0.5218 0.7781 -0.3497
vn 0.6258 0.6945 -0.3549
vn 0.4473 0.8145 -0.3695
vn -0.2564 0.9386 -0.2309
vn -0.3769 0.8297 -0.4116
vn -0.3781 0.8333 -0.4034
vn -0.3793 0.8371 -0.3943
vn -0.3751 0.8241 -0.4244
vn -0.0017 0.9364 -0.3509
vn -0.1499 0.8169 -0.5570
vn -0.0128 0.8713 -0.4906
vn 0.1209 0.7780 -0.6166
vn 0.4232 0.8319 -0.3589
vn 0.3589 0.8545 -0.3755
vn -0.7690 0.5857 -0.2562
vn -0.6905 0.7229 0.0246
vn -0.7075 0.7061 -0.0313
vn -0.7381 0.6737 -0.0382
vn -0.7428 0.6625 -0.0966
vn -0.6025 0.7538 -0.2624
vn -0.7364 0.6594 -0.1511
vn -0.6463 0.7625 0.0299
vn -0.3185 0.9463 -0.0560
vn -0.3156 0.9477 -0.0478
vn -0.3090 0.9506 -0.0286
vn -0.3236 0.9435 -0.0712
vn -0.5714 0.8113 -0.1237
vn -0.0602 0.9808 -0.1856
vn -0.0705 0.9770 -0.2015
vn -0.0961 0.9658 -0.2407
vn 0.7695 0.6173 -0.1634
vn 0.7764 0.6030 -0.1833
vn 0.6647 0.7275 -0.1700
vn 0.6413 0.7605 -0.1016
vn 0.6470 0.7576 -0.0868
vn 0.1622 0.9791 -0.1229
vn 0.1772 0.9699 -0.1672
vn 0.1346 0.9850 -0.1083
vn 0.1905 0.9654 -0.1779
vn -0.0309 0.9896 -0.1404
vn 0.1934 0.9530 -0.2331
vn 0.2919 0.9545 -0.0603
vn 0.4872 0.8597 -0.1536
vn 0.6116 0.7910 0.0142
vn 0.6164 0.7868 0.0308
vn -0.7307 0.6443 0.2257
vn -0.7447 0.6458 0.1682
vn -0.5525 0.8139 0.1794
vn -0.5702 0.8020 0.1783
vn -0.5567 0.8112 0.1791
vn -0.5281 0.8297 0.1808
vn -0.2612 0.9448 0.1977
vn -0.1988 0.9721 0.1245
vn -0.2101 0.9746 0.0777
vn -0.2216 0.9538 0.2028
vn 0.7629 0.6400 0.0914
vn 0.7502 0.6527 0.1057
vn 0.5855 0.7547 0.2961
vn 0.5604 0.7609 0.3271
vn 0.5577 0.7615 0.3304
vn 0.1778 0.9610 0.2121
vn 0.1145 0.9753 0.1889
vn 0.1698 0.9608 0.2191
vn -0.0605 0.9722 0.2262
vn 0.3264 0.9414 0.0848
vn 0.5787 0.8093 0.1003
vn 0.7086 0.6278 0.3221
vn 0.7055 0.6385 0.3075
vn 0.7019 0.6496 0.2920
vn -0.6102 0.7175 0.3361
vn -0.6222 0.7045 0.3413
vn -0.6227 0.7040 0.3415
vn -0.6315 0.6943 0.3453
vn -0.5953 0.6428 0.4821
vn -0.6144 0.6147 0.4946
vn -0.4255 0.7630 0.4866
vn -0.4577 0.7818 0.4234
vn -0.4285 0.7282 0.5349
vn 0.6981 0.6604 0.2765
vn 0.5321 0.7663 0.3601
vn -0.3782 0.8819 0.2816
vn -0.2969 0.9200 0.2557
vn 0.0377 0.9330 0.3580
vn 0.0469 0.9317 0.3601
vn -0.0072 0.9376 0.3477
vn -0.1512 0.7608 0.6311
vn -0.1970 0.8115 0.5502
vn -0.2369 0.8116 0.5340
vn 0.2183 0.9486 0.2293
vn 0.0898 0.9250 0.3691
vn 0.2433 0.9432 0.2262
vn 0.4078 0.8307 0.3790
vn 0.4612 0.6485 0.6056
vn 0.4399 0.6488 0.6209
vn 0.4314 0.6156 0.6594
vn 0.6660 0.5918 0.4540
vn 0.6665 0.5896 0.4563
vn -0.4163 0.7099 0.5682
vn -0.4266 0.6834 0.5924
vn -0.4259 0.6838 0.5925
vn -0.2809 0.6698 0.6874
vn -0.1232 0.7358 0.6659
vn -0.1370 0.7916 0.5955
vn -0.1435 0.6961 0.7035
vn 0.1779 0.7628 0.6217
vn 0.1882 0.7573 0.6254
vn 0.1731 0.7654 0.6199
vn 0.2256 0.6321 0.7413
vn 0.1698 0.6675 0.7250
vn 0.2360 0.6216 0.7469
vn 0.3173 0.7507 0.5794
vn 0.4846 0.6754 0.5559
vn 0.5311 0.6787 0.5073
vn 0.1585 0.7729 0.6144
vn -0.4790 0.5442 0.6888
vn -0.2507 0.5715 0.7814
vn -0.0629 0.6176 0.7840
vn -0.0603 0.6169 0.7847
vn -0.5387 -0.4967 -0.6806
vn -0.5389 -0.4968 -0.6803
vn -0.5394 -0.4969 -0.6798
vn -0.0051 -0.5697 -0.8218
vn -0.0044 -0.5511 -0.8344
vn -0.0052 -0.5688 -0.8224
vn -0.0046 -0.2674 -0.9636
vn 0.0003 -0.2400 -0.9708
vn -0.0082 -0.2482 -0.9687
vn -0.0087 -0.2454 -0.9694
vn -0.0073 -0.5468 -0.8372
vn -0.0019 -0.5517 -0.8341
vn 0.0004 -0.2425 -0.9702
vn 0.0058 -0.5714 -0.8206
vn -0.0045 -0.2517 -0.9678
vn 0.0046 -0.5793 -0.8151
vn 0.0084 -0.5449 -0.8385
vn 0.0087 -0.5423 -0.8401
vn -0.0041 -0.2616 -0.9652
vn -0.0039 -0.2624 -0.9649
vn 0.4317 -0.4084 -0.8043
vn 0.4338 -0.4003 -0.8072
vn 0.4196 -0.4517 -0.7873
vn 0.4482 -0.3406 -0.8265
vn -0.3966 -0.1490 -0.9058
vn -0.0026 -0.0025 -1.0000
vn -0.0082 -0.0090 -0.9999
vn -0.0058 -0.0008 -1.0000
vn 0.0084 -0.0086 -0.9999
vn 0.0096 -0.0273 -0.9996
vn 0.0006 -0.0028 -1.0000
vn 0.0120 -0.0307 -0.9995
vn 0.2325 -0.0248 -0.9723
vn 0.3082 -0.0052 -0.9513
vn 0.2461 -0.0221 -0.9690
vn -0.4697 -0.0063 -0.8828
vn -0.4862 0.0002 -0.8739
vn -0.4652 -0.0073 -0.8852
vn 0.7484 -0.0037 -0.6633
vn 0.7482 -0.0036 -0.6635
vn 0.7419 -0.0029 -0.6705
vn -0.0036 0.0018 -1.0000
vn 0.0008 0.0018 -1.0000
vn 0.7416 -0.0029 -0.6708
vn 0.4227 0.0031 -0.9063
vn 0.4309 0.0036 -0.9024
vn -0.0125 0.0095 -0.9999
vn -0.0001 -0.0001 -1.0000
vn 0.0122 0.0089 -0.9999
vn -0.4067 0.0187 -0.9134
vn -0.3919 0.0219 -0.9198
vn -0.3068 0.5845 -0.7512
vn -0.3180 0.5962 -0.7372
vn -0.2885 0.5651 -0.7729
vn 0.0034 0.5262 -0.8504
vn 0.0014 0.5213 -0.8534
vn -0.0103 0.4926 -0.8702
vn -0.0118 0.4888 -0.8723
vn 0.0144 0.5759 -0.8174
vn 0.0151 0.5735 -0.8191
vn 0.0032 0.5853 -0.8108
vn 0.0263 0.0142 -0.9996
vn -0.8277 -0.0376 -0.5600
vn -0.8704 -0.3192 -0.3748
vn -0.8882 -0.2701 -0.3717
vn -0.8930 -0.2555 -0.3705
vn -0.9099 -0.1969 -0.3652
vn -0.4347 -0.8564 -0.2787
vn -0.3224 -0.9110 -0.2570
vn -0.3240 -0.9138 -0.2450
vn -0.2849 -0.9081 -0.3069
vn -0.5383 -0.4966 -0.6809
vn -0.0122 -0.9117 -0.4107
vn 0.0022 -0.8685 -0.4956
vn -0.0141 -0.9173 -0.3979
vn 0.0028 -0.8662 -0.4998
vn 0.0008 -0.8591 -0.5118
vn -0.0012 -0.9990 -0.0440
vn 0.0025 -0.9986 -0.0527
vn -0.0004 -0.9979 -0.0641
vn -0.0013 -0.8724 -0.4889
vn 0.0013 -0.8713 -0.4908
vn 0.0058 -0.8675 -0.4974
vn 0.0060 -0.8670 -0.4983
vn 0.3310 -0.9248 -0.1877
vn 0.7830 -0.5878 -0.2033
vn 0.9434 -0.0360 -0.3296
vn 0.9432 -0.0328 -0.3306
vn 0.9501 -0.0824 -0.3010
vn 0.8269 -0.4661 -0.3148
vn 0.2324 -0.8620 -0.4505
vn 0.5061 -0.5596 -0.6563
vn 0.7118 -0.1797 -0.6790
vn 0.7013 -0.1648 -0.6936
vn 0.6990 -0.1616 -0.6967
vn -0.7711 -0.2741 -0.5747
vn -0.6543 0.0031 -0.7562
vn -0.6879 -0.0026 -0.7258
vn -0.6593 0.0023 -0.7519
vn 0.7567 0.0068 -0.6537
vn 0.7722 0.0043 -0.6354
vn 0.7559 0.0069 -0.6547
vn 0.7736 0.0041 -0.6337
vn -0.6908 -0.0031 -0.7230
vn -0.9724 -0.0031 -0.2332
vn -0.9771 -0.0004 -0.2126
vn -0.9719 -0.0034 -0.2352
vn -0.9780 0.0001 -0.2087
vn -0.8386 0.0006 -0.5447
vn -0.8055 0.0052 -0.5925
vn -0.8348 0.0011 -0.5506
vn -0.8040 0.0054 -0.5947
vn 0.9418 -0.0016 -0.3362
vn 0.9424 -0.0013 -0.3345
vn -0.8757 0.4191 -0.2398
vn -0.8786 0.4188 -0.2294
vn -0.8747 0.4192 -0.2432
vn -0.7578 0.4929 -0.4275
vn -0.3285 0.6070 -0.7236
vn 0.0262 0.5689 -0.8220
vn 0.8536 0.4333 -0.2891
vn 0.3240 0.5956 -0.7350
vn 0.3144 0.5970 -0.7380
vn 0.2625 0.6033 -0.7531
vn -0.8795 0.4187 -0.2260
vn -0.3457 0.0151 -0.9382
vn -0.3465 0.0309 -0.9375
vn -0.3575 0.0683 -0.9314
vn -0.2012 0.6467 -0.7357
vn -0.6477 0.5615 -0.5151
vn 0.0040 0.2607 -0.9654
vn 0.0029 0.5987 -0.8010
vn 0.0020 0.5965 -0.8026
vn -0.0006 0.5867 -0.8098
vn 0.0001 0.5859 -0.8104
vn 0.0015 0.0142 -0.9999
vn -0.0032 0.0109 -0.9999
vn -0.0009 0.0007 -1.0000
vn 0.7988 0.4086 -0.4415
vn 0.8248 0.4804 -0.2982
vn 0.5637 0.5802 -0.5879
vn 0.6846 0.5270 -0.5036
vn 0.2530 0.6042 -0.7556
vn -0.7647 -0.0029 -0.6443
vn -0.7657 -0.0031 -0.6432
vn -0.7455 -0.0004 -0.6665
vn 0.0056 0.0521 -0.9986
vn -0.0316 0.0049 -0.9995
vn 0.9575 -0.0141 -0.2882
vn 0.9399 0.0127 -0.3412
vn 0.9443 -0.0005 -0.3291
vn -0.0037 -0.0004 -1.0000
vn -0.0020 0.0009 -1.0000
vn 0.0076 0.0043 -1.0000
vn 0.9368 0.0009 -0.3498
vn -0.0694 0.0073 -0.9976
vn 0.3656 -0.0006 -0.9308
vn -0.4328 0.0023 -0.9015
vn -0.4405 0.0194 -0.8976
vn -0.8072 0.0039 -0.5903
vn 0.1821 -0.0000 -0.9833
vn -0.0065 0.1134 -0.9935
vn 0.9424 0.0410 -0.3320
vn 0.6506 0.0012 -0.7594
vn 0.5978 0.0032 -0.8017
vn 0.6520 0.0011 -0.7582
vn 0.5965 0.0032 -0.8026
vn -0.9310 0.0021 -0.3651
vn -0.8083 0.0040 -0.5888
vn -0.4671 0.0514 -0.8827
vn -0.0006 0.1324 -0.9912
vn 0.0172 0.0837 -0.9963
vn -0.6551 0.0930 -0.7498
vn -0.4843 0.0723 -0.8719
vn -0.0023 0.2217 -0.9751
vn 0.0036 0.1715 -0.9852
vn -0.7095 0.1923 -0.6780
vn -0.7121 0.1909 -0.6757
vn -0.6822 0.2093 -0.7005
vn -0.1896 0.2358 -0.9531
vn -0.0060 0.2736 -0.9618
vn 0.0084 0.2272 -0.9738
vn 0.5632 0.1985 -0.8021
vn 0.2841 0.2644 -0.9216
vn 0.2634 0.2743 -0.9249
vn 0.2874 0.2628 -0.9211
vn 0.2607 0.2756 -0.9253
vn -0.6736 -0.5546 -0.4885
vn -0.7164 -0.5562 -0.4212
vn -0.7083 -0.5561 -0.4347
vn -0.5751 -0.1612 -0.8021
vn -0.1992 -0.2409 -0.9499
vn -0.0783 -0.9751 -0.2073
vn -0.0564 -0.8963 -0.4398
vn -0.1688 -0.7171 -0.6763
vn -0.3956 -0.8786 -0.2675
vn -0.4149 -0.8602 -0.2965
vn -0.1359 -0.5877 -0.7976
vn -0.1395 -0.1166 -0.9833
vn -0.1512 -0.0354 -0.9879
vn -0.1477 -0.0590 -0.9873
vn -0.7769 -0.4984 -0.3848
vn -0.4975 -0.8028 -0.3288
vn -0.0005 -0.9988 -0.0495
vn -0.0045 -0.9986 -0.0523
vn 0.0066 -0.9968 -0.0797
vn 0.0056 -0.9983 -0.0576
vn 0.1578 -0.9808 -0.1150
vn 0.4702 -0.8268 -0.3088
vn 0.5111 -0.7963 -0.3235
vn 0.5035 -0.8022 -0.3208
vn 0.4609 -0.8332 -0.3055
vn 0.6076 -0.5699 -0.5532
vn 0.0191 -0.9807 -0.1945
vn 0.0245 -0.9939 -0.1077
vn 0.0772 -0.8280 -0.5553
vn 0.0822 -0.8419 -0.5333
vn 0.0839 -0.8465 -0.5258
vn 0.0747 -0.8211 -0.5659
vn 0.1101 -0.5149 -0.8501
vn 0.1082 -0.5189 -0.8480
vn 0.1010 -0.5341 -0.8393
vn 0.0987 -0.5390 -0.8365
vn 0.1105 -0.1882 -0.9759
vn 0.1105 -0.1880 -0.9759
vn 0.1107 -0.1885 -0.9758
vn 0.4949 -0.6488 -0.5781
vn 0.1107 -0.1886 -0.9758
vn 0.6864 -0.1445 -0.7127
vn 0.8926 -0.3227 -0.3149
vn 0.8925 -0.3240 -0.3137
vn 0.8926 -0.3221 -0.3154
vn 0.8926 -0.3209 -0.3165
vn 0.4310 -0.7801 -0.4535
vn 0.6157 -0.4098 -0.6730
vn 0.6342 -0.4291 -0.6432
vn 0.6324 -0.4272 -0.6462
vn 0.6537 -0.4499 -0.6084
vn -0.9598 0.0008 -0.2808
vn -0.9517 -0.0111 -0.3069
vn -0.9539 -0.0092 -0.2999
vn -0.6510 -0.0119 -0.7590
vn 0.6065 -0.2089 -0.7671
vn -0.8615 0.0114 -0.5076
vn -0.8235 0.0007 -0.5673
vn -0.8256 0.0013 -0.5642
vn -0.1515 -0.0004 -0.9885
vn -0.1509 -0.0003 -0.9885
vn 0.1207 -0.0003 -0.9927
vn 0.0970 0.0051 -0.9953
vn 0.1248 -0.0013 -0.9922
vn 0.9533 -0.0062 -0.3021
vn 0.9518 -0.0035 -0.3067
vn 0.6802 -0.0070 -0.7330
vn 0.7616 0.0003 -0.6480
vn 0.8292 0.0006 -0.5590
vn 0.6722 -0.0076 -0.7404
vn 0.7543 -0.0002 -0.6565
vn -0.4728 0.0031 -0.8812
vn 0.0919 0.0062 -0.9957
vn -0.9561 0.0095 -0.2928
vn -0.9543 0.0110 -0.2988
vn -0.8638 0.0121 -0.5038
vn 0.4854 -0.0031 -0.8743
vn 0.9461 0.0060 -0.3238
vn 0.9437 0.0098 -0.3308
vn 0.4576 0.0071 -0.8892
vn -0.4422 0.5809 -0.6834
vn -0.3580 0.6374 -0.6823
vn -0.5891 0.5399 -0.6012
vn 0.3225 0.3213 -0.8904
vn 0.6774 0.4842 -0.5539
vn 0.9477 0.1640 -0.2739
vn 0.5817 0.5699 -0.5804
vn 0.4063 0.5848 -0.7021
vn 0.3443 0.5955 -0.7258
vn 0.4192 0.5822 -0.6966
vn -0.6526 0.5626 -0.5076
vn -0.5821 0.5880 -0.5617
vn -0.6331 0.5703 -0.5234
vn -0.5707 0.5915 -0.5697
vn -0.0949 0.5590 -0.8237
vn -0.1200 0.5735 -0.8104
vn -0.1094 0.5674 -0.8161
vn -0.0849 0.5531 -0.8288
vn -0.6530 0.5380 -0.5331
vn 0.0775 0.5569 -0.8270
vn 0.0799 0.5562 -0.8272
vn 0.0755 0.5574 -0.8268
vn 0.0818 0.5557 -0.8273
vn 0.4377 0.5938 -0.6751
vn 0.4224 0.5904 -0.6878
vn 0.4840 0.6028 -0.6343
vn 0.3314 0.5974 -0.7303
vn 0.5088 0.6068 -0.6106
vn -0.1168 -0.0000 -0.9932
vn -0.1484 0.0035 -0.9889
vn -0.1119 -0.0016 -0.9937
vn -0.6106 0.0080 -0.7919
vn -0.6105 0.0080 -0.7919
vn -0.6103 0.0078 -0.7921
vn -0.4824 -0.0029 -0.8760
vn -0.7732 0.0053 -0.6342
vn -0.7727 0.0054 -0.6348
vn -0.7991 -0.0020 -0.6012
vn -0.7880 0.0035 -0.6157
vn -0.9678 0.0020 -0.2516
vn -0.9683 0.0023 -0.2497
vn -0.9726 0.0019 -0.2327
vn 0.5785 0.0290 -0.8151
vn 0.7453 0.0002 -0.6667
vn 0.7496 -0.0143 -0.6618
vn 0.7549 0.0102 -0.6558
vn 0.9361 0.0205 -0.3510
vn 0.0854 0.0034 -0.9963
vn 0.0918 0.0021 -0.9958
vn 0.0897 0.0054 -0.9960
vn -0.1520 0.0041 -0.9884
vn -0.9730 0.0009 -0.2308
vn 0.6949 0.0013 -0.7192
vn 0.1193 -0.0032 -0.9929
vn 0.0860 0.0036 -0.9963
vn 0.6500 -0.0034 -0.7599
vn 0.9455 0.0030 -0.3257
vn -0.9753 0.0002 -0.2209
vn 0.6489 -0.0038 -0.7608
vn -0.1445 -0.0032 -0.9895
vn -0.6103 0.0078 -0.7922
vn 0.6513 -0.0002 -0.7588
vn 0.9437 -0.0005 -0.3308
vn -0.7837 -0.0052 -0.6211
vn -0.9738 0.0055 -0.2275
vn 0.6101 0.0249 -0.7920
vn 0.0864 0.0017 -0.9963
vn -0.7831 -0.0053 -0.6219
vn 0.6663 -0.0008 -0.7457
vn 0.9419 0.0029 -0.3358
vn 0.0866 0.0016 -0.9962
vn -0.1473 -0.0035 -0.9891
vn -0.9749 0.0256 -0.2210
vn 0.5991 0.0302 -0.8001
vn -0.1433 0.1688 -0.9752
vn -0.1774 0.1901 -0.9656
vn -0.1412 0.1610 -0.9768
vn -0.6950 0.0776 -0.7148
vn -0.9669 0.0630 -0.2474
vn 0.9437 0.0526 -0.3265
vn 0.1277 0.1941 -0.9726
vn 0.1260 0.1953 -0.9726
vn 0.1102 0.2564 -0.9603
vn -0.2154 0.1536 -0.9644
vn -0.7981 0.1811 -0.5747
vn -0.8335 0.1477 -0.5325
vn -0.8388 0.1418 -0.5256
vn -0.9655 0.0777 -0.2485
vn 0.6508 0.1797 -0.7376
vn 0.6321 0.1934 -0.7504
vn 0.6569 0.1752 -0.7333
vn 0.9478 0.0962 -0.3040
vn 0.7808 0.1896 -0.5953
vn 0.7860 0.1792 -0.5917
vn 0.7960 0.1582 -0.5843
vn -0.9648 0.0819 -0.2499
vn 0.0015 0.3013 -0.9535
vn 0.9471 0.1017 -0.3045
vn 0.8010 0.1472 -0.5803
vn -0.7255 0.2110 -0.6551
vn -0.3642 0.2781 -0.8889
vn -0.3565 0.2805 -0.8912
vn -0.3559 0.2806 -0.8914
vn -0.0161 0.2616 -0.9650
vn 0.9451 0.1017 -0.3104
vn 0.4231 0.2916 -0.8579
vn 0.4244 0.2812 -0.8607
vn 0.4183 0.2989 -0.8577
vn -0.3698 0.2782 -0.8865
vn -0.3705 0.2783 -0.8862
vn -0.0173 0.2910 -0.9566
vn 0.0012 0.3059 -0.9521
vn 0.3828 0.2654 -0.8849
vn 0.3748 0.2636 -0.8888
vn -0.0023 0.0735 -0.9973
vn -0.0009 0.1384 -0.9904
vn -0.0004 0.1464 -0.9892
vn -0.5113 -0.5285 -0.6777
vn -0.3554 -0.3669 -0.8597
vn -0.0506 -0.4416 -0.8958
vn -0.0077 -0.3807 -0.9247
vn -0.0220 -0.4096 -0.9120
vn -0.0083 -0.3785 -0.9255
vn -0.4661 -0.4064 -0.7859
vn -0.4857 -0.4344 -0.7586
vn -0.4883 -0.4381 -0.7547
vn -0.0847 -0.4771 -0.8748
vn -0.5070 -0.4654 -0.7255
vn -0.4882 -0.7281 -0.4812
vn -0.4476 -0.8828 -0.1422
vn -0.7342 -0.5557 -0.3900
vn -0.9147 -0.2723 -0.2985
vn -0.0002 -0.9997 -0.0228
vn 0.0023 -0.9999 -0.0150
vn 0.0135 -0.9975 -0.0687
vn 0.2127 -0.9660 -0.1472
vn 0.3026 -0.8513 -0.4286
vn 0.3492 -0.8278 -0.4392
vn 0.3278 -0.8389 -0.4345
vn 0.4963 -0.8433 -0.2060
vn 0.5108 -0.8360 -0.2003
vn 0.5200 -0.8312 -0.1967
vn 0.5340 -0.8236 -0.1910
vn 0.2521 -0.4998 -0.8287
vn 0.2684 -0.8668 -0.4202
vn 0.5917 -0.3932 -0.7038
vn 0.5960 -0.4007 -0.6959
vn 0.5918 -0.3933 -0.7037
vn 0.5870 -0.3848 -0.7123
vn 0.0150 -0.7748 -0.6320
vn 0.0152 -0.7762 -0.6303
vn 0.0129 -0.7604 -0.6493
vn 0.0082 -0.4043 -0.9146
vn 0.0077 -0.4068 -0.9135
vn 0.0082 -0.4040 -0.9147
vn 0.0075 -0.4073 -0.9132
vn 0.5614 -0.3569 -0.7467
vn 0.5694 -0.3558 -0.7411
vn 0.5520 -0.3582 -0.7530
vn 0.5474 -0.3588 -0.7560
vn 0.3221 -0.2891 -0.9015
vn 0.2547 -0.0053 -0.9670
vn 0.0129 -0.0037 -0.9999
vn 0.0058 0.0011 -1.0000
vn 0.0134 -0.0082 -0.9999
vn 0.2304 -0.0169 -0.9729
vn 0.3310 -0.0001 -0.9436
vn 0.2393 -0.0154 -0.9708
vn -0.4214 -0.0055 -0.9069
vn -0.6043 0.0030 -0.7968
vn -0.0079 -0.0027 -1.0000
vn -0.0105 -0.0013 -0.9999
vn -0.0141 0.0007 -0.9999
vn -0.0626 -0.0061 -0.9980
vn -0.7094 -0.0041 -0.7048
vn -0.6261 0.0028 -0.7797
vn -0.6220 0.0031 -0.7830
vn -0.4138 -0.0104 -0.9103
vn -0.4177 -0.0091 -0.9085
vn -0.4431 -0.0011 -0.8965
vn -0.7149 -0.0046 -0.6992
vn -0.9664 0.0013 -0.2572
vn 0.4565 -0.0142 -0.8896
vn 0.4467 -0.0187 -0.8945
vn 0.4979 0.0479 -0.8659
vn 0.7154 0.0066 -0.6987
vn 0.3023 0.0051 -0.9532
vn 0.0150 -0.0016 -0.9999
vn 0.6674 0.0001 -0.7447
vn 0.6656 -0.0000 -0.7463
vn 0.6935 0.0026 -0.7204
vn -0.2976 0.0025 -0.9547
vn -0.0163 0.0018 -0.9999
vn -0.2253 0.0215 -0.9741
vn 0.5036 0.0550 -0.8622
vn 0.8888 0.0183 -0.4579
vn 0.0204 -0.0044 -0.9998
vn 0.2999 0.0054 -0.9539
vn 0.6948 0.0027 -0.7192
vn -0.3983 0.6218 -0.6743
vn -0.3984 0.6218 -0.6743
vn -0.3503 0.6243 -0.6982
vn -0.0077 0.4454 -0.8953
vn -0.0167 0.4891 -0.8720
vn -0.0098 0.4893 -0.8720
vn -0.3258 0.5342 -0.7800
vn -0.7298 0.3108 -0.6090
vn -0.4478 0.0004 -0.8942
vn 0.5043 0.5012 -0.7031
vn 0.4758 0.1087 -0.8728
vn 0.0100 0.4880 -0.8728
vn 0.0152 0.4902 -0.8715
vn 0.0073 0.4502 -0.8929
vn 0.3676 0.6123 -0.7000
vn -0.6041 0.5703 -0.5566
vn -0.4257 0.6184 -0.6606
vn -0.8376 0.4865 -0.2484
vn -0.8376 0.4865 -0.2483
vn -0.8377 0.4865 -0.2482
vn -0.8377 0.4865 -0.2481
vn 0.3858 0.6099 -0.6923
vn 0.8321 0.4875 -0.2643
vn 0.8377 0.4907 -0.2397
vn 0.8412 0.4927 -0.2228
vn 0.8291 0.4858 -0.2767
vn 0.6931 0.5663 -0.4460
vn -0.7012 -0.0043 -0.7130
vn 0.8372 -0.0040 -0.5468
vn -0.9733 0.0048 -0.2293
vn -0.9618 -0.0006 -0.2737
vn -0.9594 0.0033 -0.2821
vn -0.9613 -0.0011 -0.2753
vn 0.4449 0.0024 -0.8956
vn 0.4465 0.0026 -0.8948
vn 0.4081 -0.0015 -0.9129
vn -0.5072 0.0011 -0.8619
vn -0.4652 0.0067 -0.8852
vn -0.4634 0.0070 -0.8861
vn 0.9630 0.0013 -0.2693
vn 0.9615 0.0016 -0.2749
vn 0.9559 0.0040 -0.2936
vn -0.8720 0.0049 -0.4894
vn -0.8716 0.0048 -0.4901
vn -0.8623 0.0022 -0.5064
vn 0.4069 -0.0017 -0.9135
vn 0.5603 0.0039 -0.8283
vn 0.5013 -0.0039 -0.8652
vn 0.5586 0.0037 -0.8294
vn -0.5401 0.0057 -0.8416
vn -0.9631 0.0241 -0.2681
vn -0.9630 0.0476 -0.2652
vn -0.8711 0.0005 -0.4911
vn 0.9509 0.0561 -0.3043
vn 0.4985 -0.0042 -0.8669
vn -0.8732 0.0001 -0.4874
vn -0.5428 0.0062 -0.8398
vn 0.9555 0.0454 -0.2914
vn 0.9121 0.0038 -0.4099
vn 0.8736 0.0086 -0.4866
vn -0.9508 0.0995 -0.2934
vn -0.5227 0.1375 -0.8414
vn 0.4553 0.1802 -0.8719
vn -0.6736 0.1849 -0.7156
vn -0.6679 0.1786 -0.7225
vn -0.6754 0.1868 -0.7134
vn -0.6652 0.1756 -0.7257
vn -0.1453 0.2453 -0.9585
vn 0.1122 0.2426 -0.9636
vn 0.9482 0.0889 -0.3050
vn 0.5853 0.2089 -0.7835
vn 0.5796 0.2029 -0.7892
vn 0.5935 0.2224 -0.7735
vn -0.1398 0.2950 -0.9452
vn -0.1324 0.2878 -0.9485
vn -0.5921 0.2226 -0.7745
vn -0.7618 0.1909 -0.6191
vn 0.7017 0.2229 -0.6767
vn 0.7690 0.2149 -0.6020
vn 0.7718 0.2113 -0.5997
vn 0.6274 0.1967 -0.7534
vn 0.6913 0.2005 -0.6942
vn 0.6091 0.2442 -0.7546
vn 0.5974 0.2278 -0.7689
vn -0.5334 0.2570 -0.8059
vn -0.7294 0.2184 -0.6483
vn -0.4619 0.2950 -0.8364
vn 0.1129 0.2900 -0.9503
vn 0.5457 0.2469 -0.8008
vn -0.1308 0.2852 -0.9495
vn -0.7298 0.2251 -0.6456
vn -0.9713 0.0661 -0.2284
vn -0.9724 0.0420 -0.2293
vn 0.6731 0.1776 -0.7179
vn 0.9446 0.0655 -0.3217
vn -0.7319 0.2276 -0.6423
vn -0.9747 0.0198 -0.2225
vn -0.7722 0.1873 -0.6072
vn -0.7793 0.1830 -0.5993
vn 0.9454 0.0493 -0.3221
vn 0.8151 0.1968 -0.5449
vn -0.0008 0.0729 -0.9973
vn 0.0004 0.0757 -0.9971
vn 0.0018 0.0023 -1.0000
vn 0.9449 0.0108 -0.3271
vn 0.4823 0.1268 -0.8668
vn 0.9495 -0.0010 -0.3137
vn 0.9429 -0.0044 -0.3330
vn 0.3827 0.0041 -0.9239
vn 0.4046 -0.0000 -0.9145
vn 0.3832 0.0041 -0.9236
vn -0.8365 0.0012 -0.5480
vn -0.8738 -0.0043 -0.4863
vn -0.8382 0.0010 -0.5454
vn -0.4126 0.0047 -0.9109
vn -0.3789 0.0015 -0.9254
vn -0.4142 0.0049 -0.9102
vn -0.3863 0.0001 -0.9224
vn 0.8085 0.0035 -0.5885
vn 0.8171 0.0017 -0.5764
vn 0.8080 0.0036 -0.5892
vn 0.3696 0.0052 -0.9292
vn -0.9743 0.0011 -0.2253
vn -0.9761 0.0024 -0.2175
vn -0.0019 0.0024 -1.0000
vn -0.0059 -0.0001 -1.0000
vn 0.9397 -0.0035 -0.3420
vn 0.7975 -0.0038 -0.6033
vn 0.0192 0.0007 -0.9998
vn 0.9450 0.0020 -0.3270
vn 0.0810 -0.0020 -0.9967
vn 0.9472 -0.0000 -0.3207
vn 0.3855 -0.0019 -0.9227
vn -0.9719 -0.0003 -0.2353
vn -0.8747 -0.0044 -0.4847
vn -0.6620 0.0055 -0.7495
vn -0.6917 0.0001 -0.7222
vn -0.6633 0.0052 -0.7483
vn -0.0062 -0.0005 -1.0000
vn 0.9490 -0.0055 -0.3152
vn 0.7480 0.0024 -0.6637
vn -0.9665 -0.0015 -0.2568
vn -0.3871 0.0001 -0.9220
vn 0.6891 -0.0015 -0.7247
vn 0.3521 -0.0009 -0.9360
vn 0.3474 -0.0001 -0.9377
vn -0.0401 0.0005 -0.9992
vn 0.9362 0.0056 -0.3515
vn 0.9476 -0.0005 -0.3193
vn 0.0032 -0.0004 -1.0000
vn -0.9677 -0.0009 -0.2521
vn -0.6470 -0.0020 -0.7625
vn -0.3779 0.0006 -0.9258
vn 0.9469 -0.0011 -0.3216
vn 0.6926 -0.0007 -0.7213
vn -0.9757 0.0007 -0.2193
vn -0.9748 0.0001 -0.2230
vn 0.6919 -0.0026 -0.7220
vn 0.9457 0.0015 -0.3250
vn 0.9472 0.0018 -0.3205
vn 0.9474 0.0004 -0.3199
vn -0.9740 -0.0000 -0.2264
vn 0.0013 0.0001 -1.0000
vn 0.9492 -0.0026 -0.3146
vn 0.3609 0.0006 -0.9326
vn -0.8767 0.0023 -0.4811
vn -0.8764 0.0023 -0.4816
vn -0.8667 0.0065 -0.4987
vn -0.6465 -0.0021 -0.7629
vn 0.0685 0.0004 -0.9977
vn 0.9492 -0.0021 -0.3146
vn -0.9735 -0.0001 -0.2287
vn -0.9746 0.0012 -0.2240
vn -0.8413 0.0006 -0.5405
vn 0.9468 0.0013 -0.3218
vn 0.7665 -0.0063 -0.6422
vn 0.8127 0.0058 -0.5827
vn 0.8150 0.0065 -0.5795
vn 0.6922 -0.0027 -0.7217
vn 0.2841 0.0051 -0.9588
vn -0.0640 0.0014 -0.9979
vn -0.3935 0.0357 -0.9187
vn 0.9455 0.0010 -0.3255
vn 0.7167 0.0046 -0.6974
vn 0.2803 0.0019 -0.9599
vn -0.3995 0.0259 -0.9164
vn 0.9445 0.0023 -0.3284
vn 0.1490 -0.0016 -0.9888
vn -0.9738 0.0021 -0.2276
vn 0.9496 -0.0063 -0.3133
vn -0.0052 0.0004 -1.0000
vn 0.9321 -0.0038 -0.3623
vn -0.9627 0.0307 -0.2689
vn -0.9604 0.0390 -0.2760
vn -0.8677 0.0068 -0.4970
vn 0.9524 0.0034 -0.3049
vn 0.6397 0.0400 -0.7676
vn 0.6386 0.0442 -0.7682
vn -0.3235 0.0425 -0.9453
vn 0.9334 0.0089 -0.3587
vn -0.9483 0.0843 -0.3060
vn -0.9437 0.0451 -0.3277
vn -0.7728 0.1675 -0.6121
vn 0.9496 0.0052 -0.3135
vn -0.6368 0.0330 -0.7703
vn -0.6927 0.0062 -0.7212
vn -0.6456 0.0285 -0.7631
vn -0.3035 0.0199 -0.9526
vn 0.1375 0.0034 -0.9905
vn -0.9455 0.0270 -0.3245
vn -0.9430 0.0390 -0.3304
vn -0.7719 0.0136 -0.6356
vn -0.3898 0.0369 -0.9201
vn 0.0120 0.0006 -0.9999
vn 0.9624 0.1008 -0.2521
vn 0.9448 0.1692 -0.2806
vn 0.9673 0.1019 -0.2324
vn 0.7688 0.1742 -0.6153
vn 0.6168 0.0874 -0.7822
vn -0.9564 0.0629 -0.2851
vn -0.7793 0.0150 -0.6265
vn -0.3849 0.0416 -0.9220
vn 0.6150 0.0874 -0.7837
vn 0.9351 0.1847 -0.3025
vn 0.7755 0.0206 -0.6310
vn 0.7176 0.0630 -0.6936
vn 0.7834 0.0191 -0.6213
vn -0.9624 0.0848 -0.2579
vn -0.4726 0.0640 -0.8790
vn 0.3382 0.0193 -0.9409
vn 0.2924 0.0497 -0.9550
vn 0.3511 0.0106 -0.9363
vn 0.9505 0.0726 -0.3023
vn 0.7170 0.0933 -0.6908
vn -0.9241 0.2011 -0.3251
vn -0.9190 0.2068 -0.3358
vn -0.9244 0.2007 -0.3244
vn -0.9286 0.1958 -0.3152
vn -0.7843 0.1661 -0.5977
vn -0.6090 0.2066 -0.7658
vn -0.7229 0.0144 -0.6908
vn -0.7076 0.0200 -0.7063
vn -0.7026 0.0218 -0.7112
vn -0.4906 0.0619 -0.8692
vn -0.3408 0.0291 -0.9397
vn -0.0367 0.0034 -0.9993
vn -0.0138 0.0022 -0.9999
vn 0.2771 0.0597 -0.9590
vn 0.9456 0.1081 -0.3067
vn 0.7041 0.1038 -0.7024
vn -0.9580 0.0312 -0.2851
vn -0.9524 0.0191 -0.3041
vn -0.9559 0.0265 -0.2925
vn -0.9602 0.0363 -0.2770
vn -0.7261 0.0132 -0.6874
vn 0.0008 0.0008 -1.0000
vn 0.6987 0.0856 -0.7102
vn 0.6856 0.0834 -0.7232
vn 0.5667 0.0361 -0.8232
vn 0.9487 0.1338 -0.2864
vn 0.9588 0.1245 -0.2554
vn -0.9291 0.1958 -0.3137
vn -0.9424 0.1814 -0.2810
vn -0.9529 0.1686 -0.2520
vn -0.9097 0.2142 -0.3557
vn -0.7647 0.1471 -0.6273
vn -0.4389 0.1984 -0.8764
vn 0.6872 0.0773 -0.7224
vn 0.1681 0.0244 -0.9855
vn 0.1703 0.0247 -0.9851
vn 0.1741 0.0251 -0.9844
vn 0.9423 0.1472 -0.3007
vn 0.9417 0.1454 -0.3034
vn -0.9604 0.1326 -0.2452
vn -0.9523 0.0635 -0.2986
vn -0.9594 0.0974 -0.2647
vn -0.6550 0.0999 -0.7490
vn -0.6621 0.1098 -0.7413
vn -0.6887 0.1354 -0.7123
vn -0.5446 0.0522 -0.8371
vn 0.1745 0.0251 -0.9843
vn 0.9576 0.1362 -0.2540
vn 0.6799 0.1016 -0.7263
vn 0.4449 0.1165 -0.8880
vn 0.4519 0.1132 -0.8849
vn 0.4768 0.1048 -0.8727
vn -0.9445 0.1866 -0.2704
vn -0.9396 0.1912 -0.2838
vn -0.7243 0.1352 -0.6761
vn -0.7560 0.1595 -0.6349
vn -0.3281 0.0568 -0.9429
vn -0.0014 0.0012 -1.0000
vn 0.9335 0.1678 -0.3169
vn 0.9282 0.1811 -0.3251
vn 0.9347 0.1903 -0.3003
vn 0.4920 0.1046 -0.8643
vn -0.9408 0.2258 -0.2530
vn -0.9409 0.2117 -0.2643
vn -0.7716 0.1621 -0.6151
vn -0.4888 0.1485 -0.8597
vn -0.4532 0.0986 -0.8860
vn -0.4651 0.1150 -0.8778
vn -0.1405 0.0283 -0.9897
vn 0.9380 0.1880 -0.2912
vn 0.5085 0.0959 -0.8557
vn -0.9251 0.2323 -0.3003
vn -0.7738 0.1607 -0.6128
vn -0.4983 0.1622 -0.8517
vn -0.6636 0.1097 -0.7400
vn -0.3476 0.0988 -0.9324
vn -0.3525 0.0982 -0.9306
vn -0.3496 0.1010 -0.9314
vn 0.3645 0.1244 -0.9228
vn 0.3200 0.0838 -0.9437
vn 0.3106 0.0752 -0.9476
vn 0.9376 0.2010 -0.2837
vn 0.9313 0.2241 -0.2872
vn 0.9102 0.2647 -0.3186
vn 0.5154 0.0908 -0.8521
vn 0.6759 0.1913 -0.7117
vn 0.6548 0.1606 -0.7386
vn 0.6499 0.1557 -0.7439
vn -0.9178 0.2409 -0.3155
vn -0.0008 0.0097 -1.0000
vn 0.6413 0.2054 -0.7393
vn 0.9072 0.3010 -0.2939
vn -0.9229 0.2228 -0.3141
vn -0.9227 0.2340 -0.3065
vn -0.7792 0.2239 -0.5854
vn -0.2479 0.0816 -0.9653
vn 0.0187 0.0080 -0.9998
vn 0.9147 0.2926 -0.2786
vn 0.6766 0.2342 -0.6981
vn 0.3938 0.1435 -0.9079
vn -0.6243 0.2445 -0.7420
vn -0.6198 0.2363 -0.7483
vn -0.6021 0.2111 -0.7700
vn -0.2390 0.0798 -0.9677
vn 0.8769 0.3895 -0.2816
vn 0.8922 0.3368 -0.3007
vn 0.6800 0.2364 -0.6941
vn 0.4467 0.1942 -0.8733
vn -0.8869 0.3761 -0.2682
vn -0.8823 0.3196 -0.3455
vn -0.8852 0.3384 -0.3191
vn -0.9289 0.1781 -0.3246
vn -0.8711 0.4270 -0.2428
vn -0.5884 0.2085 -0.7812
vn -0.5846 0.2100 -0.7836
vn -0.3420 0.1487 -0.9279
vn -0.3485 0.1482 -0.9255
vn -0.3098 0.1511 -0.9387
vn -0.0047 0.0050 -1.0000
vn 0.4535 0.2029 -0.8678
vn 0.0442 0.0200 -0.9988
vn 0.8539 0.4307 -0.2921
vn -0.8549 0.4588 -0.2423
vn -0.6693 0.3055 -0.6772
vn -0.3044 0.1515 -0.9404
vn -0.1512 0.0864 -0.9847
vn -0.0072 0.0164 -0.9998
vn 0.1801 0.1038 -0.9782
vn 0.8366 0.4497 -0.3129
vn 0.4512 0.2057 -0.8684
vn -0.8219 0.5071 -0.2595
vn -0.8144 0.5118 -0.2735
vn -0.5561 0.4070 -0.7247
vn -0.5504 0.3867 -0.7400
vn -0.5288 0.3473 -0.7745
vn -0.5105 0.3419 -0.7890
vn -0.4986 0.3448 -0.7953
vn -0.0068 0.0390 -0.9992
vn 0.5683 0.3853 -0.7270
vn 0.4432 0.4139 -0.7952
vn 0.5500 0.4036 -0.7311
vn 0.4564 0.4057 -0.7919
vn 0.8057 0.5736 -0.1478
vn 0.6072 0.3631 -0.7067
vn -0.7474 0.6308 -0.2087
vn -0.5491 0.8060 -0.2210
vn -0.6708 0.6772 -0.3025
vn -0.4771 0.4652 -0.7457
vn -0.3377 0.4865 -0.8058
vn -0.3169 0.6103 -0.7261
vn 0.4068 0.6972 -0.5903
vn 0.0632 0.2083 -0.9760
vn 0.0153 0.6138 -0.7893
vn 0.0357 0.5782 -0.8151
vn 0.0453 0.5608 -0.8267
vn 0.7276 0.6186 -0.2966
vn 0.4181 0.4166 -0.8073
vn -0.4535 0.8313 -0.3214
vn -0.1160 0.9686 -0.2199
vn 0.0929 0.9503 -0.2973
vn 0.1387 0.9558 -0.2591
vn 0.1025 0.9517 -0.2893
vn 0.4831 0.8266 -0.2886
vn 0.5668 0.8043 -0.1786
vn 0.0627 0.9448 -0.3216
vn 0.0050 0.6313 -0.7755
vn 0.0003 -0.8338 -0.5521
vn -0.0013 -0.8342 -0.5515
vn -0.0012 -0.8332 -0.5530
vn -0.0009 -0.8343 -0.5513
vn -0.0005 -0.8346 -0.5508
vn -0.0003 -0.8368 -0.5474
vn -0.0003 -0.8356 -0.5493
vn -0.0000 -0.8352 -0.5499
vn -0.0006 -0.8323 -0.5543
vn -0.2513 -0.8199 -0.5145
vn -0.7384 -0.4769 -0.4768
vn -0.7710 -0.4619 -0.4384
vn -0.7546 -0.4697 -0.4581
vn -0.9088 -0.1963 -0.3681
vn -0.4177 -0.6785 -0.6043
vn -0.8031 -0.4447 -0.3966
vn -0.2376 -0.3239 -0.9158
vn -0.3492 -0.1413 -0.9263
vn -0.0046 -0.6489 -0.7609
vn -0.0049 -0.6467 -0.7628
vn 0.0004 -0.6877 -0.7260
vn -0.0117 -0.3522 -0.9358
vn -0.0013 -0.4550 -0.8905
vn -0.0029 -0.4567 -0.8896
vn -0.0121 -0.3465 -0.9380
vn -0.0021 -0.1753 -0.9845
vn -0.0019 -0.1739 -0.9848
vn 0.0007 -0.1498 -0.9887
vn 0.0003 -0.6895 -0.7243
vn 0.0004 -0.6854 -0.7282
vn 0.0001 -0.6887 -0.7251
vn -0.0008 -0.4482 -0.8939
vn -0.0004 -0.2121 -0.9772
vn 0.0006 -0.2087 -0.9780
vn 0.0006 -0.2068 -0.9784
vn -0.0002 -0.6926 -0.7213
vn 0.0038 -0.2617 -0.9651
vn 0.0006 -0.6717 -0.7408
vn -0.0008 -0.4480 -0.8940
vn 0.0027 -0.3077 -0.9515
vn -0.0019 -0.3241 -0.9460
vn 0.0013 -0.6676 -0.7445
vn 0.0052 -0.3111 -0.9504
vn 0.0020 -0.6681 -0.7441
vn 0.0124 -0.6033 -0.7974
vn 0.0134 -0.5966 -0.8024
vn 0.0011 -0.2750 -0.9615
vn 0.0006 -0.2712 -0.9625
vn 0.3854 -0.8058 -0.4496
vn 0.8322 -0.3507 -0.4295
vn 0.8301 -0.3543 -0.4306
vn 0.8308 -0.3531 -0.4302
vn 0.8284 -0.3571 -0.4315
vn 0.3611 -0.6760 -0.6424
vn 0.5131 -0.4576 -0.7262
vn 0.4096 -0.2352 -0.8815
vn -0.9185 -0.0193 -0.3950
vn -0.3392 -0.0061 -0.9407
vn -0.3141 -0.0120 -0.9493
vn -0.3424 -0.0053 -0.9396
vn -0.9674 0.0026 -0.2534
vn -0.3103 -0.0129 -0.9505
vn -0.8610 0.4853 -0.1523
vn -0.6130 0.6974 -0.3712
vn -0.5943 0.7348 -0.3269
vn -0.5920 0.7390 -0.3217
vn -0.7248 0.0183 -0.6887
vn -0.6172 0.6881 -0.3816
vn -0.8069 -0.4118 -0.4236
vn -0.8190 -0.3953 -0.4160
vn -0.7793 -0.4468 -0.4394
vn -0.8460 -0.3556 -0.3972
vn -0.2784 -0.7593 -0.5882
vn -0.2691 -0.9627 -0.0289
vn -0.2590 -0.9647 -0.0472
vn -0.2284 -0.9679 -0.1049
vn -0.0076 -0.9592 -0.2826
vn -0.0024 -0.9685 -0.2489
vn -0.0020 -0.9692 -0.2464
vn -0.0093 -0.7909 -0.6119
vn -0.0091 -0.7896 -0.6136
vn -0.0064 -0.7747 -0.6323
vn -0.0058 -0.7716 -0.6361
vn -0.0079 -0.9585 -0.2848
vn -0.2208 -0.8655 -0.4497
vn -0.1864 -0.9724 -0.1402
vn -0.0008 -0.9999 -0.0151
vn -0.0003 -0.9987 -0.0513
vn 0.0058 -0.9440 -0.3300
vn 0.0066 -0.9421 -0.3353
vn 0.0171 -0.9169 -0.3988
vn 0.0178 -0.9148 -0.4035
vn 0.0128 -0.7598 -0.6501
vn 0.2274 -0.9542 -0.1945
vn 0.6880 -0.6831 -0.2452
vn 0.7704 -0.4575 -0.4441
vn 0.8789 -0.3367 -0.3379
vn -0.8691 -0.0051 -0.4946
vn -0.8765 -0.0067 -0.4814
vn -0.8695 -0.0052 -0.4938
vn -0.8769 -0.0068 -0.4805
vn 0.9312 0.0034 -0.3646
vn 0.9004 -0.0017 -0.4350
vn 0.9294 0.0031 -0.3690
vn 0.8989 -0.0019 -0.4382
vn -0.9997 -0.0105 -0.0237
vn -0.9982 -0.0017 -0.0603
vn -0.9994 0.0105 -0.0328
vn -0.7541 0.5673 -0.3309
vn -0.7653 0.5569 -0.3227
vn -0.7403 0.5818 -0.3368
vn -0.4444 0.6176 -0.6489
vn 0.8568 0.4678 -0.2171
vn 0.5168 0.6029 -0.6078
vn -0.7434 0.5911 -0.3130
vn -0.7464 0.5931 -0.3018
vn -0.5062 0.5848 -0.6339
vn -0.2799 0.5846 -0.7615
vn -0.0073 0.5212 -0.8534
vn -0.0164 0.5028 -0.8642
vn -0.1990 0.5132 -0.8349
vn 0.6085 0.5655 -0.5567
vn 0.2661 0.5499 -0.7917
vn 0.0154 0.5018 -0.8649
vn 0.0093 0.5136 -0.8580
vn 0.7225 0.6002 -0.3430
vn 0.7310 0.6065 -0.3126
vn 0.7342 0.6089 -0.3005
vn 0.4871 0.5861 -0.6475
vn 0.2529 0.5840 -0.7713
vn 0.7201 0.5985 -0.3511
vn -0.9346 0.0637 -0.3499
vn -0.5975 -0.0022 -0.8018
vn -0.6043 -0.0036 -0.7968
vn -0.5523 0.0071 -0.8336
vn -0.2314 0.0055 -0.9728
vn -0.2131 0.0166 -0.9769
vn -0.1056 0.0085 -0.9944
vn -0.0872 0.0019 -0.9962
vn 0.2819 0.0300 -0.9590
vn 0.1940 0.0064 -0.9810
vn 0.2640 0.0253 -0.9642
vn 0.0194 0.0089 -0.9998
vn 0.0131 0.0030 -0.9999
vn 0.0154 0.0055 -0.9999
vn 0.1948 0.0001 -0.9808
vn 0.9120 0.0046 -0.4101
vn 0.9166 0.0088 -0.3997
vn 0.9180 0.0099 -0.3964
vn 0.6030 0.0006 -0.7977
vn 0.5984 0.0018 -0.8012
vn 0.5741 0.0081 -0.8187
vn -0.8507 -0.0018 -0.5257
vn -0.8330 0.0020 -0.5533
vn -0.8499 -0.0016 -0.5270
vn -0.2925 -0.0008 -0.9563
vn -0.5470 0.0081 -0.8371
vn -0.0128 0.0014 -0.9999
vn -0.3198 0.0059 -0.9475
vn 0.9274 -0.0017 -0.3741
vn -0.8313 0.0017 -0.5558
vn -0.4285 -0.0029 -0.9035
vn -0.4289 -0.0028 -0.9034
vn -0.4280 -0.0005 -0.9038
vn -0.1646 0.0043 -0.9864
vn 0.2069 0.0060 -0.9784
vn 0.5734 -0.0069 -0.8192
vn 0.6464 0.0033 -0.7630
vn 0.5756 -0.0067 -0.8177
vn 0.7584 0.0048 -0.6518
vn 0.2763 -0.0019 -0.9611
vn 0.5718 0.0087 -0.8204
vn 0.4329 0.0001 -0.9014
vn 0.3997 -0.0092 -0.9166
vn 0.3967 -0.0100 -0.9179
vn -0.0163 0.0026 -0.9999
vn 0.6452 0.0055 -0.7640
vn 0.0124 0.0016 -0.9999
vn -0.0164 0.0014 -0.9999
vn 0.2073 0.0065 -0.9783
vn 0.0142 0.0003 -0.9999
vn 0.9492 0.0015 -0.3147
vn 0.7567 0.0006 -0.6538
vn 0.7213 0.0035 -0.6927
vn 0.7761 -0.0011 -0.6307
vn 0.7203 0.0035 -0.6937
vn -0.8258 0.0013 -0.5639
vn -0.1652 0.0077 -0.9862
vn -0.4916 -0.0009 -0.8708
vn -0.7634 0.0023 -0.6459
vn -0.7625 0.0023 -0.6470
vn -0.8042 0.0004 -0.5943
vn -0.8200 -0.0052 -0.5723
vn -0.3894 0.0108 -0.9210
vn -0.0191 0.0069 -0.9998
vn -0.3575 -0.0065 -0.9339
vn -0.8057 0.0004 -0.5924
vn 0.0169 -0.0002 -0.9999
vn 0.9505 0.0017 -0.3107
vn 0.4293 0.0025 -0.9032
vn -0.5420 0.0189 -0.8402
vn -0.2264 0.0008 -0.9740
vn 0.2069 0.0116 -0.9783
vn 0.4901 0.0013 -0.8717
vn 0.5877 0.0010 -0.8091
vn 0.5889 -0.0162 -0.8080
vn 0.6094 -0.0138 -0.7927
vn -0.9734 0.0204 -0.2282
vn -0.8183 -0.0073 -0.5748
vn -0.3823 0.0114 -0.9240
vn -0.0207 0.0080 -0.9998
vn 0.0192 -0.0016 -0.9998
vn 0.4286 0.0028 -0.9035
vn -0.6725 0.0213 -0.7398
vn -0.3819 0.0113 -0.9241
vn 0.6561 0.1901 -0.7303
vn 0.6341 0.2179 -0.7419
vn 0.6693 0.1562 -0.7264
vn 0.0197 0.2096 -0.9776
vn 0.0179 0.2512 -0.9678
vn 0.0195 0.2087 -0.9778
vn 0.5672 0.0350 -0.8228
vn 0.5665 0.0485 -0.8227
vn 0.5663 0.0506 -0.8226
vn 0.5649 0.0717 -0.8220
vn 0.3179 0.2811 -0.9055
vn -0.6398 0.3586 -0.6797
vn -0.3649 0.3478 -0.8637
vn -0.3717 0.3470 -0.8611
vn -0.3658 0.3477 -0.8633
vn -0.5167 0.2274 -0.8254
vn -0.5224 0.2274 -0.8218
vn -0.5573 0.2388 -0.7952
vn -0.8379 0.1586 -0.5223
vn -0.8403 0.1562 -0.5192
vn -0.8157 0.1770 -0.5507
vn -0.7445 0.1479 -0.6510
vn 0.6836 0.2264 -0.6939
vn 0.6906 0.2238 -0.6877
vn 0.0203 0.2475 -0.9687
vn 0.8413 0.3386 -0.4214
vn 0.8551 0.3350 -0.3957
vn 0.8353 0.3501 -0.4240
vn 0.8736 0.3514 -0.3367
vn 0.3941 0.3777 -0.8379
vn 0.4184 0.3636 -0.8323
vn 0.3830 0.3840 -0.8402
vn -0.3723 0.3469 -0.8608
vn -0.0163 0.2897 -0.9570
vn -0.0257 0.2960 -0.9549
vn -0.0204 0.2863 -0.9579
vn -0.0343 0.3013 -0.9529
vn -0.2128 0.2863 -0.9342
vn -0.5153 0.2790 -0.8104
vn -0.9492 0.0987 -0.2988
vn 0.9573 0.0830 -0.2769
vn 0.9498 0.0812 -0.3023
vn 0.9655 0.0642 -0.2525
vn 0.0349 0.3121 -0.9494
vn 0.4360 0.2590 -0.8619
vn 0.4467 0.2557 -0.8573
vn 0.5272 0.2422 -0.8145
vn 0.2295 0.3527 -0.9071
vn 0.4275 0.3581 -0.8301
vn -0.7708 0.1950 -0.6066
vn -0.9523 0.0876 -0.2925
vn -0.9641 0.0665 -0.2572
vn 0.6899 0.2444 -0.6813
vn 0.8246 0.1674 -0.5403
vn 0.8376 0.1742 -0.5178
vn 0.8405 0.1758 -0.5125
vn -0.9435 0.0752 -0.3227
vn -0.6050 0.2275 -0.7631
vn -0.6159 0.2340 -0.7522
vn -0.6366 0.2568 -0.7272
vn -0.6464 0.2688 -0.7141
vn 0.5420 0.2482 -0.8029
vn 0.1228 0.2789 -0.9524
vn 0.9508 0.0917 -0.2960
vn 0.8217 0.1659 -0.5452
vn -0.1259 0.2740 -0.9534
vn -0.6040 0.2284 -0.7636
vn -0.3987 0.2329 -0.8870
vn -0.1250 0.2738 -0.9536
vn -0.8777 0.0983 -0.4689
vn 0.1411 0.2571 -0.9560
vn 0.7080 -0.0257 -0.7058
vn 0.6880 -0.0385 -0.7247
vn 0.7383 -0.0061 -0.6744
vn 0.6866 0.2461 -0.6841
vn -0.7644 0.1500 -0.6270
vn -0.3740 0.1427 -0.9164
vn 0.6530 0.1650 -0.7391
vn 0.7332 0.0659 -0.6768
vn -0.5006 0.0002 -0.8657
vn -0.5272 0.0011 -0.8497
vn -0.5002 0.0001 -0.8659
vn -0.5704 0.0011 -0.8214
vn -0.5480 0.0033 -0.8365
vn -0.5460 0.0035 -0.8378
vn 0.0885 0.0085 -0.9960
vn 0.1056 0.0019 -0.9944
vn 0.0832 0.0106 -0.9965
vn 0.5816 0.0293 -0.8130
vn 0.4312 -0.0035 -0.9023
vn 0.4969 0.0004 -0.8678
vn 0.4507 -0.0023 -0.8927
vn 0.7860 0.0006 -0.6183
vn 0.0619 0.0034 -0.9981
vn -0.1289 0.0032 -0.9917
vn -0.1273 0.0040 -0.9919
vn -0.1270 0.0040 -0.9919
vn -0.1277 0.0015 -0.9918
vn 0.6384 0.0033 -0.7697
vn 0.6352 0.0029 -0.7724
vn 0.6557 0.0022 -0.7550
vn 0.6965 -0.0109 -0.7175
vn 0.8796 -0.0025 -0.4757
vn 0.1082 0.0012 -0.9941
vn -0.7497 0.0032 -0.6618
vn -0.7482 0.0033 -0.6634
vn -0.7971 -0.0010 -0.6039
vn -0.8214 -0.0014 -0.5704
vn -0.7740 -0.0000 -0.6332
vn -0.7824 -0.0000 -0.6228
vn -0.7741 -0.0000 -0.6331
vn 0.7384 0.0081 -0.6743
vn 0.1043 0.0026 -0.9945
vn 0.7988 -0.0001 -0.6016
vn -0.1422 -0.0014 -0.9898
vn 0.7991 0.0031 -0.6012
vn -0.8175 -0.0001 -0.5760
vn -0.5492 -0.0004 -0.8357
vn -0.5625 0.0007 -0.8268
vn 0.6370 0.0010 -0.7709
vn 0.8042 0.0011 -0.5944
vn 0.8093 0.0009 -0.5873
vn 0.0926 -0.0001 -0.9957
vn 0.1051 -0.0004 -0.9945
vn 0.3211 -0.0048 -0.9470
vn 0.4101 0.0030 -0.9120
vn 0.3233 -0.0046 -0.9463
vn -0.1436 -0.0009 -0.9896
vn 0.5141 -0.0007 -0.8577
vn -0.5440 0.0001 -0.8391
vn -0.7821 -0.0000 -0.6231
vn 0.7655 -0.0043 -0.6434
vn 0.0957 0.0006 -0.9954
vn 0.5031 0.0003 -0.8642
vn -0.1166 -0.0008 -0.9932
vn 0.7670 -0.0036 -0.6416
vn -0.8243 0.0003 -0.5661
vn 0.7687 -0.0009 -0.6396
vn 0.0971 -0.0001 -0.9953
vn 0.5177 -0.0048 -0.8555
vn 0.7240 -0.0042 -0.6898
vn -0.1287 0.0011 -0.9917
vn -0.5490 -0.0004 -0.8358
vn -0.1255 -0.0008 -0.9921
vn 0.7927 0.0046 -0.6095
vn 0.5401 -0.0008 -0.8416
vn 0.8178 -0.0000 -0.5755
vn 0.8215 0.0008 -0.5702
vn -0.5432 -0.0000 -0.8396
vn -0.2698 -0.0000 -0.9629
vn 0.5505 0.0002 -0.8349
vn 0.8275 -0.0003 -0.5615
vn 0.5126 -0.0008 -0.8586
vn -0.7950 -0.0002 -0.6067
vn -0.1350 0.0008 -0.9908
vn 0.1361 -0.0005 -0.9907
vn -0.8521 0.0038 -0.5234
vn 0.8315 0.0017 -0.5555
vn 0.1295 -0.0005 -0.9916
vn 0.1073 0.0016 -0.9942
vn -0.8527 0.0039 -0.5224
vn 0.5610 -0.0005 -0.8278
vn 0.1064 0.0013 -0.9943
vn 0.8166 -0.0023 -0.5771
vn -0.1249 -0.0008 -0.9922
vn -0.4784 0.0025 -0.8781
vn 0.5613 -0.0007 -0.8276
vn 0.8315 0.0018 -0.5555
vn 0.8213 -0.0003 -0.5705
vn -0.5638 -0.0015 -0.8259
vn -0.8078 0.0009 -0.5895
vn -0.1667 -0.0002 -0.9860
vn 0.5651 0.0002 -0.8250
vn 0.8211 -0.0003 -0.5708
vn 0.8291 0.0005 -0.5591
vn 0.0629 0.0013 -0.9980
vn -0.7963 0.0032 -0.6049
vn 0.5714 0.0006 -0.8207
vn 0.8522 -0.0060 -0.5232
vn 0.0888 0.0017 -0.9961
vn 0.7604 0.0003 -0.6495
vn -0.4777 0.0025 -0.8785
vn 0.6080 -0.0020 -0.7939
vn 0.8756 0.0036 -0.4830
vn 0.0693 0.0039 -0.9976
vn -0.1366 -0.0008 -0.9906
vn -0.5642 -0.0016 -0.8256
vn -0.1390 0.0024 -0.9903
vn -0.6671 -0.0014 -0.7450
vn 0.6363 -0.0040 -0.7714
vn 0.8771 0.0043 -0.4803
vn -0.7908 0.0438 -0.6106
vn 0.4029 0.0021 -0.9152
vn 0.4093 0.0234 -0.9121
vn 0.8154 0.0624 -0.5756
vn -0.1050 0.0078 -0.9944
vn -0.4350 0.0016 -0.9004
vn -0.3793 0.0065 -0.9253
vn -0.4333 0.0017 -0.9013
vn -0.6162 0.1587 -0.7714
vn -0.1017 0.0068 -0.9948
vn -0.3779 0.0066 -0.9258
vn -0.4042 0.0263 -0.9143
vn -0.5898 0.0065 -0.8075
vn -0.5877 0.0071 -0.8091
vn -0.6043 0.0297 -0.7962
vn 0.3774 0.0365 -0.9253
vn 0.3088 0.0504 -0.9498
vn 0.3902 0.0320 -0.9202
vn 0.8422 -0.0069 -0.5392
vn 0.4092 0.0324 -0.9119
vn 0.0510 0.0169 -0.9986
vn 0.8162 0.0594 -0.5747
vn -0.7890 0.0557 -0.6119
vn -0.7809 0.1021 -0.6162
vn -0.5503 0.1545 -0.8206
vn -0.6092 0.0189 -0.7928
vn 0.2979 0.0421 -0.9537
vn 0.7726 0.1759 -0.6101
vn 0.7771 0.1745 -0.6048
vn 0.7755 0.1750 -0.6066
vn 0.7703 0.1767 -0.6128
vn -0.8333 0.0347 -0.5517
vn -0.8336 0.0348 -0.5513
vn -0.8377 0.0363 -0.5449
vn -0.6522 0.0093 -0.7580
vn -0.0992 0.0069 -0.9950
vn -0.5984 0.0496 -0.7997
vn -0.7141 0.1068 -0.6918
vn -0.7438 0.0525 -0.6664
vn -0.7150 0.1065 -0.6910
vn 0.2940 0.0342 -0.9552
vn 0.8468 0.0308 -0.5310
vn 0.8165 0.0209 -0.5770
vn 0.8439 0.0299 -0.5356
vn 0.6285 0.1508 -0.7630
vn 0.4116 0.0571 -0.9096
vn 0.0981 0.0085 -0.9951
vn 0.8127 0.1224 -0.5697
vn -0.4331 0.0568 -0.8996
vn -0.4678 0.0281 -0.8834
vn -0.4796 0.0181 -0.8773
vn -0.0953 0.0114 -0.9954
vn -0.7349 0.0753 -0.6740
vn 0.8141 0.0202 -0.5803
vn 0.1242 0.0205 -0.9920
vn -0.8380 0.0364 -0.5445
vn -0.0972 0.0162 -0.9951
vn -0.7645 0.0200 -0.6443
vn -0.7692 0.0178 -0.6387
vn 0.6945 0.0876 -0.7141
vn 0.7089 0.1162 -0.6957
vn 0.7259 0.1388 -0.6737
vn 0.6281 -0.0061 -0.7781
vn 0.0619 0.0014 -0.9981
vn 0.8045 0.0272 -0.5933
vn -0.7823 0.1889 -0.5936
vn -0.7731 0.1773 -0.6090
vn -0.7633 0.1030 -0.6378
vn -0.7625 0.0906 -0.6406
vn -0.4201 0.0673 -0.9050
vn -0.6991 0.1177 -0.7053
vn -0.8030 0.1168 -0.5844
vn -0.8081 0.1133 -0.5780
vn -0.7732 0.1292 -0.6209
vn 0.6231 0.0559 -0.7802
vn 0.6122 0.0531 -0.7889
vn 0.7900 0.0303 -0.6123
vn 0.3149 0.0468 -0.9480
vn 0.2653 0.0279 -0.9638
vn 0.2570 0.0211 -0.9662
vn 0.0608 0.0022 -0.9981
vn -0.7982 0.0566 -0.5997
vn -0.0784 0.0076 -0.9969
vn -0.3960 0.0359 -0.9175
vn -0.3816 0.0682 -0.9218
vn -0.3863 0.0579 -0.9206
vn 0.4993 0.0920 -0.8615
vn 0.5005 0.1002 -0.8599
vn 0.4989 0.0888 -0.8621
vn 0.4978 0.0821 -0.8634
vn 0.7717 0.2651 -0.5781
vn 0.7581 0.1871 -0.6248
vn 0.7368 0.1668 -0.6552
vn 0.7289 0.1595 -0.6658
vn 0.7677 0.1967 -0.6098
vn 0.3417 0.0366 -0.9391
vn -0.8019 0.0585 -0.5945
vn -0.8625 0.0474 -0.5038
vn -0.0758 0.0136 -0.9970
vn -0.2961 0.0381 -0.9544
vn -0.3714 0.0905 -0.9240
vn -0.7208 0.1249 -0.6818
vn 0.6381 0.1560 -0.7540
vn 0.6374 0.1551 -0.7547
vn 0.6390 0.1573 -0.7530
vn 0.0682 0.0105 -0.9976
vn 0.7209 0.0095 -0.6930
vn 0.3553 0.0209 -0.9345
vn -0.6958 0.2432 -0.6758
vn -0.0829 0.0151 -0.9964
vn -0.6766 0.1454 -0.7218
vn -0.6465 0.1370 -0.7505
vn 0.6396 0.1582 -0.7523
vn 0.1157 0.0133 -0.9932
vn 0.1722 0.0213 -0.9848
vn 0.7699 0.0048 -0.6382
vn 0.6391 0.2215 -0.7366
vn 0.5556 0.0534 -0.8297
vn -0.7699 0.1169 -0.6273
vn -0.7707 0.1132 -0.6270
vn -0.7690 0.1183 -0.6282
vn -0.5346 0.0157 -0.8449
vn -0.0581 0.0074 -0.9983
vn -0.6387 0.1252 -0.7592
vn -0.4348 0.2295 -0.8708
vn 0.4679 0.1046 -0.8776
vn 0.5485 0.1024 -0.8298
vn 0.4517 0.1072 -0.8857
vn 0.5523 0.2444 -0.7970
vn 0.0744 0.0137 -0.9971
vn 0.0700 0.0244 -0.9972
vn 0.7803 0.0350 -0.6245
vn 0.0654 0.0113 -0.9978
vn 0.5898 0.0924 -0.8022
vn 0.5906 0.1128 -0.7990
vn 0.5906 0.1121 -0.7991
vn -0.7684 0.1445 -0.6234
vn -0.0597 0.0151 -0.9981
vn -0.7032 0.1891 -0.6854
vn -0.7473 0.1564 -0.6458
vn -0.7844 0.1690 -0.5968
vn -0.3728 0.1090 -0.9215
vn -0.7901 0.1766 -0.5870
vn 0.5682 0.1189 -0.8143
vn 0.5913 0.1356 -0.7950
vn -0.7737 0.1377 -0.6184
vn -0.2410 0.0545 -0.9690
vn -0.0507 0.0133 -0.9986
vn -0.0401 0.0139 -0.9991
vn -0.4458 0.0614 -0.8930
vn -0.4508 0.0651 -0.8902
vn -0.4779 0.0854 -0.8743
vn -0.7218 0.2556 -0.6432
vn -0.7151 0.2445 -0.6549
vn -0.5179 0.1076 -0.8486
vn 0.0398 0.0071 -0.9992
vn 0.5734 0.1304 -0.8088
vn 0.2925 0.1162 -0.9492
vn 0.3706 0.1652 -0.9140
vn 0.3757 0.1685 -0.9113
vn 0.2196 0.0453 -0.9746
vn 0.2751 0.0703 -0.9589
vn 0.2281 0.0520 -0.9723
vn 0.0311 0.0016 -0.9995
vn 0.7419 0.1180 -0.6600
vn 0.7382 0.1404 -0.6598
vn 0.6982 0.0759 -0.7118
vn 0.6848 0.0653 -0.7258
vn -0.3387 0.1910 -0.9213
vn -0.3036 0.1504 -0.9408
vn -0.3483 0.2022 -0.9153
vn 0.7817 0.1944 -0.5925
vn 0.6064 0.2359 -0.7593
vn 0.6308 0.2352 -0.7394
vn 0.6356 0.2453 -0.7321
vn 0.3075 0.0619 -0.9495
vn 0.7321 0.1436 -0.6659
vn -0.7725 0.1893 -0.6061
vn -0.8074 0.1683 -0.5655
vn -0.4835 0.0897 -0.8707
vn -0.0295 0.0067 -0.9995
vn -0.6777 0.3296 -0.6574
vn -0.7033 0.2706 -0.6574
vn -0.6769 0.3262 -0.6598
vn -0.4833 0.2081 -0.8504
vn -0.4821 0.2075 -0.8512
vn -0.4565 0.1943 -0.8683
vn 0.5665 0.2518 -0.7847
vn 0.6128 0.3128 -0.7257
vn 0.2801 0.1085 -0.9538
vn 0.0308 0.0091 -0.9995
vn 0.0348 0.0076 -0.9994
vn 0.7695 0.1731 -0.6148
vn 0.7671 0.1783 -0.6162
vn 0.3740 0.0805 -0.9239
vn 0.3864 0.0827 -0.9186
vn -0.3411 0.0860 -0.9361
vn -0.3386 0.0838 -0.9372
vn -0.3211 0.0733 -0.9442
vn -0.3060 0.0748 -0.9491
vn -0.0217 0.0085 -0.9997
vn -0.4549 0.1935 -0.8692
vn -0.2908 0.1357 -0.9471
vn 0.6197 0.3337 -0.7103
vn -0.7563 0.1860 -0.6272
vn -0.7547 0.1842 -0.6297
vn -0.3232 0.1891 -0.9272
vn -0.3265 0.1921 -0.9255
vn -0.3484 0.2298 -0.9087
vn -0.6338 0.3616 -0.6838
vn -0.6359 0.3641 -0.6804
vn 0.3217 0.1893 -0.9277
vn 0.6078 0.3820 -0.6961
vn 0.8374 0.4432 -0.3200
vn 0.0107 0.0084 -0.9999
vn 0.0186 0.0126 -0.9997
vn 0.7375 0.1872 -0.6489
vn 0.7344 0.1921 -0.6510
vn 0.3205 0.0833 -0.9436
vn 0.3436 0.1037 -0.9334
vn -0.6429 0.2068 -0.7375
vn -0.6407 0.2016 -0.7408
vn -0.6352 0.1887 -0.7490
vn -0.2362 0.0645 -0.9696
vn -0.2319 0.0638 -0.9707
vn -0.0184 0.0086 -0.9998
vn -0.0100 0.0104 -0.9999
vn -0.2762 0.2252 -0.9344
vn -0.2547 0.2228 -0.9410
vn -0.5101 0.4653 -0.7234
vn -0.6230 0.4863 -0.6127
vn -0.4180 0.7081 -0.5692
vn 0.4147 0.5841 -0.6977
vn 0.4144 0.6035 -0.6812
vn 0.4146 0.5899 -0.6929
vn 0.1691 0.1310 -0.9768
vn 0.4518 0.3785 -0.8078
vn 0.6952 0.4837 -0.5316
vn 0.7401 0.2411 -0.6278
vn -0.7480 0.2480 -0.6156
vn -0.7792 0.2931 -0.5540
vn -0.7423 0.2403 -0.6255
vn -0.6330 0.1836 -0.7521
vn -0.2905 0.3910 -0.8733
vn -0.2844 0.3860 -0.8776
vn -0.3135 0.4321 -0.8456
vn -0.3080 0.4514 -0.8375
vn -0.2986 0.4702 -0.8305
vn 0.0183 0.4293 -0.9030
vn 0.4143 0.6085 -0.6768
vn 0.0597 0.6074 -0.7921
vn -0.1728 0.7692 -0.6152
vn 0.1804 0.3047 -0.9352
vn 0.0192 0.0017 -0.9998
vn 0.7427 0.2376 -0.6260
vn 0.3773 0.1042 -0.9202
vn 0.3770 0.0985 -0.9209
vn -0.3615 0.1217 -0.9244
vn -0.3461 0.1269 -0.9296
vn -0.3577 0.1230 -0.9257
vn -0.0045 0.0076 -1.0000
vn -0.2092 0.3263 -0.9218
vn 0.0079 0.0765 -0.9970
vn 0.0822 0.1135 -0.9901
vn 0.0539 0.0994 -0.9936
vn -0.0164 0.0643 -0.9978
vn 0.0096 0.0033 -0.9999
vn 0.7316 0.2755 -0.6235
vn 0.7198 0.2889 -0.6312
vn 0.3756 0.0963 -0.9218
vn -0.7832 0.2994 -0.5449
vn -0.3425 0.1281 -0.9307
vn -0.0108 0.0059 -0.9999
vn 0.0039 0.0058 -1.0000
vn 0.2783 0.1507 -0.9486
vn 0.2149 0.0883 -0.9726
vn 0.2018 0.0743 -0.9766
vn 0.3076 0.1596 -0.9380
vn 0.7065 0.3026 -0.6398
vn -0.6884 0.3087 -0.6564
vn -0.4474 0.2058 -0.8703
vn -0.4553 0.2076 -0.8658
vn -0.3599 0.1897 -0.9135
vn -0.3574 0.2082 -0.9104
vn -0.1040 0.0498 -0.9933
vn -0.1125 0.0550 -0.9921
vn 0.0030 0.0087 -1.0000
vn 0.3179 0.1938 -0.9281
vn -0.6753 0.3843 -0.6296
vn -0.7364 0.3823 -0.5581
vn -0.7458 0.3817 -0.5459
vn 0.6959 0.3419 -0.6315
vn 0.7851 0.4167 -0.4582
vn 0.3214 0.1903 -0.9276
vn -0.6627 0.3842 -0.6428
vn -0.3193 0.2158 -0.9228
vn -0.3104 0.2272 -0.9230
vn -0.3094 0.2374 -0.9208
vn 0.0102 0.0142 -0.9998
vn 0.6701 0.4657 -0.5780
vn 0.0365 0.0266 -0.9990
vn 0.3104 0.2139 -0.9262
vn -0.6547 0.5673 -0.4996
vn -0.4865 0.4632 -0.7408
vn -0.4043 0.3797 -0.8321
vn -0.1978 0.1949 -0.9607
vn -0.2271 0.2398 -0.9439
vn -0.1939 0.1888 -0.9627
vn -0.2303 0.2448 -0.9418
vn 0.0861 0.1579 -0.9837
vn 0.0114 0.0280 -0.9995
vn 0.4191 0.4252 -0.8022
vn 0.4389 0.4030 -0.8031
vn 0.4370 0.4052 -0.8030
vn 0.4558 0.3835 -0.8032
vn -0.2791 0.7410 -0.6107
vn -0.2876 0.7696 -0.5701
vn -0.2733 0.7215 -0.6362
vn -0.0869 0.4453 -0.8912
vn -0.2921 0.7848 -0.5466
vn -0.0775 0.2573 -0.9632
vn 0.3058 0.6990 -0.6464
vn 0.1251 0.5496 -0.8260
vn 0.1413 0.5789 -0.8031
vn 0.1269 0.5528 -0.8236
vn 0.1142 0.5296 -0.8405
vn 0.4778 0.6125 -0.6297
vn -0.3292 -0.1511 -0.9321
vn -0.0066 -0.1916 -0.9815
vn -0.0091 -0.1916 -0.9814
vn -0.0134 -0.2004 -0.9796
vn -0.0139 -0.2026 -0.9792
vn -0.0002 -0.3813 -0.9244
vn 0.0022 -0.2116 -0.9773
vn 0.0037 -0.2075 -0.9782
vn 0.0001 -0.1983 -0.9801
vn 0.0001 -0.1888 -0.9820
vn -0.0028 -0.1820 -0.9833
vn -0.0079 -0.4980 -0.8671
vn 0.0014 -0.1971 -0.9804
vn 0.0117 -0.4789 -0.8778
vn 0.0043 -0.1911 -0.9816
vn -0.0023 -0.1701 -0.9854
vn -0.0173 -0.3851 -0.9227
vn -0.0119 -0.3792 -0.9252
vn 0.0029 -0.3619 -0.9322
vn 0.0018 -0.1989 -0.9800
vn 0.0034 -0.1977 -0.9803
vn 0.0050 -0.3417 -0.9398
vn 0.0047 -0.3403 -0.9403
vn 0.0085 -0.1809 -0.9835
vn 0.0092 -0.1779 -0.9840
vn 0.0002 -0.3742 -0.9274
vn 0.2883 -0.1566 -0.9447
vn -0.4069 -0.8958 -0.1787
vn -0.4243 -0.8955 -0.1344
vn -0.4296 -0.8950 -0.1203
vn -0.4107 -0.6535 -0.6359
vn -0.4001 -0.8954 -0.1954
vn -0.1982 -0.8932 -0.4036
vn -0.2165 -0.8914 -0.3982
vn -0.1843 -0.8944 -0.4075
vn -0.2257 -0.8903 -0.3954
vn -0.3757 -0.3877 -0.8418
vn -0.1395 -0.7430 -0.6546
vn -0.0080 -0.6548 -0.7558
vn -0.0068 -0.6601 -0.7512
vn -0.0116 -0.6073 -0.7944
vn -0.0085 -0.8441 -0.5362
vn -0.0068 -0.8410 -0.5410
vn 0.0116 -0.5745 -0.8184
vn -0.0032 -0.6531 -0.7572
vn -0.0021 -0.6590 -0.7522
vn 0.0047 -0.6533 -0.7571
vn -0.0112 -0.6409 -0.7675
vn -0.0040 -0.6480 -0.7616
vn 0.0004 -0.8341 -0.5517
vn 0.0070 -0.6291 -0.7773
vn 0.0213 -0.6511 -0.7587
vn 0.0055 -0.6931 -0.7208
vn 0.0019 -0.6747 -0.7381
vn 0.0073 -0.6792 -0.7339
vn 0.0041 -0.6801 -0.7332
vn -0.0120 -0.6112 -0.7914
vn -0.0133 -0.6119 -0.7908
vn -0.0002 -0.8327 -0.5537
vn 0.0006 -0.5821 -0.8131
vn -0.0011 -0.5724 -0.8200
vn -0.0007 -0.8316 -0.5553
vn 0.0196 -0.6173 -0.7865
vn 0.0036 -0.8340 -0.5518
vn 0.0222 -0.6236 -0.7814
vn 0.0153 -0.8419 -0.5394
vn 0.3650 -0.4158 -0.8330
vn 0.1253 -0.7356 -0.6657
vn 0.0222 -0.6237 -0.7813
vn 0.0195 -0.8443 -0.5355
vn 0.0202 -0.8440 -0.5360
vn 0.6993 -0.5618 -0.4420
vn 0.6992 -0.5620 -0.4419
vn 0.6992 -0.5622 -0.4417
vn 0.5753 -0.6623 -0.4799
vn 0.5756 -0.6641 -0.4771
vn 0.5777 -0.6761 -0.4574
vn 0.3107 -0.9266 -0.2120
vn 0.2413 -0.8988 -0.3659
vn 0.5308 -0.8473 -0.0194
vn 0.5272 -0.8432 -0.1052
vn 0.5176 -0.8529 -0.0676
vn -0.7089 -0.6835 -0.1740
vn 0.5490 -0.8291 -0.1061
vn 0.6093 -0.7611 -0.2227
vn 0.6372 -0.7378 -0.2229
vn 0.6412 -0.7343 -0.2229
vn 0.6775 -0.7010 -0.2227
vn 0.9808 -0.0548 -0.1872
vn 0.9750 -0.1273 -0.1822
vn -0.9999 -0.0004 -0.0143
vn -1.0000 0.0026 -0.0064
vn -1.0000 0.0033 -0.0067
vn -0.0171 -0.9998 -0.0043
vn -0.0041 -1.0000 -0.0051
vn -0.6396 -0.7687 0.0042
vn -0.7027 -0.7115 -0.0064
vn -0.6333 -0.7739 0.0052
vn -0.7137 -0.7004 -0.0084
vn -0.9560 -0.2935 -0.0008
vn -0.9562 -0.2927 -0.0011
vn -0.9559 -0.2936 -0.0008
vn -0.9563 -0.2925 -0.0012
vn -0.2870 -0.9579 -0.0117
vn 0.2205 -0.9754 -0.0018
vn 0.7349 -0.6781 0.0071
vn 0.7017 -0.7125 -0.0008
vn 0.7055 -0.7087 0.0001
vn 0.9535 -0.3013 -0.0061
vn 0.9531 -0.3026 -0.0058
vn 0.9564 -0.2919 -0.0087
vn 0.7395 -0.6731 0.0083
vn 0.9569 -0.2902 -0.0091
vn -0.9987 -0.0031 -0.0516
vn -0.9971 0.0334 -0.0680
vn 0.9999 -0.0020 -0.0139
vn 0.9998 -0.0036 -0.0172
vn 0.9999 -0.0027 -0.0153
vn 0.9998 -0.0042 -0.0185
vn -0.9132 0.4071 -0.0198
vn 0.9691 0.2351 -0.0746
vn 0.9114 0.4109 -0.0240
vn -0.8448 0.5348 -0.0159
vn -0.8473 0.5310 -0.0145
vn -0.8498 0.5270 -0.0130
vn 0.8479 0.5300 -0.0138
vn 0.8478 0.5302 -0.0138
vn 0.8480 0.5299 -0.0137
vn -0.9998 0.0024 -0.0173
vn -0.9998 0.0020 -0.0205
vn -0.9998 0.0021 -0.0209
vn 0.9999 0.0007 -0.0162
vn 0.9999 0.0049 -0.0123
vn 0.9999 0.0019 -0.0171
vn -0.9998 -0.0011 -0.0219
vn -1.0000 0.0064 -0.0053
vn -0.9622 0.2254 -0.1528
vn 0.9574 0.1988 -0.2096
vn -0.9573 0.2876 -0.0285
vn -0.9641 0.2645 -0.0244
vn -0.9708 0.2393 -0.0160
vn -0.8662 0.3616 -0.3449
vn -0.8752 0.3616 -0.3213
vn -0.8747 0.3617 -0.3227
vn -0.8658 0.3616 -0.3459
vn -0.6355 0.3352 -0.6956
vn -0.7606 0.3837 -0.5237
vn -0.5135 0.4597 -0.7246
vn 0.9040 0.3622 -0.2269
vn 0.9327 0.3368 -0.1288
vn 0.6060 0.4056 -0.6843
vn 0.5835 0.4247 -0.6922
vn 0.5907 0.4187 -0.6898
vn -0.7067 0.4203 -0.5692
vn -0.3537 0.3992 -0.8459
vn -0.3923 0.3918 -0.8322
vn -0.3505 0.3976 -0.8480
vn -0.0470 0.3045 -0.9513
vn -0.0387 0.2831 -0.9583
vn -0.4194 0.2867 -0.8613
vn 0.5462 0.2535 -0.7984
vn 0.0301 0.3229 -0.9460
vn 0.6134 0.3992 -0.6815
vn -0.7777 0.4278 -0.4606
vn -0.7470 0.4126 -0.5213
vn -0.7793 0.4297 -0.4562
vn -0.4039 0.3807 -0.8318
vn -0.4080 0.2858 -0.8671
vn -0.7679 0.1962 -0.6098
vn 0.5859 0.2346 -0.7757
vn 0.5860 0.2379 -0.7746
vn 0.0489 0.3105 -0.9493
vn 0.0775 0.2688 -0.9601
vn 0.7359 0.4356 -0.5183
vn 0.7420 0.4328 -0.5119
vn 0.7970 0.4045 -0.4486
vn 0.3609 0.4082 -0.8385
vn 0.4091 0.4020 -0.8192
vn 0.3946 0.3973 -0.8285
vn 0.3527 0.4116 -0.8404
vn -0.7876 0.4153 -0.4552
vn -0.6450 0.4266 -0.6340
vn -0.4191 0.3596 -0.8337
vn -0.0669 0.2926 -0.9539
vn -0.0925 0.3124 -0.9454
vn -0.5325 0.2199 -0.8174
vn -0.5511 0.2253 -0.8034
vn -0.5477 0.2244 -0.8060
vn -0.5296 0.2190 -0.8195
vn -0.7675 0.2072 -0.6067
vn -0.9466 0.0315 -0.3208
vn 0.4847 0.1749 -0.8570
vn 0.5939 0.2270 -0.7718
vn 0.9498 0.0592 -0.3073
vn 0.9515 0.0334 -0.3059
vn 0.0869 0.2436 -0.9660
vn 0.8026 0.4012 -0.4415
vn 0.5623 0.3755 -0.7368
vn 0.4118 0.4046 -0.8165
vn -0.9481 0.0428 -0.3152
vn 0.1265 0.1973 -0.9722
vn -0.0956 0.0070 -0.9954
vn -0.0990 0.0082 -0.9951
vn -0.1094 0.0047 -0.9940
vn -0.5591 0.0076 -0.8291
vn -0.6085 0.0038 -0.7936
vn -0.5613 0.0078 -0.8276
vn -0.5169 0.0043 -0.8560
vn -0.9549 -0.0003 -0.2968
vn 0.9571 0.0024 -0.2899
vn 0.9572 0.0015 -0.2895
vn 0.0741 0.0088 -0.9972
vn 0.0789 0.0072 -0.9969
vn 0.0978 0.0001 -0.9952
vn -0.1107 0.0053 -0.9938
vn 0.5326 0.0040 -0.8463
vn 0.5682 0.0163 -0.8227
vn 0.5278 0.0046 -0.8493
vn 0.5786 0.0036 -0.8156
vn 0.0967 -0.0037 -0.9953
vn -0.1059 -0.0001 -0.9944
vn -0.1079 -0.0026 -0.9942
vn -0.5361 0.0048 -0.8442
vn -0.5704 -0.0062 -0.8213
vn -0.6836 0.0009 -0.7298
vn -0.8835 -0.0001 -0.4684
vn -0.8821 -0.0000 -0.4710
vn -0.9571 -0.0018 -0.2897
vn -0.9578 -0.0002 -0.2875
vn 0.5651 0.0234 -0.8247
vn 0.1026 -0.0002 -0.9947
vn -0.8813 0.0001 -0.4726
vn 0.1008 0.0014 -0.9949
vn -0.1054 -0.0003 -0.9944
vn -0.6140 -0.0023 -0.7893
vn 0.9599 -0.0004 -0.2803
vn 0.0937 -0.0004 -0.9956
vn 0.4444 -0.0109 -0.8958
vn 0.4896 0.0004 -0.8719
vn 0.4478 -0.0101 -0.8941
vn 0.6765 -0.0061 -0.7365
vn 0.6743 -0.0065 -0.7385
vn 0.7439 0.0056 -0.6683
vn 0.9601 0.0001 -0.2796
vn -0.9453 -0.0055 -0.3261
vn 0.7531 0.0017 -0.6579
vn 0.0843 0.0006 -0.9964
vn 0.4756 0.0064 -0.8797
vn 0.4724 0.0028 -0.8814
vn 0.4860 0.0120 -0.8739
vn -0.1071 0.0025 -0.9942
vn -0.5666 -0.0099 -0.8239
vn -0.9449 -0.0050 -0.3274
vn 0.0838 0.0005 -0.9965
vn 0.4976 0.0001 -0.8674
vn -0.1063 0.0001 -0.9943
vn -0.1063 -0.0000 -0.9943
vn -0.9588 0.0023 -0.2839
vn -0.9572 0.0051 -0.2893
vn 0.5012 0.0006 -0.8653
vn 0.7542 0.0007 -0.6567
vn 0.7535 -0.0000 -0.6575
vn 0.9583 0.0017 -0.2856
vn -0.5392 0.0023 -0.8422
vn 0.5085 -0.0007 -0.8611
vn 0.0850 0.0006 -0.9964
vn -0.6052 0.0035 -0.7961
vn 0.7473 -0.0003 -0.6644
vn 0.9575 0.0006 -0.2885
vn 0.0905 -0.0006 -0.9959
vn -0.1064 -0.0018 -0.9943
vn -0.5372 0.0026 -0.8434
vn 0.5219 -0.0032 -0.8530
vn 0.7460 0.0002 -0.6659
vn 0.9595 -0.0018 -0.2815
vn 0.0917 -0.0003 -0.9958
vn -0.1053 -0.0023 -0.9944
vn 0.5522 0.0029 -0.8337
vn -0.1116 0.0008 -0.9938
vn -0.9572 -0.0001 -0.2896
vn 0.5116 -0.0001 -0.8592
vn 0.9598 -0.0016 -0.2806
vn 0.0938 0.0007 -0.9956
vn 0.0946 -0.0001 -0.9955
vn -0.5767 0.0005 -0.8169
vn -0.1095 0.0002 -0.9940
vn -0.1054 -0.0018 -0.9944
vn -0.6436 0.0003 -0.7654
vn -0.5453 -0.0051 -0.8382
vn -0.8585 -0.0016 -0.5128
vn -0.8587 -0.0016 -0.5125
vn -0.8383 0.0009 -0.5452
vn -0.9570 0.0004 -0.2901
vn -0.5729 -0.0015 -0.8196
vn -0.8417 -0.0005 -0.5399
vn 0.5617 -0.0049 -0.8274
vn 0.5136 -0.0005 -0.8581
vn 0.6932 0.0038 -0.7207
vn 0.9564 0.0005 -0.2921
vn -0.0914 -0.0005 -0.9958
vn -0.3513 0.0002 -0.9363
vn -0.3167 0.0039 -0.9485
vn -0.3156 0.0040 -0.9489
vn -0.0891 0.0006 -0.9960
vn -0.5268 0.0060 -0.8499
vn 0.6922 0.0039 -0.7217
vn 0.0916 -0.0019 -0.9958
vn 0.5839 0.0080 -0.8118
vn 0.0939 -0.0021 -0.9956
vn -0.3225 -0.0033 -0.9465
vn -0.8305 -0.0001 -0.5571
vn -0.0900 -0.0002 -0.9959
vn -0.5750 0.0008 -0.8182
vn -0.9572 -0.0006 -0.2895
vn 0.6280 0.0008 -0.7782
vn 0.9564 0.0011 -0.2922
vn -0.0886 0.0003 -0.9961
vn -0.0876 0.0001 -0.9962
vn -0.9586 0.0011 -0.2846
vn 0.9541 0.0013 -0.2995
vn 0.0970 0.0001 -0.9953
vn -0.4819 -0.0049 -0.8762
vn -0.5440 0.0120 -0.8390
vn 0.0953 0.0006 -0.9954
vn -0.8180 -0.0008 -0.5752
vn -0.8174 -0.0008 -0.5761
vn -0.9564 0.0024 -0.2921
vn 0.5879 -0.0031 -0.8089
vn -0.3214 -0.0035 -0.9469
vn 0.5871 -0.0053 -0.8095
vn 0.0948 0.0007 -0.9955
vn -0.0926 0.0026 -0.9957
vn -0.5293 0.0025 -0.8484
vn 0.9468 -0.0039 -0.3218
vn 0.0935 0.0008 -0.9956
vn -0.9561 0.0025 -0.2929
vn 0.5771 0.0097 -0.8166
vn 0.5900 0.0271 -0.8069
vn -0.0799 0.0038 -0.9968
vn -0.5478 0.0147 -0.8365
vn -0.4051 0.0556 -0.9126
vn -0.3903 0.0382 -0.9199
vn -0.4134 0.0654 -0.9082
vn -0.8936 0.0894 -0.4399
vn 0.9408 -0.0082 -0.3389
vn 0.0779 0.0023 -0.9970
vn -0.0791 0.0079 -0.9968
vn -0.7571 0.1691 -0.6311
vn -0.9397 0.1441 -0.3101
vn -0.9504 0.0677 -0.3035
vn -0.9461 0.0935 -0.3100
vn -0.9431 0.1588 -0.2920
vn 0.5966 0.0347 -0.8018
vn 0.6996 0.0351 -0.7137
vn 0.6961 0.0240 -0.7176
vn 0.7000 0.0448 -0.7127
vn 0.9722 0.0688 -0.2237
vn 0.0736 0.0033 -0.9973
vn -0.0654 -0.0013 -0.9979
vn -0.5360 0.0062 -0.8442
vn -0.4942 0.0194 -0.8691
vn -0.5365 0.0071 -0.8439
vn -0.3823 0.0290 -0.9236
vn -0.9647 0.0449 -0.2597
vn -0.9400 0.0353 -0.3392
vn 0.3724 0.0258 -0.9277
vn 0.3678 0.0192 -0.9297
vn 0.3683 0.0067 -0.9297
vn 0.9243 0.1108 -0.3652
vn 0.9234 0.1545 -0.3513
vn 0.9293 0.0947 -0.3571
vn -0.1039 -0.0001 -0.9946
vn 0.6672 0.0443 -0.7436
vn 0.6698 0.0403 -0.7414
vn 0.9473 0.0350 -0.3184
vn 0.9498 0.0988 -0.2967
vn 0.0462 0.0046 -0.9989
vn 0.3553 -0.0048 -0.9347
vn 0.3253 0.0036 -0.9456
vn 0.3261 0.0029 -0.9453
vn -0.0508 0.0011 -0.9987
vn -0.5800 0.0093 -0.8146
vn -0.5921 0.0078 -0.8059
vn -0.9033 0.0278 -0.4282
vn -0.9465 0.0160 -0.3222
vn -0.9550 0.0227 -0.2957
vn 0.3010 0.0221 -0.9534
vn -0.0433 0.0068 -0.9990
vn -0.5002 0.1716 -0.8487
vn -0.6873 0.1308 -0.7145
vn -0.9399 0.1679 -0.2974
vn -0.9543 0.1115 -0.2773
vn -0.9424 0.1638 -0.2915
vn -0.9541 0.1260 -0.2717
vn 0.2969 0.0212 -0.9547
vn 0.6083 0.0041 -0.7937
vn 0.6013 0.0017 -0.7991
vn 0.9525 0.0934 -0.2898
vn 0.0499 0.0036 -0.9987
vn -0.0503 0.0044 -0.9987
vn 0.9467 0.1077 -0.3035
vn 0.9443 0.1161 -0.3079
vn 0.4795 0.1591 -0.8630
vn 0.7188 0.1080 -0.6867
vn 0.7163 0.0842 -0.6927
vn 0.7172 0.0921 -0.6907
vn -0.2657 0.0301 -0.9636
vn -0.6584 0.0086 -0.7526
vn -0.6575 0.0089 -0.7534
vn -0.6618 0.0073 -0.7496
vn -0.6624 0.0071 -0.7491
vn -0.9460 0.1058 -0.3063
vn -0.9500 0.1118 -0.2914
vn 0.9504 0.0548 -0.3062
vn 0.2632 0.0311 -0.9642
vn 0.7144 0.0685 -0.6964
vn 0.0458 0.0068 -0.9989
vn -0.4738 0.0531 -0.8790
vn -0.5042 0.0915 -0.8587
vn -0.4829 0.0490 -0.8743
vn -0.6967 0.1912 -0.6914
vn -0.9488 0.1329 -0.2866
vn 0.9501 0.0541 -0.3073
vn 0.5232 0.0098 -0.8522
vn 0.5151 0.0479 -0.8558
vn 0.5134 0.0555 -0.8563
vn -0.0418 0.0096 -0.9991
vn -0.5147 0.0787 -0.8538
vn -0.9383 0.1158 -0.3259
vn -0.9424 0.1423 -0.3027
vn 0.6970 0.0947 -0.7108
vn 0.6512 0.1141 -0.7503
vn 0.7073 0.0880 -0.7014
vn 0.9268 0.1749 -0.3323
vn 0.9317 0.1471 -0.3322
vn 0.9435 0.1295 -0.3050
vn 0.9414 0.1494 -0.3024
vn 0.9302 0.1968 -0.3099
vn 0.0262 0.0037 -0.9997
vn 0.3091 0.0431 -0.9501
vn 0.5048 0.0921 -0.8583
vn 0.2554 0.0004 -0.9668
vn -0.4976 0.1485 -0.8546
vn -0.6675 0.0798 -0.7403
vn -0.7093 0.0943 -0.6986
vn -0.7026 0.0853 -0.7064
vn -0.9447 0.1589 -0.2870
vn 0.9333 0.1522 -0.3253
vn 0.9230 0.1733 -0.3434
vn -0.0334 0.0110 -0.9994
vn -0.5816 0.1094 -0.8061
vn -0.0222 0.0001 -0.9998
vn -0.2896 0.0416 -0.9562
vn -0.6175 0.1136 -0.7783
vn -0.9455 0.1735 -0.2757
vn 0.6287 0.0994 -0.7712
vn 0.9273 0.1662 -0.3355
vn 0.9292 0.1851 -0.3199
vn 0.0218 0.0029 -0.9998
vn 0.2736 0.0047 -0.9618
vn -0.6152 0.1218 -0.7789
vn -0.6143 0.1333 -0.7777
vn -0.9400 0.1915 -0.2824
vn 0.6233 0.0911 -0.7767
vn 0.4841 0.0355 -0.8743
vn 0.5348 0.1575 -0.8301
vn 0.7325 0.1650 -0.6605
vn 0.7405 0.1593 -0.6529
vn 0.7386 0.1607 -0.6547
vn 0.9324 0.2118 -0.2927
vn 0.0234 0.0089 -0.9997
vn -0.0625 0.0133 -0.9980
vn -0.3421 0.0721 -0.9369
vn -0.5827 0.0912 -0.8076
vn -0.9347 0.2135 -0.2842
vn 0.4026 0.0948 -0.9105
vn 0.9344 0.2076 -0.2895
vn -0.0580 -0.0014 -0.9983
vn -0.5705 0.0821 -0.8172
vn -0.5268 0.2296 -0.8184
vn -0.9425 0.1985 -0.2690
vn 0.7309 0.1661 -0.6620
vn 0.9332 0.2096 -0.2920
vn 0.5540 0.1273 -0.8227
vn 0.5544 0.1158 -0.8241
vn 0.5552 0.0804 -0.8278
vn 0.3562 -0.0035 -0.9344
vn -0.4524 0.1280 -0.8826
vn -0.4202 0.1174 -0.8998
vn -0.4595 0.1311 -0.8785
vn -0.9303 0.2267 -0.2885
vn 0.5524 0.1612 -0.8179
vn 0.7206 0.1581 -0.6751
vn 0.7068 0.1798 -0.6842
vn 0.6942 0.1988 -0.6918
vn 0.9284 0.2440 -0.2801
vn 0.9278 0.2413 -0.2844
vn 0.4648 0.0039 -0.8854
vn -0.0099 0.0041 -0.9999
vn -0.1011 0.0022 -0.9949
vn -0.3887 0.1227 -0.9131
vn -0.7284 0.2229 -0.6478
vn -0.7005 0.1579 -0.6960
vn -0.7075 0.1732 -0.6852
vn -0.9225 0.2639 -0.2815
vn -0.9224 0.2731 -0.2731
vn 0.2977 0.0653 -0.9524
vn 0.2718 0.0819 -0.9589
vn 0.3120 0.0554 -0.9485
vn 0.0108 0.0026 -0.9999
vn -0.6509 0.2305 -0.7233
vn -0.6433 0.1876 -0.7422
vn -0.6464 0.2062 -0.7346
vn -0.7347 0.2391 -0.6348
vn -0.9158 0.3119 -0.2530
vn 0.2511 0.0853 -0.9642
vn 0.6808 0.2182 -0.6992
vn 0.9229 0.2939 -0.2486
vn 0.9093 0.3192 -0.2671
vn -0.0962 -0.0030 -0.9954
vn -0.3824 0.1242 -0.9156
vn -0.9112 0.3269 -0.2506
vn 0.8880 0.3700 -0.2730
vn 0.2356 0.1136 -0.9652
vn 0.5982 0.1835 -0.7800
vn 0.5921 0.1754 -0.7866
vn 0.6309 0.2233 -0.7430
vn 0.0077 0.0007 -1.0000
vn 0.0053 0.0010 -1.0000
vn -0.0118 0.0096 -0.9999
vn -0.3508 0.1465 -0.9249
vn -0.1357 0.0433 -0.9898
vn -0.0762 0.0435 -0.9961
vn -0.1284 0.0432 -0.9908
vn -0.6650 0.2605 -0.7000
vn -0.6896 0.3149 -0.6521
vn -0.8865 0.3929 -0.2444
vn -0.8832 0.4022 -0.2412
vn 0.2805 0.0987 -0.9548
vn 0.6564 0.2391 -0.7155
vn 0.6578 0.2681 -0.7039
vn 0.8817 0.3864 -0.2709
vn -0.2807 0.1166 -0.9527
vn -0.2855 0.1212 -0.9507
vn -0.3216 0.1564 -0.9339
vn -0.6965 0.3320 -0.6362
vn 0.8598 0.4198 -0.2909
vn 0.8590 0.4200 -0.2926
vn 0.2211 0.1201 -0.9678
vn 0.6193 0.2947 -0.7278
vn -0.0069 0.0004 -1.0000
vn -0.0021 0.0001 -1.0000
vn -0.0653 0.0409 -0.9970
vn -0.3260 0.1607 -0.9316
vn -0.1298 0.1038 -0.9861
vn -0.5966 0.3304 -0.7314
vn -0.8611 0.4388 -0.2566
vn -0.8605 0.4366 -0.2624
vn 0.6346 0.3678 -0.6797
vn 0.6422 0.3779 -0.6669
vn 0.4444 0.2200 -0.8684
vn 0.2374 0.0038 -0.9714
vn 0.2394 0.0039 -0.9709
vn 0.1493 -0.0043 -0.9888
vn -0.0448 -0.0039 -0.9990
vn -0.4777 0.1965 -0.8563
vn -0.3679 0.3603 -0.8572
vn 0.8052 0.5473 -0.2281
vn 0.7818 0.5560 -0.2822
vn 0.8118 0.5443 -0.2113
vn 0.3092 0.2147 -0.9264
vn 0.2968 0.1983 -0.9341
vn 0.2986 0.1988 -0.9334
vn 0.5892 0.3899 -0.7077
vn 0.5901 0.3990 -0.7018
vn 0.0041 0.0001 -1.0000
vn -0.2742 0.2246 -0.9351
vn -0.5161 0.3852 -0.7650
vn -0.5205 0.3946 -0.7572
vn -0.5378 0.4653 -0.7030
vn -0.5080 0.4545 -0.7317
vn -0.7229 0.6283 -0.2875
vn -0.7495 0.6189 -0.2350
vn -0.7602 0.6142 -0.2118
vn -0.7134 0.6309 -0.3050
vn 0.2263 0.1834 -0.9566
vn 0.1881 0.1998 -0.9616
vn 0.5918 0.4024 -0.6984
vn 0.7724 0.5587 -0.3021
vn 0.7127 0.4257 -0.5576
vn 0.0023 0.0042 -1.0000
vn -0.0964 -0.0043 -0.9953
vn -0.0382 0.0751 -0.9964
vn -0.0632 0.0631 -0.9960
vn -0.5208 0.4754 -0.7090
vn -0.4687 0.4367 -0.7679
vn -0.2603 0.4053 -0.8763
vn -0.2532 0.4289 -0.8672
vn -0.2424 0.4672 -0.8503
vn -0.6199 0.6851 -0.3826
vn -0.2565 0.7180 -0.6471
vn -0.6421 0.7471 -0.1719
vn -0.4059 0.8898 -0.2088
vn -0.4163 0.8793 -0.2312
vn -0.3962 0.8986 -0.1886
vn -0.4259 0.8689 -0.2521
vn -0.1542 0.9360 -0.3164
vn 0.3651 0.8755 -0.3166
vn 0.3959 0.8512 -0.3446
vn 0.3726 0.8698 -0.3234
vn 0.0589 0.9614 -0.2689
vn 0.0779 0.9656 -0.2480
vn 0.0574 0.9610 -0.2706
vn 0.0438 0.9574 -0.2854
vn 0.3435 0.8910 -0.2969
vn 0.3191 0.4673 -0.8245
vn 0.2538 0.6263 -0.7371
vn 0.4722 0.5351 -0.7005
vn 0.5967 0.7544 -0.2737
vn 0.6141 0.7503 -0.2449
vn 0.6060 0.7523 -0.2585
vn 0.5899 0.7557 -0.2846
vn 0.1986 0.3003 -0.9329
vn -0.0008 0.0011 -1.0000
vn 0.1473 -0.0045 -0.9891
vn -0.0040 0.1292 -0.9916
vn -0.2402 0.4940 -0.8356
vn -0.2388 0.4929 -0.8367
vn 0.2386 0.3479 -0.9067
vn 0.2330 0.3419 -0.9104
vn -0.0339 0.3961 -0.9176
vn 0.0736 0.6781 -0.7312
vn 0.0024 -0.0010 -1.0000
vn -0.0013 0.0006 -1.0000
vn 0.0057 0.1521 -0.9884
vn -0.0106 -0.0025 -0.9999
vn 0.0064 0.0014 -1.0000
vn -0.0035 -0.5849 -0.8111
vn -0.0053 -0.4795 -0.8775
vn -0.0024 -0.5124 -0.8587
vn -0.5169 -0.5298 -0.6724
vn -0.5192 -0.5278 -0.6722
vn -0.5253 -0.5223 -0.6718
vn -0.5129 -0.5334 -0.6726
vn -0.2990 -0.9106 -0.2854
vn -0.1644 -0.9603 -0.2253
vn -0.1059 -0.8058 -0.5826
vn -0.1016 -0.8270 -0.5530
vn -0.0957 -0.8626 -0.4968
vn -0.1072 -0.7877 -0.6066
vn -0.0050 -0.4757 -0.8796
vn -0.0020 -0.7720 -0.6356
vn -0.0020 -0.7722 -0.6353
vn -0.0023 -0.7584 -0.6518
vn -0.0048 -0.9210 -0.3894
vn -0.0047 -0.9204 -0.3910
vn 0.0006 -0.8951 -0.4458
vn -0.0009 -0.4409 -0.8976
vn 0.0024 -0.7445 -0.6676
vn -0.0003 -0.8968 -0.4425
vn -0.0025 -0.4290 -0.9033
vn -0.0036 -0.4674 -0.8840
vn -0.0011 -0.8885 -0.4589
vn 0.0005 -0.4768 -0.8790
vn 0.0028 -0.7433 -0.6689
vn -0.0007 -0.8869 -0.4620
vn -0.0006 -0.8868 -0.4622
vn 0.0035 -0.4622 -0.8868
vn 0.0010 -0.6629 -0.7487
vn 0.0009 -0.6438 -0.7652
vn -0.0015 -0.6445 -0.7646
vn 0.0626 -0.8706 -0.4879
vn -0.0017 -0.4204 -0.9073
vn 0.0375 -0.8786 -0.4761
vn -0.0023 -0.4157 -0.9095
vn 0.5488 -0.4981 -0.6714
vn 0.5200 -0.5071 -0.6874
vn 0.5781 -0.4800 -0.6598
vn 0.0953 -0.8741 -0.4764
vn 0.5965 -0.4687 -0.6515
vn 0.6057 -0.4596 -0.6495
vn 0.2645 -0.9307 -0.2525
vn 0.1480 -0.9674 -0.2055
vn 0.0839 -0.8826 -0.4626
vn 0.1082 -0.7905 -0.6029
vn 0.1051 -0.7816 -0.6148
vn 0.1053 -0.7824 -0.6139
vn -0.7335 -0.6712 -0.1070
vn -0.7266 -0.5384 -0.4267
vn -0.8080 -0.2626 -0.5274
vn -0.8056 -0.2581 -0.5333
vn -0.7982 -0.2449 -0.5503
vn -0.8138 -0.2735 -0.5128
vn -0.1054 -0.7827 -0.6134
vn -0.4379 -0.2324 -0.8685
vn -0.0019 -0.6346 -0.7728
vn -0.0020 -0.6349 -0.7726
vn -0.0020 -0.6344 -0.7730
vn -0.0007 -0.6446 -0.7645
vn -0.0004 -0.6455 -0.7638
vn -0.0003 -0.6415 -0.7672
vn 0.0015 -0.6335 -0.7737
vn 0.0006 -0.6429 -0.7659
vn 0.0016 -0.6391 -0.7691
vn 0.0016 -0.6388 -0.7694
vn 0.1010 -0.7698 -0.6303
vn 0.4176 -0.2421 -0.8758
vn 0.6577 -0.7421 -0.1293
vn 0.6365 -0.6662 -0.3887
vn 0.7899 -0.2207 -0.5721
vn 0.7922 -0.2244 -0.5675
vn 0.7930 -0.2257 -0.5659
vn 0.7947 -0.2285 -0.5623
vn 0.5728 -0.6493 -0.5004
vn -0.5553 -0.8316 -0.0062
vn -0.5548 -0.8319 -0.0059
vn -0.5546 -0.8321 -0.0045
vn -0.7214 -0.4524 -0.5243
vn -0.6543 -0.6909 -0.3075
vn -0.6484 -0.6961 -0.3083
vn -0.6506 -0.6942 -0.3080
vn -0.6446 -0.6994 -0.3089
vn 0.6993 -0.5616 -0.4423
vn -0.6947 -0.7193 -0.0028
vn -0.6873 -0.7264 0.0005
vn -0.7664 -0.6422 -0.0122
vn -0.7700 -0.6380 -0.0126
vn -0.9801 -0.1967 -0.0256
vn -0.9785 -0.2050 -0.0232
vn -0.9665 -0.2566 -0.0076
vn 0.9750 -0.2222 -0.0065
vn 0.9761 -0.2171 -0.0069
vn 0.9602 -0.2794 -0.0013
vn -1.0000 0.0032 -0.0029
vn -0.8132 0.5819 -0.0103
vn 0.0052 -1.0000 -0.0038
vn 0.0229 -0.9997 -0.0011
vn -0.7913 -0.3277 -0.5162
vn -0.8603 -0.4633 -0.2126
vn -0.2878 -0.9576 -0.0118
vn 0.3813 -0.9237 -0.0364
vn 0.6369 -0.6657 -0.3888
vn 0.6097 -0.2103 -0.7642
vn 0.9010 -0.4043 -0.1572
vn -0.9961 0.0028 -0.0883
vn -0.9956 0.0432 -0.0833
vn 0.6601 0.0048 -0.7512
vn 0.8696 -0.0093 -0.4937
vn 0.9812 0.0052 -0.1928
vn -0.9897 0.0842 -0.1155
vn 0.7587 0.5130 -0.4015
vn 0.7677 0.5076 -0.3911
vn 0.7696 0.4911 -0.4081
vn -0.8514 0.5244 -0.0121
vn 0.7043 0.5253 -0.4776
vn 0.7104 0.5457 -0.4445
vn 0.8480 0.5298 -0.0137
vn 0.9998 0.0042 -0.0191
vn 0.9998 0.0055 -0.0211
vn -0.9998 0.0021 -0.0211
vn 0.9999 0.0020 -0.0156
vn -0.9999 0.0116 0.0040
vn 0.9385 0.0373 -0.3432
vn 0.9283 0.0238 -0.3712
vn 0.9248 0.0195 -0.3799
vn 0.9999 0.0090 -0.0083
vn 0.9721 0.2333 -0.0250
vn 0.9668 0.2551 -0.0131
vn 0.9843 0.1732 -0.0332
vn -0.9733 0.2288 -0.0195
vn 0.9538 0.2994 -0.0231
vn -0.9474 0.3172 -0.0418
vn 0.0771 -0.0215 -0.9968
vn -0.9482 0.3095 -0.0716
vn -0.9616 0.2618 -0.0827
vn 0.9383 0.3354 -0.0848
vn 0.9280 0.3519 -0.1227
vn -0.9678 0.2317 -0.0987
vn -0.7932 0.4156 -0.4450
vn -0.9806 0.1812 -0.0751
vn -0.8684 0.1265 -0.4794
vn -0.5190 0.2395 -0.8206
vn 0.9889 0.1401 -0.0485
vn 0.7220 0.2102 -0.6592
vn -0.9901 -0.0035 -0.1403
vn -0.9939 0.0002 -0.1104
vn -0.9883 -0.0074 -0.1525
vn -0.9948 0.0051 -0.1021
vn -0.6740 0.0023 -0.7387
vn -0.6525 -0.0028 -0.7578
vn -0.6758 0.0028 -0.7371
vn 0.9944 0.0014 -0.1052
vn 0.9915 0.0012 -0.1303
vn 0.9908 0.0006 -0.1357
vn 0.9957 0.0055 -0.0930
vn -0.8805 0.0001 -0.4740
vn -0.9311 0.0095 -0.3647
vn -0.9299 0.0093 -0.3676
vn 0.5443 -0.0003 -0.8389
vn 0.6069 0.0062 -0.7948
vn 0.5495 0.0003 -0.8355
vn 0.8986 -0.0002 -0.4387
vn 0.8814 -0.0020 -0.4723
vn 0.8811 -0.0020 -0.4729
vn 0.8987 0.0002 -0.4385
vn 0.6539 -0.0024 -0.7565
vn -0.9940 -0.0009 -0.1097
vn -0.5853 0.0036 -0.8108
vn 0.6554 -0.0031 -0.7553
vn -0.9917 -0.0003 -0.1285
vn -0.5549 -0.0040 -0.8319
vn -0.9903 -0.0006 -0.1390
vn -0.9933 0.0003 -0.1156
vn -0.8861 -0.0007 -0.4636
vn -0.8877 -0.0000 -0.4604
vn -0.6439 0.0008 -0.7651
vn 0.8890 0.0008 -0.4578
vn 0.8642 -0.0047 -0.5030
vn 0.6942 -0.0013 -0.7197
vn 0.6950 -0.0013 -0.7190
vn -0.9934 0.0005 -0.1147
vn -0.6382 0.0025 -0.7699
vn 0.9956 0.0009 -0.0939
vn 0.9895 -0.0002 -0.1448
vn 0.9881 0.0010 -0.1537
vn -0.9947 -0.0009 -0.1030
vn 0.5684 -0.0010 -0.8228
vn -0.9904 0.0018 -0.1382
vn -0.8831 0.0006 -0.4692
vn -0.8828 0.0004 -0.4697
vn -0.6271 -0.0006 -0.7789
vn 0.5668 -0.0039 -0.8238
vn 0.8633 -0.0049 -0.5046
vn 0.9923 -0.0002 -0.1239
vn -0.6127 0.0008 -0.7903
vn -0.6107 -0.0001 -0.7919
vn 0.9920 -0.0010 -0.1266
vn 0.5660 -0.0044 -0.8244
vn 0.7042 0.0080 -0.7099
vn 0.6878 -0.0045 -0.7259
vn 0.7013 0.0058 -0.7128
vn -0.9942 -0.0001 -0.1075
vn 0.9939 -0.0020 -0.1106
vn -0.9946 0.0002 -0.1038
vn 0.9888 -0.0000 -0.1489
vn -0.9913 -0.0009 -0.1314
vn -0.8797 0.0001 -0.4754
vn -0.6297 0.0024 -0.7768
vn -0.6754 -0.0038 -0.7374
vn 0.5501 0.0038 -0.8351
vn 0.5512 0.0031 -0.8344
vn 0.5533 0.0012 -0.8330
vn 0.6850 -0.0066 -0.7286
vn -0.9945 0.0016 -0.1048
vn -0.8858 -0.0009 -0.4640
vn 0.5633 -0.0004 -0.8262
vn 0.9935 -0.0027 -0.1135
vn 0.8552 0.0028 -0.5183
vn 0.8599 -0.0017 -0.5105
vn 0.8554 0.0027 -0.5180
vn 0.5681 0.0010 -0.8229
vn 0.9883 -0.0008 -0.1526
vn 0.8494 0.0033 -0.5278
vn -0.9940 -0.0001 -0.1089
vn -0.8880 0.0004 -0.4598
vn -0.6075 -0.0010 -0.7943
vn 0.8795 0.0010 -0.4758
vn -0.6104 0.0006 -0.7921
vn 0.9928 -0.0005 -0.1195
vn -0.9861 0.0196 -0.1647
vn 0.5636 0.0012 -0.8260
vn 0.9930 0.0033 -0.1180
vn 0.5532 -0.0030 -0.8331
vn -0.5801 0.0011 -0.8145
vn -0.9975 0.0007 -0.0712
vn -0.9964 0.0016 -0.0853
vn -0.9997 0.0032 -0.0244
vn -0.8849 0.0020 -0.4657
vn 0.6508 0.0006 -0.7592
vn 0.9989 0.0066 -0.0462
vn 0.8943 -0.0006 -0.4474
vn 0.8870 -0.0042 -0.4618
vn -0.8823 0.0009 -0.4706
vn -0.5905 0.0041 -0.8070
vn 0.9980 0.0029 -0.0632
vn 0.9973 0.0067 -0.0737
vn 0.6411 0.0030 -0.7675
vn -0.9980 0.0080 -0.0635
vn -0.9990 0.0051 -0.0435
vn -0.9988 0.0014 -0.0484
vn -0.8991 -0.0016 -0.4378
vn -0.6110 -0.0021 -0.7916
vn 0.6474 0.0050 -0.7621
vn -0.9994 0.0041 -0.0330
vn 0.9994 0.0017 -0.0336
vn 0.9998 0.0005 -0.0205
vn 0.9725 0.0041 -0.2330
vn 0.9682 -0.0038 -0.2502
vn 0.9718 0.0027 -0.2357
vn 0.8864 -0.0045 -0.4630
vn -0.6157 -0.0022 -0.7879
vn 0.6949 -0.0031 -0.7191
vn 0.6957 -0.0040 -0.7183
vn -0.9133 -0.0021 -0.4074
vn 0.9573 0.0003 -0.2890
vn 0.6739 -0.0101 -0.7387
vn -0.9137 -0.0022 -0.4064
vn -0.6159 -0.0022 -0.7878
vn -0.7223 -0.0008 -0.6916
vn -0.4594 0.0045 -0.8882
vn 0.4676 0.0041 -0.8839
vn 0.6386 0.0085 -0.7695
vn -0.9508 -0.0030 -0.3098
vn -0.9626 0.0034 -0.2709
vn -0.9711 0.0029 -0.2385
vn -0.5836 0.0012 -0.8120
vn -0.5959 -0.0121 -0.8030
vn -0.6004 -0.0164 -0.7996
vn 0.9632 0.0017 -0.2689
vn 0.6438 0.0021 -0.7652
vn 0.5905 -0.0216 -0.8068
vn 0.9625 0.0018 -0.2713
vn -0.5774 -0.0058 -0.8165
vn -0.6148 0.0068 -0.7887
vn 0.6356 0.0088 -0.7720
vn 0.0381 -0.0560 -0.9977
vn 0.9737 -0.0066 -0.2276
vn -0.9502 -0.0033 -0.3115
vn -0.9998 -0.0032 0.0176
vn -1.0000 -0.0047 -0.0069
vn -0.9993 -0.0031 0.0383
vn -0.8593 0.0148 -0.5113
vn -0.5804 -0.0067 -0.8143
vn 0.9744 -0.0072 -0.2248
vn 0.8362 0.0177 -0.5481
vn 0.9041 -0.0018 -0.4273
vn 0.9309 -0.0278 -0.3643
vn 0.9018 -0.0005 -0.4321
vn 0.5565 0.0040 -0.8308
vn -0.6437 0.0053 -0.7653
vn -0.9390 -0.0216 -0.3433
vn -0.6502 0.0066 -0.7597
vn 0.3574 -0.0404 -0.9331
vn 0.9237 -0.0419 -0.3808
vn 0.6695 0.0051 -0.7428
vn -0.8784 -0.4647 -0.1113
vn -0.7650 -0.5855 -0.2682
vn -0.4579 -0.8888 -0.0169
vn -0.3980 -0.9152 -0.0628
vn -0.3432 -0.9356 -0.0831
vn -0.4472 -0.8937 -0.0358
vn 0.7464 -0.6320 -0.2084
vn 0.9169 -0.0522 -0.3957
vn 0.4477 -0.8936 -0.0319
vn 0.4447 -0.8952 -0.0278
vn 0.4419 -0.8953 -0.0566
vn -0.8534 -0.5212 -0.0042
vn -0.8428 -0.5382 -0.0016
vn -0.8540 -0.5203 -0.0043
vn -0.9906 -0.1350 -0.0229
vn -0.9892 -0.1451 -0.0199
vn -0.9813 -0.1923 -0.0050
vn -0.8843 -0.4668 -0.0138
vn -0.8392 -0.5436 -0.0154
vn -0.8768 -0.4807 -0.0163
vn 0.9853 -0.1710 -0.0011
vn 0.9868 -0.1618 -0.0045
vn 0.9817 -0.1898 -0.0125
vn 0.8367 -0.5476 -0.0017
vn 0.8475 -0.5308 -0.0064
vn 0.8485 -0.5291 -0.0069
vn 0.9806 -0.1956 -0.0141
vn -0.5555 -0.8315 -0.0014
vn -0.8285 -0.5600 -0.0006
vn -0.6625 -0.7491 0.0034
vn 0.8164 -0.5775 0.0024
vn 0.7252 -0.6885 -0.0083
vn 0.7242 -0.6896 -0.0078
vn 0.7236 -0.6902 -0.0101
vn 0.5597 -0.8287 -0.0029
vn -0.9857 -0.1685 0.0006
vn 0.6633 -0.7483 -0.0061
vn 0.8351 -0.5502 0.0002
vn 0.8142 -0.5806 -0.0015
vn 0.8371 -0.5471 0.0005
vn -0.9866 -0.1634 0.0009
vn 0.0182 -0.9998 0.0014
vn -0.6791 -0.5198 -0.5183
vn -0.7614 -0.3200 -0.5638
vn -0.3273 -0.7685 -0.5498
vn -0.3061 -0.7868 -0.5360
vn -0.3004 -0.7915 -0.5322
vn -0.3316 -0.7647 -0.5526
vn -0.3990 -0.6499 -0.6469
vn -0.3511 -0.0447 -0.9353
vn -0.3836 -0.1076 -0.9172
vn -0.3472 -0.0379 -0.9370
vn -0.3392 -0.2752 -0.8996
vn -0.1997 -0.9058 -0.3737
vn -0.1776 -0.9789 -0.1009
vn -0.4894 -0.7891 -0.3713
vn -0.4984 -0.7836 -0.3709
vn -0.5058 -0.7790 -0.3705
vn -0.4775 -0.7961 -0.3717
vn -0.6629 -0.4280 -0.6143
vn 0.1154 -0.9543 -0.2756
vn 0.2104 -0.9737 -0.0869
vn 0.3677 -0.8195 -0.4396
vn 0.6808 -0.4482 -0.5793
vn 0.8903 -0.4193 -0.1775
vn 0.3890 -0.8675 -0.3101
vn 0.1898 -0.8976 -0.3978
vn 0.8182 -0.3909 -0.4216
vn 0.2129 -0.7037 -0.6779
vn 0.5263 -0.5293 -0.6655
vn 0.2821 -0.4723 -0.8351
vn 0.4325 -0.4829 -0.7614
vn 0.2137 -0.3403 -0.9157
vn -0.7024 -0.0418 -0.7105
vn -0.7163 -0.0198 -0.6976
vn -0.6876 -0.0791 -0.7217
vn -0.6761 -0.0098 -0.7367
vn -0.6723 -0.0109 -0.7402
vn -0.9447 -0.0011 -0.3281
vn -0.8486 0.0032 -0.5291
vn -0.3342 0.0012 -0.9425
vn 0.8059 -0.0031 -0.5920
vn 0.8196 -0.0049 -0.5729
vn 0.8050 -0.0030 -0.5933
vn 0.4817 -0.0042 -0.8763
vn 0.4812 -0.0042 -0.8766
vn 0.4939 -0.0035 -0.8695
vn 0.2339 -0.0011 -0.9723
vn 0.2349 -0.0012 -0.9720
vn 0.2424 -0.0025 -0.9702
vn 0.2432 -0.0026 -0.9700
vn -0.3604 0.0134 -0.9327
vn -0.7408 -0.0026 -0.6717
vn -0.6784 0.0050 -0.7346
vn -0.6734 0.0056 -0.7393
vn 0.4854 -0.0063 -0.8743
vn 0.8207 -0.0051 -0.5714
vn 0.4947 -0.0034 -0.8690
vn 0.9912 -0.0549 -0.1209
vn 0.9861 0.0004 -0.1662
vn 0.9916 -0.0509 -0.1185
vn 0.9866 0.0038 -0.1632
vn -0.5616 0.0135 -0.8273
vn -0.3701 0.0180 -0.9288
vn -0.7447 -0.0031 -0.6673
vn -0.6891 0.4154 -0.5938
vn -0.3016 0.4734 -0.8276
vn -0.3030 0.4985 -0.8122
vn -0.2842 0.4260 -0.8589
vn -0.6656 0.5677 -0.4845
vn -0.6709 0.5590 -0.4872
vn -0.6756 0.5565 -0.4836
vn 0.4464 0.5052 -0.7386
vn 0.8322 0.5421 -0.1165
vn 0.8322 0.5407 -0.1232
vn 0.8147 0.5686 -0.1140
vn 0.6576 0.4160 -0.6281
vn 0.6678 0.3742 -0.6435
vn 0.6592 0.4097 -0.6305
vn 0.6530 0.4327 -0.6215
vn 0.4941 0.5541 -0.6700
vn 0.5068 0.5662 -0.6500
vn 0.4959 0.5558 -0.6672
vn 0.1802 0.3121 -0.9328
vn -0.6184 0.5948 -0.5136
vn -0.6035 0.5990 -0.5263
vn -0.5975 0.6006 -0.5313
vn -0.6239 0.5932 -0.5088
vn -0.3081 0.5189 -0.7974
vn -0.2979 0.5259 -0.7967
vn -0.6724 0.5888 -0.4486
vn -0.6687 0.5811 -0.4638
vn 0.2418 0.5112 -0.8247
vn 0.2048 0.5393 -0.8168
vn 0.2428 0.5104 -0.8249
vn 0.7025 0.5178 -0.4883
vn 0.7183 0.4859 -0.4980
vn 0.5119 0.5710 -0.6418
vn 0.2681 0.4903 -0.8293
vn 0.9599 0.0011 -0.2804
vn 0.9635 0.0026 -0.2676
vn 0.9636 0.0027 -0.2675
vn 0.2550 0.0025 -0.9669
vn 0.2595 0.0029 -0.9657
vn 0.2722 0.0019 -0.9622
vn -0.7812 0.0079 -0.6242
vn -0.7067 -0.0021 -0.7075
vn -0.7085 -0.0019 -0.7057
vn -0.8539 0.0052 -0.5204
vn 0.2593 -0.0022 -0.9658
vn 0.8614 0.0012 -0.5080
vn 0.8371 0.0037 -0.5471
vn 0.8624 0.0011 -0.5062
vn -0.9785 -0.0015 -0.2061
vn -0.9558 0.0068 -0.2939
vn -0.9779 -0.0012 -0.2092
vn -0.7131 -0.0007 -0.7010
vn -0.7221 -0.0017 -0.6918
vn -0.7224 -0.0017 -0.6915
vn -0.7135 -0.0000 -0.7006
vn -0.4719 0.0024 -0.8816
vn -0.5318 0.0076 -0.8468
vn -0.4697 0.0022 -0.8828
vn -0.3414 0.0025 -0.9399
vn -0.3226 -0.0004 -0.9465
vn -0.3431 0.0028 -0.9393
vn -0.3304 0.0453 -0.9427
vn 0.2579 0.0296 -0.9657
vn 0.6024 0.0017 -0.7982
vn 0.6883 -0.0019 -0.7254
vn 0.6006 0.0017 -0.7995
vn 0.9675 0.0024 -0.2528
vn 0.2356 -0.0007 -0.9719
vn 0.3329 0.0002 -0.9430
vn 0.6309 0.0020 -0.7758
vn 0.4986 -0.0046 -0.8668
vn 0.6905 -0.0020 -0.7233
vn 0.8519 0.0069 -0.5237
vn 0.9676 0.0024 -0.2523
vn -0.7137 0.0002 -0.7004
vn -0.5340 0.0077 -0.8455
vn -0.3391 0.0504 -0.9394
vn -0.7832 0.0082 -0.6217
vn -0.9548 0.0072 -0.2972
vn 0.2617 0.0354 -0.9645
vn 0.8527 0.0071 -0.5224
vn 0.9412 0.0410 -0.3355
vn 0.2592 0.0732 -0.9630
vn 0.6514 0.1414 -0.7455
vn -0.5137 0.1437 -0.8458
vn -0.3510 0.1123 -0.9296
vn -0.3951 0.0958 -0.9136
vn -0.7147 0.2000 -0.6702
vn -0.7102 0.1710 -0.6829
vn -0.7148 0.1895 -0.6731
vn -0.7082 0.1712 -0.6849
vn -0.9468 0.2737 -0.1695
vn 0.7345 0.2505 -0.6307
vn 0.9270 0.2741 -0.2561
vn 0.9153 0.2950 -0.2742
vn 0.9336 0.2613 -0.2451
vn 0.5723 0.1822 -0.7995
vn 0.5696 0.1833 -0.8013
vn 0.5731 0.1819 -0.7990
vn 0.2507 0.0820 -0.9646
vn 0.7863 0.2123 -0.5802
vn -0.3480 0.1191 -0.9299
vn -0.7121 0.2180 -0.6674
vn -0.7047 0.2203 -0.6745
vn 0.6408 0.1874 -0.7445
vn 0.6408 0.1872 -0.7446
vn 0.6303 0.1904 -0.7526
vn 0.2434 0.0839 -0.9663
vn -0.6917 0.2240 -0.6866
vn -0.6884 0.2212 -0.6908
vn -0.3332 0.1136 -0.9360
vn -0.3437 0.1159 -0.9319
vn -0.6742 0.2311 -0.7015
vn 0.2413 0.0804 -0.9671
vn 0.2404 0.0789 -0.9675
vn 0.5597 0.2033 -0.8034
vn 0.9082 0.3069 -0.2845
vn 0.5640 0.1816 -0.8056
vn -0.3289 0.0645 -0.9422
vn -0.6738 0.2265 -0.7034
vn -0.7001 0.2083 -0.6830
vn 0.5350 0.1778 -0.8259
vn 0.2367 0.0365 -0.9709
vn 0.4939 0.1706 -0.8526
vn 0.4872 0.1663 -0.8573
vn 0.7948 0.2552 -0.5506
vn 0.7432 0.2060 -0.6366
vn 0.7828 0.2458 -0.5717
vn -0.6658 0.2030 -0.7180
vn -0.6614 0.1995 -0.7230
vn -0.3313 0.0505 -0.9422
vn -0.7119 0.2000 -0.6732
vn 0.6654 0.1746 -0.7258
vn 0.7138 0.1918 -0.6736
vn 0.5308 0.1773 -0.8287
vn 0.2346 0.0396 -0.9713
vn -0.7809 0.0044 -0.6246
vn -0.7587 -0.0013 -0.6514
vn -0.7608 -0.0007 -0.6490
vn -0.8117 0.1945 -0.5507
vn -0.8677 0.0047 -0.4970
vn -0.8666 0.0046 -0.4990
vn -0.8283 0.0005 -0.5603
vn -0.9687 0.0035 -0.2480
vn 0.2274 0.0001 -0.9738
vn 0.8274 0.0001 -0.5616
vn 0.8775 0.0065 -0.4794
vn 0.8787 0.0067 -0.4774
vn -0.3632 0.0010 -0.9317
vn -0.3427 -0.0029 -0.9394
vn -0.5130 0.0028 -0.8584
vn -0.5701 0.0002 -0.8216
vn -0.5139 0.0028 -0.8578
vn 0.8760 -0.0009 -0.4824
vn 0.8754 -0.0009 -0.4835
vn 0.8730 -0.0006 -0.4878
vn 0.5761 0.0007 -0.8174
vn 0.6039 0.0040 -0.7970
vn 0.6046 0.0041 -0.7965
vn 0.2271 -0.0001 -0.9739
vn -0.8294 -0.0063 -0.5587
vn -0.8321 -0.0080 -0.5545
vn -0.6184 0.0039 -0.7859
vn -0.6560 0.0056 -0.7548
vn -0.6168 0.0037 -0.7871
vn -0.3335 0.0002 -0.9428
vn 0.5158 0.0023 -0.8567
vn 0.5669 0.0002 -0.8238
vn 0.4176 0.0016 -0.9086
vn 0.2354 -0.0007 -0.9719
vn 0.5195 0.0023 -0.8545
vn 0.2379 -0.0003 -0.9713
vn 0.6209 0.0032 -0.7839
vn -0.8206 0.0002 -0.5714
vn 0.2287 0.0022 -0.9735
vn -0.6954 -0.0141 -0.7185
vn 0.6215 0.0033 -0.7834
vn 0.8326 -0.0001 -0.5539
vn -0.7002 -0.0166 -0.7137
vn 0.5516 -0.0004 -0.8341
vn 0.4944 -0.0021 -0.8692
vn 0.5727 0.0002 -0.8198
vn 0.2389 0.0006 -0.9710
vn -0.5694 0.0001 -0.8220
vn 0.2851 0.0004 -0.9585
vn 0.8309 0.0001 -0.5564
vn -0.3396 0.0002 -0.9406
vn -0.6005 -0.0011 -0.7996
vn -0.5995 -0.0013 -0.8004
vn -0.5635 -0.0066 -0.8261
vn -0.3485 0.0004 -0.9373
vn 0.5735 0.0002 -0.8192
vn 0.8324 -0.0001 -0.5542
vn 0.2385 0.0019 -0.9711
vn -0.5619 -0.0068 -0.8272
vn 0.5727 0.0003 -0.8198
vn -0.3556 0.0019 -0.9346
vn 0.2435 -0.0004 -0.9699
vn 0.2506 -0.0006 -0.9681
vn 0.6179 -0.0007 -0.7862
vn 0.3808 0.0073 -0.9246
vn 0.2406 -0.0025 -0.9706
vn 0.7672 -0.0176 -0.6412
vn -0.6614 0.0043 -0.7501
vn -0.6620 0.0043 -0.7495
vn -0.6831 0.0036 -0.7303
vn 0.5719 0.0001 -0.8203
vn 0.5779 -0.0007 -0.8161
vn 0.5776 -0.0006 -0.8163
vn 0.2393 0.0009 -0.9710
vn -0.6985 -0.0074 -0.7155
vn -0.3392 -0.0019 -0.9407
vn -0.8286 0.0035 -0.5598
vn -0.3416 -0.0008 -0.9399
vn -0.5941 0.0080 -0.8044
vn -0.5695 0.0001 -0.8220
vn -0.8419 -0.0003 -0.5397
vn 0.2718 0.0001 -0.9624
vn -0.6695 -0.0032 -0.7428
vn 0.9072 0.0018 -0.4207
vn 0.2247 -0.0007 -0.9744
vn -0.2999 0.0026 -0.9540
vn -0.3173 0.0099 -0.9483
vn 0.5414 -0.0062 -0.8408
vn -0.8359 0.0052 -0.5489
vn -0.8710 -0.0032 -0.4913
vn -0.8340 0.0038 -0.5517
vn -0.6674 -0.0028 -0.7447
vn -0.5891 0.0029 -0.8081
vn 0.6809 0.0271 -0.7319
vn 0.5396 -0.0065 -0.8419
vn -0.5507 0.0021 -0.8347
vn -0.5501 0.0021 -0.8351
vn -0.5508 0.0022 -0.8346
vn -0.8382 0.0001 -0.5454
vn 0.8063 0.0065 -0.5914
vn 0.8057 0.0039 -0.5923
vn 0.8053 0.0042 -0.5928
vn 0.3411 0.0006 -0.9400
vn 0.2469 0.0085 -0.9690
vn 0.2608 0.0144 -0.9653
vn 0.6230 0.0045 -0.7822
vn -0.5180 0.0102 -0.8553
vn 0.2560 0.0033 -0.9667
vn -0.8413 0.0054 -0.5405
vn 0.2491 0.0258 -0.9681
vn -0.5911 0.0026 -0.8066
vn -0.6295 0.0147 -0.7769
vn -0.3238 0.0231 -0.9458
vn 0.2428 0.0224 -0.9698
vn 0.7038 0.0149 -0.7102
vn 0.8667 0.0184 -0.4985
vn 0.5611 0.0349 -0.8270
vn 0.6431 0.0023 -0.7658
vn 0.5523 0.0382 -0.8327
vn -0.5963 0.0101 -0.8027
vn -0.3512 0.0868 -0.9323
vn -0.3824 0.0328 -0.9234
vn -0.3566 0.0314 -0.9337
vn -0.8417 0.0054 -0.5400
vn 0.6503 -0.0007 -0.7597
vn 0.2708 0.0495 -0.9614
vn -0.6336 0.0161 -0.7735
vn 0.2697 0.0656 -0.9607
vn 0.6973 0.0102 -0.7167
vn 0.6962 0.0106 -0.7178
vn -0.3496 0.1027 -0.9312
vn 0.2590 0.0754 -0.9629
vn 0.7947 0.1317 -0.5925
vn 0.7853 0.0447 -0.6175
vn 0.6880 0.0399 -0.7246
vn 0.7505 0.0674 -0.6574
vn -0.3527 0.0985 -0.9305
vn -0.3548 0.1044 -0.9291
vn -0.8096 0.0640 -0.5834
vn -0.7618 0.0790 -0.6430
vn -0.8144 0.0534 -0.5779
vn -0.7536 0.0755 -0.6530
vn 0.2453 0.0956 -0.9647
vn -0.3431 0.0354 -0.9386
vn 0.2598 0.0877 -0.9617
vn 0.6627 0.0063 -0.7489
vn 0.8627 0.0429 -0.5039
vn -0.3385 0.0333 -0.9404
vn -0.7783 0.0095 -0.6278
vn -0.7864 0.0116 -0.6176
vn 0.2627 0.1121 -0.9583
vn -0.8300 0.1891 -0.5247
vn 0.7161 0.2519 -0.6510
vn -0.6958 0.0016 -0.7182
vn -0.9371 0.0512 -0.3453
vn 0.8973 0.0526 -0.4384
vn 0.8629 0.0584 -0.5020
vn 0.8588 0.0642 -0.5083
vn 0.8992 0.0531 -0.4344
vn 0.9595 0.0316 -0.2799
vn 0.9687 0.0263 -0.2467
vn 0.9693 0.0264 -0.2443
vn 0.9532 0.0500 -0.2981
vn -0.9997 0.0069 -0.0254
vn 0.9998 0.0021 -0.0204
vn -0.9999 0.0036 -0.0141
vn -1.0000 -0.0015 -0.0096
vn 0.9999 0.0032 -0.0157
vn 0.9999 0.0015 -0.0121
vn 1.0000 0.0027 -0.0076
vn -0.9998 0.0107 -0.0176
vn 1.0000 0.0008 -0.0040
vn -0.9806 0.0026 -0.1960
vn -1.0000 -0.0097 -0.0009
vn -0.9999 -0.0140 0.0031
vn 0.9993 -0.0381 -0.0040
vn 0.9962 -0.0875 0.0019
vn 1.0000 -0.0090 -0.0016
vn 0.4875 -0.8731 -0.0002
vn -0.8384 -0.5451 -0.0022
vn -0.9819 -0.1892 -0.0000
vn 0.8405 -0.5418 0.0003
vn -0.5523 -0.8337 0.0054
vn -0.6610 -0.7504 -0.0045
vn 0.5599 -0.8285 -0.0042
vn 0.9012 -0.4333 -0.0002
vn 0.9003 -0.4352 -0.0125
vn 0.9011 -0.4337 -0.0023
vn 0.0182 -0.9998 -0.0001
vn -0.6065 -0.6229 -0.4941
vn -0.6268 -0.6073 -0.4881
vn -0.6254 -0.6084 -0.4886
vn -0.6441 -0.5935 -0.4827
vn -0.7046 -0.1456 -0.6945
vn -0.9742 -0.1981 -0.1079
vn -0.9754 -0.1882 -0.1151
vn -0.9769 -0.1725 -0.1262
vn -0.9777 -0.1614 -0.1341
vn -0.7871 -0.6093 -0.0962
vn -0.7829 -0.6154 -0.0915
vn -0.7770 -0.6238 -0.0849
vn -0.4106 -0.9104 -0.0514
vn -0.4068 -0.9122 -0.0490
vn -0.4119 -0.9097 -0.0522
vn -0.4046 -0.9132 -0.0478
vn -0.7715 -0.6313 -0.0790
vn -0.0466 -0.9989 -0.0047
vn -0.0773 -0.9966 -0.0287
vn 0.2683 -0.8978 -0.3494
vn 0.2419 -0.9246 -0.2942
vn 0.2647 -0.9037 -0.3366
vn 0.6406 -0.5710 -0.5133
vn 0.8116 -0.5787 -0.0802
vn 0.0752 -0.9968 -0.0264
vn 0.0466 -0.9989 -0.0022
vn 0.4691 -0.8795 -0.0805
vn 0.4740 -0.8770 -0.0787
vn 0.4799 -0.8740 -0.0765
vn 0.4876 -0.8700 -0.0736
vn 0.3894 -0.5762 -0.7186
vn 0.7602 -0.4660 -0.4526
vn 0.9894 -0.1204 -0.0817
vn -0.9852 -0.0217 -0.1703
vn -0.9872 -0.0159 -0.1585
vn -0.9913 -0.0013 -0.1319
vn 0.7428 -0.1907 -0.6418
vn -0.5072 -0.0154 -0.8617
vn -0.8010 0.0035 -0.5987
vn -0.8458 -0.0407 -0.5319
vn -0.8030 0.0032 -0.5960
vn -0.9899 0.0077 -0.1414
vn 0.2852 -0.0036 -0.9585
vn 0.2733 -0.0016 -0.9619
vn 0.2865 -0.0038 -0.9581
vn 0.6405 -0.0028 -0.7680
vn 0.9056 0.0091 -0.4241
vn -0.9893 0.0088 -0.1454
vn 0.7638 -0.0141 -0.6453
vn 0.2717 -0.0014 -0.9624
vn -0.8501 -0.0298 -0.5257
vn 0.6732 0.0198 -0.7392
vn 0.9870 0.0049 -0.1607
vn -0.7626 0.0290 -0.6462
vn -0.8362 -0.0813 -0.5424
vn -0.6356 0.5984 -0.4878
vn -0.6234 0.5470 -0.5587
vn -0.6294 0.5700 -0.5282
vn -0.8724 0.4812 -0.0859
vn 0.8523 0.5026 -0.1451
vn 0.2692 0.4356 -0.8589
vn 0.2621 0.4358 -0.8610
vn 0.2729 0.4356 -0.8578
vn 0.5318 0.5677 -0.6285
vn 0.6939 0.5518 -0.4627
vn -0.7967 0.5888 -0.1365
vn -0.7959 0.5904 -0.1341
vn -0.7984 0.5850 -0.1421
vn -0.7933 0.5955 -0.1263
vn 0.8066 0.5780 -0.1237
vn 0.6777 0.6348 -0.3711
vn -0.9928 -0.0012 -0.1196
vn -0.9930 -0.0009 -0.1180
vn -0.9937 0.0004 -0.1122
vn 0.8179 0.0225 -0.5750
vn 0.8215 0.0217 -0.5698
vn 0.8696 0.0113 -0.4936
vn 0.8734 0.0104 -0.4870
vn 0.9893 0.0026 -0.1462
vn 0.9894 0.0024 -0.1451
vn 0.9904 0.0012 -0.1383
vn -0.9555 0.0084 -0.2949
vn -0.9548 0.0082 -0.2973
vn -0.9213 0.0011 -0.3889
vn -0.9989 0.0006 -0.0474
vn -0.9864 0.0055 -0.1642
vn 0.9911 0.0028 -0.1334
vn 0.7615 0.0121 -0.6480
vn 0.7619 0.0071 -0.6477
vn 0.8014 0.0032 -0.5981
vn -0.9948 0.0033 -0.1019
vn -0.9225 -0.0003 -0.3861
vn 0.7995 0.0029 -0.6006
vn 0.7993 0.0029 -0.6009
vn 0.9902 0.0044 -0.1399
vn 0.9900 0.0045 -0.1408
vn -0.9911 0.0057 -0.1333
vn -0.9226 -0.0004 -0.3857
vn -0.8256 0.0108 -0.5641
vn -0.9849 -0.0017 -0.1733
vn -0.9543 0.2560 -0.1541
vn -0.9543 0.2608 -0.1463
vn -0.9480 0.2861 -0.1396
vn -0.7981 0.2470 -0.5496
vn -0.8325 0.2371 -0.5007
vn -0.8388 0.2351 -0.4911
vn -0.9394 0.3066 -0.1532
vn -0.9339 0.3124 -0.1739
vn 0.9556 0.2657 -0.1271
vn 0.9483 0.2748 -0.1587
vn 0.9380 0.2922 -0.1865
vn 0.9098 0.2995 -0.2874
vn 0.9040 0.2875 -0.3163
vn -0.7936 0.2481 -0.5555
vn -0.9657 0.2335 -0.1139
vn -0.9549 0.2676 -0.1283
vn -0.8713 0.2916 -0.3947
vn 0.6249 0.2160 -0.7503
vn 0.6222 0.2137 -0.7531
vn 0.6509 0.2054 -0.7309
vn 0.9398 0.3086 -0.1465
vn 0.9399 0.3085 -0.1466
vn -0.9674 0.2053 -0.1480
vn -0.9691 0.2069 -0.1344
vn -0.9715 0.2207 -0.0864
vn 0.8661 0.2875 -0.4089
vn 0.7974 0.1017 -0.5948
vn 0.7856 0.1945 -0.5874
vn 0.8172 0.0362 -0.5752
vn 0.8236 0.0401 -0.5657
vn 0.7872 0.0167 -0.6165
vn 0.9803 0.1922 -0.0459
vn -0.9908 0.0036 -0.1351
vn -0.9906 0.0036 -0.1366
vn -0.9912 0.0024 -0.1325
vn 0.9890 0.0134 -0.1471
vn 0.9905 0.0065 -0.1372
vn 0.9882 0.0174 -0.1522
vn -0.9919 0.0002 -0.1269
vn 0.8108 0.0031 -0.5853
vn 0.8137 0.0021 -0.5813
vn 0.9131 -0.0050 -0.4077
vn 0.9028 -0.0012 -0.4301
vn 0.9140 -0.0053 -0.4056
vn -0.9926 -0.0026 -0.1215
vn 0.9920 -0.0024 -0.1262
vn 0.9904 0.0035 -0.1380
vn 0.9948 -0.0011 -0.1019
vn -0.9926 0.0095 -0.1213
vn -0.8316 -0.0059 -0.5554
vn -0.9838 -0.0051 -0.1791
vn -0.9441 0.0061 -0.3297
vn -0.9805 0.0121 -0.1962
vn -0.9937 -0.0101 -0.1112
vn 0.8795 0.0022 -0.4759
vn 0.8534 -0.0114 -0.5211
vn 0.9942 0.0002 -0.1077
vn 0.9362 0.0003 -0.3515
vn 0.9465 0.0015 -0.3227
vn 0.9467 0.0015 -0.3222
vn -0.8887 0.0207 -0.4581
vn -0.8890 0.0056 -0.4578
vn -0.8890 0.0069 -0.4579
vn -0.9888 0.0005 -0.1494
vn -0.9935 0.0004 -0.1142
vn -0.8892 -0.0072 -0.4575
vn 0.8781 0.0009 -0.4784
vn -0.9936 0.0001 -0.1132
vn -0.8005 -0.0044 -0.5993
vn -0.8140 0.0069 -0.5808
vn -0.8130 0.0051 -0.5822
vn 0.7965 0.0057 -0.6046
vn 0.9943 0.0007 -0.1062
vn 0.9361 0.0006 -0.3516
vn -0.9939 -0.0007 -0.1107
vn -0.8335 -0.0017 -0.5526
vn -0.8363 -0.0019 -0.5483
vn 0.7940 0.0065 -0.6079
vn 0.9047 -0.0026 -0.4261
vn 0.9039 -0.0022 -0.4277
vn 0.9051 -0.0026 -0.4252
vn 0.9943 0.0009 -0.1069
vn 0.9940 0.0003 -0.1095
vn 0.9276 0.0020 -0.3735
vn -0.9938 0.0011 -0.1116
vn -0.8845 0.0011 -0.4666
vn -0.8839 0.0012 -0.4677
vn 0.9194 -0.0007 -0.3933
vn 0.8858 0.0004 -0.4641
vn 0.9332 -0.0052 -0.3594
vn 0.9068 0.0031 -0.4217
vn 0.9949 0.0001 -0.1009
vn -0.9931 0.0040 -0.1169
vn -0.9912 0.0006 -0.1326
vn -0.9933 0.0007 -0.1157
vn 0.9219 0.0108 -0.3873
vn 0.9950 0.0004 -0.1000
vn 0.9337 -0.0054 -0.3580
vn 0.8181 -0.0019 -0.5751
vn 0.7675 -0.0375 -0.6400
vn 0.8130 -0.0100 -0.5822
vn 0.9071 0.0030 -0.4208
vn -0.8227 0.0020 -0.5684
vn 0.9936 0.0022 -0.1131
vn -0.9926 0.0002 -0.1213
vn -0.8273 -0.0013 -0.5618
vn 0.9935 0.0034 -0.1135
vn -0.8413 0.0030 -0.5406
vn -0.9950 0.0014 -0.0996
vn -0.8424 0.0035 -0.5388
vn 0.9930 0.0093 -0.1178
vn -0.9964 0.0125 -0.0836
vn -0.9959 0.0035 -0.0907
vn -0.7540 0.0238 -0.6564
vn -0.7580 0.0566 -0.6498
vn -0.7595 0.0708 -0.6467
vn 0.9942 0.0076 -0.1070
vn 0.8706 0.0192 -0.4916
vn 0.7919 0.0382 -0.6094
vn -0.9964 0.0068 -0.0850
vn 0.9968 0.0057 -0.0793
vn 0.9951 0.0043 -0.0989
vn -0.8456 0.1486 -0.5127
vn -0.7625 0.1076 -0.6380
vn -0.9975 0.0117 -0.0690
vn -0.7929 0.0451 -0.6077
vn -0.7994 0.0219 -0.6004
vn -0.7988 0.0217 -0.6012
vn -0.7897 0.0649 -0.6101
vn 0.6771 0.0338 -0.7351
vn 0.9974 0.0086 -0.0718
vn 0.9576 0.0321 -0.2865
vn 0.9482 0.0297 -0.3164
vn 0.9475 0.0295 -0.3184
vn 0.7723 0.0497 -0.6333
vn 0.2824 0.1199 -0.9518
vn -0.7980 0.0949 -0.5951
vn -0.6458 0.1736 -0.7435
vn -0.3547 0.1153 -0.9278
vn -0.3613 0.1636 -0.9180
vn -0.3575 0.1210 -0.9260
vn -0.3604 0.1628 -0.9185
vn 0.2802 0.1085 -0.9538
vn 0.3578 0.0453 -0.9327
vn 0.3461 0.0852 -0.9343
vn 0.9985 0.0117 -0.0535
vn 0.9580 0.0322 -0.2849
vn 0.9123 0.0531 -0.4061
vn 0.9125 0.0499 -0.4059
vn 0.9114 0.0625 -0.4067
vn 0.6802 0.1515 -0.7172
vn 0.5887 0.0430 -0.8072
vn 0.3582 0.1122 -0.9269
vn -0.8004 0.0950 -0.5918
vn -0.8777 0.0623 -0.4751
vn -0.8447 0.1253 -0.5204
vn -0.8663 0.0855 -0.4921
vn -0.6449 -0.0002 -0.7643
vn -0.3525 0.1220 -0.9278
vn -0.3511 0.1293 -0.9274
vn -0.8296 0.1506 -0.5377
vn -0.3543 0.1395 -0.9247
vn -0.3506 0.1323 -0.9271
vn -0.8104 0.0995 -0.5773
vn -0.8058 0.1109 -0.5817
vn -0.7976 0.1230 -0.5905
vn 0.2267 0.1416 -0.9636
vn 0.2061 0.1584 -0.9656
vn 0.2523 0.1374 -0.9579
vn 0.1947 0.1757 -0.9650
vn 0.4541 0.2388 -0.8583
vn 0.6569 0.1018 -0.7470
vn 0.6126 0.1089 -0.7828
vn 0.6516 0.1001 -0.7519
vn 0.9133 0.0404 -0.4053
vn 0.7009 0.1251 -0.7022
vn 0.6965 0.1358 -0.7046
vn 0.6988 0.1302 -0.7034
vn 0.3582 0.1135 -0.9267
vn -0.8834 0.0745 -0.4626
vn -0.7637 0.0243 -0.6451
vn -0.3570 0.1037 -0.9283
vn -0.3521 0.0994 -0.9306
vn -0.8332 0.0840 -0.5466
vn -0.8324 0.0917 -0.5465
vn 0.6027 0.1243 -0.7882
vn 0.8564 0.0796 -0.5102
vn -0.3504 0.2182 -0.9108
vn -0.3509 0.1869 -0.9176
vn -0.3698 0.2439 -0.8965
vn -0.3309 0.1599 -0.9300
vn -0.7801 0.1324 -0.6115
vn 0.2687 0.1675 -0.9485
vn 0.2806 0.1754 -0.9436
vn 0.5951 0.1464 -0.7902
vn 0.9511 0.0561 -0.3037
vn 0.7899 0.1408 -0.5969
vn 0.7944 -0.4225 -0.4365
vn 0.7031 0.1199 -0.7009
vn -0.3361 0.1645 -0.9274
vn -0.3156 0.1464 -0.9375
vn -0.3507 0.1993 -0.9150
vn -0.5720 0.1507 -0.8063
vn -0.7638 0.1266 -0.6329
vn -0.9590 0.0468 -0.2797
vn 0.6278 0.1100 -0.7706
vn 0.6091 0.1446 -0.7798
vn 0.6190 0.1265 -0.7751
vn 0.2540 0.1991 -0.9465
vn 0.8054 0.0508 -0.5906
vn 0.9061 0.2620 -0.3323
vn 0.6166 0.1428 -0.7742
vn 0.2420 0.1986 -0.9497
vn -0.3747 0.2095 -0.9032
vn -0.8763 0.0096 -0.4817
vn -0.7583 0.1207 -0.6406
vn 0.6364 0.0933 -0.7657
vn 0.7627 0.1575 -0.6273
vn 0.7882 0.1361 -0.6002
vn 0.7558 0.1645 -0.6338
vn 0.9688 0.0495 -0.2429
vn 0.9664 0.0525 -0.2518
vn 0.9390 0.0807 -0.3344
vn -0.8373 0.1674 -0.5204
vn 0.8037 0.1559 -0.5743
vn 0.9363 0.0830 -0.3412
vn -0.9511 0.0762 -0.2995
vn -0.9996 0.0199 -0.0192
vn 0.9999 0.0079 -0.0113
vn 1.0000 -0.0002 -0.0035
vn -0.4845 -0.8748 -0.0004
vn -0.8531 -0.5218 0.0030
vn -0.8411 -0.5409 -0.0012
vn -0.8398 -0.5429 -0.0018
vn 0.4836 -0.8753 0.0021
vn 0.8503 -0.5262 0.0039
vn -0.9817 -0.1903 0.0011
vn 0.9767 -0.2146 -0.0037
vn 0.8402 -0.5422 -0.0004
vn -0.5535 -0.8328 0.0059
vn -0.7336 -0.6796 -0.0036
vn -0.7323 -0.6810 -0.0050
vn -0.7320 -0.6813 -0.0052
vn -0.8920 -0.4521 0.0026
vn -0.8852 -0.4653 0.0004
vn -0.5328 -0.8442 0.0582
vn -0.6545 -0.5336 -0.5356
vn -0.6545 -0.5333 -0.5359
vn -0.6522 -0.5567 -0.5146
vn -0.6560 -0.5126 -0.5540
vn -0.1210 -0.9077 -0.4019
vn -0.2573 -0.8265 -0.5007
vn -0.2126 -0.8259 -0.5222
vn -0.2567 -0.8265 -0.5011
vn -0.3233 -0.8235 -0.4662
vn -0.2385 -0.4501 -0.8605
vn -0.2216 -0.4733 -0.8526
vn -0.2106 -0.4880 -0.8471
vn -0.2519 -0.4311 -0.8664
vn -0.2139 -0.9358 -0.2803
vn -0.4562 -0.8147 -0.3581
vn 0.1747 -0.9570 -0.2317
vn 0.1593 -0.9626 -0.2192
vn 0.2593 -0.5636 -0.7843
vn 0.2850 -0.5399 -0.7920
vn 0.2671 -0.5565 -0.7867
vn 0.2338 -0.5861 -0.7757
vn 0.7116 -0.7021 -0.0257
vn 0.7535 -0.6574 -0.0058
vn 0.7049 -0.7087 -0.0278
vn 0.6539 -0.4749 -0.5890
vn -0.9815 -0.1578 -0.1085
vn -0.8232 -0.1564 -0.5459
vn -0.7780 -0.0231 -0.6278
vn -0.7622 -0.0467 -0.6456
vn -0.7691 -0.0365 -0.6381
vn -0.2649 -0.0092 -0.9642
vn -0.2662 -0.0103 -0.9639
vn -0.2633 -0.0088 -0.9647
vn 0.8978 -0.1198 -0.4238
vn 0.9112 -0.0465 -0.4094
vn 0.9091 -0.0652 -0.4114
vn 0.7611 -0.1992 -0.6173
vn -0.2543 -0.0080 -0.9671
vn 0.5814 -0.0090 -0.8136
vn -0.9758 0.0077 -0.2184
vn -0.9719 0.0591 -0.2277
vn -0.9733 0.0452 -0.2253
vn -0.7836 -0.0144 -0.6211
vn -0.5798 0.0127 -0.8147
vn -0.5795 0.0119 -0.8149
vn -0.5793 0.0114 -0.8150
vn -0.2105 0.0043 -0.9776
vn 0.9469 -0.0012 -0.3216
vn 0.9499 -0.0007 -0.3127
vn -0.5787 0.0094 -0.8155
vn -0.1989 0.0077 -0.9800
vn 0.7605 0.0097 -0.6492
vn -0.9631 0.1243 -0.2386
vn -0.8512 0.2680 -0.4513
vn -0.3744 0.4659 -0.8017
vn -0.2189 0.4180 -0.8817
vn -0.2440 0.4164 -0.8758
vn -0.2268 0.4176 -0.8799
vn -0.2511 0.4159 -0.8740
vn 0.5445 0.5704 -0.6150
vn 0.2583 0.4359 -0.8622
vn 0.6287 0.5790 -0.5192
vn 0.6361 0.5736 -0.5161
vn 0.6166 0.5874 -0.5242
vn 0.6433 0.5683 -0.5130
vn -0.7618 0.6239 -0.1741
vn -0.6812 0.5889 -0.4349
vn -0.5454 0.5829 -0.6023
vn -0.4439 0.5040 -0.7409
vn -0.6386 0.6150 -0.4625
vn -0.7427 0.5873 -0.3216
vn 0.7172 0.6428 -0.2693
vn 0.2774 0.0005 -0.9608
vn 0.3013 0.0062 -0.9535
vn 0.3063 0.0082 -0.9519
vn 0.7163 -0.0120 -0.6977
vn 0.6970 0.0005 -0.7171
vn 0.7014 -0.0049 -0.7127
vn 0.9322 0.0205 -0.3614
vn 0.9609 0.0011 -0.2768
vn 0.9268 0.0236 -0.3748
vn 0.6712 0.0004 -0.7413
vn 0.6682 0.0007 -0.7440
vn 0.6653 0.0031 -0.7466
vn 0.2869 -0.0009 -0.9580
vn -0.2188 -0.0006 -0.9758
vn -0.2349 0.0032 -0.9720
vn -0.2206 -0.0016 -0.9754
vn -0.2371 0.0036 -0.9715
vn -0.5204 0.0044 -0.8539
vn -0.5243 0.0041 -0.8515
vn -0.5206 0.0044 -0.8538
vn -0.5295 0.0055 -0.8483
vn -0.9889 -0.0043 -0.1483
vn -0.8930 0.0085 -0.4501
vn -0.9123 -0.0032 -0.4096
vn -0.8945 0.0077 -0.4471
vn -0.6823 -0.0028 -0.7311
vn -0.5658 0.0061 -0.8245
vn -0.5926 -0.0049 -0.8055
vn -0.5687 0.0048 -0.8225
vn 0.2780 -0.0019 -0.9606
vn -0.8986 0.0020 -0.4388
vn -0.8980 0.0020 -0.4399
vn -0.9031 0.0040 -0.4294
vn 0.9629 0.0352 -0.2675
vn 0.9500 -0.0025 -0.3122
vn 0.6314 0.0072 -0.7755
vn 0.3016 0.0006 -0.9534
vn -0.2467 0.0027 -0.9691
vn -0.2482 0.0031 -0.9687
vn -0.8773 0.0005 -0.4800
vn 0.6273 0.0035 -0.7788
vn -0.9135 -0.0039 -0.4069
vn -0.6594 0.0161 -0.7516
vn -0.6428 0.0045 -0.7660
vn -0.5299 0.0056 -0.8480
vn -0.9230 0.0080 -0.3847
vn 0.3111 -0.0072 -0.9503
vn -0.6895 0.0037 -0.7242
vn -0.6852 -0.0068 -0.7284
vn -0.6869 0.0004 -0.7268
vn 0.6915 -0.0108 -0.7223
vn 0.6919 -0.0109 -0.7220
vn 0.9613 0.0506 -0.2707
vn -0.9134 -0.0054 -0.4069
vn -0.2488 0.0258 -0.9682
vn 0.2706 0.0038 -0.9627
vn 0.6418 0.0204 -0.7666
vn 0.2615 0.0293 -0.9647
vn -0.7205 0.0072 -0.6934
vn -0.7244 0.0062 -0.6893
vn -0.7233 0.0059 -0.6905
vn -0.9766 0.0298 -0.2131
vn 0.6919 -0.0110 -0.7219
vn -0.2447 0.0366 -0.9689
vn -0.7271 0.0053 -0.6865
vn 0.8042 0.0587 -0.5914
vn 0.9555 0.0898 -0.2810
vn 0.8427 0.1853 -0.5055
vn 0.8435 0.1892 -0.5026
vn 0.8575 0.1273 -0.4984
vn 0.6473 0.0273 -0.7617
vn -0.7362 0.1822 -0.6518
vn -0.4824 0.1645 -0.8603
vn -0.4796 0.1651 -0.8618
vn -0.4978 0.1628 -0.8519
vn -0.2393 0.0667 -0.9687
vn -0.6432 0.2006 -0.7390
vn -0.6456 0.2021 -0.7365
vn -0.6675 0.2151 -0.7129
vn 0.2817 0.0673 -0.9571
vn 0.2934 0.0865 -0.9521
vn 0.6427 0.1918 -0.7417
vn 0.6401 0.1893 -0.7446
vn 0.7458 0.2565 -0.6148
vn 0.7727 0.2416 -0.5869
vn 0.4999 0.1383 -0.8549
vn 0.5565 0.1699 -0.8133
vn 0.5608 0.1725 -0.8098
vn 0.4946 0.1354 -0.8585
vn -0.9156 0.2964 -0.2718
vn -0.9049 0.2930 -0.3088
vn -0.8856 0.2952 -0.3584
vn -0.9190 0.2933 -0.2634
vn -0.5106 0.1676 -0.8434
vn -0.2416 0.0826 -0.9669
vn -0.2395 0.0792 -0.9677
vn -0.6713 0.2159 -0.7090
vn 0.2907 0.0924 -0.9523
vn -0.9134 0.2893 -0.2862
vn -0.5361 0.1682 -0.8272
vn -0.2471 0.0757 -0.9660
vn -0.6703 0.1721 -0.7218
vn -0.9193 0.3109 -0.2414
vn 0.5608 0.1726 -0.8098
vn 0.2822 0.0980 -0.9543
vn 0.9367 0.2992 -0.1818
vn 0.9368 0.2977 -0.1840
vn 0.9367 0.2989 -0.1823
vn -0.9375 0.2779 -0.2096
vn -0.9399 0.2767 -0.2003
vn -0.5764 0.1950 -0.7935
vn -0.6351 0.1972 -0.7469
vn -0.2492 0.0836 -0.9648
vn -0.6814 0.2147 -0.6997
vn 0.2723 0.0536 -0.9607
vn 0.2598 0.0972 -0.9607
vn 0.6281 0.2131 -0.7484
vn 0.9368 0.2973 -0.1845
vn 0.7361 0.2624 -0.6240
vn 0.7363 0.2626 -0.6236
vn -0.6450 0.1964 -0.7385
vn -0.2435 0.0460 -0.9688
vn -0.7281 0.0808 -0.6807
vn -0.7388 0.0647 -0.6708
vn 0.6308 0.2097 -0.7471
vn 0.8688 0.1959 -0.4549
vn 0.8623 0.1845 -0.4716
vn 0.8668 0.1923 -0.4601
vn 0.4833 0.1708 -0.8586
vn -0.9082 0.1355 -0.3961
vn -0.9576 0.0538 -0.2831
vn -0.6731 0.0014 -0.7396
vn -0.5277 0.0283 -0.8489
vn -0.5787 -0.0026 -0.8155
vn -0.5364 0.0228 -0.8437
vn -0.2448 0.0307 -0.9691
vn -0.2515 0.0025 -0.9678
vn 0.2732 0.0402 -0.9611
vn 0.8588 0.1788 -0.4800
vn -0.7053 0.0102 -0.7089
vn -0.6555 -0.0020 -0.7552
vn -0.9063 -0.0023 -0.4227
vn -0.9175 -0.0038 -0.3976
vn -0.9066 -0.0024 -0.4220
vn -0.6404 0.0014 -0.7681
vn -0.2562 0.0001 -0.9666
vn 0.6216 0.0061 -0.7833
vn 0.6237 0.0058 -0.7816
vn 0.6346 0.0038 -0.7728
vn 0.5877 -0.0021 -0.8090
vn 0.5912 -0.0029 -0.8065
vn 0.5910 -0.0029 -0.8066
vn 0.8736 -0.0010 -0.4867
vn 0.8849 0.0032 -0.4657
vn 0.8862 0.0036 -0.4634
vn -0.9179 -0.0040 -0.3967
vn -0.6484 0.0007 -0.7613
vn -0.2570 0.0003 -0.9664
vn 0.6105 0.0001 -0.7920
vn 0.2546 0.0019 -0.9670
vn 0.2547 0.0022 -0.9670
vn -0.6261 0.0012 -0.7797
vn -0.6287 -0.0003 -0.7776
vn -0.8886 -0.0018 -0.4586
vn -0.8887 -0.0018 -0.4585
vn -0.8901 -0.0011 -0.4558
vn 0.5981 0.0006 -0.8014
vn 0.9982 0.0045 -0.0599
vn 0.9995 0.0025 -0.0301
vn 1.0000 0.0024 -0.0024
vn 0.7986 0.0062 -0.6018
vn -0.6519 0.0015 -0.7583
vn -0.2663 0.0018 -0.9639
vn -0.2655 0.0013 -0.9641
vn -0.8901 -0.0009 -0.4557
vn 0.9754 -0.0003 -0.2206
vn 0.9794 0.0001 -0.2019
vn 0.9774 0.0001 -0.2116
vn -0.9179 -0.0029 -0.3969
vn -0.2485 -0.0014 -0.9686
vn -0.2468 -0.0022 -0.9691
vn -0.6159 -0.0001 -0.7878
vn 0.2596 -0.0005 -0.9657
vn -0.9670 0.0087 -0.2546
vn -0.9908 0.0021 -0.1354
vn -0.9660 0.0004 -0.2586
vn -0.6498 0.0008 -0.7601
vn -0.6400 -0.0044 -0.7684
vn -0.6152 -0.0001 -0.7884
vn -0.8857 0.0003 -0.4642
vn 0.6042 -0.0003 -0.7968
vn 0.6378 0.0040 -0.7702
vn 0.8230 0.0006 -0.5681
vn 0.5923 0.0001 -0.8057
vn -0.9756 0.0009 -0.2194
vn -0.6607 0.0001 -0.7507
vn -0.2458 0.0001 -0.9693
vn -0.8947 -0.0002 -0.4466
vn 0.5865 -0.0031 -0.8099
vn 0.2736 -0.0009 -0.9618
vn 0.2784 0.0016 -0.9605
vn 0.6386 0.0041 -0.7695
vn 0.9786 0.0013 -0.2056
vn -0.9787 -0.0049 -0.2051
vn -0.6696 0.0035 -0.7427
vn -0.6674 0.0025 -0.7447
vn -0.5549 -0.0021 -0.8319
vn -0.6248 0.0001 -0.7807
vn 0.7588 -0.0023 -0.6513
vn -0.2475 0.0001 -0.9689
vn -0.8905 -0.0018 -0.4551
vn 0.5854 -0.0037 -0.8107
vn 0.9750 -0.0000 -0.2220
vn -0.9791 -0.0051 -0.2032
vn -0.9113 0.0012 -0.4116
vn -0.8882 0.0044 -0.4594
vn -0.9106 0.0013 -0.4132
vn -0.2420 0.0013 -0.9703
vn 0.2784 0.0018 -0.9605
vn -0.6289 -0.0064 -0.7774
vn -0.8769 -0.0026 -0.4807
vn -0.5437 0.0033 -0.8393
vn -0.2335 -0.0007 -0.9724
vn -0.5528 -0.0034 -0.8333
vn 0.7425 -0.0016 -0.6698
vn 0.2729 -0.0005 -0.9620
vn 0.6283 -0.0069 -0.7780
vn 0.6263 -0.0065 -0.7795
vn 0.5885 0.0009 -0.8085
vn 0.9818 -0.0019 -0.1899
vn -0.8862 -0.0009 -0.4634
vn -0.2235 0.0008 -0.9747
vn -0.5625 0.0040 -0.8268
vn -0.8886 -0.0002 -0.4588
vn -0.8858 -0.0013 -0.4640
vn -0.5614 0.0049 -0.8275
vn -0.2231 0.0014 -0.9748
vn -0.5578 0.0002 -0.8300
vn -0.5529 0.0013 -0.8333
vn 0.7217 0.0013 -0.6922
vn 0.2714 -0.0008 -0.9625
vn 0.9670 0.0003 -0.2548
vn 0.5887 0.0015 -0.8083
vn 0.7259 -0.0004 -0.6878
vn -0.8595 -0.0061 -0.5111
vn -0.6114 -0.0037 -0.7913
vn -0.6393 0.0041 -0.7690
vn -0.2211 0.0019 -0.9753
vn -0.8972 0.0479 -0.4391
vn 0.8179 -0.0019 -0.5753
vn 0.6009 0.0010 -0.7993
vn 0.6034 0.0009 -0.7975
vn 0.9718 0.0005 -0.2356
vn 0.9903 -0.0015 -0.1389
vn -0.9719 0.0043 -0.2352
vn -0.9713 0.0038 -0.2380
vn -0.9585 -0.0051 -0.2850
vn -0.8585 -0.0063 -0.5127
vn -0.6807 -0.0013 -0.7326
vn -0.5728 0.0014 -0.8197
vn -0.8900 0.0003 -0.4559
vn 0.2601 -0.0000 -0.9656
vn -0.9576 -0.0056 -0.2879
vn -0.5686 0.0034 -0.8226
vn 0.2596 -0.0000 -0.9657
vn -0.7021 0.0144 -0.7119
vn -0.2155 0.0010 -0.9765
vn -0.2174 0.0013 -0.9761
vn -0.7072 0.0189 -0.7067
vn 0.7439 0.0450 -0.6668
vn 0.9904 0.0253 -0.1357
vn 0.9959 0.0220 -0.0878
vn -0.9117 0.0636 -0.4058
vn -0.3237 0.0352 -0.9455
vn -0.3271 0.0360 -0.9443
vn -0.3231 0.0671 -0.9440
vn -0.8945 0.0688 -0.4417
vn 0.7442 0.0579 -0.6654
vn -0.9380 0.0100 -0.3464
vn -0.8304 -0.0140 -0.5571
vn -0.6228 0.0178 -0.7821
vn -0.6211 0.0771 -0.7799
vn -0.6211 0.0774 -0.7799
vn -0.3027 0.0008 -0.9531
vn -0.2945 -0.0022 -0.9557
vn -0.5865 0.0067 -0.8099
vn -0.5888 0.0071 -0.8083
vn 0.6497 0.1021 -0.7533
vn 0.6595 0.0882 -0.7465
vn 0.6696 0.0632 -0.7400
vn 0.7504 -0.0470 -0.6593
vn 0.7458 0.1476 -0.6496
vn 0.7399 0.1052 -0.6645
vn 0.6387 0.1717 -0.7501
vn 0.2716 0.1515 -0.9504
vn 0.2967 0.1365 -0.9452
vn 0.3183 0.0892 -0.9438
vn 0.6461 0.0121 -0.7632
vn 0.6462 0.0055 -0.7631
vn 0.6435 0.0039 -0.7654
vn 0.6151 0.0579 -0.7864
vn 0.3031 0.0661 -0.9507
vn 0.2556 0.0689 -0.9643
vn -0.8217 0.1807 -0.5405
vn -0.6170 0.1385 -0.7747
vn -0.2692 0.1822 -0.9457
vn -0.2817 0.1751 -0.9434
vn -0.2991 0.1650 -0.9399
vn -0.2508 0.1925 -0.9487
vn -0.6147 0.2204 -0.7573
vn -0.8154 0.1128 -0.5678
vn -0.8121 0.0809 -0.5779
vn -0.8105 0.0679 -0.5818
vn -0.8852 0.1199 -0.4495
vn 0.6313 0.0375 -0.7747
vn 0.6336 0.1009 -0.7671
vn 0.2083 0.0749 -0.9752
vn 0.1835 0.0690 -0.9806
vn 0.6245 0.0357 -0.7802
vn 0.9303 0.0204 -0.3662
vn 0.9423 0.0163 -0.3343
vn 0.9677 0.0239 -0.2511
vn -0.6841 0.0293 -0.7288
vn -0.7032 0.0213 -0.7107
vn -0.6863 0.0284 -0.7267
vn -0.3036 0.0337 -0.9522
vn -0.3137 0.0387 -0.9487
vn -0.2980 0.0308 -0.9541
vn -0.8062 0.0382 -0.5904
vn -0.7038 0.0136 -0.7103
vn 0.8514 0.0380 -0.5232
vn 0.8395 0.0226 -0.5428
vn 0.8602 0.0598 -0.5064
vn 0.8390 0.0225 -0.5436
vn 0.7981 0.1358 -0.5871
vn 0.6501 0.1260 -0.7493
vn 0.4938 0.1031 -0.8634
vn 0.4847 0.1183 -0.8667
vn 0.4990 0.0943 -0.8614
vn -0.7069 0.0197 -0.7070
vn -0.2952 0.2094 -0.9322
vn -0.2795 0.2217 -0.9342
vn -0.2827 0.2192 -0.9338
vn -0.3197 0.0418 -0.9466
vn -0.7653 0.1318 -0.6300
vn -0.8051 0.0689 -0.5891
vn -0.7840 0.1037 -0.6120
vn 0.4363 0.0313 -0.8993
vn 0.3262 0.2080 -0.9221
vn 0.2528 0.1109 -0.9612
vn 0.2841 0.1513 -0.9468
vn 0.2693 0.1390 -0.9530
vn 0.4802 0.1257 -0.8681
vn -0.3018 0.0603 -0.9514
vn -0.3083 0.0654 -0.9490
vn -0.2901 0.0511 -0.9556
vn -0.2656 0.2325 -0.9356
vn -0.8156 0.0515 -0.5764
vn -0.8158 0.0513 -0.5761
vn -0.9976 0.0149 -0.0672
vn 0.7445 0.0735 -0.6635
vn 0.7724 0.1100 -0.6256
vn 0.7505 0.0858 -0.6552
vn 0.8660 0.0743 -0.4945
vn -0.3189 0.0737 -0.9449
vn -0.7214 0.1260 -0.6809
vn -0.7161 0.1579 -0.6799
vn -0.7231 0.1148 -0.6811
vn -0.8108 0.2056 -0.5480
vn 0.7089 0.1439 -0.6904
vn 0.3300 0.1414 -0.9333
vn 0.2653 0.1759 -0.9480
vn -0.8048 0.0192 -0.5932
vn -0.9679 0.0433 -0.2476
vn -0.9982 0.0091 -0.0600
vn 0.7059 0.1412 -0.6941
vn 0.8726 0.0813 -0.4817
vn 0.9065 0.0947 -0.4114
vn 0.8770 0.0822 -0.4733
vn -0.9984 0.0103 -0.0551
vn 0.9987 0.0104 -0.0490
vn -0.8972 0.1135 -0.4269
vn -0.8495 0.1183 -0.5142
vn -0.9029 0.1126 -0.4148
vn -0.9986 0.0129 -0.0521
vn 0.9990 0.0120 -0.0423
vn 0.9630 0.0415 -0.2662
vn -0.9988 0.0115 -0.0486
vn 0.9986 0.0230 -0.0473
vn -0.9992 0.0074 -0.0381
vn -0.9992 0.0038 -0.0406
vn -0.8354 0.2034 -0.5106
vn 0.9987 0.0248 -0.0447
vn -0.8067 0.0974 -0.5829
vn -0.7973 0.0747 -0.5989
vn -0.7981 0.1155 -0.5914
vn -0.7751 0.0611 -0.6288
vn -0.7820 0.1151 -0.6126
vn -0.7757 0.1062 -0.6221
vn 0.9764 0.0443 -0.2112
vn 0.9352 0.0567 -0.3496
vn 0.7379 0.1486 -0.6584
vn 0.7506 0.1212 -0.6495
vn 0.7298 0.1652 -0.6635
vn 0.7584 0.1037 -0.6435
vn -0.9158 0.1088 -0.3866
vn -0.9447 0.0801 -0.3180
vn -0.9485 0.0744 -0.3079
vn -0.6832 0.1729 -0.7095
vn -0.6753 0.1685 -0.7181
vn -0.6281 0.1572 -0.7621
vn -0.6017 0.1753 -0.7792
vn -0.3107 0.2159 -0.9257
vn -0.3172 0.2106 -0.9247
vn -0.6435 0.1671 -0.7470
vn -0.6418 0.1607 -0.7499
vn -0.6425 0.1649 -0.7483
vn 0.2478 0.2354 -0.9398
vn 0.2635 0.2038 -0.9429
vn 0.9028 0.1060 -0.4167
vn 0.9129 0.0993 -0.3960
vn 0.9020 0.1070 -0.4183
vn 0.5721 0.1948 -0.7967
vn 0.5695 0.1887 -0.8000
vn 0.5680 0.1880 -0.8013
vn -0.9105 0.1043 -0.4001
vn -0.3247 0.2431 -0.9140
vn 0.2448 0.2560 -0.9352
vn 0.8027 0.1722 -0.5710
vn 0.9129 0.1017 -0.3954
vn 0.5518 0.2116 -0.8067
vn -0.5919 0.1879 -0.7838
vn -0.3241 0.2732 -0.9057
vn -0.6422 0.2038 -0.7389
vn -0.6418 0.2041 -0.7392
vn -0.8663 0.1010 -0.4891
vn -0.8660 0.1009 -0.4898
vn -0.8660 0.1009 -0.4897
vn 0.6086 0.1920 -0.7699
vn 0.5974 0.2234 -0.7702
vn 0.5874 0.2499 -0.7697
vn 0.7968 0.1923 -0.5728
vn 0.6868 0.2157 -0.6941
vn 0.6768 0.2098 -0.7056
vn 0.6868 0.2246 -0.6913
vn 0.5471 0.2150 -0.8090
vn 0.2318 0.2912 -0.9282
vn -0.3238 0.2974 -0.8982
vn -0.6422 0.2406 -0.7278
vn 0.2289 0.2818 -0.9318
vn 0.8994 0.1019 -0.4251
vn 0.9231 0.0991 -0.3715
vn 0.9263 0.0987 -0.3637
vn -0.8664 0.1010 -0.4891
vn 0.5751 0.2808 -0.7684
vn 0.8970 0.1021 -0.4302
vn 0.9985 0.0346 -0.0421
vn 0.9125 -0.4089 -0.0100
vn 0.9130 -0.4080 -0.0046
vn 0.9183 -0.3959 0.0058
vn 0.5519 -0.8339 -0.0018
vn -0.8274 -0.5616 -0.0008
vn -0.8612 -0.5083 -0.0012
vn -0.7946 -0.6071 0.0007
vn -0.6595 -0.7517 -0.0049
vn 0.7555 -0.6551 -0.0018
vn 0.7429 -0.6693 0.0101
vn 0.9699 -0.2434 -0.0002
vn -0.7764 -0.6302 -0.0068
vn -0.7756 -0.6312 -0.0066
vn -0.7678 -0.6406 -0.0038
vn 0.4300 -0.9026 -0.0174
vn 0.3444 -0.9388 0.0027
vn 0.4214 -0.9067 -0.0152
vn 0.7568 -0.6536 -0.0080
vn 0.9667 -0.2555 -0.0150
vn 0.9760 -0.2179 -0.0039
vn 0.9646 -0.2632 -0.0174
vn -0.9994 -0.0040 -0.0329
vn -1.0000 -0.0020 -0.0074
vn -0.9973 -0.0064 -0.0735
vn -0.9475 0.3197 -0.0070
vn -0.9689 0.2474 0.0053
vn -0.9464 0.3230 -0.0078
vn 0.8293 0.5587 -0.0119
vn 0.9040 0.4264 -0.0303
vn 0.8814 0.4714 -0.0319
vn 0.8117 0.5841 -0.0033
vn 0.8390 0.5437 -0.0222
vn -0.8003 0.5995 -0.0099
vn -0.8020 0.5973 -0.0116
vn -0.7982 0.6023 -0.0052
vn 0.7936 0.6084 -0.0037
vn 0.7987 0.6017 -0.0098
vn -0.9569 0.0138 -0.2900
vn 0.9928 0.0008 -0.1199
vn 0.9964 0.0838 -0.0094
vn 1.0000 0.0015 -0.0036
vn -1.0000 0.0056 -0.0052
vn -0.9999 0.0117 -0.0114
vn -0.9995 0.0198 -0.0250
vn -0.9738 0.2271 -0.0085
vn -0.9843 0.1755 -0.0159
vn -0.9695 0.2449 0.0051
vn 0.9755 0.2197 -0.0112
vn 0.9794 0.2020 -0.0037
vn 0.9566 0.2913 -0.0031
vn 0.9885 0.1509 0.0013
vn 0.9873 0.1587 -0.0012
vn 0.9880 0.1543 0.0006
vn -0.9993 0.0013 -0.0371
vn -0.9998 0.0002 -0.0193
vn -0.9992 0.0016 -0.0399
vn -0.9991 -0.0019 -0.0422
vn -0.9996 -0.0013 -0.0279
vn 0.9986 0.0003 -0.0521
vn -0.9999 0.0003 -0.0154
vn -0.9930 0.0280 -0.1146
vn -0.9925 0.0097 -0.1219
vn -0.9687 0.0515 -0.2427
vn -0.7235 0.1605 -0.6714
vn -0.6893 0.1873 -0.6998
vn -0.7113 0.1704 -0.6820
vn 0.7463 0.0335 -0.6647
vn 0.7404 0.0367 -0.6712
vn 0.7127 0.0961 -0.6948
vn 0.9895 0.0129 -0.1443
vn 0.9862 0.0170 -0.1649
vn 0.9909 0.0110 -0.1339
vn 0.9694 0.0321 -0.2434
vn -0.9646 0.0829 -0.2504
vn -0.7797 0.1046 -0.6174
vn -0.7865 0.0876 -0.6114
vn -0.7661 0.1168 -0.6320
vn -0.6672 0.0386 -0.7439
vn -0.6768 0.1967 -0.7094
vn 0.7941 0.2054 -0.5720
vn 0.7074 0.1033 -0.6993
vn 0.7019 0.1568 -0.6948
vn 0.9507 0.0423 -0.3072
vn -0.9212 0.0284 -0.3881
vn -0.2627 0.2154 -0.9405
vn -0.2512 0.2038 -0.9462
vn -0.2911 0.2443 -0.9250
vn -0.2276 0.1799 -0.9570
vn 0.7456 0.0450 -0.6649
vn 0.6468 0.1315 -0.7513
vn 0.6460 0.1032 -0.7564
vn 0.6468 0.1306 -0.7514
vn -0.9999 0.0045 -0.0157
vn -0.9687 0.0509 -0.2429
vn -0.9907 0.0227 -0.1339
vn -0.7367 0.1120 -0.6668
vn -0.7297 0.1058 -0.6756
vn -0.3142 0.0749 -0.9464
vn -0.7275 0.0822 -0.6812
vn 0.2693 0.2006 -0.9419
vn 0.8953 0.0770 -0.4387
vn 0.8958 0.0740 -0.4382
vn 0.8946 0.0816 -0.4394
vn -0.7300 0.1051 -0.6753
vn -0.3449 0.2287 -0.9103
vn -0.3448 0.2287 -0.9104
vn -0.3286 0.0844 -0.9407
vn -0.3446 0.2286 -0.9105
vn -0.7141 0.1750 -0.6778
vn -0.7171 0.1451 -0.6817
vn -0.7136 0.1794 -0.6772
vn -0.8407 0.1689 -0.5145
vn 0.7582 0.1674 -0.6301
vn 0.7573 0.1488 -0.6359
vn 0.7571 0.1554 -0.6345
vn 0.7488 0.1386 -0.6481
vn 0.6471 0.1572 -0.7461
vn 0.2838 0.2124 -0.9351
vn 0.8966 0.0694 -0.4374
vn -0.7189 0.1866 -0.6696
vn -0.6787 0.2035 -0.7057
vn -0.6741 0.2063 -0.7093
vn -0.8497 0.1153 -0.5145
vn -0.7097 0.2101 -0.6725
vn 0.8964 0.1179 -0.4272
vn 0.7477 0.1909 -0.6360
vn 0.7694 0.1572 -0.6191
vn 0.2986 0.2475 -0.9217
vn 0.7923 0.1509 -0.5912
vn -0.2782 0.2320 -0.9321
vn -0.3001 0.2717 -0.9144
vn -0.2712 0.2297 -0.9347
vn -0.6053 0.2036 -0.7695
vn -0.8180 0.1429 -0.5572
vn 0.8932 0.1232 -0.4324
vn 0.3072 0.2420 -0.9204
vn -0.3048 0.2760 -0.9116
vn -0.8142 0.1465 -0.5618
vn 0.7703 0.1489 -0.6200
vn 0.2911 0.2821 -0.9142
vn 0.2702 0.3143 -0.9101
vn -0.8880 0.1467 -0.4358
vn -0.8866 0.1360 -0.4420
vn -0.8912 0.1765 -0.4179
vn 0.7681 0.1488 -0.6228
vn -0.9997 0.0113 -0.0234
vn 0.9997 0.0091 -0.0235
vn 0.9997 0.0047 -0.0232
vn 0.9999 0.0071 -0.0152
vn -0.9085 0.0977 -0.4063
vn -0.8021 0.1856 -0.5676
vn -0.8059 0.1781 -0.5646
vn -0.8077 0.1743 -0.5633
vn 0.9373 0.0989 -0.3343
vn -0.5889 0.2891 -0.7547
vn -0.6057 0.2658 -0.7500
vn -0.5507 0.3390 -0.7628
vn -0.7942 0.2189 -0.5668
vn 0.9376 0.1013 -0.3325
vn -0.9616 0.1010 -0.2553
vn -0.9610 0.1042 -0.2561
vn -0.9613 0.1023 -0.2556
vn -0.7936 0.2230 -0.5661
vn -0.3105 0.3556 -0.8815
vn -0.3099 0.3744 -0.8739
vn -0.8119 0.2126 -0.5437
vn -0.8059 0.2173 -0.5508
vn -0.8294 0.2143 -0.5159
vn 0.2300 0.3404 -0.9117
vn 0.9373 0.1020 -0.3332
vn 0.7561 0.2313 -0.6122
vn -0.8297 0.2210 -0.5127
vn 0.8390 0.2310 -0.4928
vn 0.8376 0.2303 -0.4954
vn 0.8792 0.2001 -0.4324
vn 0.7482 0.2538 -0.6130
vn 0.2302 0.3598 -0.9042
vn -0.9639 0.1075 -0.2437
vn 0.5723 0.3073 -0.7603
vn 0.8974 0.1814 -0.4021
vn 0.9097 0.1679 -0.3798
vn 0.9153 0.1757 -0.3625
vn 0.1965 0.4414 -0.8755
vn 0.1978 0.4402 -0.8759
vn -0.8031 0.2896 -0.5207
vn -0.8017 0.3026 -0.5155
vn -1.0000 0.0012 -0.0007
vn -0.9009 -0.4340 -0.0031
vn -0.8979 -0.4402 -0.0004
vn -0.4844 -0.8748 -0.0005
vn -0.8307 -0.5567 0.0007
vn -0.5657 -0.8246 -0.0000
vn 0.7458 -0.6662 -0.0003
vn 0.9019 -0.4317 0.0100
vn 0.5515 -0.8342 0.0003
vn -0.8621 -0.5068 -0.0013
vn -0.9527 -0.3041 -0.0005
vn -0.9533 -0.3021 -0.0006
vn -0.9650 -0.2623 -0.0023
vn -0.9752 -0.2211 -0.0040
vn 0.9714 -0.2376 0.0030
vn -0.4028 -0.9153 -0.0036
vn -0.4177 -0.9086 -0.0016
vn -0.4039 -0.9148 -0.0035
vn -0.9737 -0.2277 -0.0018
vn -0.9671 -0.2541 -0.0068
vn -0.9662 -0.2575 -0.0075
vn -0.1066 -0.9943 -0.0059
vn -0.0732 -0.9973 0.0003
vn -0.1066 -0.9943 -0.0052
vn -0.0637 -0.9980 -0.0035
vn 0.9786 -0.2057 -0.0040
vn -0.7984 0.6021 -0.0015
vn 1.0000 0.0014 -0.0015
vn 1.0000 0.0017 -0.0031
vn 0.9749 -0.0000 -0.2229
vn 0.9961 0.0878 0.0015
vn -0.9493 0.3144 -0.0035
vn -0.9480 0.3180 -0.0089
vn -0.9538 0.3005 -0.0028
vn -0.9879 0.1551 0.0028
vn -0.9946 0.1041 0.0015
vn -0.9981 0.0617 -0.0065
vn -0.9936 0.1122 -0.0153
vn 1.0000 -0.0002 -0.0013
vn 1.0000 -0.0012 0.0081
vn 0.9987 0.0005 -0.0509
vn 0.9973 0.0008 -0.0736
vn -0.8426 0.1514 -0.5168
vn -0.8745 0.0993 -0.4747
vn -0.8492 0.1413 -0.5088
vn 0.9816 0.0504 -0.1842
vn 0.9809 0.0515 -0.1874
vn 0.9489 0.1038 -0.2980
vn -0.8802 0.0890 -0.4661
vn 0.9618 0.0788 -0.2620
vn -0.7244 0.1924 -0.6620
vn -0.7280 0.1992 -0.6560
vn -0.6001 0.2727 -0.7520
vn -0.6001 0.2729 -0.7519
vn -0.6000 0.2702 -0.7530
vn 0.7032 0.2023 -0.6816
vn -0.8812 0.1576 -0.4457
vn -0.8806 0.1604 -0.4459
vn -0.8800 0.1633 -0.4461
vn -0.2970 0.3049 -0.9049
vn -0.3152 0.3187 -0.8939
vn -0.3085 0.3467 -0.8858
vn -0.8821 0.1064 -0.4590
vn 0.6457 0.2644 -0.7164
vn 0.6362 0.2782 -0.7196
vn 0.2512 0.3542 -0.9008
vn 0.9481 0.1086 -0.2989
vn -0.6003 0.2754 -0.7509
vn -0.2784 0.4109 -0.8681
vn -0.7874 0.2663 -0.5559
vn -0.7850 0.2673 -0.5589
vn -0.7851 0.2672 -0.5588
vn 0.7075 0.2864 -0.6461
vn 0.9680 0.0613 -0.2435
vn 0.8961 0.1752 -0.4079
vn 0.9001 0.2006 -0.3868
vn 0.8994 0.1957 -0.3909
vn 0.6385 0.3050 -0.7066
vn 0.2559 0.4296 -0.8660
vn 0.2601 0.4545 -0.8519
vn 0.5596 0.3667 -0.7432
vn 0.5592 0.3130 -0.7676
vn 0.5584 0.3660 -0.7445
vn -0.8829 0.2209 -0.4144
vn -0.8853 0.2238 -0.4076
vn -0.8792 0.1882 -0.4377
vn 0.9026 0.2210 -0.3694
vn -0.9998 0.0099 -0.0193
vn -0.9994 0.0067 -0.0340
vn 0.9953 0.0628 -0.0732
vn 0.9995 0.0257 -0.0201
vn -0.9999 0.0089 -0.0134
vn 0.9919 0.0480 -0.1179
vn 0.9999 0.0059 -0.0107
vn -0.9608 0.1056 -0.2564
vn -0.5324 0.3614 -0.7655
vn -0.3030 0.4716 -0.8281
vn -0.2979 0.4509 -0.8414
vn 0.7420 0.2654 -0.6156
vn 0.6283 0.3291 -0.7050
vn 0.6193 0.3405 -0.7074
vn 0.5922 0.3739 -0.7138
vn -0.7921 0.2542 -0.5549
vn -0.6657 0.3703 -0.6479
vn -0.6665 0.3637 -0.6507
vn -0.6703 0.3310 -0.6642
vn 0.2237 0.5312 -0.8172
vn 0.2169 0.5167 -0.8283
vn 0.5330 0.4461 -0.7189
vn 0.9329 0.1738 -0.3153
vn 0.9328 0.1750 -0.3152
vn 0.9332 0.1723 -0.3154
vn -0.3238 0.5270 -0.7858
vn -0.9981 0.0437 -0.0428
vn -0.9970 0.0638 -0.0440
vn 0.7904 0.3201 -0.5222
vn 0.8618 0.2913 -0.4153
vn 0.9178 0.1758 -0.3561
vn 0.5828 0.3850 -0.7156
vn -0.8078 0.3333 -0.4862
vn -0.8401 0.3295 -0.4308
vn 0.9912 0.0892 -0.0977
vn 1.0000 -0.0074 -0.0010
vn 0.5038 -0.8638 0.0002
vn 0.8726 -0.4884 -0.0009
vn 0.9754 -0.2206 0.0002
vn -0.7192 -0.6948 -0.0004
vn -0.5567 -0.8307 -0.0044
vn 0.7455 -0.6665 -0.0003
vn 0.5520 -0.8339 0.0005
vn 0.7409 -0.6715 -0.0111
vn -0.9806 -0.1958 -0.0013
vn 0.0393 -0.9992 -0.0030
vn 0.0208 -0.9998 0.0013
vn 1.0000 -0.0027 -0.0029
vn 1.0000 -0.0015 -0.0016
vn 1.0000 -0.0013 -0.0010
vn 0.9862 0.1653 0.0068
vn 0.9665 0.2568 0.0010
vn 0.9765 0.2155 0.0038
vn -0.7991 0.6013 0.0006
vn -1.0000 0.0012 -0.0006
vn -1.0000 0.0007 -0.0018
vn 0.9486 0.3164 -0.0042
vn 0.9695 0.2452 -0.0007
vn -0.9945 0.0015 -0.1046
vn -0.9759 0.0632 -0.2090
vn 0.9995 0.0123 -0.0307
vn 0.9998 0.0186 -0.0123
vn 1.0000 0.0007 -0.0007
vn -0.8819 0.1545 -0.4454
vn -0.7001 0.3029 -0.6466
vn -0.7108 0.2731 -0.6482
vn -0.7055 0.3044 -0.6400
vn 0.9921 0.0521 -0.1143
vn 0.9484 0.1088 -0.2978
vn -0.9719 0.1123 -0.2068
vn -0.6513 0.3587 -0.6687
vn -0.6261 0.3737 -0.6844
vn -0.2662 0.4261 -0.8646
vn -0.2679 0.4253 -0.8645
vn -0.7876 0.2662 -0.5557
vn 0.7353 0.3182 -0.5984
vn 0.7397 0.2916 -0.6064
vn 0.7310 0.3170 -0.6043
vn -0.5350 0.4821 -0.6938
vn -0.2552 0.5505 -0.7948
vn -0.2698 0.5533 -0.7881
vn -0.2462 0.5488 -0.7989
vn -0.2773 0.5546 -0.7845
vn -0.9084 0.2225 -0.3539
vn -0.6658 0.4046 -0.6269
vn -0.6475 0.4099 -0.6424
vn -0.6679 0.4039 -0.6251
vn 0.7518 0.3875 -0.5336
vn 0.8052 0.3595 -0.4717
vn 0.7611 0.3830 -0.5235
vn 0.6734 0.3839 -0.6317
vn 0.6599 0.3938 -0.6399
vn 0.2697 0.5002 -0.8228
vn 0.2781 0.5028 -0.8184
vn 0.5727 0.4136 -0.7077
vn 0.5762 0.4131 -0.7052
vn -0.6454 0.4105 -0.6441
vn -0.9114 0.2178 -0.3492
vn 0.2017 0.6178 -0.7601
vn 0.6397 0.5243 -0.5621
vn 1.0000 0.0062 -0.0056
vn -0.9998 0.0185 -0.0003
vn -0.9999 0.0126 -0.0066
vn -0.9981 0.0347 -0.0514
vn 0.9325 0.1765 -0.3151
vn -0.9997 0.0071 -0.0235
vn -0.7771 0.3674 -0.5110
vn -0.3383 0.5315 -0.7766
vn -0.6608 0.4033 -0.6330
vn 0.2357 0.5677 -0.7888
vn 0.2364 0.5671 -0.7890
vn 0.9865 0.1003 -0.1294
vn 0.7218 0.3817 -0.5774
vn 0.6828 0.4274 -0.5926
vn 0.6915 0.4176 -0.5894
vn 0.7294 0.3721 -0.5740
vn -0.2753 0.6496 -0.7087
vn -0.8528 0.3272 -0.4070
vn 0.9901 0.1138 -0.0827
vn 0.9999 0.0142 0.0035
vn -0.9817 -0.1903 0.0009
vn 0.8386 -0.5448 0.0008
vn 0.9790 -0.2040 0.0004
vn -0.5929 -0.8053 -0.0005
vn -0.9160 -0.4011 -0.0045
vn -0.7062 -0.7080 -0.0000
vn 0.7556 -0.6550 0.0102
vn 0.5526 -0.8334 -0.0034
vn 0.7092 -0.7050 -0.0019
vn 0.9738 -0.2274 -0.0045
vn -0.8356 -0.5494 0.0029
vn 0.3046 -0.9525 -0.0040
vn -0.9814 -0.1920 -0.0028
vn -1.0000 -0.0015 0.0004
vn 1.0000 -0.0013 -0.0000
vn 0.8037 0.5950 0.0020
vn 0.8009 0.5988 0.0021
vn -0.9942 0.1073 0.0001
vn -0.9666 0.2562 0.0012
vn 0.9577 0.2876 0.0017
vn 0.9726 0.2324 0.0029
vn -0.9999 0.0118 -0.0066
vn -0.9999 0.0077 -0.0115
vn -0.9996 0.0207 -0.0177
vn -0.9214 0.1995 -0.3335
vn 0.9204 0.2498 -0.3008
vn 0.9195 0.2580 -0.2965
vn 0.9222 0.2291 -0.3115
vn -0.2106 0.7517 -0.6250
vn -0.2240 0.7538 -0.6177
vn -0.2306 0.7548 -0.6141
vn -0.6225 0.6240 -0.4724
vn -0.7100 0.4758 -0.5191
vn -0.6973 0.4819 -0.5305
vn -0.6979 0.4816 -0.5301
vn -0.2422 0.7564 -0.6076
vn -0.6843 0.4879 -0.5419
vn 0.8154 0.3533 -0.4585
vn 0.7519 0.4894 -0.4418
vn 0.7170 0.5308 -0.4519
vn 0.7695 0.4667 -0.4359
vn 0.7006 0.5489 -0.4560
vn 0.2102 0.8224 -0.5287
vn 0.3117 0.6933 -0.6497
vn 0.9169 0.2790 -0.2853
vn -0.7339 0.5214 -0.4355
vn -0.9162 0.3351 -0.2197
vn 0.8958 0.3959 -0.2018
vn 0.9043 0.3917 -0.1699
vn 0.9029 0.3925 -0.1754
vn 0.8542 0.4104 -0.3193
vn 0.3087 0.8579 -0.4108
vn 0.9973 0.0663 -0.0301
vn -1.0000 0.0067 0.0033
vn -0.8061 0.4667 -0.3639
vn -0.8036 0.4703 -0.3647
vn -0.8024 0.4720 -0.3651
vn 0.7699 0.4623 -0.4399
vn 0.7482 0.4754 -0.4628
vn 0.7379 0.4812 -0.4732
vn 0.7835 0.4535 -0.4248
vn 0.2389 0.7255 -0.6455
vn 0.2659 0.7087 -0.6535
vn 0.2526 0.7171 -0.6496
vn -0.7694 0.5807 -0.2662
vn -0.7863 0.5723 -0.2329
vn -0.8035 0.5622 -0.1957
vn -0.8074 0.4648 -0.3634
vn -0.2663 0.7866 -0.5571
vn -0.3092 0.7498 -0.5850
vn -0.2985 0.7593 -0.5782
vn -0.3342 0.7264 -0.6006
vn -0.2766 0.8774 -0.3920
vn -0.2773 0.8769 -0.3926
vn -0.2858 0.8709 -0.3997
vn -0.8687 0.4729 -0.1475
vn -0.6754 0.5849 -0.4492
vn -0.8174 0.4823 -0.3150
vn -0.9999 0.0103 -0.0070
vn 0.8134 0.5228 -0.2551
vn 0.8121 0.5250 -0.2547
vn 0.8106 0.5275 -0.2543
vn 0.2396 0.8724 -0.4259
vn 0.7835 0.4672 -0.4096
vn 0.8060 0.4528 -0.3812
vn 0.8127 0.4482 -0.3724
vn 0.7776 0.4708 -0.4168
vn 0.2256 0.7334 -0.6413
vn 0.9601 0.2380 -0.1467
vn -0.9839 -0.1787 -0.0008
vn -0.8839 -0.4674 -0.0148
vn 0.9795 -0.2013 0.0008
vn -0.6966 -0.7174 0.0107
vn 0.7634 -0.6459 0.0058
vn 0.5582 -0.8297 -0.0006
vn 0.6888 -0.7250 -0.0063
vn -0.7308 -0.6822 -0.0216
vn 0.9541 -0.2993 0.0010
vn -0.9876 -0.1567 0.0056
vn -0.9864 -0.1643 0.0070
vn -0.9878 -0.1559 0.0054
vn -0.4180 -0.9085 -0.0015
vn -0.8399 -0.5427 0.0059
vn -0.9800 -0.1991 -0.0011
vn -0.1372 -0.9905 -0.0005
vn -0.0401 -0.9992 -0.0010
vn 0.9385 -0.3453 0.0010
vn 0.9825 -0.1865 0.0009
vn 0.7295 -0.6839 0.0044
vn -1.0000 -0.0022 0.0014
vn -0.7993 0.6009 0.0014
vn -1.0000 0.0017 0.0013
vn 0.9663 0.2575 -0.0046
vn -0.9944 0.1060 -0.0036
vn 0.9798 0.2000 0.0019
vn -0.9994 0.0204 0.0283
vn 1.0000 0.0052 0.0028
vn 0.9996 0.0279 0.0004
vn 0.9979 0.0625 -0.0151
vn -0.9990 0.0408 -0.0187
vn -0.7480 0.6510 -0.1294
vn -0.7180 0.6240 -0.3084
vn -0.8047 0.4759 -0.3550
vn 0.6578 0.6792 -0.3256
vn -0.2724 0.9601 -0.0631
vn -0.2710 0.9606 -0.0611
vn -0.2964 0.9502 -0.0967
vn -0.2496 0.9678 -0.0318
vn -0.5320 0.7820 -0.3247
vn -0.2154 0.9110 -0.3517
vn -0.3009 0.8261 -0.4765
vn -0.6496 0.7577 -0.0616
vn -0.8205 0.5562 -0.1318
vn 0.9110 0.3876 -0.1412
vn 0.6146 0.7445 -0.2607
vn 0.1750 0.9665 -0.1875
vn 0.7603 0.6445 -0.0812
vn -0.9886 0.1506 -0.0023
vn 1.0000 0.0073 -0.0028
vn 0.9996 0.0206 -0.0184
vn -0.5622 0.8243 -0.0673
vn -0.9499 0.3123 -0.0134
vn -0.2872 0.9535 -0.0918
vn -0.2835 0.9550 -0.0871
vn -0.3038 0.9461 -0.1125
vn -0.8168 0.5530 -0.1646
vn -0.2689 0.8827 -0.3854
vn 0.3287 0.8913 -0.3125
vn 0.2183 0.9665 -0.1349
vn 0.9433 0.3229 -0.0770
vn 0.7043 0.6727 -0.2268
vn 0.7966 0.5614 -0.2241
vn -0.8356 0.5484 -0.0322
vn -0.7261 0.6796 -0.1042
vn 0.8839 0.4672 -0.0210
vn 0.3880 0.9080 -0.1584
vn 0.8098 0.5289 -0.2540
vn 0.9941 0.0995 -0.0430
vn 0.9917 0.1145 -0.0581
vn 1.0000 0.0019 -0.0028
vn -0.9421 -0.3352 -0.0026
vn -0.9391 -0.3437 -0.0009
vn -0.5654 -0.8248 0.0037
vn -0.5718 -0.8204 -0.0034
vn -0.8280 -0.5607 -0.0015
vn -0.9874 -0.1584 0.0039
vn 0.0310 -0.9995 -0.0001
vn 0.0428 -0.9991 0.0035
vn 0.2867 -0.9580 -0.0032
vn 0.2039 -0.9789 0.0136
vn 0.9793 -0.2024 0.0040
vn 1.0000 -0.0016 0.0002
vn -0.9479 0.3185 0.0001
vn -0.9426 0.3338 0.0078
vn 0.9593 0.2823 0.0001
vn 0.9501 0.3118 0.0044
vn 1.0000 0.0023 -0.0001
vn 1.0000 0.0013 0.0019
vn -0.9884 0.1520 0.0024
vn 0.9691 0.2467 0.0071
vn -0.9511 0.3090 0.0019
vn 0.9633 0.2634 0.0521
vn 1.0000 0.0002 0.0025
vn 0.9952 0.0139 0.0966
vn -0.9800 0.1954 0.0385
vn -0.8671 0.4972 0.0292
vn -0.7248 0.6525 0.2212
vn -0.7142 0.5822 0.3886
vn -0.7329 0.5555 0.3927
vn -0.7550 0.5217 0.3973
vn 0.7071 0.6340 0.3132
vn 0.7632 0.5181 0.3860
vn 0.7423 0.5217 0.4204
vn 0.7180 0.5248 0.4573
vn -0.7591 0.6464 0.0776
vn -0.3210 0.8772 0.3571
vn -0.1327 0.9618 0.2395
vn -0.5212 0.8023 0.2910
vn -0.8439 0.5358 0.0269
vn -0.8963 0.3926 0.2063
vn 0.8171 0.5731 0.0626
vn 0.8768 0.4617 0.1345
vn 0.7779 0.6270 0.0422
vn 0.8007 0.5987 0.0179
vn 0.7904 0.6119 0.0291
vn 0.3568 0.9319 0.0649
vn 0.7632 0.6437 0.0570
vn 0.2591 0.9359 0.2384
vn 0.2974 0.7786 0.5526
vn 0.1194 0.8545 0.5055
vn -0.9940 0.1073 0.0194
vn -0.9791 0.2018 -0.0252
vn -0.9857 0.1685 -0.0095
vn 1.0000 0.0044 0.0022
vn -0.9998 0.0196 0.0067
vn -0.9961 0.0882 0.0081
vn -0.5740 0.7999 0.1754
vn -0.7487 0.6128 0.2529
vn -0.7514 0.6259 0.2091
vn -0.7619 0.5914 0.2641
vn -0.2860 0.8517 0.4390
vn -0.2629 0.9628 -0.0616
vn -0.2245 0.9356 0.2725
vn -0.2465 0.9260 0.2860
vn -0.2290 0.9337 0.2752
vn -0.2025 0.9444 0.2589
vn -0.7781 0.5861 0.2259
vn 0.2571 0.9598 0.1123
vn 0.2646 0.9572 0.1172
vn 0.2978 0.9445 0.1386
vn 0.2229 0.9706 0.0904
vn 0.6651 0.7442 0.0624
vn 0.9242 0.3784 0.0523
vn 0.7782 0.6176 0.1139
vn -0.9242 0.1405 0.3550
vn 0.8102 0.5856 0.0268
vn 0.9973 0.0631 0.0372
vn 0.6332 0.7712 0.0647
vn 0.9184 0.3472 0.1896
vn 0.9080 0.3668 0.2026
vn 0.9190 0.3461 0.1889
vn -1.0000 0.0015 0.0038
vn -0.4767 -0.8791 0.0003
vn 0.9999 -0.0152 0.0040
vn 0.4824 -0.8759 -0.0003
vn -0.8263 -0.5632 -0.0002
vn -0.9842 -0.1770 -0.0001
vn -0.8309 -0.5564 0.0010
vn -0.5660 -0.8244 -0.0019
vn -0.6926 -0.7211 0.0157
vn 0.8256 -0.5643 -0.0039
vn 0.8517 -0.5240 0.0058
vn 0.5688 -0.8225 -0.0011
vn 0.5776 -0.8163 -0.0042
vn 0.6871 -0.7265 -0.0069
vn 0.8821 -0.4709 0.0078
vn -0.5839 -0.8119 -0.0003
vn -0.6096 -0.7927 0.0023
vn -0.6103 -0.7922 0.0024
vn -0.0137 -0.9999 0.0007
vn 0.7307 -0.6827 0.0050
vn -0.9789 -0.2039 0.0144
vn 0.9729 -0.2298 0.0243
vn -0.8043 0.5942 0.0090
vn 0.8016 0.5978 0.0027
vn 0.8050 0.5933 0.0033
vn 1.0000 0.0047 0.0005
vn 1.0000 0.0017 0.0023
vn -1.0000 0.0012 0.0025
vn -0.9984 0.0556 0.0100
vn -0.9986 -0.0003 0.0521
vn -0.9983 0.0003 0.0577
vn -0.9951 0.0181 0.0971
vn 0.9995 0.0084 0.0320
vn -1.0000 0.0020 0.0087
vn -0.9999 0.0036 0.0118
vn -0.9996 0.0117 0.0271
vn -0.9812 0.1065 0.1611
vn -0.9666 0.1592 0.2007
vn -0.9513 0.2230 0.2129
vn 0.7312 0.3967 0.5550
vn 0.9852 0.1139 0.1284
vn 0.9114 0.2101 0.3538
vn 0.9072 0.2244 0.3559
vn 0.9185 0.1840 0.3499
vn -0.9418 0.2532 0.2212
vn -0.7666 0.5028 0.3995
vn -0.2792 0.8012 0.5293
vn -0.5991 0.5268 0.6029
vn -0.1661 0.7318 0.6609
vn -0.6031 0.5841 0.5432
vn -0.6078 0.5767 0.5459
vn -0.6382 0.5634 0.5247
vn -0.6377 0.5645 0.5241
vn 0.6922 0.5268 0.4934
vn 0.3163 0.7063 0.6333
vn -0.5973 0.5899 0.5434
vn 0.6155 0.6565 0.4360
vn 0.8728 0.3754 0.3119
vn 0.9576 0.2408 0.1583
vn 1.0000 0.0042 0.0066
vn 1.0000 0.0045 0.0072
vn -0.7515 0.4137 0.5140
vn -0.7787 0.4374 0.4497
vn -0.7833 0.4350 0.4441
vn 0.9880 0.1304 0.0825
vn 0.9332 0.2576 0.2506
vn 0.9157 0.2473 0.3166
vn 0.9387 0.2552 0.2319
vn -0.8030 0.5086 0.3107
vn -0.7838 0.5410 0.3050
vn -0.1990 0.7320 0.6516
vn -0.1564 0.7540 0.6379
vn -0.1608 0.7577 0.6324
vn -0.2209 0.7121 0.6664
vn -0.7982 0.4621 0.3865
vn -0.7567 0.5097 0.4094
vn -0.8026 0.4566 0.3838
vn -0.9637 0.1758 0.2009
vn -0.9672 0.1893 0.1693
vn -0.9695 0.2019 0.1391
vn 0.6992 0.6637 0.2656
vn 0.1766 0.8664 0.4670
vn 0.2312 0.8625 0.4501
vn 0.2399 0.8531 0.4633
vn 0.1901 0.8729 0.4493
vn 0.6096 0.5427 0.5778
vn 0.6286 0.5456 0.5543
vn 0.6529 0.5259 0.5451
vn 0.2511 0.8788 0.4057
vn 0.5706 0.7353 0.3657
vn 0.5859 0.6242 0.5168
vn 0.6615 0.5953 0.4561
vn 0.6510 0.5999 0.4652
vn 0.5709 0.6289 0.5278
vn 0.2750 0.7316 0.6237
vn -0.9395 0.3386 0.0513
vn 0.9068 0.3689 0.2039
vn 1.0000 0.0040 0.0031
vn -0.4763 -0.8793 0.0003
vn 0.8818 -0.4716 0.0021
vn 0.8903 -0.4554 -0.0034
vn 0.9782 -0.2076 0.0039
vn -0.5601 -0.8284 -0.0031
vn -0.8587 -0.5123 0.0142
vn -0.8429 -0.5381 0.0009
vn -0.5822 -0.8131 -0.0005
vn -0.1080 -0.9941 0.0032
vn 0.9719 -0.2355 0.0026
vn -0.9574 0.2886 -0.0023
vn -0.9965 0.0824 0.0112
vn -0.9595 0.2817 0.0042
vn -0.9504 0.3110 0.0033
vn 0.9977 -0.0015 0.0685
vn -0.9889 0.0015 0.1483
vn -0.9991 0.0059 0.0426
vn 0.9991 0.0114 0.0402
vn 0.9679 0.0949 0.2329
vn -0.7267 0.3177 0.6090
vn -0.7887 0.2362 0.5676
vn -0.7173 0.3199 0.6190
vn 0.7130 0.2396 0.6589
vn 0.7112 0.2447 0.6590
vn 0.7094 0.2497 0.6591
vn -0.9823 0.1022 0.1568
vn -0.6732 0.3846 0.6316
vn -0.2429 0.4433 0.8628
vn -0.2410 0.4403 0.8649
vn -0.2232 0.5016 0.8358
vn 0.5572 0.3303 0.7619
vn 0.2754 0.3849 0.8809
vn 0.2677 0.3885 0.8817
vn 0.2950 0.3550 0.8871
vn 0.9220 0.1702 0.3477
vn -0.6579 0.3957 0.6407
vn -0.6832 0.3928 0.6156
vn -0.2191 0.5034 0.8358
vn -0.5006 0.4179 0.7581
vn 0.7326 0.3633 0.5757
vn 0.8480 0.3042 0.4340
vn 0.5600 0.4455 0.6985
vn 0.3148 0.5357 0.7835
vn 0.2732 0.5316 0.8017
vn 0.3377 0.5375 0.7727
vn 0.2480 0.5287 0.8118
vn -0.2727 0.6498 0.7095
vn -0.9954 0.0917 0.0267
vn -0.8236 0.3290 0.4621
vn 0.9363 0.1837 0.2993
vn -0.9999 0.0072 0.0123
vn 1.0000 0.0075 0.0061
vn 0.9998 0.0072 0.0166
vn -0.9974 0.0348 0.0628
vn -0.9980 0.0303 0.0561
vn -0.9848 0.0832 0.1525
vn -0.7679 0.3623 0.5283
vn -0.7557 0.4404 0.4847
vn -0.7801 0.3409 0.5246
vn -0.1707 0.4895 0.8551
vn -0.1919 0.5685 0.8000
vn -0.1741 0.5366 0.8257
vn 0.5725 0.4591 0.6794
vn 0.5838 0.4584 0.6701
vn 0.6493 0.4520 0.6116
vn 0.9102 0.1838 0.3711
vn 0.9268 0.1965 0.3200
vn -0.2562 0.6872 0.6798
vn -0.2249 0.5822 0.7813
vn -0.7412 0.3615 0.5656
vn -0.5406 0.4840 0.6881
vn 0.6349 0.5122 0.5784
vn 0.2352 0.4869 0.8412
vn 0.2651 0.5456 0.7950
vn 0.2521 0.5408 0.8024
vn 0.7808 0.4313 0.4521
vn 0.8096 0.2937 0.5083
vn 0.8153 0.2872 0.5028
vn 0.7946 0.2767 0.5404
vn 0.1675 0.6999 0.6943
vn 0.6635 0.4501 0.5976
vn -0.7472 0.5198 0.4142
vn 0.6857 0.5276 0.5014
vn 0.9957 0.0536 0.0756
vn 0.9960 0.0559 0.0693
vn 0.9954 0.0562 0.0777
vn 0.9957 -0.0931 0.0024
vn -0.9504 -0.3109 0.0065
vn -0.8167 -0.5771 -0.0023
vn -0.8093 -0.5873 -0.0006
vn -0.8160 -0.5781 -0.0024
vn 0.4839 -0.8751 -0.0002
vn 0.8317 -0.5552 -0.0010
vn -0.5474 -0.8369 -0.0000
vn -0.8527 -0.5220 0.0219
vn -0.7727 -0.6347 -0.0022
vn -0.7715 -0.6362 -0.0021
vn -0.7730 -0.6344 -0.0073
vn 0.5611 -0.8277 -0.0012
vn 0.5549 -0.8319 0.0034
vn -0.9742 -0.2256 -0.0046
vn 0.7005 -0.7136 0.0096
vn 0.6985 -0.7156 0.0103
vn 0.7251 -0.6886 0.0014
vn 0.8135 -0.5815 -0.0006
vn 0.8147 -0.5799 -0.0006
vn 0.8195 -0.5730 -0.0004
vn 0.0003 -0.9998 0.0201
vn -0.8543 -0.5197 0.0040
vn 0.1448 -0.9895 -0.0010
vn 0.4234 -0.9057 0.0194
vn -1.0000 -0.0035 0.0025
vn 0.9496 0.3135 0.0047
vn 0.8302 0.5574 0.0121
vn -1.0000 0.0023 0.0015
vn -1.0000 0.0003 -0.0069
vn 1.0000 0.0002 0.0078
vn -0.9973 0.0038 0.0732
vn 1.0000 0.0020 0.0037
vn -0.9764 0.2160 0.0070
vn 0.9909 0.1333 0.0191
vn -0.9486 0.3164 0.0057
vn -0.9984 0.0554 0.0056
vn 0.9998 -0.0008 0.0190
vn 0.9995 -0.0000 0.0313
vn -0.9943 0.0004 0.1063
vn -0.9961 -0.0002 0.0887
vn 0.9983 -0.0007 0.0587
vn -0.9942 0.0121 0.1069
vn 0.9868 0.0407 0.1565
vn -0.9498 0.0906 0.2994
vn -0.9498 0.0685 0.3053
vn -0.9556 0.0747 0.2849
vn -0.9530 0.0973 0.2870
vn 0.9213 0.1143 0.3717
vn 0.9238 0.1104 0.3666
vn 0.9215 0.1139 0.3713
vn -0.7068 0.1897 0.6815
vn -0.7189 0.1787 0.6718
vn -0.7174 0.1698 0.6757
vn -0.6836 0.2118 0.6985
vn -0.2672 0.2419 0.9328
vn -0.2622 0.3242 0.9089
vn -0.2638 0.2709 0.9257
vn 0.6088 0.2338 0.7581
vn 0.5967 0.2202 0.7717
vn 0.6150 0.2409 0.7508
vn -0.9400 0.1214 0.3189
vn -0.7104 0.1849 0.6791
vn -0.2602 0.3456 0.9016
vn -0.8054 0.2508 0.5370
vn -0.8161 0.2420 0.5249
vn -0.8742 0.2000 0.4424
vn 0.7147 0.2350 0.6588
vn 0.2840 0.2682 0.9206
vn 0.3017 0.3385 0.8913
vn 0.2977 0.3076 0.9038
vn 0.6801 0.1400 0.7197
vn 0.2760 0.2634 0.9244
vn 0.5664 0.3206 0.7592
vn 0.9241 0.1099 0.3660
vn -0.9386 0.1235 0.3222
vn -0.7953 0.2304 0.5608
vn -0.6012 0.3010 0.7402
vn -0.9083 0.2057 0.3641
vn 0.6245 0.3511 0.6977
vn -0.9156 0.2087 0.3438
vn 0.8832 0.1691 0.4375
vn 0.8826 0.1694 0.4386
vn 0.8736 0.1728 0.4549
vn 0.9998 0.0075 0.0183
vn -0.9999 0.0083 0.0148
vn -0.7748 0.2500 0.5807
vn -0.7060 0.3301 0.6265
vn -0.7802 0.2431 0.5763
vn -0.1844 0.3686 0.9111
vn -0.1511 0.4356 0.8874
vn 0.5834 0.3325 0.7410
vn 0.5762 0.3472 0.7399
vn 0.5699 0.3600 0.7387
vn 0.2284 0.3918 0.8913
vn 0.2279 0.3982 0.8885
vn -0.7096 0.3163 0.6296
vn -0.6181 0.3193 0.7184
vn -0.3514 0.4110 0.8412
vn 0.2324 0.4676 0.8528
vn 0.5817 0.3352 0.7412
vn 0.5849 0.3783 0.7175
vn 0.5833 0.3398 0.7378
vn 0.7884 0.2957 0.5394
vn 0.7966 0.2497 0.5505
vn 0.9157 0.1590 0.3691
vn -0.6920 0.3480 0.6325
vn -0.9587 0.1612 0.2344
vn -0.8827 0.2359 0.4064
vn 0.9849 0.0765 0.1555
vn 0.6933 0.3434 0.6336
vn -1.0000 -0.0013 0.0016
vn -0.8259 -0.5638 0.0003
vn -0.9836 -0.1801 0.0012
vn -0.9838 -0.1792 0.0002
vn -0.9098 -0.4151 -0.0042
vn -0.9232 -0.3844 0.0005
vn -0.9241 -0.3822 0.0009
vn 0.9848 -0.1737 0.0053
vn 0.9852 -0.1715 0.0049
vn -0.5467 -0.8373 -0.0010
vn 0.5550 -0.8318 0.0017
vn -0.9747 -0.2236 -0.0050
vn -0.7075 -0.7066 0.0123
vn -0.7255 -0.6881 -0.0084
vn -0.7065 -0.7076 0.0126
vn -0.7217 -0.6922 0.0015
vn 0.9486 -0.3165 0.0020
vn 0.7266 -0.6871 0.0010
vn -0.8552 -0.5182 0.0043
vn -0.9776 -0.2098 0.0156
vn -0.1976 -0.9803 0.0060
vn 0.0397 -0.9992 0.0021
vn 0.1357 -0.9907 -0.0039
vn 0.9752 -0.2173 0.0430
vn 0.7522 -0.6590 -0.0007
vn 0.7557 -0.6549 -0.0020
vn 0.9788 -0.1870 0.0839
vn -0.9415 0.3368 0.0086
vn 0.8541 0.5199 0.0167
vn -0.8128 0.5821 0.0212
vn 0.7983 0.6023 0.0072
vn 0.9855 0.0014 0.1694
vn 0.9649 0.2625 0.0013
vn 0.9649 0.2576 0.0512
vn 0.9998 -0.0034 0.0208
vn -0.9963 -0.0037 0.0855
vn 0.9872 0.0026 0.1594
vn 0.9874 0.0024 0.1580
vn 0.9981 0.0029 0.0621
vn 0.9931 0.0088 0.1172
vn -0.9792 0.0284 0.2010
vn -0.9752 0.0670 0.2110
vn -0.9404 0.0139 0.3397
vn 0.7770 0.0512 0.6274
vn 0.7951 0.0484 0.6045
vn 0.8172 0.0528 0.5740
vn -0.9947 0.0118 0.1025
vn -0.9126 0.0540 0.4053
vn 0.9843 0.0360 0.1730
vn 0.7750 0.0516 0.6299
vn -0.7033 0.3403 0.6242
vn 0.6951 0.0835 0.7141
vn 0.6930 0.1132 0.7120
vn 0.6928 0.1155 0.7118
vn 0.7018 0.2071 0.6816
vn 0.5632 0.0464 0.8250
vn 0.9673 0.0322 0.2515
vn -0.9638 0.0621 0.2592
vn -0.9609 0.0552 0.2713
vn -0.9631 0.0590 0.2628
vn -0.7878 0.0509 0.6138
vn -0.6910 0.1344 0.7103
vn -0.6907 0.1280 0.7117
vn -0.6847 0.1118 0.7202
vn -0.2663 0.1871 0.9455
vn -0.2643 0.1804 0.9474
vn -0.2667 0.1257 0.9556
vn 0.2938 0.2410 0.9250
vn 0.2940 0.2414 0.9248
vn 0.2986 0.2467 0.9219
vn 0.2890 0.2354 0.9279
vn 0.9660 0.0318 0.2565
vn 0.6897 0.1481 0.7088
vn 0.3262 0.0850 0.9415
vn 0.3246 0.0828 0.9422
vn 0.3133 0.0671 0.9473
vn 0.3378 0.1013 0.9357
vn 0.8475 0.0437 0.5289
vn 0.7899 0.1926 0.5822
vn -0.2684 0.2279 0.9360
vn 0.7044 0.1758 0.6877
vn 0.7056 0.1678 0.6884
vn 0.7102 0.1359 0.6908
vn 0.7295 0.1268 0.6722
vn 0.7354 0.1202 0.6669
vn 0.7061 0.1546 0.6911
vn 0.7040 0.1608 0.6918
vn 0.2739 0.2318 0.9334
vn 0.2849 0.2317 0.9301
vn 0.3058 0.2344 0.9228
vn 0.3205 0.2435 0.9154
vn -0.6191 0.1812 0.7642
vn -0.7726 0.1263 0.6222
vn -0.7612 0.1492 0.6311
vn -0.7356 0.1906 0.6500
vn -0.8681 0.1057 0.4850
vn -0.8598 0.1211 0.4960
vn -0.8624 0.1164 0.4927
vn 0.9123 0.0992 0.3973
vn 0.9114 0.0966 0.4000
vn 0.9069 0.0904 0.4115
vn 0.7051 0.1625 0.6902
vn 0.6988 0.2084 0.6843
vn -0.6997 0.2067 0.6839
vn -0.7686 0.1592 0.6196
vn 0.9028 0.1175 0.4136
vn 0.5907 0.2135 0.7782
vn 0.5843 0.1924 0.7884
vn 0.5728 0.1930 0.7967
vn 0.5740 0.1929 0.7958
vn 0.5939 0.1920 0.7813
vn -0.9556 0.0858 0.2820
vn 0.8994 0.1280 0.4179
vn 0.9990 0.0057 0.0443
vn 0.9991 0.0090 0.0417
vn 0.9886 0.0315 0.1472
vn -0.6956 0.2059 0.6883
vn -0.8264 0.1059 0.5531
vn 0.8881 0.1570 0.4320
vn 0.9995 0.0080 0.0290
vn -0.9998 0.0061 0.0214
vn -0.9994 0.0059 0.0335
vn 0.9897 0.0355 0.1387
vn 0.9650 0.0546 0.2563
vn -0.9350 0.1063 0.3384
vn -0.9236 0.1195 0.3642
vn -0.9353 0.0979 0.3400
vn -0.6136 0.2550 0.7473
vn -0.5900 0.2291 0.7742
vn -0.6240 0.2409 0.7433
vn 0.9160 0.1404 0.3758
vn 0.9142 0.1455 0.3781
vn 0.9155 0.1418 0.3766
vn 0.7250 0.1861 0.6631
vn 0.6737 0.2173 0.7064
vn 0.6648 0.2227 0.7131
vn 0.7331 0.1819 0.6554
vn -0.9207 0.1172 0.3722
vn -0.6106 0.2572 0.7490
vn -0.1905 0.3735 0.9078
vn -0.1883 0.3031 0.9342
vn -0.5228 0.2688 0.8090
vn -0.1919 0.3091 0.9315
vn 0.2274 0.3397 0.9126
vn 0.2390 0.3132 0.9191
vn 0.2461 0.2761 0.9291
vn -0.9195 0.1146 0.3760
vn -0.7794 0.2339 0.5813
vn -0.9655 0.2599 -0.0180
vn 0.6031 0.2612 0.7537
vn 0.6061 0.2497 0.7552
vn 0.5897 0.3192 0.7419
vn 0.7532 0.2343 0.6147
vn -0.8752 0.2081 0.4368
vn 0.9661 0.1166 0.2302
vn 0.9591 0.1098 0.2609
vn 0.9436 0.1160 0.3101
vn 0.9266 0.1062 0.3606
vn -0.9843 0.0546 0.1680
vn 0.9989 -0.0460 0.0010
vn -0.9512 -0.3084 0.0071
vn 0.9850 -0.1725 0.0005
vn 0.9955 -0.0951 -0.0029
vn 0.8408 -0.5413 -0.0034
vn 0.8276 -0.5614 0.0005
vn -0.7377 -0.6751 -0.0006
vn -0.7345 -0.6787 -0.0004
vn -0.9022 -0.4312 0.0006
vn 0.7202 -0.6937 -0.0021
vn 0.7028 -0.7113 -0.0078
vn 0.7212 -0.6928 -0.0027
vn 0.8542 -0.5199 0.0077
vn 0.7016 -0.7125 -0.0081
vn 0.8197 -0.5728 -0.0004
vn 0.9499 -0.3099 0.0410
vn -0.9298 -0.3681 -0.0034
vn 1.0000 -0.0054 -0.0003
vn 0.0005 -0.9999 0.0169
vn -0.6556 -0.6402 0.4003
vn -0.6606 -0.6446 0.3848
vn -0.6715 -0.6541 0.3481
vn -0.9472 -0.0696 0.3131
vn -0.9448 -0.0390 0.3252
vn -0.9488 -0.1159 0.2939
vn -0.6490 -0.6343 0.4200
vn -0.6603 -0.4883 0.5706
vn -0.7851 -0.2288 0.5755
vn -0.2521 -0.9350 0.2494
vn -0.2597 -0.9180 0.2999
vn -0.2555 -0.9279 0.2716
vn -0.0907 -0.9786 0.1845
vn -0.2478 -0.8418 0.4796
vn -0.2353 -0.5528 0.7994
vn -0.2933 -0.3981 0.8692
vn 0.3795 -0.7780 0.5007
vn 0.2315 -0.8942 0.3832
vn 0.0875 -0.8424 0.5317
vn 0.5736 -0.6104 0.5463
vn 0.3987 -0.4755 0.7842
vn 0.4179 -0.4924 0.7635
vn 0.4122 -0.4874 0.7698
vn -0.0179 -0.6947 0.7191
vn 0.2364 -0.4009 0.8851
vn 0.4411 -0.5127 0.7367
vn 0.7060 -0.5211 0.4796
vn 0.7155 -0.4123 0.5640
vn 0.7849 -0.2786 0.5535
vn -0.9410 -0.0050 0.3383
vn 0.2347 0.0109 0.9720
vn 0.2214 -0.0073 0.9752
vn 0.2256 0.0021 0.9742
vn -0.9832 0.0032 0.1826
vn -0.8505 0.0040 0.5259
vn -0.6972 -0.0072 0.7169
vn 0.2220 -0.0072 0.9750
vn 0.9934 -0.0002 0.1147
vn 0.9931 -0.0004 0.1172
vn 0.9884 -0.0047 0.1521
vn 0.8032 0.0069 0.5957
vn 0.7127 -0.0084 0.7014
vn 0.4785 -0.0048 0.8781
vn 0.9876 -0.0053 0.1570
vn 0.2514 0.0288 0.9675
vn -0.8204 0.5709 0.0318
vn -0.7021 0.6085 0.3698
vn -0.7044 0.6078 0.3666
vn -0.7016 0.6087 0.3705
vn -0.4675 0.5525 0.6900
vn -0.4230 0.5182 0.7433
vn -0.4123 0.5099 0.7550
vn -0.2501 0.4508 0.8569
vn -0.2753 0.4427 0.8533
vn -0.2627 0.4468 0.8552
vn 0.4509 0.5332 0.7158
vn 0.2325 0.4413 0.8667
vn 0.2566 0.4343 0.8634
vn 0.2810 0.4269 0.8595
vn 0.2350 0.2636 0.9356
vn 0.5692 0.5148 0.6412
vn 0.6350 0.5607 0.5313
vn -0.7050 0.6076 0.3659
vn -0.4763 0.5592 0.6786
vn -0.2335 0.4559 0.8588
vn 0.6274 0.5698 0.5307
vn 0.5936 0.5584 0.5795
vn 0.5980 0.5621 0.5713
vn 0.6963 0.6432 0.3186
vn 0.1976 0.4508 0.8705
vn -0.8795 0.0079 0.4758
vn -0.8823 0.0073 0.4706
vn -0.9318 -0.0053 0.3628
vn -0.6210 0.0015 0.7838
vn -0.6225 0.0017 0.7826
vn -0.5602 -0.0035 0.8283
vn -0.2644 0.0033 0.9644
vn -0.2541 0.0002 0.9672
vn -0.2516 -0.0005 0.9678
vn -0.7140 0.0326 0.6994
vn -0.6415 0.0154 0.7670
vn -0.6316 0.0132 0.7752
vn -0.7220 0.0345 0.6911
vn 0.2301 0.0051 0.9732
vn 0.2277 0.0046 0.9737
vn 0.2149 0.0013 0.9766
vn 0.7086 0.0057 0.7055
vn 0.7152 0.0043 0.6989
vn 0.7092 0.0056 0.7050
vn 0.8805 0.0113 0.4739
vn 0.9256 -0.0007 0.3786
vn 0.8838 0.0106 0.4677
vn -0.2620 0.0032 0.9651
vn 0.6961 0.0028 0.7180
vn 0.5619 -0.0011 0.8272
vn 0.5638 -0.0000 0.8259
vn 0.5723 0.0050 0.8200
vn -0.2545 -0.0013 0.9671
vn -0.9332 -0.0056 0.3593
vn 0.9034 -0.0009 0.4287
vn 0.9050 -0.0006 0.4255
vn 0.9470 0.0096 0.3211
vn 0.9197 0.0051 0.3925
vn 0.6760 0.0014 0.7369
vn 0.2191 -0.0002 0.9757
vn -0.7867 0.0098 0.6172
vn -0.7803 0.0047 0.6254
vn -0.8173 0.0356 0.5750
vn -0.6443 -0.0069 0.7647
vn -0.6465 -0.0062 0.7629
vn 0.8938 -0.0098 0.4483
vn -0.6647 0.0006 0.7471
vn 0.2317 0.0033 0.9728
vn -0.5587 -0.0036 0.8293
vn -0.2706 0.0015 0.9627
vn -0.6837 0.0059 0.7298
vn 0.6657 0.0091 0.7461
vn 0.5801 0.0049 0.8145
vn 0.9246 0.0134 0.3807
vn 0.2207 0.0333 0.9748
vn -0.2760 0.0300 0.9607
vn -0.7165 0.0340 0.6968
vn 0.2150 0.0355 0.9760
vn 0.6109 -0.0001 0.7917
vn 0.6066 -0.0009 0.7950
vn 0.9486 0.0100 0.3164
vn 0.9427 0.0497 0.3299
vn 0.5786 0.0045 0.8156
vn -0.9783 0.0599 0.1981
vn -0.8260 0.0434 0.5620
vn -0.2962 0.0723 0.9524
vn -0.7252 0.0419 0.6872
vn 0.9498 0.0666 0.3056
vn 0.5784 0.0045 0.8158
vn -0.7547 0.1953 0.6263
vn -0.7480 0.1884 0.6364
vn -0.7890 0.2327 0.5687
vn -0.2594 0.0714 0.9631
vn -0.6403 0.2033 0.7407
vn -0.6862 0.2187 0.6938
vn -0.6471 0.2074 0.7337
vn 0.5461 0.1412 0.8258
vn 0.8930 0.2801 0.3523
vn 0.8809 0.2792 0.3822
vn 0.8733 0.2715 0.4045
vn 0.8714 0.2719 0.4084
vn 0.5889 0.1612 0.7919
vn 0.5191 0.1607 0.8395
vn 0.5806 0.1610 0.7981
vn -0.6137 0.2125 0.7604
vn -0.6218 0.2049 0.7559
vn -0.6181 0.2084 0.7579
vn -0.5281 0.1573 0.8345
vn -0.2499 0.0741 0.9654
vn 0.2435 0.0811 0.9665
vn 0.6467 0.2111 0.7329
vn 0.6467 0.2133 0.7323
vn 0.6462 0.2113 0.7333
vn 0.8784 0.2755 0.3904
vn -0.8895 0.2845 0.3577
vn -0.8904 0.2901 0.3508
vn -0.8906 0.2902 0.3502
vn -0.8916 0.2807 0.3554
vn -0.7951 0.2398 0.5571
vn -0.2655 0.0942 0.9595
vn -0.6528 0.2129 0.7270
vn 0.6499 0.1962 0.7343
vn 0.6757 0.2281 0.7010
vn 0.9064 0.3142 0.2824
vn 0.5905 0.2033 0.7810
vn 0.5876 0.2043 0.7829
vn 0.2332 0.0802 0.9691
vn -0.8935 0.2774 0.3532
vn -0.6101 0.2159 0.7623
vn -0.2671 0.0939 0.9591
vn 0.2304 0.0745 0.9702
vn 0.2401 0.0359 0.9701
vn 0.9084 0.3169 0.2728
vn -0.8241 0.2789 0.4930
vn -0.4521 0.1053 0.8857
vn -0.2575 0.0339 0.9657
vn -0.2598 0.0435 0.9647
vn -0.6425 0.1958 0.7409
vn -0.5704 0.1949 0.7979
vn -0.5514 0.1971 0.8106
vn 0.7467 0.1522 0.6476
vn 0.6461 0.1899 0.7393
vn 0.9649 0.2351 0.1174
vn 0.6504 0.2068 0.7309
vn 0.6588 0.2062 0.7235
vn -0.9842 0.1304 0.1200
vn -0.7431 0.0470 0.6675
vn -0.7516 0.0207 0.6593
vn -0.7531 0.0158 0.6577
vn 0.7265 -0.0102 0.6870
vn 0.2401 0.0313 0.9702
vn 0.7061 0.0076 0.7081
vn 0.7248 0.0014 0.6890
vn 0.7084 0.0068 0.7058
vn 0.5893 0.0046 0.8079
vn 0.5857 0.0110 0.8105
vn 0.5828 0.0172 0.8124
vn 0.2279 0.0037 0.9737
vn 0.2252 0.0028 0.9743
vn -0.9966 -0.0033 0.0817
vn -0.8874 0.0006 0.4610
vn -0.9017 0.0065 0.4323
vn -0.9026 0.0069 0.4305
vn -0.7594 -0.0051 0.6506
vn -0.6126 0.0031 0.7904
vn -0.6134 0.0032 0.7897
vn -0.5962 0.0013 0.8028
vn -0.2382 0.0002 0.9712
vn -0.2358 0.0016 0.9718
vn 0.8144 0.0113 0.5802
vn -0.6061 0.0042 0.7954
vn -0.6072 0.0045 0.7946
vn -0.5935 0.0006 0.8048
vn -0.6124 -0.0005 0.7905
vn 0.6167 0.0007 0.7872
vn 0.6174 0.0009 0.7867
vn 0.9247 -0.0039 0.3807
vn 0.9269 -0.0051 0.3753
vn 0.9248 -0.0040 0.3804
vn -0.6132 -0.0008 0.7899
vn 0.7234 0.0036 0.6904
vn 0.2302 -0.0005 0.9731
vn 0.7154 0.0004 0.6987
vn 0.2319 0.0001 0.9727
vn -0.6164 -0.0002 0.7874
vn 0.6173 0.0003 0.7867
vn 0.9270 -0.0052 0.3751
vn -0.2413 0.0002 0.9705
vn -0.6466 0.0025 0.7628
vn 0.4970 -0.0064 0.8677
vn 0.2209 0.0011 0.9753
vn -0.5911 -0.0003 0.8066
vn -0.6162 0.0008 0.7876
vn -0.6155 0.0008 0.7882
vn -0.2416 0.0005 0.9704
vn 0.2194 0.0003 0.9756
vn 0.7655 0.0052 0.6434
vn 0.7721 0.0023 0.6355
vn 0.7136 0.0162 0.7003
vn -0.8914 0.0001 0.4532
vn -0.5912 -0.0005 0.8065
vn 0.7241 0.0040 0.6897
vn 0.6709 -0.0118 0.7415
vn 0.5395 -0.0029 0.8420
vn 0.5490 -0.0002 0.8358
vn 0.5387 -0.0031 0.8425
vn 0.9073 -0.0060 0.4205
vn 0.8986 -0.0006 0.4387
vn 0.9064 -0.0055 0.4223
vn 0.5971 -0.0006 0.8022
vn -0.8914 0.0004 0.4533
vn -0.7285 -0.0066 0.6850
vn -0.7255 -0.0049 0.6882
vn -0.6980 0.0069 0.7161
vn 0.2167 0.0002 0.9762
vn 0.5901 0.0014 0.8073
vn 0.7994 -0.0009 0.6008
vn -0.6742 -0.0023 0.7385
vn 0.5965 -0.0015 0.8026
vn 0.2116 -0.0003 0.9774
vn -0.5930 -0.0006 0.8052
vn -0.8795 -0.0019 0.4758
vn -0.2368 -0.0001 0.9716
vn 0.8930 0.0003 0.4500
vn 0.9018 0.0053 0.4320
vn 0.9136 -0.0001 0.4066
vn 0.9026 0.0050 0.4304
vn -0.5910 0.0003 0.8067
vn -0.2366 0.0002 0.9716
vn 0.5447 0.0015 0.8386
vn -0.7078 0.0105 0.7064
vn 0.5432 0.0003 0.8396
vn 0.8692 -0.0105 0.4943
vn -0.6916 0.0011 0.7223
vn 0.8932 0.0096 0.4496
vn 0.5639 -0.0037 0.8259
vn 0.5632 -0.0044 0.8263
vn 0.2061 0.0009 0.9785
vn 0.8675 -0.0109 0.4973
vn -0.7059 0.0004 0.7084
vn 0.9761 0.0041 0.2175
vn 0.9756 0.0030 0.2197
vn 0.9731 -0.0027 0.2305
vn -0.8793 -0.0020 0.4763
vn -0.2425 -0.0007 0.9701
vn 0.2733 0.0281 0.9615
vn 0.2257 0.0080 0.9742
vn 0.5767 0.0015 0.8170
vn -0.5335 -0.0042 0.8458
vn -0.6821 0.0004 0.7313
vn -0.8011 0.0019 0.5985
vn -0.8021 0.0024 0.5971
vn 0.8892 0.0025 0.4575
vn 0.5628 -0.0083 0.8265
vn 0.5841 0.0050 0.8117
vn -0.2638 0.0034 0.9646
vn 0.7569 0.0123 0.6534
vn 0.7555 0.0119 0.6551
vn 0.7326 0.0051 0.6807
vn -0.5322 -0.0043 0.8466
vn -0.6929 0.0001 0.7210
vn 0.9726 -0.0039 0.2326
vn 0.9008 0.0125 0.4341
vn 0.8996 0.0102 0.4366
vn 0.8964 0.0038 0.4433
vn 0.7315 0.0048 0.6818
vn -0.7398 0.0036 0.6728
vn 0.5616 0.0404 0.8264
vn 0.5068 0.0038 0.8620
vn 0.5729 0.0482 0.8182
vn 0.3045 0.0182 0.9523
vn -0.2666 0.0039 0.9638
vn -0.6967 0.0803 0.7129
vn -0.7234 0.1457 0.6749
vn -0.7049 0.0800 0.7047
vn -0.7320 0.1508 0.6644
vn -0.2632 0.1577 0.9518
vn -0.2584 0.1539 0.9537
vn -0.2657 0.1596 0.9507
vn -0.2709 0.1637 0.9486
vn -0.6915 0.0725 0.7188
vn -0.6931 0.1014 0.7137
vn -0.6969 0.0607 0.7146
vn -0.7836 0.1380 0.6058
vn 0.8946 0.0124 0.4466
vn 0.6507 0.0126 0.7593
vn 0.4938 -0.0046 0.8695
vn 0.6046 0.0021 0.7965
vn 0.9459 0.0138 0.3242
vn 0.8951 0.0014 0.4459
vn -0.6636 0.0060 0.7480
vn -0.2912 0.0558 0.9550
vn -0.2907 0.0207 0.9566
vn -0.3054 0.0545 0.9507
vn -0.2815 0.0265 0.9592
vn -0.7329 0.0172 0.6801
vn -0.7394 0.0139 0.6731
vn 0.2965 0.0092 0.9550
vn 0.2994 0.0101 0.9541
vn 0.6061 0.0018 0.7954
vn -0.8629 0.0365 0.5040
vn -0.6581 0.0030 0.7529
vn -0.2734 0.1166 0.9548
vn -0.8286 0.0657 0.5559
vn -0.8276 0.0670 0.5574
vn -0.8220 0.0710 0.5650
vn 0.7650 0.0966 0.6368
vn 0.7466 0.1284 0.6528
vn 0.7812 0.0547 0.6219
vn 0.8190 0.0533 0.5713
vn 0.5614 0.1608 0.8118
vn 0.2793 0.1597 0.9468
vn 0.2586 0.1695 0.9510
vn 0.2686 0.1648 0.9491
vn 0.2471 0.1749 0.9531
vn 0.6275 0.1925 0.7544
vn 0.7315 0.1819 0.6571
vn -0.7836 0.2034 0.5871
vn -0.2441 0.1035 0.9642
vn -0.5723 0.0975 0.8142
vn -0.5928 0.0520 0.8037
vn -0.5832 0.0738 0.8090
vn 0.8290 0.0190 0.5590
vn 0.3033 0.0205 0.9527
vn 0.3161 0.0276 0.9483
vn 0.2947 0.0157 0.9554
vn -0.7081 0.0169 0.7059
vn -0.5758 0.0778 0.8139
vn -0.2868 0.1243 0.9499
vn -0.2737 0.1336 0.9525
vn -0.5621 0.1188 0.8185
vn -0.7828 0.0782 0.6173
vn 0.8324 0.0177 0.5539
vn 0.9729 0.2002 0.1159
vn 0.6469 0.0081 0.7626
vn 0.3245 0.0323 0.9453
vn -0.7803 0.0818 0.6200
vn 0.9487 -0.0547 0.3115
vn 0.2767 0.2413 0.9302
vn 0.2352 0.2073 0.9496
vn 0.2670 0.2333 0.9350
vn 0.3353 0.0752 0.9391
vn 0.3133 0.0550 0.9481
vn 0.2984 0.0416 0.9535
vn 0.2683 0.0146 0.9632
vn 0.3019 0.2619 0.9167
vn 0.6358 0.1182 0.7628
vn 0.6315 0.1347 0.7636
vn 0.6381 0.1089 0.7622
vn 0.6418 0.0934 0.7612
vn -0.4163 0.1437 0.8978
vn -0.7787 0.0892 0.6210
vn 0.8579 0.0978 0.5044
vn 0.8721 0.0939 0.4802
vn 0.8682 0.0890 0.4882
vn 0.8723 0.0940 0.4798
vn -0.8702 0.1015 0.4820
vn 0.9977 0.0081 0.0677
vn 0.9983 0.0073 0.0585
vn 0.9980 0.0067 0.0635
vn 0.8481 0.1141 0.5174
vn 0.8405 0.1382 0.5239
vn 0.9057 0.0900 0.4142
vn 0.9989 0.0091 0.0465
vn -0.9989 0.0114 0.0455
vn -0.9985 0.0072 0.0541
vn -0.9990 0.0097 0.0440
vn -0.9994 0.0026 0.0343
vn -0.9051 0.0920 0.4152
vn -0.9023 0.0903 0.4216
vn -0.9052 0.0919 0.4149
vn -0.8978 0.0834 0.4324
vn -0.6802 0.1293 0.7215
vn -0.6898 0.1302 0.7122
vn -0.6813 0.1305 0.7203
vn 0.9608 0.0567 0.2712
vn 0.9610 0.0564 0.2708
vn 0.7943 0.0952 0.6000
vn 0.8143 0.0927 0.5730
vn 0.7605 0.1239 0.6374
vn -0.5752 0.1728 0.7996
vn -0.5754 0.1709 0.7998
vn -0.5749 0.1707 0.8002
vn 0.7350 0.1455 0.6622
vn 0.7450 0.1306 0.6542
vn -0.9260 0.0749 0.3699
vn -0.9543 0.0634 0.2921
vn -0.9327 0.0910 0.3489
vn -0.5560 0.1949 0.8080
vn 0.6137 0.1940 0.7653
vn 0.6229 0.1720 0.7632
vn 0.6303 0.1535 0.7610
vn 0.7501 0.1630 0.6410
vn 0.2619 0.2195 0.9398
vn 0.2908 0.2070 0.9341
vn 0.2597 0.2205 0.9402
vn 0.2917 0.2082 0.9336
vn -0.5767 0.2167 0.7877
vn -0.2252 0.2193 0.9493
vn -0.1801 0.2667 0.9468
vn -0.2212 0.1940 0.9558
vn -0.2112 0.1853 0.9597
vn -0.1679 0.2771 0.9461
vn -0.4886 0.2380 0.8394
vn -0.4835 0.2279 0.8451
vn -0.4774 0.2160 0.8518
vn -0.7641 0.1390 0.6299
vn -0.7652 0.1366 0.6292
vn -0.7666 0.1334 0.6281
vn 0.8107 0.1225 0.5725
vn 0.8209 0.0922 0.5636
vn 0.7947 0.1653 0.5840
vn 0.6054 0.2131 0.7669
vn -0.8549 0.1571 0.4944
vn -0.8577 0.1516 0.4912
vn -0.8584 0.1472 0.4915
vn 0.2588 0.2432 0.9348
vn 0.7840 0.1915 0.5905
vn -0.4945 0.2498 0.8325
vn -0.7466 0.2073 0.6321
vn -0.7538 0.1455 0.6408
vn -0.7486 0.1926 0.6344
vn -0.9145 0.1091 0.3897
vn 0.6123 0.2102 0.7621
vn 0.9218 0.1031 0.3738
vn -0.7391 0.2544 0.6237
vn -0.9129 0.1092 0.3934
vn -0.9125 0.1094 0.3942
vn 1.0000 0.0046 0.0043
vn 0.9980 0.0007 0.0628
vn -1.0000 -0.0001 0.0020
vn -0.4423 -0.8960 0.0378
vn 0.4537 -0.8910 0.0179
vn -0.5638 -0.8259 0.0028
vn 0.9257 -0.3783 -0.0033
vn 0.9252 -0.3794 -0.0009
vn 0.9255 -0.3788 -0.0021
vn 0.5541 -0.8324 0.0003
vn -0.7296 -0.6837 -0.0169
vn -0.9772 -0.2123 -0.0022
vn -0.9941 -0.1065 0.0190
vn -0.9953 -0.0967 0.0030
vn -0.2520 -0.2652 0.9307
vn -0.4490 -0.3442 0.8246
vn -0.6303 -0.5854 0.5100
vn -0.5237 -0.6552 0.5446
vn -0.8229 -0.0866 0.5615
vn -0.9798 -0.1776 0.0924
vn -0.2635 -0.9074 0.3274
vn -0.5238 -0.8487 0.0731
vn -0.5105 -0.8579 0.0583
vn -0.5363 -0.8395 0.0873
vn -0.5484 -0.8301 0.1012
vn -0.8063 -0.5873 0.0701
vn -0.0399 -0.9992 -0.0063
vn 0.0374 -0.9993 0.0019
vn 0.0677 -0.9974 0.0235
vn 0.5805 -0.5095 0.6352
vn 0.6049 -0.7891 0.1068
vn 0.4527 -0.8913 0.0244
vn 0.8898 -0.4553 0.0302
vn 0.6462 -0.5714 0.5059
vn 0.9627 -0.2257 0.1495
vn -0.6930 0.0061 0.7209
vn -0.7011 0.0067 0.7130
vn -0.7131 -0.0011 0.7011
vn -0.5694 0.0011 0.8221
vn -0.6998 -0.0088 0.7143
vn -0.9891 -0.0027 0.1472
vn -0.9870 0.0039 0.1605
vn -0.9883 -0.0075 0.1524
vn 0.5732 -0.0000 0.8194
vn 0.9962 -0.0017 0.0868
vn 0.9951 0.0006 0.0992
vn 0.9961 -0.0015 0.0882
vn -0.2678 -0.0045 0.9635
vn -0.2599 -0.0034 0.9656
vn -0.2687 -0.0046 0.9632
vn -0.2589 -0.0032 0.9659
vn -0.7085 -0.0095 0.7057
vn -0.9864 0.0053 0.1644
vn 0.7297 -0.0081 0.6837
vn 0.8583 0.0019 0.5132
vn 0.9618 -0.0062 0.2736
vn 0.9949 0.0009 0.1011
vn -0.2251 0.3353 0.9148
vn -0.6338 0.5640 0.5293
vn -0.6169 0.5738 0.5387
vn -0.6560 0.5476 0.5194
vn -0.6661 0.1538 0.7299
vn -0.9601 0.2671 0.0831
vn 0.9004 0.2935 0.3211
vn 0.8643 0.4952 0.0883
vn 0.6758 0.5502 0.4904
vn 0.6584 0.5588 0.5043
vn -0.5963 0.5793 0.5558
vn -0.5939 0.5760 0.5618
vn -0.8121 0.5735 0.1072
vn -0.8069 0.5792 0.1157
vn -0.8095 0.5764 0.1115
vn -0.8150 0.5703 0.1024
vn 0.8066 0.5842 0.0898
vn 0.8078 0.5827 0.0886
vn 0.8138 0.5753 0.0826
vn 0.7981 0.5944 0.0982
vn -0.8480 -0.0024 0.5301
vn -0.8529 -0.0012 0.5220
vn -0.8301 0.0110 0.5574
vn -0.9895 0.0061 0.1443
vn -0.9898 0.0057 0.1422
vn -0.9917 0.0030 0.1289
vn 0.9952 0.0050 0.0979
vn 0.9920 0.0006 0.1264
vn 0.9958 0.0050 0.0917
vn 0.9916 -0.0000 0.1297
vn -0.7927 -0.0124 0.6095
vn -0.8556 0.0029 0.5177
vn -0.9915 0.0019 0.1304
vn 0.9965 0.0058 0.0831
vn -0.8552 0.0017 0.5183
vn 0.9198 0.0060 0.3924
vn 0.9186 0.0058 0.3951
vn 0.8780 -0.0006 0.4786
vn -0.8491 0.0050 0.5282
vn -0.9923 0.0026 0.1235
vn -0.9924 0.0027 0.1229
vn 0.9964 0.0055 0.0844
vn -0.8417 0.0003 0.5400
vn -0.8500 0.0060 0.5268
vn 0.8192 0.1573 0.5515
vn -0.6932 0.2248 0.6848
vn -0.9562 0.2689 0.1158
vn -0.9491 0.2874 0.1285
vn -0.9582 0.2652 0.1071
vn -0.9458 0.3006 0.1226
vn 0.9603 0.2672 0.0806
vn 0.9494 0.2916 0.1170
vn 0.9572 0.2737 0.0947
vn 0.9465 0.3089 0.0936
vn 0.9223 0.2838 0.2622
vn -0.9467 0.3007 0.1153
vn 0.9480 0.3086 0.0782
vn 0.8676 0.2893 0.4043
vn -0.9490 0.2778 0.1492
vn -0.8720 0.2859 0.3974
vn -0.9079 0.2874 0.3051
vn -0.8515 0.2604 0.4551
vn 0.9489 0.3065 0.0745
vn 0.8139 0.2448 0.5269
vn -0.8682 0.2207 0.4445
vn -0.9493 0.2657 0.1682
vn -0.9098 0.2872 0.2996
vn 0.9654 0.2072 0.1583
vn -0.9934 0.0049 0.1145
vn -0.9940 0.0021 0.1095
vn -0.9964 0.0147 0.0830
vn -0.9969 0.0165 0.0768
vn -0.9228 0.0069 0.3853
vn -0.9550 -0.0011 0.2968
vn -0.9212 0.0073 0.3890
vn 0.9946 0.0061 0.1034
vn 0.9947 0.0064 0.1023
vn 0.9957 0.0075 0.0927
vn -0.8684 0.0035 0.4959
vn -0.8684 0.0035 0.4958
vn -0.8673 0.0024 0.4977
vn -0.8463 -0.0054 0.5327
vn 0.9962 0.0032 0.0870
vn 0.9264 0.0122 0.3763
vn 0.9251 0.0070 0.3798
vn 0.9231 -0.0002 0.3846
vn -0.8365 0.0017 0.5480
vn -0.9947 0.0058 0.1023
vn 0.9938 -0.0035 0.1109
vn 0.9217 -0.0053 0.3880
vn -0.9912 -0.0003 0.1323
vn -0.9936 -0.0014 0.1127
vn -0.8729 -0.0004 0.4879
vn -0.8647 -0.0044 0.5023
vn 0.9707 0.0013 0.2402
vn 0.9936 -0.0017 0.1133
vn -0.8737 -0.0010 0.4864
vn -0.9942 0.0002 0.1074
vn 0.9892 0.0020 0.1468
vn 0.9944 -0.0001 0.1061
vn 0.9950 0.0032 0.0995
vn -0.8525 0.0043 0.5228
vn -0.9894 -0.0017 0.1454
vn -0.8506 0.0059 0.5258
vn -0.9893 -0.0017 0.1462
vn -0.9125 0.0053 0.4090
vn -0.8565 -0.0062 0.5162
vn -0.8549 -0.0065 0.5187
vn -0.9913 0.0017 0.1318
vn 0.9952 -0.0001 0.0979
vn -0.9918 -0.0021 0.1279
vn 0.9930 0.0001 0.1181
vn 0.9920 -0.0008 0.1259
vn 0.9917 -0.0009 0.1282
vn -0.9137 0.0056 0.4063
vn -0.9898 0.0015 0.1425
vn 0.9954 0.0020 0.0961
vn -0.9875 -0.0077 0.1577
vn -0.9915 0.0013 0.1301
vn 0.9955 0.0017 0.0950
vn 0.9283 0.0013 0.3718
vn 0.9285 0.0014 0.3714
vn -0.9930 0.0064 0.1181
vn -0.8550 -0.0431 0.5168
vn -0.8873 -0.0150 0.4609
vn -0.8962 -0.0066 0.4436
vn -0.9899 -0.0000 0.1417
vn -0.9917 -0.0044 0.1282
vn -0.9944 0.0065 0.1058
vn -0.8441 -0.0518 0.5337
vn 0.3230 0.1018 0.9409
vn 0.9962 0.0049 0.0870
vn 0.9970 0.0097 0.0767
vn -0.9946 0.0077 0.1031
vn -0.9953 0.0103 0.0965
vn -0.9956 0.0093 0.0937
vn -0.9062 0.0195 0.4225
vn -0.9074 0.0199 0.4198
vn -0.8806 0.0110 0.4738
vn -0.9963 0.0097 0.0851
vn 0.7543 0.0487 0.6547
vn 0.7568 0.0508 0.6516
vn 0.7951 0.0618 0.6033
vn -0.9971 0.0095 0.0757
vn -0.7836 0.0522 0.6191
vn -0.7573 0.0744 0.6488
vn -0.7313 0.0435 0.6806
vn 0.8226 0.1027 0.5592
vn -0.7014 0.0530 0.7108
vn 0.8271 0.0898 0.5549
vn -0.9454 0.0783 0.3165
vn -0.9422 0.0958 0.3210
vn -0.9507 0.0430 0.3071
vn -0.6897 0.0460 0.7226
vn -0.2200 0.1108 0.9692
vn -0.2358 0.1170 0.9647
vn -0.1821 0.0858 0.9795
vn -0.2178 0.1182 0.9688
vn 0.8119 0.1466 0.5651
vn 0.2919 0.1280 0.9479
vn 0.2934 0.1737 0.9401
vn 0.2824 0.1250 0.9511
vn 0.3066 0.1881 0.9331
vn -0.4600 0.1056 0.8816
vn -0.4616 0.1070 0.8806
vn -0.4621 0.1074 0.8803
vn -0.2096 0.1245 0.9698
vn -0.5040 0.1286 0.8541
vn -0.4718 0.1038 0.8756
vn -0.5085 0.0968 0.8556
vn -0.5469 0.1245 0.8279
vn 0.6920 0.0367 0.7209
vn 0.2932 0.1313 0.9470
vn 0.2966 0.1244 0.9469
vn -0.9350 0.1307 0.3297
vn -0.7686 0.0504 0.6377
vn -0.7570 0.0723 0.6494
vn -0.7557 0.0858 0.6493
vn -0.4594 0.1051 0.8820
vn 0.2871 0.1491 0.9462
vn 0.2767 0.1547 0.9484
vn 0.8211 0.1193 0.5582
vn 0.8094 0.1396 0.5705
vn 0.8014 0.1529 0.5783
vn 0.8644 0.0707 0.4978
vn 0.8137 0.1941 0.5480
vn -0.2069 0.1579 0.9655
vn -0.1999 0.1451 0.9690
vn -0.5602 0.1357 0.8172
vn -0.8305 0.0328 0.5561
vn -0.8881 0.0434 0.4577
vn -0.8373 0.0345 0.5456
vn -0.7843 0.1698 0.5967
vn -0.9006 0.0343 0.4333
vn 0.2580 0.1489 0.9546
vn 0.2523 0.1656 0.9534
vn 0.8279 0.1069 0.5506
vn 0.8100 0.0863 0.5800
vn 0.7853 0.0688 0.6153
vn 0.7581 0.0545 0.6499
vn -0.2041 0.1804 0.9622
vn -0.2063 0.1771 0.9623
vn -0.6272 0.1429 0.7656
vn -0.6615 0.0968 0.7437
vn -0.6515 0.1078 0.7509
vn 0.6513 0.0678 0.7558
vn 0.6335 0.1184 0.7646
vn 0.6413 0.0963 0.7613
vn 0.2632 0.1702 0.9496
vn -0.6258 0.1592 0.7636
vn -0.9386 0.0710 0.3375
vn 0.2507 0.1584 0.9550
vn 0.6302 0.1589 0.7600
vn 0.6297 0.1595 0.7603
vn 0.9632 0.0591 0.2621
vn -0.5865 0.1777 0.7902
vn -0.5745 0.1932 0.7954
vn -0.9066 0.0353 0.4205
vn 0.6307 0.1769 0.7556
vn 0.9719 -0.1082 0.2088
vn -0.5664 0.2129 0.7962
vn -0.7678 0.1307 0.6272
vn -0.9430 0.1242 0.3089
vn -0.9467 0.1161 0.3006
vn -0.9566 0.0924 0.2764
vn 0.8134 0.1645 0.5580
vn 0.9174 0.0975 0.3858
vn -0.9599 0.0837 0.2675
vn -0.9999 0.0010 0.0134
vn -1.0000 0.0021 0.0071
vn -0.9999 0.0030 0.0150
vn -0.9987 0.0004 0.0500
vn 1.0000 0.0055 0.0053
vn 0.9947 -0.0003 0.1024
vn -0.8501 -0.5266 -0.0035
vn -0.8494 -0.5278 -0.0035
vn -0.4504 -0.8926 0.0190
vn 0.4430 -0.8957 0.0378
vn 0.8365 -0.5479 -0.0040
vn -0.8454 -0.5341 0.0048
vn -0.9679 -0.2511 -0.0105
vn -0.9014 -0.4329 0.0012
vn 0.8492 -0.5280 0.0053
vn -0.5682 -0.8229 0.0025
vn 0.7190 -0.6950 0.0019
vn 0.7368 -0.6760 0.0116
vn 0.5530 -0.8332 -0.0005
vn -0.8722 -0.4890 -0.0124
vn -0.8276 -0.5613 0.0076
vn -0.8283 -0.5603 0.0074
vn 0.7247 -0.6891 0.0004
vn 0.9489 -0.3157 0.0020
vn 0.7117 -0.7025 0.0026
vn -1.0000 0.0066 0.0004
vn -0.9016 -0.4030 0.1572
vn -0.4453 -0.8472 0.2897
vn -0.7839 -0.3653 0.5021
vn -0.1569 -0.7023 0.6944
vn -0.5112 -0.5456 0.6641
vn -0.2580 -0.3704 0.8923
vn -0.2985 -0.3320 0.8948
vn -0.2760 -0.3536 0.8937
vn -0.2409 -0.3861 0.8905
vn -0.1170 -0.9609 0.2510
vn -0.1530 -0.9397 0.3060
vn -0.1058 -0.9665 0.2339
vn -0.1666 -0.9304 0.3265
vn -0.5491 -0.7522 0.3643
vn -0.5442 -0.7626 0.3498
vn -0.5372 -0.7762 0.3301
vn -0.5582 -0.4773 0.6787
vn -0.1285 -0.9861 0.1053
vn 0.1584 -0.9312 0.3283
vn 0.1426 -0.9438 0.2981
vn 0.1401 -0.9456 0.2935
vn 0.1625 -0.9277 0.3360
vn 0.4897 -0.4557 0.7433
vn 0.5471 -0.7631 0.3442
vn 0.5673 -0.6014 0.5626
vn 0.8338 -0.2056 0.5123
vn 0.8174 -0.1464 0.5572
vn 0.8236 -0.1669 0.5420
vn 0.2077 -0.7467 0.6319
vn 0.3306 -0.5168 0.7897
vn 0.2728 -0.2519 0.9285
vn 0.8049 -0.1095 0.5832
vn 0.4780 -0.0123 0.8783
vn 0.5164 0.0025 0.8563
vn 0.4725 -0.0144 0.8812
vn 0.2781 -0.0254 0.9602
vn 0.2830 -0.0296 0.9587
vn 0.2554 -0.0079 0.9668
vn -0.9878 -0.0092 0.1556
vn -0.7827 -0.0059 0.6224
vn -0.2110 -0.0063 0.9775
vn -0.2173 -0.0051 0.9761
vn -0.2184 -0.0047 0.9759
vn -0.2011 -0.0038 0.9796
vn -0.6813 -0.0326 0.7313
vn 0.8722 0.0013 0.4892
vn 0.8565 -0.0015 0.5161
vn 0.8582 -0.0012 0.5133
vn 0.3023 -0.0084 0.9532
vn -0.8832 0.0080 0.4689
vn -0.8837 0.0082 0.4680
vn -0.8744 0.0053 0.4852
vn -0.8739 0.0051 0.4861
vn -0.4977 0.0040 0.8673
vn -0.4809 0.0139 0.8767
vn 0.3538 -0.0166 0.9352
vn 0.8733 0.0015 0.4872
vn 0.5125 0.0049 0.8587
vn -0.1984 -0.0031 0.9801
vn 0.5269 0.0039 0.8499
vn 0.5120 0.0050 0.8590
vn 0.2537 0.0078 0.9673
vn 0.2534 0.0078 0.9673
vn -0.1524 0.3609 0.9201
vn -0.7136 0.5510 0.4326
vn 0.4518 0.5362 0.7130
vn 0.4191 0.5344 0.7340
vn 0.4132 0.5340 0.7377
vn 0.6840 0.5832 0.4382
vn 0.7702 0.5347 0.3478
vn 0.4558 0.5453 0.7035
vn 0.2151 0.4571 0.8630
vn 0.2124 0.4572 0.8636
vn 0.2112 0.4572 0.8639
vn -0.7099 0.5992 0.3700
vn -0.7060 0.5975 0.3802
vn -0.7092 0.5989 0.3720
vn -0.7055 0.5973 0.3815
vn -0.3761 0.5229 0.7649
vn -0.4970 0.5842 0.6417
vn -0.1937 0.4700 0.8612
vn -0.1758 0.4794 0.8598
vn -0.1909 0.4715 0.8610
vn -0.2058 0.4635 0.8619
vn -0.6632 0.6081 0.4362
vn -0.6068 0.6297 0.4851
vn -0.6417 0.6170 0.4556
vn -0.6817 0.5999 0.4189
vn 0.4576 0.5364 0.7092
vn 0.7867 0.5691 0.2392
vn 0.5820 0.6087 0.5392
vn 0.6820 0.5935 0.4273
vn 0.1276 -0.9873 0.0947
vn 0.2162 0.4570 0.8628
vn -0.2209 0.0156 0.9752
vn -0.2319 0.0188 0.9725
vn -0.1747 0.0017 0.9846
vn -0.8279 0.0171 0.5606
vn 0.9527 0.0193 0.3032
vn 0.2390 0.0026 0.9710
vn 0.2427 0.0008 0.9701
vn 0.2376 0.0029 0.9714
vn 0.5390 0.0059 0.8423
vn 0.5807 0.0072 0.8141
vn 0.4816 0.0041 0.8764
vn 0.2374 0.0029 0.9714
vn 0.5820 0.0072 0.8131
vn 0.6230 0.0027 0.7822
vn 0.5923 -0.0000 0.8057
vn 0.6239 0.0028 0.7815
vn -0.8849 0.0009 0.4658
vn -0.8820 0.0013 0.4713
vn -0.8850 0.0009 0.4656
vn -0.9730 -0.0025 0.2310
vn -0.9722 0.0001 0.2341
vn -0.9732 -0.0032 0.2299
vn 0.8218 -0.0018 0.5698
vn 0.7983 -0.0012 0.6022
vn 0.8208 -0.0016 0.5712
vn -0.5948 0.0007 0.8039
vn -0.5887 0.0004 0.8084
vn -0.5656 0.0022 0.8247
vn -0.5950 0.0007 0.8037
vn -0.1818 -0.0022 0.9833
vn -0.3674 0.0035 0.9301
vn -0.1846 -0.0011 0.9828
vn 0.8387 0.0036 0.5447
vn 0.8401 0.0035 0.5425
vn -0.9021 0.0040 0.4314
vn -0.9826 0.0031 0.1856
vn 0.6134 0.0013 0.7898
vn -0.6985 -0.0004 0.7156
vn -0.7214 0.0007 0.6926
vn -0.7358 0.0092 0.6772
vn -0.6705 -0.0014 0.7419
vn 0.7957 0.0020 0.6057
vn 0.5853 0.0068 0.8108
vn -0.9828 0.0031 0.1846
vn 0.2746 0.0009 0.9616
vn 0.2843 -0.0064 0.9587
vn 0.8284 -0.0075 0.5600
vn -0.9027 0.0041 0.4302
vn -0.1998 0.0170 0.9797
vn -0.5647 0.0023 0.8253
vn -0.2043 0.0348 0.9783
vn -0.7388 0.0098 0.6739
vn 0.2823 0.0480 0.9581
vn 0.2779 0.0308 0.9601
vn 0.5833 0.0072 0.8123
vn -0.9138 0.1356 0.3829
vn 0.8318 -0.0081 0.5551
vn 0.6824 0.1348 0.7185
vn -0.8334 0.2298 0.5027
vn -0.8293 0.2259 0.5111
vn -0.8541 0.2520 0.4549
vn -0.5853 0.1375 0.7990
vn -0.4569 0.1266 0.8804
vn -0.5353 0.1887 0.8233
vn -0.4686 0.1364 0.8728
vn -0.1983 0.0621 0.9782
vn -0.6567 0.1822 0.7318
vn -0.5898 0.1878 0.7854
vn -0.6706 0.1817 0.7192
vn 0.6067 0.1536 0.7799
vn 0.6018 0.1840 0.7772
vn 0.6004 0.1919 0.7763
vn 0.7116 0.2158 0.6686
vn 0.9745 0.2245 -0.0078
vn 0.9814 0.1912 0.0145
vn 0.9776 0.2038 -0.0525
vn 0.5664 0.1647 0.8075
vn 0.6015 0.1999 0.7734
vn 0.5619 0.1592 0.8118
vn 0.2781 0.0858 0.9567
vn 0.2766 0.0793 0.9577
vn -0.5877 0.1935 0.7856
vn -0.1974 0.0654 0.9781
vn -0.2028 0.0691 0.9768
vn -0.5973 0.2034 0.7758
vn -0.9414 0.2689 0.2035
vn -0.8326 0.2992 0.4662
vn -0.8325 0.2990 0.4664
vn 0.5947 0.2220 0.7727
vn -0.5932 0.1919 0.7818
vn -0.2059 0.0713 0.9760
vn -0.5963 0.2070 0.7757
vn 0.2847 0.0925 0.9542
vn 0.2789 0.0907 0.9560
vn 0.7496 0.2517 0.6122
vn 0.7572 0.2446 0.6057
vn 0.7606 0.2303 0.6070
vn 0.8794 0.3009 0.3691
vn 0.5669 0.1844 0.8029
vn -0.6363 0.1946 0.7465
vn -0.6768 0.2048 0.7071
vn -0.6618 0.2144 0.7183
vn -0.8326 0.2992 0.4661
vn 0.7796 0.2547 0.5722
vn 0.5651 0.1834 0.8044
vn -0.6414 0.1950 0.7421
vn -0.2066 0.0419 0.9775
vn -0.2147 0.0236 0.9764
vn -0.6856 0.2019 0.6994
vn -0.7807 0.2001 0.5920
vn 0.5514 0.1291 0.8242
vn 0.7519 0.2166 0.6227
vn 0.7435 0.2075 0.6357
vn 0.6764 0.1921 0.7110
vn 0.2797 0.0451 0.9590
vn 0.3896 0.1156 0.9137
vn 0.2719 0.0390 0.9615
vn -0.2043 -0.0034 0.9789
vn -0.4232 0.0039 0.9060
vn -0.4247 0.0038 0.9053
vn -0.4180 0.0047 0.9084
vn -0.2596 -0.0012 0.9657
vn 0.5635 0.0018 0.8261
vn 0.6018 0.0039 0.7986
vn 0.5587 0.0013 0.8294
vn -0.2325 0.0015 0.9726
vn -0.6962 0.0030 0.7178
vn -0.6677 0.0009 0.7444
vn -0.6665 0.0008 0.7455
vn -0.5285 -0.0001 0.8490
vn -0.8021 0.0003 0.5973
vn -0.8338 0.0041 0.5521
vn -0.8349 0.0043 0.5503
vn -0.9904 -0.0002 0.1380
vn -0.9921 0.0010 0.1251
vn -0.9890 0.0028 0.1476
vn 0.2870 -0.0000 0.9579
vn 0.8690 0.0025 0.4948
vn 0.6041 0.0011 0.7969
vn -0.9487 -0.0006 0.3163
vn 0.8524 0.0017 0.5229
vn 0.7989 -0.0005 0.6015
vn 0.8528 0.0017 0.5223
vn 0.9588 0.0016 0.2842
vn 0.9928 -0.0011 0.1199
vn 0.9825 0.0032 0.1863
vn -0.2280 0.0002 0.9737
vn 0.2860 -0.0014 0.9582
vn 0.5428 0.0002 0.8399
vn 0.5427 0.0002 0.8399
vn 0.5417 0.0003 0.8406
vn -0.9485 -0.0006 0.3166
vn -0.7183 -0.0004 0.6958
vn 0.9901 0.0007 0.1403
vn 0.5833 -0.0041 0.8123
vn 0.2917 0.0001 0.9565
vn -0.2574 0.0002 0.9663
vn 0.8413 0.0055 0.5405
vn 0.8403 0.0053 0.5422
vn 0.8109 -0.0006 0.5852
vn 0.5824 -0.0042 0.8129
vn 0.3179 0.0015 0.9481
vn -0.7229 0.0004 0.6910
vn -0.2310 -0.0004 0.9730
vn -0.5314 -0.0002 0.8471
vn 0.3373 0.0048 0.9414
vn -0.2273 0.0002 0.9738
vn -0.8018 0.0010 0.5977
vn -0.9895 -0.0000 0.1447
vn -0.9887 -0.0005 0.1497
vn -0.8208 -0.0001 0.5712
vn 0.2837 -0.0041 0.9589
vn 0.5521 -0.0000 0.8338
vn 0.8519 0.0009 0.5238
vn 0.8220 -0.0025 0.5695
vn -0.9601 -0.0000 0.2796
vn -0.7282 -0.0001 0.6854
vn -0.5539 0.0022 0.8326
vn -0.9940 0.0005 0.1095
vn -0.2768 -0.0003 0.9609
vn -0.1951 0.0014 0.9808
vn 0.5295 0.0038 0.8483
vn 0.5727 -0.0000 0.8198
vn 0.5305 0.0038 0.8477
vn 0.2793 -0.0023 0.9602
vn 0.8440 0.0010 0.5364
vn -0.1996 0.0007 0.9799
vn -0.3650 -0.0014 0.9310
vn 0.5433 0.0002 0.8395
vn -0.7347 0.0010 0.6784
vn -0.2231 -0.0000 0.9748
vn -0.2534 0.0008 0.9674
vn -0.7195 -0.0006 0.6945
vn 0.2917 -0.0005 0.9565
vn 0.2922 -0.0006 0.9564
vn 0.5754 0.0012 0.8179
vn -0.9943 0.0012 0.1067
vn -0.9897 -0.0002 0.1434
vn 0.8180 0.0002 0.5753
vn 0.8239 0.0004 0.5668
vn 0.5903 0.0102 0.8071
vn 0.8487 -0.0013 0.5288
vn -0.1396 0.0009 0.9902
vn -0.1476 0.0018 0.9890
vn -0.8044 0.0005 0.5942
vn -0.9929 -0.0008 0.1187
vn 0.2906 -0.0002 0.9568
vn 0.5400 0.0001 0.8416
vn 0.5561 -0.0006 0.8311
vn -0.0277 0.0010 0.9996
vn -0.5326 0.0143 0.8463
vn 0.2890 -0.0003 0.9573
vn 0.5591 -0.0005 0.8291
vn 0.2912 -0.0010 0.9567
vn -0.9936 0.0017 0.1131
vn -0.7186 0.0057 0.6954
vn -0.2114 -0.0035 0.9774
vn 0.0231 0.0008 0.9997
vn 0.8492 -0.0016 0.5280
vn -0.9673 0.0007 0.2537
vn -0.9674 0.0007 0.2533
vn -0.9583 0.0001 0.2857
vn -0.9512 -0.0004 0.3085
vn -0.7089 0.0004 0.7053
vn 0.5542 0.0011 0.8324
vn -0.1968 0.0033 0.9804
vn -0.4824 0.0025 0.8760
vn 0.8203 0.0001 0.5719
vn 0.9934 0.0007 0.1150
vn 0.9924 -0.0008 0.1233
vn 0.9911 0.0020 0.1330
vn 0.6056 0.0012 0.7958
vn 0.5953 0.0151 0.8034
vn 0.2634 0.0032 0.9647
vn 0.2637 0.0052 0.9646
vn -0.2215 0.0127 0.9751
vn -0.2226 0.0124 0.9748
vn -0.8485 0.0101 0.5292
vn -0.9914 0.0005 0.1308
vn -0.9936 0.0031 0.1132
vn 0.6038 0.0053 0.7971
vn 0.2552 0.0158 0.9667
vn -0.5285 0.0165 0.8488
vn -0.7220 0.0014 0.6918
vn -0.8501 0.0105 0.5266
vn -0.1624 0.0115 0.9867
vn -0.2050 0.0165 0.9786
vn -0.2509 0.0821 0.9645
vn 0.5264 0.0276 0.8498
vn -0.8789 0.0105 0.4769
vn -0.7198 0.0065 0.6942
vn -0.6049 0.0192 0.7960
vn -0.6002 0.0213 0.7996
vn -0.5557 0.0402 0.8304
vn 0.2684 0.0268 0.9629
vn 0.8528 0.0132 0.5220
vn -0.5505 0.0423 0.8338
vn -0.2368 0.0937 0.9670
vn 0.8552 0.0142 0.5182
vn 0.7548 0.0428 0.6545
vn 0.5914 0.0197 0.8062
vn 0.2912 0.0258 0.9563
vn -0.6724 0.0990 0.7335
vn -0.6869 0.0848 0.7218
vn -0.1854 0.0879 0.9787
vn -0.5393 0.1133 0.8345
vn -0.5355 0.0719 0.8415
vn -0.5364 0.0806 0.8401
vn -0.8215 0.1836 0.5399
vn 0.2966 0.0236 0.9547
vn 0.5213 0.0289 0.8529
vn 0.7537 0.0042 0.6573
vn 0.9919 0.0025 0.1272
vn 0.9940 0.0001 0.1091
vn 0.9984 0.0057 0.0554
vn -0.5321 0.0410 0.8457
vn 0.2788 0.1518 0.9483
vn 0.2575 0.1017 0.9609
vn 0.3020 0.1688 0.9382
vn 0.5766 0.0884 0.8122
vn 0.5764 0.0915 0.8121
vn 0.5727 0.1337 0.8088
vn 0.8321 0.2011 0.5168
vn 0.5135 0.1572 0.8436
vn 0.2522 0.0778 0.9645
vn -0.7687 0.0029 0.6396
vn -0.9575 0.0224 0.2874
vn 0.4965 0.0195 0.8678
vn -0.6860 0.0496 0.7259
vn 0.2867 0.0568 0.9563
vn 0.2937 0.0589 0.9541
vn 0.5791 0.0486 0.8138
vn 0.7493 0.0100 0.6621
vn 0.9554 0.0286 0.2941
vn -0.5149 0.1359 0.8464
vn -0.8788 0.1586 0.4500
vn 0.8043 0.1960 0.5610
vn -0.9027 0.0301 0.4293
vn -0.9566 0.0398 0.2886
vn 0.7148 0.0146 0.6992
vn 0.8887 0.0615 0.4544
vn 0.9981 0.0082 0.0617
vn 0.9993 0.0015 0.0387
vn -0.9990 0.0018 0.0446
vn -0.9991 0.0023 0.0417
vn -0.9997 0.0091 0.0244
vn 0.9189 0.0551 0.3906
vn 0.9970 0.0014 0.0771
vn 0.9997 0.0051 0.0224
vn -0.9778 0.0352 0.2065
vn -0.9996 0.0065 0.0260
vn 0.9999 0.0008 0.0142
vn 0.9914 -0.0005 0.1307
vn -1.0000 0.0013 0.0095
vn -1.0000 -0.0069 0.0014
vn 0.9250 -0.3800 0.0004
vn 0.5487 -0.8360 -0.0005
vn 0.9468 -0.3220 0.0014
vn 0.0050 -1.0000 0.0020
vn 0.0069 -0.9998 0.0209
vn -0.5563 -0.7359 0.3860
vn -0.7980 -0.3358 0.5005
vn -0.7981 -0.3361 0.5001
vn -0.7976 -0.3347 0.5018
vn -0.7985 -0.3374 0.4985
vn 0.2011 -0.9756 0.0879
vn 0.5510 -0.8070 0.2124
vn 0.8352 -0.2891 0.4678
vn 0.6673 -0.5948 0.4482
vn 0.9035 -0.3701 0.2161
vn -0.9295 -0.0015 0.3689
vn 0.6818 0.0049 0.7315
vn -0.6826 -0.0058 0.7307
vn -0.9896 -0.0139 0.1433
vn 0.8023 -0.0037 0.5968
vn 0.9738 0.0035 0.2272
vn 0.9856 -0.0012 0.1692
vn 0.9860 -0.0014 0.1670
vn 0.9731 0.0037 0.2302
vn -0.9363 0.0168 0.3508
vn -0.3353 -0.8557 0.3942
vn -0.8925 0.4504 0.0237
vn -0.8604 0.5096 0.0084
vn -0.8718 0.4897 0.0097
vn 0.8572 0.5035 0.1085
vn 0.8584 0.5129 0.0133
vn 0.8558 0.5172 0.0091
vn 0.8601 0.5098 0.0163
vn 0.9998 0.0008 0.0186
vn 0.9997 -0.0002 0.0229
vn 0.9998 0.0009 0.0214
vn -0.9999 0.0006 0.0128
vn -0.9999 0.0019 0.0167
vn -0.9999 0.0020 0.0141
vn 0.9998 0.0023 0.0193
vn 0.9971 0.0028 0.0766
vn 0.9998 0.0041 0.0191
vn 0.9998 0.0053 0.0204
vn -0.9853 0.1704 -0.0106
vn -0.9494 0.3077 0.0636
vn -0.9495 0.3102 0.0475
vn -0.9534 0.2998 0.0339
vn -0.9516 0.3046 0.0408
vn -0.9460 0.3158 0.0732
vn 0.9541 0.2976 0.0333
vn 0.9529 0.3022 0.0237
vn 0.9371 0.3360 0.0944
vn 0.9241 0.3558 0.1396
vn -0.9608 0.2630 0.0875
vn -0.9660 0.2366 0.1038
vn -0.7909 0.4197 0.4454
vn -0.7917 0.4138 0.4494
vn -0.7941 0.4140 0.4450
vn -0.9809 0.1784 0.0770
vn -0.8666 0.1224 0.4838
vn -0.5118 0.2334 0.8268
vn 0.9866 0.1563 0.0472
vn 0.8568 0.1846 0.4814
vn 0.9010 0.2301 0.3678
vn 0.5093 0.1965 0.8378
vn 0.5446 0.1766 0.8199
vn 0.5232 0.1888 0.8310
vn -0.9895 0.0018 0.1447
vn 0.9915 0.0006 0.1304
vn 0.9923 0.0018 0.1237
vn 0.9927 0.0023 0.1209
vn -0.9925 -0.0008 0.1225
vn -0.9054 0.0084 0.4245
vn -0.9066 0.0087 0.4220
vn -0.8812 0.0009 0.4727
vn -0.6272 -0.0030 0.7789
vn -0.6638 0.0039 0.7479
vn -0.6660 0.0044 0.7459
vn 0.9932 -0.0011 0.1163
vn 0.8717 -0.0006 0.4900
vn 0.8702 -0.0005 0.4926
vn 0.8717 -0.0006 0.4901
vn -0.6163 -0.0010 0.7875
vn 0.5739 0.0007 0.8190
vn 0.5692 -0.0000 0.8222
vn 0.5742 0.0008 0.8187
vn 0.5768 -0.0024 0.8168
vn 0.8699 -0.0005 0.4933
vn -0.9904 -0.0003 0.1380
vn -0.6134 -0.0008 0.7897
vn -0.8734 0.0002 0.4869
vn 0.6229 0.0004 0.7823
vn 0.8853 0.0008 0.4649
vn -0.8788 -0.0004 0.4772
vn -0.5883 -0.0040 0.8086
vn 0.9929 -0.0007 0.1187
vn 0.8850 0.0007 0.4657
vn -0.5157 0.0050 0.8568
vn 0.6148 0.0023 0.7887
vn -0.9914 -0.0007 0.1312
vn 0.6186 0.0014 0.7857
vn -0.6083 0.0006 0.7937
vn 0.9911 -0.0004 0.1328
vn 0.9946 0.0005 0.1035
vn 0.5935 -0.0000 0.8048
vn -0.5816 0.0035 0.8135
vn 0.8772 0.0001 0.4801
vn 0.5885 0.0015 0.8085
vn 0.5748 -0.0002 0.8183
vn -0.5551 -0.0035 0.8318
vn 0.9950 0.0021 0.0999
vn 0.8788 -0.0001 0.4771
vn -0.8861 -0.0001 0.4635
vn 0.5472 0.0033 0.8370
vn -0.8880 0.0003 0.4599
vn -0.6227 0.0004 0.7825
vn 0.5361 -0.0017 0.8441
vn 0.8787 -0.0001 0.4775
vn 0.6877 -0.0003 0.7260
vn -0.6215 0.0005 0.7834
vn 0.5674 0.0004 0.8234
vn 0.8727 0.0002 0.4882
vn -0.9941 0.0027 0.1086
vn -0.8644 0.0029 0.5028
vn -0.8581 -0.0010 0.5135
vn -0.6010 -0.0041 0.7993
vn 0.5705 0.0004 0.8213
vn 0.9934 0.0014 0.1147
vn -0.5996 -0.0044 0.8003
vn 0.5803 -0.0019 0.8144
vn 0.8720 -0.0007 0.4896
vn -0.9970 0.0002 0.0772
vn 0.8990 0.0001 0.4380
vn -0.9975 0.0010 0.0713
vn -0.8866 0.0003 0.4625
vn -0.9984 0.0041 0.0560
vn 0.5810 -0.0021 0.8139
vn 0.6834 0.0012 0.7301
vn 0.6842 0.0013 0.7293
vn 0.6842 0.0014 0.7293
vn -0.6223 0.0016 0.7828
vn -0.6227 0.0016 0.7824
vn -0.6362 -0.0002 0.7715
vn -0.9087 -0.0003 0.4174
vn -0.9189 -0.0033 0.3945
vn 0.8906 0.0008 0.4548
vn 0.8905 0.0006 0.4551
vn 0.6327 -0.0030 0.7744
vn 0.6321 -0.0033 0.7748
vn -0.6699 0.0012 0.7425
vn -0.6698 0.0009 0.7426
vn -0.6105 -0.0030 0.7920
vn 0.7053 -0.0005 0.7089
vn -0.4255 0.0003 0.9049
vn -0.4089 -0.0032 0.9126
vn -0.4079 -0.0034 0.9130
vn 0.5290 -0.0151 0.8485
vn 0.4520 0.0017 0.8920
vn 0.4498 0.0022 0.8931
vn 0.8992 -0.0032 0.4375
vn 0.8958 -0.0005 0.4444
vn 0.6969 0.0001 0.7172
vn -0.8925 -0.0037 0.4511
vn -0.6030 0.0021 0.7978
vn 0.6826 0.0009 0.7308
vn -0.8880 0.0005 0.4599
vn -0.7347 -0.0009 0.6784
vn -0.5738 0.0061 0.8189
vn 0.5745 0.0102 0.8185
vn 0.5334 -0.0046 0.8459
vn 0.5775 0.0110 0.8163
vn -0.6743 0.0067 0.7384
vn -0.7314 0.0023 0.6820
vn -0.7287 0.0026 0.6848
vn -0.8930 -0.0045 0.4500
vn -0.5402 -0.0066 0.8415
vn -0.5410 -0.0027 0.8410
vn 0.5313 -0.0070 0.8471
vn 0.8997 -0.0036 0.4364
vn 0.7271 0.0027 0.6866
vn 0.6747 0.0067 0.7381
vn 0.7246 0.0029 0.6892
vn -0.9491 0.0051 0.3150
vn -0.5368 -0.0103 0.8436
vn 0.5324 -0.0113 0.8464
vn 0.9628 0.0085 0.2701
vn -0.6731 0.0068 0.7395
vn 0.6734 0.0068 0.7392
vn -0.8774 -0.4643 0.1210
vn -0.7658 -0.5842 0.2689
vn -0.3959 -0.9161 0.0640
vn -0.3385 -0.9374 0.0825
vn 0.8734 -0.4718 0.1206
vn 0.9201 -0.1186 0.3732
vn 0.7780 -0.5826 0.2351
vn 0.3966 -0.9158 0.0636
vn 0.3390 -0.9372 0.0821
vn -0.9759 -0.2180 -0.0096
vn -0.8464 -0.5325 0.0050
vn 0.8502 -0.5264 0.0055
vn 0.9861 -0.1662 0.0089
vn 0.8682 -0.4959 0.0138
vn 0.9862 -0.1655 0.0088
vn -0.5684 -0.8224 0.0233
vn -0.5627 -0.8266 0.0110
vn -0.9612 -0.2756 -0.0107
vn -0.9525 -0.3038 0.0237
vn -0.7148 -0.6993 -0.0034
vn 0.7404 -0.6721 0.0135
vn 0.5268 -0.8451 0.0908
vn -0.8452 -0.5344 0.0029
vn 0.7091 -0.7051 0.0031
vn -0.0041 -1.0000 0.0054
vn -0.9982 -0.0568 0.0180
vn -0.9997 -0.0203 0.0107
vn -0.9944 -0.1038 0.0219
vn -0.7058 -0.7084 -0.0000
vn -0.5828 -0.8124 0.0148
vn -0.9370 -0.3492 0.0046
vn -0.9014 -0.4326 0.0163
vn -0.9419 -0.3360 0.0028
vn -0.8952 -0.4452 0.0181
vn -0.2779 -0.9606 -0.0009
vn -0.2205 -0.9754 0.0047
vn -0.2915 -0.9566 -0.0022
vn -0.2084 -0.9780 0.0059
vn 0.3736 -0.9273 0.0230
vn 0.2381 -0.9712 -0.0074
vn 0.7085 -0.7057 0.0001
vn 0.7116 -0.7026 -0.0006
vn 0.6850 -0.7285 0.0054
vn 0.6823 -0.7310 0.0060
vn 0.9618 -0.2737 0.0084
vn 0.9527 -0.3040 -0.0001
vn 0.9631 -0.2690 0.0097
vn 0.9500 -0.3122 -0.0024
vn -0.9999 0.0008 0.0138
vn 0.9999 0.0012 0.0125
vn 0.9999 -0.0001 0.0114
vn 0.9999 -0.0003 0.0117
vn -0.9999 0.0051 0.0147
vn -0.9999 0.0078 0.0120
vn 0.9999 -0.0002 0.0125
vn 0.9999 0.0057 0.0133
vn -0.9163 0.3992 0.0329
vn 0.8626 0.5055 0.0205
vn -0.8505 0.5258 0.0145
vn -0.9998 0.0045 0.0172
vn -0.9998 0.0073 0.0207
vn 0.9999 0.0021 0.0160
vn -0.9998 0.0023 0.0178
vn -0.9842 0.0015 0.1773
vn -0.9842 0.0015 0.1770
vn -0.9826 0.0032 0.1855
vn 0.9835 0.1795 0.0242
vn 0.9752 0.2196 0.0277
vn -0.9357 0.3214 0.1453
vn -0.8368 0.3863 0.3879
vn -0.8293 0.3927 0.3976
vn -0.6554 0.3418 0.6736
vn -0.6823 0.3816 0.6236
vn -0.6921 0.3906 0.6070
vn -0.5057 0.4111 0.7585
vn -0.4775 0.4479 0.7559
vn -0.4937 0.4295 0.7562
vn 0.8846 0.3799 0.2705
vn 0.8734 0.3723 0.3140
vn 0.8749 0.3733 0.3086
vn 0.7027 0.2989 0.6456
vn 0.7577 0.3875 0.5251
vn 0.7512 0.3846 0.5365
vn 0.6998 0.3609 0.6165
vn 0.5030 0.4388 0.7447
vn -0.7751 0.4139 0.4774
vn -0.4886 0.3915 0.7797
vn -0.4451 0.4112 0.7955
vn -0.0248 0.2865 0.9578
vn -0.0531 0.2999 0.9525
vn -0.0329 0.2985 0.9538
vn 0.5752 0.2362 0.7832
vn 0.5640 0.2457 0.7884
vn 0.5638 0.2500 0.7872
vn 0.0311 0.3042 0.9521
vn 0.0536 0.3243 0.9444
vn 0.0682 0.2978 0.9522
vn 0.0371 0.3022 0.9525
vn 0.8858 0.3807 0.2655
vn 0.3949 0.3951 0.8294
vn -0.4479 0.4279 0.7851
vn -0.0680 0.2985 0.9520
vn -0.1780 0.3597 0.9159
vn -0.5568 0.2611 0.7886
vn -0.5338 0.2712 0.8009
vn -0.5218 0.2381 0.8192
vn -0.5122 0.2646 0.8171
vn 0.5848 0.2344 0.7766
vn 0.0788 0.2420 0.9671
vn 0.8220 0.4154 0.3897
vn 0.5648 0.4193 0.7108
vn 0.5393 0.4278 0.7254
vn 0.5602 0.4209 0.7135
vn 0.6677 0.4903 0.5601
vn -0.5902 0.3463 0.7292
vn -0.4506 0.4294 0.7827
vn -0.0856 0.2768 0.9571
vn -0.0975 0.2912 0.9517
vn -0.4992 0.2491 0.8299
vn -0.6338 0.1841 0.7513
vn -0.7735 0.1693 0.6108
vn -0.9391 0.0920 0.3310
vn -0.9444 0.0371 0.3267
vn -0.9415 0.1028 0.3208
vn 0.5493 0.2262 0.8044
vn 0.5580 0.2304 0.7972
vn 0.9453 0.0189 0.3256
vn 0.9497 0.0960 0.2980
vn 0.9547 0.0491 0.2934
vn 0.0976 0.2067 0.9735
vn 0.5327 0.4299 0.7290
vn -0.9454 0.0281 0.3247
vn 0.0694 0.1496 0.9863
vn 0.5638 0.1654 0.8092
vn -0.0849 0.0125 0.9963
vn -0.0922 0.0118 0.9957
vn -0.0622 0.0069 0.9980
vn -0.0884 0.0021 0.9961
vn -0.5459 0.0018 0.8379
vn -0.5537 0.0006 0.8327
vn -0.5451 0.0020 0.8384
vn 0.5095 -0.0020 0.8605
vn 0.5094 -0.0019 0.8605
vn 0.6558 0.0080 0.7549
vn 0.7315 0.0023 0.6819
vn 0.6586 0.0078 0.7524
vn 0.9658 0.0041 0.2592
vn 0.9429 0.0010 0.3330
vn -0.0875 -0.0003 0.9962
vn -0.5624 0.0032 0.8268
vn -0.9402 -0.0004 0.3407
vn -0.9373 0.0032 0.3485
vn 0.1030 0.0011 0.9947
vn 0.1041 0.0009 0.9946
vn 0.0980 0.0007 0.9952
vn 0.0973 0.0021 0.9953
vn -0.5689 0.0021 0.8224
vn -0.0935 0.0003 0.9956
vn -0.9549 0.0001 0.2971
vn 0.4852 0.0021 0.8744
vn 0.7340 0.0021 0.6792
vn 0.8695 -0.0018 0.4940
vn 0.8400 0.0007 0.5425
vn 0.8692 -0.0018 0.4945
vn 0.9602 -0.0003 0.2794
vn -0.9007 0.0010 0.4345
vn 0.8423 0.0002 0.5389
vn 0.9605 -0.0017 0.2783
vn 0.0928 -0.0019 0.9957
vn -0.0985 -0.0011 0.9951
vn -0.0993 -0.0004 0.9951
vn 0.5440 -0.0007 0.8391
vn 0.1625 -0.0001 0.9867
vn -0.6302 -0.0036 0.7764
vn -0.6319 -0.0038 0.7751
vn 0.5629 0.0062 0.8265
vn 0.9625 -0.0009 0.2714
vn 0.1187 0.0030 0.9929
vn 0.2328 0.0005 0.9725
vn -0.0940 0.0019 0.9956
vn -0.9467 0.0001 0.3223
vn -0.9461 -0.0002 0.3239
vn 0.6123 -0.0053 0.7906
vn 0.0914 -0.0022 0.9958
vn 0.1106 0.0047 0.9939
vn -0.0920 0.0014 0.9958
vn -0.7421 0.0156 0.6701
vn -0.7281 -0.0012 0.6855
vn -0.7383 0.0103 0.6744
vn 0.9624 -0.0000 0.2717
vn -0.4841 -0.0012 0.8750
vn -0.4840 -0.0041 0.8751
vn -0.4827 -0.0061 0.8758
vn 0.8258 -0.0013 0.5640
vn -0.1008 -0.0041 0.9949
vn -0.3996 0.0100 0.9166
vn 0.6162 -0.0064 0.7876
vn 0.1159 -0.0006 0.9933
vn -0.0965 -0.0027 0.9953
vn -0.6583 0.0016 0.7527
vn -0.6385 -0.0061 0.7696
vn 0.4587 0.0068 0.8886
vn 0.5200 0.0039 0.8542
vn 0.4780 0.0059 0.8784
vn 0.9651 0.0021 0.2619
vn 0.1207 0.0021 0.9927
vn -0.3967 0.0103 0.9179
vn -0.9343 -0.0000 0.3564
vn -0.9465 0.0012 0.3227
vn 0.8476 -0.0000 0.5307
vn 0.1065 -0.0028 0.9943
vn -0.1059 -0.0026 0.9944
vn 0.9634 0.0041 0.2679
vn 0.1067 -0.0022 0.9943
vn -0.0991 0.0006 0.9951
vn -0.0942 0.0022 0.9956
vn 0.8432 0.0002 0.5376
vn -0.5914 0.0053 0.8064
vn -0.9466 -0.0001 0.3224
vn 0.5212 0.0039 0.8534
vn 0.1103 0.0003 0.9939
vn -0.9358 -0.0002 0.3526
vn -0.9500 -0.0008 0.3122
vn 0.6316 -0.0002 0.7753
vn 0.5980 -0.0000 0.8015
vn 0.6335 -0.0000 0.7738
vn 0.9569 -0.0002 0.2904
vn 0.1076 0.0031 0.9942
vn -0.0987 0.0008 0.9951
vn -0.6564 -0.0015 0.7544
vn -0.7295 0.0065 0.6839
vn 0.8421 0.0005 0.5394
vn 0.9565 -0.0008 0.2918
vn 0.1113 0.0028 0.9938
vn 0.5685 -0.0061 0.8227
vn 0.1291 0.0007 0.9916
vn -0.5062 -0.0063 0.8624
vn -0.5156 -0.0030 0.8568
vn -0.5072 -0.0060 0.8618
vn -0.7327 0.0058 0.6805
vn -0.9329 -0.0002 0.3602
vn 0.1097 -0.0017 0.9940
vn 0.5964 0.0005 0.8027
vn 0.9543 -0.0035 0.2987
vn -0.1056 0.0022 0.9944
vn -0.1069 0.0006 0.9943
vn 0.8440 0.0003 0.5363
vn 0.9613 -0.0008 0.2757
vn 0.1068 -0.0010 0.9943
vn 0.9618 -0.0009 0.2738
vn -0.1023 -0.0016 0.9948
vn -0.5040 -0.0006 0.8637
vn -0.5278 0.0016 0.8494
vn -0.7324 0.0006 0.6809
vn 0.1032 0.0010 0.9947
vn -0.7323 0.0006 0.6809
vn 0.5631 -0.0033 0.8264
vn 0.5810 -0.0006 0.8139
vn -0.0947 -0.0004 0.9955
vn -0.9091 0.0010 0.4166
vn -0.9422 0.0165 0.3347
vn 0.0979 0.0029 0.9952
vn -0.6078 -0.0089 0.7941
vn 0.9618 -0.0011 0.2736
vn -0.0868 -0.0015 0.9962
vn 0.9096 -0.0077 0.4153
vn -0.0583 0.0028 0.9983
vn -0.4353 -0.0036 0.9003
vn -0.4809 0.0091 0.8767
vn -0.4847 0.0102 0.8746
vn -0.6197 0.0053 0.7848
vn -0.9426 0.0643 0.3275
vn 0.5615 -0.0035 0.8275
vn 0.0835 -0.0003 0.9965
vn 0.1197 0.0019 0.9928
vn -0.5775 0.0241 0.8160
vn -0.5572 0.0307 0.8298
vn -0.9339 0.1050 0.3416
vn 0.5011 0.1187 0.8572
vn 0.8646 0.1532 0.4785
vn 0.8630 0.1525 0.4816
vn 0.8509 0.1477 0.5041
vn 0.8452 0.1455 0.5143
vn 0.9577 0.1168 0.2629
vn 0.9653 0.0685 0.2520
vn 0.9639 0.0848 0.2524
vn 0.9146 0.0399 0.4024
vn 0.9151 0.0375 0.4014
vn 0.9140 0.0723 0.3991
vn -0.0552 0.0050 0.9985
vn -0.4791 0.1527 0.8644
vn -0.7052 0.0882 0.7035
vn -0.7138 0.0703 0.6969
vn -0.7223 0.0515 0.6896
vn -0.9301 0.0855 0.3573
vn -0.9307 0.0821 0.3565
vn 0.3380 0.0198 0.9409
vn 0.2855 0.0264 0.9580
vn 0.3367 0.0200 0.9414
vn 0.0578 0.0066 0.9983
vn -0.3365 0.0003 0.9417
vn -0.7289 0.0365 0.6836
vn -0.9379 0.0435 0.3441
vn -0.9386 0.0442 0.3421
vn 0.2825 0.0267 0.9589
vn 0.6250 0.0038 0.7806
vn 0.8117 0.0263 0.5835
vn 0.9552 0.0293 0.2944
vn 0.9572 0.0311 0.2876
vn -0.2795 0.0188 0.9600
vn -0.0467 0.0009 0.9989
vn -0.5891 0.0055 0.8081
vn 0.4954 0.1621 0.8534
vn 0.9383 0.1674 0.3027
vn 0.9519 0.1117 0.2852
vn 0.9414 0.1619 0.2958
vn 0.9518 0.1252 0.2799
vn 0.0472 -0.0008 0.9989
vn 0.1820 0.0002 0.9833
vn 0.3335 0.0020 0.9427
vn 0.3337 0.0004 0.9427
vn 0.3330 0.0007 0.9429
vn -0.3406 0.0020 0.9402
vn -0.0308 0.0047 0.9995
vn -0.4583 0.1752 0.8713
vn -0.9067 0.1087 0.4075
vn -0.9162 0.1496 0.3719
vn -0.9185 0.1138 0.3787
vn -0.9241 0.1792 0.3374
vn 0.4093 0.0505 0.9110
vn -0.0290 0.0051 0.9996
vn -0.3361 0.0293 0.9414
vn -0.9344 0.0687 0.3496
vn 0.9450 0.1110 0.3076
vn 0.9505 0.1132 0.2894
vn 0.6880 -0.0044 0.7257
vn 0.0466 0.0032 0.9989
vn 0.0353 0.0061 0.9994
vn 0.0165 0.0593 0.9981
vn -0.6644 0.0272 0.7469
vn -0.6654 0.0692 0.7433
vn -0.6642 0.0629 0.7449
vn -0.9495 0.0498 0.3097
vn -0.9239 0.1723 0.3416
vn 0.9641 0.1214 0.2360
vn 0.6601 0.1755 0.7304
vn -0.2406 0.0261 0.9703
vn -0.2325 0.0209 0.9724
vn -0.2811 0.0537 0.9582
vn -0.6843 0.0995 0.7224
vn -0.8945 0.0780 0.4402
vn -0.9352 0.1424 0.3241
vn -0.9288 0.1581 0.3351
vn -0.9251 0.1669 0.3412
vn 0.5425 0.0697 0.8371
vn 0.5245 0.0593 0.8493
vn 0.5348 0.0809 0.8411
vn 0.9504 0.1362 0.2798
vn 0.9466 0.1425 0.2893
vn 0.0329 0.0092 0.9994
vn 0.5199 0.0610 0.8521
vn -0.6856 0.0972 0.7215
vn -0.9159 0.1872 0.3551
vn -0.3095 0.0649 0.9487
vn -0.6781 0.1389 0.7217
vn -0.6811 0.1316 0.7203
vn -0.9055 0.0707 0.4185
vn -0.9231 0.1533 0.3528
vn -0.9206 0.0963 0.3785
vn 0.5299 0.1019 0.8419
vn 0.3570 0.0550 0.9325
vn 0.3683 0.0406 0.9288
vn 0.3461 0.0690 0.9357
vn 0.7280 0.1302 0.6731
vn 0.7282 0.1296 0.6730
vn 0.7356 0.0878 0.6717
vn 0.9433 0.1647 0.2882
vn 0.9423 0.1765 0.2844
vn 0.3053 -0.0045 0.9522
vn -0.2334 -0.0041 0.9724
vn -0.3108 0.0652 0.9482
vn -0.0186 0.0026 0.9998
vn -0.0191 0.0005 0.9998
vn -0.6649 0.1802 0.7249
vn -0.9259 0.1680 0.3382
vn -0.9168 0.2057 0.3423
vn -0.9149 0.2068 0.3467
vn 0.3349 0.0830 0.9386
vn 0.5965 0.1153 0.7943
vn 0.6049 0.1119 0.7884
vn 0.5621 0.1320 0.8165
vn 0.7192 0.1723 0.6731
vn 0.9418 0.1911 0.2764
vn 0.0224 0.0017 0.9997
vn 0.0135 0.0031 0.9999
vn -0.2316 -0.0042 0.9728
vn -0.0145 0.0021 0.9999
vn -0.0094 0.0011 1.0000
vn -0.4885 0.0997 0.8669
vn -0.4803 0.1138 0.8697
vn -0.5008 0.0778 0.8621
vn -0.9228 0.2078 0.3243
vn 0.9439 0.2151 0.2504
vn 0.9414 0.2246 0.2516
vn 0.2126 0.0450 0.9761
vn 0.1873 0.0379 0.9816
vn 0.1856 0.0379 0.9819
vn 0.5621 0.1433 0.8145
vn 0.0124 0.0048 0.9999
vn 0.2961 -0.0000 0.9552
vn -0.4266 0.0005 0.9044
vn -0.3076 0.0741 0.9486
vn -0.3019 0.0766 0.9503
vn -0.3071 0.0740 0.9488
vn -0.4675 0.1356 0.8736
vn -0.6583 0.1409 0.7395
vn -0.6616 0.1455 0.7356
vn -0.6624 0.1247 0.7387
vn -0.9200 0.2193 0.3249
vn 0.9381 0.2464 0.2436
vn 0.5644 0.1459 0.8125
vn -0.3199 0.0766 0.9443
vn -0.6824 0.1868 0.7067
vn -0.9114 0.2453 0.3304
vn 0.7067 0.1162 0.6979
vn 0.7043 0.1656 0.6903
vn 0.7042 0.1803 0.6868
vn 0.2088 0.0426 0.9770
vn -0.0102 -0.0018 0.9999
vn -0.6717 0.2012 0.7130
vn -0.9078 0.2815 0.3109
vn 0.2743 0.0879 0.9576
vn 0.7089 0.2221 0.6694
vn 0.9357 0.2654 0.2326
vn -0.8989 0.3042 0.3154
vn 0.2181 0.0672 0.9736
vn 0.2165 0.0842 0.9726
vn 0.5537 0.1331 0.8220
vn 0.5307 0.1796 0.8283
vn 0.5360 0.1692 0.8271
vn 0.7102 0.2219 0.6681
vn 0.9166 0.3034 0.2604
vn 0.3065 -0.0054 0.9519
vn -0.3003 0.0767 0.9507
vn -0.7100 0.2402 0.6620
vn -0.6832 0.2431 0.6886
vn -0.8869 0.3330 0.3202
vn 0.5122 0.2150 0.8316
vn 0.6110 0.2171 0.7613
vn 0.6226 0.2323 0.7473
vn 0.6201 0.2289 0.7504
vn 0.9079 0.3324 0.2552
vn 0.0063 0.0015 1.0000
vn 0.0077 -0.0003 1.0000
vn -0.0034 -0.0007 1.0000
vn -0.0035 0.0038 1.0000
vn -0.3606 0.1494 0.9207
vn -0.2995 0.1179 0.9468
vn -0.2029 0.0996 0.9741
vn -0.3930 0.1673 0.9042
vn -0.6246 0.2565 0.7377
vn -0.8752 0.3625 0.3202
vn 0.2229 0.1079 0.9688
vn 0.8859 0.3910 0.2496
vn 0.8771 0.4121 0.2469
vn -0.1879 0.0911 0.9779
vn -0.6254 0.2318 0.7451
vn -0.5978 0.2875 0.7484
vn -0.6004 0.3363 0.7255
vn -0.8545 0.4212 0.3039
vn -0.8285 0.4703 0.3040
vn 0.6084 0.2138 0.7642
vn 0.1537 0.0796 0.9849
vn 0.0042 0.0010 1.0000
vn -0.2027 0.0028 0.9792
vn -0.2085 0.0005 0.9780
vn -0.2019 0.0031 0.9794
vn -0.1918 -0.0017 0.9814
vn -0.2187 0.1336 0.9666
vn -0.5968 0.3507 0.7217
vn 0.4885 0.2676 0.8305
vn 0.5964 0.2928 0.7474
vn 0.8605 0.4514 0.2361
vn 0.8602 0.4515 0.2368
vn 0.1449 0.0736 0.9867
vn 0.2551 0.1210 0.9593
vn 0.2699 0.1239 0.9549
vn 0.1540 0.1215 0.9806
vn 0.0055 -0.0001 1.0000
vn 0.5334 -0.0161 0.8457
vn -0.2164 0.1371 0.9666
vn -0.2073 0.1347 0.9690
vn -0.8052 0.5188 0.2872
vn -0.7978 0.5366 0.2748
vn 0.5593 0.4232 0.7128
vn 0.5780 0.4188 0.7004
vn 0.5847 0.4188 0.6948
vn 0.7864 0.5873 0.1915
vn 0.7651 0.6005 0.2325
vn 0.7779 0.5928 0.2083
vn 0.3501 0.0075 0.9367
vn 0.3466 0.0065 0.9380
vn 0.3056 -0.0056 0.9522
vn -0.0113 0.0130 0.9999
vn -0.0431 0.0280 0.9987
vn -0.5611 0.3686 0.7411
vn -0.2168 0.1368 0.9666
vn -0.5756 0.4052 0.7103
vn -0.5812 0.4180 0.6982
vn -0.7955 0.5379 0.2788
vn -0.6183 0.7225 0.3094
vn -0.6252 0.7031 0.3387
vn -0.6056 0.7517 0.2612
vn 0.6720 0.7092 0.2133
vn 0.6620 0.7144 0.2266
vn 0.6781 0.7058 0.2049
vn 0.1486 0.1071 0.9831
vn 0.1474 0.1623 0.9757
vn 0.5586 0.4397 0.7033
vn 0.5602 0.4461 0.6979
vn 0.7574 0.6047 0.2464
vn 0.6857 0.7015 0.1944
vn 0.0027 -0.0023 1.0000
vn 0.3017 -0.0067 0.9534
vn -0.1554 0.1922 0.9690
vn -0.1524 0.1871 0.9705
vn -0.1991 0.2669 0.9429
vn -0.0197 0.0292 0.9994
vn -0.2128 0.2904 0.9330
vn -0.4299 0.5613 0.7072
vn -0.4435 0.5704 0.6913
vn -0.4266 0.5591 0.7109
vn -0.4488 0.5739 0.6850
vn -0.1896 0.5971 0.7795
vn -0.5977 0.7667 0.2343
vn -0.3804 0.8730 0.3051
vn -0.3893 0.8643 0.3186
vn -0.3875 0.8660 0.3160
vn -0.0405 0.9694 0.2423
vn -0.0152 0.9631 0.2688
vn -0.0086 0.9612 0.2756
vn -0.3971 0.8561 0.3308
vn 0.3734 0.8939 0.2480
vn 0.3490 0.8944 0.2796
vn 0.3870 0.8930 0.2298
vn 0.0212 0.9517 0.3062
vn 0.4461 0.4962 0.7448
vn 0.5566 0.5671 0.6071
vn 0.2744 0.6286 0.7277
vn 0.4074 0.8907 0.2019
vn 0.1504 0.1748 0.9731
vn 0.2673 0.2561 0.9290
vn -0.2180 -0.0037 0.9759
vn -0.0070 0.1135 0.9935
vn -0.0577 0.6648 0.7448
vn -0.1111 0.7861 0.6080
vn 0.2917 0.9441 0.1534
vn 0.2557 0.4895 0.8337
vn 0.1533 0.3595 0.9205
vn -0.2188 -0.0038 0.9758
vn 0.0007 -0.0042 1.0000
vn -0.1155 0.2167 0.9694
vn 0.0034 -0.0017 1.0000
vn -0.0023 0.0070 1.0000
vn 0.0028 0.0027 1.0000
vn -0.3489 0.0045 0.9371
vn -0.0010 -0.0055 1.0000
vn 0.0018 -0.0074 1.0000
vn -0.0075 -0.0008 1.0000
vn 0.0005 -0.0078 1.0000
vn 0.2928 0.0090 0.9561
vn -0.6127 -0.4354 0.6596
vn -0.5134 -0.5316 0.6737
vn -0.3008 -0.9090 0.2884
vn -0.1496 -0.9648 0.2164
vn -0.1236 -0.9303 0.3454
vn -0.3455 -0.5329 0.7724
vn 0.0020 -0.4039 0.9148
vn 0.0025 -0.3992 0.9168
vn -0.0025 -0.4464 0.8948
vn 0.0009 -0.8184 0.5747
vn -0.0025 -0.7779 0.6284
vn -0.0025 -0.7787 0.6274
vn -0.0042 -0.8962 0.4436
vn -0.0056 -0.9023 0.4311
vn -0.0058 -0.9030 0.4296
vn -0.0014 -0.4544 0.8908
vn 0.0010 -0.8192 0.5735
vn -0.0041 -0.8948 0.4464
vn 0.0009 -0.8802 0.4746
vn 0.0023 -0.4372 0.8993
vn -0.0004 -0.8781 0.4785
vn 0.0017 -0.8864 0.4628
vn 0.0005 -0.3627 0.9319
vn -0.0019 -0.7425 0.6698
vn -0.0029 -0.7434 0.6689
vn 0.0039 -0.7326 0.6807
vn -0.0011 -0.8985 0.4389
vn 0.0005 -0.3591 0.9333
vn -0.0001 -0.8996 0.4368
vn 0.0021 -0.7766 0.6300
vn 0.0050 -0.9236 0.3834
vn -0.0003 -0.3988 0.9170
vn -0.0005 -0.4009 0.9161
vn 0.0020 -0.7775 0.6288
vn 0.0052 -0.9243 0.3816
vn 0.2728 -0.5477 0.7909
vn 0.6105 -0.4378 0.6600
vn 0.5133 -0.5317 0.6736
vn 0.3007 -0.9091 0.2884
vn 0.1496 -0.9648 0.2164
vn 0.0987 -0.8362 0.5394
vn 0.0959 -0.8497 0.5185
vn 0.0913 -0.8704 0.4838
vn 0.1007 -0.8260 0.5546
vn -0.6601 -0.7405 0.1263
vn -0.6362 -0.6484 0.4181
vn -0.8117 -0.2433 0.5310
vn -0.7911 -0.2135 0.5732
vn -0.7874 -0.2084 0.5801
vn -0.7611 -0.1742 0.6248
vn -0.7332 -0.5924 0.3339
vn -0.5460 -0.3872 0.7429
vn -0.2955 -0.7241 0.6232
vn -0.2740 -0.6950 0.6648
vn -0.2717 -0.6918 0.6691
vn -0.2478 -0.6582 0.7109
vn -0.4321 -0.2280 0.8725
vn -0.4039 -0.1990 0.8929
vn -0.3939 -0.1888 0.8995
vn -0.0072 -0.6032 0.7975
vn -0.0009 -0.6789 0.7342
vn -0.0077 -0.5987 0.8009
vn -0.0005 -0.6831 0.7304
vn 0.0024 -0.6447 0.7645
vn -0.0021 -0.6313 0.7756
vn -0.0021 -0.6332 0.7739
vn 0.0013 -0.6986 0.7155
vn 0.0042 -0.7084 0.7058
vn 0.0067 -0.6824 0.7309
vn 0.0072 -0.6808 0.7325
vn 0.5770 -0.6196 0.5321
vn 0.5687 -0.6215 0.5388
vn 0.5328 -0.6286 0.5665
vn 0.6578 -0.7421 0.1292
vn 0.6092 -0.6115 0.5049
vn 0.8191 -0.2259 0.5273
vn 0.8819 -0.3569 0.3081
vn 0.8654 -0.3784 0.3285
vn 0.8811 -0.3579 0.3091
vn 0.5566 -0.3074 0.7718
vn -0.5740 -0.8181 0.0339
vn -0.7134 -0.7008 -0.0037
vn -0.5299 -0.7632 0.3698
vn -0.5298 -0.7628 0.3708
vn -0.5327 -0.7766 0.3363
vn 0.8993 -0.3321 0.2846
vn 0.5464 -0.8016 0.2428
vn 0.5117 -0.8580 0.0438
vn -0.9993 -0.0344 0.0165
vn -0.8906 -0.4542 -0.0228
vn 0.9487 -0.3105 0.0592
vn -0.9992 0.0183 0.0363
vn -0.7441 0.6681 0.0033
vn -0.4284 -0.7081 0.5614
vn -0.7796 -0.3162 0.5406
vn -0.0032 -0.9442 0.3292
vn -0.0029 -0.9448 0.3277
vn 0.0027 -0.9543 0.2988
vn 0.0031 -0.9551 0.2963
vn -0.0236 -0.8174 0.5755
vn 0.0071 -0.9665 0.2565
vn 0.0038 -0.9559 0.2935
vn 0.0045 -0.9583 0.2857
vn 0.0075 -0.9678 0.2516
vn 0.0244 -0.8254 0.5641
vn 0.7384 -0.6190 0.2674
vn 0.9476 -0.2544 0.1935
vn 0.8318 -0.4070 0.3774
vn 0.3167 -0.6771 0.6643
vn 0.9743 -0.0138 0.2249
vn -0.8719 -0.0032 0.4897
vn -0.8516 0.0009 0.5242
vn -0.8733 -0.0035 0.4872
vn -0.9869 -0.0078 0.1612
vn -0.8501 0.0013 0.5267
vn 0.8569 0.0040 0.5154
vn -0.8429 0.4848 0.2335
vn -0.8223 0.1819 0.5392
vn 0.7939 0.5568 0.2445
vn 0.8008 0.5509 0.2348
vn 0.7721 0.5737 0.2734
vn 0.9154 0.2861 0.2831
vn -0.7765 0.5912 0.2179
vn -0.7584 0.5879 0.2813
vn -0.7724 0.5906 0.2336
vn -0.5021 0.6277 0.5949
vn -0.5223 0.6341 0.5702
vn -0.5271 0.6356 0.5641
vn -0.7554 0.5872 0.2908
vn -0.4967 0.6259 0.6013
vn -0.3023 0.6064 0.7354
vn -0.1904 0.5542 0.8103
vn -0.0108 0.4966 0.8679
vn -0.0095 0.4941 0.8693
vn -0.0086 0.4923 0.8704
vn -0.2677 0.5834 0.7668
vn -0.6105 0.5657 0.5544
vn -0.5892 0.5650 0.5775
vn -0.5870 0.5649 0.5799
vn 0.0194 0.5338 0.8454
vn 0.0123 0.5124 0.8586
vn 0.0169 0.5264 0.8501
vn 0.1617 0.5373 0.8278
vn 0.0070 0.4963 0.8681
vn 0.4737 0.6216 0.6240
vn 0.4643 0.6182 0.6342
vn 0.4143 0.5752 0.7054
vn 0.4235 0.5939 0.6840
vn 0.1710 0.5873 0.7911
vn 0.7610 0.5817 0.2874
vn -0.9820 0.0038 0.1886
vn -0.9560 -0.0008 0.2934
vn -0.9538 -0.0013 0.3003
vn -0.7068 -0.0136 0.7072
vn -0.3642 0.0477 0.9301
vn -0.0218 0.0100 0.9997
vn -0.0134 0.0028 0.9999
vn -0.0175 0.0068 0.9998
vn -0.2255 0.0053 0.9742
vn -0.2242 0.0055 0.9745
vn -0.2056 0.0078 0.9786
vn 0.0189 0.0025 0.9998
vn 0.1167 0.0087 0.9931
vn 0.0655 0.0063 0.9978
vn 0.0186 0.0031 0.9998
vn 0.9318 0.0182 0.3626
vn 0.9284 0.0152 0.3713
vn 0.9157 0.0048 0.4019
vn 0.5880 -0.0010 0.8088
vn 0.5941 -0.0028 0.8043
vn 0.5589 0.0073 0.8292
vn -0.8036 0.0029 0.5951
vn -0.7667 0.0067 0.6420
vn -0.8051 0.0027 0.5932
vn -0.0115 0.0009 0.9999
vn -0.1551 -0.0005 0.9879
vn 0.9059 0.0048 0.4234
vn -0.7514 0.0008 0.6599
vn -0.5025 -0.0086 0.8645
vn -0.2644 0.0075 0.9644
vn -0.2990 -0.0013 0.9542
vn -0.2624 0.0082 0.9649
vn -0.4682 -0.0008 0.8836
vn -0.4656 -0.0029 0.8850
vn -0.4774 0.0068 0.8786
vn -0.7729 0.0033 0.6345
vn -0.7564 -0.0000 0.6541
vn -0.7552 -0.0002 0.6555
vn 0.2047 0.0106 0.9788
vn 0.2745 0.0001 0.9616
vn 0.2704 -0.0002 0.9627
vn 0.6046 0.0050 0.7965
vn 0.6589 0.0012 0.7522
vn 0.6604 0.0011 0.7509
vn 0.5318 -0.0020 0.8469
vn 0.2167 -0.0028 0.9762
vn 0.5554 0.0083 0.8315
vn 0.4410 -0.0053 0.8975
vn 0.4419 -0.0053 0.8970
vn 0.4353 -0.0049 0.9003
vn -0.7725 0.0031 0.6350
vn 0.0136 0.0021 0.9999
vn 0.8923 -0.0057 0.4515
vn -0.6409 -0.0097 0.7676
vn 0.0130 0.0026 0.9999
vn -0.6592 0.0245 0.7516
vn -0.2697 0.0017 0.9630
vn -0.2878 0.0062 0.9577
vn -0.2528 0.0046 0.9675
vn -0.0120 0.0020 0.9999
vn 0.1827 -0.0032 0.9832
vn 0.8904 -0.0072 0.4551
vn -0.7315 0.0038 0.6818
vn -0.0110 0.0033 0.9999
vn -0.4803 0.0091 0.8770
vn -0.2532 -0.0019 0.9674
vn -0.7004 -0.0032 0.7138
vn 0.8082 -0.0001 0.5889
vn 0.4783 0.0009 0.8782
vn -0.3183 0.0362 0.9473
vn 0.0130 0.0017 0.9999
vn 0.8136 0.0073 0.5814
vn 0.5459 0.0003 0.8379
vn -0.2905 0.0068 0.9569
vn -0.0089 0.0052 0.9999
vn -0.3275 0.0392 0.9440
vn -0.6257 -0.0154 0.7799
vn 0.5272 -0.0025 0.8497
vn 0.2085 0.0145 0.9779
vn 0.0131 0.0017 0.9999
vn 0.3469 0.0083 0.9378
vn 0.3426 0.0087 0.9394
vn -0.6486 0.0273 0.7606
vn -0.6354 -0.0090 0.7722
vn -0.5701 0.1184 0.8130
vn 0.0160 0.2743 0.9615
vn 0.0266 0.2668 0.9634
vn 0.0231 0.2145 0.9764
vn 0.8466 0.1612 0.5073
vn 0.2638 0.2382 0.9347
vn -0.9169 0.2819 0.2824
vn -0.6782 0.3141 0.6643
vn -0.6921 0.3045 0.6545
vn -0.1946 0.3153 0.9288
vn -0.2346 0.3122 0.9206
vn -0.1874 0.3158 0.9301
vn -0.2386 0.3119 0.9197
vn -0.0251 0.2726 0.9618
vn -0.0151 0.2592 0.9657
vn -0.5240 0.2200 0.8228
vn -0.5198 0.2313 0.8224
vn -0.7628 0.2134 0.6104
vn -0.7394 0.2354 0.6308
vn -0.7438 0.2314 0.6271
vn 0.4668 0.2380 0.8517
vn 0.4766 0.2386 0.8461
vn 0.5660 0.2442 0.7874
vn 0.8106 0.1540 0.5650
vn 0.8153 0.1510 0.5590
vn 0.7643 0.1988 0.6135
vn 0.7631 0.2087 0.6116
vn 0.0160 0.2535 0.9672
vn 0.6920 0.3573 0.6273
vn 0.4074 0.3459 0.8452
vn 0.3795 0.3547 0.8545
vn 0.4028 0.3474 0.8468
vn -0.9446 0.1011 0.3122
vn -0.9420 0.0853 0.3247
vn -0.9417 0.0773 0.3274
vn 0.9655 0.0354 0.2581
vn 0.9590 0.0807 0.2718
vn 0.9573 0.0940 0.2735
vn 0.8421 0.1543 0.5168
vn 0.3744 0.3563 0.8561
vn -0.7684 0.2080 0.6053
vn 0.7666 0.2252 0.6014
vn 0.7581 0.2135 0.6162
vn 0.7553 0.2113 0.6204
vn 0.7467 0.2049 0.6328
vn -0.6332 0.2544 0.7310
vn -0.6466 0.2426 0.7232
vn -0.6290 0.2577 0.7335
vn -0.6530 0.2357 0.7198
vn -0.1130 0.3031 0.9462
vn -0.1174 0.3015 0.9462
vn -0.1233 0.2965 0.9470
vn 0.9601 0.0881 0.2652
vn 0.7435 0.2025 0.6373
vn 0.5685 0.2313 0.7895
vn 0.5760 0.2698 0.7716
vn 0.5668 0.2105 0.7965
vn 0.5791 0.2705 0.7691
vn -0.4887 0.1456 0.8603
vn -0.5309 0.1265 0.8380
vn -0.5223 0.1304 0.8427
vn -0.1117 0.3025 0.9466
vn -0.6124 0.0622 0.7881
vn -0.6277 0.0338 0.7777
vn -0.5960 0.0862 0.7983
vn 0.1218 0.2622 0.9573
vn 0.1112 0.2050 0.9724
vn 0.1166 0.2523 0.9606
vn 0.4638 0.1839 0.8666
vn 0.5501 0.2539 0.7955
vn 0.5565 0.2507 0.7921
vn 0.5573 0.2503 0.7917
vn 0.9426 0.0873 0.3224
vn 0.5445 0.1659 0.8222
vn 0.5535 0.1696 0.8154
vn -0.7142 0.1501 0.6836
vn -0.4731 0.1523 0.8677
vn -0.0959 0.1582 0.9827
vn -0.1029 0.1512 0.9831
vn -0.0871 0.1669 0.9821
vn -0.5818 0.0051 0.8133
vn 0.1124 0.2057 0.9721
vn -0.8527 0.0002 0.5223
vn -0.8379 -0.0033 0.5457
vn -0.8373 -0.0034 0.5467
vn 0.7716 0.0015 0.6361
vn 0.7983 0.0045 0.6023
vn 0.7966 0.0043 0.6045
vn 0.1363 0.0050 0.9907
vn 0.1395 0.0022 0.9902
vn 0.1357 0.0049 0.9907
vn -0.4719 0.0007 0.8816
vn -0.4521 -0.0005 0.8920
vn -0.4517 -0.0005 0.8922
vn 0.7869 -0.0003 0.6171
vn 0.1401 0.0024 0.9901
vn 0.5134 -0.0014 0.8581
vn 0.5139 -0.0013 0.8579
vn 0.5541 0.0004 0.8325
vn 0.6681 0.0028 0.7440
vn 0.6212 0.0034 0.7836
vn 0.5594 -0.0063 0.8289
vn 0.5652 -0.0054 0.8249
vn 0.6874 -0.0062 0.7262
vn -0.5770 0.0041 0.8167
vn -0.8000 -0.0040 0.6000
vn -0.7472 -0.0003 0.6646
vn -0.8008 0.0005 0.5989
vn -0.1056 -0.0000 0.9944
vn -0.1057 0.0016 0.9944
vn -0.1058 0.0016 0.9944
vn -0.1059 -0.0001 0.9944
vn -0.4247 0.0040 0.9053
vn -0.3827 -0.0024 0.9239
vn -0.3808 -0.0027 0.9247
vn 0.1239 0.0003 0.9923
vn 0.9145 -0.0018 0.4046
vn -0.7459 0.0001 0.6661
vn -0.7467 0.0001 0.6652
vn 0.7747 0.0011 0.6323
vn 0.1615 -0.0000 0.9869
vn -0.8360 -0.0022 0.5488
vn 0.6897 -0.0066 0.7241
vn 0.4499 0.0031 0.8931
vn 0.4500 0.0031 0.8930
vn 0.4473 0.0029 0.8944
vn -0.4440 -0.0003 0.8960
vn -0.1102 -0.0005 0.9939
vn -0.1115 -0.0006 0.9938
vn -0.5305 -0.0063 0.8476
vn -0.8196 0.0011 0.5729
vn 0.5613 -0.0004 0.8276
vn 0.1373 -0.0000 0.9905
vn -0.5334 -0.0079 0.8458
vn -0.8172 0.0035 0.5763
vn 0.8099 0.0029 0.5866
vn 0.8129 -0.0004 0.5824
vn 0.8105 0.0018 0.5857
vn 0.1327 -0.0011 0.9912
vn -0.7982 0.0064 0.6024
vn 0.4327 -0.0022 0.9016
vn -0.4692 0.0001 0.8831
vn -0.1318 0.0005 0.9913
vn -0.1044 -0.0012 0.9945
vn -0.5328 -0.0093 0.8462
vn -0.8151 0.0059 0.5793
vn -0.0886 0.0013 0.9961
vn 0.1376 0.0002 0.9905
vn 0.5257 -0.0021 0.8506
vn 0.8755 -0.0027 0.4833
vn 0.8704 0.0019 0.4924
vn -0.6395 0.0045 0.7688
vn -0.8275 -0.0042 0.5614
vn -0.8261 -0.0049 0.5636
vn -0.8428 0.0032 0.5382
vn 0.8272 0.0034 0.5619
vn 0.8279 0.0034 0.5609
vn 0.9729 -0.0001 0.2313
vn 0.9629 -0.0000 0.2697
vn 0.9732 0.0006 0.2299
vn -0.4758 -0.0042 0.8796
vn 0.5379 0.0029 0.8430
vn -0.1005 -0.0040 0.9949
vn -0.2178 -0.0000 0.9760
vn -0.2447 -0.0002 0.9696
vn -0.2694 -0.0004 0.9630
vn -0.8503 0.0020 0.5263
vn -0.2696 -0.0004 0.9630
vn -0.5963 0.0010 0.8028
vn -0.6125 -0.0002 0.7905
vn -0.5961 0.0010 0.8029
vn 0.1406 0.0015 0.9901
vn -0.7649 0.0666 0.6407
vn -0.7327 -0.0002 0.6805
vn -0.6096 0.0003 0.7927
vn -0.8398 0.0003 0.5429
vn -0.8475 -0.0010 0.5309
vn 0.8764 -0.0038 0.4815
vn 0.5262 -0.0027 0.8504
vn 0.6856 0.0046 0.7279
vn 0.6841 0.0044 0.7293
vn 0.6387 -0.0034 0.7694
vn 0.1849 0.0025 0.9828
vn -0.8480 -0.0010 0.5300
vn 0.1494 0.0002 0.9888
vn -0.4809 0.0220 0.8765
vn -0.1515 0.0036 0.9884
vn 0.4650 0.0028 0.8853
vn -0.6161 -0.0006 0.7877
vn -0.8481 -0.0010 0.5299
vn -0.1471 0.0013 0.9891
vn 0.6400 -0.0023 0.7684
vn -0.7318 -0.0618 0.6787
vn -0.7330 -0.0141 0.6801
vn -0.7275 -0.0127 0.6860
vn -0.6604 0.0065 0.7508
vn 0.1899 -0.0034 0.9818
vn 0.4642 0.0029 0.8857
vn 0.7528 -0.0032 0.6582
vn 0.7300 -0.0007 0.6835
vn 0.7293 -0.0006 0.6842
vn -0.1320 -0.0000 0.9912
vn -0.8588 0.0034 0.5122
vn -0.8638 -0.0013 0.5039
vn -0.8640 -0.0013 0.5035
vn -0.6622 0.0050 0.7493
vn -0.8582 0.0009 0.5134
vn 0.7539 -0.0033 0.6570
vn 0.9588 0.0616 0.2772
vn 0.9681 0.0022 0.2504
vn 0.9678 -0.0010 0.2518
vn 0.1374 -0.0053 0.9905
vn 0.1406 0.0046 0.9901
vn -0.1134 0.0175 0.9934
vn -0.4898 0.0453 0.8707
vn 0.6372 -0.0038 0.7707
vn 0.8560 0.0035 0.5169
vn 0.8587 0.0038 0.5124
vn -0.6626 0.0050 0.7490
vn -0.7751 -0.0036 0.6318
vn -0.8594 0.0068 0.5113
vn 0.7335 0.1687 0.6585
vn 0.0966 0.0069 0.9953
vn 0.4169 0.0055 0.9089
vn 0.4446 0.0023 0.8957
vn 0.4178 0.0054 0.9085
vn 0.4454 0.0022 0.8953
vn 0.0547 0.0245 0.9982
vn 0.5880 0.0229 0.8086
vn 0.5534 0.0521 0.8313
vn 0.5376 0.0643 0.8407
vn -0.1149 0.0005 0.9934
vn 0.5964 0.0092 0.8026
vn -0.8620 0.0017 0.5069
vn -0.7717 0.0629 0.6328
vn 0.5148 0.0686 0.8546
vn 0.5981 0.0101 0.8014
vn -0.1194 0.0067 0.9928
vn -0.7403 0.1696 0.6505
vn -0.7020 0.1782 0.6896
vn -0.7674 0.1628 0.6202
vn -0.6825 0.1822 0.7078
vn 0.0965 0.0039 0.9953
vn 0.6164 0.1673 0.7695
vn -0.7229 0.1359 0.6775
vn -0.7131 0.1388 0.6872
vn -0.4992 0.0710 0.8636
vn -0.1634 0.0431 0.9856
vn -0.3474 0.0320 0.9372
vn -0.8253 -0.0009 0.5647
vn 0.5192 0.1030 0.8484
vn 0.1009 0.0132 0.9948
vn 0.3152 0.0233 0.9488
vn 0.8043 0.0564 0.5916
vn 0.7709 0.0138 0.6368
vn 0.7727 0.0142 0.6346
vn -0.0874 0.0083 0.9961
vn -0.7461 0.0207 0.6655
vn 0.4673 0.0906 0.8794
vn 0.7978 0.0854 0.5969
vn -0.7358 0.0061 0.6771
vn -0.5517 0.0950 0.8286
vn -0.5586 0.0858 0.8250
vn -0.5603 0.0300 0.8277
vn -0.6840 0.1634 0.7109
vn 0.4536 0.0776 0.8878
vn 0.1106 0.0076 0.9938
vn 0.8527 -0.0138 0.5223
vn 0.9449 0.1204 0.3045
vn 0.9512 0.0541 0.3039
vn 0.9488 0.0823 0.3050
vn -0.0822 0.0055 0.9966
vn -0.0869 0.0058 0.9962
vn -0.5947 0.0650 0.8013
vn -0.7142 0.0197 0.6997
vn 0.7617 0.1259 0.6356
vn 0.8037 0.1267 0.5814
vn 0.7985 0.1224 0.5894
vn 0.7841 0.1245 0.6081
vn -0.5331 0.1515 0.8324
vn -0.5194 0.1573 0.8399
vn -0.5667 0.2289 0.7915
vn 0.0754 0.0106 0.9971
vn 0.6754 0.0816 0.7329
vn 0.6474 0.0689 0.7590
vn 0.6688 0.0816 0.7390
vn 0.7475 0.1421 0.6489
vn 0.7313 0.1702 0.6605
vn 0.4951 0.1913 0.8475
vn 0.6218 0.0202 0.7829
vn 0.0749 0.0085 0.9972
vn -0.0921 0.0155 0.9956
vn -0.0817 0.0156 0.9965
vn -0.5329 0.0904 0.8413
vn -0.7454 0.0244 0.6661
vn -0.6908 0.2592 0.6750
vn 0.6370 0.0757 0.7671
vn 0.8069 0.0745 0.5860
vn 0.4161 0.0371 0.9086
vn -0.6196 0.1908 0.7613
vn -0.5255 0.0322 0.8502
vn -0.5825 0.0125 0.8127
vn -0.5645 0.0188 0.8252
vn -0.5154 0.0355 0.8562
vn -0.0666 0.0162 0.9977
vn -0.3212 0.0779 0.9438
vn -0.7467 0.0768 0.6607
vn -0.7987 0.1876 0.5718
vn 0.0611 0.0135 0.9980
vn 0.0615 0.0121 0.9980
vn 0.3237 0.0844 0.9424
vn 0.6553 0.0610 0.7529
vn 0.6198 0.3337 0.7103
vn 0.2293 0.6631 0.7126
vn -0.7444 0.0206 0.6674
vn -0.5267 0.0894 0.8454
vn -0.5259 0.1062 0.8439
vn -0.5258 0.1083 0.8437
vn -0.0542 0.0094 0.9985
vn -0.5564 0.2674 0.7867
vn 0.9013 0.0780 0.4261
vn 0.7168 0.1538 0.6801
vn 0.7849 0.4372 0.4391
vn 0.8197 0.1250 0.5591
vn 0.8195 0.1261 0.5590
vn 0.8162 0.1269 0.5636
vn 0.6212 0.0579 0.7815
vn 0.3749 0.0504 0.9257
vn 0.3887 0.0648 0.9191
vn 0.3857 0.0588 0.9207
vn -0.5248 0.1263 0.8418
vn -0.7045 0.0913 0.7038
vn -0.6904 0.0574 0.7211
vn -0.6783 0.0428 0.7335
vn -0.5335 0.1306 0.8357
vn -0.5354 0.1223 0.8357
vn -0.5213 0.1280 0.8437
vn -0.5470 0.1203 0.8284
vn -0.5630 0.1219 0.8174
vn 0.4186 0.1118 0.9013
vn 0.8413 0.1177 0.5277
vn 0.7060 0.2407 0.6661
vn 0.6974 0.2262 0.6801
vn 0.6991 0.2288 0.6774
vn 0.0666 0.0238 0.9975
vn -0.7007 0.1234 0.7027
vn -0.3950 0.0642 0.9164
vn -0.0382 0.0067 0.9992
vn -0.0369 0.0051 0.9993
vn 0.7008 0.2428 0.6708
vn 0.4772 0.1202 0.8705
vn 0.4255 0.1462 0.8931
vn 0.4667 0.1226 0.8759
vn 0.2743 0.0477 0.9605
vn 0.0373 0.0117 0.9992
vn 0.7797 0.1387 0.6106
vn 0.7856 0.1541 0.5993
vn -0.6932 0.1333 0.7083
vn -0.5289 0.1530 0.8348
vn -0.3465 0.1882 0.9190
vn -0.3226 0.1443 0.9355
vn -0.3396 0.1754 0.9241
vn -0.7008 0.2178 0.6793
vn -0.6790 0.2318 0.6966
vn -0.7006 0.2171 0.6798
vn 0.4418 0.1956 0.8755
vn 0.6856 0.2836 0.6704
vn 0.6611 0.2233 0.7163
vn 0.3235 0.0720 0.9435
vn 0.7872 0.1917 0.5861
vn -0.6278 0.0817 0.7741
vn -0.4448 0.2063 0.8715
vn -0.3133 0.1276 0.9410
vn -0.6371 0.2590 0.7260
vn -0.5984 0.3312 0.7296
vn 0.4509 0.2129 0.8668
vn 0.6789 0.3057 0.6676
vn 0.0257 0.0092 0.9996
vn 0.0242 0.0151 0.9996
vn 0.7914 0.2017 0.5771
vn 0.3281 0.0750 0.9417
vn -0.7021 0.1709 0.6913
vn -0.7279 0.1583 0.6671
vn -0.7243 0.1592 0.6709
vn -0.2889 0.0693 0.9548
vn -0.2939 0.0737 0.9530
vn -0.2948 0.0743 0.9527
vn -0.0361 0.0088 0.9993
vn -0.0316 0.0108 0.9994
vn -0.6099 0.2972 0.7346
vn 0.2464 0.1265 0.9609
vn 0.2783 0.1149 0.9536
vn 0.2901 0.1121 0.9504
vn 0.2519 0.1468 0.9566
vn 0.6536 0.3470 0.6727
vn 0.6397 0.3629 0.6776
vn -0.7068 0.1884 0.6819
vn -0.2899 0.0677 0.9547
vn -0.0242 0.0099 0.9997
vn -0.0182 0.0121 0.9998
vn -0.5492 0.3752 0.7467
vn -0.5446 0.4064 0.7337
vn 0.2864 0.2230 0.9318
vn 0.3014 0.2160 0.9287
vn 0.5944 0.4254 0.6825
vn 0.6103 0.4300 0.6652
vn 0.7442 0.1997 0.6374
vn 0.7494 0.2018 0.6306
vn 0.2889 0.0757 0.9544
vn -0.7026 0.2030 0.6820
vn -0.7174 0.2339 0.6562
vn -0.1503 0.0437 0.9877
vn -0.2906 0.0673 0.9545
vn -0.4756 0.1388 0.8686
vn -0.4617 0.1638 0.8718
vn -0.4593 0.1681 0.8722
vn -0.0088 0.0189 0.9998
vn -0.5470 0.4214 0.7233
vn -0.3753 0.6049 0.7023
vn -0.3242 0.6246 0.7104
vn -0.3482 0.5989 0.7211
vn -0.4117 0.4508 0.7920
vn 0.5426 0.3987 0.7393
vn 0.5512 0.4215 0.7201
vn 0.2503 0.2653 0.9311
vn 0.0160 0.0019 0.9999
vn 0.0129 0.0054 0.9999
vn 0.3517 0.1133 0.9292
vn 0.7745 0.2388 0.5857
vn -0.0427 0.0811 0.9958
vn 0.0020 0.0254 0.9997
vn -0.3171 0.5352 0.7829
vn -0.2796 0.6382 0.7173
vn -0.3113 0.5286 0.7897
vn 0.0014 0.6484 0.7613
vn -0.0093 0.6362 0.7715
vn -0.0281 0.6139 0.7889
vn 0.2787 0.6023 0.7481
vn 0.3182 0.5723 0.7558
vn 0.3559 0.5606 0.7477
vn 0.2755 0.6007 0.7506
vn 0.0162 0.6651 0.7466
vn 0.0190 0.0364 0.9992
vn 0.0366 0.0767 0.9964
vn 0.4617 0.5290 0.7120
vn 0.4293 0.5281 0.7327
vn 0.3441 0.4051 0.8470
vn 0.3545 0.1179 0.9276
vn -0.6953 0.2518 0.6732
vn -0.4451 0.1928 0.8745
vn -0.2698 0.1015 0.9575
vn -0.2758 0.0910 0.9569
vn -0.2760 0.0780 0.9580
vn 0.7774 0.2603 0.5726
vn 0.7982 0.3069 0.5184
vn 0.3656 0.1287 0.9218
vn 0.3827 0.1617 0.9096
vn -0.6972 0.2725 0.6631
vn -0.2328 0.1115 0.9661
vn 0.8033 0.3193 0.5028
vn -0.6994 0.2838 0.6560
vn -0.5390 0.2672 0.7988
vn -0.4996 0.2813 0.8193
vn -0.5553 0.2613 0.7895
vn -0.2261 0.1111 0.9677
vn 0.0090 0.0228 0.9997
vn 0.0481 0.0216 0.9986
vn 0.0124 0.0100 0.9999
vn 0.7026 0.3329 0.6289
vn 0.7213 0.3736 0.5833
vn 0.6984 0.3238 0.6383
vn 0.3130 0.1561 0.9368
vn -0.4841 0.3150 0.8163
vn 0.7209 0.3781 0.5808
vn 0.7202 0.3774 0.5821
vn 0.3184 0.1925 0.9282
vn -0.4879 0.3045 0.8181
vn -0.0337 0.0252 0.9991
vn 0.6782 0.5074 0.5317
vn 0.3062 0.2045 0.9298
vn 0.0366 0.0501 0.9981
vn 0.2880 0.2152 0.9331
vn -0.5709 0.4585 0.6811
vn -0.4789 0.3327 0.8124
vn -0.5257 0.5775 0.6247
vn -0.4906 0.5696 0.6594
vn -0.5369 0.5797 0.6129
vn -0.1389 0.1825 0.9734
vn -0.1251 0.1470 0.9812
vn -0.1210 0.1365 0.9832
vn -0.1531 0.2193 0.9636
vn 0.0578 0.1027 0.9930
vn 0.4173 0.4014 0.8153
vn 0.4190 0.4135 0.8083
vn 0.4262 0.4705 0.7726
vn 0.4279 0.3920 0.8144
vn -0.4725 0.5652 0.6763
vn -0.3248 0.6973 0.6389
vn -0.2455 0.6300 0.7368
vn -0.1513 0.3750 0.9146
vn 0.0060 0.7610 0.6487
vn 0.0639 0.3561 0.9323
vn 0.1231 0.5530 0.8241
vn 0.2543 0.6622 0.7049
vn 0.4335 0.4926 0.7546
vn -0.3684 -0.1630 0.9153
vn -0.0046 -0.2020 0.9794
vn -0.0048 -0.2011 0.9796
vn -0.0067 -0.1980 0.9802
vn -0.0028 -0.3684 0.9296
vn -0.0044 -0.2061 0.9785
vn 0.0035 -0.2231 0.9748
vn -0.0013 -0.2374 0.9714
vn -0.0038 -0.2523 0.9676
vn 0.0081 -0.2358 0.9718
vn -0.0043 -0.3178 0.9481
vn -0.0019 -0.3107 0.9505
vn -0.0033 -0.1867 0.9824
vn -0.0016 -0.1807 0.9835
vn 0.0005 -0.3212 0.9470
vn -0.0018 -0.3762 0.9265
vn -0.0009 -0.1954 0.9807
vn 0.0007 -0.2343 0.9722
vn 0.0017 -0.2085 0.9780
vn 0.0032 -0.2041 0.9789
vn 0.0001 -0.2018 0.9794
vn 0.0239 -0.1826 0.9829
vn 0.0131 -0.5015 0.8650
vn 0.0532 -0.2257 0.9727
vn 0.0290 -0.3227 0.9461
vn -0.0014 -0.4080 0.9130
vn -0.0055 -0.4192 0.9079
vn 0.0708 -0.2564 0.9640
vn 0.4426 -0.1482 0.8844
vn -0.5266 -0.7496 0.4010
vn -0.3845 -0.8155 0.4326
vn -0.3456 -0.9156 0.2054
vn -0.0906 -0.8899 0.4470
vn -0.2690 -0.8967 0.3516
vn -0.2801 -0.8777 0.3888
vn -0.3162 -0.8415 0.4381
vn -0.1576 -0.5419 0.8256
vn -0.2138 -0.6289 0.7476
vn -0.1748 -0.6507 0.7389
vn -0.1816 -0.6470 0.7405
vn -0.1467 -0.6656 0.7318
vn -0.0025 -0.8321 0.5547
vn -0.0012 -0.8312 0.5559
vn -0.0023 -0.8324 0.5542
vn 0.0045 -0.6171 0.7868
vn 0.0029 -0.6136 0.7896
vn -0.0002 -0.6005 0.7996
vn -0.0023 -0.8307 0.5567
vn 0.0134 -0.5760 0.8174
vn 0.0013 -0.6418 0.7669
vn 0.0029 -0.6558 0.7549
vn 0.0004 -0.8291 0.5591
vn -0.0002 -0.8296 0.5584
vn -0.0030 -0.6722 0.7404
vn -0.0004 -0.6868 0.7269
vn 0.0001 -0.8292 0.5589
vn -0.0005 -0.6882 0.7255
vn -0.0002 -0.8289 0.5594
vn -0.0006 -0.3800 0.9250
vn 0.0017 -0.6741 0.7386
vn -0.0008 -0.8302 0.5574
vn 0.0071 -0.3811 0.9245
vn -0.0015 -0.5947 0.8039
vn -0.0060 -0.6012 0.7990
vn -0.0003 -0.8144 0.5803
vn 0.0027 -0.5934 0.8049
vn 0.0012 -0.5942 0.8044
vn 0.0001 -0.8294 0.5586
vn 0.0059 -0.5928 0.8053
vn 0.0038 -0.8259 0.5638
vn 0.0007 -0.8116 0.5842
vn 0.0105 -0.5915 0.8063
vn 0.0041 -0.8237 0.5670
vn 0.0179 -0.5892 0.8078
vn -0.0099 -0.6881 0.7256
vn 0.0102 -0.6895 0.7242
vn 0.0016 -0.7691 0.6392
vn -0.0040 -0.7981 0.6026
vn 0.1684 -0.4243 0.8897
vn 0.0333 -0.3103 0.9501
vn 0.0022 -0.7416 0.6708
vn 0.1609 -0.6770 0.7181
vn 0.5399 -0.7420 0.3974
vn 0.3846 -0.8155 0.4326
vn 0.3193 -0.9269 0.1972
vn 0.0752 -0.8735 0.4809
vn 0.0900 -0.8764 0.4731
vn 0.1266 -0.8824 0.4531
vn 0.1534 -0.8859 0.4379
vn 0.5534 -0.8193 0.1498
vn -0.5731 -0.8187 0.0360
vn -0.7534 -0.6310 0.1849
vn -0.7534 -0.6327 0.1788
vn -0.7533 -0.6365 0.1656
vn -0.7533 -0.6262 0.2011
vn -0.9741 -0.0464 0.2212
vn -0.9737 -0.0334 0.2253
vn -0.9769 -0.0708 0.2015
vn 0.9419 -0.3174 0.1095
vn 0.5796 -0.7989 0.1607
vn 0.5828 -0.7941 0.1724
vn 0.8100 -0.5313 0.2482
vn 1.0000 0.0004 0.0053
vn -0.9979 0.0211 0.0611
vn -0.9949 0.0413 0.0921
vn -0.8673 0.4935 0.0655
vn -0.5827 -0.4046 0.7048
vn -0.4727 -0.3157 0.8227
vn -0.0038 -0.6220 0.7830
vn -0.0293 -0.2954 0.9549
vn -0.0129 -0.3750 0.9269
vn -0.0310 -0.2866 0.9575
vn -0.0113 -0.3830 0.9237
vn -0.3987 -0.7773 0.4867
vn -0.3698 -0.3559 0.8583
vn -0.3347 -0.3860 0.8596
vn -0.3222 -0.3964 0.8597
vn -0.2780 -0.4318 0.8580
vn -0.2599 -0.9503 0.1714
vn -0.5706 -0.6233 0.5348
vn -0.5502 -0.4551 0.7001
vn -0.3730 -0.9216 0.1073
vn -0.5945 -0.7404 0.3138
vn -0.8963 -0.3145 0.3125
vn -0.8968 -0.3017 0.3235
vn -0.8971 -0.2895 0.3338
vn 0.0067 -0.9990 0.0449
vn -0.0009 -0.9990 0.0438
vn -0.0017 -0.9991 0.0414
vn 0.0170 -0.9976 0.0667
vn 0.1051 -0.9823 0.1550
vn 0.5457 -0.6606 0.5156
vn 0.0509 -0.9943 0.0936
vn 0.3301 -0.9316 0.1520
vn 0.5516 -0.7939 0.2557
vn 0.5740 -0.7799 0.2495
vn 0.5890 -0.7701 0.2451
vn 0.5389 -0.8015 0.2592
vn 0.9001 -0.2856 0.3290
vn 0.8997 -0.3033 0.3140
vn 0.8987 -0.3212 0.2986
vn 0.3101 -0.8080 0.5010
vn 0.4216 -0.2631 0.8678
vn 0.2411 -0.3698 0.8973
vn 0.6649 -0.4359 0.6066
vn -0.0028 -0.6537 0.7568
vn 0.0107 -0.2940 0.9557
vn 0.0142 -0.2810 0.9596
vn 0.0147 -0.2792 0.9601
vn 0.0103 -0.2958 0.9552
vn 0.4136 -0.4320 0.8014
vn 0.6244 -0.3061 0.7186
vn 0.9587 -0.0110 0.2842
vn 0.9568 -0.0129 0.2905
vn 0.9503 -0.0190 0.3106
vn 0.0185 -0.0017 0.9998
vn 0.0329 0.0096 0.9994
vn 0.0190 -0.0098 0.9998
vn 0.0205 -0.0112 0.9997
vn -0.4647 -0.0063 0.8855
vn -0.3814 0.0007 0.9244
vn -0.4738 0.0085 0.8806
vn -0.3182 0.0038 0.9480
vn -0.0093 -0.0044 0.9999
vn -0.0141 -0.0018 0.9999
vn -0.0115 -0.0032 0.9999
vn -0.3247 0.0024 0.9458
vn 0.2403 0.0052 0.9707
vn 0.4623 -0.0120 0.8866
vn 0.6827 0.0013 0.7307
vn 0.9489 -0.0203 0.3148
vn 0.8185 0.0698 0.5703
vn -0.3367 0.0061 0.9416
vn -0.4672 0.0069 0.8841
vn -0.7874 0.0012 0.6165
vn -0.7432 0.0047 0.6691
vn -0.7898 0.0010 0.6134
vn -0.7419 0.0048 0.6705
vn -0.9417 -0.0046 0.3363
vn -0.9502 -0.0005 0.3118
vn -0.9512 -0.0000 0.3086
vn 0.0976 0.0242 0.9949
vn 0.6512 -0.0047 0.7589
vn 0.2123 0.0006 0.9772
vn 0.5297 0.0084 0.8481
vn -0.0162 -0.0006 0.9999
vn 0.9663 0.0013 0.2574
vn 0.1247 0.0161 0.9921
vn 0.6031 0.0776 0.7939
vn 0.0143 0.0058 0.9999
vn -0.5797 0.3620 0.7300
vn -0.4175 0.2531 0.8727
vn -0.0074 0.4901 0.8716
vn -0.4472 0.5397 0.7133
vn -0.8227 0.4837 0.2986
vn -0.8286 0.4869 0.2763
vn -0.8248 0.4848 0.2909
vn 0.5368 0.5830 0.6098
vn 0.5259 0.5792 0.6228
vn 0.5400 0.5841 0.6059
vn 0.8504 0.4707 0.2352
vn 0.8509 0.4708 0.2331
vn 0.8502 0.4706 0.2361
vn 0.7736 0.5172 0.3661
vn 0.7180 0.5588 0.4149
vn 0.7645 0.5246 0.3746
vn 0.7156 -0.0603 0.6959
vn 0.0116 0.4533 0.8913
vn 0.1309 0.0407 0.9906
vn 0.3896 0.5477 0.7404
vn -0.6136 0.5658 0.5508
vn -0.8306 0.4879 0.2683
vn -0.6373 -0.2274 0.7363
vn 0.5220 0.5778 0.6274
vn 0.8511 0.4708 0.2323
vn 0.6980 0.5720 0.4308
vn -0.9490 0.0026 0.3154
vn -0.9508 -0.0005 0.3099
vn -0.9490 -0.0013 0.3154
vn 0.9733 0.0028 0.2294
vn 0.9662 0.0082 0.2575
vn 0.9652 0.0089 0.2614
vn 0.8471 0.0002 0.5314
vn 0.8477 0.0003 0.5305
vn 0.8630 0.0017 0.5053
vn -0.9602 0.0032 0.2792
vn -0.5379 0.0052 0.8430
vn 0.8635 0.0020 0.5043
vn 0.4556 0.0017 0.8902
vn 0.5080 -0.0026 0.8614
vn 0.4577 0.0016 0.8891
vn 0.9724 0.0015 0.2331
vn -0.9486 0.0273 0.3152
vn -0.3975 -0.0039 0.9176
vn 0.9041 -0.0011 0.4273
vn 0.9652 0.0043 0.2613
vn -0.7261 0.0021 0.6876
vn -0.7086 0.0614 0.7029
vn -0.7267 0.0020 0.6869
vn -0.7091 0.0628 0.7023
vn 0.9608 0.0038 0.2773
vn 0.9658 0.0363 0.2566
vn 0.5092 -0.0027 0.8607
vn -0.9486 0.0316 0.3148
vn 0.8632 0.0017 0.5048
vn 0.7185 0.0136 0.6954
vn -0.7242 0.1467 0.6738
vn -0.7232 0.1658 0.6705
vn -0.5669 0.1676 0.8066
vn 0.6442 0.1760 0.7443
vn 0.6533 0.1824 0.7348
vn 0.6402 0.1732 0.7485
vn -0.4383 0.2585 0.8608
vn 0.1580 0.2220 0.9622
vn 0.1906 0.1911 0.9629
vn 0.1379 0.2550 0.9571
vn 0.6069 0.2285 0.7612
vn 0.6681 0.1867 0.7203
vn 0.6188 0.2229 0.7533
vn -0.1264 0.2940 0.9474
vn -0.1262 0.2940 0.9475
vn -0.7152 0.2010 0.6694
vn -0.6855 0.2316 0.6903
vn -0.6750 0.1706 0.7178
vn 0.1479 0.2948 0.9440
vn 0.4396 0.2758 0.8548
vn 0.6564 0.1846 0.7315
vn -0.6585 0.2297 0.7166
vn 0.5494 0.2543 0.7959
vn 0.6777 0.1734 0.7146
vn 0.6712 0.1898 0.7166
vn 0.7663 0.2395 0.5962
vn -0.6889 0.2092 0.6940
vn -0.6931 0.2066 0.6906
vn 0.8216 0.1747 0.5427
vn 0.8399 0.1718 0.5148
vn 0.8189 0.1751 0.5465
vn 0.8412 0.1716 0.5128
vn 0.9683 0.0781 0.2372
vn 0.9775 0.0351 0.2080
vn 0.9725 0.0683 0.2226
vn 0.9704 0.0647 0.2327
vn -0.9560 0.0382 0.2910
vn -0.9493 0.0918 0.3007
vn -0.9551 0.0514 0.2917
vn -0.9495 0.0934 0.2996
vn -0.7243 0.2103 0.6566
vn -0.7507 0.1980 0.6303
vn -0.7546 0.1976 0.6257
vn -0.7121 0.2051 0.6715
vn 0.0013 0.0737 0.9973
vn -0.0007 0.1538 0.9881
vn -0.0014 0.1271 0.9919
vn 0.9722 0.0069 0.2341
vn 0.3972 0.2184 0.8913
vn 0.3785 0.1509 0.9132
vn 0.3984 0.2494 0.8827
vn -0.4298 0.1093 0.8963
vn -0.0013 0.1546 0.9880
vn -0.0031 0.2179 0.9760
vn 0.0049 0.0459 0.9989
vn -0.0001 0.1034 0.9946
vn 0.0001 0.2612 0.9653
vn 0.8300 0.1511 0.5369
vn 0.7624 0.0875 0.6412
vn 0.7669 0.0886 0.6357
vn 0.8186 0.1231 0.5610
vn 0.3581 0.1379 0.9235
vn -0.9665 -0.0043 0.2567
vn -0.9697 -0.0005 0.2444
vn -0.2952 0.0004 0.9554
vn -0.3199 0.0034 0.9475
vn -0.3247 0.0039 0.9458
vn -0.0012 0.0023 1.0000
vn -0.0056 0.0022 1.0000
vn 0.9728 -0.0004 0.2318
vn -0.2957 -0.0001 0.9553
vn 0.4006 -0.0062 0.9162
vn 0.9732 -0.0000 0.2300
vn -0.8335 0.0028 0.5526
vn -0.8356 0.0040 0.5493
vn -0.8098 -0.0084 0.5867
vn -0.7274 -0.0022 0.6862
vn 0.1676 -0.0023 0.9859
vn 0.2347 0.0041 0.9721
vn 0.2330 0.0039 0.9725
vn 0.8395 -0.0018 0.5433
vn 0.5719 0.0044 0.8203
vn 0.9157 -0.0002 0.4018
vn -0.9662 -0.0022 0.2577
vn -0.7810 -0.0019 0.6246
vn -0.2736 -0.0037 0.9618
vn -0.0014 -0.0002 1.0000
vn 0.6741 -0.0016 0.7386
vn 0.6761 -0.0009 0.7368
vn 0.6737 -0.0016 0.7390
vn -0.9657 0.0008 0.2595
vn 0.0021 -0.0000 1.0000
vn 0.1659 -0.0024 0.9861
vn 0.3694 0.0013 0.9293
vn 0.3638 0.0003 0.9315
vn 0.3697 0.0014 0.9291
vn -0.7789 -0.0013 0.6271
vn -0.9546 -0.0035 0.2978
vn -0.0929 -0.0012 0.9957
vn -0.2036 -0.0004 0.9790
vn -0.4910 0.0029 0.8711
vn -0.5028 0.0017 0.8644
vn -0.4907 0.0029 0.8713
vn 0.9648 -0.0007 0.2628
vn -0.9599 0.0004 0.2804
vn -0.9615 0.0055 0.2749
vn -0.9688 0.0014 0.2477
vn -0.8610 -0.0005 0.5086
vn -0.8744 0.0029 0.4853
vn -0.8749 0.0030 0.4843
vn 0.9595 -0.0005 0.2818
vn -0.8653 -0.0026 0.5013
vn -0.9699 0.0011 0.2435
vn -0.0677 0.0004 0.9977
vn 0.0037 0.0004 1.0000
vn 0.6915 -0.0000 0.7224
vn 0.3590 0.0003 0.9333
vn 0.3585 -0.0001 0.9335
vn -0.1182 -0.0001 0.9930
vn -0.4939 0.0007 0.8695
vn 0.9490 -0.0003 0.3153
vn 0.9636 0.0449 0.2636
vn 0.6836 0.0553 0.7277
vn -0.9677 0.0024 0.2521
vn -0.9590 -0.0030 0.2833
vn 0.0257 0.0001 0.9997
vn -0.8029 0.0009 0.5961
vn -0.9692 -0.0007 0.2464
vn 0.0519 0.0006 0.9987
vn 0.3457 0.0401 0.9375
vn 0.0360 0.0001 0.9994
vn 0.6765 0.0491 0.7348
vn -0.9686 0.0165 0.2482
vn 0.3541 0.0394 0.9344
vn -0.9621 0.0262 0.2714
vn -0.8169 0.0018 0.5768
vn -0.8216 0.0021 0.5701
vn -0.1001 0.0019 0.9950
vn -0.5321 0.0041 0.8467
vn -0.5327 0.0068 0.8463
vn -0.9508 0.0167 0.3093
vn -0.4526 0.0340 0.8911
vn -0.4516 0.0251 0.8919
vn -0.0586 0.0018 0.9983
vn 0.9470 0.0667 0.3142
vn 0.9404 0.0740 0.3320
vn 0.7303 0.1255 0.6714
vn 0.7396 0.1298 0.6604
vn 0.4105 0.0492 0.9105
vn 0.3912 0.0178 0.9201
vn -0.9495 0.0073 0.3137
vn -0.9499 0.0070 0.3125
vn 0.9530 0.0293 0.3014
vn -0.9656 0.0901 0.2440
vn -0.9457 0.1585 0.2836
vn -0.9685 0.0937 0.2306
vn -0.4548 0.0383 0.8898
vn 0.9454 0.0070 0.3259
vn 0.9358 -0.0032 0.3525
vn 0.7344 0.0094 0.6786
vn 0.7696 0.0054 0.6385
vn 0.7722 0.0051 0.6353
vn 0.3561 0.0075 0.9344
vn 0.3541 0.0078 0.9352
vn -0.9695 0.0418 0.2416
vn -0.9361 0.1755 0.3047
vn -0.8061 0.1889 0.5608
vn -0.7980 0.0346 0.6016
vn -0.8295 0.0685 0.5542
vn -0.7942 0.0357 0.6066
vn -0.3920 0.0482 0.9187
vn -0.0036 0.0007 1.0000
vn 0.7321 0.0096 0.6812
vn -0.8320 0.0713 0.5502
vn -0.3717 0.0255 0.9280
vn 0.9593 0.0970 0.2650
vn 0.9352 0.1642 0.3137
vn 0.9465 0.1354 0.2930
vn -0.9685 0.0402 0.2458
vn -0.8295 0.1200 0.5455
vn -0.4076 0.0563 0.9114
vn 0.0697 0.0076 0.9975
vn 0.0820 0.0082 0.9966
vn 0.9228 0.1924 0.3338
vn 0.9227 0.1925 0.3339
vn 0.7822 0.1728 0.5985
vn 0.4587 0.2472 0.8535
vn -0.9498 0.1344 0.2825
vn -0.9585 0.1134 0.2614
vn -0.9422 0.1611 0.2938
vn -0.9409 0.1537 0.3017
vn -0.6827 0.1557 0.7139
vn -0.6541 0.0334 0.7557
vn -0.4715 0.0966 0.8766
vn -0.0043 0.0003 1.0000
vn 0.4344 0.0506 0.8993
vn 0.4498 0.0856 0.8890
vn 0.4601 0.1099 0.8811
vn 0.9525 0.0584 0.2987
vn 0.7031 -0.0052 0.7110
vn -0.9467 0.1443 0.2881
vn -0.9474 0.1528 0.2813
vn -0.8095 0.0962 0.5793
vn -0.8083 0.1023 0.5798
vn -0.8082 0.1029 0.5798
vn -0.3981 0.0602 0.9154
vn 0.0014 0.0024 1.0000
vn 0.4780 0.1542 0.8647
vn 0.9308 0.1735 0.3218
vn 0.9089 0.1969 0.3676
vn -0.9488 0.1669 0.2684
vn -0.8070 0.1090 0.5804
vn 0.6791 0.1210 0.7240
vn 0.6765 0.1147 0.7274
vn 0.6801 0.1264 0.7222
vn 0.6754 0.1130 0.7288
vn 0.5677 0.0611 0.8210
vn 0.2665 0.0476 0.9627
vn 0.2608 0.0494 0.9641
vn 0.2625 0.0514 0.9636
vn 0.9609 0.1381 0.2400
vn 0.9597 0.0678 0.2728
vn 0.9627 0.1150 0.2449
vn -0.9433 0.1628 0.2893
vn -0.9380 0.1590 0.3080
vn -0.9437 0.1948 0.2674
vn -0.9452 0.1952 0.2617
vn -0.5135 0.0859 0.8538
vn -0.5227 0.0803 0.8487
vn 0.1666 0.0392 0.9853
vn 0.2563 0.0837 0.9630
vn 0.9549 0.1728 0.2416
vn 0.9473 0.1800 0.2650
vn -0.6404 0.1503 0.7532
vn -0.6373 0.1165 0.7618
vn -0.6389 0.1330 0.7577
vn -0.1056 0.0209 0.9942
vn -0.0255 0.0105 0.9996
vn -0.0144 0.0039 0.9999
vn 0.0247 0.0041 0.9997
vn 0.9441 0.1834 0.2741
vn 0.9396 0.2162 0.2655
vn 0.7020 0.1470 0.6968
vn 0.7009 0.1547 0.6963
vn 0.4359 0.0957 0.8949
vn 0.4490 0.1119 0.8865
vn 0.4773 0.1477 0.8662
vn -0.9421 0.2143 0.2577
vn -0.9420 0.2269 0.2472
vn -0.7964 0.2027 0.5697
vn -0.7830 0.2165 0.5832
vn -0.8026 0.1962 0.5633
vn -0.6353 0.0988 0.7659
vn 0.9355 0.2309 0.2674
vn 0.9310 0.2421 0.2733
vn -0.9424 0.2326 0.2403
vn -0.2592 0.0817 0.9624
vn -0.2493 0.0857 0.9646
vn -0.2586 0.0780 0.9628
vn -0.4211 0.1073 0.9006
vn -0.0051 0.0081 1.0000
vn 0.6124 0.1218 0.7811
vn 0.3092 0.0902 0.9467
vn 0.9160 0.2860 0.2813
vn 0.4879 0.1613 0.8579
vn 0.6982 0.1577 0.6984
vn -0.9041 0.3388 0.2605
vn -0.9062 0.3032 0.2946
vn -0.9248 0.3023 0.2309
vn -0.8894 0.3088 0.3371
vn -0.7765 0.2230 0.5894
vn -0.6670 0.2239 0.7106
vn -0.6662 0.2111 0.7153
vn -0.6660 0.2111 0.7154
vn -0.6658 0.2410 0.7062
vn -0.3276 0.1039 0.9391
vn -0.3734 0.1514 0.9153
vn 0.9110 0.3097 0.2724
vn 0.7556 0.2528 0.6042
vn 0.7597 0.2502 0.6002
vn 0.7439 0.2591 0.6160
vn 0.3630 0.1318 0.9224
vn 0.8925 0.3758 0.2496
vn 0.7210 0.2674 0.6392
vn 0.3685 0.1396 0.9191
vn -0.8985 0.3799 0.2200
vn -0.6090 0.2484 0.7533
vn -0.6035 0.2479 0.7579
vn -0.3485 0.1721 0.9214
vn -0.0944 0.0336 0.9950
vn 0.3675 0.1400 0.9194
vn 0.9058 0.3499 0.2389
vn 0.7200 0.2754 0.6369
vn -0.8972 0.3938 0.2000
vn -0.8336 0.4722 0.2867
vn -0.6667 0.3843 0.6386
vn -0.6081 0.3759 0.6992
vn -0.6751 0.3854 0.6291
vn -0.3380 0.1859 0.9226
vn -0.0126 0.0125 0.9998
vn 0.0210 0.0205 0.9996
vn 0.0002 0.0067 1.0000
vn 0.8513 0.4658 0.2416
vn 0.8537 0.4605 0.2431
vn 0.6295 0.3258 0.7054
vn 0.6093 0.3458 0.7136
vn 0.2510 0.1229 0.9602
vn 0.2775 0.1676 0.9460
vn 0.2455 0.1139 0.9627
vn -0.8153 0.5558 0.1624
vn -0.5976 0.3742 0.7092
vn -0.2595 0.1829 0.9483
vn -0.2489 0.1801 0.9516
vn -0.0886 0.0804 0.9928
vn 0.2848 0.1801 0.9415
vn 0.0824 0.0837 0.9931
vn 0.8232 0.5025 0.2643
vn 0.8227 0.4966 0.2767
vn 0.5477 0.3792 0.7458
vn 0.5398 0.3775 0.7524
vn -0.6850 0.6865 0.2440
vn -0.6658 0.7153 0.2122
vn -0.6973 0.6658 0.2655
vn -0.7121 0.6381 0.2929
vn -0.5578 0.4949 0.6663
vn -0.4312 0.4695 0.7705
vn -0.3985 0.5047 0.7658
vn -0.4599 0.4577 0.7609
vn -0.5021 0.8085 0.3070
vn -0.3660 0.5421 0.7564
vn -0.3547 0.5731 0.7388
vn -0.0134 0.4246 0.9053
vn -0.0746 0.5738 0.8156
vn 0.3681 0.6807 0.6334
vn 0.2044 0.3503 0.9141
vn 0.7523 0.6290 0.1963
vn 0.5312 0.8035 0.2687
vn 0.5639 0.7762 0.2821
vn 0.6154 0.7377 0.2776
vn 0.6435 0.7026 0.3039
vn 0.5015 0.4980 0.7074
vn 0.3436 0.4905 0.8008
vn -0.3768 0.9038 0.2029
vn -0.1640 0.9462 0.2788
vn -0.0353 0.7358 0.6763
vn 0.3642 0.9086 0.2044
vn -0.0244 0.9814 0.1903
vn 0.1454 0.9412 0.3051
vn 0.1033 0.8406 0.5317
vn 0.4757 0.8289 0.2944
vn -0.3167 -0.8272 0.4641
vn -0.3590 -0.7932 0.4918
vn -0.8439 -0.3359 0.4183
vn -0.8422 -0.3397 0.4188
vn -0.8425 -0.3389 0.4187
vn -0.8402 -0.3437 0.4193
vn -0.3839 -0.6507 0.6552
vn -0.5123 -0.4594 0.7256
vn -0.3753 -0.1782 0.9096
vn -0.0924 -0.0480 0.9946
vn -0.1106 -0.1109 0.9877
vn -0.0006 -0.7032 0.7110
vn -0.0045 -0.6873 0.7263
vn -0.0003 -0.7045 0.7097
vn -0.0121 -0.5681 0.8228
vn 0.0017 -0.3056 0.9522
vn -0.0025 -0.3327 0.9430
vn -0.0028 -0.3346 0.9423
vn -0.0045 -0.6865 0.7271
vn -0.0043 -0.6865 0.7271
vn -0.0028 -0.2886 0.9574
vn -0.0041 -0.2742 0.9617
vn 0.0025 -0.5719 0.8203
vn -0.0023 -0.5485 0.8361
vn 0.0028 -0.5733 0.8194
vn -0.0042 -0.2738 0.9618
vn 0.0018 -0.5045 0.8634
vn -0.0005 -0.4973 0.8676
vn 0.0062 -0.8172 0.5764
vn 0.0115 -0.5727 0.8197
vn 0.0102 -0.5651 0.8249
vn 0.3669 -0.7795 0.5077
vn 0.7263 -0.4804 0.4916
vn 0.3702 -0.6569 0.6568
vn 0.2679 -0.5571 0.7861
vn 0.2519 -0.1750 0.9518
vn -0.9562 -0.0054 0.2928
vn 0.9673 0.0004 0.2535
vn -0.9540 -0.0041 0.2999
vn -0.7846 0.0049 0.6199
vn -0.7620 0.0095 0.6475
vn -0.7893 0.0039 0.6140
vn -0.4916 -0.0105 0.8708
vn -0.2289 0.0093 0.9734
vn -0.5982 0.7346 0.3201
vn -0.7600 0.0099 0.6499
vn -0.7007 0.3953 0.5939
vn -0.1276 0.7072 0.6954
vn -0.1336 0.7568 0.6399
vn -0.1262 0.6961 0.7068
vn -0.1358 0.7753 0.6169
vn -0.8953 -0.3302 0.2989
vn -0.4923 -0.6964 0.5222
vn -0.5565 -0.4514 0.6975
vn -0.5596 -0.4557 0.6923
vn -0.5563 -0.4511 0.6979
vn -0.5537 -0.4475 0.7023
vn -0.1165 -0.8821 0.4564
vn 0.0096 -0.9524 0.3046
vn -0.0844 -0.8583 0.5061
vn -0.5190 -0.5914 0.6172
vn -0.5221 -0.5960 0.6100
vn -0.4977 -0.5604 0.6620
vn -0.1041 -0.4889 0.8661
vn -0.0943 -0.4723 0.8764
vn -0.1175 -0.5114 0.8513
vn -0.1305 -0.5329 0.8360
vn -0.5382 -0.6201 0.5708
vn -0.0873 -0.2105 0.9737
vn -0.7398 -0.1260 0.6609
vn -0.7159 -0.0746 0.6942
vn -0.7164 -0.0593 0.6952
vn -0.0052 -0.9990 0.0448
vn -0.5338 -0.8112 0.2387
vn -0.5357 -0.8092 0.2412
vn -0.5148 -0.8211 0.2464
vn -0.2426 -0.9192 0.3102
vn 0.0050 -0.9991 0.0415
vn 0.0005 -0.9917 0.1285
vn 0.0468 -0.8867 0.4599
vn 0.2408 -0.9254 0.2926
vn 0.1321 -0.7907 0.5978
vn 0.5101 -0.8319 0.2187
vn 0.5353 -0.8102 0.2388
vn 0.5141 -0.8195 0.2532
vn 0.1304 -0.4226 0.8969
vn 0.1407 -0.4102 0.9011
vn 0.1629 -0.3831 0.9092
vn 0.1113 -0.4451 0.8885
vn 0.5975 -0.5050 0.6229
vn 0.6029 -0.5005 0.6213
vn 0.5718 -0.5259 0.6296
vn 0.6225 -0.4835 0.6154
vn 0.6358 0.0297 0.7713
vn 0.6718 0.0084 0.7407
vn 0.6772 0.0295 0.7352
vn 0.8973 -0.3380 0.2839
vn 0.5189 -0.7298 0.4451
vn 0.6675 -0.4959 0.5554
vn 0.5641 -0.3556 0.7452
vn -0.7942 -0.0004 0.6077
vn -0.9407 -0.0051 0.3393
vn -0.6367 -0.0128 0.7710
vn -0.1404 -0.0131 0.9900
vn -0.1328 -0.0099 0.9911
vn -0.1139 0.0007 0.9935
vn -0.1231 0.0085 0.9924
vn 0.5828 0.0027 0.8126
vn 0.6949 -0.0113 0.7190
vn 0.4863 0.0041 0.8738
vn 0.1451 -0.0025 0.9894
vn 0.1318 -0.0003 0.9913
vn 0.1434 -0.0022 0.9897
vn -0.3545 -0.0004 0.9351
vn -0.4805 0.0004 0.8770
vn 0.9081 0.0067 0.4186
vn 0.9066 0.0060 0.4220
vn 0.8753 -0.0063 0.4835
vn 0.8725 -0.0073 0.4885
vn -0.1281 0.0105 0.9917
vn 0.5811 0.0026 0.8138
vn 0.7855 0.0015 0.6189
vn 0.7878 0.0018 0.6159
vn 0.1301 -0.0000 0.9915
vn -0.6896 0.5376 0.4852
vn -0.0771 0.4523 0.8885
vn -0.6595 0.5021 0.5594
vn -0.6461 0.5128 0.5653
vn -0.6424 0.5294 0.5542
vn 0.5049 0.5686 0.6494
vn 0.4309 0.5870 0.6854
vn 0.4961 0.5710 0.6540
vn 0.4197 0.5893 0.6903
vn 0.7104 0.4814 0.5134
vn 0.5124 0.5191 0.6841
vn 0.3466 0.5936 0.7263
vn 0.3490 0.5951 0.7239
vn 0.3574 0.6001 0.7157
vn 0.1115 0.5554 0.8241
vn 0.1123 0.5553 0.8241
vn 0.1098 0.5558 0.8241
vn -0.5102 0.5860 0.6295
vn -0.4563 0.6069 0.6507
vn -0.5241 0.5801 0.6235
vn -0.4378 0.6134 0.6573
vn -0.1406 0.2326 0.9624
vn -0.1179 0.5743 0.8101
vn -0.1020 0.5858 0.8040
vn -0.1176 0.5745 0.8100
vn -0.1300 0.5654 0.8145
vn -0.6696 0.5510 0.4980
vn -0.6866 0.5586 0.4653
vn 0.1089 0.5560 0.8241
vn 0.6598 0.5452 0.5171
vn 0.3616 0.6026 0.7114
vn 0.9687 0.0041 0.2482
vn 0.9679 0.0034 0.2515
vn 0.9630 0.0001 0.2696
vn 0.7501 0.0088 0.6613
vn -0.7991 0.0070 0.6011
vn -0.7852 0.0051 0.6192
vn -0.7846 0.0050 0.6200
vn -0.8004 0.0069 0.5994
vn -0.9557 -0.0028 0.2943
vn -0.9580 0.0009 0.2867
vn -0.9581 0.0009 0.2863
vn 0.5735 -0.0069 0.8191
vn 0.5792 -0.0060 0.8151
vn 0.6542 0.0033 0.7563
vn -0.0886 0.0024 0.9961
vn -0.0979 -0.0001 0.9952
vn -0.1356 0.0023 0.9908
vn -0.0983 -0.0003 0.9952
vn -0.5883 0.0007 0.8086
vn -0.5039 -0.0035 0.8638
vn -0.5023 -0.0036 0.8647
vn -0.9564 -0.0023 0.2919
vn 0.9611 0.0032 0.2763
vn 0.1169 0.0014 0.9931
vn 0.1181 0.0014 0.9930
vn 0.1641 0.0025 0.9864
vn -0.1103 0.0618 0.9920
vn -0.6271 0.0050 0.7789
vn 0.1165 0.0033 0.9932
vn 0.9707 -0.0006 0.2403
vn 0.7086 -0.0054 0.7056
vn 0.9737 0.0062 0.2278
vn 0.7200 0.0026 0.6940
vn 0.6829 -0.0163 0.7303
vn -0.6748 -0.0082 0.7380
vn -0.9490 0.0006 0.3154
vn 0.1248 0.0060 0.9922
vn -0.1131 0.0541 0.9921
vn 0.6540 -0.0318 0.7558
vn -0.6256 0.0060 0.7801
vn 0.7097 -0.0319 0.7038
vn 0.9662 0.0286 0.2563
vn 0.9663 0.0317 0.2556
vn 0.1223 0.0059 0.9925
vn -0.0961 0.1315 0.9866
vn -0.1053 0.1214 0.9870
vn -0.7012 0.1334 0.7004
vn -0.6910 0.1429 0.7086
vn -0.9479 0.0318 0.3171
vn -0.9494 0.0371 0.3118
vn -0.9540 0.0845 0.2878
vn -0.9546 0.0912 0.2836
vn 0.8364 0.1546 0.5259
vn 0.8393 0.1549 0.5211
vn 0.8614 0.1578 0.4827
vn 0.6568 0.1982 0.7275
vn 0.6560 0.1982 0.7282
vn 0.6440 0.1981 0.7390
vn -0.7689 0.1855 0.6119
vn -0.7681 0.1829 0.6136
vn -0.0010 0.2870 0.9579
vn -0.0003 0.3019 0.9533
vn -0.0036 0.2751 0.9614
vn 0.0014 0.2921 0.9564
vn 0.9717 0.0628 0.2275
vn 0.2789 0.2851 0.9170
vn 0.2736 0.2884 0.9176
vn 0.2695 0.2761 0.9226
vn -0.3725 0.2875 0.8824
vn -0.3625 0.2883 0.8863
vn -0.3383 0.2775 0.8992
vn -0.3366 0.2797 0.8991
vn -0.0013 0.3079 0.9514
vn 0.5201 0.2666 0.8114
vn -0.2969 0.2706 0.9158
vn -0.3082 0.2739 0.9111
vn -0.4949 -0.8288 0.2611
vn -0.8564 -0.4702 0.2133
vn -0.4679 -0.8370 0.2836
vn -0.9137 -0.2179 0.3430
vn -0.3936 -0.6394 0.6605
vn -0.8369 -0.2447 0.4896
vn -0.0126 -0.9686 0.2481
vn -0.0012 -0.9433 0.3320
vn -0.0116 -0.9668 0.2553
vn -0.0079 -0.6726 0.7400
vn -0.0090 -0.6788 0.7342
vn 0.0031 -0.5920 0.8060
vn 0.0048 -0.9545 0.2983
vn -0.0021 -0.7943 0.6075
vn -0.0076 -0.9128 0.4082
vn 0.0075 -0.6359 0.7718
vn 0.0013 -0.6462 0.7632
vn -0.0031 -0.9579 0.2871
vn -0.0073 -0.9591 0.2830
vn 0.0338 -0.9936 0.1075
vn 0.5577 -0.7877 0.2617
vn 0.5120 -0.8399 0.1802
vn 0.3616 -0.9112 0.1976
vn 0.4808 -0.6225 0.6176
vn 0.7590 -0.4626 0.4582
vn 0.8774 -0.4053 0.2567
vn 0.8520 -0.4440 0.2776
vn 0.8828 -0.3965 0.2519
vn 0.9109 -0.3461 0.2245
vn -0.7624 -0.0006 0.6471
vn -0.9576 -0.0066 0.2881
vn -0.9564 -0.0049 0.2920
vn -0.9518 0.0009 0.3067
vn 0.9699 -0.0024 0.2436
vn 0.9742 -0.0002 0.2257
vn 0.9695 -0.0026 0.2451
vn -0.7469 0.0093 0.6649
vn -0.7432 0.0105 0.6690
vn -0.9518 0.0015 0.3067
vn 0.9746 -0.0000 0.2241
vn 0.8359 -0.0059 0.5489
vn 0.8804 -0.0003 0.4742
vn 0.8781 -0.0006 0.4786
vn 0.8336 -0.0062 0.5523
vn -0.9519 0.0014 0.3064
vn -0.8639 0.4253 0.2699
vn -0.8630 0.4264 0.2709
vn -0.8618 0.4280 0.2723
vn -0.2226 0.5934 0.7735
vn -0.2720 0.6057 0.7478
vn -0.2836 0.6083 0.7413
vn -0.0102 0.5773 0.8165
vn -0.0151 0.5726 0.8197
vn -0.0059 0.5817 0.8134
vn 0.1957 0.5842 0.7877
vn 0.1952 0.5844 0.7876
vn 0.1950 0.5845 0.7876
vn 0.8655 0.4303 0.2565
vn 0.8682 0.4304 0.2470
vn 0.8645 0.4303 0.2599
vn 0.8021 0.4668 0.3724
vn -0.8607 0.4294 0.2735
vn -0.6878 0.5291 0.4970
vn -0.6820 0.5326 0.5013
vn -0.6533 0.5489 0.5215
vn -0.6480 0.5517 0.5251
vn -0.0024 0.5851 0.8110
vn -0.0017 0.5853 0.8108
vn 0.0010 0.5859 0.8104
vn 0.0042 0.5892 0.8080
vn 0.0053 0.5902 0.8072
vn 0.0013 0.0004 1.0000
vn 0.0389 -0.0319 0.9987
vn 0.0270 -0.0276 0.9993
vn 0.0054 0.5902 0.8073
vn 0.8690 0.4304 0.2442
vn 0.4994 0.6330 0.5915
vn 0.6179 0.5639 0.5480
vn 0.1959 0.5841 0.7877
vn -0.0004 0.0013 1.0000
vn 0.0023 0.0013 1.0000
vn -0.0006 0.0016 1.0000
vn 0.0030 0.0013 1.0000
vn 0.6200 -0.0018 0.7846
vn 0.6132 -0.0006 0.7899
vn 0.6126 -0.0005 0.7904
vn -0.0088 0.0047 1.0000
vn -0.3442 -0.0011 0.9389
vn -0.3861 0.0013 0.9224
vn -0.3870 0.0013 0.9221
vn -0.7775 0.0007 0.6289
vn -0.8128 -0.0028 0.5826
vn -0.7766 0.0007 0.6300
vn 0.6584 0.0009 0.7527
vn 0.2659 0.0049 0.9640
vn 0.2874 0.0030 0.9578
vn 0.2665 0.0049 0.9638
vn -0.8135 -0.0029 0.5816
vn -0.0015 0.0616 0.9981
vn 0.9302 0.0012 0.3670
vn -0.3435 -0.0011 0.9392
vn 0.6602 0.0010 0.7511
vn -0.5895 0.0041 0.8077
vn 0.0048 0.0900 0.9959
vn 0.2885 0.0029 0.9575
vn -0.0665 0.0141 0.9977
vn -0.1229 0.0193 0.9922
vn 0.0023 0.1342 0.9909
vn 0.0048 0.1370 0.9906
vn 0.0020 0.1891 0.9819
vn -0.7710 0.1750 0.6123
vn -0.6246 0.1791 0.7601
vn -0.0110 0.2695 0.9629
vn -0.0159 0.3459 0.9381
vn 0.0032 0.2286 0.9735
vn 0.6428 0.1981 0.7400
vn 0.4378 0.2303 0.8691
vn 0.2613 0.1491 0.9537
vn -0.3342 0.2726 0.9022
vn -0.1335 -0.5785 0.8047
vn -0.0389 -0.2421 0.9695
vn -0.0669 -0.2583 0.9637
vn -0.0914 -0.2779 0.9563
vn 0.0044 -0.2371 0.9715
vn -0.0053 -0.2934 0.9560
vn -0.0049 -0.5760 0.8174
vn -0.0012 -0.2836 0.9589
vn -0.0001 -0.2783 0.9605
vn 0.0004 -0.2225 0.9749
vn 0.0024 -0.2311 0.9729
vn 0.0142 -0.6592 0.7518
vn 0.0142 -0.2376 0.9713
vn 0.0150 -0.6622 0.7491
vn 0.3426 -0.5962 0.7261
vn -0.0052 -0.0697 0.9976
vn -0.0005 -0.0059 1.0000
vn -0.0046 -0.0188 0.9998
vn -0.0025 -0.0041 1.0000
vn 0.0095 -0.1141 0.9934
vn 0.0012 -0.0052 1.0000
vn 0.3186 -0.2151 0.9232
vn -0.3182 0.0024 0.9480
vn -0.2941 0.0068 0.9557
vn -0.3201 0.0021 0.9474
vn 0.0077 0.0011 1.0000
vn 0.4892 -0.0052 0.8721
vn 0.4696 -0.0089 0.8828
vn 0.4798 -0.0076 0.8773
vn -0.7295 0.0007 0.6840
vn -0.7301 0.0006 0.6833
vn -0.7367 -0.0000 0.6762
vn -0.2927 0.0071 0.9562
vn -0.4294 -0.0037 0.9031
vn -0.7370 -0.0000 0.6759
vn -0.0010 0.0044 1.0000
vn -0.0033 0.0062 1.0000
vn -0.0018 0.0074 1.0000
vn 0.0001 0.0305 0.9995
vn 0.5452 0.0002 0.8383
vn 0.5500 0.0006 0.8352
vn 0.0035 0.0059 1.0000
vn 0.0387 0.0145 0.9991
vn 0.0788 0.0188 0.9967
vn -0.2107 0.5902 0.7793
vn 0.4529 0.5255 0.7202
vt 0.058167 0.786573
vt 0.061802 0.797026
vt 0.055315 0.798317
vt 0.348851 0.674319
vt 0.351371 0.673922
vt 0.348797 0.677852
vt 0.351909 0.681571
vt 0.354290 0.677003
vt 0.348977 0.669833
vt 0.352063 0.665827
vt 0.168690 0.746879
vt 0.150613 0.794470
vt 0.166545 0.742934
vt 0.170640 0.749830
vt 0.332423 0.741708
vt 0.330157 0.745627
vt 0.330157 0.725769
vt 0.354119 0.695471
vt 0.005034 0.731310
vt 0.007242 0.730073
vt 0.007242 0.749820
vt 0.351233 0.694820
vt 0.348724 0.684798
vt 0.044136 0.794626
vt 0.059913 0.806856
vt 0.044557 0.826676
vt 0.034821 0.820577
vt 0.052079 0.820047
vt 0.059490 0.826264
vt 0.067678 0.818469
vt 0.067824 0.822943
vt 0.059561 0.815461
vt 0.876365 0.936104
vt 0.868522 0.927521
vt 0.875064 0.926424
vt 0.839783 0.623261
vt 0.841875 0.619580
vt 0.844855 0.632639
vt 0.348808 0.703547
vt 0.154192 0.796400
vt 0.174706 0.755494
vt 0.188149 0.769315
vt 0.876612 0.919862
vt 0.869486 0.910812
vt 0.877672 0.905024
vt 0.877741 0.890516
vt 0.869904 0.896635
vt 0.885263 0.894236
vt 0.348941 0.709881
vt 0.351647 0.711814
vt 0.356062 0.704941
vt 0.353375 0.715694
vt 0.193744 0.773356
vt 0.899423 0.889433
vt 0.881343 0.881975
vt 0.894070 0.874043
vt 0.894293 0.897892
vt 0.910118 0.882949
vt 0.677483 0.611592
vt 0.677483 0.656675
vt 0.676825 0.630067
vt 0.896336 0.864438
vt 0.913071 0.871156
vt 0.883002 0.871223
vt 0.875834 0.872740
vt 0.870005 0.887659
vt 0.869776 0.878264
vt 0.371042 0.675566
vt 0.373674 0.670820
vt 0.373650 0.675998
vt 0.371208 0.667732
vt 0.368340 0.674036
vt 0.734957 0.584321
vt 0.736237 0.605852
vt 0.736038 0.648663
vt 0.196887 0.634961
vt 0.154803 0.613393
vt 0.201428 0.632472
vt 0.192710 0.637717
vt 0.883707 0.862570
vt 0.895921 0.853372
vt 0.911163 0.853776
vt 0.910353 0.861754
vt 0.874479 0.865079
vt 0.878826 0.855961
vt 0.738027 0.643777
vt 0.233840 0.613633
vt 0.209661 0.628637
vt 0.370458 0.684740
vt 0.373459 0.685069
vt 0.373363 0.690975
vt 0.226973 0.612584
vt 0.215309 0.626691
vt 0.365468 0.703712
vt 0.367589 0.690334
vt 0.368258 0.705213
vt 0.370578 0.701604
vt 0.373132 0.698466
vt 0.373200 0.694737
vt 0.222764 0.624777
vt 0.219008 0.625643
vt 0.349116 0.715486
vt 0.349298 0.720723
vt 0.199071 0.776709
vt 0.202129 0.778244
vt 0.082681 0.806749
vt 0.077073 0.814549
vt 0.067574 0.810658
vt 0.436662 0.682902
vt 0.457164 0.651934
vt 0.455529 0.678048
vt 0.352080 0.730448
vt 0.349675 0.730246
vt 0.349491 0.725129
vt 0.351902 0.722575
vt 0.354532 0.732235
vt 0.067438 0.784258
vt 0.067231 0.790963
vt 0.215931 0.783856
vt 0.220623 0.785144
vt 0.209603 0.781665
vt 0.336518 0.611907
vt 0.338714 0.614149
vt 0.335559 0.621267
vt 0.860639 0.659742
vt 0.859281 0.654462
vt 0.870080 0.665478
vt 0.349923 0.733753
vt 0.067571 0.801415
vt 0.077534 0.797363
vt 0.228589 0.786806
vt 0.080782 0.786182
vt 0.091098 0.797828
vt 0.372950 0.704688
vt 0.081890 0.823042
vt 0.229167 0.623592
vt 0.758170 0.651326
vt 0.757526 0.668885
vt 0.854069 0.932505
vt 0.856072 0.922613
vt 0.868860 0.921147
vt 0.857903 0.915302
vt 0.868106 0.933236
vt 0.091137 0.812092
vt 0.371987 0.723274
vt 0.370365 0.714567
vt 0.367881 0.715759
vt 0.364824 0.712961
vt 0.250204 0.623691
vt 0.729516 0.640264
vt 0.707705 0.625613
vt 0.729782 0.618969
vt 0.729449 0.656863
vt 0.729309 0.677051
vt 0.855503 0.897708
vt 0.844981 0.907190
vt 0.869586 0.903280
vt 0.847035 0.886164
vt 0.330041 0.664447
vt 0.329248 0.621057
vt 0.330129 0.622410
vt 0.329855 0.699076
vt 0.328437 0.794699
vt 0.328089 0.687826
vt 0.320899 0.694667
vt 0.320874 0.715853
vt 0.327546 0.795045
vt 0.329727 0.738362
vt 0.707549 0.656419
vt 0.707516 0.691400
vt 0.729534 0.693774
vt 0.727998 0.703750
vt 0.707453 0.721123
vt 0.285384 0.773223
vt 0.290110 0.769703
vt 0.283022 0.774643
vt 0.323921 0.796987
vt 0.676825 0.671267
vt 0.677223 0.656675
vt 0.677223 0.695489
vt 0.922704 0.683059
vt 0.921180 0.680248
vt 0.934497 0.679694
vt 0.336205 0.683360
vt 0.333264 0.684292
vt 0.333195 0.678442
vt 0.338658 0.676298
vt 0.338277 0.690640
vt 0.340864 0.688029
vt 0.317881 0.681417
vt 0.316382 0.676905
vt 0.319105 0.685176
vt 0.319884 0.688866
vt 0.319745 0.722008
vt 0.318659 0.726443
vt 0.149250 0.620240
vt 0.149281 0.623427
vt 0.149250 0.626164
vt 0.316066 0.734212
vt 0.278914 0.777079
vt 0.306458 0.752442
vt 0.303520 0.756362
vt 0.306815 0.658521
vt 0.304032 0.654888
vt 0.328113 0.615863
vt 0.300936 0.650876
vt 0.312054 0.667134
vt 0.309562 0.662705
vt 0.313886 0.670761
vt 0.311071 0.745003
vt 0.312702 0.741948
vt 0.309119 0.748423
vt 0.852455 0.866669
vt 0.869720 0.869649
vt 0.855826 0.876902
vt 0.430469 0.710420
vt 0.427422 0.706391
vt 0.430527 0.705719
vt 0.428631 0.713195
vt 0.430467 0.714325
vt 0.426622 0.722240
vt 0.424450 0.705463
vt 0.422768 0.715593
vt 0.430278 0.717968
vt 0.424445 0.729907
vt 0.422681 0.725546
vt 0.430169 0.723599
vt 0.991482 0.634700
vt 0.991492 0.639069
vt 0.984757 0.644960
vt 0.429641 0.742472
vt 0.427017 0.733525
vt 0.984900 0.650397
vt 0.427034 0.742933
vt 0.424651 0.741563
vt 0.975825 0.657872
vt 0.429310 0.747447
vt 0.426213 0.753128
vt 0.421921 0.749500
vt 0.429157 0.750908
vt 0.335448 0.724406
vt 0.338615 0.729499
vt 0.335676 0.727685
vt 0.337138 0.719736
vt 0.340250 0.721698
vt 0.423445 0.759150
vt 0.335924 0.730505
vt 0.948018 0.674395
vt 0.944925 0.678674
vt 0.336208 0.697090
vt 0.339684 0.698488
vt 0.333927 0.702546
vt 0.957194 0.673250
vt 0.337187 0.709992
vt 0.334155 0.707039
vt 0.340446 0.710727
vt 0.334400 0.711340
vt 0.856663 0.859797
vt 0.869569 0.861914
vt 0.428257 0.687045
vt 0.430500 0.689970
vt 0.430483 0.695047
vt 0.428405 0.698477
vt 0.426385 0.692375
vt 0.334664 0.714727
vt 0.334888 0.717655
vt 0.430298 0.675516
vt 0.430375 0.680495
vt 0.425742 0.674656
vt 0.430427 0.684995
vt 0.423456 0.684417
vt 0.324602 0.614003
vt 0.290280 0.640890
vt 0.734960 0.654303
vt 0.736354 0.690393
vt 0.736294 0.712801
vt 0.286491 0.638024
vt 0.282653 0.635446
vt 0.427370 0.666105
vt 0.429810 0.661785
vt 0.421921 0.671130
vt 0.424261 0.659233
vt 0.994937 0.580390
vt 0.999590 0.584166
vt 0.999161 0.593916
vt 0.429662 0.657512
vt 0.427117 0.655373
vt 0.993874 0.568423
vt 0.989280 0.565166
vt 0.429275 0.649811
vt 0.429505 0.653475
vt 0.426660 0.648718
vt 0.423360 0.646779
vt 0.278815 0.633287
vt 0.274764 0.631134
vt 0.338232 0.665875
vt 0.335530 0.659058
vt 0.338702 0.653659
vt 0.115925 0.754379
vt 0.147600 0.758409
vt 0.115766 0.763506
vt 0.904842 0.674652
vt 0.903419 0.678766
vt 0.895723 0.672349
vt 0.912562 0.675732
vt 0.736164 0.671772
vt 0.369141 0.725811
vt 0.961612 0.530890
vt 0.969305 0.536880
vt 0.958807 0.532427
vt 0.366429 0.723665
vt 0.757513 0.685931
vt 0.972093 0.542129
vt 0.371468 0.729547
vt 0.116555 0.736071
vt 0.148214 0.738347
vt 0.116253 0.744871
vt 0.253048 0.612608
vt 0.878308 0.670167
vt 0.886231 0.668531
vt 0.887521 0.674664
vt 0.258083 0.625207
vt 0.980871 0.546367
vt 0.367430 0.735633
vt 0.371209 0.733156
vt 0.262843 0.626515
vt 0.424966 0.637882
vt 0.428420 0.636535
vt 0.428734 0.641477
vt 0.426366 0.643746
vt 0.274038 0.612584
vt 0.269294 0.628779
vt 0.340530 0.623562
vt 0.337543 0.627210
vt 0.333489 0.622375
vt 0.333876 0.616275
vt 0.458456 0.613344
vt 0.457368 0.688148
vt 0.340864 0.631796
vt 0.335346 0.631198
vt 0.456958 0.726413
vt 0.335517 0.669454
vt 0.332933 0.670915
vt 0.333003 0.675690
vt 0.275239 0.778978
vt 0.457346 0.705125
vt 0.458461 0.760600
vt 0.435234 0.706865
vt 0.436002 0.727095
vt 0.332927 0.640663
vt 0.337725 0.640269
vt 0.335343 0.642954
vt 0.240948 0.797759
vt 0.886678 0.677226
vt 0.332881 0.648253
vt 0.249659 0.786845
vt 0.257507 0.785286
vt 0.900080 0.680838
vt 0.340670 0.641029
vt 0.332826 0.653029
vt 0.262272 0.784002
vt 0.260518 0.797834
vt 0.332917 0.659293
vt 0.332872 0.662861
vt 0.330146 0.611907
vt 0.330214 0.618290
vt 0.330146 0.621903
vt 0.271706 0.780698
vt 0.986525 0.555569
vt 0.982175 0.553983
vt 0.970485 0.547596
vt 0.966118 0.543595
vt 0.974930 0.552168
vt 0.147698 0.617335
vt 0.148100 0.623111
vt 0.116209 0.621761
vt 0.979698 0.558197
vt 0.039960 0.782988
vt 0.053187 0.778071
vt 0.027939 0.794858
vt 0.044918 0.805800
vt 0.046951 0.813322
vt 0.030280 0.806216
vt 0.743246 0.978159
vt 0.746024 0.977017
vt 0.738175 0.986163
vt 0.752387 0.970840
vt 0.752176 0.978468
vt 0.928897 0.848376
vt 0.929142 0.858253
vt 0.929362 0.865568
vt 0.720890 0.993855
vt 0.726589 0.986711
vt 0.721095 0.988431
vt 0.929482 0.881384
vt 0.929519 0.875738
vt 0.736340 0.982308
vt 0.715883 0.990339
vt 0.929131 0.891773
vt 0.019115 0.785096
vt 0.007623 0.789928
vt 0.007618 0.783995
vt 0.007563 0.796263
vt 0.021947 0.814942
vt 0.016289 0.804643
vt 0.641518 0.961775
vt 0.635439 0.961031
vt 0.639512 0.957653
vt 0.007718 0.812930
vt 0.636013 0.951916
vt 0.625681 0.940759
vt 0.007555 0.806715
vt 0.629749 0.935910
vt 0.631645 0.942024
vt 0.025273 0.773785
vt 0.620512 0.931252
vt 0.623615 0.925433
vt 0.628342 0.930126
vt 0.626507 0.915814
vt 0.627554 0.923197
vt 0.007910 0.777031
vt 0.471284 0.887963
vt 0.466351 0.886714
vt 0.476581 0.878011
vt 0.465569 0.881883
vt 0.474267 0.870591
vt 0.133982 0.631529
vt 0.116509 0.627586
vt 0.480766 0.872042
vt 0.116898 0.637354
vt 0.460510 0.901213
vt 0.467799 0.898107
vt 0.465819 0.907774
vt 0.458814 0.917126
vt 0.117340 0.656970
vt 0.117214 0.647375
vt 0.149075 0.653229
vt 0.530228 0.991379
vt 0.534577 0.998719
vt 0.518906 0.994588
vt 0.520272 0.989399
vt 0.511310 0.986369
vt 0.507226 0.991457
vt 0.116430 0.809895
vt 0.147969 0.804315
vt 0.148390 0.813660
vt 0.116019 0.796703
vt 0.115840 0.787386
vt 0.147708 0.795310
vt 0.147562 0.785325
vt 0.540388 0.991931
vt 0.547843 0.991456
vt 0.550973 0.997194
vt 0.115720 0.778755
vt 0.147465 0.775159
vt 0.148374 0.628561
vt 0.148803 0.640828
vt 0.983384 0.563845
vt 0.426891 0.611907
vt 0.429054 0.646056
vt 0.989265 0.576433
vt 0.992434 0.589014
vt 0.993330 0.597338
vt 0.149169 0.661496
vt 0.928719 0.675320
vt 0.920086 0.675955
vt 0.938042 0.673470
vt 0.945755 0.671035
vt 0.951251 0.668584
vt 0.115670 0.771231
vt 0.912274 0.683059
vt 0.332907 0.666781
vt 0.884271 0.910184
vt 0.887801 0.924569
vt 0.912654 0.901795
vt 0.898101 0.906977
vt 0.908622 0.924275
vt 0.892274 0.915674
vt 0.908388 0.914423
vt 0.883118 0.934002
vt 0.053215 0.831734
vt 0.905105 0.934310
vt 0.898142 0.937685
vt 0.025259 0.828802
vt 0.038018 0.834150
vt 0.890768 0.942588
vt 0.673135 0.610864
vt 0.672352 0.608032
vt 0.673135 0.603019
vt 0.708098 0.991313
vt 0.710859 0.990446
vt 0.701865 0.991065
vt 0.929358 0.900786
vt 0.696190 0.990874
vt 0.696995 0.996416
vt 0.686738 0.989659
vt 0.683483 0.994385
vt 0.708251 0.996324
vt 0.929010 0.915672
vt 0.929214 0.906406
vt 0.676885 0.987035
vt 0.928426 0.925180
vt 0.918819 0.932114
vt 0.909907 0.946088
vt 0.665426 0.987079
vt 0.663913 0.980989
vt 0.927906 0.937424
vt 0.643173 0.971325
vt 0.651447 0.971699
vt 0.655839 0.975390
vt 0.651475 0.978931
vt 0.643971 0.975804
vt 0.927260 0.944843
vt 0.008276 0.833005
vt 0.008044 0.828671
vt 0.008142 0.821293
vt 0.645181 0.965219
vt 0.646650 0.967710
vt 0.673135 0.603019
vt 0.673932 0.607042
vt 0.673135 0.609692
vt 0.465168 0.917033
vt 0.465425 0.923721
vt 0.461781 0.932057
vt 0.720083 0.997065
vt 0.149196 0.667930
vt 0.117369 0.666202
vt 0.117360 0.672894
vt 0.467497 0.935970
vt 0.463197 0.941854
vt 0.466217 0.929946
vt 0.458654 0.932644
vt 0.704656 0.999113
vt 0.474408 0.953603
vt 0.468718 0.957067
vt 0.470709 0.945989
vt 0.117029 0.695328
vt 0.117235 0.685207
vt 0.148911 0.689389
vt 0.149068 0.681207
vt 0.117331 0.679143
vt 0.149184 0.672828
vt 0.148640 0.699693
vt 0.116703 0.703062
vt 0.481390 0.964070
vt 0.479440 0.969981
vt 0.116224 0.713759
vt 0.148238 0.708582
vt 0.148800 0.820717
vt 0.149264 0.827394
vt 0.117474 0.827243
vt 0.495187 0.984849
vt 0.488439 0.971660
vt 0.495038 0.977181
vt 0.484116 0.978389
vt 0.147850 0.715764
vt 0.147406 0.722315
vt 0.115670 0.721582
vt 0.116986 0.820463
vt 0.502029 0.981826
vt 0.633882 0.963954
vt 0.116732 0.816280
vt 0.997456 0.609010
vt 0.993434 0.603786
vt 0.993118 0.608674
vt 0.315140 0.673507
vt 0.422382 0.699579
vt 0.430489 0.699111
vt 0.430516 0.702127
vt 0.994998 0.624917
vt 0.989582 0.625075
vt 0.991816 0.616997
vt 0.985526 0.635183
vt 0.999144 0.614991
vt 0.980286 0.643813
vt 0.974805 0.650721
vt 0.961842 0.662357
vt 0.968642 0.656963
vt 0.963848 0.666237
vt 0.968172 0.667137
vt 0.314764 0.737823
vt 0.957649 0.665108
vt 0.335136 0.721489
vt 0.958615 0.538082
vt 0.147486 0.767711
vt 0.557169 0.989778
vt 0.570454 0.991058
vt 0.147800 0.748333
vt 0.567291 0.986591
vt 0.577347 0.981645
vt 0.581403 0.985323
vt 0.115670 0.614106
vt 0.772182 0.628051
vt 0.804014 0.627155
vt 0.803663 0.631779
vt 0.487876 0.864143
vt 0.482936 0.861538
vt 0.480685 0.860211
vt 0.492626 0.852239
vt 0.804329 0.622630
vt 0.772780 0.619659
vt 0.773214 0.610247
vt 0.804705 0.614911
vt 0.496116 0.857195
vt 0.505403 0.851531
vt 0.500572 0.846940
vt 0.623081 0.908947
vt 0.620146 0.913414
vt 0.008567 0.767825
vt 0.627433 0.913889
vt 0.008664 0.756841
vt 0.007555 0.769569
vt 0.628628 0.902580
vt 0.024456 0.761778
vt 0.039068 0.769218
vt 0.009518 0.744951
vt 0.024193 0.751426
vt 0.629968 0.895162
vt 0.632230 0.889964
vt 0.019079 0.743353
vt 0.043418 0.759636
vt 0.758906 0.965053
vt 0.764942 0.964824
vt 0.758346 0.964250
vt 0.764756 0.968976
vt 0.914917 0.842930
vt 0.928136 0.841734
vt 0.764909 0.955378
vt 0.770743 0.955542
vt 0.083514 0.939730
vt 0.098009 0.932808
vt 0.096741 0.940807
vt 0.077302 0.929726
vt 0.070325 0.935117
vt 0.770012 0.945252
vt 0.083830 0.919620
vt 0.097887 0.928381
vt 0.777581 0.940392
vt 0.098524 0.923366
vt 0.068575 0.918541
vt 0.053975 0.767972
vt 0.046606 0.750671
vt 0.055011 0.757652
vt 0.033661 0.746740
vt 0.059056 0.751452
vt 0.062976 0.761555
vt 0.060114 0.773129
vt 0.067606 0.776926
vt 0.890047 0.847735
vt 0.869236 0.855519
vt 0.876374 0.849416
vt 0.881022 0.843560
vt 0.050649 0.928052
vt 0.038803 0.920505
vt 0.044771 0.917534
vt 0.045311 0.930819
vt 0.901237 0.841932
vt 0.058568 0.936520
vt 0.062821 0.928490
vt 0.056045 0.920957
vt 0.048617 0.912041
vt 0.081010 0.770887
vt 0.084854 0.778997
vt 0.067940 0.770950
vt 0.068369 0.762439
vt 0.068928 0.754502
vt 0.081980 0.752834
vt 0.084942 0.760401
vt 0.862081 0.852438
vt 0.038109 0.926795
vt 0.868910 0.851137
vt 0.845116 0.853352
vt 0.031077 0.927764
vt 0.024994 0.921791
vt 0.039213 0.912621
vt 0.025993 0.914956
vt 0.025142 0.909122
vt 0.877449 0.663602
vt 0.116967 0.729770
vt 0.871166 0.658762
vt 0.865321 0.653294
vt 0.858734 0.645560
vt 0.850874 0.643586
vt 0.949740 0.527568
vt 0.805212 0.604359
vt 0.948269 0.532738
vt 0.773522 0.602822
vt 0.805416 0.596526
vt 0.940539 0.530026
vt 0.934126 0.523998
vt 0.933993 0.528352
vt 0.936557 0.521613
vt 0.925084 0.527038
vt 0.148603 0.730262
vt 0.117367 0.723904
vt 0.344771 0.660077
vt 0.340864 0.654393
vt 0.342935 0.647924
vt 0.542677 0.837971
vt 0.547195 0.835935
vt 0.557975 0.840398
vt 0.345044 0.646542
vt 0.347410 0.660921
vt 0.566864 0.839955
vt 0.585514 0.976017
vt 0.591149 0.978915
vt 0.149264 0.722315
vt 0.773505 0.730610
vt 0.805667 0.736297
vt 0.774043 0.738428
vt 0.805224 0.729355
vt 0.593566 0.968538
vt 0.602465 0.967357
vt 0.599231 0.961767
vt 0.511784 0.843266
vt 0.512758 0.848279
vt 0.733700 0.842099
vt 0.744660 0.850150
vt 0.729397 0.847005
vt 0.722042 0.840477
vt 0.717735 0.836672
vt 0.805525 0.589918
vt 0.773840 0.582507
vt 0.805671 0.580963
vt 0.773735 0.592084
vt 0.523426 0.845065
vt 0.529704 0.837937
vt 0.532973 0.843629
vt 0.697779 0.837470
vt 0.705553 0.834909
vt 0.631181 0.877905
vt 0.010163 0.735113
vt 0.637532 0.879160
vt 0.026028 0.734170
vt 0.035733 0.739588
vt 0.010666 0.724811
vt 0.011179 0.728208
vt 0.637869 0.868993
vt 0.645052 0.867537
vt 0.650218 0.863262
vt 0.643012 0.871292
vt 0.652603 0.855251
vt 0.638113 0.864738
vt 0.333067 0.856763
vt 0.332260 0.848295
vt 0.355310 0.852673
vt 0.348765 0.859648
vt 0.033706 0.729288
vt 0.352066 0.843283
vt 0.369668 0.844383
vt 0.773682 0.933861
vt 0.099323 0.912508
vt 0.779779 0.924811
vt 0.604819 0.867229
vt 0.597855 0.863542
vt 0.592309 0.854997
vt 0.596662 0.857635
vt 0.753075 0.852766
vt 0.757579 0.857058
vt 0.740125 0.843735
vt 0.006508 0.614106
vt 0.005227 0.625332
vt 0.004646 0.614215
vt 0.610191 0.878373
vt 0.002630 0.623579
vt 0.002505 0.640407
vt 0.000583 0.634580
vt 0.004105 0.638934
vt 0.006669 0.631361
vt 0.079236 0.908864
vt 0.100527 0.898688
vt 0.099263 0.903457
vt 0.776368 0.919593
vt 0.088747 0.898936
vt 0.100163 0.894093
vt 0.087210 0.891088
vt 0.100173 0.889617
vt 0.775046 0.924592
vt 0.775550 0.915078
vt 0.779243 0.908329
vt 0.782720 0.920311
vt 0.072705 0.900751
vt 0.072557 0.889736
vt 0.048394 0.742087
vt 0.049743 0.735254
vt 0.061130 0.741330
vt 0.062537 0.747802
vt 0.371934 0.852712
vt 0.384064 0.844667
vt 0.383879 0.852275
vt 0.391970 0.844914
vt 0.391632 0.840303
vt 0.366959 0.840257
vt 0.381729 0.835035
vt 0.039807 0.904648
vt 0.052351 0.902358
vt 0.040032 0.896839
vt 0.048072 0.894052
vt 0.062317 0.880657
vt 0.061976 0.893788
vt 0.040395 0.890464
vt 0.049042 0.885081
vt 0.060439 0.907344
vt 0.615148 0.884385
vt 0.613839 0.886472
vt 0.005786 0.646171
vt 0.003083 0.656418
vt 0.620146 0.902663
vt 0.617345 0.902796
vt 0.001253 0.658539
vt 0.000265 0.642567
vt 0.005332 0.657877
vt 0.069493 0.747039
vt 0.069955 0.740801
vt 0.082547 0.740836
vt 0.404468 0.843961
vt 0.391157 0.834134
vt 0.752653 0.862513
vt 0.761443 0.865074
vt 0.759718 0.869910
vt 0.026485 0.900195
vt 0.026698 0.893107
vt 0.040647 0.882615
vt 0.025120 0.880793
vt 0.769429 0.874962
vt 0.776954 0.885079
vt 0.776671 0.891657
vt 0.694660 0.842463
vt 0.702730 0.842748
vt 0.768988 0.869751
vt 0.343159 0.631765
vt 0.341804 0.617795
vt 0.345076 0.626603
vt 0.574062 0.844955
vt 0.581720 0.846303
vt 0.584535 0.851331
vt 0.345967 0.616234
vt 0.343860 0.611907
vt 0.340934 0.636961
vt 0.346778 0.641338
vt 0.348156 0.634281
vt 0.620019 0.918170
vt 0.002740 0.675033
vt 0.000000 0.674063
vt 0.004799 0.675074
vt 0.007555 0.665945
vt 0.204493 0.779578
vt 0.357215 0.726969
vt 0.356503 0.715973
vt 0.149250 0.617527
vt 0.149324 0.614106
vt 0.149324 0.620240
vt 0.847599 0.643389
vt 0.773184 0.725305
vt 0.855220 0.640299
vt 0.851050 0.632464
vt 0.772850 0.717418
vt 0.005995 0.697572
vt 0.003835 0.696762
vt 0.007352 0.682015
vt 0.002385 0.691038
vt 0.000171 0.686694
vt 0.847331 0.622452
vt 0.845225 0.613233
vt 0.772546 0.707359
vt 0.804278 0.707443
vt 0.839181 0.603524
vt 0.919246 0.521502
vt 0.917657 0.526816
vt 0.903730 0.523949
vt 0.908151 0.527559
vt 0.888555 0.527876
vt 0.892573 0.531604
vt 0.885694 0.534586
vt 0.900880 0.529004
vt 0.805226 0.548660
vt 0.805439 0.556857
vt 0.773697 0.557044
vt 0.677577 0.585819
vt 0.677433 0.580969
vt 0.677577 0.576737
vt 0.920330 0.519268
vt 0.373536 0.680231
vt 0.671776 0.844199
vt 0.666611 0.842694
vt 0.681813 0.839429
vt 0.373625 0.665840
vt 0.805648 0.573533
vt 0.001231 0.700084
vt 0.618864 0.930772
vt 0.620146 0.935190
vt 0.616551 0.944111
vt 0.651847 0.853357
vt 0.804955 0.724765
vt 0.804600 0.715991
vt 0.602289 0.957268
vt 0.610864 0.956255
vt 0.606989 0.948635
vt 0.614596 0.943193
vt 0.651255 0.851459
vt 0.001456 0.712399
vt 0.004228 0.714544
vt 0.006088 0.714205
vt 0.343098 0.669957
vt 0.345986 0.672317
vt 0.772332 0.698114
vt 0.772226 0.689662
vt 0.804057 0.694957
vt 0.610240 0.940182
vt 0.613048 0.927776
vt 0.548357 0.843891
vt 0.773431 0.547320
vt 0.805014 0.541906
vt 0.805593 0.564064
vt 0.773836 0.567131
vt 0.558489 0.845861
vt 0.568287 0.849090
vt 0.773884 0.576411
vt 0.539063 0.843343
vt 0.782720 0.906578
vt 0.345903 0.684571
vt 0.348724 0.678480
vt 0.347838 0.688154
vt 0.342378 0.683585
vt 0.344236 0.682895
vt 0.535749 0.834909
vt 0.331687 0.842130
vt 0.342239 0.839838
vt 0.655636 0.858398
vt 0.660924 0.854864
vt 0.520031 0.838721
vt 0.345417 0.696824
vt 0.343198 0.699894
vt 0.331573 0.836316
vt 0.331290 0.830233
vt 0.350936 0.833659
vt 0.666513 0.851487
vt 0.330993 0.819867
vt 0.348037 0.825035
vt 0.676282 0.847150
vt 0.682578 0.845140
vt 0.340463 0.814928
vt 0.330851 0.813321
vt 0.688646 0.843839
vt 0.330678 0.807122
vt 0.350874 0.806057
vt 0.362501 0.817853
vt 0.083439 0.878592
vt 0.100448 0.876731
vt 0.100372 0.882686
vt 0.100527 0.870349
vt 0.100474 0.860102
vt 0.091855 0.855819
vt 0.100374 0.854056
vt 0.763453 0.876210
vt 0.099790 0.844760
vt 0.079191 0.855672
vt 0.090222 0.865778
vt 0.773103 0.897884
vt 0.771208 0.891683
vt 0.766791 0.881896
vt 0.087265 0.842027
vt 0.071912 0.846807
vt 0.074711 0.870091
vt 0.003475 0.726377
vt 0.775294 0.910603
vt 0.774394 0.903727
vt 0.005588 0.730073
vt 0.007555 0.729413
vt 0.603076 0.970024
vt 0.368923 0.829060
vt 0.379944 0.820354
vt 0.390917 0.825962
vt 0.390510 0.815625
vt 0.368560 0.810823
vt 0.366244 0.799084
vt 0.376731 0.808573
vt 0.629801 0.875459
vt 0.587572 0.984598
vt 0.381161 0.615005
vt 0.379260 0.624330
vt 0.379189 0.614276
vt 0.376520 0.627206
vt 0.377587 0.611907
vt 0.384654 0.809400
vt 0.380697 0.796974
vt 0.390493 0.799042
vt 0.390315 0.792380
vt 0.385127 0.784018
vt 0.375278 0.784832
vt 0.381533 0.766674
vt 0.381637 0.758948
vt 0.391086 0.768781
vt 0.390997 0.775862
vt 0.059290 0.845962
vt 0.050196 0.841649
vt 0.065252 0.837962
vt 0.049106 0.852259
vt 0.040442 0.849010
vt 0.040267 0.845660
vt 0.064739 0.866277
vt 0.053719 0.874281
vt 0.045708 0.858884
vt 0.052338 0.864064
vt 0.046026 0.872936
vt 0.061933 0.855856
vt 0.344331 0.709497
vt 0.781404 0.936877
vt 0.777847 0.945842
vt 0.506095 0.842621
vt 0.346657 0.702160
vt 0.408540 0.832560
vt 0.402118 0.825329
vt 0.404130 0.817781
vt 0.401357 0.810337
vt 0.414896 0.825102
vt 0.341885 0.708360
vt 0.347644 0.707800
vt 0.345269 0.715460
vt 0.414190 0.810124
vt 0.390350 0.806786
vt 0.404735 0.799162
vt 0.403749 0.789542
vt 0.399520 0.781436
vt 0.390385 0.784541
vt 0.398692 0.773678
vt 0.341990 0.718632
vt 0.492925 0.849292
vt 0.773350 0.956718
vt 0.343534 0.723640
vt 0.345181 0.727952
vt 0.391190 0.765174
vt 0.408314 0.769746
vt 0.026164 0.846545
vt 0.027629 0.852873
vt 0.040599 0.855929
vt 0.040247 0.842635
vt 0.379422 0.635169
vt 0.377663 0.634934
vt 0.028046 0.865971
vt 0.040720 0.874333
vt 0.040723 0.863666
vt 0.015868 0.870336
vt 0.624733 0.892658
vt 0.575468 0.991081
vt 0.375313 0.639232
vt 0.624529 0.887265
vt 0.382003 0.626918
vt 0.165187 0.740229
vt 0.163752 0.737279
vt 0.356499 0.675756
vt 0.355273 0.659964
vt 0.349046 0.666814
vt 0.349075 0.663545
vt 0.349275 0.659577
vt 0.376912 0.645815
vt 0.379095 0.650083
vt 0.381290 0.640498
vt 0.844391 0.604791
vt 0.840422 0.594286
vt 0.844410 0.596173
vt 0.804002 0.678065
vt 0.772182 0.681045
vt 0.838537 0.587756
vt 0.842709 0.577840
vt 0.352287 0.654653
vt 0.772313 0.669386
vt 0.846181 0.584490
vt 0.772549 0.659077
vt 0.804306 0.658792
vt 0.849403 0.574140
vt 0.848244 0.565893
vt 0.852163 0.567908
vt 0.557895 0.997643
vt 0.375133 0.656708
vt 0.377324 0.659813
vt 0.620284 0.903027
vt 0.163727 0.673384
vt 0.162233 0.677125
vt 0.151229 0.615290
vt 0.372460 0.620551
vt 0.372574 0.623609
vt 0.369329 0.618251
vt 0.370567 0.625791
vt 0.855903 0.561285
vt 0.854733 0.555125
vt 0.868191 0.546601
vt 0.860842 0.554402
vt 0.861876 0.544883
vt 0.773048 0.646306
vt 0.773369 0.639487
vt 0.805055 0.640612
vt 0.773944 0.631779
vt 0.804022 0.524899
vt 0.804528 0.532180
vt 0.790563 0.526800
vt 0.875721 0.540542
vt 0.870977 0.536704
vt 0.167367 0.665716
vt 0.165778 0.668941
vt 0.365560 0.625378
vt 0.369088 0.631532
vt 0.367078 0.635768
vt 0.372847 0.630392
vt 0.372827 0.627490
vt 0.879553 0.538012
vt 0.881659 0.529036
vt 0.804733 0.535907
vt 0.803988 0.684476
vt 0.613728 0.917311
vt 0.613418 0.910887
vt 0.688181 0.835339
vt 0.804081 0.669695
vt 0.772778 0.652881
vt 0.804642 0.649899
vt 0.612187 0.902476
vt 0.609134 0.891474
vt 0.604940 0.882448
vt 0.772667 0.531249
vt 0.772182 0.524313
vt 0.805667 0.632596
vt 0.598852 0.872970
vt 0.591645 0.864730
vt 0.584573 0.858646
vt 0.342092 0.613006
vt 0.772982 0.536865
vt 0.578867 0.854653
vt 0.330245 0.800965
vt 0.331036 0.800962
vt 0.674259 0.994209
vt 0.656721 0.985585
vt 0.330671 0.793058
vt 0.349856 0.794494
vt 0.349707 0.785829
vt 0.706652 0.842277
vt 0.714707 0.843891
vt 0.330785 0.781452
vt 0.330663 0.767516
vt 0.331308 0.771653
vt 0.352275 0.778716
vt 0.363552 0.788723
vt 0.355735 0.768345
vt 0.368158 0.776076
vt 0.331516 0.761200
vt 0.343178 0.764973
vt 0.736578 0.851497
vt 0.725105 0.846523
vt 0.353015 0.759553
vt 0.746787 0.858173
vt 0.756832 0.867659
vt 0.099790 0.834150
vt 0.332041 0.752280
vt 0.077712 0.836733
vt 0.354207 0.753463
vt 0.357498 0.689176
vt 0.359950 0.681834
vt 0.359925 0.694601
vt 0.361788 0.690524
vt 0.691756 0.998555
vt 0.462973 0.948522
vt 0.363083 0.704454
vt 0.363614 0.688436
vt 0.358988 0.711538
vt 0.357215 0.702394
vt 0.361166 0.708524
vt 0.364404 0.713183
vt 0.471241 0.963954
vt 0.360314 0.721067
vt 0.358428 0.728055
vt 0.362833 0.720161
vt 0.360478 0.734267
vt 0.362218 0.735029
vt 0.669287 0.611219
vt 0.668424 0.608573
vt 0.669287 0.603019
vt 0.379163 0.732749
vt 0.380493 0.725650
vt 0.382003 0.737277
vt 0.380245 0.775548
vt 0.366580 0.755783
vt 0.372238 0.764715
vt 0.376056 0.667732
vt 0.379983 0.660308
vt 0.373684 0.663664
vt 0.379230 0.677999
vt 0.376951 0.678500
vt 0.546818 1.000000
vt 0.374290 0.680026
vt 0.625914 0.948637
vt 0.522012 0.997607
vt 0.377635 0.697389
vt 0.375103 0.692594
vt 0.379733 0.696009
vt 0.376526 0.702818
vt 0.511793 0.995556
vt 0.379662 0.712384
vt 0.377795 0.717648
vt 0.374564 0.707486
vt 0.497042 0.989015
vt 0.357522 0.677974
vt 0.359864 0.666276
vt 0.362067 0.671799
vt 0.364824 0.672926
vt 0.375088 0.719618
vt 0.377213 0.730751
vt 0.358771 0.649556
vt 0.360926 0.650283
vt 0.736256 0.991023
vt 0.362378 0.655899
vt 0.364538 0.657081
vt 0.362714 0.637944
vt 0.458638 0.900084
vt 0.340864 0.729777
vt 0.360852 0.624311
vt 0.358768 0.611907
vt 0.361204 0.616807
vt 0.342066 0.733449
vt 0.358976 0.621793
vt 0.473309 0.867969
vt 0.358665 0.633346
vt 0.357215 0.618868
vt 0.751615 0.982247
vt 0.360523 0.632986
vt 0.188569 0.640687
vt 0.175481 0.653779
vt 0.905626 0.520881
vt 0.893467 0.522985
vt 0.373684 0.660794
vt 0.371051 0.651184
vt 0.373410 0.643124
vt 0.172127 0.658416
vt 0.368735 0.647351
vt 0.365512 0.642582
vt 0.371181 0.638736
vt 0.373258 0.638001
vt 0.373144 0.634049
vt 0.169577 0.662063
vt 0.157865 0.715641
vt 0.156930 0.727732
vt 0.162382 0.733474
vt 0.160862 0.728950
vt 0.158825 0.721439
vt 0.159763 0.725253
vt 0.150736 0.699001
vt 0.157890 0.694322
vt 0.349380 0.654911
vt 0.349570 0.651174
vt 0.355501 0.643002
vt 0.357215 0.650128
vt 0.349771 0.647418
vt 0.353534 0.640973
vt 0.349913 0.641943
vt 0.850440 0.556591
vt 0.843015 0.570731
vt 0.356462 0.628973
vt 0.351083 0.623637
vt 0.353437 0.631567
vt 0.159045 0.688284
vt 0.149196 0.617992
vt 0.149237 0.614106
vt 0.149237 0.621914
vt 0.159908 0.684579
vt 0.353304 0.623535
vt 0.857048 0.546717
vt 0.355772 0.619178
vt 0.372209 0.617747
vt 0.372018 0.615029
vt 0.364824 0.616605
vt 0.367481 0.611907
vt 0.351487 0.619039
vt 0.351747 0.616297
vt 0.355124 0.611907
vt 0.366094 0.673001
vt 0.367772 0.659397
vt 0.705499 0.701303
vt 0.683834 0.695398
vt 0.685064 0.683315
vt 0.705699 0.668664
vt 0.678253 0.618209
vt 0.678550 0.683670
vt 0.677890 0.656196
vt 0.149485 0.789213
vt 0.684953 0.649310
vt 0.705866 0.632689
vt 0.685620 0.624357
vt 0.706043 0.609408
vt 0.684678 0.600255
vt 0.678635 0.576347
vt 0.149324 0.620743
vt 0.706551 0.580224
vt 0.706263 0.725335
vt 0.683119 0.666322
vt 0.682041 0.639859
vt 0.707753 0.738667
vt 0.728698 0.727250
vt 0.729527 0.737757
vt 0.729502 0.603217
vt 0.707689 0.588162
vt 0.729780 0.584043
vt 0.707757 0.582604
vt 0.736036 0.736249
vt 0.736245 0.733715
vt 0.756972 0.735466
vt 0.729579 0.580012
vt 0.707435 0.578642
vt 0.728403 0.577991
vt 0.706551 0.741094
vt 0.329620 0.771740
vt 0.734962 0.734624
vt 0.326302 0.613671
vt 0.706551 0.581447
vt 0.706844 0.586584
vt 0.756786 0.731429
vt 0.758070 0.704507
vt 0.757822 0.597965
vt 0.757903 0.610241
vt 0.736557 0.586208
vt 0.758728 0.582091
vt 0.757693 0.586000
vt 0.683047 0.615158
vt 0.686912 0.578898
vt 0.682514 0.598187
vt 0.682276 0.580778
vt 0.683339 0.723416
vt 0.705386 0.725746
vt 0.735957 0.582696
vt 0.759010 0.579095
vt 0.735778 0.579027
vt 0.754770 0.576313
vt 0.706220 0.576347
vt 0.677726 0.684582
vt 0.152896 0.613178
vt 0.734794 0.580278
vt 0.150101 0.615760
vt 0.093479 0.802669
vt 0.093251 0.815846
vt 0.096351 0.709201
vt 0.086266 0.719211
vt 0.081492 0.714664
vt 0.087447 0.705122
vt 0.091374 0.702197
vt 0.103982 0.698090
vt 0.093029 0.792869
vt 0.092968 0.784683
vt 0.098510 0.783960
vt 0.067433 0.719485
vt 0.076790 0.722941
vt 0.099662 0.798437
vt 0.081710 0.708501
vt 0.093040 0.774691
vt 0.075319 0.711015
vt 0.845611 0.874423
vt 0.844054 0.890971
vt 0.843668 0.878991
vt 0.843844 0.869787
vt 0.106417 0.667849
vt 0.112516 0.661988
vt 0.112791 0.676083
vt 0.105856 0.663006
vt 0.838537 0.887280
vt 0.843954 0.863143
vt 0.104833 0.657553
vt 0.106963 0.646080
vt 0.115670 0.653460
vt 0.112337 0.644403
vt 0.843715 0.857682
vt 0.102377 0.638767
vt 0.108722 0.637924
vt 0.099179 0.645269
vt 0.095345 0.698518
vt 0.815115 0.794601
vt 0.815027 0.800864
vt 0.802595 0.795559
vt 0.100093 0.692023
vt 0.108657 0.687785
vt 0.783128 0.884315
vt 0.782867 0.878279
vt 0.795417 0.878167
vt 0.796995 0.885448
vt 0.068412 0.712317
vt 0.782720 0.871676
vt 0.799085 0.869538
vt 0.104805 0.681582
vt 0.815398 0.784392
vt 0.802629 0.776691
vt 0.815398 0.777288
vt 0.106252 0.674401
vt 0.815099 0.765890
vt 0.815242 0.770752
vt 0.801347 0.768414
vt 0.802586 0.760701
vt 0.814988 0.760395
vt 0.102669 0.651486
vt 0.814674 0.754236
vt 0.093309 0.822245
vt 0.844230 0.901725
vt 0.844302 0.895405
vt 0.097034 0.813723
vt 0.098761 0.711551
vt 0.104641 0.705944
vt 0.110344 0.698593
vt 0.115256 0.688218
vt 0.838537 0.901374
vt 0.843832 0.913696
vt 0.675938 0.743981
vt 0.678386 0.750018
vt 0.675938 0.753710
vt 0.796080 0.890750
vt 0.783469 0.892815
vt 0.783298 0.888507
vt 0.798288 0.788737
vt 0.793643 0.861282
vt 0.796673 0.754202
vt 0.814371 0.747863
vt 0.855079 0.847461
vt 0.843391 0.849167
vt 0.093163 0.767807
vt 0.053117 0.718661
vt 0.058710 0.724811
vt 0.061604 0.712708
vt 0.094747 0.639660
vt 0.095195 0.629666
vt 0.096030 0.624551
vt 0.104634 0.632657
vt 0.093994 0.759015
vt 0.099128 0.769799
vt 0.014187 0.925935
vt 0.013250 0.920869
vt 0.087021 0.632882
vt 0.085090 0.625088
vt 0.056665 0.712354
vt 0.782720 0.864675
vt 0.091220 0.636192
vt 0.782749 0.857860
vt 0.813849 0.742056
vt 0.801104 0.743454
vt 0.045645 0.709070
vt 0.051462 0.711381
vt 0.782762 0.852978
vt 0.795669 0.851301
vt 0.148350 0.884236
vt 0.148031 0.888228
vt 0.135332 0.885286
vt 0.039051 0.713000
vt 0.042597 0.721209
vt 0.014102 0.908161
vt 0.013720 0.914333
vt 0.082848 0.617231
vt 0.089213 0.620177
vt 0.094521 0.752810
vt 0.094189 0.746907
vt 0.036045 0.718023
vt 0.029032 0.708935
vt 0.014632 0.901000
vt 0.075190 0.620700
vt 0.795097 0.842334
vt 0.782862 0.847893
vt 0.783268 0.842324
vt 0.081271 0.629942
vt 0.813564 0.738428
vt 0.131982 0.875434
vt 0.148579 0.878673
vt 0.037789 0.704885
vt 0.783512 0.834909
vt 0.149032 0.871282
vt 0.073686 0.626978
vt 0.149131 0.866813
vt 0.132410 0.868423
vt 0.416357 0.843241
vt 0.417311 0.839616
vt 0.417011 0.847281
vt 0.796492 0.835881
vt 0.805692 0.876900
vt 0.809403 0.862257
vt 0.806429 0.855348
vt 0.790328 0.763734
vt 0.810720 0.886767
vt 0.788073 0.789002
vt 0.793833 0.780210
vt 0.787952 0.772172
vt 0.804593 0.846780
vt 0.123334 0.878648
vt 0.029761 0.714344
vt 0.022530 0.707457
vt 0.033437 0.701229
vt 0.014688 0.895641
vt 0.008633 0.900128
vt 0.812951 0.843522
vt 0.024223 0.698683
vt 0.015362 0.889415
vt 0.062893 0.620869
vt 0.070108 0.614106
vt 0.007555 0.887800
vt 0.015016 0.881504
vt 0.707749 0.806356
vt 0.707459 0.802233
vt 0.720265 0.799704
vt 0.069162 0.626180
vt 0.130100 0.861149
vt 0.149204 0.861906
vt 0.029985 0.697660
vt 0.026877 0.693446
vt 0.135889 0.853850
vt 0.064224 0.625803
vt 0.057396 0.626201
vt 0.707226 0.798298
vt 0.719116 0.790661
vt 0.728819 0.792602
vt 0.707039 0.793760
vt 0.149264 0.855067
vt 0.416794 0.832203
vt 0.016933 0.700627
vt 0.016691 0.689182
vt 0.050380 0.627630
vt 0.049589 0.620386
vt 0.055944 0.614106
vt 0.416354 0.818212
vt 0.421921 0.820732
vt 0.012208 0.675567
vt 0.019748 0.673977
vt 0.021366 0.682648
vt 0.044500 0.629771
vt 0.038222 0.633507
vt 0.037052 0.627149
vt 0.039087 0.619317
vt 0.009863 0.874616
vt 0.014754 0.864352
vt 0.024289 0.689079
vt 0.706829 0.789130
vt 0.706551 0.782411
vt 0.717653 0.781232
vt 0.149264 0.841981
vt 0.149233 0.847977
vt 0.132687 0.844892
vt 0.706634 0.773613
vt 0.707034 0.768766
vt 0.718596 0.771021
vt 0.148971 0.835488
vt 0.132734 0.838894
vt 0.148892 0.831509
vt 0.135327 0.833066
vt 0.732490 0.786189
vt 0.727465 0.779777
vt 0.125561 0.853755
vt 0.416017 0.804711
vt 0.017321 0.859024
vt 0.014984 0.854976
vt 0.733599 0.762594
vt 0.719128 0.762814
vt 0.729491 0.758120
vt 0.727204 0.770409
vt 0.717722 0.754946
vt 0.733815 0.751979
vt 0.720611 0.748435
vt 0.122096 0.841043
vt 0.122149 0.834869
vt 0.135159 0.828430
vt 0.010272 0.687298
vt 0.420880 0.806711
vt 0.013155 0.664657
vt 0.034405 0.636340
vt 0.025643 0.634257
vt 0.029994 0.624425
vt 0.706551 0.763768
vt 0.019542 0.664093
vt 0.706812 0.757517
vt 0.020914 0.657646
vt 0.015032 0.654587
vt 0.707403 0.746576
vt 0.026071 0.646051
vt 0.019708 0.644952
vt 0.707658 0.741094
vt 0.030505 0.640030
vt 0.415852 0.799407
vt 0.415788 0.793115
vt 0.014978 0.850635
vt 0.014841 0.845783
vt 0.421921 0.795963
vt 0.008863 0.655853
vt 0.007555 0.662342
vt 0.011167 0.647415
vt 0.017079 0.637585
vt 0.021250 0.632166
vt 0.025843 0.627745
vt 0.148643 0.827394
vt 0.843470 0.923820
vt 0.842727 0.930879
vt 0.415708 0.778690
vt 0.405764 0.761923
vt 0.416120 0.786809
vt 0.416698 0.769577
vt 0.416848 0.764662
vt 0.791341 0.750935
vt 0.813995 0.868015
vt 0.818471 0.872649
vt 0.810433 0.879977
vt 0.819604 0.880509
vt 0.783198 0.763210
vt 0.781381 0.755878
vt 0.788840 0.746567
vt 0.782079 0.780494
vt 0.814773 0.852671
vt 0.118306 0.872165
vt 0.816483 0.848912
vt 0.736908 0.794656
vt 0.116360 0.863951
vt 0.121661 0.860081
vt 0.740002 0.786843
vt 0.739321 0.778869
vt 0.116270 0.849480
vt 0.739689 0.771563
vt 0.739457 0.756814
vt 0.778874 0.786943
vt 0.776471 0.775535
vt 0.777218 0.769535
vt 0.776204 0.761026
vt 0.888629 0.431259
vt 0.888782 0.422688
vt 0.896236 0.425210
vt 0.893349 0.418318
vt 0.772182 0.780173
vt 0.892100 0.410399
vt 0.900773 0.407797
vt 0.899688 0.413779
vt 0.772407 0.766535
vt 0.895725 0.404696
vt 0.820119 0.860208
vt 0.882032 0.427257
vt 0.876226 0.432000
vt 0.877851 0.423168
vt 0.824851 0.866176
vt 0.777218 0.755319
vt 0.890893 0.397791
vt 0.895666 0.393561
vt 0.897890 0.399260
vt 0.886725 0.419232
vt 0.878631 0.414838
vt 0.885219 0.411013
vt 0.888896 0.401904
vt 0.865126 0.424204
vt 0.872108 0.427406
vt 0.864865 0.431609
vt 0.824260 0.856260
vt 0.871140 0.421322
vt 0.869541 0.417725
vt 0.110472 0.869218
vt 0.111147 0.875119
vt 0.889752 0.389756
vt 0.879742 0.403031
vt 0.877278 0.408640
vt 0.885078 0.397143
vt 0.883519 0.389649
vt 0.859409 0.431019
vt 0.864910 0.417609
vt 0.865982 0.407791
vt 0.108263 0.862944
vt 0.879249 0.394771
vt 0.876441 0.386781
vt 0.870991 0.403438
vt 0.110977 0.855933
vt 0.856228 0.423399
vt 0.859358 0.416427
vt 0.746938 0.780045
vt 0.864087 0.411514
vt 0.871755 0.391509
vt 0.865626 0.402258
vt 0.858881 0.407121
vt 0.870221 0.397272
vt 0.111253 0.843497
vt 0.747876 0.770724
vt 0.741591 0.767305
vt 0.859951 0.398708
vt 0.746701 0.762397
vt 0.864031 0.391208
vt 0.856228 0.393312
vt 0.107187 0.851145
vt 0.116172 0.835770
vt 0.853580 0.518935
vt 0.853337 0.514959
vt 0.855159 0.516254
vt 0.328615 0.606369
vt 0.365933 0.607621
vt 0.329633 0.608998
vt 0.346252 0.603943
vt 0.328798 0.603356
vt 0.348928 0.609346
vt 0.367857 0.609616
vt 0.371518 0.604493
vt 0.377022 0.608017
vt 0.387414 0.610503
vt 0.404478 0.610883
vt 0.403055 0.607692
vt 0.386188 0.605973
vt 0.407758 0.607872
vt 0.405557 0.605729
vt 0.856143 0.513151
vt 0.328601 0.586232
vt 0.402446 0.593594
vt 0.856184 0.496030
vt 0.407574 0.574469
vt 0.340220 0.572726
vt 0.380665 0.573436
vt 0.405802 0.574229
vt 0.403444 0.574341
vt 0.328972 0.572036
vt 0.358937 0.572762
vt 0.395769 0.574064
vt 0.853604 0.481752
vt 0.856228 0.481798
vt 0.854967 0.478474
vt 0.330693 0.568739
vt 0.403314 0.565007
vt 0.846630 0.516148
vt 0.851168 0.518907
vt 0.842743 0.516911
vt 0.850763 0.512537
vt 0.467710 0.768886
vt 0.460946 0.768687
vt 0.462843 0.765478
vt 0.459377 0.766581
vt 0.462222 0.743664
vt 0.459019 0.744714
vt 0.458639 0.723247
vt 0.462282 0.699911
vt 0.463083 0.718967
vt 0.459052 0.701485
vt 0.462259 0.682950
vt 0.459068 0.682318
vt 0.461409 0.679929
vt 0.466796 0.679143
vt 0.465711 0.676689
vt 0.411952 0.603964
vt 0.412504 0.608336
vt 0.407675 0.611355
vt 0.415525 0.604795
vt 0.842380 0.512963
vt 0.842319 0.482299
vt 0.414387 0.574207
vt 0.412058 0.574299
vt 0.846400 0.482091
vt 0.850536 0.482476
vt 0.847133 0.472871
vt 0.849675 0.472717
vt 0.407932 0.564956
vt 0.405706 0.564842
vt 0.842957 0.472829
vt 0.852043 0.471503
vt 0.852802 0.473000
vt 0.661529 0.606900
vt 0.661529 0.611448
vt 0.657613 0.607688
vt 0.365490 0.563737
vt 0.334600 0.563375
vt 0.334077 0.561783
vt 0.389320 0.563542
vt 0.412890 0.570971
vt 0.413119 0.564714
vt 0.847282 0.444048
vt 0.387148 0.493489
vt 0.402813 0.553290
vt 0.678635 0.695880
vt 0.677310 0.707529
vt 0.677310 0.688618
vt 0.333266 0.519853
vt 0.402203 0.512287
vt 0.407838 0.519355
vt 0.412665 0.545815
vt 0.404003 0.491594
vt 0.851552 0.429647
vt 0.848743 0.403444
vt 0.333180 0.490310
vt 0.407190 0.491089
vt 0.846421 0.420329
vt 0.846664 0.398404
vt 0.851426 0.400105
vt 0.364933 0.490223
vt 0.849106 0.395844
vt 0.351881 0.486851
vt 0.388058 0.489272
vt 0.842647 0.381975
vt 0.332022 0.485791
vt 0.334706 0.478587
vt 0.402574 0.486698
vt 0.406750 0.478974
vt 0.405549 0.469015
vt 0.674633 0.573993
vt 0.672183 0.576737
vt 0.672168 0.572415
vt 0.675713 0.570101
vt 0.321663 0.602444
vt 0.327354 0.605981
vt 0.321827 0.606252
vt 0.477232 0.779778
vt 0.472510 0.780344
vt 0.473080 0.771421
vt 0.469597 0.772733
vt 0.469494 0.780526
vt 0.328819 0.608356
vt 0.326097 0.601918
vt 0.841657 0.519268
vt 0.474179 0.678385
vt 0.471688 0.676959
vt 0.469327 0.675753
vt 0.410835 0.611804
vt 0.415000 0.610577
vt 0.473533 0.667176
vt 0.470457 0.666903
vt 0.415852 0.608517
vt 0.423391 0.610704
vt 0.422923 0.608576
vt 0.422969 0.605432
vt 0.430793 0.606830
vt 0.430593 0.610456
vt 0.426697 0.610529
vt 0.426662 0.606583
vt 0.472736 0.664356
vt 0.671185 0.554618
vt 0.666096 0.572471
vt 0.673360 0.538743
vt 0.321685 0.570670
vt 0.325981 0.571257
vt 0.421949 0.573651
vt 0.426884 0.587864
vt 0.426295 0.573571
vt 0.424457 0.573863
vt 0.675548 0.538304
vt 0.415958 0.573460
vt 0.666013 0.538413
vt 0.670902 0.538293
vt 0.431243 0.575590
vt 0.671668 0.529326
vt 0.838448 0.472947
vt 0.840067 0.472901
vt 0.747876 0.753203
vt 0.750988 0.753750
vt 0.747876 0.758142
vt 0.423985 0.564424
vt 0.668233 0.529497
vt 0.326429 0.561707
vt 0.330637 0.561939
vt 0.421192 0.564585
vt 0.415705 0.564417
vt 0.330673 0.528048
vt 0.326769 0.531876
vt 0.838321 0.439047
vt 0.840596 0.434627
vt 0.842850 0.442706
vt 0.414925 0.554167
vt 0.412059 0.553281
vt 0.421023 0.536544
vt 0.415300 0.530873
vt 0.412380 0.530766
vt 0.326423 0.490955
vt 0.838703 0.402504
vt 0.412230 0.514519
vt 0.842830 0.408776
vt 0.415067 0.492083
vt 0.421110 0.493664
vt 0.412043 0.501070
vt 0.330942 0.491572
vt 0.412212 0.490443
vt 0.331000 0.484095
vt 0.841030 0.392963
vt 0.421770 0.483375
vt 0.332794 0.476948
vt 0.837415 0.387842
vt 0.415360 0.484625
vt 0.409807 0.476827
vt 0.837242 0.380110
vt 0.348488 0.750237
vt 0.344954 0.736835
vt 0.348488 0.733449
vt 0.410016 0.466522
vt 0.842404 0.373773
vt 0.849142 0.388445
vt 0.345630 0.451402
vt 0.413581 0.473648
vt 0.840547 0.359718
vt 0.838358 0.359568
vt 0.337967 0.449443
vt 0.407571 0.453973
vt 0.410929 0.451401
vt 0.355738 0.447238
vt 0.376073 0.451467
vt 0.148186 0.612836
vt 0.144833 0.614106
vt 0.146573 0.609989
vt 0.149324 0.609448
vt 0.320323 0.607255
vt 0.303423 0.606651
vt 0.315540 0.603724
vt 0.302612 0.603293
vt 0.660857 0.576270
vt 0.662444 0.573096
vt 0.664676 0.575786
vt 0.319649 0.604171
vt 0.482908 0.785907
vt 0.478750 0.784495
vt 0.486786 0.729755
vt 0.485273 0.663376
vt 0.479785 0.665811
vt 0.482454 0.660789
vt 0.477907 0.662629
vt 0.436037 0.607429
vt 0.435045 0.610813
vt 0.433904 0.607556
vt 0.481086 0.659258
vt 0.481094 0.638868
vt 0.453193 0.610961
vt 0.451613 0.608071
vt 0.454573 0.611907
vt 0.454206 0.607062
vt 0.456526 0.607626
vt 0.435156 0.584717
vt 0.451968 0.593418
vt 0.147654 0.575795
vt 0.145663 0.575738
vt 0.318553 0.569866
vt 0.319031 0.577613
vt 0.663681 0.539068
vt 0.662015 0.546588
vt 0.666945 0.554606
vt 0.453987 0.574040
vt 0.451778 0.573515
vt 0.149183 0.575249
vt 0.302417 0.569079
vt 0.434964 0.573499
vt 0.456623 0.573726
vt 0.143335 0.566465
vt 0.320801 0.566192
vt 0.661324 0.538924
vt 0.660554 0.535154
vt 0.430815 0.572457
vt 0.434814 0.569768
vt 0.453829 0.564425
vt 0.660614 0.529298
vt 0.663295 0.529380
vt 0.431658 0.563974
vt 0.810809 0.631779
vt 0.808820 0.640177
vt 0.805667 0.639916
vt 0.426570 0.564321
vt 0.669168 0.478841
vt 0.424436 0.521194
vt 0.666960 0.497270
vt 0.663956 0.498265
vt 0.671769 0.499429
vt 0.806510 0.682956
vt 0.671170 0.458538
vt 0.662577 0.457540
vt 0.666754 0.455127
vt 0.810809 0.716581
vt 0.423528 0.493111
vt 0.668615 0.458297
vt 0.807294 0.714518
vt 0.425496 0.487892
vt 0.660404 0.446305
vt 0.669531 0.450554
vt 0.663841 0.439365
vt 0.326717 0.482862
vt 0.808853 0.725285
vt 0.332484 0.469611
vt 0.329926 0.460314
vt 0.837273 0.395129
vt 0.833104 0.380855
vt 0.416046 0.470625
vt 0.418734 0.457508
vt 0.426164 0.479008
vt 0.663435 0.428272
vt 0.830791 0.370454
vt 0.427095 0.463488
vt 0.334623 0.459187
vt 0.833226 0.366462
vt 0.835564 0.358462
vt 0.416503 0.453931
vt 0.829664 0.360578
vt 0.831726 0.356403
vt 0.413024 0.451787
vt 0.377662 0.447750
vt 0.407899 0.448633
vt 0.407802 0.435482
vt 0.417132 0.443699
vt 0.416418 0.432108
vt 0.412765 0.424449
vt 0.410705 0.412382
vt 0.835391 0.323728
vt 0.840376 0.325635
vt 0.838488 0.310120
vt 0.832414 0.328437
vt 0.337903 0.415358
vt 0.417218 0.422713
vt 0.405881 0.403728
vt 0.416454 0.408482
vt 0.407541 0.378559
vt 0.412084 0.393146
vt 0.835960 0.291359
vt 0.337451 0.354878
vt 0.416138 0.389666
vt 0.831881 0.285211
vt 0.840091 0.265178
vt 0.409207 0.334297
vt 0.407003 0.345618
vt 0.337978 0.283143
vt 0.416432 0.376676
vt 0.415857 0.362694
vt 0.834475 0.265147
vt 0.837828 0.211756
vt 0.411729 0.352271
vt 0.831158 0.251656
vt 0.834861 0.237428
vt 0.411282 0.323298
vt 0.415876 0.347811
vt 0.415452 0.328708
vt 0.832134 0.219911
vt 0.405671 0.282883
vt 0.415240 0.310116
vt 0.406845 0.307846
vt 0.836772 0.145738
vt 0.411680 0.299113
vt 0.832183 0.195311
vt 0.834302 0.167350
vt 0.415364 0.287781
vt 0.409147 0.284667
vt 0.336345 0.234797
vt 0.839179 0.145186
vt 0.410898 0.272774
vt 0.415053 0.262723
vt 0.405797 0.245606
vt 0.830518 0.165741
vt 0.414323 0.246221
vt 0.338527 0.224220
vt 0.411152 0.242512
vt 0.829818 0.143317
vt 0.833993 0.143235
vt 0.410360 0.216761
vt 0.407331 0.217540
vt 0.838314 0.135878
vt 0.415567 0.233453
vt 0.828557 0.136044
vt 0.835465 0.128527
vt 0.413851 0.216337
vt 0.840560 0.134345
vt 0.829375 0.116852
vt 0.829328 0.128192
vt 0.837571 0.108951
vt 0.840084 0.109490
vt 0.404094 0.197940
vt 0.682828 0.752610
vt 0.678635 0.760068
vt 0.679596 0.753066
vt 0.410121 0.209725
vt 0.407254 0.209936
vt 0.835271 0.109388
vt 0.412862 0.208921
vt 0.408594 0.195532
vt 0.829864 0.105333
vt 0.839336 0.103632
vt 0.406246 0.194491
vt 0.678635 0.738757
vt 0.831094 0.100283
vt 0.835996 0.101784
vt 0.836217 0.091762
vt 0.841358 0.087782
vt 0.838712 0.090351
vt 0.337939 0.199299
vt 0.340204 0.177859
vt 0.404899 0.185837
vt 0.682429 0.736305
vt 0.407709 0.186689
vt 0.831078 0.093450
vt 0.398634 0.158658
vt 0.406047 0.175907
vt 0.403397 0.176903
vt 0.357215 0.744259
vt 0.360767 0.742891
vt 0.360767 0.750555
vt 0.412277 0.192623
vt 0.832821 0.082681
vt 0.837681 0.084949
vt 0.401172 0.169679
vt 0.359958 0.735029
vt 0.409804 0.177252
vt 0.837156 0.078272
vt 0.840636 0.074125
vt 0.751638 0.753203
vt 0.747876 0.752715
vt 0.751066 0.747586
vt 0.403781 0.163454
vt 0.833319 0.069117
vt 0.837877 0.068368
vt 0.840825 0.063898
vt 0.843044 0.061315
vt 0.346762 0.140438
vt 0.747876 0.741093
vt 0.408381 0.164652
vt 0.406833 0.156567
vt 0.838513 0.058975
vt 0.833780 0.060878
vt 0.343636 0.151777
vt -0.000000 0.743514
vt 0.004185 0.747094
vt 0.000191 0.753886
vt 0.402126 0.153193
vt 0.840033 0.051553
vt 0.842619 0.046762
vt 0.845005 0.049601
vt 0.394157 0.137608
vt 0.397350 0.141434
vt 0.005034 0.740131
vt -0.000000 0.736670
vt 0.004408 0.730073
vt 0.401051 0.146426
vt 0.834786 0.049316
vt 0.379134 0.102346
vt 0.398103 0.135141
vt 0.401299 0.133427
vt 0.403999 0.139764
vt 0.836123 0.040365
vt 0.841401 0.039013
vt 0.846166 0.033979
vt 0.694604 0.738870
vt 0.697739 0.736305
vt 0.697739 0.749956
vt 0.393215 0.125504
vt 0.349778 0.125125
vt 0.352762 0.119236
vt 0.391692 0.117052
vt 0.397818 0.121506
vt 0.388659 0.119566
vt 0.843610 0.027883
vt 0.835496 0.037509
vt 0.840035 0.021127
vt 0.847317 0.021723
vt 0.848275 0.027715
vt 0.745426 0.576272
vt 0.741044 0.571746
vt 0.745426 0.565469
vt 0.845180 0.019748
vt 0.850496 0.015681
vt 0.357260 0.107695
vt 0.361244 0.101523
vt 0.385085 0.108947
vt 0.387035 0.105968
vt 0.393542 0.111113
vt 0.842779 0.010877
vt 0.848170 0.009602
vt 0.852893 0.009041
vt 0.367512 0.096590
vt 0.380494 0.097623
vt 0.369780 0.744584
vt 0.373506 0.735633
vt 0.373506 0.749621
vt 0.845683 0.004792
vt 0.639114 0.604261
vt 0.634628 0.606739
vt 0.633467 0.599496
vt 0.850800 0.004293
vt 0.856228 0.003408
vt 0.853971 -0.000000
vt 0.375144 0.093975
vt 0.376188 0.096590
vt 0.385108 0.098143
vt 0.638956 0.597461
vt 0.634380 0.594640
vt 0.634635 0.589315
vt 0.639458 0.590196
vt 0.639458 0.584219
vt 0.634571 0.581529
vt 0.368888 0.093107
vt 0.325700 0.852613
vt 0.319825 0.832611
vt 0.325621 0.831474
vt 0.320322 0.857717
vt 0.325579 0.871373
vt 0.320369 0.886403
vt 0.325513 0.906075
vt 0.320090 0.907596
vt 0.325656 0.935968
vt 0.324184 0.800936
vt 0.327697 0.803915
vt 0.325953 0.807084
vt 0.432937 0.760535
vt 0.435890 0.765496
vt 0.430830 0.763657
vt 0.436315 0.760149
vt 0.327537 0.800947
vt 0.433768 0.766395
vt 0.732945 0.737234
vt 0.731263 0.739860
vt 0.435935 0.769184
vt 0.327702 0.830620
vt 0.731219 0.711177
vt 0.733176 0.713454
vt 0.731303 0.667612
vt 0.732853 0.605505
vt 0.328077 0.952079
vt 0.325588 0.962944
vt 0.326120 0.975170
vt 0.732045 0.583594
vt 0.734794 0.583989
vt 0.325468 0.979915
vt 0.322680 0.977636
vt 0.732861 0.579532
vt 0.731636 0.576313
vt 0.328316 0.976844
vt 0.457447 0.762147
vt 0.457686 0.768197
vt 0.456878 0.758941
vt 0.458491 0.765663
vt 0.325772 0.797228
vt 0.458639 0.764707
vt 0.142723 0.612341
vt 0.142902 0.609238
vt 0.481110 0.807170
vt 0.483306 0.807182
vt 0.483731 0.809376
vt 0.485787 0.805641
vt 0.481060 0.788155
vt 0.485477 0.783773
vt 0.485331 0.641211
vt 0.482304 0.637943
vt 0.485556 0.637289
vt 0.485072 0.635419
vt 0.458073 0.610244
vt 0.458638 0.606848
vt 0.143048 0.576137
vt 0.458638 0.574210
vt 0.141097 0.590675
vt 0.141486 0.572019
vt 0.298359 0.046481
vt 0.300656 0.042303
vt 0.302417 0.043074
vt 0.141191 0.566359
vt 0.145961 0.566265
vt 0.147318 0.566014
vt 0.322309 0.560690
vt 0.308904 0.560164
vt 0.325667 0.560690
vt 0.429511 0.564163
vt 0.434814 0.564186
vt 0.449382 0.564356
vt 0.457782 0.569959
vt 0.456063 0.564340
vt 0.451555 0.564482
vt 0.144443 0.556648
vt 0.324562 0.545389
vt 0.322595 0.532906
vt 0.432580 0.555273
vt 0.435220 0.545865
vt 0.453550 0.554323
vt 0.141295 0.532076
vt 0.146940 0.518080
vt 0.659229 0.514175
vt 0.659352 0.501211
vt 0.455829 0.532504
vt 0.144610 0.527321
vt 0.324833 0.532469
vt 0.432158 0.519530
vt 0.429338 0.521057
vt 0.449521 0.514877
vt 0.452348 0.526060
vt 0.308236 0.512170
vt 0.323624 0.512634
vt 0.434878 0.519356
vt 0.453779 0.492091
vt 0.452240 0.506220
vt 0.141259 0.513237
vt 0.660207 0.456261
vt 0.144699 0.508155
vt 0.323020 0.487351
vt 0.658066 0.481549
vt 0.449315 0.492354
vt 0.455581 0.493195
vt 0.658621 0.456237
vt 0.324450 0.487456
vt 0.432878 0.491814
vt 0.431392 0.502398
vt 0.428967 0.489477
vt 0.139230 0.494106
vt 0.142670 0.492943
vt 0.146834 0.492580
vt 0.308391 0.486681
vt 0.144921 0.492761
vt 0.433329 0.486647
vt 0.451866 0.489226
vt 0.448308 0.486505
vt 0.143385 0.481864
vt 0.656718 0.440742
vt 0.433779 0.476112
vt 0.430753 0.475613
vt 0.455095 0.487210
vt 0.451739 0.481260
vt 0.144799 0.477917
vt 0.313282 0.472214
vt 0.326324 0.468421
vt 0.652900 0.437533
vt 0.428830 0.468745
vt 0.682828 0.753055
vt 0.686338 0.749324
vt 0.685655 0.759677
vt 0.435935 0.468615
vt 0.448373 0.473387
vt 0.446037 0.467929
vt 0.655408 0.428750
vt 0.660933 0.432230
vt 0.432446 0.465345
vt 0.658906 0.423409
vt 0.426489 0.451764
vt 0.686500 0.743386
vt 0.430481 0.452036
vt 0.335252 0.447456
vt 0.660226 0.415443
vt 0.827264 0.358944
vt 0.331676 0.447351
vt 0.420032 0.449902
vt 0.428457 0.447553
vt 0.656386 0.414068
vt 0.658303 0.413501
vt 0.659077 0.355538
vt 0.826991 0.327465
vt 0.425750 0.433840
vt 0.425845 0.405022
vt 0.430248 0.417994
vt 0.330964 0.387366
vt 0.331578 0.422461
vt 0.335058 0.415958
vt 0.419497 0.415585
vt 0.655326 0.371009
vt 0.656211 0.307558
vt 0.828558 0.252006
vt 0.429956 0.373332
vt 0.427472 0.313256
vt 0.654876 0.344903
vt 0.826896 0.280527
vt 0.418259 0.365813
vt 0.417684 0.393631
vt 0.420295 0.386767
vt 0.425328 0.386861
vt 0.334791 0.369016
vt 0.425205 0.343674
vt 0.331011 0.361499
vt 0.654311 0.312544
vt 0.419422 0.347004
vt 0.429269 0.338374
vt 0.334401 0.331772
vt 0.826580 0.243316
vt 0.330909 0.336322
vt 0.417147 0.335170
vt 0.657878 0.267525
vt 0.330219 0.299297
vt 0.416912 0.316303
vt 0.424932 0.286970
vt 0.654053 0.260363
vt 0.419748 0.311986
vt 0.424598 0.308582
vt 0.418827 0.286669
vt 0.429400 0.301913
vt 0.333792 0.273325
vt 0.826085 0.184921
vt 0.416646 0.299077
vt 0.655027 0.226145
vt 0.330294 0.270268
vt 0.416407 0.273034
vt 0.419074 0.245643
vt 0.653150 0.211723
vt 0.416204 0.255371
vt 0.424101 0.240695
vt 0.428609 0.253950
vt 0.826157 0.142108
vt 0.418386 0.208948
vt 0.329999 0.238854
vt 0.655037 0.179334
vt 0.333767 0.230537
vt 0.426176 0.205312
vt 0.330214 0.207289
vt 0.657302 0.207079
vt 0.334907 0.204309
vt 0.657138 0.175478
vt 0.826650 0.115749
vt 0.416553 0.214637
vt 0.423444 0.204979
vt 0.428354 0.205289
vt 0.652627 0.178959
vt 0.653572 0.172609
vt 0.414868 0.207021
vt 0.653048 0.159524
vt 0.655459 0.146450
vt 0.337111 0.187321
vt 0.828067 0.098490
vt 0.415022 0.189114
vt 0.422733 0.196220
vt 0.426577 0.196370
vt 0.657178 0.148920
vt 0.330815 0.180806
vt 0.653243 0.145461
vt 0.337241 0.179442
vt 0.828055 0.090598
vt 0.410800 0.185061
vt 0.423856 0.176380
vt 0.414082 0.172624
vt 0.426073 0.175765
vt 0.656603 0.139949
vt 0.653326 0.139319
vt 0.830201 0.076960
vt 0.412508 0.177333
vt 0.419771 0.171071
vt 0.656755 0.126555
vt 0.337947 0.164870
vt 0.828190 0.075959
vt 0.409810 0.171727
vt 0.412175 0.161684
vt 0.421970 0.169028
vt 0.425077 0.167864
vt 0.654077 0.124786
vt 0.334202 0.151260
vt 0.658917 0.118955
vt 0.829976 0.065178
vt 0.419821 0.154964
vt 0.340621 0.154420
vt 0.410021 0.152782
vt 0.418282 0.152142
vt 0.423640 0.157616
vt 0.423183 0.151289
vt 0.657742 0.110182
vt 0.654867 0.109121
vt 0.342224 0.144149
vt 0.830656 0.054737
vt 0.832310 0.053223
vt 0.406584 0.149648
vt 0.407632 0.142004
vt 0.421865 0.143801
vt 0.417817 0.143376
vt 0.655919 0.094387
vt 0.344832 0.134984
vt 0.832282 0.045259
vt 0.420603 0.138341
vt 0.658269 0.095222
vt 0.676813 0.665990
vt 0.676813 0.689695
vt 0.675796 0.680838
vt 0.337267 0.123633
vt 0.346716 0.122958
vt 0.660300 0.090964
vt 0.833044 0.033036
vt 0.405522 0.130245
vt 0.402628 0.125137
vt 0.413763 0.127582
vt 0.417294 0.132433
vt 0.419546 0.126623
vt 0.834826 0.030225
vt 0.416325 0.124406
vt 0.657508 0.075224
vt 0.659772 0.079536
vt 0.341098 0.107580
vt 0.837359 0.020444
vt 0.400723 0.117938
vt 0.397316 0.111040
vt 0.412034 0.115014
vt 0.414473 0.113068
vt 0.416513 0.111403
vt 0.662484 0.074438
vt 0.661238 0.068699
vt 0.353581 0.106622
vt 0.836924 0.015911
vt 0.659667 0.061183
vt 0.840362 0.008763
vt 0.392903 0.103616
vt 0.390071 0.095126
vt 0.407780 0.096970
vt 0.411782 0.102345
vt 0.414280 0.101099
vt 0.663299 0.058078
vt 0.343614 0.091484
vt 0.347540 0.080748
vt 0.359267 0.096355
vt 0.840039 0.004999
vt 0.641205 0.611433
vt 0.639458 0.608034
vt 0.641205 0.605479
vt 0.842588 0.003761
vt 0.632050 0.608432
vt 0.378104 0.092473
vt 0.385958 0.094623
vt 0.408204 0.087741
vt 0.660808 0.048795
vt 0.664500 0.042996
vt 0.702393 0.738797
vt 0.703743 0.736305
vt 0.704299 0.744536
vt 0.700650 0.745957
vt 0.704299 0.748802
vt 0.378561 0.088213
vt 0.369551 0.091668
vt 0.371370 0.087259
vt 0.373466 0.091480
vt 0.631653 0.590289
vt 0.404999 0.085301
vt 0.410791 0.087601
vt 0.665860 0.046837
vt 0.366983 0.090224
vt 0.376489 0.083260
vt 0.400060 0.073011
vt 0.404078 0.077141
vt 0.406389 0.074100
vt 0.663266 0.033718
vt 0.667429 0.035245
vt 0.360180 0.052154
vt 0.401040 0.067385
vt 0.667854 0.025625
vt 0.670499 0.022862
vt 0.350873 0.069536
vt 0.356425 0.057817
vt 0.367129 0.044369
vt 0.393305 0.057220
vt 0.667080 0.018472
vt 0.398767 0.056629
vt 0.395718 0.056235
vt 0.670149 0.016888
vt 0.672742 0.016739
vt 0.673224 0.012723
vt 0.387969 0.048437
vt 0.391466 0.046078
vt 0.673324 0.004730
vt 0.675713 0.004925
vt 0.361911 0.048306
vt 0.367370 0.041110
vt 0.383104 0.041563
vt 0.376401 0.040663
vt 0.651747 0.595938
vt 0.650540 0.606614
vt 0.649820 0.599941
vt 0.375572 0.037228
vt 0.652243 0.604659
vt 0.379826 0.037493
vt 0.384833 0.039507
vt 0.389462 0.743544
vt 0.388581 0.746705
vt 0.384698 0.745937
vt 0.417032 0.731641
vt 0.421546 0.735768
vt 0.418150 0.751435
vt 0.421921 0.751360
vt 0.415658 0.752280
vt 0.416264 0.720518
vt 0.421594 0.714464
vt 0.416445 0.709288
vt 0.421445 0.697127
vt 0.416886 0.691816
vt 0.415923 0.702639
vt 0.416078 0.677608
vt 0.415445 0.685902
vt 0.421382 0.668890
vt 0.417961 0.661439
vt 0.415220 0.665324
vt 0.421243 0.641947
vt 0.416758 0.639683
vt 0.415982 0.651681
vt 0.421223 0.618662
vt 0.417559 0.619297
vt 0.415050 0.619378
vt 0.416081 0.615861
vt 0.320453 0.800705
vt 0.317017 0.809222
vt 0.312478 0.806059
vt 0.319821 0.812649
vt 0.315457 0.811738
vt 0.391137 0.747372
vt 0.317781 0.815554
vt 0.413650 0.738105
vt 0.317365 0.850983
vt 0.317216 0.863510
vt 0.319928 0.872929
vt 0.317594 0.871194
vt 0.317083 0.883043
vt 0.751638 0.741093
vt 0.755393 0.742544
vt 0.751638 0.752882
vt 0.317813 0.890124
vt 0.317293 0.899143
vt 0.317927 0.913301
vt 0.413299 0.651177
vt 0.319750 0.930209
vt 0.413308 0.638330
vt 0.319678 0.944598
vt 0.413258 0.630545
vt 0.319714 0.953361
vt 0.699008 0.757245
vt 0.694604 0.757245
vt 0.696980 0.754402
vt 0.413044 0.616545
vt 0.319371 0.968917
vt -0.000000 0.754558
vt 0.003706 0.756388
vt 0.004331 0.759662
vt 0.695055 0.752927
vt 0.312690 0.973011
vt 0.315477 0.978253
vt 0.322321 0.798182
vt 0.320111 0.980720
vt 0.322315 0.981959
vt 0.760478 0.732585
vt 0.435673 0.750843
vt 0.506889 0.806159
vt 0.502628 0.811135
vt 0.503495 0.808735
vt 0.485078 0.811206
vt 0.130351 0.607959
vt 0.127552 0.611953
vt 0.503344 0.637577
vt 0.503205 0.635268
vt 0.286459 0.009553
vt 0.283405 0.005991
vt 0.299381 0.006321
vt 0.300577 0.009732
vt 0.127146 0.575617
vt 0.285466 0.042149
vt 0.284502 0.043285
vt 0.126339 0.565803
vt 0.294443 0.052004
vt 0.280458 0.051463
vt 0.126995 0.518763
vt 0.294696 0.083807
vt 0.295080 0.123076
vt 0.280966 0.075438
vt 0.139916 0.488261
vt 0.296852 0.124447
vt 0.293805 0.129013
vt 0.126602 0.483654
vt 0.127347 0.492106
vt 0.139079 0.471446
vt 0.140650 0.474957
vt 0.142448 0.471758
vt 0.288976 0.145970
vt 0.287608 0.144673
vt 0.450982 0.470293
vt 0.141136 0.463318
vt 0.143423 0.464492
vt 0.319171 0.459105
vt 0.328100 0.456428
vt 0.651956 0.429533
vt 0.448359 0.463233
vt 0.649524 0.425689
vt 0.437447 0.456298
vt 0.433409 0.459416
vt 0.445522 0.459913
vt 0.449348 0.453906
vt 0.139584 0.455653
vt 0.141761 0.452705
vt 0.329158 0.447676
vt 0.323220 0.447482
vt 0.647370 0.417035
vt 0.650462 0.416787
vt 0.438041 0.448921
vt 0.434702 0.449771
vt 0.682828 0.736305
vt 0.444183 0.450963
vt 0.446808 0.451414
vt 0.328970 0.427502
vt 0.648730 0.386434
vt 0.646914 0.396891
vt 0.651363 0.393346
vt 0.767898 0.525872
vt 0.772182 0.524313
vt 0.767992 0.552062
vt 0.771980 0.558321
vt 0.444412 0.428232
vt 0.322977 0.427388
vt 0.437513 0.420789
vt 0.434210 0.423601
vt 0.323035 0.388841
vt 0.329100 0.408514
vt 0.646896 0.377873
vt 0.649244 0.344249
vt 0.650967 0.364197
vt 0.436849 0.410397
vt 0.444276 0.403767
vt 0.329140 0.389445
vt 0.646821 0.358787
vt 0.768351 0.590391
vt 0.437443 0.390260
vt 0.435219 0.380779
vt 0.433449 0.385323
vt 0.771898 0.602951
vt 0.443378 0.356346
vt 0.445105 0.358050
vt 0.328661 0.376188
vt 0.646357 0.345588
vt 0.437223 0.368682
vt 0.328232 0.349279
vt 0.322244 0.348989
vt 0.650050 0.308537
vt 0.434955 0.357839
vt 0.433233 0.355261
vt 0.768298 0.620432
vt 0.645759 0.318730
vt 0.437030 0.346905
vt 0.647430 0.282767
vt 0.434521 0.317595
vt 0.772182 0.637950
vt 0.443274 0.332164
vt 0.322189 0.326946
vt 0.645601 0.295042
vt 0.432884 0.320094
vt 0.768294 0.655589
vt 0.436669 0.328292
vt 0.328184 0.325601
vt 0.328328 0.310334
vt 0.649545 0.258183
vt 0.436684 0.310384
vt 0.771812 0.674328
vt 0.443326 0.301439
vt 0.645628 0.279746
vt 0.321955 0.297112
vt 0.328082 0.292001
vt 0.647392 0.249726
vt 0.645259 0.261440
vt 0.436317 0.274515
vt 0.434333 0.286383
vt 0.767952 0.705647
vt 0.322477 0.273119
vt 0.140091 0.259849
vt 0.141523 0.278358
vt 0.140970 0.302436
vt 0.327673 0.276383
vt 0.644833 0.245871
vt 0.432883 0.269951
vt 0.442618 0.265321
vt 0.141431 0.243367
vt 0.648913 0.227456
vt 0.327823 0.261399
vt 0.644826 0.230860
vt 0.435599 0.256445
vt 0.772138 0.722331
vt 0.322218 0.238113
vt 0.327359 0.238555
vt 0.767956 0.747084
vt 0.644313 0.208066
vt 0.646221 0.182855
vt 0.442422 0.230722
vt 0.648459 0.178859
vt 0.432444 0.228504
vt 0.140699 0.205240
vt 0.435766 0.231098
vt 0.327196 0.218056
vt 0.644047 0.187578
vt 0.771797 0.770931
vt 0.435702 0.217180
vt 0.432594 0.213849
vt 0.321162 0.199870
vt 0.643898 0.175725
vt 0.646201 0.172676
vt 0.442032 0.199703
vt 0.327297 0.206211
vt 0.647315 0.170213
vt 0.433563 0.198840
vt 0.430939 0.197655
vt 0.356456 0.742990
vt 0.352538 0.750079
vt 0.352538 0.733753
vt 0.435652 0.199325
vt 0.328290 0.189233
vt 0.644294 0.158625
vt 0.648997 0.155651
vt 0.321789 0.178522
vt 0.432885 0.186272
vt 0.430363 0.185598
vt 0.440992 0.163268
vt 0.442901 0.155710
vt 0.328668 0.174366
vt 0.644340 0.143711
vt 0.647884 0.145851
vt 0.320812 0.146268
vt 0.646130 0.138569
vt 0.648366 0.137538
vt 0.433558 0.172372
vt 0.429921 0.175652
vt 0.336941 0.740850
vt 0.333025 0.740465
vt 0.332826 0.730505
vt 0.330536 0.157834
vt 0.428447 0.167055
vt 0.431016 0.167646
vt 0.332826 0.749159
vt 0.330762 0.169529
vt 0.645370 0.126942
vt 0.649295 0.125335
vt 0.431809 0.155978
vt 0.428294 0.156833
vt 0.645816 0.110498
vt 0.648701 0.117911
vt 0.331864 0.141539
vt 0.649133 0.111101
vt 0.426003 0.145276
vt 0.428133 0.140174
vt 0.690502 0.742461
vt 0.694604 0.744187
vt 0.691546 0.750010
vt 0.428459 0.130540
vt 0.442165 0.134178
vt 0.647508 0.104742
vt 0.650555 0.100856
vt 0.694604 0.736305
vt 0.425029 0.137453
vt 0.337246 0.107806
vt 0.647424 0.096439
vt 0.648503 0.076121
vt 0.320427 0.115951
vt 0.424026 0.128221
vt 0.440406 0.126776
vt 0.648706 0.084909
vt 0.651135 0.088131
vt 0.423528 0.118861
vt 0.422209 0.122041
vt 0.424161 0.110056
vt 0.339373 0.092163
vt 0.652438 0.076967
vt 0.763132 0.755628
vt 0.767072 0.766537
vt 0.763589 0.771057
vt 0.321355 0.093866
vt 0.651911 0.072033
vt 0.420060 0.109969
vt 0.766909 0.754312
vt 0.442394 0.106385
vt 0.652016 0.061195
vt 0.419706 0.098848
vt 0.417816 0.100455
vt 0.766524 0.744643
vt 0.762843 0.745165
vt 0.440503 0.081042
vt 0.320536 0.077551
vt 0.341738 0.089583
vt 0.651004 0.057350
vt 0.654588 0.058842
vt 0.421967 0.095411
vt 0.656364 0.046327
vt 0.653239 0.047771
vt 0.416362 0.084508
vt 0.412227 0.080278
vt 0.762983 0.731381
vt 0.766953 0.723992
vt 0.345045 0.080437
vt 0.763396 0.717497
vt 0.414108 0.069768
vt 0.348422 0.058808
vt 0.649389 0.060236
vt 0.654552 0.038020
vt 0.348035 0.071018
vt 0.658690 0.033843
vt 0.412529 0.074130
vt 0.409157 0.071982
vt 0.767072 0.715435
vt 0.350909 0.061871
vt 0.353402 0.058594
vt 0.657793 0.024930
vt 0.403219 0.058426
vt 0.409795 0.065508
vt 0.319895 0.059210
vt 0.369897 0.029196
vt 0.655875 0.028548
vt 0.658219 0.017215
vt 0.355445 0.051067
vt 0.661383 0.018941
vt 0.405137 0.057281
vt 0.404505 0.052340
vt 0.441701 0.060008
vt 0.439137 0.033121
vt 0.322725 0.024233
vt 0.660932 0.013378
vt 0.364824 0.748653
vt 0.368295 0.735633
vt 0.368295 0.750151
vt 0.401088 0.049668
vt 0.395074 0.044904
vt 0.676394 0.696168
vt 0.675796 0.701232
vt 0.675796 0.689695
vt 0.665841 0.008203
vt 0.663129 0.007731
vt 0.397385 0.043387
vt 0.398440 0.040426
vt 0.319686 0.024478
vt 0.368708 0.035426
vt 0.665571 0.000000
vt 0.668352 0.000308
vt 0.669518 0.002756
vt 0.645818 0.605480
vt 0.643898 0.604054
vt 0.645478 0.597514
vt 0.644487 0.611466
vt 0.651429 0.591455
vt 0.645419 0.589438
vt 0.645960 0.585757
vt 0.651333 0.586070
vt 0.387205 0.037297
vt 0.391265 0.036718
vt 0.384014 0.035341
vt 0.652243 0.578523
vt 0.647193 0.576737
vt 0.385522 0.030636
vt 0.439910 0.006700
vt 0.375477 0.032073
vt 0.376553 0.035001
vt 0.371154 0.036141
vt 0.416138 0.005496
vt 0.388167 0.004786
vt 0.319518 0.002370
vt 0.342927 0.002828
vt 0.136718 0.008216
vt 0.141125 0.005483
vt 0.140347 0.007822
vt 0.136433 0.005177
vt 0.847942 0.835214
vt 0.843627 0.833051
vt 0.845042 0.830865
vt 0.842520 0.839229
vt 0.841168 0.829503
vt 0.840142 0.839166
vt 0.318235 -0.000000
vt 0.843922 0.789001
vt 0.361519 0.001481
vt 0.845088 0.782253
vt 0.841173 0.800458
vt 0.375942 0.003879
vt 0.841070 0.767377
vt 0.396222 0.001923
vt 0.844546 0.742976
vt 0.841166 0.725081
vt 0.840576 0.744100
vt 0.844873 0.693621
vt 0.440295 0.003401
vt 0.841173 0.695105
vt 0.441042 0.006123
vt 0.843762 0.691253
vt 0.443981 0.006110
vt 0.446557 0.003035
vt 0.849223 0.688812
vt 0.842772 0.685989
vt 0.840161 0.685417
vt 0.843507 0.841734
vt 0.848736 0.840307
vt 0.383788 0.743801
vt 0.382003 0.741813
vt 0.384334 0.739563
vt 0.388248 0.740001
vt 0.838860 0.837013
vt 0.838537 0.819320
vt 0.838603 0.795432
vt 0.838536 0.775922
vt 0.838581 0.744231
vt 0.838599 0.713977
vt 0.838737 0.687898
vt 0.421921 0.615775
vt 0.843234 0.683059
vt 0.848741 0.684297
vt 0.421193 0.612300
vt 0.416487 0.611907
vt 0.696075 0.749956
vt 0.303637 0.800865
vt 0.390844 0.739489
vt 0.312666 0.808642
vt 0.004331 0.753886
vt 0.295532 0.799116
vt 0.457160 0.739098
vt 0.509393 0.639109
vt 0.123370 0.612336
vt 0.125916 0.609220
vt 0.507368 0.634886
vt 0.692361 0.575502
vt 0.694041 0.571785
vt 0.697042 0.572365
vt 0.283953 0.009579
vt 0.126170 0.574717
vt 0.695019 0.539360
vt 0.692682 0.539358
vt 0.692948 0.538136
vt 0.689494 0.530007
vt 0.693713 0.534026
vt 0.281281 0.106622
vt 0.688740 0.456291
vt 0.689932 0.459433
vt 0.688811 0.474835
vt 0.280984 0.125111
vt 0.279828 0.139182
vt 0.330379 0.673627
vt 0.330179 0.663833
vt 0.330379 0.649750
vt 0.130239 0.459970
vt 0.137081 0.455606
vt 0.275467 0.163986
vt 0.281309 0.162001
vt 0.131696 0.452483
vt 0.137993 0.449966
vt 0.280169 0.167704
vt 0.449073 0.448146
vt 0.136830 0.435096
vt 0.132247 0.437196
vt 0.141339 0.432653
vt 0.280887 0.212092
vt 0.275730 0.193789
vt 0.138999 0.406202
vt 0.447234 0.408263
vt 0.448604 0.403746
vt 0.131427 0.417723
vt 0.136025 0.389036
vt 0.141603 0.394070
vt 0.131790 0.388093
vt 0.136504 0.354564
vt 0.138525 0.343212
vt 0.141021 0.354305
vt 0.448284 0.360033
vt 0.446189 0.338666
vt 0.131087 0.360628
vt 0.281465 0.255773
vt 0.276858 0.235219
vt 0.277493 0.268442
vt 0.136373 0.312375
vt 0.131894 0.326333
vt 0.138534 0.309015
vt 0.141100 0.332253
vt 0.447257 0.308697
vt 0.282878 0.307175
vt 0.277335 0.303799
vt 0.130997 0.292262
vt 0.277853 0.337590
vt 0.135778 0.266094
vt 0.282557 0.351712
vt 0.131825 0.263412
vt 0.138376 0.243365
vt 0.445373 0.261150
vt 0.135961 0.218174
vt 0.445039 0.240975
vt 0.283504 0.383695
vt 0.446991 0.232071
vt 0.278907 0.380206
vt 0.130746 0.234660
vt 0.138102 0.211043
vt 0.445002 0.207313
vt 0.278295 0.402549
vt 0.130457 0.198334
vt 0.283295 0.422439
vt 0.138183 0.159954
vt 0.128992 0.183785
vt 0.135060 0.173236
vt 0.135337 0.120931
vt 0.284375 0.463295
vt 0.446564 0.152388
vt 0.444563 0.141602
vt 0.140659 0.151650
vt 0.276916 0.447084
vt 0.278433 0.423826
vt 0.128452 0.166860
vt 0.126057 0.148893
vt 0.134736 0.147732
vt 0.137834 0.140978
vt 0.124514 0.136245
vt 0.275476 0.472986
vt 0.283973 0.501967
vt 0.286045 0.507231
vt 0.445050 0.108594
vt 0.140486 0.121363
vt 0.134924 0.098820
vt 0.284607 0.523765
vt 0.443281 0.064595
vt 0.137064 0.042173
vt 0.138316 0.061909
vt 0.140688 0.082929
vt 0.444189 0.044569
vt 0.134365 0.056386
vt 0.140297 0.064657
vt 0.287236 0.571265
vt 0.284875 0.563023
vt 0.140004 0.029950
vt 0.443241 0.033893
vt 0.285012 0.587895
vt 0.134153 0.008140
vt 0.133649 0.028710
vt 0.137784 0.026291
vt 0.286042 0.605962
vt 0.445664 0.009590
vt 0.443223 0.022597
vt 0.130866 0.005310
vt 0.854025 0.835816
vt 0.625179 0.608566
vt 0.627512 0.609975
vt 0.625179 0.611340
vt 0.446082 0.005488
vt 0.382086 0.735875
vt 0.384259 0.716364
vt 0.388516 0.725906
vt 0.407186 0.724279
vt 0.410841 0.732491
vt 0.406488 0.748909
vt 0.413044 0.742253
vt 0.411144 0.747773
vt 0.293147 0.806962
vt 0.392254 0.721629
vt 0.402834 0.750907
vt 0.404473 0.725528
vt 0.286067 0.973922
vt 0.284843 0.971582
vt 0.289014 0.980278
vt 0.434903 0.739962
vt 0.762843 0.702251
vt 0.762243 0.730003
vt 0.527166 0.645080
vt 0.115203 0.613040
vt 0.113874 0.610469
vt 0.117766 0.610214
vt 0.114619 0.608130
vt 0.511302 0.818036
vt 0.506203 0.813317
vt 0.507616 0.812018
vt 0.511245 0.820939
vt 0.508242 0.820923
vt 0.122615 0.608710
vt 0.118269 0.605690
vt 0.511268 0.628246
vt 0.506654 0.632841
vt 0.696098 0.576073
vt 0.282095 0.004545
vt 0.283203 0.008792
vt 0.278029 0.006644
vt 0.508681 0.627314
vt 0.510164 0.624858
vt 0.706551 0.571389
vt 0.704801 0.575738
vt 0.704032 0.572567
vt 0.701944 0.576347
vt 0.702111 0.572641
vt 0.118390 0.589522
vt 0.116149 0.576084
vt 0.112905 0.594816
vt 0.113851 0.575327
vt 0.706064 0.539072
vt 0.701980 0.538862
vt 0.697352 0.539477
vt 0.122965 0.575315
vt 0.703872 0.540141
vt 0.278578 0.026590
vt 0.279049 0.011296
vt 0.283869 0.041121
vt 0.117953 0.574824
vt 0.123197 0.570330
vt 0.278450 0.040956
vt 0.282785 0.044479
vt 0.274066 0.050491
vt 0.704519 0.535781
vt 0.699036 0.529601
vt 0.114148 0.566333
vt 0.117963 0.566050
vt 0.122757 0.565621
vt 0.693373 0.529706
vt 0.691087 0.528451
vt 0.700869 0.529528
vt 0.278746 0.052767
vt 0.694000 0.485895
vt 0.124665 0.493296
vt 0.122165 0.523367
vt 0.697721 0.500592
vt 0.702206 0.487277
vt 0.702630 0.529503
vt 0.115030 0.518134
vt 0.117273 0.514833
vt 0.118600 0.492205
vt 0.692584 0.458506
vt 0.698252 0.477554
vt 0.698949 0.457385
vt 0.280040 0.121811
vt 0.116454 0.491999
vt 0.122544 0.492073
vt 0.701917 0.455795
vt 0.690996 0.450590
vt 0.120259 0.476426
vt 0.123635 0.484166
vt 0.685788 0.440413
vt 0.277935 0.141036
vt 0.694807 0.444662
vt 0.696165 0.440859
vt 0.124657 0.475660
vt 0.128005 0.473904
vt 0.688947 0.441790
vt 0.119404 0.463517
vt 0.125628 0.467285
vt 0.122837 0.464491
vt 0.686830 0.433149
vt 0.690429 0.429416
vt 0.127420 0.455285
vt 0.688753 0.417207
vt 0.682069 0.418456
vt 0.682596 0.425566
vt 0.678116 0.417959
vt 0.123700 0.453792
vt 0.119896 0.451607
vt 0.129661 0.451697
vt 0.679627 0.415786
vt 0.686783 0.418158
vt 0.123344 0.433747
vt 0.682125 0.395704
vt 0.677722 0.388139
vt 0.127696 0.401953
vt 0.690554 0.414176
vt 0.689948 0.387430
vt 0.686422 0.395395
vt 0.119507 0.410790
vt 0.122426 0.412203
vt 0.124050 0.390535
vt 0.681126 0.358122
vt 0.686127 0.370214
vt 0.685679 0.347991
vt 0.120788 0.381658
vt 0.688250 0.297946
vt 0.121919 0.371652
vt 0.685800 0.330982
vt 0.127353 0.308083
vt 0.680954 0.316791
vt 0.676673 0.278071
vt 0.123720 0.354697
vt 0.687174 0.241393
vt 0.685626 0.310873
vt 0.123094 0.336697
vt 0.680205 0.271360
vt 0.684923 0.294265
vt 0.685170 0.277078
vt 0.122054 0.317648
vt 0.123379 0.289832
vt 0.684990 0.252980
vt 0.120563 0.284712
vt 0.127235 0.283630
vt 0.128828 0.224623
vt 0.676295 0.244270
vt 0.680386 0.225626
vt 0.120954 0.273238
vt 0.676132 0.179204
vt 0.684599 0.227137
vt 0.124049 0.238573
vt 0.126872 0.227376
vt 0.121677 0.241445
vt 0.118985 0.255399
vt 0.685374 0.192638
vt 0.688250 0.186478
vt 0.684402 0.205846
vt 0.679618 0.186957
vt 0.121735 0.227478
vt 0.684365 0.181035
vt 0.121137 0.210360
vt 0.122851 0.203185
vt 0.679323 0.175556
vt 0.686806 0.172891
vt 0.126515 0.200283
vt 0.127043 0.191483
vt 0.685049 0.163902
vt 0.121801 0.191367
vt 0.679188 0.162450
vt 0.675713 0.157925
vt 0.685354 0.150996
vt 0.678875 0.152851
vt 0.688202 0.157872
vt 0.125919 0.183291
vt 0.120567 0.184287
vt 0.124965 0.169132
vt 0.685568 0.137954
vt 0.680404 0.136021
vt 0.676548 0.134445
vt 0.120116 0.170873
vt 0.124745 0.161253
vt 0.679028 0.129732
vt 0.123168 0.152991
vt 0.677496 0.118452
vt 0.678821 0.118090
vt 0.275269 0.462855
vt 0.273151 0.475992
vt 0.122185 0.119377
vt 0.272870 0.489809
vt 0.116167 0.092205
vt 0.268187 0.512373
vt 0.263461 0.533948
vt 0.109756 0.072772
vt 0.120373 0.007408
vt 0.097304 0.006927
vt 0.286010 0.610016
vt 0.262576 0.608444
vt 0.874735 0.689256
vt 0.382156 0.701073
vt 0.412773 0.702181
vt 0.281792 0.801246
vt 0.603823 0.645448
vt 0.108396 0.612808
vt 0.104127 0.612761
vt 0.108253 0.610207
vt 0.104363 0.609398
vt 0.107837 0.606190
vt 0.518573 0.821851
vt 0.521414 0.818807
vt 0.516716 0.624439
vt 0.520897 0.621858
vt 0.519055 0.627141
vt 0.809894 0.519622
vt 0.811262 0.516993
vt 0.814095 0.520288
vt 0.276491 0.004034
vt 0.813441 0.515778
vt 0.815687 0.516389
vt 0.811347 0.512390
vt 0.104015 0.591660
vt 0.105792 0.576680
vt 0.108091 0.575708
vt 0.821142 0.482417
vt 0.815656 0.482327
vt 0.812049 0.496991
vt 0.820333 0.516351
vt 0.812234 0.482584
vt 0.104266 0.574941
vt 0.107685 0.571561
vt 0.816647 0.473175
vt 0.810875 0.473137
vt 0.807840 0.473120
vt 0.108936 0.565882
vt 0.278175 0.050633
vt 0.113085 0.546656
vt 0.809212 0.458329
vt 0.808155 0.447742
vt 0.273939 0.075802
vt 0.108971 0.519850
vt 0.108577 0.493870
vt 0.278745 0.092836
vt 0.810990 0.441597
vt 0.810405 0.430490
vt 0.112761 0.509911
vt 0.809370 0.415758
vt 0.808126 0.399607
vt 0.274538 0.123913
vt 0.278933 0.124285
vt 0.113541 0.492908
vt 0.107441 0.492296
vt 0.114618 0.482273
vt 0.108908 0.478767
vt 0.111965 0.468907
vt 0.272967 0.136305
vt 0.273909 0.160095
vt 0.692032 0.420496
vt 0.118259 0.456175
vt 0.112750 0.457767
vt 0.800305 0.369497
vt 0.806013 0.379241
vt 0.805252 0.387332
vt 0.270270 0.154346
vt 0.270026 0.163476
vt 0.113714 0.450988
vt 0.800299 0.359518
vt 0.797001 0.360603
vt 0.797219 0.350049
vt 0.273959 0.166538
vt 0.117126 0.429876
vt 0.269592 0.173972
vt 0.799085 0.340411
vt 0.798686 0.305525
vt 0.796644 0.322056
vt 0.114182 0.403086
vt 0.270686 0.202041
vt 0.274610 0.193318
vt 0.274401 0.234874
vt 0.118410 0.389728
vt 0.114790 0.378608
vt 0.118562 0.371563
vt 0.798807 0.281381
vt 0.797064 0.261705
vt 0.271180 0.262309
vt 0.690305 0.345734
vt 0.114515 0.345556
vt 0.119183 0.344746
vt 0.798541 0.267595
vt 0.113809 0.292063
vt 0.800227 0.243530
vt 0.275140 0.285197
vt 0.689800 0.295387
vt 0.118947 0.317148
vt 0.798770 0.215486
vt 0.796918 0.228877
vt 0.271919 0.295150
vt 0.275608 0.316800
vt 0.689453 0.263772
vt 0.118732 0.284373
vt 0.799024 0.183512
vt 0.689022 0.218640
vt 0.796991 0.163315
vt 0.272880 0.360679
vt 0.113529 0.208145
vt 0.114076 0.237565
vt 0.798412 0.171644
vt 0.276304 0.361911
vt 0.797292 0.127298
vt 0.799529 0.134056
vt 0.277416 0.394137
vt 0.118763 0.221762
vt 0.273080 0.396636
vt 0.118535 0.192208
vt 0.271520 0.404361
vt 0.111531 0.199988
vt 0.116907 0.187191
vt 0.277026 0.422658
vt 0.110592 0.185361
vt 0.275418 0.437768
vt 0.271258 0.425632
vt 0.116438 0.169983
vt 0.269083 0.443132
vt 0.688547 0.133767
vt 0.689300 0.142530
vt 0.685321 0.130116
vt 0.116571 0.163159
vt 0.119614 0.162794
vt 0.682840 0.120492
vt 0.273462 0.459839
vt 0.275826 0.446605
vt 0.687674 0.120681
vt 0.690285 0.120200
vt 0.113599 0.150864
vt 0.117912 0.154634
vt 0.117160 0.147216
vt 0.122061 0.145888
vt 0.686853 0.110138
vt 0.681368 0.113568
vt 0.682114 0.103927
vt 0.679086 0.105011
vt 0.689780 0.108600
vt 0.111897 0.138338
vt 0.115933 0.140349
vt 0.121728 0.138689
vt 0.119840 0.134836
vt 0.115530 0.134914
vt 0.119568 0.127071
vt 0.687304 0.096518
vt 0.681661 0.095509
vt 0.676986 0.108357
vt 0.678332 0.091214
vt 0.691774 0.095100
vt 0.690036 0.094595
vt 0.114961 0.129537
vt 0.113525 0.122166
vt 0.121412 0.123932
vt 0.683060 0.087894
vt 0.679911 0.089880
vt 0.688443 0.086264
vt 0.118006 0.117999
vt 0.680024 0.081004
vt 0.683325 0.075471
vt 0.751470 0.574168
vt 0.749940 0.575687
vt 0.749940 0.565469
vt 0.117873 0.107432
vt 0.680758 0.068092
vt 0.098833 0.042960
vt 0.254794 0.556700
vt 0.888774 0.840430
vt 0.894080 0.684166
vt 0.288703 0.612584
vt 0.265919 0.611469
vt 0.388338 0.701657
vt 0.410773 0.705359
vt 0.279987 0.806595
vt 0.271911 0.808490
vt 0.390599 0.704069
vt 0.330379 0.626565
vt 0.330214 0.649750
vt 0.330214 0.611907
vt 0.096225 0.610593
vt 0.099774 0.612149
vt 0.097176 0.613051
vt 0.099958 0.609595
vt 0.525534 0.830256
vt 0.521872 0.824672
vt 0.525210 0.824651
vt 0.522938 0.831511
vt 0.525323 0.832605
vt 0.859018 0.385683
vt 0.861876 0.383362
vt 0.864674 0.386781
vt 0.857298 0.383099
vt 0.526466 0.617143
vt 0.522953 0.614794
vt 0.821322 0.519706
vt 0.523846 0.611872
vt 0.540521 0.614118
vt 0.824343 0.516894
vt 0.092007 0.606443
vt 0.096043 0.605521
vt 0.099607 0.601848
vt 0.856463 0.375320
vt 0.823327 0.512222
vt 0.825885 0.512904
vt 0.860497 0.365600
vt 0.093391 0.577088
vt 0.097296 0.577955
vt 0.100860 0.576183
vt 0.856228 0.349802
vt 0.824716 0.482324
vt 0.826085 0.483367
vt 0.098627 0.575429
vt 0.860228 0.348931
vt 0.095503 0.574862
vt 0.101062 0.566443
vt 0.865445 0.340274
vt 0.861886 0.340263
vt 0.819292 0.473087
vt 0.823750 0.478672
vt 0.096003 0.566606
vt 0.097848 0.566467
vt 0.104305 0.566109
vt 0.106379 0.566038
vt 0.664018 0.606899
vt 0.664018 0.611405
vt 0.661529 0.607149
vt 0.811190 0.455903
vt 0.338834 0.746404
vt 0.338834 0.730505
vt 0.340702 0.746086
vt 0.818505 0.454052
vt 0.815318 0.456848
vt 0.864305 0.315170
vt 0.860794 0.310903
vt 0.104197 0.540987
vt 0.105997 0.532039
vt 0.095539 0.547458
vt 0.095690 0.516255
vt 0.098865 0.529969
vt 0.101292 0.537028
vt 0.675796 0.665990
vt 0.675796 0.611592
vt 0.676468 0.642425
vt 0.332826 0.681938
vt 0.330420 0.627268
vt 0.332826 0.611907
vt 0.819577 0.402997
vt 0.816101 0.428214
vt 0.863296 0.284608
vt 0.859180 0.286678
vt 0.098728 0.516216
vt 0.100725 0.512835
vt 0.104640 0.510349
vt 0.106703 0.509599
vt 0.811421 0.408099
vt 0.273683 0.119563
vt 0.271427 0.120320
vt 0.271290 0.088526
vt 0.097125 0.492357
vt 0.858266 0.265401
vt 0.815954 0.399099
vt 0.100702 0.491536
vt 0.104753 0.491013
vt 0.862611 0.265306
vt 0.810526 0.394851
vt 0.272457 0.126693
vt 0.817547 0.396361
vt 0.819965 0.395752
vt 0.100476 0.479537
vt 0.102102 0.486043
vt 0.859965 0.260074
vt 0.813389 0.387491
vt 0.815457 0.381959
vt 0.814734 0.385563
vt 0.097137 0.476336
vt 0.096289 0.489113
vt 0.104122 0.473268
vt 0.862975 0.247567
vt 0.866278 0.250201
vt 0.107322 0.475575
vt 0.102252 0.467865
vt 0.869437 0.236886
vt 0.809161 0.371868
vt 0.271405 0.140763
vt 0.269484 0.136241
vt 0.101626 0.455271
vt 0.103707 0.452581
vt 0.105057 0.463077
vt 0.864861 0.237523
vt 0.109285 0.461991
vt 0.805537 0.359880
vt 0.802620 0.367457
vt 0.267910 0.160425
vt 0.810775 0.362431
vt 0.106735 0.452815
vt 0.867160 0.227477
vt 0.110556 0.451247
vt 0.807698 0.357783
vt 0.101487 0.449109
vt 0.104864 0.440092
vt 0.106925 0.444165
vt 0.871325 0.226317
vt 0.867136 0.218860
vt 0.810305 0.357151
vt 0.110667 0.425649
vt 0.112139 0.417371
vt 0.101779 0.408392
vt 0.106555 0.423881
vt 0.870258 0.200757
vt 0.807785 0.340257
vt 0.801113 0.317926
vt 0.104292 0.408697
vt 0.865814 0.198558
vt 0.805359 0.318649
vt 0.110399 0.396904
vt 0.112051 0.400494
vt 0.269693 0.276651
vt 0.266745 0.187980
vt 0.267157 0.165690
vt 0.809353 0.246274
vt 0.106323 0.395789
vt 0.868657 0.172012
vt 0.864374 0.170474
vt 0.267494 0.227539
vt 0.103894 0.379231
vt 0.867437 0.148424
vt 0.863453 0.149060
vt 0.111902 0.385468
vt 0.805435 0.289783
vt 0.100492 0.380732
vt 0.106505 0.374338
vt 0.110236 0.373308
vt 0.807764 0.258586
vt 0.101085 0.362059
vt 0.105105 0.354853
vt 0.865028 0.099972
vt 0.111675 0.302190
vt 0.805363 0.253425
vt 0.267376 0.254114
vt 0.100739 0.336648
vt 0.103761 0.336202
vt 0.106273 0.335473
vt 0.110058 0.324824
vt 0.861429 0.110211
vt 0.806183 0.210173
vt 0.267981 0.286454
vt 0.101640 0.309721
vt 0.860475 0.091163
vt 0.106213 0.316413
vt 0.104706 0.299567
vt 0.863491 0.077884
vt 0.109513 0.302769
vt 0.801331 0.198791
vt 0.268558 0.317029
vt 0.104234 0.280407
vt 0.859013 0.054549
vt 0.106471 0.279735
vt 0.111511 0.287433
vt 0.101698 0.284347
vt 0.862152 0.050143
vt 0.109427 0.275008
vt 0.809212 0.154322
vt 0.806207 0.171810
vt 0.269163 0.338438
vt 0.104000 0.259628
vt 0.106040 0.251952
vt 0.857317 0.026750
vt 0.801131 0.127281
vt 0.271313 0.368591
vt 0.269408 0.372262
vt 0.100460 0.253682
vt 0.103152 0.238126
vt 0.111315 0.233749
vt 0.806102 0.127889
vt 0.100676 0.233509
vt 0.109103 0.224844
vt 0.105802 0.233528
vt 0.856228 0.008320
vt 0.859638 0.000000
vt 0.104723 0.224488
vt 0.271345 0.395229
vt 0.268138 0.398050
vt 0.111176 0.207632
vt 0.809730 0.127609
vt 0.100452 0.205511
vt 0.103074 0.208974
vt 0.105310 0.208891
vt 0.108774 0.208357
vt 0.798380 0.119382
vt 0.801175 0.116831
vt 0.809588 0.120018
vt 0.805702 0.119932
vt 0.806161 0.112307
vt 0.809196 0.104565
vt 0.103948 0.199822
vt 0.704142 0.748802
vt 0.704142 0.758276
vt 0.700650 0.755310
vt 0.108324 0.201051
vt 0.799454 0.108533
vt 0.806828 0.102343
vt 0.803369 0.098291
vt 0.811341 0.097962
vt 0.100474 0.188473
vt 0.107710 0.187979
vt 0.800521 0.100081
vt 0.798446 0.098061
vt 0.808390 0.095228
vt 0.103198 0.187663
vt 0.102338 0.181211
vt 0.106067 0.181400
vt 0.807885 0.087558
vt 0.802686 0.084014
vt 0.105878 0.173812
vt 0.672352 0.611058
vt 0.669287 0.608957
vt 0.672352 0.603019
vt 0.109839 0.173252
vt 0.799820 0.080296
vt 0.101498 0.173474
vt 0.107395 0.168067
vt 0.104297 0.167851
vt 0.801996 0.067014
vt 0.808278 0.080276
vt 0.808638 0.072829
vt 0.104137 0.162133
vt 0.107897 0.159947
vt 0.804300 0.067603
vt 0.801133 0.060431
vt 0.266585 0.462714
vt 0.104896 0.153751
vt 0.104445 0.145893
vt 0.270433 0.484562
vt 0.273341 0.471450
vt 0.260975 0.485435
vt 0.100403 0.127805
vt 0.110219 0.126595
vt 0.260401 0.489758
vt 0.109105 0.114268
vt 0.269525 0.495552
vt 0.265676 0.511486
vt 0.691913 0.084016
vt 0.691322 0.076059
vt 0.105816 0.107751
vt 0.111251 0.107352
vt 0.108480 0.105164
vt 0.115201 0.108934
vt 0.689118 0.070513
vt 0.694201 0.067603
vt 0.113301 0.100058
vt 0.684217 0.066987
vt 0.692397 0.065388
vt 0.107474 0.094243
vt 0.115993 0.099378
vt 0.683408 0.056193
vt 0.686629 0.055198
vt 0.694084 0.054482
vt 0.692116 0.052420
vt 0.110952 0.088539
vt 0.683028 0.045972
vt 0.687190 0.042082
vt 0.248942 0.571310
vt 0.272625 0.979203
vt 0.432531 0.656144
vt 0.431372 0.737854
vt 0.430725 0.710668
vt 0.263826 0.799681
vt 0.265572 0.981967
vt 0.760711 0.682350
vt 0.525149 0.834731
vt 0.549778 0.834909
vt 0.538390 0.611592
vt 0.275535 0.009411
vt 0.263301 0.005265
vt 0.276041 0.005580
vt 0.079920 0.573905
vt 0.263700 0.040402
vt 0.275845 0.038913
vt 0.277200 0.040146
vt 0.255207 0.043418
vt 0.274906 0.043730
vt 0.253801 0.048993
vt 0.271219 0.049330
vt 0.270615 0.064926
vt 0.083793 0.492655
vt 0.256226 0.124496
vt 0.250018 0.163925
vt 0.096493 0.288819
vt 0.097272 0.187505
vt 0.270657 0.402781
vt 0.268884 0.424560
vt 0.099405 0.181890
vt 0.810946 0.087449
vt 0.265093 0.449877
vt 0.267072 0.439303
vt 0.096914 0.171156
vt 0.812520 0.082995
vt 0.754520 0.565469
vt 0.758480 0.569635
vt 0.754520 0.575148
vt 0.811051 0.073131
vt 0.092106 0.150267
vt 0.095834 0.161805
vt 0.100101 0.163876
vt 0.813957 0.072172
vt 0.097242 0.155341
vt 0.101931 0.153891
vt 0.097798 0.152306
vt 0.803239 0.056958
vt 0.814065 0.061241
vt 0.810495 0.057944
vt 0.091270 0.140236
vt 0.101777 0.146991
vt 0.815077 0.047150
vt 0.811786 0.050027
vt 0.805301 0.048203
vt 0.348724 0.749360
vt 0.352538 0.733753
vt 0.352538 0.751025
vt 0.098743 0.136840
vt 0.804363 0.037081
vt 0.094329 0.136988
vt 0.812553 0.040299
vt 0.808167 0.035263
vt 0.096894 0.129819
vt 0.255465 0.503273
vt 0.261578 0.527587
vt 0.102869 0.091783
vt 0.103020 0.077634
vt 0.101249 0.076546
vt 0.696308 0.051023
vt 0.096778 0.076248
vt 0.099345 0.077057
vt 0.106881 0.074826
vt 0.697460 0.038158
vt 0.693909 0.040313
vt 0.685334 0.036667
vt 0.102767 0.057762
vt 0.688166 0.028777
vt 0.690818 0.028603
vt 0.687427 0.022239
vt 0.695451 0.029108
vt 0.100588 0.059622
vt 0.077214 0.006451
vt 0.095339 0.003915
vt 0.895190 0.835514
vt 0.384001 0.690639
vt 0.260836 0.970826
vt 0.405310 0.703891
vt 0.263518 0.973915
vt 0.548025 0.830105
vt 0.074789 0.609718
vt 0.556774 0.826383
vt 0.252627 0.008845
vt 0.076297 0.565581
vt 0.676825 0.611592
vt 0.676825 0.661935
vt 0.676468 0.630688
vt 0.244857 0.120686
vt 0.087302 0.455110
vt 0.077647 0.449675
vt 0.207603 0.163426
vt 0.264239 0.460733
vt 0.258353 0.481350
vt 0.261784 0.474575
vt 0.089179 0.127155
vt 0.091561 0.126326
vt 0.086254 0.126649
vt 0.094738 0.123195
vt 0.816257 0.033281
vt 0.813448 0.032315
vt 0.817593 0.039956
vt 0.088309 0.118533
vt 0.091249 0.111108
vt 0.809176 0.020372
vt 0.254298 0.501332
vt 0.804576 0.032700
vt 0.807195 0.018657
vt 0.816205 0.020013
vt 0.811332 0.020832
vt 0.093655 0.109511
vt 0.811861 0.009264
vt 0.244701 0.519862
vt 0.244901 0.523748
vt 0.258791 0.540149
vt 0.253039 0.550907
vt 0.092179 0.060384
vt 0.095890 0.059536
vt 0.698484 0.026810
vt 0.692030 0.017524
vt 0.698021 0.019913
vt 0.700716 0.026727
vt 0.095052 0.049069
vt 0.094552 0.042501
vt 0.694999 0.009891
vt 0.692208 0.008636
vt 0.246376 0.569325
vt 0.243300 0.608552
vt 0.914679 0.688057
vt 0.253725 0.806161
vt 0.257450 0.979343
vt 0.069643 0.605905
vt 0.558547 0.617942
vt 0.240349 0.040330
vt 0.058293 0.572642
vt 0.236856 0.159752
vt 0.247418 0.507915
vt 0.085137 0.118847
vt 0.253167 0.500381
vt 0.258757 0.488148
vt 0.076133 0.103655
vt 0.081122 0.107986
vt 0.085302 0.110235
vt 0.088570 0.108947
vt 0.820086 0.020385
vt 0.080405 0.101681
vt 0.082950 0.100816
vt 0.085224 0.099778
vt 0.813062 0.000923
vt 0.821199 0.011052
vt 0.819070 0.009417
vt 0.813862 0.011119
vt 0.087314 0.097779
vt 0.815320 0.004552
vt 0.330224 0.692806
vt 0.332826 0.681938
vt 0.332826 0.705446
vt 0.078323 0.090579
vt 0.078221 0.043759
vt 0.702185 0.016126
vt 0.086074 0.050701
vt 0.088396 0.048062
vt 0.700510 0.011732
vt 0.249103 0.561111
vt 0.241331 0.569265
vt 0.090789 0.043936
vt 0.238692 0.577136
vt 0.226044 0.586933
vt 0.410537 0.672106
vt 0.405503 0.686745
vt 0.249428 0.800843
vt 0.390370 0.678462
vt 0.242230 0.808749
vt 0.240964 0.973888
vt 0.248436 0.981127
vt 0.573778 0.833700
vt 0.054933 0.604514
vt 0.205011 0.036837
vt 0.238413 0.048570
vt 0.069234 0.492771
vt 0.050820 0.484972
vt 0.201926 0.134529
vt 0.061011 0.102091
vt 0.823551 0.012215
vt 0.659551 0.601857
vt 0.664904 0.600120
vt 0.660620 0.606144
vt 0.077238 0.094902
vt 0.076112 0.098318
vt 0.664427 0.606900
vt 0.826085 0.004128
vt 0.821714 0.003608
vt 0.666769 0.596420
vt 0.671626 0.599512
vt 0.666239 0.603019
vt 0.249272 0.509376
vt 0.241799 0.515447
vt 0.235410 0.525075
vt 0.236509 0.522079
vt 0.818797 0.000000
vt 0.671666 0.593375
vt 0.063908 0.087139
vt 0.704165 0.003841
vt 0.706551 0.007082
vt 0.082332 0.041797
vt 0.077379 0.038969
vt 0.113234 0.753393
vt 0.113700 0.759357
vt 0.107578 0.753173
vt 0.107357 0.760230
vt 0.107554 0.747493
vt 0.080166 0.036497
vt 0.083315 0.033533
vt 0.085348 0.039650
vt 0.238268 0.574620
vt 0.234066 0.576832
vt 0.742276 0.557556
vt 0.742096 0.552795
vt 0.748472 0.556772
vt 0.695928 -0.000000
vt 0.698370 0.002274
vt 0.742802 0.565469
vt 0.387796 0.669510
vt 0.237913 0.805838
vt 0.241566 0.970659
vt 0.238812 0.979342
vt 0.330379 0.671055
vt 0.330379 0.611907
vt 0.330420 0.650597
vt 0.434339 0.689299
vt 0.578318 0.830390
vt 0.054615 0.610305
vt 0.057583 0.608432
vt 0.613931 0.819413
vt 0.219239 0.003807
vt 0.239125 0.005568
vt 0.588106 0.611739
vt 0.024717 0.574101
vt 0.049616 0.564438
vt 0.235970 0.126154
vt 0.060515 0.452704
vt 0.224150 0.162753
vt 0.037731 0.444676
vt 0.223413 0.500000
vt 0.233348 0.514670
vt 0.070604 0.098509
vt 0.067196 0.094531
vt 0.072032 0.095026
vt 0.674423 0.595360
vt 0.659476 0.591664
vt 0.664616 0.595702
vt 0.660081 0.596890
vt 0.665537 0.590193
vt 0.666239 0.594223
vt 0.704299 0.743238
vt 0.705654 0.736305
vt 0.705654 0.748880
vt 0.072749 0.091224
vt 0.232673 0.521332
vt 0.739513 0.568529
vt 0.737794 0.576309
vt 0.737794 0.566396
vt 0.666316 0.589258
vt 0.239228 0.519994
vt 0.113713 0.743012
vt 0.113713 0.724811
vt 0.114959 0.733557
vt 0.232726 0.570941
vt 0.106165 0.742488
vt 0.108067 0.742266
vt 0.072362 0.039397
vt 0.067602 0.042131
vt 0.113713 0.747159
vt 0.747991 0.548450
vt 0.742861 0.547074
vt 0.233459 0.573792
vt 0.749624 0.547767
vt 0.240676 0.572676
vt 0.072254 0.032079
vt 0.075719 0.036194
vt 0.226394 0.578443
vt 0.231803 0.580658
vt 0.741044 0.544534
vt 0.229606 0.607914
vt 0.059471 0.003422
vt 0.231325 0.799506
vt 0.430877 0.682373
vt 0.041230 0.607358
vt 0.576941 0.617541
vt 0.611872 0.627482
vt 0.589819 0.614721
vt 0.227664 0.007864
vt 0.205172 0.007663
vt 0.221167 0.039855
vt 0.221516 0.120965
vt 0.049807 0.491555
vt 0.200211 0.155179
vt 0.202086 0.354116
vt 0.205652 0.424730
vt 0.062645 0.097982
vt 0.657613 0.587434
vt 0.659938 0.586637
vt 0.740213 0.518414
vt 0.737794 0.516089
vt 0.742651 0.515000
vt 0.228732 0.515885
vt 0.232429 0.518660
vt 0.228020 0.510701
vt 0.745426 0.575594
vt 0.746576 0.571372
vt 0.747361 0.575304
vt 0.664609 0.584249
vt 0.666235 0.583130
vt 0.749939 0.570145
vt 0.226396 0.523966
vt 0.228894 0.520194
vt 0.238786 0.519250
vt 0.671532 0.586281
vt 0.666239 0.585043
vt 0.666946 0.576737
vt 0.671985 0.581894
vt 0.067345 0.089210
vt 0.063431 0.045216
vt 0.107454 0.736922
vt 0.105124 0.737542
vt 0.113713 0.733735
vt 0.107263 0.731534
vt 0.113146 0.742345
vt 0.751638 0.755759
vt 0.756670 0.752882
vt 0.754667 0.756223
vt 0.743324 0.541607
vt 0.747833 0.542108
vt 0.225896 0.571527
vt 0.227667 0.574695
vt 0.756670 0.759365
vt 0.222985 0.580059
vt 0.216291 0.574961
vt 0.947128 0.840292
vt 0.209351 0.607448
vt 0.945802 0.684262
vt 0.382059 0.650520
vt 0.384135 0.665969
vt 0.223593 0.807326
vt 0.227690 0.972697
vt 0.402834 0.675503
vt 0.405965 0.665140
vt 0.226701 0.980514
vt 0.762637 0.647205
vt 0.761912 0.666753
vt 0.609214 0.831328
vt 0.624618 0.805923
vt 0.023968 0.602819
vt 0.036014 0.571942
vt 0.218937 0.047939
vt 0.203119 0.077254
vt 0.028766 0.532540
vt 0.047224 0.450131
vt 0.035124 0.355699
vt 0.034667 0.284893
vt 0.035047 0.216631
vt 0.208333 0.448830
vt 0.041661 0.152087
vt 0.045306 0.136024
vt 0.050002 0.120004
vt 0.051085 0.113514
vt 0.056024 0.103433
vt 0.224182 0.511459
vt 0.219277 0.499050
vt 0.742036 0.509786
vt 0.659969 0.581899
vt 0.745516 0.509377
vt 0.664989 0.576737
vt 0.747422 0.519107
vt 0.745448 0.518477
vt 0.749586 0.511357
vt 0.751915 0.511783
vt 0.671772 0.576900
vt 0.746430 0.524490
vt 0.218905 0.514248
vt 0.221820 0.513844
vt 0.217562 0.517293
vt 0.217974 0.560634
vt 0.209776 0.544724
vt 0.616195 0.560254
vt 0.614936 0.571437
vt 0.612128 0.568465
vt 0.218362 0.565617
vt 0.610006 0.572080
vt 0.612377 0.574665
vt 0.112432 0.731283
vt 0.113257 0.724811
vt 0.619393 0.575055
vt 0.625753 0.568132
vt 0.619722 0.581529
vt 0.060405 0.043966
vt 0.059847 0.041291
vt 0.217763 0.571685
vt 0.742595 0.533714
vt 0.747173 0.536224
vt 0.214272 0.570409
vt 0.749624 0.539048
vt 0.222227 0.572001
vt 0.215816 0.565590
vt 0.747062 0.528924
vt 0.693159 0.750010
vt 0.693159 0.757227
vt 0.690502 0.754927
vt 0.205291 0.569383
vt 0.947484 0.835791
vt 0.202904 0.609864
vt 0.220990 0.800707
vt 0.392005 0.661482
vt 0.607848 0.833632
vt 0.606794 0.827261
vt 0.029929 0.492376
vt 0.029534 0.480989
vt 0.032231 0.463574
vt 0.201256 0.279279
vt 0.034387 0.248021
vt 0.038953 0.168204
vt 0.215946 0.481056
vt 0.216746 0.488833
vt 0.744500 0.499122
vt 0.750460 0.486743
vt 0.747992 0.499698
vt 0.212922 0.488012
vt 0.752475 0.500006
vt 0.217204 0.499915
vt 0.214413 0.503108
vt 0.210325 0.490408
vt 0.755200 0.498007
vt 0.209848 0.502756
vt 0.056564 0.100647
vt 0.748794 0.526109
vt 0.756504 0.503335
vt 0.044023 0.085139
vt 0.203674 0.527742
vt 0.056758 0.052509
vt 0.046885 0.073246
vt 0.051042 0.062127
vt 0.620412 0.557900
vt 0.618356 0.564713
vt 0.619651 0.549844
vt 0.626547 0.554159
vt 0.623445 0.566761
vt 0.209267 0.555195
vt 0.214137 0.559005
vt 0.629740 0.553360
vt 0.210464 0.564331
vt 0.206762 0.564999
vt 0.201996 0.555432
vt 0.741248 0.526109
vt 0.192545 0.606299
vt 0.050498 0.005290
vt 0.049872 0.001775
vt 0.946054 0.689052
vt 0.412599 0.656350
vt 0.211276 0.806775
vt 0.390130 0.651879
vt 0.211502 0.808874
vt 0.217824 0.979307
vt 0.211674 0.973583
vt 0.204445 0.981328
vt 0.761604 0.627914
vt 0.643760 0.765492
vt 0.025120 0.609078
vt 0.608207 0.620360
vt 0.608420 0.616147
vt 0.608340 0.614059
vt 0.202155 0.038174
vt 0.202061 0.041445
vt 0.028456 0.563512
vt 0.029523 0.551349
vt 0.202055 0.047453
vt 0.027789 0.498078
vt 0.203555 0.118105
vt 0.027930 0.487048
vt 0.202329 0.123265
vt 0.033571 0.451281
vt 0.199037 0.219063
vt 0.199311 0.183447
vt 0.034903 0.394764
vt 0.033861 0.321413
vt 0.200667 0.320674
vt 0.037050 0.175244
vt 0.208480 0.457600
vt 0.747258 0.475933
vt 0.749401 0.459407
vt 0.750582 0.467450
vt 0.748530 0.481690
vt 0.210989 0.473863
vt 0.753378 0.466931
vt 0.752552 0.476351
vt 0.758579 0.469462
vt 0.756318 0.485829
vt 0.209118 0.477007
vt 0.744536 0.492544
vt 0.760080 0.485725
vt 0.206926 0.484262
vt 0.206769 0.490122
vt 0.206296 0.477610
vt 0.203989 0.478066
vt 0.050664 0.108265
vt 0.624524 0.539427
vt 0.621663 0.538190
vt 0.629261 0.538767
vt 0.623120 0.548166
vt 0.203787 0.542934
vt 0.206416 0.543633
vt 0.104509 0.768555
vt 0.101456 0.755934
vt 0.104836 0.755672
vt 0.632836 0.534919
vt 0.100419 0.768538
vt 0.200474 0.543094
vt 0.204937 0.555087
vt 0.198192 0.544169
vt 0.052786 0.057742
vt 0.653929 0.608408
vt 0.652243 0.590965
vt 0.653929 0.576737
vt 0.099662 0.778455
vt 0.384100 0.636335
vt 0.387954 0.639778
vt 0.406836 0.643977
vt 0.410507 0.643635
vt 0.204823 0.801442
vt 0.204499 0.979373
vt 0.436229 0.655433
vt 0.201932 0.798249
vt 0.758096 0.630636
vt 0.023261 0.607112
vt 0.201785 0.003505
vt 0.607812 0.611775
vt 0.201286 0.006957
vt 0.022752 0.572712
vt 0.202706 0.092942
vt 0.197113 0.162647
vt 0.033977 0.419768
vt 0.198277 0.259237
vt 0.201454 0.383766
vt 0.202465 0.410214
vt 0.032486 0.217438
vt 0.033517 0.210428
vt 0.755170 0.399931
vt 0.753381 0.420809
vt 0.753215 0.394001
vt 0.203572 0.428678
vt 0.201654 0.417213
vt 0.035352 0.189852
vt 0.752344 0.435642
vt 0.754691 0.432574
vt 0.199748 0.426673
vt 0.757063 0.434437
vt 0.204619 0.440573
vt 0.201682 0.440687
vt 0.200595 0.433116
vt 0.752929 0.445769
vt 0.751033 0.442939
vt 0.755815 0.447168
vt 0.760407 0.448536
vt 0.198693 0.446207
vt 0.196911 0.440046
vt 0.203345 0.446426
vt 0.198899 0.452038
vt 0.203535 0.452037
vt 0.201591 0.460180
vt 0.199127 0.460158
vt 0.205662 0.461428
vt 0.761566 0.455649
vt 0.761836 0.467194
vt 0.764246 0.452632
vt 0.201434 0.466590
vt 0.198352 0.465912
vt 0.760068 0.477422
vt 0.201913 0.479844
vt 0.191409 0.475827
vt 0.195250 0.493499
vt 0.039422 0.101811
vt 0.044511 0.125104
vt 0.198628 0.515241
vt 0.195008 0.501933
vt 0.626209 0.517253
vt 0.622962 0.525927
vt 0.625450 0.508627
vt 0.624673 0.528576
vt 0.627814 0.523506
vt 0.200108 0.525210
vt 0.195612 0.517473
vt 0.200034 0.531555
vt 0.632683 0.524871
vt 0.105124 0.743850
vt 0.101264 0.740731
vt 0.104231 0.729399
vt 0.678635 0.712259
vt 0.677073 0.711354
vt 0.675938 0.707529
vt 0.195307 0.528423
vt 0.192452 0.528528
vt 0.633928 0.538820
vt 0.196271 0.547783
vt 0.191483 0.532930
vt 0.675938 0.726357
vt 0.171445 0.603641
vt 0.021910 0.003411
vt 0.171388 0.606740
vt 0.186917 0.808453
vt 0.186163 0.806657
vt 0.390709 0.630305
vt 0.192115 0.971274
vt 0.193973 0.973897
vt 0.404341 0.643290
vt 0.761443 0.585892
vt 0.436162 0.628286
vt 0.647709 0.783824
vt 0.609262 0.834836
vt 0.740020 0.006687
vt 0.737794 0.007986
vt 0.739333 0.003508
vt 0.742293 -0.000000
vt 0.743910 0.001209
vt 0.743044 0.004364
vt 0.612764 0.824615
vt 0.611790 0.830996
vt 0.748961 0.002115
vt 0.749877 0.000057
vt 0.610304 0.614687
vt 0.613859 0.624242
vt 0.612396 0.621685
vt 0.197426 -0.000000
vt 0.193109 0.002517
vt 0.190621 0.001582
vt 0.199202 0.000241
vt 0.194089 0.004844
vt 0.612624 0.619161
vt 0.749624 0.528485
vt 0.752104 0.526109
vt 0.753614 0.528978
vt 0.192374 0.005169
vt 0.198220 0.002011
vt 0.200247 0.001050
vt 0.197642 0.004927
vt 0.738959 0.037928
vt 0.751672 0.561688
vt 0.755416 0.556064
vt 0.741450 0.038068
vt 0.198405 0.037946
vt 0.197657 0.032113
vt 0.756265 0.561955
vt 0.742596 0.047253
vt 0.747743 0.046918
vt 0.743713 0.037645
vt 0.750343 0.041631
vt 0.199444 0.047696
vt 0.196904 0.047685
vt 0.193191 0.041676
vt 0.749624 0.565056
vt 0.745044 0.047196
vt 0.752222 0.047110
vt 0.193788 0.047933
vt 0.190978 0.048086
vt 0.835654 0.525600
vt 0.832243 0.525388
vt 0.836059 0.519268
vt 0.742447 0.078285
vt 0.747672 0.085073
vt 0.752895 0.066673
vt 0.754048 0.057380
vt 0.755555 0.047059
vt 0.832987 0.547067
vt 0.194151 0.069626
vt 0.192481 0.097033
vt 0.199402 0.079609
vt 0.197610 0.083817
vt 0.752301 0.091973
vt 0.743290 0.112630
vt 0.190619 0.121664
vt 0.200522 0.102267
vt 0.837222 0.561734
vt 0.747243 0.120897
vt 0.754179 0.082441
vt 0.754627 0.099808
vt 0.834360 0.584832
vt 0.752535 0.112018
vt 0.194553 0.107434
vt 0.838536 0.600792
vt 0.754679 0.115497
vt 0.835136 0.600552
vt 0.192882 0.122096
vt 0.195112 0.123124
vt 0.200779 0.122343
vt 0.198124 0.122916
vt 0.744038 0.123617
vt 0.753409 0.123817
vt 0.748630 0.130859
vt 0.755455 0.133821
vt 0.758900 0.132940
vt 0.190489 0.135376
vt 0.198857 0.134005
vt 0.751397 0.144765
vt 0.753404 0.142287
vt 0.831121 0.616615
vt 0.192528 0.139684
vt 0.744906 0.129726
vt 0.749690 0.146953
vt 0.760512 0.148984
vt 0.187639 0.155629
vt 0.191159 0.150384
vt 0.197242 0.148503
vt 0.195135 0.148524
vt 0.832970 0.625759
vt 0.753529 0.159031
vt 0.756942 0.154436
vt 0.828480 0.627022
vt 0.830039 0.638380
vt 0.757975 0.162512
vt 0.763040 0.161499
vt 0.763903 0.150989
vt 0.765053 0.160829
vt 0.189691 0.161675
vt 0.186888 0.163246
vt 0.193408 0.161494
vt 0.033520 0.445949
vt 0.754435 0.164288
vt 0.195433 0.174874
vt 0.826085 0.638018
vt 0.189950 0.176165
vt 0.193202 0.173622
vt 0.830116 0.650444
vt 0.826558 0.652499
vt 0.756207 0.204114
vt 0.754010 0.190559
vt 0.765175 0.187055
vt 0.758807 0.215105
vt 0.763075 0.209711
vt 0.193783 0.206866
vt 0.196208 0.206279
vt 0.764929 0.199997
vt 0.187871 0.234253
vt 0.831518 0.683681
vt 0.190591 0.223747
vt 0.828434 0.700046
vt 0.765445 0.232750
vt 0.194622 0.264886
vt 0.759118 0.291115
vt 0.765471 0.243666
vt 0.195831 0.251209
vt 0.833805 0.741664
vt 0.765199 0.255376
vt 0.763541 0.292453
vt 0.830683 0.746321
vt 0.756473 0.291749
vt 0.189897 0.279348
vt 0.191735 0.269986
vt 0.187287 0.270198
vt 0.196848 0.274885
vt 0.753985 0.288984
vt 0.766888 0.283273
vt 0.834991 0.774092
vt 0.194998 0.297348
vt 0.197536 0.304000
vt 0.765983 0.298610
vt 0.833094 0.805658
vt 0.759080 0.324847
vt 0.756630 0.329175
vt 0.763420 0.327186
vt 0.190685 0.331908
vt 0.766813 0.331616
vt 0.192670 0.329350
vt 0.198046 0.350536
vt 0.189283 0.391887
vt 0.195724 0.350984
vt 0.837092 0.827689
vt 0.199302 0.359804
vt 0.765121 0.343893
vt 0.755485 0.392813
vt 0.759320 0.366198
vt 0.835123 0.861169
vt 0.838536 0.852243
vt 0.193396 0.384911
vt 0.764170 0.392655
vt 0.767182 0.352159
vt 0.765797 0.384861
vt 0.191609 0.388945
vt 0.196579 0.375484
vt 0.758642 0.392749
vt 0.199040 0.386669
vt 0.196846 0.391569
vt 0.758505 0.400140
vt 0.763389 0.399966
vt 0.766427 0.400408
vt 0.767898 0.390473
vt 0.191487 0.406752
vt 0.199814 0.404314
vt 0.197810 0.406055
vt 0.194288 0.405928
vt 0.758515 0.408137
vt 0.763916 0.408265
vt 0.766569 0.415848
vt 0.757096 0.417768
vt 0.762136 0.420262
vt 0.764535 0.419030
vt 0.191627 0.412298
vt 0.195033 0.414306
vt 0.198838 0.415444
vt 0.674423 0.600354
vt 0.677552 0.602825
vt 0.674423 0.610676
vt 0.757636 0.423916
vt 0.195040 0.426759
vt 0.762328 0.435409
vt 0.765341 0.434542
vt 0.192096 0.434195
vt 0.194638 0.432199
vt 0.698258 0.736305
vt 0.700650 0.742381
vt 0.697739 0.743205
vt 0.700650 0.749746
vt 0.197685 0.432788
vt 0.195367 0.450729
vt 0.186964 0.446214
vt 0.189656 0.464144
vt 0.032082 0.139169
vt 0.037388 0.157293
vt 0.031341 0.152239
vt 0.035602 0.121906
vt 0.629599 0.479062
vt 0.627411 0.488008
vt 0.629395 0.470246
vt 0.629297 0.491082
vt 0.631798 0.481878
vt 0.192622 0.488926
vt 0.188643 0.483787
vt 0.631128 0.495997
vt 0.190590 0.494956
vt 0.627048 0.502730
vt 0.627418 0.507170
vt 0.189074 0.505209
vt 0.186107 0.504170
vt 0.185980 0.495975
vt 0.193373 0.506879
vt 0.340864 0.743868
vt 0.343924 0.733449
vt 0.344954 0.745545
vt 0.629632 0.510256
vt 0.636265 0.501624
vt 0.635745 0.494637
vt 0.633848 0.512743
vt 0.635677 0.513970
vt 0.638266 0.512499
vt 0.638720 0.500084
vt 0.186033 0.511205
vt 0.190129 0.512861
vt 0.340864 0.751628
vt 0.636337 0.524829
vt 0.099662 0.724811
vt 0.635001 0.540033
vt 0.170472 0.543737
vt 0.983438 0.840292
vt 0.978815 0.688759
vt 0.186156 0.799725
vt 0.434936 0.639285
vt 0.433733 0.615426
vt 0.748103 0.004606
vt 0.751878 0.007324
vt 0.752854 0.003083
vt 0.754075 0.000556
vt 0.016537 0.604218
vt 0.021718 0.602130
vt 0.021668 0.606282
vt 0.616676 0.822068
vt 0.621103 0.818453
vt 0.623304 0.822090
vt 0.023251 0.608822
vt 0.017482 0.607750
vt 0.625118 0.639288
vt 0.621828 0.627567
vt 0.622392 0.623741
vt 0.189774 0.005684
vt 0.183307 0.002866
vt 0.183772 0.007471
vt 0.750588 0.022597
vt 0.748409 0.037458
vt 0.016841 0.590139
vt 0.021579 0.573015
vt 0.194015 0.038180
vt 0.189553 0.038436
vt 0.751891 0.036450
vt 0.016981 0.571002
vt 0.191291 0.038808
vt 0.184259 0.038335
vt 0.752499 0.038718
vt 0.021797 0.570714
vt 0.184567 0.042854
vt 0.022266 0.562197
vt 0.026819 0.562496
vt 0.184087 0.048056
vt 0.756061 0.074442
vt 0.026445 0.535064
vt 0.185009 0.089157
vt 0.190009 0.097245
vt 0.022005 0.519441
vt 0.185693 0.121554
vt 0.183347 0.118741
vt 0.756334 0.120419
vt 0.022111 0.488615
vt 0.026283 0.489087
vt 0.182802 0.128388
vt 0.028491 0.476524
vt 0.024424 0.472575
vt 0.183057 0.145482
vt 0.031501 0.458292
vt 0.178039 0.160651
vt 0.028413 0.449487
vt 0.622908 0.142350
vt 0.626017 0.159301
vt 0.619614 0.136505
vt 0.180420 0.161150
vt 0.766888 0.161171
vt 0.032273 0.447924
vt 0.627814 0.159777
vt 0.028091 0.429875
vt 0.032191 0.413339
vt 0.626945 0.178840
vt 0.181311 0.187691
vt 0.767128 0.195757
vt 0.185758 0.196767
vt 0.178731 0.189594
vt 0.027811 0.407396
vt 0.180983 0.218569
vt 0.027153 0.384164
vt 0.031946 0.359396
vt 0.767287 0.249711
vt 0.027796 0.358145
vt 0.182391 0.247331
vt 0.181725 0.281031
vt 0.026984 0.328477
vt 0.032304 0.325919
vt 0.767538 0.317056
vt 0.026889 0.303150
vt 0.182304 0.310626
vt 0.031623 0.292058
vt 0.187376 0.307622
vt 0.187960 0.341917
vt 0.183762 0.341820
vt 0.027249 0.270382
vt 0.032218 0.277615
vt 0.031936 0.257036
vt 0.184109 0.391818
vt 0.182080 0.406287
vt 0.027196 0.248341
vt 0.026539 0.228520
vt 0.031086 0.218628
vt 0.027212 0.206996
vt 0.184435 0.423001
vt 0.033128 0.208976
vt 0.033262 0.193546
vt 0.027788 0.187071
vt 0.632628 0.411834
vt 0.631215 0.421736
vt 0.631090 0.401736
vt 0.035289 0.175120
vt 0.180880 0.422856
vt 0.183885 0.431013
vt 0.028959 0.168141
vt 0.633712 0.436644
vt 0.630796 0.440837
vt 0.633237 0.446321
vt 0.183338 0.445227
vt 0.631317 0.456136
vt 0.629392 0.457092
vt 0.638903 0.443150
vt 0.638152 0.457354
vt 0.184065 0.451962
vt 0.179339 0.452647
vt 0.178789 0.446590
vt 0.633523 0.459038
vt 0.641354 0.447370
vt 0.640625 0.460895
vt 0.185485 0.461928
vt 0.180695 0.462094
vt 0.632452 0.468503
vt 0.185926 0.467426
vt 0.181624 0.468883
vt 0.177578 0.465730
vt 0.637966 0.472781
vt 0.642090 0.470541
vt 0.640481 0.478590
vt 0.642361 0.458406
vt 0.625162 0.587023
vt 0.621334 0.590444
vt 0.620526 0.581529
vt 0.180817 0.476562
vt 0.186849 0.473902
vt 0.636452 0.483452
vt 0.183729 0.477635
vt 0.625178 0.597037
vt 0.640054 0.485787
vt 0.621156 0.601571
vt 0.185480 0.488643
vt 0.182875 0.489269
vt 0.180541 0.488492
vt 0.638281 0.493687
vt 0.640513 0.496853
vt 0.620526 0.608919
vt 0.021446 0.086665
vt 0.045243 0.069954
vt 0.038881 0.096629
vt 0.022143 0.052103
vt 0.169907 0.579215
vt 0.022653 0.000529
vt 0.978848 0.835855
vt 0.983669 0.684297
vt 0.174051 0.609240
vt 0.382065 0.619018
vt 0.387966 0.613945
vt 0.412457 0.622811
vt 0.177281 0.974003
vt 0.166374 0.971276
vt 0.183014 0.979332
vt 0.430710 0.643305
vt 0.156892 0.981476
vt 0.457182 0.628856
vt 0.624985 0.818550
vt 0.610205 0.004923
vt 0.611443 0.001330
vt 0.613108 0.003961
vt 0.626998 0.813438
vt 0.625483 0.811593
vt 0.615314 -0.000000
vt 0.620755 0.000826
vt 0.619503 0.003295
vt 0.629776 0.809158
vt 0.622011 0.003514
vt 0.626050 0.635702
vt 0.624399 0.627988
vt 0.174222 0.002350
vt 0.175465 0.004880
vt 0.172202 0.006139
vt 0.179635 0.004442
vt 0.179548 0.001008
vt 0.627416 0.633697
vt 0.180704 0.009941
vt 0.178946 0.016604
vt 0.612844 0.038031
vt 0.618868 0.022077
vt 0.614933 0.037776
vt 0.181447 0.038758
vt 0.812429 0.536268
vt 0.809236 0.538074
vt 0.807537 0.524313
vt 0.610313 0.038235
vt 0.610006 0.019076
vt 0.619983 0.037338
vt 0.175751 0.018697
vt 0.174216 0.039139
vt 0.176357 0.039182
vt 0.179539 0.039009
vt 0.811266 0.558499
vt 0.814589 0.558601
vt 0.621669 0.041951
vt 0.624470 0.037773
vt 0.176820 0.048536
vt 0.174512 0.048465
vt 0.172533 0.039349
vt 0.180120 0.048132
vt 0.809223 0.567797
vt 0.613914 0.047092
vt 0.615569 0.046992
vt 0.617667 0.047000
vt 0.623537 0.046660
vt 0.626725 0.046695
vt 0.171437 0.048526
vt 0.170650 0.039694
vt 0.643854 0.605479
vt 0.643854 0.609575
vt 0.643523 0.607511
vt 0.805671 0.567916
vt 0.622112 0.062678
vt 0.626182 0.070092
vt 0.173258 0.070534
vt 0.811889 0.596221
vt 0.808566 0.599998
vt 0.176560 0.098655
vt 0.177250 0.080763
vt 0.182007 0.048123
vt 0.180608 0.076673
vt 0.614936 0.089822
vt 0.020356 0.541475
vt 0.022017 0.538007
vt 0.021194 0.561236
vt 0.618525 0.088350
vt 0.617069 0.119604
vt 0.623697 0.093314
vt 0.020242 0.490380
vt 0.181099 0.104524
vt 0.627358 0.120792
vt 0.173613 0.093959
vt 0.021793 0.487285
vt 0.814589 0.623957
vt 0.177117 0.123037
vt 0.615401 0.120678
vt 0.619300 0.120075
vt 0.624777 0.122157
vt 0.181240 0.121398
vt 0.115623 0.746839
vt 0.113713 0.749874
vt 0.113713 0.743012
vt 0.173441 0.120494
vt 0.620218 0.129946
vt 0.623046 0.133851
vt 0.627723 0.134369
vt 0.176077 0.134987
vt 0.173435 0.134915
vt 0.172044 0.126055
vt 0.179497 0.134178
vt 0.626316 0.145364
vt 0.631506 0.137832
vt 0.338834 0.733993
vt 0.336941 0.747930
vt 0.336941 0.730505
vt 0.633713 0.140490
vt 0.629969 0.124180
vt 0.174011 0.146547
vt 0.631347 0.145680
vt 0.177631 0.147680
vt 0.170878 0.145105
vt 0.634677 0.156347
vt 0.636537 0.150998
vt 0.172377 0.154841
vt 0.630187 0.159492
vt 0.637173 0.160306
vt 0.639074 0.159498
vt 0.170782 0.162768
vt 0.172542 0.162416
vt 0.168914 0.161425
vt 0.175938 0.162847
vt 0.360766 0.749922
vt 0.364248 0.735029
vt 0.364248 0.750143
vt 0.635131 0.176492
vt 0.631397 0.178442
vt 0.176356 0.187663
vt 0.630962 0.199892
vt 0.636348 0.201496
vt 0.639622 0.189938
vt 0.025242 0.431924
vt 0.027238 0.417474
vt 0.027202 0.447899
vt 0.627524 0.201290
vt 0.170095 0.240635
vt 0.168401 0.185024
vt 0.173348 0.221870
vt 0.628581 0.224420
vt 0.168822 0.211444
vt 0.176747 0.211005
vt 0.632006 0.220630
vt 0.178136 0.248596
vt 0.176019 0.234643
vt 0.631642 0.239458
vt 0.636977 0.238536
vt 0.641484 0.379069
vt 0.026426 0.357072
vt 0.026493 0.385921
vt 0.641374 0.280919
vt 0.174092 0.274672
vt 0.170716 0.291002
vt 0.628281 0.250575
vt 0.629567 0.280119
vt 0.026850 0.326492
vt 0.633174 0.276400
vt 0.637015 0.266023
vt 0.179795 0.303454
vt 0.177483 0.276379
vt 0.637365 0.287669
vt 0.174507 0.308198
vt 0.633580 0.346283
vt 0.633716 0.311177
vt 0.629970 0.305455
vt 0.178093 0.307275
vt 0.022022 0.301461
vt 0.026039 0.289132
vt 0.171479 0.331304
vt 0.174214 0.398300
vt 0.638037 0.323779
vt 0.642571 0.350812
vt 0.026660 0.256621
vt 0.178285 0.327317
vt 0.174939 0.338941
vt 0.639350 0.383804
vt 0.178615 0.349084
vt 0.021879 0.251027
vt 0.634153 0.386672
vt 0.638621 0.356986
vt 0.630126 0.338308
vt 0.631494 0.380073
vt 0.630487 0.360358
vt 0.175974 0.385478
vt 0.634606 0.368764
vt 0.172299 0.388950
vt 0.170419 0.352372
vt 0.178941 0.375027
vt 0.766237 0.613031
vt 0.763022 0.622907
vt 0.762843 0.576313
vt 0.643394 0.394862
vt 0.025566 0.233917
vt 0.026529 0.212577
vt 0.179660 0.403615
vt 0.766347 0.641662
vt 0.640041 0.414635
vt 0.643898 0.418315
vt 0.639480 0.403380
vt 0.635116 0.404180
vt 0.176462 0.408866
vt 0.762843 0.646297
vt 0.172420 0.406324
vt 0.634591 0.416883
vt 0.173028 0.426810
vt 0.639403 0.422931
vt 0.642004 0.423309
vt 0.176668 0.423667
vt 0.168405 0.443754
vt 0.640492 0.438955
vt 0.178123 0.430853
vt 0.175882 0.430909
vt 0.180922 0.431894
vt 0.674423 0.584784
vt 0.677433 0.576737
vt 0.677433 0.585785
vt 0.643319 0.442860
vt 0.676733 0.600355
vt 0.175361 0.448851
vt 0.030215 0.149551
vt 0.022334 0.128973
vt 0.031195 0.137543
vt 0.169368 0.487230
vt 0.034711 0.111707
vt 0.034457 0.122775
vt 0.168556 0.503524
vt 0.021207 0.031664
vt 0.404202 0.620505
vt 0.647330 0.640816
vt 0.647486 0.664067
vt 0.630697 0.811220
vt 0.624559 0.000858
vt 0.623706 0.004440
vt 0.630758 0.637411
vt 0.170895 0.003002
vt 0.169531 0.000904
vt 0.169552 0.006578
vt 0.622885 0.037318
vt 0.015500 0.603276
vt 0.014735 0.587487
vt 0.016433 0.570622
vt 0.675938 0.743509
vt 0.677518 0.726357
vt 0.677518 0.743981
vt 0.642985 0.607408
vt 0.643523 0.605479
vt 0.643523 0.610327
vt 0.002817 0.566195
vt 0.015160 0.569916
vt 0.157852 0.048306
vt 0.158345 0.077733
vt 0.007881 0.530379
vt 0.158708 0.105928
vt 0.158110 0.119244
vt 0.007591 0.487344
vt 0.020462 0.483546
vt 0.014732 0.466188
vt 0.024191 0.467176
vt 0.026362 0.456570
vt 0.160783 0.136619
vt 0.163374 0.158402
vt 0.021636 0.450595
vt 0.465087 0.142279
vt 0.469445 0.158052
vt 0.467292 0.158201
vt 0.021731 0.444848
vt 0.468556 0.163843
vt 0.472386 0.160810
vt 0.163615 0.164310
vt 0.161130 0.164353
vt 0.161072 0.157829
vt 0.158131 0.159129
vt 0.164710 0.185685
vt 0.022388 0.420223
vt 0.468284 0.188595
vt 0.470267 0.202956
vt 0.472820 0.189372
vt 0.164123 0.219405
vt 0.159193 0.197583
vt 0.158682 0.164440
vt 0.161819 0.207546
vt 0.022819 0.381363
vt 0.473200 0.216710
vt 0.471598 0.266736
vt 0.160344 0.253263
vt 0.162889 0.270934
vt 0.470259 0.307388
vt 0.164762 0.251467
vt 0.473949 0.241507
vt 0.022657 0.337815
vt 0.160484 0.260963
vt 0.474219 0.279106
vt 0.166222 0.305522
vt 0.472192 0.307856
vt 0.160720 0.297756
vt 0.163293 0.304438
vt 0.161143 0.328343
vt 0.475319 0.320090
vt 0.166299 0.354224
vt 0.473155 0.369771
vt 0.161560 0.356250
vt 0.471092 0.357836
vt 0.475422 0.354333
vt 0.163397 0.351568
vt 0.164237 0.372321
vt 0.166857 0.400734
vt 0.021705 0.212059
vt 0.471798 0.396804
vt 0.474413 0.404301
vt 0.476144 0.384909
vt 0.161996 0.388620
vt 0.164665 0.402500
vt 0.026679 0.189137
vt 0.166230 0.469498
vt 0.022106 0.164840
vt 0.475003 0.469332
vt 0.028289 0.164823
vt 0.164069 0.466509
vt 0.476591 0.451532
vt 0.473721 0.522255
vt 0.475197 0.504638
vt 0.166354 0.504316
vt 0.164474 0.506560
vt 0.477338 0.504010
vt 0.478630 0.548662
vt 0.165945 0.548061
vt 0.479059 0.512295
vt 0.163781 0.535568
vt 0.167260 0.571914
vt 0.474707 0.577258
vt 0.476975 0.551830
vt 0.165613 0.552750
vt 0.476868 0.571184
vt 0.164521 0.588153
vt 0.476698 0.605524
vt 0.477298 0.588070
vt 0.480140 0.589837
vt 0.167277 0.588930
vt 0.168465 0.606315
vt 0.474497 0.605644
vt 0.479322 0.605381
vt 0.165899 0.606386
vt 0.018055 0.000000
vt 0.736564 0.736249
vt 0.736564 0.740119
vt 0.734794 0.737813
vt 0.989651 0.838619
vt 0.984517 0.835214
vt 0.168702 0.609416
vt 0.989656 0.685988
vt 0.984522 0.689402
vt 0.384055 0.613375
vt 0.410509 0.618619
vt 0.406263 0.618505
vt 0.162705 0.805894
vt 0.169727 0.799940
vt 0.389996 0.611907
vt 0.165207 0.809243
vt 0.162747 0.973750
vt 0.160892 0.978850
vt 0.430527 0.629170
vt 0.647752 0.805856
vt 0.001856 0.600537
vt 0.000000 0.603917
vt 0.649710 0.810460
vt 0.649399 0.808180
vt 0.016500 0.606839
vt 0.000411 0.606818
vt 0.649597 0.637845
vt 0.630406 0.635162
vt 0.648086 0.635418
vt 0.155130 0.002315
vt 0.156565 0.005618
vt 0.155237 0.036983
vt 0.000000 0.570214
vt 0.157144 0.039065
vt 0.007124 0.560490
vt 0.005514 0.488325
vt 0.157863 0.123974
vt 0.007488 0.481650
vt 0.464081 0.126346
vt 0.466204 0.137933
vt 0.467300 0.131117
vt 0.469628 0.135724
vt 0.159388 0.142483
vt 0.157538 0.142910
vt 0.155121 0.137566
vt 0.156222 0.132665
vt 0.468651 0.147823
vt 0.470281 0.144620
vt 0.482531 0.132750
vt 0.479927 0.150496
vt 0.732692 0.150257
vt 0.727421 0.144571
vt 0.728680 0.137727
vt 0.598977 0.140368
vt 0.593795 0.152969
vt 0.584876 0.155756
vt 0.586508 0.142980
vt 0.157125 0.150350
vt 0.471866 0.154019
vt 0.484287 0.147286
vt 0.482289 0.152977
vt 0.728995 0.150920
vt 0.589832 0.161557
vt 0.479043 0.161254
vt 0.482192 0.163268
vt 0.487742 0.153565
vt 0.734575 0.159474
vt 0.731027 0.157680
vt 0.725044 0.161388
vt 0.583478 0.165039
vt 0.486652 0.164272
vt 0.589150 0.166863
vt 0.473689 0.171485
vt 0.479079 0.180128
vt 0.735078 0.185120
vt 0.733361 0.193403
vt 0.730614 0.179793
vt 0.727082 0.177049
vt 0.482439 0.187805
vt 0.486615 0.204296
vt 0.589713 0.200009
vt 0.584091 0.190714
vt 0.479701 0.202418
vt 0.484066 0.212058
vt 0.735469 0.208254
vt 0.733234 0.232259
vt 0.726318 0.212268
vt 0.484251 0.253839
vt 0.731102 0.218327
vt 0.584612 0.213865
vt 0.480294 0.226394
vt 0.735548 0.225815
vt 0.589804 0.235493
vt 0.727219 0.245304
vt 0.591008 0.255745
vt 0.488227 0.254911
vt 0.735528 0.242944
vt 0.584786 0.231404
vt 0.584816 0.248493
vt 0.480217 0.250335
vt 0.482427 0.251964
vt 0.731741 0.253276
vt 0.480639 0.274202
vt 0.736138 0.271289
vt 0.585615 0.276883
vt 0.481631 0.286833
vt 0.484693 0.294465
vt 0.736119 0.290025
vt 0.728194 0.285435
vt 0.591143 0.263448
vt 0.488270 0.289854
vt 0.731871 0.293197
vt 0.585625 0.295574
vt 0.591566 0.300197
vt 0.481621 0.308908
vt 0.734492 0.336033
vt 0.489540 0.324964
vt 0.736157 0.307649
vt 0.585756 0.313168
vt 0.486027 0.326023
vt 0.485952 0.352058
vt 0.727425 0.315500
vt 0.592027 0.330778
vt 0.482157 0.327363
vt 0.732398 0.325447
vt 0.586182 0.327647
vt 0.736477 0.322102
vt 0.587457 0.341133
vt 0.484206 0.352490
vt 0.482181 0.345677
vt 0.489238 0.352477
vt 0.586707 0.357234
vt 0.736874 0.351685
vt 0.727630 0.337164
vt 0.732966 0.364475
vt 0.728546 0.358107
vt 0.592527 0.358688
vt 0.735289 0.397520
vt 0.482416 0.368822
vt 0.484848 0.382307
vt 0.587194 0.383259
vt 0.486649 0.400571
vt 0.737235 0.377705
vt 0.489964 0.387425
vt 0.593067 0.391053
vt 0.482994 0.395387
vt 0.731999 0.395998
vt 0.477657 0.416035
vt 0.491018 0.406787
vt 0.737794 0.398917
vt 0.587794 0.404515
vt 0.593141 0.430106
vt 0.483270 0.414125
vt 0.487287 0.411237
vt 0.735294 0.405759
vt 0.733676 0.406843
vt 0.729163 0.405134
vt 0.727097 0.396262
vt 0.485853 0.418367
vt 0.488139 0.416843
vt 0.491936 0.416052
vt 0.737464 0.424699
vt 0.586995 0.430151
vt 0.489183 0.436283
vt 0.494069 0.435854
vt 0.737263 0.433763
vt 0.733734 0.430419
vt 0.728169 0.429876
vt 0.485379 0.439633
vt 0.734025 0.437946
vt 0.727711 0.435928
vt 0.586502 0.439142
vt 0.593732 0.468714
vt 0.162575 0.466381
vt 0.478525 0.458691
vt 0.489017 0.443092
vt 0.495086 0.443261
vt 0.736193 0.450736
vt 0.487333 0.464842
vt 0.491576 0.455964
vt 0.732618 0.450386
vt 0.727518 0.451048
vt 0.584786 0.455857
vt 0.488572 0.455964
vt 0.495984 0.453719
vt 0.496441 0.461380
vt 0.732820 0.457674
vt 0.491335 0.471202
vt 0.498044 0.468276
vt 0.494210 0.473013
vt 0.732395 0.465623
vt 0.735794 0.466992
vt 0.727211 0.466608
vt 0.583594 0.471956
vt 0.499301 0.475798
vt 0.492564 0.483677
vt 0.495444 0.482666
vt 0.499200 0.481687
vt 0.733549 0.477374
vt 0.735395 0.479127
vt 0.730981 0.477084
vt 0.726201 0.479280
vt 0.479247 0.488462
vt 0.493276 0.494025
vt 0.496802 0.491848
vt 0.501302 0.489900
vt 0.733368 0.493678
vt 0.730804 0.486863
vt 0.582720 0.483965
vt 0.594145 0.504786
vt 0.500120 0.525621
vt 0.499643 0.502671
vt 0.730071 0.498495
vt 0.724514 0.500157
vt 0.578915 0.509950
vt 0.579450 0.498068
vt 0.162923 0.502484
vt 0.496580 0.503448
vt 0.504452 0.505346
vt 0.728306 0.506258
vt 0.731662 0.505872
vt 0.500149 0.516538
vt 0.501645 0.512002
vt 0.576809 0.509892
vt 0.480399 0.543099
vt 0.508148 0.520296
vt 0.574214 0.519505
vt 0.729962 0.515845
vt 0.722845 0.516390
vt 0.505894 0.526935
vt 0.733499 0.505612
vt 0.729647 0.526977
vt 0.571366 0.540614
vt 0.572512 0.530465
vt 0.726988 0.525736
vt 0.505574 0.531890
vt 0.512594 0.533999
vt 0.726953 0.538078
vt 0.724264 0.541984
vt 0.720824 0.529927
vt 0.595321 0.537949
vt 0.481109 0.570222
vt 0.508988 0.551767
vt 0.506635 0.538816
vt 0.509892 0.539283
vt 0.568436 0.541008
vt 0.718790 0.543008
vt 0.509574 0.546482
vt 0.515642 0.552924
vt 0.517792 0.546908
vt 0.726584 0.546601
vt 0.566403 0.549339
vt 0.595193 0.564951
vt 0.513687 0.554969
vt 0.723878 0.555315
vt 0.720667 0.556086
vt 0.715686 0.556769
vt 0.560235 0.567310
vt 0.723605 0.565316
vt 0.518707 0.568442
vt 0.517572 0.562161
vt 0.522816 0.557079
vt 0.523940 0.566835
vt 0.721756 0.561858
vt 0.717942 0.564899
vt 0.163784 0.562649
vt 0.518494 0.573654
vt 0.521831 0.568542
vt 0.526344 0.564677
vt 0.610150 0.581529
vt 0.614485 0.581567
vt 0.615291 0.588977
vt 0.714597 0.572558
vt 0.709179 0.571727
vt 0.711540 0.566035
vt 0.558479 0.563564
vt 0.554904 0.568847
vt 0.719890 0.567573
vt 0.562238 0.557494
vt 0.596222 0.590530
vt 0.530581 0.576711
vt 0.532927 0.582531
vt 0.531200 0.573493
vt 0.535016 0.576218
vt 0.610548 0.589838
vt 0.616038 0.596328
vt 0.610006 0.594729
vt 0.610845 0.602787
vt 0.616542 0.602626
vt 0.617006 0.609819
vt 0.715818 0.574425
vt 0.611513 0.611181
vt 0.610006 0.611026
vt 0.549626 0.577003
vt 0.717708 0.576313
vt 0.542841 0.579218
vt 0.668424 0.603019
vt 0.668424 0.611399
vt 0.666239 0.604562
vt 0.369780 0.739937
vt 0.368295 0.749955
vt 0.368295 0.735633
vt 0.677223 0.664857
vt 0.677662 0.656675
vt 0.677662 0.676179
vt 0.689795 0.755705
vt 0.686500 0.751364
vt 0.689795 0.750099
vt 0.005034 0.749820
vt 0.007406 0.750243
vt 0.005034 0.756975
vt 0.481314 0.605171
vt 0.571648 0.607674
vt 0.503586 0.606428
vt 0.538359 0.607184
vt 0.595731 0.608686
vt 0.164183 0.606421
vt 0.480568 0.608064
vt 0.475353 0.608691
vt 0.987431 0.830865
vt 0.988805 0.832940
vt 0.991555 0.835225
vt 0.988540 0.804076
vt 0.526037 0.609671
vt 0.987728 0.778105
vt 0.991135 0.800342
vt 0.991470 0.772269
vt 0.991451 0.751024
vt 0.572273 0.610464
vt 0.988539 0.728078
vt 0.987264 0.723974
vt 0.990995 0.723341
vt 0.987435 0.693754
vt 0.990954 0.694775
vt 0.598322 0.611592
vt 0.988809 0.691673
vt 0.164096 0.609169
vt 0.993046 0.687065
vt 0.989057 0.841588
vt 0.992153 0.839566
vt 0.394863 0.749352
vt 0.394545 0.746040
vt 0.400912 0.750019
vt 0.398284 0.745398
vt 0.401450 0.747676
vt 0.400809 0.743667
vt 0.394973 0.742804
vt 0.392254 0.742764
vt 0.393868 0.711292
vt 0.993542 0.799935
vt 0.993809 0.751175
vt 0.993640 0.712059
vt 0.412728 0.616712
vt 0.409599 0.615284
vt 0.410460 0.613288
vt 0.989133 0.683060
vt 0.403562 0.616092
vt 0.403617 0.612516
vt 0.158652 0.799169
vt 0.162000 0.810007
vt 0.161995 0.970078
vt 0.439045 0.615335
vt 0.431409 0.619123
vt 0.457113 0.617815
vt 0.652084 0.807757
vt 0.458639 0.003800
vt 0.460103 0.000778
vt 0.461235 0.004513
vt 0.651204 0.786009
vt 0.650770 0.660672
vt 0.652248 0.639656
vt 0.152062 0.001677
vt 0.152658 0.000227
vt 0.152951 0.005214
vt 0.650740 0.636960
vt 0.458780 0.037561
vt 0.462237 0.036813
vt 0.152530 0.039257
vt 0.459090 0.041767
vt 0.461015 0.039305
vt 0.460557 0.047659
vt 0.462255 0.047606
vt 0.464877 0.047400
vt 0.463718 0.039358
vt 0.467167 0.047444
vt 0.465779 0.038244
vt 0.481603 0.047568
vt 0.484854 0.038726
vt 0.484513 0.048053
vt 0.486885 0.047715
vt 0.592973 0.042296
vt 0.607499 0.046354
vt 0.589765 0.050816
vt 0.587535 0.051058
vt 0.602523 0.051548
vt 0.154925 0.048364
vt 0.152470 0.048540
vt 0.150323 0.043208
vt 0.604179 0.051661
vt 0.005685 0.530862
vt 0.462480 0.077053
vt 0.463488 0.057960
vt 0.481458 0.069514
vt 0.589050 0.078965
vt 0.154711 0.058368
vt 0.468211 0.074261
vt 0.483650 0.085111
vt 0.465323 0.087014
vt 0.485844 0.088053
vt 0.487602 0.070214
vt 0.722773 0.096925
vt 0.722229 0.046139
vt 0.723612 0.073877
vt 0.719160 0.046144
vt 0.721464 0.118996
vt 0.604067 0.097310
vt 0.152155 0.094346
vt 0.154652 0.088664
vt 0.487927 0.118413
vt 0.590369 0.097767
vt 0.463284 0.119588
vt 0.465782 0.105568
vt 0.469064 0.120094
vt 0.482025 0.103152
vt 0.588337 0.101830
vt 0.485527 0.102145
vt 0.719230 0.119472
vt 0.154174 0.104678
vt 0.484923 0.112738
vt 0.589301 0.124516
vt 0.154583 0.121182
vt 0.466804 0.120775
vt 0.483939 0.120964
vt 0.723996 0.119483
vt 0.604022 0.123331
vt 0.152308 0.120423
vt 0.487608 0.127826
vt 0.590116 0.127635
vt 0.153019 0.126474
vt 0.461521 0.120901
vt 0.485185 0.131938
vt 0.725401 0.133664
vt 0.723694 0.134778
vt 0.602629 0.129343
vt 0.489690 0.139969
vt 0.491480 0.126321
vt 0.714751 0.119817
vt 0.721472 0.143920
vt 0.717161 0.135376
vt 0.720705 0.145986
vt 0.492720 0.145830
vt 0.491522 0.157305
vt 0.497431 0.157948
vt 0.500163 0.139328
vt 0.723464 0.153799
vt 0.720446 0.153291
vt 0.489112 0.163580
vt 0.499904 0.160690
vt 0.496578 0.163510
vt 0.582986 0.157480
vt 0.578291 0.164969
vt 0.578929 0.158187
vt 0.795029 0.154804
vt 0.796249 0.161534
vt 0.793752 0.158193
vt 0.790616 0.146697
vt 0.721929 0.161385
vt 0.491415 0.164004
vt 0.499105 0.177194
vt 0.582078 0.165637
vt 0.500780 0.190351
vt 0.792018 0.183961
vt 0.791866 0.158855
vt 0.578884 0.187710
vt 0.491863 0.201942
vt 0.794718 0.245315
vt 0.582833 0.187543
vt 0.796561 0.184239
vt 0.722641 0.183223
vt 0.499061 0.215025
vt 0.499568 0.200206
vt 0.496692 0.201511
vt 0.583132 0.225325
vt 0.792135 0.212136
vt 0.579944 0.225293
vt 0.500474 0.210733
vt 0.725110 0.243306
vt 0.722775 0.221062
vt 0.492512 0.232383
vt 0.497871 0.234576
vt 0.501440 0.230650
vt 0.796541 0.267321
vt 0.580247 0.270770
vt 0.499727 0.235423
vt 0.583402 0.255256
vt 0.501049 0.247030
vt 0.722956 0.251029
vt 0.493762 0.311329
vt 0.493668 0.276264
vt 0.501059 0.260777
vt 0.497808 0.275449
vt 0.584365 0.293386
vt 0.723651 0.289117
vt 0.726108 0.281748
vt 0.500749 0.281363
vt 0.502469 0.287744
vt 0.792103 0.294507
vt 0.792709 0.329614
vt 0.791584 0.260921
vt 0.501300 0.297858
vt 0.498619 0.313656
vt 0.500179 0.342191
vt 0.581195 0.322388
vt 0.493347 0.406577
vt 0.501760 0.323940
vt 0.502468 0.312051
vt 0.724828 0.344500
vt 0.584803 0.326635
vt 0.503468 0.342042
vt 0.585776 0.348846
vt 0.796644 0.318936
vt 0.501975 0.337253
vt 0.499635 0.374016
vt 0.502464 0.352099
vt 0.582300 0.356714
vt 0.796162 0.376646
vt 0.495526 0.373708
vt 0.503969 0.367601
vt 0.502445 0.366995
vt 0.792193 0.376383
vt 0.790305 0.353698
vt 0.585467 0.372611
vt 0.581659 0.380011
vt 0.495498 0.407513
vt 0.501412 0.397942
vt 0.504810 0.395480
vt 0.793914 0.383746
vt 0.586096 0.404045
vt 0.724339 0.368389
vt 0.724972 0.399794
vt 0.580979 0.390345
vt 0.795991 0.387054
vt 0.793200 0.392634
vt 0.796037 0.413728
vt 0.793407 0.404160
vt 0.503428 0.421628
vt 0.504017 0.404538
vt 0.505901 0.403434
vt 0.581198 0.417001
vt 0.495738 0.415214
vt 0.792763 0.414625
vt 0.584320 0.436790
vt 0.726043 0.429000
vt 0.723956 0.432834
vt 0.497707 0.435786
vt 0.507010 0.419476
vt 0.792581 0.419520
vt 0.507898 0.427023
vt 0.794180 0.428786
vt 0.578826 0.431723
vt 0.790730 0.426943
vt 0.785113 0.428700
vt 0.505106 0.437890
vt 0.499356 0.441160
vt 0.508899 0.434534
vt 0.789743 0.439100
vt 0.509310 0.439451
vt 0.576873 0.455415
vt 0.793207 0.452723
vt 0.792944 0.441220
vt 0.789789 0.447319
vt 0.725430 0.449609
vt 0.583389 0.453234
vt 0.507345 0.448877
vt 0.500359 0.457452
vt 0.511338 0.447942
vt 0.509295 0.453415
vt 0.723538 0.449419
vt 0.509442 0.461052
vt 0.512912 0.456563
vt 0.580840 0.472276
vt 0.574525 0.466230
vt 0.791785 0.463832
vt 0.791496 0.456491
vt 0.788972 0.452881
vt 0.664018 0.611192
vt 0.664018 0.606900
vt 0.664636 0.609194
vt 0.502420 0.468222
vt 0.513068 0.462343
vt 0.787061 0.467710
vt 0.790246 0.467249
vt 0.724693 0.466695
vt 0.722107 0.468815
vt 0.501956 0.478822
vt 0.512761 0.468549
vt 0.514139 0.484001
vt 0.516374 0.475873
vt 0.790467 0.473806
vt 0.786758 0.478852
vt 0.572371 0.475935
vt 0.504867 0.483783
vt 0.787975 0.482471
vt 0.789206 0.487554
vt 0.722884 0.483134
vt 0.569867 0.489389
vt 0.517370 0.486083
vt 0.521036 0.488586
vt 0.787003 0.489726
vt 0.783775 0.493730
vt 0.580730 0.486628
vt 0.576997 0.499886
vt 0.505302 0.496922
vt 0.518806 0.492796
vt 0.521036 0.499770
vt 0.525634 0.500397
vt 0.786312 0.496589
vt 0.566186 0.501569
vt 0.721771 0.500128
vt 0.720049 0.496948
vt 0.510014 0.504182
vt 0.787201 0.500168
vt 0.565857 0.497897
vt 0.563606 0.503617
vt 0.782244 0.500388
vt 0.785163 0.502565
vt 0.507802 0.508266
vt 0.525913 0.509001
vt 0.518764 0.535603
vt 0.532439 0.511805
vt 0.783928 0.512410
vt 0.782267 0.510686
vt 0.779930 0.509318
vt 0.560337 0.513125
vt 0.720190 0.509515
vt 0.511418 0.523488
vt 0.512889 0.522668
vt 0.531358 0.517141
vt 0.537509 0.517394
vt 0.536109 0.519865
vt 0.781613 0.515840
vt 0.777907 0.514765
vt 0.642985 0.606723
vt 0.641205 0.611037
vt 0.641205 0.605479
vt 0.572460 0.521108
vt 0.717573 0.518763
vt 0.719443 0.521435
vt 0.539861 0.523515
vt 0.543940 0.529438
vt 0.542204 0.519716
vt 0.547208 0.519978
vt 0.776000 0.524313
vt 0.775889 0.518581
vt 0.779512 0.520568
vt 0.773067 0.521077
vt 0.546515 0.523412
vt 0.552630 0.520380
vt 0.515673 0.535561
vt 0.717897 0.533654
vt 0.715294 0.536762
vt 0.519018 0.542729
vt 0.526933 0.556356
vt 0.542009 0.570216
vt 0.567926 0.538541
vt 0.560678 0.555627
vt 0.714775 0.547819
vt 0.712806 0.557100
vt 0.711355 0.554754
vt 0.555624 0.564127
vt 0.708821 0.563859
vt 0.531065 0.565083
vt 0.533083 0.571187
vt 0.535532 0.569871
vt 0.550744 0.570144
vt 0.706551 0.570437
vt 0.539671 0.574413
vt 0.541812 0.572760
vt 0.617938 0.597673
vt 0.545180 0.574367
vt 0.618891 0.607857
vt 0.399512 0.741748
vt 0.399283 0.725236
vt 0.395045 0.721384
vt 0.399832 0.715211
vt 0.394581 0.695250
vt 0.397352 0.701773
vt 0.400032 0.702103
vt 0.393803 0.669231
vt 0.397443 0.675270
vt 0.399779 0.687020
vt 0.398276 0.657210
vt 0.393936 0.648385
vt 0.392869 0.635744
vt 0.398283 0.643660
vt 0.398011 0.630746
vt 0.393512 0.619955
vt 0.392254 0.614598
vt 0.396576 0.614568
vt 0.398991 0.620762
vt 0.405921 0.611907
vt 0.158311 0.810086
vt 0.159729 0.813359
vt 0.154226 0.801138
vt 0.157292 0.815208
vt 0.152142 0.806640
vt 0.402834 0.740691
vt 0.151874 0.830459
vt 0.402483 0.729689
vt 0.157539 0.828177
vt 0.159745 0.846536
vt 0.157527 0.853369
vt 0.151583 0.848784
vt 0.159494 0.861615
vt 0.157018 0.881260
vt 0.159525 0.879193
vt 0.150936 0.882927
vt 0.399851 0.674200
vt 0.159261 0.893939
vt 0.157454 0.912091
vt 0.401511 0.657553
vt 0.151677 0.912845
vt 0.401234 0.644177
vt 0.157612 0.927762
vt 0.401019 0.630579
vt 0.157625 0.943601
vt 0.151521 0.936517
vt 0.150480 0.949796
vt 0.159388 0.956227
vt 0.156887 0.956592
vt 0.156459 0.963775
vt 0.393405 0.613033
vt 0.399002 0.611907
vt 0.159724 0.966725
vt 0.158306 0.970010
vt 0.154311 0.976645
vt 0.150905 0.974841
vt 0.155322 0.797834
vt 0.151919 0.800215
vt 0.436654 0.612644
vt 0.152303 0.980024
vt 0.761380 0.581155
vt 0.448851 0.613586
vt 0.457407 0.611907
vt 0.463644 0.000913
vt 0.464553 0.004081
vt 0.481844 0.000287
vt 0.480848 0.002420
vt 0.479934 0.004402
vt 0.656867 0.611297
vt 0.653930 0.611297
vt 0.654432 0.607823
vt 0.484933 0.001101
vt 0.483247 0.004465
vt 0.657953 0.778894
vt 0.739514 0.566396
vt 0.740665 0.573026
vt 0.739514 0.576005
vt 0.485829 0.005235
vt 0.659935 0.779868
vt 0.654241 0.784249
vt 0.660602 0.782221
vt 0.489955 0.001734
vt 0.661060 0.768252
vt 0.669985 0.739729
vt 0.660434 0.676179
vt 0.654868 0.664223
vt 0.675796 0.702399
vt 0.677299 0.701233
vt 0.677299 0.706531
vt 0.660393 0.667005
vt 0.659957 0.663935
vt 0.654561 0.662050
vt 0.717196 0.000000
vt 0.715647 0.003058
vt 0.711543 0.000276
vt 0.652695 0.657960
vt 0.720752 0.000149
vt 0.718482 0.003434
vt 0.594558 0.008713
vt 0.592188 0.008405
vt 0.592618 0.005376
vt 0.608095 0.005279
vt 0.610006 0.008620
vt 0.149472 0.002070
vt 0.149324 0.005306
vt 0.709810 0.003346
vt 0.711737 0.017581
vt 0.609475 0.027716
vt 0.593836 0.033687
vt 0.481227 0.019266
vt 0.481595 0.038441
vt 0.720106 0.028508
vt 0.717407 0.034902
vt 0.715799 0.037027
vt 0.486339 0.038489
vt 0.490324 0.037812
vt 0.594947 0.041738
vt 0.610006 0.042259
vt 0.149324 0.039032
vt 0.711315 0.036909
vt 0.719557 0.037248
vt 0.490866 0.047438
vt 0.714407 0.046100
vt 0.710278 0.041112
vt 0.494952 0.047247
vt 0.493193 0.048361
vt 0.712045 0.046168
vt 0.490325 0.066898
vt 0.718233 0.066838
vt 0.712665 0.086593
vt 0.496090 0.087182
vt 0.714778 0.081594
vt 0.709747 0.046315
vt 0.491951 0.117725
vt 0.495740 0.118029
vt 0.718290 0.093348
vt 0.711375 0.117924
vt 0.493701 0.127580
vt 0.496328 0.123566
vt 0.712560 0.125583
vt 0.583760 0.123623
vt 0.588189 0.121675
vt 0.587258 0.129368
vt 0.785785 0.120653
vt 0.789026 0.134731
vt 0.781815 0.119614
vt 0.502201 0.125025
vt 0.504264 0.131622
vt 0.581675 0.137816
vt 0.501633 0.147483
vt 0.786690 0.140700
vt 0.785279 0.133436
vt 0.786843 0.154514
vt 0.781164 0.134502
vt 0.504458 0.159703
vt 0.506467 0.147165
vt 0.506533 0.160292
vt 0.507870 0.149609
vt 0.524613 0.163081
vt 0.509792 0.157695
vt 0.542281 0.161933
vt 0.788243 0.166533
vt 0.784938 0.156489
vt 0.783015 0.162202
vt 0.781748 0.155965
vt 0.509119 0.163125
vt 0.552811 0.159468
vt 0.561237 0.166434
vt 0.576258 0.164377
vt 0.576677 0.158069
vt 0.785697 0.163021
vt 0.504176 0.203359
vt 0.509570 0.184132
vt 0.507206 0.213668
vt 0.784351 0.193263
vt 0.788382 0.207472
vt 0.576460 0.225574
vt 0.578018 0.195628
vt 0.787369 0.261469
vt 0.737794 0.552827
vt 0.741044 0.526109
vt 0.741044 0.566396
vt 0.505255 0.226974
vt 0.510312 0.230977
vt 0.785008 0.272433
vt 0.578525 0.288823
vt 0.783255 0.286642
vt 0.507671 0.285922
vt 0.504987 0.244140
vt 0.511167 0.278255
vt 0.509407 0.260611
vt 0.505280 0.266842
vt 0.788660 0.293817
vt 0.505895 0.295005
vt 0.762951 0.687256
vt 0.766242 0.695126
vt 0.762843 0.715435
vt 0.512343 0.337047
vt 0.578559 0.389844
vt 0.785186 0.321766
vt 0.783312 0.323588
vt 0.510897 0.313409
vt 0.788285 0.331104
vt 0.787538 0.375034
vt 0.507055 0.335893
vt 0.579155 0.325767
vt 0.785104 0.374960
vt 0.580048 0.377175
vt 0.653930 0.579927
vt 0.657613 0.602302
vt 0.653930 0.607823
vt 0.783370 0.375001
vt 0.657356 0.576737
vt 0.508925 0.374511
vt 0.507243 0.363837
vt 0.511871 0.370060
vt 0.513571 0.397341
vt 0.509319 0.395202
vt 0.788146 0.385375
vt 0.785142 0.384444
vt 0.782370 0.387872
vt 0.639458 0.589415
vt 0.643816 0.581530
vt 0.642793 0.588081
vt 0.511858 0.402536
vt 0.787044 0.409860
vt 0.784934 0.411174
vt 0.782537 0.413042
vt 0.643816 0.603086
vt 0.509002 0.401810
vt 0.510054 0.416791
vt 0.515732 0.419386
vt 0.512345 0.416797
vt 0.640745 0.605480
vt 0.511647 0.424677
vt 0.515108 0.425956
vt 0.578853 0.415014
vt 0.577342 0.433037
vt 0.786558 0.417505
vt 0.514783 0.435272
vt 0.518279 0.441080
vt 0.575138 0.445129
vt 0.781551 0.431274
vt 0.754520 0.565469
vt 0.754520 0.575528
vt 0.751470 0.568563
vt 0.512817 0.435760
vt 0.567557 0.484879
vt 0.784992 0.435068
vt 0.515200 0.447068
vt 0.781737 0.445990
vt 0.785581 0.441505
vt 0.784555 0.450319
vt 0.576666 0.447704
vt 0.516617 0.457031
vt 0.520558 0.457828
vt 0.573540 0.462444
vt 0.571464 0.467696
vt 0.524982 0.470732
vt 0.783451 0.461054
vt 0.781268 0.458663
vt 0.779381 0.461160
vt 0.518728 0.468980
vt 0.520448 0.465996
vt 0.782211 0.470190
vt 0.690502 0.743359
vt 0.686500 0.750099
vt 0.686500 0.736305
vt 0.523093 0.473097
vt 0.533988 0.498477
vt 0.779314 0.476262
vt 0.571757 0.477401
vt 0.330157 0.725769
vt 0.330157 0.705446
vt 0.332826 0.718476
vt 0.522882 0.481925
vt 0.525775 0.483139
vt 0.528718 0.486156
vt 0.781734 0.480893
vt 0.775617 0.484347
vt 0.777948 0.466681
vt 0.777456 0.488957
vt 0.527314 0.495142
vt 0.531119 0.498384
vt 0.774777 0.499337
vt 0.779991 0.490901
vt 0.377423 0.737277
vt 0.381247 0.743969
vt 0.377423 0.749595
vt 0.532872 0.506438
vt 0.544127 0.513788
vt 0.561238 0.502111
vt 0.550638 0.513992
vt 0.777664 0.499498
vt 0.564396 0.499565
vt 0.377424 0.743296
vt 0.373684 0.749639
vt 0.373684 0.737277
vt 0.535714 0.506294
vt 0.540550 0.510713
vt 0.770637 0.510789
vt 0.772174 0.502319
vt 0.557768 0.510206
vt 0.774845 0.510779
vt 0.630347 0.585965
vt 0.625178 0.587374
vt 0.625275 0.581529
vt 0.538909 0.514158
vt 0.630327 0.591257
vt 0.543500 0.517573
vt 0.550885 0.516875
vt 0.630328 0.605134
vt 0.629999 0.600285
vt 0.631653 0.599099
vt 0.625178 0.603949
vt 0.625387 0.608566
vt 0.771924 0.515801
vt 0.767898 0.518162
vt 0.625307 0.592724
vt 0.629481 0.595525
vt 0.625441 0.598483
vt 0.150438 0.804353
vt 0.680257 0.732607
vt 0.683472 0.731904
vt 0.682327 0.736305
vt 0.684908 0.734081
vt 0.679185 0.728340
vt 0.681042 0.728470
vt 0.685280 0.729138
vt 0.149324 0.828123
vt 0.680312 0.707297
vt 0.678635 0.661129
vt 0.679262 0.603427
vt 0.679302 0.582131
vt 0.149924 0.979971
vt 0.736564 0.739675
vt 0.736564 0.736249
vt 0.739859 0.737785
vt 0.683131 0.577043
vt 0.705729 0.733602
vt 0.697374 0.735307
vt 0.705502 0.729687
vt 0.152734 0.796861
vt 0.706551 0.730422
vt 0.678635 0.688618
vt 0.490227 0.004476
vt 0.662705 0.779129
vt 0.493673 0.001038
vt 0.494267 0.004545
vt 0.663331 0.771374
vt 0.503987 0.000672
vt 0.500687 0.003560
vt 0.500645 0.000794
vt 0.504283 0.003888
vt 0.501143 0.006530
vt 0.669047 0.765171
vt 0.665330 0.768673
vt 0.669140 0.696459
vt 0.670492 0.723248
vt 0.663392 0.673266
vt 0.665969 0.676013
vt 0.662917 0.666314
vt 0.666116 0.677815
vt 0.587330 0.007718
vt 0.590676 0.004348
vt 0.591960 0.008393
vt 0.584932 0.003326
vt 0.783109 0.000343
vt 0.777809 0.004219
vt 0.779546 0.000546
vt 0.781948 0.004678
vt 0.779613 0.007924
vt 0.707815 0.000494
vt 0.706561 0.004584
vt 0.492514 0.037852
vt 0.495535 0.021508
vt 0.501673 0.037600
vt 0.780081 0.037835
vt 0.708608 0.036391
vt 0.706551 0.037074
vt 0.592125 0.040816
vt 0.495052 0.038096
vt 0.781879 0.037642
vt 0.777522 0.037870
vt 0.587764 0.040661
vt 0.501985 0.041764
vt 0.505157 0.037642
vt 0.785580 0.046913
vt 0.783998 0.046824
vt 0.586292 0.049951
vt 0.501823 0.047060
vt 0.500839 0.048623
vt 0.505006 0.047279
vt 0.582655 0.049890
vt 0.781409 0.047117
vt 0.776596 0.046788
vt 0.776455 0.071507
vt 0.782124 0.077657
vt 0.505281 0.081397
vt 0.503865 0.093217
vt 0.509170 0.082621
vt 0.508511 0.046788
vt 0.501216 0.092736
vt 0.586875 0.095787
vt 0.502156 0.118103
vt 0.583161 0.096092
vt 0.781437 0.096023
vt 0.785496 0.093150
vt 0.777559 0.100163
vt 0.783591 0.118168
vt 0.504966 0.103973
vt 0.505128 0.120535
vt 0.776496 0.119770
vt 0.510267 0.120443
vt 0.508372 0.130640
vt 0.780927 0.141838
vt 0.777487 0.135143
vt 0.510689 0.130276
vt 0.545758 0.124698
vt 0.511438 0.145210
vt 0.513212 0.131422
vt 0.579595 0.138034
vt 0.776107 0.136186
vt 0.773199 0.123968
vt 0.672859 0.767577
vt 0.332641 0.748154
vt 0.330157 0.751892
vt 0.673126 0.764548
vt 0.508815 0.001548
vt 0.508922 0.005395
vt 0.511518 -0.000000
vt 0.510919 0.003465
vt 0.675682 0.760857
vt 0.673932 0.740306
vt 0.673487 0.701089
vt 0.675565 0.713861
vt 0.672738 0.680270
vt 0.671509 0.677751
vt 0.770803 0.003872
vt 0.771579 -0.000000
vt 0.773834 0.000596
vt 0.773523 0.004069
vt 0.505111 0.019913
vt 0.773883 0.037276
vt 0.771361 0.037563
vt 0.509544 0.037366
vt 0.511837 0.037493
vt 0.513509 0.046744
vt 0.510545 0.046887
vt 0.514743 0.037240
vt 0.527312 0.037930
vt 0.584956 0.044061
vt 0.584746 0.039798
vt 0.586458 0.039377
vt 0.536081 0.047521
vt 0.543163 0.038517
vt 0.556901 0.048171
vt 0.572784 0.039383
vt 0.581321 0.048946
vt 0.580296 0.049939
vt 0.772822 0.047140
vt 0.771501 0.042116
vt 0.514769 0.069362
vt 0.581099 0.093121
vt 0.514487 0.103991
vt 0.773995 0.119772
vt 0.583174 0.121704
vt 0.551989 0.118810
vt 0.513249 0.121326
vt 0.581578 0.121193
vt 0.620527 0.609915
vt 0.618891 0.609547
vt 0.620527 0.581529
vt 0.516020 0.120454
vt 0.559512 0.123568
vt 0.581537 0.125717
vt 0.516056 0.002638
vt 0.513551 0.006521
vt 0.537444 0.004030
vt 0.525702 0.005202
vt 0.532762 0.001115
vt 0.556351 0.003643
vt 0.556505 0.007322
vt 0.542917 0.006951
vt 0.572377 0.006413
vt 0.675796 0.680747
vt 0.584923 0.005157
vt 0.768613 0.003408
vt 0.514671 0.018976
vt 0.585358 0.008258
vt 0.767965 0.006539
vt 0.585817 0.026399
vt 0.767898 0.024679
vt 0.558762 0.038347
vt 0.768483 0.037582
s 1
usemtl Volume362_copy005
f 209/1/1 1/2/2 11/3/3
f 4/4/4 2/5/5 10/6/6
f 2/5/5 7/7/7 10/6/6
f 9/8/8 7/7/9 2/5/10
f 5/9/11 2/5/5 4/4/4
f 2/5/10 657/10/12 9/8/8
f 4/11/13 6/12/14 5/13/15
f 6/12/14 4/11/13 10/14/16
f 535/15/17 17/16/18 3/17/19
f 7/7/20 9/8/20 17/18/20
f 9/19/21 3/20/19 17/21/18
f 18/22/22 8/23/23 7/7/7
f 7/7/7 8/23/23 10/6/6
f 11/3/3 210/24/24 209/1/1
f 11/3/3 1/2/2 214/25/25
f 278/26/26 216/27/27 13/28/28
f 12/29/29 74/30/30 75/31/31
f 12/29/29 213/32/32 74/30/30
f 213/32/32 12/29/29 13/28/33
f 12/33/29 16/34/34 14/35/35
f 17/36/36 535/37/36 22/38/36
f 8/23/37 18/22/37 24/39/37
f 7/7/38 17/18/38 18/22/38
f 53/40/39 8/41/40 24/42/41
f 15/43/42 86/44/43 21/45/44
f 30/46/45 21/45/44 88/47/46
f 19/48/47 21/45/44 30/46/45
f 23/49/48 24/39/49 50/50/50
f 17/18/51 22/51/51 51/52/51
f 51/52/52 50/50/52 18/22/52
f 18/22/53 17/18/53 51/52/53
f 18/22/54 50/50/54 24/39/54
f 53/40/39 24/42/41 23/53/55
f 26/54/56 29/55/57 25/56/58
f 26/54/56 20/57/59 19/48/60
f 26/54/56 25/56/58 27/58/61
f 53/59/62 54/60/63 3431/61/64
f 25/56/58 39/62/65 224/63/66
f 28/64/67 29/55/57 40/65/68
f 30/46/45 87/66/69 29/55/57
f 29/55/57 87/66/69 128/67/70
f 28/64/67 25/56/58 29/55/57
f 30/46/71 29/55/57 19/48/60
f 32/68/72 34/69/73 31/70/74
f 32/68/72 35/71/75 34/69/73
f 32/68/76 546/72/77 35/71/78
f 26/54/56 19/48/60 29/55/57
f 36/73/79 767/74/80 70/75/81
f 34/76/82 36/77/83 31/78/84
f 547/79/85 36/77/83 34/76/82
f 38/80/86 37/81/87 39/62/65
f 37/81/87 218/82/88 222/83/89
f 39/62/65 28/64/67 38/80/86
f 28/64/67 39/62/65 25/56/58
f 37/81/87 222/83/89 39/62/65
f 39/62/65 222/83/89 224/63/66
f 40/65/68 29/55/57 128/67/70
f 38/80/86 41/84/90 394/85/91
f 394/85/91 37/81/87 38/80/86
f 71/86/92 70/75/93 767/74/94
f 40/65/95 41/84/90 38/80/86
f 40/65/95 38/80/86 28/64/67
f 44/87/96 45/88/97 36/77/83
f 31/78/84 36/77/83 45/88/97
f 42/89/98 45/90/99 43/91/100
f 70/92/81 44/87/101 36/77/79
f 44/87/96 43/93/102 45/88/97
f 66/94/103 47/95/104 68/96/105
f 47/95/106 67/97/107 68/96/108
f 46/98/109 67/97/110 48/99/111
f 43/91/100 48/99/111 67/97/110
f 67/97/107 47/95/106 42/89/112
f 43/91/100 67/97/110 42/89/98
f 46/100/113 48/101/114 44/87/96
f 44/87/96 48/101/114 43/93/102
f 49/102/115 50/50/116 527/103/117
f 49/102/118 23/49/48 50/50/50
f 53/40/39 49/104/119 528/105/120
f 53/40/39 23/53/55 49/104/119
f 69/106/121 73/107/122 55/108/123
f 2747/109/124 54/110/125 192/111/126
f 58/112/127 57/113/128 61/114/129
f 61/114/129 60/115/130 58/112/127
f 58/112/131 60/115/131 64/116/131
f 404/117/132 56/118/133 209/1/1
f 53/40/39 57/119/134 63/120/135
f 53/40/39 61/121/136 57/119/134
f 58/122/137 64/123/137 185/124/137
f 64/125/138 59/126/138 186/127/138
f 58/112/127 63/128/139 57/113/128
f 65/129/140 62/130/141 69/106/121
f 63/120/135 187/131/142 53/40/39
f 55/108/143 214/25/25 65/129/144
f 55/108/123 65/129/140 69/106/121
f 56/118/133 1/2/2 209/1/1
f 65/129/144 1/2/2 56/118/133
f 56/118/145 62/130/141 65/129/140
f 1/2/2 65/129/144 214/25/25
f 62/130/141 56/118/145 405/132/146
f 800/133/147 62/130/141 405/132/146
f 81/134/148 67/97/110 46/98/109
f 62/130/141 800/133/149 69/106/121
f 74/30/150 73/107/122 72/135/151
f 81/136/152 46/100/113 44/87/96
f 74/30/150 72/135/151 75/31/153
f 73/107/122 74/30/150 55/108/123
f 55/108/143 74/30/30 213/32/32
f 71/86/92 2748/137/154 2689/138/155
f 16/34/156 72/139/151 76/140/157
f 14/35/35 16/34/34 77/141/158
f 76/140/157 947/142/159 77/141/160
f 14/35/35 77/141/158 15/43/42
f 72/139/151 16/34/156 75/143/153
f 16/34/156 76/140/157 77/141/160
f 12/33/29 75/143/31 16/34/34
f 73/107/122 802/144/161 72/135/151
f 174/145/162 79/146/162 81/134/162
f 80/147/163 78/148/164 66/94/103
f 80/147/163 66/94/103 68/96/105
f 79/146/165 80/147/166 68/96/167
f 79/146/165 68/96/167 67/97/168
f 67/97/169 81/134/169 79/146/169
f 174/149/170 81/136/152 44/87/96
f 83/150/171 90/151/172 82/152/173
f 90/151/172 83/150/171 84/153/174
f 85/154/175 90/151/172 84/153/174
f 96/155/176 86/44/177 948/156/178
f 86/44/43 94/157/179 21/45/44
f 947/142/159 86/44/180 77/141/160
f 15/43/42 77/141/158 86/44/43
f 88/47/181 811/158/182 87/66/183
f 88/47/46 87/66/69 30/46/45
f 94/157/184 96/155/176 88/47/185
f 90/159/186 89/160/187 785/161/188
f 92/162/189 89/160/187 90/159/186
f 93/163/190 91/164/191 89/160/192
f 92/162/189 93/163/193 89/160/187
f 86/44/177 96/155/176 94/157/184
f 88/47/46 21/45/44 94/157/179
f 111/165/194 91/164/195 112/166/196
f 91/164/195 99/167/197 112/166/196
f 93/163/190 99/167/198 91/164/191
f 93/163/193 92/162/189 95/168/199
f 85/154/175 92/169/200 90/151/172
f 92/169/200 85/154/175 95/170/201
f 1381/171/202 95/170/201 85/154/175
f 1381/171/202 781/172/203 95/170/201
f 787/173/204 95/170/201 781/172/203
f 97/174/205 98/175/206 99/167/197
f 99/167/197 100/176/207 97/174/205
f 201/177/208 100/176/207 99/167/197
f 2025/178/209 101/179/209 201/180/209
f 104/181/210 193/182/211 102/183/212
f 103/184/213 98/185/214 97/186/215
f 103/184/216 104/187/216 105/188/216
f 105/188/217 104/187/218 102/189/219
f 107/190/220 108/191/221 91/164/195
f 91/164/195 109/192/222 107/190/220
f 91/164/195 110/193/223 109/192/222
f 110/193/223 91/164/195 111/165/194
f 114/194/224 112/166/196 99/167/197
f 99/167/197 113/195/225 114/194/224
f 116/196/226 115/197/226 113/198/226
f 113/195/225 99/167/197 116/199/227
f 100/176/207 201/177/208 194/200/228
f 118/201/229 99/167/197 117/202/230
f 149/203/231 148/204/232 106/205/233
f 158/206/234 106/205/233 148/204/232
f 106/205/233 120/207/235 119/208/236
f 328/209/237 120/207/235 106/205/233
f 122/210/238 341/211/239 99/167/197
f 121/212/240 122/210/238 99/167/197
f 118/201/229 121/212/240 99/167/197
f 154/213/241 123/214/242 129/215/243
f 41/84/244 128/67/244 123/214/244
f 129/215/243 123/214/242 128/67/245
f 107/216/246 130/217/247 108/218/248
f 107/216/246 131/219/249 130/217/247
f 131/219/249 107/216/246 109/220/250
f 132/221/251 130/217/251 131/219/251
f 132/221/252 330/222/252 130/217/252
f 132/221/253 124/223/254 330/222/255
f 131/219/256 109/220/257 110/224/258
f 124/223/254 132/221/253 133/225/259
f 110/224/258 132/221/260 131/219/256
f 124/223/254 133/225/259 125/226/261
f 111/227/262 132/221/260 110/224/258
f 125/228/263 133/229/264 126/230/265
f 112/231/266 134/232/266 111/227/266
f 134/232/267 132/221/260 111/227/262
f 133/225/268 132/221/269 134/232/270
f 136/233/271 126/230/265 133/229/264
f 135/234/272 134/232/273 112/231/274
f 135/234/275 136/235/275 134/232/275
f 136/235/276 133/225/268 134/232/270
f 126/230/265 136/233/271 127/236/277
f 114/237/278 135/234/272 112/231/274
f 114/237/278 137/238/279 135/234/272
f 137/238/280 127/239/281 136/235/282
f 113/240/283 137/238/279 114/237/278
f 136/235/284 135/234/284 137/238/284
f 116/241/285 137/242/279 115/243/286
f 146/244/287 338/245/288 137/242/289
f 137/238/280 338/246/290 127/239/281
f 115/243/286 137/242/279 113/247/283
f 139/248/291 140/249/292 102/183/293
f 103/184/213 138/250/294 98/185/214
f 105/188/217 102/189/219 140/251/295
f 98/185/296 138/250/296 117/252/296
f 138/250/297 105/188/298 140/251/299
f 105/188/300 138/250/300 103/184/300
f 41/84/301 40/65/301 128/67/301
f 129/215/302 128/67/303 87/66/304
f 140/249/292 139/248/291 145/253/305
f 117/252/306 138/250/307 141/254/308
f 141/254/308 118/255/309 117/252/306
f 138/250/297 140/251/299 141/254/310
f 140/251/299 145/256/311 141/254/310
f 118/255/309 141/254/308 121/257/312
f 123/214/242 413/258/313 412/259/314
f 154/213/241 413/258/313 123/214/242
f 142/260/315 119/261/316 120/262/317
f 144/263/318 143/264/318 142/260/318
f 120/262/317 144/263/319 142/260/315
f 122/265/320 121/257/312 141/254/308
f 341/266/321 122/265/320 141/254/308
f 146/244/322 341/266/321 141/254/308
f 146/244/287 141/254/323 338/245/288
f 145/256/311 338/245/324 141/254/310
f 149/203/231 106/205/233 119/208/236
f 41/84/90 123/214/325 412/259/326
f 158/267/327 148/268/328 142/260/315
f 142/260/329 151/269/330 158/267/331
f 148/268/328 149/270/332 142/260/315
f 150/271/333 151/269/333 143/264/333
f 142/260/334 143/264/334 151/269/334
f 147/272/335 158/206/234 153/273/336
f 44/274/101 173/275/337 790/276/338
f 147/272/335 153/273/336 152/277/339
f 164/278/340 147/272/335 152/277/339
f 811/158/341 129/215/302 87/66/304
f 158/267/342 157/279/342 153/280/342
f 151/269/343 155/281/344 160/282/345
f 155/283/344 151/284/343 150/285/346
f 158/267/331 151/269/330 157/279/347
f 152/286/348 153/280/349 159/287/350
f 153/280/349 157/279/351 159/287/350
f 157/279/352 160/282/352 159/287/352
f 160/288/353 155/283/353 161/289/353
f 160/282/354 157/279/354 151/269/354
f 162/290/355 164/291/356 163/292/357
f 163/292/358 160/282/359 203/293/360
f 164/291/356 159/287/350 163/292/357
f 159/287/361 160/282/359 163/292/358
f 147/272/335 162/294/362 264/295/363
f 162/294/362 147/272/335 164/278/340
f 272/296/364 166/297/364 156/298/364
f 170/299/365 345/300/366 168/301/367
f 168/302/368 169/303/369 170/304/370
f 171/305/371 169/303/369 168/302/368
f 172/306/372 71/86/92 2689/138/155
f 175/307/373 80/147/373 79/146/373
f 80/308/163 176/309/374 78/310/164
f 174/145/375 175/307/375 79/146/375
f 80/147/376 175/307/377 176/311/378
f 172/306/372 70/75/93 71/86/92
f 172/306/372 2689/138/155 173/275/379
f 2579/312/380 173/275/379 2689/138/155
f 176/309/381 177/313/381 78/310/381
f 175/307/382 174/145/382 178/314/382
f 180/315/383 350/316/384 179/317/385
f 44/87/101 70/92/81 172/318/386
f 188/319/387 179/320/388 181/321/389
f 44/87/96 178/322/390 174/149/170
f 177/313/391 176/309/392 182/323/393
f 175/307/377 182/324/394 176/311/378
f 178/314/395 182/324/396 175/307/397
f 182/324/396 178/314/395 183/325/398
f 44/87/96 183/326/399 178/322/390
f 182/327/396 183/328/398 205/329/400
f 205/329/400 184/330/401 182/327/396
f 44/87/101 172/318/386 173/331/337
f 183/326/402 44/87/402 205/332/402
f 186/333/403 190/334/403 64/123/403
f 185/124/404 64/123/404 190/334/404
f 185/124/405 187/335/406 63/336/139
f 58/122/127 185/124/405 63/336/139
f 181/321/389 179/320/388 170/304/370
f 169/303/369 181/321/389 170/304/370
f 53/337/62 191/338/407 54/110/63
f 191/338/408 192/111/126 54/110/125
f 190/334/409 186/333/410 188/339/411
f 185/124/412 190/334/412 189/340/412
f 187/335/413 185/124/413 189/340/413
f 192/111/126 191/338/408 101/341/414
f 272/296/415 104/187/416 195/342/417
f 195/342/418 97/186/215 194/343/419
f 100/344/420 194/343/420 97/186/420
f 103/184/213 97/186/215 195/342/418
f 195/342/417 104/187/416 103/184/421
f 201/177/208 271/345/422 194/200/228
f 101/341/423 202/346/423 201/347/423
f 2624/348/424 101/341/414 2512/349/425
f 196/350/426 187/335/426 189/340/426
f 190/334/409 188/339/411 197/351/427
f 189/340/428 190/334/429 197/351/430
f 189/340/428 197/351/430 198/352/431
f 198/352/432 196/350/432 189/340/432
f 201/177/433 191/353/407 53/40/62
f 53/40/39 187/131/142 201/177/208
f 202/346/434 101/341/434 191/338/434
f 2624/348/424 2747/109/124 101/341/414
f 181/321/435 197/354/427 188/319/411
f 199/355/436 196/350/436 198/352/436
f 196/356/437 199/357/438 201/177/208
f 196/356/437 201/177/208 187/131/142
f 169/303/439 156/358/440 181/321/441
f 181/359/435 156/298/442 197/351/427
f 156/298/443 198/352/444 197/351/445
f 166/297/446 199/355/447 198/352/447
f 199/355/447 166/297/446 200/360/448
f 198/352/444 156/298/443 166/297/449
f 199/357/438 200/361/450 201/177/208
f 202/362/451 191/353/407 201/177/433
f 200/360/452 166/297/453 165/363/454
f 166/297/453 167/364/455 165/363/454
f 200/365/456 165/366/456 167/367/456
f 200/361/450 167/368/457 201/177/208
f 182/323/393 203/369/458 177/313/391
f 203/369/458 204/370/459 177/313/391
f 184/330/460 203/293/360 182/327/461
f 177/313/462 206/371/463 343/372/464
f 177/313/462 207/373/465 206/371/463
f 207/374/466 208/375/467 247/376/468
f 204/370/469 207/373/465 177/313/462
f 204/370/469 208/377/470 207/373/465
f 209/1/1 211/378/471 386/379/472
f 231/380/473 211/378/471 210/24/24
f 209/1/1 210/24/24 211/378/471
f 217/381/474 11/3/3 214/25/25
f 217/381/474 214/25/25 212/382/475
f 212/382/475 213/32/32 13/28/28
f 214/25/25 55/108/143 213/32/32
f 214/25/25 213/32/32 212/382/475
f 217/381/476 212/382/475 215/383/477
f 215/383/477 212/382/475 216/27/27
f 13/28/28 216/27/27 212/382/475
f 11/3/3 217/381/474 210/24/24
f 210/24/24 215/383/477 231/380/473
f 217/381/474 215/383/477 210/24/24
f 220/384/478 219/385/479 221/386/480
f 219/385/481 372/387/482 375/388/483
f 219/385/479 220/384/478 372/387/484
f 218/82/88 372/389/485 220/390/486
f 218/82/88 220/390/486 222/83/89
f 220/390/486 223/391/487 222/83/89
f 25/56/58 224/63/66 27/58/61
f 221/386/488 227/392/489 225/393/490
f 225/393/490 227/392/489 226/394/491
f 27/58/61 224/63/66 226/395/492
f 223/391/487 225/396/493 224/63/66
f 221/386/488 225/393/490 223/397/494
f 226/395/492 224/63/66 225/396/493
f 221/386/488 223/397/494 220/384/495
f 224/63/66 222/83/89 223/391/487
f 227/392/489 229/398/496 226/394/491
f 27/58/61 226/395/492 280/399/497
f 231/380/473 230/400/498 211/378/471
f 230/400/498 232/401/499 242/402/500
f 232/401/499 230/400/498 234/403/501
f 234/403/501 230/400/498 231/380/473
f 235/404/502 239/405/503 215/383/477
f 215/383/477 216/27/27 235/404/502
f 231/380/473 215/383/477 239/405/503
f 237/406/504 240/407/505 236/408/506
f 239/405/503 235/404/502 236/409/507
f 238/410/508 240/407/505 233/411/509
f 238/412/510 239/405/503 236/409/507
f 236/408/506 240/407/505 238/410/508
f 232/413/511 234/414/512 233/411/509
f 239/405/503 238/412/513 234/403/501
f 234/414/512 238/410/508 233/411/509
f 234/403/501 231/380/473 239/405/503
f 230/400/498 364/415/514 211/378/471
f 233/411/515 734/416/516 361/417/517
f 242/418/518 232/413/511 361/417/519
f 233/411/509 361/417/519 232/413/511
f 360/419/520 243/420/521 361/417/519
f 230/400/498 242/402/500 243/421/522
f 243/420/521 242/418/518 361/417/519
f 364/415/514 230/400/498 243/421/522
f 244/422/523 245/423/524 248/424/525
f 246/425/526 352/426/526 245/423/526
f 262/427/527 248/428/528 247/376/468
f 248/424/525 352/426/529 247/429/530
f 352/426/529 248/424/525 245/423/524
f 262/427/527 244/430/531 248/428/528
f 249/431/532 245/423/524 250/432/533
f 251/433/534 249/431/532 250/432/533
f 250/432/533 245/423/524 244/422/523
f 251/433/534 305/434/535 249/431/532
f 251/435/536 250/436/537 266/437/538
f 252/438/539 259/439/540 256/440/541
f 257/441/542 256/440/541 253/442/543
f 255/443/544 253/442/543 256/440/541
f 252/438/539 256/440/541 257/441/542
f 258/444/545 253/445/546 254/446/547
f 270/447/548 267/448/549 257/449/550
f 253/445/546 270/447/548 257/449/550
f 252/450/551 257/449/550 267/448/549
f 261/451/552 259/439/540 252/438/539
f 260/452/553 348/453/554 261/451/552
f 261/451/552 348/453/554 259/439/540
f 268/454/555 261/455/556 252/450/551
f 252/450/551 267/448/549 268/454/555
f 262/427/527 263/456/557 265/457/558
f 208/377/470 204/370/469 263/458/559
f 263/458/559 204/370/469 161/289/560
f 247/376/468 208/375/467 263/456/557
f 262/427/527 247/376/468 263/456/557
f 161/289/561 203/369/562 160/288/563
f 152/286/348 159/287/350 164/291/356
f 205/329/400 44/459/564 264/460/565
f 147/272/335 264/295/363 44/87/566
f 184/330/401 205/329/400 264/460/565
f 184/330/401 264/460/565 163/292/357
f 203/293/360 184/330/460 163/292/358
f 203/369/562 161/289/561 204/370/567
f 163/292/357 264/460/565 162/290/355
f 161/289/560 265/461/568 263/458/559
f 265/461/568 161/289/560 155/283/569
f 155/283/569 150/285/570 266/462/571
f 265/457/558 266/437/538 250/436/537
f 155/283/569 266/462/571 265/461/568
f 265/457/558 250/436/537 244/430/531
f 244/430/531 262/427/527 265/457/558
f 266/462/571 150/285/570 326/463/572
f 266/437/538 326/464/573 251/435/536
f 267/465/574 193/182/575 268/466/576
f 139/248/291 102/183/293 270/467/577
f 270/467/577 269/468/578 139/248/291
f 258/444/545 270/447/548 253/445/546
f 270/467/579 258/469/579 269/468/579
f 193/182/575 267/465/574 102/183/293
f 267/465/574 270/467/577 102/183/293
f 99/167/197 98/175/206 117/202/230
f 169/303/369 171/305/371 193/182/575
f 268/466/576 193/182/575 171/305/371
f 171/470/580 168/301/367 261/455/556
f 261/455/556 268/454/555 171/470/580
f 167/368/457 271/345/422 201/177/208
f 272/471/581 156/358/440 169/303/439
f 271/472/582 167/364/455 195/342/418
f 167/364/455 166/297/453 195/342/418
f 193/182/211 272/471/581 169/303/439
f 166/297/583 272/296/415 195/342/417
f 272/471/581 193/182/211 104/181/210
f 194/343/419 271/472/582 195/342/418
f 274/473/584 21/45/44 19/48/47
f 274/473/584 19/48/47 20/57/59
f 273/474/585 15/43/42 274/473/586
f 15/43/42 21/45/44 274/473/586
f 282/475/587 275/476/588 20/57/59
f 275/476/588 274/473/584 20/57/59
f 283/477/589 276/478/590 284/479/591
f 283/477/589 273/474/585 276/478/590
f 284/479/591 276/478/590 275/476/588
f 274/473/586 276/478/590 273/474/585
f 274/473/584 275/476/588 276/478/590
f 277/480/592 15/43/593 273/474/585
f 12/33/29 14/35/35 277/480/594
f 277/480/592 14/35/595 15/43/593
f 13/28/33 12/29/29 277/481/592
f 278/26/26 13/28/33 277/481/592
f 292/482/596 273/474/585 283/477/589
f 279/483/597 277/480/592 273/474/585
f 279/483/597 273/474/585 292/482/596
f 293/484/598 216/27/27 278/26/26
f 278/26/26 279/485/597 293/484/598
f 278/486/26 277/480/592 279/483/597
f 26/54/56 27/58/61 280/399/497
f 280/399/497 282/475/587 26/54/56
f 26/54/56 282/475/587 20/57/59
f 281/487/599 280/488/599 229/489/599
f 229/398/496 227/392/489 281/490/600
f 280/491/601 281/490/601 288/492/601
f 226/394/602 229/398/602 280/491/602
f 288/493/603 282/475/587 280/399/497
f 282/475/587 284/479/591 275/476/588
f 285/494/604 287/495/605 286/496/606
f 287/495/605 291/497/607 286/496/606
f 289/498/608 287/495/605 285/494/604
f 288/492/609 289/498/608 285/494/604
f 286/499/610 282/475/587 285/500/611
f 282/475/587 286/499/610 284/479/591
f 282/475/587 288/493/603 285/500/611
f 286/496/606 291/497/607 290/501/612
f 284/479/591 290/502/613 283/477/589
f 284/479/591 286/499/614 290/502/613
f 295/503/615 292/482/596 283/477/589
f 292/482/596 293/504/598 279/483/597
f 290/501/612 296/505/616 294/506/617
f 295/503/615 290/502/613 294/507/618
f 290/501/612 291/497/607 296/505/616
f 295/503/615 294/507/618 292/482/596
f 283/477/589 290/502/613 295/503/615
f 299/508/619 297/509/620 298/510/621
f 298/510/621 300/511/622 299/508/619
f 320/512/623 299/508/624 300/511/625
f 294/506/617 300/511/622 298/510/621
f 294/506/617 296/505/616 300/511/622
f 298/513/626 293/504/598 294/507/618
f 294/507/618 293/504/598 292/482/596
f 298/514/626 297/515/627 293/484/598
f 301/516/628 235/404/502 216/27/27
f 293/484/598 301/516/628 216/27/27
f 301/517/629 237/406/629 236/408/629
f 236/409/507 235/404/502 301/516/628
f 240/407/505 237/406/504 302/518/630
f 237/519/631 301/520/631 302/521/631
f 297/509/632 302/518/632 301/517/632
f 301/516/628 293/484/598 297/515/627
f 303/522/633 304/523/634 305/434/535
f 304/523/634 309/524/635 305/434/535
f 303/522/633 305/434/535 251/433/534
f 227/392/636 741/525/637 289/498/638
f 325/526/639 251/435/536 326/464/573
f 251/435/536 325/526/639 303/527/640
f 304/528/641 303/527/640 325/526/639
f 307/529/642 314/530/643 309/524/635
f 308/531/644 309/524/635 304/523/634
f 307/529/642 309/524/635 308/531/644
f 309/524/645 314/530/646 310/532/647
f 289/498/638 311/533/648 287/495/649
f 313/534/650 720/535/651 315/536/652
f 315/537/653 307/538/654 332/539/655
f 315/536/652 314/530/643 307/529/642
f 720/535/651 314/530/643 315/536/652
f 331/540/656 307/538/654 308/541/657
f 332/539/655 307/538/654 331/540/656
f 325/526/639 327/542/658 304/528/641
f 308/541/657 304/528/641 327/542/658
f 333/543/659 313/544/660 315/537/653
f 316/545/661 318/546/662 720/535/651
f 316/547/663 313/544/660 335/548/664
f 316/545/661 720/535/651 313/534/650
f 321/549/665 317/550/666 337/551/667
f 322/552/668 318/546/662 317/553/669
f 321/554/670 322/552/668 317/553/669
f 318/546/662 316/545/661 317/553/669
f 319/555/671 318/546/662 322/552/668
f 335/548/664 334/556/672 316/547/663
f 337/557/667 316/547/663 334/556/672
f 337/557/667 317/558/666 316/547/663
f 321/549/665 337/551/667 336/559/673
f 255/443/544 254/560/674 253/442/543
f 322/552/668 254/560/674 255/443/544
f 254/560/674 322/552/668 321/554/670
f 299/508/624 739/561/675 240/407/676
f 258/444/545 254/446/547 340/562/677
f 254/446/547 336/559/673 340/562/677
f 254/446/547 321/549/665 336/559/673
f 326/463/572 324/563/678 325/564/679
f 324/563/678 326/463/572 150/285/570
f 325/564/679 324/563/678 327/565/680
f 91/164/195 329/566/681 328/209/237
f 328/209/237 106/205/233 91/164/195
f 330/222/682 324/567/683 150/271/684
f 150/271/684 143/264/685 330/222/682
f 144/263/319 120/262/317 328/568/686
f 144/263/687 329/569/688 108/218/248
f 329/569/689 144/263/319 328/568/686
f 130/217/690 143/264/690 144/263/690
f 130/217/691 330/222/691 143/264/691
f 142/260/315 149/270/332 119/261/316
f 124/570/692 332/571/693 331/572/694
f 324/563/678 331/572/694 327/565/680
f 324/563/678 124/570/692 331/572/694
f 331/540/656 308/541/657 327/542/658
f 125/228/695 126/230/696 333/573/697
f 125/228/695 333/573/697 332/571/693
f 332/571/693 124/570/692 125/228/695
f 332/539/655 333/543/659 315/537/653
f 91/164/195 108/191/221 329/566/681
f 324/563/678 330/574/698 124/570/692
f 108/218/248 130/217/247 144/263/687
f 335/575/699 126/230/696 334/576/700
f 126/230/696 127/236/701 334/576/700
f 335/575/699 333/573/697 126/230/696
f 335/548/664 313/544/660 333/543/659
f 336/577/702 337/578/703 339/579/704
f 337/578/703 127/236/701 339/579/704
f 338/580/705 339/579/706 127/236/707
f 337/578/703 334/576/700 127/236/701
f 342/581/708 116/199/227 99/167/197
f 146/244/709 137/242/279 116/241/285
f 139/248/291 269/468/578 258/469/710
f 339/579/704 145/253/711 139/248/291
f 339/579/704 258/469/710 340/582/712
f 258/469/710 339/579/704 139/248/291
f 339/579/704 340/582/712 336/577/702
f 99/167/197 341/211/239 342/581/708
f 339/579/706 338/580/705 145/253/713
f 341/266/321 146/244/322 342/583/714
f 116/241/285 342/583/715 146/244/709
f 343/372/464 344/584/716 177/313/462
f 177/313/462 344/584/716 78/310/717
f 345/300/366 260/585/718 168/301/367
f 261/455/556 168/301/367 260/585/718
f 260/452/553 345/586/719 348/453/554
f 658/587/720 348/453/554 345/586/719
f 170/299/365 179/317/385 349/588/721
f 170/299/365 349/588/721 345/300/366
f 350/316/384 349/588/721 179/317/385
f 658/587/720 349/589/722 350/590/723
f 349/589/722 658/587/720 345/586/719
f 658/587/720 350/590/723 435/591/724
f 247/376/468 358/592/725 207/374/466
f 358/593/725 206/594/726 207/595/466
f 358/596/727 247/429/530 355/597/728
f 247/429/530 352/426/529 355/597/728
f 636/598/729 355/597/730 352/426/731
f 358/596/727 355/597/728 633/599/732
f 343/600/733 206/594/726 358/593/725
f 358/593/725 356/601/734 343/600/733
f 357/602/735 344/603/736 356/601/734
f 344/603/736 343/600/733 356/601/734
f 358/596/727 633/599/732 356/604/737
f 633/599/732 357/605/738 356/604/737
f 357/605/738 633/599/732 622/606/739
f 359/607/740 360/419/520 361/417/519
f 359/607/741 361/417/517 346/608/742
f 362/609/743 364/415/514 243/421/522
f 362/610/744 243/420/744 360/419/744
f 366/611/745 362/609/745 360/612/745
f 360/419/520 359/607/740 366/613/746
f 366/611/747 363/614/748 362/609/743
f 364/415/514 362/609/743 363/614/748
f 385/615/749 364/415/514 363/614/748
f 366/611/747 367/616/750 368/617/751
f 366/613/746 359/607/740 365/618/752
f 366/613/746 365/618/752 367/619/753
f 367/616/750 452/620/754 368/617/751
f 366/611/747 368/617/751 363/614/748
f 363/614/748 368/617/751 369/621/755
f 374/622/756 373/623/757 375/388/483
f 371/624/758 374/622/758 372/387/758
f 375/388/483 372/387/482 374/622/756
f 351/625/759 375/388/759 373/623/759
f 372/389/485 376/626/760 371/627/761
f 374/622/762 371/624/762 380/628/762
f 380/628/763 373/623/757 374/622/756
f 380/628/763 379/629/764 373/623/757
f 376/630/760 380/631/765 371/632/761
f 380/631/765 376/630/760 384/633/766
f 372/389/485 218/82/88 376/626/760
f 218/82/88 37/81/87 376/626/760
f 376/630/760 377/634/767 384/633/766
f 379/629/764 380/628/763 378/635/768
f 384/633/766 383/636/769 381/637/770
f 379/629/764 378/635/768 382/638/771
f 381/637/772 378/639/772 380/631/772
f 381/637/770 383/636/769 378/639/773
f 381/637/770 380/631/765 384/633/766
f 384/633/766 401/640/774 383/636/769
f 211/378/471 364/415/514 385/615/749
f 385/615/749 387/641/775 386/379/472
f 385/615/749 386/379/472 211/378/471
f 369/621/755 385/615/749 363/614/748
f 369/621/755 387/641/775 385/615/749
f 388/642/776 390/643/777 369/621/755
f 370/644/778 369/621/755 368/617/751
f 370/644/778 388/642/776 369/621/755
f 390/643/777 388/642/776 389/645/779
f 390/643/777 387/641/775 369/621/755
f 390/643/777 393/646/780 387/641/775
f 389/645/779 393/646/780 390/643/777
f 209/1/1 391/647/781 392/648/782
f 209/1/1 386/379/472 391/647/781
f 386/379/472 387/641/775 391/647/781
f 391/647/781 387/641/775 393/646/780
f 37/81/87 394/85/91 398/649/783
f 394/85/91 395/650/784 396/651/785
f 396/651/785 399/652/786 398/649/783
f 398/649/783 394/85/91 396/651/785
f 399/653/786 418/654/787 397/655/788
f 418/654/787 399/653/786 396/656/785
f 377/657/767 376/626/760 37/81/87
f 377/657/767 37/81/87 398/649/783
f 377/634/767 398/658/783 400/659/789
f 400/659/789 398/658/783 399/653/786
f 384/633/766 400/659/789 401/640/774
f 377/634/767 400/659/789 384/633/766
f 400/659/789 399/653/786 402/660/790
f 400/659/789 402/660/790 401/640/774
f 402/660/790 397/655/788 403/661/791
f 399/653/786 397/655/788 402/660/790
f 392/648/782 404/117/132 209/1/1
f 405/132/146 404/117/792 392/648/793
f 404/117/792 405/132/146 56/118/145
f 407/662/794 408/663/795 392/648/793
f 391/647/781 393/646/780 406/664/796
f 406/664/797 407/662/794 392/648/793
f 391/647/781 406/664/796 392/648/782
f 406/664/796 393/646/780 409/665/798
f 409/665/799 407/662/794 406/664/797
f 389/645/779 410/666/800 409/665/801
f 389/645/779 409/665/801 393/646/780
f 410/666/802 411/667/803 409/665/799
f 411/667/803 846/668/804 409/665/799
f 412/259/326 395/650/784 394/85/91
f 413/258/313 395/650/805 412/259/806
f 412/259/326 394/85/91 41/84/90
f 413/258/313 415/669/807 395/650/805
f 414/670/808 418/654/787 396/656/785
f 414/671/808 396/651/785 395/650/784
f 415/669/807 414/671/809 395/650/805
f 413/258/313 843/672/810 415/669/807
f 415/673/807 416/674/811 418/654/812
f 414/670/809 415/673/807 418/654/812
f 418/654/787 417/675/813 397/655/788
f 859/676/814 417/675/815 418/654/812
f 416/674/811 859/676/814 418/654/812
f 859/676/814 419/677/816 417/675/815
f 188/319/387 180/678/817 179/320/388
f 420/679/818 350/316/819 180/315/820
f 420/680/821 180/678/817 188/319/387
f 186/127/822 420/680/821 188/319/387
f 420/680/821 186/127/822 59/126/823
f 60/115/824 51/52/824 64/116/824
f 59/126/823 421/681/825 420/680/821
f 59/126/823 422/682/826 421/681/825
f 422/682/826 59/126/823 52/683/827
f 78/310/717 344/584/716 66/684/828
f 423/685/829 344/603/736 357/602/735
f 344/584/716 423/686/830 66/684/828
f 425/687/831 424/688/832 423/685/829
f 424/689/833 66/684/828 423/686/830
f 546/72/834 42/89/834 47/95/834
f 66/684/828 424/689/833 426/690/835
f 424/689/833 427/691/836 426/690/835
f 426/690/837 47/692/838 66/684/839
f 426/690/835 427/691/836 428/693/840
f 434/694/841 350/316/819 420/679/818
f 434/694/842 420/679/843 421/695/844
f 430/696/845 429/697/846 433/698/847
f 560/699/848 431/700/848 522/701/848
f 430/696/849 432/702/850 431/703/851
f 433/698/852 432/702/852 430/696/852
f 431/700/853 519/704/853 522/701/853
f 434/705/854 435/591/724 350/590/723
f 434/705/854 597/706/855 435/591/724
f 434/694/842 421/695/844 437/707/856
f 422/708/857 437/709/856 421/710/844
f 437/709/856 422/708/857 436/711/858
f 434/705/854 437/712/859 597/706/855
f 437/712/859 438/713/860 597/706/855
f 436/714/861 438/713/860 437/712/859
f 357/602/735 425/687/831 423/685/829
f 622/606/739 441/715/862 357/605/738
f 441/715/862 425/716/863 357/605/738
f 444/717/864 442/718/865 443/719/866
f 443/719/866 445/720/867 444/717/864
f 444/717/868 445/720/868 451/721/868
f 427/722/869 446/723/870 428/724/871
f 424/688/832 447/725/872 427/722/869
f 427/722/869 447/725/872 446/723/870
f 441/715/862 447/726/873 425/716/863
f 447/725/872 424/688/832 425/687/831
f 441/715/862 448/727/874 447/726/873
f 448/727/874 446/728/875 447/726/873
f 516/729/876 451/721/877 445/720/867
f 516/729/876 501/730/878 451/721/877
f 453/731/879 367/619/879 365/618/879
f 367/616/750 454/732/880 452/620/754
f 453/731/881 454/733/882 367/619/883
f 455/734/884 452/620/754 454/732/880
f 370/644/778 368/617/751 452/620/754
f 456/735/885 370/644/778 452/620/754
f 452/620/754 455/734/884 456/735/885
f 458/736/886 457/737/886 454/732/886
f 454/733/882 459/738/887 458/739/888
f 454/733/882 453/731/881 459/738/887
f 454/732/880 457/737/889 455/734/884
f 458/739/890 460/740/890 457/741/890
f 458/739/888 459/738/887 461/742/891
f 440/743/892 461/742/893 459/738/894
f 457/744/889 460/745/895 462/746/896
f 455/747/884 457/744/889 462/746/896
f 462/748/896 456/735/885 455/734/884
f 460/745/895 463/749/897 462/746/896
f 462/746/896 463/749/897 464/750/898
f 382/638/771 378/635/768 465/751/899
f 465/752/900 378/639/773 383/636/769
f 465/751/899 466/753/901 382/638/771
f 471/754/902 473/755/902 468/756/902
f 469/757/903 471/754/903 468/756/903
f 442/718/904 470/758/905 508/759/906
f 470/758/905 442/718/904 472/760/907
f 470/761/908 472/762/908 469/763/908
f 473/755/909 471/754/909 474/764/909
f 472/760/907 442/718/904 444/717/910
f 469/763/911 472/762/911 471/765/911
f 471/765/912 497/766/912 474/767/912
f 471/765/913 475/768/914 497/766/915
f 472/762/916 475/768/914 471/765/913
f 472/762/917 444/769/917 475/768/917
f 383/636/769 476/770/918 465/752/900
f 478/771/919 465/752/919 467/772/919
f 478/773/920 466/753/901 465/751/899
f 479/774/921 465/752/900 476/770/918
f 465/752/900 479/774/921 467/772/922
f 480/775/923 481/776/924 482/777/925
f 467/778/926 480/779/926 478/773/926
f 480/775/923 467/772/922 479/774/921
f 466/753/901 478/773/920 483/780/927
f 478/773/920 480/779/928 483/780/927
f 466/753/929 483/780/930 449/781/931
f 480/775/923 479/774/921 481/776/924
f 477/782/932 479/774/921 476/770/918
f 479/774/921 477/782/932 481/776/924
f 477/782/932 484/783/933 481/776/924
f 456/735/885 388/642/776 370/644/778
f 388/642/776 485/784/934 389/645/779
f 485/784/934 388/642/776 456/735/885
f 456/735/885 488/785/935 485/784/934
f 487/786/936 389/645/779 485/784/934
f 487/786/936 486/787/937 389/645/779
f 488/785/935 487/786/936 485/784/934
f 456/735/885 462/748/896 488/785/935
f 462/746/896 464/750/898 488/788/935
f 488/788/935 490/789/938 487/790/936
f 490/789/938 488/788/935 464/750/898
f 487/790/936 490/789/938 503/791/939
f 490/789/938 505/792/940 503/791/939
f 489/793/941 491/794/942 464/750/898
f 491/794/942 490/789/938 464/750/898
f 490/789/938 491/794/942 505/792/940
f 403/661/791 509/795/943 495/796/944
f 509/795/943 510/797/945 495/796/944
f 492/798/946 495/796/944 510/797/945
f 608/799/947 484/783/933 498/800/948
f 498/800/948 495/796/949 492/798/950
f 513/801/951 493/802/952 492/798/946
f 498/800/948 492/798/950 493/802/952
f 498/800/948 493/802/952 608/799/947
f 476/770/918 401/640/953 494/803/954
f 476/770/918 383/636/769 401/640/953
f 401/640/953 402/660/790 494/803/954
f 403/661/791 494/803/954 402/660/790
f 476/770/918 494/803/954 477/782/932
f 497/804/955 496/805/956 474/764/957
f 475/768/958 444/769/958 451/806/958
f 403/661/791 495/796/944 494/803/954
f 497/766/959 475/768/959 500/807/959
f 475/768/960 451/806/960 500/807/960
f 494/803/954 498/800/948 477/782/932
f 498/800/948 494/803/954 495/796/949
f 496/805/961 499/808/962 524/809/963
f 499/810/964 496/811/956 497/766/955
f 497/766/965 500/807/965 499/810/965
f 500/807/966 451/806/966 501/812/966
f 484/783/933 477/782/932 498/800/948
f 486/787/937 410/666/800 389/645/779
f 411/667/803 410/666/967 502/813/968
f 486/787/937 502/813/969 410/666/800
f 487/786/936 502/813/969 486/787/937
f 502/813/969 487/786/936 503/814/939
f 503/814/970 504/815/971 502/813/968
f 504/816/971 503/791/972 505/792/973
f 506/817/974 505/792/940 491/794/942
f 506/817/975 504/816/971 505/792/973
f 713/818/976 507/819/977 585/820/978
f 397/655/788 417/675/813 403/661/791
f 417/675/813 509/795/943 403/661/791
f 417/675/815 419/677/816 509/795/979
f 509/795/979 419/677/816 511/821/980
f 509/795/979 511/821/980 510/797/981
f 510/797/981 514/822/982 513/801/983
f 492/798/946 510/797/945 513/801/951
f 510/797/981 511/821/980 514/822/982
f 515/823/984 493/802/952 513/801/951
f 513/801/983 514/822/982 515/823/985
f 514/822/982 649/824/986 515/823/985
f 512/825/987 433/826/987 429/827/987
f 699/828/988 516/729/876 702/829/989
f 507/819/990 508/759/991 521/830/992
f 521/831/993 508/832/993 518/833/993
f 520/834/994 518/835/995 517/836/996
f 468/756/997 473/755/997 517/836/997
f 517/836/996 518/835/995 468/756/998
f 468/837/999 518/833/999 469/838/999
f 518/833/1000 508/832/1000 469/838/1000
f 432/702/1001 433/698/1001 521/831/1001
f 521/831/1002 433/698/1002 512/839/1002
f 518/833/1003 519/840/1004 432/702/1005
f 518/833/1003 432/702/1005 521/831/1006
f 519/840/1007 518/833/995 520/841/994
f 432/702/1008 519/840/1008 431/703/1008
f 522/701/1009 519/704/1009 520/834/1009
f 523/842/1010 524/809/963 499/808/962
f 499/810/1011 526/843/1012 523/844/1013
f 500/807/1014 526/843/1014 499/810/1014
f 500/807/1015 525/845/1015 526/843/1015
f 501/812/1016 516/846/1016 525/845/1016
f 61/121/136 53/40/39 527/847/1017
f 53/40/39 528/105/120 527/847/1017
f 59/848/1018 64/116/1019 51/52/1020
f 60/115/130 61/114/129 527/103/117
f 51/52/1020 52/849/1021 59/848/1018
f 51/52/1022 60/115/1022 50/50/1022
f 528/850/1023 49/851/1023 527/852/1023
f 60/115/130 527/103/117 50/50/116
f 52/683/1021 51/853/1020 22/38/1024
f 422/708/857 529/854/1025 436/711/858
f 529/855/1026 422/682/826 52/683/827
f 52/683/827 530/856/1027 529/855/1026
f 530/856/1027 52/683/827 22/38/1028
f 530/857/1029 436/711/858 529/854/1025
f 525/845/1030 551/858/1030 552/859/1030
f 531/860/1031 551/858/1031 525/845/1031
f 533/861/1032 526/843/1033 552/859/1034
f 525/845/1035 552/859/1034 526/843/1033
f 532/862/1036 526/843/1012 533/861/1037
f 523/844/1013 526/843/1012 532/862/1036
f 535/37/1038 530/856/1027 22/38/1028
f 535/37/1038 534/863/1039 530/856/1027
f 535/37/1038 537/864/1040 534/863/1039
f 530/857/1041 534/865/1042 536/866/1043
f 3/867/1044 537/864/1040 535/37/1038
f 33/868/1045 549/869/1046 543/870/1047
f 538/871/1048 543/870/1047 549/869/1046
f 539/872/1049 540/873/1050 541/874/1051
f 542/875/1052 540/873/1050 539/872/1049
f 538/871/1048 542/875/1052 543/870/1047
f 539/872/1049 543/870/1047 542/875/1052
f 540/876/1053 542/877/1054 544/878/1055
f 45/879/1056 545/880/1056 31/881/1056
f 47/692/838 426/690/837 33/868/1057
f 47/692/838 33/868/1057 546/882/1058
f 545/883/1059 45/90/99 32/68/72
f 45/90/99 42/89/98 32/68/72
f 31/70/74 545/883/1059 32/68/72
f 42/89/1060 546/72/77 32/68/76
f 548/884/1061 551/885/1062 531/886/1063
f 34/69/73 35/71/75 547/887/1064
f 33/868/1045 428/693/840 549/869/1046
f 426/690/835 428/693/840 33/868/1045
f 549/888/1065 428/724/871 446/723/870
f 550/889/1066 533/861/1066 552/859/1066
f 532/890/1067 533/891/1067 550/892/1067
f 551/885/1062 461/742/1068 553/893/1069
f 530/857/1029 555/894/1070 436/711/858
f 554/895/1071 555/894/1070 530/857/1029
f 555/896/1072 438/713/860 436/714/861
f 558/897/1073 438/713/860 555/896/1072
f 554/898/1074 557/899/1075 558/897/1073
f 557/899/1076 550/892/1077 558/897/1078
f 553/893/1079 556/900/1079 551/885/1079
f 558/901/1080 550/889/1080 590/902/1080
f 550/889/1081 552/859/1081 590/902/1081
f 556/903/1082 552/859/1082 551/858/1082
f 556/903/1083 590/902/1083 552/859/1083
f 558/897/1073 555/896/1072 554/898/1074
f 559/904/1084 430/696/1085 565/905/1086
f 565/905/1087 430/696/849 431/703/851
f 534/865/1088 537/906/1089 536/866/1090
f 530/857/1041 536/866/1043 554/895/1091
f 537/906/1089 660/907/1092 561/908/1093
f 536/909/1094 557/899/1075 554/898/1074
f 561/908/1093 536/866/1090 537/906/1089
f 561/910/1095 532/890/1096 536/909/1094
f 532/890/1096 557/899/1075 536/909/1094
f 557/899/1076 532/890/1097 550/892/1077
f 561/910/1095 523/842/1098 532/890/1096
f 562/911/1099 560/699/1100 522/701/1101
f 540/876/1053 563/912/1102 541/913/1103
f 538/914/1104 544/878/1055 542/877/1054
f 538/914/1104 562/915/1105 544/878/1055
f 563/912/1102 540/876/1053 544/878/1055
f 562/911/1099 522/701/1101 544/916/1106
f 544/916/1106 522/701/1101 563/917/1107
f 563/917/1107 522/701/1101 520/834/1108
f 549/888/1065 446/723/870 564/918/1109
f 538/914/1104 549/888/1065 562/915/1105
f 446/728/875 448/727/874 564/919/1110
f 564/919/1110 448/727/874 560/699/1100
f 449/781/931 483/780/930 559/920/1111
f 564/918/1109 562/915/1105 549/888/1065
f 564/919/1110 560/699/1100 562/911/1099
f 430/696/845 559/904/1112 429/697/846
f 450/921/1113 448/922/1114 569/923/1115
f 565/905/1116 448/922/1114 450/921/1113
f 449/924/1117 559/904/1117 566/925/1117
f 450/921/1118 566/925/1118 565/905/1118
f 566/925/1119 559/904/1084 565/905/1086
f 560/699/1120 448/727/1114 431/700/1121
f 565/926/1116 431/700/1121 448/727/1114
f 461/742/891 460/740/1122 458/739/888
f 460/745/895 567/927/1123 568/928/1124
f 461/742/1068 567/929/1125 460/740/1126
f 460/745/895 568/928/1124 463/749/897
f 461/742/1068 571/930/1127 567/929/1125
f 441/715/862 569/931/1128 448/727/874
f 566/925/1129 617/932/1129 570/933/1129
f 617/932/1130 566/925/1130 450/921/1130
f 570/933/1131 449/924/1131 566/925/1131
f 450/921/1132 569/923/1133 617/932/1134
f 567/927/1135 571/934/1136 568/928/1124
f 572/935/1137 568/928/1124 571/934/1136
f 568/928/1124 572/935/1137 573/936/1138
f 573/936/1138 463/749/897 568/928/1124
f 461/742/1068 572/937/1139 571/930/1127
f 461/742/1068 548/884/1061 572/937/1139
f 551/885/1062 548/884/1061 461/742/1068
f 572/935/1137 575/938/1140 574/939/1141
f 548/884/1061 575/940/1142 572/937/1139
f 574/939/1141 573/936/1138 572/935/1137
f 575/940/1142 548/884/1061 577/941/1143
f 576/942/1144 574/939/1141 575/938/1140
f 577/943/1145 576/942/1144 575/938/1140
f 548/884/1146 578/944/1146 577/941/1146
f 578/944/1147 548/884/1148 531/886/1149
f 576/942/1144 578/945/1150 579/946/1151
f 594/947/1152 574/939/1141 576/942/1144
f 579/946/1151 594/947/1152 576/942/1144
f 580/948/1153 581/949/1154 591/950/1155
f 582/951/1156 581/949/1154 580/948/1153
f 588/952/1157 586/953/1158 584/954/1159
f 585/820/978 512/825/1160 584/955/1161
f 725/956/1162 584/954/1159 586/953/1158
f 725/956/1162 586/953/1158 589/957/1163
f 588/952/1157 582/951/1156 587/958/1164
f 581/959/1165 582/960/1166 429/827/1167
f 582/960/1166 588/961/1168 429/827/1167
f 587/958/1164 582/951/1156 580/948/1153
f 584/955/1161 512/825/1160 588/961/1168
f 588/961/1168 512/825/1160 429/827/1167
f 588/952/1157 587/958/1164 586/953/1158
f 726/962/1169 589/957/1163 715/963/1170
f 589/957/1163 586/953/1158 587/958/1164
f 587/958/1164 580/948/1153 583/964/1171
f 583/964/1171 589/957/1163 587/958/1164
f 439/965/1172 558/901/1172 590/902/1172
f 480/779/928 482/966/1173 483/780/927
f 482/966/1173 591/967/1174 483/780/927
f 591/950/1155 482/777/925 481/776/924
f 591/950/1155 481/776/924 580/948/1153
f 429/827/1175 559/920/1111 483/780/930
f 591/967/1174 581/959/1165 483/780/927
f 429/827/1167 483/780/927 581/959/1165
f 580/948/1153 481/776/924 484/783/933
f 461/742/893 440/743/892 553/893/1176
f 599/968/1177 556/903/1177 440/969/1177
f 553/893/1178 440/743/1178 556/900/1178
f 590/902/1179 599/968/1179 439/965/1179
f 556/903/1180 599/968/1180 590/902/1180
f 438/713/1181 558/897/1181 439/970/1181
f 489/793/941 464/750/898 463/749/897
f 489/793/941 463/749/897 573/936/1138
f 489/793/941 592/971/1182 491/794/942
f 489/793/941 573/936/1138 592/971/1182
f 592/971/1182 573/936/1138 574/939/1141
f 593/972/1183 491/794/942 592/971/1182
f 491/794/942 593/972/1183 618/973/1184
f 618/973/1184 593/972/1183 620/974/1185
f 592/971/1182 574/939/1141 594/947/1152
f 594/947/1152 593/972/1183 592/971/1182
f 579/946/1151 595/975/1186 594/947/1152
f 579/946/1151 596/976/1187 595/975/1186
f 595/975/1186 596/976/1187 600/977/1188
f 459/738/1189 598/978/1190 440/743/1191
f 597/706/1192 439/970/1192 645/979/1192
f 440/980/1193 598/981/1193 599/982/1193
f 645/983/1194 439/984/1194 599/982/1194
f 438/713/1195 439/970/1195 597/706/1195
f 595/975/1196 593/972/1183 594/947/1152
f 600/977/1197 593/972/1183 595/975/1196
f 593/972/1183 601/985/1198 620/974/1185
f 593/972/1183 600/977/1197 601/985/1198
f 601/985/1199 600/977/1188 602/986/1200
f 596/976/1187 602/986/1200 600/977/1188
f 601/985/1199 602/986/1200 627/987/1201
f 628/988/1202 627/987/1201 602/986/1200
f 604/989/1203 628/988/1202 602/986/1200
f 604/989/1203 602/986/1200 729/990/1204
f 606/991/1205 607/992/1206 637/993/1207
f 637/993/1207 631/994/1208 606/991/1205
f 605/995/1209 607/996/1206 732/997/1210
f 615/998/1211 607/996/1206 605/995/1209
f 607/996/1206 640/999/1212 644/1000/1213
f 615/998/1211 640/999/1212 607/996/1206
f 580/948/1153 484/783/933 608/799/947
f 580/948/1153 608/799/947 583/964/1171
f 609/1001/1214 583/964/1171 608/799/947
f 609/1001/1214 608/799/947 613/1002/1215
f 612/1003/1216 610/1004/1217 611/1005/1218
f 608/799/947 493/802/952 613/1002/1215
f 613/1002/1215 493/802/952 611/1005/1218
f 610/1004/1217 609/1001/1214 613/1002/1215
f 610/1004/1217 613/1002/1215 611/1005/1218
f 589/957/1163 609/1001/1214 614/1006/1219
f 610/1004/1217 614/1006/1219 609/1001/1214
f 589/957/1163 614/1006/1219 715/963/1170
f 715/963/1170 614/1006/1219 605/995/1209
f 583/964/1171 609/1001/1214 589/957/1163
f 610/1004/1217 615/998/1211 614/1006/1219
f 612/1003/1220 615/998/1211 610/1004/1217
f 614/1006/1219 615/998/1211 605/995/1209
f 382/638/1221 466/753/1222 449/781/1223
f 570/933/1224 617/932/1224 623/1007/1224
f 382/638/1221 570/1008/1225 624/1009/1226
f 441/715/1227 616/1010/1228 569/931/1229
f 616/1011/1230 617/932/1134 569/923/1133
f 382/638/1221 449/781/1223 570/1008/1225
f 491/794/942 618/973/1184 506/817/974
f 891/1012/1231 506/817/1232 619/1013/1233
f 506/817/1232 618/973/1234 619/1013/1233
f 625/1014/1235 618/973/1236 620/974/1237
f 621/1015/1238 625/1014/1235 620/974/1237
f 625/1014/1235 619/1013/1233 618/973/1236
f 891/1012/1231 619/1013/1233 906/1016/1239
f 623/1007/1240 624/1017/1241 570/933/1242
f 616/1011/1243 622/1018/1244 632/1019/1245
f 632/1019/1246 623/1007/1246 616/1011/1246
f 616/1011/1247 623/1007/1247 617/932/1247
f 622/606/1248 616/1010/1228 441/715/1227
f 923/1020/1249 625/1014/1235 621/1015/1238
f 621/1015/1238 620/974/1237 626/1021/1250
f 626/1021/1251 620/974/1185 601/985/1198
f 627/987/1201 626/1021/1252 601/985/1199
f 627/987/1253 942/1022/1254 626/1021/1250
f 942/1022/1254 627/987/1253 628/988/1255
f 628/988/1255 629/1023/1256 942/1022/1254
f 382/638/1257 624/1009/1258 379/629/1259
f 630/1024/1260 629/1023/1256 603/1025/1261
f 603/1025/1261 629/1023/1256 628/988/1255
f 603/1025/1262 628/988/1202 604/989/1203
f 631/994/1208 603/1025/1262 604/989/1203
f 639/1026/1263 603/1025/1264 631/994/1265
f 603/1025/1264 639/1026/1263 630/1024/1266
f 624/1017/1241 623/1007/1240 634/1027/1267
f 632/1028/1245 622/606/1244 633/599/1268
f 379/629/1259 634/1029/1269 373/623/1270
f 635/1030/1271 634/1027/1272 623/1007/1273
f 635/1030/1271 623/1007/1273 632/1019/1274
f 634/1029/1269 379/629/1259 624/1009/1258
f 632/1028/1245 633/599/1268 636/598/1275
f 632/1019/1276 636/1031/1276 635/1030/1276
f 637/993/1277 639/1026/1277 631/994/1277
f 607/992/1206 638/1032/1278 637/993/1207
f 638/1032/1279 639/1026/1280 637/993/1281
f 639/1026/1280 638/1032/1279 952/1033/1282
f 640/999/1283 642/1034/1284 644/1000/1285
f 643/1035/1286 640/999/1283 641/1036/1287
f 615/998/1211 641/1036/1288 640/999/1212
f 641/1036/1288 615/998/1211 612/1003/1289
f 643/1035/1286 642/1034/1284 640/999/1283
f 638/1037/1279 644/1000/1285 642/1034/1284
f 607/996/1206 644/1000/1213 638/1037/1278
f 598/981/1290 653/1038/1290 652/1039/1290
f 597/706/1291 645/979/1292 435/591/1293
f 598/981/1294 652/1039/1294 645/983/1294
f 599/982/1295 598/981/1295 645/983/1295
f 598/978/1190 459/738/1189 453/731/1296
f 649/824/1297 647/1040/1298 646/1041/1299
f 648/1042/1300 646/1041/1299 647/1040/1298
f 611/1005/1218 646/1041/1301 612/1003/1216
f 646/1041/1301 648/1042/1302 612/1003/1216
f 648/1042/1303 647/1040/1304 641/1036/1305
f 515/823/984 646/1041/1306 493/802/952
f 493/802/952 646/1041/1306 611/1005/1218
f 515/823/1307 649/824/1297 646/1041/1299
f 647/1040/1298 649/824/1297 907/1043/1308
f 650/1044/1309 453/731/1310 365/618/752
f 612/1003/1289 648/1042/1311 641/1036/1288
f 641/1036/1305 647/1040/1304 643/1035/1312
f 645/979/1292 651/1045/1313 435/591/1293
f 645/983/1314 652/1039/1314 651/1046/1314
f 650/1044/1315 653/1047/1315 453/731/1315
f 598/981/1190 453/1048/1296 653/1038/1316
f 6/12/14 654/1049/1317 5/13/15
f 6/12/14 655/1050/1318 654/1049/1317
f 3/1051/1319 9/8/1320 656/1052/1321
f 9/8/1322 657/10/1322 656/1052/1322
f 5/9/11 657/10/1323 2/5/5
f 657/10/1323 5/9/11 654/1053/1324
f 655/1054/1325 657/10/1323 654/1053/1324
f 657/10/1326 655/1054/1327 664/1055/1328
f 435/591/1329 651/1045/1329 658/587/1329
f 651/1046/1330 652/1039/1330 659/1056/1330
f 659/1056/1331 653/1038/1332 669/1057/1333
f 669/1057/1334 653/1038/1334 650/1058/1334
f 653/1038/1332 659/1056/1331 652/1039/1335
f 537/864/1040 3/867/1044 660/1059/1336
f 660/1059/1336 3/867/1044 661/1060/1337
f 660/1059/1336 661/1060/1337 662/1061/1338
f 663/1062/1339 660/907/1092 662/1063/1340
f 656/1064/1321 661/1060/1341 3/867/1319
f 661/1060/1337 656/1064/1342 665/1065/1343
f 664/1055/1328 753/1066/1344 657/10/1326
f 666/1067/1345 663/1062/1346 662/1063/1347
f 661/1060/1337 666/1068/1348 662/1061/1338
f 661/1060/1337 665/1065/1343 666/1068/1348
f 667/1069/1349 694/1070/1350 666/1067/1345
f 665/1065/1343 667/1071/1351 666/1068/1348
f 756/1072/1352 668/1073/1353 667/1071/1351
f 667/1071/1351 665/1065/1343 756/1072/1352
f 650/1044/1309 365/618/752 359/607/740
f 650/1044/1354 359/607/1355 346/608/1356
f 670/1074/1357 658/587/1357 651/1045/1357
f 659/1056/1358 670/1075/1358 651/1046/1358
f 733/1076/1359 670/1075/1359 659/1056/1359
f 650/1044/1354 346/608/1356 669/1077/1360
f 671/1078/1361 672/1079/1362 687/1080/1363
f 672/1081/1364 671/1082/1365 673/1083/1366
f 689/1084/1367 673/1083/1366 671/1082/1365
f 675/1085/1368 668/1073/1353 756/1072/1352
f 675/1085/1368 756/1072/1352 763/1086/1369
f 677/1087/1370 674/1088/1371 678/1089/1372
f 675/1090/1373 674/1091/1374 697/1092/1375
f 674/1088/1371 675/1085/1368 763/1086/1369
f 763/1086/1369 678/1089/1372 674/1088/1371
f 677/1093/1376 697/1092/1377 674/1091/1378
f 677/1094/1376 676/1095/1379 679/1096/1380
f 676/1097/1381 677/1087/1370 688/1098/1382
f 677/1087/1370 678/1089/1372 688/1098/1382
f 685/1099/1383 686/1100/1384 687/1080/1363
f 687/1080/1363 686/1100/1384 671/1078/1361
f 688/1101/1385 684/1102/1385 682/1103/1385
f 685/1104/1386 689/1084/1367 686/1105/1387
f 686/1105/1387 689/1084/1367 671/1082/1365
f 673/1083/1388 689/1084/1388 684/1102/1388
f 684/1102/1389 688/1101/1390 673/1083/1391
f 688/1098/1382 541/874/1051 690/1106/1392
f 541/874/1051 688/1098/1382 539/872/1049
f 688/1098/1382 690/1106/1392 676/1097/1381
f 682/1107/1393 539/872/1049 688/1098/1382
f 676/1095/1379 690/1108/1394 679/1096/1380
f 660/907/1092 663/1062/1339 691/1109/1395
f 691/1109/1395 561/908/1093 660/907/1092
f 691/1110/1396 523/842/1098 561/910/1095
f 663/1111/1397 524/809/1398 691/1110/1396
f 691/1110/1396 524/809/1398 523/842/1098
f 531/886/1399 525/1112/1399 516/729/1399
f 694/1070/1350 693/1113/1400 666/1067/1345
f 667/1069/1401 668/1114/1402 692/1115/1403
f 668/1114/1402 675/1090/1373 692/1115/1403
f 692/1115/1403 694/1070/1404 667/1069/1401
f 663/1062/1346 666/1067/1345 693/1113/1400
f 524/809/1398 663/1111/1397 693/1116/1405
f 694/1117/1406 524/809/1398 693/1116/1405
f 694/1117/1406 496/805/1407 524/809/1398
f 501/812/1408 525/845/1408 500/807/1408
f 474/764/1409 496/805/1407 694/1117/1406
f 692/1118/1410 474/764/1409 694/1117/1406
f 696/1119/1411 679/1096/1380 690/1108/1394
f 679/1096/1380 695/1120/1412 677/1094/1376
f 697/1092/1377 677/1093/1376 695/1121/1412
f 679/1096/1380 696/1119/1411 695/1120/1412
f 697/1092/1375 692/1115/1403 675/1090/1373
f 697/1122/1413 474/764/1409 692/1118/1410
f 695/1123/1414 473/755/1415 697/1122/1413
f 697/1122/1413 473/755/1415 474/764/1409
f 473/755/1415 696/1124/1416 517/836/1417
f 696/1124/1416 473/755/1415 695/1123/1414
f 469/838/1418 508/832/1418 470/1125/1418
f 696/1119/1411 690/1108/1394 698/1126/1419
f 698/1126/1419 690/1108/1394 541/913/1103
f 698/1127/1420 517/836/1417 696/1124/1416
f 698/1126/1419 541/913/1103 563/912/1102
f 517/836/1417 698/1127/1420 563/917/1107
f 517/836/1417 563/917/1107 520/834/1108
f 507/819/990 521/830/992 512/825/1421
f 577/943/1145 578/945/1150 576/942/1144
f 516/729/876 578/944/1147 531/886/1149
f 578/945/1422 699/1128/1422 700/1129/1422
f 578/944/1147 516/729/876 699/828/988
f 700/1129/1423 579/946/1151 578/945/1150
f 721/1130/1424 296/505/616 291/497/607
f 701/1131/1425 296/505/1425 721/1130/1425
f 296/505/1426 701/1131/1426 300/511/1426
f 702/1132/1427 700/1129/1427 699/1128/1427
f 702/1132/1428 703/1133/1429 700/1129/1423
f 704/1134/1430 703/1133/1429 702/1132/1428
f 702/829/989 516/729/876 705/1135/1431
f 702/829/989 705/1135/1431 706/1136/1432
f 705/1135/1431 516/729/876 706/1136/1432
f 516/729/876 445/720/867 706/1136/1432
f 706/1137/1433 704/1134/1430 702/1132/1428
f 445/720/867 443/719/866 706/1136/1432
f 443/1138/1434 708/1139/1434 706/1137/1434
f 706/1137/1433 707/1140/1435 704/1134/1430
f 708/1139/1436 707/1140/1435 706/1137/1433
f 703/1133/1429 579/946/1151 700/1129/1423
f 703/1133/1429 596/976/1187 579/946/1151
f 703/1133/1429 704/1134/1430 727/1141/1437
f 708/1139/1436 709/1142/1438 707/1140/1435
f 709/1142/1438 728/1143/1439 707/1140/1435
f 711/1144/1440 710/1145/1441 708/1139/1436
f 711/1146/1442 708/1147/1443 443/719/866
f 711/1146/1442 443/719/866 442/718/865
f 712/1148/1444 710/1145/1441 711/1144/1440
f 714/1149/1445 713/818/1445 725/1150/1445
f 725/956/1446 726/962/1447 714/1151/1448
f 711/1146/1442 442/718/865 714/1149/1449
f 507/819/977 713/818/976 714/1149/1449
f 714/1149/1449 442/718/865 507/819/977
f 508/759/1450 507/819/977 442/718/865
f 711/1144/1440 714/1152/1448 712/1148/1444
f 710/1145/1441 709/1142/1438 708/1139/1436
f 712/1148/1444 709/1142/1438 710/1145/1441
f 726/962/1447 716/1153/1451 714/1151/1448
f 726/962/1447 715/963/1170 716/1153/1451
f 712/1148/1444 714/1152/1448 716/1154/1451
f 287/1155/649 311/1156/648 717/1157/1452
f 717/1157/1453 311/1156/1453 312/1158/1453
f 287/495/649 717/1159/1452 291/497/1454
f 314/530/1455 718/1160/1455 310/532/1455
f 718/1161/1456 312/1158/1456 310/1162/1456
f 718/1160/1457 314/530/1457 720/535/1457
f 721/1163/1458 291/1164/1454 717/1157/1452
f 718/1161/1459 719/1165/1459 312/1158/1459
f 719/1165/1460 717/1157/1460 312/1158/1460
f 719/1165/1461 721/1163/1461 717/1157/1461
f 720/1166/1462 719/1165/1463 718/1161/1464
f 722/1167/1465 720/535/1465 318/546/1465
f 721/1163/1466 723/1168/1466 701/1169/1466
f 722/1170/1467 719/1165/1463 720/1166/1462
f 723/1168/1468 719/1165/1468 722/1170/1468
f 723/1168/1469 721/1163/1469 719/1165/1469
f 724/1171/1470 723/1168/1470 722/1170/1470
f 724/1171/1471 701/1169/1471 723/1168/1471
f 319/555/1472 722/1167/1472 318/546/1472
f 319/1172/1473 724/1171/1473 722/1170/1473
f 585/1173/1474 725/1174/1474 713/1175/1474
f 725/1150/1475 585/820/1475 584/955/1475
f 585/820/978 507/819/977 512/825/1160
f 320/512/623 300/511/625 701/1131/1476
f 724/1176/1477 320/1177/1477 701/1178/1477
f 725/956/1162 589/957/1163 726/962/1169
f 703/1133/1429 727/1141/1437 596/976/1187
f 727/1141/1437 729/990/1204 596/976/1187
f 704/1134/1430 707/1140/1435 728/1143/1439
f 704/1134/1430 728/1143/1439 727/1141/1478
f 729/990/1479 727/1141/1478 728/1143/1439
f 729/990/1204 602/986/1200 596/976/1187
f 728/1143/1439 730/1179/1480 729/990/1479
f 730/1179/1480 604/989/1203 729/990/1479
f 730/1179/1480 631/994/1208 604/989/1203
f 732/1180/1210 731/1181/1481 712/1148/1444
f 712/1148/1444 731/1181/1481 709/1142/1438
f 709/1142/1438 731/1181/1481 728/1143/1439
f 732/1180/1210 712/1148/1444 716/1154/1451
f 716/1153/1451 715/963/1170 732/997/1210
f 732/1180/1210 607/992/1206 731/1181/1481
f 732/997/1210 715/963/1170 605/995/1209
f 731/1181/1481 606/991/1205 730/1179/1480
f 731/1181/1481 730/1179/1480 728/1143/1439
f 607/992/1206 606/991/1205 731/1181/1481
f 606/991/1205 631/994/1208 730/1179/1480
f 670/1074/1482 348/453/1482 658/587/1482
f 659/1056/1483 669/1057/1483 733/1076/1483
f 670/1075/1484 733/1076/1484 347/1182/1484
f 669/1057/1485 346/1183/1486 733/1076/1487
f 346/608/742 361/417/517 734/416/516
f 347/1182/1488 348/1184/1489 670/1075/1490
f 346/1183/1486 734/1185/1491 733/1076/1487
f 347/1182/1492 733/1076/1493 735/1186/1494
f 733/1076/1493 734/1185/1495 735/1186/1494
f 347/1187/1488 259/439/1496 348/453/1489
f 735/1186/1497 259/1188/1498 347/1182/1499
f 734/416/1500 233/411/1500 241/1189/1500
f 259/439/1501 736/1190/1501 256/440/1501
f 735/1186/1502 737/1191/1502 736/1192/1502
f 735/1186/1497 736/1192/1503 259/1188/1498
f 241/1193/1504 737/1191/1505 734/1185/1506
f 737/1191/1505 735/1186/1507 734/1185/1506
f 240/407/505 241/1189/1508 233/411/509
f 737/1191/1509 738/1194/1509 736/1192/1509
f 255/443/1510 256/440/1511 736/1190/1512
f 736/1190/1512 738/1195/1513 255/443/1510
f 737/1191/1514 241/1193/1514 739/1196/1514
f 739/561/675 241/1189/1515 240/407/676
f 323/1197/1516 738/1194/1516 737/1191/1516
f 323/1197/1517 737/1191/1517 739/1196/1517
f 738/1194/1518 323/1197/1519 255/1198/1520
f 255/443/1520 323/1199/1519 322/552/1521
f 288/492/609 281/490/600 289/498/608
f 289/498/608 281/490/600 227/392/489
f 302/518/630 299/508/619 240/407/505
f 299/508/619 302/518/630 297/509/620
f 311/1156/648 289/1200/638 741/1201/637
f 306/1202/1522 311/1156/1522 741/1201/1522
f 305/434/1523 309/524/645 310/532/647
f 310/1162/1524 306/1202/1524 305/1203/1524
f 312/1158/1525 306/1202/1525 310/1162/1525
f 312/1158/1526 311/1156/1526 306/1202/1526
f 322/1204/1527 323/1197/1527 319/1205/1527
f 319/1205/1528 323/1197/1528 724/1176/1528
f 323/1197/1529 320/1177/1529 724/1176/1529
f 299/508/624 320/512/623 739/561/675
f 739/1196/1530 320/1177/1530 323/1197/1530
f 741/1201/1531 228/1206/1531 742/1207/1531
f 227/392/636 228/1208/1532 741/525/637
f 740/1209/1533 306/1202/1533 742/1207/1533
f 741/1201/1534 742/1207/1534 306/1202/1534
f 249/1210/1535 306/1202/1536 740/1209/1537
f 305/1203/1538 306/1202/1536 249/1210/1535
f 221/386/488 228/1208/1539 227/392/489
f 245/423/1540 249/431/1541 246/425/1542
f 246/1211/1543 740/1209/1543 742/1207/1543
f 249/431/1541 740/1212/1544 246/425/1542
f 355/597/730 636/598/729 633/599/1545
f 373/623/1270 634/1029/1269 351/625/1546
f 635/1030/1547 351/1213/1547 634/1027/1547
f 353/1214/1548 635/1215/1549 636/1216/1550
f 354/1217/1551 351/1213/1551 635/1030/1551
f 354/1218/1552 635/1215/1549 353/1214/1548
f 636/598/1553 352/426/1554 353/1219/1555
f 354/1218/1556 743/1220/1556 351/1221/1556
f 375/388/1557 351/625/1557 743/1222/1557
f 744/1223/1558 354/1218/1558 353/1214/1558
f 743/1220/1559 354/1218/1559 744/1223/1559
f 352/426/1554 246/425/1560 353/1219/1555
f 353/1214/1561 246/1211/1561 744/1223/1561
f 219/385/481 375/388/483 221/386/1562
f 228/1208/1539 221/386/488 375/388/1563
f 375/388/1563 743/1222/1564 228/1208/1539
f 246/1211/1565 742/1207/1565 744/1223/1565
f 743/1220/1566 742/1207/1566 228/1206/1566
f 743/1220/1567 744/1223/1567 742/1207/1567
f 36/77/83 766/1224/1568 747/1225/1569
f 768/1226/1570 543/870/1571 745/1227/1572
f 766/1228/1573 746/1229/1573 747/1230/1573
f 543/870/1571 539/872/1574 745/1227/1572
f 680/1231/1575 687/1080/1363 747/1225/1569
f 687/1080/1363 36/77/83 747/1225/1569
f 682/1103/1576 745/1232/1576 539/1233/1576
f 747/1230/1577 746/1229/1577 683/1234/1577
f 683/1234/1578 746/1229/1578 745/1232/1578
f 745/1232/1579 682/1103/1579 684/1102/1579
f 680/1235/1580 747/1230/1581 683/1234/1582
f 745/1232/1583 684/1102/1583 683/1234/1583
f 680/1235/1580 683/1234/1582 681/1236/1584
f 685/1099/1383 687/1080/1363 681/1237/1585
f 680/1231/1575 681/1237/1585 687/1080/1363
f 681/1236/1586 683/1234/1587 685/1104/1588
f 684/1102/1589 685/1104/1588 683/1234/1587
f 684/1102/1589 689/1084/1590 685/1104/1588
f 6/12/14 10/14/16 8/41/40
f 6/12/1591 752/1238/1591 749/1239/1591
f 6/12/14 749/1239/1592 655/1050/1318
f 749/1239/1592 664/1240/1593 655/1050/1318
f 664/1240/1593 749/1239/1592 748/1241/1594
f 751/1242/1595 750/1243/1596 749/1239/1592
f 749/1239/1592 750/1243/1596 748/1241/1594
f 752/1238/1597 751/1242/1595 749/1239/1592
f 772/1244/1598 759/1245/1599 752/1238/1600
f 753/1066/1344 664/1055/1328 748/1246/1601
f 753/1066/1602 656/1052/1602 657/10/1602
f 753/1066/1344 748/1246/1601 750/1247/1603
f 754/1248/1604 656/1052/1605 753/1066/1606
f 754/1248/1607 665/1249/1607 656/1052/1607
f 751/1250/1608 753/1066/1344 750/1247/1603
f 753/1066/1606 755/1251/1609 754/1248/1604
f 751/1250/1608 755/1251/1610 753/1066/1344
f 752/1252/1611 755/1251/1610 751/1250/1608
f 757/1253/1612 756/1072/1613 754/1254/1614
f 754/1248/1615 755/1251/1616 757/1255/1617
f 759/1256/1618 758/1257/1619 752/1252/1620
f 752/1252/1611 758/1257/1621 755/1251/1610
f 757/1255/1617 755/1251/1616 758/1257/1622
f 772/1244/1598 762/1258/1623 759/1245/1599
f 761/1259/1624 760/1260/1624 672/1261/1624
f 772/1244/1598 760/1262/1625 762/1258/1623
f 672/1079/1362 760/1262/1625 772/1244/1598
f 756/1072/1626 757/1253/1627 763/1086/1628
f 764/1263/1629 758/1257/1619 759/1256/1618
f 764/1263/1630 757/1255/1631 758/1257/1632
f 763/1086/1628 757/1253/1627 678/1089/1633
f 765/1264/1634 678/1089/1633 757/1253/1627
f 764/1263/1630 765/1265/1635 757/1255/1631
f 761/1266/1636 673/1083/1366 760/1267/1637
f 673/1083/1391 678/1268/1638 765/1269/1639
f 762/1270/1640 764/1263/1641 759/1256/1642
f 760/1271/1637 764/1263/1641 762/1270/1640
f 760/1271/1637 673/1272/1366 764/1263/1641
f 673/1272/1643 765/1265/1643 764/1263/1643
f 672/1081/1364 673/1083/1366 761/1266/1636
f 673/1083/1391 688/1101/1390 678/1268/1638
f 754/1254/1614 756/1072/1613 665/1065/1644
f 36/77/83 547/79/85 766/1224/1568
f 546/72/1645 33/1273/1645 768/1274/1645
f 766/1228/1646 547/887/1064 35/71/75
f 35/71/1647 768/1274/1647 746/1229/1647
f 35/71/1648 546/72/1648 768/1274/1648
f 766/1228/1649 35/71/1649 746/1229/1649
f 745/1232/1650 746/1229/1650 768/1274/1650
f 768/1226/1570 33/868/1651 543/870/1571
f 770/1275/1652 794/1276/1653 769/1277/1654
f 771/1278/1655 770/1275/1652 769/1277/1654
f 771/1279/1656 799/1280/1657 770/1281/1658
f 6/12/1659 772/1244/1598 752/1238/1600
f 799/1282/1660 772/1244/1660 6/12/1660
f 777/1283/1661 771/1278/1655 769/1277/1654
f 773/1284/1662 771/1278/1655 777/1283/1661
f 773/1284/1662 778/1285/1663 775/1286/1664
f 775/1286/1664 778/1285/1663 795/1287/1665
f 773/1288/1666 799/1280/1657 771/1279/1656
f 672/1079/1362 772/1244/1598 687/1080/1363
f 772/1244/1667 799/1282/1668 687/1080/1669
f 687/1080/1669 799/1282/1668 774/1289/1670
f 773/1284/1671 774/1290/1671 799/1291/1671
f 775/1286/1672 774/1290/1672 773/1284/1672
f 777/1283/1661 769/1277/1654 776/1292/1673
f 778/1285/1663 777/1283/1661 4250/1293/1674
f 778/1285/1663 773/1284/1662 777/1283/1661
f 784/1294/1675 780/1295/1676 779/1296/1677
f 784/1294/1675 781/172/203 780/1295/1676
f 82/152/173 90/151/172 782/1297/1678
f 787/173/204 781/172/203 784/1294/1675
f 785/1298/1679 782/1297/1678 90/151/172
f 782/1297/1678 785/1298/1679 783/1299/1680
f 783/1299/1680 785/1298/1679 788/1300/1681
f 786/1301/1682 789/1302/1683 1385/1303/1684
f 1386/1304/1685 786/1305/1686 1385/1306/1687
f 1386/1304/1688 783/1299/1688 788/1300/1688
f 784/1294/1689 93/1307/1689 787/173/1689
f 787/1308/1690 93/163/193 95/168/199
f 89/160/192 91/164/191 106/205/1691
f 147/1309/1692 789/1302/1692 786/1301/1692
f 147/272/1693 786/1310/1693 106/205/1693
f 788/1300/1694 786/1305/1686 1386/1304/1685
f 106/1311/1695 786/1305/1695 788/1300/1695
f 788/1300/1696 89/1312/1697 106/1311/1698
f 785/1298/1699 89/1312/1697 788/1300/1696
f 158/206/234 147/272/335 106/205/233
f 789/1302/1700 790/276/1701 1701/1313/1702
f 1701/1313/1702 173/275/379 1922/1314/1703
f 790/276/1701 173/275/379 1701/1313/1702
f 147/1309/1704 44/274/101 790/276/338
f 147/1309/1704 790/276/338 789/1302/1705
f 1922/1314/1703 173/275/379 2579/312/380
f 71/86/92 767/74/94 3529/1315/1706
f 3265/1316/1707 71/86/92 3529/1315/1706
f 3529/1315/1706 767/74/94 791/1317/1708
f 791/1317/1709 767/74/80 36/73/79
f 4072/1318/1710 3778/1319/1711 791/1317/1712
f 53/40/39 6/12/14 8/41/40
f 795/1287/1665 778/1285/1663 4252/1320/1713
f 796/1321/1714 4251/1322/1715 4253/1323/1716
f 4251/1322/1715 796/1321/1714 795/1287/1665
f 792/1324/1717 770/1275/1652 793/1325/1718
f 794/1276/1653 770/1275/1652 792/1324/1717
f 774/1290/1719 795/1287/1665 796/1321/1720
f 795/1287/1665 774/1290/1719 775/1286/1664
f 4072/1318/1721 797/1326/1722 4255/1327/1723
f 798/1328/1724 796/1329/1724 4255/1327/1724
f 774/1290/1725 796/1321/1725 798/1330/1725
f 770/1281/1658 799/1280/1657 793/1331/1726
f 797/1326/1727 791/1317/1727 36/73/1727
f 687/1080/1728 797/1332/1728 36/77/1728
f 4255/1327/1723 797/1326/1722 798/1328/1729
f 798/1328/1730 797/1326/1730 687/1333/1730
f 687/1080/1731 774/1289/1731 798/1334/1731
f 405/132/146 392/648/793 408/663/795
f 802/144/1732 69/106/121 800/133/149
f 801/1335/1733 802/144/1732 800/133/149
f 802/144/1734 801/1335/1734 833/1336/1734
f 804/1337/1735 801/1338/1736 807/1339/1737
f 804/1337/1735 807/1339/1737 803/1340/1738
f 820/1341/1739 804/1337/1735 803/1340/1738
f 805/1342/1740 804/1337/1735 820/1341/1739
f 806/1343/1741 405/132/146 808/1344/1742
f 806/1343/1741 800/133/147 405/132/146
f 801/1335/1743 800/133/1743 806/1343/1743
f 844/1345/1744 806/1343/1745 808/1344/1746
f 844/1346/1744 807/1339/1737 806/1347/1745
f 801/1335/1747 806/1343/1745 807/1348/1737
f 824/1349/1748 803/1340/1738 807/1339/1737
f 408/663/795 842/1350/1749 808/1344/1742
f 405/132/146 408/663/795 808/1344/1742
f 826/1351/1750 807/1339/1737 844/1346/1744
f 129/215/302 811/158/341 809/1352/1751
f 837/1353/1752 810/1354/1752 811/158/1752
f 811/158/1753 810/1354/1753 809/1352/1753
f 815/1355/1754 809/1352/1754 810/1354/1754
f 812/1356/1755 814/1357/1756 813/1358/1757
f 812/1356/1755 828/1359/1758 814/1357/1756
f 814/1360/1759 810/1354/1759 837/1353/1759
f 816/1361/1760 154/213/241 809/1352/1761
f 816/1361/1760 809/1352/1761 815/1355/1762
f 154/213/241 129/215/243 809/1352/1761
f 814/1357/1756 828/1359/1758 831/1362/1763
f 814/1357/1756 819/1363/1764 810/1364/1765
f 819/1363/1764 815/1365/1766 810/1364/1765
f 413/258/313 816/1361/1760 817/1366/1767
f 816/1361/1760 413/258/313 154/213/241
f 819/1363/1764 818/1367/1768 816/1368/1769
f 832/1369/1770 818/1367/1768 819/1363/1764
f 816/1368/1769 815/1365/1766 819/1363/1764
f 820/1341/1739 821/1370/1771 805/1342/1740
f 822/1371/1772 821/1372/1773 880/1373/1774
f 805/1342/1740 821/1370/1771 822/1374/1775
f 822/1374/1775 823/1375/1776 805/1342/1740
f 824/1349/1748 807/1339/1737 826/1351/1750
f 803/1376/1777 824/1377/1778 838/1378/1779
f 803/1376/1777 838/1378/1779 876/1379/1780
f 826/1351/1750 844/1346/1744 825/1380/1781
f 838/1378/1782 826/1381/1783 839/1382/1784
f 824/1377/1785 826/1381/1783 838/1378/1782
f 840/1383/1786 823/1375/1776 822/1374/1775
f 840/1384/1787 882/1385/1788 827/1386/1789
f 840/1383/1786 827/1387/1790 813/1358/1757
f 840/1383/1786 813/1358/1757 823/1375/1776
f 812/1356/1755 813/1358/1757 827/1387/1790
f 828/1388/1791 812/1389/1792 878/1390/1793
f 830/1391/1794 831/1392/1795 828/1388/1791
f 829/1393/1796 819/1363/1764 831/1362/1763
f 814/1357/1756 831/1362/1763 819/1363/1764
f 830/1391/1797 829/1394/1798 831/1392/1799
f 819/1363/1764 829/1393/1796 832/1369/1770
f 73/107/122 69/106/121 802/144/161
f 72/135/151 802/144/161 833/1336/1800
f 72/135/151 833/1336/1800 834/1395/1801
f 811/158/182 88/47/181 96/155/1802
f 96/155/176 835/1396/1803 836/1397/1804
f 835/1396/1803 96/155/176 948/156/178
f 96/155/176 837/1353/1805 811/158/1806
f 96/155/176 836/1397/1804 837/1353/1805
f 804/1398/1735 833/1336/1807 801/1335/1736
f 833/1399/1808 804/1337/1735 834/1400/1809
f 805/1342/1740 834/1400/1809 804/1337/1735
f 834/1400/1809 805/1342/1740 949/1401/1810
f 823/1375/1776 949/1401/1810 805/1342/1740
f 950/1402/1811 823/1375/1776 813/1358/1757
f 948/156/1812 813/1403/1757 835/1396/1813
f 950/1404/1811 813/1403/1757 948/156/1812
f 813/1403/1757 814/1360/1756 836/1397/1814
f 836/1397/1814 835/1396/1815 813/1403/1757
f 814/1405/1756 837/1406/1816 836/1407/1814
f 876/1379/1780 880/1408/1774 821/1409/1773
f 820/1410/1817 876/1379/1780 821/1409/1773
f 822/1371/1772 880/1373/1774 881/1411/1818
f 876/1379/1780 820/1410/1817 803/1376/1777
f 839/1382/1784 826/1381/1819 852/1412/1820
f 881/1411/1821 840/1384/1787 822/1371/1822
f 827/1386/1823 882/1385/1824 812/1389/1792
f 878/1390/1793 830/1391/1794 828/1388/1791
f 812/1389/1792 882/1385/1824 878/1390/1793
f 841/1413/1825 829/1394/1798 830/1391/1797
f 832/1414/1826 829/1394/1798 841/1413/1825
f 842/1350/1749 408/663/795 407/662/794
f 843/672/810 416/1415/811 415/669/807
f 843/672/1827 817/1366/1827 848/1416/1827
f 413/258/313 817/1366/1767 843/672/810
f 407/662/794 846/668/804 845/1417/1828
f 409/665/799 846/668/804 407/662/794
f 847/1418/1829 844/1346/1744 842/1419/1830
f 808/1344/1746 842/1350/1830 844/1345/1744
f 844/1346/1744 847/1418/1829 850/1420/1831
f 851/1421/1832 849/1422/1833 818/1367/1768
f 849/1422/1833 848/1423/1834 817/1424/1835
f 818/1367/1768 849/1422/1833 817/1424/1835
f 818/1367/1768 817/1424/1835 816/1368/1769
f 845/1417/1828 842/1350/1749 407/662/794
f 855/1425/1836 847/1426/1829 845/1417/1837
f 845/1417/1837 847/1426/1829 842/1350/1830
f 416/674/811 843/1427/810 848/1428/1838
f 869/1429/1839 862/1430/1840 849/1422/1833
f 850/1420/1831 847/1418/1829 853/1431/1841
f 844/1346/1744 850/1420/1831 825/1380/1781
f 852/1412/1820 826/1381/1819 825/1432/1842
f 854/1433/1843 849/1422/1833 851/1421/1832
f 832/1369/1770 851/1421/1832 818/1367/1768
f 825/1432/1842 850/1434/1844 852/1412/1820
f 851/1435/1845 832/1414/1846 870/1436/1847
f 832/1414/1846 841/1413/1848 870/1436/1847
f 847/1418/1829 858/1437/1849 866/1438/1850
f 853/1431/1841 847/1418/1829 866/1438/1850
f 852/1412/1820 850/1434/1844 853/1439/1851
f 852/1412/1820 853/1439/1851 856/1440/1852
f 869/1441/1853 854/1442/1854 870/1443/1847
f 869/1429/1839 849/1422/1833 854/1433/1843
f 411/667/803 855/1425/1855 846/668/804
f 855/1425/1855 845/1417/1828 846/668/804
f 857/1444/1856 847/1418/1829 855/1445/1836
f 858/1437/1849 847/1418/1829 857/1444/1856
f 859/676/814 860/1446/1857 419/677/816
f 861/1447/1858 860/1446/1857 859/676/814
f 848/1428/1838 859/676/814 416/674/811
f 859/676/814 848/1428/1838 861/1447/1859
f 862/1430/1840 860/1448/1860 861/1449/1861
f 862/1430/1840 861/1449/1861 849/1422/1833
f 849/1422/1833 861/1449/1861 848/1423/1834
f 411/667/803 863/1450/1862 855/1425/1855
f 874/1451/1863 863/1450/1862 411/667/803
f 504/815/971 874/1451/1863 411/667/803
f 504/815/971 411/667/803 502/813/968
f 855/1445/1836 863/1452/1864 857/1444/1856
f 863/1452/1864 864/1453/1865 857/1444/1856
f 885/1454/1866 419/677/816 860/1446/1867
f 419/677/816 885/1454/1866 511/821/980
f 865/1455/1868 860/1448/1860 862/1430/1840
f 867/1456/1869 866/1457/1870 858/1458/1871
f 853/1439/1851 866/1457/1872 856/1440/1852
f 862/1430/1840 869/1429/1839 868/1459/1873
f 866/1457/1870 867/1456/1869 856/1440/1874
f 870/1436/1847 854/1460/1854 851/1435/1845
f 870/1443/1847 871/1461/1875 869/1441/1853
f 869/1441/1853 871/1461/1875 868/1462/1876
f 857/1444/1856 872/1463/1877 858/1437/1849
f 858/1458/1871 872/1464/1878 867/1456/1869
f 873/1465/1879 868/1462/1876 871/1461/1875
f 868/1459/1873 865/1455/1868 862/1430/1840
f 868/1459/1873 873/1466/1880 865/1455/1868
f 893/1467/1881 873/1465/1882 887/1468/1883
f 875/1469/1884 888/1470/1884 874/1471/1884
f 895/1472/1885 867/1456/1869 872/1464/1878
f 887/1468/1883 873/1465/1879 871/1461/1875
f 838/1378/1782 839/1382/1784 955/1473/1886
f 838/1378/1779 955/1473/1887 876/1379/1780
f 877/1474/1888 839/1382/1784 852/1412/1820
f 958/1475/1889 852/1412/1820 856/1440/1852
f 852/1412/1820 958/1475/1889 877/1474/1888
f 830/1391/1794 878/1390/1793 961/1476/1890
f 957/1477/1891 880/1408/1774 876/1379/1780
f 881/1411/1818 880/1373/1774 957/1478/1891
f 960/1479/1892 840/1384/1787 881/1411/1821
f 840/1384/1787 960/1479/1892 882/1385/1788
f 882/1385/1824 959/1480/1893 878/1390/1793
f 867/1456/1869 883/1481/1894 856/1440/1874
f 883/1481/1894 958/1475/1895 856/1440/1874
f 871/1461/1875 870/1443/1847 962/1482/1896
f 864/1453/1865 863/1452/1864 874/1483/1897
f 864/1453/1865 874/1483/1897 888/1484/1898
f 864/1453/1899 892/1485/1900 857/1444/1901
f 885/1454/1866 514/822/982 511/821/980
f 885/1454/1866 884/1486/1902 514/822/982
f 860/1446/1860 865/1487/1868 885/1454/1903
f 884/1486/1904 885/1454/1903 865/1487/1868
f 867/1456/1869 895/1472/1885 1004/1488/1905
f 504/816/971 875/1469/1906 874/1471/1863
f 888/1470/1907 875/1469/1906 504/816/971
f 891/1012/1908 888/1470/1907 504/816/971
f 864/1453/1899 889/1489/1909 892/1485/1900
f 884/1486/1902 890/1490/1910 514/822/982
f 865/1455/1868 886/1491/1911 884/1492/1904
f 884/1486/1904 886/1493/1911 890/1490/1912
f 904/1494/1913 890/1490/1912 886/1493/1911
f 891/1012/1908 504/816/971 506/817/975
f 892/1485/1900 872/1463/1914 857/1444/1901
f 872/1495/1878 892/1496/1915 895/1497/1885
f 865/1455/1868 873/1466/1880 886/1491/1911
f 893/1498/1916 886/1491/1911 873/1466/1880
f 887/1468/1883 896/1499/1917 893/1467/1881
f 893/1467/1881 896/1499/1917 894/1500/1918
f 892/1485/1900 889/1489/1909 897/1501/1919
f 898/1502/1920 897/1501/1919 889/1489/1909
f 901/1503/1921 894/1500/1918 896/1499/1917
f 894/1504/1922 886/1491/1911 893/1498/1916
f 886/1491/1911 894/1504/1922 899/1505/1923
f 892/1496/1915 897/1506/1924 895/1497/1885
f 897/1506/1924 900/1507/1925 895/1497/1885
f 895/1497/1885 900/1507/1925 918/1508/1926
f 897/1506/1924 898/1509/1927 900/1507/1925
f 899/1510/1928 894/1500/1918 901/1503/1921
f 902/1511/1929 888/1470/1907 891/1012/1908
f 889/1489/1909 864/1453/1899 902/1512/1930
f 864/1453/1899 888/1484/1931 902/1512/1930
f 902/1512/1930 903/1513/1932 889/1489/1909
f 649/824/986 514/822/982 890/1490/1910
f 890/1490/1910 904/1494/1933 649/824/986
f 911/1514/1934 905/1515/1935 886/1491/1911
f 904/1516/1913 886/1491/1911 905/1515/1935
f 902/1511/1936 891/1012/1231 906/1016/1239
f 902/1511/1937 906/1016/1937 922/1517/1937
f 907/1043/1308 649/824/1297 904/1494/1938
f 903/1518/1932 902/1511/1930 922/1517/1939
f 931/1519/1940 913/1520/1941 909/1521/1942
f 910/1522/1943 915/1523/1944 934/1524/1945
f 934/1524/1945 905/1515/1935 910/1522/1943
f 934/1524/1945 926/1525/1946 905/1515/1935
f 907/1043/1947 904/1494/1913 905/1526/1935
f 926/1527/1946 907/1043/1947 905/1526/1935
f 898/1502/1920 889/1489/1909 908/1528/1948
f 903/1513/1932 908/1528/1948 889/1489/1909
f 908/1529/1949 909/1530/1950 912/1531/1951
f 910/1532/1952 911/1533/1953 920/1534/1954
f 911/1514/1934 886/1491/1911 899/1505/1923
f 900/1507/1925 898/1509/1927 908/1529/1949
f 912/1531/1951 900/1507/1925 908/1529/1949
f 920/1534/1954 911/1533/1953 901/1503/1955
f 911/1533/1953 899/1510/1956 901/1503/1955
f 909/1521/1942 908/1528/1948 903/1513/1932
f 912/1531/1957 909/1530/1958 913/1535/1959
f 931/1519/1940 909/1521/1942 903/1513/1932
f 913/1535/1959 914/1536/1960 916/1537/1961
f 915/1538/1962 910/1532/1963 920/1534/1954
f 910/1522/1943 905/1515/1935 911/1514/1934
f 916/1537/1961 912/1531/1957 913/1535/1959
f 915/1538/1962 920/1534/1954 921/1539/1964
f 921/1539/1964 941/1540/1965 915/1538/1962
f 941/1540/1965 921/1539/1964 930/1541/1966
f 966/1542/1967 918/1508/1926 900/1507/1925
f 919/1543/1968 966/1542/1967 900/1507/1925
f 896/1499/1917 968/1544/1969 901/1503/1921
f 900/1507/1925 912/1531/1951 919/1543/1968
f 912/1531/1957 916/1537/1961 919/1543/1970
f 619/1013/1233 625/1014/1235 906/1016/1239
f 625/1014/1235 922/1517/1971 906/1016/1239
f 625/1014/1235 923/1020/1249 922/1517/1971
f 924/1545/1972 922/1517/1972 923/1020/1972
f 927/1546/1973 647/1040/1304 907/1043/1974
f 926/1527/1975 927/1546/1973 907/1043/1974
f 927/1546/1976 926/1527/1976 925/1547/1976
f 971/1548/1977 928/1549/1978 970/1550/1979
f 916/1537/1961 928/1549/1978 969/1551/1980
f 917/1552/1981 970/1550/1979 928/1549/1978
f 972/1553/1982 970/1550/1983 929/1554/1984
f 929/1554/1984 970/1550/1983 917/1552/1985
f 921/1539/1964 973/1555/1986 930/1541/1966
f 972/1556/1987 929/1557/1984 930/1541/1966
f 931/1519/1940 903/1513/1932 922/1558/1988
f 931/1559/1940 922/1517/1988 924/1545/1989
f 913/1520/1941 931/1519/1940 932/1560/1990
f 934/1524/1945 941/1561/1991 933/1562/1992
f 933/1562/1992 925/1563/1993 934/1524/1945
f 925/1563/1993 926/1525/1946 934/1524/1945
f 914/1536/1994 913/1535/1994 935/1564/1994
f 913/1520/1941 932/1560/1990 935/1565/1995
f 935/1564/1996 928/1549/1978 914/1536/1960
f 935/1564/1997 936/1566/1998 928/1549/1978
f 936/1567/1999 935/1565/1995 932/1560/1990
f 936/1567/1999 932/1560/1990 938/1568/2000
f 937/1569/2001 917/1552/1985 936/1566/2002
f 936/1567/2003 938/1568/2004 937/1570/2005
f 938/1568/2004 939/1571/2006 937/1570/2005
f 929/1554/1984 937/1569/2001 940/1572/2007
f 933/1562/1992 940/1573/2008 937/1570/2009
f 939/1571/2010 933/1562/1992 937/1570/2009
f 941/1561/1991 934/1524/1945 915/1523/1944
f 941/1561/1991 940/1573/2008 933/1562/1992
f 942/1022/1254 923/1020/1249 621/1015/1238
f 621/1015/1238 626/1021/1250 942/1022/1254
f 647/1040/1304 927/1546/1973 643/1035/1312
f 942/1022/1254 924/1545/2011 923/1020/1249
f 942/1022/1254 943/1574/2012 924/1545/2011
f 944/1575/2013 943/1574/2012 942/1022/1254
f 944/1575/2013 942/1022/1254 629/1023/1256
f 642/1034/1284 946/1576/2014 945/1577/2015
f 927/1546/2016 925/1547/2017 643/1035/1286
f 925/1547/2017 946/1576/2014 643/1035/1286
f 642/1034/1284 643/1035/1286 946/1576/2014
f 943/1574/2018 931/1559/1940 924/1545/2019
f 932/1578/1990 931/1559/1940 943/1574/2018
f 943/1574/2018 944/1575/2020 932/1578/1990
f 953/1579/2021 938/1568/2022 944/1580/2020
f 944/1580/2020 938/1568/2022 932/1560/1990
f 939/1571/2010 938/1568/2022 951/1581/2023
f 938/1568/2022 953/1579/2021 951/1581/2023
f 951/1581/2023 954/1582/2024 939/1571/2010
f 933/1562/1992 939/1571/2010 954/1582/2024
f 933/1562/1992 954/1582/2024 945/1583/2025
f 945/1583/2025 946/1584/2026 933/1562/1992
f 946/1584/2026 925/1563/1993 933/1562/1992
f 914/1536/1960 928/1549/1978 916/1537/1961
f 928/1549/1978 936/1566/1998 917/1552/1981
f 929/1554/1984 917/1552/1985 937/1569/2001
f 930/1541/1966 929/1557/1984 940/1585/2007
f 941/1540/1965 930/1541/1966 940/1585/2007
f 86/44/177 947/142/159 948/156/178
f 949/1586/2027 72/139/151 834/1587/2028
f 76/140/157 72/139/151 949/1586/2027
f 947/142/159 76/140/157 950/1404/2029
f 949/1586/2030 950/1404/2029 76/140/157
f 950/1404/2029 948/156/178 947/142/159
f 949/1401/1810 823/1375/1776 950/1402/2031
f 969/1551/2032 919/1543/1970 916/1537/1961
f 630/1024/1260 951/1588/2033 629/1023/1256
f 951/1588/2034 639/1026/1263 952/1033/1282
f 639/1026/1263 951/1588/2034 630/1024/1266
f 638/1032/1279 642/1589/1284 952/1033/1282
f 944/1575/2013 629/1023/1256 953/1590/2035
f 951/1588/2033 953/1590/2035 629/1023/1256
f 954/1591/2036 951/1588/2034 952/1033/1282
f 642/1589/1284 945/1592/2015 952/1033/1282
f 954/1591/2036 952/1033/1282 945/1592/2015
f 870/1436/1847 841/1413/1848 879/1593/2037
f 976/1594/2038 977/1595/2039 955/1473/1886
f 955/1473/1887 956/1596/2040 876/1379/1780
f 956/1596/2041 974/1597/2042 957/1477/1891
f 877/1474/1888 976/1594/2038 839/1382/1784
f 839/1382/1784 976/1594/2038 955/1473/1886
f 959/1480/1893 961/1476/1890 878/1390/1793
f 961/1476/2043 841/1413/1825 830/1391/1797
f 961/1476/2043 978/1598/2044 841/1413/1825
f 841/1413/1825 986/1599/2045 879/1593/2046
f 879/1593/2037 962/1600/2047 870/1436/1847
f 956/1596/2041 957/1477/1891 876/1379/1780
f 957/1478/2048 975/1601/2049 881/1411/1821
f 881/1411/1821 975/1601/2049 960/1479/1892
f 882/1385/1824 960/1479/2050 959/1480/1893
f 958/1475/1895 883/1481/1894 963/1602/2051
f 871/1461/1875 962/1482/1896 964/1603/2052
f 993/1604/2053 963/1602/2051 883/1481/1894
f 1004/1488/1905 883/1481/1894 867/1456/1869
f 883/1481/1894 1004/1488/1905 993/1604/2053
f 918/1508/1926 1004/1605/1905 895/1497/1885
f 887/1468/1883 1010/1606/2054 965/1607/2055
f 887/1468/1883 871/1461/1875 964/1603/2056
f 887/1468/1883 965/1607/2055 896/1499/1917
f 918/1508/1926 966/1542/1967 1012/1608/2057
f 919/1543/1968 967/1609/2058 966/1542/1967
f 920/1534/1954 968/1544/2059 1020/1610/2060
f 965/1607/2061 968/1544/1969 896/1499/1917
f 968/1544/2059 920/1534/1954 901/1503/1955
f 969/1551/2032 1019/1611/2062 919/1543/1970
f 969/1551/1980 971/1548/1977 1019/1611/2063
f 1020/1610/2060 973/1555/2064 920/1534/1954
f 973/1555/2064 921/1539/1964 920/1534/1954
f 928/1549/1978 971/1548/1977 969/1551/1980
f 1025/1612/2065 971/1548/2066 970/1550/1983
f 970/1550/1983 972/1553/1982 1025/1612/2065
f 973/1555/1986 972/1556/1987 930/1541/1966
f 977/1595/2039 956/1596/2067 955/1473/1886
f 974/1597/2068 956/1596/2069 977/1595/2070
f 957/1478/2048 974/1613/2071 975/1601/2049
f 975/1601/2072 981/1614/2073 959/1480/1893
f 959/1480/1893 960/1479/2050 975/1601/2072
f 982/1615/2074 978/1598/2075 959/1480/1893
f 959/1480/1893 978/1598/2075 961/1476/1890
f 981/1614/2073 982/1615/2076 959/1480/1893
f 979/1616/2077 986/1599/2045 978/1598/2044
f 841/1413/1825 978/1598/2044 986/1599/2045
f 977/1617/2070 980/1618/2078 974/1619/2068
f 988/1620/2079 974/1619/2079 980/1618/2079
f 974/1613/2071 988/1621/2080 975/1601/2049
f 991/1622/2081 982/1623/2082 981/1624/2083
f 981/1614/2084 975/1601/2049 988/1621/2080
f 982/1615/2085 987/1625/2086 978/1598/2087
f 987/1626/2088 982/1623/2082 991/1622/2081
f 978/1598/2087 987/1625/2086 979/1616/2089
f 877/1474/2090 958/1475/2091 983/1627/2092
f 976/1594/2093 877/1474/2094 983/1627/2095
f 984/1628/2096 983/1629/2097 998/1630/2098
f 983/1627/2095 984/1631/2099 976/1594/2093
f 977/1595/2100 976/1594/2093 984/1631/2099
f 980/1618/2101 977/1617/2101 984/1628/2101
f 879/1593/2037 986/1599/2102 962/1600/2047
f 985/1632/2103 962/1600/2047 986/1599/2102
f 1001/1633/2104 985/1634/2105 979/1635/2077
f 987/1626/2106 1001/1633/2104 979/1635/2077
f 979/1616/2077 985/1632/2105 986/1599/2045
f 990/1636/2107 998/1630/2107 997/1637/2107
f 990/1636/2108 984/1628/2109 998/1630/2110
f 980/1618/2111 984/1628/2109 990/1636/2108
f 989/1638/2112 991/1622/2112 990/1636/2112
f 988/1620/2113 980/1618/2113 990/1636/2113
f 990/1636/2114 991/1622/2114 988/1620/2114
f 988/1620/2115 991/1622/2115 981/1624/2115
f 1001/1633/2104 987/1626/2106 992/1639/2116
f 992/1639/2116 987/1626/2106 991/1622/2117
f 983/1627/2092 958/1475/2091 963/1602/2118
f 995/1640/2119 994/1641/2120 993/1642/2121
f 993/1604/2121 994/1643/2120 963/1602/2122
f 994/1641/2123 998/1630/2098 983/1629/2097
f 983/1627/2124 963/1602/2122 994/1643/2120
f 995/1640/2119 996/1644/2125 994/1641/2120
f 997/1637/2126 996/1644/2127 1005/1645/2128
f 998/1630/2129 996/1644/2127 997/1637/2126
f 996/1644/2130 998/1630/2130 994/1641/2130
f 997/1637/2131 989/1638/2132 990/1636/2133
f 1000/1646/2134 964/1603/2135 985/1647/2103
f 964/1603/2135 962/1482/2047 985/1647/2103
f 985/1634/2136 1001/1633/2137 1000/1648/2138
f 1002/1649/2139 989/1638/2140 999/1650/2141
f 989/1638/2140 1002/1649/2139 992/1639/2142
f 989/1638/2132 997/1637/2131 999/1650/2143
f 991/1622/2144 989/1638/2140 992/1639/2142
f 1003/1651/2145 992/1639/2145 1002/1649/2145
f 1001/1633/2146 992/1639/2146 1003/1651/2146
f 1000/1648/2138 1003/1651/2147 1008/1652/2148
f 1003/1651/2147 1000/1648/2138 1001/1633/2137
f 995/1640/2149 993/1642/2150 1004/1653/1905
f 996/1644/2151 995/1640/2152 1014/1654/2153
f 996/1644/2151 1014/1654/2153 1005/1645/2154
f 1005/1645/2155 999/1650/2156 997/1637/2157
f 1005/1645/2155 1007/1655/2158 999/1650/2156
f 1000/1646/2159 1008/1656/2160 1010/1606/2054
f 1008/1652/2161 1009/1657/2162 1016/1658/2163
f 1002/1649/2164 999/1650/2165 1011/1659/2166
f 1007/1655/2167 1011/1659/2167 999/1650/2167
f 1003/1651/2168 1002/1649/2168 1009/1657/2168
f 1009/1657/2169 1008/1652/2148 1003/1651/2147
f 1010/1606/2054 964/1603/2056 1000/1646/2159
f 964/1603/2056 1010/1606/2054 887/1468/1883
f 918/1508/1926 1012/1608/2057 1004/1605/1905
f 965/1607/2170 1010/1606/2171 1016/1660/2172
f 995/1640/2149 1004/1653/1905 1012/1661/2057
f 1014/1654/2173 995/1640/2174 1013/1662/2175
f 1013/1662/2175 995/1640/2174 1012/1661/2176
f 967/1609/2058 1013/1663/2177 1012/1608/2178
f 1006/1664/2179 1014/1654/2180 1013/1662/2181
f 1010/1606/2171 1008/1656/2182 1016/1660/2172
f 1015/1665/2183 1016/1658/2163 1009/1657/2162
f 1005/1645/2155 1014/1654/2184 1006/1664/2185
f 1006/1664/2185 1007/1655/2158 1005/1645/2155
f 1017/1666/2186 1011/1659/2187 1007/1655/2188
f 1021/1667/2189 1007/1655/2190 1006/1664/2191
f 1011/1659/2166 1018/1668/2192 1002/1649/2164
f 1011/1659/2187 1017/1666/2186 1018/1668/2193
f 1018/1668/2192 1009/1657/2194 1002/1649/2164
f 1018/1668/2195 1015/1665/2195 1009/1657/2195
f 967/1609/2058 1012/1608/2178 966/1542/1967
f 1020/1610/2196 1024/1669/2197 973/1555/2198
f 965/1607/2061 1016/1660/2199 1020/1610/2200
f 965/1607/2061 1020/1610/2200 968/1544/1969
f 1021/1667/2201 1006/1664/2179 1013/1662/2181
f 1019/1611/2202 1013/1663/2181 967/1609/2203
f 1021/1670/2201 1013/1663/2181 1019/1611/2202
f 1022/1671/2204 1021/1670/2204 1019/1611/2204
f 1021/1667/2189 1023/1672/2205 1017/1666/2206
f 1022/1671/2207 1023/1673/2205 1021/1670/2189
f 1023/1672/2208 1024/1674/2209 1018/1668/2210
f 1024/1674/2211 1023/1672/2212 1025/1675/2213
f 1024/1674/2214 1015/1665/2214 1018/1668/2214
f 1020/1610/2196 1015/1676/2215 1024/1669/2197
f 1020/1610/2196 1016/1660/2216 1015/1676/2215
f 1007/1655/2190 1021/1667/2189 1017/1666/2206
f 1017/1666/2217 1023/1672/2208 1018/1668/2210
f 1019/1611/2062 967/1609/2218 919/1543/1970
f 971/1548/1977 1022/1671/2219 1019/1611/2063
f 1022/1671/2220 971/1548/2066 1023/1673/2221
f 1025/1612/2065 1023/1673/2221 971/1548/2066
f 972/1556/1987 1024/1669/2211 1025/1677/2213
f 973/1555/1986 1024/1669/2211 972/1556/1987
f 1056/1678/2222 1027/1679/2223 1026/1680/2224
f 1026/1681/2225 1030/1682/2226 1056/1683/2227
f 1031/1684/2228 1030/1682/2229 1026/1681/2230
f 1028/1685/2231 1031/1684/2228 1026/1681/2230
f 1056/1683/2227 1030/1682/2226 1029/1686/2232
f 1030/1682/2226 1032/1687/2233 1029/1686/2232
f 1040/1688/2234 1030/1682/2229 1031/1684/2228
f 1032/1687/2233 1030/1682/2226 1034/1689/2235
f 1040/1688/2234 1034/1689/2236 1030/1682/2229
f 1032/1687/2233 1034/1689/2235 1033/1690/2237
f 1033/1690/2237 1034/1689/2235 1036/1691/2238
f 1036/1691/2238 1034/1689/2235 1037/1692/2239
f 1035/1693/2240 1037/1692/2241 1034/1689/2236
f 1037/1692/2242 1038/1694/2243 1036/1691/2244
f 1039/1695/2245 1038/1694/2243 1037/1692/2242
f 1026/1680/2246 1027/1679/2246 1028/1696/2246
f 1031/1684/2247 1028/1685/2248 1041/1697/2249
f 1034/1689/2236 1040/1688/2234 1035/1693/2240
f 1042/1698/2250 1035/1693/2251 1040/1688/2252
f 1042/1698/2250 1037/1692/2253 1035/1693/2251
f 1037/1692/2254 1042/1698/2255 1039/1695/2256
f 1027/1679/2257 1041/1699/2258 1028/1696/2259
f 1038/1694/2260 1039/1695/2261 1043/1700/2262
f 1031/1684/2247 1041/1697/2249 1044/1701/2263
f 1040/1688/2252 1046/1702/2264 1042/1698/2250
f 1050/1703/2265 1043/1700/2262 1039/1695/2261
f 1042/1698/2255 1052/1704/2266 1039/1695/2256
f 1050/1703/2267 1039/1695/2256 1052/1704/2266
f 1041/1697/2249 1048/1705/2268 1044/1701/2263
f 1044/1701/2263 1045/1706/2269 1031/1684/2247
f 1031/1684/2247 1045/1706/2269 1040/1688/2252
f 1045/1706/2269 1046/1702/2264 1040/1688/2252
f 1042/1698/2250 1046/1702/2264 1049/1707/2270
f 1047/1708/2271 1041/1699/2258 1027/1679/2257
f 1041/1699/2258 1047/1708/2271 1048/1709/2272
f 1047/1708/2273 1051/1710/2274 1048/1709/2275
f 1048/1705/2276 1051/1711/2277 1044/1701/2278
f 1045/1706/2279 1044/1701/2278 1051/1711/2277
f 1077/1712/2280 1049/1707/2281 1046/1702/2282
f 1042/1698/2250 1049/1707/2270 1052/1704/2283
f 1054/1713/2284 1053/1714/2284 1105/1715/2284
f 1053/1714/2285 1054/1713/2286 1027/1679/2287
f 1027/1679/2287 1054/1713/2286 1065/1716/2288
f 1103/1717/2289 1053/1718/2290 1055/1719/2291
f 1053/1718/2290 1056/1720/2292 1055/1719/2291
f 1053/1714/2293 1027/1679/2223 1056/1678/2222
f 1056/1720/2294 1057/1721/2295 1055/1719/2296
f 1056/1720/2294 1029/1722/2297 1057/1721/2295
f 1057/1721/2295 1029/1722/2297 1032/1723/2298
f 1057/1721/2299 1059/1724/2300 1058/1725/2301
f 1033/1726/2302 1059/1724/2303 1032/1723/2298
f 1057/1721/2295 1032/1723/2298 1059/1724/2303
f 1059/1724/2303 1033/1726/2302 1060/1727/2304
f 1033/1726/2302 1036/1728/2305 1060/1727/2304
f 1060/1727/2306 1064/1729/2306 1061/1730/2306
f 1062/1731/2307 1061/1730/2307 1064/1729/2307
f 1038/1694/2308 1063/1732/2309 1062/1733/2310
f 1062/1733/2311 1064/1734/2311 1038/1694/2311
f 1060/1727/2312 1036/1728/2312 1064/1729/2312
f 1036/1691/2313 1038/1694/2313 1064/1734/2313
f 1063/1732/2314 1111/1735/2315 1062/1733/2316
f 1105/1715/2317 1106/1736/2317 1054/1713/2317
f 1106/1736/2318 1120/1737/2319 1054/1713/2320
f 1063/1732/2321 1127/1738/2322 1111/1735/2323
f 1067/1739/2324 1127/1738/2322 1063/1732/2321
f 1120/1737/2319 1066/1740/2325 1054/1713/2320
f 1069/1741/2326 1054/1713/2327 1066/1740/2328
f 1065/1716/2329 1054/1713/2327 1069/1741/2326
f 1065/1716/2330 1069/1741/2331 1027/1679/2332
f 1027/1679/2332 1069/1741/2331 1047/1708/2333
f 1043/1700/2334 1063/1732/2309 1038/1694/2308
f 1063/1732/2309 1043/1700/2334 1067/1739/2335
f 1066/1740/2336 1071/1742/2337 1069/1741/2338
f 1071/1742/2339 1047/1708/2339 1069/1741/2339
f 1072/1743/2340 1051/1710/2274 1047/1708/2273
f 1077/1712/2280 1052/1704/2341 1049/1707/2281
f 1043/1700/2342 1078/1744/2342 1067/1739/2342
f 1050/1703/2343 1052/1704/2344 1079/1745/2345
f 1071/1742/2337 1066/1740/2336 1068/1746/2346
f 1072/1743/2347 1074/1747/2348 1073/1748/2349
f 1073/1749/2350 1051/1750/2350 1072/1751/2350
f 1071/1742/2351 1072/1743/2351 1047/1708/2351
f 1075/1752/2352 1073/1753/2352 1074/1754/2352
f 1051/1711/2353 1073/1753/2354 1045/1706/2355
f 1075/1752/2356 1045/1706/2355 1073/1753/2354
f 1075/1752/2356 1046/1702/2282 1045/1706/2355
f 1076/1755/2357 1077/1712/2358 1075/1752/2359
f 1077/1712/2280 1046/1702/2282 1075/1752/2356
f 1078/1744/2360 1070/1756/2360 1067/1739/2360
f 1078/1744/2361 1131/1757/2361 1070/1756/2361
f 1079/1745/2362 1078/1744/2362 1050/1703/2362
f 1043/1700/2363 1050/1703/2363 1078/1744/2363
f 1077/1712/2364 1079/1745/2345 1052/1704/2344
f 1072/1743/2365 1071/1742/2366 1080/1758/2367
f 1075/1752/2359 1081/1759/2368 1076/1755/2357
f 1076/1755/2357 1082/1760/2369 1077/1712/2358
f 1136/1761/2370 1078/1762/2371 1141/1763/2372
f 1074/1754/2373 1087/1764/2374 1075/1752/2359
f 1083/1765/2375 1082/1760/2369 1076/1755/2357
f 1084/1766/2376 1141/1767/2372 1078/1744/2371
f 1082/1760/2369 1090/1768/2377 1077/1712/2358
f 1090/1768/2378 1079/1745/2378 1077/1712/2378
f 1087/1769/2379 1072/1743/2347 1085/1770/2380
f 1085/1770/2381 1072/1743/2365 1080/1758/2367
f 1087/1769/2379 1074/1747/2348 1072/1743/2347
f 1083/1765/2382 1090/1768/2382 1082/1760/2382
f 1075/1752/2359 1087/1764/2374 1081/1759/2368
f 1087/1764/2374 1091/1771/2383 1081/1759/2368
f 1076/1755/2357 1081/1759/2368 1083/1765/2375
f 1088/1772/2384 1084/1766/2376 1078/1744/2371
f 1079/1745/2385 1088/1772/2386 1078/1744/2387
f 1079/1745/2385 1090/1768/2388 1088/1772/2386
f 1080/1758/2389 1086/1773/2389 1089/1774/2389
f 1089/1774/2390 1085/1770/2381 1080/1758/2367
f 1091/1775/2391 1087/1769/2379 1085/1770/2380
f 1081/1759/2368 1091/1771/2383 1094/1776/2392
f 1081/1759/2368 1090/1768/2393 1083/1765/2375
f 1092/1777/2394 1085/1770/2394 1089/1774/2394
f 1091/1775/2391 1085/1770/2380 1092/1777/2395
f 1091/1771/2383 1093/1778/2396 1094/1776/2392
f 1095/1779/2397 1081/1759/2368 1094/1776/2392
f 1092/1777/2398 1089/1774/2399 1154/1780/2400
f 1092/1781/2401 1096/1782/2401 1091/1771/2401
f 1091/1771/2383 1096/1782/2402 1093/1778/2396
f 1093/1778/2396 1096/1782/2402 1097/1783/2403
f 1093/1778/2396 1097/1783/2403 1095/1779/2397
f 1094/1776/2392 1093/1778/2396 1095/1779/2397
f 1081/1759/2368 1095/1779/2397 1090/1768/2393
f 1097/1783/2403 1090/1768/2393 1095/1779/2397
f 1157/1784/2404 1088/1772/2404 1090/1768/2404
f 1097/1783/2405 1157/1784/2406 1090/1768/2407
f 1097/1783/2405 1155/1785/2408 1157/1784/2406
f 1100/1786/2409 1098/1787/2410 1099/1788/2411
f 1100/1786/2412 1099/1788/2412 1101/1789/2412
f 1101/1790/2413 1105/1791/2413 1100/1792/2413
f 1172/1793/2414 1098/1794/2414 1102/1795/2414
f 1098/1794/2415 1104/1796/2415 1102/1795/2415
f 1100/1797/2416 1104/1796/2416 1098/1794/2416
f 1104/1796/2417 1103/1717/2289 1102/1795/2418
f 1105/1791/2419 1104/1798/2419 1100/1792/2419
f 1105/1791/2420 1101/1790/2421 1106/1799/2422
f 1104/1796/2417 1053/1718/2290 1103/1717/2289
f 1104/1800/2423 1105/1715/2423 1053/1714/2423
f 1103/1717/2289 1055/1719/2424 1102/1795/2418
f 1102/1795/2425 1055/1719/2426 1057/1721/2299
f 1102/1795/2425 1057/1721/2299 1173/1801/2427
f 1173/1801/2427 1057/1721/2299 1058/1725/2301
f 1058/1725/2301 1059/1724/2300 1173/1801/2427
f 1173/1801/2427 1059/1724/2300 1060/1727/2428
f 1060/1727/2429 1107/1802/2429 1173/1801/2429
f 1061/1730/2430 1109/1803/2431 1107/1802/2432
f 1060/1727/2433 1061/1730/2430 1107/1802/2432
f 1061/1804/2434 1062/1733/2434 1109/1805/2434
f 1173/1801/2427 1107/1802/2435 1112/1806/2436
f 1107/1802/2437 1108/1807/2438 1112/1806/2439
f 1107/1802/2437 1109/1803/2440 1108/1807/2438
f 1109/1805/2441 1110/1808/2442 1108/1809/2443
f 1108/1809/2443 1110/1808/2442 1115/1810/2444
f 1116/1811/2445 1115/1810/2446 1110/1808/2447
f 1109/1805/2448 1062/1733/2448 1110/1808/2448
f 1111/1735/2449 1116/1811/2445 1110/1808/2447
f 1110/1808/2450 1062/1733/2316 1111/1735/2315
f 1177/1812/2451 1176/1813/2452 1113/1814/2453
f 1177/1812/2451 1113/1814/2453 1114/1815/2454
f 1112/1806/2455 1108/1807/2455 1113/1816/2455
f 1113/1814/2456 1108/1809/2457 1114/1815/2458
f 1115/1810/2459 1114/1815/2458 1108/1809/2457
f 1117/1817/2460 1099/1788/2461 1171/1818/2462
f 1118/1819/2463 1101/1789/2463 1099/1788/2463
f 1114/1815/2464 1115/1810/2464 1116/1811/2464
f 1118/1819/2465 1099/1788/2466 1117/1817/2467
f 1101/1790/2421 1119/1820/2468 1106/1799/2422
f 1106/1799/2422 1119/1820/2468 1120/1821/2469
f 1111/1735/2470 1123/1822/2471 1116/1811/2472
f 1177/1812/2473 1114/1815/2473 1121/1823/2474
f 1114/1815/2475 1128/1824/2476 1121/1823/2477
f 1114/1815/2475 1116/1811/2478 1122/1825/2479
f 1122/1825/2479 1128/1824/2476 1114/1815/2475
f 1118/1819/2480 1119/1826/2480 1101/1789/2480
f 1123/1822/2471 1111/1735/2470 1126/1827/2481
f 1117/1817/2460 1199/1828/2482 1124/1829/2483
f 1124/1829/2484 1118/1819/2465 1117/1817/2467
f 1111/1735/2485 1127/1738/2485 1126/1827/2485
f 1193/1830/2486 1121/1823/2474 1128/1824/2487
f 1123/1822/2488 1122/1825/2488 1116/1811/2488
f 1118/1819/2489 1125/1831/2489 1119/1826/2489
f 1129/1832/2490 1130/1833/2490 1066/1740/2490
f 1120/1737/2491 1129/1832/2491 1066/1740/2491
f 1070/1756/2492 1126/1827/2492 1127/1738/2492
f 1067/1739/2493 1070/1756/2493 1127/1738/2493
f 1200/1834/2494 1193/1835/2494 1128/1836/2494
f 1128/1824/2495 1122/1825/2495 1208/1837/2495
f 1123/1822/2496 1208/1837/2497 1122/1825/2498
f 1124/1829/2499 1205/1838/2500 1118/1819/2501
f 1118/1819/2501 1205/1838/2500 1125/1831/2502
f 1119/1820/2503 1125/1839/2504 1129/1840/2505
f 1120/1821/2506 1119/1820/2503 1129/1840/2505
f 1130/1833/2507 1068/1746/2507 1066/1740/2507
f 1133/1841/2508 1126/1827/2509 1132/1842/2510
f 1133/1841/2508 1123/1822/2511 1126/1827/2509
f 1131/1757/2512 1132/1842/2513 1126/1827/2514
f 1208/1837/2497 1123/1822/2496 1133/1841/2515
f 1070/1756/2516 1131/1757/2512 1126/1827/2514
f 1138/1843/2517 1125/1839/2518 1139/1844/2519
f 1129/1832/2520 1138/1845/2521 1140/1846/2522
f 1130/1833/2523 1129/1832/2523 1140/1846/2523
f 1068/1746/2524 1130/1833/2525 1140/1846/2526
f 1068/1746/2524 1140/1846/2526 1134/1847/2527
f 1071/1742/2528 1068/1746/2529 1080/1758/2530
f 1135/1848/2531 1132/1842/2531 1131/1757/2531
f 1135/1848/2532 1131/1757/2533 1136/1849/2534
f 1078/1744/2371 1136/1849/2370 1131/1757/2535
f 1133/1841/2536 1132/1842/2537 1137/1850/2538
f 1125/1839/2518 1138/1843/2517 1129/1840/2539
f 1134/1847/2540 1080/1758/2530 1068/1746/2529
f 1135/1848/2532 1136/1849/2534 1141/1767/2541
f 1135/1848/2542 1137/1850/2538 1132/1842/2537
f 1137/1850/2538 1135/1848/2542 1142/1851/2543
f 1143/1852/2544 1135/1848/2532 1141/1767/2541
f 1141/1767/2372 1084/1766/2376 1143/1852/2545
f 1134/1847/2540 1086/1773/2546 1080/1758/2530
f 1143/1852/2544 1142/1851/2547 1135/1848/2532
f 1138/1843/2517 1139/1844/2519 1145/1853/2548
f 1138/1845/2521 1144/1854/2549 1140/1846/2522
f 1142/1851/2547 1143/1852/2544 1146/1855/2550
f 1084/1766/2376 1146/1855/2551 1143/1852/2545
f 1134/1847/2527 1140/1846/2526 1147/1856/2552
f 1086/1773/2546 1134/1847/2540 1147/1856/2553
f 1146/1855/2550 1148/1857/2554 1142/1851/2547
f 1137/1850/2538 1142/1851/2543 1149/1858/2555
f 1147/1856/2552 1140/1846/2526 1144/1854/2556
f 1148/1857/2554 1146/1855/2550 1150/1859/2557
f 1084/1766/2376 1150/1859/2558 1146/1855/2551
f 1148/1857/2559 1149/1858/2555 1142/1851/2543
f 1145/1853/2548 1144/1860/2560 1138/1843/2517
f 1086/1773/2546 1147/1856/2553 1089/1774/2561
f 1151/1861/2562 1148/1857/2554 1150/1859/2557
f 1088/1772/2384 1150/1859/2558 1084/1766/2376
f 1145/1853/2563 1222/1862/2564 1144/1860/2565
f 1144/1854/2566 1152/1863/2566 1147/1856/2566
f 1152/1863/2567 1089/1774/2561 1147/1856/2553
f 1088/1772/2384 1151/1861/2568 1150/1859/2558
f 1149/1858/2569 1148/1857/2570 1224/1864/2571
f 1222/1862/2564 1228/1865/2572 1144/1860/2565
f 1228/1866/2573 1152/1863/2574 1144/1854/2575
f 1089/1774/2561 1152/1863/2567 1154/1780/2576
f 1151/1861/2577 1223/1867/2578 1148/1857/2579
f 1088/1772/2384 1156/1868/2580 1151/1861/2568
f 1088/1772/2581 1157/1784/2582 1156/1868/2583
f 1154/1780/2576 1152/1863/2567 1153/1869/2584
f 1097/1783/2403 1096/1782/2402 1155/1785/2585
f 1151/1870/2568 1156/1871/2580 1229/1872/2586
f 1156/1868/2583 1157/1784/2582 1158/1873/2587
f 1154/1780/2400 1159/1874/2588 1092/1777/2398
f 1159/1874/2589 1096/1875/2590 1092/1777/2591
f 1155/1785/2585 1096/1782/2402 1162/1876/2592
f 1229/1877/2586 1156/1868/2580 1158/1873/2593
f 1155/1785/2594 1158/1873/2595 1157/1784/2596
f 1160/1878/2597 1159/1874/2589 1238/1879/2598
f 1159/1874/2589 1160/1878/2597 1096/1875/2590
f 1096/1782/2402 1160/1880/2599 1162/1876/2592
f 1162/1876/2592 1161/1881/2600 1155/1785/2585
f 1161/1881/2601 1241/1882/2602 1158/1873/2595
f 1155/1785/2594 1161/1881/2601 1158/1873/2595
f 1239/1883/2603 1163/1884/2604 1162/1876/2592
f 1163/1884/2604 1161/1881/2605 1162/1876/2592
f 1165/1885/2606 1392/1886/2606 1164/1887/2606
f 1165/1885/2607 1164/1887/2607 1185/1888/2607
f 1169/1889/2608 1165/1890/2609 1166/1891/2610
f 1166/1891/2610 1165/1890/2609 1185/1892/2611
f 1169/1893/2612 1170/1894/2613 1168/1895/2614
f 1166/1891/2610 1170/1896/2615 1169/1889/2608
f 1170/1894/2613 1171/1818/2616 1168/1895/2614
f 1167/1897/2617 1168/1898/2617 1172/1793/2617
f 1098/1794/2618 1172/1793/2618 1168/1898/2618
f 1168/1895/2619 1099/1788/2411 1098/1787/2410
f 1168/1895/2620 1171/1818/2620 1099/1788/2620
f 1390/1899/2621 1102/1795/2425 1173/1801/2427
f 1390/1899/2621 1173/1801/2427 1391/1900/2622
f 1173/1801/2427 1174/1901/2623 1391/1900/2622
f 1173/1801/2427 1112/1806/2436 1174/1901/2623
f 1174/1901/2624 1175/1902/2624 1391/1900/2624
f 1175/1902/2625 1174/1901/2626 1176/1903/2627
f 1176/1903/2628 1174/1901/2629 1113/1816/2630
f 1174/1901/2629 1112/1806/2631 1113/1816/2630
f 1179/1904/2632 1178/1905/2632 1180/1906/2632
f 1178/1907/2633 1175/1902/2625 1176/1903/2627
f 1180/1906/2634 1178/1905/2635 1176/1813/2636
f 1177/1812/2637 1180/1906/2634 1176/1813/2636
f 1175/1902/2638 1178/1907/2639 1181/1908/2640
f 1179/1904/2641 1181/1909/2642 1178/1905/2643
f 1181/1909/2642 1179/1904/2641 1182/1910/2644
f 1400/1911/2645 1181/1909/2646 1183/1912/2647
f 1183/1912/2647 1184/1913/2648 1400/1911/2645
f 1182/1910/2649 1183/1912/2649 1181/1909/2649
f 1180/1906/2650 1191/1914/2650 1179/1904/2650
f 1179/1904/2651 1192/1915/2652 1182/1910/2653
f 1182/1910/2654 1192/1915/2655 1183/1912/2656
f 1187/1916/2657 1185/1888/2657 1164/1887/2657
f 1186/1917/2658 1187/1916/2658 1164/1887/2658
f 1166/1891/2659 1185/1892/2660 1198/1918/2661
f 1166/1891/2662 1188/1919/2662 1170/1896/2662
f 1189/1920/2663 1171/1818/2664 1170/1894/2665
f 1170/1894/2666 1188/1921/2667 1189/1920/2668
f 1199/1828/2669 1171/1818/2664 1189/1920/2663
f 1171/1818/2462 1199/1828/2482 1190/1922/2670
f 1117/1817/2460 1171/1818/2462 1190/1922/2670
f 1191/1914/2671 1180/1906/2672 1193/1830/2673
f 1180/1906/2674 1177/1812/2674 1193/1830/2674
f 1183/1912/2656 1192/1915/2655 1203/1923/2675
f 1177/1812/2473 1121/1823/2474 1193/1830/2486
f 1192/1915/2652 1179/1904/2651 1202/1924/2676
f 1184/1913/2677 1183/1912/2678 1203/1923/2679
f 1196/1925/2680 1185/1888/2680 1187/1916/2680
f 1196/1926/2681 1198/1918/2661 1185/1892/2660
f 1166/1891/2682 1198/1918/2682 1188/1919/2682
f 1117/1817/2460 1190/1922/2670 1199/1828/2482
f 1193/1830/2673 1194/1927/2683 1191/1914/2671
f 1191/1914/2684 1194/1927/2684 1179/1904/2684
f 1194/1927/2685 1202/1924/2676 1179/1904/2651
f 1203/1923/2675 1192/1915/2655 1202/1924/2686
f 1203/1923/2679 1195/1928/2687 1184/1913/2677
f 1187/1916/2688 1406/1929/2689 1196/1925/2690
f 1198/1918/2691 1196/1926/2692 1197/1930/2693
f 1198/1931/2694 1197/1932/2694 1189/1920/2694
f 1189/1920/2695 1197/1932/2695 1199/1828/2695
f 1188/1921/2667 1198/1931/2696 1189/1920/2668
f 1200/1933/2697 1201/1934/2697 1194/1927/2697
f 1200/1933/2698 1194/1927/2683 1193/1830/2673
f 1201/1934/2699 1202/1924/2700 1194/1927/2701
f 1202/1924/2702 1416/1935/2702 1203/1923/2702
f 1411/1936/2703 1204/1937/2703 1199/1828/2703
f 1197/1932/2704 1411/1936/2704 1199/1828/2704
f 1204/1937/2705 1205/1838/2706 1199/1828/2707
f 1124/1829/2708 1199/1828/2707 1205/1838/2706
f 1200/1933/2709 1412/1938/2709 1201/1934/2709
f 1200/1939/2710 1207/1940/2711 1206/1941/2712
f 1128/1824/2713 1207/1942/2711 1200/1933/2710
f 1128/1824/2714 1208/1837/2714 1207/1942/2714
f 1212/1943/2715 1125/1831/2715 1205/1838/2715
f 1213/1944/2716 1207/1942/2716 1208/1837/2716
f 1210/1945/2717 1204/1937/2718 1209/1946/2719
f 1205/1838/2720 1204/1937/2718 1210/1945/2717
f 1208/1837/2721 1133/1841/2722 1137/1850/2723
f 1212/1943/2724 1139/1947/2725 1125/1831/2726
f 1206/1941/2727 1207/1940/2728 1211/1948/2729
f 1205/1838/2730 1210/1945/2731 1212/1943/2732
f 1208/1837/2721 1137/1850/2723 1149/1858/2733
f 1208/1837/2734 1149/1858/2735 1213/1944/2736
f 1212/1943/2724 1145/1949/2737 1139/1947/2725
f 1214/1950/2738 1209/1946/2719 1204/1937/2718
f 1210/1945/2717 1209/1946/2719 1219/1951/2739
f 1212/1943/2732 1210/1945/2731 1219/1951/2740
f 1217/1952/2741 1211/1948/2729 1207/1940/2728
f 1149/1858/2735 1215/1953/2742 1213/1944/2736
f 1214/1950/2738 1219/1951/2739 1209/1946/2719
f 1219/1951/2740 1220/1954/2743 1212/1943/2732
f 1145/1949/2737 1212/1943/2724 1220/1954/2744
f 1217/1952/2741 1216/1955/2745 1211/1948/2729
f 1207/1942/2728 1213/1944/2746 1217/1956/2741
f 1215/1953/2747 1217/1956/2741 1213/1944/2746
f 1214/1950/2738 1218/1957/2748 1219/1951/2739
f 1145/1949/2749 1220/1954/2749 1221/1958/2749
f 1149/1858/2750 1224/1864/2750 1215/1953/2750
f 1221/1958/2751 1219/1951/2752 1226/1959/2753
f 1220/1954/2754 1219/1951/2752 1221/1958/2751
f 1221/1960/2755 1222/1862/2564 1145/1853/2563
f 1223/1867/2756 1224/1864/2571 1148/1857/2570
f 1225/1961/2757 1216/1955/2745 1217/1952/2741
f 1217/1956/2758 1215/1953/2759 1224/1864/2760
f 1227/1962/2761 1221/1960/2755 1230/1963/2762
f 1221/1960/2755 1227/1962/2761 1222/1862/2564
f 1222/1964/2763 1227/1965/2763 1228/1866/2763
f 1152/1863/2574 1228/1866/2573 1153/1869/2764
f 1235/1966/2765 1223/1867/2766 1229/1877/2767
f 1151/1861/2577 1229/1877/2768 1223/1867/2578
f 1232/1967/2769 1223/1867/2770 1235/1966/2765
f 1225/1968/2771 1217/1956/2758 1224/1864/2760
f 1226/1959/2772 1230/1969/2772 1221/1958/2772
f 1153/1869/2764 1228/1866/2573 1231/1970/2773
f 1227/1965/2774 1231/1970/2774 1228/1866/2774
f 1223/1867/2756 1232/1967/2775 1224/1864/2571
f 1224/1864/2760 1233/1971/2776 1225/1968/2771
f 1230/1963/2762 1231/1972/2777 1227/1962/2761
f 1231/1970/2773 1234/1973/2778 1153/1869/2764
f 1234/1973/2779 1154/1780/2576 1153/1869/2584
f 1154/1780/2576 1234/1973/2779 1237/1974/2780
f 1236/1975/2781 1232/1967/2769 1235/1966/2765
f 1236/1975/2781 1235/1966/2765 1229/1877/2767
f 1158/1873/2593 1236/1975/2782 1229/1877/2586
f 1466/1976/2783 1234/1973/2778 1231/1970/2773
f 1242/1977/2784 1237/1974/2780 1234/1973/2779
f 1154/1780/2400 1237/1974/2785 1159/1874/2588
f 1238/1879/2786 1159/1874/2588 1237/1974/2785
f 1240/1978/2787 1236/1975/2782 1158/1873/2593
f 1241/1882/2788 1240/1978/2788 1158/1873/2788
f 1160/1880/2599 1239/1883/2603 1162/1876/2592
f 1243/1979/2789 1163/1884/2604 1239/1883/2603
f 1244/1980/2790 1163/1884/2604 1243/1979/2789
f 1243/1979/2789 1246/1981/2791 1244/1980/2790
f 1163/1884/2604 1244/1980/2790 1161/1881/2605
f 1240/1978/2787 1471/1982/2792 1236/1975/2782
f 1244/1980/2793 1241/1882/2793 1161/1881/2793
f 1471/1982/2792 1240/1978/2787 1478/1983/2794
f 1478/1983/2794 1240/1978/2787 1250/1984/2795
f 1244/1980/2796 1247/1985/2797 1241/1882/2798
f 1237/1974/2799 1248/1986/2800 1238/1879/2801
f 1238/1879/2802 1249/1987/2803 1160/1878/2804
f 1245/1988/2805 1249/1987/2803 1238/1879/2802
f 1241/1882/2806 1250/1984/2807 1240/1978/2808
f 1244/1980/2796 1246/1981/2809 1247/1985/2797
f 1251/1989/2810 1237/1974/2780 1242/1977/2784
f 1237/1974/2780 1251/1989/2810 1248/1986/2811
f 1160/1880/2812 1249/1990/2813 1239/1883/2603
f 1246/1981/2791 1243/1979/2789 1239/1883/2603
f 1478/1983/2794 1250/1984/2795 1481/1991/2814
f 1247/1985/2815 1250/1984/2807 1241/1882/2806
f 1252/1992/2816 1246/1981/2791 1239/1883/2603
f 1481/1991/2814 1250/1984/2795 1253/1993/2817
f 1246/1981/2791 1252/1992/2816 1254/1994/2818
f 1253/1993/2817 1250/1984/2795 1257/1995/2819
f 1246/1981/2809 1254/1994/2820 1247/1985/2797
f 1248/1986/2811 1251/1989/2810 1255/1996/2821
f 1248/1986/2800 1255/1996/2822 1238/1879/2801
f 1238/1879/2823 1255/1996/2824 1245/1988/2825
f 1249/1990/2813 1256/1997/2826 1239/1883/2603
f 1257/1995/2819 1260/1998/2827 1253/1993/2817
f 1247/1985/2815 1257/1995/2828 1250/1984/2807
f 1251/1989/2810 1259/1999/2829 1255/1996/2821
f 1245/1988/2805 1256/2000/2830 1249/1987/2803
f 1247/1985/2815 1258/2001/2831 1257/1995/2828
f 1258/2001/2832 1254/1994/2820 1264/2002/2833
f 1254/1994/2820 1258/2001/2832 1247/1985/2797
f 1256/1997/2826 1261/2003/2834 1239/1883/2603
f 1257/1995/2819 1492/2004/2835 1260/1998/2827
f 1492/2004/2835 1257/1995/2819 1495/2005/2836
f 1264/2002/2837 1254/1994/2818 1252/1992/2816
f 1259/1999/2829 1262/2006/2838 1255/1996/2821
f 1255/1996/2824 1263/2007/2839 1245/1988/2825
f 1245/1988/2805 1263/2007/2840 1256/2000/2830
f 1239/1883/2603 1264/2002/2837 1252/1992/2816
f 1265/2008/2841 1495/2005/2836 1257/1995/2819
f 1258/2001/2831 1265/2008/2842 1257/1995/2828
f 1267/2009/2843 1262/2006/2838 1259/1999/2829
f 1266/2010/2844 1255/1996/2821 1262/2006/2838
f 1265/2008/2842 1258/2001/2831 1270/2011/2845
f 1262/2006/2838 1267/2009/2843 1266/2010/2844
f 1265/2008/2841 1501/2012/2846 1495/2005/2836
f 1501/2012/2846 1265/2008/2841 1268/2013/2847
f 1268/2013/2847 1265/2008/2841 1270/2011/2848
f 1267/2009/2843 1269/2014/2849 1266/2010/2844
f 1239/1883/2603 1275/2015/2850 1264/2002/2837
f 1268/2013/2847 1270/2011/2848 1272/2016/2851
f 1264/2002/2833 1271/2017/2852 1258/2001/2832
f 1255/1996/2853 1266/2010/2854 1274/2018/2855
f 1255/1996/2824 1274/2018/2856 1263/2007/2839
f 1261/2003/2834 1275/2015/2850 1239/1883/2603
f 1275/2015/2850 1271/2017/2857 1264/2002/2837
f 1273/2019/2858 1272/2016/2851 1270/2011/2848
f 1278/2020/2859 1266/2010/2844 1269/2014/2849
f 1280/2021/2860 1266/2010/2844 1278/2020/2859
f 1266/2010/2854 1280/2021/2861 1274/2018/2855
f 1272/2016/2851 1273/2019/2858 1276/2022/2862
f 1277/2023/2863 1273/2019/2864 1270/2011/2865
f 1258/2001/2831 1277/2023/2866 1270/2011/2845
f 1271/2017/2852 1277/2023/2867 1258/2001/2832
f 1261/2003/2834 1256/1997/2826 1279/2024/2868
f 1263/2007/2840 1279/2025/2869 1256/2000/2830
f 1276/2022/2862 1273/2019/2858 1281/2026/2870
f 1277/2023/2863 1281/2026/2871 1273/2019/2864
f 1275/2015/2872 1277/2023/2867 1271/2017/2852
f 1274/2018/2873 1279/2025/2869 1263/2007/2840
f 1276/2022/2862 1281/2026/2870 1283/2027/2874
f 1275/2015/2872 1282/2028/2875 1277/2023/2867
f 1284/2029/2876 1280/2021/2860 1278/2020/2859
f 1283/2027/2874 1281/2026/2870 1285/2030/2877
f 1261/2003/2834 1279/2024/2868 1292/2031/2878
f 1286/2032/2879 1285/2030/2877 1281/2026/2870
f 1511/2033/2880 1288/2034/2881 1284/2029/2876
f 1284/2029/2876 1288/2034/2881 1280/2021/2860
f 1280/2021/2861 1288/2034/2882 1274/2018/2855
f 1287/2035/2883 1286/2032/2879 1281/2026/2870
f 1281/2026/2871 1277/2023/2863 1293/2036/2884
f 1281/2026/2871 1293/2036/2884 1287/2035/2885
f 1274/2018/2873 1290/2037/2886 1279/2025/2869
f 1286/2032/2879 1526/2038/2887 1285/2030/2877
f 1288/2034/2881 1528/2039/2888 1289/2040/2889
f 1290/2037/2890 1274/2018/2890 1288/2034/2890
f 1286/2032/2879 1291/2041/2891 1526/2038/2887
f 1288/2034/2892 1289/2040/2893 1290/2037/2894
f 1290/2037/2886 1292/2042/2895 1279/2025/2869
f 1287/2035/2883 1291/2041/2891 1286/2032/2879
f 1293/2036/2896 1277/2023/2867 1282/2028/2875
f 1294/2043/2897 1289/2040/2889 1531/2044/2898
f 1290/2037/2894 1289/2040/2893 1296/2045/2899
f 1292/2042/2895 1290/2037/2886 1297/2046/2900
f 1302/2047/2901 1282/2028/2875 1275/2015/2850
f 1298/2048/2902 1287/2049/2903 1299/2050/2904
f 1299/2051/2905 1287/2035/2905 1295/2052/2905
f 1295/2052/2906 1287/2035/2885 1293/2036/2884
f 1289/2040/2889 1294/2043/2897 1300/2053/2907
f 1289/2040/2893 1300/2053/2908 1296/2045/2899
f 1296/2045/2909 1297/2046/2900 1290/2037/2886
f 1295/2052/2906 1293/2036/2884 1302/2047/2910
f 1282/2028/2875 1302/2047/2901 1293/2036/2896
f 1287/2035/2903 1298/2054/2902 1291/2041/2911
f 1295/2052/2912 1304/2055/2913 1299/2051/2914
f 1300/2053/2907 1294/2043/2897 1542/2056/2915
f 1297/2046/2900 1296/2045/2909 1301/2057/2916
f 1292/2031/2878 1275/2015/2850 1261/2003/2834
f 1302/2047/2917 1303/2058/2918 1295/2052/2919
f 1298/2048/2902 1299/2050/2904 1304/2059/2920
f 1303/2058/2921 1304/2055/2913 1295/2052/2912
f 1300/2053/2922 1542/2056/2923 1305/2060/2924
f 1300/2053/2922 1305/2060/2924 1306/2061/2925
f 1296/2045/2926 1300/2053/2926 1306/2061/2926
f 1296/2045/2927 1306/2061/2927 1301/2057/2927
f 1308/2062/2928 1301/2057/2929 1306/2061/2930
f 1310/2063/2931 1297/2046/2900 1301/2057/2916
f 1310/2063/2932 1301/2057/2932 1309/2064/2932
f 1297/2065/2933 1310/2066/2934 1292/2031/2878
f 1302/2047/2917 1307/2067/2935 1303/2058/2918
f 1304/2059/2920 1543/2068/2936 1298/2048/2902
f 1303/2058/2921 1312/2069/2937 1304/2055/2913
f 1305/2060/2938 1551/2070/2939 1308/2062/2940
f 1305/2060/2938 1308/2062/2940 1306/2061/2941
f 1301/2057/2929 1308/2062/2928 1309/2064/2942
f 1275/2015/2850 1324/2071/2943 1302/2047/2901
f 1312/2069/2937 1303/2058/2921 1307/2067/2944
f 1307/2067/2944 1316/2072/2945 1312/2069/2937
f 1302/2047/2946 1311/2073/2946 1307/2067/2946
f 1312/2074/2947 1313/2075/2948 1543/2076/2936
f 1312/2069/2947 1543/2077/2936 1304/2055/2920
f 1314/2078/2949 1308/2062/2950 1551/2070/2951
f 1314/2078/2949 1315/2079/2952 1308/2062/2950
f 1308/2062/2953 1315/2079/2953 1309/2064/2953
f 1310/2063/2954 1309/2064/2954 1315/2079/2954
f 1292/2031/2878 1324/2071/2943 1275/2015/2850
f 1316/2072/2945 1307/2067/2944 1311/2073/2955
f 1311/2073/2956 1302/2047/2957 1319/2080/2958
f 1312/2074/2947 1317/2081/2959 1313/2075/2948
f 1316/2072/2960 1317/2082/2959 1312/2069/2947
f 1318/2083/2961 1315/2079/2962 1314/2078/2963
f 1315/2079/2964 1318/2083/2965 1322/2084/2966
f 1310/2063/2967 1315/2079/2967 1322/2084/2967
f 1319/2080/2958 1302/2047/2957 1324/2071/2968
f 1317/2085/2959 1316/2086/2960 1560/2087/2969
f 1327/2088/2970 1316/2072/2945 1311/2073/2955
f 1311/2073/2971 1319/2080/2972 1327/2088/2973
f 1320/2089/2974 1318/2083/2961 1314/2078/2963
f 1318/2083/2961 1320/2089/2974 1321/2090/2975
f 1321/2090/2976 1322/2084/2966 1318/2083/2965
f 1321/2090/2976 1329/2091/2977 1322/2084/2966
f 1322/2084/2978 1323/2092/2978 1310/2063/2978
f 1292/2031/2878 1310/2066/2934 1332/2093/2979
f 1560/2087/2969 1316/2086/2960 1325/2094/2980
f 1316/2072/2960 1327/2088/2981 1325/2095/2980
f 1327/2088/2981 1326/2096/2982 1325/2095/2980
f 1324/2071/2983 1327/2088/2973 1319/2080/2972
f 1320/2089/2974 1328/2097/2984 1321/2090/2975
f 1320/2089/2974 1568/2098/2985 1328/2097/2984
f 1329/2091/2977 1321/2090/2976 1328/2097/2986
f 1323/2092/2987 1322/2084/2988 1329/2091/2989
f 1310/2066/2990 1323/2099/2990 1332/2093/2990
f 1330/2100/2991 1326/2101/2982 1327/2102/2981
f 1324/2071/2983 1330/2103/2992 1327/2088/2973
f 1328/2097/2984 1568/2098/2985 1331/2104/2993
f 1329/2091/2977 1328/2097/2986 1331/2104/2994
f 1323/2092/2987 1329/2091/2989 1331/2104/2995
f 1323/2092/2996 1331/2104/2996 1336/2105/2996
f 1332/2106/2997 1323/2092/2998 1336/2105/2999
f 1333/2107/3000 1339/2108/3001 1324/2071/3002
f 1330/2100/2991 1576/2109/3003 1326/2101/2982
f 1335/2110/3004 1334/2111/3005 1576/2109/3003
f 1330/2100/2991 1335/2110/3004 1576/2109/3003
f 1339/2108/3006 1330/2103/2992 1324/2071/2983
f 1339/2108/3007 1335/2112/3008 1330/2103/3009
f 1568/2098/2985 1579/2113/3010 1331/2104/2993
f 1332/2093/2979 1337/2114/3011 1292/2031/2878
f 1292/2031/2878 1337/2114/3011 1324/2071/2943
f 1335/2112/3008 1339/2108/3007 1338/2115/3012
f 1335/2112/3004 1341/2116/3013 1334/2117/3005
f 1331/2104/2993 1579/2113/3010 1590/2118/3014
f 1331/2104/2993 1590/2118/3014 1340/2119/3015
f 1336/2105/3016 1331/2104/3016 1340/2119/3016
f 1336/2105/2999 1342/2120/3017 1332/2106/2997
f 1337/2114/3011 1333/2107/3018 1324/2071/2943
f 1338/2121/3019 1341/2122/3013 1335/2123/3004
f 1344/2124/3020 1338/2115/3012 1339/2108/3007
f 1333/2107/3000 1344/2124/3021 1339/2108/3001
f 1336/2105/3022 1340/2119/3023 1342/2120/3024
f 1342/2125/3017 1346/2126/3025 1332/2093/2997
f 1338/2115/3019 1347/2127/3026 1341/2116/3013
f 1597/2128/3027 1341/2116/3013 1347/2127/3026
f 1347/2127/3028 1338/2115/3012 1344/2124/3020
f 1333/2107/3000 1343/2129/3029 1344/2124/3021
f 1345/2130/3030 1340/2119/3031 1588/2131/3032
f 1588/2131/3033 1340/2119/3015 1590/2118/3014
f 1588/2131/3032 1603/2132/3034 1345/2130/3030
f 1340/2119/3023 1345/2130/3035 1342/2120/3024
f 1342/2120/3024 1345/2130/3035 1349/2133/3036
f 1346/2134/3037 1342/2120/3038 1349/2133/3039
f 1332/2093/2979 1346/2126/3040 1337/2114/3011
f 1347/2127/3041 1344/2124/3021 1343/2129/3029
f 1337/2114/3011 1343/2129/3042 1333/2107/3018
f 1597/2135/3027 1347/2136/3026 1610/2137/3043
f 1345/2130/3030 1603/2132/3034 1348/2138/3044
f 1345/2130/3045 1348/2138/3045 1349/2133/3045
f 1346/2134/3037 1349/2133/3039 1350/2139/3046
f 1346/2126/3047 1350/2140/3047 1354/2141/3047
f 1346/2126/3040 1354/2141/3048 1337/2114/3011
f 1337/2114/3049 1351/2142/3049 1343/2129/3049
f 1347/2127/3026 1356/2143/3050 1610/2144/3043
f 1343/2129/3029 1351/2142/3051 1347/2127/3041
f 1348/2138/3044 1603/2132/3034 1352/2145/3052
f 1348/2138/3044 1352/2145/3052 1353/2146/3053
f 1349/2133/3054 1348/2138/3055 1350/2139/3056
f 1350/2139/3056 1348/2138/3055 1353/2146/3057
f 1353/2146/3057 1354/2147/3058 1350/2139/3056
f 1354/2141/3048 1359/2148/3059 1337/2114/3011
f 1351/2142/3060 1360/2149/3061 1356/2143/3062
f 1360/2149/3061 1351/2142/3060 1337/2114/3063
f 1356/2150/3064 1355/2151/3064 1610/2152/3064
f 1351/2142/3060 1356/2143/3062 1347/2127/3065
f 1353/2146/3066 1352/2145/3066 1357/2153/3066
f 1358/2154/3067 1357/2155/3067 1362/2156/3067
f 1357/2153/3068 1358/2157/3068 1353/2146/3068
f 1358/2157/3069 1354/2147/3069 1353/2146/3069
f 1354/2147/3070 1358/2157/3070 1359/2158/3070
f 1358/2157/3071 1364/2159/3071 1359/2158/3071
f 1365/2160/3072 1360/2149/3072 1361/2161/3072
f 1337/2114/3073 1359/2148/3073 1361/2161/3073
f 1359/2148/3074 1365/2160/3075 1361/2161/3076
f 1360/2149/3077 1355/2162/3077 1356/2143/3077
f 1361/2161/3078 1360/2149/3061 1337/2114/3063
f 1362/2156/3079 1364/2163/3079 1358/2154/3079
f 1362/2156/3080 1363/2164/3080 1364/2163/3080
f 1363/2164/3081 1628/2165/3082 1365/2166/3083
f 1360/2167/3084 1365/2166/3084 1628/2165/3084
f 1628/2165/3085 1355/2168/3085 1360/2167/3085
f 1365/2166/3083 1364/2163/3086 1363/2164/3081
f 1359/2148/3074 1364/2169/3087 1365/2160/3075
f 1368/2170/3088 1687/2171/3089 1367/2172/3090
f 1688/2173/3091 1368/2170/3088 1369/2174/3092
f 1690/2175/3093 1369/2174/3092 1370/2176/3094
f 1692/2177/3095 1370/2176/3094 1371/2178/3096
f 1683/2179/3097 1376/2180/3097 1366/2181/3097
f 1699/2182/3098 1377/2183/3099 1683/2184/3100
f 1377/2183/3101 1699/2182/3101 1375/2185/3101
f 1378/2186/3102 1376/2180/3102 1683/2179/3102
f 1377/2183/3099 1378/2187/3103 1683/2184/3100
f 779/1296/3104 1376/2188/3104 1378/2189/3104
f 1378/2187/3105 1377/2183/3105 779/2190/3105
f 1366/2181/3106 1376/2180/3107 1379/2191/3108
f 1376/2188/3109 1380/2192/3110 1379/2193/3111
f 1376/2188/3109 779/1296/3112 1380/2192/3110
f 779/1296/3113 780/1295/3114 1380/2192/3115
f 1366/2181/3106 1379/2191/3108 1367/2172/3116
f 780/1295/3114 781/172/203 1380/2192/3115
f 1380/2192/3115 781/172/203 1381/171/202
f 1379/2191/3108 1368/2170/3117 1367/2172/3116
f 1368/2170/3117 1379/2191/3108 1369/2174/3118
f 1382/2194/3119 1379/2193/3111 1380/2192/3110
f 85/154/3120 1382/2194/3121 1381/171/202
f 1380/2192/3115 1381/171/202 1382/2194/3121
f 84/153/3122 1382/2194/3121 85/154/3120
f 1379/2191/3108 1370/2176/3123 1369/2174/3118
f 1382/2194/3121 84/153/3122 83/150/3124
f 1370/2176/3123 1379/2191/3108 1371/2178/3125
f 1379/2193/3111 1382/2194/3119 1383/2195/3126
f 1383/2195/3127 83/150/3124 82/152/3128
f 83/150/3124 1383/2195/3127 1382/2194/3121
f 1371/2178/3125 1379/2191/3108 1383/2196/3129
f 1383/2195/3127 82/152/3128 782/1297/3130
f 1371/2178/3125 1383/2196/3129 1372/2197/3131
f 1372/2197/3131 1383/2196/3129 1373/2198/3132
f 1383/2195/3129 1387/2199/3133 1373/2200/3132
f 1383/2195/3127 782/1297/3130 783/1299/3134
f 1383/2195/3127 783/1299/3134 1387/2199/3135
f 1373/2198/3136 1384/2201/3136 1374/2202/3136
f 1384/2203/3137 1386/1304/3138 1700/2204/3139
f 1700/2204/3139 1386/1304/3138 1385/1306/3140
f 1384/2201/3141 1373/2198/3141 1387/2205/3141
f 1384/2203/3142 1387/2199/3142 1386/1304/3142
f 1386/1304/3143 1387/2199/3143 783/1299/3143
f 1377/2183/3144 1375/2185/3144 1389/2206/3144
f 1377/2183/3145 784/2207/3146 779/2190/3147
f 1388/2208/3148 1389/2206/3148 1375/2185/3148
f 93/2209/3149 784/2207/3146 1377/2183/3145
f 1389/2206/3150 1388/2208/3150 201/347/3150
f 99/167/3151 1389/2210/3152 201/177/3153
f 1377/2183/3154 1389/2206/3154 93/2209/3154
f 93/2209/3155 1389/2206/3152 99/2211/3151
f 1393/2212/3156 1164/1887/3157 1392/1886/3158
f 1164/1887/3157 1393/2212/3156 1394/2213/3159
f 1165/2214/3160 1396/2215/3160 1392/2216/3160
f 1395/2217/3161 1392/2216/3162 1396/2215/3163
f 1167/1897/3164 1395/2217/3165 1396/2215/3166
f 1396/2215/3167 1165/2214/3168 1167/1897/3169
f 1167/1897/3169 1165/2214/3168 1169/2218/3170
f 1395/2217/3165 1167/1897/3164 1397/2219/3171
f 1169/2218/3172 1168/1898/3172 1167/1897/3172
f 1397/2219/3173 1167/1897/3173 1172/1793/3173
f 1397/2219/3174 1172/1793/3175 1102/1795/2425
f 1390/1899/2621 1397/2219/3174 1102/1795/2425
f 1391/1900/3176 1175/1902/3177 1398/2220/3178
f 1400/2221/3179 1398/2220/3178 1175/1902/3177
f 1175/1902/2638 1181/1908/2640 1400/2221/3180
f 1398/2220/3181 1400/2221/3181 1399/2222/3181
f 1401/2223/3182 1399/2222/3182 1400/2221/3182
f 1400/1911/3183 1184/1913/3183 1401/2224/3183
f 1402/2225/3184 1401/2224/3184 1184/1913/3184
f 1394/2213/3185 1405/2226/3186 1164/1887/3187
f 1405/2226/3186 1186/1917/3188 1164/1887/3187
f 1404/2227/3189 1402/2225/3190 1195/1928/3191
f 1184/1913/3192 1195/1928/3191 1402/2225/3190
f 1394/2213/3193 1403/2228/3194 1405/2226/3195
f 1186/1917/3196 1405/2226/3197 1703/2229/3198
f 1187/1916/2688 1186/1917/3199 1406/1929/2689
f 1704/2230/3200 1404/2231/3200 1195/2232/3200
f 1416/1935/3201 1195/1928/3201 1203/1923/3201
f 1703/2229/3198 1406/1929/3202 1186/1917/3196
f 1407/2233/3203 1406/1929/3202 1703/2229/3198
f 1196/1925/3204 1406/1929/3204 1408/2234/3204
f 1408/2234/3205 1409/2235/3205 1196/1925/3205
f 1410/2236/3206 1197/1930/2693 1409/2237/3207
f 1196/1926/2692 1409/2237/3207 1197/1930/2693
f 1410/2236/3208 1411/2238/3208 1197/1930/3208
f 1200/1933/3209 1206/2239/3209 1412/1938/3209
f 1412/1938/3210 1413/2240/3210 1201/1934/3210
f 1414/2241/3211 1202/1924/2700 1201/1934/2699
f 1414/2241/3211 1201/1934/2699 1413/2240/3212
f 1704/2242/3213 1416/1935/3214 1415/2243/3215
f 1416/1935/3216 1202/1924/3216 1417/2244/3216
f 1202/1924/3217 1414/2241/3217 1417/2244/3217
f 1416/1935/3214 1704/2242/3213 1195/1928/3218
f 1406/1929/3219 1407/2233/3219 1418/2245/3219
f 1408/2234/3220 1406/1929/3221 1418/2245/3222
f 1419/2246/3223 1411/2238/3224 1410/2236/3225
f 1419/2246/3223 1410/2236/3225 1424/2247/3226
f 1412/1938/3227 1420/2248/3228 1413/2240/3229
f 1413/2240/3230 1421/2249/3231 1414/2241/3232
f 1421/2249/3233 1413/2240/3229 1420/2248/3228
f 1422/2250/3234 1415/2243/3235 1416/1935/3236
f 1416/1935/3237 1417/2244/3238 1422/2250/3239
f 1407/2233/3240 1423/2251/3241 1418/2245/3242
f 1408/2234/3243 1427/2252/3243 1409/2235/3243
f 1408/2234/3220 1418/2245/3222 1427/2252/3244
f 1409/2237/3245 1424/2247/3226 1410/2236/3225
f 1411/1936/3224 1419/2253/3223 1428/2254/3246
f 1422/2250/3234 1425/2255/3247 1415/2243/3235
f 1418/2245/3242 1423/2251/3241 1426/2256/3248
f 1418/2245/3249 1426/2256/3250 1427/2252/3251
f 1424/2247/3226 1428/2257/3252 1419/2246/3223
f 1420/2248/3228 1429/2258/3253 1421/2249/3233
f 1412/1938/3254 1211/2259/3255 1420/2248/3256
f 1206/2239/3257 1211/2259/3257 1412/1938/3257
f 1414/2241/3258 1430/2260/3258 1417/2244/3258
f 1417/2244/3238 1430/2260/3259 1422/2250/3239
f 1430/2260/3260 1431/2261/3261 1422/2250/3262
f 1409/2237/3245 1427/2262/3263 1424/2247/3226
f 1211/2259/3255 1429/2258/3264 1420/2248/3256
f 1421/2249/3231 1430/2260/3265 1414/2241/3232
f 1427/2262/3263 1432/2263/3266 1424/2247/3226
f 1421/2249/3233 1429/2258/3253 1433/2264/3267
f 1433/2264/3268 1430/2260/3265 1421/2249/3231
f 1435/2265/3269 1425/2255/3247 1422/2250/3234
f 1435/2265/3270 1431/2261/3271 1436/2266/3272
f 1431/2261/3271 1435/2265/3270 1422/2250/3273
f 1423/2251/3241 1434/2267/3274 1426/2256/3248
f 1432/2263/3275 1428/2257/3252 1424/2247/3226
f 1447/2268/3276 1411/1936/3276 1428/2254/3276
f 1204/1937/3277 1411/1936/3278 1447/2268/3279
f 1426/2256/3248 1434/2267/3274 1437/2269/3280
f 1426/2256/3250 1437/2269/3281 1427/2252/3251
f 1432/2263/3266 1427/2262/3263 1446/2270/3282
f 1428/2254/3283 1432/2271/3283 1447/2268/3283
f 1447/2268/3279 1214/1950/3284 1204/1937/3277
f 1433/2264/3268 1441/2272/3285 1430/2260/3265
f 1435/2265/3269 1438/2273/3286 1425/2255/3247
f 1430/2260/3260 1436/2266/3287 1431/2261/3261
f 1447/2268/3288 1432/2271/3288 1442/2274/3288
f 1446/2270/3289 1442/2275/3289 1432/2263/3289
f 1429/2258/3253 1440/2276/3290 1433/2264/3267
f 1429/2258/3291 1439/2277/3292 1440/2276/3293
f 1211/2259/3255 1439/2277/3292 1429/2258/3264
f 1216/2278/3294 1439/2277/3292 1211/2259/3255
f 1434/2267/3295 1705/2279/3295 1443/2280/3295
f 1443/2280/3296 1437/2269/3280 1434/2267/3274
f 1437/2269/3281 1445/2281/3297 1427/2252/3251
f 1427/2262/3263 1445/2282/3298 1446/2270/3282
f 1216/2278/3294 1440/2276/3293 1439/2277/3292
f 1433/2264/3268 1440/2276/3299 1441/2272/3285
f 1430/2260/3260 1441/2272/3300 1436/2266/3287
f 1443/2280/3301 1444/2283/3301 1437/2269/3301
f 1437/2269/3281 1444/2283/3302 1445/2281/3297
f 1216/2278/3303 1450/2284/3304 1440/2276/3305
f 1440/2276/3306 1450/2284/3307 1441/2272/3308
f 1436/2266/3309 1441/2272/3310 1435/2265/3311
f 1441/2272/3310 1448/2285/3312 1435/2265/3311
f 1441/2272/3313 1451/2286/3313 1448/2285/3313
f 1443/2280/3314 1449/2287/3314 1444/2283/3314
f 1444/2283/3315 1449/2287/3316 1445/2281/3317
f 1447/2268/3318 1442/2274/3319 1454/2288/3320
f 1218/1957/3321 1447/2268/3322 1454/2288/3323
f 1214/1950/3324 1447/2268/3324 1218/1957/3324
f 1455/2289/3325 1450/2284/3304 1216/2278/3303
f 1216/2278/3303 1456/2290/3326 1455/2289/3325
f 1450/2284/3307 1451/2286/3327 1441/2272/3308
f 1448/2285/3328 1706/2291/3329 1435/2265/3330
f 1706/2291/3329 1448/2285/3328 1452/2292/3331
f 1451/2286/3332 1452/2292/3333 1448/2285/3334
f 1449/2287/3316 1453/2293/3335 1445/2281/3317
f 1445/2282/3336 1453/2294/3337 1446/2270/3338
f 1453/2294/3337 1713/2295/3339 1446/2270/3338
f 1442/2275/3340 1446/2270/3340 1713/2295/3340
f 1442/2274/3319 1713/2296/3341 1454/2288/3320
f 1219/1951/2739 1218/1957/2748 1226/1959/3342
f 1461/2297/3343 1456/2290/3344 1225/1968/2757
f 1461/2298/3343 1460/2299/3345 1456/2300/3344
f 1225/1968/2757 1456/2290/3344 1216/2278/2745
f 1450/2284/3307 1714/2301/3346 1451/2286/3327
f 1450/2284/3347 1455/2289/3348 1714/2301/3349
f 1457/2302/3350 1451/2286/3350 1716/2303/3350
f 1451/2286/3332 1457/2302/3351 1452/2292/3333
f 1218/1957/3321 1454/2288/3323 1458/2304/3352
f 1226/1959/3342 1218/1957/2748 1458/2304/3353
f 1226/1959/3342 1458/2304/3353 1459/2305/3354
f 1460/2306/3355 1455/2289/3325 1456/2290/3326
f 1233/1971/3356 1461/2297/3357 1225/1968/3358
f 1458/2304/3353 1462/2307/3359 1459/2305/3354
f 1462/2307/3360 1230/1969/3361 1459/2305/3362
f 1226/1959/3363 1459/2305/3362 1230/1969/3361
f 1233/1971/2776 1224/1864/2760 1467/2308/3364
f 1232/1967/2775 1467/2308/3365 1224/1864/2571
f 1460/2299/3345 1461/2298/3343 1721/2309/3366
f 1461/2297/3357 1233/1971/3356 1469/2310/3367
f 1230/1963/2762 1465/2311/3368 1231/1972/2777
f 1230/1969/3361 1462/2307/3360 1464/2312/3369
f 1466/1976/3370 1231/1970/3370 1465/2313/3370
f 1464/2314/3371 1465/2311/3368 1230/1963/2762
f 1466/1976/3372 1242/1977/3372 1234/1973/3372
f 1232/1967/2775 1468/2315/3373 1467/2308/3365
f 1469/2310/3374 1467/2308/3375 1472/2316/3376
f 1233/1971/3377 1467/2308/3377 1469/2310/3377
f 1462/2307/3378 1463/2317/3378 1470/2318/3378
f 1470/2318/3379 1464/2312/3379 1462/2307/3379
f 1236/1975/2781 1468/2315/3380 1232/1967/2769
f 1468/2315/3381 1236/1975/3381 1471/1982/3381
f 1470/2318/3382 1476/2319/3383 1464/2312/3384
f 1473/2320/3385 1466/1976/3386 1465/2313/3387
f 1468/2315/3388 1474/2321/3389 1467/2308/3390
f 1467/2308/3391 1474/2321/3391 1472/2316/3391
f 1474/2321/3392 1479/2322/3393 1472/2316/3394
f 1472/2316/3376 1475/2323/3395 1469/2310/3374
f 1476/2324/3396 1477/2325/3396 1464/2314/3396
f 1477/2325/3397 1465/2311/3398 1464/2314/3399
f 1477/2325/3397 1473/2326/3400 1465/2311/3398
f 1468/2315/3401 1471/1982/3402 1481/1991/3403
f 1468/2315/3401 1481/1991/3403 1482/2327/3404
f 1471/1982/3405 1478/1983/3405 1481/1991/3405
f 1482/2327/3406 1474/2321/3389 1468/2315/3388
f 1470/2318/3407 1463/2317/3408 1480/2328/3409
f 1470/2318/3407 1480/2328/3409 1484/2329/3410
f 1466/1976/3411 1483/2330/3412 1242/1977/3413
f 1253/1993/3414 1482/2327/3404 1481/1991/3403
f 1482/2327/3406 1479/2322/3415 1474/2321/3389
f 1475/2323/3395 1472/2316/3376 1485/2331/3416
f 1476/2324/3417 1473/2326/3400 1477/2325/3397
f 1485/2331/3416 1472/2316/3376 1488/2332/3418
f 1480/2328/3409 1486/2333/3419 1484/2329/3410
f 1473/2320/3385 1483/2330/3420 1466/1976/3386
f 1483/2330/3420 1473/2320/3385 1489/2334/3421
f 1251/1989/2810 1242/1977/2784 1259/1999/2829
f 1493/2335/3422 1482/2327/3422 1487/2336/3422
f 1482/2327/3404 1253/1993/3414 1487/2336/3423
f 1260/1998/3424 1487/2336/3423 1253/1993/3414
f 1491/2337/3425 1479/2322/3415 1482/2327/3406
f 1491/2337/3425 1490/2338/3426 1479/2322/3415
f 1482/2327/3427 1493/2335/3428 1491/2337/3429
f 1476/2324/3417 1489/2339/3430 1473/2326/3400
f 1479/2322/3393 1488/2332/3431 1472/2316/3394
f 1484/2329/3432 1476/2319/3383 1470/2318/3382
f 1242/1977/3413 1483/2330/3412 1267/2009/3433
f 1259/1999/2829 1242/1977/2784 1267/2009/2843
f 1487/2336/3423 1260/1998/3424 1492/2004/3434
f 1479/2322/3415 1490/2338/3426 1497/2340/3435
f 1488/2332/3431 1479/2322/3393 1497/2340/3436
f 1494/2341/3437 1489/2339/3430 1476/2324/3417
f 1487/2336/3423 1492/2004/3434 1493/2335/3438
f 1499/2342/3439 1484/2329/3410 1486/2333/3419
f 1493/2335/3438 1492/2004/3434 1495/2005/3440
f 1491/2337/3425 1497/2340/3435 1490/2338/3426
f 1491/2337/3425 1496/2343/3441 1497/2340/3435
f 1491/2337/3429 1493/2335/3428 1496/2343/3442
f 1485/2331/3416 1488/2332/3418 1498/2344/3443
f 1494/2341/3437 1500/2345/3444 1489/2339/3430
f 1500/2346/3445 1483/2330/3420 1489/2334/3421
f 1476/2324/3417 1502/2347/3446 1494/2341/3437
f 1493/2335/3438 1495/2005/3440 1501/2012/3447
f 1502/2347/3446 1500/2345/3444 1494/2341/3437
f 1496/2343/3442 1493/2335/3428 1503/2348/3448
f 1493/2335/3438 1501/2012/3447 1503/2348/3449
f 1268/2013/3450 1503/2348/3449 1501/2012/3447
f 1504/2349/3451 1476/2319/3383 1484/2329/3432
f 1502/2347/3452 1476/2324/3452 1504/2350/3452
f 1496/2343/3442 1503/2348/3448 1507/2351/3453
f 1503/2348/3449 1268/2013/3450 1507/2351/3454
f 1488/2332/3431 1497/2340/3436 1505/2352/3455
f 1484/2329/3410 1499/2342/3439 1506/2353/3456
f 1504/2350/3457 1500/2345/3444 1502/2347/3446
f 1508/2354/3458 1497/2340/3435 1496/2343/3441
f 1267/2009/3433 1483/2330/3412 1284/2029/3459
f 1267/2009/2843 1284/2029/2876 1269/2014/2849
f 1272/2016/3460 1507/2351/3454 1268/2013/3450
f 1497/2340/3435 1508/2354/3458 1509/2355/3461
f 1497/2340/3435 1509/2355/3461 1505/2352/3462
f 1483/2330/3412 1511/2033/3463 1284/2029/3459
f 1496/2343/3442 1507/2351/3453 1512/2356/3464
f 1496/2343/3441 1512/2356/3465 1508/2354/3458
f 1498/2344/3443 1488/2332/3418 1510/2357/3466
f 1500/2345/3444 1504/2350/3457 1513/2358/3467
f 1513/2359/3468 1483/2330/3420 1500/2346/3445
f 1512/2356/3464 1507/2351/3453 1514/2360/3469
f 1514/2360/3470 1507/2351/3454 1272/2016/3460
f 1276/2022/3471 1514/2360/3470 1272/2016/3460
f 1278/2020/2859 1269/2014/2849 1284/2029/2876
f 1512/2356/3465 1509/2355/3461 1508/2354/3458
f 1512/2356/3465 1505/2352/3462 1509/2355/3461
f 1515/2361/3472 1504/2349/3451 1484/2329/3432
f 1484/2329/3410 1506/2353/3456 1515/2361/3473
f 1504/2350/3457 1517/2362/3474 1513/2358/3467
f 1512/2356/3464 1514/2360/3469 1516/2363/3475
f 1514/2360/3470 1276/2022/3471 1516/2363/3476
f 1283/2027/3477 1516/2363/3476 1276/2022/3471
f 1505/2352/3462 1512/2356/3465 1520/2364/3478
f 1506/2353/3456 1519/2365/3479 1515/2361/3473
f 1512/2356/3464 1516/2363/3475 1524/2366/3480
f 1524/2366/3481 1516/2363/3476 1283/2027/3477
f 1520/2364/3478 1521/2367/3482 1505/2352/3462
f 1510/2357/3466 1488/2332/3418 1518/2368/3483
f 1483/2330/3420 1513/2359/3468 1522/2369/3484
f 1512/2356/3464 1524/2366/3480 1523/2370/3485
f 1283/2027/3477 1285/2030/3486 1524/2366/3481
f 1523/2370/3487 1520/2364/3478 1512/2356/3465
f 1513/2358/3467 1517/2362/3474 1525/2371/3488
f 1504/2350/3457 1525/2371/3488 1517/2362/3474
f 1504/2349/3451 1515/2361/3472 1534/2372/3489
f 1525/2371/3488 1522/2373/3490 1513/2358/3467
f 1483/2330/3491 1522/2369/3491 1511/2033/3491
f 1526/2038/3492 1523/2370/3485 1524/2366/3480
f 1524/2366/3481 1285/2030/3486 1526/2038/3493
f 1515/2361/3473 1519/2365/3479 1534/2372/3494
f 1521/2367/3495 1529/2374/3496 1505/2352/3455
f 1488/2332/3431 1505/2352/3455 1529/2374/3496
f 1529/2374/3497 1518/2368/3483 1488/2332/3418
f 1527/2375/3498 1522/2373/3490 1525/2371/3488
f 1504/2349/3499 1534/2372/3500 1525/2376/3501
f 1511/2033/3502 1522/2369/3502 1528/2039/3502
f 1288/2034/2881 1511/2033/2880 1528/2039/2888
f 1527/2375/3498 1530/2377/3503 1522/2373/3490
f 1534/2372/3500 1527/2378/3504 1525/2376/3501
f 1530/2379/3505 1528/2039/3505 1522/2369/3505
f 1531/2044/3506 1528/2039/3507 1530/2379/3508
f 1289/2040/2889 1528/2039/2888 1531/2044/2898
f 1535/2380/3509 1523/2370/3510 1526/2038/3511
f 1291/2041/3512 1535/2380/3512 1526/2038/3512
f 1521/2367/3495 1536/2381/3513 1529/2374/3496
f 1523/2370/3487 1536/2381/3514 1521/2367/3482
f 1523/2370/3487 1521/2367/3482 1520/2364/3478
f 1529/2374/3497 1532/2382/3515 1518/2368/3483
f 1533/2383/3516 1534/2372/3494 1519/2365/3479
f 1537/2384/3517 1534/2372/3494 1533/2383/3516
f 1537/2384/3518 1527/2378/3518 1534/2372/3518
f 1530/2379/3508 1294/2043/3519 1531/2044/3506
f 1535/2380/3509 1538/2385/3520 1523/2370/3510
f 1538/2385/3521 1535/2380/3522 1291/2041/3523
f 1291/2041/3523 1298/2054/3524 1538/2385/3521
f 1537/2384/3525 1539/2386/3526 1540/2387/3527
f 1540/2387/3528 1527/2378/3528 1537/2384/3528
f 1527/2375/3498 1546/2388/3529 1530/2377/3503
f 1530/2379/3508 1542/2056/3530 1294/2043/3519
f 1530/2379/3531 1546/2389/3532 1542/2056/3533
f 1538/2385/3520 1547/2390/3534 1523/2370/3510
f 1298/2054/3535 1543/2077/3536 1538/2385/3537
f 1529/2374/3538 1545/2391/3538 1544/2392/3538
f 1536/2381/3513 1545/2391/3539 1529/2374/3496
f 1523/2370/3487 1545/2391/3540 1536/2381/3514
f 1544/2392/3541 1532/2382/3515 1529/2374/3497
f 1540/2387/3542 1541/2393/3543 1527/2378/3544
f 1541/2394/3545 1546/2388/3529 1527/2375/3498
f 1305/2060/3546 1542/2056/3533 1546/2389/3532
f 1543/2077/3536 1547/2390/3547 1538/2385/3537
f 1547/2390/3548 1545/2391/3540 1523/2370/3487
f 1539/2386/3526 1549/2395/3549 1540/2387/3527
f 1546/2388/3529 1541/2394/3545 1550/2396/3550
f 1546/2389/3532 1550/2397/3551 1305/2060/3546
f 1305/2060/3546 1550/2397/3551 1551/2070/3552
f 1313/2398/3553 1547/2390/3554 1543/2077/3555
f 1552/2399/3556 1544/2392/3556 1545/2391/3556
f 1547/2390/3548 1559/2400/3557 1545/2391/3540
f 1552/2399/3558 1548/2401/3558 1544/2392/3558
f 1540/2387/3559 1549/2395/3560 1553/2402/3561
f 1549/2395/3560 1557/2403/3562 1553/2402/3561
f 1541/2393/3543 1540/2387/3542 1553/2402/3563
f 1554/2404/3564 1551/2070/3564 1550/2397/3564
f 1314/2078/3565 1551/2070/3566 1554/2404/3567
f 1547/2390/3554 1555/2405/3568 1559/2400/3569
f 1555/2405/3568 1547/2390/3554 1313/2398/3553
f 1555/2405/3570 1313/2398/3570 1317/2082/3570
f 1556/2406/3571 1552/2399/3572 1545/2391/3573
f 1545/2391/3540 1559/2400/3557 1556/2406/3574
f 1564/2407/3575 1553/2402/3561 1557/2403/3562
f 1541/2394/3545 1558/2408/3576 1550/2396/3550
f 1550/2397/3577 1558/2409/3578 1554/2404/3579
f 1559/2400/3580 1555/2405/3581 1560/2410/3582
f 1565/2411/3583 1559/2400/3580 1560/2410/3582
f 1560/2410/3584 1555/2405/3584 1317/2082/3584
f 1548/2401/3585 1562/2412/3586 1561/2413/3587
f 1562/2412/3586 1548/2401/3585 1552/2399/3588
f 1556/2406/3571 1562/2412/3589 1552/2399/3572
f 1564/2407/3575 1557/2403/3562 1563/2414/3590
f 1553/2402/3591 1564/2407/3591 1541/2393/3591
f 1566/2415/3592 1558/2408/3576 1541/2394/3545
f 1564/2407/3593 1566/2416/3593 1541/2393/3593
f 1558/2409/3578 1567/2417/3594 1554/2404/3579
f 1320/2089/3595 1314/2078/3565 1554/2404/3567
f 1565/2411/3596 1325/2095/3597 1326/2096/3598
f 1565/2411/3599 1556/2406/3574 1559/2400/3557
f 1560/2410/3600 1325/2095/3600 1565/2411/3600
f 1573/2418/3601 1562/2412/3589 1556/2406/3571
f 1564/2407/3602 1563/2414/3602 1566/2416/3602
f 1566/2415/3592 1567/2419/3603 1558/2408/3576
f 1567/2417/3604 1320/2089/3595 1554/2404/3567
f 1567/2417/3604 1568/2098/3605 1320/2089/3595
f 1326/2096/3598 1569/2420/3606 1565/2411/3596
f 1556/2406/3574 1565/2411/3599 1570/2421/3607
f 1570/2421/3607 1573/2418/3608 1556/2406/3574
f 1561/2413/3609 1562/2412/3609 1571/2422/3609
f 1572/2423/3610 1571/2422/3610 1573/2418/3610
f 1562/2412/3611 1573/2418/3611 1571/2422/3611
f 1577/2424/3612 1563/2414/3613 1574/2425/3614
f 1563/2414/3615 1577/2424/3615 1566/2416/3615
f 1567/2419/3603 1566/2415/3592 1575/2426/3616
f 1567/2417/3604 1575/2427/3617 1568/2098/3605
f 1568/2098/3618 1575/2427/3618 1578/2428/3618
f 1576/2429/3619 1581/2430/3620 1569/2420/3621
f 1569/2420/3622 1326/2096/3622 1576/2429/3622
f 1569/2420/3623 1570/2421/3607 1565/2411/3599
f 1569/2420/3623 1581/2430/3624 1570/2421/3607
f 1572/2423/3625 1573/2418/3625 1583/2431/3625
f 1582/2432/3626 1573/2418/3608 1570/2421/3607
f 1573/2418/3627 1582/2432/3628 1583/2431/3629
f 1585/2433/3630 1577/2424/3612 1574/2425/3614
f 1566/2415/3592 1580/2434/3631 1575/2426/3616
f 1580/2435/3632 1579/2113/3633 1578/2428/3634
f 1575/2427/3635 1580/2435/3635 1578/2428/3635
f 1568/2098/3636 1578/2428/3634 1579/2113/3633
f 1581/2430/3620 1576/2429/3619 1334/2117/3637
f 1581/2430/3624 1582/2432/3626 1570/2421/3607
f 1584/2436/3638 1583/2431/3629 1582/2432/3628
f 1585/2433/3630 1586/2437/3639 1577/2424/3612
f 1586/2438/3640 1566/2439/3640 1577/2440/3640
f 1566/2415/3592 1587/2441/3641 1580/2434/3631
f 1580/2434/3631 1587/2441/3641 1589/2442/3642
f 1566/2416/3643 1586/2437/3644 1587/2443/3645
f 1588/2131/3646 1590/2118/3647 1580/2435/3632
f 1580/2435/3648 1589/2444/3648 1588/2131/3648
f 1590/2118/3647 1579/2113/3633 1580/2435/3632
f 1582/2432/3626 1581/2430/3624 1591/2445/3649
f 1581/2430/3620 1334/2117/3637 1591/2445/3650
f 1592/2446/3651 1591/2445/3652 1334/2117/3653
f 1582/2432/3654 1594/2447/3655 1593/2448/3656
f 1591/2445/3649 1594/2447/3657 1582/2432/3626
f 1593/2448/3658 1595/2449/3659 1584/2436/3660
f 1593/2448/3658 1584/2436/3660 1582/2432/3661
f 1589/2444/3662 1596/2450/3663 1588/2131/3664
f 1334/2117/3665 1341/2116/3665 1592/2446/3665
f 1597/2128/3666 1592/2446/3667 1341/2116/3668
f 1594/2447/3655 1598/2451/3669 1593/2448/3656
f 1593/2448/3658 1598/2451/3670 1595/2449/3659
f 1586/2437/3639 1585/2433/3630 1599/2452/3671
f 1599/2452/3671 1601/2453/3672 1586/2437/3639
f 1586/2437/3644 1601/2453/3673 1587/2443/3645
f 1587/2441/3641 1600/2454/3674 1589/2442/3642
f 1603/2132/3675 1588/2131/3676 1602/2455/3677
f 1588/2131/3678 1596/2450/3679 1602/2455/3680
f 1592/2446/3667 1597/2128/3666 1604/2456/3681
f 1604/2456/3681 1597/2128/3666 1609/2457/3682
f 1592/2446/3651 1604/2456/3683 1591/2445/3652
f 1604/2456/3684 1606/2458/3685 1591/2445/3649
f 1594/2447/3657 1591/2445/3649 1606/2458/3685
f 1598/2451/3670 1605/2459/3686 1595/2449/3659
f 1595/2449/3659 1605/2459/3686 1611/2460/3687
f 1606/2458/3688 1598/2451/3669 1594/2447/3655
f 1606/2458/3688 1605/2459/3689 1598/2451/3669
f 1587/2443/3690 1601/2453/3691 1600/2461/3692
f 1600/2461/3692 1601/2453/3691 1607/2462/3693
f 1589/2442/3642 1600/2454/3674 1608/2463/3694
f 1596/2450/3679 1608/2464/3695 1602/2455/3680
f 1589/2444/3662 1608/2464/3696 1596/2450/3663
f 1610/2144/3697 1609/2457/3682 1597/2128/3666
f 1601/2453/3672 1599/2452/3671 1607/2462/3698
f 1599/2452/3671 1616/2465/3699 1607/2462/3698
f 1602/2455/3700 1608/2464/3701 1613/2466/3702
f 1602/2455/3677 1613/2466/3703 1352/2145/3704
f 1603/2132/3675 1602/2455/3677 1352/2145/3704
f 1614/2467/3705 1629/2468/3705 1609/2457/3705
f 1610/2144/3697 1614/2467/3706 1609/2457/3682
f 1604/2456/3707 1609/2457/3707 1629/2468/3707
f 1629/2468/3708 1621/2469/3709 1604/2456/3684
f 1604/2456/3684 1621/2469/3709 1606/2458/3685
f 1605/2459/3686 1622/2470/3710 1611/2460/3687
f 1622/2470/3710 1615/2471/3711 1611/2460/3687
f 1622/2470/3712 1605/2459/3689 1606/2458/3688
f 1606/2458/3688 1621/2469/3713 1622/2470/3712
f 1607/2462/3714 1616/2465/3715 1617/2472/3716
f 1607/2462/3693 1617/2472/3717 1600/2461/3692
f 1617/2473/3717 1618/2474/3718 1600/2454/3692
f 1618/2474/3719 1608/2463/3694 1600/2454/3674
f 1608/2463/3694 1618/2474/3719 1612/2475/3720
f 1608/2464/3701 1612/2476/3721 1613/2466/3702
f 1613/2477/3702 1612/2478/3721 1619/2479/3722
f 1352/2145/3723 1613/2466/3723 1619/2480/3723
f 1352/2145/3724 1619/2480/3724 1357/2153/3724
f 1362/2156/3725 1357/2155/3725 1619/2481/3725
f 1355/2162/3726 1628/2482/3727 1620/2483/3728
f 1620/2483/3729 1629/2468/3729 1614/2467/3729
f 1614/2467/3730 1610/2144/3730 1620/2483/3730
f 1355/2162/3731 1620/2483/3731 1610/2144/3731
f 1615/2471/3711 1622/2470/3710 1632/2484/3732
f 1623/2485/3733 1624/2486/3734 1616/2465/3735
f 1616/2465/3715 1624/2486/3736 1617/2472/3716
f 1619/2487/3737 1612/2488/3738 1625/2489/3739
f 1619/2487/3737 1625/2489/3739 1362/2490/3740
f 1625/2489/3739 1626/2491/3741 1362/2490/3740
f 1627/2492/3742 1362/2493/3742 1626/2494/3742
f 1620/2483/3728 1628/2482/3727 1627/2492/3743
f 1627/2492/3744 1628/2482/3744 1363/2495/3744
f 1363/2164/3745 1362/2156/3745 1627/2496/3745
f 1620/2483/3746 1627/2492/3746 1629/2468/3746
f 1629/2468/3708 1630/2497/3747 1621/2469/3709
f 1632/2484/3732 1631/2498/3748 1615/2471/3711
f 1632/2484/3749 1622/2470/3712 1621/2469/3713
f 1621/2469/3713 1630/2497/3750 1632/2484/3749
f 1617/2472/3751 1624/2486/3752 1618/2499/3753
f 1618/2474/3719 1625/2500/3754 1612/2475/3720
f 1625/2500/3755 1633/2501/3755 1626/2494/3755
f 1633/2501/3756 1629/2468/3757 1627/2492/3758
f 1633/2501/3756 1627/2492/3758 1626/2494/3759
f 1630/2497/3747 1629/2468/3708 1637/2502/3760
f 1635/2503/3761 1634/2504/3762 1631/2498/3748
f 1631/2498/3748 1632/2484/3732 1635/2503/3761
f 1632/2484/3749 1630/2497/3750 1635/2503/3763
f 1624/2486/3734 1623/2485/3733 1636/2505/3764
f 1618/2499/3753 1624/2486/3752 1640/2506/3765
f 1618/2474/3719 1647/2507/3766 1625/2500/3754
f 1625/2500/3754 1647/2507/3766 1633/2501/3767
f 1629/2468/3708 1633/2501/3767 1637/2502/3760
f 1637/2502/3768 1635/2503/3769 1630/2497/3770
f 1638/2508/3771 1635/2503/3769 1637/2502/3768
f 1635/2503/3761 1638/2508/3772 1634/2504/3762
f 1639/2509/3773 1624/2486/3773 1636/2505/3773
f 1640/2506/3774 1624/2486/3775 1639/2509/3776
f 1639/2509/3776 1641/2510/3777 1640/2506/3774
f 1640/2511/3778 1647/2507/3766 1618/2474/3719
f 1640/2511/3778 1641/2512/3779 1647/2507/3766
f 1647/2507/3766 1651/2513/3780 1633/2501/3767
f 1633/2501/3767 1651/2513/3780 1637/2502/3760
f 1643/2514/3781 1638/2508/3771 1637/2502/3768
f 1642/2515/3782 1639/2509/3783 1636/2505/3784
f 1645/2516/3785 1634/2504/3785 1644/2517/3785
f 1634/2504/3786 1638/2508/3786 1644/2517/3786
f 1643/2514/3781 1644/2517/3787 1638/2508/3771
f 1642/2515/3782 1646/2518/3788 1639/2509/3783
f 1641/2510/3777 1639/2509/3776 1646/2518/3789
f 1641/2510/3777 1646/2518/3789 1647/2519/3790
f 1646/2518/3789 1648/2520/3791 1647/2519/3790
f 1651/2513/3780 1649/2521/3792 1637/2502/3760
f 1653/2522/3793 1645/2516/3793 1644/2517/3793
f 1643/2514/3794 1637/2502/3760 1649/2521/3792
f 1643/2514/3781 1649/2521/3795 1644/2517/3787
f 1650/2523/3796 1646/2518/3796 1642/2515/3796
f 1650/2523/3797 1652/2524/3797 1646/2518/3797
f 1648/2520/3798 1646/2518/3798 1652/2524/3798
f 1648/2525/3799 1651/2513/3800 1647/2507/3801
f 1652/2526/3802 1651/2513/3800 1648/2525/3799
f 1658/2527/3803 1649/2521/3803 1656/2528/3803
f 1651/2513/3780 1656/2528/3804 1649/2521/3792
f 1658/2527/3805 1653/2522/3806 1649/2521/3807
f 1649/2521/3807 1653/2522/3806 1644/2517/3808
f 1655/2529/3809 1650/2530/3810 1654/2531/3811
f 1655/2532/3812 1656/2528/3812 1652/2526/3812
f 1650/2530/3810 1655/2529/3809 1652/2533/3813
f 1656/2528/3814 1651/2513/3814 1652/2526/3814
f 1657/2534/3815 1659/2535/3815 1658/2527/3815
f 1655/2532/3816 1657/2534/3817 1658/2527/3818
f 1656/2528/3819 1655/2532/3816 1658/2527/3818
f 1653/2522/3820 1658/2527/3820 1659/2535/3820
f 1684/2536/3821 1661/2537/3821 1660/2538/3821
f 1665/2539/3822 1662/2540/3823 1661/2541/3824
f 1662/2540/3823 1660/2542/3825 1661/2541/3824
f 1661/2541/3826 1663/2543/3826 1665/2539/3826
f 1662/2540/3823 1665/2539/3822 1666/2544/3827
f 1662/2540/3823 1666/2544/3827 1664/2545/3828
f 1664/2545/3828 1666/2544/3827 1667/2546/3829
f 1664/2545/3828 1667/2546/3829 1668/2547/3830
f 1670/2548/3831 1668/2547/3830 1667/2546/3829
f 1667/2546/3832 1669/2549/3832 1670/2548/3832
f 1671/2550/3833 1668/2547/3830 1670/2548/3831
f 1672/2551/3834 1671/2550/3834 1670/2548/3834
f 1671/2550/3833 1673/2552/3835 1668/2547/3830
f 1673/2552/3835 1671/2550/3833 1674/2553/3836
f 1671/2550/3837 1691/2554/3838 1674/2553/3839
f 1676/2555/3840 1673/2552/3835 1677/2556/3841
f 1674/2553/3836 1677/2556/3841 1673/2552/3835
f 1674/2553/3839 1675/2557/3842 1677/2556/3843
f 1676/2555/3840 1677/2556/3841 1678/2558/3844
f 1680/2559/3845 1678/2558/3844 1677/2556/3841
f 1677/2556/3846 1679/2560/3846 1680/2559/3846
f 1678/2558/3847 1680/2559/3847 1681/2561/3847
f 1682/2562/3848 1685/2563/3849 1918/2564/3850
f 1686/2565/3851 1684/2566/3851 1685/2563/3851
f 1682/2562/3848 1683/2179/3852 1685/2563/3849
f 1685/2563/3853 1366/2181/3854 1686/2565/3855
f 1366/2181/3854 1685/2563/3853 1683/2179/3856
f 1661/2537/3857 1684/2536/3857 1663/2567/3857
f 1684/2566/3858 1686/2565/3858 1663/2568/3858
f 1663/2568/3859 1686/2565/3860 1687/2171/3861
f 1686/2565/3862 1366/2181/3863 1687/2171/3089
f 1663/2543/3859 1687/2569/3861 1665/2539/3864
f 1687/2171/3089 1366/2181/3863 1367/2172/3090
f 1665/2539/3864 1687/2569/3861 1666/2544/3865
f 1687/2171/3861 1688/2173/3866 1666/2570/3865
f 1687/2171/3089 1368/2170/3088 1688/2173/3091
f 1688/2173/3866 1667/2571/3867 1666/2570/3865
f 1667/2571/3867 1689/2572/3868 1669/2573/3869
f 1667/2571/3867 1688/2173/3866 1689/2572/3868
f 1688/2173/3091 1369/2174/3092 1689/2572/3870
f 1689/2572/3868 1670/2574/3871 1669/2573/3869
f 1690/2575/3872 1670/2576/3871 1689/2577/3868
f 1670/2574/3871 1690/2175/3872 1672/2578/3873
f 1369/2174/3092 1690/2175/3093 1689/2572/3870
f 1690/2175/3872 1671/2579/3874 1672/2578/3873
f 1690/2175/3872 1692/2177/3875 1671/2579/3874
f 1690/2175/3093 1370/2176/3094 1692/2177/3095
f 1671/2579/3874 1692/2177/3875 1691/2580/3876
f 1674/2553/3839 1691/2554/3838 1675/2557/3842
f 1693/2581/3877 1675/2557/3878 1691/2554/3876
f 1693/2582/3877 1691/2580/3876 1692/2177/3875
f 1692/2177/3095 1371/2178/3096 1693/2582/3879
f 1675/2557/3878 1693/2581/3877 1677/2556/3880
f 1677/2556/3880 1693/2581/3877 1694/2583/3881
f 1693/2582/3879 1371/2178/3096 1694/2584/3882
f 1677/2556/3880 1694/2583/3881 1695/2585/3883
f 1694/2584/3882 1371/2178/3096 1695/2586/3884
f 1695/2585/3883 1679/2560/3885 1677/2556/3880
f 1372/2197/3886 1695/2586/3884 1371/2178/3096
f 1679/2560/3887 1681/2561/3887 1680/2559/3887
f 1679/2587/3888 1696/2588/3888 1681/2589/3888
f 1696/2590/3889 1679/2560/3885 1695/2585/3883
f 1695/2586/3884 1372/2197/3886 1696/2591/3890
f 1696/2591/3890 1372/2197/3886 1373/2198/3891
f 1919/2592/3892 1697/2593/3893 1696/2594/3894
f 1697/2595/3895 1681/2589/3896 1696/2588/3897
f 1696/2591/3898 1374/2202/3898 1919/2596/3898
f 1696/2591/3899 1373/2198/3899 1374/2202/3899
f 1919/2596/3900 1374/2202/3901 1698/2597/3902
f 1699/2598/3903 1683/2179/3903 1682/2562/3903
f 1374/2202/3901 1921/2599/3904 1698/2597/3902
f 1374/2202/3905 1384/2201/3906 1921/2599/3907
f 1921/2599/3907 1384/2201/3906 1700/2600/3908
f 1385/1303/1684 1701/1313/3909 1700/2601/3910
f 1375/2185/3911 1920/2602/3912 1388/2208/3913
f 1701/1313/3909 1385/1303/1684 789/1302/1683
f 2580/2603/3914 1395/2217/3915 1397/2219/3174
f 1924/2604/3916 1392/2216/3917 1923/2605/3918
f 1924/2604/3916 1393/2606/3919 1392/2216/3917
f 1702/2607/3920 1393/2212/3921 1924/2608/3922
f 1394/2213/3923 1393/2212/3921 1702/2607/3920
f 1923/2605/3924 1392/2216/3162 1395/2217/3161
f 1398/2220/3925 1399/2222/3925 1927/2609/3925
f 1401/2223/3926 1928/2610/3927 1927/2609/3928
f 1932/2611/3929 1928/2612/3930 1401/2613/3931
f 1399/2222/3932 1401/2223/3926 1927/2609/3928
f 1932/2611/3929 1401/2613/3931 1402/2614/3933
f 1394/2213/3193 1702/2607/3934 1403/2228/3194
f 1403/2228/3194 1702/2607/3934 1933/2615/3935
f 1402/2614/3936 1404/2231/3937 1932/2611/3938
f 1403/2228/3194 1933/2615/3935 1405/2226/3195
f 1404/2231/3937 1935/2616/3939 1932/2611/3938
f 1405/2226/3940 1933/2615/3940 1703/2229/3940
f 1936/2617/3941 1935/2616/3941 1704/2230/3941
f 1704/2230/3942 1935/2616/3942 1404/2231/3942
f 1407/2233/3943 1703/2229/3944 1937/2618/3945
f 1704/2230/3946 1415/2619/3947 1938/2620/3948
f 1940/2621/3949 1423/2251/3950 1407/2233/3951
f 1425/2622/3952 1438/2623/3953 1939/2624/3954
f 1434/2267/3955 1940/2621/3949 1705/2279/3956
f 1443/2280/3957 1705/2279/3957 1707/2625/3957
f 1435/2626/3958 1706/2627/3958 1438/2623/3958
f 1943/2628/3959 1707/2625/3960 1942/2629/3961
f 1707/2625/3962 1709/2630/3963 1710/2631/3964
f 1707/2625/3962 1710/2631/3964 1443/2280/3965
f 1710/2631/3966 1711/2632/3966 1453/2293/3966
f 1710/2631/3967 1449/2287/3967 1443/2280/3967
f 1453/2293/3968 1449/2287/3968 1710/2631/3968
f 1715/2633/3969 1708/2634/3970 1706/2627/3329
f 1706/2291/3329 1452/2292/3331 1715/2635/3969
f 1715/2635/3971 1452/2292/3972 1457/2302/3973
f 1710/2631/3974 1717/2636/3974 1711/2632/3974
f 1711/2632/3975 1712/2637/3976 1453/2293/3977
f 1712/2638/3978 1713/2295/3339 1453/2294/3337
f 1712/2638/3978 1718/2639/3979 1713/2295/3339
f 1713/2296/3341 1719/2640/3980 1454/2288/3320
f 1455/2289/3348 1460/2306/3981 1714/2301/3349
f 1714/2301/3346 1716/2303/3982 1451/2286/3327
f 1457/2302/3973 1723/2641/3983 1715/2635/3971
f 1709/2630/3984 1717/2636/3985 1710/2631/3986
f 1711/2632/3975 1717/2636/3987 1712/2637/3976
f 1719/2640/3980 1713/2296/3341 1718/2642/3988
f 1454/2288/3323 1719/2640/3989 1458/2304/3352
f 1460/2306/3981 1720/2643/3990 1714/2301/3349
f 1720/2643/3990 1460/2306/3981 1721/2644/3991
f 1722/2645/3992 1714/2301/3346 1720/2643/3993
f 1714/2301/3346 1722/2645/3992 1716/2303/3982
f 1715/2635/3994 1723/2641/3995 1947/2646/3996
f 1716/2303/3997 1722/2645/3998 1723/2641/3999
f 1716/2303/3997 1723/2641/3999 1457/2302/4000
f 1709/2630/3984 1724/2647/4001 1717/2636/3985
f 1717/2636/4002 1724/2647/4002 1725/2648/4002
f 1712/2637/3976 1717/2636/3987 1725/2648/4003
f 1712/2638/3978 1726/2649/4004 1718/2639/3979
f 1726/2649/4004 1712/2638/3978 1725/2650/4005
f 1718/2642/4006 1726/2651/4007 1727/2652/4008
f 1718/2642/4006 1727/2652/4008 1719/2640/4009
f 1719/2640/3989 1727/2652/4010 1458/2304/3352
f 1458/2304/3353 1463/2317/4011 1462/2307/3359
f 1730/2653/4012 1720/2643/4012 1728/2654/4012
f 1720/2643/3990 1721/2644/3991 1728/2654/4013
f 1469/2655/4014 1721/2309/3366 1461/2298/3343
f 1721/2644/3366 1469/2310/4014 1728/2654/4015
f 1720/2643/3993 1729/2656/4016 1722/2645/3992
f 1723/2641/3995 1731/2657/4017 1947/2646/3996
f 1729/2656/4018 1731/2657/4018 1722/2645/4018
f 1722/2645/3998 1731/2657/4019 1723/2641/3999
f 1727/2652/4020 1463/2317/4011 1458/2304/3353
f 1720/2643/3993 1730/2653/4021 1729/2656/4016
f 1726/2649/4022 1725/2650/4023 1732/2658/4024
f 1726/2651/4025 1736/2659/4026 1727/2652/4027
f 1726/2651/4025 1732/2660/4028 1736/2659/4026
f 1463/2317/4011 1727/2652/4020 1737/2661/4029
f 1728/2662/4015 1469/2663/4014 1733/2664/4030
f 1733/2664/4030 1469/2663/4014 1475/2665/4031
f 1729/2656/4032 1730/2653/4033 1734/2666/4034
f 1732/2658/4024 1725/2650/4023 1735/2667/4035
f 1728/2654/4036 1738/2668/4037 1730/2653/4038
f 1728/2654/4036 1733/2669/4039 1738/2668/4037
f 1730/2653/4033 1738/2668/4040 1734/2666/4034
f 1740/2670/4041 1739/2671/4042 1735/2667/4035
f 1735/2667/4035 1739/2671/4042 1732/2658/4024
f 1732/2660/4028 1739/2672/4043 1736/2659/4026
f 1750/2673/4044 1727/2652/4045 1736/2659/4026
f 1727/2652/4046 1750/2673/4047 1737/2661/4046
f 1737/2661/4029 1741/2674/4048 1480/2328/4049
f 1480/2328/4049 1463/2317/4011 1737/2661/4029
f 1733/2669/4039 1742/2675/4050 1738/2668/4037
f 1742/2675/4051 1734/2666/4034 1738/2668/4040
f 1737/2661/4046 1750/2673/4047 1741/2674/4052
f 1742/2675/4051 1743/2676/4053 1734/2666/4034
f 1739/2671/4042 1740/2670/4041 1744/2677/4054
f 1744/2678/4055 1750/2673/4044 1736/2659/4026
f 1736/2659/4026 1739/2672/4043 1744/2678/4055
f 1475/2665/4031 1747/2679/4056 1733/2664/4030
f 1742/2675/4051 1746/2680/4057 1743/2676/4053
f 1742/2675/4058 1745/2681/4059 1746/2680/4060
f 1742/2675/4061 1733/2669/4062 1747/2682/4063
f 1747/2679/4056 1475/2665/4031 1485/2683/4064
f 1480/2328/4049 1741/2674/4048 1486/2333/4065
f 1742/2675/4061 1747/2682/4063 1745/2681/4066
f 1743/2676/4053 1746/2680/4057 1748/2684/4067
f 1961/2685/4068 1743/2676/4069 1748/2684/4070
f 1740/2670/4041 1749/2686/4071 1744/2677/4054
f 1749/2687/4072 1750/2673/4044 1744/2678/4055
f 1486/2333/4065 1741/2674/4048 1750/2673/4073
f 1753/2688/4074 1748/2684/4067 1746/2680/4057
f 1745/2681/4059 1753/2688/4075 1746/2680/4060
f 1740/2670/4041 1751/2689/4076 1749/2686/4071
f 1752/2690/4077 1751/2689/4076 1740/2670/4041
f 1755/2691/4078 1499/2342/4079 1750/2673/4073
f 1486/2333/4065 1750/2673/4073 1499/2342/4079
f 1745/2681/4059 1756/2692/4080 1753/2688/4075
f 1756/2692/4081 1747/2682/4063 1754/2693/4082
f 1745/2681/4066 1747/2682/4063 1756/2692/4081
f 1485/2683/4064 1754/2694/4083 1747/2679/4056
f 1749/2687/4072 1751/2695/4084 1750/2673/4044
f 1756/2692/4080 1757/2696/4085 1753/2688/4075
f 1753/2688/4074 1757/2696/4086 1748/2684/4067
f 1751/2695/4084 1762/2697/4087 1750/2673/4044
f 1756/2692/4081 1754/2693/4082 1759/2698/4088
f 1754/2694/4083 1485/2683/4064 1498/2699/4089
f 1748/2684/4067 1757/2696/4086 1760/2700/4090
f 1758/2701/4091 1751/2689/4076 1752/2690/4077
f 1751/2695/4084 1761/2702/4092 1762/2697/4087
f 1757/2696/4085 1756/2692/4080 1759/2698/4093
f 1759/2698/4088 1754/2693/4082 1764/2703/4094
f 1498/2699/4089 1764/2704/4095 1754/2694/4083
f 1763/2705/4096 1760/2700/4090 1757/2696/4086
f 1758/2701/4091 1761/2706/4097 1751/2689/4076
f 1759/2698/4093 1763/2705/4098 1757/2696/4085
f 1758/2701/4091 1767/2707/4099 1761/2706/4097
f 1499/2342/4079 1755/2691/4078 1765/2708/4100
f 1759/2698/4093 1766/2709/4101 1763/2705/4098
f 1764/2704/4095 1498/2699/4089 1510/2710/4102
f 1766/2709/4103 1760/2700/4090 1763/2705/4096
f 1760/2700/4090 1766/2709/4103 1768/2711/4104
f 1761/2702/4092 1767/2712/4105 1762/2697/4087
f 1769/2713/4106 1767/2707/4099 1758/2701/4091
f 1767/2707/4099 1769/2713/4106 1770/2714/4107
f 1750/2673/4108 1762/2697/4087 1771/2715/4109
f 1755/2691/4110 1750/2673/4111 1771/2715/4112
f 1499/2342/4079 1765/2708/4100 1506/2353/4113
f 1767/2712/4105 1770/2716/4114 1762/2697/4087
f 1755/2691/4110 1771/2715/4112 1765/2708/4115
f 1771/2715/4109 1762/2697/4087 1770/2716/4114
f 1775/2717/4116 1759/2698/4093 1776/2718/4117
f 1759/2698/4093 1775/2717/4116 1766/2709/4101
f 1759/2698/4088 1764/2703/4094 1776/2718/4118
f 1510/2710/4102 1772/2719/4119 1764/2704/4095
f 1773/2720/4120 1770/2714/4107 1769/2713/4106
f 1976/2721/4121 1773/2722/4122 1769/2723/4123
f 1773/2720/4120 1774/2724/4124 1770/2714/4107
f 1770/2716/4114 1774/2725/4125 1771/2715/4109
f 1776/2718/4118 1764/2703/4094 1772/2726/4126
f 1768/2711/4104 1766/2709/4103 1775/2717/4127
f 1775/2717/4116 1776/2718/4117 1772/2726/4128
f 1768/2711/4104 1775/2717/4127 1777/2727/4129
f 1773/2722/4122 1976/2721/4121 1778/2728/4130
f 1771/2715/4112 1780/2729/4131 1765/2708/4115
f 1774/2724/4124 1773/2720/4120 1779/2730/4132
f 1774/2725/4125 1779/2731/4133 1771/2715/4109
f 1765/2708/4100 1780/2729/4134 1506/2353/4113
f 1782/2732/4135 1775/2717/4116 1772/2726/4128
f 1518/2733/4136 1772/2719/4119 1510/2710/4102
f 1778/2734/4137 1779/2730/4132 1773/2720/4120
f 1779/2730/4132 1778/2734/4137 1781/2735/4138
f 1780/2729/4134 1519/2365/4139 1506/2353/4113
f 1518/2733/4136 1785/2736/4140 1772/2719/4119
f 1782/2732/4141 1777/2727/4129 1775/2717/4127
f 1781/2737/4142 1789/2738/4143 1779/2731/4133
f 1779/2731/4133 1789/2738/4143 1771/2715/4109
f 1782/2732/4141 1783/2739/4144 1777/2727/4129
f 1780/2729/4131 1771/2715/4112 1786/2740/4145
f 1771/2715/4112 1789/2738/4146 1786/2740/4145
f 1780/2729/4134 1786/2740/4147 1519/2365/4139
f 1782/2732/4135 1772/2726/4128 1785/2741/4148
f 1976/2721/4121 1792/2742/4149 1778/2728/4130
f 1785/2741/4148 1784/2743/4150 1782/2732/4135
f 1784/2743/4151 1783/2739/4144 1782/2732/4141
f 1781/2735/4138 1778/2734/4137 1787/2744/4152
f 1781/2737/4142 1787/2745/4153 1789/2738/4143
f 1785/2736/4140 1518/2733/4136 1532/2746/4154
f 1788/2747/4155 1783/2739/4144 1784/2743/4151
f 1786/2740/4147 1533/2383/4156 1519/2365/4139
f 1785/2741/4148 1788/2747/4157 1784/2743/4150
f 1785/2741/4148 1790/2748/4158 1788/2747/4157
f 1792/2749/4159 1787/2744/4152 1778/2734/4137
f 1787/2745/4153 1793/2750/4160 1789/2738/4143
f 1793/2750/4161 1794/2751/4162 1789/2738/4163
f 1786/2740/4164 1789/2738/4164 1794/2751/4164
f 1532/2382/4154 1790/2748/4165 1785/2741/4140
f 1788/2747/4155 1791/2752/4166 1783/2739/4144
f 1792/2749/4159 1793/2753/4167 1787/2744/4152
f 1794/2751/4168 1795/2754/4168 1786/2740/4168
f 1786/2740/4169 1795/2754/4170 1537/2384/4171
f 1533/2383/4172 1786/2740/4169 1537/2384/4171
f 1788/2747/4157 1790/2748/4158 1800/2755/4173
f 1800/2755/4174 1790/2748/4175 1797/2756/4176
f 1532/2757/4177 1797/2758/4177 1790/2759/4177
f 1796/2760/4178 1791/2752/4166 1788/2747/4155
f 1792/2749/4159 1798/2761/4179 1793/2753/4167
f 1794/2751/4180 1798/2762/4181 1795/2754/4182
f 1798/2762/4183 1794/2751/4162 1793/2750/4161
f 1539/2386/4184 1537/2384/4171 1795/2754/4170
f 1799/2763/4185 1539/2386/4184 1795/2754/4170
f 1800/2755/4186 1796/2760/4187 1788/2747/4188
f 1797/2756/4189 1532/2382/4190 1544/2392/4191
f 1792/2749/4159 1803/2764/4192 1798/2761/4179
f 1797/2756/4176 1801/2765/4193 1800/2755/4174
f 1802/2766/4194 1801/2765/4193 1797/2756/4176
f 1797/2756/4189 1544/2392/4191 1802/2766/4195
f 1548/2401/4196 1802/2766/4195 1544/2392/4191
f 1796/2760/4178 1806/2767/4197 1791/2752/4166
f 1988/2768/4198 1791/2752/4199 1806/2767/4200
f 1798/2761/4179 1803/2764/4192 1804/2769/4201
f 1804/2770/4202 1805/2771/4203 1795/2754/4182
f 1798/2762/4181 1804/2770/4202 1795/2754/4182
f 1795/2754/4204 1805/2771/4205 1799/2763/4185
f 1549/2395/4206 1799/2763/4185 1805/2771/4205
f 1539/2386/4184 1799/2763/4185 1549/2395/4206
f 1801/2765/4207 1796/2760/4187 1800/2755/4186
f 1792/2749/4159 1810/2772/4208 1803/2764/4192
f 1807/2773/4209 1805/2771/4209 1804/2770/4209
f 1807/2773/4210 1811/2774/4210 1805/2771/4210
f 1805/2771/4211 1811/2774/4212 1549/2395/4213
f 1549/2395/4213 1811/2774/4212 1557/2403/4214
f 1796/2760/4187 1801/2765/4207 1808/2775/4215
f 1801/2765/4193 1809/2776/4216 1808/2775/4217
f 1809/2776/4216 1801/2765/4193 1802/2766/4194
f 1548/2777/4196 1809/2778/4218 1802/2779/4195
f 1806/2767/4197 1796/2760/4178 1808/2775/4219
f 1804/2769/4201 1803/2764/4192 1814/2780/4220
f 1813/2781/4221 1548/2401/4196 1561/2413/4222
f 1809/2776/4223 1812/2782/4223 1808/2775/4223
f 1809/2776/4224 1813/2781/4225 1812/2782/4226
f 1809/2778/4218 1548/2777/4196 1813/2783/4221
f 1803/2764/4192 1810/2772/4208 1814/2780/4220
f 1814/2780/4227 1807/2784/4227 1804/2769/4227
f 1811/2774/4228 1807/2773/4229 1814/2785/4230
f 1814/2785/4230 1815/2786/4231 1811/2774/4228
f 1811/2774/4212 1815/2786/4232 1563/2414/4233
f 1811/2774/4212 1563/2414/4233 1557/2403/4214
f 1813/2781/4221 1561/2413/4222 1571/2422/4234
f 1812/2782/4235 1816/2787/4235 1808/2775/4235
f 1812/2782/4226 1813/2781/4225 1818/2788/4236
f 1816/2787/4237 1806/2767/4197 1808/2775/4219
f 1814/2785/4238 1819/2789/4239 1817/2790/4240
f 1814/2785/4241 1817/2790/4241 1815/2786/4241
f 1815/2786/4232 1817/2790/4242 1563/2414/4233
f 1571/2422/4234 1818/2788/4243 1813/2781/4221
f 1812/2782/4244 1818/2788/4245 1816/2787/4246
f 1814/2780/4220 1810/2772/4208 1819/2791/4247
f 1820/2792/4248 1817/2790/4240 1819/2789/4239
f 1817/2790/4242 1820/2792/4249 1574/2425/4250
f 1817/2790/4242 1574/2425/4250 1563/2414/4233
f 1821/2793/4251 1826/2794/4252 1818/2788/4253
f 1818/2788/4254 1572/2423/4255 1821/2793/4256
f 1583/2795/4257 1821/2796/4256 1572/2797/4255
f 1818/2788/4254 1571/2422/4258 1572/2423/4255
f 1806/2767/4197 1816/2787/4237 1822/2798/4259
f 1822/2798/4260 1816/2787/4260 1826/2794/4260
f 1826/2794/4261 1816/2787/4246 1818/2788/4245
f 1806/2767/4200 1823/2799/4262 1988/2768/4198
f 1820/2792/4248 1819/2789/4239 1824/2800/4263
f 1825/2801/4264 1820/2792/4265 1824/2800/4266
f 1574/2425/4250 1820/2792/4249 1825/2801/4267
f 1583/2795/4257 1831/2802/4268 1821/2796/4256
f 1831/2803/4268 1583/2431/4257 1584/2436/4269
f 1810/2772/4208 1829/2804/4270 1819/2791/4247
f 1830/2805/4271 1819/2789/4271 1829/2806/4271
f 1828/2807/4272 1829/2804/4270 1810/2772/4208
f 1824/2800/4273 1819/2789/4273 1830/2805/4273
f 1825/2801/4264 1824/2800/4266 1830/2805/4274
f 1585/2433/4275 1574/2425/4250 1825/2801/4267
f 1821/2793/4251 1831/2803/4276 1826/2794/4252
f 1584/2436/4269 1833/2808/4277 1831/2803/4268
f 1833/2808/4277 1584/2436/4269 1595/2449/4278
f 1822/2798/4259 1827/2809/4279 1806/2767/4197
f 1827/2809/4280 1823/2799/4262 1806/2767/4200
f 1830/2805/4274 1837/2810/4281 1832/2811/4282
f 1825/2801/4264 1830/2805/4274 1832/2811/4282
f 1825/2801/4267 1832/2811/4283 1585/2433/4275
f 1833/2808/4284 1826/2794/4252 1831/2803/4276
f 1833/2808/4285 1822/2798/4285 1826/2794/4285
f 1833/2808/4286 1834/2812/4286 1822/2798/4286
f 1834/2812/4287 1833/2808/4288 1835/2813/4289
f 1835/2813/4290 1833/2808/4277 1595/2449/4278
f 1822/2798/4259 1836/2814/4291 1827/2809/4279
f 1839/2815/4292 1829/2804/4270 1828/2807/4272
f 1829/2806/4293 1837/2810/4293 1830/2805/4293
f 1832/2811/4282 1837/2810/4281 1840/2816/4294
f 1832/2811/4283 1599/2452/4295 1585/2433/4275
f 1834/2812/4296 1836/2814/4296 1822/2798/4296
f 1611/2817/4297 1835/2818/4290 1595/2819/4278
f 1838/2820/4298 1839/2815/4292 1828/2807/4272
f 1837/2810/4281 1829/2806/4299 1840/2816/4294
f 1829/2806/4300 1841/2821/4300 1840/2816/4300
f 1840/2816/4301 1599/2452/4295 1832/2811/4283
f 1842/2822/4302 1834/2812/4287 1835/2813/4289
f 1611/2817/4297 1842/2823/4303 1835/2818/4290
f 1842/2822/4304 1836/2814/4305 1834/2812/4306
f 1827/2809/4280 1996/2824/4307 1823/2799/4262
f 1829/2806/4308 1843/2825/4309 1841/2821/4310
f 1841/2821/4311 1599/2452/4295 1840/2816/4301
f 1842/2822/4304 1844/2826/4312 1836/2814/4305
f 1842/2822/4313 1845/2827/4314 1844/2826/4315
f 1842/2823/4303 1611/2817/4297 1845/2828/4316
f 1611/2817/4297 1615/2829/4317 1845/2828/4316
f 1846/2830/4318 1996/2824/4307 1827/2809/4280
f 1838/2820/4298 1828/2807/4272 1850/2831/4319
f 1839/2815/4292 1847/2832/4320 1829/2804/4270
f 1843/2825/4309 1829/2806/4308 1847/2833/4321
f 1848/2834/4322 1841/2821/4323 1843/2825/4324
f 1599/2452/4295 1841/2821/4311 1616/2465/4325
f 1841/2821/4311 1848/2834/4326 1616/2465/4325
f 1844/2826/4327 1849/2835/4328 1836/2814/4329
f 1836/2814/4291 1849/2835/4330 1827/2809/4279
f 1851/2836/4331 1843/2825/4332 1853/2837/4333
f 1848/2834/4322 1843/2825/4324 1851/2836/4334
f 1848/2834/4326 1623/2485/4335 1616/2465/4325
f 1844/2826/4327 1852/2838/4336 1849/2835/4328
f 1845/2827/4314 1854/2839/4337 1844/2826/4315
f 1631/2840/4338 1854/2841/4339 1845/2828/4316
f 1845/2828/4316 1615/2829/4317 1631/2840/4338
f 1847/2832/4320 1839/2815/4292 1853/2842/4340
f 1847/2833/4321 1853/2837/4341 1843/2825/4309
f 1623/2485/4335 1848/2834/4326 1851/2836/4342
f 1854/2841/4339 1631/2840/4338 1634/2843/4343
f 1852/2838/4336 1856/2844/4344 1849/2835/4328
f 1852/2838/4345 1844/2826/4346 1854/2839/4347
f 1827/2809/4279 1849/2835/4330 1846/2830/4348
f 1856/2844/4349 1846/2830/4348 1849/2835/4330
f 1860/2845/4350 1838/2820/4298 1850/2831/4319
f 1838/2820/4298 1860/2845/4350 1839/2815/4292
f 1853/2837/4351 1839/2846/4351 1855/2847/4351
f 1839/2815/4352 1860/2845/4353 1855/2848/4354
f 1855/2847/4355 1851/2836/4331 1853/2837/4333
f 1863/2849/4356 1851/2836/4331 1855/2847/4355
f 1863/2849/4357 1636/2505/4358 1851/2836/4342
f 1851/2836/4342 1636/2505/4358 1623/2485/4335
f 1857/2850/4359 1856/2844/4344 1852/2838/4336
f 1854/2839/4347 1857/2850/4360 1852/2838/4345
f 1857/2850/4360 1854/2839/4347 1858/2851/4361
f 1634/2843/4343 1858/2852/4362 1854/2841/4339
f 1855/2848/4363 1861/2853/4364 1862/2854/4365
f 1863/2849/4356 1855/2847/4355 1862/2855/4366
f 1867/2856/4367 1858/2851/4362 1634/2504/4343
f 1645/2516/4368 1867/2856/4367 1634/2504/4343
f 1864/2857/4369 1856/2844/4344 1857/2850/4359
f 1857/2850/4360 1858/2851/4361 1864/2857/4370
f 2004/2858/4371 1880/2859/4372 1850/2831/4319
f 1850/2831/4319 1880/2859/4372 1860/2845/4350
f 1855/2848/4354 1860/2845/4353 1861/2853/4373
f 1861/2860/4364 1870/2861/4374 1862/2855/4365
f 1860/2845/4353 1870/2862/4375 1861/2853/4373
f 1865/2863/4376 1863/2849/4376 1862/2855/4376
f 1642/2515/4377 1863/2849/4357 1865/2863/4378
f 1636/2505/4358 1863/2849/4357 1642/2515/4377
f 1864/2857/4370 1858/2851/4361 1867/2856/4379
f 1867/2856/4379 1866/2864/4380 1864/2857/4370
f 1864/2857/4369 1868/2865/4369 1856/2844/4344
f 1868/2865/4381 1864/2857/4381 1866/2864/4381
f 1859/2866/4382 1846/2830/4383 1869/2867/4384
f 2004/2858/4371 1879/2868/4385 1880/2859/4372
f 1862/2855/4386 1870/2861/4386 1865/2863/4386
f 1865/2863/4387 1870/2861/4387 1874/2869/4387
f 1645/2870/4388 1871/2871/4389 1867/2872/4390
f 1872/2873/4391 1868/2865/4392 1866/2864/4393
f 1866/2864/4380 1867/2856/4379 1872/2873/4394
f 1872/2873/4394 1867/2856/4379 1871/2874/4395
f 1856/2844/4349 1869/2867/4396 1846/2830/4348
f 1874/2875/4397 1870/2876/4397 1875/2877/4397
f 1865/2863/4398 1874/2869/4399 1876/2878/4400
f 1874/2869/4399 1875/2879/4401 1876/2878/4400
f 1876/2878/4402 1642/2515/4403 1865/2863/4404
f 1876/2878/4402 1650/2523/4405 1642/2515/4403
f 1868/2865/4392 1872/2873/4391 1877/2880/4406
f 1877/2880/4406 1878/2881/4407 1868/2865/4392
f 1871/2874/4395 1877/2880/4408 1872/2873/4394
f 1645/2516/4388 1653/2522/4409 1871/2874/4389
f 1856/2844/4410 1868/2865/4410 1878/2881/4410
f 1856/2844/4349 1878/2881/4411 1869/2867/4396
f 1873/2882/4412 1879/2868/4385 2004/2858/4371
f 1860/2845/4353 1880/2859/4413 1870/2862/4375
f 1880/2859/4413 1881/2883/4414 1870/2862/4375
f 1881/2884/4415 1875/2879/4401 1870/2861/4416
f 1875/2879/4401 1881/2884/4415 1876/2878/4400
f 1876/2878/4417 1881/2884/4418 1882/2885/4419
f 1883/2886/4420 1876/2878/4420 1882/2885/4420
f 1883/2887/4421 1882/2888/4421 1884/2889/4421
f 1650/2530/4422 1876/2890/4422 1883/2887/4422
f 1654/2531/4423 1883/2887/4424 1884/2889/4425
f 1883/2887/4424 1654/2531/4423 1650/2530/4426
f 1884/2889/4427 1655/2529/4427 1654/2531/4427
f 1657/2891/4428 1889/2892/4429 1885/2893/4430
f 1657/2891/4431 1655/2529/4432 1884/2889/4433
f 1657/2891/4431 1884/2889/4433 1889/2892/4434
f 1885/2893/4430 1659/2894/4435 1657/2891/4428
f 1871/2874/4436 1885/2895/4436 1890/2896/4436
f 1890/2896/4437 1885/2895/4437 1889/2897/4437
f 1877/2880/4438 1871/2874/4438 1890/2896/4438
f 1653/2898/4439 1659/2894/4440 1885/2893/4441
f 1885/2893/4441 1871/2899/4442 1653/2898/4439
f 1877/2880/4406 1890/2896/4443 1878/2881/4407
f 1878/2881/4411 1888/2900/4444 1869/2867/4396
f 1869/2867/4384 1893/2901/4445 1859/2866/4382
f 1881/2883/4414 1880/2859/4413 1887/2902/4446
f 1884/2903/4447 1882/2904/4419 1887/2902/4448
f 1881/2883/4418 1887/2902/4448 1882/2904/4419
f 1889/2897/4449 1888/2900/4450 1890/2896/4443
f 1887/2902/4451 1888/2900/4451 1889/2897/4451
f 1884/2903/4452 1887/2902/4452 1889/2897/4452
f 1890/2896/4443 1888/2900/4450 1878/2881/4407
f 1888/2900/4444 1891/2905/4453 1869/2867/4396
f 1879/2868/4385 1886/2906/4454 1880/2859/4372
f 1886/2906/4454 1888/2900/4444 1880/2859/4372
f 1888/2900/4455 1887/2902/4446 1880/2859/4413
f 1879/2868/4385 1892/2907/4456 1886/2906/4454
f 1886/2906/4454 1891/2905/4453 1888/2900/4444
f 1869/2867/4396 1891/2905/4453 1893/2901/4457
f 1873/2882/4412 1892/2907/4456 1879/2868/4385
f 1886/2906/4458 1892/2907/4459 1898/2908/4460
f 2013/2909/4461 1895/2910/4462 1892/2911/4463
f 2013/2909/4461 2018/2912/4464 1895/2910/4462
f 2018/2913/4465 1896/2914/4465 1895/2915/4465
f 2018/2913/4466 1894/2916/4466 1896/2914/4466
f 1894/2916/4467 1897/2917/4468 1896/2914/4469
f 1897/2917/4468 1894/2916/4467 1915/2918/4470
f 1898/2908/4460 1892/2907/4459 1895/2919/4471
f 1895/2915/4472 1896/2914/4473 1900/2920/4474
f 1896/2914/4475 1897/2917/4476 1900/2920/4477
f 1895/2919/4471 1902/2921/4478 1898/2908/4460
f 1895/2915/4472 1900/2920/4474 1902/2922/4479
f 1899/2923/4480 1900/2920/4477 1897/2917/4476
f 1898/2908/4460 1901/2924/4481 1886/2906/4482
f 1898/2908/4460 1902/2921/4478 1901/2924/4481
f 1900/2920/4477 1899/2923/4480 1904/2925/4483
f 1902/2921/4478 1903/2926/4484 1901/2924/4481
f 1900/2920/4474 1903/2927/4485 1902/2922/4479
f 1900/2920/4477 1904/2925/4483 1903/2927/4486
f 1886/2906/4482 1901/2924/4481 1903/2926/4484
f 1904/2925/4483 1906/2928/4487 1903/2927/4486
f 1903/2926/4484 1891/2905/4488 1886/2906/4482
f 1905/2929/4489 1906/2928/4490 1904/2925/4491
f 1903/2927/4486 1906/2928/4487 1907/2930/4492
f 1891/2905/4488 1903/2926/4484 1907/2931/4493
f 1907/2930/4492 1906/2928/4487 1908/2932/4494
f 1907/2931/4493 1893/2901/4495 1891/2905/4488
f 2014/2933/4496 1893/2901/4497 1907/2931/4498
f 1908/2932/4494 1909/2934/4499 1907/2930/4492
f 2014/2933/4496 1907/2931/4498 2015/2935/4500
f 1907/2931/4498 2020/2936/4501 2015/2935/4500
f 1907/2930/4502 1909/2934/4502 2020/2937/4502
f 1909/2934/4503 1910/2938/4503 2020/2937/4503
f 1909/2934/4499 1908/2932/4494 1910/2938/4504
f 1910/2938/4505 1908/2932/4506 1911/2939/4507
f 1914/2940/4508 1894/2916/4508 2016/2941/4508
f 1915/2942/4509 1894/2943/4509 1914/2944/4509
f 1912/2945/4510 1915/2942/4511 1914/2944/4512
f 1915/2942/4511 1912/2945/4510 1684/2536/4513
f 1915/2918/4470 1660/2946/4514 1897/2917/4468
f 1684/2536/4515 1660/2538/4515 1915/2942/4515
f 1662/2947/4516 1897/2917/4517 1660/2946/4518
f 1897/2917/4517 1664/2948/4519 1899/2923/4520
f 1662/2947/4516 1664/2948/4519 1897/2917/4517
f 1664/2948/4519 1904/2925/4491 1899/2923/4520
f 1904/2925/4491 1664/2948/4519 1668/2949/4521
f 1905/2929/4489 1668/2949/4521 1673/2950/4522
f 1904/2925/4491 1668/2949/4521 1905/2929/4489
f 1905/2929/4489 1673/2950/4522 1906/2928/4490
f 1676/2951/4523 1906/2928/4490 1673/2950/4522
f 1676/2951/4523 1908/2932/4524 1906/2928/4490
f 1908/2932/4524 1676/2951/4523 1678/2952/4525
f 1908/2932/4506 1678/2952/4526 1911/2939/4507
f 1911/2953/4527 1678/2558/4527 1681/2561/4527
f 1910/2938/4528 1917/2954/4528 2021/2955/4528
f 1910/2938/4529 1911/2939/4529 1917/2954/4529
f 1917/2956/4530 1911/2953/4531 1916/2957/4532
f 1681/2561/4533 1916/2957/4532 1911/2953/4531
f 1916/2958/4534 1681/2589/3896 1697/2595/3895
f 1682/2562/4535 1918/2564/4536 2024/2959/4537
f 1912/2945/4538 1913/2960/4538 1684/2536/4538
f 1684/2566/4539 1913/2961/4540 1685/2563/4541
f 1918/2564/4542 1685/2563/4541 1913/2961/4540
f 1919/2592/3892 1916/2962/4543 1697/2593/3893
f 2024/2959/4544 2176/2963/4545 1682/2562/4546
f 1682/2562/4546 2176/2963/4545 1699/2598/4547
f 1375/2185/4548 1699/2182/4549 1920/2602/4550
f 1700/2601/4551 1701/1313/4552 1922/1314/4553
f 1920/2602/3912 2025/2964/4554 1388/2208/3913
f 1388/2208/4555 2025/2964/4555 201/347/4555
f 1391/1900/2622 1398/2220/4556 1926/2965/4557
f 2031/2966/4558 1925/2967/4558 1924/2608/4558
f 1702/2607/4559 1924/2608/4559 1925/2967/4559
f 1923/2605/3924 1395/2217/3161 2580/2603/4560
f 1398/2220/4561 1927/2609/4561 1926/2965/4561
f 1928/2610/4562 2036/2968/4562 1927/2609/4562
f 1928/2969/4563 1929/2970/4563 1930/2971/4563
f 1928/2612/4564 1932/2611/4564 1929/2972/4564
f 1925/2967/4565 1933/2615/3935 1702/2607/3934
f 1925/2967/4565 1931/2973/4566 1933/2615/3935
f 1934/2974/4567 1930/2971/4567 1929/2970/4567
f 1934/2974/4568 1929/2970/4568 1935/2975/4568
f 1929/2972/4569 1932/2611/4569 1935/2616/4569
f 1933/2615/3935 1931/2973/4566 1703/2229/4570
f 1936/2976/4571 1934/2974/4572 1935/2975/4573
f 1931/2973/4574 1937/2618/3945 1703/2229/3944
f 1936/2976/4571 1938/2977/4575 2053/2978/4576
f 1704/2230/3946 1938/2620/3948 1936/2617/4577
f 1415/2619/4578 1939/2624/3954 1938/2620/4579
f 1407/2233/3951 1937/2618/4580 1940/2621/3949
f 1425/2622/3952 1939/2624/3954 1415/2619/4578
f 1423/2251/3950 1940/2621/3949 1434/2267/3955
f 1941/2979/4581 1939/2624/3954 1438/2623/3953
f 1940/2621/3949 1942/2629/4582 1705/2279/3956
f 2076/2980/4583 2073/2981/4584 1941/2982/4585
f 1438/2623/3953 2076/2983/4586 1941/2979/4581
f 1706/2627/4587 2076/2983/4588 1438/2623/4589
f 1942/2629/3961 1707/2625/3960 1705/2279/4590
f 1706/2627/4587 1944/2984/4591 2076/2983/4588
f 1707/2625/3960 1943/2628/3959 1709/2630/4592
f 1708/2634/3970 1944/2984/4591 1706/2627/4587
f 1943/2985/4593 2086/2986/4593 2094/2987/4593
f 1943/2628/3959 2094/2988/4594 1709/2630/4592
f 2094/2988/4594 1945/2989/4595 1709/2630/4592
f 1708/2634/3970 2091/2990/4596 1944/2984/4591
f 1947/2991/4597 1708/2634/3970 1715/2633/3969
f 2094/2988/4594 1946/2992/4598 1945/2989/4595
f 1945/2989/4599 1724/2647/4001 1709/2630/3984
f 2091/2990/4596 1708/2634/3970 1947/2991/4597
f 1945/2989/4595 1946/2992/4598 1948/2993/4600
f 1724/2647/4601 1945/2989/4601 1948/2993/4601
f 1724/2647/4602 1948/2993/4602 1725/2648/4602
f 2091/2990/4603 1947/2991/4603 1949/2994/4603
f 1949/2995/4604 1947/2646/4604 1731/2657/4604
f 1946/2992/4605 1951/2996/4606 1948/2993/4607
f 1946/2992/4605 1950/2997/4608 1951/2996/4606
f 1948/2993/4609 1735/2998/4610 1725/2648/4611
f 1952/2999/4612 2091/2990/4613 1949/2994/4614
f 1952/2999/4612 2104/3000/4615 2091/2990/4613
f 1954/3001/4616 1948/2993/4617 1951/2996/4618
f 1729/2656/4619 1734/2666/4620 1731/2657/4621
f 1953/3002/4622 1949/2995/4623 1731/2657/4624
f 1953/3002/4622 1952/3003/4625 1949/2995/4623
f 1731/2657/4621 1734/2666/4620 1953/3002/4626
f 1950/2997/4608 1955/3004/4627 1951/2996/4606
f 1735/2998/4610 1948/2993/4609 1954/3001/4628
f 1743/2676/4629 1953/3002/4626 1734/2666/4620
f 1951/2996/4606 1955/3004/4627 1962/3005/4630
f 1735/2998/4610 1954/3001/4628 1740/3006/4631
f 1955/3004/4627 1957/3007/4632 1962/3005/4630
f 1958/3008/4633 1951/2996/4606 1962/3005/4630
f 1958/3008/4634 1954/3001/4616 1951/2996/4618
f 1954/3001/4616 1958/3008/4634 1960/3009/4635
f 1954/3001/4628 1752/3010/4636 1740/3006/4631
f 1953/3002/4622 1959/3011/4637 1952/3003/4625
f 1965/3012/4638 1959/3011/4637 1953/3002/4622
f 1953/3002/4626 1743/2676/4629 1961/2685/4639
f 1961/2685/4639 1965/3012/4640 1953/3002/4626
f 1962/3005/4630 1957/3007/4632 1964/3013/4641
f 1752/3010/4636 1954/3001/4628 1960/3009/4642
f 1959/3014/4643 1956/3015/4644 1952/2999/4612
f 1962/3005/4630 1964/3013/4641 1958/3008/4633
f 1959/3014/4643 1963/3016/4645 1956/3015/4644
f 1958/3008/4633 1964/3013/4641 1966/3017/4646
f 1748/2684/4070 1965/3012/4647 1961/2685/4068
f 1964/3013/4641 1967/3018/4648 1966/3017/4646
f 1958/3008/4634 1966/3017/4649 1960/3009/4635
f 1960/3009/4635 1966/3017/4649 1971/3019/4650
f 1960/3009/4642 1758/3020/4651 1752/3010/4636
f 1748/2684/4070 1760/2700/4652 1965/3012/4647
f 1965/3012/4638 1968/3021/4653 1959/3011/4637
f 1968/3022/4654 1963/3016/4645 1959/3014/4643
f 1971/3019/4655 1758/3020/4651 1960/3009/4642
f 1758/3020/4651 1971/3019/4655 1769/2723/4656
f 1968/3022/4654 1970/3023/4657 1963/3016/4645
f 1760/2700/4652 1768/2711/4658 1965/3012/4647
f 1965/3012/4659 1768/2711/4660 1968/3021/4661
f 1967/3018/4648 1969/3024/4662 1966/3017/4646
f 1970/3023/4657 1968/3022/4654 1973/3025/4663
f 1969/3024/4662 1972/3026/4664 1966/3017/4646
f 1973/3025/4663 1968/3022/4654 1978/3027/4665
f 1972/3026/4664 1969/3024/4662 1974/3028/4666
f 1971/3019/4650 1966/3017/4649 1975/3029/4667
f 1975/3029/4668 1769/2723/4656 1971/3019/4655
f 1976/2721/4669 1769/2723/4656 1975/3029/4668
f 1768/2711/4670 1777/2727/4671 1977/3030/4672
f 1968/3021/4661 1768/2711/4660 1977/3030/4673
f 1981/3031/4674 1966/3017/4646 1972/3026/4664
f 1975/3029/4667 1966/3017/4649 1981/3031/4675
f 1777/2727/4671 1979/3032/4676 1977/3030/4672
f 1983/3033/4677 1978/3027/4665 1968/3022/4654
f 1977/3030/4678 1983/3034/4679 1968/3021/4680
f 1777/2727/4671 1783/2739/4681 1979/3032/4676
f 1973/3025/4663 1978/3027/4665 1982/3035/4682
f 1979/3032/4683 1983/3034/4679 1977/3030/4678
f 1972/3026/4664 1980/3036/4684 1981/3031/4674
f 1975/3029/4667 1981/3031/4675 1984/3037/4685
f 1975/3029/4668 1792/2742/4686 1976/2721/4669
f 1983/3033/4677 1982/3035/4682 1978/3027/4665
f 1983/3034/4679 1979/3032/4683 1985/3038/4687
f 1975/3029/4668 1984/3037/4688 1792/2742/4686
f 1983/3033/4677 2134/3039/4689 1982/3035/4682
f 1980/3036/4684 2144/3040/4690 1981/3031/4674
f 1783/2739/4681 1985/3038/4691 1979/3032/4676
f 1986/3041/4692 2134/3039/4689 1983/3033/4677
f 1783/2739/4681 1791/2752/4693 1985/3038/4691
f 1990/3042/4694 1792/2742/4686 1984/3037/4688
f 2144/3040/4690 2159/3043/4695 1981/3031/4674
f 2159/3043/4695 1987/3044/4696 1981/3031/4674
f 1995/3045/4697 1981/3031/4674 1987/3044/4696
f 1981/3031/4675 1995/3045/4698 1984/3037/4685
f 1791/2752/4693 1988/2768/4699 1985/3038/4691
f 1991/3046/4700 1986/3041/4692 1983/3033/4677
f 1985/3038/4687 1991/3047/4701 1983/3034/4679
f 1989/3048/4702 1991/3047/4701 1985/3038/4687
f 1984/3037/4685 1995/3045/4698 1990/3042/4703
f 1990/3042/4694 1810/3049/4704 1792/2742/4686
f 1986/3041/4692 2165/3050/4705 2155/3051/4706
f 1988/2768/4699 1989/3048/4707 1985/3038/4691
f 2163/3052/4708 1987/3044/4696 2159/3043/4695
f 1991/3046/4700 2165/3050/4705 1986/3041/4692
f 2168/3053/4709 1992/3054/4710 1987/3044/4696
f 1992/3054/4710 1995/3045/4697 1987/3044/4696
f 1990/3042/4703 1995/3045/4698 1993/3055/4711
f 1993/3055/4712 1810/3049/4704 1990/3042/4694
f 1988/2768/4699 1823/2799/4713 1989/3048/4707
f 2168/3053/4709 2171/3056/4714 1992/3054/4710
f 2170/3057/4715 1991/3046/4700 1997/3058/4716
f 1991/3046/4717 1994/3059/4718 1997/3058/4719
f 1989/3048/4702 1994/3060/4720 1991/3047/4701
f 1993/3055/4712 1828/3061/4721 1810/3049/4704
f 1989/3048/4707 1823/2799/4713 1994/3060/4722
f 1994/3060/4722 1823/2799/4713 1996/2824/4723
f 1995/3045/4698 1999/3062/4724 1993/3055/4711
f 1997/3058/4719 1994/3059/4718 1998/3063/4725
f 1994/3060/4722 1996/2824/4723 2003/3064/4726
f 1999/3062/4724 2001/3065/4727 1993/3055/4711
f 2002/3066/4728 1828/3061/4721 1993/3055/4712
f 1993/3055/4729 2001/3065/4729 2002/3066/4729
f 1828/3061/4730 2002/3066/4730 1850/3067/4730
f 1846/2830/4318 2003/3064/4731 1996/2824/4307
f 2003/3064/4726 2006/3068/4732 1994/3060/4722
f 2001/3065/4733 1999/3062/4734 2000/3069/4735
f 2002/3066/4736 2004/3070/4737 1850/3067/4738
f 1998/3063/4725 1994/3059/4718 2006/3071/4739
f 1859/2866/4740 2006/3068/4732 2003/3064/4726
f 1859/2866/4740 2003/3064/4726 1846/2830/4741
f 1998/3063/4725 2006/3071/4739 2005/3072/4742
f 2002/3066/4736 1873/3073/4743 2004/3070/4737
f 2002/3066/4736 2001/3065/4744 1873/3073/4743
f 1893/2901/4745 2006/3068/4732 1859/2866/4740
f 2006/3068/4746 1893/2901/4746 2009/3074/4746
f 2005/3072/4742 2006/3071/4739 2572/3075/4747
f 2007/3076/4748 2001/3065/4733 2000/3069/4735
f 2011/3077/4749 2007/3076/4750 2000/3069/4751
f 2001/3065/4752 2007/3076/4752 2008/3078/4752
f 1873/3073/4743 2001/3065/4744 2008/3078/4753
f 2572/3075/4747 2006/3071/4739 2010/3079/4754
f 2009/3074/4755 2010/3080/4755 2006/3068/4755
f 2012/3081/4756 2010/3080/4757 2009/3074/4758
f 1893/2901/4759 2012/3081/4759 2009/3074/4759
f 1873/3073/4743 2008/3078/4753 1892/2911/4760
f 2007/3076/4761 2013/2909/4761 2008/3078/4761
f 2013/2909/4762 1892/2911/4760 2008/3078/4753
f 2012/3081/4763 1893/2901/4763 2014/2933/4763
f 2015/2935/4764 2010/3080/4757 2012/3081/4756
f 2012/3081/4765 2014/2933/4765 2015/2935/4765
f 2007/3076/4766 2017/3082/4766 2018/2912/4766
f 2013/2909/4767 2007/3076/4767 2018/2912/4767
f 2017/3083/4768 1894/2916/4769 2018/2913/4770
f 2017/3083/4768 2016/2941/4771 1894/2916/4769
f 2020/3084/4772 2019/3085/4772 2015/3086/4772
f 2015/2935/4764 2019/3087/4773 2010/3080/4757
f 2021/2955/4774 2020/2937/4775 1910/2938/4776
f 2016/3088/4777 2174/3089/4778 1914/2944/4779
f 1912/2945/4780 1914/2944/4781 2022/3090/4782
f 1912/2945/4783 2022/3090/4784 1913/2960/4785
f 2023/3091/4786 2175/3092/4787 1916/3093/4788
f 2175/3092/4789 2021/3094/4790 1917/3095/4791
f 1917/3095/4792 1916/3093/4788 2175/3092/4787
f 2024/2959/4537 1918/2564/4536 2177/3096/4793
f 2022/3090/4784 2177/3097/4794 1913/2960/4785
f 1918/2564/4795 1913/2961/4795 2177/3096/4795
f 1919/3098/4796 2178/3099/4796 1916/3093/4796
f 2179/3100/4797 2178/3101/4798 1919/2596/4799
f 1919/2596/3900 1698/2597/3902 2181/3102/4800
f 1920/2602/4550 1699/2182/4549 2180/3103/4801
f 1698/2597/4802 1921/2599/4802 2181/3102/4802
f 1700/2601/4803 2181/3104/4804 1921/3105/4805
f 2180/3103/4801 2512/349/4806 1920/2602/4550
f 1920/2602/3912 2512/349/425 2025/2964/4554
f 2313/3106/4807 1391/1900/2622 1926/2965/4557
f 2028/3107/4808 2026/3108/4808 2030/3109/4808
f 2029/3110/4809 2030/3109/4809 2026/3108/4809
f 2027/3111/4810 2031/3112/4811 2034/3113/4812
f 2031/3112/4811 2027/3111/4810 2028/3114/4813
f 2028/3114/4814 2030/3115/4814 2031/3112/4814
f 2033/3116/4815 2030/3109/4816 2032/3117/4817
f 2031/2966/4818 2030/3109/4818 2033/3116/4818
f 2027/3111/4819 2034/3113/4819 2580/2603/4819
f 2580/2603/4820 2034/3113/4820 1923/2605/4820
f 2034/3113/4821 1924/2604/4822 1923/2605/4823
f 2034/3113/4821 2031/3112/4824 1924/2604/4822
f 2033/3116/4825 1925/2967/4825 2031/2966/4825
f 1926/2965/4826 2036/2968/4826 2035/3118/4826
f 1926/2965/4827 1927/2609/4827 2036/2968/4827
f 2036/2968/4828 1928/2610/4828 2037/3119/4828
f 1928/2969/4829 1930/2971/4829 2037/3120/4829
f 2038/3121/4830 2039/3122/4830 2189/3123/4830
f 2040/3124/4831 2038/3125/4831 2035/3118/4831
f 2036/2968/4832 2040/3124/4832 2035/3118/4832
f 2039/3126/4833 2038/3127/4833 2041/3128/4833
f 2040/3124/4834 2036/2968/4834 2037/3119/4834
f 2041/3128/4835 2038/3127/4835 2040/3129/4835
f 2037/3120/4836 2042/3130/4836 2040/3129/4836
f 2040/3129/4837 2042/3130/4837 2041/3128/4837
f 2042/3130/4838 2037/3120/4838 1930/2971/4838
f 2029/3110/4839 2032/3117/4840 2030/3109/4841
f 2046/3131/4842 2029/3110/4839 2045/3132/4843
f 2029/3110/4844 2043/3133/4844 2044/3134/4844
f 2044/3134/4845 2045/3132/4845 2029/3110/4845
f 2029/3110/4839 2046/3131/4842 2032/3117/4840
f 2033/3116/4815 2032/3117/4817 2046/3131/4846
f 2041/3128/4847 2055/3135/4848 2039/3126/4849
f 2041/3128/4850 2042/3130/4851 2047/3136/4852
f 2050/3137/4853 2047/3136/4854 1930/2971/4855
f 1930/2971/4855 2047/3136/4854 2042/3130/4856
f 2046/3131/4846 2049/3138/4857 2033/3116/4815
f 2049/3138/4858 1925/2967/4859 2033/3116/4860
f 1934/2974/4861 2050/3137/4861 1930/2971/4861
f 2048/3139/4862 2055/3135/4848 2041/3128/4847
f 2047/3136/4852 2048/3139/4863 2041/3128/4850
f 2039/3122/4864 2198/3140/4865 2194/3141/4866
f 2055/3142/4867 2198/3140/4865 2039/3122/4864
f 2051/3143/4868 2046/3131/4868 2045/3132/4868
f 2049/3138/4857 2046/3131/4846 2051/3143/4869
f 1931/2973/4870 1925/2967/4859 2049/3138/4858
f 2044/3134/4871 2051/3143/4871 2045/3132/4871
f 2051/3143/4872 2052/3144/4873 2049/3138/4874
f 2052/3144/4875 1931/2973/4876 2049/3138/4877
f 1934/2974/4878 2053/2978/4878 2050/3137/4878
f 1936/2976/4571 2053/2978/4576 1934/2974/4572
f 2200/3145/4879 2054/3146/4880 2204/3147/4881
f 2055/3135/4882 2048/3139/4883 2047/3136/4884
f 2047/3136/4884 2054/3148/4885 2055/3135/4882
f 2047/3136/4886 2062/3149/4887 2054/3148/4888
f 2050/3137/4889 2053/2978/4889 2047/3136/4889
f 2051/3143/4890 2056/3150/4891 2057/3151/4892
f 2044/3134/4893 2056/3150/4891 2051/3143/4890
f 2051/3143/4872 2057/3151/4894 2052/3144/4873
f 2057/3151/4894 2058/3152/4895 2052/3144/4873
f 2052/3144/4875 2058/3152/4896 1937/2618/4897
f 1931/2973/4876 2052/3144/4875 1937/2618/4897
f 2053/2978/4898 2060/3153/4899 2062/3149/4900
f 2053/2978/4576 1938/2977/4575 2060/3153/4901
f 2060/3153/4901 1938/2977/4575 2059/3154/4902
f 2062/3149/4887 2061/3155/4903 2054/3148/4888
f 2053/2978/4898 2062/3149/4900 2047/3136/4904
f 1939/2624/4905 2059/3156/4906 1938/2620/4907
f 2062/3149/4908 2060/3153/4909 2064/3157/4910
f 2065/3158/4911 2058/3152/4912 2072/3159/4913
f 1937/2618/4914 2058/3152/4914 2065/3158/4914
f 2064/3157/4910 2063/3160/4915 2062/3149/4908
f 2061/3155/4916 2066/3161/4917 2207/3162/4918
f 1937/2618/4919 2065/3158/4920 1940/2621/4921
f 2067/3163/4922 2057/3151/4923 2056/3150/4924
f 2070/3164/4925 2057/3151/4923 2067/3163/4922
f 2070/3164/4926 2068/3165/4927 2057/3151/4928
f 2057/3151/4929 2072/3159/4930 2058/3152/4931
f 2057/3151/4929 2068/3165/4932 2072/3159/4930
f 2060/3153/4909 2069/3166/4933 2064/3157/4910
f 2059/3154/4934 2069/3166/4935 2060/3153/4936
f 1941/2979/4937 2059/3156/4906 1939/2624/4905
f 2063/3160/4915 2071/3167/4938 2062/3149/4939
f 2061/3155/4940 2062/3149/4940 2071/3167/4940
f 2061/3155/4941 2071/3167/4941 2077/3168/4941
f 2064/3157/4910 2071/3167/4938 2063/3160/4915
f 2059/3154/4934 2073/2981/4942 2069/3166/4935
f 2077/3168/4943 2066/3161/4917 2061/3155/4916
f 1941/2979/4937 2073/3169/4944 2059/3156/4906
f 2071/3167/4938 2064/3157/4910 2069/3166/4933
f 2074/3170/4945 2070/3164/4925 2067/3163/4922
f 2068/3165/4927 2070/3164/4926 2074/3170/4946
f 2068/3165/4932 2075/3171/4947 2072/3159/4930
f 2075/3171/4948 2065/3158/4911 2072/3159/4913
f 1940/2621/4921 2065/3158/4920 1942/2629/4949
f 2071/3167/4938 2069/3166/4933 2077/3168/4950
f 2077/3168/4943 2217/3172/4951 2066/3161/4917
f 2073/2981/4584 2076/2980/4583 2079/3173/4952
f 2079/3173/4953 2077/3168/4950 2069/3166/4933
f 2069/3166/4954 2073/2981/4954 2079/3173/4954
f 2084/3174/4955 2068/3165/4955 2074/3170/4955
f 2075/3171/4947 2068/3165/4932 2084/3174/4956
f 2084/3174/4956 2078/3175/4957 2075/3171/4947
f 1943/2628/4958 2065/3158/4959 2078/3175/4960
f 2065/3158/4959 2075/3171/4961 2078/3175/4960
f 1942/2629/4962 2065/3158/4962 1943/2628/4962
f 2079/3173/4963 2076/2980/4963 2081/3176/4963
f 1944/2984/4964 2081/3177/4965 2076/2983/4966
f 2083/3178/4967 2082/3179/4968 2077/3168/4969
f 2077/3168/4950 2079/3173/4953 2083/3178/4970
f 2217/3172/4971 2077/3168/4971 2082/3179/4971
f 2078/3175/4957 2084/3174/4956 2085/3180/4972
f 1943/2628/4958 2078/3175/4960 2085/3180/4973
f 2086/3181/4974 1943/2628/4958 2085/3180/4973
f 2080/3182/4975 2079/3173/4976 2081/3176/4977
f 2079/3173/4953 2080/3182/4978 2083/3178/4970
f 2084/3174/4979 2074/3170/4979 2087/3183/4980
f 2084/3174/4956 2088/3184/4981 2085/3180/4972
f 2088/3184/4981 2084/3174/4956 2092/3185/4982
f 2085/3180/4973 2088/3184/4983 2086/3181/4974
f 2080/3182/4978 2090/3186/4984 2083/3178/4970
f 2090/3186/4984 2089/3187/4985 2083/3178/4970
f 2090/3186/4986 2080/3182/4975 2081/3176/4977
f 1944/2984/4964 2091/2990/4987 2081/3177/4965
f 2089/3187/4988 2082/3179/4968 2083/3178/4967
f 2088/3184/4981 2092/3185/4982 2093/3188/4989
f 2094/2988/4990 2088/3184/4983 2093/3188/4991
f 2088/3184/4983 2094/2988/4990 2086/3181/4974
f 2089/3187/4988 2100/3189/4992 2082/3179/4968
f 2090/3186/4984 2098/3190/4993 2089/3187/4985
f 2095/3191/4994 2098/3190/4995 2090/3186/4986
f 2095/3191/4994 2090/3186/4986 2081/3176/4977
f 2081/3176/4996 2091/3192/4997 2095/3191/4998
f 2087/3183/4980 2096/3193/4999 2084/3174/4979
f 2230/3194/5000 2096/3193/4999 2087/3183/4980
f 2092/3185/4982 2084/3174/4956 2096/3193/5001
f 2096/3193/5001 2093/3188/4989 2092/3185/4982
f 2094/2988/4990 2093/3188/4991 2097/3195/5002
f 2098/3190/5003 2095/3191/4998 2099/3196/5004
f 2095/3191/4998 2091/3192/4997 2099/3196/5004
f 2101/3197/5005 2100/3189/4992 2089/3187/4988
f 2098/3190/4993 2101/3197/5006 2089/3187/4985
f 2102/3198/5007 2096/3193/5008 2230/3194/5009
f 2097/3195/5010 1946/2992/5010 2094/2988/5010
f 1946/2992/5011 2097/3195/5012 1955/3004/5013
f 1946/2992/5014 1955/3004/5014 1950/2997/5014
f 2101/3197/5006 2098/3190/4993 2103/3199/5015
f 2104/3200/5016 2099/3196/5017 2091/3192/5018
f 2096/3193/5001 2102/3198/5019 2093/3188/4989
f 2093/3188/4989 2102/3198/5019 2105/3201/5020
f 2093/3188/5021 2105/3201/5022 2097/3195/5023
f 2232/3202/5024 2100/3189/5025 2107/3203/5026
f 2106/3204/5027 2100/3189/5028 2101/3197/5029
f 2103/3199/5015 2106/3204/5030 2101/3197/5006
f 2102/3198/5007 2238/3205/5031 2108/3206/5032
f 2108/3206/5033 2109/3207/5034 2102/3198/5035
f 2102/3198/5019 2109/3207/5036 2105/3201/5020
f 2098/3190/5037 2110/3208/5038 2103/3199/5039
f 2106/3204/5030 2103/3199/5015 2110/3208/5040
f 2099/3196/5041 2110/3208/5038 2098/3190/5037
f 2110/3208/5040 2111/3209/5042 2106/3204/5030
f 2100/3189/5028 2106/3204/5027 2111/3209/5043
f 1955/3004/5013 2097/3195/5012 1964/3013/5044
f 1952/2999/4612 1956/3015/4644 2104/3000/4615
f 1964/3013/4641 1957/3007/4632 1955/3004/4627
f 2110/3208/5040 2113/3210/5045 2111/3209/5042
f 2112/3211/5046 2109/3207/5034 2108/3206/5033
f 2100/3189/5028 2111/3209/5043 2113/3210/5047
f 2107/3203/5026 2100/3189/5025 2115/3212/5048
f 2109/3207/5034 2112/3211/5046 2114/3213/5049
f 2100/3189/5050 2113/3210/5051 2116/3214/5052
f 2113/3210/5045 2110/3208/5040 2116/3214/5053
f 2105/3201/5022 2119/3215/5054 2097/3195/5023
f 2116/3214/5053 2110/3208/5040 2117/3216/5055
f 1970/3217/5056 2099/3196/5017 2104/3200/5016
f 1956/3015/4644 1970/3023/4657 2104/3000/4615
f 2109/3207/5036 2118/3218/5057 2105/3201/5020
f 2109/3207/5058 2114/3213/5059 2118/3218/5060
f 2105/3201/5020 2118/3218/5057 2119/3215/5061
f 1963/3016/4645 1970/3023/4657 1956/3015/4644
f 2100/3189/5050 2116/3214/5052 2120/3219/5062
f 2120/3219/5063 2115/3212/5048 2100/3189/5025
f 2116/3214/5053 2117/3216/5055 2121/3220/5064
f 2122/3221/5065 2118/3218/5060 2114/3213/5059
f 2121/3220/5066 2120/3219/5062 2116/3214/5052
f 2122/3221/5067 2119/3215/5061 2118/3218/5057
f 2110/3208/5040 2124/3222/5068 2117/3216/5055
f 2124/3222/5068 2125/3223/5069 2117/3216/5055
f 2099/3196/5041 2124/3222/5070 2110/3208/5038
f 2117/3216/5055 2125/3223/5069 2121/3220/5064
f 2125/3223/5071 2120/3219/5071 2121/3220/5071
f 2125/3223/5069 2124/3222/5068 2126/3224/5072
f 2120/3219/5073 2125/3223/5073 2126/3224/5073
f 2122/3221/5074 2123/3225/5075 2130/3226/5076
f 1967/3018/4648 1964/3013/4641 1969/3024/4662
f 2120/3219/5077 2126/3224/5078 2127/3227/5079
f 2124/3222/5068 2127/3227/5080 2126/3224/5072
f 2128/3228/5081 2130/3226/5076 2123/3225/5075
f 2122/3221/5067 2129/3229/5082 2119/3215/5061
f 2097/3195/5012 2131/3230/5083 1964/3013/5044
f 1973/3231/5056 2099/3196/5017 1970/3217/5056
f 2130/3226/5084 2129/3229/5082 2122/3221/5067
f 2097/3195/5023 2119/3215/5054 2131/3230/5085
f 2119/3215/5054 2129/3229/5086 2131/3230/5085
f 1964/3013/5044 2131/3230/5083 1969/3024/5087
f 2132/3232/5088 2127/3227/5080 2124/3222/5068
f 2133/3233/5089 2130/3226/5076 2128/3228/5081
f 1973/3231/5090 2134/3234/5090 2099/3196/5090
f 2135/3235/5091 2127/3227/5080 2132/3232/5088
f 2137/3236/5092 2129/3229/5082 2130/3226/5084
f 2129/3229/5082 2137/3236/5092 2138/3237/5093
f 2120/3219/5077 2127/3227/5079 2135/3235/5094
f 2136/3238/5095 2133/3233/5096 2261/3239/5097
f 2133/3233/5089 2136/3238/5098 2130/3226/5076
f 2138/3237/5099 2131/3230/5085 2129/3229/5086
f 2134/3234/5100 2124/3222/5070 2099/3196/5041
f 2135/3235/5094 2140/3240/5101 2120/3219/5077
f 2136/3238/5102 2137/3236/5103 2130/3226/5104
f 1969/3024/5087 2131/3230/5083 1980/3036/5105
f 1969/3024/4662 1980/3036/4684 1974/3028/4666
f 2139/3241/5106 2120/3219/5107 2140/3240/5108
f 2140/3240/5109 2135/3235/5091 2141/3242/5110
f 2132/3232/5088 2141/3242/5110 2135/3235/5091
f 1972/3026/4664 1974/3028/4666 1980/3036/4684
f 2132/3232/5088 2124/3222/5068 2143/3243/5111
f 2124/3222/5070 2134/3234/5100 2143/3243/5112
f 1982/3035/4682 2134/3039/4689 1973/3025/4663
f 2137/3236/5103 2136/3238/5102 2142/3244/5113
f 2140/3240/5114 2132/3232/5088 2143/3243/5111
f 2141/3242/5110 2132/3232/5088 2140/3240/5114
f 1980/3036/5105 2131/3230/5083 2144/3040/5115
f 2140/3240/5114 2143/3243/5111 2145/3245/5116
f 2142/3244/5113 2146/3246/5117 2137/3236/5103
f 2137/3236/5103 2146/3246/5117 2149/3247/5118
f 2137/3236/5092 2149/3247/5119 2138/3237/5093
f 2147/3248/5120 2145/3245/5116 2143/3243/5111
f 2143/3243/5112 2134/3234/5100 2147/3248/5121
f 2148/3249/5122 2139/3241/5106 2140/3240/5108
f 2145/3245/5123 2148/3249/5124 2140/3240/5125
f 2153/3250/5126 2131/3230/5085 2138/3237/5099
f 2154/3251/5127 2131/3230/5128 2153/3250/5129
f 2149/3247/5119 2153/3250/5129 2138/3237/5093
f 2154/3251/5130 2144/3040/5115 2131/3230/5083
f 2148/3249/5124 2145/3245/5123 2152/3252/5131
f 2147/3248/5120 2152/3252/5132 2145/3245/5116
f 2150/3253/5133 2149/3247/5118 2146/3246/5117
f 2152/3252/5132 2147/3248/5120 2151/3254/5134
f 2151/3254/5135 2134/3234/5100 2155/3255/5136
f 2134/3234/5100 2151/3254/5135 2147/3248/5121
f 1986/3041/4692 2155/3051/4706 2134/3039/4689
f 2153/3250/5129 2149/3247/5119 2150/3253/5137
f 2153/3250/5129 2150/3253/5137 2154/3251/5127
f 2152/3252/5132 2151/3254/5134 2156/3256/5138
f 2155/3255/5139 2160/3257/5139 2151/3254/5139
f 2152/3252/5140 2156/3256/5141 2268/3258/5142
f 2158/3259/5143 2150/3253/5137 2157/3260/5144
f 2154/3251/5127 2150/3253/5137 2158/3259/5143
f 2159/3043/5145 2154/3251/5146 2158/3259/5147
f 2159/3043/5145 2144/3040/5148 2154/3251/5146
f 2151/3254/5134 2160/3257/5149 2156/3256/5138
f 2157/3260/5144 2162/3261/5150 2158/3259/5143
f 2156/3256/5138 2160/3257/5149 2161/3262/5151
f 2164/3263/5152 2160/3257/5152 2165/3264/5152
f 2155/3255/5153 2165/3264/5153 2160/3257/5153
f 2157/3260/5144 2271/3265/5154 2162/3261/5150
f 2162/3261/5155 2163/3052/5156 2158/3259/5147
f 2158/3259/5147 2163/3052/5156 2159/3043/5145
f 2164/3263/5157 2161/3262/5151 2160/3257/5149
f 2166/3266/5158 2163/3052/5158 2162/3261/5158
f 2167/3267/5159 2164/3263/5159 2165/3264/5159
f 2166/3266/5160 2283/3268/5160 2168/3053/5160
f 2166/3266/5161 2168/3053/5161 2163/3052/5161
f 2163/3052/4708 2168/3053/4709 1987/3044/4696
f 2167/3267/5162 2169/3269/5163 2285/3270/5164
f 2165/3264/5165 2169/3269/5163 2167/3267/5162
f 2170/3057/5166 2169/3271/5167 2165/3050/5168
f 1991/3046/4700 2170/3057/4715 2165/3050/4705
f 2170/3057/5166 2290/3272/5169 2169/3271/5167
f 1995/3045/4697 2171/3056/4714 2308/3273/5170
f 2171/3056/4714 1995/3045/4697 1992/3054/4710
f 1997/3058/4716 2172/3274/5171 2170/3057/4715
f 2308/3273/5170 2173/3275/5172 1995/3045/4697
f 1995/3045/4697 2173/3275/5172 1999/3062/5173
f 2310/3276/5174 2172/3274/5171 1997/3058/4716
f 1998/3063/5175 2310/3276/5174 1997/3058/4716
f 2310/3276/5174 1998/3063/5175 2509/3277/5176
f 2173/3275/5172 2564/3278/5177 1999/3062/5173
f 2005/3072/5178 2509/3277/5176 1998/3063/5175
f 1999/3062/4734 2011/3077/5179 2000/3069/4735
f 2312/3279/5180 2011/3077/4749 2573/3280/5181
f 2011/3077/4749 2312/3279/5180 2007/3076/4750
f 2010/3079/5182 2019/3281/5183 2311/3282/5184
f 2020/2937/4775 2021/2955/4774 2574/3283/5185
f 2174/3089/4778 2016/3088/4777 2617/3284/5186
f 2174/3089/5187 2022/3090/4782 1914/2944/4781
f 2021/3094/4790 2175/3092/4789 2619/3285/5188
f 2024/2959/4537 2177/3096/4793 2511/3286/5189
f 2511/3286/5190 2176/2963/4545 2024/2959/4544
f 2181/3102/4800 2179/3100/5191 1919/2596/3900
f 2023/3091/5192 1916/3093/5193 2178/3099/5194
f 1397/2219/3174 1390/1899/2621 2580/2603/3914
f 1390/1899/2621 1391/1900/2622 2694/3287/5195
f 2313/3106/4807 2694/3287/5195 1391/1900/2622
f 2186/3288/5196 2318/3289/5197 2183/3290/5198
f 2183/3290/5198 2318/3289/5197 2182/3291/5199
f 2184/3292/5200 2183/3290/5200 2182/3291/5200
f 2183/3290/5201 2184/3292/5202 2026/3108/5203
f 2026/3108/5203 2184/3292/5202 2029/3110/5204
f 2186/3288/5205 2183/3290/5206 2028/3107/5207
f 2186/3293/5208 2027/3111/5209 2185/3294/5210
f 2027/3111/5209 2186/3293/5208 2028/3114/5211
f 2183/3290/5206 2026/3108/5212 2028/3107/5207
f 2185/3294/5213 2027/3111/5214 2580/2603/3914
f 2188/3295/5215 2190/3296/5216 2187/3297/5217
f 2188/3298/5218 2189/3299/5218 2190/3300/5218
f 2189/3123/5219 2188/3301/5219 2038/3121/5219
f 1926/2965/4557 2035/3118/5220 2187/3297/5221
f 2035/3118/5222 2038/3125/5223 2187/3297/5224
f 2188/3295/5225 2187/3297/5224 2038/3125/5223
f 2191/3302/5226 2192/3303/5226 2190/3300/5226
f 2190/3300/5227 2189/3299/5227 2191/3302/5227
f 2039/3122/4864 2194/3141/4866 2189/3123/5228
f 2029/3110/5229 2184/3292/5230 2043/3133/5231
f 2189/3299/5232 2194/3304/5232 2191/3302/5232
f 2182/3291/5233 2195/3305/5233 2197/3306/5233
f 2182/3291/5234 2197/3306/5235 2184/3292/5236
f 2184/3292/5230 2203/3307/5237 2043/3133/5231
f 2199/3308/5238 2192/3303/5239 2196/3309/5240
f 2192/3303/5241 2191/3302/5241 2196/3309/5241
f 2198/3310/5242 2191/3302/5242 2194/3304/5242
f 2043/3133/5231 2203/3307/5237 2044/3134/5243
f 2198/3310/5244 2196/3309/5244 2191/3302/5244
f 2192/3303/5239 2199/3308/5238 2193/3311/5245
f 2184/3292/5236 2197/3306/5235 2203/3307/5246
f 2200/3312/5247 2196/3309/5247 2198/3310/5247
f 2055/3142/4867 2200/3145/5248 2198/3140/4865
f 2195/3305/5249 2201/3313/5249 2197/3306/5249
f 2203/3307/5246 2197/3306/5235 2201/3313/5250
f 2202/3314/5251 2203/3307/5252 2201/3313/5253
f 2044/3134/5254 2203/3307/5254 2202/3314/5254
f 2054/3146/4880 2200/3145/4879 2055/3142/5255
f 2332/3315/5256 2196/3309/5257 2205/3316/5258
f 2196/3309/5259 2200/3312/5259 2205/3316/5259
f 2204/3317/5260 2205/3316/5260 2200/3312/5260
f 2202/3314/5261 2056/3150/5262 2044/3134/5263
f 2206/3318/5264 2056/3150/5262 2202/3314/5261
f 2204/3147/4881 2054/3146/4880 2207/3319/5265
f 2054/3148/5266 2061/3155/5266 2207/3162/5266
f 2056/3150/5267 2206/3318/5268 2210/3320/5269
f 2205/3316/5270 2204/3317/5271 2208/3321/5272
f 2211/3322/5273 2208/3321/5272 2204/3317/5271
f 2204/3147/5274 2207/3319/5275 2211/3323/5276
f 2056/3150/5277 2210/3320/5278 2067/3163/5279
f 2210/3320/5269 2206/3318/5268 2209/3324/5280
f 2206/3318/5268 2212/3325/5281 2209/3324/5280
f 2211/3323/5276 2207/3319/5275 2066/3326/5282
f 2352/3327/5283 2211/3322/5284 2213/3328/5285
f 2209/3324/5280 2214/3329/5286 2210/3320/5269
f 2210/3320/5278 2214/3329/5287 2067/3163/5279
f 2213/3328/5285 2211/3322/5284 2215/3330/5288
f 2216/3331/5289 2215/3330/5288 2211/3322/5284
f 2066/3326/5282 2216/3332/5290 2211/3323/5276
f 2217/3333/5291 2216/3332/5290 2066/3326/5282
f 2212/3325/5281 2214/3329/5286 2209/3324/5280
f 2214/3329/5286 2212/3325/5281 2218/3334/5292
f 2214/3329/5287 2218/3334/5293 2067/3163/5279
f 2067/3163/5294 2218/3334/5294 2074/3170/5294
f 2212/3325/5281 2365/3335/5295 2218/3334/5292
f 2218/3334/5296 2365/3335/5297 2220/3336/5298
f 2220/3336/5299 2074/3170/5300 2218/3334/5301
f 2219/3337/5302 2220/3336/5298 2365/3335/5297
f 2220/3336/5298 2219/3337/5302 2221/3338/5303
f 2216/3332/5304 2217/3333/5305 2222/3339/5306
f 2223/3340/5307 2222/3339/5306 2217/3333/5305
f 2217/3172/5305 2082/3179/5308 2223/3341/5307
f 2087/3183/5309 2074/3170/5300 2220/3336/5299
f 2226/3342/5310 2221/3338/5303 2225/3343/5311
f 2221/3338/5303 2226/3342/5310 2220/3336/5298
f 2087/3183/5312 2220/3336/5312 2226/3342/5312
f 2224/3344/5313 2375/3345/5314 2222/3346/5315
f 2222/3339/5306 2223/3340/5307 2224/3347/5316
f 2224/3347/5316 2223/3340/5307 2227/3348/5317
f 2225/3343/5311 2229/3349/5318 2226/3342/5310
f 2230/3194/5319 2087/3183/5320 2226/3342/5310
f 2082/3179/5308 2100/3189/5321 2223/3341/5307
f 2223/3341/5322 2100/3189/5322 2232/3202/5322
f 2228/3350/5323 2224/3344/5323 2227/3351/5323
f 2226/3342/5310 2229/3349/5318 2230/3194/5319
f 2228/3350/5324 2227/3351/5325 2231/3352/5326
f 2232/3353/5327 2227/3348/5327 2223/3340/5327
f 2230/3194/5328 2229/3349/5329 2233/3354/5330
f 2232/3353/5331 2231/3355/5332 2227/3348/5333
f 2230/3194/5328 2233/3354/5330 2238/3205/5334
f 2102/3198/5007 2230/3194/5009 2238/3205/5031
f 2234/3356/5335 2231/3352/5326 2236/3357/5336
f 2235/3358/5337 2236/3357/5338 2231/3352/5339
f 2233/3354/5330 2229/3349/5329 2237/3359/5340
f 2237/3359/5340 2238/3205/5334 2233/3354/5330
f 2232/3353/5331 2235/3360/5341 2231/3355/5332
f 2107/3361/5342 2235/3360/5341 2232/3353/5331
f 2235/3360/5341 2107/3361/5342 2239/3362/5343
f 2238/3205/5334 2237/3359/5340 2240/3363/5344
f 2238/3205/5031 2112/3211/5345 2108/3206/5032
f 2241/3364/5346 2240/3363/5344 2237/3359/5340
f 2238/3205/5347 2240/3363/5347 2112/3211/5347
f 2112/3211/5348 2241/3364/5346 2243/3365/5349
f 2235/3358/5337 2242/3366/5350 2236/3357/5338
f 2241/3364/5346 2112/3211/5348 2240/3363/5344
f 2245/3367/5351 2242/3366/5350 2235/3358/5337
f 2235/3360/5341 2239/3362/5343 2245/3368/5352
f 2115/3212/5353 2239/3369/5354 2107/3203/5355
f 2112/3211/5356 2243/3365/5357 2114/3213/5358
f 2243/3365/5349 2241/3364/5346 2246/3370/5359
f 2246/3370/5359 2249/3371/5360 2243/3365/5349
f 2114/3213/5358 2243/3365/5357 2249/3371/5361
f 2245/3367/5351 2244/3372/5362 2242/3366/5350
f 2241/3364/5346 2237/3359/5340 2246/3370/5359
f 2237/3359/5340 2247/3373/5363 2246/3370/5359
f 2122/3221/5364 2114/3213/5365 2249/3371/5366
f 2244/3372/5362 2245/3367/5351 2419/3374/5367
f 2239/3362/5343 2248/3375/5368 2245/3368/5352
f 2115/3212/5353 2248/3376/5369 2239/3369/5354
f 2249/3371/5360 2246/3370/5359 2250/3377/5370
f 2123/3225/5371 2122/3221/5364 2249/3371/5366
f 2250/3377/5372 2123/3225/5371 2249/3371/5366
f 2419/3374/5367 2245/3367/5351 2251/3378/5373
f 2252/3379/5374 2251/3378/5375 2245/3367/5376
f 2248/3375/5368 2252/3380/5377 2245/3368/5352
f 2250/3377/5370 2246/3370/5359 2247/3373/5363
f 2253/3381/5378 2252/3380/5377 2248/3375/5368
f 2253/3382/5379 2248/3376/5369 2115/3212/5353
f 2247/3373/5363 2255/3383/5380 2250/3377/5370
f 2250/3377/5372 2255/3383/5381 2128/3228/5382
f 2250/3377/5372 2128/3228/5382 2123/3225/5371
f 2120/3219/5383 2253/3382/5379 2115/3212/5353
f 2133/3233/5096 2128/3228/5382 2255/3383/5381
f 2252/3379/5374 2254/3384/5384 2251/3378/5375
f 2120/3219/5383 2256/3385/5385 2253/3382/5379
f 2257/3386/5386 2254/3384/5384 2252/3379/5374
f 2253/3381/5378 2257/3387/5387 2252/3380/5377
f 2247/3373/5363 2260/3388/5388 2258/3389/5389
f 2258/3389/5389 2261/3239/5390 2247/3373/5363
f 2247/3373/5363 2261/3239/5390 2255/3383/5380
f 2255/3383/5381 2261/3239/5097 2133/3233/5096
f 2257/3386/5386 2259/3390/5391 2254/3384/5384
f 2256/3391/5392 2257/3387/5387 2253/3381/5378
f 2139/3241/5393 2256/3385/5385 2120/3219/5383
f 2259/3390/5394 2262/3392/5395 2263/3393/5396
f 2257/3386/5386 2262/3392/5397 2259/3390/5391
f 2142/3244/5398 2136/3238/5095 2261/3239/5097
f 2139/3394/5399 2257/3387/5387 2256/3391/5392
f 2258/3389/5389 2264/3395/5400 2261/3239/5390
f 2264/3395/5401 2142/3244/5398 2261/3239/5097
f 2139/3394/5399 2262/3396/5402 2257/3387/5387
f 2146/3246/5403 2142/3244/5398 2264/3395/5401
f 2260/3388/5388 2264/3395/5400 2258/3389/5389
f 2260/3388/5388 2266/3397/5404 2264/3395/5400
f 2146/3246/5403 2264/3395/5401 2266/3397/5405
f 2139/3394/5399 2265/3398/5406 2262/3396/5402
f 2463/3399/5407 2266/3397/5404 2260/3388/5388
f 2266/3397/5404 2463/3399/5407 2269/3400/5408
f 2146/3246/5409 2266/3397/5410 2150/3253/5411
f 2268/3401/5412 2265/3398/5406 2139/3394/5399
f 2148/3249/5122 2268/3258/5413 2139/3241/5106
f 2268/3258/5142 2148/3249/5414 2152/3252/5140
f 2474/3402/5415 2269/3400/5408 2463/3399/5407
f 2272/3403/5416 2267/3404/5417 2268/3401/5412
f 2265/3398/5406 2268/3401/5412 2267/3404/5417
f 2269/3400/5418 2157/3260/5418 2266/3397/5418
f 2150/3253/5411 2266/3397/5410 2157/3260/5419
f 2474/3402/5415 2270/3405/5420 2269/3400/5408
f 2271/3265/5421 2157/3260/5422 2269/3400/5423
f 2270/3405/5424 2271/3265/5421 2269/3400/5423
f 2268/3258/5142 2156/3256/5141 2161/3262/5425
f 2272/3403/5416 2477/3406/5426 2267/3404/5417
f 2273/3407/5427 2272/3408/5428 2268/3258/5429
f 2161/3262/5430 2273/3407/5430 2268/3258/5430
f 2164/3263/5157 2277/3409/5431 2161/3262/5151
f 2271/3265/5421 2270/3405/5424 2274/3410/5432
f 2275/3411/5433 2271/3265/5433 2274/3410/5433
f 2166/3266/5434 2271/3265/5435 2275/3411/5436
f 2271/3265/5435 2166/3266/5434 2162/3261/5437
f 2167/3267/5438 2285/3270/5439 2280/3412/5440
f 2272/3403/5416 2276/3413/5441 2477/3406/5426
f 2273/3414/5427 2276/3413/5442 2272/3403/5428
f 2281/3415/5443 2276/3416/5444 2273/3407/5445
f 2277/3409/5446 2273/3407/5446 2161/3262/5446
f 2277/3409/5447 2281/3415/5447 2273/3407/5447
f 2277/3409/5431 2167/3267/5438 2280/3412/5440
f 2280/3412/5440 2281/3415/5448 2277/3409/5431
f 2164/3263/5157 2167/3267/5438 2277/3409/5431
f 2274/3410/5432 2270/3405/5424 2278/3417/5449
f 2274/3410/5450 2278/3417/5451 2279/3418/5452
f 2275/3411/5453 2274/3410/5453 2279/3418/5453
f 2166/3266/5434 2279/3418/5454 2283/3268/5455
f 2279/3418/5454 2166/3266/5434 2275/3411/5436
f 2279/3418/5452 2278/3417/5451 2282/3419/5456
f 2283/3268/5455 2282/3419/5457 2288/3420/5458
f 2282/3419/5457 2283/3268/5455 2279/3418/5454
f 2288/3420/5459 2168/3053/5460 2283/3268/5461
f 2286/3421/5462 2284/3422/5463 2289/3423/5464
f 2284/3422/5463 2286/3421/5462 2280/3412/5465
f 2285/3270/5466 2284/3422/5466 2280/3412/5466
f 2285/3270/5467 2290/3424/5468 2284/3422/5469
f 2291/3425/5470 2276/3416/5444 2281/3415/5443
f 2291/3425/5471 2281/3415/5472 2286/3421/5473
f 2286/3421/5474 2281/3415/5448 2280/3412/5440
f 2278/3417/5475 2489/3426/5475 2287/3427/5475
f 2278/3417/5476 2287/3427/5476 2282/3419/5476
f 2282/3419/5457 2287/3427/5477 2294/3428/5478
f 2288/3420/5458 2282/3419/5457 2294/3428/5478
f 2294/3428/5479 2168/3053/5460 2288/3420/5459
f 2168/3053/5460 2294/3428/5479 2171/3056/5480
f 2290/3424/5468 2289/3423/5481 2284/3422/5469
f 2285/3270/5164 2169/3269/5163 2290/3424/5482
f 2287/3427/5483 2293/3429/5484 2294/3428/5485
f 2287/3427/5483 2292/3430/5486 2293/3429/5484
f 2294/3428/5479 2299/3431/5487 2171/3056/5480
f 2296/3432/5488 2289/3423/5464 2300/3433/5489
f 2290/3424/5468 2300/3433/5490 2289/3423/5481
f 2170/3434/5166 2172/3435/5491 2290/3424/5169
f 2490/3436/5492 2291/3425/5492 2296/3432/5492
f 2490/3436/5493 2296/3432/5493 2295/3437/5493
f 2296/3432/5494 2291/3425/5471 2286/3421/5473
f 2289/3423/5464 2296/3432/5488 2286/3421/5462
f 2299/3431/5495 2297/3438/5496 2298/3439/5497
f 2299/3431/5495 2292/3430/5486 2297/3438/5496
f 2292/3430/5486 2299/3431/5495 2293/3429/5484
f 2293/3429/5498 2299/3431/5498 2294/3428/5498
f 2299/3431/5487 2304/3440/5499 2171/3056/5480
f 2308/3273/5500 2171/3056/5500 2304/3440/5500
f 2305/3441/5501 2300/3433/5502 2301/3442/5503
f 2300/3433/5489 2305/3441/5504 2296/3432/5488
f 2172/3435/5505 2300/3433/5505 2290/3424/5505
f 2172/3435/5506 2301/3442/5506 2300/3433/5506
f 2302/3443/5507 2295/3437/5507 2296/3432/5507
f 2296/3432/5488 2305/3441/5504 2302/3443/5508
f 2298/3439/5497 2303/3444/5509 2299/3431/5495
f 2304/3440/5510 2303/3444/5510 2308/3273/5510
f 2299/3431/5487 2303/3444/5511 2304/3440/5499
f 2306/3445/5512 2305/3441/5501 2301/3442/5503
f 2306/3445/5513 2309/3446/5514 2305/3441/5515
f 2301/3447/5516 2172/3448/5517 2306/3449/5518
f 2307/3450/5519 2308/3273/5519 2303/3444/5519
f 2309/3446/5514 2306/3445/5513 2310/3451/5520
f 2172/3435/5517 2310/3451/5521 2306/3445/5518
f 2307/3450/5522 2173/3275/5522 2308/3273/5522
f 1999/3062/5173 2564/3278/5177 2569/3452/5523
f 1999/3062/5173 2569/3452/5523 2011/3077/4749
f 2005/3072/5178 2570/3453/5524 2509/3277/5176
f 2010/3079/5182 2311/3282/5184 2572/3075/5525
f 2016/2941/4771 2017/3083/4768 2617/3454/5526
f 2312/3279/5527 2017/3082/5528 2007/3076/5529
f 2574/3283/5185 2021/2955/4774 2619/3455/5530
f 2019/3281/5531 2020/3456/5531 2574/3457/5531
f 2022/3090/4782 2174/3089/5187 2510/3458/5532
f 2175/3092/4787 2023/3091/4786 2620/3459/5533
f 2620/3459/5534 2619/3285/5188 2175/3092/4789
f 2575/3460/5535 2511/3286/5189 2177/3096/4793
f 2577/3461/5536 2575/3460/5537 2177/3096/5538
f 2510/3458/5539 2577/3462/5540 2022/3090/4784
f 2577/3462/5540 2177/3097/4794 2022/3090/4784
f 2180/3463/5541 1699/3464/5541 2512/3465/5541
f 2512/349/425 101/341/414 2025/2964/4554
f 2516/3466/5542 2315/3467/5543 2314/3468/5544
f 2516/3466/5542 2316/3469/5545 2315/3467/5543
f 2515/3470/5546 2318/3471/5546 2317/3472/5546
f 2315/3473/5547 2318/3471/5548 2515/3470/5549
f 2314/3474/5550 2315/3473/5547 2515/3470/5549
f 2315/3475/5551 2182/3476/5552 2318/3477/5553
f 2315/3475/5551 2316/3478/5554 2182/3476/5552
f 2185/3294/5555 2317/3472/5555 2186/3293/5555
f 2317/3472/5556 2318/3471/5556 2186/3293/5556
f 2313/3106/4807 1926/2965/4557 2187/3297/5221
f 2319/3479/5557 2187/3297/5217 2190/3296/5216
f 2190/3296/5216 2320/3480/5558 2319/3479/5557
f 2320/3481/5559 2190/3300/5560 2192/3303/5561
f 2192/3303/5561 2193/3311/5562 2320/3481/5559
f 2321/3482/5563 2517/3483/5564 2320/3480/5565
f 2320/3481/5566 2193/3311/5566 2321/3484/5566
f 2516/3466/5567 2514/3485/5567 2322/3486/5567
f 2516/3466/5568 2322/3486/5568 2316/3469/5568
f 2323/3487/5569 2316/3469/5570 2322/3486/5571
f 2182/3476/5572 2316/3478/5573 2323/3488/5574
f 2321/3484/5575 2325/3489/5576 2324/3490/5577
f 2325/3489/5578 2321/3484/5578 2193/3311/5578
f 2323/3488/5574 2195/3491/5579 2182/3476/5572
f 2325/3489/5580 2193/3311/5580 2199/3308/5580
f 2322/3486/5581 2328/3492/5582 2326/3493/5583
f 2326/3493/5584 2323/3487/5569 2322/3486/5571
f 2323/3487/5585 2326/3493/5586 2327/3494/5587
f 2327/3495/5588 2195/3491/5579 2323/3488/5574
f 2334/3496/5589 2324/3490/5577 2325/3489/5576
f 2334/3496/5589 2333/3497/5590 2324/3490/5577
f 2327/3494/5587 2326/3493/5586 2330/3498/5591
f 2195/3491/5579 2327/3495/5588 2201/3499/5592
f 2199/3308/5593 2334/3496/5593 2325/3489/5593
f 2328/3492/5582 2329/3500/5594 2326/3493/5583
f 2329/3500/5595 2330/3498/5595 2326/3493/5595
f 2327/3494/5596 2330/3498/5596 2338/3501/5596
f 2331/3502/5597 2201/3499/5598 2338/3503/5599
f 2338/3503/5599 2201/3499/5598 2327/3495/5600
f 2332/3315/5601 2341/3504/5601 2199/3308/5601
f 2199/3308/5602 2196/3309/5257 2332/3315/5256
f 2199/3308/5603 2335/3505/5604 2334/3496/5605
f 2335/3505/5604 2199/3308/5603 2341/3504/5606
f 2336/3506/5607 2337/3507/5607 2329/3500/5607
f 2329/3500/5608 2337/3507/5608 2330/3498/5608
f 2337/3507/5609 2338/3501/5609 2330/3498/5609
f 2201/3313/5610 2331/3508/5610 2339/3509/5610
f 2202/3314/5251 2201/3313/5253 2339/3509/5611
f 2339/3509/5612 2206/3318/5612 2202/3314/5612
f 2340/3510/5613 2335/3511/5613 2341/3512/5613
f 2343/3513/5614 2332/3315/5615 2205/3316/5616
f 2343/3513/5617 2205/3316/5618 2208/3321/5619
f 2341/3514/5620 2344/3515/5621 2340/3516/5622
f 2341/3504/5623 2332/3315/5624 2349/3517/5625
f 2343/3513/5614 2345/3518/5626 2332/3315/5615
f 2348/3519/5627 2338/3503/5628 2346/3520/5629
f 2338/3503/5628 2348/3519/5627 2331/3502/5630
f 2331/3508/5631 2348/3521/5632 2339/3509/5633
f 2348/3521/5632 2347/3522/5634 2339/3509/5633
f 2337/3507/5635 2342/3523/5635 2350/3524/5635
f 2337/3507/5636 2350/3524/5637 2351/3525/5638
f 2337/3507/5639 2351/3525/5639 2338/3501/5639
f 2338/3501/5640 2351/3525/5641 2346/3526/5642
f 2345/3518/5626 2343/3513/5614 2352/3327/5643
f 2343/3513/5617 2208/3321/5619 2211/3322/5284
f 2206/3318/5644 2339/3509/5645 2212/3325/5646
f 2343/3513/5617 2211/3322/5284 2352/3327/5283
f 2344/3527/5621 2355/3528/5647 2353/3529/5648
f 2355/3530/5647 2344/3531/5621 2341/3532/5620
f 2349/3517/5625 2355/3533/5649 2341/3504/5623
f 2354/3534/5650 2332/3315/5615 2345/3518/5626
f 2352/3327/5643 2354/3534/5650 2345/3518/5626
f 2346/3520/5629 2358/3535/5651 2348/3519/5627
f 2358/3535/5651 2346/3520/5629 2357/3536/5652
f 2339/3509/5645 2347/3522/5653 2212/3325/5646
f 2354/3534/5654 2349/3517/5625 2332/3315/5624
f 2351/3525/5638 2350/3524/5637 2356/3537/5655
f 2351/3525/5641 2357/3538/5656 2346/3526/5642
f 2351/3525/5641 2356/3537/5657 2357/3538/5656
f 2348/3521/5632 2358/3539/5658 2347/3522/5634
f 2347/3522/5653 2359/3540/5659 2212/3325/5646
f 2213/3328/5660 2354/3534/5650 2352/3327/5643
f 2349/3517/5625 2354/3534/5654 2355/3533/5649
f 2359/3540/5661 2347/3522/5662 2358/3539/5663
f 2213/3328/5664 2215/3330/5664 2360/3541/5665
f 2355/3542/5647 2362/3543/5666 2353/3544/5648
f 2350/3524/5637 2363/3545/5667 2356/3537/5655
f 2358/3535/5651 2357/3536/5652 2361/3546/5668
f 2360/3541/5669 2354/3534/5650 2213/3328/5660
f 2355/3533/5649 2354/3534/5654 2366/3547/5670
f 2360/3541/5669 2366/3547/5671 2354/3534/5650
f 2363/3545/5672 2357/3538/5656 2356/3537/5657
f 2361/3548/5673 2357/3538/5656 2363/3545/5672
f 2364/3549/5674 2359/3540/5661 2358/3539/5663
f 2359/3540/5675 2365/3335/5295 2212/3325/5281
f 2360/3541/5665 2215/3330/5664 2216/3331/5676
f 2361/3546/5668 2364/3550/5677 2358/3535/5651
f 2359/3540/5661 2364/3549/5674 2365/3335/5678
f 2360/3541/5679 2216/3331/5679 2372/3551/5679
f 2368/3552/5680 2362/3543/5666 2355/3542/5647
f 2369/3553/5681 2368/3554/5682 2355/3533/5683
f 2366/3547/5670 2369/3553/5684 2355/3533/5649
f 2361/3548/5685 2363/3545/5685 2373/3555/5685
f 2370/3556/5686 2361/3548/5687 2373/3555/5688
f 2364/3550/5677 2361/3546/5668 2370/3557/5689
f 2365/3335/5690 2364/3549/5691 2219/3337/5692
f 2372/3551/5693 2371/3558/5694 2366/3547/5671
f 2372/3551/5693 2366/3547/5671 2360/3541/5669
f 2372/3551/5695 2216/3331/5696 2222/3346/5315
f 2368/3554/5682 2369/3553/5681 2379/3559/5697
f 2379/3559/5697 2369/3553/5681 2380/3560/5698
f 2369/3553/5699 2371/3558/5700 2380/3560/5701
f 2371/3558/5700 2369/3553/5699 2366/3547/5702
f 2519/3561/5703 2363/3545/5704 2367/3562/5705
f 2373/3555/5706 2363/3545/5704 2519/3561/5703
f 2370/3556/5686 2373/3555/5688 2377/3563/5707
f 2377/3564/5708 2374/3565/5709 2370/3557/5689
f 2364/3550/5677 2370/3557/5689 2374/3565/5709
f 2364/3549/5691 2374/3566/5710 2219/3337/5692
f 2375/3345/5711 2371/3558/5694 2372/3551/5693
f 2222/3346/5315 2375/3345/5314 2372/3551/5695
f 2373/3555/5706 2519/3561/5703 2376/3567/5712
f 2373/3555/5688 2376/3567/5713 2377/3563/5707
f 2377/3564/5708 2378/3568/5714 2374/3565/5709
f 2225/3343/5715 2219/3337/5692 2374/3566/5710
f 2225/3343/5716 2221/3338/5303 2219/3337/5302
f 2381/3569/5717 2380/3560/5701 2371/3558/5700
f 2371/3558/5694 2375/3345/5711 2381/3569/5718
f 2368/3552/5719 2379/3570/5720 2630/3571/5721
f 2385/3572/5722 2376/3567/5712 2519/3561/5703
f 2385/3572/5722 2386/3573/5723 2376/3567/5712
f 2382/3574/5724 2376/3567/5713 2386/3573/5725
f 2377/3563/5707 2376/3567/5713 2382/3574/5724
f 2382/3575/5726 2378/3568/5714 2377/3564/5708
f 2374/3566/5710 2378/3576/5727 2225/3343/5715
f 2375/3345/5711 2383/3577/5728 2381/3569/5718
f 2375/3345/5711 2384/3578/5729 2383/3577/5728
f 2375/3345/5314 2224/3344/5313 2384/3578/5730
f 2379/3570/5720 2390/3579/5731 2630/3571/5721
f 2380/3560/5698 2381/3569/5732 2379/3559/5697
f 2390/3580/5733 2379/3559/5697 2381/3569/5732
f 2386/3573/5725 2387/3581/5734 2382/3574/5724
f 2382/3575/5726 2387/3582/5735 2378/3568/5714
f 2388/3583/5736 2225/3343/5715 2378/3576/5727
f 2388/3583/5736 2229/3349/5737 2225/3343/5715
f 2228/3350/5738 2384/3578/5730 2224/3344/5313
f 2381/3569/5739 2389/3584/5740 2390/3580/5741
f 2389/3584/5742 2381/3569/5742 2383/3577/5742
f 2386/3573/5743 2385/3572/5743 2521/3585/5743
f 2386/3573/5744 2521/3585/5744 2392/3586/5744
f 2392/3586/5745 2387/3581/5745 2386/3573/5745
f 2387/3581/5746 2392/3586/5747 2391/3587/5748
f 2387/3582/5735 2388/3588/5749 2378/3568/5714
f 2388/3588/5749 2387/3582/5735 2391/3589/5750
f 2383/3577/5728 2384/3578/5729 2228/3350/5751
f 2389/3584/5740 2522/3590/5752 2390/3580/5741
f 2388/3583/5736 2393/3591/5753 2229/3349/5737
f 2401/3592/5754 2229/3349/5737 2393/3591/5753
f 2228/3350/5324 2231/3352/5326 2234/3356/5335
f 2521/3585/5755 2398/3593/5756 2392/3586/5757
f 2392/3586/5747 2395/3594/5758 2391/3587/5748
f 2391/3589/5750 2393/3595/5759 2388/3588/5749
f 2389/3584/5760 2383/3577/5761 2396/3596/5762
f 2397/3597/5763 2228/3350/5764 2234/3356/5765
f 2396/3596/5766 2522/3590/5767 2389/3584/5768
f 2392/3586/5757 2398/3593/5756 2399/3598/5769
f 2399/3598/5770 2395/3594/5758 2392/3586/5747
f 2393/3595/5759 2391/3589/5750 2395/3599/5771
f 2396/3596/5762 2383/3577/5761 2400/3600/5772
f 2228/3350/5751 2397/3597/5773 2400/3600/5774
f 2383/3577/5728 2228/3350/5751 2400/3600/5774
f 2393/3591/5753 2402/3601/5775 2401/3592/5754
f 2402/3601/5775 2404/3602/5776 2401/3592/5754
f 2229/3349/5777 2401/3592/5778 2237/3359/5779
f 2397/3597/5763 2234/3356/5765 2236/3357/5780
f 2406/3603/5781 2394/3604/5782 2522/3605/5783
f 2396/3596/5766 2406/3606/5784 2522/3590/5767
f 2399/3598/5770 2403/3607/5785 2395/3594/5758
f 2393/3595/5759 2395/3599/5771 2402/3608/5786
f 2395/3599/5771 2403/3609/5787 2402/3608/5786
f 2401/3592/5778 2404/3602/5788 2237/3359/5779
f 2406/3603/5789 2405/3610/5790 2394/3604/5791
f 2399/3598/5769 2398/3593/5756 2409/3611/5792
f 2403/3609/5787 2412/3612/5793 2402/3608/5786
f 2411/3613/5794 2412/3612/5793 2403/3609/5787
f 2402/3601/5775 2408/3614/5795 2404/3602/5776
f 2397/3597/5773 2407/3615/5796 2400/3600/5774
f 2398/3593/5797 2410/3616/5798 2409/3611/5799
f 2409/3611/5800 2403/3607/5785 2399/3598/5770
f 2409/3611/5800 2411/3617/5801 2403/3607/5785
f 2402/3601/5775 2412/3618/5802 2408/3614/5795
f 2237/3359/5779 2404/3602/5788 2408/3614/5803
f 2396/3596/5762 2400/3600/5772 2407/3615/5804
f 2397/3597/5763 2236/3357/5780 2242/3366/5805
f 2396/3596/5766 2413/3619/5806 2406/3606/5784
f 2396/3596/5762 2407/3615/5804 2413/3619/5807
f 2410/3616/5798 2414/3620/5808 2409/3611/5799
f 2415/3621/5809 2411/3617/5801 2409/3611/5800
f 2411/3613/5794 2416/3622/5810 2412/3612/5793
f 2408/3614/5803 2417/3623/5811 2237/3359/5779
f 2413/3619/5807 2407/3615/5804 2418/3624/5812
f 2407/3615/5796 2397/3597/5773 2418/3624/5813
f 2397/3597/5773 2419/3374/5814 2418/3624/5813
f 2397/3597/5763 2242/3366/5805 2419/3374/5815
f 2406/3603/5789 2523/3625/5816 2405/3610/5790
f 2414/3620/5808 2424/3626/5817 2409/3611/5799
f 2415/3621/5809 2409/3611/5800 2420/3627/5818
f 2411/3617/5801 2415/3621/5809 2423/3628/5819
f 2408/3614/5795 2412/3618/5802 2417/3623/5820
f 2412/3618/5802 2416/3629/5821 2417/3623/5820
f 2419/3374/5822 2242/3366/5822 2244/3372/5822
f 2423/3630/5823 2416/3622/5810 2411/3613/5794
f 2237/3359/5779 2417/3623/5811 2247/3373/5824
f 2423/3628/5819 2415/3621/5809 2420/3627/5818
f 2413/3619/5807 2418/3624/5812 2430/3631/5825
f 2523/3625/5816 2406/3603/5789 2421/3632/5826
f 2409/3611/5799 2424/3626/5817 2422/3633/5827
f 2409/3611/5828 2422/3633/5829 2420/3627/5830
f 2425/3634/5831 2416/3622/5810 2423/3630/5823
f 2418/3624/5813 2419/3374/5814 2430/3631/5832
f 2425/3635/5833 2423/3628/5819 2420/3627/5818
f 2420/3627/5830 2422/3633/5829 2426/3636/5834
f 2426/3636/5835 2425/3635/5833 2420/3627/5818
f 2425/3634/5831 2427/3637/5836 2416/3622/5810
f 2427/3638/5837 2417/3623/5820 2416/3629/5821
f 2413/3619/5806 2430/3631/5838 2406/3606/5784
f 2419/3374/5814 2428/3639/5839 2430/3631/5832
f 2419/3374/5840 2251/3378/5841 2428/3639/5842
f 2406/3603/5789 2429/3640/5843 2421/3632/5826
f 2426/3636/5834 2422/3633/5829 2432/3641/5844
f 2427/3637/5836 2425/3634/5831 2433/3642/5845
f 2426/3636/5835 2433/3643/5846 2425/3635/5833
f 2417/3623/5811 2434/3644/5847 2247/3373/5824
f 2422/3633/5829 2431/3645/5848 2432/3641/5844
f 2432/3641/5849 2433/3643/5846 2426/3636/5835
f 2433/3642/5845 2436/3646/5850 2427/3637/5836
f 2427/3638/5837 2436/3647/5851 2434/3644/5852
f 2427/3638/5837 2434/3644/5852 2417/3623/5820
f 2430/3631/5838 2447/3648/5853 2406/3606/5784
f 2428/3639/5839 2437/3649/5854 2430/3631/5832
f 2406/3603/5789 2435/3650/5855 2429/3640/5843
f 2428/3639/5842 2251/3378/5841 2254/3384/5856
f 2437/3649/5857 2447/3648/5853 2430/3631/5838
f 2432/3641/5844 2431/3645/5848 2439/3651/5858
f 2432/3641/5849 2439/3651/5859 2433/3643/5846
f 2439/3651/5859 2440/3652/5860 2433/3643/5846
f 2440/3653/5861 2436/3646/5850 2433/3642/5845
f 2247/3373/5824 2434/3644/5847 2260/3388/5862
f 2254/3384/5863 2259/3390/5394 2263/3393/5396
f 2453/3654/5864 2254/3384/5856 2263/3393/5865
f 2428/3639/5842 2254/3384/5856 2453/3654/5864
f 2447/3655/5866 2525/3656/5867 2435/3650/5855
f 2406/3603/5789 2447/3655/5866 2435/3650/5855
f 2431/3645/5868 2438/3657/5869 2441/3658/5870
f 2431/3645/5848 2441/3658/5871 2439/3651/5858
f 2440/3652/5860 2439/3651/5859 2441/3658/5872
f 2436/3647/5851 2442/3659/5873 2434/3644/5852
f 2434/3644/5847 2442/3659/5874 2260/3388/5862
f 2437/3649/5854 2428/3639/5839 2443/3660/5875
f 2438/3657/5869 2444/3661/5876 2441/3658/5870
f 2436/3647/5851 2446/3662/5877 2442/3659/5873
f 2453/3654/5878 2443/3660/5875 2428/3639/5839
f 2445/3663/5879 2440/3652/5860 2441/3658/5872
f 2445/3664/5880 2446/3665/5881 2440/3653/5861
f 2436/3646/5850 2440/3653/5861 2446/3665/5881
f 2445/3663/5879 2441/3658/5872 2449/3666/5882
f 2447/3648/5853 2437/3649/5857 2443/3660/5883
f 2448/3667/5884 2527/3668/5885 2525/3656/5867
f 2447/3655/5866 2448/3667/5884 2525/3656/5867
f 2444/3661/5886 2449/3666/5886 2441/3658/5886
f 2449/3666/5887 2446/3662/5888 2445/3663/5889
f 2452/3669/5890 2260/3388/5862 2442/3659/5874
f 2443/3660/5883 2448/3670/5891 2447/3648/5853
f 2444/3661/5892 2460/3671/5892 2457/3672/5892
f 2449/3666/5893 2444/3661/5893 2457/3672/5893
f 2449/3666/5894 2457/3672/5895 2450/3673/5896
f 2451/3674/5897 2449/3666/5887 2450/3673/5898
f 2446/3662/5888 2449/3666/5887 2451/3674/5897
f 2442/3659/5873 2446/3662/5877 2452/3669/5899
f 2446/3662/5877 2451/3674/5900 2452/3669/5899
f 2453/3654/5901 2265/3675/5902 2454/3676/5903
f 2453/3654/5904 2263/3393/5396 2262/3392/5395
f 2265/3675/5905 2453/3654/5905 2262/3392/5905
f 2443/3660/5883 2455/3677/5906 2448/3670/5891
f 2455/3677/5907 2443/3660/5907 2456/3678/5907
f 2443/3660/5908 2453/3654/5909 2456/3678/5910
f 2459/3679/5911 2455/3677/5912 2456/3678/5913
f 2455/3677/5912 2459/3679/5911 2458/3680/5914
f 2453/3654/5909 2454/3676/5915 2456/3678/5910
f 2454/3676/5915 2459/3679/5916 2456/3678/5910
f 2461/3681/5917 2457/3672/5917 2460/3671/5917
f 2457/3672/5895 2461/3681/5918 2450/3673/5896
f 2461/3681/5919 2451/3674/5920 2450/3673/5921
f 2451/3682/5920 2461/3683/5919 2462/3684/5922
f 2451/3674/5923 2462/3685/5923 2452/3669/5923
f 2452/3669/5924 2462/3685/5925 2463/3399/5926
f 2452/3669/5890 2463/3399/5927 2260/3388/5862
f 2464/3686/5928 2454/3676/5903 2265/3675/5902
f 2458/3680/5914 2459/3679/5911 2465/3687/5929
f 2459/3679/5916 2466/3688/5930 2465/3687/5931
f 2466/3688/5930 2459/3679/5916 2454/3676/5915
f 2464/3686/5928 2466/3688/5932 2454/3676/5903
f 2458/3680/5933 2467/3689/5934 2455/3677/5935
f 2460/3671/5936 2469/3690/5937 2461/3681/5938
f 2461/3681/5939 2473/3691/5940 2462/3685/5941
f 2462/3685/5925 2474/3402/5942 2463/3399/5926
f 2462/3685/5943 2473/3691/5943 2474/3402/5943
f 2468/3692/5944 2464/3686/5945 2267/3693/5946
f 2265/3675/5947 2267/3693/5946 2464/3686/5945
f 2467/3689/5948 2458/3680/5948 2475/3694/5948
f 2475/3694/5949 2458/3680/5914 2465/3687/5929
f 2468/3692/5950 2466/3688/5951 2464/3686/5952
f 2470/3695/5953 2461/3681/5938 2469/3690/5937
f 2470/3695/5954 2472/3696/5955 2473/3691/5956
f 2461/3681/5939 2470/3695/5957 2473/3691/5940
f 2473/3691/5958 2471/3697/5959 2474/3402/5960
f 2466/3688/5961 2478/3698/5961 2475/3694/5961
f 2466/3688/5962 2475/3694/5962 2465/3687/5962
f 2466/3688/5963 2476/3699/5964 2478/3698/5965
f 2468/3692/5950 2476/3699/5966 2466/3688/5951
f 2472/3696/5967 2479/3700/5968 2471/3697/5969
f 2472/3701/5955 2471/3702/5970 2473/3703/5956
f 2474/3402/5960 2479/3700/5971 2481/3704/5972
f 2479/3700/5971 2474/3402/5960 2471/3697/5959
f 2474/3402/5415 2481/3704/5973 2270/3405/5420
f 2468/3692/5974 2477/3705/5975 2476/3699/5976
f 2267/3693/5946 2477/3705/5977 2468/3692/5944
f 2532/3706/5978 2479/3700/5968 2472/3696/5967
f 2480/3707/5979 2479/3700/5980 2483/3708/5981
f 2479/3700/5982 2480/3707/5982 2481/3704/5982
f 2477/3705/5975 2485/3709/5983 2476/3699/5976
f 2478/3698/5965 2476/3699/5964 2482/3710/5984
f 2482/3710/5984 2476/3699/5964 2538/3711/5985
f 2480/3707/5986 2536/3712/5986 2484/3713/5986
f 2481/3704/5987 2480/3707/5987 2484/3713/5987
f 2484/3713/5988 2270/3405/5420 2481/3704/5973
f 2476/3699/5976 2485/3709/5983 2487/3714/5989
f 2477/3705/5990 2488/3715/5991 2485/3709/5992
f 2484/3713/5988 2278/3417/5993 2270/3405/5420
f 2276/3413/5441 2488/3716/5994 2477/3406/5426
f 2486/3717/5995 2544/3718/5996 2484/3713/5997
f 2278/3417/5993 2484/3713/5988 2544/3718/5998
f 2490/3719/5999 2488/3716/5994 2276/3413/5441
f 2291/3720/6000 2490/3719/6000 2276/3413/6000
f 2544/3718/5998 2489/3426/6001 2278/3417/5993
f 2490/3719/5999 2551/3721/6002 2488/3716/5994
f 2489/3426/6001 2550/3722/6003 2491/3723/6004
f 2550/3722/6003 2489/3426/6001 2544/3718/5998
f 2292/3430/6005 2287/3427/6005 2489/3426/6005
f 2551/3721/6002 2490/3719/5999 2552/3724/6006
f 2297/3438/6007 2489/3426/6008 2491/3723/6009
f 2489/3426/6008 2297/3438/6007 2292/3430/6010
f 2297/3438/6007 2491/3723/6009 2298/3439/6011
f 2491/3723/6009 2492/3725/6012 2298/3439/6011
f 2490/3719/6013 2493/3726/6013 2495/3727/6013
f 2493/3728/6014 2490/3436/6014 2295/3437/6014
f 2302/3443/6015 2493/3728/6016 2295/3437/6017
f 2501/3729/6018 2493/3728/6016 2302/3443/6015
f 2494/3730/6019 2492/3725/6020 2491/3723/6021
f 2298/3439/6022 2492/3725/6023 2498/3731/6024
f 2492/3725/6023 2497/3732/6025 2498/3731/6024
f 2298/3439/5497 2498/3731/6026 2499/3733/6027
f 2298/3439/5497 2499/3733/6027 2303/3444/5509
f 2307/3450/6028 2303/3444/6029 2499/3733/6030
f 2496/3734/6031 2305/3441/5504 2309/3446/6032
f 2501/3729/6033 2495/3735/6034 2493/3728/6035
f 2496/3734/6036 2501/3729/6037 2302/3443/6038
f 2305/3441/5504 2496/3734/6031 2302/3443/5508
f 2492/3725/6020 2494/3730/6019 2497/3732/6039
f 2499/3733/6027 2498/3731/6026 2503/3736/6040
f 2500/3737/6041 2496/3734/6031 2309/3446/6032
f 2500/3737/6042 2309/3446/5514 2310/3451/5520
f 2505/3738/6043 2495/3735/6034 2501/3729/6033
f 2505/3738/6044 2501/3729/6037 2496/3734/6036
f 2497/3732/6025 2502/3739/6045 2498/3731/6024
f 2498/3731/6026 2502/3739/6046 2503/3736/6040
f 2504/3740/6047 2499/3733/6030 2503/3736/6048
f 2499/3733/6030 2504/3740/6047 2307/3450/6028
f 2173/3275/6049 2307/3450/6050 2504/3740/6051
f 2500/3737/6052 2508/3741/6053 2507/3742/6054
f 2508/3741/6055 2500/3737/6042 2310/3451/5520
f 2559/3743/6056 2505/3738/6057 2560/3744/6058
f 2560/3744/6059 2505/3738/6044 2496/3734/6036
f 2500/3737/6041 2560/3744/6060 2496/3734/6031
f 2502/3739/6046 2506/3745/6061 2503/3736/6040
f 2503/3736/6048 2506/3745/6062 2504/3740/6047
f 2507/3742/6063 2560/3744/6060 2500/3737/6041
f 2509/3746/6064 2508/3741/6065 2310/3451/6066
f 2506/3745/6067 2173/3275/6049 2504/3740/6051
f 2508/3741/6053 2562/3747/6068 2507/3742/6054
f 2562/3747/6069 2508/3741/6065 2509/3746/6064
f 2571/3748/6070 2570/3453/5524 2005/3072/5178
f 2005/3072/5178 2572/3075/5525 2571/3748/6070
f 2019/3281/6071 2574/3457/6072 2311/3282/6073
f 2179/3100/5191 2181/3102/4800 2578/3749/6074
f 2623/3750/6075 2176/3751/6076 2576/3752/6077
f 2576/3753/6078 2176/2963/4545 2511/3286/5190
f 2625/3754/6079 2578/3749/6080 2181/3102/4804
f 2181/3104/4804 1700/2601/4803 2625/3755/6079
f 1922/1314/4553 2625/3755/6081 1700/2601/4551
f 2694/3287/5195 2580/2603/3914 1390/1899/2621
f 2516/3756/6082 2314/3474/6083 2513/3757/6084
f 2320/3480/6085 2517/3483/6086 2319/3479/6087
f 2582/3758/6088 2517/3483/5564 2321/3482/5563
f 2324/3759/6089 2582/3760/6090 2321/3761/6091
f 2514/3485/6092 2328/3492/6093 2322/3486/6094
f 2328/3492/6095 2583/3762/6096 2329/3500/6097
f 2627/3763/6098 2333/3764/6099 2334/3765/6100
f 2518/3766/6101 2627/3763/6098 2335/3767/6102
f 2334/3765/6100 2335/3767/6102 2627/3763/6098
f 2336/3506/6103 2329/3500/6104 2583/3762/6105
f 2584/3768/6106 2518/3766/6101 2340/3769/6107
f 2335/3767/6102 2340/3769/6107 2518/3766/6101
f 2336/3506/6108 2342/3523/6108 2337/3507/6108
f 2353/3544/6109 2362/3543/6110 2344/3770/6111
f 2350/3524/6112 2629/3771/6113 2363/3545/6114
f 2367/3562/6115 2363/3545/6116 2629/3771/6117
f 2362/3543/6110 2368/3552/6118 2663/3772/6119
f 2630/3571/6120 2663/3772/6119 2368/3552/6118
f 2522/3605/6121 2632/3773/6122 2390/3579/6123
f 2424/3626/6124 2524/3774/6125 2422/3633/6126
f 2422/3633/6126 2524/3774/6125 2431/3645/6127
f 2431/3645/6127 2524/3774/6125 2438/3657/6128
f 2435/3650/6129 2525/3656/5867 2527/3668/5885
f 2444/3661/6130 2526/3775/6131 2460/3671/6132
f 2455/3776/5935 2527/3668/5885 2448/3667/5884
f 2527/3668/5885 2455/3776/5935 2467/3777/5934
f 2526/3775/6131 2469/3690/6133 2460/3671/6132
f 2469/3690/6134 2528/3778/6135 2470/3695/6136
f 2467/3689/6137 2475/3694/6138 2529/3779/6139
f 2467/3777/6140 2533/3780/6141 2527/3668/6142
f 2467/3777/6140 2530/3781/6143 2533/3780/6141
f 2526/3775/6131 2528/3778/6144 2469/3690/6133
f 2532/3706/6145 2528/3778/6146 2531/3782/6147
f 2528/3778/6148 2532/3706/6148 2472/3696/6148
f 2470/3695/6136 2528/3778/6135 2472/3696/6149
f 2529/3779/6150 2482/3710/6150 2530/3783/6150
f 2529/3779/6139 2475/3694/6138 2478/3698/6151
f 2478/3698/6151 2482/3710/6152 2529/3779/6139
f 2529/3779/6153 2530/3783/6143 2467/3689/6140
f 2526/3775/6154 2531/3782/6154 2528/3778/6154
f 2532/3706/6155 2483/3708/6156 2479/3700/6157
f 2535/3784/6158 2483/3785/6156 2532/3786/6155
f 2537/3787/6159 2530/3783/6159 2482/3710/6159
f 2537/3787/6160 2482/3710/6161 2538/3711/6162
f 2586/3788/6163 2534/3789/6164 2531/3782/6165
f 2535/3790/6166 2531/3782/6147 2534/3789/6167
f 2532/3706/6145 2531/3782/6147 2535/3790/6166
f 2535/3790/6168 2536/3712/6168 2483/3708/6168
f 2483/3708/5981 2536/3712/6169 2480/3707/5979
f 2476/3699/5964 2487/3714/6170 2538/3711/5985
f 2537/3787/6171 2533/3791/6172 2530/3783/6173
f 2541/3792/6174 2535/3790/6166 2534/3789/6167
f 2541/3792/6175 2539/3793/6176 2535/3790/6176
f 2539/3793/6177 2541/3792/6177 2542/3794/6177
f 2535/3790/6176 2539/3793/6176 2536/3712/6178
f 2486/3717/6179 2536/3712/6180 2539/3793/6181
f 2484/3713/6182 2536/3712/6182 2486/3717/6182
f 2485/3709/5983 2545/3795/6183 2487/3714/5989
f 2540/3796/6184 2537/3787/6185 2546/3797/6186
f 2537/3787/6160 2538/3711/6162 2546/3797/6187
f 2487/3714/6170 2546/3797/6188 2538/3711/5985
f 2537/3787/6171 2540/3796/6189 2533/3791/6172
f 2588/3798/6190 2542/3794/6191 2541/3792/6192
f 2543/3799/6193 2544/3718/5996 2486/3717/5995
f 2543/3799/6194 2486/3717/6179 2539/3793/6181
f 2488/3715/5991 2545/3795/6195 2485/3709/5992
f 2590/3800/6196 2540/3796/6184 2549/3801/6197
f 2549/3801/6197 2540/3796/6184 2546/3797/6186
f 2548/3802/6198 2546/3797/6188 2487/3714/6170
f 2548/3802/6199 2487/3714/5989 2545/3795/6183
f 2542/3803/6200 2547/3804/6201 2539/3805/6202
f 2539/3793/6203 2547/3806/6203 2543/3799/6203
f 2543/3799/6193 2547/3806/6204 2544/3718/5996
f 2545/3795/6195 2488/3715/5991 2551/3807/6205
f 2548/3802/6198 2549/3801/6206 2546/3797/6188
f 2589/3808/6207 2547/3806/6201 2542/3794/6200
f 2547/3806/6204 2550/3722/6208 2544/3718/5996
f 2551/3807/6209 2548/3802/6199 2545/3795/6183
f 2549/3801/6206 2548/3802/6198 2591/3809/6210
f 2548/3802/6198 2596/3810/6211 2591/3809/6210
f 2595/3811/6212 2550/3722/6213 2547/3806/6214
f 2551/3807/6209 2596/3810/6215 2548/3802/6199
f 2491/3723/6004 2550/3722/6003 2494/3730/6216
f 2490/3719/5999 2553/3812/6217 2552/3724/6006
f 2495/3727/6218 2553/3812/6217 2490/3719/5999
f 2495/3727/6218 2555/3813/6219 2553/3812/6217
f 2554/3814/6220 2497/3732/6039 2494/3730/6019
f 2554/3814/6221 2502/3739/6222 2497/3732/6223
f 2559/3743/6224 2495/3735/6034 2505/3738/6043
f 2558/3815/6225 2502/3739/6226 2557/3816/6227
f 2502/3739/6222 2554/3814/6221 2557/3816/6228
f 2559/3743/6224 2555/3817/6229 2495/3735/6034
f 2554/3814/6230 2606/3818/6231 2556/3819/6232
f 2556/3819/6233 2557/3816/6228 2554/3814/6221
f 2502/3739/6046 2558/3815/6234 2506/3745/6061
f 2558/3815/6234 2561/3820/6235 2506/3745/6061
f 2173/3275/6236 2506/3745/6237 2561/3820/6238
f 2560/3744/6060 2507/3742/6063 2562/3747/6239
f 2559/3743/6224 2607/3821/6240 2555/3817/6229
f 2563/3822/6241 2559/3743/6056 2560/3744/6058
f 2173/3275/6236 2561/3820/6238 2564/3278/6242
f 2562/3747/6243 2509/3746/6244 2567/3823/6245
f 2563/3822/6241 2607/3821/6246 2559/3743/6056
f 2560/3744/6060 2562/3747/6239 2563/3822/6247
f 2569/3452/6248 2564/3278/6248 2612/3824/6248
f 2566/3825/6249 2565/3826/6249 2562/3747/6249
f 2562/3747/6243 2567/3823/6245 2566/3825/6250
f 2509/3746/6251 2570/3827/6252 2567/3823/6245
f 2565/3826/6253 2568/3828/6254 2562/3747/6239
f 2562/3747/6239 2568/3828/6254 2563/3822/6247
f 2611/3829/6255 2564/3278/6242 2561/3820/6238
f 2612/3824/6256 2564/3278/6242 2611/3829/6255
f 2567/3823/6245 2570/3827/6252 2566/3825/6250
f 2011/3077/4749 2680/3830/6257 2573/3280/5181
f 2573/3280/6258 2618/3831/6259 2312/3279/5527
f 2618/3831/6259 2017/3082/5528 2312/3279/5527
f 2618/3832/6260 2617/3454/5526 2017/3083/4768
f 2174/3089/4778 2617/3284/5186 2681/3833/6261
f 2511/3286/5189 2575/3460/5535 2576/3753/6262
f 2179/3100/4797 2621/3834/6263 2178/3101/4798
f 2023/3091/5192 2178/3099/5194 2621/3835/6264
f 2578/3749/6074 2658/3836/6265 2179/3100/5191
f 2176/3751/6076 2623/3750/6075 1699/2182/6266
f 2623/3750/6267 2624/348/6268 1699/2182/6269
f 1699/2182/6269 2624/348/6268 2512/349/6270
f 1922/1314/4553 2579/312/6271 2625/3755/6081
f 2515/3470/6272 2581/3837/6273 2314/3474/6274
f 2513/3838/6275 2514/3485/6276 2516/3466/6277
f 2515/3470/6278 2693/3839/6279 2581/3837/6280
f 2693/3839/6279 2515/3470/6278 2317/3472/6281
f 2693/3839/6279 2317/3472/6281 2185/3294/5213
f 2699/3840/6282 2582/3760/6090 2324/3759/6089
f 2583/3762/6105 2628/3841/6283 2336/3506/6103
f 2584/3768/6284 2340/3769/6285 2344/3770/6111
f 2336/3842/6286 2350/3843/6286 2342/3844/6286
f 2585/3845/6287 2344/3770/6111 2362/3543/6110
f 2663/3772/6119 2585/3845/6287 2362/3543/6110
f 2520/3846/6288 2385/3572/6289 2519/3561/6290
f 2520/3846/6291 2631/3847/6292 2521/3585/6293
f 2385/3572/6294 2520/3846/6291 2521/3585/6293
f 2394/3604/5782 2523/3625/6295 2819/3848/6296
f 2405/3610/5790 2523/3625/5816 2394/3604/5791
f 2410/3616/5798 2524/3774/6125 2424/3626/6124
f 2410/3616/5798 2424/3626/6124 2414/3620/5808
f 2421/3632/6297 2429/3640/6298 2527/3668/5885
f 2435/3650/6129 2527/3668/5885 2429/3640/6298
f 2526/3775/6131 2586/3788/6163 2531/3782/6165
f 2534/3789/6299 2586/3788/6300 2541/3792/6301
f 2533/3780/6302 2540/3849/6303 2587/3850/6304
f 2586/3788/6300 2588/3798/6305 2541/3792/6301
f 2590/3851/6306 2587/3850/6304 2540/3849/6303
f 2589/3808/6307 2588/3798/6190 2593/3852/6308
f 2593/3852/6309 2594/3853/6310 2589/3808/6311
f 2542/3794/6191 2588/3798/6190 2589/3808/6307
f 2591/3809/6312 2590/3800/6196 2549/3801/6197
f 2592/3854/6313 2593/3852/6314 2588/3798/6315
f 2595/3811/6316 2594/3853/6317 2598/3855/6318
f 2589/3808/6207 2594/3853/6317 2547/3806/6201
f 2594/3853/6317 2595/3811/6316 2547/3806/6201
f 2598/3855/6319 2550/3722/6213 2595/3811/6212
f 2590/3800/6196 2591/3809/6312 2600/3856/6320
f 2601/3857/6321 2600/3856/6320 2591/3809/6312
f 2596/3810/6211 2601/3857/6322 2591/3809/6210
f 2600/3856/6323 2587/3858/6304 2590/3800/6306
f 2593/3852/6309 2597/3859/6324 2594/3853/6310
f 2598/3855/6318 2594/3853/6317 2597/3859/6325
f 2603/3860/6326 2550/3722/6327 2598/3855/6328
f 2551/3807/6329 2599/3861/6329 2596/3810/6329
f 2552/3724/6330 2599/3862/6330 2551/3721/6330
f 2552/3863/6331 2553/3864/6332 2599/3861/6333
f 2600/3856/6320 2601/3857/6321 2605/3865/6334
f 2602/3866/6335 2605/3865/6336 2601/3857/6322
f 2596/3810/6211 2602/3866/6335 2601/3857/6322
f 2602/3866/6337 2596/3810/6338 2599/3861/6339
f 2603/3860/6340 2604/3867/6341 2550/3722/6342
f 2599/3861/6333 2553/3864/6332 2640/3868/6343
f 2550/3722/6003 2604/3867/6344 2494/3730/6216
f 2554/3814/6345 2494/3730/6216 2604/3867/6344
f 2646/3869/6346 2553/3812/6217 2647/3870/6347
f 2606/3818/6348 2554/3814/6345 2604/3867/6344
f 2555/3813/6219 2647/3870/6347 2553/3812/6217
f 2555/3813/6219 2607/3871/6349 2608/3872/6350
f 2606/3818/6231 2648/3873/6351 2556/3819/6232
f 2557/3816/6227 2609/3874/6352 2558/3815/6225
f 2558/3815/6234 2609/3874/6353 2611/3829/6354
f 2561/3820/6235 2558/3815/6234 2611/3829/6354
f 2610/3875/6355 2607/3821/6246 2563/3822/6241
f 2563/3822/6356 2568/3828/6357 2610/3875/6358
f 2557/3816/6228 2556/3819/6233 2648/3873/6359
f 2648/3873/6360 2609/3874/6361 2557/3816/6362
f 2565/3826/6253 2613/3876/6363 2614/3877/6364
f 2566/3825/6365 2613/3876/6365 2565/3826/6365
f 2610/3875/6366 2608/3878/6367 2607/3821/6368
f 2565/3826/6253 2614/3877/6364 2568/3828/6254
f 2611/3829/6354 2609/3874/6353 2654/3879/6369
f 2569/3452/5523 2612/3824/6370 2615/3880/6371
f 2655/3881/6372 2613/3876/6372 2616/3882/6372
f 2616/3882/6373 2613/3876/6373 2570/3827/6373
f 2570/3827/6252 2613/3876/6374 2566/3825/6250
f 2568/3828/6357 2614/3877/6375 2610/3875/6358
f 2611/3829/6255 2654/3879/6376 2612/3824/6256
f 2615/3880/6377 2612/3824/6256 2654/3879/6376
f 2570/3453/5524 2571/3748/6070 2616/3883/6378
f 2569/3452/5523 2680/3830/6257 2011/3077/4749
f 2311/3282/5184 2657/3884/6379 2572/3075/5525
f 2574/3283/5185 2619/3455/5530 2656/3885/6380
f 2311/3282/6073 2574/3457/6072 2657/3884/6381
f 2023/3091/4786 2621/3835/6382 2620/3459/5533
f 2575/3460/5537 2577/3461/5536 2685/3886/6383
f 2576/3753/6262 2575/3460/5535 2685/3886/6384
f 2658/3836/6385 2621/3834/6263 2179/3100/4797
f 2622/3887/6386 2658/3836/6265 2578/3749/6074
f 2578/3749/6080 2625/3754/6079 2622/3887/6387
f 2513/3838/6275 2626/3888/6388 2514/3485/6276
f 2187/3297/5221 2319/3479/6389 2659/3889/6390
f 2324/3759/6391 2333/3764/6392 2699/3840/6393
f 2627/3763/6394 2661/3890/6395 2333/3764/6396
f 2583/3762/6105 2660/3891/6397 2628/3841/6283
f 2628/3841/6398 2350/3524/6112 2336/3506/6399
f 2585/3845/6287 2584/3768/6284 2344/3770/6111
f 2630/3571/6120 2390/3579/6400 2707/3892/6401
f 2632/3773/6122 2707/3892/6401 2390/3579/6123
f 2394/3604/5782 2819/3848/6296 2522/3605/5783
f 2521/3585/6293 2410/3616/5798 2398/3593/6402
f 2421/3632/6297 2527/3668/5885 2523/3625/6295
f 2524/3774/6125 2444/3661/6130 2438/3657/6128
f 2444/3661/6130 2524/3774/6125 2526/3775/6131
f 2588/3798/6403 2586/3788/6403 2592/3854/6403
f 2587/3850/6404 2664/3893/6405 2533/3780/6406
f 2593/3852/6314 2592/3854/6313 2633/3894/6407
f 2597/3859/6408 2593/3852/6409 2633/3894/6410
f 2636/3895/6411 2664/3893/6405 2587/3850/6404
f 2600/3896/6323 2636/3895/6412 2587/3850/6304
f 2633/3894/6413 2592/3854/6413 2665/3897/6413
f 2633/3894/6410 2634/3898/6414 2597/3859/6408
f 2634/3898/6414 2635/3899/6415 2597/3859/6408
f 2635/3899/6416 2598/3855/6318 2597/3859/6325
f 2635/3899/6416 2638/3900/6417 2598/3855/6318
f 2598/3855/6328 2638/3900/6418 2603/3860/6326
f 2636/3901/6419 2600/3856/6420 2605/3865/6421
f 2635/3899/6422 2634/3898/6422 2637/3902/6422
f 2639/3903/6423 2635/3899/6424 2637/3902/6425
f 2635/3899/6424 2639/3903/6423 2638/3900/6426
f 2604/3867/6341 2603/3860/6340 2644/3904/6427
f 2638/3900/6428 2644/3904/6429 2603/3860/6430
f 2553/3864/6431 2646/3905/6432 2640/3868/6433
f 2636/3901/6419 2605/3865/6421 2641/3906/6434
f 2642/3907/6435 2641/3906/6434 2605/3865/6421
f 2643/3908/6436 2642/3907/6437 2605/3865/6336
f 2602/3866/6335 2643/3908/6436 2605/3865/6336
f 2640/3868/6438 2643/3908/6439 2602/3866/6337
f 2599/3861/6339 2640/3868/6438 2602/3866/6337
f 2638/3900/6428 2639/3903/6440 2644/3904/6429
f 2644/3904/6427 2645/3909/6441 2604/3867/6341
f 2643/3908/6442 2668/3910/6442 2642/3907/6442
f 2640/3868/6443 2668/3910/6443 2643/3908/6443
f 2645/3911/6444 2718/3912/6444 2604/3913/6444
f 2604/3867/6344 2718/3914/6445 2606/3818/6348
f 2647/3870/6347 2555/3813/6219 2608/3872/6350
f 2606/3818/6348 2673/3915/6446 2648/3873/6447
f 2650/3916/6448 2608/3878/6367 2610/3875/6366
f 2673/3915/6446 2649/3917/6449 2648/3873/6447
f 2649/3917/6450 2652/3918/6450 2648/3873/6450
f 2654/3879/6369 2609/3874/6353 2652/3918/6451
f 2609/3874/6361 2648/3873/6360 2652/3918/6452
f 2651/3919/6453 2614/3877/6364 2613/3876/6363
f 2613/3876/6363 2655/3881/6454 2651/3919/6453
f 2650/3920/6455 2672/3921/6455 2608/3872/6455
f 2614/3877/6456 2651/3919/6457 2650/3916/6458
f 2610/3875/6459 2614/3877/6456 2650/3916/6458
f 2654/3879/6460 2652/3918/6460 2653/3922/6460
f 2653/3922/6461 2615/3880/6377 2654/3879/6376
f 2616/3883/6378 2571/3748/6070 2679/3923/6462
f 2572/3075/5525 2657/3884/6379 2739/3924/6463
f 2681/3833/6464 2510/3458/5532 2174/3089/5187
f 2683/3925/6465 2619/3285/5188 2620/3459/5534
f 2684/3926/6466 2620/3459/5533 2621/3835/6382
f 2576/3753/6262 2685/3886/6384 2686/3927/6467
f 2510/3458/5539 2682/3928/6468 2577/3462/5540
f 2577/3461/5536 2682/3929/6469 2685/3886/6383
f 2687/3930/6470 2621/3834/6263 2658/3836/6385
f 2658/3836/6265 2622/3887/6386 2687/3930/6471
f 2688/3931/6472 2622/3887/6387 2625/3754/6079
f 2689/138/6473 2625/3755/6081 2579/312/6271
f 2513/3757/6084 2314/3474/6083 2691/3932/6474
f 2313/3106/4807 2187/3297/5221 2694/3287/5195
f 2319/3479/6087 2517/3483/6086 2659/3889/6475
f 2626/3888/6388 2698/3933/6476 2514/3485/6276
f 2514/3485/6092 2698/3933/6477 2328/3492/6093
f 2333/3764/6392 2701/3934/6478 2699/3840/6393
f 2518/3766/6101 2661/3890/6479 2627/3763/6098
f 2662/3935/6480 2518/3766/6101 2584/3768/6106
f 2629/3771/6113 2350/3524/6112 2703/3936/6481
f 2703/3936/6481 2704/3937/6482 2367/3562/6115
f 2703/3936/6481 2367/3562/6115 2629/3771/6117
f 2367/3562/6115 2704/3937/6482 2519/3561/6290
f 2630/3571/6120 2818/3938/6483 2663/3772/6119
f 2522/3605/6121 2819/3848/6484 2632/3773/6122
f 2521/3585/6293 2524/3774/6125 2410/3616/5798
f 2819/3848/6296 2523/3625/6295 2527/3668/5885
f 2527/3668/5885 2533/3780/6406 2819/3848/6296
f 2526/3775/6131 2710/3939/6485 2586/3788/6163
f 2586/3788/6163 2710/3939/6485 2592/3854/6486
f 2592/3854/6486 2710/3939/6485 2665/3897/6487
f 2665/3897/6488 2634/3898/6488 2633/3894/6488
f 2641/3906/6489 2664/3940/6490 2636/3901/6491
f 2666/3941/6492 2667/3942/6493 2637/3943/6494
f 2667/3944/6495 2644/3904/6495 2639/3903/6495
f 2665/3897/6496 2666/3945/6497 2634/3898/6498
f 2637/3943/6494 2667/3942/6493 2639/3946/6499
f 2666/3945/6497 2637/3902/6500 2634/3898/6498
f 2640/3868/6433 2646/3905/6432 2668/3910/6501
f 2669/3947/6502 2642/3907/6503 2670/3948/6504
f 2641/3906/6505 2642/3907/6503 2669/3947/6502
f 2671/3949/6506 2670/3950/6506 2668/3951/6506
f 2668/3910/6507 2670/3948/6507 2642/3907/6507
f 2664/3893/6490 2641/3952/6489 2669/3953/6508
f 2718/3914/6509 2644/3904/6509 2667/3944/6509
f 2644/3904/6510 2718/3914/6510 2645/3909/6510
f 2646/3869/6511 2719/3954/6512 2720/3955/6513
f 2671/3956/6514 2668/3910/6514 2646/3905/6514
f 2721/3957/6515 2670/3950/6515 2671/3949/6515
f 2647/3870/6347 2719/3954/6516 2646/3869/6346
f 2718/3914/6445 2723/3958/6517 2606/3818/6348
f 2606/3818/6348 2723/3958/6517 2673/3915/6446
f 2673/3915/6518 2652/3918/6519 2649/3917/6520
f 2650/3916/6521 2678/3959/6522 2672/3960/6523
f 2650/3916/6521 2651/3919/6524 2678/3959/6522
f 2678/3959/6525 2651/3919/6526 2655/3881/6527
f 2674/3961/6528 2673/3915/6529 2729/3962/6530
f 2673/3915/6518 2674/3961/6531 2652/3918/6519
f 2675/3963/6532 2653/3964/6533 2674/3965/6534
f 2653/3964/6533 2652/3966/6535 2674/3965/6534
f 2729/3967/6536 2675/3963/6537 2674/3965/6538
f 2730/3968/6539 2676/3969/6539 2675/3970/6539
f 2653/3922/6540 2675/3970/6540 2676/3969/6540
f 2653/3922/6541 2676/3969/6541 2615/3880/6541
f 2569/3452/5523 2615/3880/6371 2676/3969/6542
f 2677/3971/6543 2679/3923/6544 2731/3972/6545
f 2677/3973/6546 2731/3974/6546 2678/3975/6546
f 2655/3881/6547 2679/3976/6548 2677/3977/6549
f 2655/3881/6547 2616/3882/6550 2679/3976/6548
f 2677/3973/6551 2678/3975/6525 2655/3978/6527
f 2571/3748/6552 2739/3924/6552 2679/3923/6552
f 2676/3969/6542 2680/3830/6257 2569/3452/5523
f 2572/3075/5525 2739/3924/6463 2571/3748/6070
f 2510/3458/5532 2681/3833/6464 2742/3979/6553
f 2742/3979/6554 2682/3928/6468 2510/3458/5539
f 2620/3459/5533 2684/3926/6466 2683/3925/6555
f 2685/3886/6383 2682/3929/6469 2743/3980/6556
f 2687/3930/6470 2684/3981/6557 2621/3834/6263
f 2687/3930/6471 2622/3887/6386 2745/3982/6558
f 2688/3931/6472 2745/3982/6559 2622/3887/6387
f 2624/3983/6560 2623/3984/6560 2746/3985/6560
f 2689/138/6473 2748/137/6561 2625/3755/6081
f 2746/3986/6562 2747/109/6563 2624/348/6564
f 2581/3837/6273 2690/3987/6565 2314/3474/6274
f 2513/3838/6084 2691/3988/6474 2692/3989/6566
f 2692/3989/6567 2626/3888/6388 2513/3838/6275
f 2581/3837/6280 2693/3839/6279 2690/3987/6568
f 2185/3294/5213 2979/3990/6569 2693/3839/6279
f 2979/3990/6569 2185/3294/5213 2580/2603/3914
f 2696/3991/6570 2582/3760/6570 2697/3992/6570
f 2699/3840/6282 2697/3992/6571 2582/3760/6090
f 2517/3483/5564 2582/3758/6088 2696/3993/6572
f 2700/3994/6573 2328/3492/6093 2698/3933/6477
f 2628/3841/6283 2660/3891/6397 2702/3995/6574
f 2518/3766/6101 2662/3935/6480 2661/3890/6479
f 2628/3841/6398 2702/3995/6575 2350/3524/6112
f 2705/3996/6576 2585/3845/6287 2663/3772/6119
f 2663/3772/6119 2818/3938/6483 2705/3996/6576
f 2631/3847/6292 2520/3846/6291 2706/3997/6577
f 2632/3773/6122 2708/3998/6578 2707/3892/6401
f 2631/3847/6292 2820/3999/6579 2521/3585/6293
f 2524/3774/6125 2710/3939/6485 2526/3775/6131
f 2664/3893/6405 2709/4000/6580 2533/3780/6406
f 2664/3893/6405 2711/4001/6581 2709/4000/6580
f 2669/3953/6582 2711/4001/6581 2664/3893/6405
f 2665/3897/6487 2710/3939/6485 2712/4002/6583
f 2713/4003/6584 2714/4004/6584 2712/4002/6584
f 2666/3945/6585 2712/4002/6585 2714/4004/6585
f 2712/4002/6586 2666/3945/6586 2665/3897/6586
f 2721/3957/6587 2669/4005/6587 2670/3950/6587
f 2713/4006/6588 2715/4007/6589 2714/4008/6590
f 2715/4007/6589 2713/4006/6588 2759/4009/6591
f 2667/3942/6592 2715/4007/6592 2716/4010/6592
f 2667/3942/6593 2714/4008/6593 2715/4007/6593
f 2667/3942/6594 2666/3941/6594 2714/4008/6594
f 2716/4011/6595 2717/4012/6595 2718/4013/6595
f 2716/4014/6596 2718/3914/6596 2667/3944/6596
f 2720/3955/6513 2719/3954/6512 2722/4015/6597
f 2671/4016/6598 2646/4017/6598 2720/4018/6598
f 2721/3957/6599 2671/3949/6599 2722/4019/6599
f 2722/4015/6600 2671/4020/6600 2720/3955/6600
f 2647/4021/6601 2724/4022/6601 2719/4023/6601
f 2608/3872/6350 2725/4024/6602 2647/3870/6347
f 2672/3921/6603 2725/4024/6602 2608/3872/6350
f 2729/3967/6604 2727/4025/6604 2728/4026/6604
f 2727/4027/6605 2673/3915/6605 2726/4028/6605
f 2728/4026/6606 2730/4029/6607 2729/3967/6608
f 2727/4027/6609 2729/3962/6530 2673/3915/6529
f 2675/3963/6537 2729/3967/6536 2730/4029/6610
f 2678/3975/6611 2731/3974/6611 2733/4030/6611
f 2733/4030/6612 2731/3974/6612 2736/4031/6612
f 2732/4032/6613 2725/4024/6613 2672/3921/6613
f 2733/4030/6614 2732/4033/6614 2678/3975/6614
f 2732/4032/6615 2672/3921/6615 2678/4034/6615
f 2730/3968/6616 2735/4035/6616 2676/3969/6616
f 2735/4035/6617 2730/3968/6617 2734/4036/6617
f 2737/4037/6618 2731/3972/6618 2738/4038/6618
f 2736/4031/6619 2731/3974/6619 2737/4039/6619
f 2738/4038/6620 2731/3972/6545 2679/3923/6544
f 2739/3924/6463 2738/4038/6621 2679/3923/6622
f 2740/4040/6623 2739/3924/6463 2657/3884/6379
f 2680/3830/6624 2741/4041/6625 2573/3280/6258
f 2618/3831/6259 2573/3280/6258 2741/4041/6625
f 2686/3927/6467 2743/3980/6626 2744/4042/6627
f 2743/3980/6626 2686/3927/6467 2685/3886/6384
f 2686/3927/6467 2744/4042/6627 2576/3753/6262
f 2576/3752/6077 2744/4043/6628 2623/3750/6075
f 2698/3933/6476 2692/3989/6567 2815/4044/6629
f 2187/3297/5221 2659/3889/6390 2695/4045/6630
f 2187/3297/5221 2695/4045/6630 2779/4046/6631
f 2659/3889/6475 2517/3483/6086 2695/4045/6632
f 2517/3483/6086 2780/4047/6633 2695/4045/6632
f 2692/3989/6567 2698/3933/6476 2626/3888/6388
f 2697/3992/6571 2699/3840/6282 2749/4048/6634
f 2852/4049/6635 2699/3840/6393 2701/3934/6478
f 2660/3891/6636 2583/3762/6096 2328/3492/6095
f 2700/3994/6637 2660/3891/6636 2328/3492/6095
f 2333/3764/6396 2661/3890/6395 2750/4050/6638
f 2333/3764/6396 2750/4050/6638 2701/3934/6639
f 2662/3935/6640 2584/3768/6284 2752/4051/6641
f 2584/3768/6284 2585/3845/6287 2752/4051/6641
f 2753/4052/6642 2704/3937/6482 2703/3936/6481
f 2585/3845/6287 2705/3996/6576 2752/4051/6643
f 2706/3997/6644 2520/3846/6288 2519/3561/6290
f 2630/3571/6120 2707/3892/6401 2783/4053/6645
f 2706/3997/6577 2820/3999/6579 2631/3847/6292
f 2708/3998/6578 2632/3773/6122 2819/3848/6484
f 2524/3774/6125 2521/3585/6293 2820/3999/6579
f 2819/3848/6296 2533/3780/6406 2914/4054/6646
f 2821/4055/6647 2914/4054/6646 2533/3780/6406
f 2533/3780/6406 2709/4000/6580 2821/4055/6647
f 2710/3939/6648 2754/4056/6648 2712/4002/6648
f 2712/4002/6649 2754/4056/6649 2713/4003/6649
f 2754/4057/6650 2755/4058/6650 2713/4006/6650
f 2755/4059/6651 2754/4060/6652 2756/4061/6653
f 2757/4062/6654 2711/4001/6654 2761/4063/6654
f 2711/4001/6655 2757/4062/6656 2758/4064/6657
f 2715/4065/6658 2759/4066/6658 2716/4067/6658
f 2713/4006/6659 2791/4068/6659 2759/4009/6659
f 2791/4068/6660 2713/4006/6660 2755/4058/6660
f 2759/4009/6661 2791/4068/6661 2792/4069/6661
f 2759/4066/6662 2717/4070/6662 2716/4067/6662
f 2792/2137/6663 2717/4070/6663 2759/4066/6663
f 2722/4015/6664 2719/3954/6664 2724/4071/6664
f 2724/4071/6665 2760/4072/6665 2722/4015/6665
f 2711/4001/6666 2669/3953/6667 2721/4073/6668
f 2721/3957/6669 2722/4019/6669 2761/4074/6669
f 2761/4063/6670 2711/4001/6666 2721/4073/6668
f 2760/4075/6671 2761/4074/6671 2722/4019/6671
f 2761/4074/6672 2760/4075/6672 2762/4076/6672
f 2762/4076/6673 2757/4077/6673 2761/4074/6673
f 2723/3958/6674 2718/3914/6675 2717/4078/6676
f 2647/3870/6347 2725/4024/6602 2724/4071/6677
f 2763/4079/6678 2673/3915/6446 2723/3958/6517
f 2763/4079/6678 2726/4028/6679 2673/3915/6446
f 2728/4026/6680 2727/4025/6680 2764/4080/6680
f 2764/4080/6681 2727/4025/6682 2726/4081/6683
f 2765/4082/6684 2764/4080/6684 2799/4083/6684
f 2728/4026/6606 2734/4084/6685 2730/4029/6607
f 2765/4082/6686 2734/4084/6687 2728/4026/6688
f 2764/4080/6689 2765/4082/6686 2728/4026/6688
f 2734/4085/6690 2765/4086/6690 2766/4087/6690
f 2767/4088/6691 2733/4030/6692 2736/4031/6693
f 2768/4089/6694 2733/4030/6692 2767/4088/6691
f 2732/4033/6695 2733/4030/6695 2768/4089/6695
f 2725/4024/6696 2732/4032/6696 2769/4090/6696
f 2732/4032/6697 2768/4091/6697 2769/4090/6697
f 2766/4087/6698 2735/4092/6698 2734/4085/6698
f 2738/4038/6699 2770/4093/6699 2737/4037/6699
f 2738/4038/6621 2739/3924/6463 2770/4093/6700
f 2767/4088/6701 2736/4031/6701 2737/4039/6701
f 2770/4093/6702 2771/4094/6703 2737/4037/6704
f 2735/4035/6705 2680/3830/6257 2676/3969/6542
f 2617/3454/5526 2618/3832/6260 2809/4095/6706
f 2773/4096/6707 2740/4040/6623 2657/3884/6379
f 2619/3455/5530 2810/4097/6708 2656/3885/6380
f 2681/3833/6261 2617/3284/5186 2809/4098/6709
f 2774/4099/6710 2742/3979/6553 2681/3833/6464
f 2681/3833/6261 2809/4098/6709 2774/4099/6711
f 2775/4100/6712 2744/4042/6627 2743/3980/6626
f 2682/3929/6469 2775/4100/6713 2743/3980/6556
f 2687/3930/6470 2776/4101/6714 2684/3981/6557
f 2684/3926/6557 2776/4102/6714 2812/4103/6715
f 2687/3930/6471 2745/3982/6558 2776/4101/6716
f 2776/4101/6716 2745/3982/6558 2814/4104/6717
f 2745/3982/6559 2688/3931/6472 2814/4104/6718
f 2814/4105/6719 2688/4106/6719 2625/3755/6719
f 101/341/414 2747/109/124 192/111/126
f 2778/4107/6720 2691/3932/6721 2314/3474/6722
f 2314/3474/6274 2690/3987/6565 2778/4107/6565
f 3272/4108/6723 2979/3990/6569 2580/2603/3914
f 2187/3297/5221 2779/4046/6631 2694/3287/5195
f 2780/4047/6724 2517/3483/5564 2696/3993/6572
f 2901/4109/6725 2698/3933/6476 2815/4044/6629
f 2749/4048/6634 2699/3840/6282 2852/4049/6726
f 2702/3995/6574 2660/3891/6397 2781/4110/6727
f 2661/3890/6479 2662/3935/6480 2751/4111/6728
f 2661/3890/6479 2751/4111/6728 2750/4050/6729
f 2751/4111/6730 2662/3935/6640 2817/4112/6731
f 2817/4112/6731 2662/3935/6640 2752/4051/6641
f 2782/4113/6732 2350/3524/6112 2702/3995/6575
f 2703/3936/6481 2350/3524/6112 2782/4113/6732
f 2820/3999/6579 2706/3997/6577 2784/4114/6733
f 2785/4115/6734 2524/3774/6125 2820/3999/6579
f 2785/4115/6734 2786/4116/6735 2524/3774/6125
f 2786/4116/6735 2787/4117/6736 2524/3774/6125
f 2787/4117/6736 2710/3939/6485 2524/3774/6125
f 2709/4000/6580 2822/4118/6737 2821/4055/6647
f 2823/4119/6738 2788/4120/6739 2710/3939/6485
f 2825/4121/6740 2710/3939/6485 2788/4120/6739
f 2790/4122/6741 2789/4123/6742 2710/3939/6743
f 2796/4124/6744 2830/4125/6744 2758/4064/6744
f 2709/4000/6745 2711/4001/6745 2758/4064/6745
f 2709/4000/6746 2758/4064/6747 2830/4125/6748
f 2789/4123/6742 2754/4056/6749 2710/3939/6743
f 2789/4126/6750 2756/4061/6653 2754/4060/6652
f 2791/4068/6751 2755/4058/6751 2756/4127/6751
f 2793/4128/6752 2756/4061/6752 2789/4126/6752
f 2794/4129/6753 2791/4068/6753 2756/4127/6753
f 2792/4130/6754 2791/4131/6755 2794/4132/6756
f 2794/4132/6756 2795/4133/6757 2792/4130/6754
f 2757/4062/6656 2796/4124/6758 2758/4064/6657
f 2762/4076/6759 2796/4134/6759 2757/4077/6759
f 2792/4130/6754 2795/4133/6757 2717/4135/6760
f 2760/4072/6761 2832/4136/6761 2762/4137/6761
f 2760/4072/6762 2724/4071/6762 2832/4136/6762
f 2724/4071/6763 2797/4138/6763 2832/4136/6763
f 2724/4071/6677 2725/4024/6602 2837/4139/6764
f 2724/4071/6677 2837/4139/6764 2834/4140/6765
f 2798/4141/6766 2799/4142/6767 2763/4143/6768
f 2837/4139/6769 2725/4024/6769 2769/4090/6769
f 2800/4144/6770 2837/4139/6771 2769/4090/6772
f 2763/4143/6773 2799/4142/6774 2726/4145/6683
f 2764/4146/6681 2726/4145/6683 2799/4142/6774
f 2799/4083/6775 2802/4147/6776 2765/4082/6777
f 2765/4082/6777 2802/4147/6776 2803/4148/6778
f 2765/4149/6779 2804/4150/6780 2735/4151/6781
f 2804/4152/6782 2841/4153/6783 2735/4035/6784
f 2771/4094/6785 2805/4154/6785 2737/4037/6785
f 2805/4155/6786 2767/4088/6787 2737/4039/6788
f 2767/4088/6787 2805/4155/6786 2807/4156/6789
f 2805/4154/6790 2771/4094/6791 2806/4157/6792
f 2768/4089/6793 2767/4088/6787 2807/4156/6789
f 2769/4158/6794 2768/4089/6794 2807/4156/6794
f 2800/4144/6795 2769/4090/6796 2807/4159/6797
f 2801/4160/6798 2800/4144/6795 2807/4159/6797
f 2807/4156/6799 2805/4155/6799 2801/4161/6799
f 2765/4162/6800 2735/4163/6800 2766/4164/6800
f 2771/4094/6703 2770/4093/6702 2808/4165/6801
f 2808/4165/6802 2770/4093/6700 2739/3924/6463
f 2739/3924/6463 2740/4040/6623 2773/4096/6707
f 2772/4166/6803 2809/4095/6706 2618/3832/6260
f 2811/4167/6804 2773/4096/6805 2657/3884/6381
f 2657/3884/6381 2574/3457/6072 2811/4167/6804
f 2812/4103/6806 2683/3925/6555 2684/3926/6466
f 2744/4042/6627 2775/4100/6712 2813/4168/6807
f 2742/3979/6554 2775/4169/6808 2682/3928/6468
f 2815/4044/6809 2692/3989/6566 2691/3988/6474
f 2691/3932/6721 2778/4107/6720 2816/4170/6810
f 2979/3990/6569 2851/4171/6811 2693/3839/6279
f 2749/4048/6634 2696/3991/6812 2697/3992/6571
f 2696/3991/6812 2749/4048/6634 2852/4049/6726
f 2700/3994/6637 2781/4110/6813 2660/3891/6636
f 2782/4113/6732 2907/4172/6814 2703/3936/6481
f 2907/4172/6814 2753/4052/6642 2703/3936/6481
f 2752/4051/6643 2705/3996/6576 2818/3938/6483
f 2519/3561/6290 2704/3937/6482 2856/4173/6815
f 2783/4053/6645 2818/3938/6483 2630/3571/6120
f 2706/3997/6644 2519/3561/6290 2910/4174/6816
f 2819/3848/6484 2707/3892/6401 2708/3998/6578
f 2914/4054/6646 2861/4175/6817 2819/3848/6296
f 2787/4117/6736 2786/4116/6735 2915/4176/6818
f 2823/4119/6738 2710/3939/6485 2787/4117/6736
f 2865/4177/6819 2823/4119/6738 2787/4117/6736
f 2709/4000/6580 2824/4178/6820 2822/4118/6737
f 2824/4178/6821 2709/4000/6821 2826/4179/6821
f 2790/4180/6822 2872/4181/6823 2827/4182/6824
f 2875/4183/6825 2826/4179/6826 2830/4125/6827
f 2825/4121/6828 2790/4122/6741 2710/3939/6743
f 2790/4180/6822 2827/4182/6824 2789/4126/6829
f 2827/4182/6830 2880/4184/6831 2793/4128/6832
f 2875/4183/6833 2830/4125/6833 2829/4185/6833
f 2829/4185/6834 2877/4186/6835 2879/4187/6836
f 2826/4179/6837 2709/4000/6746 2830/4125/6748
f 2793/4128/6838 2789/4126/6829 2827/4182/6824
f 2795/4133/6839 2794/4132/6839 2880/4184/6839
f 2880/4184/6831 2794/4132/6840 2793/4128/6832
f 2828/4188/6841 2795/4133/6841 2880/4184/6841
f 2762/4137/6842 2832/4136/6842 2877/4186/6842
f 2877/4186/6843 2832/4136/6843 2881/4189/6843
f 2830/4125/6844 2796/4124/6844 2829/4185/6844
f 2829/4185/6845 2762/4137/6846 2877/4186/6847
f 2829/4185/6845 2796/4124/6848 2762/4137/6846
f 2756/4061/6849 2793/4128/6849 2794/4132/6849
f 2795/4190/6850 2723/3958/6674 2717/4078/6676
f 2723/4191/6851 2795/4133/6851 2831/4192/6851
f 2832/4136/6852 2797/4138/6852 2881/4189/6852
f 2763/4079/6678 2723/3958/6517 2949/4193/6853
f 2797/4138/6854 2724/4071/6677 2834/4140/6765
f 2797/4138/6854 2834/4140/6765 2833/4194/6855
f 2798/4195/6856 2763/4079/6678 2835/4196/6857
f 2835/4196/6857 2836/4197/6858 2798/4195/6856
f 2798/4141/6766 2838/4198/6859 2840/4199/6860
f 2836/4200/6861 2838/4198/6859 2798/4141/6766
f 2885/4201/6862 2803/4202/6863 2838/4198/6864
f 2890/4203/6865 2839/4204/6866 2801/4160/6867
f 2834/4140/6868 2837/4139/6771 2839/4204/6869
f 2798/4141/6766 2840/4199/6860 2799/4142/6767
f 2803/4148/6778 2802/4147/6776 2799/4083/6775
f 2840/4199/6870 2803/4202/6778 2799/4142/6775
f 2803/4202/6863 2840/4199/6871 2838/4198/6864
f 2886/4205/6872 2804/4150/6872 2803/4202/6872
f 2886/4205/6873 2803/4202/6873 2885/4201/6873
f 2842/4206/6874 2805/4154/6790 2806/4157/6792
f 2890/4203/6875 2801/4160/6876 2842/4206/6877
f 2843/4207/6878 2842/4206/6878 2806/4157/6878
f 2842/4206/6879 2843/4207/6880 2888/4208/6881
f 2800/4144/6770 2839/4204/6869 2837/4139/6771
f 2801/4161/6882 2805/4155/6882 2842/4209/6882
f 2839/4204/6866 2800/4144/6883 2801/4160/6867
f 2803/4202/6884 2804/4150/6780 2765/4149/6779
f 2771/4094/6791 2843/4207/6885 2806/4157/6792
f 2843/4207/6886 2771/4094/6887 2808/4165/6888
f 2773/4096/6707 2845/4210/6889 2739/3924/6463
f 2844/4211/6890 2741/4041/6625 2680/3830/6624
f 2741/4041/6891 2772/4212/6892 2618/3831/6893
f 2656/3885/6380 2811/4213/6894 2574/3283/5185
f 2683/3925/6465 2810/4214/6895 2619/3285/5188
f 2847/4215/6896 2813/4168/6807 2775/4100/6712
f 2742/3979/6554 2846/4216/6897 2775/4169/6808
f 2846/4217/6898 2847/4215/6899 2775/4100/6900
f 2849/4218/6901 2776/4101/6716 2814/4104/6717
f 2776/4101/6716 2849/4218/6901 2848/4219/6902
f 2623/3750/6903 2747/109/6563 2746/3986/6562
f 2849/4218/6904 2814/4104/6905 2850/4220/6906
f 2814/4105/6907 2625/3755/6908 2850/4221/6909
f 2580/2603/3914 2777/4222/6910 3272/4108/6723
f 2816/4223/6911 2815/4044/6809 2691/3988/6474
f 2693/3839/6279 2851/4171/6811 2690/3987/6568
f 2898/4224/6912 2695/4045/6632 2780/4047/6633
f 2899/4225/6913 2780/4047/6913 2982/4226/6913
f 2700/3994/6573 2698/3933/6477 2901/4109/6914
f 2701/3934/6639 2750/4050/6638 2853/4227/6915
f 2904/4228/6916 2750/4050/6729 2751/4111/6728
f 2903/4229/6917 2905/4230/6918 2702/3995/6575
f 2751/4111/6730 2817/4112/6731 2854/4231/6919
f 2905/4230/6918 2782/4113/6732 2702/3995/6575
f 3007/4232/6920 2907/4172/6814 2782/4113/6732
f 2817/4112/6731 2752/4051/6641 2855/4233/6921
f 2753/4052/6642 2907/4172/6814 2908/4234/6922
f 2908/4234/6922 2704/3937/6482 2753/4052/6642
f 2856/4173/6815 2704/3937/6482 2908/4234/6922
f 2855/4233/6923 2752/4051/6923 2909/4235/6923
f 2910/4174/6816 2519/3561/6290 2856/4173/6815
f 2857/4236/6924 2706/3997/6644 2910/4174/6816
f 2784/4114/6733 2706/3997/6577 2857/4236/6925
f 2819/3848/6484 2783/4053/6645 2707/3892/6401
f 2819/3848/6296 2859/4237/6926 2858/4238/6927
f 2860/4239/6928 2785/4115/6734 2820/3999/6579
f 2859/4237/6926 2819/3848/6296 2861/4175/6817
f 2862/4240/6929 2786/4116/6735 2785/4115/6734
f 2861/4175/6817 2914/4054/6646 2863/4241/6930
f 2787/4117/6736 2919/4242/6931 2865/4177/6819
f 2822/4118/6737 2824/4178/6820 2935/4243/6932
f 2788/4244/6933 2823/4245/6934 2866/4246/6935
f 2866/4246/6935 2868/4247/6936 2788/4244/6933
f 2935/4243/6937 2824/4178/6938 2867/4248/6939
f 2868/4247/6940 2866/4246/6941 2937/4249/6942
f 2869/4250/6943 2868/4247/6940 2937/4249/6942
f 2941/4251/6944 2876/4252/6945 2869/4250/6946
f 2871/4253/6947 2867/4248/6948 2875/4183/6949
f 2868/4247/6936 2825/4254/6950 2788/4244/6933
f 2868/4247/6940 2869/4250/6943 2872/4181/6951
f 2876/4252/6945 2872/4181/6952 2869/4250/6946
f 2876/4252/6953 2873/4255/6954 2828/4188/6955
f 2826/4179/6826 2875/4183/6825 2867/4248/6956
f 2871/4253/6957 2875/4183/6958 2874/4256/6959
f 2874/4256/6959 2875/4183/6958 2879/4187/6836
f 2874/4256/6960 2879/4187/6960 2878/4257/6960
f 2871/4253/6957 2874/4256/6959 2944/4258/6961
f 2870/4259/6962 2944/4258/6962 2874/4256/6962
f 2824/4178/6938 2826/4179/6963 2867/4248/6939
f 2868/4247/6936 2790/4180/6964 2825/4254/6950
f 2790/4180/6822 2868/4247/6965 2872/4181/6823
f 2880/4184/6831 2827/4182/6830 2872/4181/6952
f 2876/4252/6945 2880/4184/6831 2872/4181/6952
f 2828/4188/6966 2880/4184/6966 2876/4252/6966
f 2873/4255/6954 2831/4192/6967 2828/4188/6955
f 2878/4257/6968 2879/4187/6968 2877/4186/6968
f 2829/4185/6834 2879/4187/6836 2875/4183/6958
f 2828/4188/6955 2831/4192/6967 2795/4133/6969
f 2877/4186/6970 2881/4189/6971 2878/4257/6972
f 2833/4194/6855 2881/4189/6973 2797/4138/6854
f 2949/4193/6853 2723/3958/6517 2831/4260/6974
f 2835/4196/6857 2763/4079/6678 2949/4193/6853
f 2882/4261/6975 2836/4200/6976 2835/4262/6977
f 2959/4263/6978 2885/4201/6862 2883/4264/6979
f 2884/4265/6980 2889/4266/6981 2890/4203/6982
f 2890/4267/6875 2887/4268/6983 2884/4269/6984
f 2883/4264/6985 2836/4200/6976 2882/4261/6975
f 2885/4201/6986 2956/4270/6986 2886/4205/6986
f 2956/4270/6987 2885/4201/6987 2959/4263/6987
f 2890/4267/6875 2891/4271/6988 2887/4268/6983
f 2887/4272/6989 2891/4273/6990 2963/4274/6991
f 2891/4273/6992 2888/4208/6881 2963/4274/6993
f 2839/4204/6869 2889/4266/6994 2834/4140/6868
f 2838/4198/6995 2836/4200/6976 2883/4264/6985
f 2883/4264/6979 2885/4201/6862 2838/4198/6864
f 2841/4153/6783 2804/4152/6782 2886/4275/6996
f 2841/4276/6997 2886/4277/6997 2961/4278/6997
f 2890/4267/6875 2842/4279/6877 2891/4271/6988
f 2808/4165/6888 2888/4208/6998 2843/4207/6886
f 2890/4203/6999 2889/4266/6999 2839/4204/6999
f 2842/4206/6879 2888/4208/6881 2891/4273/6992
f 2844/4211/7000 2680/3830/6257 2735/4035/6705
f 2810/4097/6708 2811/4213/6894 2656/3885/6380
f 2809/4098/6709 2967/4280/7001 2774/4099/6711
f 2742/3979/6553 2774/4099/6710 2967/4280/7002
f 2742/3979/6553 2967/4280/7002 2968/4281/7003
f 2968/4281/7004 2846/4216/7005 2742/3979/7006
f 2892/4282/7007 2683/3925/6555 2812/4103/6806
f 2892/4282/7007 2969/4283/7008 2683/3925/6555
f 2813/4168/6807 2847/4215/6896 2893/4284/7009
f 2895/4285/7010 2848/4219/6902 2849/4218/6901
f 2623/3750/6903 2894/4286/7011 2747/109/6563
f 2813/4168/7012 2623/4287/7013 2744/4042/7014
f 2893/4284/7015 2623/4287/7013 2813/4168/7012
f 2896/4288/7016 2625/3755/6081 2748/137/6561
f 2849/4218/6904 2850/4220/6906 2895/4285/7017
f 2580/2603/3914 2694/3287/5195 2777/4222/6910
f 2816/4223/6911 2897/4289/7018 2815/4044/6809
f 2901/4109/6725 2815/4044/6629 2897/4289/7019
f 2690/3987/6568 2851/4171/6811 2778/4107/7020
f 2695/4045/6630 2898/4224/7021 2779/4046/6631
f 2780/4047/6633 2899/4225/7022 2898/4224/6912
f 2696/3991/6812 2852/4049/6726 2900/4290/7023
f 2900/4291/7024 2780/4047/6724 2696/3993/6572
f 2982/4226/7025 2780/4047/6724 2900/4291/7024
f 2902/4292/7026 2900/4290/7023 2852/4049/6726
f 2986/4293/7027 2781/4110/6813 2700/3994/6637
f 2750/4050/6729 2904/4228/6916 2853/4227/7028
f 2903/4229/7029 2702/3995/6574 2781/4110/6727
f 2854/4231/7030 2904/4228/6916 2751/4111/6728
f 2817/4112/7031 2855/4233/7031 2906/4294/7031
f 2818/3938/6483 2909/4235/7032 2752/4051/6643
f 2783/4053/6645 2819/3848/6484 2911/4295/7033
f 2857/4236/6925 2820/3999/6579 2784/4114/6733
f 2911/4295/7034 2819/3848/6296 2858/4238/6927
f 2912/4296/7035 2860/4239/6928 2820/3999/6579
f 2859/4237/7036 2861/4175/6817 2913/4297/7037
f 2914/4054/6646 2821/4055/6647 2864/4298/7038
f 2821/4055/6647 2916/4299/7039 2864/4298/7038
f 3082/4300/7040 3092/4301/7041 2787/4117/6736
f 3092/4302/7042 2917/4303/7042 2787/4304/7042
f 2921/4305/7043 2918/4306/7044 2916/4299/7045
f 2917/4307/7046 2919/4242/6931 2787/4117/6736
f 2919/4308/7047 2917/4303/7047 2922/4309/7047
f 2821/4055/6647 2921/4305/7048 2916/4299/7039
f 2918/4306/7044 2921/4305/7043 2920/4310/7049
f 2919/4308/7050 2922/4309/7050 3112/4311/7050
f 2921/4305/7051 2925/4312/7052 2924/4313/7053
f 2923/4314/7054 2920/4310/7054 2921/4305/7054
f 2924/4313/7055 2923/4314/7055 2921/4305/7055
f 2921/4305/7048 2821/4055/6647 2925/4312/7056
f 2919/4308/7057 2926/4315/7058 2865/4316/7059
f 3112/4311/7060 2926/4315/7060 2919/4308/7060
f 2927/4317/7061 2926/4315/7062 3112/4311/7063
f 2933/4318/7064 2927/4317/7065 3112/4311/7066
f 2924/4313/7067 2929/4319/7068 3117/4320/7069
f 2931/4321/7070 2929/4319/7068 2924/4313/7067
f 2822/4118/7071 2925/4312/7056 2821/4055/6647
f 2925/4312/7052 2931/4321/7072 2924/4313/7053
f 2931/4321/7073 2930/4322/7074 2929/4319/7075
f 2931/4321/7073 2932/4323/7076 2930/4322/7074
f 2822/4118/7077 2935/4243/7077 2931/4321/7077
f 2925/4312/7078 2822/4118/7078 2931/4321/7078
f 2926/4315/7058 2823/4245/6934 2865/4316/7059
f 2933/4318/7064 2937/4249/7079 2927/4317/7065
f 2934/4324/7080 2940/4325/7081 2930/4322/7082
f 2932/4323/7083 2931/4321/7084 2935/4243/7085
f 2936/4326/7086 2932/4323/7083 2935/4243/7085
f 2936/4326/7087 2934/4324/7088 2932/4323/7089
f 2932/4323/7089 2934/4324/7088 2930/4322/7090
f 2823/4245/6934 2926/4315/7058 2866/4246/6935
f 2937/4249/6942 2926/4315/7062 2927/4317/7061
f 2941/4251/6944 2937/4249/7079 2933/4318/7064
f 2928/4327/7091 2941/4251/7091 2933/4318/7091
f 2928/4327/7092 2942/4328/7093 2941/4251/7094
f 2938/4329/7095 2942/4328/7096 2928/4327/7097
f 2939/4330/7098 2943/4331/7099 2940/4325/7100
f 2936/4326/7086 2935/4243/7085 2867/4248/7101
f 2940/4325/7081 2934/4324/7080 2939/4330/7102
f 2866/4246/6941 2926/4315/7062 2937/4249/6942
f 2941/4251/6944 2869/4250/6946 2937/4249/7079
f 2945/4332/7103 2941/4251/7094 2942/4328/7093
f 2942/4328/7104 2938/4329/7104 2873/4255/7104
f 2870/4259/7105 2943/4331/7099 2939/4330/7098
f 2936/4326/7106 2867/4248/6948 2871/4253/6947
f 2936/4326/7087 2944/4258/6961 2934/4324/7088
f 2934/4324/7107 2944/4258/7108 2870/4259/7109
f 2939/4330/7110 2934/4324/7107 2870/4259/7109
f 2873/4255/7111 2945/4332/7111 2942/4328/7111
f 2870/4259/7105 2946/4333/7112 2943/4331/7099
f 3123/4334/7113 2943/4331/7114 2947/4335/7115
f 2871/4253/6957 2944/4258/6961 2936/4326/7087
f 2941/4251/7094 2945/4332/7103 2876/4252/7116
f 2945/4332/7117 2873/4255/7117 2876/4252/7117
f 2946/4333/7112 2870/4259/7105 2874/4256/7118
f 2874/4256/7118 2878/4257/6972 2946/4333/7112
f 2943/4331/7114 2946/4333/7119 2947/4335/7115
f 2946/4333/7119 2881/4189/6973 2947/4335/7115
f 2948/4336/7120 2831/4260/6974 2873/4337/7121
f 2946/4333/7112 2878/4257/6972 2881/4189/6971
f 2948/4336/7120 2949/4193/6853 2831/4260/6974
f 2881/4189/6973 2833/4194/6855 2947/4335/7115
f 2947/4335/7115 2950/4338/7122 3128/4339/7123
f 2947/4335/7115 2833/4194/6855 2950/4338/7122
f 2951/4340/7124 2949/4341/7125 2948/4342/7126
f 2954/4343/7127 2951/4340/7128 2952/4344/7129
f 2950/4338/7130 2833/4194/7131 2953/4345/7132
f 3145/4346/7133 2953/4345/7134 2958/4347/7135
f 2953/4345/7134 3145/4346/7133 2950/4338/7136
f 2954/4343/7137 2949/4341/7125 2951/4340/7124
f 2882/4261/7138 2954/4343/7127 2952/4344/7129
f 2959/4263/6978 2882/4261/7139 2952/4344/7140
f 2959/4263/7141 2955/4348/7141 2956/4270/7141
f 2959/4263/6978 2952/4344/7140 2955/4348/7142
f 2958/4349/7143 2887/4268/6983 2957/4350/7144
f 2957/4350/7144 3145/4351/7145 2958/4349/7143
f 2954/4343/7137 2835/4262/7146 2949/4341/7125
f 2882/4261/6975 2835/4262/6977 2954/4343/7147
f 2961/4352/7148 2960/4353/7148 2956/4354/7148
f 2963/4274/6991 2957/4355/7149 2887/4272/6989
f 2957/4355/7149 2963/4274/6991 3146/4356/7150
f 2833/4194/7131 2834/4140/6868 2889/4266/6994
f 2958/4347/7151 2889/4266/6981 2884/4265/6980
f 2953/4345/7132 2833/4194/7131 2889/4266/6994
f 2889/4266/7152 2958/4347/7152 2953/4345/7152
f 2884/4269/6984 2887/4268/6983 2958/4349/7143
f 2882/4261/7139 2959/4263/6978 2883/4264/6979
f 2960/4357/7153 2886/4205/7153 2956/4270/7153
f 2964/4358/7154 2963/4274/7155 2888/4208/6998
f 2963/4274/7155 2962/4359/7156 3146/4356/7157
f 2962/4359/7156 2963/4274/7155 2964/4358/7154
f 2886/4360/7158 2960/4353/7158 2961/4352/7158
f 2888/4208/6998 2808/4165/6888 2964/4358/7154
f 3260/4361/7159 2808/4165/6802 2739/3924/6463
f 3260/4361/7159 2739/3924/6463 2845/4210/6889
f 2965/4362/7160 2741/4041/6625 2844/4211/6890
f 2845/4210/6889 2773/4096/7161 2966/4363/7162
f 2966/4363/7163 2773/4096/6805 2811/4167/6804
f 2969/4283/7164 2810/4214/6895 2683/3925/6465
f 2970/4364/7165 2847/4215/6899 2846/4217/6898
f 2847/4215/6899 2970/4364/7165 3150/4365/7166
f 2968/4281/7004 2970/4366/7167 2846/4216/7005
f 2971/4367/7168 2848/4219/7169 2972/4368/7170
f 2812/4103/6715 2776/4102/6714 2971/4369/7171
f 2848/4219/7169 2971/4367/7168 2776/4101/7172
f 3153/4370/7173 2850/4221/6909 2625/3755/6908
f 2625/3755/6081 2896/4288/7016 3153/4370/7174
f 2747/109/7175 2894/4286/7175 2973/4371/7175
f 71/86/92 2896/4288/7176 2748/137/154
f 2777/4222/6910 3266/4372/7177 3272/4108/6723
f 2778/4107/7178 2897/4373/7179 2816/4170/7180
f 2974/4374/7181 2901/4375/7182 2897/4376/7183
f 2778/4377/7178 2975/4378/7184 2897/4376/7179
f 2897/4376/7185 2975/4378/7185 2976/4379/7185
f 2897/4376/7186 2976/4379/7186 2974/4374/7186
f 2851/4171/7187 2979/3990/7188 2977/4380/7189
f 2851/4171/7190 2977/4380/7190 2778/4107/7190
f 2778/4107/7191 2977/4380/7191 2975/4381/7191
f 2978/4382/7192 2975/4378/7192 2977/4383/7192
f 2978/4382/7193 2976/4379/7193 2975/4378/7193
f 2982/4226/7194 2983/4384/7194 2899/4225/7194
f 2898/4224/7195 2980/4385/7195 2779/4046/7195
f 2899/4225/7196 2981/4386/7196 2898/4224/7196
f 2898/4387/7197 2981/4388/7197 2980/4389/7197
f 2899/4390/7198 2984/4391/7199 2981/4388/7200
f 2984/4392/7201 2899/4225/7201 2983/4384/7201
f 2984/4393/7202 2983/4394/7202 2985/4395/7202
f 3161/4396/7203 2981/4388/7200 2984/4391/7199
f 2983/4397/7204 2982/4398/7204 2900/4290/7204
f 2985/4399/7205 2983/4397/7205 2900/4290/7205
f 2985/4399/7206 2900/4290/7206 2902/4292/7206
f 2986/4400/7207 2901/4375/7182 2974/4374/7181
f 3171/4401/7208 2985/4395/7209 2988/4402/7210
f 2986/4293/7211 2700/3994/7211 2901/4109/7211
f 2986/4400/7212 2974/4374/7212 2989/4403/7212
f 2976/4379/7213 2989/4403/7213 2974/4374/7213
f 2984/4393/7214 2985/4395/7209 3171/4401/7208
f 2902/4292/7215 2852/4049/7216 2853/4227/7217
f 2853/4227/7218 2987/4404/7218 2902/4292/7218
f 2902/4292/7219 2987/4404/7219 2985/4399/7219
f 2985/4399/7220 2987/4404/7220 2988/4405/7220
f 2853/4227/7217 2852/4049/7216 2701/3934/7221
f 3171/4401/7208 2988/4402/7210 2987/4406/7222
f 2986/4293/7223 2903/4229/7029 2781/4110/6727
f 2989/4403/7224 2903/4407/7225 2986/4400/7226
f 2992/4408/7227 2989/4403/7228 3165/4409/7229
f 2992/4408/7230 3165/4409/7231 2993/4410/7232
f 2987/4404/7233 2998/4411/7233 2999/4412/7233
f 2999/4412/7234 2990/4413/7235 2987/4404/7236
f 2987/4406/7237 2990/4414/7237 3171/4401/7237
f 2904/4228/7238 2998/4411/7238 2853/4227/7238
f 2853/4227/7239 2998/4411/7239 2987/4404/7239
f 2903/4407/7225 2989/4403/7224 2991/4415/7240
f 2992/4408/7227 2991/4415/7241 2989/4403/7228
f 2994/4416/7242 2992/4408/7230 2993/4410/7232
f 2990/4413/7243 2996/4417/7244 2997/4418/7245
f 2904/4228/7246 2854/4231/7246 2998/4411/7246
f 2999/4419/7234 2996/4420/7247 2990/4421/7235
f 2782/4113/6732 2905/4230/6918 2903/4229/6917
f 2903/4407/7248 2991/4415/7249 2782/4422/7250
f 2991/4415/7251 2992/4408/7252 3000/4423/7253
f 3003/4424/7254 2992/4408/7255 2994/4416/7256
f 2994/4416/7257 3002/4425/7258 3003/4424/7259
f 2994/4416/7257 2995/4426/7260 3002/4425/7258
f 2996/4420/7261 2999/4419/7262 3001/4427/7263
f 2996/4417/7264 3001/4428/7265 2997/4418/7266
f 2854/4231/7267 2817/4112/7268 2998/4411/7269
f 3003/4424/7254 3000/4423/7270 2992/4408/7255
f 2997/4418/7266 3001/4428/7265 3006/4429/7271
f 2998/4411/7272 3004/4430/7273 2999/4412/7272
f 3004/4430/7273 3005/4431/7274 2999/4412/7272
f 3003/4424/7254 3008/4432/7275 3000/4423/7270
f 2991/4415/7249 3007/4433/7276 2782/4422/7250
f 2997/4418/7277 3006/4429/7278 3021/4434/7279
f 2998/4411/7269 2817/4112/7268 3010/4435/7280
f 2998/4411/7281 3010/4435/7281 3004/4430/7281
f 3005/4436/7282 3001/4427/7263 2999/4419/7262
f 3007/4433/7283 2991/4415/7284 3018/4437/7285
f 3003/4424/7286 3009/4438/7286 3008/4432/7287
f 2817/4112/7268 2906/4294/7288 3010/4435/7280
f 3011/4439/7289 3008/4432/7287 3009/4438/7286
f 3005/4436/7282 3012/4440/7290 3001/4427/7263
f 2991/4415/7251 3000/4423/7253 3018/4437/7291
f 3000/4423/7270 3008/4432/7275 3013/4441/7292
f 3008/4432/7287 3011/4439/7289 3013/4441/7293
f 3001/4428/7265 3012/4442/7294 3006/4429/7271
f 3010/4435/7295 3005/4431/7274 3004/4430/7273
f 2906/4294/7288 2855/4233/7296 3010/4435/7280
f 3012/4440/7290 3005/4436/7282 3017/4443/7297
f 3013/4441/7292 3018/4437/7298 3000/4423/7270
f 3013/4441/7293 3011/4439/7289 3014/4444/7299
f 3017/4443/7297 3015/4445/7300 3012/4440/7290
f 3020/4446/7301 3006/4429/7271 3012/4442/7294
f 3012/4442/7294 3015/4447/7302 3020/4446/7301
f 3006/4429/7278 3020/4446/7303 3021/4434/7279
f 3010/4435/7280 2855/4233/7296 3016/4448/7304
f 3010/4435/7295 3017/4449/7305 3005/4431/7274
f 2908/4234/7306 2907/4172/7306 3007/4232/7306
f 3007/4433/7283 3018/4437/7285 2908/4450/7307
f 3019/4451/7308 3018/4437/7298 3013/4441/7292
f 3014/4444/7299 3019/4451/7309 3013/4441/7293
f 2909/4235/7310 3016/4448/7304 2855/4233/7296
f 3010/4435/7295 3016/4448/7311 3017/4449/7305
f 2908/4450/7312 3018/4437/7313 3022/4452/7314
f 3019/4451/7308 3023/4453/7315 3018/4437/7298
f 3023/4453/7316 3019/4451/7317 3024/4454/7318
f 3027/4455/7319 3020/4446/7319 3015/4447/7319
f 3020/4446/7320 3027/4455/7320 3021/4434/7320
f 2818/3938/7321 3016/4448/7322 2909/4235/7323
f 3016/4448/7324 3028/4456/7325 3017/4449/7326
f 3029/4457/7327 3022/4452/7328 3025/4458/7329
f 3025/4458/7330 3022/4452/7330 3018/4437/7330
f 3023/4453/7315 3025/4458/7331 3018/4437/7298
f 3015/4445/7300 3017/4443/7297 3026/4459/7332
f 3015/4447/7333 3026/4460/7334 3027/4455/7335
f 2818/3938/7321 3028/4456/7336 3016/4448/7322
f 3029/4457/7337 2856/4461/7338 2908/4450/7339
f 2856/4461/7338 3029/4457/7337 2910/4462/7340
f 3029/4457/7341 2908/4450/7312 3022/4452/7314
f 3030/4463/7342 3025/4458/7331 3023/4453/7315
f 3030/4463/7343 3023/4453/7316 3024/4454/7318
f 3031/4464/7344 3026/4460/7334 3035/4465/7345
f 3026/4460/7334 3031/4464/7344 3027/4455/7335
f 2818/3938/7321 3032/4466/7346 3028/4456/7336
f 3033/4467/7347 3028/4456/7325 3032/4466/7348
f 3026/4459/7332 3017/4443/7297 3033/4468/7349
f 3028/4456/7325 3033/4467/7347 3017/4449/7326
f 2857/4469/7350 2910/4462/7340 3029/4457/7337
f 3029/4457/7327 3025/4458/7329 3034/4470/7351
f 3030/4463/7342 3034/4470/7352 3025/4458/7331
f 3033/4468/7349 3035/4471/7353 3026/4459/7332
f 3033/4468/7349 3036/4472/7354 3035/4471/7353
f 2818/3938/7321 2783/4053/7355 3032/4466/7346
f 3029/4457/7356 3037/4473/7356 2857/4469/7356
f 3029/4457/7357 3034/4470/7357 3037/4473/7357
f 3037/4473/7358 3034/4470/7352 3038/4474/7359
f 3038/4474/7359 3034/4470/7352 3030/4463/7342
f 3189/4475/7360 3038/4474/7361 3030/4463/7343
f 3040/4476/7362 3038/4474/7361 3189/4475/7360
f 3041/4477/7363 3042/4478/7363 3031/4464/7363
f 3035/4465/7345 3041/4477/7364 3031/4464/7344
f 2783/4053/6645 2911/4295/7033 3032/4466/7365
f 3033/4467/7347 3032/4466/7348 2911/4295/7366
f 2911/4295/7366 3036/4479/7367 3033/4467/7347
f 3039/4480/7368 2820/3999/7368 2857/4236/7368
f 2857/4469/7369 3037/4473/7370 3039/4481/7371
f 3044/4482/7372 3036/4479/7372 2911/4295/7372
f 3036/4472/7354 3041/4483/7373 3035/4471/7353
f 3041/4477/7374 3043/4484/7375 3042/4478/7376
f 3044/4482/7377 3045/4485/7378 3036/4479/7379
f 3041/4483/7373 3036/4472/7354 3045/4486/7380
f 3045/4486/7380 3043/4487/7381 3041/4483/7373
f 3039/4480/7382 2912/4296/7035 2820/3999/6579
f 3046/4488/7383 2912/4489/7384 3039/4481/7385
f 3037/4473/7370 3046/4488/7386 3039/4481/7371
f 3038/4474/7387 3040/4476/7388 3049/4490/7389
f 3037/4473/7358 3038/4474/7359 3047/4491/7390
f 3048/4492/7391 3047/4491/7390 3038/4474/7359
f 2859/4237/6926 2911/4295/7034 2858/4238/6927
f 2911/4295/7392 2859/4237/7392 3044/4482/7392
f 3046/4488/7393 3037/4473/7394 3047/4491/7395
f 3038/4474/7387 3049/4490/7389 3048/4492/7396
f 3050/4493/7397 3044/4482/7377 3052/4494/7398
f 3044/4482/7377 3050/4493/7397 3045/4485/7378
f 3044/4482/7399 2859/4237/7400 3052/4494/7401
f 3048/4492/7396 3049/4490/7389 3051/4495/7402
f 3042/4478/7376 3043/4484/7375 3053/4496/7403
f 3050/4497/7404 3043/4487/7381 3045/4486/7380
f 3043/4484/7375 3054/4498/7405 3053/4496/7403
f 3050/4497/7404 3054/4499/7406 3043/4487/7381
f 3055/4500/7407 3048/4492/7396 3051/4495/7402
f 3052/4494/7398 3057/4501/7408 3050/4493/7397
f 2913/4297/7409 3052/4494/7401 2859/4237/7400
f 3047/4491/7390 3048/4492/7391 3058/4502/7410
f 3048/4492/7396 3055/4500/7407 3056/4503/7411
f 3052/4494/7412 3061/4504/7412 3057/4501/7412
f 3057/4505/7413 3054/4499/7406 3050/4497/7404
f 2912/4296/7035 2785/4115/6734 2860/4239/6928
f 3046/4488/7393 3047/4491/7395 3058/4502/7414
f 3060/4506/7415 3048/4492/7396 3056/4503/7411
f 3048/4492/7396 3060/4506/7415 3059/4507/7416
f 3048/4492/7391 3059/4507/7417 3058/4502/7410
f 3057/4505/7413 3066/4508/7418 3054/4499/7406
f 3061/4504/7419 3052/4494/7420 2913/4297/7421
f 3062/4509/7422 2912/4489/7384 3046/4488/7383
f 3058/4502/7414 3062/4509/7423 3046/4488/7393
f 3053/4496/7403 3054/4498/7405 3063/4510/7424
f 2913/4297/7421 3057/4501/7425 3061/4504/7419
f 3066/4511/7426 3063/4510/7427 3054/4498/7428
f 2912/4296/7035 2862/4240/6929 2785/4115/6734
f 3053/4496/7429 3063/4510/7430 3064/4512/7431
f 3057/4501/7425 2913/4297/7421 3065/4513/7432
f 3062/4509/7422 2862/4514/7433 2912/4489/7384
f 3060/4506/7434 3067/4515/7435 3059/4507/7436
f 3057/4505/7413 3070/4516/7437 3066/4508/7418
f 3065/4513/7432 3070/4517/7438 3057/4501/7425
f 3065/4513/7439 2913/4297/7439 3069/4518/7439
f 3068/4519/7440 3059/4507/7436 3067/4515/7435
f 3065/4513/7432 3069/4518/7441 3070/4517/7438
f 3070/4516/7437 3071/4520/7442 3066/4508/7418
f 3062/4509/7423 3058/4502/7414 3072/4521/7443
f 2863/4241/6930 2913/4297/7037 2861/4175/6817
f 3074/4522/7444 2862/4514/7433 3062/4509/7422
f 3059/4507/7417 3073/4523/7445 3058/4502/7410
f 3063/4510/7430 3075/4524/7446 3064/4512/7431
f 2913/4297/7447 2863/4241/7448 3069/4518/7449
f 3062/4509/7423 3072/4521/7443 3074/4522/7450
f 3058/4502/7410 3073/4523/7445 3072/4521/7451
f 3066/4511/7426 3075/4524/7452 3063/4510/7427
f 3059/4507/7436 3068/4519/7440 3078/4525/7453
f 3066/4511/7426 3071/4526/7454 3075/4524/7452
f 3069/4518/7449 2863/4241/7448 3076/4527/7455
f 3059/4507/7436 3078/4525/7453 3073/4523/7456
f 3075/4524/7446 3077/4528/7457 3064/4512/7431
f 3069/4518/7441 3076/4527/7458 3070/4517/7438
f 3076/4527/7458 3079/4529/7459 3070/4517/7438
f 3079/4530/7460 3071/4520/7442 3070/4516/7437
f 2863/4241/7448 3080/4531/7461 3076/4527/7455
f 3073/4523/7456 3078/4525/7453 3081/4532/7462
f 2863/4241/7463 2914/4054/7464 3080/4531/7465
f 2862/4240/6929 2915/4176/6818 2786/4116/6735
f 3082/4533/7466 2862/4514/7433 3074/4522/7444
f 3073/4523/7445 3083/4534/7467 3072/4521/7451
f 3079/4530/7460 3088/4535/7468 3071/4520/7442
f 3088/4535/7468 3079/4530/7460 3086/4536/7469
f 3071/4526/7454 3088/4537/7470 3075/4524/7452
f 3074/4522/7450 3072/4521/7443 3083/4534/7471
f 3073/4523/7456 3081/4532/7462 3085/4538/7472
f 3081/4532/7462 3216/4539/7473 3087/4540/7474
f 3075/4524/7446 3084/4541/7475 3077/4528/7457
f 3076/4527/7458 3086/4542/7476 3079/4529/7459
f 3088/4537/7470 3084/4541/7477 3075/4524/7452
f 3085/4538/7478 3083/4534/7467 3073/4523/7445
f 3076/4527/7479 3080/4531/7480 3086/4542/7481
f 2915/4176/6818 3082/4300/7040 2787/4117/6736
f 3082/4300/7040 2915/4176/6818 2862/4240/6929
f 3074/4522/7450 3083/4534/7471 3091/4543/7482
f 3085/4538/7472 3081/4532/7462 3087/4540/7483
f 2914/4054/7464 2864/4298/7484 3080/4531/7465
f 3080/4531/7485 2864/4298/7486 3089/4544/7487
f 3080/4531/7480 3089/4544/7488 3086/4542/7481
f 3082/4533/7489 3074/4522/7489 3091/4543/7489
f 3089/4544/7490 3090/4545/7491 3086/4542/7492
f 3086/4542/7469 3090/4545/7493 3088/4537/7468
f 3083/4534/7467 3085/4538/7478 3091/4543/7494
f 3092/4302/7495 3082/4533/7496 3093/4546/7497
f 3093/4546/7497 3082/4533/7496 3091/4543/7498
f 3091/4543/7499 3085/4538/7500 3094/4547/7501
f 3091/4543/7499 3094/4547/7501 3093/4546/7502
f 3094/4547/7503 3085/4538/7504 3095/4548/7505
f 3095/4548/7506 3085/4538/7506 3220/4549/7506
f 3084/4541/7475 3100/4550/7507 3077/4528/7457
f 3089/4544/7508 3096/4551/7508 3101/4552/7508
f 3089/4544/7490 3101/4552/7509 3090/4545/7491
f 3102/4553/7510 3084/4541/7477 3088/4537/7470
f 2864/4298/7511 2916/4299/7511 3096/4551/7511
f 3089/4544/7487 2864/4298/7486 3096/4551/7512
f 3097/4554/7513 3092/4302/7495 3093/4546/7497
f 3097/4554/7514 3094/4547/7515 3098/4555/7516
f 3094/4547/7515 3097/4554/7514 3093/4546/7517
f 3095/4548/7505 3098/4555/7518 3094/4547/7503
f 3099/4556/7519 3098/4555/7518 3095/4548/7505
f 3101/4552/7520 3102/4553/7521 3090/4545/7493
f 3090/4545/7493 3102/4553/7521 3088/4537/7468
f 3084/4541/7477 3102/4553/7510 3100/4550/7522
f 3107/4557/7523 2917/4303/7523 3092/4302/7523
f 3097/4554/7513 3107/4557/7524 3092/4302/7495
f 3103/4558/7525 3097/4554/7514 3098/4555/7516
f 3098/4555/7526 3099/4556/7527 3109/4559/7528
f 3105/4560/7529 3100/4550/7530 3104/4561/7531
f 3101/4552/7532 2916/4299/7045 2918/4306/7044
f 3106/4562/7533 3101/4552/7533 2918/4306/7533
f 3101/4552/7534 3106/4562/7535 3102/4553/7536
f 3106/4563/7535 3104/4564/7537 3102/4565/7536
f 3102/4553/7538 3104/4561/7538 3100/4550/7538
f 3101/4552/7539 3096/4551/7539 2916/4299/7539
f 2917/4303/7540 3107/4557/7540 3108/4566/7540
f 3103/4558/7525 3107/4557/7541 3097/4554/7514
f 3103/4558/7542 3098/4555/7543 3109/4559/7544
f 3105/4560/7529 3104/4561/7531 3111/4567/7545
f 3106/4562/7546 3111/4567/7547 3104/4561/7548
f 2922/4309/7549 2917/4303/7549 3108/4566/7549
f 3112/4311/7550 2922/4309/7550 3108/4566/7550
f 3108/4566/7551 3110/4568/7552 3112/4311/7066
f 3103/4558/7525 3108/4566/7551 3107/4557/7541
f 3103/4558/7542 3109/4559/7544 3110/4568/7553
f 3108/4566/7551 3103/4558/7525 3110/4568/7552
f 3113/4569/7554 3109/4559/7528 3099/4556/7527
f 3105/4560/7529 3111/4567/7545 3115/4570/7555
f 3111/4567/7556 3114/4571/7556 3115/4570/7556
f 3106/4562/7557 2918/4306/7557 2920/4310/7557
f 3106/4562/7546 2920/4310/7558 3111/4567/7547
f 3110/4568/7559 3109/4559/7528 3113/4569/7554
f 3114/4571/7560 3117/4320/7560 3115/4570/7560
f 2920/4572/7561 2923/4573/7562 3116/4574/7563
f 2924/4313/7564 3117/4320/7565 2923/4314/7566
f 2923/4573/7566 3117/4575/7565 3116/4574/7567
f 2920/4310/7561 3116/4576/7563 3111/4567/7568
f 3114/4571/7569 3111/4567/7570 3116/4576/7571
f 3116/4576/7571 3117/4320/7572 3114/4571/7569
f 3110/4568/7552 2933/4318/7064 3112/4311/7066
f 2933/4318/7573 3110/4568/7573 2928/4327/7573
f 2938/4329/7574 3110/4568/7559 3113/4569/7554
f 3118/4577/7575 3117/4320/7576 2929/4319/7577
f 3117/4320/7576 3118/4577/7575 3115/4570/7578
f 3110/4568/7579 2938/4329/7095 2928/4327/7097
f 3115/4570/7580 3118/4577/7581 3229/4578/7582
f 3118/4577/7575 2930/4322/7583 2940/4325/7584
f 3118/4577/7585 2940/4325/7100 2943/4331/7099
f 2929/4319/7577 2930/4322/7583 3118/4577/7575
f 3118/4577/7581 2943/4331/7114 3120/4579/7586
f 3120/4579/7586 2943/4331/7114 3123/4334/7113
f 3121/4580/7587 2873/4337/7121 2938/4581/7588
f 3121/4580/7587 2938/4581/7588 3119/4582/7589
f 3125/4583/7590 2873/4337/7121 3121/4580/7587
f 3122/4584/7591 3125/4585/7592 3121/4586/7593
f 3126/4587/7594 3125/4585/7592 3122/4584/7591
f 3126/4587/7595 3122/4584/7596 3246/4588/7597
f 3123/4334/7598 2947/4335/7115 3127/4589/7599
f 3124/4590/7600 3123/4334/7601 3127/4589/7602
f 3125/4583/7590 2948/4336/7120 2873/4337/7121
f 3132/4591/7603 3126/4587/7604 3246/4588/7605
f 3127/4589/7599 2947/4335/7115 3128/4339/7123
f 3127/4589/7602 3128/4339/7606 3129/4592/7607
f 3124/4590/7600 3127/4589/7602 3129/4592/7607
f 3130/4593/7608 2948/4342/7126 3125/4585/7609
f 3130/4593/7608 3125/4585/7592 3126/4587/7594
f 3130/4593/7608 3126/4587/7594 3131/4594/7610
f 3126/4587/7604 3132/4591/7603 3131/4594/7611
f 3138/4595/7612 3139/4596/7613 3135/4597/7614
f 3142/4598/7615 3129/4592/7607 3128/4339/7606
f 3138/4599/7616 3129/4600/7617 3142/4601/7618
f 3135/4597/7619 3129/4592/7617 3138/4595/7616
f 3131/4594/7610 2948/4342/7126 3130/4593/7608
f 3131/4594/7611 3132/4591/7603 3136/4602/7620
f 3134/4603/7621 3136/4602/7622 3132/4591/7623
f 3132/4591/7623 3133/4604/7624 3134/4603/7621
f 3136/4602/7622 3134/4603/7621 3143/4605/7625
f 3137/4606/7626 3143/4605/7627 3134/4603/7628
f 3144/4607/7629 3134/4603/7630 3258/4608/7631
f 3140/4609/7632 3139/4596/7633 3141/4610/7634
f 3138/4595/7612 3141/4610/7635 3139/4596/7613
f 2951/4340/7124 2948/4342/7126 3131/4594/7610
f 3136/4602/7620 2951/4340/7128 3131/4594/7611
f 2951/4340/7128 3136/4602/7620 2952/4344/7129
f 3134/4603/7636 3144/4607/7637 3137/4606/7638
f 3142/4601/7618 3141/4611/7639 3138/4599/7616
f 3140/4609/7632 3141/4610/7634 3146/4356/7640
f 3128/4339/7606 2950/4338/7136 3142/4598/7615
f 3142/4598/7615 2950/4338/7136 3145/4346/7133
f 3141/4610/7639 3142/4598/7618 3145/4346/7145
f 3143/4605/7625 2955/4348/7142 2952/4344/7140
f 3143/4605/7625 2952/4344/7140 3136/4602/7622
f 2955/4348/7641 3143/4605/7627 3137/4606/7626
f 2955/4348/7642 3137/4606/7643 3147/4612/7644
f 3147/4612/7645 3137/4606/7638 3144/4607/7637
f 3141/4613/7639 3145/4351/7145 2957/4350/7144
f 3146/4356/7150 3141/4610/7646 2957/4355/7149
f 3146/4356/7157 2962/4359/7156 3140/4609/7647
f 2955/4348/7642 3147/4612/7644 2956/4270/7648
f 2961/4614/7649 3147/4612/7645 3144/4607/7637
f 2961/4614/7649 2956/4270/7650 3147/4612/7645
f 2964/4358/7651 2808/4165/6802 3427/4615/7652
f 2735/4035/6705 2841/4153/7653 2844/4211/7000
f 2809/4095/6706 2772/4166/6803 3148/4616/7654
f 2811/4213/6894 2810/4097/6708 3149/4617/7655
f 3150/4365/7656 2893/4284/7009 2847/4215/6896
f 2812/4103/7657 2971/4369/7658 2892/4282/7659
f 2848/4219/6902 2895/4285/7010 2972/4368/7660
f 2623/4287/7013 2893/4284/7015 3152/4618/7661
f 3151/4619/7662 2623/3750/6903 4070/4620/7663
f 3151/4619/7662 2894/4286/7011 2623/3750/6903
f 3265/1316/1707 2896/4288/7176 71/86/92
f 2973/4371/7664 54/110/125 2747/109/124
f 3154/4621/7665 2976/4379/7665 2978/4382/7665
f 3155/4622/7666 3154/4621/7666 2978/4382/7666
f 3156/4623/7667 2977/4383/7667 3157/4624/7667
f 3156/4623/7668 2978/4382/7668 2977/4383/7668
f 3155/4622/7669 2978/4382/7669 3156/4623/7669
f 3267/4625/7670 3155/4626/7670 3156/4627/7670
f 2977/4380/7189 2979/3990/7188 3157/4628/7671
f 3157/4628/7672 2979/3990/7673 3158/4629/7674
f 3158/4629/7674 3268/4630/7675 3157/4628/7672
f 3157/4631/7676 3268/4632/7676 3156/4627/7676
f 3272/4108/6723 3158/4629/7677 2979/3990/6569
f 2779/4046/6631 3159/4633/7678 2694/3287/5195
f 2779/4046/6631 3160/4634/7679 3159/4633/7678
f 2981/4388/7680 3161/4396/7680 2980/4389/7680
f 3160/4634/7681 2980/4385/7681 3162/4635/7681
f 2980/4385/7682 3160/4634/7682 2779/4046/7682
f 2980/4389/7683 3163/4636/7683 3162/4637/7683
f 3163/4636/7684 2980/4389/7684 3161/4396/7684
f 3163/4636/7685 3169/4638/7685 3162/4637/7685
f 3154/4621/7686 3155/4622/7687 3164/4639/7688
f 3165/4409/7689 2989/4403/7689 2976/4379/7689
f 3154/4621/7686 3164/4639/7688 3170/4640/7690
f 3167/4641/7691 3166/4642/7692 3155/4626/7693
f 2984/4391/7694 3171/4643/7694 3161/4396/7694
f 3163/4636/7695 3168/4644/7696 3169/4638/7697
f 3154/4621/7698 3165/4409/7699 2976/4379/7700
f 3170/4640/7701 3165/4409/7699 3154/4621/7698
f 3166/4645/7702 3164/4639/7688 3155/4622/7687
f 3291/4646/7703 3166/4642/7692 3167/4641/7691
f 3161/4396/7704 3171/4643/7704 3174/4647/7704
f 3161/4396/7705 3174/4647/7705 3163/4636/7705
f 3168/4644/7706 3163/4636/7706 3174/4647/7706
f 3169/4638/7697 3168/4644/7696 3172/4648/7707
f 3165/4409/7708 3170/4640/7708 2993/4410/7708
f 3173/4649/7709 2993/4410/7710 3170/4640/7711
f 3166/4645/7702 3170/4640/7690 3164/4639/7688
f 3173/4649/7712 3170/4640/7712 3166/4645/7712
f 3291/4646/7713 3173/4650/7713 3166/4642/7713
f 3168/4644/7714 3174/4647/7714 3175/4651/7714
f 3168/4644/7715 3175/4651/7715 3172/4648/7715
f 3171/4643/7716 2990/4413/7243 3174/4647/7717
f 2995/4426/7718 2994/4416/7719 2993/4410/7710
f 3173/4649/7709 2995/4426/7718 2993/4410/7710
f 3291/4646/7720 3176/4652/7721 2995/4653/7722
f 3291/4646/7720 2995/4653/7722 3173/4650/7723
f 3174/4647/7717 2990/4413/7243 2997/4418/7245
f 2997/4418/7724 3175/4651/7725 3174/4647/7726
f 3175/4651/7725 2997/4418/7724 3177/4654/7727
f 3002/4425/7728 2995/4426/7729 3178/4655/7730
f 2995/4653/7731 3176/4652/7732 3178/4656/7733
f 3181/4657/7734 2997/4418/7735 3179/4658/7736
f 3177/4654/7737 2997/4418/7735 3181/4657/7734
f 3003/4424/7738 3002/4425/7728 3178/4655/7730
f 3003/4424/7738 3178/4655/7730 3009/4438/7739
f 3180/4659/7740 3178/4656/7733 3176/4652/7732
f 3179/4658/7736 2997/4418/7735 3021/4434/7741
f 3178/4655/7730 3011/4439/7742 3009/4438/7739
f 3184/4660/7743 3182/4661/7744 3181/4657/7745
f 3185/4662/7746 3011/4439/7742 3178/4655/7730
f 3183/4663/7747 3185/4664/7748 3178/4656/7733
f 3180/4659/7740 3183/4663/7747 3178/4656/7733
f 3181/4657/7734 3179/4658/7736 3184/4660/7749
f 3185/4662/7746 3014/4444/7750 3011/4439/7742
f 3184/4660/7749 3179/4658/7736 3021/4434/7741
f 3019/4451/7751 3014/4444/7750 3185/4662/7746
f 3182/4661/7752 3184/4660/7752 3186/4665/7752
f 3024/4454/7318 3019/4451/7317 3185/4662/7753
f 3183/4663/7754 3024/4666/7755 3185/4664/7756
f 3187/4667/7757 3024/4666/7755 3183/4663/7754
f 3021/4434/7758 3027/4455/7759 3184/4660/7760
f 3184/4660/7760 3027/4455/7759 3188/4668/7761
f 3188/4668/7762 3186/4665/7762 3184/4660/7762
f 3024/4454/7318 3189/4475/7360 3030/4463/7343
f 3187/4667/7757 3189/4669/7763 3024/4666/7755
f 3188/4668/7761 3027/4455/7759 3031/4464/7764
f 3190/4670/7765 3186/4665/7765 3188/4668/7765
f 3189/4669/7763 3187/4667/7757 3191/4671/7766
f 3192/4672/7767 3191/4673/7768 3187/4674/7769
f 3188/4668/7761 3031/4464/7764 3193/4675/7770
f 3193/4675/7771 3190/4670/7771 3188/4668/7771
f 3195/4676/7772 3040/4476/7772 3189/4475/7772
f 3191/4671/7766 3195/4677/7773 3189/4669/7763
f 3194/4678/7774 3191/4673/7768 3192/4672/7767
f 3031/4464/7775 3042/4478/7775 3193/4675/7775
f 3197/4679/7776 3196/4680/7777 3195/4677/7778
f 3197/4679/7776 3195/4677/7778 3191/4671/7779
f 3194/4678/7780 3197/4681/7781 3191/4673/7782
f 3193/4675/7783 3042/4478/7784 3199/4682/7785
f 3040/4476/7786 3195/4676/7787 3049/4490/7788
f 3196/4683/7789 3049/4490/7788 3195/4676/7787
f 3042/4478/7784 3198/4684/7790 3199/4682/7785
f 3193/4675/7791 3199/4682/7792 3200/4685/7793
f 3196/4683/7789 3051/4495/7794 3049/4490/7788
f 3196/4680/7777 3197/4679/7776 3201/4686/7795
f 3198/4684/7790 3202/4687/7796 3199/4682/7785
f 3199/4682/7792 3202/4687/7797 3200/4685/7793
f 3204/4688/7798 3196/4680/7777 3201/4686/7795
f 3196/4680/7777 3204/4688/7798 3203/4689/7799
f 3051/4495/7794 3196/4683/7789 3055/4500/7800
f 3203/4690/7801 3055/4500/7800 3196/4683/7789
f 3198/4684/7802 3042/4478/7802 3053/4496/7802
f 3202/4687/7796 3198/4684/7790 3053/4496/7803
f 3203/4690/7801 3056/4503/7804 3055/4500/7800
f 3206/4691/7805 3203/4689/7799 3204/4688/7798
f 3202/4687/7796 3053/4496/7803 3205/4692/7806
f 3202/4687/7796 3205/4692/7806 3207/4693/7807
f 3064/4512/7808 3205/4692/7806 3053/4496/7803
f 3203/4690/7801 3060/4506/7809 3056/4503/7804
f 3203/4689/7799 3206/4691/7805 3208/4694/7810
f 3064/4512/7808 3207/4693/7807 3205/4692/7806
f 3060/4506/7809 3203/4690/7801 3067/4515/7811
f 3203/4689/7799 3208/4694/7810 3067/4695/7812
f 3209/4696/7813 3068/4519/7814 3067/4515/7815
f 3210/4697/7816 3067/4695/7812 3208/4694/7810
f 3207/4693/7807 3064/4512/7808 3212/4698/7817
f 3210/4697/7816 3209/4699/7818 3067/4695/7812
f 3064/4512/7808 3211/4700/7819 3212/4698/7817
f 3211/4700/7819 3064/4512/7808 3213/4701/7820
f 3211/4700/7819 3213/4701/7820 3212/4698/7817
f 3212/4698/7817 3213/4701/7820 3214/4702/7821
f 3209/4696/7813 3078/4525/7822 3068/4519/7814
f 3215/4703/7823 3209/4699/7818 3210/4697/7816
f 3064/4512/7808 3077/4528/7824 3213/4701/7820
f 3209/4699/7818 3215/4703/7823 3078/4704/7825
f 3081/4532/7462 3078/4525/7453 3216/4539/7473
f 3078/4704/7825 3215/4703/7823 3216/4705/7826
f 3212/4698/7817 3214/4702/7821 3217/4706/7827
f 3217/4706/7828 3218/4707/7829 3212/4698/7828
f 3219/4708/7830 3216/4705/7826 3215/4703/7823
f 3214/4702/7821 3213/4701/7820 3217/4706/7827
f 3220/4549/7831 3087/4540/7832 3216/4539/7833
f 3221/4709/7834 3216/4705/7826 3219/4708/7830
f 3216/4705/7826 3221/4709/7834 3220/4710/7835
f 3213/4701/7820 3077/4528/7824 3217/4706/7827
f 3222/4711/7836 3220/4710/7835 3221/4709/7834
f 3085/4538/7837 3087/4540/7832 3220/4549/7831
f 3077/4528/7838 3100/4550/7838 3105/4560/7838
f 3217/4706/7827 3077/4528/7824 3105/4560/7839
f 3217/4706/7827 3105/4560/7839 3224/4712/7840
f 3220/4710/7835 3222/4711/7836 3095/4713/7841
f 3095/4713/7841 3222/4711/7836 3099/4714/7842
f 3217/4706/7828 3224/4712/7829 3218/4707/7829
f 3099/4714/7842 3222/4711/7836 3225/4715/7843
f 3223/4716/7844 3225/4717/7845 3222/4718/7846
f 3105/4560/7839 3115/4570/7580 3224/4712/7840
f 3099/4714/7842 3225/4715/7843 3113/4719/7847
f 3413/4720/7848 3224/4712/7849 3227/4721/7850
f 3113/4719/7847 3225/4715/7843 3228/4722/7851
f 3226/4723/7852 3228/4724/7853 3225/4717/7854
f 3115/4570/7580 3229/4578/7582 3224/4712/7840
f 3224/4712/7849 3229/4578/7855 3227/4721/7850
f 3228/4722/7851 2938/4581/7588 3113/4719/7847
f 3226/4723/7852 3231/4725/7856 3228/4724/7853
f 3230/4726/7857 3227/4721/7850 3229/4578/7855
f 2938/4581/7588 3228/4722/7851 3119/4582/7589
f 3234/4727/7858 3119/4728/7859 3228/4724/7860
f 3228/4724/7853 3231/4725/7856 3234/4727/7861
f 3418/4729/7862 3231/4725/7863 3226/4723/7864
f 3235/4730/7865 3231/4725/7863 3418/4729/7862
f 3230/4726/7857 3229/4578/7855 3233/4731/7866
f 3232/4732/7867 3230/4726/7868 3233/4731/7869
f 3230/4726/7868 3232/4732/7867 3422/4733/7870
f 3238/4734/7871 3234/4727/7872 3231/4725/7873
f 3231/4725/7863 3235/4730/7865 3238/4734/7874
f 3418/4729/7875 3421/4735/7876 3235/4730/7877
f 3239/4736/7878 3235/4730/7877 3421/4735/7876
f 3229/4578/7582 3118/4577/7581 3120/4579/7586
f 3236/4737/7879 3233/4731/7879 3229/4578/7879
f 3236/4737/7880 3232/4732/7867 3233/4731/7869
f 3236/4737/7880 3241/4738/7881 3232/4732/7867
f 3119/4728/7859 3234/4727/7858 3237/4739/7882
f 3119/4728/7883 3237/4739/7884 3121/4586/7885
f 3237/4739/7886 3234/4727/7872 3238/4734/7871
f 3236/4737/7880 3242/4740/7887 3241/4738/7881
f 3242/4740/7887 3244/4741/7888 3241/4738/7881
f 3244/4741/7889 3424/4742/7890 3241/4738/7891
f 3236/4737/7892 3229/4578/7892 3120/4579/7892
f 3120/4579/7893 3242/4740/7893 3236/4737/7893
f 3238/4734/7874 3247/4743/7894 3237/4739/7895
f 3235/4730/7865 3247/4743/7894 3238/4734/7874
f 3235/4730/7877 3239/4736/7878 3247/4743/7896
f 3247/4743/7897 3239/4736/7898 3243/4744/7899
f 3243/4744/7900 3248/4745/7900 3247/4743/7900
f 3239/4736/7898 3240/4746/7901 3243/4744/7899
f 3245/4747/7902 3249/4748/7903 3244/4749/7888
f 3250/4750/7904 3424/4742/7890 3244/4741/7889
f 3123/4334/7601 3245/4751/7905 3120/4579/7906
f 3242/4740/7907 3120/4579/7906 3245/4751/7905
f 3244/4741/7888 3242/4740/7887 3245/4751/7902
f 3121/4586/7885 3237/4739/7884 3122/4584/7596
f 3122/4584/7596 3237/4739/7884 3246/4588/7597
f 3247/4743/7894 3252/4752/7908 3246/4588/7909
f 3237/4739/7895 3247/4743/7894 3246/4588/7909
f 3252/4752/7910 3247/4743/7911 3248/4745/7912
f 3244/4741/7913 3249/4753/7914 3250/4750/7915
f 3124/4590/7600 3245/4751/7905 3123/4334/7601
f 3249/4748/7903 3245/4747/7902 3124/4754/7916
f 3248/4745/7912 3253/4755/7917 3252/4752/7910
f 3243/4744/7918 3253/4755/7918 3248/4745/7918
f 3124/4754/7916 3254/4756/7919 3249/4748/7903
f 3249/4753/7914 3254/4757/7920 3255/4758/7921
f 3249/4753/7914 3255/4758/7921 3250/4750/7915
f 3255/4758/7922 3251/4759/7922 3250/4750/7922
f 3133/4604/7624 3246/4588/7909 3252/4752/7908
f 3246/4588/7909 3133/4604/7624 3132/4591/7623
f 3252/4752/7910 3256/4760/7923 3133/4604/7924
f 3253/4755/7917 3256/4760/7923 3252/4752/7910
f 3253/4755/7925 3257/4761/7925 3256/4760/7925
f 3124/4754/7916 3135/4762/7619 3254/4756/7919
f 3254/4757/7920 3135/4597/7926 3255/4758/7921
f 3251/4759/7927 3255/4758/7927 3135/4597/7927
f 3135/4597/7619 3124/4590/7916 3129/4592/7617
f 3256/4760/7923 3134/4603/7928 3133/4604/7924
f 3258/4608/7631 3134/4603/7630 3256/4760/7929
f 3256/4760/7930 3257/4761/7931 3258/4608/7932
f 3139/4596/7933 3251/4759/7933 3135/4597/7933
f 3251/4759/7934 3139/4596/7934 3140/4609/7934
f 3257/4761/7931 3144/4607/7935 3258/4608/7932
f 3426/4763/7936 2961/4764/7937 3144/4765/7938
f 3259/4766/7939 2961/4764/7937 3426/4763/7936
f 2962/4359/7940 2964/4358/7651 3427/4615/7652
f 3259/4766/7939 2841/4153/7653 2961/4764/7937
f 2808/4165/6802 3260/4361/7159 3427/4615/7652
f 3427/4615/7652 3260/4361/7159 3505/4767/7941
f 3259/4766/7939 2844/4211/7000 2841/4153/7653
f 2965/4362/7942 3261/4768/7943 2741/4041/6891
f 3261/4768/7943 2772/4212/6892 2741/4041/6891
f 3261/4769/7944 3148/4616/7654 2772/4166/6803
f 3262/4770/7945 3149/4617/7655 2810/4097/6708
f 3149/4771/7946 2966/4363/7163 2811/4167/6804
f 2967/4280/7001 2809/4098/6709 3148/4772/7947
f 2968/4281/7003 2967/4280/7002 3428/4773/7948
f 2970/4366/7167 2968/4281/7004 3428/4773/7949
f 3262/4774/7950 2810/4214/6895 2969/4283/7164
f 2893/4284/7009 3150/4365/7656 3152/4618/7951
f 3429/4775/7952 3263/4776/7953 2971/4367/7168
f 3429/4775/7952 2971/4367/7168 2972/4368/7170
f 3264/4777/7954 2972/4368/7660 2895/4285/7010
f 4070/4620/7955 2623/3750/7956 3152/4778/7957
f 2850/4220/6906 3264/4777/7958 2895/4285/7017
f 3265/1316/7959 3153/4370/7174 2896/4288/7016
f 2850/4220/6906 3153/4779/7960 3264/4777/7958
f 2973/4371/7664 2894/4286/7011 3151/4619/7662
f 2973/4371/7664 3431/4780/7961 54/110/125
f 3268/4632/7962 3267/4625/7962 3156/4627/7962
f 3269/4781/7963 3268/4630/7963 3158/4629/7963
f 3267/4782/7964 3268/4783/7964 3270/4784/7964
f 3274/4785/7965 3269/4781/7965 3273/4786/7965
f 3269/4787/7966 3270/4784/7966 3268/4783/7966
f 3269/4787/7967 3274/4788/7968 3271/4789/7969
f 3270/4784/7970 3269/4787/7967 3271/4789/7969
f 3273/4786/7971 3158/4629/7972 3272/4108/7973
f 3269/4781/7974 3158/4629/7972 3273/4786/7971
f 3275/4790/7975 3274/4785/7976 3273/4786/7977
f 3276/4791/7978 3271/4789/7978 3274/4788/7978
f 3272/4108/7979 3275/4790/7979 3273/4786/7979
f 3160/4634/7980 3277/4792/7981 3159/4633/7982
f 3277/4792/7981 3160/4634/7980 3281/4793/7983
f 3278/4794/7984 3279/4795/7984 3280/4796/7984
f 3160/4634/7985 3162/4635/7985 3281/4793/7985
f 3162/4637/7986 3282/4797/7986 3281/4798/7986
f 3162/4637/7987 3169/4638/7988 3282/4797/7989
f 3281/4793/7990 3278/4799/7990 3277/4792/7990
f 3282/4797/7991 3278/4794/7991 3281/4798/7991
f 3278/4794/7992 3282/4797/7992 3279/4795/7992
f 3169/4638/7988 3283/4800/7993 3282/4797/7989
f 3283/4800/7994 3284/4801/7995 3282/4797/7996
f 3279/4795/7997 3282/4797/7998 3284/4801/7999
f 3167/4641/7691 3155/4626/7693 3267/4625/8000
f 3267/4782/8001 3270/4784/8001 3289/4802/8001
f 3285/4803/8002 3270/4784/8003 3271/4789/8004
f 3286/4804/8005 3270/4784/8003 3285/4803/8002
f 3276/4791/8006 3285/4803/8006 3271/4789/8006
f 3288/4805/8007 3283/4800/8008 3169/4638/8009
f 3284/4806/7999 3287/4807/8010 3279/4808/7997
f 3289/4802/8011 3291/4809/8012 3167/4810/8013
f 3267/4782/8014 3289/4802/8011 3167/4810/8013
f 3286/4804/8015 3289/4802/8015 3270/4784/8015
f 3276/4791/8016 3292/4811/8016 3285/4803/8016
f 3279/4795/7997 3287/4812/8010 3290/4813/8017
f 3172/4648/8018 3288/4805/8007 3169/4638/8009
f 3284/4801/7995 3283/4800/7994 3288/4805/8019
f 3286/4804/8005 3285/4803/8002 3292/4811/8020
f 3287/4812/8021 3294/4814/8021 3290/4813/8021
f 3288/4805/8019 3295/4815/8022 3284/4801/7995
f 3294/4816/8023 3284/4806/7999 3295/4817/8024
f 3284/4806/7999 3294/4816/8023 3287/4807/8010
f 3293/4818/8025 3286/4804/8025 3292/4811/8025
f 3292/4811/8026 3300/4819/8026 3293/4818/8026
f 3303/4820/8027 3290/4813/8028 3294/4814/8029
f 3290/4813/8030 3304/4821/8030 3441/4822/8030
f 3288/4805/8031 3172/4648/8031 3175/4651/8031
f 3295/4815/8032 3288/4805/8032 3302/4823/8032
f 3302/4824/8033 3294/4816/8034 3295/4817/8035
f 3176/4825/8036 3291/4809/8037 3296/4826/8038
f 3289/4802/8039 3296/4826/8038 3291/4809/8037
f 3297/4827/8040 3289/4802/8040 3286/4804/8040
f 3297/4827/8041 3296/4826/8041 3289/4802/8041
f 3293/4818/8042 3298/4828/8043 3297/4827/8044
f 3286/4804/8045 3293/4818/8042 3297/4827/8044
f 3298/4828/8046 3293/4818/8047 3300/4819/8048
f 3298/4828/8046 3300/4819/8048 3299/4829/8049
f 3303/4820/8027 3304/4821/8050 3290/4813/8028
f 3304/4821/8051 3301/4830/8051 3442/4831/8051
f 3288/4805/8052 3177/4654/8052 3302/4823/8052
f 3177/4654/8053 3288/4805/8053 3175/4651/8053
f 3302/4832/8054 3177/4833/8054 3305/4834/8054
f 3294/4816/8034 3302/4824/8033 3303/4835/8055
f 3297/4827/8056 3298/4828/8057 3306/4836/8058
f 3299/4829/8059 3309/4837/8059 3298/4828/8059
f 3301/4830/8060 3304/4821/8060 3310/4838/8060
f 3308/4839/8061 3311/4840/8062 3302/4824/8063
f 3319/4841/8064 3303/4820/8065 3311/4842/8066
f 3302/4824/8063 3311/4840/8062 3303/4835/8067
f 3304/4821/8068 3303/4820/8065 3319/4841/8064
f 3305/4843/8069 3308/4844/8070 3302/4823/8071
f 3296/4826/8072 3180/4845/8073 3176/4825/8074
f 3307/4846/8075 3309/4847/8076 3299/4848/8077
f 3304/4821/8078 3319/4841/8079 3310/4838/8080
f 3296/4826/8081 3313/4849/8082 3312/4850/8083
f 3297/4827/8084 3313/4849/8082 3296/4826/8081
f 3306/4836/8058 3313/4849/8085 3297/4827/8056
f 3298/4828/8086 3314/4851/8086 3306/4836/8086
f 3313/4849/8085 3306/4836/8058 3314/4851/8087
f 3177/4654/8088 3181/4657/7745 3305/4843/8089
f 3180/4845/8073 3296/4826/8072 3312/4850/8090
f 3318/4852/8091 3309/4847/8076 3307/4846/8075
f 3305/4843/8069 3316/4853/8092 3308/4844/8070
f 3298/4828/8093 3309/4837/8094 3317/4854/8095
f 3298/4828/8093 3317/4854/8095 3314/4851/8096
f 3310/4838/8080 3319/4841/8079 3315/4855/8097
f 3181/4657/7745 3182/4661/7744 3305/4843/8089
f 3305/4843/8069 3182/4661/8098 3316/4853/8092
f 3318/4852/8091 3317/4856/8099 3309/4847/8076
f 3311/4840/8062 3308/4839/8061 3316/4857/8100
f 3311/4842/8062 3316/4853/8100 3319/4841/8101
f 3323/4858/8102 3315/4855/8097 3319/4841/8079
f 3180/4845/8073 3312/4850/8090 3183/4859/8103
f 3313/4849/8085 3314/4851/8087 3321/4860/8104
f 3321/4860/8105 3312/4850/8083 3313/4849/8082
f 3321/4860/8104 3314/4851/8087 3322/4861/8106
f 3314/4851/8096 3317/4854/8095 3322/4861/8107
f 3323/4858/8108 3316/4853/8100 3325/4862/8109
f 3316/4853/8100 3323/4858/8108 3319/4841/8101
f 3182/4661/8098 3325/4862/8110 3316/4853/8092
f 3317/4863/8111 3318/4864/8111 3328/4865/8111
f 3315/4855/8097 3323/4858/8102 3320/4866/8112
f 3186/4665/8113 3325/4862/8113 3182/4661/8113
f 3183/4859/8114 3312/4850/8115 3326/4867/8116
f 3187/4674/7769 3183/4859/8114 3326/4867/8116
f 3326/4867/8117 3312/4850/8117 3321/4860/8117
f 3321/4860/8118 3327/4868/8119 3326/4867/8120
f 3322/4861/8106 3327/4868/8121 3321/4860/8104
f 3317/4854/8122 3332/4869/8123 3322/4861/8124
f 3323/4858/8125 3329/4870/8126 3330/4871/8127
f 3323/4858/8128 3330/4871/8128 3320/4866/8128
f 3324/4872/8129 3320/4866/8130 3330/4871/8131
f 3186/4665/8132 3331/4873/8133 3325/4862/8134
f 3329/4870/8135 3323/4858/8108 3325/4862/8109
f 3331/4873/8136 3329/4870/8135 3325/4862/8109
f 3327/4868/8119 3192/4672/8137 3326/4867/8120
f 3322/4861/8106 3332/4869/8138 3327/4868/8121
f 3334/4874/8139 3327/4868/8121 3332/4869/8138
f 3317/4854/8122 3333/4875/8140 3332/4869/8123
f 3328/4876/8141 3333/4877/8141 3317/4878/8141
f 3336/4879/8142 3333/4875/8143 3328/4880/8143
f 3329/4870/8126 3338/4881/8144 3330/4871/8127
f 3192/4672/7767 3187/4674/7769 3326/4867/8116
f 3334/4874/8145 3192/4672/8137 3327/4868/8119
f 3335/4882/8146 3334/4874/8139 3332/4869/8138
f 3335/4882/8147 3332/4869/8123 3333/4875/8140
f 3338/4881/8148 3331/4873/8136 3337/4883/8149
f 3331/4873/8136 3338/4881/8148 3329/4870/8135
f 3338/4881/8150 3339/4884/8151 3330/4871/8152
f 3324/4872/8153 3330/4871/8153 3339/4884/8153
f 3331/4873/8133 3186/4665/8132 3337/4883/8154
f 3334/4874/8145 3194/4678/8155 3192/4672/8137
f 3343/4885/8156 3333/4875/8140 3340/4886/8157
f 3336/4879/8142 3340/4886/8158 3333/4875/8143
f 3341/4887/8159 3339/4884/8151 3338/4881/8150
f 3186/4665/8132 3190/4670/8160 3337/4883/8154
f 3194/4678/8155 3334/4874/8145 3342/4888/8161
f 3334/4874/8139 3343/4885/8162 3342/4888/8163
f 3343/4885/8162 3334/4874/8139 3335/4882/8146
f 3333/4875/8140 3343/4885/8156 3335/4882/8147
f 3343/4885/8156 3340/4886/8157 3344/4889/8164
f 3340/4886/8165 3345/4890/8165 3344/4889/8165
f 3347/4891/8166 3341/4887/8166 3346/4892/8166
f 3341/4887/8159 3348/4893/8167 3339/4884/8151
f 3347/4891/8168 3348/4893/8167 3341/4887/8159
f 3337/4883/8169 3190/4670/8169 3349/4894/8169
f 3338/4881/8148 3346/4892/8170 3341/4887/8171
f 3337/4883/8149 3346/4892/8170 3338/4881/8148
f 3346/4895/8170 3337/4896/8149 3349/4897/8172
f 3342/4888/8163 3343/4885/8162 3350/4898/8173
f 3343/4885/8174 3344/4889/8175 3350/4898/8176
f 3350/4898/8173 3351/4899/8177 3342/4888/8163
f 3190/4670/8178 3353/4900/8179 3349/4894/8180
f 3342/4888/8163 3351/4899/8177 3354/4901/8181
f 3354/4901/8182 3194/4678/8183 3342/4888/8184
f 3344/4889/8175 3357/4902/8185 3350/4898/8176
f 3355/4903/8186 3344/4889/8187 3345/4890/8188
f 3352/4904/8189 3355/4905/8190 3345/4906/8191
f 3353/4900/8192 3346/4892/8170 3349/4894/8172
f 3193/4675/8193 3200/4685/8193 3190/4670/8193
f 3190/4670/8178 3200/4685/8194 3353/4900/8179
f 3197/4681/7781 3194/4678/7780 3201/4907/8195
f 3347/4891/8196 3359/4908/8197 3348/4893/8198
f 3348/4893/8199 3359/4908/8200 3356/4909/8201
f 3351/4899/8177 3357/4902/8202 3354/4901/8181
f 3351/4899/8177 3350/4898/8173 3357/4902/8202
f 3353/4900/8192 3358/4910/8203 3346/4892/8170
f 3347/4891/8204 3346/4892/8205 3358/4910/8206
f 3201/4907/8195 3194/4678/7780 3204/4911/8207
f 3354/4901/8182 3204/4911/8208 3194/4678/8183
f 3359/4908/8200 3360/4912/8209 3356/4909/8201
f 3200/4685/8194 3361/4913/8210 3353/4900/8179
f 3358/4910/8203 3353/4900/8192 3361/4913/8211
f 3354/4901/8181 3357/4902/8202 3363/4914/8212
f 3200/4685/8213 3202/4687/8214 3366/4915/8215
f 3200/4685/8194 3366/4915/8216 3361/4913/8210
f 3358/4910/8203 3361/4913/8211 3367/4916/8217
f 3364/4917/8218 3204/4911/8208 3354/4901/8182
f 3363/4914/8212 3364/4917/8219 3354/4901/8181
f 3344/4889/8175 3365/4918/8220 3357/4902/8185
f 3361/4913/8211 3366/4915/8221 3367/4916/8217
f 3365/4918/8222 3364/4917/8219 3363/4914/8212
f 3357/4902/8202 3365/4918/8222 3363/4914/8212
f 3355/4903/8186 3369/4919/8223 3344/4889/8187
f 3368/4920/8224 3355/4905/8190 3362/4921/8225
f 3369/4919/8223 3355/4903/8186 3371/4922/8226
f 3375/4923/8227 3358/4910/8203 3367/4916/8217
f 3358/4910/8206 3375/4923/8228 3347/4891/8204
f 3359/4908/8197 3347/4891/8196 3370/4924/8229
f 3202/4687/8214 3207/4693/8230 3366/4915/8215
f 3206/4925/8231 3204/4911/8231 3208/4926/8231
f 3364/4917/8218 3208/4926/8232 3204/4911/8208
f 3365/4918/8220 3344/4889/8175 3369/4919/8233
f 3368/4920/8224 3371/4927/8234 3355/4905/8190
f 3366/4915/8221 3375/4923/8227 3367/4916/8217
f 3365/4918/8222 3374/4928/8235 3364/4917/8219
f 3365/4918/8222 3372/4929/8236 3374/4928/8235
f 3366/4915/8237 3376/4930/8238 3373/4931/8239
f 3373/4931/8240 3375/4923/8227 3366/4915/8221
f 3366/4915/8215 3207/4693/8230 3376/4930/8241
f 3374/4928/8235 3372/4929/8236 3377/4932/8242
f 3372/4929/8243 3365/4918/8243 3377/4932/8243
f 3375/4923/8228 3380/4933/8244 3347/4891/8204
f 3378/4934/8245 3208/4926/8232 3364/4917/8218
f 3374/4928/8235 3378/4934/8246 3364/4917/8219
f 3377/4932/8242 3379/4935/8247 3374/4928/8235
f 3378/4934/8245 3210/4936/8248 3208/4926/8232
f 3375/4923/8227 3381/4937/8249 3380/4933/8250
f 3376/4930/8238 3381/4937/8251 3373/4931/8239
f 3375/4923/8227 3373/4931/8240 3381/4937/8249
f 3379/4935/8247 3378/4934/8246 3374/4928/8235
f 3383/4938/8252 3382/4939/8253 3371/4927/8234
f 3370/4924/8229 3347/4891/8196 3385/4940/8254
f 3347/4891/8196 3384/4941/8255 3385/4940/8254
f 3380/4933/8244 3384/4941/8256 3347/4891/8204
f 3207/4693/8230 3212/4698/8257 3376/4930/8241
f 3365/4918/8258 3386/4942/8259 3377/4932/8242
f 3377/4932/8242 3386/4942/8259 3379/4935/8247
f 3369/4919/8223 3371/4922/8226 3389/4943/8260
f 3382/4939/8253 3389/4944/8261 3371/4927/8234
f 3387/4945/8262 3380/4933/8250 3381/4937/8249
f 3380/4933/8244 3390/4946/8263 3384/4941/8256
f 3376/4930/8238 3387/4945/8264 3381/4937/8251
f 3388/4947/8265 3386/4942/8259 3365/4918/8258
f 3369/4919/8233 3388/4947/8266 3365/4918/8220
f 3380/4933/8250 3387/4945/8262 3390/4946/8267
f 3376/4930/8238 3391/4948/8268 3387/4945/8264
f 3391/4948/8269 3390/4946/8267 3387/4945/8262
f 3386/4942/8259 3378/4934/8246 3379/4935/8247
f 3481/4949/8270 3389/4944/8261 3382/4939/8253
f 3398/4950/8271 3210/4936/8248 3378/4934/8245
f 3393/4951/8272 3378/4934/8246 3386/4942/8259
f 3388/4947/8265 3393/4951/8273 3386/4942/8259
f 3212/4698/8257 3218/4707/8274 3376/4930/8241
f 3215/4952/8275 3210/4936/8276 3221/4953/8277
f 3215/4952/8275 3221/4953/8277 3219/4954/8278
f 3398/4950/8271 3221/4953/8279 3210/4936/8248
f 3390/4946/8263 3399/4955/8280 3384/4941/8256
f 3378/4934/8246 3393/4951/8272 3396/4956/8281
f 3378/4934/8282 3396/4956/8282 3398/4950/8282
f 3385/4940/8254 3384/4941/8255 3397/4957/8283
f 3385/4940/8284 3397/4957/8285 3392/4958/8286
f 3395/4959/8287 3376/4930/8238 3218/4707/8288
f 3376/4930/8238 3395/4959/8287 3391/4948/8268
f 3395/4959/8289 3390/4946/8267 3391/4948/8269
f 3395/4960/8289 3399/4961/8290 3390/4962/8267
f 3396/4956/8281 3393/4951/8272 3388/4947/8291
f 3388/4947/8291 3398/4950/8292 3396/4956/8281
f 3400/4963/8293 3369/4919/8223 3389/4943/8260
f 3394/4964/8294 3400/4965/8295 3389/4944/8261
f 3218/4707/8288 3404/4966/8296 3395/4959/8287
f 3395/4960/8289 3404/4967/8297 3399/4961/8290
f 3401/4968/8298 3388/4947/8266 3369/4919/8233
f 3401/4968/8299 3369/4919/8299 3411/4969/8299
f 3400/4963/8293 3411/4969/8300 3369/4919/8223
f 3403/4970/8301 3402/4971/8302 3398/4950/8292
f 3388/4947/8291 3403/4970/8301 3398/4950/8292
f 3388/4947/8291 3401/4968/8303 3403/4970/8301
f 3399/4955/8280 3405/4972/8304 3384/4941/8256
f 3222/4718/7846 3221/4953/8305 3223/4716/7844
f 3398/4950/8271 3223/4716/8306 3221/4953/8279
f 3398/4950/8307 3402/4971/8308 3223/4716/8309
f 3404/4967/8297 3405/4973/8310 3399/4961/8290
f 3397/4957/8283 3384/4941/8255 3406/4974/8311
f 3402/4971/8308 3408/4975/8312 3223/4716/8309
f 3403/4970/8301 3401/4968/8303 3402/4971/8302
f 3401/4968/8303 3408/4975/8313 3402/4971/8302
f 3406/4974/8311 3384/4941/8255 3407/4976/8314
f 3413/4720/7848 3218/4707/8315 3224/4712/7849
f 3218/4707/8288 3413/4720/8316 3404/4966/8296
f 3404/4966/8297 3413/4720/8317 3405/4972/8310
f 3225/4717/7854 3223/4716/8318 3408/4975/8319
f 3409/4977/8320 3408/4975/8313 3401/4968/8303
f 3401/4968/8321 3410/4978/8322 3409/4977/8323
f 3411/4969/8324 3410/4978/8324 3401/4968/8324
f 3413/4720/8317 3412/4979/8325 3405/4972/8310
f 3412/4979/8326 3384/4941/8256 3405/4972/8304
f 3412/4979/8327 3407/4976/8327 3384/4941/8327
f 3492/4980/8328 3406/4974/8329 3407/4976/8330
f 3226/4723/7852 3225/4717/7854 3408/4975/8319
f 3409/4977/8320 3226/4723/7864 3408/4975/8313
f 3410/4978/8322 3414/4981/8331 3409/4977/8323
f 3413/4720/8332 3415/4982/8333 3412/4979/8334
f 3415/4982/8335 3416/4983/8336 3412/4979/8337
f 3416/4983/8338 3407/4976/8338 3412/4979/8338
f 3227/4721/8339 3417/4984/8339 3413/4720/8339
f 3415/4985/8333 3413/4986/8332 3417/4987/8340
f 3414/4981/8341 3410/4978/8341 3419/4988/8341
f 3411/4969/8342 3419/4988/8342 3410/4978/8342
f 3417/4984/8343 3227/4721/8343 3230/4726/8343
f 3226/4723/7864 3409/4977/8320 3418/4729/7862
f 3409/4977/8344 3414/4981/8344 3418/4729/8344
f 3417/4987/8340 3422/4989/8345 3415/4985/8333
f 3230/4726/8346 3422/4733/8345 3417/4984/8340
f 3415/4982/8335 3422/4733/8347 3416/4983/8336
f 3416/4983/8348 3422/4733/8348 3420/4990/8348
f 3416/4983/8349 3420/4990/8349 3407/4976/8349
f 3421/4735/7876 3418/4729/7875 3414/4981/8350
f 3414/4981/8351 3419/4988/8351 3421/4735/8351
f 3232/4732/8352 3420/4990/8352 3422/4733/8352
f 3421/4735/8353 3240/4746/7901 3239/4736/7898
f 3419/4988/8354 3240/4746/8354 3421/4735/8354
f 3241/4738/8355 3424/4742/8355 3232/4732/8355
f 3232/4732/8356 3424/4742/8356 3420/4990/8356
f 3492/4980/8328 3420/4990/8357 3424/4742/8358
f 3240/4991/8359 3423/4992/8360 3243/4993/8361
f 3424/4742/8362 3250/4750/8362 3251/4759/8362
f 3425/4994/8363 3424/4742/8358 3251/4759/8364
f 3257/4995/8365 3253/4996/8365 3243/4993/8365
f 3423/4992/8360 3257/4995/8366 3243/4993/8361
f 3251/4759/8364 3140/4609/8367 3425/4994/8363
f 3423/4992/8360 3144/4765/7938 3257/4995/8366
f 3425/4994/8363 3140/4609/8367 3427/4615/7652
f 3425/4994/8363 3427/4615/7652 3501/4997/8368
f 3144/4765/7938 3423/4992/8360 3426/4763/7936
f 2962/4359/7940 3427/4615/7652 3140/4609/8367
f 3511/4998/8369 2844/4211/7000 3259/4766/7939
f 3511/4998/8369 2965/4362/8370 2844/4211/7000
f 2845/4210/6889 2966/4363/7162 3260/4361/7159
f 2892/4282/7659 2971/4369/7658 3263/4999/8371
f 3264/4777/7954 3429/4775/8372 2972/4368/7660
f 3153/4370/7174 3265/1316/7959 3529/1315/8373
f 3435/5000/8374 3530/5001/8375 2694/3287/5195
f 3433/5002/8376 3274/4785/7976 3275/4790/7975
f 3433/5003/8377 3276/4791/8378 3274/4788/8379
f 3434/5004/8380 3276/4791/8378 3433/5003/8377
f 3159/4633/8381 3277/4792/8381 3436/5005/8381
f 3277/4792/8382 3278/4799/8382 3436/5005/8382
f 3278/4794/8383 3280/4796/8383 3437/5006/8383
f 3278/4794/8384 3437/5006/8384 3436/5007/8384
f 3438/5008/8385 3437/5006/8385 3280/4796/8385
f 3434/5004/8386 3440/5009/8386 3276/4791/8386
f 3279/4795/8387 3290/4813/8387 3280/4796/8387
f 3440/5009/8388 3292/4811/8388 3276/4791/8388
f 3434/5010/8389 3439/5011/8389 3440/5012/8389
f 3280/4796/8390 3290/4813/8390 3441/4822/8390
f 3441/4822/8391 3438/5008/8392 3280/4796/8393
f 3442/4831/8394 3438/5008/8392 3441/4822/8391
f 3440/5013/8395 3439/5014/8395 3300/5015/8395
f 3440/5016/8396 3300/5017/8396 3292/5018/8396
f 3443/5019/8397 3299/4848/8398 3300/5020/8399
f 3304/4821/8400 3442/4831/8400 3441/4822/8400
f 3442/4831/8401 3301/4830/8402 3539/5021/8403
f 3301/4830/8404 3310/4838/8405 3444/5022/8406
f 3540/5023/8407 3318/4852/8408 3307/4846/8409
f 3444/5022/8406 3315/4855/8410 3541/5024/8411
f 3315/4855/8410 3320/4866/8412 3542/5025/8413
f 3445/5026/8414 3328/5027/8414 3318/4852/8414
f 3445/5026/8415 3446/5028/8416 3328/5027/8417
f 3446/5028/8416 3336/5029/8418 3328/5027/8417
f 3446/5028/8416 3340/5030/8419 3336/5029/8418
f 3545/5031/8420 3324/4872/8129 3339/4884/8421
f 3348/4893/8422 3545/5031/8420 3339/4884/8421
f 3449/5032/8423 3545/5031/8420 3348/4893/8422
f 3447/5033/8424 3345/4906/8425 3340/5030/8419
f 3447/5033/8424 3340/5030/8419 3446/5028/8416
f 3446/5034/8426 3448/5035/8427 3447/5036/8428
f 3451/5037/8429 3345/4906/8425 3447/5033/8424
f 3451/5038/8430 3447/5036/8430 3448/5035/8430
f 3452/5039/8431 3451/5038/8431 3448/5035/8431
f 3449/5032/8432 3348/4893/8432 3455/5040/8432
f 3449/5032/8433 3455/5040/8433 3453/5041/8433
f 3450/5042/8434 3449/5032/8434 3453/5041/8434
f 3450/5042/8435 3453/5041/8436 3566/5043/8437
f 3352/4904/8189 3345/4906/8191 3451/5037/8438
f 3455/5040/8439 3348/4893/8440 3457/5044/8441
f 3348/4893/8440 3356/4909/8201 3457/5044/8441
f 3458/5045/8442 3352/4904/8189 3451/5037/8438
f 3458/5046/8443 3451/5038/8444 3459/5047/8445
f 3456/5048/8446 3451/5038/8447 3452/5039/8448
f 3464/5049/8449 3455/5040/8439 3457/5044/8441
f 3455/5040/8450 3464/5049/8451 3453/5041/8452
f 3458/5045/8442 3355/4905/8190 3352/4904/8189
f 3451/5038/8447 3456/5048/8446 3459/5047/8453
f 3453/5041/8454 3460/5050/8455 3454/5051/8456
f 3453/5041/8454 3461/5052/8457 3460/5050/8455
f 3453/5041/8452 3464/5049/8451 3461/5052/8458
f 3362/4921/8225 3458/5045/8442 3462/5053/8459
f 3360/4912/8209 3457/5044/8441 3356/4909/8201
f 3458/5045/8442 3362/4921/8225 3355/4905/8190
f 3456/5048/8446 3463/5054/8460 3459/5047/8453
f 3457/5044/8441 3360/4912/8209 3464/5049/8449
f 3466/5055/8461 3458/5046/8443 3459/5047/8445
f 3461/5052/8457 3465/5056/8462 3460/5050/8455
f 3464/5049/8449 3360/4912/8209 3359/4908/8200
f 3461/5052/8458 3464/5049/8451 3467/5057/8463
f 3462/5053/8459 3458/5045/8442 3383/4938/8252
f 3466/5055/8461 3383/5058/8464 3458/5046/8443
f 3459/5047/8453 3463/5054/8460 3466/5055/8465
f 3464/5049/8449 3359/4908/8200 3469/5059/8466
f 3464/5049/8451 3469/5059/8467 3467/5057/8463
f 3362/4921/8225 3462/5053/8459 3368/4920/8224
f 3468/5060/8468 3466/5055/8465 3463/5054/8460
f 3467/5057/8469 3465/5056/8462 3461/5052/8457
f 3470/5061/8470 3368/4920/8224 3462/5053/8459
f 3462/5053/8459 3383/4938/8252 3470/5061/8470
f 3471/5062/8471 3465/5056/8462 3467/5057/8469
f 3368/4920/8224 3470/5061/8470 3371/4927/8234
f 3468/5060/8468 3472/5063/8472 3466/5055/8465
f 3469/5059/8466 3359/4908/8200 3473/5064/8473
f 3359/4908/8200 3370/4924/8474 3473/5064/8473
f 3474/5065/8464 3383/5058/8464 3466/5055/8461
f 3467/5057/8469 3475/5066/8475 3471/5062/8471
f 3371/4927/8234 3470/5061/8470 3383/4938/8252
f 3466/5055/8465 3472/5063/8472 3474/5065/8476
f 3467/5057/8463 3469/5059/8467 3478/5067/8477
f 3475/5066/8475 3467/5057/8469 3478/5067/8478
f 3475/5066/8475 3478/5067/8478 3476/5068/8479
f 3477/5069/8480 3474/5065/8476 3472/5063/8472
f 3483/5070/8481 3469/5059/8466 3473/5064/8473
f 3469/5059/8467 3483/5070/8482 3478/5067/8477
f 3479/5071/8483 3383/5058/8464 3474/5065/8464
f 3478/5067/8478 3480/5072/8484 3476/5068/8479
f 3385/4940/8284 3473/5064/8473 3370/4924/8474
f 3479/5071/8483 3481/5073/8485 3383/5058/8464
f 3477/5069/8480 3482/5074/8486 3474/5065/8476
f 3485/5075/8487 3480/5072/8484 3478/5067/8478
f 3385/4940/8284 3483/5070/8481 3473/5064/8473
f 3478/5067/8477 3483/5070/8482 3484/5076/8488
f 3478/5067/8489 3484/5076/8489 3485/5075/8489
f 3481/4949/8270 3382/4939/8253 3383/4938/8252
f 3474/5065/8476 3482/5074/8486 3479/5071/8490
f 3483/5070/8481 3385/4940/8284 3392/4958/8286
f 3485/5075/8487 3484/5076/8491 3480/5072/8484
f 3389/4944/8261 3481/4949/8270 3394/4964/8294
f 3487/5077/8492 3484/5076/8488 3483/5070/8482
f 3488/5078/8493 3394/4964/8294 3481/4949/8270
f 3479/5071/8483 3488/5079/8494 3481/5073/8485
f 3490/5080/8495 3488/5079/8494 3479/5071/8483
f 3482/5074/8486 3486/5081/8496 3479/5071/8490
f 3484/5076/8491 3489/5082/8497 3480/5072/8484
f 3392/4958/8286 3487/5077/8498 3483/5070/8481
f 3392/4958/8286 3397/4957/8285 3487/5077/8498
f 3488/5078/8493 3400/4965/8295 3394/4964/8294
f 3479/5071/8490 3486/5081/8496 3490/5080/8499
f 3484/5076/8491 3491/5083/8500 3489/5082/8497
f 3406/4974/8329 3487/5077/8498 3397/4957/8285
f 3484/5076/8488 3487/5077/8492 3491/5083/8501
f 3400/4965/8295 3488/5078/8493 3411/5084/8502
f 3487/5077/8498 3406/4974/8329 3492/4980/8328
f 3491/5083/8501 3487/5077/8492 3494/5085/8503
f 3493/5086/8504 3411/5084/8502 3488/5078/8493
f 3488/5079/8494 3490/5080/8495 3495/5087/8505
f 3493/5086/8504 3419/5088/8506 3411/5084/8502
f 3491/5083/8500 3496/5089/8507 3489/5082/8497
f 3494/5085/8508 3496/5089/8509 3491/5083/8510
f 3490/5080/8511 3497/5090/8512 3495/5087/8513
f 3407/4976/8330 3420/4990/8357 3492/4980/8328
f 3419/5088/8506 3493/5086/8504 3240/4991/8359
f 3240/4991/8359 3493/5086/8504 3423/4992/8360
f 3493/5086/8504 3488/5078/8493 3426/4763/7936
f 3495/5087/8505 3426/5091/8514 3488/5079/8494
f 3493/5086/8504 3426/4763/7936 3423/4992/8360
f 3424/4742/8358 3425/4994/8363 3492/4980/8328
f 3487/5077/8498 3492/4980/8328 3425/4994/8363
f 3498/5092/8515 3426/5091/8514 3495/5087/8505
f 3501/4997/8368 3487/5077/8498 3425/4994/8363
f 3494/5085/8503 3487/5077/8492 3501/4997/8516
f 3494/5085/8503 3501/4997/8516 3502/5093/8517
f 3499/5094/8518 3496/5089/8509 3494/5085/8508
f 3502/5093/8519 3499/5094/8518 3494/5085/8508
f 3495/5087/8513 3500/5095/8520 3498/5092/8521
f 3497/5090/8512 3500/5095/8520 3495/5087/8513
f 3498/5092/8521 3500/5095/8520 3503/5096/8522
f 3499/5094/8518 3502/5093/8519 3504/5097/8523
f 3500/5095/8524 3683/5098/8525 3503/5096/8526
f 3504/5097/8527 3704/5099/8528 3499/5094/8529
f 3427/4615/7652 3505/4767/7941 3501/4997/8368
f 3501/4997/8516 3505/4767/8530 3502/5093/8517
f 3502/5093/8517 3505/4767/8530 3509/5100/8531
f 3502/5093/8519 3509/5100/8532 3504/5097/8523
f 3259/4766/7939 3426/4763/7936 3511/4998/8369
f 3498/5092/8515 3511/5101/8533 3426/5091/8514
f 3498/5092/8521 3503/5096/8522 3506/5102/8534
f 3509/5100/8532 3507/5103/8535 3504/5097/8523
f 3508/5104/8536 3511/5101/8533 3498/5092/8515
f 3506/5102/8537 3508/5104/8537 3498/5092/8537
f 3503/5096/8522 3508/5104/8538 3506/5102/8534
f 3509/5100/8539 3510/5105/8540 3507/5103/8541
f 3512/5106/8542 3508/5104/8543 3513/5107/8544
f 3508/5104/8536 3512/5106/8545 3511/5101/8533
f 3508/5104/8538 3514/5108/8546 3513/5107/8547
f 3514/5108/8546 3508/5104/8538 3503/5096/8522
f 3510/5105/8540 3509/5100/8539 3515/5109/8548
f 3516/5110/8549 3509/5100/8531 3505/4767/8530
f 3509/5100/8550 3516/5110/8551 3515/5109/8552
f 3511/5101/8553 3512/5106/8553 2965/5111/8553
f 3514/5108/8546 3518/5112/8554 3513/5107/8547
f 3515/5109/8548 3517/5113/8555 3510/5105/8540
f 3260/4361/8556 3516/5110/8556 3505/4767/8556
f 3513/5107/8544 3518/5112/8557 3512/5106/8542
f 3516/5110/8551 3517/5113/8558 3515/5109/8552
f 3520/5114/8559 3261/4768/8559 2965/4362/8559
f 3520/5115/8560 2965/5116/8560 3512/5117/8560
f 3519/5118/8561 3148/4616/7654 3261/4769/7944
f 3520/5119/8562 3519/5118/8561 3261/4769/7944
f 2966/4363/8563 3149/4771/8563 3521/5120/8563
f 3260/4361/8564 2966/4363/8564 3516/5110/8564
f 3516/5110/8565 2966/4363/8565 3521/5120/8565
f 3262/4770/7945 3522/5121/8566 3149/4617/7655
f 3149/4617/7655 3522/5121/8566 3521/5122/8567
f 3523/5123/8568 3428/4773/7948 2967/4280/7002
f 2967/4280/7001 3148/4772/7947 3523/5123/8569
f 3262/4774/7950 2969/4283/7164 3525/5124/8570
f 3526/5125/8571 2969/4283/7008 2892/4282/7007
f 3263/4999/8572 3526/5125/8572 2892/4282/8572
f 2969/4283/7008 3526/5125/8571 3525/5124/8573
f 3527/5126/8574 3430/5127/8575 3150/4365/7656
f 3150/4365/7656 3430/5127/8575 3152/4618/7951
f 3524/5128/8576 2970/4366/8577 3428/4773/7948
f 3150/4365/7166 2970/4364/7165 3524/5129/8578
f 3429/4775/7952 3777/5130/8579 3263/4776/7953
f 3528/5131/8580 3429/4775/8372 3264/4777/7954
f 4070/4620/7955 3152/4778/7957 3430/5132/8581
f 2973/4371/7664 3151/4619/7662 4070/4620/7663
f 3264/4777/7958 3153/4779/7960 3528/5131/8582
f 3272/4108/6723 3266/4372/7177 3432/5133/8583
f 3530/5001/8375 2777/4222/6910 2694/3287/5195
f 3534/5134/8584 3434/5010/8585 3781/5135/8586
f 3275/4790/8587 3782/5136/8587 3433/5002/8587
f 3782/5136/8588 3275/4790/8588 3531/5137/8588
f 3433/5138/8589 3781/5135/8590 3434/5010/8591
f 3781/5135/8590 3433/5138/8589 3782/5139/8592
f 3272/4108/8593 3531/5137/8594 3275/4790/8595
f 3432/5133/8596 3531/5137/8594 3272/4108/8593
f 3159/4633/7678 3435/5000/8374 2694/3287/5195
f 3436/5005/8597 3435/5000/8597 3159/4633/8597
f 3533/5140/8598 3435/5000/8598 3436/5005/8598
f 3436/5005/8599 3437/5141/8600 3532/5142/8601
f 3436/5005/8599 3532/5142/8601 3533/5140/8602
f 3438/5008/8603 3532/5143/8604 3437/5006/8605
f 3535/5144/8606 3532/5143/8604 3438/5008/8603
f 3534/5134/8584 3439/5011/8607 3434/5010/8585
f 3791/5145/8608 3535/5144/8609 3438/5008/8610
f 3536/5146/8611 3439/5011/8607 3534/5134/8584
f 3300/5020/8612 3439/5011/8607 3536/5146/8611
f 3791/5145/8608 3442/4831/8613 3537/5147/8614
f 3442/4831/8613 3791/5145/8608 3438/5008/8610
f 3443/5019/8397 3300/5020/8399 3536/5146/8615
f 3539/5021/8403 3537/5147/8616 3442/4831/8401
f 3443/5019/8397 3538/5148/8617 3299/4848/8398
f 3538/5148/8618 3307/4846/8409 3299/4848/8619
f 3538/5148/8618 3540/5023/8407 3307/4846/8409
f 3301/4830/8404 3444/5022/8406 3539/5021/8620
f 3310/4838/8405 3315/4855/8410 3444/5022/8406
f 3445/5026/8621 3318/4852/8408 3540/5023/8407
f 3825/5149/8622 3445/5026/8623 3540/5023/8624
f 3315/4855/8410 3542/5025/8413 3541/5024/8411
f 3324/4872/8129 3542/5025/8625 3320/4866/8130
f 3542/5025/8625 3324/4872/8129 3543/5150/8626
f 3445/5026/8415 3544/5151/8627 3446/5028/8416
f 3545/5031/8420 3543/5150/8626 3324/4872/8129
f 3446/5034/8426 3544/5152/8628 3546/5153/8629
f 3544/5152/8630 3840/5154/8631 3546/5153/8632
f 3546/5153/8633 3840/5154/8634 3842/5155/8635
f 3547/5156/8636 3543/5150/8637 3545/5031/8638
f 3547/5156/8639 3554/5157/8639 3848/5158/8639
f 3547/5156/8640 3548/5159/8641 3543/5150/8642
f 3848/5158/8643 3548/5159/8643 3547/5156/8643
f 3446/5034/8426 3546/5153/8629 3555/5160/8644
f 3549/5161/8645 3555/5160/8646 3546/5153/8633
f 3549/5161/8645 3546/5153/8633 3842/5155/8635
f 3550/5162/8647 3557/5163/8648 3842/5155/8649
f 3559/5164/8650 3553/5165/8651 3552/5166/8652
f 3848/5167/8653 3561/5168/8654 3559/5169/8655
f 3552/5170/8656 3848/5167/8653 3559/5169/8655
f 3547/5156/8636 3545/5031/8638 3449/5032/8657
f 3848/5158/8658 3554/5157/8658 3561/5171/8658
f 3549/5161/8645 3556/5172/8659 3555/5160/8646
f 3557/5163/8648 3556/5172/8660 3842/5155/8649
f 3556/5172/8661 3549/5161/8661 3842/5155/8661
f 3551/5173/8662 3557/5163/8663 3550/5162/8664
f 3557/5163/8663 3551/5173/8662 3558/5174/8665
f 3559/5164/8650 3560/5175/8666 3553/5165/8651
f 3566/5176/8667 3559/5169/8655 3561/5168/8654
f 3450/5042/8668 3547/5156/8668 3449/5032/8668
f 3547/5156/8669 3450/5042/8670 3561/5171/8671
f 3547/5156/8672 3561/5171/8672 3554/5157/8672
f 3555/5160/8644 3448/5035/8427 3446/5034/8426
f 3452/5039/8673 3448/5035/8673 3556/5172/8673
f 3556/5172/8659 3448/5035/8674 3555/5160/8646
f 3562/5177/8675 3556/5172/8660 3557/5163/8648
f 3562/5177/8675 3452/5039/8676 3556/5172/8660
f 3558/5174/8665 3562/5177/8677 3557/5163/8663
f 3563/5178/8678 3562/5177/8678 3558/5174/8678
f 3551/5173/8679 3563/5178/8679 3558/5174/8679
f 3849/5179/8680 3563/5178/8681 3551/5173/8682
f 3559/5164/8650 3568/5180/8683 3564/5181/8684
f 3559/5164/8650 3564/5181/8684 3560/5175/8666
f 3565/5182/8685 3560/5175/8686 3564/5181/8687
f 3568/5183/8688 3559/5169/8655 3566/5176/8667
f 3561/5171/8671 3450/5042/8670 3566/5043/8689
f 3563/5178/8681 3849/5179/8680 3567/5184/8690
f 3566/5176/8667 3454/5185/8691 3568/5183/8688
f 3566/5043/8437 3453/5041/8436 3454/5051/8692
f 3452/5039/8693 3562/5177/8694 3569/5186/8695
f 3569/5186/8695 3562/5177/8694 3570/5187/8696
f 3563/5178/8697 3570/5187/8698 3562/5177/8699
f 3568/5180/8700 3573/5188/8700 3572/5189/8701
f 3568/5180/8702 3572/5189/8703 3564/5181/8704
f 3564/5181/8687 3574/5190/8705 3575/5191/8706
f 3564/5181/8687 3575/5191/8706 3565/5182/8685
f 3570/5187/8696 3456/5048/8707 3569/5186/8695
f 3456/5048/8707 3452/5039/8693 3569/5186/8695
f 3571/5192/8708 3570/5187/8698 3563/5178/8697
f 3567/5184/8690 3571/5192/8709 3563/5178/8681
f 3571/5192/8709 3567/5184/8690 3576/5193/8710
f 3568/5183/8711 3454/5185/8712 3460/5194/8713
f 3460/5194/8713 3573/5195/8714 3568/5183/8711
f 3570/5187/8698 3571/5192/8708 3577/5196/8715
f 3570/5187/8696 3577/5196/8716 3456/5048/8707
f 3578/5197/8717 3571/5192/8709 3576/5193/8710
f 3572/5189/8701 3573/5188/8700 3579/5198/8718
f 3586/5199/8719 3564/5181/8704 3572/5189/8703
f 3564/5181/8720 3586/5199/8721 3574/5190/8722
f 3575/5191/8706 3574/5190/8705 3582/5200/8723
f 3578/5197/8724 3580/5201/8724 3571/5192/8724
f 3586/5199/8721 3581/5202/8725 3574/5190/8722
f 3581/5202/8726 3582/5200/8723 3574/5190/8705
f 3460/5194/8713 3579/5203/8727 3573/5195/8714
f 3456/5048/8707 3577/5196/8716 3463/5054/8728
f 3463/5054/8728 3577/5196/8716 3583/5204/8729
f 3579/5198/8718 3584/5205/8730 3572/5189/8701
f 3585/5206/8731 3579/5203/8727 3460/5194/8713
f 3577/5196/8715 3571/5192/8708 3583/5204/8732
f 3571/5192/8708 3580/5201/8733 3583/5204/8732
f 3584/5205/8730 3586/5199/8734 3572/5189/8701
f 3581/5202/8726 3587/5207/8735 3582/5200/8723
f 3465/5208/8736 3585/5206/8731 3460/5194/8737
f 3463/5054/8728 3583/5204/8729 3468/5060/8738
f 3578/5197/8717 3576/5193/8710 3580/5201/8739
f 3588/5209/8740 3580/5201/8739 3576/5193/8710
f 3584/5205/8730 3591/5210/8741 3586/5199/8734
f 3585/5206/8731 3584/5211/8742 3579/5203/8727
f 3584/5211/8742 3585/5206/8731 3591/5212/8743
f 3583/5204/8729 3589/5213/8744 3468/5060/8738
f 3583/5204/8745 3580/5201/8746 3590/5214/8747
f 3592/5215/8748 3587/5207/8735 3581/5202/8726
f 3590/5214/8749 3589/5213/8750 3583/5204/8751
f 3586/5199/8721 3592/5215/8752 3581/5202/8725
f 3591/5212/8743 3585/5206/8731 3465/5208/8736
f 3468/5060/8738 3589/5213/8744 3472/5063/8753
f 3590/5214/8749 3593/5216/8754 3589/5213/8750
f 3591/5210/8741 3594/5217/8755 3586/5199/8734
f 3465/5208/8736 3594/5218/8756 3591/5212/8743
f 3472/5063/8753 3589/5213/8744 3593/5216/8757
f 3595/5219/8758 3580/5201/8746 3596/5220/8759
f 3580/5201/8746 3595/5219/8758 3590/5214/8747
f 3594/5217/8760 3600/5221/8761 3586/5199/8762
f 3592/5215/8748 3597/5222/8763 3587/5207/8735
f 3471/5223/8764 3594/5218/8756 3465/5208/8736
f 3595/5219/8765 3593/5216/8754 3590/5214/8749
f 3598/5224/8766 3580/5201/8739 3588/5209/8740
f 3580/5201/8739 3598/5224/8766 3596/5220/8767
f 3592/5215/8752 3586/5199/8721 3599/5225/8768
f 3471/5223/8764 3600/5226/8769 3594/5218/8756
f 3595/5219/8770 3472/5063/8753 3593/5216/8757
f 3599/5225/8771 3597/5222/8763 3592/5215/8748
f 3600/5226/8769 3471/5223/8764 3475/5227/8772
f 3477/5069/8773 3595/5219/8770 3602/5228/8774
f 3595/5219/8770 3477/5069/8773 3472/5063/8753
f 3586/5199/8721 3601/5229/8775 3599/5225/8768
f 3595/5219/8758 3596/5220/8759 3602/5228/8776
f 3596/5220/8767 3598/5224/8766 3606/5230/8777
f 3600/5221/8761 3603/5231/8778 3586/5199/8762
f 3600/5226/8769 3475/5227/8772 3603/5232/8779
f 3605/5233/8780 3604/5234/8781 3596/5220/8767
f 3606/5230/8777 3605/5233/8780 3596/5220/8767
f 3603/5231/8782 3601/5229/8783 3586/5199/8784
f 3599/5225/8771 3609/5235/8785 3597/5222/8763
f 3603/5232/8779 3475/5227/8772 3476/5236/8786
f 3477/5069/8773 3602/5228/8774 3610/5237/8787
f 3602/5228/8776 3596/5220/8759 3610/5237/8788
f 3596/5220/8759 3604/5234/8789 3610/5237/8788
f 3599/5225/8768 3601/5229/8775 3608/5238/8790
f 3609/5235/8785 3599/5225/8771 3608/5238/8791
f 3476/5236/8786 3607/5239/8792 3603/5232/8779
f 3603/5231/8782 3607/5240/8793 3601/5229/8783
f 3607/5239/8792 3476/5236/8786 3613/5241/8794
f 3610/5237/8795 3611/5242/8796 3615/5243/8797
f 3610/5237/8788 3604/5234/8789 3611/5242/8798
f 3605/5233/8780 3606/5230/8777 3612/5244/8799
f 3616/5245/8800 3607/5239/8792 3613/5241/8794
f 3607/5240/8793 3616/5246/8801 3601/5229/8783
f 3608/5238/8791 3614/5247/8802 3609/5235/8785
f 3477/5069/8773 3610/5237/8787 3615/5243/8803
f 3612/5244/8799 3604/5234/8781 3605/5233/8780
f 3477/5069/8773 3615/5243/8803 3482/5074/8804
f 3608/5238/8790 3601/5229/8775 3618/5248/8805
f 3608/5238/8791 3617/5249/8806 3614/5247/8802
f 3480/5250/8807 3613/5241/8794 3476/5236/8786
f 3480/5250/8807 3616/5245/8800 3613/5241/8794
f 3601/5229/8775 3625/5251/8805 3618/5248/8805
f 3617/5249/8806 3608/5238/8791 3618/5248/8808
f 3619/5252/8809 3482/5074/8804 3615/5243/8803
f 3611/5242/8796 3619/5252/8810 3615/5243/8797
f 3621/5253/8811 3619/5252/8810 3611/5242/8796
f 3611/5242/8798 3604/5234/8789 3621/5253/8812
f 3616/5245/8800 3480/5250/8807 3620/5254/8813
f 3621/5253/8812 3604/5234/8789 3622/5255/8814
f 3601/5229/8783 3616/5246/8801 3625/5251/8815
f 3616/5246/8801 3620/5256/8816 3625/5251/8815
f 3482/5074/8804 3619/5252/8809 3486/5081/8817
f 3604/5234/8781 3624/5257/8818 3622/5255/8819
f 3624/5257/8818 3604/5234/8781 3612/5244/8799
f 3489/5258/8820 3620/5254/8813 3480/5250/8807
f 3621/5253/8811 3623/5259/8821 3619/5252/8810
f 3618/5248/8808 3626/5260/8822 3617/5249/8806
f 3623/5259/8823 3486/5081/8817 3619/5252/8809
f 3618/5248/8824 3625/5251/8824 3626/5260/8824
f 3486/5081/8817 3623/5259/8823 3627/5261/8825
f 3627/5261/8826 3490/5080/8827 3486/5081/8828
f 3623/5259/8821 3621/5253/8811 3622/5255/8829
f 3628/5262/8830 3622/5255/8819 3624/5257/8818
f 3620/5256/8816 3629/5263/8831 3625/5251/8815
f 3489/5258/8820 3629/5264/8832 3620/5254/8813
f 3635/5265/8833 3629/5264/8832 3489/5258/8820
f 3623/5259/8821 3622/5255/8829 3630/5266/8834
f 3630/5266/8834 3622/5255/8829 3631/5267/8835
f 3622/5255/8819 3628/5262/8830 3631/5267/8836
f 3629/5263/8837 3632/5268/8837 3625/5251/8837
f 3626/5260/8838 3625/5251/8839 3633/5269/8840
f 3632/5268/8841 3633/5269/8840 3625/5251/8839
f 3626/5260/8842 3633/5269/8843 3634/5270/8844
f 3924/5271/8845 3626/5260/8846 3634/5270/8847
f 3630/5266/8848 3627/5261/8825 3623/5259/8823
f 3631/5267/8849 3636/5272/8849 3630/5266/8849
f 3631/5267/8850 3638/5273/8851 3636/5272/8852
f 3639/5274/8853 3631/5267/8836 3628/5262/8830
f 3631/5267/8836 3639/5274/8853 3638/5273/8854
f 3629/5263/8855 3637/5275/8856 3632/5268/8857
f 3629/5264/8832 3635/5265/8833 3637/5276/8858
f 3627/5261/8826 3497/5090/8859 3490/5080/8827
f 3638/5273/8851 3640/5277/8860 3636/5272/8852
f 3641/5278/8861 3640/5277/8862 3638/5273/8854
f 3638/5273/8854 3639/5274/8853 3641/5278/8861
f 3637/5275/8856 3644/5279/8863 3632/5268/8857
f 3642/5280/8864 3632/5268/8864 3644/5279/8864
f 3632/5268/8865 3642/5280/8865 3633/5269/8865
f 3642/5280/8866 3944/5281/8867 3633/5269/8843
f 3634/5270/8844 3633/5269/8843 3944/5281/8867
f 3630/5266/8868 3636/5272/8868 3643/5282/8868
f 3627/5261/8825 3630/5266/8848 3643/5282/8869
f 3643/5282/8870 3636/5272/8870 3640/5277/8870
f 3642/5280/8871 3644/5279/8871 3645/5283/8871
f 3642/5280/8872 3645/5283/8873 3944/5281/8874
f 3944/5281/8874 3645/5283/8873 3649/5284/8875
f 3635/5265/8833 3644/5285/8876 3637/5276/8858
f 3635/5265/8833 3489/5258/8820 3658/5286/8877
f 3489/5082/8878 3496/5089/8879 3658/5287/8880
f 3646/5288/8881 3497/5090/8859 3627/5261/8826
f 3643/5282/8869 3646/5288/8882 3627/5261/8825
f 3640/5277/8883 3647/5289/8883 3643/5282/8883
f 3647/5289/8884 3640/5277/8885 3648/5290/8886
f 3640/5277/8885 3641/5278/8887 3648/5290/8886
f 3645/5283/8888 3644/5279/8888 3654/5291/8888
f 3646/5288/8882 3643/5282/8869 3650/5292/8889
f 3647/5289/8890 3650/5292/8890 3643/5282/8890
f 3648/5290/8886 3651/5293/8891 3647/5289/8884
f 3645/5283/8873 3652/5294/8892 3653/5295/8893
f 3645/5283/8873 3653/5295/8893 3649/5284/8875
f 3652/5294/8894 3645/5283/8894 3654/5291/8894
f 3635/5265/8833 3654/5296/8895 3644/5285/8876
f 3635/5265/8833 3658/5286/8896 3654/5296/8895
f 3655/5297/8897 3650/5292/8897 3647/5289/8897
f 3647/5289/8898 3651/5293/8899 3655/5297/8900
f 3656/5298/8901 3651/5293/8891 3648/5290/8886
f 3660/5299/8902 3651/5293/8902 3656/5298/8902
f 3657/5300/8903 3653/5295/8893 3652/5294/8892
f 3652/5294/8904 3654/5291/8904 3657/5300/8904
f 3650/5292/8905 3655/5297/8906 3659/5301/8907
f 3659/5301/8908 3655/5297/8900 3651/5293/8899
f 3665/5302/8909 3651/5293/8909 3660/5299/8909
f 3651/5293/8910 3665/5302/8911 3664/5303/8912
f 3662/5304/8913 3657/5300/8914 3661/5305/8915
f 3653/5295/8893 3657/5300/8903 3662/5304/8916
f 3662/5304/8916 3663/5306/8917 3653/5295/8893
f 3658/5286/8896 3661/5307/8918 3654/5296/8895
f 3654/5291/8919 3661/5305/8915 3657/5300/8914
f 3659/5301/8908 3651/5293/8899 3664/5303/8920
f 3665/5302/8911 3668/5308/8921 3664/5303/8912
f 3666/5309/8922 3650/5292/8905 3659/5301/8907
f 3666/5309/8923 3664/5303/8920 3667/5310/8924
f 3666/5309/8923 3659/5301/8908 3664/5303/8920
f 3668/5308/8925 3675/5311/8926 3664/5303/8927
f 3661/5305/8915 3670/5312/8928 3662/5304/8913
f 3670/5312/8929 3661/5305/8930 3669/5313/8931
f 3670/5312/8932 3671/5314/8933 3662/5304/8934
f 3662/5304/8916 3671/5314/8935 3663/5306/8917
f 3663/5306/8917 3671/5314/8935 3672/5315/8936
f 3496/5089/8879 3499/5094/8937 3658/5287/8880
f 3673/5316/8938 3497/5090/8859 3646/5288/8881
f 3666/5309/8922 3674/5317/8939 3650/5292/8905
f 3646/5288/8882 3674/5317/8940 3673/5316/8941
f 3674/5317/8940 3646/5288/8882 3650/5292/8889
f 3666/5309/8923 3667/5310/8924 3680/5318/8942
f 3664/5303/8927 3675/5311/8926 3667/5310/8943
f 3667/5310/8943 3676/5319/8944 3680/5318/8945
f 3667/5310/8943 3675/5311/8926 3676/5319/8944
f 3677/5320/8946 3670/5312/8929 3669/5313/8931
f 3678/5321/8947 3670/5312/8948 3677/5320/8949
f 3670/5312/8932 3678/5321/8950 3671/5314/8933
f 3671/5314/8935 3678/5321/8951 3672/5315/8936
f 3658/5286/8896 3669/5322/8952 3661/5307/8918
f 3669/5322/8952 3658/5286/8896 3679/5323/8953
f 3683/5098/8954 3497/5090/8859 3673/5316/8938
f 3683/5098/8955 3674/5317/8940 3684/5324/8956
f 3674/5317/8940 3683/5098/8955 3673/5316/8941
f 3680/5318/8957 3674/5317/8958 3666/5309/8959
f 3680/5318/8945 3676/5319/8944 3686/5325/8960
f 3688/5326/8961 3681/5327/8962 3678/5321/8951
f 3682/5328/8963 3677/5329/8964 3669/5322/8965
f 3678/5321/8947 3677/5320/8949 3688/5326/8966
f 3672/5315/8936 3678/5321/8951 3681/5327/8962
f 3669/5322/8952 3679/5323/8953 3682/5328/8967
f 3658/5287/8880 3499/5094/8937 3679/5330/8968
f 3683/5098/8525 3500/5095/8524 3497/5090/8969
f 3685/5331/8970 3684/5324/8971 3674/5317/8972
f 3680/5318/8957 3685/5331/8973 3674/5317/8958
f 3686/5325/8974 3685/5331/8975 3680/5318/8976
f 3686/5325/8960 3676/5319/8944 3687/5332/8977
f 3691/5333/8978 3681/5327/8962 3688/5326/8961
f 3677/5320/8949 3690/5334/8979 3688/5326/8966
f 3692/5335/8980 3684/5324/8971 3685/5331/8970
f 3689/5336/8981 3685/5331/8975 3686/5325/8974
f 3687/5332/8977 3689/5336/8982 3686/5325/8960
f 3688/5326/8983 3690/5334/8984 3691/5333/8985
f 3682/5328/8963 3690/5337/8986 3677/5329/8964
f 3684/5324/8956 3698/5338/8987 3683/5098/8955
f 3685/5331/8975 3689/5336/8981 3692/5335/8988
f 3693/5339/8989 3689/5336/8982 3687/5332/8977
f 3682/5328/8963 3694/5340/8990 3690/5337/8986
f 3690/5334/8984 3694/5341/8991 3691/5333/8985
f 3681/5327/8962 3691/5333/8978 3695/5342/8992
f 3689/5336/8982 3693/5339/8989 3696/5343/8993
f 3682/5344/8963 3697/5345/8994 3694/5341/8990
f 3682/5328/8963 3703/5346/8995 3697/5347/8994
f 3694/5341/8996 3697/5345/8997 3700/5348/8998
f 3694/5341/8991 3700/5348/8999 3691/5333/8985
f 3700/5348/9000 3695/5342/8992 3691/5333/8978
f 3679/5330/8968 3499/5094/8937 3704/5099/9001
f 3699/5349/9002 3684/5324/8971 3692/5335/8980
f 3696/5343/9003 3692/5335/8988 3689/5336/8981
f 3696/5343/9003 3699/5349/9004 3692/5335/8988
f 3693/5339/8989 3708/5350/9005 3696/5343/8993
f 3701/5351/9006 3700/5348/8998 3697/5345/8997
f 3709/5352/9007 3700/5348/9008 3701/5351/9009
f 3695/5342/8992 3700/5348/9000 3702/5353/9010
f 3679/5323/8953 3703/5346/9011 3682/5328/8967
f 3679/5323/8953 3704/5354/9012 3703/5346/9011
f 3698/5338/8987 3684/5324/8956 3705/5355/9013
f 3714/5356/9014 3705/5355/9013 3684/5324/8956
f 3684/5324/9015 3706/5357/9016 3714/5356/9017
f 3684/5324/9015 3699/5349/9018 3706/5357/9016
f 3699/5349/9004 3696/5343/9003 3707/5358/9019
f 3696/5343/8993 3708/5350/9005 3707/5358/9020
f 3697/5347/8994 3703/5346/8995 3701/5359/9021
f 3702/5353/9010 3700/5348/9000 3709/5352/9022
f 3709/5352/9022 3710/5360/9023 3702/5353/9010
f 3711/5361/9024 3714/5356/9017 3706/5357/9016
f 3706/5357/9025 3699/5349/9004 3707/5358/9019
f 3711/5361/9026 3707/5358/9019 3715/5362/9027
f 3707/5358/9019 3711/5361/9026 3706/5357/9025
f 3712/5363/9028 3707/5358/9020 3708/5350/9005
f 3707/5358/9020 3712/5363/9028 3715/5362/9029
f 3709/5352/9007 3701/5351/9009 3713/5364/9030
f 3701/5359/9021 3703/5346/8995 3713/5365/9031
f 3703/5346/9011 3704/5354/9012 3719/5366/9032
f 3698/5338/9033 3503/5096/9034 3683/5098/9035
f 3705/5355/9036 3503/5096/9034 3698/5338/9033
f 3711/5361/9024 3716/5367/9037 3714/5356/9017
f 3715/5362/9027 3716/5367/9038 3711/5361/9026
f 3709/5352/9039 3713/5364/9039 3717/5368/9039
f 3718/5369/9040 3709/5352/9040 3717/5368/9040
f 3710/5360/9023 3709/5352/9022 3718/5369/9041
f 3724/5370/9042 3710/5360/9023 3718/5369/9041
f 3703/5346/8995 3742/5371/9043 3713/5365/9031
f 3717/5368/9044 3713/5364/9045 3742/5372/9046
f 3719/5366/9032 3742/5371/9047 3703/5346/9011
f 3504/5097/8527 3507/5103/9048 3704/5099/8528
f 3714/5356/9017 3716/5367/9037 3720/5373/9049
f 3721/5374/9050 3720/5373/9049 3716/5367/9037
f 3722/5375/9051 3715/5362/9029 3712/5363/9028
f 3715/5362/9029 3722/5375/9051 3727/5376/9052
f 3725/5377/9053 3718/5369/9054 3717/5368/9055
f 3718/5369/9056 3723/5378/9057 3724/5370/9058
f 3704/5099/9059 3507/5103/9060 3719/5379/9061
f 3733/5380/9062 3705/5355/9013 3714/5356/9014
f 3720/5373/9063 3733/5380/9062 3714/5356/9014
f 3715/5362/9027 3721/5374/9064 3716/5367/9038
f 3726/5381/9065 3720/5373/9049 3721/5374/9050
f 3727/5376/9066 3721/5374/9064 3715/5362/9027
f 3727/5376/9066 3726/5381/9067 3721/5374/9064
f 3722/5375/9051 3728/5382/9068 3727/5376/9052
f 3727/5383/9069 3728/5384/9070 3729/5385/9071
f 3741/5386/9072 3730/5387/9073 3732/5388/9074
f 3725/5389/9075 3742/5371/9046 3731/5390/9076
f 3718/5369/9054 3725/5377/9053 3723/5378/9077
f 3725/5377/9053 3731/5391/9078 3723/5378/9077
f 3723/5378/9057 3732/5388/9079 3724/5370/9058
f 3732/5388/9074 3723/5378/9080 3741/5386/9072
f 3742/5371/9046 3725/5389/9075 3717/5392/9044
f 3719/5366/9032 3510/5393/9081 3742/5371/9047
f 3507/5103/9060 3510/5105/9082 3719/5379/9061
f 3735/5394/9083 3734/5395/9084 3720/5373/9085
f 3734/5395/9086 3733/5380/9062 3720/5373/9063
f 3726/5381/9087 3735/5394/9083 3720/5373/9085
f 3727/5376/9088 3735/5394/9089 3726/5381/9090
f 3736/5396/9091 3735/5394/9089 3727/5376/9088
f 3744/5397/9092 3735/5394/9092 3736/5396/9092
f 3727/5383/9069 3729/5385/9071 3736/5398/9093
f 3729/5385/9094 3737/5399/9095 3736/5398/9096
f 3744/5400/9097 3737/5399/9098 3745/5401/9099
f 3744/5400/9100 3736/5398/9096 3737/5399/9095
f 3745/5401/9101 3738/5402/9102 3730/5403/9103
f 3745/5401/9099 3737/5399/9098 3738/5402/9104
f 3739/5404/9105 3723/5378/9105 3731/5391/9105
f 3723/5378/9106 3739/5404/9106 3741/5386/9106
f 3741/5405/9107 3739/5406/9107 3745/5401/9107
f 3730/5403/9103 3741/5405/9108 3745/5401/9101
f 3742/5371/9046 3740/5407/9109 3731/5390/9076
f 3731/5391/9110 3740/5408/9110 3739/5404/9110
f 3705/5355/9036 3514/5108/9111 3503/5096/9034
f 3746/5409/9112 3734/5395/9112 3735/5394/9112
f 3746/5410/9113 3744/5411/9113 3745/5412/9113
f 3744/5413/9114 3746/5414/9114 3735/5415/9114
f 3746/5416/9115 3740/5417/9115 3734/5418/9115
f 3739/5419/9116 3746/5420/9116 3745/5421/9116
f 3739/5422/9117 3740/5423/9117 3746/5424/9117
f 3705/5355/9036 3747/5425/9118 3514/5108/9111
f 3743/5426/9119 3705/5355/9013 3733/5380/9062
f 3743/5426/9120 3733/5380/9120 3734/5395/9120
f 3743/5426/9121 3734/5395/9122 3740/5407/9123
f 3743/5426/9121 3740/5407/9123 3742/5371/9047
f 3743/5426/9121 3742/5371/9047 3510/5393/9081
f 3518/5112/9124 3514/5108/9124 3747/5425/9124
f 3748/5427/9125 3705/5355/9013 3749/5428/9126
f 3705/5355/9013 3748/5427/9125 3747/5425/9127
f 3743/5426/9119 3749/5428/9126 3705/5355/9013
f 3750/5429/9128 3743/5426/9121 3510/5393/9081
f 3510/5105/9129 3517/5113/9129 3750/5430/9129
f 3518/5112/9130 3751/5431/9130 3512/5106/9130
f 3751/5431/9131 3520/5432/9131 3512/5106/9131
f 3751/5433/9132 3752/5434/9132 3520/5119/9132
f 3752/5434/9133 3519/5118/9133 3520/5119/9133
f 3752/5434/9134 3753/5435/9134 3519/5118/9134
f 3518/5112/9135 3747/5425/9135 3751/5431/9135
f 3751/5431/9136 3747/5425/9137 3748/5427/9138
f 3756/5436/9139 3752/5434/9140 3751/5433/9141
f 3756/5436/9142 3753/5435/9143 3752/5434/9144
f 3748/5427/9138 3755/5437/9145 3751/5431/9136
f 3755/5438/9146 3756/5436/9139 3751/5433/9141
f 3756/5436/9142 3754/5439/9147 3753/5435/9143
f 3755/5438/9148 3754/5439/9147 3756/5436/9142
f 3749/5428/9149 3755/5437/9145 3748/5427/9138
f 3757/5440/9150 3754/5439/9147 3755/5438/9148
f 3758/5441/9151 3757/5440/9150 3755/5438/9148
f 3755/5437/9145 3749/5428/9149 3760/5442/9152
f 3759/5443/9153 3755/5438/9154 3760/5444/9155
f 3759/5443/9156 3758/5441/9151 3755/5438/9148
f 3760/5442/9152 3749/5428/9149 3743/5426/9157
f 3759/5443/9156 3761/5445/9158 3758/5441/9151
f 3762/5446/9159 3759/5443/9153 3760/5444/9155
f 3761/5445/9158 3759/5443/9156 3764/5447/9160
f 3760/5442/9152 3743/5426/9157 3750/5429/9161
f 3760/5442/9152 3750/5429/9161 3762/5448/9162
f 3762/5446/9159 3763/5449/9163 3759/5443/9153
f 3763/5449/9164 3764/5447/9160 3759/5443/9156
f 3762/5450/9165 3750/5430/9165 3517/5113/9165
f 3516/5110/9166 3762/5450/9166 3517/5113/9166
f 3516/5110/9167 3521/5120/9167 3762/5450/9167
f 3521/5122/9168 3763/5449/9168 3762/5446/9168
f 3521/5122/9169 3522/5121/9169 3763/5449/9169
f 3522/5121/9170 3764/5447/9171 3763/5449/9172
f 3764/5447/9171 3522/5121/9170 3765/5451/9173
f 3519/5118/9174 3523/5452/9174 3148/4616/9174
f 3524/5128/8576 3428/4773/7948 3523/5123/8568
f 3519/5118/9175 3766/5453/9175 3523/5452/9175
f 3523/5454/9176 3766/5455/9177 3524/5456/9178
f 3768/5457/9179 3524/5456/9178 3766/5455/9177
f 3524/5456/9180 3768/5457/9180 3767/5458/9180
f 3776/5459/9181 3767/5458/9181 3768/5457/9181
f 3519/5118/9182 3753/5435/9183 3766/5453/9184
f 3769/5460/9185 3766/5455/9184 3753/5461/9183
f 3766/5455/9186 3769/5460/9187 3768/5457/9188
f 3753/5461/9189 3770/5462/9190 3769/5460/9191
f 3754/5439/9192 3770/5463/9190 3753/5435/9189
f 3770/5463/9190 3754/5439/9192 3757/5440/9193
f 3771/5464/9194 3770/5463/9190 3757/5440/9193
f 3758/5441/9195 3771/5464/9194 3757/5440/9193
f 3758/5441/9195 3772/5465/9196 3771/5464/9194
f 3761/5445/9197 3772/5465/9196 3758/5441/9195
f 3764/5447/9198 3772/5465/9196 3761/5445/9197
f 3765/5451/9199 3772/5465/9196 3764/5447/9198
f 3522/5466/9200 3773/5467/9201 3765/5468/9202
f 3525/5469/9203 3522/5121/9203 3262/4770/9203
f 3525/5124/9204 3773/5467/9201 3522/5466/9200
f 3526/5125/9205 3773/5467/9205 3525/5124/9205
f 3774/5470/9206 3773/5467/9207 3526/5125/9208
f 3773/5467/9209 3774/5470/9209 4066/5471/9209
f 3430/5127/8575 3527/5126/8574 3775/5472/9210
f 3150/4365/7166 3524/5129/8578 3527/5126/9211
f 3767/5473/9212 3527/5126/9213 3524/5129/9214
f 3774/5470/9206 3526/5125/9208 3263/4999/9215
f 3263/4776/9216 3777/5130/9216 3774/5474/9216
f 3528/5131/8580 3777/5130/9217 3429/4775/8372
f 3779/5475/9218 2973/4371/7664 4070/4620/7663
f 4070/4620/7955 3430/5132/8581 3775/5476/9219
f 3778/1319/9220 3153/4370/7174 3529/1315/8373
f 3780/5477/9221 2973/4371/7664 3779/5475/9218
f 3780/5477/9221 3431/4780/7961 2973/4371/7664
f 53/337/62 3431/4780/64 3780/5477/9222
f 3782/5136/9223 3531/5137/9223 3784/5478/9223
f 3781/5479/9224 3782/5480/9224 3783/5481/9224
f 3266/4372/9225 3785/5482/9226 3432/5133/9227
f 3531/5137/9228 3432/5133/9227 3785/5482/9226
f 3785/5482/9229 3784/5478/9229 3531/5137/9229
f 3530/5001/9230 3435/5000/9231 3533/5140/9232
f 3787/5483/9233 3530/5001/9230 3533/5140/9232
f 3533/5140/9234 3788/5484/9234 3787/5483/9234
f 3789/5485/9235 3533/5486/9235 3532/5143/9235
f 3532/5143/9236 3535/5144/9236 3790/5487/9236
f 3532/5143/9237 3790/5487/9237 3789/5485/9237
f 3788/5484/9238 3533/5140/9238 3789/5488/9238
f 3790/5487/9239 3535/5144/9239 3791/5145/9239
f 3783/5481/9240 3536/5489/9241 3781/5479/9242
f 3536/5146/9243 3534/5134/9243 3781/5135/9243
f 3793/5490/9244 3536/5489/9241 3783/5481/9240
f 3790/5487/9245 3791/5145/9245 3795/5491/9245
f 3443/5492/9246 3536/5489/9246 3792/5493/9246
f 3792/5493/9247 3536/5489/9247 3793/5490/9247
f 3795/5491/9248 3537/5147/9249 3539/5021/9250
f 3537/5147/9251 3795/5491/9251 3791/5145/9251
f 3538/5494/9252 3443/5492/9253 3796/5495/9254
f 3792/5493/9255 3797/5496/9256 3796/5495/9257
f 3443/5492/9253 3792/5493/9258 3796/5495/9254
f 3792/5493/9255 3794/5497/9259 3797/5496/9256
f 3798/5498/9260 3797/5496/9260 3794/5497/9260
f 3798/5498/9261 3794/5497/9261 4104/5499/9261
f 3798/5498/9262 4104/5499/9263 3799/5500/9264
f 4106/5501/9265 3800/5502/9265 3799/5500/9265
f 4106/5501/9266 3801/5503/9267 3800/5502/9268
f 3805/5504/9269 3809/5505/9270 3804/5506/9271
f 3804/5506/9272 3802/5507/9272 3805/5504/9272
f 3809/5505/9270 3806/5508/9273 3804/5506/9271
f 3807/5509/9274 3808/5510/9275 3795/5491/9276
f 3809/5511/9277 3795/5491/9276 3808/5510/9275
f 3806/5508/9278 3809/5505/9278 3808/5512/9278
f 3795/5491/9248 3539/5021/9250 3807/5509/9279
f 3810/5513/9280 3540/5023/8624 3538/5148/9281
f 3796/5495/9282 3810/5514/9280 3538/5494/9281
f 3813/5515/9283 3796/5495/9283 3797/5496/9283
f 3798/5498/9284 3813/5515/9284 3797/5496/9284
f 3799/5500/9285 3811/5516/9286 3798/5498/9287
f 3799/5500/9288 3800/5502/9289 3811/5516/9290
f 3815/5517/9291 3802/5507/9292 3804/5506/9293
f 3806/5508/9294 3815/5517/9291 3804/5506/9293
f 3807/5509/9295 3539/5021/9296 3812/5518/9297
f 3808/5510/9298 3807/5509/9299 3812/5518/9300
f 3813/5515/9301 3810/5514/9302 3796/5495/9303
f 3798/5498/9287 3811/5516/9286 3814/5519/9304
f 3800/5502/9289 3822/5520/9305 3811/5516/9290
f 3539/5021/9296 3444/5022/9306 3812/5518/9297
f 3821/5521/9307 3810/5514/9302 3813/5515/9301
f 3798/5498/9308 3821/5521/9308 3813/5515/9308
f 3814/5519/9309 3821/5521/9310 3798/5498/9311
f 3822/5520/9312 3800/5502/9313 3818/5522/9314
f 3816/5523/9315 3800/5502/9316 3801/5503/9317
f 3823/5524/9318 3802/5525/9319 3815/5526/9320
f 3823/5524/9321 3803/5527/9322 3802/5525/9323
f 3819/5528/9324 3803/5527/9322 3823/5524/9321
f 3808/5512/9325 3817/5529/9325 3806/5508/9325
f 3812/5518/9300 3817/5530/9326 3808/5510/9298
f 3812/5518/9327 3820/5531/9328 3817/5530/9329
f 3816/5523/9315 3818/5522/9330 3800/5502/9316
f 3806/5508/9294 3817/5529/9331 3815/5517/9291
f 3812/5518/9297 3444/5022/9306 3820/5531/9332
f 3833/5532/9333 3818/5522/9330 3816/5523/9315
f 3815/5517/9291 3817/5529/9331 3824/5533/9334
f 3540/5023/8624 3810/5513/9280 3825/5149/8622
f 3821/5521/9307 3825/5534/9335 3810/5514/9302
f 3814/5519/9309 3828/5535/9336 3821/5521/9310
f 3814/5519/9309 3826/5536/9337 3828/5535/9336
f 3822/5520/9305 3827/5537/9338 3811/5516/9290
f 3811/5516/9286 3827/5537/9339 3814/5519/9304
f 3823/5538/9318 3815/5517/9320 3824/5533/9340
f 3820/5531/9332 3444/5022/9306 3542/5025/9341
f 3444/5022/8406 3541/5024/8411 3542/5025/8413
f 3825/5534/9335 3821/5521/9307 3828/5535/9342
f 3827/5537/9339 3826/5536/9343 3814/5519/9304
f 3822/5520/9312 3818/5522/9314 3829/5539/9344
f 3829/5539/9345 3827/5537/9338 3822/5520/9305
f 3833/5532/9333 3829/5539/9346 3818/5522/9330
f 3832/5540/9347 3803/5527/9347 3819/5528/9347
f 3820/5531/9328 3830/5541/9348 3817/5530/9329
f 3831/5542/9349 3827/5537/9338 3829/5539/9345
f 3824/5533/9334 3817/5529/9331 3834/5543/9350
f 3820/5531/9351 3542/5025/9351 3839/5544/9351
f 3820/5531/9328 3839/5544/9352 3830/5541/9348
f 3826/5536/9337 3836/5545/9353 3828/5535/9336
f 3837/5546/9354 3826/5536/9343 3827/5537/9339
f 3827/5537/9338 3831/5542/9349 3837/5546/9355
f 3829/5539/9346 3833/5532/9333 3831/5542/9356
f 3819/5528/9324 3823/5524/9321 3834/5547/9357
f 3824/5533/9340 3834/5543/9358 3823/5538/9318
f 3835/5548/9359 3834/5543/9350 3817/5529/9331
f 3817/5530/9329 3830/5541/9348 3839/5544/9360
f 3817/5530/9329 3839/5544/9360 3835/5549/9361
f 3828/5535/9342 3836/5545/9362 3825/5534/9335
f 3831/5542/9356 3833/5532/9333 3837/5546/9363
f 3844/5550/9364 3837/5546/9364 3833/5532/9364
f 3838/5551/9365 3834/5543/9366 3835/5548/9367
f 3543/5150/9368 3839/5544/9368 3542/5025/9368
f 3841/5552/9369 3835/5549/9369 3839/5544/9369
f 3544/5152/9370 3445/5553/9370 3825/5534/9370
f 3836/5545/9371 3544/5152/8630 3825/5534/9372
f 3836/5545/9371 3840/5154/8631 3544/5152/8630
f 3826/5536/9373 3840/5154/9374 3836/5545/9375
f 3826/5536/9373 3842/5155/9376 3840/5154/9374
f 3550/5162/8647 3842/5155/8649 3826/5536/9377
f 3837/5546/9378 3550/5162/8647 3826/5536/9377
f 3550/5162/8664 3837/5546/9379 3843/5554/9380
f 3843/5554/9381 3837/5546/9382 3844/5550/9383
f 3819/5528/9384 3834/5547/9385 3846/5555/9386
f 3832/5540/9387 3819/5528/9388 3846/5555/9389
f 3832/5540/9387 3846/5555/9389 3845/5556/9390
f 3835/5548/9367 3841/5557/9391 3838/5551/9365
f 3839/5544/9392 3543/5150/8642 3548/5159/8641
f 3839/5544/9393 3548/5159/9394 3841/5552/9395
f 3850/5558/9396 3844/5550/9397 4125/5559/9398
f 3552/5166/8652 3846/5555/9386 3834/5547/9385
f 4122/5560/9399 3845/5556/9400 3851/5561/9401
f 3847/5562/9402 4122/5560/9402 3851/5561/9402
f 3838/5551/9365 3848/5167/8653 3552/5170/8656
f 3841/5557/9391 3848/5167/8653 3838/5551/9365
f 3834/5543/9366 3838/5551/9365 3552/5170/8656
f 3548/5159/9394 3848/5158/9403 3841/5552/9395
f 3843/5554/9380 3551/5173/8662 3550/5162/8664
f 3551/5173/9404 3843/5554/9381 3844/5550/9383
f 3850/5558/9396 3551/5173/8682 3844/5550/9397
f 3849/5179/8680 3551/5173/8682 3850/5558/9396
f 3552/5166/8652 3553/5165/8651 3846/5555/9386
f 3846/5555/9389 3553/5165/9405 3845/5556/9390
f 3847/5562/9406 3851/5561/9407 3855/5563/9408
f 3849/5179/9409 3852/5564/9410 3856/5565/9411
f 3852/5564/9410 3849/5179/9409 3850/5558/9412
f 3857/5566/9413 3852/5564/9414 4129/5567/9415
f 3845/5556/9400 3553/5165/9416 3851/5561/9401
f 3560/5175/8686 3851/5561/9401 3553/5165/9416
f 3855/5563/9408 3851/5561/9407 3861/5568/9417
f 3853/5569/9418 3855/5563/9419 3861/5568/9420
f 3853/5569/9418 3847/5562/9421 3855/5563/9419
f 3862/5570/9422 3849/5179/9423 3856/5565/9424
f 3857/5566/9413 3856/5565/9425 3852/5564/9414
f 3858/5571/9426 3864/5572/9427 3857/5566/9428
f 3853/5573/9429 3867/5574/9430 3854/5575/9431
f 3854/5576/9432 3867/5577/9432 3859/5578/9432
f 4132/5579/9433 3854/5576/9434 3859/5578/9435
f 3861/5568/9436 3560/5175/8686 3565/5182/8685
f 3861/5568/9436 3851/5561/9401 3560/5175/8686
f 3861/5568/9420 3565/5182/9437 3860/5580/9438
f 3853/5569/9418 3861/5568/9420 3860/5580/9438
f 3567/5184/9439 3849/5179/9439 3862/5570/9439
f 3863/5581/9440 3862/5570/9422 3856/5565/9424
f 3857/5566/9441 3863/5581/9441 3856/5565/9442
f 3857/5566/9441 3864/5572/9443 3863/5581/9441
f 3865/5582/9444 3864/5572/9427 3858/5571/9426
f 3860/5583/9445 3867/5574/9430 3853/5573/9429
f 3870/5584/9446 3865/5582/9447 3858/5571/9448
f 3871/5585/9449 3866/5586/9450 3859/5578/9451
f 3860/5583/9452 3868/5587/9453 3867/5574/9454
f 3869/5588/9455 3862/5570/9456 3863/5581/9457
f 3873/5589/9458 3871/5585/9449 3859/5578/9451
f 3868/5587/9453 3860/5583/9452 3872/5590/9459
f 3867/5577/9460 3868/5591/9461 3873/5589/9462
f 3873/5589/9463 3859/5578/9463 3867/5577/9463
f 3872/5592/9464 3860/5580/9465 3565/5182/9466
f 3565/5182/9466 3582/5200/9467 3872/5592/9464
f 3865/5582/9444 3874/5593/9468 3864/5572/9427
f 3874/5593/9469 3865/5582/9470 3876/5594/9471
f 3875/5595/9472 3863/5581/9473 3864/5572/9474
f 3875/5595/9472 3869/5588/9475 3863/5581/9473
f 3874/5593/9476 3875/5595/9477 3864/5572/9478
f 3865/5582/9447 3870/5584/9446 3876/5594/9471
f 3877/5596/9479 3868/5587/9453 3872/5590/9459
f 3575/5191/8706 3582/5200/9480 3565/5182/8685
f 3588/5209/8740 3576/5193/8710 3567/5184/8690
f 3862/5570/9481 3588/5209/9482 3567/5184/9481
f 3873/5589/9458 3878/5597/9483 3871/5585/9449
f 3877/5596/9479 3879/5598/9484 3868/5587/9453
f 3880/5599/9485 3874/5593/9469 3876/5594/9471
f 3870/5584/9446 3880/5599/9485 3876/5594/9471
f 3872/5592/9464 3582/5200/9467 3884/5600/9486
f 3877/5601/9487 3872/5592/9488 3884/5600/9489
f 3881/5602/9490 3862/5570/9456 3869/5588/9455
f 3885/5603/9491 3881/5602/9492 3869/5588/9475
f 3869/5588/9475 3875/5595/9472 3885/5603/9491
f 3874/5593/9476 3885/5603/9493 3875/5595/9477
f 3883/5604/9494 3880/5599/9485 3870/5584/9446
f 3882/5605/9495 3873/5589/9462 3868/5591/9461
f 3879/5598/9484 3882/5606/9496 3868/5587/9453
f 3883/5604/9494 3874/5593/9469 3880/5599/9485
f 3885/5603/9493 3874/5593/9476 3886/5607/9497
f 3874/5593/9469 3883/5604/9494 3886/5607/9498
f 3582/5200/9499 3587/5207/9500 3884/5600/9501
f 3879/5598/9484 3877/5596/9479 3888/5608/9502
f 3886/5607/9498 3883/5604/9494 3887/5609/9503
f 3884/5600/9489 3888/5610/9504 3877/5601/9487
f 3900/5611/9505 3862/5570/9456 3881/5602/9490
f 3885/5603/9491 3891/5612/9506 3881/5602/9492
f 3881/5602/9492 3891/5612/9506 3900/5611/9507
f 3889/5613/9508 3885/5603/9493 3886/5607/9497
f 3886/5607/9498 3887/5609/9503 3889/5613/9509
f 3882/5606/9496 3879/5598/9484 3888/5608/9502
f 3892/5614/9510 3891/5612/9506 3885/5603/9491
f 3883/5604/9494 3889/5613/9509 3887/5609/9503
f 3882/5606/9496 3888/5608/9502 3895/5615/9511
f 3884/5600/9489 3895/5616/9512 3888/5610/9504
f 3587/5207/9500 3597/5222/9513 3896/5617/9514
f 3885/5603/9515 3889/5613/9515 3893/5618/9515
f 3893/5618/9516 3889/5613/9517 3899/5619/9518
f 3894/5620/9519 3878/5597/9483 3873/5589/9458
f 3897/5621/9520 3894/5620/9519 3873/5589/9458
f 3894/5620/9521 3890/5622/9522 3878/5597/9523
f 3896/5617/9514 3884/5600/9501 3587/5207/9500
f 3885/5603/9524 3893/5618/9524 3898/5623/9524
f 3895/5616/9512 3884/5600/9489 3896/5617/9525
f 3901/5624/9526 3891/5612/9506 3892/5614/9510
f 3891/5612/9506 3901/5624/9526 3900/5611/9507
f 3892/5614/9527 3885/5603/9528 3901/5624/9529
f 3899/5619/9518 3898/5623/9530 3893/5618/9516
f 3902/5625/9531 3901/5624/9529 3885/5603/9528
f 3898/5623/9532 3902/5625/9533 3885/5603/9534
f 3895/5615/9511 3907/5626/9535 3882/5606/9496
f 3606/5230/8777 3598/5224/8766 3588/5209/8740
f 3903/5627/9536 3588/5209/9482 3862/5570/9481
f 3903/5627/9536 3606/5230/9537 3588/5209/9482
f 3902/5625/9533 3898/5623/9532 3906/5628/9538
f 3898/5623/9530 3904/5629/9539 3906/5628/9540
f 3898/5623/9530 3899/5619/9518 3904/5629/9539
f 3896/5617/9514 3597/5222/9513 3609/5235/9541
f 3905/5630/9542 3895/5616/9512 3896/5617/9525
f 3896/5617/9543 3609/5235/9544 3905/5630/9545
f 3908/5631/9546 3907/5626/9535 3895/5615/9511
f 3906/5628/9540 3904/5629/9539 3910/5632/9547
f 3895/5615/9511 3905/5633/9548 3908/5631/9546
f 3900/5611/9505 3903/5627/9549 3862/5570/9456
f 3900/5611/9507 3901/5624/9526 3902/5625/9550
f 3907/5634/9551 3873/5589/9462 3882/5605/9495
f 3902/5625/9533 3906/5628/9538 3909/5635/9552
f 3910/5632/9547 3909/5635/9553 3906/5628/9540
f 3911/5636/9554 3900/5611/9507 3902/5625/9550
f 3908/5631/9546 3905/5633/9548 3907/5626/9535
f 3609/5235/9544 3614/5247/9555 3905/5630/9545
f 3909/5635/9556 3910/5632/9557 3902/5625/9558
f 3902/5625/9558 3910/5632/9557 3914/5637/9559
f 3905/5633/9548 3916/5638/9560 3907/5626/9535
f 3920/5639/9561 3873/5589/9462 3907/5634/9551
f 3920/5639/9562 3897/5621/9563 3873/5589/9564
f 3911/5636/9554 3913/5640/9565 3900/5611/9507
f 3918/5641/9566 3914/5637/9567 3910/5632/9568
f 3902/5625/9558 3914/5637/9559 3915/5642/9569
f 3914/5637/9567 3918/5641/9566 3915/5642/9570
f 3919/5643/9571 3897/5621/9563 3920/5639/9562
f 3919/5643/9572 3912/5644/9573 3897/5621/9574
f 3917/5645/9575 3916/5638/9560 3905/5633/9548
f 3916/5638/9560 3920/5646/9576 3907/5626/9535
f 3913/5640/9565 3921/5647/9577 3900/5611/9507
f 3921/5647/9578 3903/5627/9549 3900/5611/9505
f 3916/5638/9560 3917/5645/9575 3920/5646/9576
f 3905/5630/9545 3614/5247/9555 3924/5271/9579
f 3606/5230/8777 3624/5257/8818 3612/5244/8799
f 3614/5247/9580 3617/5249/9581 3924/5271/8845
f 3925/5648/9582 3902/5625/9558 3915/5642/9569
f 3925/5648/9583 3915/5642/9583 3926/5649/9583
f 3915/5642/9570 3918/5641/9566 3926/5649/9584
f 3919/5643/9585 3920/5639/9585 3922/5650/9585
f 3920/5646/9576 3917/5645/9575 3923/5651/9586
f 3905/5630/9587 3924/5271/9588 3917/5652/9589
f 3924/5271/9588 3923/5653/9590 3917/5652/9589
f 3923/5651/9586 3927/5654/9591 3920/5646/9576
f 3927/5655/9592 3922/5650/9593 3920/5639/9594
f 3617/5249/9581 3626/5260/8846 3924/5271/8845
f 3925/5648/9595 3921/5647/9577 3911/5636/9554
f 3911/5636/9554 3921/5647/9577 3913/5640/9565
f 3902/5625/9550 3925/5648/9595 3911/5636/9554
f 3922/5650/9593 3927/5655/9592 3928/5656/9596
f 3628/5262/9597 3624/5257/8818 3606/5230/8777
f 3903/5627/9536 3628/5262/9598 3606/5230/9537
f 3929/5657/9599 3928/5656/9596 3927/5655/9592
f 3930/5658/9600 3928/5656/9596 3929/5657/9599
f 3921/5647/9577 3925/5648/9595 3933/5659/9601
f 3931/5660/9602 3926/5649/9603 3932/5661/9604
f 3931/5660/9602 3925/5648/9605 3926/5649/9603
f 3923/5651/9586 3929/5662/9606 3927/5654/9591
f 3923/5653/9607 3924/5271/9607 3634/5270/9607
f 3639/5274/9608 3903/5627/9536 3937/5663/9609
f 3921/5647/9578 3937/5663/9610 3903/5627/9549
f 3933/5659/9601 3937/5663/9611 3921/5647/9577
f 3931/5660/9612 3933/5659/9612 3925/5648/9612
f 3932/5661/9613 3933/5659/9613 3931/5660/9613
f 3929/5657/9599 3934/5664/9614 3930/5658/9600
f 3929/5662/9606 3923/5651/9586 3936/5665/9615
f 3935/5666/9616 3936/5667/9616 3923/5653/9616
f 3935/5666/9617 3923/5653/9618 3634/5270/9619
f 3903/5627/9536 3639/5274/9608 3628/5262/9598
f 3933/5659/9601 3940/5668/9620 3937/5663/9611
f 3933/5659/9621 3932/5661/9621 3938/5669/9621
f 3934/5664/9614 3929/5657/9599 3939/5670/9622
f 3935/5666/9617 3634/5270/9619 3944/5281/9623
f 3639/5274/9624 3937/5663/9624 3641/5278/9624
f 3940/5668/9625 3641/5278/9626 3937/5663/9627
f 3938/5669/9628 3941/5671/9628 3933/5659/9628
f 3929/5657/9599 3942/5672/9629 3939/5670/9622
f 3936/5665/9615 3942/5673/9630 3929/5662/9606
f 3943/5674/9631 3939/5670/9631 3942/5672/9631
f 4196/5675/9632 3939/5670/9633 3943/5674/9634
f 3946/5676/9635 3945/5677/9636 3940/5668/9620
f 3946/5676/9635 3940/5668/9620 3933/5659/9601
f 3933/5659/9637 3941/5671/9637 3946/5676/9637
f 3941/5671/9638 3947/5678/9638 3946/5676/9638
f 3948/5679/9639 3943/5674/9640 3942/5672/9641
f 3944/5281/9623 3649/5284/9642 3935/5666/9617
f 3940/5668/9625 3648/5290/9643 3641/5278/9626
f 3940/5668/9625 3945/5677/9644 3648/5290/9643
f 3947/5678/9645 3949/5680/9645 3946/5676/9645
f 3936/5665/9615 3956/5681/9646 3942/5673/9630
f 3942/5672/9647 3956/5682/9648 3950/5683/9649
f 3942/5672/9641 3950/5683/9650 3948/5679/9639
f 3957/5684/9651 3948/5679/9639 3950/5683/9650
f 3649/5284/9652 3936/5667/9652 3935/5666/9652
f 3936/5667/9653 3649/5284/9653 3951/5685/9653
f 3936/5665/9615 3952/5686/9654 3956/5681/9646
f 3946/5676/9635 3954/5687/9655 3945/5677/9636
f 3954/5687/9655 3953/5688/9656 3945/5677/9636
f 3949/5680/9657 3954/5687/9657 3946/5676/9657
f 3949/5680/9658 3955/5689/9658 3954/5687/9658
f 3955/5689/9659 3958/5690/9659 3954/5687/9659
f 3956/5682/9648 3957/5684/9660 3950/5683/9649
f 3649/5284/9661 3653/5295/9661 3951/5685/9661
f 3951/5685/9662 3952/5691/9662 3936/5667/9662
f 3953/5688/9663 3660/5299/9663 3656/5298/9663
f 3656/5298/9664 3648/5290/9665 3945/5677/9666
f 3945/5677/9666 3953/5688/9667 3656/5298/9664
f 3959/5692/9668 3953/5688/9656 3954/5687/9655
f 3954/5687/9669 3958/5690/9669 3959/5692/9669
f 3959/5692/9670 3958/5690/9670 3960/5693/9670
f 3955/5689/9671 3960/5693/9671 3958/5690/9671
f 3963/5694/9672 3956/5681/9646 3952/5686/9654
f 3963/5694/9672 3965/5695/9673 3956/5681/9646
f 3956/5682/9674 3965/5696/9674 3961/5697/9674
f 3956/5682/9648 3962/5698/9675 3957/5684/9660
f 3962/5698/9676 3956/5682/9676 3961/5697/9676
f 3653/5699/9677 3952/5700/9677 3951/5701/9677
f 3665/5302/9678 3660/5299/9678 3953/5688/9678
f 3953/5688/9679 3969/5702/9680 3665/5302/9681
f 3953/5688/9656 3959/5692/9668 3969/5702/9682
f 3964/5703/9683 3959/5692/9683 3960/5693/9683
f 3962/5698/9684 3961/5697/9684 3965/5696/9684
f 3965/5696/9685 3967/5704/9685 3962/5698/9685
f 3967/5704/9686 3965/5696/9686 3966/5705/9686
f 3653/5295/9687 3663/5306/9688 3968/5706/9689
f 3653/5295/9690 3968/5706/9690 3952/5691/9690
f 3963/5707/9691 3952/5691/9692 3968/5706/9693
f 3969/5702/9680 3668/5308/9694 3665/5302/9681
f 3970/5708/9695 3668/5308/9696 3969/5702/9697
f 3964/5703/9698 3971/5709/9699 3959/5692/9700
f 3959/5692/9700 3971/5709/9699 3975/5710/9701
f 3972/5711/9702 3971/5709/9699 3964/5703/9698
f 3965/5696/9703 3973/5712/9703 3966/5705/9703
f 3973/5712/9704 3967/5704/9704 3966/5705/9704
f 3977/5713/9705 3967/5704/9706 3973/5712/9707
f 3973/5714/9708 3965/5695/9673 3963/5694/9672
f 3970/5708/9695 3675/5311/9709 3668/5308/9696
f 3969/5702/9710 3974/5715/9710 3970/5708/9710
f 3959/5692/9668 3975/5710/9711 3969/5702/9682
f 3975/5710/9711 3974/5715/9712 3969/5702/9682
f 3971/5709/9699 3972/5711/9702 3975/5710/9701
f 3977/5713/9705 3973/5712/9707 3981/5716/9713
f 3973/5712/9714 3976/5717/9715 3981/5716/9716
f 3968/5706/9693 3978/5718/9717 3963/5707/9691
f 3963/5694/9672 3976/5719/9718 3973/5714/9708
f 3663/5306/9688 3672/5315/9719 3968/5706/9689
f 3978/5718/9720 3968/5706/9689 3672/5315/9719
f 3970/5708/9695 3676/5319/9721 3675/5311/9709
f 3974/5715/9722 3676/5319/9722 3970/5708/9722
f 3972/5711/9723 3979/5720/9724 3975/5710/9725
f 3972/5711/9726 3980/5721/9727 3979/5720/9728
f 3982/5722/9729 3981/5716/9716 3976/5717/9715
f 3981/5716/9713 3983/5723/9730 3977/5713/9705
f 3983/5723/9730 3981/5716/9713 3982/5722/9731
f 3963/5694/9691 3978/5724/9717 3986/5725/9732
f 3672/5315/9719 3681/5327/9733 3978/5718/9720
f 3984/5726/9734 3676/5319/9734 3974/5715/9734
f 3975/5710/9735 3985/5727/9735 3989/5728/9735
f 3985/5727/9736 3975/5710/9725 3979/5720/9724
f 3985/5727/9737 3979/5720/9728 3980/5721/9727
f 3985/5727/9737 3980/5721/9727 3990/5729/9738
f 3976/5717/9715 3994/5730/9739 3982/5722/9729
f 3982/5722/9731 3994/5730/9740 3983/5723/9730
f 3963/5694/9672 3986/5725/9741 3976/5719/9718
f 3986/5725/9741 3993/5731/9742 3976/5719/9718
f 3987/5732/9743 3978/5718/9720 3681/5327/9733
f 3978/5718/9717 3987/5732/9744 3986/5733/9732
f 3687/5332/9745 3676/5319/9746 3984/5726/9747
f 3988/5734/9748 3984/5726/9749 3974/5715/9750
f 3975/5710/9711 3988/5734/9751 3974/5715/9712
f 3975/5710/9711 3989/5728/9752 3988/5734/9751
f 3990/5729/9738 3989/5728/9753 3985/5727/9737
f 3993/5735/9754 3994/5730/9755 3976/5717/9756
f 3994/5736/9755 3993/5731/9754 3991/5737/9757
f 3983/5723/9730 3994/5730/9740 3992/5738/9758
f 3994/5730/9740 3991/5739/9759 3992/5738/9758
f 3995/5740/9760 3687/5332/9745 3984/5726/9747
f 3995/5740/9761 3984/5726/9749 3988/5734/9748
f 3989/5728/9752 3996/5741/9762 3988/5734/9751
f 4010/5742/9763 3988/5734/9751 3996/5741/9762
f 3990/5729/9738 3996/5741/9764 3989/5728/9753
f 3996/5741/9764 3990/5729/9738 4003/5743/9765
f 3991/5739/9757 3997/5744/9766 3998/5745/9767
f 3998/5745/9768 3992/5738/9758 3991/5739/9759
f 3998/5745/9768 3999/5746/9769 3992/5738/9758
f 3997/5747/9766 3991/5737/9757 3993/5731/9754
f 4007/5748/9770 3681/5327/9733 3695/5342/9771
f 4007/5748/9772 3986/5733/9732 3987/5732/9744
f 3995/5740/9760 3693/5339/9773 3687/5332/9745
f 4000/5749/9774 3693/5339/9773 3995/5740/9760
f 4009/5750/9775 3988/5734/9751 4010/5742/9763
f 3988/5734/9748 4009/5750/9776 3995/5740/9761
f 3995/5740/9777 4009/5750/9778 4000/5749/9779
f 4010/5742/9763 3996/5741/9762 4001/5751/9780
f 4003/5743/9765 4001/5751/9781 3996/5741/9764
f 4001/5751/9782 4004/5752/9783 4002/5753/9784
f 4004/5752/9785 4001/5751/9785 4003/5743/9785
f 4005/5754/9786 4006/5755/9787 3998/5745/9768
f 3997/5756/9766 4005/5757/9788 3998/5758/9767
f 3998/5745/9768 4006/5755/9787 3999/5746/9769
f 3986/5725/9741 3997/5747/9789 3993/5731/9742
f 3997/5747/9789 3986/5725/9741 4008/5759/9790
f 4007/5748/9772 4008/5760/9791 3986/5733/9732
f 3681/5327/9733 4007/5748/9770 3987/5732/9743
f 4017/5761/9792 4007/5748/9770 3695/5342/9771
f 4011/5762/9793 4018/5763/9794 4001/5751/9780
f 4018/5763/9794 4010/5742/9763 4001/5751/9780
f 4002/5753/9784 4011/5762/9795 4001/5751/9782
f 4012/5764/9796 4002/5753/9784 4004/5752/9783
f 4012/5764/9797 4011/5762/9795 4002/5753/9784
f 4015/5765/9798 4011/5762/9799 4012/5764/9800
f 4013/5766/9801 4014/5767/9802 4016/5768/9803
f 4014/5767/9802 4013/5766/9801 4015/5769/9804
f 4011/5762/9799 4015/5765/9798 4013/5770/9805
f 4016/5771/9806 4018/5763/9794 4013/5770/9807
f 4005/5754/9808 4016/5768/9803 4006/5755/9809
f 4006/5755/9809 4016/5768/9803 4014/5767/9802
f 3997/5744/9810 4016/5768/9810 4005/5754/9810
f 4008/5759/9790 4016/5771/9806 3997/5747/9789
f 4007/5748/9772 4017/5761/9811 4008/5760/9791
f 4000/5749/9774 3708/5350/9812 3693/5339/9773
f 4010/5742/9813 4000/5749/9779 4009/5750/9778
f 4010/5742/9814 4020/5772/9815 4000/5749/9816
f 4018/5763/9794 4011/5762/9793 4013/5770/9807
f 4008/5759/9790 4018/5763/9794 4016/5771/9806
f 3695/5342/9771 3702/5353/9817 4017/5761/9792
f 3702/5353/9817 4019/5773/9818 4017/5761/9792
f 4017/5761/9811 4019/5773/9819 4008/5760/9791
f 4008/5760/9791 4019/5773/9819 4023/5774/9820
f 4020/5772/9821 3708/5350/9812 4000/5749/9774
f 4010/5742/9814 4021/5775/9822 4020/5772/9815
f 3710/5360/9823 4019/5773/9818 3702/5353/9817
f 4020/5772/9821 3712/5363/9824 3708/5350/9812
f 4021/5775/9825 3712/5363/9826 4020/5772/9827
f 4010/5742/9814 4025/5776/9828 4021/5775/9822
f 4018/5763/9794 4022/5777/9829 4010/5742/9763
f 4008/5759/9790 4022/5777/9829 4018/5763/9794
f 4023/5778/9830 4026/5779/9831 4008/5759/9790
f 3710/5360/9832 4024/5780/9833 4019/5773/9834
f 4019/5773/9819 4024/5780/9835 4023/5774/9820
f 4025/5776/9836 3712/5363/9826 4021/5775/9825
f 4026/5779/9831 4022/5777/9829 4008/5759/9790
f 3710/5360/9832 4028/5781/9837 4024/5780/9833
f 4028/5781/9837 3710/5360/9832 3724/5370/9838
f 4024/5780/9835 4026/5782/9839 4023/5774/9820
f 4025/5776/9836 3722/5375/9840 3712/5363/9826
f 4010/5742/9763 4022/5777/9829 4025/5776/9841
f 3724/5370/9842 3732/5388/9842 4028/5781/9842
f 4026/5782/9839 4024/5780/9835 4028/5781/9843
f 4022/5777/9829 4026/5779/9831 4027/5783/9844
f 4028/5781/9843 4027/5784/9845 4026/5782/9839
f 4029/5785/9846 3728/5382/9846 3722/5375/9846
f 4025/5776/9836 4029/5785/9847 3722/5375/9840
f 4029/5785/9848 3729/5786/9849 3728/5382/9850
f 4022/5777/9851 4029/5785/9852 4025/5776/9853
f 4029/5785/9852 4022/5777/9851 4030/5787/9854
f 4022/5777/9829 4027/5783/9844 4032/5788/9855
f 4027/5784/9856 3732/5388/9857 4032/5789/9858
f 4027/5784/9856 4028/5781/9859 3732/5388/9857
f 4030/5787/9860 3729/5786/9849 4029/5785/9848
f 3729/5786/9861 4030/5787/9861 3737/5790/9861
f 4031/5791/9862 3737/5790/9862 4030/5787/9862
f 4022/5777/9863 4031/5791/9863 4030/5787/9863
f 3738/5402/9864 3737/5399/9864 4031/5792/9864
f 4022/5777/9865 4032/5788/9865 4031/5791/9865
f 4031/5791/9866 4032/5788/9866 3738/5793/9866
f 3730/5403/9867 3738/5402/9867 4032/5794/9867
f 3732/5388/9857 3730/5387/9868 4032/5789/9858
f 3769/5460/9187 4033/5795/9869 3768/5457/9188
f 4033/5795/9870 3769/5460/9871 4034/5796/9872
f 3770/5462/9873 4035/5797/9873 3769/5460/9873
f 4035/5797/9874 4034/5796/9872 3769/5460/9871
f 4035/5797/9874 4036/5798/9875 4034/5796/9872
f 4039/5799/9876 4037/5800/9877 3770/5462/9878
f 4037/5800/9877 4035/5797/9874 3770/5462/9878
f 4036/5798/9875 4035/5797/9874 4037/5800/9877
f 4036/5798/9875 4037/5800/9877 4038/5801/9879
f 3771/5802/9880 4039/5799/9876 3770/5462/9878
f 3771/5802/9881 4037/5800/9877 4039/5799/9876
f 3771/5802/9881 4041/5803/9882 4037/5800/9877
f 4040/5804/9883 4037/5800/9877 4041/5803/9884
f 4041/5803/9882 3771/5802/9881 4043/5805/9885
f 4042/5806/9886 4043/5805/9885 3771/5802/9881
f 3772/5807/9887 4042/5806/9886 3771/5802/9881
f 4042/5806/9886 4044/5808/9888 4043/5805/9885
f 3772/5807/9887 4044/5808/9888 4042/5806/9886
f 3772/5807/9887 4045/5809/9889 4044/5808/9888
f 4045/5809/9889 3772/5807/9887 4046/5810/9890
f 3765/5811/9891 4046/5810/9891 3772/5807/9891
f 4045/5809/9889 4046/5810/9890 4047/5812/9892
f 4047/5812/9893 4063/5813/9894 4045/5809/9895
f 3765/5811/9896 4047/5812/9892 4046/5810/9890
f 3773/5467/9897 4047/5814/9897 3765/5468/9897
f 3527/5126/9213 3767/5473/9212 4050/5815/9898
f 3767/5473/9899 3776/5816/9899 4050/5815/9899
f 4050/5815/9900 4048/5817/9900 3527/5126/9900
f 4050/5815/9901 4051/5818/9901 4049/5819/9901
f 4050/5815/9902 4049/5819/9903 4048/5817/9904
f 4033/5795/9905 3776/5459/9905 3768/5457/9905
f 4033/5795/9906 4051/5820/9907 3776/5459/9908
f 4051/5818/9907 4050/5815/9909 3776/5816/9908
f 4051/5818/9910 4053/5821/9911 4049/5819/9912
f 4051/5820/9913 4033/5795/9914 4052/5822/9915
f 4053/5821/9911 4051/5818/9910 4052/5823/9916
f 4052/5822/9915 4034/5796/9917 4036/5798/9918
f 4052/5822/9915 4033/5795/9914 4034/5796/9917
f 4052/5823/9915 4036/5824/9918 4055/5825/9919
f 4055/5825/9920 4054/5826/9921 4052/5823/9916
f 4052/5823/9916 4054/5826/9921 4053/5821/9911
f 4038/5827/9922 4055/5825/9919 4036/5824/9918
f 4037/5800/9877 4040/5804/9883 4038/5801/9879
f 4055/5825/9919 4038/5827/9922 4058/5828/9923
f 4054/5826/9921 4055/5825/9920 4058/5828/9924
f 4040/5829/9925 4058/5828/9923 4038/5827/9922
f 4058/5828/9924 4056/5830/9926 4054/5826/9921
f 4041/5803/9884 4057/5831/9927 4040/5804/9883
f 4057/5832/9928 4058/5828/9923 4040/5829/9925
f 4059/5833/9929 4056/5830/9926 4058/5828/9924
f 4043/5805/9930 4057/5831/9927 4041/5803/9884
f 4043/5805/9931 4059/5834/9932 4057/5831/9928
f 4059/5833/9932 4058/5828/9923 4057/5832/9928
f 4059/5833/9929 4060/5835/9933 4056/5830/9926
f 4043/5805/9931 4061/5836/9934 4059/5834/9932
f 4044/5808/9935 4061/5836/9934 4043/5805/9931
f 4060/5835/9933 4059/5833/9929 4061/5837/9936
f 4062/5838/9937 4061/5836/9934 4044/5808/9935
f 4062/5839/9938 4244/5840/9939 4061/5837/9936
f 4045/5809/9940 4062/5838/9937 4044/5808/9935
f 4062/5839/9938 4065/5841/9941 4244/5840/9939
f 4062/5838/9937 4045/5809/9940 4063/5813/9942
f 4062/5839/9943 4063/5842/9944 4064/5843/9945
f 4064/5843/9945 4065/5841/9941 4062/5839/9938
f 4065/5841/9941 4064/5843/9945 4067/5844/9946
f 3773/5845/9947 4066/5846/9947 4047/5812/9947
f 4066/5846/9948 4063/5813/9894 4047/5812/9893
f 4064/5843/9945 4063/5842/9944 4066/5847/9949
f 4067/5844/9946 4064/5843/9945 4066/5847/9949
f 4066/5847/9950 4068/5848/9950 4067/5844/9950
f 3774/5474/9951 3777/5130/9951 4068/5848/9951
f 4068/5848/9952 4066/5847/9952 3774/5474/9952
f 3777/5130/9953 4069/5849/9953 4068/5848/9953
f 4067/5844/9954 4068/5848/9955 4254/5850/9956
f 4254/5850/9956 4068/5848/9955 4069/5849/9957
f 3777/5130/9217 3528/5131/8580 4069/5849/9958
f 3527/5126/8574 4048/5817/9959 3775/5472/9210
f 4048/5817/9960 4070/5851/9961 3775/5472/9962
f 4048/5817/9960 4071/5852/9963 4070/5851/9961
f 4075/5853/9964 3779/5475/9965 4070/4620/9966
f 3153/4370/7174 3778/1319/9220 4072/1318/9967
f 3528/5131/8580 3153/4779/9968 4069/5849/9958
f 3153/4779/9968 4073/5854/9969 4069/5849/9958
f 4072/1318/9970 4073/5855/9970 3153/4370/9970
f 3778/1319/9971 3529/1315/1706 791/1317/1708
f 4074/5856/9972 3780/5477/9221 3779/5475/9218
f 4076/5857/9973 3780/5477/9221 4074/5856/9972
f 53/337/9974 3780/5477/9974 4076/5857/9974
f 3782/5480/9975 3784/5858/9975 3783/5481/9975
f 4096/5859/9976 3783/5481/9976 3784/5858/9976
f 3785/5860/9977 4078/5861/9977 3784/5858/9977
f 4077/5862/9978 3784/5858/9979 4078/5861/9980
f 4096/5859/9981 3784/5858/9979 4077/5862/9978
f 4078/5863/9982 3785/5864/9982 4079/5865/9982
f 4079/5866/9983 4080/5867/9984 4078/5861/9985
f 4077/5862/9986 4078/5861/9985 4080/5867/9984
f 4081/5868/9987 3785/5482/9987 3266/4372/9987
f 4081/5869/9988 4079/5870/9988 3785/5871/9988
f 4080/5867/9989 4079/5866/9989 4082/5872/9989
f 4081/5868/9990 4083/5873/9990 4079/5874/9990
f 4079/5874/9991 4083/5873/9991 4084/5875/9991
f 4084/5876/9992 4082/5872/9993 4079/5866/9994
f 3266/4372/7177 2777/4222/6910 4081/5868/9995
f 4081/5868/9995 2777/4222/6910 4085/5877/9996
f 4086/5878/9997 4085/5877/9996 2777/4222/6910
f 3530/5001/8375 4086/5878/9997 2777/4222/6910
f 3530/5001/8375 3786/5879/9998 4086/5878/9997
f 3787/5483/9999 4087/5880/9999 3530/5001/9999
f 4088/5881/10000 4087/5882/10000 3787/5883/10000
f 4090/5884/10001 3786/5879/9998 3530/5001/8375
f 4090/5884/10002 3530/5001/10002 4087/5880/10002
f 4091/5885/10003 4087/5880/10004 4088/5886/10005
f 4091/5885/10003 4090/5884/10006 4087/5880/10004
f 4088/5887/10007 4089/5888/10008 4091/5889/10009
f 4092/5890/10010 4088/5886/10010 3787/5483/10010
f 4088/5887/10011 4092/5891/10011 4093/5892/10011
f 4094/5893/10012 4093/5894/10012 4092/5895/10012
f 4088/5887/10013 4093/5892/10013 4089/5888/10013
f 3788/5484/10014 4092/5890/10014 3787/5483/10014
f 3788/5896/10015 4094/5893/10016 4092/5895/10017
f 4095/5897/10018 4094/5893/10016 3788/5896/10015
f 3788/5898/10019 3789/5485/10019 4095/5899/10019
f 3789/5485/10020 3790/5487/10020 4095/5899/10020
f 4273/5900/10021 4089/5888/10022 4099/5901/10023
f 4097/5902/10024 4100/5903/10025 4094/5893/10026
f 4095/5897/10027 4097/5902/10024 4094/5893/10026
f 4096/5859/10028 3793/5490/10028 3783/5481/10028
f 4098/5904/10029 4102/5905/10030 4077/5862/10031
f 4077/5862/10032 4102/5905/10033 4096/5859/10034
f 4080/5867/10035 4098/5904/10029 4077/5862/10031
f 4094/5893/10036 4100/5903/10036 4093/5894/10036
f 4093/5892/10037 4100/5906/10037 4101/5907/10037
f 4101/5907/10038 4089/5888/10038 4093/5892/10038
f 4089/5888/10022 4101/5907/10039 4099/5901/10023
f 4099/5901/10040 4101/5907/10040 4107/5908/10040
f 3793/5490/10041 4096/5859/10041 4104/5499/10041
f 4106/5501/10042 4098/5904/10029 4080/5867/10035
f 4106/5501/10042 4102/5905/10030 4098/5904/10029
f 4106/5501/10043 4082/5872/10044 4103/5909/10045
f 4080/5867/10046 4082/5872/10044 4106/5501/10043
f 4082/5872/10047 4277/5910/10048 4103/5909/10049
f 4097/5902/10024 4108/5911/10050 4100/5903/10025
f 3795/5491/10051 4095/5899/10051 3790/5487/10051
f 4105/5912/10052 4097/5902/10052 4095/5897/10052
f 4095/5899/10053 3795/5491/10053 4105/5913/10053
f 4096/5859/10034 4102/5905/10033 4104/5499/10054
f 4285/5914/10055 4099/5901/10055 4107/5908/10055
f 3805/5504/10056 4100/5903/10025 4108/5911/10050
f 3805/5915/10057 4101/5907/10057 4100/5906/10057
f 4108/5911/10050 4097/5902/10024 4105/5912/10058
f 3794/5497/10059 3792/5493/10059 3793/5490/10059
f 3794/5497/10060 3793/5490/10060 4104/5499/10060
f 4102/5905/10061 3799/5500/9264 4104/5499/9263
f 4106/5501/10062 3799/5500/10062 4102/5905/10062
f 4277/5910/10063 4109/5916/10064 4103/5909/10065
f 3805/5915/10066 3803/5527/10067 4107/5908/10068
f 4107/5908/10069 4113/5917/10070 4285/5914/10071
f 4285/5914/10072 4113/5917/10073 4289/5918/10074
f 3805/5915/10075 4107/5908/10075 4101/5907/10075
f 4105/5912/10076 3809/5505/10076 4108/5911/10076
f 3805/5504/10056 4108/5911/10050 3809/5505/10077
f 4105/5913/10078 3795/5491/9276 3809/5511/9277
f 3801/5503/9267 4106/5501/9266 4103/5909/10079
f 4103/5909/10065 4109/5916/10064 3801/5503/10080
f 4111/5919/10081 4110/5920/10081 4109/5916/10081
f 3803/5527/10067 3805/5915/10066 3802/5525/10082
f 3803/5527/10083 4113/5917/10070 4107/5908/10069
f 4289/5918/10074 4113/5917/10073 4114/5921/10084
f 4117/5922/10085 3801/5503/10086 4109/5916/10087
f 4115/5923/10088 4113/5917/10089 3803/5527/10090
f 4114/5921/10091 4113/5917/10092 4116/5924/10093
f 4117/5922/10085 3816/5523/10094 3801/5503/10086
f 4110/5920/10095 4111/5919/10095 4300/5925/10095
f 4113/5917/10092 4118/5926/10096 4116/5924/10093
f 4114/5921/10097 4116/5924/10098 4112/5927/10099
f 4113/5917/10089 4115/5923/10088 4118/5926/10100
f 4109/5916/10087 4121/5928/10101 4117/5922/10085
f 4110/5920/10102 4300/5925/10102 4120/5929/10102
f 4115/5923/10103 3803/5527/10103 4119/5930/10103
f 4115/5923/10088 4119/5930/10104 4118/5926/10100
f 4110/5920/10105 4121/5928/10106 4109/5916/10107
f 4120/5929/10108 4121/5928/10106 4110/5920/10105
f 3803/5527/10109 3832/5540/10110 4119/5930/10104
f 4116/5924/10098 4124/5931/10111 4112/5927/10099
f 4121/5928/10101 3816/5523/10094 4117/5922/10085
f 3816/5523/10094 4121/5928/10101 3833/5532/10112
f 4122/5560/9399 4119/5930/10104 3832/5540/10110
f 4119/5930/10104 4122/5560/9399 4118/5926/10100
f 4116/5924/10093 4118/5926/10096 4122/5560/10113
f 4122/5560/10114 4124/5931/10114 4116/5924/10114
f 3833/5532/10112 4121/5928/10101 3844/5550/9397
f 4125/5559/10115 4120/5929/10108 4126/5932/10116
f 4121/5928/10106 4120/5929/10108 4125/5559/10115
f 4123/5933/10117 4126/5932/10117 4120/5929/10117
f 4122/5560/10118 4128/5934/10119 4124/5931/10120
f 4125/5559/9398 3844/5550/9397 4121/5928/10101
f 3852/5564/10121 4126/5932/10121 4123/5933/10121
f 4312/5935/10122 4124/5936/10123 4128/5937/10124
f 4312/5938/10125 4134/5939/10126 4313/5940/10127
f 4122/5560/9399 3832/5540/10110 3845/5556/9400
f 4125/5559/10115 4126/5932/10116 3850/5558/9412
f 4127/5941/10128 4129/5567/9415 4123/5933/10129
f 4123/5933/10129 4129/5567/9415 3852/5564/9414
f 4130/5942/10130 4129/5567/10131 4127/5941/10132
f 4128/5937/10124 4134/5943/10133 4312/5935/10122
f 3847/5562/10134 3853/5569/10134 4128/5934/10134
f 4128/5934/10119 4122/5560/10118 3847/5562/10135
f 3850/5558/9412 4126/5932/10116 3852/5564/9410
f 4135/5944/10136 4129/5567/10131 4130/5942/10130
f 3853/5573/9429 4134/5943/10133 4128/5937/10124
f 4134/5939/10137 3854/5576/9434 4132/5579/9433
f 4133/5945/10138 4131/5946/10139 4134/5939/10126
f 4133/5945/10140 4134/5939/10140 4132/5579/10140
f 3857/5566/10141 4129/5567/10131 4135/5944/10136
f 4135/5944/10136 3858/5571/10142 3857/5566/10141
f 3866/5586/10143 4132/5579/10144 3859/5578/10145
f 4132/5579/10144 3866/5586/10143 4133/5945/10146
f 4133/5945/10147 3866/5586/10148 4141/5947/10149
f 4133/5945/10147 4141/5947/10149 4317/5948/10150
f 3853/5573/9429 3854/5575/9431 4134/5943/10133
f 3858/5571/10151 4135/5944/10152 4137/5949/10153
f 4135/5944/10152 4136/5950/10154 4137/5949/10153
f 4136/5950/10155 4138/5951/10156 4137/5949/10157
f 4138/5951/10156 4136/5950/10155 4324/5952/10158
f 4144/5953/10159 4139/5954/10160 4140/5955/10161
f 4141/5947/10149 3866/5586/10148 4147/5956/10162
f 4142/5957/10163 4145/5958/10164 4325/5959/10165
f 4143/5960/10166 4138/5951/10166 4139/5954/10166
f 4144/5953/10159 4143/5960/10167 4139/5954/10160
f 4326/5961/10168 4146/5962/10169 4140/5955/10161
f 4145/5963/10170 4146/5962/10169 4326/5961/10168
f 4325/5964/10171 4145/5963/10170 4326/5961/10168
f 4141/5947/10172 4147/5956/10173 4148/5965/10174
f 4142/5957/10175 4141/5947/10172 4148/5965/10174
f 4148/5965/10176 4145/5958/10164 4142/5957/10163
f 3870/5584/10177 4137/5949/10153 4149/5966/10178
f 4137/5949/10153 3870/5584/10177 3858/5571/10151
f 4152/5967/10179 4138/5951/10180 4143/5960/10181
f 4144/5953/10159 4152/5967/10182 4143/5960/10183
f 4144/5953/10159 4146/5962/10169 4152/5967/10182
f 4140/5955/10161 4146/5962/10169 4144/5953/10159
f 3866/5586/10148 3871/5585/10184 4147/5956/10162
f 4138/5951/10180 4152/5967/10179 4151/5968/10185
f 4148/5965/10186 4150/5969/10186 4145/5958/10186
f 4147/5956/10162 3871/5585/10184 4154/5970/10187
f 4149/5966/10188 4137/5949/10189 4151/5968/10190
f 4151/5968/10191 4137/5949/10191 4138/5951/10191
f 4153/5971/10192 4145/5963/10193 4150/5972/10194
f 3878/5597/9523 4154/5970/10187 3871/5585/10184
f 4148/5965/10195 4147/5956/10195 4155/5973/10195
f 4148/5965/10196 4155/5973/10196 4150/5969/10196
f 4155/5973/10197 4147/5956/10197 4154/5970/10197
f 4149/5974/10178 3883/5975/10198 3870/5976/10177
f 4156/5977/10199 4149/5966/10188 4151/5968/10190
f 4151/5968/10185 4152/5967/10179 4157/5978/10200
f 4146/5962/10169 4157/5978/10201 4152/5967/10182
f 4155/5973/10202 4158/5979/10203 4150/5969/10204
f 4156/5977/10205 3883/5604/10198 4149/5966/10178
f 4145/5963/10170 4153/5971/10206 4146/5962/10169
f 4163/5980/10207 4153/5971/10192 4150/5972/10194
f 4158/5979/10208 4163/5981/10209 4150/5969/10210
f 4162/5982/10211 4156/5977/10199 4151/5968/10190
f 4159/5983/10212 3883/5604/10198 4156/5977/10205
f 4146/5962/10169 4164/5984/10213 4157/5978/10201
f 4157/5978/10200 4160/5985/10214 4151/5968/10185
f 3890/5622/9522 4154/5970/10187 3878/5597/9523
f 4160/5985/10215 4162/5982/10216 4151/5968/10217
f 3890/5622/9522 4155/5973/10218 4154/5970/10187
f 3889/5613/10219 3883/5604/10198 4159/5983/10212
f 4156/5977/10205 4161/5986/10220 4159/5983/10212
f 4164/5984/10213 4160/5985/10214 4157/5978/10200
f 3889/5613/10219 4161/5986/10220 3899/5619/10221
f 3889/5613/10219 4159/5983/10212 4161/5986/10220
f 4162/5982/10222 4161/5986/10223 4156/5977/10224
f 4155/5973/10218 3890/5622/9522 4165/5987/10225
f 4162/5982/10222 4166/5988/10226 4161/5986/10223
f 3894/5620/9521 4165/5987/10225 3890/5622/9522
f 4166/5989/10227 3899/5990/10221 4161/5991/10220
f 4164/5984/10213 4146/5962/10169 4172/5992/10228
f 4146/5962/10169 4153/5971/10206 4179/5993/10229
f 4155/5973/10202 4169/5994/10230 4158/5979/10203
f 4158/5979/10208 4169/5994/10231 4163/5981/10209
f 4169/5994/10231 4168/5995/10232 4163/5981/10209
f 4164/5984/10213 4167/5996/10233 4160/5985/10214
f 4167/5996/10234 4162/5982/10216 4160/5985/10215
f 4155/5973/10218 4165/5987/10225 4171/5997/10235
f 4171/5997/10235 4170/5998/10236 4155/5973/10218
f 4155/5973/10202 4170/5998/10237 4169/5994/10230
f 4173/5999/10238 3904/5629/10239 3899/5619/10221
f 4173/4973/10238 3899/5990/10221 4166/5989/10227
f 4164/5984/10213 4172/5992/10228 4167/5996/10233
f 4163/5980/10240 4179/5993/10229 4153/5971/10206
f 4162/5982/10222 4173/5999/10241 4166/5988/10226
f 4179/5993/10229 4172/5992/10228 4146/5962/10169
f 3897/5621/9574 4171/5997/10235 3894/5620/9521
f 4165/5987/10225 3894/5620/9521 4171/5997/10235
f 4173/5999/10238 3910/5632/10242 3904/5629/10239
f 4179/5993/10229 4163/5980/10240 4168/6000/10243
f 4168/5995/10232 4169/5994/10231 4177/6001/10244
f 4175/6002/10245 4179/5993/10229 4168/6000/10243
f 3897/5621/9574 3912/5644/9573 4171/5997/10235
f 4170/5998/10237 4177/6001/10246 4169/5994/10230
f 4174/6003/10247 3910/6004/10242 4173/6005/10238
f 4177/6001/10244 4175/6006/10248 4168/5995/10232
f 3918/6007/10249 3910/6004/10242 4174/6003/10247
f 4178/6008/10250 4174/6009/10251 4173/5999/10241
f 4173/5999/10241 4162/5982/10222 4178/6008/10250
f 4172/5992/10228 4176/6010/10252 4167/5996/10233
f 4176/6010/10253 4162/5982/10216 4167/5996/10234
f 4176/6010/10253 4178/6008/10254 4162/5982/10216
f 4170/5998/10236 4171/5997/10235 3912/5644/9573
f 3912/5644/9573 3919/5643/9572 4170/5998/10236
f 4178/6008/10255 3918/5641/10249 4174/6009/10247
f 4176/6010/10253 4182/6011/10256 4183/6012/10257
f 4176/6010/10253 4183/6012/10257 4178/6008/10254
f 4176/6010/10252 4172/5992/10228 4182/6011/10258
f 4180/6013/10259 4170/5998/10236 3919/5643/9572
f 4180/6013/10259 3919/5643/9572 3922/5650/10260
f 4177/6001/10246 4170/5998/10237 4181/6014/10261
f 4180/6013/10262 4181/6014/10261 4170/5998/10237
f 4177/6001/10244 4181/6014/10263 4175/6006/10248
f 4181/6014/10263 4179/6015/10264 4175/6006/10248
f 3918/5641/10249 4178/6008/10255 3926/5649/10265
f 4183/6012/10266 3926/5649/10265 4178/6008/10255
f 3922/5650/10260 3928/5656/10267 4180/6013/10259
f 3932/6016/10268 4183/6017/10269 4186/6018/10270
f 4182/6011/10256 4187/6019/10271 4183/6012/10257
f 4180/6013/10259 3928/5656/10267 4184/6020/10272
f 3928/5656/10267 3930/5658/10273 4184/6020/10272
f 4184/6020/10274 4181/6014/10275 4180/6013/10276
f 4181/6014/10263 4185/6021/10277 4179/6015/10264
f 4185/6021/10277 4188/6022/10278 4179/6015/10264
f 3932/6016/10268 4186/6018/10270 4189/6023/10279
f 4183/6012/10269 3932/5661/10268 3926/5649/10280
f 4183/6012/10281 4187/6019/10281 4186/6024/10281
f 4187/6019/10282 4189/6025/10283 4186/6024/10284
f 4187/6019/10271 4182/6011/10256 4191/6026/10285
f 4182/6011/10258 4172/5992/10228 4191/6026/10286
f 4184/6020/10274 4185/6021/10287 4181/6014/10275
f 4190/6027/10288 4189/6025/10283 4187/6019/10282
f 4191/6026/10285 4190/6027/10289 4187/6019/10271
f 3930/5658/10290 3934/5664/10291 4184/6020/10292
f 4189/6023/10279 3938/6028/10293 3932/6016/10268
f 4193/6029/10294 4189/6025/10283 4190/6027/10288
f 4194/6030/10295 4190/6027/10289 4191/6026/10285
f 4188/6031/10296 4195/6032/10297 4179/5993/10229
f 4184/6020/10292 3934/5664/10291 3939/5670/10298
f 4184/6020/10292 3939/5670/10298 4192/6033/10299
f 4185/6021/10300 4184/6020/10300 4192/6033/10300
f 4188/6022/10301 4185/6021/10301 4192/6033/10301
f 4193/6029/10302 3941/5671/10303 3938/5669/10304
f 4193/6029/10302 3938/5669/10304 4189/6025/10305
f 4193/6029/10306 4190/6027/10306 4194/6030/10306
f 4197/6034/10307 4193/6029/10307 4194/6030/10307
f 4194/6030/10295 4191/6026/10285 4198/6035/10308
f 4179/5993/10229 4191/6026/10286 4172/5992/10228
f 4195/6032/10297 4204/6036/10309 4179/5993/10229
f 4188/6022/10310 4196/5675/10311 4195/6037/10312
f 4192/6033/10313 3939/5670/9633 4196/5675/9632
f 4196/5675/10314 4188/6022/10314 4192/6033/10314
f 4193/6038/10302 3947/6039/10315 3941/6040/10303
f 4200/6041/10316 3947/5678/10315 4193/6029/10302
f 4193/6029/10317 4197/6034/10318 4200/6041/10319
f 4198/6035/10308 4197/6034/10320 4194/6030/10295
f 4179/5993/10229 4221/6042/10321 4191/6026/10286
f 4195/6037/10312 4196/5675/10311 4199/6043/10322
f 3948/5679/10323 4196/5675/9632 3943/5674/9634
f 3948/5679/10323 4199/6043/10324 4196/5675/9632
f 4200/6041/10316 3949/5680/10325 3947/5678/10315
f 4201/6044/10326 4200/6041/10319 4197/6034/10318
f 4203/6045/10327 4202/6046/10328 4206/6047/10329
f 4203/6045/10327 4199/6043/10330 4202/6046/10328
f 4195/6037/10331 4199/6043/10331 4203/6045/10331
f 4203/6048/10332 4204/6036/10333 4195/6032/10334
f 4202/6046/10335 4199/6043/10336 3948/5679/10337
f 4201/6044/10338 3955/5689/10339 3949/5680/10325
f 4201/6044/10338 3949/5680/10325 4200/6041/10316
f 3960/5693/10340 4201/6044/10338 4207/6049/10341
f 4197/6034/10320 4198/6035/10308 4201/6044/10342
f 4201/6044/10342 4198/6035/10308 4205/6050/10343
f 4204/6036/10333 4208/6051/10344 4213/6052/10345
f 3948/5679/10337 3957/5684/10346 4202/6046/10335
f 3957/5684/10346 4206/6047/10347 4202/6046/10335
f 4208/6051/10344 4204/6036/10333 4203/6048/10332
f 3955/5689/10339 4201/6044/10338 3960/5693/10340
f 4201/6044/10348 4205/6050/10349 4207/6049/10350
f 4191/6026/10286 4205/6050/10351 4198/6035/10352
f 4216/6053/10353 4205/6050/10351 4191/6026/10286
f 4204/6036/10309 4213/6052/10354 4179/5993/10229
f 3962/5698/10355 4206/6047/10347 3957/5684/10346
f 3962/5698/10355 4209/6054/10356 4206/6047/10347
f 4210/6055/10357 4206/6047/10329 4209/6054/10358
f 4210/6055/10357 4203/6045/10327 4206/6047/10329
f 4203/6045/10359 4210/6055/10360 4208/6056/10361
f 4207/6049/10341 3964/5703/10362 3960/5693/10340
f 4211/6057/10363 3964/5703/10362 4207/6049/10341
f 4212/6058/10364 4211/6057/10365 4207/6049/10366
f 4205/6050/10349 4212/6058/10367 4207/6049/10350
f 3962/5698/10355 3967/5704/10368 4209/6054/10356
f 4209/6054/10356 3967/5704/10368 4214/6059/10369
f 4211/6060/10363 3972/6061/10370 3964/6062/10362
f 4216/6053/10371 4215/6063/10372 4205/6050/10373
f 4205/6050/10374 4215/6063/10374 4212/6058/10374
f 4216/6053/10353 4191/6026/10286 4225/6064/10375
f 4213/6052/10354 4221/6042/10321 4179/5993/10229
f 4217/6065/10376 4208/6056/10376 4214/6059/10376
f 4208/6051/10344 4217/6066/10377 4213/6052/10345
f 3977/5713/10378 4214/6059/10369 3967/5704/10368
f 4214/6059/10379 4208/6056/10361 4210/6055/10360
f 4210/6055/10357 4209/6054/10358 4214/6059/10380
f 3980/6067/10381 4211/6068/10382 4218/6069/10383
f 4211/6057/10382 3980/5721/10381 3972/5711/10384
f 4212/6058/10364 4218/6070/10385 4211/6057/10365
f 4218/6070/10386 4212/6058/10387 4215/6063/10388
f 4218/6070/10386 4215/6063/10388 4219/6071/10389
f 4216/6053/10371 4219/6071/10390 4215/6063/10372
f 4216/6053/10371 4220/6072/10391 4219/6071/10390
f 4191/6026/10286 4221/6042/10321 4225/6064/10375
f 3977/5713/10378 4222/6073/10392 4214/6059/10369
f 4217/6065/10393 4214/6059/10394 4222/6073/10395
f 4217/6065/10377 4221/6074/10396 4213/6075/10345
f 3977/5713/10378 3983/5723/10397 4222/6073/10392
f 4222/6073/10395 4223/6076/10398 4217/6065/10393
f 4217/6065/10377 4223/6076/10399 4221/6074/10396
f 4224/6077/10400 3980/5721/10381 4218/6070/10383
f 4219/6071/10389 4224/6077/10401 4218/6070/10386
f 4224/6077/10401 4219/6071/10389 4227/6078/10402
f 4220/6072/10391 4227/6078/10403 4219/6071/10390
f 4225/6064/10375 4220/6072/10404 4216/6053/10353
f 4221/6074/10396 4223/6076/10399 4230/6079/10405
f 3983/5723/10397 4226/6080/10406 4222/6073/10392
f 4223/6076/10398 4222/6073/10395 4226/6080/10407
f 3980/6081/10381 4224/6082/10400 3990/6083/10408
f 4224/6077/10409 4231/6084/10409 3990/5729/10409
f 4227/6078/10410 4231/6084/10411 4224/6077/10412
f 4225/6064/10413 4227/6078/10403 4220/6072/10391
f 4221/6042/10321 4239/6085/10414 4225/6064/10375
f 4228/6086/10415 4240/6087/10416 4221/6042/10321
f 3992/5738/10417 4229/6088/10418 3983/5723/10397
f 4226/6080/10407 4229/6088/10419 4223/6076/10398
f 4223/6076/10398 4229/6088/10419 4230/6079/10420
f 4230/6089/10421 4228/6086/10422 4221/6042/10423
f 4226/6080/10406 3983/5723/10397 4229/6088/10418
f 4231/6090/10424 4003/6091/10424 3990/6092/10424
f 4231/6084/10411 4227/6078/10410 4232/6093/10425
f 4232/6093/10426 4227/6078/10403 4225/6064/10413
f 4233/6094/10427 4232/6093/10426 4225/6064/10413
f 4225/6064/10375 4239/6085/10414 4233/6094/10428
f 4221/6042/10321 4240/6087/10416 4239/6085/10414
f 4230/6079/10421 4234/6095/10429 4228/6096/10422
f 4228/6086/10415 4234/6097/10430 4240/6087/10416
f 4235/6098/10431 3992/5738/10417 3999/5746/10432
f 4229/6088/10418 3992/5738/10417 4235/6098/10431
f 4229/6088/10419 4235/6098/10433 4230/6079/10420
f 4235/6098/10433 4234/6095/10434 4230/6079/10420
f 4236/6099/10435 4004/6100/10436 4003/6101/10437
f 4003/5743/10437 4231/6084/10438 4236/6102/10435
f 4232/6093/10439 4236/6102/10439 4231/6084/10439
f 4233/6094/10440 4236/6102/10441 4232/6093/10442
f 4236/6099/10443 4237/6103/10443 4004/6100/10443
f 4239/6085/10444 4236/6102/10441 4233/6094/10440
f 4236/6102/10441 4239/6085/10444 4237/6104/10445
f 4240/6087/10446 4238/6105/10446 4239/6085/10446
f 4239/6085/10447 4238/6105/10447 4237/6104/10447
f 4241/6106/10448 4243/6107/10448 4238/6108/10448
f 4234/6097/10449 4238/6105/10449 4240/6087/10449
f 4006/5755/10450 4235/6098/10450 3999/5746/10450
f 4014/6109/10451 4241/6106/10452 4006/6110/10453
f 4241/6111/10452 4235/6098/10454 4006/5755/10453
f 4235/6098/10455 4241/6111/10455 4234/6095/10455
f 4234/6095/10456 4241/6111/10456 4238/6112/10456
f 4012/6113/10457 4004/6100/10457 4237/6103/10457
f 4237/6103/10458 4242/6114/10458 4012/6113/10458
f 4237/6103/10459 4238/6108/10459 4242/6114/10459
f 4014/6109/10460 4015/6115/10460 4243/6107/10460
f 4015/6115/10461 4012/6113/10461 4242/6114/10461
f 4015/6115/10462 4242/6114/10462 4243/6107/10462
f 4243/6107/10463 4242/6114/10463 4238/6108/10463
f 4014/6109/10451 4243/6107/10464 4241/6106/10452
f 4061/5837/9936 4244/5840/9939 4060/5835/9933
f 4049/5819/9903 4245/6116/10465 4048/5817/9904
f 4245/6116/10465 4071/5852/10466 4048/5817/9904
f 4071/6117/10467 4246/6118/10468 4070/6119/10469
f 4070/6119/10469 4246/6118/10468 4075/6120/10470
f 4071/6117/10471 4245/6121/10471 4247/6122/10471
f 4071/6117/10472 4247/6122/10472 4246/6118/10472
f 4246/6118/10473 4247/6122/10473 4248/6123/10473
f 792/1324/1717 4248/6123/10474 4247/6122/10475
f 4049/5819/10476 4249/6124/10477 4245/6116/10478
f 4249/6125/10479 4247/6122/10479 4245/6121/10479
f 4249/6125/10480 792/1324/10481 4247/6122/10482
f 4053/5821/10483 4249/6124/10477 4049/5819/10476
f 4054/5826/10484 4249/6124/10477 4053/5821/10483
f 4249/6125/10480 794/1276/10485 792/1324/10481
f 4249/6125/10480 776/1292/10486 794/1276/10485
f 776/1292/1673 769/1277/1654 794/1276/1653
f 4056/5830/10484 4249/6124/10477 4054/5826/10484
f 4056/6126/10487 4250/1293/10488 4249/6125/10489
f 4250/1293/10490 776/1292/10486 4249/6125/10480
f 4250/1293/1674 777/1283/1661 776/1292/1673
f 4056/5830/9926 4060/5835/9933 4244/5840/9939
f 4250/1293/10488 4056/6126/10487 4065/6127/10491
f 4251/1322/10492 4250/1293/10488 4065/6127/10491
f 4252/1320/1713 4250/1293/1674 4251/1322/1715
f 4252/1320/1713 778/1285/1663 4250/1293/1674
f 4056/5830/9926 4244/5840/9939 4065/5841/9941
f 4252/1320/1713 4251/1322/1715 795/1287/1665
f 4067/5844/9946 4254/5850/10493 4065/5841/9941
f 4254/6128/10494 4253/1323/10495 4065/6127/10491
f 4253/1323/10495 4251/1322/10492 4065/6127/10491
f 4069/5849/10496 4073/5854/10496 4254/5850/10496
f 4072/1318/10497 4255/1327/10497 4073/5855/10497
f 4255/6129/10498 4254/5850/10498 4073/5854/10498
f 4255/6130/10499 4253/6131/10499 4254/6132/10499
f 4255/6133/10500 796/1321/10500 4253/1323/10500
f 4074/5856/10501 3779/5475/9965 4075/5853/9964
f 792/1324/1717 793/1325/1718 4248/6123/10474
f 797/1326/10502 4072/1318/1710 791/1317/1712
f 4076/6134/10503 4074/6135/10501 4075/6120/9964
f 4246/6118/10504 4076/6134/10505 4075/6120/10506
f 4246/6118/10507 4248/6123/10507 4256/6136/10507
f 4248/6123/10508 793/1325/10508 4256/6136/10508
f 53/40/10509 4076/6137/10509 6/12/10509
f 4256/6136/10510 4076/6134/10505 4246/6118/10504
f 6/6138/10511 4076/6134/10511 4256/6136/10511
f 4256/6136/10512 799/1291/10513 6/6138/10514
f 793/1331/10515 799/1280/10513 4256/6139/10512
f 4082/5872/9993 4084/5876/9992 4257/6140/10516
f 4083/5873/10517 4258/6141/10517 4084/5875/10517
f 4257/6140/10518 4084/5876/10519 4258/6142/10520
f 4258/6142/10520 4259/6143/10521 4257/6140/10518
f 4081/5868/10522 4085/5877/10522 4260/6144/10522
f 4081/5868/10523 4260/6144/10523 4083/5873/10523
f 4260/6144/10524 4258/6141/10524 4083/5873/10524
f 4265/6145/10525 4261/6146/10526 4260/6147/10527
f 4259/6143/10528 4258/6142/10529 4260/6147/10530
f 4259/6143/10528 4260/6147/10530 4261/6146/10531
f 4265/6145/10525 4262/6148/10532 4261/6146/10526
f 4263/6149/10533 4259/6143/10533 4261/6146/10533
f 4261/6146/10534 4262/6148/10535 4263/6149/10536
f 4086/5878/9997 4264/6150/10537 4085/5877/9996
f 4265/6151/10538 4085/5877/10539 4264/6150/10540
f 4260/6144/10541 4085/5877/10541 4265/6151/10541
f 4086/5878/9997 4267/6152/10542 4266/6153/10543
f 3786/5879/9998 4267/6152/10542 4086/5878/9997
f 4269/6154/10544 3786/5879/10544 4090/5884/10544
f 3786/5879/10545 4269/6154/10545 4270/6155/10545
f 4274/6156/10546 4269/6154/10546 4090/5884/10546
f 4270/6155/10547 4268/6157/10548 3786/5879/10549
f 4271/6158/10550 4274/6159/10551 4275/6160/10552
f 4274/6159/10551 4271/6158/10550 4269/6161/10553
f 4269/6162/10554 4272/6163/10555 4270/6164/10556
f 4269/6162/10554 4271/6165/10557 4272/6163/10555
f 4271/6165/10558 4276/6166/10559 4272/6163/10560
f 4089/5888/10008 4273/5900/10561 4091/5889/10009
f 4091/5885/10562 4274/6156/10562 4090/5884/10562
f 4274/6167/10563 4091/5889/10563 4273/5900/10563
f 4274/6167/10564 4273/5900/10564 4275/6168/10564
f 4277/5910/10565 4257/6140/10565 4286/6169/10565
f 4082/5872/10047 4257/6140/10566 4277/5910/10048
f 4286/6169/10567 4257/6140/10567 4259/6143/10567
f 4259/6143/10568 4263/6149/10569 4278/6170/10570
f 4282/6171/10571 4278/6170/10570 4263/6149/10569
f 4271/6165/10558 4279/6172/10572 4276/6166/10559
f 4273/5900/10573 4283/6173/10573 4275/6168/10573
f 4280/6174/10574 4275/6168/10574 4283/6173/10574
f 4275/6160/10575 4280/6175/10576 4271/6158/10577
f 4259/6143/10578 4278/6170/10578 4281/6176/10578
f 4259/6143/10579 4281/6176/10579 4286/6169/10579
f 4273/5900/10580 4099/5901/10581 4283/6173/10582
f 4099/5901/10581 4285/5914/10583 4283/6173/10582
f 4278/6170/10570 4282/6171/10571 4281/6176/10584
f 4284/6177/10585 4279/6172/10572 4271/6165/10558
f 4341/6178/10586 4276/6166/10559 4279/6172/10587
f 4271/6158/10577 4280/6175/10576 4284/6179/10588
f 4277/5910/10589 4286/6169/10589 4109/5916/10589
f 4281/6176/10590 4282/6171/10590 4287/6180/10590
f 4282/6171/10591 4288/6181/10592 4287/6180/10593
f 4284/6177/10594 4296/6182/10595 4279/6172/10596
f 4296/6182/10595 4293/6183/10597 4279/6172/10596
f 4285/5914/10598 4289/5918/10598 4283/6173/10598
f 4283/6173/10599 4289/5918/10599 4280/6174/10599
f 4280/6174/10600 4289/5918/10601 4112/5927/10602
f 4284/6179/10603 4280/6175/10604 4112/6184/10605
f 4109/5916/10606 4281/6176/10607 4111/5919/10608
f 4281/6176/10607 4109/5916/10606 4286/6169/10609
f 4291/6185/10610 4290/6186/10610 4111/5919/10610
f 4287/6180/10611 4291/6185/10612 4111/5919/10613
f 4281/6176/10614 4287/6180/10611 4111/5919/10613
f 4287/6180/10593 4292/6187/10615 4291/6185/10616
f 4112/6184/10605 4296/6188/10617 4284/6179/10603
f 4293/6183/10618 4294/6189/10618 4279/6172/10618
f 4279/6172/10618 4294/6189/10618 4341/6178/10618
f 4112/5927/10602 4289/5918/10601 4114/5921/10619
f 4295/6190/10620 4294/6189/10621 4297/6191/10622
f 4294/6189/10623 4293/6183/10623 4302/6192/10623
f 4305/6193/10624 4291/6185/10625 4292/6187/10626
f 4305/6193/10624 4298/6194/10627 4291/6185/10625
f 4299/6195/10628 4292/6187/10629 4348/6196/10630
f 4293/6183/10631 4296/6182/10632 4302/6192/10633
f 4300/5925/10634 4290/6186/10635 4301/6197/10636
f 4111/5919/10637 4290/6186/10635 4300/5925/10634
f 4298/6194/10638 4290/6186/10639 4291/6185/10640
f 4299/6195/10628 4305/6193/10641 4292/6187/10629
f 4302/6192/10642 4297/6191/10622 4294/6189/10621
f 4296/6188/10643 4112/6184/10644 4303/6198/10645
f 4290/6186/10635 4304/6199/10646 4301/6197/10636
f 4298/6194/10638 4304/6199/10647 4290/6186/10639
f 4303/6198/10645 4306/6200/10648 4296/6188/10643
f 4297/6191/10622 4302/6192/10642 4307/6201/10649
f 4296/6182/10632 4306/6202/10650 4302/6192/10633
f 4307/6201/10649 4308/6203/10651 4297/6191/10622
f 4302/6192/10633 4306/6202/10650 4307/6201/10652
f 4307/6201/10652 4306/6202/10650 4311/6204/10653
f 4309/6205/10654 4304/6199/10647 4298/6194/10638
f 4309/6205/10627 4298/6194/10627 4305/6193/10624
f 4299/6195/10628 4309/6205/10655 4305/6193/10641
f 4112/6184/10644 4124/5936/10656 4303/6198/10645
f 4300/5925/10634 4301/6197/10636 4120/5929/10657
f 4306/6202/10650 4312/5938/10658 4311/6204/10653
f 4120/5929/10657 4301/6197/10636 4304/6199/10646
f 4314/6206/10659 4304/6199/10647 4309/6205/10654
f 4307/6201/10652 4311/6204/10653 4313/5940/10660
f 4315/6207/10661 4307/6201/10649 4313/5940/10662
f 4308/6203/10651 4307/6201/10649 4315/6207/10661
f 4306/6200/10648 4303/6198/10645 4312/5935/10663
f 4303/6198/10645 4124/5936/10656 4312/5935/10663
f 4304/6199/10646 4127/5941/10664 4123/5933/10665
f 4304/6199/10646 4123/5933/10665 4120/5929/10657
f 4127/5941/10132 4304/6199/10666 4314/6206/10667
f 4309/6205/10655 4310/6208/10668 4314/6206/10669
f 4130/5942/10130 4127/5941/10132 4314/6206/10667
f 4318/6209/10670 4130/5942/10671 4314/6206/10669
f 4314/6206/10669 4310/6208/10668 4318/6209/10670
f 4134/5939/10126 4131/5946/10139 4313/5940/10127
f 4315/6207/10661 4313/5940/10662 4317/5948/10150
f 4315/6207/10672 4317/5948/10673 4322/6210/10674
f 4322/6210/10675 4320/6211/10676 4315/6207/10677
f 4311/6204/10653 4312/5938/10658 4313/5940/10660
f 4136/5950/10155 4318/6209/10678 4316/6212/10679
f 4364/6213/10680 4321/6214/10681 4319/6215/10682
f 4323/6216/10683 4321/6214/10681 4364/6213/10680
f 4317/5948/10150 4131/5946/10684 4133/5945/10147
f 4317/5948/10150 4313/5940/10662 4131/5946/10684
f 4320/6211/10685 4323/6217/10686 4366/6218/10687
f 4136/5950/10154 4135/5944/10152 4130/5942/10671
f 4136/5950/10154 4130/5942/10671 4318/6209/10670
f 4321/6214/10688 4324/5952/10689 4316/6212/10690
f 4316/6212/10679 4324/5952/10158 4136/5950/10155
f 4319/6215/10691 4321/6214/10688 4316/6212/10690
f 4321/6214/10681 4326/5961/10168 4139/5954/10692
f 4321/6214/10681 4323/6216/10683 4326/5961/10168
f 4325/5964/10171 4326/5961/10168 4323/6216/10683
f 4322/6210/10674 4317/5948/10673 4141/5947/10172
f 4142/5957/10175 4322/6210/10674 4141/5947/10172
f 4320/6211/10693 4322/6210/10693 4142/5957/10693
f 4320/6211/10685 4325/5959/10165 4323/6217/10686
f 4138/5951/10694 4324/5952/10689 4139/5954/10695
f 4321/6214/10688 4139/5954/10695 4324/5952/10689
f 4326/5961/10168 4140/5955/10161 4139/5954/10160
f 4325/5959/10165 4320/6211/10685 4142/5957/10163
f 4264/6150/10540 4327/6219/10696 4265/6151/10538
f 4262/6220/10697 4265/6221/10697 4327/16/10697
f 4328/6222/10698 4327/6219/10696 4264/6150/10540
f 4262/6148/10699 4327/6223/10699 4339/6224/10699
f 4327/6223/10700 4328/6225/10700 4329/6226/10700
f 4339/6224/10701 4327/6223/10701 4329/6226/10701
f 4264/6150/10702 4086/5878/10703 4328/6222/10704
f 4330/6227/10705 4328/6222/10706 4331/6228/10707
f 4332/6229/10708 4328/6222/10704 4086/5878/10703
f 4332/6229/10709 4331/6228/10709 4328/6222/10709
f 4266/6153/10710 4332/6229/10708 4086/5878/10703
f 4332/6229/10711 4333/6230/10712 4331/6228/10707
f 4267/6152/10713 4332/6229/10708 4266/6153/10710
f 4332/6229/10708 4267/6152/10713 4334/6231/10714
f 3786/5879/9998 4334/6231/10715 4267/6152/10542
f 3786/5879/10549 4268/6157/10548 4334/6231/10716
f 4268/6157/10548 4270/6155/10547 4335/6232/10717
f 4268/6157/10718 4335/6232/10718 4334/6231/10718
f 4336/6233/10719 4334/6234/10719 4335/6235/10719
f 4335/6235/10720 4337/6236/10720 4336/6233/10720
f 4337/6236/10721 4335/6235/10722 4270/6164/10723
f 4270/6164/10723 4272/6163/10724 4337/6236/10721
f 4338/6237/10725 4263/6149/10536 4262/6148/10535
f 4262/6148/10726 4339/6224/10727 4338/6237/10728
f 4272/6163/10729 4340/6238/10730 4337/6236/10731
f 4338/6237/10725 4282/6171/10732 4263/6149/10536
f 4288/6181/10733 4282/6171/10732 4338/6237/10725
f 4338/6237/10728 4339/6224/10727 4288/6181/10734
f 4276/6166/10559 4341/6178/10586 4272/6163/10560
f 4272/6163/10729 4341/6178/10735 4340/6238/10730
f 4337/6236/10736 4340/6238/10737 4342/6239/10738
f 4337/6236/10736 4342/6239/10738 4336/6233/10739
f 4343/6240/10740 4288/6181/10734 4339/6224/10727
f 4287/6180/10593 4288/6181/10592 4292/6187/10615
f 4288/6181/10741 4343/6240/10742 4292/6187/10743
f 4344/6241/10744 4350/6242/10745 4349/6243/10746
f 4350/6242/10747 4380/6244/10748 4377/6245/10749
f 4355/6246/10750 4347/6247/10751 4379/6248/10752
f 4341/6178/10753 4295/6190/10754 4340/6238/10755
f 4295/6190/10756 4342/6239/10756 4340/6238/10756
f 4343/6240/10742 4348/6196/10757 4292/6187/10743
f 4349/6243/10758 4348/6196/10759 4344/6241/10760
f 4343/6240/10761 4344/6241/10760 4348/6196/10759
f 4377/6245/10749 4351/6249/10762 4350/6242/10747
f 4345/6250/10763 4352/6251/10764 4351/6249/10762
f 4346/6252/10765 4352/6251/10764 4345/6250/10763
f 4352/6251/10764 4346/6252/10765 4354/6253/10766
f 4352/6251/10767 4354/6253/10768 4353/6254/10769
f 4347/6247/10770 4354/6253/10766 4346/6252/10765
f 4294/6189/10771 4295/6190/10754 4341/6178/10753
f 4354/6255/10772 4355/6256/10772 4295/6190/10772
f 4295/6190/10773 4355/6256/10773 4342/6239/10773
f 4347/6247/10751 4355/6246/10750 4354/6253/10774
f 4351/6249/10775 4356/6257/10776 4350/6242/10777
f 4352/6251/10767 4353/6254/10769 4357/6258/10778
f 4297/6191/10779 4354/6255/10780 4295/6190/10781
f 4356/6257/10776 4358/6259/10782 4350/6242/10777
f 4358/6259/10783 4349/6243/10784 4350/6242/10785
f 4349/6243/10786 4299/6195/10787 4348/6196/10788
f 4354/6253/10768 4357/6258/10778 4353/6254/10769
f 4354/6255/10780 4297/6191/10779 4359/6260/10789
f 4354/6253/10790 4359/6261/10791 4357/6258/10792
f 4351/6249/10775 4352/6251/10767 4357/6258/10778
f 4310/6208/10793 4299/6195/10787 4349/6243/10786
f 4361/6262/10794 4356/6257/10776 4351/6249/10775
f 4357/6258/10778 4361/6262/10794 4351/6249/10775
f 4315/6207/10795 4297/6191/10795 4308/6203/10795
f 4309/6205/10655 4299/6195/10628 4310/6208/10668
f 4360/6263/10796 4349/6243/10784 4358/6259/10783
f 4297/6191/10779 4315/6207/10797 4359/6260/10789
f 4360/6263/10798 4310/6208/10798 4349/6243/10798
f 4356/6257/10776 4361/6262/10794 4358/6259/10782
f 4361/6262/10794 4357/6258/10778 4362/6264/10799
f 4359/6265/10791 4362/6266/10800 4357/6267/10792
f 4358/6259/10782 4363/6268/10801 4360/6263/10802
f 4361/6262/10794 4363/6268/10801 4358/6259/10782
f 4364/6213/10803 4363/6268/10804 4361/6262/10794
f 4361/6262/10794 4365/6269/10805 4364/6213/10803
f 4362/6264/10799 4365/6269/10805 4361/6262/10794
f 4310/6208/10806 4316/6212/10679 4318/6209/10678
f 4310/6208/10807 4360/6263/10807 4316/6212/10807
f 4319/6215/10682 4360/6263/10808 4364/6213/10680
f 4363/6268/10809 4364/6213/10680 4360/6263/10808
f 4323/6216/10683 4364/6213/10680 4365/6269/10805
f 4366/6270/10810 4323/6216/10683 4365/6269/10805
f 4366/6270/10810 4365/6269/10805 4362/6264/10799
f 4359/6260/10811 4315/6207/10677 4320/6211/10676
f 4366/6218/10812 4359/6260/10812 4320/6211/10812
f 4359/6261/10813 4366/6270/10813 4362/6264/10813
f 4360/6263/10814 4319/6215/10691 4316/6212/10690
f 4328/6225/10815 4330/6271/10815 4329/6226/10815
f 4330/6271/10816 4367/6272/10817 4329/6226/10818
f 4330/6271/10816 4369/6273/10819 4368/6274/10820
f 4331/6275/10707 4369/6273/10821 4330/6271/10705
f 4331/6275/10707 4333/6276/10712 4369/6273/10821
f 4333/6276/10822 4371/6277/10823 4369/6273/10819
f 4371/6277/10823 4370/6278/10824 4369/6273/10819
f 4372/6279/10825 4371/6277/10823 4333/6276/10822
f 4333/6230/10712 4332/6229/10711 4373/6280/10826
f 4373/6281/10827 4372/6279/10825 4333/6276/10822
f 4332/6229/10711 4334/6231/10828 4373/6280/10826
f 4334/6234/10829 4336/6233/10829 4373/6282/10829
f 4368/6274/10820 4367/6272/10817 4330/6271/10816
f 4368/6274/10830 4370/6278/10831 4367/6272/10832
f 4374/6283/10833 4367/6272/10832 4370/6278/10831
f 4370/6278/10824 4368/6274/10820 4369/6273/10819
f 4372/6279/10825 4375/6284/10834 4371/6277/10835
f 4373/6281/10827 4375/6284/10834 4372/6279/10825
f 4336/6233/10836 4375/6285/10836 4373/6282/10836
f 4344/6241/10837 4374/6283/10838 4380/6244/10839
f 4374/6283/10833 4370/6278/10831 4371/6277/10835
f 4376/6286/10840 4374/6283/10833 4371/6277/10835
f 4375/6284/10834 4376/6286/10840 4371/6277/10835
f 4376/6287/10841 4375/6285/10842 4336/6233/10843
f 4339/6224/10844 4329/6226/10845 4343/6240/10846
f 4374/6283/10838 4344/6241/10837 4367/6272/10847
f 4367/6272/10848 4344/6241/10848 4329/6226/10848
f 4343/6240/10846 4329/6226/10845 4344/6241/10849
f 4377/6245/10850 4380/6244/10851 4374/6283/10833
f 4374/6283/10833 4345/6250/10852 4377/6245/10850
f 4376/6286/10840 4378/6288/10853 4374/6283/10833
f 4379/6289/10854 4376/6287/10841 4336/6233/10843
f 4336/6233/10843 4342/6239/10855 4379/6289/10854
f 4374/6283/10833 4378/6288/10853 4345/6250/10852
f 4376/6286/10840 4346/6252/10856 4378/6288/10853
f 4376/6286/10840 4347/6247/10857 4346/6252/10856
f 4376/6286/10840 4379/6248/10858 4347/6247/10857
f 4380/6244/10859 4350/6242/10745 4344/6241/10744
f 4345/6250/10763 4351/6249/10762 4377/6245/10749
f 4378/6288/10853 4346/6252/10856 4345/6250/10852
f 4342/6239/10860 4355/6256/10860 4379/6289/10860
