# Blender 3.6.0
# www.blender.org
mtllib Wall.mtl
o Wall
v -54.299107 175.766922 375.172058
v -54.292255 176.647049 367.813416
v -54.307495 180.405823 368.511841
v -54.302837 180.285889 374.388184
v -54.264267 183.983932 364.776917
v -54.298359 183.177719 369.319855
v -54.246830 163.509613 366.755798
v -54.301273 183.458740 373.442932
v -54.309158 182.837677 378.299896
v -54.285889 163.445679 376.082703
v -54.242928 185.563080 371.273468
v -54.386330 157.977905 362.329773
v -54.277870 162.899445 386.572845
v -54.302475 188.835144 365.714569
v -54.275944 178.112808 387.918762
v -54.266655 191.569092 376.502350
v -54.362991 158.034409 380.625275
v -54.351265 157.984665 355.815338
v -83.963409 157.616898 396.628235
v -54.316845 163.457291 390.844818
v -54.251553 182.895538 353.513885
v -54.428398 157.957947 386.426056
v -54.266727 190.320145 390.057587
v -54.321564 193.245941 366.907745
v -83.965324 157.621902 351.669800
v -54.304302 195.645798 375.097534
v -54.271832 174.391479 391.500946
v -54.311459 192.735077 400.102264
v -54.268661 194.342163 391.243805
v -54.288227 180.186966 392.392700
v -54.293358 183.748535 393.514465
v -54.268162 176.330826 350.313019
v -54.412636 157.954544 337.707764
v -54.296024 180.762177 349.516968
v -54.298626 163.440567 351.313568
v -54.276634 192.659027 351.364502
v -54.382729 157.955215 404.564972
v -54.285469 184.042450 348.367920
v -54.292854 163.440582 400.077728
v -54.269115 195.712646 350.208862
v -54.266380 185.547287 395.368896
v -54.300056 196.362518 368.143982
v -54.311584 198.986603 372.595245
v -54.289867 185.620255 346.446808
v -54.281143 197.763519 392.981567
v -54.301651 185.825943 401.751434
v -54.309212 163.464050 342.082336
v -54.257439 198.515030 348.482239
v -54.274792 198.886948 370.179077
v -54.278599 183.800659 397.254333
v -54.289303 196.589386 343.460938
v -54.317604 199.320709 395.876556
v -54.295761 199.059799 345.812744
v -54.289978 180.719864 398.276123
v -54.270401 176.377502 399.070923
v -54.261143 196.206543 398.794983
v -54.288803 189.557068 341.112701
v -54.263149 189.512665 400.987183
v -54.251400 178.145340 343.249695
v -54.261978 182.981903 344.406464
v -54.276062 170.320160 342.340240
v -54.273510 180.960663 339.526947
v -54.290066 193.254761 342.147858
v -52.554337 157.789261 404.627197
v -52.536343 157.854019 410.027283
v -54.262386 163.736191 337.853210
v -54.421669 157.943176 410.219788
v -54.256882 163.159973 410.376038
v -54.279354 181.725266 412.221405
v -54.355789 158.050568 331.987823
v -54.306004 163.477356 414.591797
v -54.269966 185.993927 329.157654
v -54.271378 189.736710 328.342133
v -54.294956 189.478241 413.644714
v -54.278488 195.279480 415.463531
v -54.265930 176.854691 415.621155
v -54.272472 180.887161 416.385468
v -54.292217 183.246399 417.132172
v -54.272423 177.047073 326.419159
v -54.254929 197.541672 416.604675
v -54.285675 163.424866 327.514801
v -54.268173 192.881378 327.471008
v -54.320721 199.295013 419.364746
v -54.363335 158.037704 428.376190
v -54.279869 181.151520 325.603577
v -54.293255 163.432434 423.854187
v -54.280418 196.019775 326.304382
v -54.249516 185.595367 418.891144
v -54.239044 198.438492 324.666473
v -54.287361 183.886124 324.658417
v -54.278194 185.494141 323.104126
v -49.202110 175.680267 375.302643
v -49.150425 169.729416 375.946106
v -49.171131 180.065140 374.607819
v -49.154716 181.418564 378.357056
v -49.185562 175.683807 367.557037
v -49.221184 179.875244 368.240143
v -49.139893 183.616730 369.277008
v -49.183395 183.488113 364.833191
v -49.231258 167.250153 379.922913
v -49.163902 183.796295 373.451508
v -49.141308 163.342346 366.678711
v -49.194473 185.687469 371.430878
v -49.131126 187.312225 365.566833
v -49.170208 163.349945 376.200104
v -49.084400 158.467529 380.446228
v -49.075104 158.555328 362.494598
v -52.451073 157.722946 380.657440
v -49.173615 191.710022 376.288239
v -52.433838 157.566605 362.280426
v -52.399403 153.169342 362.481934
v -52.514763 157.740967 355.877472
v -49.171726 194.050339 367.310120
v -49.122963 198.551498 372.946411
v -49.169762 195.559052 374.945374
v -52.353783 153.346939 380.395203
v -49.193558 197.227127 368.799683
v -49.226780 199.070221 370.719330
v -52.430450 145.169266 368.305206
v -52.424732 145.216232 395.184448
v -52.371468 153.296844 386.484955
v -52.616257 157.835556 386.246460
v -49.070160 158.428925 386.473083
v -53.230507 142.420303 377.963745
v -53.397087 142.407898 240.055313
v -53.029140 143.592560 237.295807
v -52.368217 153.261826 242.102905
v -52.502426 157.700256 241.819931
v -54.443253 157.988571 242.007584
v -49.088310 158.489471 242.042221
v -54.268188 162.924362 242.150848
v -49.220638 172.483215 243.022003
v -52.425518 145.241135 256.595245
v -54.383778 157.931580 260.129822
v -54.266376 184.843491 244.489777
v -49.238144 186.086731 244.840942
v -54.293377 189.635162 245.475006
v -54.313782 163.447922 246.414642
v -49.126640 163.341751 246.237411
v -49.214653 167.894394 246.402100
v -49.826824 175.008316 247.083084
v -49.095367 174.089874 246.716705
v -54.256901 192.647186 246.284424
v -49.162540 191.047638 245.984467
v -54.268295 177.453156 247.482697
v -54.274303 180.744492 248.122498
v -49.196720 179.526276 247.668777
v -54.282341 195.945648 247.511719
v -49.191460 195.465164 247.426910
v -54.283218 183.560989 249.014664
v -49.162415 183.997620 248.996948
v -54.267326 198.885910 249.738022
v -49.596436 198.081985 248.861084
v -54.268898 185.463440 250.645096
v -49.210461 185.637787 250.847794
v -49.123211 199.127457 251.356201
v -52.353523 153.389771 259.952881
v -54.277042 184.565979 252.411926
v -49.157661 184.662659 252.610474
v -54.286270 198.852249 252.438202
v -54.263832 175.913696 254.699158
v -49.206661 177.331085 254.620087
v -54.271523 181.020340 253.810623
v -49.206249 181.068588 253.912598
v -49.158936 197.116577 253.665222
v -54.296818 163.434525 255.645325
v -49.138985 163.320007 255.805664
v -49.163677 191.744400 255.795746
v -54.278774 194.821030 254.978333
v -49.282417 194.498428 254.985672
v -49.157665 187.240356 256.904541
v -54.277893 185.795364 257.343811
v -49.121605 158.356522 259.961365
v -52.490097 157.750580 260.214142
v -49.089165 158.474915 265.849579
v -52.515461 157.734161 265.635651
v -54.503090 157.944473 265.808258
v -54.290138 163.197021 265.962555
v -52.355194 153.351562 265.865662
v -54.233231 168.252441 266.322998
v -53.215782 142.472900 269.926422
v -49.194649 181.935333 267.971100
v -54.271675 187.246368 268.748535
v -49.250416 186.200012 268.652100
v -54.298565 163.449173 270.226318
v -49.146973 163.343323 270.013458
v -49.201565 170.012054 270.318665
v -54.296814 171.385498 270.547180
v -49.184025 191.237198 269.825500
v -54.257118 192.394760 270.001556
v -49.177505 196.282562 271.559814
v -54.281658 178.570145 271.461212
v -49.197464 180.317749 271.668640
v -49.176216 183.683441 272.699615
v -54.250076 195.635529 271.168030
v -49.141380 163.354843 279.601440
v -54.293877 163.455978 279.451935
v -54.277866 183.047394 272.557281
v -54.285866 193.846756 279.113312
v -54.272606 198.453629 272.988037
v -49.250847 199.003647 273.938721
v -54.264740 185.477325 274.417542
v -49.334946 185.496368 274.253967
v -54.276173 197.237289 277.579468
v -54.259621 184.663193 276.144501
v -49.174274 182.241959 277.439423
v -49.175369 185.510422 275.543335
v -54.316898 199.247986 275.277649
v -49.164959 198.779388 275.981384
v -54.392647 157.945541 283.952118
v -49.193649 176.418335 278.590271
v -54.245239 179.609604 277.889526
v -54.272068 182.448776 277.152039
v -49.148869 196.974899 277.488647
v -54.227554 175.331131 278.562073
v -54.294323 189.471970 280.348785
v -49.187775 194.615311 278.684509
v -49.156467 183.895874 281.336151
v -49.214420 187.408401 280.685669
v -49.172340 190.867996 279.836151
v -54.279102 181.577850 281.834564
v -49.254890 180.560547 281.871582
v -52.385086 153.404129 283.787079
v -49.131348 158.314163 283.752655
v -52.503834 157.731216 284.007050
v -54.296207 164.721909 283.541260
v -52.443699 145.152817 287.674805
v -52.391121 153.331009 289.936127
v -49.077171 158.443298 289.926483
v -54.481327 157.954910 289.905426
v -52.457546 157.722641 289.701782
v -54.276058 162.952728 290.033203
v -49.224213 177.454178 291.431824
v -49.228622 183.577850 292.299774
v -54.248497 182.861481 292.048828
v -54.291447 186.545807 292.706146
v -49.133301 163.322540 294.096313
v -49.139378 187.234055 292.976685
v -54.237915 190.212601 293.478638
v -49.216793 191.042221 293.823578
v -54.281067 194.419403 294.742432
v -54.310390 163.470886 294.314697
v -49.217510 174.879715 294.891968
v -54.248932 176.168304 295.185516
v -54.268642 181.365677 296.115051
v -49.217297 194.239777 294.838074
v -49.161007 197.335510 296.351135
v -49.219627 179.978226 295.680634
v -54.301064 198.817795 297.386627
v -53.231346 142.454880 311.819702
v -54.358829 157.983444 308.018799
v -54.271793 185.221115 297.948700
v -49.179852 185.669067 298.815613
v -49.163795 184.073013 296.940308
v -54.258495 185.006958 299.894012
v -54.264328 198.851685 300.099091
v -49.113056 199.143921 298.817963
v -54.286579 179.213028 302.062561
v -54.274879 182.748734 301.147095
v -49.154350 184.558182 300.566589
v -54.249203 183.945908 305.556030
v -49.218170 198.088287 300.870636
v -54.296967 163.423309 303.541809
v -49.159115 163.379730 303.698792
v -49.233086 179.295959 302.191315
v -54.277073 192.837372 303.510284
v -49.195728 195.396240 302.520111
v -54.269966 196.468338 302.101746
v -52.426025 145.235962 309.741455
v -54.276413 188.816589 304.592102
v -49.291046 188.003265 304.651062
v -49.181515 191.301056 303.809692
v -49.133492 184.977249 305.177094
v -52.318310 153.441864 307.854065
v -52.442345 157.729721 308.095032
v -49.114342 158.336823 307.813904
v -54.474754 157.944824 313.882538
v -52.364552 153.314392 313.919159
v -49.070946 158.497375 313.919617
v -52.509373 157.722992 313.676147
v -54.279419 162.947571 314.010529
v -49.204304 183.795151 316.294586
v -54.288601 187.418625 316.834686
v -49.171982 192.689270 318.334381
v -49.137341 163.332489 318.089020
v -54.282986 163.503036 318.177124
v -54.253845 174.241699 318.911804
v -49.193825 175.727280 318.965302
v -54.265770 192.462280 318.083801
v -54.278839 196.624222 319.668091
v -49.209587 196.061157 319.538513
v -49.194565 179.696091 319.615112
v -54.267715 180.513351 319.903503
v -49.218609 183.429810 320.659607
v -52.424873 145.209961 337.423187
v -54.241444 184.496902 321.341736
v -49.130589 185.716293 322.642639
v -49.180588 198.685837 321.568481
v -54.309769 199.254318 322.551178
v -49.198357 199.080750 323.241943
v -49.173977 184.177673 324.698059
v -49.183510 197.882751 325.030823
v -49.220901 176.066406 326.670715
v -49.204941 180.464279 325.919647
v -49.154800 195.425751 326.354736
v -49.170479 163.352310 327.655060
v -49.150208 188.767136 328.411835
v -49.230812 192.630630 327.471680
v -49.244064 184.907974 329.225006
v -52.345093 153.345947 331.797241
v -49.085373 158.389297 331.804535
v -53.230255 142.477051 345.779602
v -52.475677 157.791946 332.064972
v -52.387138 153.285645 337.655762
v -49.054710 158.475037 337.769501
v -52.617512 157.860855 337.446930
v -49.199768 183.688416 340.093628
v -49.122513 189.049652 341.168518
v -49.137459 163.338104 341.884583
v -49.303673 193.679565 342.337646
v -49.195717 178.989105 343.244568
v -49.202309 183.463181 344.474091
v -49.140038 197.184525 344.033478
v -49.182777 185.559555 346.162262
v -49.193676 199.204056 346.431122
v -49.178802 184.872177 348.049347
v -49.193630 191.590286 351.576019
v -49.192955 198.013855 348.718048
v -49.185719 176.537262 350.421844
v -49.188850 181.102371 349.586914
v -49.159466 194.728836 350.474121
v -49.138950 163.344635 351.477753
v -49.141594 158.348557 355.633331
v -49.163742 181.824036 353.531891
v -52.323620 153.415146 355.584534
v -49.155319 178.525986 388.131195
v -49.219490 182.549377 388.647888
v -52.379391 153.276749 404.356750
v -49.144943 189.643478 390.078430
v -49.125751 163.326538 390.646790
v -49.173271 175.631607 391.519653
v -49.145542 195.612823 391.929535
v -49.189194 180.252914 392.257568
v -49.234283 198.775131 393.981598
v -49.169006 184.950455 394.085266
v -49.210274 185.620850 395.662903
v -49.170349 184.323456 397.230438
v -49.180351 195.038330 399.160614
v -49.148930 163.375839 400.226013
v -49.152542 185.222900 401.728302
v -49.175564 189.895630 400.744568
v -49.163727 198.573135 396.975037
v -49.164761 176.603928 399.162537
v -49.169910 180.021255 398.602417
v -49.106064 158.411301 404.378387
v -52.433815 145.184830 419.503418
v -52.374298 153.355072 410.279724
v -49.073036 158.443832 410.252411
v -49.163597 184.315704 412.744202
v -49.298519 188.537689 413.549286
v -49.157661 163.344711 414.441833
v -49.199707 175.460449 415.302521
v -49.168598 191.972290 414.465729
v -49.172256 194.889679 415.396606
v -52.391632 153.188370 428.147247
v -49.238007 180.339584 416.086243
v -49.164291 183.749649 417.163055
v -49.170235 197.180939 416.590881
v -49.180061 185.720184 418.990936
v -49.176338 198.952103 418.343445
v -49.135471 163.349564 424.042999
v -49.213875 198.624924 420.808929
v -54.282925 183.355820 421.270142
v -49.189117 184.327438 421.006134
v -49.161415 190.928711 424.280640
v -54.283680 197.555771 421.750916
v -54.254097 180.032654 422.222076
v -49.202129 179.721100 422.438049
v -54.275749 190.949600 424.411926
v -49.167011 194.899307 422.974274
v -54.262535 194.795593 423.194336
v -49.165283 158.295609 428.181641
v -54.252495 175.752716 422.947449
v -49.169403 175.911789 423.070801
v -49.202148 164.560425 427.876282
v -54.259525 177.729843 426.780487
v -49.110485 179.524933 426.241302
v -49.279423 175.886551 426.878601
v -49.161011 182.566269 425.990173
v -52.475662 157.716843 428.441559
v -52.430721 145.171646 439.120972
v -54.396790 157.940231 433.823730
v -52.474358 157.790421 433.676514
v -52.383110 153.211044 433.883942
v -49.103226 158.582245 433.885498
v -54.257946 165.740860 434.160278
v -49.248856 166.116516 434.308594
v -49.114632 163.327866 438.009949
v -49.174561 170.888580 434.735901
v -54.272682 183.278732 436.074402
v -49.221603 186.711304 436.783997
v -54.279877 188.294495 437.005676
v -54.310871 163.454041 438.264130
v -49.224068 169.484711 438.336792
v -54.283119 170.489273 438.517883
v -54.247990 175.284180 439.016113
v -49.193031 180.021210 439.656189
v -54.255943 194.398804 438.715088
v -49.169174 194.637970 438.949615
v -53.233662 142.384537 460.047394
v -54.280663 179.085831 439.600250
v -54.287273 183.082596 440.621918
v -49.167786 183.447952 440.636963
v -49.158001 197.129410 440.177979
v -54.281555 197.010498 439.952209
v -54.368351 158.026642 452.007355
v -54.193947 185.622101 442.838989
v -49.160641 185.680313 442.504913
v -54.289307 190.829514 448.070129
v -49.204735 195.899063 446.211792
v -54.277287 198.963120 441.699585
v -49.266907 198.979980 441.867493
v -52.386246 153.314392 451.798981
v -54.291874 163.437546 447.489319
v -49.193768 184.859589 444.178223
v -54.269009 194.979202 446.725830
v -49.174625 198.839645 443.944763
v -54.263493 183.046921 444.996674
v -49.149937 182.374557 445.420868
v -54.274078 185.132370 449.282837
v -54.297798 198.657974 444.540131
v -49.167778 163.360886 447.642151
v -54.235023 178.558151 446.157990
v -49.295502 177.993561 446.341187
v -49.220814 174.378922 446.869507
v -49.169060 191.755142 447.653473
v -52.430450 145.210266 459.135864
v -49.221695 183.950378 449.363281
v -49.101418 158.352798 451.806580
v -52.487823 157.745468 452.036285
v -52.473621 157.711517 457.615021
v -54.354454 158.011688 457.763824
v -52.388348 153.244980 457.912872
v -49.088009 158.447449 457.867004
v -54.273285 165.704880 458.133850
v -49.275063 169.444290 458.528107
v -49.153889 179.535812 459.659180
v -49.200012 183.553329 460.228516
v -54.256977 187.764893 460.873413
v -49.242138 187.346008 460.889404
v -52.388920 153.285873 475.799622
v -54.386215 157.959564 475.945374
v -54.266491 163.463272 462.250610
v -49.128399 163.340118 461.997192
v -49.173271 169.526077 462.300781
v -54.278198 175.318100 462.988678
v -49.166702 190.428757 461.651520
v -54.267254 194.097900 462.581360
v -49.214512 194.103195 462.703094
v -49.181839 174.769394 462.794556
v -54.287376 180.098358 463.769836
v -49.228542 179.585632 463.540588
v -54.294868 184.542175 465.248230
v -54.248695 196.788849 463.777710
v -49.157822 197.381424 464.302002
v -49.156845 184.089661 464.866974
v -49.220181 185.706329 467.055298
v -49.172077 194.456207 470.784363
v -54.285393 198.941559 465.600952
v -49.129391 199.214691 466.628052
v -54.226334 185.293442 467.623383
v -54.261414 198.996719 467.772125
v -49.190224 183.453903 468.972687
v -54.271229 196.603836 469.974701
v -49.223061 197.422974 469.333221
v -49.140457 158.316681 475.769196
v -49.235790 180.757248 469.772827
v -54.247650 182.750397 469.058197
v -49.179615 191.427521 471.725220
v -52.432220 145.231735 485.801117
v -54.299759 163.448349 471.470032
v -49.129044 163.347427 471.642395
v -54.256237 178.654480 470.120148
v -49.220737 176.454971 470.594818
v -49.189663 183.978912 473.334320
v -54.310604 192.543091 471.534180
v -54.269444 183.554672 473.549072
v -49.152958 188.019714 472.543518
v -52.477074 157.747864 476.015930
v -52.342934 153.389175 481.661957
v -52.528275 157.816772 481.438904
v -49.082790 158.424500 481.680359
v -54.418854 157.984467 481.611694
v -54.254475 165.922043 481.946777
v -49.123711 172.295486 482.709900
v -49.416168 177.272156 483.078064
v -54.277073 183.372971 483.870239
v -49.244480 182.489517 483.855804
v -49.159805 186.584885 484.583099
v -54.256821 187.581070 484.636902
v -49.129005 158.286942 499.484222
v -49.110874 163.331177 485.797241
v -54.311657 163.454788 486.018402
v -54.262093 176.068832 486.887848
v -54.245766 191.830902 485.661530
v -49.191010 191.555481 485.705109
v -49.222263 177.513275 486.989136
v -54.294205 180.610077 487.668488
v -49.241703 180.734787 487.618011
v -54.240211 194.577759 486.555908
v -49.273617 195.039612 486.866425
v -54.280327 196.961746 487.701050
v -49.141537 197.151779 487.982697
v -54.279526 183.771790 488.720581
v -49.174828 183.643646 488.526917
v -54.241180 185.562347 490.412354
v -49.217094 185.738525 490.391541
v -54.270332 198.982330 489.525482
v -49.157421 198.823456 489.529510
v -54.300514 163.436020 495.258514
v -54.291252 189.963776 496.049072
v -54.302170 198.706421 492.290710
v -49.355606 198.837082 491.954895
v -52.386494 153.333588 499.572296
v -54.371437 157.988724 499.769653
v -49.122833 184.834015 492.067322
v -49.175556 193.121338 495.004028
v -49.221039 196.083649 493.875916
v -49.203911 181.812851 493.342896
v -54.248970 183.644852 492.558319
v -52.430321 145.335403 507.142578
v -49.178085 163.352249 495.410980
v -54.257214 175.714355 494.350647
v -49.220451 176.405579 494.395325
v -54.244659 179.874191 493.668243
v -54.264328 184.238968 497.200775
v -49.207611 185.974457 496.793304
v -54.267662 194.136581 494.823914
v -49.199081 167.180664 499.075500
v -52.483330 157.720978 499.821838
v -49.623318 159.797180 499.650818
v -83.880638 145.504135 233.618179
v -67.093704 145.000183 234.154327
v -52.485260 145.508926 233.578415
v -83.902008 157.854431 233.541412
v -52.499706 157.805893 233.617096
v -83.760185 144.056488 236.171127
v -83.444672 -0.348829 240.354263
v -43.181908 4.656723 240.644211
v -47.714828 14.169224 240.443527
v -83.554962 90.164314 240.369492
v -48.211807 17.031286 240.462891
v -83.430641 41.549767 240.340210
v -52.729046 41.218674 240.374878
v -53.290653 44.489918 240.488419
v -53.824615 47.250668 240.433380
v -55.451023 56.319569 240.588181
v -56.068108 59.585178 240.492355
v -56.680790 62.345657 240.455338
v -57.539070 66.500023 240.362030
v -83.812912 137.746964 240.421265
v -53.456326 139.320068 240.336563
v -83.923119 142.419830 240.099655
v -83.396858 -0.862568 241.282410
v -43.273804 -0.541920 240.744522
v -46.478378 8.026952 240.429550
v -47.206665 11.864718 240.665024
v -83.962189 -0.501554 240.964951
v -55.177788 54.000099 240.469376
v -57.543846 137.144897 240.342514
v -57.456360 137.193344 262.699371
v -43.013363 -0.656170 245.322296
v -42.899418 4.661965 245.179718
v -46.385338 8.373123 245.185471
v -57.374500 67.115921 245.185394
v -57.472404 104.110283 244.862427
v -57.205452 102.714310 245.487473
v -41.174599 -0.350204 246.043121
v -41.117458 4.844714 246.009186
v -44.751343 8.298398 245.966309
v -55.793976 68.137337 246.025452
v -55.813583 101.620003 246.040680
v -55.538052 106.295052 246.851517
v -57.225666 108.667877 246.521652
v -40.336014 -0.416984 248.315521
v -40.233009 4.673964 248.207642
v -44.137650 8.392382 248.233459
v -45.864838 17.812542 248.205566
v -54.944485 66.366028 248.284683
v -55.025314 95.903809 248.412094
v -55.437744 110.292610 247.640137
v -57.245029 113.408585 247.898254
v -53.335892 139.385529 263.874329
v -37.578918 4.899801 248.947540
v -43.768162 20.061226 249.095520
v -44.676594 23.658680 248.812866
v -45.150192 27.289494 249.110321
v -45.936901 31.571022 248.939087
v -49.417618 50.469189 249.008728
v -50.871933 55.789898 248.707230
v -51.160904 59.961853 249.089935
v -52.723759 68.452728 249.000305
v -52.787716 97.613251 249.259979
v -55.085915 101.948029 249.265854
v -52.695805 102.332916 250.150665
v -57.368191 116.119125 248.817780
v -57.334286 119.190979 250.296906
v -83.429016 157.918823 288.745483
v -37.413162 0.251682 249.000153
v -38.191811 -0.406343 249.255615
v -52.762474 105.396500 250.936249
v -53.065418 108.443130 251.681396
v -55.101307 106.791206 250.527069
v -55.120415 110.484207 251.937088
v -55.405491 115.961349 249.536453
v -52.843136 112.031677 253.487579
v -55.420616 119.383644 251.194885
v -55.385868 121.424828 252.584473
v -57.218666 121.870934 252.105927
v -83.965759 157.620636 258.225433
v -41.597816 8.278299 248.970551
v -55.134911 113.552162 253.627594
v -55.415184 123.410416 254.334869
v -52.775055 114.791084 255.632477
v -54.871159 115.848984 255.785400
v -55.168640 117.821983 258.564575
v -55.384132 125.302330 257.004456
v -41.560928 8.272002 271.165161
v -52.901443 116.669342 257.886597
v -57.404713 125.679955 255.889328
v -57.273693 126.923134 260.520996
v -52.708397 115.514481 263.788727
v -55.144730 117.155724 263.095459
v -52.983418 116.908287 261.885468
v -55.360798 125.195190 263.649353
v -55.102859 113.916000 266.275665
v -57.395611 125.101944 265.049377
v -52.828053 111.573639 266.915680
v -52.877937 113.987320 265.389771
v -57.333408 122.973145 267.294830
v -52.838577 105.132042 269.487671
v -52.958588 108.727661 268.330322
v -55.104523 111.527687 267.727966
v -55.406380 119.770706 268.818970
v -52.711040 101.065315 270.273560
v -55.134365 103.964745 270.549377
v -55.089249 108.346802 269.133759
v -57.297829 119.411469 269.738159
v -40.388927 -0.453258 271.794983
v -37.538376 -0.079179 271.088379
v -37.465744 4.713842 271.142334
v -44.065632 8.312710 271.988220
v -47.089130 37.898731 271.164673
v -48.520828 45.287369 271.218048
v -50.005257 53.443737 271.197815
v -54.949806 66.548943 271.964478
v -52.721432 68.278351 271.137939
v -55.047890 97.269531 271.710144
v -53.002056 95.987572 271.235077
v -55.417809 112.803307 271.845947
v -57.236141 114.829277 271.793793
v -55.413975 116.034798 270.638428
v -40.310303 4.808474 272.020538
v -57.268059 111.017212 273.078186
v -57.524570 111.721718 273.894928
v -42.998055 -0.615125 275.028473
v -40.690277 -0.263715 274.195282
v -40.604874 4.706614 274.210510
v -42.882416 4.624785 275.169952
v -44.341351 8.209288 274.263000
v -57.338715 66.967850 275.107269
v -55.404240 68.208389 274.220154
v -55.394684 103.462425 273.828705
v -57.368168 99.478477 275.012634
v -57.362877 106.864754 274.085114
v -57.453220 137.205566 275.318909
v -53.401260 139.323654 285.833496
v -46.415161 8.307960 275.177429
v -57.355263 67.022957 279.499237
v -42.957626 -0.562290 279.676056
v -42.927795 4.702381 279.488342
v -46.401619 8.578706 279.527710
v -57.407051 100.915794 279.566467
v -40.720886 -0.302066 280.210693
v -40.650120 4.744080 280.189484
v -44.375500 8.378121 280.192078
v -55.330070 66.914375 280.168945
v -55.387833 99.476326 280.183685
v -55.413567 106.335983 281.076813
v -57.363312 107.693687 280.613129
v -57.236805 112.086403 281.821442
v -40.405769 -0.481109 282.666138
v -40.293846 4.644310 282.438416
v -37.371132 4.686126 283.531982
v -44.106964 8.433478 282.493286
v -55.119125 66.978455 282.452698
v -52.719769 92.524559 283.475311
v -55.435631 111.342865 282.264923
v -57.365326 116.187943 283.195557
v -37.421242 0.083782 283.535736
v -41.634300 8.333748 283.424377
v -46.269241 33.656723 283.516846
v -47.684494 39.843220 283.325226
v -49.742962 51.764706 283.395660
v -51.292763 60.513863 283.442261
v -52.711464 68.491798 283.459412
v -53.070183 100.589668 283.968994
v -55.097893 101.256393 283.524261
v -55.099274 106.198097 284.718994
v -55.395813 117.409348 284.497742
v -57.338829 119.701958 284.949158
v -52.698261 104.370430 285.063965
v -53.129227 108.579498 286.077087
v -55.099957 110.578651 286.390533
v -55.395412 119.729622 285.741638
v -52.765720 110.874702 287.411194
v -57.274239 122.082718 286.593964
v -52.931484 113.484161 288.739014
v -55.130402 113.369881 287.923065
v -55.410641 122.079590 287.445923
v -57.487503 137.182373 291.001648
v -55.100166 115.789680 289.883453
v -55.432175 124.466255 289.957855
v -57.324028 124.692299 289.077271
v -52.809319 116.213951 291.473999
v -57.323509 126.348930 291.918518
v -41.524086 8.264699 305.505798
v -55.153904 117.396439 292.133606
v -55.389442 125.715401 292.551941
v -57.483410 137.161987 308.034973
v -53.361755 139.331375 303.344421
v -83.963120 157.619751 311.363098
v -37.421822 4.744125 305.476440
v -52.759018 117.029465 294.629211
v -54.937180 117.473114 296.490417
v -52.844624 116.233330 297.435242
v -55.382729 125.510017 297.027222
v -83.965759 -0.510442 345.011688
v -55.215748 116.637978 298.565369
v -57.412289 126.513214 296.917542
v -57.374203 123.977638 300.827820
v -55.432613 122.953003 300.826141
v -52.668343 108.317177 302.277374
v -52.910202 113.238449 300.390991
v -55.089996 113.030022 301.261108
v -53.095657 108.736740 302.822205
v -57.338631 120.562912 303.488037
v -37.668076 -0.239880 305.473145
v -52.707314 103.350586 304.230682
v -55.079166 109.004395 303.242920
v -55.393291 115.742188 305.126923
v -55.380611 119.630112 303.204712
v -40.334579 -0.353753 306.402100
v -40.292725 4.703155 306.509766
v -44.145897 8.380196 306.514374
v -52.669254 67.968735 305.554749
v -55.047081 66.904617 306.455872
v -52.982826 96.691261 305.563110
v -55.149708 92.827461 306.404846
v -55.057076 100.594032 305.574097
v -55.120953 104.805344 304.690399
v -57.341003 116.520599 305.553375
v -40.692421 4.756728 308.762268
v -44.480492 8.410693 308.778442
v -55.426281 106.614670 307.744995
v -57.324547 108.265144 308.160736
v -57.320618 113.195366 306.797607
v -42.997520 -0.600657 309.289642
v -40.804947 -0.353213 308.790192
v -46.421936 8.353968 309.402130
v -55.244770 66.555069 308.758789
v -55.390369 98.224770 308.703491
v -42.936752 4.685844 309.459259
v -57.370068 67.152016 309.428162
v -57.449928 100.546303 309.444977
v -43.028008 -0.613750 321.340485
v -57.458405 137.177017 332.562531
v -40.570312 0.031763 322.233093
v -40.604523 4.728516 322.227631
v -46.420082 8.359499 321.195770
v -42.943535 4.662563 321.185150
v -44.390297 8.360876 322.227356
v -55.340782 67.531036 322.227844
v -57.427929 67.653549 321.219086
v -55.381798 84.985352 322.235474
v -57.442913 98.130348 321.250244
v -55.421501 102.292427 322.296692
v -57.384190 106.272110 322.101318
v -53.043877 55.986523 324.503876
v -55.093044 96.420952 324.566895
v -55.429516 110.615410 323.872559
v -57.383968 111.539391 323.372894
v -40.418968 -0.492273 324.617920
v -40.209320 4.441846 324.472534
v -37.553993 4.910165 325.186523
v -44.137310 8.319070 324.499329
v -41.592117 8.276246 325.220093
v -45.697987 29.127602 325.050293
v -46.916580 36.874363 325.196625
v -48.571098 44.083580 324.997986
v -48.913868 47.795097 325.247131
v -52.275421 52.024010 324.510498
v -51.109364 59.353828 325.186462
v -52.816360 67.207924 325.069611
v -54.897034 65.864098 324.545471
v -55.135769 100.987183 325.237518
v -55.406471 114.086494 324.987152
v -55.434818 116.770134 325.973511
v -37.465767 0.066370 325.286194
v -43.286850 17.221807 325.189850
v -52.697144 94.668381 325.207520
v -52.881714 102.349464 326.208801
v -55.086140 105.857651 326.420685
v -55.395962 118.841240 327.071594
v -57.466331 118.906013 326.191895
v -53.370548 139.352859 326.093842
v -52.886650 106.667831 327.351959
v -55.113014 109.882339 327.889923
v -55.402931 120.896172 328.352051
v -57.418282 121.492683 327.843567
v -37.328442 4.609439 346.732391
v -52.881027 109.609573 328.469452
v -52.770344 112.035477 329.725159
v -55.147102 113.615395 329.816467
v -55.389381 123.618462 330.774933
v -52.651253 68.364059 325.820648
v -52.779175 114.844154 331.792725
v -57.339340 124.164597 330.250214
v -57.378033 125.887268 332.594482
v -55.402149 125.324760 333.225769
v -55.127705 117.247330 333.592560
v -52.840137 117.109222 335.276306
v -55.421349 125.980949 336.243835
v -57.335529 126.926102 336.148865
v -52.853592 116.574959 338.467041
v -55.149395 117.441193 338.745331
v -55.372601 125.079155 339.901733
v -52.856853 114.641518 341.038574
v -55.119301 114.678139 341.913239
v -57.325401 125.346855 340.936188
v -55.094093 111.411720 343.963196
v -52.809711 111.607491 343.088684
v -52.872154 107.169441 345.091125
v -54.973263 107.955284 345.363739
v -55.416054 120.718140 344.334930
v -37.647964 -0.220575 347.343628
v -38.043991 5.135837 347.582733
v -41.536987 8.250434 347.411316
v -48.433136 44.977222 347.422913
v -49.684628 50.321568 347.595154
v -50.703331 56.815258 347.498596
v -53.079048 94.780083 347.523010
v -55.130363 96.490395 348.027069
v -52.704323 101.565063 346.397430
v -55.062134 105.042496 346.373840
v -55.420589 115.018623 347.243530
v -57.379654 120.617020 345.273132
v -40.421146 -0.532717 347.914764
v -40.273510 4.670619 348.098785
v -44.178879 8.296800 348.085358
v -55.018730 66.286819 348.098572
v -52.713852 68.306976 347.413574
v -57.366203 114.855980 348.068817
v -40.709328 -0.348306 350.238068
v -40.609138 4.753752 350.337463
v -44.418633 8.377202 350.344727
v -55.376549 67.719658 350.360107
v -55.403770 102.722115 350.131714
v -55.436325 108.049751 349.232971
v -57.377434 137.264832 352.911285
v -42.993858 -0.562172 351.302887
v -42.900154 4.595411 351.381531
v -46.398899 8.367265 351.356812
v -57.380810 67.222343 351.340576
v -57.423973 95.394485 351.299835
v -57.377419 105.707375 350.540466
v -53.388367 139.326813 355.855530
v -46.370125 8.351895 355.741577
v -57.332767 66.997467 355.731201
v -57.381123 89.318466 355.747742
v -42.984825 -0.659528 355.955933
v -40.679222 -0.179762 356.480103
v -40.663448 4.781497 356.469727
v -42.933426 4.677157 355.681183
v -44.395020 8.394468 356.478546
v -55.191528 66.114555 356.486267
v -57.209209 102.441299 356.030640
v -55.403160 101.478874 356.563995
v -44.148872 8.393661 358.765137
v -54.989639 66.570107 358.804474
v -57.310184 108.423714 356.996490
v -57.353313 112.194710 357.937164
v -40.301476 -0.430292 358.882904
v -37.429882 0.108151 359.621521
v -40.211533 4.692140 358.779572
v -41.530357 8.229836 359.559692
v -37.516685 4.773641 359.485168
v -42.783443 13.804092 359.420868
v -43.403786 17.949827 359.559296
v -45.223587 27.792444 359.570435
v -48.386723 44.480762 359.476471
v -48.818977 47.235592 359.908997
v -49.292622 49.065228 359.480804
v -50.204739 54.965485 360.064178
v -50.305611 53.514637 359.331482
v -52.662971 67.986366 359.605652
v -52.738243 92.841545 359.488708
v -55.100506 95.611908 358.887329
v -53.129032 100.852066 360.152252
v -55.157288 101.495682 359.696747
v -55.420425 113.789116 359.194946
v -57.371304 115.983261 359.282440
v -57.312626 119.204926 360.870911
v -83.794586 -0.838106 395.162354
v -48.771507 47.235592 360.498596
v -48.747681 47.050686 360.302063
v -48.785194 47.273090 381.739044
v -52.660549 102.787148 361.191010
v -55.077274 109.213120 361.994781
v -54.917969 105.657341 360.842773
v -55.405628 118.839325 361.497528
v -52.989178 106.475449 361.574371
v -52.850376 110.192390 363.129639
v -55.398304 121.614510 363.219696
v -57.468075 121.464615 362.126099
v -55.130779 113.484558 364.135254
v -52.905586 112.858261 364.532227
v -52.800880 115.731178 367.057434
v -55.406490 124.988480 366.881927
v -57.326225 124.586098 365.063080
v -37.629356 -0.209014 381.685608
v -55.147316 117.096794 367.547791
v -50.049637 53.729889 381.754547
v -57.342030 126.790123 369.212067
v -53.386948 139.335419 373.335571
v -52.736725 115.793190 374.031158
v -52.980408 117.229889 371.173981
v -55.131622 117.795090 371.989899
v -55.590832 126.126419 370.662292
v -55.378632 125.379250 373.406097
v -54.929634 116.905899 373.665192
v -57.330784 125.913963 374.108276
v -52.658237 68.310410 381.175842
v -52.838383 108.936577 378.745239
v -52.866901 114.060425 375.904999
v -55.070343 114.997475 375.916077
v -55.373604 117.187538 380.638062
v -55.399204 122.290321 377.428528
v -55.387497 124.100540 375.537872
v -41.666626 8.356454 381.749359
v -52.803017 104.716057 380.104919
v -52.889412 111.881516 377.338074
v -55.101280 111.545906 378.277161
v -57.357883 123.624168 377.284180
v -57.518917 136.742401 373.925171
v -57.470070 137.182816 396.097412
v -40.397259 -0.364579 382.448425
v -37.523605 4.866983 381.703827
v -55.382221 113.752380 382.055206
v -55.404984 120.156433 379.024109
v -57.239258 120.482826 379.590393
v -45.516842 29.298330 381.761353
v -47.677841 40.583714 381.797272
v -51.200703 59.911713 381.769348
v -55.117447 107.290527 380.065887
v -52.976509 68.423508 381.881897
v -53.026752 92.227898 381.924927
v -52.727081 100.344597 381.010193
v -55.080906 103.100334 381.210815
v -55.428360 110.815765 383.028137
v -57.389832 114.851921 382.447235
v -57.403301 117.896202 381.170044
v -40.273453 4.607322 382.638977
v -44.135792 8.424880 382.621674
v -55.124001 67.466988 382.607422
v -55.100079 96.715424 382.356750
v -40.720993 -0.250644 384.844818
v -42.985470 -0.642493 385.553070
v -44.417770 8.288819 384.854004
v -40.851303 4.793040 384.958313
v -55.437431 67.617607 384.864349
v -55.412243 103.994934 384.343506
v -57.223949 106.982582 384.536041
v -42.875275 4.570709 385.717438
v -46.424873 8.393296 385.684906
v -57.354782 67.107697 385.636597
v -57.366924 100.229271 385.519257
v -42.981998 -0.646954 390.202667
v -42.879364 4.678297 390.112854
v -46.420403 8.375731 390.084900
v -57.426228 112.974236 392.523438
v -57.395939 67.131325 390.068726
v -57.475647 105.438072 390.318451
v -57.194305 100.846504 390.283051
v -53.337376 139.390732 391.945557
v -40.565285 -0.229156 390.841431
v -40.795334 4.927286 390.752472
v -44.479614 8.405560 390.762329
v -55.154488 66.217232 390.763947
v -55.406387 99.195663 390.848694
v -55.411118 106.691795 391.791199
v -57.184021 108.198807 391.405884
v -40.397697 -0.490526 393.134949
v -40.249611 4.601894 393.022217
v -44.129738 8.424438 393.039612
v -55.123379 67.102142 393.060547
v -55.112156 97.708572 393.421875
v -55.127422 104.663322 394.787506
v -55.423496 111.458595 392.895020
v -57.214478 115.586769 393.624664
v -53.240055 142.331299 399.999786
v -37.552696 -0.087833 394.139648
v -37.479481 4.848531 394.124878
v -41.623196 8.314404 394.036804
v -45.107536 27.241034 394.019836
v -49.955990 53.318775 394.049103
v -51.459679 60.098518 393.879425
v -52.655838 67.939095 394.054779
v -52.661728 96.610779 394.560791
v -52.983231 96.863136 394.001495
v -55.414906 115.132408 394.104553
v -57.309402 119.336853 395.305359
v -53.068371 104.068901 395.215973
v -55.106812 110.418976 396.828156
v -52.812939 107.605789 396.512939
v -55.401474 119.178062 395.924133
v -57.353806 123.294060 398.037445
v -52.895107 110.305382 397.481659
v -55.105984 114.676231 399.412018
v -55.394108 123.345421 399.126556
v -57.031143 137.493881 408.159729
v -41.558784 8.304159 416.024658
v -52.856625 113.006241 399.090271
v -55.161545 117.133163 402.128326
v -40.420906 -0.517549 416.931885
v -52.848022 116.220322 401.927032
v -55.384315 125.390877 402.171814
v -57.337852 125.892281 401.333344
v -53.376137 139.353546 422.334381
v -45.910797 31.653318 416.097046
v -55.183281 118.058441 405.068054
v -57.315903 126.925758 405.292969
v -37.420319 0.134768 416.064240
v -52.750557 115.830055 408.321075
v -52.947563 117.039635 406.141663
v -55.362938 125.577934 407.226196
v -53.229630 142.436707 423.274597
v -37.442719 4.740201 416.105560
v -44.311905 22.924547 416.089386
v -54.876228 117.170219 407.395081
v -57.405010 125.904541 408.663574
v -52.804367 111.371353 411.932770
v -47.716084 41.095055 416.141357
v -51.181583 59.965004 416.108582
v -55.068916 115.426689 409.975037
v -52.881027 113.788948 410.492249
v -55.430786 124.301750 409.827515
v -55.092834 112.360382 412.171082
v -55.404305 121.433266 412.549683
v -57.317036 124.191521 410.960724
v -83.387474 -0.861570 500.660400
v -52.913895 107.949631 413.568787
v -55.103966 109.190773 413.713623
v -55.384163 118.814613 414.220551
v -57.310112 121.425903 413.413757
v -57.525299 136.694092 415.140503
v -52.773102 98.750092 415.686157
v -53.034687 103.195648 415.000061
v -57.363499 118.663353 415.065308
v -43.472389 15.758734 416.390472
v -49.529472 50.996063 416.127655
v -52.682926 68.347626 416.094177
v -55.024994 66.742973 416.988739
v -55.082745 100.864960 416.081665
v -55.413307 109.334686 417.711456
v -55.414875 113.579369 416.526093
v -57.291580 115.056450 416.675323
v -44.143829 8.345204 417.041748
v -40.253254 4.675747 417.045471
v -44.402657 8.420862 419.318176
v -55.289135 66.914757 419.285614
v -55.122196 92.284409 417.007690
v -55.430084 105.233315 418.554901
v -57.341000 110.451630 418.183319
v -40.708633 -0.343989 419.266663
v -43.051407 -0.647930 419.838989
v -40.695335 4.841061 419.311707
v -42.954575 4.648386 420.020569
v -46.431419 8.372574 419.944672
v -50.602272 31.108805 419.951080
v -51.734936 37.299385 419.913147
v -52.540718 41.272820 419.954651
v -56.183411 61.348171 419.915466
v -55.378178 98.807640 419.273865
v -57.366386 100.782867 419.888428
v -57.517975 108.420860 421.215393
v -49.693855 26.132629 419.907440
v -57.432171 67.250809 420.013550
v -83.417183 157.922409 451.808807
v -57.417831 67.351730 432.006744
v -57.481541 137.185669 436.821167
v -42.998310 -0.560488 432.196808
v -46.431725 8.353796 432.048187
v -57.418907 94.421791 431.982178
v -83.965775 157.620285 441.154602
v -42.908176 4.694884 432.057953
v -57.376244 106.646164 432.820251
v -53.388191 139.336746 445.296387
v -40.753822 -0.302953 432.771698
v -40.230244 4.662956 435.028320
v -40.658031 4.778267 432.781433
v -44.495140 8.402431 432.734619
v -44.124092 8.470620 435.061401
v -55.092430 67.262039 435.031647
v -55.028336 65.462158 432.778595
v -55.394379 85.732071 432.771545
v -55.105389 99.504585 435.663635
v -55.411777 101.458290 432.981110
v -55.413017 109.793388 434.343140
v -83.956192 -0.523443 430.340424
v -40.295528 -0.424732 435.169952
v -38.034035 -0.356313 435.768372
v -37.487991 4.843549 435.897064
v -41.515434 8.217831 435.936188
v -42.841034 14.587301 435.818695
v -45.755936 28.333336 435.610779
v -46.525848 34.877617 435.906982
v -48.907360 47.467525 435.924622
v -50.237267 52.692051 435.617188
v -50.657265 56.908279 435.861908
v -52.654312 67.510521 435.832001
v -54.897865 94.832176 435.213959
v -52.740475 93.243439 435.858398
v -55.116364 104.291916 436.619232
v -55.396931 113.970306 435.582214
v -57.387634 117.115028 435.979309
v -49.678261 -0.793288 435.523193
v -37.288628 0.691162 436.258850
v -43.854282 20.702318 436.181824
v -52.967743 99.558212 436.333008
v -52.748238 104.138222 437.413025
v -55.067101 108.551941 438.013214
v -55.386364 117.556915 437.110260
v -57.317928 120.888504 438.142456
v -52.844700 108.209930 438.596741
v -55.137383 115.907639 442.339386
v -55.396454 120.732895 438.897034
v -52.871902 112.427841 440.524658
v -55.130997 112.567635 439.880249
v -55.399857 125.179115 443.327271
v -57.306259 125.653366 442.772003
v -52.693939 68.457176 457.995605
v -52.951256 115.691216 443.169373
v -55.010929 117.515106 445.247314
v -55.168121 117.686218 448.757477
v -37.410122 4.691774 458.006744
v -52.737457 116.806030 445.482208
v -55.424160 125.993149 446.808289
v -57.350792 126.881683 447.466919
v -57.455620 137.191544 455.503021
v -52.749947 116.565239 449.127777
v -55.383503 125.386932 449.684265
v -37.571754 -0.169560 457.952698
v -41.557266 8.269667 457.986298
v -57.404236 125.514549 451.319550
v -52.894615 114.856255 451.525787
v -55.119289 115.251381 452.076904
v -55.419724 124.165802 451.836487
v -55.389416 122.128273 453.854370
v -53.376362 139.350723 461.662537
v -52.785233 105.078178 456.322418
v -54.960281 112.639603 453.921265
v -52.892921 112.043663 453.617004
v -57.330318 123.136421 454.021912
v -40.361584 -0.352605 458.740845
v -44.415150 23.351936 458.085388
v -52.797153 108.726326 455.046875
v -83.955162 -0.514414 500.723663
v -52.671097 100.715233 457.257904
v -55.142372 108.614983 455.937012
v -55.387257 117.621765 456.704956
v -57.258263 119.829491 456.297180
v -55.403141 120.032463 455.392792
v -42.864708 14.210228 458.144226
v -54.914501 105.400047 456.842438
v -55.434525 114.303909 458.166199
v -40.269951 4.638125 458.879669
v -44.097569 8.367504 458.849609
v -55.117096 67.725281 458.826813
v -55.097767 96.525307 458.678711
v -53.092583 96.025482 458.151062
v -55.151230 102.453583 457.743683
v -55.409328 107.327164 460.110992
v -57.455193 117.171158 457.865753
v -57.330406 113.414253 459.206055
v -40.693420 -0.162787 461.203918
v -40.643845 4.639971 461.196289
v -44.455994 8.412370 461.207397
v -54.297318 61.721554 461.161621
v -55.404858 103.786270 460.711304
v -57.297497 105.370590 461.144318
v -57.258102 109.700455 460.231812
v -57.484573 109.344193 461.106140
v -43.009659 -0.682025 466.556122
v -42.934193 -0.519195 461.909698
v -42.888519 4.653718 461.978058
v -46.372387 8.497471 461.962219
v -55.542046 69.932274 461.235443
v -57.367393 66.635994 462.033813
v -57.407242 99.282845 461.919525
v -83.962334 157.622253 485.383545
v -57.296673 66.878937 466.362518
v -57.401115 100.976700 466.477844
v -57.400314 110.065338 467.942841
v -57.468235 137.117111 472.141205
v -42.843632 4.602177 466.391632
v -40.761780 -0.243727 467.048370
v -40.706650 4.823358 467.031097
v -46.440437 8.483110 466.407654
v -44.489044 8.342582 467.029816
v -55.252472 66.595947 467.054047
v -55.420319 99.173035 467.098022
v -40.348270 -0.359308 469.399170
v -40.292870 4.624488 469.273865
v -44.144176 8.368720 469.308319
v -54.943348 66.355598 469.403259
v -55.227753 80.572014 468.820923
v -55.108299 98.881493 469.963440
v -55.417942 110.247467 468.832184
v -57.274605 113.920158 469.241394
v -57.352997 117.547699 470.650696
v -53.381912 139.343933 485.180237
v -37.530724 -0.161647 470.465271
v -37.432640 4.721613 470.371613
v -41.533985 8.300006 470.428162
v -42.480415 12.861409 470.305145
v -45.764259 30.875748 470.344421
v -52.675549 67.645081 470.275635
v -54.856590 93.507698 469.577789
v -52.926666 92.374123 470.166443
v -53.107414 100.176773 470.710602
v -55.154045 103.621925 470.828156
v -55.401718 113.210899 469.667053
v -52.685005 104.443344 471.816345
v -55.084808 109.952515 472.962891
v -55.385666 118.900139 472.079315
v -57.335602 121.099716 472.703979
v -52.656456 68.306465 492.367981
v -52.914944 108.062210 472.877350
v -53.228745 142.540054 500.926697
v -52.825752 111.156776 474.266357
v -55.113476 113.058311 474.600464
v -55.113018 115.659737 476.642944
v -55.399376 122.812080 474.874908
v -57.405792 123.966499 474.729767
v -57.259102 125.453812 476.941711
v -52.783821 113.533951 475.799469
v -52.896141 116.355133 478.401917
v -55.385777 125.297005 478.255981
v -40.406090 -0.496279 493.215668
v -37.525581 -0.018226 492.361237
v -55.152794 117.676476 479.510101
v -57.403671 126.653297 479.577332
v -52.800335 116.871399 483.106323
v -55.365433 126.007713 482.271606
v -54.827927 117.295906 483.324585
v -57.366486 126.405830 483.777191
v -57.329300 137.309906 485.451050
v -52.774536 114.058113 486.491058
v -55.139469 116.115379 485.670319
v -55.424198 124.774406 485.379608
v -37.487503 4.787099 492.388062
v -55.407784 122.904228 487.660065
v -57.363438 124.828880 486.586975
v -52.883446 111.248047 488.385925
v -55.135983 113.496368 487.810120
v -52.695374 91.493721 492.494171
v -57.239220 122.802635 488.541199
v -83.894615 157.822861 507.884064
v -41.609459 8.319867 492.364502
v -55.110695 105.921303 491.186584
v -52.765507 107.973549 489.719513
v -55.125179 110.068878 489.675049
v -55.406532 117.989899 490.945099
v -55.402969 120.481117 489.471008
v -57.478184 122.315781 489.639069
v -57.342415 119.940613 490.681305
v -52.844582 100.123848 491.819824
v -55.111153 101.081650 492.354492
v -53.104347 105.188675 490.846893
v -55.414875 113.436790 492.857361
v -40.222008 4.526198 493.375732
v -44.065765 8.418145 493.318298
v -54.949791 66.645210 493.257324
v -55.409813 109.294846 494.038879
v -57.377968 116.194069 492.561859
v -40.727036 -0.310408 495.543182
v -44.452202 8.352671 495.521820
v -55.288509 66.843979 495.528625
v -55.424274 98.609581 495.484497
v -55.411903 104.932594 494.893646
v -57.379086 104.915756 495.688354
v -57.361469 109.745186 494.691864
v -56.717979 137.761703 501.214661
v -43.000450 -0.625420 496.142670
v -40.681522 4.680215 495.564911
v -42.894806 4.689463 496.262573
v -46.430542 8.648198 496.269104
v -57.354359 66.994896 496.284393
v -57.385433 90.255394 496.302094
v -53.447456 139.358414 501.077271
v -46.413067 7.965443 501.159332
v -52.325874 39.454987 501.148987
v -43.189552 -0.621173 501.090332
v -43.170307 4.664846 501.057617
v -51.548927 35.324986 501.148926
v -53.304314 44.527740 501.135437
v -83.962112 142.349380 500.699768
v -55.014423 53.717735 501.118652
v -55.877029 58.206417 501.201050
v -57.583736 66.711624 501.237427
v -83.485916 -0.502301 501.255859
v -51.012566 32.121109 501.213409
v -83.537102 141.901978 501.248962
v -54.176788 49.274609 501.154053
v -57.569981 136.742203 501.236603
v -53.982635 142.453827 501.527344
v -83.816322 142.769302 501.988617
v -68.926826 141.894974 501.263184
v -83.733299 143.775772 504.641998
v -53.164360 143.834030 504.804565
v -83.712769 145.411774 507.874908
v -53.247128 145.378952 507.842224
v -52.623398 157.758972 507.873352
vn 0.0297 0.4965 0.8676
vn 0.0615 -0.7485 -0.6603
vn 0.0253 0.4349 -0.9001
vn 0.0271 -0.2728 0.9617
vn -0.0015 -0.0829 0.9966
vn -0.9951 -0.0566 -0.0816
vn -1.0000 -0.0062 0.0070
vn 0.0275 -0.1645 0.9860
vn -1.0000 0.0005 -0.0027
vn -0.0964 0.0325 -0.9948
vn 0.0321 0.3275 0.9443
vn 0.0398 0.1990 0.9792
vn -0.2943 0.9557 -0.0006
vn 0.0283 -0.0937 -0.9952
vn -0.7918 0.6108 -0.0009
vn 0.0216 -0.0766 0.9968
vn 0.0688 0.9975 0.0139
vn 0.1610 0.9868 -0.0151
vn 1.0000 -0.0001 0.0014
vn -1.0000 -0.0000 -0.0000
vn 0.0305 -0.1654 -0.9858
vn 0.0354 0.1048 -0.9939
vn 0.0359 0.2264 -0.9734
vn 0.0136 0.5792 0.8151
vn 0.0398 0.1023 0.9940
vn 0.9999 0.0100 0.0087
vn -0.0821 0.8773 -0.4729
vn -0.9322 0.0828 0.3523
vn 1.0000 0.0031 -0.0041
vn -1.0000 0.0032 0.0012
vn 1.0000 0.0084 -0.0037
vn -0.1423 0.0286 -0.9894
vn 0.0505 0.9987 -0.0115
vn -0.1000 0.0329 -0.9944
vn 0.1355 0.9906 0.0180
vn -1.0000 -0.0000 -0.0001
vn 0.9999 0.0128 0.0092
vn 0.8458 -0.5334 -0.0018
vn -1.0000 0.0061 -0.0045
vn -0.8078 0.5894 0.0019
vn 0.0264 0.2290 0.9731
vn 0.0423 -0.6181 0.7850
vn 0.0246 -0.0789 -0.9966
vn 0.1098 -0.0590 0.9922
vn 0.0303 -0.0787 -0.9964
vn 0.0288 -0.1638 -0.9861
vn -0.0038 -0.7209 0.6930
vn 0.0603 -0.6333 0.7715
vn 0.0228 -0.3076 0.9512
vn 0.0251 0.3588 0.9331
vn 0.0166 0.2028 0.9791
vn 0.0247 -0.0760 -0.9968
vn 0.0768 -0.0450 -0.9960
vn 0.0167 -0.0915 0.9957
vn 0.0288 -0.2992 0.9538
vn 0.0753 -0.0580 0.9955
vn 0.0192 -0.1784 -0.9838
vn 0.9999 0.0006 -0.0161
vn 0.0296 0.2373 0.9710
vn 1.0000 -0.0057 -0.0025
vn 0.0060 0.2544 0.9671
vn -0.0331 0.7207 -0.6925
vn 0.0605 0.6261 -0.7774
vn -0.0318 0.9986 -0.0417
vn 0.0664 0.9725 0.2234
vn 1.0000 -0.0038 0.0002
vn 1.0000 -0.0068 -0.0002
vn 0.0212 0.2057 0.9784
vn 0.0718 -0.0485 -0.9962
vn 0.0201 0.9998 -0.0001
vn 0.9989 -0.0469 -0.0025
vn 0.0237 0.9997 0.0031
vn 0.1481 0.9889 0.0128
vn 0.9525 -0.3046 -0.0038
vn 0.9590 -0.2834 -0.0058
vn 0.0789 -0.0610 -0.9950
vn -0.0915 0.0321 -0.9953
vn 0.0097 0.2153 0.9765
vn -1.0000 0.0009 -0.0034
vn 0.9999 -0.0121 -0.0027
vn 0.8470 -0.5316 0.0005
vn 0.3920 -0.0542 0.9184
vn 0.0239 -0.0757 -0.9968
vn 0.9548 -0.2974 -0.0051
vn 0.2729 -0.1610 0.9485
vn -0.0167 -0.1908 0.9815
vn 0.0558 -0.1360 0.9891
vn 0.0311 0.4841 -0.8745
vn 0.0580 -0.6499 0.7578
vn 0.0068 0.0774 0.9970
vn -0.9802 0.0624 -0.1880
vn 0.0209 0.9998 0.0021
vn 0.0253 -0.1812 -0.9831
vn 0.9046 0.3038 -0.2989
vn -0.0457 0.6032 -0.7963
vn 0.0824 0.9135 -0.3984
vn 1.0000 -0.0085 -0.0008
vn -0.0008 -0.7484 0.6632
vn 0.0274 -0.1710 0.9849
vn 0.9951 -0.0708 -0.0690
vn 0.0198 0.6706 -0.7415
vn -0.0507 0.9986 0.0121
vn -0.9999 0.0119 -0.0023
vn 0.8385 -0.5449 -0.0000
vn 0.0972 0.7498 0.6545
vn 0.9079 0.1538 0.3899
vn -0.0220 0.5329 0.8459
vn 0.0277 0.4491 0.8931
vn -0.9998 0.0148 -0.0101
vn 0.8422 -0.5392 -0.0022
vn 0.0213 0.9998 0.0019
vn 0.0053 0.1818 -0.9833
vn 0.0849 -0.0569 0.9948
vn -0.0028 0.3982 0.9173
vn 0.0729 -0.0496 -0.9961
vn -0.0814 -0.9967 0.0006
vn -0.0831 0.0326 -0.9960
vn -1.0000 -0.0003 -0.0055
vn 0.0226 0.3471 -0.9375
vn 0.9997 0.0002 0.0230
vn 1.0000 0.0036 0.0040
vn 0.9393 0.0660 -0.3367
vn -0.0051 0.0920 0.9957
vn 0.0184 0.0989 0.9949
vn 0.9613 -0.2755 -0.0002
vn 1.0000 -0.0048 0.0052
vn 0.0700 0.6576 -0.7501
vn -0.0043 0.5425 -0.8401
vn -0.0107 -0.9045 -0.4264
vn 0.1633 -0.9865 -0.0094
vn -0.9740 -0.1904 0.1226
vn 0.0300 0.3973 -0.9172
vn -0.0412 0.9437 -0.3282
vn 0.0757 0.9915 0.1057
vn 0.9999 -0.0106 0.0017
vn -0.0187 -0.5017 -0.8648
vn 0.9941 0.0357 0.1027
vn -0.0214 0.7528 0.6579
vn 1.0000 -0.0068 0.0006
vn 0.0311 0.3270 -0.9445
vn -0.0062 0.1038 -0.9946
vn 0.0345 -0.4140 -0.9096
vn -1.0000 0.0068 0.0010
vn 0.0579 0.0959 -0.9937
vn 0.0464 0.6406 0.7665
vn 0.0228 -0.3084 -0.9510
vn 0.8994 0.0939 0.4270
vn -0.9999 0.0081 -0.0070
vn 0.9998 0.0183 0.0119
vn 0.0834 -0.0483 0.9953
vn 0.0116 0.3429 0.9393
vn 0.0773 -0.0520 -0.9957
vn -0.0967 0.0294 -0.9949
vn 1.0000 -0.0001 0.0003
vn 0.0243 0.2315 -0.9725
vn 0.0234 0.4488 -0.8933
vn 0.9999 -0.0089 -0.0080
vn 0.0189 0.9998 -0.0017
vn 0.0323 -0.1718 -0.9846
vn 1.0000 -0.0005 0.0027
vn 0.0325 0.4384 -0.8982
vn 0.0014 -0.2941 0.9558
vn 0.0815 -0.4280 0.9001
vn -0.9614 0.0701 -0.2662
vn -0.0241 0.5150 -0.8568
vn 0.9605 -0.2783 0.0002
vn -0.0018 1.0000 0.0001
vn -0.0433 -0.7610 0.6473
vn 0.0281 -0.2617 0.9647
vn 0.1122 0.8004 -0.5889
vn 0.9999 -0.0140 -0.0040
vn 0.1056 -0.9884 -0.1095
vn -0.0037 -0.8444 -0.5357
vn 0.0215 0.9998 0.0009
vn 0.9951 0.0577 0.0806
vn 0.0639 0.8861 0.4590
vn -0.0595 0.9982 -0.0117
vn 1.0000 -0.0062 -0.0008
vn 0.1134 0.9935 0.0003
vn 0.0245 -0.0656 0.9975
vn 0.0723 -0.4843 -0.8719
vn -0.0197 0.6432 0.7654
vn 0.0401 0.5223 0.8518
vn 0.0265 -0.2604 0.9651
vn 1.0000 0.0026 0.0030
vn 0.1529 0.9882 0.0039
vn 0.6812 0.1597 0.7145
vn -0.0005 0.3617 0.9323
vn 0.9606 -0.2780 0.0003
vn 0.0268 -0.1782 -0.9836
vn 0.1218 0.9925 0.0059
vn 0.0173 0.2597 -0.9655
vn 0.0937 -0.0532 0.9942
vn 0.0116 0.3671 0.9301
vn 0.0123 -0.0695 0.9975
vn 0.0822 -0.0522 -0.9952
vn -0.1011 0.0294 -0.9944
vn 1.0000 0.0059 0.0055
vn 0.0283 0.2707 0.9622
vn 0.0333 -0.1581 0.9869
vn 0.0491 0.2905 -0.9556
vn 0.8427 -0.5383 0.0004
vn 1.0000 0.0068 0.0011
vn -0.0157 0.9958 0.0904
vn 1.0000 -0.0076 -0.0000
vn 0.0221 0.0906 0.9956
vn 0.0509 -0.6501 0.7581
vn 0.9605 -0.2784 -0.0003
vn 0.0284 0.4020 -0.9152
vn 0.0311 -0.1544 0.9875
vn 0.0476 0.6108 -0.7904
vn 0.0815 -0.8667 0.4921
vn -0.0363 -0.6540 0.7557
vn -0.9933 0.0901 -0.0717
vn -0.0473 0.7377 -0.6735
vn 0.0639 0.9714 -0.2286
vn -0.0345 -0.6945 -0.7187
vn 0.0503 -0.8000 -0.5978
vn 0.0298 0.3038 0.9523
vn -0.0170 0.9327 0.3603
vn 0.9999 -0.0105 -0.0011
vn 0.0512 0.8300 0.5554
vn 0.0302 0.3071 0.9512
vn 0.9518 0.0911 0.2928
vn 0.0463 0.4743 0.8792
vn 0.0020 0.5607 0.8280
vn 0.0367 0.3301 -0.9432
vn 0.9593 -0.2822 0.0002
vn 0.9999 0.0087 -0.0108
vn -1.0000 0.0026 -0.0046
vn 0.0865 -0.0573 0.9946
vn 0.0100 0.3516 0.9361
vn 0.0185 0.6742 -0.7383
vn 0.0144 0.2886 -0.9573
vn 0.0138 0.3325 0.9430
vn 0.0970 -0.0405 -0.9945
vn 0.0702 0.0934 -0.9931
vn 0.0242 -0.0757 0.9968
vn 0.0404 -0.0685 0.9968
vn 0.0274 -0.0786 -0.9965
vn 0.0205 -0.0895 0.9958
vn -1.0000 0.0056 -0.0009
vn 0.0488 0.2292 -0.9722
vn 0.9304 0.1236 -0.3451
vn 1.0000 -0.0046 -0.0035
vn 1.0000 -0.0031 -0.0030
vn 0.0681 0.6880 -0.7225
vn -0.0167 0.7645 -0.6444
vn -0.0302 -0.9392 -0.3420
vn 0.9990 -0.0423 -0.0175
vn -0.0519 0.9783 0.2004
vn 0.0856 -0.7698 -0.6325
vn 0.0661 0.8851 0.4606
vn 0.8421 -0.5393 0.0005
vn 0.9711 -0.2075 -0.1180
vn 1.0000 0.0033 0.0063
vn 0.0228 -0.1785 0.9837
vn 0.0076 0.1731 0.9849
vn 0.9590 -0.2832 -0.0002
vn 0.1003 0.9950 0.0016
vn 0.0224 0.1148 0.9931
vn 0.0347 -0.0739 0.9967
vn 0.0835 -0.0637 0.9945
vn 0.0106 0.3215 0.9469
vn -1.0000 0.0045 0.0011
vn 0.9597 -0.2810 -0.0005
vn 0.9604 -0.2785 0.0003
vn 1.0000 -0.0061 0.0004
vn 0.0110 0.1014 -0.9948
vn 0.0140 0.1782 0.9839
vn 1.0000 0.0045 0.0001
vn 0.0440 -0.7232 -0.6893
vn 0.0142 -0.2878 -0.9576
vn 0.9389 0.0585 -0.3392
vn 0.0306 0.0938 0.9951
vn 0.9997 0.0161 0.0200
vn -1.0000 0.0087 -0.0026
vn 0.0070 0.4529 -0.8916
vn 0.0567 0.5446 -0.8368
vn -0.0357 -0.3003 0.9532
vn 0.0294 -0.3626 0.9315
vn 0.0907 -0.7155 0.6927
vn 0.0410 0.0866 0.9954
vn -0.0093 -0.9204 0.3909
vn 0.0197 0.0976 0.9950
vn 0.1299 0.9895 0.0637
vn 0.8409 -0.5412 0.0006
vn 0.0376 0.2113 0.9767
vn -0.0564 0.6822 0.7290
vn 0.0991 0.9950 -0.0077
vn 0.0306 -0.2288 -0.9730
vn 0.0595 0.5248 0.8492
vn 0.0288 -0.1941 -0.9806
vn 0.9623 -0.2719 -0.0000
vn 0.0820 -0.0565 0.9950
vn 0.0327 0.4235 -0.9053
vn 0.0228 0.1024 -0.9945
vn 0.9608 -0.2771 0.0008
vn 0.0738 -0.0532 -0.9959
vn 1.0000 -0.0069 0.0004
vn 0.0364 0.2658 -0.9633
vn 0.7288 0.1507 -0.6680
vn 0.0265 -0.2481 0.9684
vn 0.0540 -0.5992 0.7988
vn 0.0023 -0.6801 0.7331
vn 0.0479 0.7026 -0.7099
vn -0.0503 0.8425 -0.5364
vn 0.0314 -0.8223 -0.5682
vn 1.0000 0.0027 -0.0015
vn 0.0921 0.9869 0.1324
vn 0.0250 0.3423 0.9393
vn 0.1030 -0.7250 -0.6810
vn 0.0264 0.2241 -0.9742
vn -0.0607 0.8062 0.5885
vn 1.0000 0.0021 0.0040
vn 0.0182 -0.0802 -0.9966
vn 1.0000 -0.0063 0.0009
vn 1.0000 0.0061 0.0052
vn 0.9455 -0.3054 0.1129
vn 0.0297 0.2689 0.9627
vn 1.0000 0.0027 0.0059
vn 0.9999 0.0172 -0.0017
vn 1.0000 -0.0012 -0.0019
vn 0.0246 -0.2911 -0.9564
vn 0.8251 0.0601 0.5618
vn 0.9604 -0.2786 -0.0003
vn 0.0891 -0.0629 0.9940
vn 0.1669 0.9858 0.0187
vn 0.0201 0.3117 0.9500
vn 0.0766 0.9970 -0.0140
vn 1.0000 -0.0051 -0.0002
vn -0.9269 0.3753 0.0010
vn 1.0000 0.0083 -0.0003
vn 0.0720 -0.0437 -0.9964
vn -0.0729 0.0443 -0.9964
vn 1.0000 -0.0058 0.0002
vn 0.0549 -0.0723 0.9959
vn 0.0215 0.2133 -0.9768
vn -1.0000 -0.0004 -0.0017
vn -1.0000 0.0039 -0.0044
vn 0.1703 0.9853 0.0132
vn -0.0071 0.1033 0.9946
vn 0.0228 0.2941 -0.9555
vn -1.0000 -0.0003 -0.0030
vn 0.9603 -0.2788 -0.0003
vn 0.0265 0.4561 -0.8895
vn 0.0188 -0.6750 0.7375
vn 0.0441 -0.0842 -0.9955
vn 0.0207 -0.3185 -0.9477
vn 0.0326 -0.3538 -0.9348
vn 0.0434 0.0885 -0.9951
vn -0.0189 -0.8975 -0.4406
vn 0.9949 0.0932 -0.0379
vn 0.1061 -0.6403 -0.7608
vn 0.0154 -0.4470 -0.8944
vn 0.0703 0.6086 0.7904
vn 1.0000 -0.0055 -0.0000
vn -1.0000 -0.0006 -0.0017
vn -0.0055 0.5107 0.8597
vn 0.8420 -0.5395 -0.0013
vn 0.0180 -0.3561 -0.9343
vn 0.0309 -0.0753 -0.9967
vn 0.0117 0.1831 -0.9830
vn -0.7599 -0.1094 -0.6408
vn 0.0274 0.2267 -0.9736
vn 0.0260 -0.1710 0.9849
vn 0.9619 -0.2733 0.0005
vn 0.0277 0.3135 -0.9492
vn 0.0437 0.4861 0.8728
vn 0.0768 -0.0516 0.9957
vn 0.0218 0.2452 0.9692
vn -1.0000 0.0069 -0.0064
vn 0.0289 0.3183 0.9475
vn 0.0880 -0.0646 -0.9940
vn -0.0131 0.3772 -0.9260
vn -0.9997 0.0224 -0.0007
vn 1.0000 0.0026 -0.0025
vn 0.0265 0.1086 -0.9937
vn 1.0000 0.0017 -0.0025
vn 0.0248 -0.1570 0.9873
vn -1.0000 0.0002 -0.0023
vn 0.8955 0.0860 -0.4367
vn 0.9874 0.0553 -0.1485
vn 0.0411 0.1080 0.9933
vn 0.0475 -0.0878 -0.9950
vn 0.0034 0.6463 -0.7631
vn 0.0816 0.7823 -0.6176
vn 0.8379 -0.5458 -0.0008
vn -0.0268 -0.8044 0.5935
vn 0.1119 -0.9484 0.2967
vn 0.0090 -0.2775 -0.9607
vn 0.0516 -0.0655 0.9965
vn -0.0329 -0.6481 -0.7608
vn 0.0343 -0.3061 0.9514
vn 0.0879 0.8291 0.5522
vn -0.0479 0.9985 -0.0248
vn 0.9619 -0.2733 0.0003
vn 1.0000 -0.0052 -0.0000
vn 0.0203 0.0945 -0.9953
vn 0.0536 -0.4910 -0.8695
vn 0.9886 0.0424 0.1445
vn 0.0427 0.4396 0.8972
vn -0.0164 0.6772 0.7356
vn 0.0210 0.0956 -0.9952
vn 0.8375 -0.5465 -0.0009
vn 0.9999 0.0039 -0.0094
vn 0.0267 0.1954 -0.9804
vn 0.8423 -0.5390 -0.0001
vn 0.0816 -0.0467 0.9956
vn 0.0063 0.3667 0.9303
vn 1.0000 -0.0053 0.0001
vn 0.0781 -0.0469 -0.9958
vn -0.0871 0.0438 -0.9952
vn -1.0000 -0.0010 0.0034
vn 0.0425 -0.6255 0.7791
vn 0.0247 0.4285 0.9032
vn 0.6308 0.0940 -0.7702
vn 0.0257 0.9997 0.0031
vn 0.8932 0.0607 -0.4456
vn 0.0279 -0.1775 -0.9837
vn 0.9999 0.0128 0.0014
vn 0.0186 0.9998 -0.0005
vn 0.0239 0.1075 -0.9939
vn 0.9886 -0.0652 0.1358
vn -0.9918 0.0413 -0.1208
vn 0.9037 0.1545 -0.3993
vn 0.0219 -0.2914 0.9563
vn 0.0420 -0.8824 -0.4687
vn 1.0000 0.0067 -0.0013
vn 0.9999 -0.0097 0.0024
vn -0.9857 -0.1654 -0.0338
vn 0.0311 0.9995 -0.0031
vn 0.0234 -0.7455 -0.6661
vn 0.1552 -0.8656 -0.4760
vn 0.0433 -0.0730 -0.9964
vn 0.9913 0.1045 0.0804
vn -0.0196 0.9949 0.0991
vn 0.0201 0.9998 -0.0010
vn 0.0466 -0.2820 -0.9583
vn 0.0020 -0.3890 -0.9212
vn 0.9608 -0.2772 0.0013
vn 0.0217 0.9998 0.0004
vn 0.0380 0.3561 0.9337
vn -0.0227 0.4846 0.8745
vn 0.0404 0.5730 0.8185
vn 0.0196 0.9998 -0.0008
vn 0.0240 -0.2352 -0.9716
vn 1.0000 0.0071 0.0059
vn 0.4390 0.0447 0.8974
vn 1.0000 -0.0055 -0.0001
vn 0.1405 0.9901 -0.0022
vn 0.3359 -0.8951 0.2931
vn -0.0104 -0.8700 -0.4929
vn -0.0007 -0.7401 -0.6725
vn -0.0013 -0.0062 -1.0000
vn 0.0024 0.0031 -1.0000
vn 0.0130 -0.8895 -0.4567
vn 0.0014 -0.9102 -0.4142
vn -0.9989 -0.0014 0.0463
vn 0.0001 -0.9231 -0.3846
vn -0.0009 -0.9189 -0.3946
vn -0.9986 -0.0197 -0.0496
vn 0.6498 0.7601 0.0011
vn 0.9628 0.1942 -0.1879
vn 0.8985 0.1588 -0.4093
vn 0.2984 0.0399 0.9536
vn 0.9158 0.1698 -0.3640
vn 0.2696 0.0469 -0.9618
vn 0.9439 0.0023 -0.3302
vn 0.3513 0.3805 0.8555
vn -0.0021 0.0006 -1.0000
vn -0.0030 0.0011 -1.0000
vn -0.0046 -0.0688 -0.9976
vn -0.0015 -0.0907 -0.9959
vn 0.0063 -0.0146 -0.9999
vn -0.2851 -0.8447 -0.4529
vn -0.7628 -0.0008 -0.6466
vn -0.3086 -0.0002 -0.9512
vn 0.7439 0.1213 -0.6572
vn -0.6112 -0.0025 -0.7915
vn 0.4698 -0.8828 0.0001
vn 0.4433 0.7248 -0.5274
vn 0.2755 0.7762 0.5672
vn 0.9820 0.1847 -0.0395
vn -1.0000 0.0010 -0.0097
vn 0.3319 0.3542 -0.8743
vn 0.9188 -0.0010 -0.3947
vn 0.2026 -0.9738 -0.1034
vn 0.4264 0.1935 0.8836
vn 0.4201 -0.0237 0.9072
vn 0.9997 -0.0240 -0.0013
vn 0.2992 -0.0195 0.9540
vn 0.3735 0.0061 -0.9276
vn 0.9559 0.0534 -0.2889
vn 0.9750 0.0148 -0.2215
vn -0.1707 0.3096 -0.9354
vn 0.9997 -0.0010 -0.0232
vn -0.9996 -0.0224 0.0165
vn 0.4697 -0.8828 0.0001
vn 0.9998 -0.0197 -0.0060
vn -0.6903 0.7235 0.0051
vn 0.3477 0.2280 -0.9095
vn 0.3142 0.4327 -0.8450
vn 0.2907 0.0356 -0.9562
vn 0.7717 0.1802 -0.6099
vn 0.9998 -0.0005 -0.0219
vn 0.9996 -0.0290 -0.0050
vn 0.3110 -0.6406 -0.7021
vn 0.2765 0.3350 -0.9008
vn 0.2391 0.2576 -0.9362
vn 0.3716 0.0209 -0.9282
vn 0.2788 -0.0173 0.9602
vn 0.7867 0.1516 -0.5984
vn 0.9058 0.1506 -0.3960
vn 0.3483 0.0468 0.9362
vn 0.2467 0.5399 0.8047
vn 0.9896 -0.0213 -0.1425
vn 0.5843 0.1142 -0.8035
vn 0.9998 0.0030 0.0198
vn 0.2439 -0.0273 -0.9694
vn 0.3955 0.1886 -0.8989
vn 0.2735 0.1946 -0.9420
vn 0.2602 0.4424 -0.8582
vn 0.3366 0.3621 -0.8693
vn 0.9999 0.0114 -0.0006
vn -0.9677 -0.1847 -0.1715
vn 0.2326 0.3480 -0.9082
vn 0.3119 0.0381 -0.9494
vn 0.4029 0.1434 -0.9039
vn 0.8297 0.2091 -0.5175
vn 0.3391 0.5662 0.7512
vn -0.9365 0.2231 -0.2707
vn 0.3361 0.6256 -0.7040
vn 0.9993 0.0233 -0.0279
vn 0.9832 0.1823 0.0001
vn 0.9928 0.0032 -0.1196
vn 0.2718 0.6422 -0.7168
vn 0.3346 0.5732 -0.7480
vn 0.2534 0.6879 -0.6801
vn 1.0000 0.0068 -0.0039
vn 0.2671 0.3362 -0.9031
vn 0.9945 0.0479 -0.0932
vn -0.7583 0.4905 -0.4294
vn 0.4277 0.7352 -0.5260
vn 0.3051 0.0363 0.9516
vn -1.0000 0.0003 -0.0026
vn 0.2455 0.8027 -0.5436
vn 0.3275 0.7348 -0.5939
vn 0.3116 0.9155 -0.2545
vn 0.9991 0.0252 -0.0350
vn 0.6440 -0.7650 -0.0078
vn 0.2968 0.2929 -0.9089
vn 0.3365 0.2507 0.9077
vn 0.4421 0.8958 -0.0445
vn 0.9790 0.2039 0.0079
vn 0.1906 0.9714 0.1418
vn 0.6614 0.7499 0.0098
vn 0.9994 0.0111 0.0314
vn 0.9330 0.2059 0.2952
vn 0.3750 0.7729 0.5118
vn 0.2128 0.9045 0.3695
vn 0.9717 0.1809 0.1521
vn 0.3992 0.6709 0.6249
vn 0.4695 -0.8829 0.0007
vn 0.1328 -0.9911 0.0109
vn 0.6316 0.1169 0.7664
vn 0.9794 0.1822 -0.0876
vn 0.4938 0.5977 0.6316
vn 0.8993 0.1609 0.4067
vn 0.9932 0.0093 0.1165
vn 0.2805 0.5449 0.7902
vn 0.3150 0.0398 -0.9482
vn 1.0000 0.0074 -0.0037
vn 0.9996 -0.0004 -0.0281
vn 0.2716 0.2759 0.9220
vn 0.7267 0.6869 0.0007
vn 0.2576 0.6808 0.6856
vn 0.9439 0.0084 0.3301
vn 0.9832 0.1828 -0.0016
vn 0.8881 0.1981 0.4148
vn 0.1851 -0.9776 0.1004
vn 0.2806 0.2839 0.9169
vn 0.2990 0.2917 -0.9086
vn 0.9830 0.1836 -0.0065
vn 0.2754 0.4195 -0.8649
vn 0.9864 -0.0007 0.1641
vn 0.9607 0.1095 0.2549
vn 0.4655 -0.8850 -0.0011
vn 0.9753 0.1812 0.1263
vn 0.9998 -0.0177 -0.0040
vn 0.3006 0.0416 0.9528
vn 0.4166 0.0498 0.9077
vn 0.2530 -0.0224 -0.9672
vn 0.3255 0.1176 0.9382
vn 1.0000 0.0027 0.0006
vn 1.0000 -0.0028 -0.0002
vn 1.0000 0.0026 0.0014
vn 0.7219 0.6898 -0.0553
vn 1.0000 0.0023 0.0005
vn 0.9831 0.1833 -0.0009
vn 1.0000 0.0013 0.0013
vn 0.3458 0.1317 -0.9290
vn 0.9845 0.0891 0.1508
vn 0.2705 -0.0237 0.9624
vn 0.9809 0.1822 0.0687
vn 0.3585 0.1836 0.9153
vn 0.6968 0.7099 0.1021
vn -0.6902 0.2103 -0.6924
vn 1.0000 -0.0029 0.0022
vn 0.4639 -0.8859 -0.0003
vn 0.1362 -0.9866 -0.0894
vn 0.3068 0.1956 -0.9315
vn 0.9990 -0.0444 0.0028
vn 0.5467 0.0993 -0.8314
vn 0.2355 0.0696 -0.9694
vn 0.3146 -0.0252 0.9489
vn 0.8475 0.0690 -0.5263
vn 0.9297 0.0028 0.3683
vn 0.2750 -0.0131 -0.9614
vn 0.2084 0.3487 -0.9138
vn 0.7742 0.2220 -0.5928
vn 0.2805 0.4024 0.8714
vn 0.1894 -0.9818 -0.0124
vn 0.6887 0.7218 0.0680
vn 0.9743 0.1649 -0.1537
vn 0.6289 0.1155 -0.7689
vn 0.9627 0.1687 -0.2114
vn 0.2483 0.6079 -0.7542
vn 0.3485 0.4069 -0.8444
vn 0.3028 0.4506 -0.8398
vn 0.9749 0.1810 -0.1294
vn 0.9995 0.0174 -0.0281
vn 0.9999 0.0144 -0.0086
vn 0.3442 0.6568 -0.6709
vn 0.2421 0.7923 -0.5600
vn 0.3268 -0.0250 0.9448
vn 0.3199 0.8184 -0.4773
vn 0.3159 0.1702 0.9334
vn 0.4014 0.8226 -0.4027
vn 0.9975 -0.0700 -0.0022
vn 0.3836 0.8926 -0.2368
vn 0.9997 0.0166 0.0172
vn 0.3187 0.9475 -0.0255
vn 0.4635 -0.8861 -0.0007
vn -0.9153 0.4009 0.0385
vn 0.1780 0.9837 -0.0262
vn 0.4410 0.8966 0.0405
vn 0.4647 -0.8855 -0.0012
vn 0.9832 0.1823 -0.0011
vn 0.2787 -0.0170 -0.9602
vn 0.4020 0.8776 0.2613
vn 1.0000 0.0069 -0.0002
vn -0.5382 -0.8428 -0.0001
vn 0.9888 0.0932 0.1164
vn 0.9612 0.1858 0.2038
vn 0.1997 0.7138 0.6712
vn 0.0933 0.6983 0.7097
vn 0.3415 0.0448 -0.9388
vn 0.9991 -0.0427 0.0004
vn 0.2841 0.8424 -0.4578
vn 0.2481 0.0446 -0.9677
vn 0.3382 0.6598 -0.6711
vn 0.2483 0.2999 -0.9211
vn 0.9999 0.0100 -0.0032
vn 1.0000 0.0043 0.0048
vn 0.2374 0.3145 0.9191
vn 0.9902 -0.0276 0.1370
vn 0.9998 -0.0202 0.0029
vn 1.0000 0.0092 -0.0016
vn 0.9846 0.0030 0.1749
vn 0.9675 0.0105 0.2525
vn 0.1970 0.1020 0.9751
vn 0.1174 -0.9928 0.0233
vn 0.3450 0.3853 -0.8559
vn 0.2816 0.3816 0.8804
vn 0.9830 0.1836 -0.0036
vn 1.0000 0.0016 -0.0013
vn 0.9958 0.0120 0.0905
vn 0.3508 0.1532 0.9239
vn 0.9999 0.0055 0.0119
vn 0.3456 0.6659 -0.6611
vn 0.3113 0.3147 -0.8967
vn 0.4691 0.1375 0.8724
vn 0.3025 0.1095 0.9468
vn 0.9997 0.0056 0.0231
vn 1.0000 0.0067 0.0016
vn 0.9911 0.0060 0.1330
vn 0.9991 -0.0429 0.0004
vn 0.6736 0.7075 -0.2138
vn 0.4667 -0.8844 0.0010
vn 0.9998 -0.0053 -0.0186
vn 1.0000 0.0011 -0.0047
vn 0.9999 0.0083 0.0074
vn 0.4699 -0.8827 0.0001
vn 0.2615 -0.0175 0.9650
vn 0.9904 0.0804 0.1125
vn 0.9656 0.0576 0.2536
vn 0.2921 0.0973 -0.9514
vn 0.3225 -0.9200 -0.2226
vn 0.9827 -0.0470 -0.1790
vn 0.9981 0.0072 -0.0618
vn 0.3203 0.0502 0.9460
vn 0.8518 0.0839 -0.5171
vn 0.9989 0.0264 -0.0387
vn 0.9979 0.0270 0.0590
vn 1.0000 -0.0001 -0.0010
vn 0.9829 0.1843 -0.0051
vn 0.2158 0.2252 -0.9501
vn 0.2628 0.3243 -0.9087
vn 0.9999 -0.0138 0.0015
vn 0.3679 0.5420 -0.7556
vn 0.3235 0.0931 -0.9417
vn 0.2521 0.0196 -0.9675
vn 0.9777 -0.0032 -0.2100
vn 0.6988 0.7051 0.1204
vn 0.9978 0.0213 -0.0625
vn 0.9847 -0.0257 0.1721
vn 0.5649 0.1071 -0.8182
vn 0.8647 0.1809 -0.4686
vn 0.2792 0.7107 0.6457
vn 0.9813 0.0754 -0.1769
vn 0.3012 0.1790 0.9366
vn 0.9990 0.0211 -0.0389
vn 0.9995 -0.0309 0.0066
vn 0.9471 0.1124 -0.3006
vn 1.0000 -0.0053 -0.0038
vn 0.3418 0.5578 -0.7563
vn -0.9853 0.1294 -0.1114
vn 0.2011 0.7055 -0.6796
vn 0.4088 0.7683 -0.4924
vn 0.9999 0.0071 -0.0150
vn 0.9990 -0.0448 -0.0000
vn 0.4423 0.8770 -0.1879
vn 0.3419 0.9009 -0.2674
vn 0.2629 0.2774 -0.9241
vn 0.9833 0.1820 -0.0006
vn 0.0874 0.9955 -0.0371
vn 0.9999 0.0071 -0.0140
vn 0.3652 0.9179 0.1552
vn 0.4243 0.8805 0.2114
vn 0.4722 -0.8815 0.0019
vn 0.2837 0.9108 0.2999
vn 0.2569 0.7295 0.6339
vn 0.3506 0.7483 0.5631
vn 0.9999 0.0127 0.0021
vn 0.4595 -0.8882 -0.0005
vn 0.4255 0.6431 0.6368
vn 0.9775 0.0753 0.1973
vn 0.9583 0.0707 0.2770
vn 0.3033 0.6421 0.7041
vn 0.9904 0.0873 0.1076
vn 1.0000 -0.0080 -0.0039
vn 0.2361 0.3119 0.9203
vn -0.6413 0.2688 0.7187
vn 0.3501 0.4176 0.8385
vn 0.9988 -0.0484 0.0006
vn 0.7736 0.0289 0.6330
vn 0.6600 0.7454 0.0940
vn 0.2173 -0.0340 0.9755
vn 0.5181 0.0939 0.8502
vn 0.6298 0.1159 0.7680
vn 0.9265 0.0112 0.3761
vn 0.3056 0.0605 -0.9502
vn 0.2395 0.3191 0.9169
vn 0.1814 0.1989 0.9631
vn 0.9980 -0.0209 -0.0597
vn 0.0030 -0.0024 -1.0000
vn 0.7318 0.6815 -0.0048
vn 0.3546 0.4596 0.8143
vn 0.6481 0.7615 0.0006
vn 1.0000 -0.0019 0.0047
vn 0.2756 0.1227 0.9534
vn 0.2716 0.2651 0.9252
vn 0.2938 0.3278 0.8979
vn 0.3585 0.2207 -0.9070
vn 0.3009 0.0687 0.9512
vn 0.4178 0.1536 0.8955
vn 0.0239 -0.3015 0.9532
vn 0.2865 0.1737 -0.9422
vn 0.3688 0.3477 0.8620
vn 0.4094 0.4288 0.8053
vn 0.3329 0.5462 0.7687
vn 1.0000 -0.0018 0.0067
vn 0.9833 0.1821 -0.0006
vn 0.6541 0.7564 0.0005
vn 0.9830 0.1833 0.0040
vn -0.9777 0.0173 -0.2095
vn 1.0000 0.0043 -0.0026
vn 0.2317 -0.0522 -0.9714
vn 0.3283 -0.0030 -0.9446
vn 0.3570 0.0443 0.9331
vn 0.3316 0.5656 0.7551
vn 0.2819 0.4042 -0.8702
vn 0.7276 0.6860 -0.0071
vn 0.3546 0.4780 -0.8036
vn 0.3154 -0.0088 0.9489
vn 0.2315 -0.9632 -0.1368
vn 0.9834 0.1813 -0.0001
vn 0.3348 0.3212 0.8859
vn 0.3699 0.4809 -0.7949
vn 0.9987 -0.0504 -0.0001
vn -0.7447 -0.6674 -0.0018
vn 0.3593 0.0542 -0.9316
vn 0.6479 0.7618 0.0012
vn 0.3663 0.8420 0.3961
vn 0.3259 0.5622 0.7601
vn 0.9504 0.1880 -0.2478
vn 0.2681 0.6486 -0.7124
vn 0.8612 0.1801 -0.4752
vn 0.3208 0.9195 -0.2270
vn 0.9772 0.1833 -0.1070
vn 0.2801 0.0366 -0.9593
vn 0.4472 0.0545 0.8928
vn 0.3480 0.0942 -0.9328
vn 0.2575 0.1341 -0.9569
vn -0.4140 0.2637 -0.8713
vn 0.3182 0.3186 -0.8929
vn -0.5391 0.3803 -0.7515
vn 0.2830 -0.0260 0.9588
vn 0.9748 0.2090 -0.0785
vn 0.9694 0.2327 -0.0781
vn 0.9617 0.2740 0.0001
vn -0.9748 -0.2090 0.0785
vn 0.8389 0.0855 -0.5375
vn 0.7872 0.1327 -0.6023
vn 0.2196 0.3096 -0.9252
vn 0.6086 0.1173 -0.7847
vn 0.2851 0.5684 0.7718
vn 0.9210 0.1206 -0.3703
vn 0.2932 0.3597 -0.8858
vn 0.6967 0.7158 -0.0479
vn 1.0000 0.0099 0.0004
vn 0.3218 0.6410 -0.6968
vn 0.9386 0.2128 -0.2715
vn 0.3136 0.0368 0.9488
vn 0.9987 -0.0506 -0.0001
vn 0.9960 0.0457 -0.0770
vn 0.9818 0.1040 -0.1590
vn 0.5576 0.1033 -0.8237
vn 0.4379 0.6617 -0.6086
vn 0.1874 -0.9822 -0.0124
vn 0.3849 0.3782 -0.8419
vn 0.7257 0.6880 -0.0022
vn 0.2503 0.8554 -0.4535
vn 0.9997 0.0213 -0.0075
vn 0.4590 -0.8885 0.0004
vn 0.4350 0.8520 -0.2912
vn 0.5035 0.8338 -0.2264
vn 0.1965 0.9685 -0.1529
vn 0.9765 0.2148 -0.0170
vn 0.9891 0.1471 -0.0104
vn -0.9904 0.1372 -0.0181
vn 0.2220 0.9599 0.1713
vn 0.9692 0.1801 0.1679
vn -0.8122 0.4690 0.3469
vn 0.3316 0.9165 0.2239
vn 0.9998 0.0174 0.0008
vn 0.9806 -0.1959 0.0017
vn 0.3874 0.7899 0.4754
vn 0.4633 -0.8862 -0.0007
vn -1.0000 -0.0021 0.0034
vn 0.9995 0.0278 0.0142
vn 0.3801 0.7715 0.5102
vn 0.3083 0.7704 0.5581
vn 0.4027 0.6599 0.6343
vn 0.9996 0.0177 0.0213
vn 0.4154 0.0766 0.9064
vn 0.3960 -0.0219 -0.9180
vn 0.2916 0.1807 0.9393
vn -0.7089 0.3998 0.5810
vn 0.9986 0.0245 0.0478
vn 0.9872 -0.0196 0.1580
vn 0.9068 0.1842 0.3793
vn 0.3539 0.2878 -0.8899
vn 0.2011 -0.0013 0.9796
vn 0.3847 0.0893 0.9187
vn 0.3243 0.3140 0.8923
vn 0.1920 -0.9787 0.0725
vn 0.2809 0.2805 -0.9178
vn 0.3189 0.3672 0.8738
vn 0.2833 0.2908 0.9139
vn 0.9996 0.0271 0.0103
vn 0.3771 0.3915 -0.8394
vn 0.9904 -0.0298 0.1352
vn 0.9705 0.0197 0.2402
vn 0.3152 0.2838 0.9056
vn 0.3983 0.0465 0.9161
vn 0.2853 0.1525 -0.9462
vn -0.9409 0.0682 0.3317
vn 0.7297 0.6803 0.0691
vn 0.6476 0.7620 0.0015
vn 0.3682 0.4007 0.8390
vn 0.3074 0.2931 0.9053
vn 0.7372 0.6757 0.0070
vn 0.9999 0.0028 0.0113
vn 1.0000 0.0021 -0.0022
vn 0.9846 -0.0123 -0.1742
vn 0.2908 0.2754 0.9163
vn 0.4723 -0.8814 0.0014
vn -0.0201 0.0065 -0.9998
vn 0.2011 -0.9715 -0.1254
vn 0.2496 -0.0143 -0.9682
vn 0.0092 -1.0000 -0.0001
vn 0.3294 0.3599 0.8729
vn 0.6483 0.7614 -0.0017
vn 0.3692 0.3664 0.8541
vn 0.9163 0.0592 -0.3960
vn 0.4116 0.1370 -0.9010
vn 0.3064 0.1189 -0.9444
vn 0.7010 0.1960 -0.6857
vn 0.9994 -0.0339 0.0003
vn 0.3720 0.7569 -0.5373
vn 0.9966 -0.0307 -0.0763
vn 0.9728 0.0395 -0.2282
vn 0.6865 0.7219 -0.0876
vn 0.3344 -0.0200 0.9422
vn 0.2822 0.4392 -0.8529
vn 0.9620 -0.2730 -0.0007
vn 0.3572 0.3565 -0.8633
vn 0.3153 0.0384 -0.9482
vn 0.2676 0.4397 -0.8574
vn 0.5618 0.1041 -0.8207
vn 0.8687 0.0089 -0.4953
vn 0.2958 -0.0266 0.9549
vn 0.2668 0.0113 -0.9637
vn 0.2719 0.4379 0.8569
vn 1.0000 0.0010 -0.0006
vn 0.3152 0.2961 -0.9016
vn 0.4057 0.3269 -0.8535
vn -0.2234 0.3939 -0.8916
vn 0.9975 0.0121 -0.0695
vn 1.0000 0.0089 0.0034
vn 0.3155 0.0515 -0.9475
vn 0.2994 0.5444 -0.7836
vn 0.2698 0.3917 0.8796
vn 0.2797 0.4129 0.8668
vn 0.3911 0.5604 -0.7301
vn 0.4754 -0.8797 0.0054
vn 0.3248 0.5234 -0.7878
vn 0.9985 -0.0382 0.0403
vn 0.9931 0.0651 -0.0971
vn 0.3581 0.6173 -0.7005
vn 0.3044 0.2379 -0.9223
vn 0.3083 0.7464 -0.5899
vn 0.4124 0.7556 -0.5089
vn 0.2292 0.7242 -0.6504
vn 0.9999 0.0069 -0.0103
vn 0.4550 -0.8905 -0.0005
vn 0.3310 0.9008 -0.2811
vn 0.3366 0.9107 -0.2396
vn 0.9999 0.0082 -0.0077
vn 0.4712 0.8679 -0.1576
vn 0.9886 0.1504 -0.0059
vn 0.5892 0.8073 -0.0324
vn 0.9995 -0.0323 -0.0003
vn 0.2652 0.9119 0.3131
vn 0.5986 0.1107 0.7934
vn 0.3381 0.8355 0.4331
vn -0.7776 0.5464 0.3112
vn 0.3411 0.8971 0.2808
vn 0.4176 0.8114 0.4090
vn 0.7947 -0.6068 -0.0133
vn 0.9689 0.1487 0.1980
vn 0.2576 0.7915 0.5542
vn 0.3489 0.6723 0.6530
vn 0.3110 0.4030 0.8607
vn 0.2938 0.7716 0.5642
vn 0.9977 0.0531 0.0424
vn 0.9806 0.0581 0.1871
vn 0.2357 0.5646 0.7910
vn 0.2990 0.4954 0.8156
vn 0.3215 0.2099 0.9234
vn 0.9999 0.0128 0.0116
vn 0.9995 0.0236 -0.0207
vn 0.9989 -0.0478 0.0012
vn 0.9965 0.0112 -0.0829
vn 1.0000 0.0093 0.0031
vn 0.8602 0.1268 0.4939
vn 0.3762 -0.0168 -0.9264
vn 0.2989 0.3280 -0.8962
vn 0.9989 0.0088 0.0470
vn 0.9948 0.0052 -0.1020
vn 0.3035 0.2832 -0.9098
vn 0.5439 0.0987 0.8333
vn 0.3166 0.3607 0.8773
vn 0.9954 0.0174 0.0941
vn 0.1501 -0.9844 0.0917
vn -1.0000 0.0003 -0.0046
vn 0.3658 0.3140 -0.8761
vn 0.9840 0.1784 -0.0008
vn 0.6951 0.7082 0.1236
vn 0.3801 0.2842 0.8802
vn 0.2771 0.2585 0.9254
vn 0.3645 0.2717 0.8907
vn 0.9684 0.1176 0.2201
vn 0.9992 0.0088 0.0398
vn 0.3979 0.0467 0.9162
vn 0.6507 0.7594 -0.0007
vn 0.9998 -0.0202 0.0003
vn 0.2897 0.1526 0.9449
vn 0.3572 -0.0263 -0.9337
vn 0.2801 0.4051 0.8703
vn 0.9884 0.0418 -0.1463
vn 0.3879 0.1056 0.9156
vn 0.3580 0.3587 0.8621
vn 0.6364 0.1211 0.7618
vn 0.3553 0.4522 0.8181
vn 0.4606 -0.8876 -0.0023
vn 0.8834 -0.4686 0.0088
vn 0.3060 0.2452 -0.9199
vn -0.4857 0.8741 -0.0000
vn 0.4658 -0.8849 -0.0004
vn 0.2481 0.0325 0.9682
vn 1.0000 0.0048 -0.0021
vn 0.9986 0.0240 -0.0461
vn 0.2821 -0.0180 -0.9592
vn 0.4098 0.0126 -0.9121
vn 1.0000 0.0004 -0.0067
vn 0.0868 -0.9907 0.1050
vn 0.8414 0.2105 0.4977
vn 0.2931 0.0504 0.9547
vn 0.6835 0.7274 0.0610
vn 0.9997 0.0181 0.0140
vn 0.2516 0.0653 -0.9656
vn 0.4173 0.1516 -0.8960
vn 0.3658 -0.0215 0.9304
vn 0.9787 0.1817 0.0953
vn 0.2722 0.2863 -0.9187
vn 0.3261 0.3991 -0.8570
vn 0.4384 0.0635 -0.8965
vn 0.2902 0.1733 0.9411
vn 0.3533 -0.0197 -0.9353
vn 0.9831 0.1828 -0.0014
vn 0.9822 0.1853 0.0318
vn 0.9999 -0.0138 0.0008
vn -0.8671 0.0094 -0.4980
vn 0.2535 -0.0238 -0.9670
vn 0.4435 0.0540 -0.8946
vn 0.9990 0.0065 -0.0435
vn 0.5897 -0.0420 -0.8066
vn 0.3193 0.1498 0.9358
vn 0.6700 0.1120 -0.7339
vn 0.5989 0.1057 -0.7938
vn 0.3040 0.0428 -0.9517
vn 0.8844 0.0665 -0.4620
vn 0.6887 0.7162 -0.1129
vn 0.3980 0.3586 -0.8444
vn 0.9989 -0.0476 0.0005
vn 0.8651 0.1713 -0.4715
vn 0.2749 0.3211 -0.9063
vn 0.9999 0.0091 -0.0119
vn 0.9987 -0.0508 -0.0000
vn -0.7352 -0.6779 0.0027
vn 0.3602 0.6188 -0.6981
vn 0.6985 0.7100 -0.0890
vn 0.2574 0.5732 -0.7779
vn 0.3355 0.5980 -0.7278
vn 0.9732 0.1585 -0.1664
vn 0.8174 -0.5760 -0.0122
vn -0.9837 0.1723 -0.0524
vn 0.9998 0.0177 0.0049
vn 0.3904 0.3880 -0.8349
vn 0.3007 0.9532 -0.0330
vn 0.4120 0.9091 0.0615
vn 0.6916 0.7169 -0.0879
vn 0.4614 0.8694 0.1767
vn 0.3163 0.8927 0.3212
vn 0.3438 0.2739 -0.8982
vn 0.4170 0.7875 0.4538
vn 0.9987 0.0426 0.0290
vn 0.9996 0.0291 0.0025
vn 0.2832 0.6770 0.6793
vn 0.4100 0.6902 0.5962
vn 1.0000 0.0049 -0.0014
vn 0.4673 -0.8841 0.0004
vn 0.9989 -0.0473 -0.0007
vn 1.0000 0.0023 0.0008
vn 1.0000 0.0024 -0.0016
vn -0.8576 0.2608 0.4433
vn 0.2831 0.2341 -0.9301
vn -0.6479 0.4221 0.6340
vn -0.9906 0.0882 0.1047
vn -1.0000 -0.0001 -0.0000
vn 0.3507 0.2480 0.9030
vn 0.2617 0.2089 0.9423
vn 0.1521 0.2779 0.9485
vn 0.3937 0.3658 0.8433
vn -0.5217 -0.8531 0.0001
vn 0.9830 0.1834 0.0039
vn 0.2745 0.2891 0.9171
vn 0.3120 0.3666 0.8765
vn 0.3346 0.1336 -0.9329
vn 0.5448 0.0978 0.8329
vn 0.3474 0.0426 -0.9368
vn 0.8828 0.0101 0.4697
vn -1.0000 0.0001 0.0001
vn 0.1871 -0.9772 0.1005
vn 0.9999 -0.0140 0.0012
vn 0.9780 0.1822 0.1020
vn 0.9750 0.1813 0.1287
vn 0.9881 0.1495 0.0374
vn 0.2929 0.5061 0.8112
vn 0.3574 0.4592 -0.8133
vn 0.2870 0.3432 0.8943
vn 0.2653 -0.0221 -0.9639
vn 0.8742 0.0458 0.4834
vn 0.9953 0.0033 0.0964
vn 1.0000 0.0011 0.0092
vn 0.4720 -0.8816 -0.0036
vn 0.3465 0.3884 0.8539
vn 0.9956 0.0133 0.0922
vn 0.9998 0.0009 -0.0222
vn 0.0005 -0.8749 -0.4843
vn 1.0000 0.0034 -0.0069
vn 1.0000 0.0001 0.0008
vn 0.4017 0.2634 0.8771
vn 0.2553 0.2405 -0.9365
vn 0.3082 0.3309 -0.8919
vn 0.9915 -0.0189 0.1291
vn 0.2085 -0.9744 -0.0846
vn 0.9767 0.1824 -0.1130
vn 0.9938 0.0438 0.1026
vn 0.3440 0.6363 0.6905
vn 0.9820 -0.0180 -0.1882
vn 0.1775 -0.9841 0.0038
vn 0.7331 0.6797 -0.0246
vn -0.6664 0.2575 -0.6998
vn 0.4789 -0.8779 -0.0001
vn 0.2694 -0.0308 0.9625
vn 0.3565 0.0449 0.9332
vn 0.2807 0.2970 0.9127
vn 0.8981 -0.0000 -0.4397
vn 0.2635 0.3004 -0.9167
vn -0.1725 0.0625 -0.9830
vn 0.3456 0.0506 -0.9370
vn 0.9944 0.0073 -0.1056
vn 0.1504 -0.9886 -0.0065
vn 0.9989 -0.0469 0.0002
vn 0.9779 0.0090 -0.2091
vn 0.8390 0.0572 -0.5411
vn 0.9861 0.0050 -0.1658
vn 0.8973 0.0869 -0.4327
vn 0.4585 -0.8887 0.0081
vn 0.4521 0.1439 -0.8803
vn 0.2748 0.4802 -0.8330
vn 0.9988 -0.0482 0.0001
vn -0.6801 0.7331 -0.0045
vn 0.8426 0.2001 -0.5000
vn 0.2024 0.2717 0.9408
vn 0.2603 0.4972 -0.8276
vn 0.2996 0.2984 0.9062
vn 0.9999 -0.0138 0.0027
vn 0.4327 0.1849 -0.8824
vn 0.9882 0.0704 -0.1362
vn 0.3082 0.5118 -0.8019
vn 0.2301 0.6648 -0.7107
vn 0.3954 0.5672 -0.7225
vn 0.9603 -0.2789 0.0009
vn 0.1943 0.8036 -0.5626
vn -0.8433 0.4702 -0.2603
vn 1.0000 0.0042 -0.0028
vn 0.3354 0.8643 -0.3749
vn 0.7494 0.1380 -0.6476
vn 0.9988 -0.0122 0.0476
vn 0.4632 0.8799 -0.1060
vn 0.4790 0.8640 -0.1553
vn 0.2124 0.9740 0.0791
vn -0.8733 0.4718 0.1214
vn 0.2346 0.9705 0.0551
vn 1.0000 -0.0001 -0.0089
vn 0.2291 0.8569 0.4617
vn 0.4236 0.8392 0.3410
vn 0.4098 0.7030 0.5812
vn 0.3126 0.8285 0.4646
vn 0.9839 -0.0133 -0.1781
vn 0.9531 0.1430 0.2669
vn 0.2713 0.6092 0.7452
vn 0.4173 0.6440 0.6412
vn 0.2531 0.7490 0.6124
vn 0.1656 -0.9862 0.0064
vn 0.9893 0.0283 0.1429
vn 0.3182 0.5215 0.7917
vn 0.2455 0.4639 0.8512
vn 0.8429 0.3995 0.3606
vn 0.4208 0.6925 0.5860
vn 0.9997 0.0213 0.0109
vn 0.8911 -0.4537 -0.0027
vn 0.8915 0.1533 -0.4263
vn 0.3677 0.4732 0.8006
vn 0.9420 0.1786 0.2842
vn 1.0000 0.0029 0.0022
vn 0.7661 0.1589 0.6228
vn 0.3120 0.2228 0.9236
vn 0.2325 0.1950 0.9529
vn 0.2698 0.2346 -0.9339
vn 0.3379 0.4223 0.8411
vn 0.2897 0.5244 0.8007
vn 0.2973 0.3069 0.9041
vn 0.3446 0.4078 0.8456
vn 0.6874 0.7206 -0.0903
vn 0.9942 0.0150 0.1062
vn 0.9737 0.1807 -0.1390
vn 0.7672 -0.6414 -0.0114
vn 0.1626 -0.9815 0.1008
vn 0.3178 -0.0278 -0.9477
vn 0.9764 0.1816 -0.1172
vn 0.3331 0.4939 0.8032
vn 0.6783 0.7249 0.1200
vn 0.9519 0.1768 -0.2501
vn 0.9827 -0.0164 0.1844
vn 0.6475 0.3369 0.6835
vn 0.9963 0.0128 -0.0848
vn 0.3763 0.3347 0.8639
vn 0.2874 0.3057 0.9077
vn 0.3300 0.5431 -0.7721
vn 0.6891 0.7179 0.0987
vn 0.9745 0.1805 0.1334
vn 0.2323 0.0406 0.9718
vn 0.3726 0.0856 0.9240
vn 0.4585 -0.8887 0.0077
vn -1.0000 0.0030 0.0030
vn 0.8368 0.1696 -0.5206
vn 0.9977 -0.0684 0.0042
vn 0.9326 -0.0195 -0.3604
vn 0.9891 -0.0162 0.1467
vn 0.4388 -0.8986 0.0026
vn -0.4426 -0.7983 0.4085
vn -0.0004 -0.8563 0.5166
vn 0.0016 -0.0004 1.0000
vn 0.6910 0.1300 0.7110
vn 0.3204 0.3908 -0.8629
vn -0.7501 -0.0002 0.6614
vn 0.9735 0.1846 0.1351
vn -0.7908 0.0001 0.6121
vn -0.0010 -0.0073 1.0000
vn 0.0088 0.0142 0.9999
vn -0.0120 -0.1459 0.9892
vn 0.0195 0.0459 0.9988
vn -0.8372 -0.4850 0.2527
vn -0.0011 -0.6491 0.7607
vn 0.0067 -0.5684 0.8227
vn 0.6236 -0.0059 0.7818
vn -0.9899 -0.0562 0.1303
vn -0.0044 -0.9349 0.3548
vn -0.0003 -0.9216 0.3882
vn -0.9996 -0.0147 0.0242
vn -0.9759 -0.1920 0.1034
vn 0.7032 -0.6779 0.2145
vn 1.0000 0.0074 -0.0012
vn -0.0007 -0.8914 0.4533
vn -0.0005 -0.8923 0.4515
vn 0.3282 -0.8383 0.4353
vn 0.6491 -0.0346 0.7599
vn 0.0011 -0.0026 1.0000
vn 0.0003 -0.0007 1.0000
vt 0.469657 0.875495
vt 0.459742 0.876506
vt 0.459269 0.870470
vt 0.469291 0.868494
vt 0.570028 0.787835
vt 0.570019 0.777639
vt 0.573890 0.778456
vt 0.573239 0.788346
vt 0.655800 0.783287
vt 0.655521 0.788527
vt 0.645413 0.789148
vt 0.645615 0.783668
vt 0.288758 0.917109
vt 0.278575 0.916879
vt 0.278648 0.911593
vt 0.288701 0.909969
vt 0.199933 0.908124
vt 0.189938 0.907066
vt 0.189665 0.891795
vt 0.189201 0.878278
vt 0.199427 0.877450
vt 0.526376 0.830071
vt 0.539454 0.810481
vt 0.530719 0.825858
vt 0.541844 0.819310
vt 0.395858 0.916330
vt 0.395938 0.906266
vt 0.405861 0.903242
vt 0.405862 0.913144
vt 0.421541 0.847630
vt 0.419755 0.836030
vt 0.417509 0.828901
vt 0.413798 0.825301
vt 0.404322 0.810914
vt 0.406939 0.803965
vt 0.412779 0.797733
vt 0.418574 0.800849
vt 0.422053 0.807697
vt 0.424428 0.815747
vt 0.428711 0.840181
vt 0.431407 0.870632
vt 0.422855 0.869516
vt 0.192992 0.868486
vt 0.189465 0.868226
vt 0.189553 0.858366
vt 0.677435 0.864449
vt 0.667268 0.864504
vt 0.667105 0.856031
vt 0.677198 0.856444
vt 0.666946 0.838222
vt 0.677164 0.835469
vt 0.496534 0.304388
vt 0.496413 0.340633
vt 0.496464 0.291349
vt 0.405862 0.922650
vt 0.406224 0.891579
vt 0.416242 0.891840
vt 0.416049 0.923163
vt 0.512003 0.880961
vt 0.548621 0.881074
vt 0.500391 0.881115
vt 0.110410 0.909715
vt 0.100472 0.907362
vt 0.100113 0.882586
vt 0.110415 0.881899
vt 0.433296 0.608230
vt 0.433365 0.596618
vt 0.436991 0.597039
vt 0.437137 0.608230
vt 0.333636 0.476249
vt 0.323541 0.472773
vt 0.318093 0.468012
vt 0.318546 0.463921
vt 0.322158 0.460906
vt 0.334376 0.456215
vt 0.348327 0.453219
vt 0.354996 0.452154
vt 0.351636 0.461020
vt 0.345096 0.464812
vt 0.348751 0.470504
vt 0.355485 0.472572
vt 0.376105 0.475284
vt 0.399196 0.484235
vt 0.352248 0.479970
vt 0.317211 0.312668
vt 0.000696 0.326019
vt 0.317201 0.222682
vt 0.541823 0.897400
vt 0.531744 0.897342
vt 0.531680 0.888990
vt 0.541708 0.889961
vt 0.666100 0.814538
vt 0.666946 0.861668
vt 0.660153 0.863255
vt 0.656446 0.852352
vt 0.656390 0.842217
vt 0.656025 0.803894
vt 0.665969 0.805902
vt 0.598934 0.801904
vt 0.598816 0.809678
vt 0.588735 0.808808
vt 0.588681 0.798946
vt 0.588771 0.789900
vt 0.599024 0.788103
vt 0.678047 0.870941
vt 0.667931 0.871826
vt 0.558742 0.842488
vt 0.559633 0.786487
vt 0.570019 0.787506
vt 0.568868 0.845601
vt 0.400518 0.388645
vt 0.409347 0.388157
vt 0.425508 0.396528
vt 0.409094 0.400293
vt 0.400508 0.399812
vt 0.317290 0.700476
vt 0.317290 0.710725
vt 0.311581 0.709738
vt 0.401022 0.824743
vt 0.402552 0.817364
vt 0.357527 0.411489
vt 0.347002 0.414732
vt 0.344778 0.418236
vt 0.347972 0.421991
vt 0.341649 0.429919
vt 0.334025 0.428223
vt 0.327627 0.426190
vt 0.321435 0.423157
vt 0.317819 0.418216
vt 0.325314 0.410814
vt 0.333509 0.408236
vt 0.346165 0.405504
vt 0.399471 0.400252
vt 0.399260 0.436049
vt 0.361213 0.433023
vt 0.356163 0.424518
vt 0.366365 0.426101
vt 0.389494 0.427701
vt 0.389378 0.408485
vt 0.040245 0.812547
vt 0.049228 0.825725
vt 0.051049 0.841388
vt 0.053365 0.851069
vt 0.057450 0.856349
vt 0.061294 0.853191
vt 0.063594 0.846625
vt 0.065186 0.837756
vt 0.067187 0.811955
vt 0.048711 0.812001
vt 0.039956 0.800972
vt 0.076198 0.801033
vt 0.071593 0.850896
vt 0.067293 0.870438
vt 0.064981 0.876550
vt 0.061525 0.882160
vt 0.056183 0.883249
vt 0.051475 0.878305
vt 0.048846 0.871630
vt 0.046774 0.864229
vt 0.043598 0.847023
vt 0.400329 0.052900
vt 0.409198 0.052451
vt 0.425516 0.044179
vt 0.409403 0.064185
vt 0.400470 0.063751
vt 0.469963 0.853137
vt 0.473361 0.864896
vt 0.469895 0.864667
vt 0.437072 0.619561
vt 0.433296 0.608230
vt 0.436888 0.608786
vt 0.249646 0.868880
vt 0.245979 0.868698
vt 0.246047 0.858288
vt 0.433296 0.619680
vt 0.317207 0.133560
vt 0.409382 0.242931
vt 0.425641 0.279324
vt 0.409282 0.255118
vt 0.400521 0.254592
vt 0.400287 0.243413
vt 0.399440 0.112078
vt 0.409346 0.112218
vt 0.409553 0.148071
vt 0.398981 0.147944
vt 0.031203 0.855545
vt 0.028899 0.867004
vt 0.017616 0.858194
vt 0.021911 0.854356
vt 0.024132 0.846809
vt 0.025497 0.838483
vt 0.027313 0.813906
vt 0.008819 0.813943
vt 0.010560 0.839192
vt 0.012124 0.848281
vt 0.014230 0.854610
vt 0.004522 0.853812
vt 0.000669 0.818883
vt -0.000000 0.802992
vt 0.036343 0.803002
vt 0.079406 0.799212
vt 0.127092 0.799233
vt 0.115642 0.799426
vt 0.457999 0.848448
vt 0.458257 0.856324
vt 0.458217 0.864244
vt 0.448287 0.864710
vt 0.448146 0.858234
vt 0.448068 0.850588
vt 0.189201 0.921069
vt 0.189832 0.916357
vt 0.199782 0.916678
vt 0.199337 0.920399
vt 0.079406 0.922383
vt 0.079695 0.896882
vt 0.089810 0.896829
vt 0.089603 0.922900
vt 0.189201 0.795109
vt 0.188084 0.798053
vt 0.182508 0.793875
vt 0.183032 0.785249
vt 0.089810 0.922123
vt 0.090107 0.895278
vt 0.100113 0.897595
vt 0.099947 0.922664
vt 0.110645 0.897068
vt 0.110582 0.888253
vt 0.120771 0.889066
vt 0.120742 0.897631
vt 0.760806 0.759594
vt 0.764992 0.758734
vt 0.764682 0.768634
vt 0.278131 0.921102
vt 0.110215 0.921464
vt 0.100113 0.922158
vt 0.100329 0.916164
vt 0.110287 0.915940
vt 0.458608 0.870096
vt 0.448503 0.871256
vt 0.671393 0.787814
vt 0.678047 0.789398
vt 0.667621 0.788413
vt 0.888787 0.896653
vt 0.888590 0.922411
vt 0.878379 0.921801
vt 0.878792 0.898390
vt 0.593462 0.870561
vt 0.593075 0.861868
vt 0.599720 0.859785
vt 0.188841 0.889712
vt 0.189114 0.910252
vt 0.179075 0.909006
vt 0.179103 0.901617
vt 0.178900 0.892246
vt 0.178468 0.878372
vt 0.188766 0.877582
vt 0.521025 0.922846
vt 0.521344 0.914418
vt 0.531345 0.912928
vt 0.531241 0.921506
vt 0.671962 0.779216
vt 0.500620 0.890237
vt 0.510536 0.886838
vt 0.510640 0.897359
vt 0.500658 0.898359
vt 0.343939 0.526258
vt 0.334017 0.523962
vt 0.344839 0.514236
vt 0.348123 0.517940
vt 0.357068 0.520604
vt 0.367952 0.522511
vt 0.380342 0.523151
vt 0.371160 0.529911
vt 0.188472 0.850739
vt 0.188780 0.865404
vt 0.178764 0.867440
vt 0.178510 0.858827
vt 0.178468 0.847159
vt 0.409635 0.290969
vt 0.568913 0.854838
vt 0.568761 0.860521
vt 0.558905 0.861040
vt 0.589030 0.783415
vt 0.599720 0.777329
vt 0.599276 0.781440
vt 0.589588 0.777921
vt 0.316273 0.721400
vt 0.311443 0.721152
vt 0.315876 0.711257
vt 0.311443 0.710725
vt 0.425560 0.341128
vt 0.425548 0.225530
vt 0.459023 0.864094
vt 0.458887 0.844143
vt 0.468960 0.842062
vt 0.469017 0.861965
vt 0.200037 0.867203
vt 0.193787 0.877450
vt 0.120788 0.900627
vt 0.120941 0.882132
vt 0.131198 0.881899
vt 0.131198 0.901143
vt 0.431099 0.260026
vt 0.437155 0.232051
vt 0.437263 0.269297
vt 0.317677 0.903571
vt 0.317741 0.884880
vt 0.327981 0.884636
vt 0.327981 0.903783
vt 0.500248 0.548985
vt 0.496350 0.532190
vt 0.500247 0.532566
vt 0.425498 0.502890
vt 0.431115 0.536030
vt 0.428764 0.541538
vt 0.424959 0.548956
vt 0.271897 0.877634
vt 0.271351 0.868876
vt 0.278131 0.867237
vt 0.267566 0.868270
vt 0.267746 0.858422
vt 0.780277 0.824248
vt 0.770184 0.826490
vt 0.770036 0.808112
vt 0.780089 0.809036
vt 0.780223 0.817266
vt 0.452358 0.926363
vt 0.448321 0.886513
vt 0.456891 0.887550
vt 0.458635 0.912966
vt 0.460496 0.923368
vt 0.453675 0.933736
vt 0.409452 0.531884
vt 0.399036 0.290818
vt 0.399211 0.254891
vt 0.256332 0.898935
vt 0.254820 0.900747
vt 0.255793 0.886751
vt 0.510547 0.923095
vt 0.500391 0.922571
vt 0.430994 0.476242
vt 0.256146 0.909477
vt 0.246081 0.912372
vt 0.246109 0.906012
vt 0.268034 0.791529
vt 0.277633 0.786944
vt 0.278082 0.792476
vt 0.245466 0.921078
vt 0.245920 0.917726
vt 0.256019 0.917995
vt 0.221858 0.834247
vt 0.222324 0.794771
vt 0.232609 0.795402
vt 0.232251 0.807903
vt 0.231742 0.830629
vt 0.586668 0.883230
vt 0.588269 0.889264
vt 0.584231 0.876620
vt 0.050322 0.883651
vt 0.060646 0.883250
vt 0.060646 0.902468
vt 0.050337 0.902191
vt 0.090012 0.887293
vt 0.100099 0.889015
vt 0.319918 0.518214
vt 0.317852 0.513202
vt 0.325176 0.521072
vt 0.268656 0.785168
vt 0.316515 0.731941
vt 0.311443 0.731976
vt 0.311443 0.722429
vt 0.409197 0.496160
vt 0.418266 0.797453
vt 0.414697 0.788317
vt 0.418273 0.787502
vt 0.437865 0.912160
vt 0.437891 0.904363
vt 0.447871 0.901087
vt 0.447833 0.910561
vt 0.346793 0.510707
vt 0.646077 0.779379
vt 0.656025 0.779217
vt 0.316749 0.721400
vt 0.109980 0.855358
vt 0.108348 0.862849
vt 0.097864 0.854357
vt 0.100975 0.851139
vt 0.102866 0.845665
vt 0.104498 0.837450
vt 0.106689 0.810184
vt 0.087999 0.810340
vt 0.079659 0.809229
vt 0.409166 0.448461
vt 0.409273 0.484327
vt 0.399516 0.448407
vt 0.559492 0.869744
vt 0.569277 0.866084
vt 0.570019 0.870721
vt 0.321874 0.508584
vt 0.327106 0.505949
vt 0.332623 0.504326
vt 0.399259 0.195240
vt 0.399551 0.159361
vt 0.409598 0.159553
vt 0.409265 0.195310
vt 0.377846 0.883520
vt 0.388172 0.883199
vt 0.388196 0.902351
vt 0.377811 0.901997
vt 0.199192 0.818747
vt 0.189201 0.827809
vt 0.189274 0.803042
vt 0.199431 0.804310
vt 0.563344 0.786151
vt 0.564033 0.777587
vt 0.660790 0.871910
vt 0.433523 0.585259
vt 0.433296 0.596618
vt 0.433307 0.548956
vt 0.656271 0.862833
vt 0.389170 0.847832
vt 0.386198 0.863632
vt 0.383726 0.872389
vt 0.380656 0.879175
vt 0.376050 0.883199
vt 0.371466 0.881610
vt 0.367822 0.875970
vt 0.365487 0.869483
vt 0.362979 0.859178
vt 0.358120 0.821160
vt 0.366577 0.827430
vt 0.368407 0.841811
vt 0.370602 0.850773
vt 0.374325 0.855637
vt 0.377782 0.854007
vt 0.379798 0.849575
vt 0.381273 0.843892
vt 0.382618 0.835329
vt 0.384399 0.811559
vt 0.392584 0.814093
vt 0.588118 0.784287
vt 0.587993 0.791270
vt 0.577865 0.791872
vt 0.578116 0.783229
vt 0.387014 0.159968
vt 0.389440 0.167638
vt 0.364302 0.169573
vt 0.357076 0.163222
vt 0.364347 0.161956
vt 0.346452 0.031479
vt 0.342947 0.046457
vt 0.332999 0.044208
vt 0.321804 0.039642
vt 0.318458 0.036546
vt 0.323937 0.027852
vt 0.329867 0.025596
vt 0.344166 0.022023
vt 0.381771 0.017473
vt 0.399570 0.016662
vt 0.399298 0.052291
vt 0.371541 0.050218
vt 0.354648 0.040392
vt 0.361095 0.041653
vt 0.389478 0.044048
vt 0.389432 0.024810
vt 0.363311 0.026832
vt 0.352493 0.028932
vt 0.343712 0.478605
vt 0.677374 0.806949
vt 0.448466 0.794411
vt 0.458887 0.795166
vt 0.425673 0.440691
vt 0.409148 0.304770
vt 0.400482 0.304187
vt 0.400835 0.291370
vt 0.666480 0.785179
vt 0.656755 0.780625
vt 0.666946 0.779216
vt 0.656373 0.786652
vt 0.433296 0.652798
vt 0.436734 0.653555
vt 0.435897 0.663142
vt 0.433296 0.663162
vt 0.433523 0.594045
vt 0.433523 0.587279
vt 0.434890 0.589464
vt 0.813583 0.740762
vt 0.811301 0.730818
vt 0.815874 0.730518
vt 0.817676 0.740788
vt 0.878379 0.880356
vt 0.888252 0.879237
vt 0.888726 0.885326
vt 0.326877 0.458517
vt 0.820489 0.730518
vt 0.277862 0.801593
vt 0.267829 0.798370
vt 0.244866 0.825066
vt 0.244763 0.845393
vt 0.245466 0.867407
vt 0.235054 0.868361
vt 0.234951 0.852979
vt 0.234769 0.808486
vt 0.244699 0.809254
vt 0.244758 0.816947
vt 0.878582 0.884540
vt 0.477465 0.938282
vt 0.475300 0.946330
vt 0.472481 0.953598
vt 0.468473 0.958368
vt 0.463045 0.958300
vt 0.457751 0.949496
vt 0.464167 0.931085
vt 0.468061 0.930657
vt 0.470569 0.926137
vt 0.472401 0.919059
vt 0.475359 0.887455
vt 0.448068 0.876507
vt 0.484320 0.876566
vt 0.479393 0.928533
vt 0.256523 0.867581
vt 0.245498 0.820953
vt 0.255616 0.815571
vt 0.200542 0.873828
vt 0.210685 0.873418
vt 0.211070 0.877417
vt 0.089766 0.890155
vt 0.079586 0.888419
vt 0.079406 0.882516
vt 0.089502 0.881899
vt 0.341296 0.454520
vt 0.407979 0.834963
vt 0.406389 0.843655
vt 0.404376 0.869549
vt 0.431698 0.880525
vt 0.395393 0.880530
vt 0.410024 0.828797
vt 0.400382 0.351841
vt 0.400236 0.341076
vt 0.409403 0.340654
vt 0.409285 0.352377
vt 0.211070 0.795043
vt 0.204380 0.793761
vt 0.204982 0.785249
vt 0.200667 0.794170
vt 0.441777 0.877292
vt 0.441355 0.868616
vt 0.448068 0.867092
vt 0.437413 0.868130
vt 0.437614 0.858162
vt 0.355992 0.266558
vt 0.348526 0.268868
vt 0.344740 0.272911
vt 0.341493 0.284643
vt 0.328008 0.281149
vt 0.321651 0.278166
vt 0.317961 0.274324
vt 0.319004 0.269863
vt 0.324989 0.265867
vt 0.332691 0.263184
vt 0.353284 0.259053
vt 0.381630 0.255936
vt 0.376674 0.263889
vt 0.364764 0.265173
vt 0.656166 0.793366
vt 0.666194 0.795614
vt 0.278557 0.789611
vt 0.288784 0.789059
vt 0.288289 0.793521
vt 0.278408 0.794617
vt 0.348960 0.431281
vt 0.367418 0.901951
vt 0.367514 0.883470
vt 0.377811 0.883199
vt 0.377811 0.902373
vt 0.318959 0.221776
vt 0.326031 0.217406
vt 0.336321 0.214241
vt 0.345672 0.212276
vt 0.344873 0.224416
vt 0.346217 0.227573
vt 0.355615 0.231236
vt 0.359072 0.239495
vt 0.336827 0.235586
vt 0.324883 0.231876
vt 0.318551 0.227769
vt 0.437581 0.794510
vt 0.448068 0.788280
vt 0.447621 0.794787
vt 0.405743 0.920930
vt 0.395393 0.923501
vt 0.455220 0.941077
vt 0.438178 0.785152
vt 0.431030 0.392401
vt 0.496445 0.148244
vt 0.496395 0.195490
vt 0.500172 0.195876
vt 0.500139 0.206684
vt 0.496473 0.206809
vt 0.496381 0.243117
vt 0.496289 0.388323
vt 0.496519 0.400060
vt 0.496275 0.436316
vt 0.496453 0.448233
vt 0.496472 0.495916
vt 0.437407 0.549135
vt 0.438350 0.438637
vt 0.438374 0.112243
vt 0.437423 0.000000
vt 0.500003 0.000023
vt 0.496494 0.016244
vt 0.496399 0.052590
vt 0.496466 0.063931
vt 0.496527 0.100324
vt 0.496498 0.111847
vt 0.570019 0.799796
vt 0.573563 0.798646
vt 0.573081 0.808919
vt 0.267159 0.910865
vt 0.267044 0.917269
vt 0.257029 0.916646
vt 0.257127 0.908054
vt 0.110800 0.787775
vt 0.113687 0.798135
vt 0.108753 0.798135
vt 0.409312 0.436156
vt 0.576963 0.808496
vt 0.577158 0.798646
vt 0.060668 0.883578
vt 0.070998 0.883250
vt 0.071001 0.902452
vt 0.060646 0.902056
vt 0.319926 0.414113
vt 0.116229 0.787834
vt 0.117798 0.797965
vt 0.500336 0.436723
vt 0.500243 0.448122
vt 0.436915 0.880530
vt 0.437071 0.904702
vt 0.426996 0.902739
vt 0.426641 0.881238
vt 0.405862 0.880530
vt 0.416133 0.881735
vt 0.406129 0.884748
vt 0.212140 0.877405
vt 0.211548 0.872122
vt 0.221840 0.875712
vt 0.221448 0.869916
vt 0.189025 0.916790
vt 0.178946 0.916666
vt 0.399446 0.304552
vt 0.399198 0.340300
vt 0.348740 0.335629
vt 0.338017 0.333470
vt 0.344997 0.323482
vt 0.349191 0.326863
vt 0.358143 0.329328
vt 0.389463 0.332062
vt 0.389450 0.312864
vt 0.363050 0.314966
vt 0.353915 0.316632
vt 0.346373 0.319705
vt 0.352473 0.308736
vt 0.500304 0.100622
vt 0.500274 0.111788
vt 0.220922 0.854668
vt 0.221217 0.848524
vt 0.221249 0.861440
vt 0.211238 0.864532
vt 0.416451 0.887958
vt 0.426568 0.887691
vt 0.426641 0.896587
vt 0.416566 0.896598
vt 0.500232 0.388735
vt 0.500366 0.399907
vt 0.234984 0.795499
vt 0.245002 0.795398
vt 0.244941 0.802947
vt 0.215223 0.793680
vt 0.215800 0.785249
vt 0.221840 0.794985
vt 0.211464 0.794190
vt 0.235115 0.899712
vt 0.234769 0.878619
vt 0.244909 0.877779
vt 0.245120 0.902128
vt 0.581855 0.861927
vt 0.588681 0.860268
vt 0.582465 0.870632
vt 0.578028 0.861474
vt 0.578176 0.851495
vt 0.389452 0.475899
vt 0.389429 0.456710
vt 0.363287 0.458723
vt 0.211083 0.856261
vt 0.245084 0.909827
vt 0.235046 0.911889
vt 0.199716 0.792012
vt 0.189444 0.794771
vt 0.399431 0.496020
vt 0.399167 0.531881
vt 0.399368 0.352239
vt 0.399152 0.388031
vt 0.348526 0.383258
vt 0.349257 0.374524
vt 0.356729 0.376617
vt 0.364670 0.377921
vt 0.389474 0.379685
vt 0.389433 0.360541
vt 0.363990 0.362501
vt 0.355191 0.363999
vt 0.347763 0.366439
vt 0.346298 0.357381
vt 0.493623 0.816323
vt 0.494863 0.806085
vt 0.499020 0.806296
vt 0.499309 0.816323
vt 0.459359 0.794125
vt 0.469657 0.794946
vt 0.188488 0.920735
vt 0.178468 0.921121
vt 0.470147 0.786521
vt 0.480472 0.785152
vt 0.479770 0.792515
vt 0.469881 0.793455
vt 0.436981 0.913673
vt 0.426902 0.913998
vt 0.588681 0.778595
vt 0.497066 0.795225
vt 0.493623 0.795796
vt 0.495642 0.785152
vt 0.234769 0.919411
vt 0.244842 0.916960
vt 0.244395 0.920971
vt 0.094336 0.852362
vt 0.578835 0.777329
vt 0.573367 0.798576
vt 0.570019 0.798646
vt 0.571937 0.788346
vt 0.500303 0.795796
vt 0.499878 0.785703
vt 0.836070 0.820797
vt 0.836302 0.831433
vt 0.826358 0.833786
vt 0.826010 0.826539
vt 0.825992 0.819906
vt 0.576174 0.788507
vt 0.576951 0.798646
vt 0.222059 0.869074
vt 0.221840 0.861111
vt 0.231956 0.861171
vt 0.232162 0.869406
vt 0.325257 0.363112
vt 0.330846 0.360882
vt 0.338581 0.359001
vt 0.458887 0.875335
vt 0.449035 0.876507
vt 0.430985 0.324437
vt 0.400353 0.548867
vt 0.400564 0.532451
vt 0.574354 0.899367
vt 0.571533 0.906455
vt 0.569723 0.916670
vt 0.567753 0.941643
vt 0.586228 0.941674
vt 0.558742 0.952631
vt 0.564490 0.896875
vt 0.569280 0.878825
vt 0.574388 0.870772
vt 0.579793 0.870721
vt 0.452154 0.793889
vt 0.452759 0.785152
vt 0.289151 0.785375
vt 0.279043 0.785168
vt 0.245466 0.805209
vt 0.245740 0.793251
vt 0.255825 0.793932
vt 0.255706 0.799949
vt 0.255358 0.806993
vt 0.780463 0.830514
vt 0.770598 0.834973
vt 0.474102 0.873941
vt 0.480472 0.863563
vt 0.479730 0.812898
vt 0.469657 0.818505
vt 0.278652 0.904321
vt 0.278131 0.878552
vt 0.288177 0.877597
vt 0.288707 0.901833
vt 0.405642 0.880530
vt 0.395393 0.881330
vt 0.426473 0.922592
vt 0.416242 0.922007
vt 0.256949 0.894051
vt 0.256523 0.878406
vt 0.266718 0.877643
vt 0.266953 0.890788
vt 0.152497 0.796226
vt 0.155385 0.790702
vt 0.160160 0.787221
vt 0.165686 0.790729
vt 0.167970 0.795258
vt 0.171611 0.806870
vt 0.164632 0.819343
vt 0.161112 0.814641
vt 0.156350 0.819124
vt 0.154445 0.825775
vt 0.152994 0.834342
vt 0.151180 0.859002
vt 0.169719 0.858913
vt 0.178158 0.859547
vt 0.178468 0.869992
vt 0.142129 0.869802
vt 0.145322 0.830384
vt 0.150060 0.803924
vt 0.577700 0.802190
vt 0.587770 0.809427
vt 0.328743 0.331132
vt 0.321739 0.327729
vt 0.347940 0.085917
vt 0.356948 0.088579
vt 0.366587 0.090075
vt 0.377079 0.091068
vt 0.377238 0.098622
vt 0.357052 0.096344
vt 0.349010 0.095202
vt 0.315934 0.686750
vt 0.315934 0.699159
vt 0.311442 0.695997
vt 0.494274 0.699287
vt 0.494274 0.687593
vt 0.498507 0.689854
vt 0.437189 0.652798
vt 0.433394 0.652303
vt 0.437189 0.642857
vt 0.316015 0.732246
vt 0.316776 0.742495
vt 0.311443 0.742145
vt 0.433296 0.641953
vt 0.311443 0.731976
vt 0.399289 0.242829
vt 0.399323 0.206997
vt 0.409421 0.207164
vt 0.344637 0.034835
vt 0.348831 0.038567
vt 0.231872 0.844118
vt 0.433296 0.619680
vt 0.437275 0.620109
vt 0.437097 0.630960
vt 0.433296 0.631049
vt 0.836058 0.811261
vt 0.825876 0.812384
vt 0.826469 0.756358
vt 0.830056 0.756035
vt 0.836893 0.757381
vt 0.437290 0.878120
vt 0.447454 0.877292
vt 0.462966 0.793642
vt 0.463706 0.785152
vt 0.516654 0.831314
vt 0.520252 0.813837
vt 0.523062 0.805678
vt 0.528070 0.798991
vt 0.532907 0.799190
vt 0.536980 0.804243
vt 0.524484 0.836422
vt 0.522916 0.845467
vt 0.521096 0.870128
vt 0.539764 0.870000
vt 0.537645 0.843705
vt 0.536246 0.836182
vt 0.534628 0.830633
vt 0.543722 0.829019
vt 0.267566 0.814301
vt 0.277556 0.811721
vt 0.277587 0.839188
vt 0.200065 0.841600
vt 0.210010 0.839657
vt 0.210171 0.846419
vt 0.210054 0.853561
vt 0.200037 0.857662
vt 0.364863 0.232717
vt 0.389487 0.234474
vt 0.389387 0.215304
vt 0.362918 0.217420
vt 0.356079 0.218537
vt 0.347471 0.221279
vt 0.769148 0.759505
vt 0.769148 0.769674
vt 0.531447 0.882587
vt 0.541452 0.881115
vt 0.351018 0.238459
vt 0.770351 0.756710
vt 0.780721 0.757491
vt 0.400523 0.016109
vt 0.400440 0.000000
vt 0.425309 0.001468
vt 0.409307 0.016609
vt 0.590212 0.898861
vt 0.594760 0.942748
vt 0.595013 0.952631
vt 0.584177 0.913634
vt 0.582916 0.907043
vt 0.581147 0.901400
vt 0.577896 0.897581
vt 0.189801 0.787565
vt 0.200037 0.785249
vt 0.436559 0.922509
vt 0.426641 0.920768
vt 0.577498 0.777587
vt 0.576357 0.788122
vt 0.200550 0.807716
vt 0.266517 0.846615
vt 0.256523 0.848903
vt 0.257148 0.794418
vt 0.267566 0.795202
vt 0.311442 0.699159
vt 0.256551 0.860533
vt 0.266718 0.862563
vt 0.827094 0.840774
vt 0.836893 0.839051
vt 0.500190 0.052935
vt 0.500296 0.063790
vt 0.210651 0.883815
vt 0.210403 0.892312
vt 0.200633 0.890744
vt 0.200464 0.882067
vt 0.878742 0.890028
vt 0.431276 0.215926
vt 0.425610 0.176861
vt 0.830782 0.747169
vt 0.235273 0.789871
vt 0.245466 0.788509
vt 0.431066 0.169345
vt 0.250313 0.877761
vt 0.645155 0.801682
vt 0.655162 0.804791
vt 0.437290 0.920847
vt 0.437707 0.916647
vt 0.447806 0.917035
vt 0.768464 0.758047
vt 0.764880 0.758734
vt 0.765633 0.748819
vt 0.256523 0.785168
vt 0.256077 0.789098
vt 0.246019 0.788487
vt 0.801016 0.735296
vt 0.811301 0.737464
vt 0.801163 0.740819
vt 0.760806 0.757880
vt 0.344757 0.130669
vt 0.349223 0.134410
vt 0.356078 0.136377
vt 0.377159 0.139029
vt 0.374353 0.146232
vt 0.342690 0.142120
vt 0.326833 0.137776
vt 0.321848 0.135315
vt 0.318425 0.127775
vt 0.324307 0.123242
vt 0.332601 0.120360
vt 0.348215 0.116947
vt 0.383898 0.147095
vt 0.389485 0.139685
vt 0.389416 0.120410
vt 0.367367 0.121947
vt 0.351372 0.124836
vt 0.346397 0.127322
vt 0.811301 0.732528
vt 0.760806 0.747496
vt 0.267625 0.804546
vt 0.801230 0.730518
vt 0.350988 0.163723
vt 0.356678 0.170836
vt 0.347462 0.173697
vt 0.344676 0.177729
vt 0.348619 0.181388
vt 0.355439 0.183549
vt 0.365204 0.185121
vt 0.389449 0.186854
vt 0.347487 0.190231
vt 0.332166 0.186778
vt 0.326329 0.184913
vt 0.321744 0.182520
vt 0.318200 0.179011
vt 0.318853 0.174079
vt 0.326310 0.169747
vt 0.334255 0.167136
vt 0.521025 0.895458
vt 0.520865 0.923063
vt 0.510640 0.922426
vt 0.511003 0.897824
vt 0.210209 0.860657
vt 0.210339 0.868406
vt 0.200202 0.866678
vt 0.326651 0.314842
vt 0.332929 0.312641
vt 0.317695 0.322930
vt 0.320076 0.318355
vt 0.400383 0.206625
vt 0.400254 0.195817
vt 0.330732 0.379166
vt 0.323983 0.376755
vt 0.318732 0.372688
vt 0.317941 0.369339
vt 0.320339 0.365760
vt 0.344686 0.370549
vt 0.110415 0.882149
vt 0.120570 0.881899
vt 0.425636 0.137600
vt 0.226036 0.794140
vt 0.226592 0.785249
vt 0.437089 0.641843
vt 0.433296 0.641953
vt 0.433296 0.631049
vt 0.437148 0.631365
vt 0.131225 0.869997
vt 0.400474 0.111742
vt 0.400543 0.100577
vt 0.409485 0.099982
vt 0.425559 0.097544
vt 0.656025 0.861383
vt 0.649845 0.872120
vt 0.649344 0.863066
vt 0.645586 0.862768
vt 0.645536 0.847180
vt 0.245466 0.878535
vt 0.255718 0.877761
vt 0.469727 0.801046
vt 0.479972 0.801989
vt 0.140739 0.895072
vt 0.141782 0.904665
vt 0.142989 0.912268
vt 0.145073 0.920258
vt 0.135972 0.920694
vt 0.131971 0.885609
vt 0.137885 0.930724
vt 0.149533 0.925321
vt 0.153828 0.920145
vt 0.156108 0.911150
vt 0.158628 0.880872
vt 0.140164 0.880992
vt 0.131225 0.869997
vt 0.167620 0.869997
vt 0.162427 0.924278
vt 0.160056 0.935693
vt 0.157405 0.944012
vt 0.153066 0.951395
vt 0.147383 0.952033
vt 0.143867 0.948142
vt 0.141365 0.942927
vt 0.500391 0.291447
vt 0.500221 0.304264
vt 0.188715 0.812851
vt 0.178796 0.794411
vt 0.437465 0.803166
vt 0.447452 0.801379
vt 0.174461 0.822388
vt 0.167658 0.832136
vt 0.166127 0.824065
vt 0.431170 0.095752
vt 0.122468 0.797112
vt 0.122795 0.787243
vt 0.126105 0.786460
vt 0.126105 0.796358
vt 0.267566 0.920481
vt 0.267994 0.890545
vt 0.277972 0.895263
vt 0.277820 0.921104
vt 0.099927 0.881899
vt 0.089810 0.882060
vt 0.520973 0.888180
vt 0.510943 0.887862
vt 0.510640 0.881115
vt 0.520812 0.881320
vt 0.199361 0.826865
vt 0.436674 0.672969
vt 0.433296 0.663709
vt 0.436674 0.663162
vt 0.318139 0.131936
vt 0.210302 0.879137
vt 0.200037 0.877417
vt 0.266890 0.871180
vt 0.267566 0.877643
vt 0.257280 0.877038
vt 0.021378 0.884502
vt 0.015843 0.885055
vt 0.012191 0.881011
vt 0.008108 0.870741
vt 0.006056 0.862235
vt 0.026447 0.875356
vt 0.256799 0.869135
vt 0.426251 0.880530
vt 0.416242 0.881686
vt 0.541684 0.922169
vt 0.531447 0.921638
vt 0.499262 0.549135
vt 0.499513 0.556441
vt 0.499262 0.565401
vt 0.278271 0.800286
vt 0.288284 0.800717
vt 0.288277 0.810859
vt 0.278170 0.808974
vt 0.232609 0.877395
vt 0.222360 0.874949
vt 0.260858 0.793882
vt 0.261434 0.785168
vt 0.326702 0.815438
vt 0.334490 0.829970
vt 0.331604 0.835052
vt 0.329455 0.843245
vt 0.326667 0.873674
vt 0.345121 0.873696
vt 0.353373 0.869233
vt 0.354069 0.884635
vt 0.317677 0.884635
vt 0.322619 0.833417
vt 0.238735 0.868969
vt 0.239221 0.877779
vt 0.393407 0.800528
vt 0.365934 0.811545
vt 0.357399 0.811041
vt 0.357094 0.800524
vt 0.341635 0.502111
vt 0.389456 0.523482
vt 0.389499 0.504333
vt 0.361460 0.506694
vt 0.353982 0.508107
vt 0.645149 0.811870
vt 0.655474 0.836722
vt 0.655455 0.846309
vt 0.348159 0.068973
vt 0.399510 0.064123
vt 0.399251 0.099949
vt 0.389459 0.091680
vt 0.389445 0.072377
vt 0.363213 0.074464
vt 0.354603 0.076105
vt 0.349210 0.077702
vt 0.344701 0.081538
vt 0.335255 0.092346
vt 0.321344 0.087035
vt 0.317677 0.082377
vt 0.321257 0.076968
vt 0.327196 0.074065
vt 0.340076 0.070550
vt 0.521387 0.905143
vt 0.531447 0.903569
vt 0.344631 0.812377
vt 0.348014 0.825063
vt 0.343710 0.849964
vt 0.342173 0.840392
vt 0.339239 0.831489
vt 0.329847 0.807319
vt 0.334269 0.802542
vt 0.338614 0.802665
vt 0.342252 0.806984
vt 0.341419 0.093877
vt 0.327900 0.090240
vt 0.211070 0.846338
vt 0.210505 0.899392
vt 0.210191 0.921133
vt 0.200037 0.920510
vt 0.235680 0.785168
vt 0.108753 0.787775
vt 0.106092 0.798092
vt 0.104101 0.787775
vt 0.426785 0.797509
vt 0.431519 0.787545
vt 0.431112 0.797371
vt 0.426785 0.787502
vt 0.521025 0.881835
vt 0.531212 0.881115
vt 0.531356 0.893303
vt 0.277275 0.877634
vt 0.277856 0.881702
vt 0.267566 0.877888
vt 0.101746 0.798020
vt 0.098682 0.787845
vt 0.589211 0.861078
vt 0.267870 0.882632
vt 0.333256 0.072185
vt 0.780721 0.836798
vt 0.771276 0.840330
vt 0.437344 0.818113
vt 0.447303 0.816573
vt 0.447332 0.828949
vt 0.447519 0.809146
vt 0.437290 0.810636
vt 0.774095 0.756280
vt 0.774591 0.747496
vt 0.283002 0.877597
vt 0.282305 0.868851
vt 0.289151 0.867514
vt 0.278617 0.868518
vt 0.278583 0.852657
vt 0.087816 0.868305
vt 0.085316 0.858209
vt 0.089471 0.831835
vt 0.091457 0.844388
vt 0.106605 0.869144
vt 0.104271 0.875425
vt 0.100992 0.880267
vt 0.096760 0.881899
vt 0.090988 0.876635
vt 0.256523 0.920985
vt 0.266273 0.920484
vt 0.287835 0.829729
vt 0.288117 0.819172
vt 0.288586 0.839701
vt 0.338223 0.903694
vt 0.327999 0.903508
vt 0.327981 0.884839
vt 0.338223 0.884635
vt 0.351137 0.047919
vt 0.400495 0.484789
vt 0.400464 0.495638
vt 0.050322 0.902470
vt 0.039956 0.902004
vt 0.040038 0.883535
vt 0.050322 0.883249
vt 0.278131 0.817519
vt 0.009898 0.876240
vt 0.326023 0.041883
vt 0.421867 0.787677
vt 0.421867 0.797712
vt 0.400532 0.158962
vt 0.400385 0.148485
vt 0.499262 0.565401
vt 0.500260 0.569077
vt 0.499262 0.580784
vt 0.494295 0.796193
vt 0.499150 0.795796
vt 0.499158 0.806034
vt 0.118423 0.786219
vt 0.119071 0.796778
vt 0.120788 0.909327
vt 0.120544 0.921954
vt 0.110415 0.921369
vt 0.318421 0.031699
vt 0.493622 0.806085
vt 0.357094 0.901965
vt 0.357103 0.883498
vt 0.367418 0.883199
vt 0.367408 0.902391
vt 0.500391 0.882981
vt 0.510391 0.881115
vt 0.430859 0.013939
vt 0.878175 0.472846
vt 0.888527 0.472501
vt 0.888529 0.491807
vt 0.878241 0.491300
vt 0.188930 0.871589
vt 0.179351 0.877203
vt 0.189201 0.877582
vt 0.888529 0.491214
vt 0.888671 0.472749
vt 0.898930 0.472501
vt 0.898930 0.491781
vt 0.277893 0.886886
vt 0.349142 0.286117
vt 0.348887 0.277222
vt 0.356369 0.279304
vt 0.364757 0.280674
vt 0.389454 0.282442
vt 0.389437 0.263388
vt 0.500285 0.016139
vt 0.892085 0.787838
vt 0.884381 0.788330
vt 0.890932 0.786296
vt 0.485666 0.846754
vt 0.480472 0.846360
vt 0.481617 0.813856
vt 0.480472 0.785152
vt 0.291829 0.912395
vt 0.316368 0.849873
vt 0.316368 0.911865
vt 0.291908 0.850350
vt 0.488022 0.787040
vt 0.290061 0.543850
vt 0.317677 0.549108
vt 0.292957 0.548957
vt 0.493623 0.847771
vt 0.493612 0.788265
vt 0.286783 0.535984
vt 0.493592 0.892198
vt 0.485391 0.892196
vt 0.485261 0.847771
vt 0.493623 0.847771
vt 0.860564 0.492354
vt 0.848207 0.492365
vt 0.852846 0.491906
vt 0.842454 0.492342
vt 0.865951 0.746826
vt 0.871212 0.746067
vt 0.870092 0.758108
vt 0.869385 0.776565
vt 0.864594 0.867776
vt 0.870652 0.922090
vt 0.866666 0.923555
vt 0.859365 0.866875
vt 0.793815 0.492659
vt 0.781687 0.492576
vt 0.787240 0.492449
vt 0.734173 0.653052
vt 0.735391 0.658557
vt 0.737133 0.669704
vt 0.949513 0.176139
vt 0.949905 0.117032
vt 0.954448 0.120631
vt 0.954261 0.187628
vt 0.057033 0.789128
vt 0.052807 0.789147
vt 0.051559 0.781649
vt 0.054971 0.778287
vt 0.732540 0.504290
vt 0.681285 0.693401
vt 0.681119 0.596710
vt 0.680695 0.502061
vt 0.680379 0.492835
vt 0.740641 0.494048
vt 0.740612 0.500124
vt 0.590542 0.520339
vt 0.591480 0.521002
vt 0.590402 0.522226
vt 0.599715 0.522420
vt 0.600946 0.522099
vt 0.600946 0.703584
vt 0.681201 0.776721
vt 0.736636 0.665054
vt 0.680379 0.776868
vt 0.600519 0.477287
vt 0.600712 0.522017
vt 0.591756 0.522099
vt 0.498361 0.590297
vt 0.498413 0.597060
vt 0.494342 0.597330
vt 0.494591 0.592907
vt 0.499167 0.624688
vt 0.494274 0.625422
vt 0.494499 0.618773
vt 0.498967 0.619884
vt 0.768109 0.492547
vt 0.763454 0.492317
vt 0.756886 0.492528
vt 0.751330 0.492621
vt 0.742972 0.492835
vt 0.741748 0.483176
vt 0.859876 0.482833
vt 0.277432 0.535343
vt 0.000714 0.534273
vt 0.317208 0.499701
vt 0.950038 0.718174
vt 0.943533 0.709616
vt 0.948671 0.710337
vt 0.956147 0.718713
vt 0.670527 0.482530
vt 0.667720 0.483790
vt 0.506392 0.505724
vt 0.511721 0.511734
vt 0.507997 0.510285
vt 0.014412 0.776678
vt 0.009951 0.773341
vt 0.008521 0.764944
vt 0.011767 0.757794
vt 0.801016 0.502936
vt 0.796102 0.502966
vt 0.794890 0.492835
vt 0.799811 0.492922
vt 0.771061 0.842017
vt 0.780721 0.840913
vt 0.779686 0.885042
vt 0.769987 0.885136
vt 0.851974 0.728287
vt 0.858317 0.728898
vt 0.859365 0.737961
vt 0.853505 0.738435
vt 0.566716 0.569643
vt 0.569405 0.572047
vt 0.558742 0.640050
vt 0.658614 0.480455
vt 0.952606 0.196964
vt 0.947778 0.188233
vt 0.570400 0.542470
vt 0.569746 0.548033
vt 0.566270 0.566934
vt 0.601616 0.492806
vt 0.643697 0.475858
vt 0.591491 0.475007
vt 0.437290 0.535472
vt 0.437290 0.499726
vt 0.030932 0.575417
vt 0.034458 0.577252
vt 0.033017 0.587380
vt 0.029325 0.584297
vt 0.033452 0.559747
vt 0.037543 0.560027
vt 0.036611 0.564848
vt 0.032037 0.567017
vt 0.945542 0.898282
vt 0.945992 0.914274
vt 0.942001 0.925582
vt 0.936362 0.827190
vt 0.943598 0.768863
vt 0.948696 0.765972
vt 0.941474 0.823573
vt 0.942448 0.840754
vt 0.941840 0.849137
vt 0.943465 0.859994
vt 0.649127 0.477697
vt 0.637552 0.472894
vt 0.437166 0.488361
vt 0.500391 0.504353
vt 0.502208 0.503815
vt 0.948239 0.945467
vt 0.955245 0.953278
vt 0.943043 0.944654
vt 0.949740 0.953104
vt 0.946972 0.921579
vt 0.414697 0.558931
vt 0.410107 0.559377
vt 0.408797 0.548956
vt 0.413535 0.549111
vt 0.315518 0.549108
vt 0.316113 0.556355
vt 0.315531 0.563646
vt 0.315898 0.572255
vt 0.111271 0.566953
vt 0.103926 0.687671
vt 0.110228 0.744294
vt 0.104745 0.737127
vt 0.098682 0.686063
vt 0.105794 0.567713
vt 0.896393 0.230592
vt 0.892322 0.233067
vt 0.890499 0.225758
vt 0.895259 0.225991
vt 0.311443 0.742495
vt 0.316367 0.742887
vt 0.316367 0.752981
vt 0.311854 0.752746
vt 0.517891 0.756742
vt 0.523738 0.768997
vt 0.558742 0.798612
vt 0.500517 0.797868
vt 0.500584 0.657742
vt 0.510488 0.658297
vt 0.510431 0.704841
vt 0.511645 0.734175
vt 0.513634 0.743837
vt 0.178468 0.777274
vt 0.177468 0.786838
vt 0.171321 0.787221
vt 0.172910 0.777572
vt 0.346360 0.585834
vt 0.347956 0.575185
vt 0.351757 0.577414
vt 0.349404 0.594162
vt 0.926150 0.518709
vt 0.931527 0.517601
vt 0.929264 0.526104
vt 0.924771 0.528235
vt 0.814125 0.500590
vt 0.818462 0.502378
vt 0.817421 0.507910
vt 0.812427 0.509424
vt 0.304160 0.769134
vt 0.311443 0.777120
vt 0.305577 0.777031
vt 0.298935 0.768396
vt 0.624564 0.461698
vt 0.316113 0.572114
vt 0.316113 0.549108
vt 0.316339 0.563553
vt 0.948284 0.739429
vt 0.951702 0.744086
vt 0.946905 0.746976
vt 0.027427 0.597884
vt 0.031292 0.601117
vt 0.024452 0.665517
vt 0.033434 0.783977
vt 0.029274 0.783201
vt 0.020273 0.664924
vt 0.366970 0.577697
vt 0.371204 0.577679
vt 0.368149 0.599889
vt 0.364450 0.595933
vt 0.993763 0.201050
vt 0.990137 0.208219
vt 0.995246 0.194938
vt 0.393838 0.790595
vt 0.395393 0.797698
vt 0.391828 0.800231
vt 0.390110 0.792888
vt 0.498500 0.549135
vt 0.499262 0.559855
vt 0.498500 0.566282
vt 0.577700 0.527498
vt 0.576725 0.531760
vt 0.573061 0.530515
vt 0.129509 0.552828
vt 0.142163 0.549512
vt 0.146846 0.551188
vt 0.151262 0.554001
vt 0.155225 0.557565
vt 0.159552 0.562762
vt 0.133904 0.568067
vt 0.128615 0.576491
vt 0.126082 0.585713
vt 0.124576 0.601754
vt 0.125284 0.613621
vt 0.118423 0.603001
vt 0.118787 0.577812
vt 0.121338 0.567001
vt 0.123636 0.560881
vt 0.999155 0.121014
vt 0.954851 0.120665
vt 0.954647 0.090837
vt 0.954622 0.059577
vt 0.954448 0.000000
vt 0.998868 0.000015
vt 0.998686 0.023707
vt 0.999066 0.046854
vt 0.999035 0.084854
vt 0.998927 0.103941
vt 0.998609 0.179366
vt 0.996819 0.188805
vt 0.955245 0.730927
vt 0.949616 0.733065
vt 0.951465 0.728216
vt 0.953668 0.736741
vt 0.574826 0.522226
vt 0.601524 0.448059
vt 0.169820 0.572892
vt 0.171291 0.564677
vt 0.175790 0.565746
vt 0.174650 0.571751
vt 0.985839 0.213737
vt 0.315551 0.574973
vt 0.316209 0.581765
vt 0.315551 0.588038
vt 0.498335 0.613434
vt 0.498362 0.618773
vt 0.494274 0.615666
vt 0.045736 0.613647
vt 0.046483 0.603611
vt 0.049114 0.567742
vt 0.053329 0.567458
vt 0.044354 0.685610
vt 0.050868 0.748523
vt 0.047160 0.752790
vt 0.039956 0.686659
vt 0.041195 0.674720
vt 0.044081 0.634188
vt 0.044838 0.626155
vt 0.311443 0.666958
vt 0.316042 0.668285
vt 0.312164 0.672512
vt 0.316410 0.672790
vt 0.494478 0.606398
vt 0.622084 0.452422
vt 0.500785 0.460142
vt 0.586894 0.758887
vt 0.590939 0.759136
vt 0.597717 0.767234
vt 0.593037 0.766984
vt 0.793733 0.710676
vt 0.795976 0.724872
vt 0.791821 0.724856
vt 0.788950 0.706249
vt 0.315818 0.660282
vt 0.981330 0.217502
vt 0.973330 0.217984
vt 0.969513 0.215181
vt 0.311466 0.657887
vt 0.498387 0.600133
vt 0.625721 0.443366
vt 0.966316 0.212134
vt 0.963263 0.207302
vt 0.316410 0.656466
vt 0.494320 0.597330
vt 0.234769 0.549108
vt 0.239165 0.549228
vt 0.239377 0.666319
vt 0.234843 0.666725
vt 0.020273 0.802983
vt 0.015733 0.802992
vt 0.014538 0.798263
vt 0.600508 0.452039
vt 0.506512 0.458745
vt 0.827028 0.601828
vt 0.827940 0.585341
vt 0.828964 0.570397
vt 0.230183 0.549274
vt 0.234739 0.549383
vt 0.234769 0.668364
vt 0.230125 0.664993
vt 0.230202 0.645130
vt 0.230186 0.637160
vt 0.017047 0.791111
vt 0.960439 0.201614
vt 0.958122 0.194413
vt 0.241009 0.735236
vt 0.243321 0.744925
vt 0.246325 0.753231
vt 0.235918 0.742947
vt 0.234769 0.730293
vt 0.012921 0.790670
vt 0.088177 0.780531
vt 0.079406 0.661615
vt 0.087183 0.594975
vt 0.090526 0.598584
vt 0.083842 0.663857
vt 0.092223 0.780834
vt 0.637113 0.433984
vt 0.629984 0.438872
vt 0.055089 0.559486
vt 0.059816 0.559445
vt 0.859901 0.330714
vt 0.867485 0.330612
vt 0.867439 0.354079
vt 0.859912 0.354317
vt 0.839694 0.726419
vt 0.835622 0.730508
vt 0.833660 0.723414
vt 0.838361 0.723107
vt 0.956549 0.186269
vt 0.954640 0.176124
vt 0.740670 0.331010
vt 0.741676 0.354606
vt 0.652487 0.425681
vt 0.646285 0.429873
vt 0.507014 0.453957
vt 0.511672 0.452301
vt 0.390726 0.559321
vt 0.395393 0.559025
vt 0.388790 0.567226
vt 0.384746 0.567487
vt 0.039956 0.792090
vt 0.035240 0.791737
vt 0.860005 0.422810
vt 0.742046 0.423292
vt 0.741935 0.414502
vt 0.859464 0.414103
vt 0.928593 0.505847
vt 0.929877 0.499411
vt 0.933764 0.503867
vt 0.932341 0.510202
vt 0.442282 0.726122
vt 0.438188 0.740658
vt 0.437319 0.672924
vt 0.442135 0.668496
vt 0.591647 0.431068
vt 0.839694 0.492903
vt 0.844213 0.492835
vt 0.844370 0.610522
vt 0.839771 0.609822
vt 0.867513 0.132812
vt 0.867422 0.108720
vt 0.877933 0.108450
vt 0.878105 0.133184
vt 0.827593 0.689430
vt 0.820262 0.628882
vt 0.827378 0.511109
vt 0.832571 0.510487
vt 0.825346 0.631824
vt 0.831455 0.686420
vt 0.004378 0.688174
vt 0.006635 0.750164
vt -0.000000 0.686013
vt 0.009289 0.567538
vt 0.013675 0.567028
vt 0.376130 0.790144
vt 0.374911 0.800141
vt 0.370239 0.800524
vt 0.371672 0.790153
vt 0.960847 0.928256
vt 0.955308 0.895278
vt 0.955582 0.848880
vt 0.999797 0.847557
vt 0.996678 0.921188
vt 0.988701 0.939383
vt 0.983494 0.945034
vt 0.974075 0.946062
vt 0.967303 0.940432
vt 0.601500 0.422804
vt 0.693442 0.992056
vt 0.689340 0.985983
vt 0.682724 0.965883
vt 0.680723 0.899336
vt 0.723935 0.899447
vt 0.725138 0.952083
vt 0.716083 0.986837
vt 0.711942 0.992457
vt 0.704971 0.996993
vt 0.698586 0.995924
vt 0.867488 0.482721
vt 0.867484 0.491808
vt 0.674115 0.414337
vt 0.676993 0.423450
vt 0.662214 0.425299
vt 0.631769 0.400247
vt 0.636529 0.403544
vt 0.643559 0.407057
vt 0.660556 0.412234
vt 0.954978 0.358416
vt 0.954540 0.267721
vt 0.954649 0.237389
vt 0.998777 0.237283
vt 0.998358 0.262389
vt 0.998992 0.290896
vt 0.999031 0.316215
vt 0.999211 0.335198
vt 0.999333 0.356520
vt 0.601585 0.357330
vt 0.679687 0.330919
vt 0.674852 0.354543
vt 0.816720 0.757876
vt 0.819535 0.763771
vt 0.810111 0.750057
vt 0.813855 0.753517
vt 0.053861 0.549108
vt 0.058721 0.549235
vt 0.178468 0.668597
vt 0.178468 0.549270
vt 0.182982 0.549108
vt 0.182990 0.665723
vt 0.409235 0.769377
vt 0.405269 0.770633
vt 0.403796 0.760893
vt 0.407949 0.760586
vt 0.820571 0.731226
vt 0.825215 0.730518
vt 0.825215 0.738353
vt 0.820489 0.739031
vt 0.498253 0.549135
vt 0.498500 0.557789
vt 0.498253 0.566906
vt 0.601544 0.391419
vt 0.600585 0.420660
vt 0.511569 0.443004
vt 0.507091 0.441920
vt 0.506558 0.436992
vt 0.950022 0.262077
vt 0.948069 0.271247
vt 0.943641 0.270866
vt 0.945151 0.261244
vt 0.437286 0.444417
vt 0.944543 0.646474
vt 0.943470 0.622356
vt 0.945859 0.659045
vt 0.947685 0.541067
vt 0.945196 0.523158
vt 0.949154 0.524962
vt 0.915728 0.493157
vt 0.916914 0.502603
vt 0.911135 0.502638
vt 0.909667 0.492835
vt 0.768878 0.963923
vt 0.766669 0.971468
vt 0.769861 0.947766
vt 0.824367 0.845071
vt 0.824064 0.780969
vt 0.825876 0.797194
vt 0.825768 0.844827
vt 0.098682 0.788641
vt 0.098046 0.798876
vt 0.092998 0.799212
vt 0.094322 0.788728
vt 0.951743 0.508794
vt 0.946828 0.513188
vt 0.948492 0.504239
vt 0.761968 0.984486
vt 0.764653 0.979913
vt 0.835768 0.712127
vt 0.837270 0.718004
vt 0.832505 0.718392
vt 0.831209 0.711815
vt 0.501111 0.391338
vt 0.500483 0.435245
vt 0.570018 0.825935
vt 0.570038 0.818348
vt 0.574576 0.817464
vt 0.574576 0.825422
vt 0.626545 0.395277
vt 0.942605 0.604646
vt 0.759314 0.989716
vt 0.753833 0.995172
vt 0.951004 0.493319
vt 0.954273 0.498686
vt 0.949659 0.498443
vt 0.571634 0.536126
vt 0.575739 0.536049
vt 0.574464 0.543132
vt 0.953488 0.504124
vt 0.291792 0.549212
vt 0.291829 0.666349
vt 0.287118 0.665841
vt 0.287219 0.549236
vt 0.623230 0.389589
vt 0.956147 0.492835
vt 0.494502 0.687592
vt 0.494274 0.683094
vt 0.499034 0.684365
vt 0.079406 0.559420
vt 0.075112 0.559324
vt 0.073883 0.549108
vt 0.078662 0.549466
vt 0.315537 0.596730
vt 0.311745 0.598503
vt 0.311654 0.592820
vt 0.833629 0.696543
vt 0.834675 0.704758
vt 0.829502 0.702890
vt 0.315551 0.591541
vt 0.437273 0.409370
vt 0.499034 0.678051
vt 0.622897 0.379587
vt 0.311443 0.582815
vt 0.591566 0.396032
vt 0.317206 0.393344
vt 0.499083 0.580784
vt 0.500260 0.585110
vt 0.499083 0.593748
vt 0.494618 0.674369
vt 0.315550 0.582582
vt 0.600586 0.386579
vt 0.725445 0.778570
vt 0.769641 0.778714
vt 0.769600 0.829631
vt 0.769906 0.883639
vt 0.769916 0.899678
vt 0.725695 0.898629
vt 0.591808 0.777329
vt 0.596462 0.777261
vt 0.498845 0.672434
vt 0.591491 0.312826
vt 0.735994 0.989224
vt 0.732215 0.979364
vt 0.741904 0.995213
vt 0.864003 0.711751
vt 0.859865 0.710084
vt 0.854488 0.702844
vt 0.115021 0.787775
vt 0.111763 0.778015
vt 0.116403 0.777990
vt 0.118423 0.784521
vt 0.585781 0.603529
vt 0.582257 0.643704
vt 0.577700 0.639527
vt 0.583356 0.585996
vt 0.499167 0.631986
vt 0.498783 0.636612
vt 0.494395 0.638266
vt 0.494584 0.632449
vt 0.161211 0.680252
vt 0.166642 0.696884
vt 0.168147 0.711543
vt 0.168545 0.727200
vt 0.170336 0.751351
vt 0.171428 0.769478
vt 0.166210 0.768799
vt 0.591248 0.532519
vt 0.593886 0.522226
vt 0.597717 0.523526
vt 0.595244 0.533155
vt 0.627972 0.371763
vt 0.878379 0.790310
vt 0.888098 0.790361
vt 0.886693 0.833777
vt 0.878379 0.834562
vt 0.108364 0.761075
vt 0.113994 0.768643
vt 0.110030 0.769649
vt 0.498905 0.721012
vt 0.498905 0.731217
vt 0.494274 0.731696
vt 0.494441 0.721287
vt 0.867505 0.048840
vt 0.867611 0.040005
vt 0.878175 0.039687
vt 0.877854 0.048983
vt 0.634807 0.366441
vt 0.898624 0.191188
vt 0.898008 0.120646
vt 0.902513 0.117310
vt 0.902881 0.178786
vt 0.725662 0.956118
vt 0.728312 0.969428
vt 0.107124 0.752571
vt 0.511664 0.383752
vt 0.506361 0.389508
vt 0.507278 0.384736
vt 0.936362 0.718945
vt 0.930359 0.718534
vt 0.923761 0.710057
vt 0.929242 0.710722
vt 0.425859 0.767309
vt 0.429870 0.765219
vt 0.431849 0.774382
vt 0.427007 0.774459
vt 0.741987 0.261938
vt 0.859919 0.261575
vt 0.859887 0.270351
vt 0.741535 0.270727
vt 0.747516 0.996801
vt 0.846746 0.708268
vt 0.841563 0.689993
vt 0.839694 0.673198
vt 0.844319 0.662398
vt 0.845931 0.677937
vt 0.847676 0.686372
vt 0.850546 0.694779
vt 0.073640 0.772667
vt 0.068751 0.765221
vt 0.066689 0.751714
vt 0.071745 0.758911
vt 0.642895 0.362311
vt 0.034662 0.554747
vt 0.035990 0.549108
vt 0.039956 0.549861
vt 0.038610 0.555057
vt 0.326844 0.783930
vt 0.330981 0.784192
vt 0.337532 0.792255
vt 0.332786 0.792053
vt 0.383209 0.752114
vt 0.387014 0.747160
vt 0.385632 0.767586
vt 0.389141 0.763924
vt 0.649549 0.359824
vt 0.659414 0.357101
vt 0.437229 0.363842
vt 0.436063 0.796688
vt 0.431653 0.794935
vt 0.431519 0.787502
vt 0.436063 0.788700
vt 0.591574 0.350517
vt 0.663399 0.329205
vt 0.652860 0.326655
vt 0.638115 0.321010
vt 0.600531 0.337505
vt 0.394055 0.548976
vt 0.389528 0.548956
vt 0.972680 0.454680
vt 0.967888 0.451268
vt 0.963705 0.445640
vt 0.960843 0.438997
vt 0.653911 0.427307
vt 0.344169 0.602072
vt 0.506588 0.353055
vt 0.511730 0.359640
vt 0.506646 0.357859
vt 0.494553 0.762689
vt 0.494274 0.752827
vt 0.499060 0.763283
vt 0.499052 0.753884
vt 0.890554 0.018007
vt 0.888071 0.060333
vt 0.886553 0.083160
vt 0.886023 0.096659
vt 0.885102 0.109728
vt 0.884337 0.122224
vt 0.882874 0.139464
vt 0.885332 0.195659
vt 0.878175 0.138037
vt 0.885417 0.018657
vt 0.228532 0.735280
vt 0.229901 0.726145
vt 0.234648 0.703291
vt 0.947182 0.216289
vt 0.943847 0.223131
vt 0.941055 0.227208
vt 0.937544 0.231176
vt 0.932191 0.234950
vt 0.918892 0.234710
vt 0.920031 0.218614
vt 0.929096 0.219965
vt 0.938996 0.211438
vt 0.942393 0.205305
vt 0.945232 0.197920
vt 0.951005 0.204955
vt 0.905175 0.192191
vt 0.907986 0.200962
vt 0.910785 0.207333
vt 0.913680 0.212117
vt 0.908574 0.223839
vt 0.904950 0.216357
vt 0.902549 0.209887
vt 0.601557 0.308242
vt 0.859628 0.048995
vt 0.742709 0.049195
vt 0.742226 0.040529
vt 0.859653 0.040101
vt 0.878038 0.330309
vt 0.878013 0.354426
vt 0.371200 0.555017
vt 0.372405 0.548956
vt 0.376130 0.551724
vt 0.374314 0.559980
vt 0.166986 0.689418
vt 0.160695 0.672216
vt 0.159552 0.652193
vt 0.166798 0.591845
vt 0.171270 0.595868
vt 0.164138 0.650039
vt 0.165557 0.665999
vt 0.725445 0.897143
vt 0.431698 0.806309
vt 0.431725 0.798591
vt 0.436121 0.797733
vt 0.436121 0.805608
vt 0.632942 0.317700
vt 0.498919 0.783715
vt 0.494274 0.784127
vt 0.494556 0.774086
vt 0.498919 0.773731
vt 0.725157 0.881336
vt 0.897804 0.234381
vt 0.893945 0.237283
vt 0.226972 0.766873
vt 0.224760 0.771009
vt 0.228962 0.761507
vt 0.425534 0.740351
vt 0.428336 0.753849
vt 0.424587 0.761377
vt 0.421749 0.744195
vt 0.930901 0.444316
vt 0.928460 0.451661
vt 0.924796 0.459747
vt 0.918365 0.468071
vt 0.912259 0.472150
vt 0.902142 0.472501
vt 0.896945 0.469940
vt 0.891512 0.464187
vt 0.888181 0.458938
vt 0.896684 0.452161
vt 0.906495 0.457455
vt 0.912382 0.455615
vt 0.917830 0.450708
vt 0.923024 0.442201
vt 0.927139 0.430695
vt 0.929909 0.416784
vt 0.930798 0.355545
vt 0.935400 0.353787
vt 0.935062 0.419787
vt 0.933135 0.434782
vt 0.211070 0.877405
vt 0.221030 0.877405
vt 0.220485 0.921300
vt 0.211279 0.921320
vt 0.718602 0.981989
vt 0.720842 0.976103
vt 0.231057 0.877436
vt 0.231713 0.921316
vt 0.221840 0.921387
vt 0.221840 0.877395
vt 0.178468 0.554844
vt 0.177055 0.560763
vt 0.172836 0.556953
vt 0.436468 0.591816
vt 0.436468 0.578862
vt 0.437124 0.584648
vt 0.175114 0.549108
vt 0.316053 0.631429
vt 0.316226 0.638398
vt 0.311443 0.634763
vt 0.624151 0.308186
vt 0.315368 0.607904
vt 0.315425 0.613944
vt 0.311492 0.608089
vt 0.311442 0.615201
vt 0.592669 0.547153
vt 0.591330 0.555643
vt 0.586292 0.561673
vt 0.589565 0.540372
vt 0.680379 0.778570
vt 0.724793 0.778624
vt 0.724906 0.796614
vt 0.725006 0.836132
vt 0.724967 0.858090
vt 0.680571 0.852426
vt 0.311471 0.624449
vt 0.622075 0.301070
vt 0.316102 0.625041
vt 0.315521 0.600581
vt 0.600333 0.296795
vt 0.311605 0.598503
vt 0.430411 0.787502
vt 0.428553 0.781351
vt 0.433296 0.780823
vt 0.316226 0.619890
vt 0.625235 0.291490
vt 0.591620 0.290969
vt 0.796853 0.747169
vt 0.798297 0.736778
vt 0.801016 0.746383
vt 0.685339 0.977106
vt 0.656546 0.052756
vt 0.649111 0.054808
vt 0.657247 0.051014
vt 0.665208 0.050935
vt 0.794075 0.736862
vt 0.634696 0.282817
vt 0.601385 0.267515
vt 0.632995 0.249092
vt 0.437278 0.555126
vt 0.437107 0.562586
vt 0.437107 0.548956
vt 0.437280 0.304280
vt 0.769987 0.840330
vt 0.548621 0.799358
vt 0.555756 0.798991
vt 0.557217 0.800688
vt 0.433296 0.559560
vt 0.428639 0.559171
vt 0.427176 0.549012
vt 0.432878 0.548956
vt 0.421067 0.664944
vt 0.421456 0.651847
vt 0.422680 0.641006
vt 0.419941 0.688161
vt 0.680492 0.952327
vt 0.427309 0.566733
vt 0.421908 0.567434
vt 0.878123 0.482445
vt 0.877881 0.491616
vt 0.750833 0.743494
vt 0.751804 0.749209
vt 0.754232 0.761476
vt 0.760806 0.768257
vt 0.760650 0.778570
vt 0.732453 0.644778
vt 0.739784 0.683187
vt 0.741919 0.695238
vt 0.867621 0.270178
vt 0.867456 0.261574
vt 0.071979 0.787559
vt 0.076003 0.785766
vt 0.077189 0.791998
vt 0.073454 0.792980
vt 0.888581 0.834956
vt 0.896984 0.834772
vt 0.896984 0.878770
vt 0.888530 0.878968
vt 0.878764 0.879237
vt 0.878379 0.834772
vt 0.888530 0.834772
vt 0.888103 0.878924
vt 0.853127 0.936491
vt 0.848150 0.932253
vt 0.845642 0.915170
vt 0.852295 0.927513
vt 0.074719 0.778669
vt 0.070874 0.781260
vt 0.833830 0.503118
vt 0.839694 0.502304
vt 0.089190 0.580233
vt 0.090142 0.570523
vt 0.093866 0.573954
vt 0.092471 0.583587
vt 0.792349 0.699955
vt 0.786442 0.685747
vt 0.301635 0.575064
vt 0.305666 0.576736
vt 0.303638 0.591202
vt 0.299479 0.589043
vt 0.790057 0.511298
vt 0.794321 0.511047
vt 0.774469 0.735114
vt 0.778487 0.735241
vt 0.779559 0.739720
vt 0.775917 0.742172
vt 0.602423 0.225465
vt 0.645135 0.869826
vt 0.645149 0.899224
vt 0.601040 0.899954
vt 0.600999 0.883101
vt 0.600946 0.865066
vt 0.600972 0.826169
vt 0.600973 0.808618
vt 0.601076 0.779216
vt 0.645083 0.779329
vt 0.645149 0.817387
vt 0.645188 0.916061
vt 0.645149 0.872152
vt 0.653563 0.872119
vt 0.653563 0.916188
vt 0.859869 0.192845
vt 0.859834 0.201651
vt 0.741766 0.202089
vt 0.741716 0.193220
vt 0.434674 0.561029
vt 0.433523 0.587279
vt 0.433523 0.548956
vt 0.643968 0.254785
vt 0.651550 0.257480
vt 0.659098 0.259365
vt 0.697322 0.261885
vt 0.685162 0.270782
vt 0.664529 0.272290
vt 0.646224 0.277227
vt 0.336462 0.802061
vt 0.331660 0.802542
vt 0.839694 0.864873
vt 0.846813 0.746781
vt 0.852240 0.746180
vt 0.850162 0.761324
vt 0.850370 0.775737
vt 0.849354 0.793377
vt 0.848092 0.812472
vt 0.846948 0.832486
vt 0.845896 0.850620
vt 0.844995 0.867555
vt 0.078267 0.796570
vt 0.074777 0.799733
vt 0.952947 0.245123
vt 0.951267 0.253802
vt 0.946803 0.252600
vt 0.948339 0.244321
vt 0.867457 0.192664
vt 0.867672 0.201461
vt 0.350391 0.560076
vt 0.351629 0.554667
vt 0.355624 0.556262
vt 0.354740 0.560565
vt 0.353827 0.564854
vt 0.779610 0.493120
vt 0.780721 0.502578
vt 0.776036 0.503008
vt 0.774885 0.492835
vt 0.506331 0.284500
vt 0.511666 0.290379
vt 0.506954 0.289327
vt 0.781359 0.926542
vt 0.781072 0.892981
vt 0.781925 0.887445
vt 0.783106 0.887448
vt 0.825614 0.887372
vt 0.825761 0.923513
vt 0.825856 0.965622
vt 0.781453 0.965883
vt 0.781393 0.946334
vt 0.774071 0.511000
vt 0.770053 0.511491
vt 0.335559 0.556320
vt 0.334359 0.562130
vt 0.330480 0.561057
vt 0.331089 0.556314
vt 0.000043 0.225643
vt -0.000000 0.533649
vt 0.297209 0.648367
vt 0.297564 0.664208
vt 0.298902 0.677979
vt 0.301980 0.730808
vt 0.291829 0.649509
vt 0.176086 0.869997
vt 0.176086 0.914253
vt 0.167868 0.914212
vt 0.167620 0.870076
vt 0.311858 0.673565
vt 0.316292 0.672790
vt 0.315788 0.678517
vt 0.311442 0.676924
vt 0.409093 0.791634
vt 0.413469 0.792460
vt 0.414697 0.797648
vt 0.410756 0.797733
vt 0.781052 0.883759
vt 0.816183 0.492835
vt 0.820262 0.496278
vt 0.782192 0.871904
vt 0.780721 0.874802
vt 0.494290 0.647003
vt 0.498182 0.648333
vt 0.498244 0.655300
vt 0.494403 0.656399
vt 0.892410 0.610797
vt 0.892285 0.493062
vt 0.896901 0.492978
vt 0.896989 0.610691
vt 0.808100 0.630207
vt 0.808745 0.639510
vt 0.810870 0.673315
vt 0.812010 0.693251
vt 0.812158 0.701632
vt 0.813289 0.712959
vt 0.807930 0.712046
vt 0.801016 0.594187
vt 0.807950 0.536826
vt 0.812101 0.542846
vt 0.806195 0.591898
vt 0.807158 0.621170
vt 0.785120 0.630861
vt 0.780721 0.630164
vt 0.813536 0.526807
vt 0.809567 0.525051
vt 0.811460 0.516696
vt 0.329133 0.567713
vt 0.332465 0.572547
vt 0.327902 0.575463
vt 0.878379 0.737790
vt 0.872454 0.738344
vt 0.871083 0.728584
vt 0.876870 0.728287
vt 0.782714 0.887819
vt 0.315518 0.572649
vt 0.315887 0.572255
vt 0.315887 0.573434
vt 0.784404 0.776085
vt 0.780985 0.795981
vt 0.782307 0.779932
vt 0.785163 0.768688
vt 0.815690 0.515489
vt 0.873930 0.961850
vt 0.872854 0.956259
vt 0.876848 0.954538
vt 0.878379 0.960531
vt 0.788285 0.761258
vt 0.498173 0.824848
vt 0.493674 0.824069
vt 0.493622 0.816323
vt 0.498173 0.816805
vt 0.548777 0.888241
vt 0.548621 0.843817
vt 0.558209 0.843817
vt 0.558085 0.888022
vt 0.333049 0.549623
vt 0.626757 0.243206
vt 0.376130 0.686275
vt 0.380410 0.684687
vt 0.796152 0.750178
vt 0.791092 0.755921
vt 0.337532 0.548956
vt 0.501021 0.238854
vt 0.500489 0.283015
vt 0.573880 0.767126
vt 0.567837 0.758925
vt 0.571296 0.759330
vt 0.577700 0.767049
vt 0.859875 0.133087
vt 0.859912 0.108864
vt 0.494447 0.573599
vt 0.494274 0.565299
vt 0.498253 0.569942
vt 0.622346 0.234901
vt 0.591614 0.255995
vt 0.316292 0.686750
vt 0.311524 0.685814
vt 0.497796 0.562379
vt 0.136477 0.549109
vt 0.804386 0.747169
vt 0.437107 0.566261
vt 0.435769 0.575162
vt 0.435769 0.548956
vt 0.494293 0.555497
vt 0.825599 0.861954
vt 0.825606 0.874385
vt 0.315551 0.597686
vt 0.315551 0.588038
vt 0.316047 0.593927
vt 0.498231 0.556883
vt 0.624100 0.225102
vt 0.601544 0.181089
vt 0.498253 0.552613
vt 0.600551 0.210385
vt 0.243752 0.769090
vt 0.239949 0.759972
vt 0.237606 0.751679
vt 0.250040 0.760098
vt 0.254309 0.765348
vt 0.266629 0.768498
vt 0.272376 0.764473
vt 0.276478 0.759276
vt 0.281503 0.770991
vt 0.275888 0.778807
vt 0.269108 0.783764
vt 0.261067 0.785168
vt 0.254855 0.782690
vt 0.250301 0.778937
vt 0.246689 0.774081
vt 0.315551 0.574973
vt 0.311617 0.574982
vt 0.494317 0.549135
vt 0.079406 0.800569
vt 0.628680 0.218750
vt 0.576500 0.777301
vt 0.572580 0.777587
vt 0.892614 0.211247
vt 0.887353 0.208476
vt 0.891356 0.202419
vt 0.498789 0.572345
vt 0.498500 0.580137
vt 0.640139 0.210980
vt 0.498933 0.710231
vt 0.498933 0.720606
vt 0.494274 0.721012
vt 0.494417 0.710627
vt 0.572537 0.554690
vt 0.568299 0.557671
vt 0.888465 0.186325
vt 0.011297 0.781146
vt 0.015554 0.783327
vt 0.506488 0.237355
vt 0.507068 0.232571
vt 0.511660 0.231162
vt 0.897804 0.009957
vt 0.892016 0.010029
vt 0.485349 0.768310
vt 0.481758 0.774658
vt 0.472868 0.783536
vt 0.465899 0.785152
vt 0.460145 0.783924
vt 0.455845 0.781474
vt 0.451816 0.777387
vt 0.448748 0.773188
vt 0.446134 0.768358
vt 0.443229 0.761715
vt 0.439372 0.747746
vt 0.444125 0.737990
vt 0.447709 0.750326
vt 0.455399 0.763620
vt 0.462031 0.768508
vt 0.474884 0.764975
vt 0.479822 0.758301
vt 0.483577 0.750271
vt 0.490928 0.752789
vt 0.488426 0.761140
vt 0.311443 0.763435
vt 0.311609 0.753487
vt 0.316220 0.763082
vt 0.316220 0.752981
vt 0.407472 0.783832
vt 0.410587 0.777811
vt 0.765376 0.635161
vt 0.772975 0.701996
vt 0.767645 0.693358
vt 0.760806 0.628951
vt 0.766105 0.618666
vt 0.950364 0.756524
vt 0.945284 0.756766
vt 0.434918 0.548956
vt 0.435769 0.562591
vt 0.434918 0.578862
vt 0.500391 0.539598
vt 0.500480 0.532820
vt 0.510066 0.532855
vt 0.510178 0.540965
vt 0.556860 0.843817
vt 0.548621 0.843777
vt 0.068987 0.567775
vt 0.073209 0.567247
vt 0.649986 0.188264
vt 0.665063 0.192686
vt 0.675491 0.202292
vt 0.646231 0.208426
vt 0.494274 0.763283
vt 0.499097 0.763805
vt 0.499112 0.773731
vt 0.494473 0.773528
vt 0.894095 0.219867
vt 0.888740 0.216989
vt 0.591492 0.218763
vt 0.087639 0.585821
vt 0.506546 0.215967
vt 0.511655 0.221859
vt 0.506754 0.220573
vt 0.954431 0.962487
vt 0.948310 0.963100
vt 0.512048 0.000000
vt 0.590523 0.001378
vt 0.591306 0.212464
vt 0.512176 0.520903
vt 0.506611 0.306441
vt 0.507089 0.301807
vt 0.511640 0.299694
vt 0.506604 0.168353
vt 0.511791 0.162564
vt 0.511648 0.137842
vt 0.524776 0.131262
vt 0.507155 0.136677
vt 0.506317 0.131866
vt 0.501877 0.130643
vt 0.500891 0.086261
vt 0.506413 0.084710
vt 0.511504 0.078395
vt 0.511725 0.069090
vt 0.506390 0.063385
vt 0.500808 0.061226
vt 0.506565 0.015726
vt 0.511681 0.009897
vt 0.112413 0.559365
vt 0.118423 0.558847
vt 0.825876 0.840774
vt 0.834330 0.840858
vt 0.834348 0.885332
vt 0.826154 0.885190
vt 0.015434 0.559382
vt 0.020273 0.559187
vt 0.317669 0.570335
vt 0.317669 0.585218
vt 0.316339 0.576112
vt 0.315521 0.618847
vt 0.311592 0.619890
vt 0.494274 0.699287
vt 0.498860 0.699900
vt 0.494311 0.709471
vt 0.498860 0.710231
vt 0.431698 0.814863
vt 0.436264 0.815517
vt 0.436264 0.823399
vt 0.431768 0.822597
vt 0.111157 0.549448
vt 0.116744 0.549108
vt 0.372182 0.571670
vt 0.368522 0.569869
vt 0.369662 0.562416
vt 0.361277 0.664327
vt 0.369499 0.782221
vt 0.365490 0.781559
vt 0.357094 0.663373
vt 0.643992 0.956593
vt 0.645122 0.957117
vt 0.896388 -0.000000
vt 0.890659 0.000320
vt 0.091508 0.565205
vt 0.095103 0.566468
vt 0.092724 0.557454
vt 0.637261 0.182686
vt 0.629341 0.177216
vt 0.936362 0.590995
vt 0.941796 0.588501
vt 0.096643 0.558133
vt 0.094451 0.549108
vt 0.852445 0.955751
vt 0.851049 0.949173
vt 0.855073 0.946131
vt 0.856757 0.953197
vt 0.098682 0.549297
vt 0.599554 0.186263
vt 0.629159 0.995810
vt 0.638087 0.983995
vt 0.634852 0.989391
vt 0.640036 0.978593
vt 0.311443 0.551595
vt 0.309637 0.558452
vt 0.305762 0.554467
vt 0.951195 0.517406
vt 0.315411 0.572829
vt 0.311472 0.574973
vt 0.311442 0.568381
vt 0.315390 0.566738
vt 0.307214 0.549108
vt 0.624143 0.170617
vt 0.591584 0.157960
vt 0.494459 0.672111
vt 0.494274 0.666231
vt 0.499138 0.672434
vt 0.311511 0.560457
vt 0.622076 0.162691
vt 0.498759 0.664005
vt 0.620723 0.997437
vt 0.616361 0.994998
vt 0.315518 0.556622
vt 0.494853 0.661561
vt 0.499138 0.659633
vt 0.498448 0.580784
vt 0.499083 0.586989
vt 0.498448 0.591926
vt 0.311442 0.553707
vt 0.315490 0.551412
vt 0.600946 0.156933
vt 0.602519 0.142981
vt 0.612030 0.990912
vt 0.609157 0.986065
vt 0.494463 0.656399
vt 0.854099 0.962267
vt 0.857760 0.958297
vt 0.859365 0.962759
vt 0.311741 0.549108
vt 0.624115 0.155949
vt 0.605904 0.979217
vt 0.601707 0.960794
vt 0.112896 0.757617
vt 0.627547 0.151350
vt 0.633081 0.146444
vt 0.437227 0.171235
vt 0.888021 0.711709
vt 0.877241 0.708425
vt 0.881181 0.703595
vt 0.884264 0.698016
vt 0.887635 0.689259
vt 0.890056 0.679377
vt 0.896763 0.675848
vt 0.894935 0.689570
vt 0.892528 0.699584
vt 0.603068 0.969706
vt 0.350870 0.800899
vt 0.352133 0.790520
vt 0.357094 0.790788
vt 0.356137 0.800080
vt 0.352951 0.570351
vt 0.638606 0.143143
vt 0.136448 0.670655
vt 0.132067 0.672446
vt 0.199044 0.783423
vt 0.190200 0.774676
vt 0.184415 0.763257
vt 0.180477 0.749303
vt 0.178710 0.738637
vt 0.182951 0.726164
vt 0.186204 0.743281
vt 0.190990 0.756039
vt 0.195074 0.762587
vt 0.201398 0.768134
vt 0.507086 0.163695
vt 0.000670 0.155230
vt 0.781198 0.845719
vt 0.436181 0.831305
vt 0.431698 0.831730
vt 0.431698 0.824426
vt 0.436373 0.823399
vt 0.049906 0.772238
vt 0.053619 0.769646
vt 0.776130 0.723322
vt 0.772909 0.729566
vt 0.771835 0.721820
vt 0.770792 0.714245
vt 0.773947 0.709115
vt 0.659092 0.130850
vt 0.645827 0.139922
vt 0.059816 0.686364
vt 0.063967 0.687058
vt 0.666946 0.871826
vt 0.675321 0.871835
vt 0.675647 0.915759
vt 0.666946 0.916026
vt 0.878098 0.201799
vt 0.878107 0.192493
vt 0.873000 0.931387
vt 0.868416 0.935438
vt 0.929072 0.728331
vt 0.935005 0.728537
vt 0.870692 0.947953
vt 0.875637 0.947669
vt 0.723133 0.967462
vt 0.052395 0.761371
vt 0.777495 0.730184
vt 0.600572 0.128906
vt 0.601538 0.099589
vt 0.951273 0.750318
vt 0.437295 0.393364
vt 0.437291 0.312684
vt 0.437295 0.222694
vt 0.437290 0.133568
vt 0.437297 0.045037
vt 0.591616 0.112017
vt 0.414697 0.684695
vt 0.641703 0.101290
vt 0.231215 0.754568
vt 0.222185 0.775115
vt 0.217319 0.780548
vt 0.212404 0.783950
vt 0.206361 0.785249
vt 0.211710 0.767772
vt 0.219290 0.760525
vt 0.223168 0.753064
vt 0.226132 0.745017
vt 0.234420 0.737923
vt 0.948829 0.462336
vt 0.954540 0.462603
vt 0.952130 0.472730
vt 0.947482 0.472330
vt 0.589112 0.572384
vt 0.687109 0.109313
vt 0.741274 0.109290
vt 0.741475 0.133293
vt 0.662651 0.107622
vt 0.731139 0.980226
vt 0.904577 0.511396
vt 0.909717 0.510724
vt 0.902196 0.631953
vt 0.907483 0.677595
vt 0.909473 0.694782
vt 0.905070 0.697186
vt 0.896989 0.629128
vt 0.825215 0.738967
vt 0.825255 0.731174
vt 0.829739 0.730518
vt 0.829739 0.738503
vt 0.489758 0.667667
vt 0.494274 0.664072
vt 0.494197 0.704650
vt 0.571218 0.562718
vt 0.014191 0.549108
vt 0.019095 0.549409
vt 0.897804 -0.000000
vt 0.902346 0.000201
vt 0.942181 0.453710
vt 0.947525 0.454792
vt 0.562349 0.638263
vt 0.310095 0.786839
vt 0.304080 0.787019
vt 0.999443 0.773615
vt 0.955245 0.728260
vt 0.999143 0.728216
vt 0.500572 0.594617
vt 0.500427 0.588178
vt 0.500603 0.640633
vt 0.500741 0.631605
vt 0.500644 0.622670
vt 0.500654 0.613125
vt 0.500596 0.602923
vt 0.867406 0.414060
vt 0.877939 0.413690
vt 0.878042 0.422993
vt 0.867564 0.422700
vt 0.597717 0.522226
vt 0.598437 0.531591
vt 0.597717 0.586774
vt 0.814725 0.720453
vt 0.820262 0.720919
vt 0.819336 0.730126
vt 0.813329 0.730518
vt 0.337532 0.662324
vt 0.345680 0.628394
vt 0.341946 0.662908
vt 0.350472 0.782647
vt 0.346135 0.782328
vt 0.634156 0.096955
vt 0.954022 0.470787
vt 0.769445 0.705510
vt 0.946155 0.429450
vt 0.944140 0.413957
vt 0.944373 0.400772
vt 0.942865 0.375251
vt 0.941461 0.364620
vt 0.941778 0.356138
vt 0.942722 0.280225
vt 0.946770 0.283857
vt 0.940510 0.334657
vt 0.946481 0.441869
vt 0.935400 0.334598
vt 0.996137 0.429814
vt 0.999259 0.408014
vt 0.998311 0.420661
vt 0.760806 0.769674
vt 0.765469 0.770379
vt 0.765469 0.778350
vt 0.760965 0.777521
vt 0.593975 0.539775
vt 0.437260 0.125282
vt 0.999054 0.250099
vt 0.307490 0.569592
vt 0.303806 0.563339
vt 0.308332 0.564065
vt 0.624623 0.087684
vt 0.000002 0.014493
vt 0.357094 0.550432
vt 0.353210 0.548956
vt 0.493623 0.824848
vt 0.498235 0.825322
vt 0.498235 0.833131
vt 0.493724 0.832472
vt 0.950029 0.237283
vt 0.954540 0.238182
vt 0.979975 0.455161
vt 0.989906 0.446407
vt 0.984613 0.452941
vt 0.888756 0.834772
vt 0.434918 0.578862
vt 0.436468 0.585727
vt 0.434918 0.592193
vt 0.622163 0.078289
vt 0.600519 0.091527
vt 0.770029 0.778302
vt 0.765482 0.777210
vt 0.765469 0.769674
vt 0.770029 0.770358
vt 0.498312 0.642576
vt 0.494274 0.639289
vt 0.498312 0.638265
vt 0.624895 0.070582
vt 0.855310 0.722720
vt 0.850568 0.716056
vt 0.872730 0.711631
vt 0.885517 0.716345
vt 0.882093 0.721039
vt 0.877052 0.725803
vt 0.871851 0.728287
vt 0.862896 0.727853
vt 0.777335 0.747496
vt 0.780721 0.744206
vt 0.601528 0.062200
vt 0.591586 0.079272
vt 0.437233 0.092528
vt 0.822254 0.772218
vt 0.958294 0.431697
vt 0.956422 0.422961
vt 0.993767 0.437966
vt 0.500259 0.558131
vt 0.499697 0.564502
vt 0.499697 0.549135
vt 0.173179 0.580479
vt 0.168091 0.582702
vt 0.317153 0.555237
vt 0.317656 0.563254
vt 0.316339 0.549109
vt 0.316339 0.570335
vt 0.000688 0.014355
vt 0.869972 0.941362
vt 0.874241 0.940209
vt 0.591479 0.142100
vt 0.591473 0.001278
vt 0.824164 0.133263
vt 0.814158 0.133204
vt 0.793717 0.133258
vt 0.753353 0.133449
vt 0.328993 0.597391
vt 0.321952 0.667394
vt 0.317677 0.665264
vt 0.322277 0.621107
vt 0.325469 0.595145
vt 0.954654 0.413599
vt 0.286641 0.014381
vt 0.317211 0.045034
vt 0.506974 0.079797
vt 0.665637 0.871999
vt 0.665791 0.915821
vt 0.656025 0.915970
vt 0.656025 0.871910
vt 0.878321 0.355064
vt 0.878175 0.237439
vt 0.882722 0.237283
vt 0.882909 0.354716
vt 0.903108 0.848456
vt 0.914459 0.729694
vt 0.918870 0.730386
vt 0.907623 0.848580
vt 0.437464 0.656429
vt 0.906662 0.706977
vt 0.910534 0.705046
vt 0.912290 0.710686
vt 0.913352 0.717465
vt 0.908199 0.715486
vt 0.038748 0.802046
vt 0.034123 0.802104
vt 0.677383 0.049394
vt 0.674384 0.133508
vt 0.655038 0.136910
vt 0.641587 0.057491
vt 0.600577 0.058234
vt 0.412342 0.787216
vt 0.883596 0.448455
vt 0.881247 0.439956
vt 0.879582 0.431747
vt 0.878175 0.418883
vt 0.882737 0.405827
vt 0.884542 0.422998
vt 0.889237 0.439669
vt 0.892307 0.446017
vt 0.601676 0.028902
vt 0.627993 0.023732
vt 0.633733 0.027787
vt 0.640839 0.031900
vt 0.655808 0.037328
vt 0.673994 0.040269
vt 0.387245 0.777611
vt 0.392214 0.782500
vt 0.388416 0.784453
vt 0.498657 0.742293
vt 0.499046 0.752226
vt 0.494274 0.752827
vt 0.494281 0.742293
vt 0.507144 0.068100
vt 0.159552 0.785338
vt 0.155052 0.786219
vt 0.054138 0.794957
vt 0.058198 0.794678
vt 0.059816 0.800962
vt 0.055667 0.800972
vt 0.315955 0.763676
vt 0.316260 0.773852
vt 0.311443 0.773597
vt 0.311443 0.763435
vt 0.500458 0.170086
vt 0.500817 0.213942
vt 0.499513 0.565063
vt 0.499513 0.549135
vt 0.499697 0.556922
vt 0.591600 0.032218
vt 0.832496 0.492835
vt 0.838416 0.492904
vt 0.404066 0.568114
vt 0.408155 0.567177
vt 0.399688 0.685334
vt 0.406323 0.747992
vt 0.400366 0.731859
vt 0.395393 0.686007
vt 0.286623 0.720165
vt 0.288219 0.694305
vt 0.923808 0.538981
vt 0.919641 0.564543
vt 0.927511 0.541652
vt 0.921971 0.590505
vt 0.926483 0.664997
vt 0.928468 0.701476
vt 0.916914 0.592573
vt 0.493697 0.736117
vt 0.486391 0.741755
vt 0.488328 0.732180
vt 0.501063 0.307565
vt 0.500578 0.351711
vt 0.437246 0.045462
vt 1.000000 0.897052
vt 0.998910 0.912674
vt 0.642658 0.971535
vt 0.600219 0.031613
vt 0.994559 0.928442
vt 0.991773 0.934629
vt 0.878132 0.261032
vt 0.877936 0.270344
vt 0.326866 0.583108
vt 0.934971 0.498908
vt 0.936362 0.492835
vt 0.931237 0.493906
vt 0.316038 0.652911
vt 0.311663 0.656466
vt 0.311443 0.650733
vt 0.498789 0.566282
vt 0.499250 0.572061
vt 0.498789 0.577375
vt 0.622617 0.014028
vt 0.494274 0.587632
vt 0.510315 0.522226
vt 0.500420 0.522244
vt 0.316129 0.643494
vt 0.498413 0.582261
vt 0.312049 0.643091
vt 0.597717 0.586774
vt 0.598857 0.591913
vt 0.597717 0.599493
vt 0.494407 0.579226
vt 0.623114 0.005622
vt 0.311443 0.638398
vt 0.498388 0.576037
vt 0.911166 0.728291
vt 0.914969 0.723391
vt 0.916914 0.729694
vt 0.494518 0.573599
vt 0.311443 0.773852
vt 0.316161 0.774118
vt 0.316161 0.784254
vt 0.311659 0.783822
vt 0.963517 0.934815
vt 0.909716 0.722655
vt 0.433296 0.683754
vt 0.436203 0.680224
vt 0.436203 0.686869
vt 0.433296 0.672969
vt 0.435630 0.676295
vt 0.433296 0.680224
vt 0.500733 0.017425
vt 0.956654 0.912554
vt 0.317275 0.592350
vt 0.317669 0.597976
vt 0.316215 0.590208
vt 0.434674 0.548956
vt 0.434919 0.554901
vt 0.434674 0.583603
vt 0.626269 0.000000
vt 0.532100 0.798991
vt 0.317669 0.585218
vt 0.570019 0.816556
vt 0.570029 0.808919
vt 0.574606 0.809412
vt 0.574642 0.817464
vt 0.898267 0.934832
vt 0.896988 0.920992
vt 0.902368 0.906868
vt 0.903394 0.919805
vt 0.904851 0.928375
vt 0.907576 0.937198
vt 0.911598 0.944531
vt 0.918870 0.950874
vt 0.901772 0.947985
vt 0.899626 0.940867
vt 0.489604 0.549442
vt 0.494274 0.549335
vt 0.598822 0.000091
vt 0.600945 0.000000
vt 0.507106 0.011084
vt 0.954921 0.727781
vt 0.948641 0.728216
vt 0.930757 0.237547
vt 0.935327 0.237538
vt 0.825384 0.739511
vt 0.829773 0.738967
vt 0.829773 0.746647
vt 0.825215 0.747151
vt 0.949963 0.019395
vt 0.949889 0.000453
vt 0.954448 0.000306
vt 0.126105 0.796442
vt 0.126105 0.786223
vt 0.130867 0.786219
vt 0.130599 0.796334
vt 0.409752 0.796588
vt 0.284078 0.740413
vt 0.285832 0.730929
vt 0.291576 0.731542
vt 0.288048 0.753693
vt 0.286361 0.759618
vt 0.279770 0.753067
vt 0.431700 0.806980
vt 0.436232 0.806309
vt 0.436207 0.814061
vt 0.441996 0.549135
vt 0.437290 0.549234
vt 0.317614 0.000000
vt 0.999563 0.277760
vt 0.437214 0.013649
vt 0.494422 0.741878
vt 0.494274 0.731696
vt 0.498851 0.731901
vt 0.498851 0.742293
vt 0.426785 0.787502
vt 0.426499 0.797483
vt 0.421876 0.797507
vt 0.421867 0.787899
vt 0.591721 0.000413
vt 0.590552 0.000208
vt 0.660666 0.582920
vt 0.658973 0.592377
vt 0.655667 0.610171
vt 0.652350 0.627123
vt 0.652827 0.765988
vt 0.601761 0.777679
vt 0.600946 0.495296
vt 0.680295 0.492835
vt 0.680379 0.503325
vt 0.673982 0.510025
vt 0.665067 0.558169
vt 0.662554 0.572802
vt 0.664056 0.564569
vt 0.285752 0.013290
vt 0.000720 0.013299
vt 0.630504 0.776838
vt 0.654518 0.767967
vt 0.661014 0.770986
vt 0.659816 0.777034
vt 0.287484 0.011804
vt 0.600946 0.779216
vt 0.661520 0.777323
vt 0.886816 0.728755
vt 0.892085 0.728287
vt 0.292775 0.000024
vt 0.289500 0.006494
vt 0.879720 0.790310
vt 0.400521 0.436623
vt 0.400502 0.448021
vt 0.878379 0.788698
vt 0.880421 0.729354
vt 0.316428 0.848012
vt 0.316318 0.849873
vt 0.291895 0.848583
vt 0.316428 0.788028
vt 0.291829 0.787019
s 0
usemtl Volume265_copy004
f 328/1/1 48/2/1 40/3/1 331/4/1
f 347/5/2 50/6/2 41/7/2 346/8/2
f 414/9/3 409/10/3 408/11/3 415/12/3
f 98/13/4 6/14/4 3/15/4 97/16/4
f 321/17/5 59/18/5 61/19/5 47/20/5 319/21/5
f 8/22/6 24/23/6 11/24/6
f 14/25/7 11/24/7 24/23/7
f 245/26/8 244/27/8 243/28/8 248/29/8
f 27/30/9 30/31/9 31/32/9 41/33/9 28/34/9 56/35/9 52/36/9 45/37/9 29/38/9 23/39/9 15/40/9 13/41/9 20/42/9
f 122/43/10 22/44/10 13/45/10
f 115/46/11 26/47/11 16/48/11 109/49/11
f 9/50/12 95/51/12 109/49/12 16/48/12
f 18/52/13 33/53/13 12/54/13
f 263/55/14 258/56/14 265/57/14 264/58/14
f 17/59/15 12/60/15 22/61/15
f 507/62/16 504/63/16 503/64/16 502/65/16
f 17/66/17 22/67/17 122/68/17
f 108/69/18 17/66/18 122/68/18
f 189/70/19 191/71/19 201/72/19 209/73/19 214/74/19 220/75/19 218/76/19 222/77/19 206/78/19 207/79/19 194/80/19 193/81/19 187/82/19 175/83/19 182/84/19
f 25/85/20 738/86/20 19/87/20
f 384/88/21 383/89/21 377/90/21 378/91/21
f 182/92/22 175/93/22 176/94/22 178/95/22 180/96/22 183/97/22 184/98/22
f 104/99/23 99/100/23 5/101/23 14/102/23 24/103/23 113/104/23
f 114/105/24 43/106/24 26/47/24 115/46/24
f 172/107/25 134/108/25 173/109/25 171/110/25
f 280/111/26 278/112/26 269/113/26 274/114/26 275/115/26
f 344/116/27 45/117/27 52/118/27
f 46/119/28 58/120/28 28/34/28
f 265/121/29 260/122/29 253/123/29 254/124/29 238/125/29 240/126/29 246/127/29 247/128/29 257/129/29 267/130/29 272/131/29 273/132/29 276/133/29 229/134/29 233/135/29 248/136/29 243/137/29 237/138/29 264/139/29
f 66/140/30 61/141/30 59/142/30 60/143/30 44/144/30 38/145/30 34/146/30 32/147/30 35/148/30 47/149/30 33/150/30 18/151/30 21/152/30 36/153/30 40/154/30 48/155/30 53/156/30 51/157/30 63/158/30 57/159/30 62/160/30
f 491/161/31 490/162/31 480/163/31 451/164/31 489/165/31
f 66/166/32 316/167/32 33/168/32
f 313/169/33 33/170/33 316/171/33
f 65/172/34 67/173/34 68/174/34
f 70/175/35 33/170/35 313/169/35
f 1105/176/36 19/87/36 738/86/36
f 121/177/37 119/178/37 116/179/37 108/180/37 122/181/37
f 439/182/38 423/183/38 394/184/38 395/185/38
f 536/186/39 521/187/39 516/188/39 530/189/39 535/190/39 533/191/39 520/192/39 503/193/39 504/194/39 508/195/39 514/196/39 497/197/39 494/198/39 493/199/39 525/200/39
f 277/201/40 33/202/40 70/203/40
f 309/204/41 307/205/41 308/206/41 82/207/41 73/208/41 72/209/41
f 44/210/42 60/211/42 322/212/42 324/213/42
f 39/214/43 55/215/43 353/216/43 349/217/43
f 501/218/44 541/219/44 540/220/44 524/221/44
f 81/222/45 79/223/45 303/224/45 306/225/45
f 1/226/46 4/227/46 94/228/46 92/229/46
f 98/230/47 103/231/47 11/232/47
f 11/233/48 6/14/48 98/13/48
f 515/234/49 514/235/49 508/236/49 509/237/49
f 82/207/50 308/206/50 305/238/50 87/239/50
f 108/240/51 106/241/51 17/242/51
f 211/243/52 196/244/52 197/245/52 215/246/52
f 111/247/53 110/248/53 107/249/53
f 404/250/54 407/251/54 411/252/54 406/253/54 405/254/54 403/255/54 398/256/54
f 463/257/55 461/258/55 462/259/55 466/260/55
f 106/241/56 108/240/56 116/261/56
f 535/262/57 529/263/57 534/264/57 533/265/57
f 136/266/58 144/267/58 155/268/58 151/269/58 147/270/58 142/271/58 140/272/58 132/273/58
f 537/274/59 527/275/59 538/276/59 521/277/59 536/278/59
f 116/179/60 119/178/60 111/279/60
f 171/110/61 168/280/61 170/281/61 169/282/61 172/107/61
f 42/283/62 118/284/62 117/285/62
f 42/283/63 49/286/63 118/284/63
f 49/287/64 43/288/64 118/289/64
f 43/288/65 114/290/65 118/289/65
f 295/291/66 111/279/66 119/178/66
f 120/292/67 119/178/67 121/177/67
f 36/293/68 21/294/68 334/295/68 327/296/68
f 123/297/69 121/298/69 122/43/69
f 503/299/70 520/300/70 532/301/70 502/302/70
f 124/303/71 995/304/71 935/305/71
f 286/306/72 81/307/72 306/308/72 285/309/72
f 546/310/73 129/311/73 128/312/73
f 133/313/74 125/314/74 126/315/74
f 126/315/75 544/316/75 133/313/75
f 127/317/76 128/318/76 130/319/76
f 129/320/77 131/321/77 128/318/77
f 479/322/78 486/323/78 487/324/78 485/325/78 488/326/78
f 235/327/79 232/328/79 242/329/79 244/330/79 245/331/79 236/332/79
f 133/313/80 544/316/80 127/333/80
f 116/179/81 111/279/81 107/334/81 106/335/81
f 142/336/82 141/337/82 140/338/82
f 532/339/83 520/340/83 533/265/83 534/264/83
f 125/314/84 133/313/84 181/341/84
f 147/342/85 141/337/85 142/336/85
f 146/343/86 145/344/86 141/337/86
f 141/337/87 147/342/87 146/343/87
f 148/345/88 153/346/88 149/347/88
f 154/348/89 150/349/89 151/350/89
f 386/351/90 84/352/90 382/353/90 385/354/90 388/355/90
f 143/356/91 137/357/91 148/358/91
f 86/359/92 371/360/92 361/361/92 71/362/92
f 85/363/93 304/364/93 303/224/93 79/223/93
f 153/365/94 156/366/94 149/367/94
f 153/346/95 148/345/95 152/368/95
f 156/369/96 153/370/96 152/371/96
f 157/372/97 133/313/97 127/333/97
f 154/373/98 151/374/98 155/375/98
f 77/376/99 76/377/99 362/378/99 366/379/99
f 144/267/100 159/380/100 155/268/100
f 414/9/101 415/12/101 421/381/101 422/382/101
f 160/383/102 156/369/102 152/371/102
f 72/384/103 73/385/103 91/386/103 90/387/103 85/388/103 79/389/103 81/390/103 286/391/103 281/392/103 277/201/103 70/203/103
f 223/393/104 179/394/104 175/83/104 224/395/104
f 160/396/105 165/397/105 156/398/105
f 165/399/106 170/400/106 168/401/106
f 169/282/107 165/397/107 160/396/107
f 170/281/108 165/397/108 169/282/108
f 66/140/109 33/150/109 47/149/109 61/141/109
f 358/402/110 382/403/110 365/404/110 357/405/110
f 166/406/111 167/407/111 139/408/111 138/409/111
f 337/410/112 15/411/112 23/412/112 339/413/112
f 173/109/113 174/414/113 157/415/113
f 134/108/114 174/414/114 173/109/114
f 179/416/115 176/94/115 175/93/115
f 177/417/116 134/418/116 210/419/116
f 177/420/117 178/95/117 176/94/117
f 221/421/118 216/422/118 199/423/118 204/424/118 208/425/118 200/426/118 195/427/118 190/428/118 183/429/118 180/430/118 188/431/118 192/432/118 198/433/118 202/434/118 205/435/118 213/436/118 212/437/118 215/438/118 197/439/118 226/440/118
f 291/441/119 284/442/119 289/443/119 290/444/119
f 385/445/120 371/446/120 384/447/120 387/448/120 388/449/120
f 526/450/121 499/451/121 506/452/121 513/453/121 519/454/121 528/455/121 527/456/121 537/457/121 539/458/121 501/459/121 492/460/121 495/461/121 509/462/121 507/463/121 502/464/121 532/465/121 534/466/121 529/467/121
f 182/84/122 184/468/122 189/70/122
f 9/50/123 17/242/123 106/241/123 100/469/123 95/51/123
f 72/209/124 70/470/124 311/471/124 309/204/124
f 227/472/125 181/341/125 133/313/125
f 335/473/126 112/474/126 110/475/126 111/279/126 295/291/126
f 191/476/127 200/477/127 201/478/127
f 195/479/128 200/477/128 191/476/128
f 205/480/129 202/481/129 203/482/129
f 205/480/130 203/482/130 207/483/130
f 194/484/131 207/485/131 203/486/131
f 117/285/132 113/104/132 24/103/132 42/283/132
f 201/487/133 200/488/133 208/489/133
f 208/489/134 209/490/134 201/487/134
f 179/394/135 223/393/135 133/313/135
f 205/491/136 207/492/136 206/493/136
f 214/74/137 217/494/137 220/75/137
f 204/495/138 209/490/138 208/489/138
f 223/393/139 227/472/139 133/313/139
f 149/347/140 144/496/140 143/497/140 148/345/140
f 447/498/141 446/499/141 444/500/141 442/501/141 445/502/141 449/503/141 450/504/141 448/505/141
f 213/506/142 205/491/142 206/493/142
f 270/507/143 266/508/143 268/509/143 256/510/143 249/511/143 241/512/143 236/332/143 245/331/143 252/513/143 255/514/143 259/515/143 258/516/143 263/517/143 242/329/143 232/328/143 230/518/143 251/519/143 261/520/143
f 358/521/144 65/172/144 68/174/144 69/522/144 359/523/144
f 204/524/145 214/525/145 209/526/145
f 354/527/146 54/528/146 50/529/146 347/530/146
f 220/75/147 219/531/147 218/76/147
f 54/532/148 55/533/148 39/534/148 20/42/148 13/41/148 22/535/148 37/536/148 46/119/148 28/34/148 41/33/148 50/537/148
f 313/538/149 316/539/149 314/540/149 295/291/149 310/541/149
f 224/542/150 225/543/150 223/544/150
f 224/542/151 210/545/151 225/543/151
f 228/546/152 231/547/152 229/548/152
f 230/549/153 232/550/153 231/547/153
f 94/551/154 101/552/154 103/553/154 104/554/154 113/555/154 117/556/154 118/557/154 114/558/154 115/559/154 109/560/154 95/561/154 100/562/154 93/563/154 92/564/154
f 183/97/155 190/565/155 189/566/155 184/98/155
f 512/567/156 513/568/156 511/569/156 510/570/156
f 238/125/157 254/124/157 248/136/157 233/135/157 234/571/157
f 20/572/158 39/573/158 349/574/158 340/575/158
f 54/528/159 354/527/159 353/216/159 55/215/159
f 352/576/160 348/577/160 351/578/160 350/579/160 346/580/160 345/581/160 343/582/160 336/583/160 339/584/160 342/585/160 344/586/160
f 241/587/161 247/588/161 246/589/161
f 245/26/162 248/29/162 254/590/162
f 254/590/163 252/591/163 245/26/163
f 236/332/164 241/512/164 239/592/164
f 241/587/165 249/593/165 247/588/165
f 181/341/166 227/472/166 250/594/166
f 392/595/167 67/596/167 65/597/167 64/598/167 37/599/167 22/600/167 12/54/167 33/53/167 277/601/167 251/602/167 230/603/167 210/604/167 134/605/167 129/311/167 546/310/167 545/606/167 608/607/167 1099/608/167 1279/609/167 1334/610/167 525/611/167 493/612/167 452/613/167 442/614/167 416/615/167
f 254/616/168 253/617/168 252/618/168
f 193/619/169 194/620/169 198/621/169 192/622/169
f 249/623/170 257/624/170 247/625/170
f 269/113/171 228/626/171 274/114/171
f 252/618/172 253/617/172 255/627/172
f 255/627/173 253/617/173 260/628/173
f 35/629/174 332/630/174 319/631/174 47/632/174
f 262/633/175 267/130/175 257/129/175
f 257/624/176 256/634/176 262/635/176
f 257/624/177 249/623/177 256/634/177
f 228/626/178 269/113/178 227/472/178
f 230/603/179 231/636/179 225/637/179 210/604/179
f 340/638/180 341/639/180 27/640/180 20/641/180
f 255/642/181 260/643/181 259/644/181
f 256/645/182 268/646/182 262/647/182
f 267/648/183 262/647/183 268/646/183
f 407/251/184 413/649/184 412/650/184 411/252/184
f 333/651/185 315/652/185 317/653/185 318/654/185 324/655/185 322/656/185 321/657/185 319/658/185 332/659/185 329/660/185 330/661/185 326/662/185 334/663/185
f 416/615/186 442/614/186 441/664/186 440/665/186
f 271/666/187 273/667/187 272/668/187
f 268/646/188 266/669/188 267/648/188
f 269/113/189 250/594/189 227/472/189
f 34/670/190 330/671/190 329/672/190 32/673/190
f 277/601/191 280/674/191 275/675/191 251/602/191
f 449/503/192 458/676/192 459/677/192 457/678/192 450/504/192
f 275/679/193 274/680/193 276/681/193
f 251/682/194 275/679/194 276/681/194
f 287/683/195 286/684/195 285/685/195 288/686/195
f 280/687/196 279/688/196 278/689/196
f 277/690/197 281/691/197 280/687/197
f 186/692/198 196/693/198 211/694/198 206/78/198 222/77/198 224/395/198 175/83/198 187/82/198
f 266/669/199 270/695/199 271/666/199 272/668/199 267/648/199
f 292/696/200 293/697/200 287/683/200 288/686/200
f 342/698/201 339/413/201 23/412/201 29/699/201
f 173/700/202 157/372/202 127/333/202 130/701/202
f 311/702/203 279/703/203 282/704/203 294/705/203 292/706/203 288/707/203 285/708/203 306/709/203 303/710/203 304/711/203 301/712/203 309/713/203
f 431/714/204 427/715/204 422/716/204 421/717/204
f 269/113/205 278/112/205 295/291/205
f 21/294/206 18/718/206 333/719/206 334/295/206
f 418/720/207 417/721/207 412/650/207 413/649/207
f 250/594/208 269/113/208 295/291/208
f 51/722/209 323/723/209 320/724/209 63/725/209
f 341/639/210 343/726/210 30/727/210 27/640/210
f 298/728/211 291/441/211 290/444/211
f 91/729/212 296/730/212 297/731/212
f 296/732/213 294/733/213 297/734/213
f 91/386/214 73/385/214 296/735/214
f 299/736/215 298/728/215 290/444/215
f 300/737/216 298/738/216 299/739/216
f 297/731/217 90/740/217 91/729/217
f 297/731/218 301/741/218 90/740/218
f 351/742/219 348/743/219 56/744/219 28/745/219 58/746/219
f 300/737/220 299/739/220 89/747/220
f 278/112/221 310/541/221 295/291/221
f 300/737/222 89/747/222 302/748/222
f 381/749/223 379/750/223 375/751/223 380/752/223
f 305/753/224 308/754/224 307/755/224
f 305/238/225 302/756/225 87/239/225
f 89/757/226 87/239/226 302/756/226
f 195/479/227 191/476/227 189/566/227 190/565/227
f 250/594/228 295/291/228 312/758/228
f 127/333/229 544/316/229 546/759/229 128/760/229
f 148/358/230 137/357/230 158/761/230 163/762/230 161/763/230 166/764/230 138/765/230 134/766/230 172/767/230 169/768/230 160/769/230 152/770/230
f 311/471/231 313/771/231 310/772/231
f 70/470/232 313/771/232 311/471/232
f 519/773/233 513/568/233 512/567/233 518/774/233
f 74/775/234 75/776/234 364/777/234 363/778/234 360/779/234
f 486/323/235 479/322/235 468/780/235 474/781/235
f 314/782/236 316/167/236 315/783/236
f 317/784/237 315/783/237 316/167/237 66/166/237 62/785/237
f 2/786/238 7/787/238 102/788/238 96/789/238
f 237/790/239 243/28/239 244/27/239 242/791/239
f 332/792/240 35/793/240 32/673/240 329/672/240
f 192/622/241 188/794/241 185/795/241 186/796/241 187/797/241 193/619/241
f 381/798/242 376/799/242 83/800/242 80/801/242 75/802/242 74/803/242 78/804/242 88/805/242 373/806/242 377/807/242 383/808/242 86/809/242 71/810/242 68/811/242 67/812/242 84/813/242 386/814/242 379/815/242
f 283/816/243 289/443/243 284/442/243 282/817/243
f 320/818/244 323/819/244 318/654/244
f 335/473/245 295/291/245 314/540/245
f 466/820/246 462/821/246 460/822/246 455/823/246 446/824/246 447/825/246 448/826/246
f 325/827/247 51/828/247 53/829/247
f 51/830/248 325/831/248 323/832/248
f 324/833/249 326/834/249 44/835/249
f 324/655/250 318/654/250 326/662/250
f 325/836/251 53/837/251 48/838/251
f 44/835/252 326/834/252 38/839/252
f 48/838/253 328/840/253 325/836/253
f 123/841/254 355/842/254 338/843/254 121/177/254
f 318/654/255 334/663/255 326/662/255
f 499/451/256 517/844/256 515/845/256 495/461/256
f 509/237/257 508/236/257 504/63/257 507/62/257
f 389/846/258 375/751/258 379/750/258 386/351/258 388/355/258
f 119/178/259 312/758/259 295/291/259
f 177/847/260 176/848/260 174/849/260 134/850/260
f 350/851/261 351/742/261 58/746/261 46/852/261 37/853/261 64/854/261 355/855/261
f 362/378/262 76/377/262 71/856/262 361/857/262
f 333/719/263 112/858/263 335/859/263
f 18/718/264 112/858/264 333/719/264
f 12/60/265 17/59/265 9/860/265 16/861/265 26/862/265 43/863/265 49/864/265 42/865/265 24/23/265 8/22/265 4/866/265 1/867/265 10/868/265 7/869/265 2/870/265 3/871/265 6/872/265 11/24/265 14/25/265 5/873/265
f 312/758/266 119/178/266 124/303/266
f 120/292/267 124/303/267 119/178/267
f 120/292/268 121/177/268 338/843/268
f 135/874/269 136/875/269 132/876/269 130/319/269 128/318/269 131/321/269
f 221/877/270 222/878/270 218/879/270 219/880/270 216/881/270
f 336/583/271 343/582/271 341/882/271 340/883/271 349/884/271 353/885/271 354/886/271 347/887/271 346/580/271 350/579/271 355/842/271 123/841/271
f 103/231/272 101/888/272 8/889/272 11/232/272
f 378/91/273 377/90/273 373/890/273 374/891/273
f 336/583/274 337/892/274 339/584/274
f 487/324/275 452/893/275 476/894/275 485/325/275
f 540/895/276 1334/896/276 531/897/276 524/898/276
f 137/357/277 135/899/277 131/900/277 129/901/277 134/766/277 138/765/277 145/902/277 146/903/277 150/904/277 154/905/277 158/761/277
f 29/699/278 45/906/278 342/698/278
f 342/698/279 45/906/279 344/907/279
f 30/727/280 345/908/280 31/909/280
f 343/726/281 345/908/281 30/727/281
f 31/910/282 345/911/282 41/7/282
f 221/877/283 226/912/283 210/545/283 224/542/283 222/878/283
f 345/911/284 346/8/284 41/7/284
f 438/913/285 430/914/285 416/915/285 439/916/285
f 352/917/286 344/116/286 52/118/286
f 315/652/287 333/651/287 335/473/287 314/540/287
f 419/918/288 430/914/288 438/913/288 436/919/288
f 52/920/289 56/744/289 352/921/289
f 493/612/290 491/922/290 489/923/290 452/613/290
f 429/924/291 434/925/291 433/926/291 428/927/291
f 56/744/292 348/743/292 352/921/292
f 206/493/293 211/243/293 215/246/293 212/928/293 213/506/293
f 1011/929/294 120/292/294 356/930/294
f 355/855/295 64/854/295 338/931/295
f 464/932/296 465/933/296 459/677/296 458/676/296
f 282/817/297 279/688/297 280/687/297 281/691/297 283/816/297
f 356/930/298 1047/934/298 1011/929/298
f 358/521/299 357/935/299 65/172/299
f 357/405/300 356/930/300 120/292/300
f 402/936/301 408/11/301 409/10/301 401/937/301
f 359/523/302 360/779/302 363/778/302
f 60/211/303 59/18/303 321/17/303 322/212/303
f 88/938/304 78/939/304 367/940/304
f 367/941/305 369/942/305 88/943/305
f 370/944/306 368/945/306 80/946/306
f 83/947/307 370/948/307 80/949/307
f 88/943/308 369/942/308 374/950/308
f 418/951/309 413/952/309 407/953/309 404/954/309 399/955/309 401/956/309 409/957/309 414/958/309 427/959/309 420/960/309 436/961/309 438/962/309 439/182/309 395/185/309 397/963/309 398/964/309 432/965/309 435/966/309 429/967/309 425/968/309
f 372/969/310 370/948/310 83/947/310
f 327/296/311 331/4/311 40/3/311 36/293/311
f 373/970/312 88/943/312 374/950/312
f 144/496/313 136/875/313 135/874/313 137/971/313 143/497/313
f 376/972/314 372/969/314 83/947/314
f 389/973/315 387/448/315 384/447/315 378/974/315 374/975/315 369/976/315 367/977/315 366/978/315 362/979/315 361/980/315 371/446/315 358/402/315 359/981/315 363/982/315 364/983/315 368/984/315 370/985/315 372/986/315 380/987/315 375/988/315
f 162/989/316 167/990/316 166/991/316 161/992/316
f 356/930/317 357/405/317 365/404/317
f 382/403/318 358/402/318 385/445/318
f 385/445/319 358/402/319 371/446/319
f 220/993/320 217/994/320 199/995/320 216/881/320 219/880/320
f 331/996/321 327/997/321 334/663/321 318/654/321 323/819/321 325/998/321 328/999/321
f 64/1000/322 65/1001/322 357/405/322 120/292/322 338/843/322
f 282/704/323 284/1002/323 291/1003/323 298/1004/323 300/1005/323 302/1006/323 305/753/323 307/755/323 309/713/323 301/712/323 297/1007/323 294/705/323
f 8/1008/324 101/1009/324 94/228/324 4/227/324
f 387/448/325 389/973/325 388/449/325
f 356/930/326 391/1010/326 1047/934/326
f 382/353/327 390/1011/327 365/1012/327
f 390/1013/328 84/1014/328 392/1015/328
f 84/352/329 390/1011/329 382/353/329
f 390/1013/330 392/1015/330 393/1016/330
f 365/404/331 391/1010/331 356/930/331
f 84/813/332 67/812/332 392/1017/332
f 423/183/333 440/1018/333 441/1019/333 443/1020/333 437/1021/333
f 395/1022/334 394/1023/334 393/1024/334
f 393/1024/335 392/1025/335 396/1026/335
f 423/183/336 391/1010/336 394/184/336
f 141/337/337 145/344/337 138/1027/337 139/1028/337 140/338/337
f 62/785/338 57/1029/338 63/725/338 320/724/338 318/1030/338 317/784/338
f 405/1031/339 406/1032/339 411/1033/339 412/1034/339 400/1035/339 396/1036/339
f 402/1037/340 400/1035/340 412/1034/340 417/1038/340 428/1039/340 433/1040/340 424/1041/340 403/1042/340 405/1031/340 396/1036/340 392/1043/340 416/1044/340 430/1045/340 419/1046/340 426/1047/340 431/1048/340 421/1049/340 415/1050/340 408/1051/340
f 12/54/341 110/1052/341 112/1053/341 18/52/341
f 539/1054/342 537/274/342 536/278/342 525/1055/342 540/220/342 541/219/342
f 239/1056/343 241/587/343 246/589/343 240/1057/343
f 69/1058/344 68/811/344 71/810/344 76/1059/344 77/1060/344 78/804/344 74/803/344
f 391/1010/345 410/1061/345 1047/934/345
f 368/945/346 364/777/346 75/776/346 80/946/346
f 517/1062/347 516/1063/347 514/1064/347 515/1065/347
f 481/1066/348 483/1067/348 484/1068/348 482/1069/348
f 301/1070/349 304/364/349 85/363/349 90/1071/349
f 164/1072/350 163/1073/350 158/1074/350 159/1075/350
f 336/1076/351 123/297/351 122/43/351 13/45/351 15/411/351 337/410/351
f 417/1077/352 418/1078/352 425/1079/352
f 427/959/353 414/958/353 422/1080/353
f 425/1081/354 428/927/354 417/1082/354
f 425/1081/355 429/924/355 428/927/355
f 420/1083/356 427/1084/356 431/1085/356
f 437/1021/357 391/1010/357 423/183/357
f 522/1086/358 518/1087/358 512/1088/358 505/1089/358 500/1090/358 497/197/358 514/196/358 516/188/358 521/187/358 538/1091/358
f 431/1085/359 426/1092/359 420/1083/359
f 311/702/360 310/541/360 278/112/360 279/703/360
f 326/1093/361 330/671/361 34/670/361 38/1094/361
f 384/88/362 371/1095/362 86/1096/362 383/89/362
f 360/779/363 359/523/363 69/522/363 74/775/363
f 435/1097/364 434/1098/364 429/1099/364
f 505/1100/365 506/1101/365 499/1102/365 500/1103/365
f 97/16/366 3/15/366 2/786/366 96/789/366
f 391/1010/367 437/1021/367 410/1061/367
f 511/569/368 506/1101/368 505/1100/368 510/570/368
f 381/749/369 380/752/369 372/1104/369 376/1105/369
f 439/916/370 440/1106/370 423/1107/370
f 440/1106/371 439/916/371 416/915/371
f 486/1108/372 471/1109/372 478/1110/372 483/1111/372 481/1112/372 453/1113/372 445/1114/372 442/1115/372 452/1116/372 487/1117/372
f 436/919/373 420/1083/373 426/1092/373 419/918/373
f 441/1118/374 444/500/374 443/1119/374
f 444/500/375 441/1118/375 442/501/375
f 210/1120/376 226/440/376 197/439/376 185/1121/376 188/431/376 180/430/376 178/1122/376 177/1123/376
f 168/401/377 171/1124/377 173/700/377 130/701/377 132/273/377 140/272/377 139/1125/377 167/1126/377 162/1127/377 164/1128/377 159/380/377 144/267/377 149/367/377 156/366/377 165/399/377
f 400/1129/378 402/936/378 401/937/378 399/1130/378 397/1131/378 395/1022/378 393/1024/378 396/1026/378
f 485/1132/379 476/1133/379 444/1134/379 446/824/379 455/823/379 454/1135/379 482/1136/379 484/1137/379 477/1138/379 473/1139/379 467/1140/379 466/820/379 448/826/379 457/1141/379 465/1142/379 470/1143/379 475/1144/379 468/1145/379 488/1146/379
f 462/259/380 461/258/380 456/1147/380 460/1148/380
f 458/1149/381 449/1150/381 445/1114/381 453/1113/381 456/1151/381 461/1152/381 463/1153/381 471/1109/381 486/1108/381 474/1154/381 472/1155/381 469/1156/381 464/1157/381
f 450/1158/382 457/1141/382 448/826/382
f 465/1142/383 457/1141/383 459/1159/383
f 276/681/384 273/667/384 271/666/384 270/695/384 261/1160/384 251/682/384
f 433/926/385 434/925/385 435/1161/385 432/1162/385 424/1163/385
f 469/1164/386 465/933/386 464/932/386
f 465/1165/387 469/1166/387 470/1167/387
f 276/133/388 274/114/388 228/626/388 229/134/388
f 467/1168/389 463/1169/389 466/1170/389
f 467/1168/390 471/1171/390 463/1169/390
f 260/643/391 265/57/391 258/56/391 259/644/391
f 456/1147/392 453/1172/392 454/1173/392 455/1174/392 460/1148/392
f 467/1175/393 473/1176/393 471/1177/393
f 296/732/394 293/697/394 292/696/394 294/733/394
f 472/1178/395 475/1179/395 470/1167/395
f 469/1166/396 472/1178/396 470/1167/396
f 437/1021/397 480/163/397 410/1061/397
f 437/1021/398 443/1020/398 451/164/398
f 12/1180/399 5/101/399 99/100/399 107/249/399 110/248/399
f 473/1176/400 478/1181/400 471/1177/400
f 488/1146/401 468/1145/401 479/1182/401
f 468/780/402 475/1183/402 474/781/402
f 475/1183/403 472/1184/403 474/781/403
f 229/548/404 231/547/404 232/550/404 235/1185/404 234/1186/404 233/1187/404
f 501/459/405 524/898/405 490/162/405 492/460/405
f 399/955/406 404/954/406 398/964/406 397/963/406
f 239/1056/407 240/1057/407 238/1188/407 234/1186/407 235/1185/407 236/1189/407
f 476/1133/408 451/164/408 443/1020/408 444/1134/408
f 476/894/409 489/1190/409 451/1191/409
f 489/1190/410 476/894/410 452/893/410
f 480/163/411 437/1021/411 451/164/411
f 490/1192/412 491/1193/412 492/1194/412
f 491/1193/413 493/1195/413 494/1196/413
f 289/1197/414 283/1198/414 281/392/414 286/391/414 287/1199/414 293/1200/414 296/735/414 73/385/414 82/1201/414 87/1202/414 89/1203/414 299/1204/414 290/1205/414
f 202/1206/415 198/621/415 194/620/415 203/1207/415
f 204/524/416 199/995/416 217/994/416 214/525/416
f 496/1208/417 498/1209/417 495/1210/417
f 102/1211/418 7/1212/418 10/1213/418 105/1214/418
f 498/1215/419 499/451/419 495/461/419
f 164/1072/420 162/989/420 161/992/420 163/1073/420
f 176/1216/421 179/394/421 133/313/421 157/372/421 174/1217/421
f 237/1218/422 242/1219/422 263/1220/422 264/1221/422
f 500/1103/423 499/1102/423 498/1209/423 496/1208/423 495/1210/423 492/1194/423 491/1193/423 494/1196/423 497/1222/423
f 509/462/424 495/461/424 515/845/424
f 505/1089/425 512/1088/425 510/1223/425
f 506/452/426 511/1224/426 513/453/426
f 151/350/427 150/349/427 146/343/427 147/342/427
f 155/375/428 159/1225/428 158/1226/428 154/373/428
f 390/1227/429 393/1228/429 394/184/429 391/1010/429 365/404/429
f 480/163/430 490/162/430 524/898/430
f 526/1229/431 517/1230/431 499/1231/431
f 523/1232/432 519/1233/432 518/1234/432
f 517/1062/433 530/1235/433 516/1063/433
f 517/1062/434 526/1236/434 530/1235/434
f 93/1237/435 105/1238/435 10/1239/435 1/226/435 92/229/435
f 519/454/436 523/1240/436 528/455/436
f 523/1232/437 518/1234/437 522/1241/437
f 185/1242/438 197/1243/438 196/1244/438 186/1245/438
f 530/1246/439 529/263/439 535/262/439
f 526/1247/440 529/263/440 530/1246/440
f 1250/1248/441 480/163/441 531/897/441
f 481/1249/442 482/1250/442 454/1251/442 453/1252/442
f 528/1253/443 538/276/443 527/275/443
f 528/1253/444 522/1254/444 538/276/444
f 522/1254/445 528/1253/445 523/1255/445
f 403/1256/446 424/1257/446 432/1258/446 398/1259/446
f 473/1176/447 477/1260/447 484/1068/447 483/1067/447 478/1181/447
f 99/1261/448 104/554/448 103/553/448 98/1262/448 97/1263/448 96/1264/448 102/1265/448 105/1266/448 93/563/448 100/562/448 106/335/448 107/334/448
f 501/218/449 539/1054/449 541/219/449
f 524/898/450 531/897/450 480/163/450
f 540/1267/451 525/611/451 1334/610/451
f 1250/1268/452 1331/1269/452 1327/1270/452
f 547/1271/453 542/1272/453 543/1273/453
f 543/1273/454 542/1272/454 544/1274/454
f 545/1275/455 544/1276/455 542/1277/455
f 546/1278/456 544/1276/456 545/1275/456
f 544/1274/457 126/1279/457 543/1273/457
f 543/1273/458 126/1279/458 547/1271/458
f 547/1280/459 545/1281/459 542/1282/459
f 126/1279/460 563/1283/460 547/1271/460
f 125/1284/461 563/1283/461 126/1279/461
f 563/1285/462 545/1281/462 547/1280/462
f 594/1286/463 621/1287/463 628/1288/463 651/1289/463
f 566/1290/464 550/1291/464 567/1292/464
f 552/1293/465 567/1292/465 550/1291/465
f 1188/1294/466 1164/1295/466 1184/1296/466 1176/1297/466 1152/1298/466 1191/1299/466 1190/1300/466 1189/1301/466
f 554/1302/467 556/1303/467 555/1304/467
f 559/1305/468 558/1306/468 569/1307/468
f 590/1308/469 589/1309/469 581/1310/469 582/1311/469
f 1064/1312/470 1069/1313/470 1077/1314/470 1076/1315/470
f 570/1316/471 553/1317/471 551/1318/471
f 561/1319/472 570/1316/472 551/1318/472
f 570/1316/473 561/1319/473 563/1320/473
f 125/1321/474 562/1322/474 563/1320/474
f 562/1322/475 570/1316/475 563/1320/475
f 564/1323/476 568/1324/476 548/1325/476
f 548/1326/477 568/1327/477 551/1328/477
f 548/1329/478 551/1318/478 553/1317/478
f 558/1306/479 557/1330/479 569/1307/479
f 551/1318/480 568/1331/480 561/1319/480
f 571/1332/481 570/1333/481 562/1334/481
f 1259/1335/482 1254/1336/482 1255/1337/482 1256/1338/482
f 1161/1339/483 1155/1340/483 1167/1341/483 1166/1342/483
f 552/1293/484 554/1302/484 555/1304/484 556/1303/484 569/1343/484 557/1344/484 558/1345/484 559/1346/484 560/1347/484 575/1348/484 574/1349/484 566/1290/484 567/1292/484
f 561/1350/485 568/1351/485 620/1352/485
f 693/1353/486 695/1354/486 701/1355/486 694/1356/486
f 577/1357/487 575/1348/487 576/1358/487
f 585/1359/488 572/1360/488 578/1361/488
f 660/1362/489 664/1363/489 675/1364/489 673/1365/489
f 865/1366/490 872/1367/490 871/1368/490 864/1369/490
f 821/1370/491 846/1371/491 809/1372/491 795/1373/491
f 1035/1374/492 1043/1375/492 1048/1376/492 1079/1377/492
f 577/1378/493 582/1379/493 575/1380/493
f 584/1381/494 577/1357/494 576/1358/494
f 582/1311/495 583/1382/495 604/1383/495 590/1308/495
f 606/1384/496 592/1385/496 576/1386/496
f 570/1387/497 606/1388/497 576/1358/497
f 620/1352/498 563/1285/498 561/1350/498
f 562/1334/499 593/1389/499 571/1332/499
f 125/314/500 181/341/500 562/1390/500
f 608/607/501 545/606/501 620/1391/501
f 691/1392/502 698/1393/502 689/1394/502 690/1395/502
f 711/1396/503 715/1397/503 710/1398/503 699/1399/503
f 598/1400/504 596/1401/504 588/1402/504 589/1403/504 590/1404/504 603/1405/504 602/1406/504 601/1407/504 600/1408/504 599/1409/504
f 576/1358/505 592/1410/505 584/1381/505
f 570/1387/506 607/1411/506 606/1388/506
f 181/341/507 593/1412/507 562/1390/507
f 585/1359/508 609/1413/508 610/1414/508
f 621/1415/509 594/1416/509 587/1417/509
f 587/1417/510 594/1416/510 586/1418/510
f 596/1401/511 595/1419/511 588/1402/511
f 1306/1420/512 1307/1421/512 1305/1422/512 1297/1423/512
f 595/1424/513 596/1425/513 597/1426/513
f 597/1426/514 596/1425/514 598/1427/514
f 727/1428/515 756/1429/515 758/1430/515 759/1431/515 757/1432/515 755/1433/515
f 945/1434/516 946/1435/516 953/1436/516 952/1437/516
f 692/1438/517 684/1439/517 685/1440/517 693/1441/517
f 599/1409/518 600/1408/518 601/1407/518
f 1296/1442/519 1286/1443/519 1215/1444/519 1326/1445/519 1321/1446/519 1309/1447/519 1310/1448/519 1302/1449/519 1303/1450/519
f 795/1451/520 809/1452/520 793/1453/520 794/1454/520
f 788/1455/521 792/1456/521 791/1457/521 787/1458/521
f 1242/1459/522 1244/1460/522 1241/1461/522 1228/1462/522
f 926/1463/523 927/1464/523 923/1465/523 919/1466/523
f 1014/1467/524 1013/1468/524 1004/1469/524 1005/1470/524
f 607/1411/525 570/1387/525 630/1471/525
f 598/1472/526 595/1473/526 597/1474/526
f 614/1475/527 612/1476/527 613/1477/527
f 683/1478/528 688/1479/528 687/1480/528 686/1481/528 682/1482/528 679/1483/528
f 1214/1484/529 1229/1485/529 1222/1486/529 1213/1487/529
f 612/1488/530 616/1489/530 611/1490/530
f 752/1491/531 742/1492/531 741/1493/531 747/1494/531
f 630/1495/532 619/1496/532 607/1497/532
f 623/1498/533 618/1499/533 619/1500/533
f 929/1501/534 940/1502/534 949/1503/534 948/1504/534 960/1505/534 947/1506/534 932/1507/534 926/1508/534 919/1509/534 910/1510/534 908/1511/534 888/1512/534 911/1513/534 921/1514/534 924/1515/534
f 602/1516/535 657/1517/535 655/1518/535 653/1519/535 628/1520/535 621/1521/535 595/1522/535 598/1523/535 599/1524/535 601/1525/535
f 603/1526/536 605/1527/536 602/1516/536
f 624/1528/537 622/1529/537 625/1530/537
f 616/1531/538 622/1529/538 624/1528/538
f 630/1532/539 623/1498/539 619/1500/539
f 570/1387/540 571/1533/540 630/1471/540
f 813/1534/541 818/1535/541 822/1536/541 817/1537/541
f 624/1538/542 611/1490/542 616/1489/542
f 626/1539/543 625/1540/543 622/1541/543
f 627/1542/544 623/1543/544 630/1544/544
f 1090/1545/545 1097/1546/545 1089/1547/545 1080/1548/545 1081/1549/545 1094/1550/545 1095/1551/545 1098/1552/545 1093/1553/545 1092/1554/545 1091/1555/545
f 620/1352/546 545/1281/546 563/1285/546
f 626/1556/547 629/1557/547 625/1558/547
f 625/1558/548 629/1557/548 624/1559/548
f 631/1560/549 627/1542/549 630/1544/549
f 571/1533/550 631/1561/550 630/1471/550
f 650/1562/551 610/1414/551 609/1413/551
f 1103/1563/552 1112/1564/552 1111/1565/552 1106/1566/552
f 869/1567/553 856/1568/553 863/1569/553 876/1570/553
f 626/1556/554 634/1571/554 629/1557/554
f 629/1572/555 634/1573/555 632/1574/555
f 634/1571/556 626/1556/556 633/1575/556
f 631/1560/557 635/1576/557 627/1542/557
f 637/1577/558 631/1561/558 571/1533/558
f 632/1574/559 639/1578/559 638/1579/559
f 633/1575/560 632/1580/560 634/1571/560
f 631/1560/561 637/1581/561 635/1576/561
f 1298/1582/562 1293/1583/562 1294/1584/562 1299/1585/562
f 635/1586/563 637/1587/563 640/1588/563
f 593/1389/564 676/1589/564 571/1332/564
f 650/1562/565 649/1590/565 610/1414/565
f 655/1591/566 654/1592/566 653/1593/566
f 796/1594/567 782/1595/567 783/1596/567 805/1597/567 789/1598/567 802/1599/567
f 644/1600/568 635/1586/568 640/1588/568
f 642/1601/569 641/1602/569 638/1579/569
f 1289/1603/570 1281/1604/570 1283/1605/570 1301/1606/570 1300/1607/570 1299/1585/570 1294/1584/570
f 644/1600/571 640/1588/571 648/1608/571
f 990/1609/572 992/1610/572 994/1611/572 1000/1612/572 999/1613/572 998/1614/572
f 571/1533/573 648/1615/573 640/1616/573
f 640/1616/574 637/1577/574 571/1533/574
f 1080/1548/575 1089/1547/575 1088/1617/575 1087/1618/575
f 780/1619/576 781/1620/576 773/1621/576 770/1622/576
f 632/1623/577 633/1624/577 636/1625/577 639/1626/577
f 645/1627/578 659/1628/578 657/1517/578
f 784/1629/579 780/1619/579 770/1622/579 774/1630/579
f 648/1615/580 665/1631/580 661/1632/580
f 649/1590/581 667/1633/581 666/1634/581
f 773/1635/582 763/1636/582 764/1637/582 770/1638/582
f 682/1482/583 686/1481/583 685/1639/583 681/1640/583
f 678/1641/584 671/1642/584 679/1643/584 682/1644/584
f 1245/1645/585 1252/1646/585 1251/1647/585 1249/1648/585
f 1190/1649/586 1200/1650/586 1208/1651/586 1189/1652/586
f 648/1615/587 571/1533/587 665/1631/587
f 676/1589/588 593/1389/588 677/1653/588
f 764/1654/589 755/1655/589 757/1656/589 771/1657/589
f 1088/1658/590 1106/1659/590 1102/1660/590 1086/1661/590
f 658/1662/591 656/1663/591 652/1664/591 628/1665/591 653/1593/591 654/1592/591 655/1591/591 657/1666/591 659/1667/591
f 672/1668/592 673/1365/592 674/1669/592 671/1670/592 678/1671/592 670/1672/592
f 1218/1673/593 1217/1674/593 1204/1675/593 1216/1676/593
f 673/1365/594 675/1364/594 674/1669/594
f 1282/1677/595 1277/1678/595 1248/1679/595 1238/1680/595 1244/1681/595 1257/1682/595 1258/1683/595 1264/1684/595 1269/1685/595
f 676/1686/596 665/1631/596 571/1533/596
f 838/1687/597 842/1688/597 854/1689/597 862/1690/597 826/1691/597 811/1692/597 823/1693/597 827/1694/597 832/1695/597 835/1696/597
f 574/1349/598 573/1697/598 549/1698/598 566/1290/598
f 683/1699/599 679/1643/599 671/1642/599 674/1700/599 675/1701/599 665/1631/599 717/1702/599 711/1703/599 699/1704/599 690/1705/599
f 1152/1706/600 1176/1707/600 1164/1708/600 1124/1709/600 1139/1710/600 1127/1711/600 1128/1712/600 1130/1713/600 1131/1714/600
f 730/1715/601 786/1716/601 784/1629/601 774/1630/601 775/1717/601
f 683/1478/602 690/1395/602 689/1394/602 688/1479/602
f 952/1718/603 944/1719/603 936/1720/603 945/1721/603
f 1087/1618/604 1088/1617/604 1086/1722/604 1085/1723/604
f 867/1724/605 866/1725/605 860/1726/605 861/1727/605
f 1295/1728/606 1303/1729/606 1302/1730/606 1301/1731/606
f 1197/1732/607 1187/1733/607 1188/1734/607 1198/1735/607
f 699/1736/608 691/1737/608 690/1738/608
f 721/1739/609 665/1631/609 676/1686/609
f 676/1589/610 677/1653/610 721/1740/610
f 680/1741/611 684/1742/611 692/1743/611
f 1141/1744/612 1140/1745/612 1117/1746/612 1134/1747/612
f 181/341/613 677/1748/613 593/1412/613
f 703/1749/614 704/1750/614 702/1751/614
f 697/1752/615 708/1753/615 707/1754/615
f 1261/1755/616 1272/1756/616 1292/1757/616 1260/1758/616
f 707/1759/617 712/1760/617 697/1761/617
f 943/1762/618 968/1763/618 967/1764/618 966/1765/618
f 997/1766/619 996/1767/619 988/1768/619 989/1769/619
f 713/1770/620 709/1771/620 714/1772/620
f 716/1773/621 712/1760/621 713/1774/621
f 642/1775/622 638/1776/622 643/1777/622 647/1778/622
f 748/1779/623 692/1743/623 700/1780/623
f 1080/1781/624 1087/1782/624 1079/1783/624 1078/1784/624
f 665/1631/625 724/1785/625 717/1702/625
f 705/1786/626 702/1751/626 704/1750/626
f 718/1787/627 725/1788/627 716/1773/627
f 722/1789/628 718/1790/628 719/1791/628
f 607/1792/629 617/1793/629 615/1794/629 606/1384/629
f 718/1790/630 716/1795/630 713/1770/630 714/1772/630 719/1791/630
f 1220/1796/631 1221/1797/631 1226/1798/631 1225/1799/631
f 721/1739/632 724/1785/632 665/1631/632
f 724/1785/633 721/1739/633 726/1800/633
f 620/1352/20 568/1351/20 738/86/20
f 725/1801/634 718/1790/634 722/1789/634
f 722/1802/635 728/1803/635 725/1804/635
f 980/1805/636 984/1806/636 978/1807/636 977/1808/636
f 723/1809/637 724/1810/637 726/1811/637
f 659/1667/638 645/1812/638 641/1813/638 646/1814/638 658/1662/638
f 726/1811/639 729/1815/639 723/1809/639
f 181/341/640 731/1816/640 677/1748/640
f 725/1804/641 728/1803/641 734/1817/641
f 721/1739/642 740/1818/642 726/1800/642
f 726/1811/643 740/1819/643 729/1815/643
f 721/1740/644 677/1653/644 731/1820/644
f 732/1821/20 620/1352/20 738/86/20
f 739/1822/645 735/1823/645 728/1824/645
f 728/1803/646 735/1825/646 734/1817/646
f 729/1815/647 740/1819/647 737/1826/647
f 731/1820/648 730/1827/648 721/1740/648
f 727/1828/649 701/1829/649 702/1830/649 705/1831/649 706/1832/649 756/1833/649
f 1102/1834/650 1106/1566/650 1111/1565/650 1109/1835/650
f 735/1825/651 736/1836/651 734/1817/651
f 721/1739/652 730/1715/652 740/1818/652
f 564/1323/653 738/1837/653 568/1324/653
f 744/1838/654 743/1839/654 736/1840/654
f 735/1841/655 739/1842/655 745/1843/655
f 735/1844/656 745/1845/656 744/1846/656
f 736/1847/657 735/1844/657 744/1846/657
f 1116/1848/658 1115/1849/658 1112/1564/658 1103/1563/658 1100/1850/658 1104/1851/658
f 250/594/659 731/1816/659 181/341/659
f 1157/1852/660 1153/1853/660 1146/1854/660 1154/1855/660
f 802/1856/661 800/1857/661 799/1858/661 798/1859/661 810/1860/661 797/1861/661 796/1862/661
f 1144/1863/662 1151/1864/662 1150/1865/662 1147/1866/662
f 1249/1648/663 1244/1460/663 1242/1459/663 1245/1645/663
f 740/1818/664 730/1715/664 741/1867/664
f 1156/1868/665 1163/1869/665 1138/1870/665 1123/1871/665
f 761/1872/666 746/1873/666 750/1874/666
f 865/1875/667 864/1876/667 858/1877/667 859/1878/667
f 1206/1879/668 1216/1880/668 1204/1881/668 1205/1882/668
f 730/1715/669 747/1883/669 741/1867/669
f 673/1884/670 672/1885/670 656/1886/670 658/1887/670
f 758/1888/671 756/1833/671 749/1889/671
f 758/1430/672 760/1890/672 759/1431/672
f 768/1891/673 753/1892/673 769/1893/673
f 1234/1894/674 1224/1895/674 1225/1896/674 1235/1897/674
f 844/1898/675 843/1899/675 842/1900/675 841/1901/675
f 879/1902/676 878/1903/676 873/1904/676 874/1905/676
f 756/1833/677 706/1832/677 697/1761/677 712/1760/677 716/1773/677 725/1788/677 734/1906/677 736/1840/677 743/1839/677 749/1889/677
f 751/1907/678 765/1908/678 772/1909/678 771/1657/678 757/1656/678 759/1910/678 760/1911/678 761/1912/678 750/1913/678 745/1843/678
f 970/1914/679 983/1915/679 987/1916/679 982/1917/679
f 730/1715/680 762/1918/680 747/1883/680
f 717/1919/681 724/1920/681 723/1921/681 720/1922/681
f 878/1923/682 885/1924/682 883/1925/682 884/1926/682
f 775/1927/683 772/1928/683 766/1929/683
f 772/1928/684 765/1930/684 766/1929/684
f 767/1931/685 730/1715/685 766/1932/685
f 730/1715/686 767/1931/686 762/1918/686
f 766/1932/687 730/1715/687 775/1717/687
f 250/594/688 816/1933/688 731/1816/688
f 586/1934/689 579/1935/689 580/1936/689 587/1937/689
f 731/1820/690 816/1938/690 730/1827/690
f 730/1715/691 788/1939/691 786/1716/691
f 730/1715/692 792/1940/692 788/1939/692
f 815/1941/693 792/1940/693 730/1715/693
f 816/1938/694 777/1942/694 730/1827/694
f 769/1943/695 763/1636/695 773/1635/695 768/1944/695
f 1161/1945/696 1166/1946/696 1173/1947/696 1177/1948/696
f 665/1631/697 675/1701/697 664/1949/697 661/1632/697
f 787/1458/698 786/1950/698 788/1455/698
f 793/1951/699 776/1952/699 778/1953/699
f 794/1954/700 793/1955/700 779/1956/700
f 779/1956/701 793/1955/701 778/1957/701
f 950/1958/702 962/1959/702 963/1960/702 917/1961/702 933/1962/702 964/1963/702 966/1964/702 976/1965/702 975/1966/702 974/1967/702
f 806/1968/703 790/1969/703 785/1970/703
f 615/1971/704 617/1972/704 618/1973/704 623/1974/704 627/1975/704 635/1976/704 633/1977/704 626/1978/704 622/1979/704 614/1980/704 613/1981/704 604/1383/704 583/1382/704 591/1982/704
f 673/1884/705 658/1887/705 646/1983/705 647/1984/705 643/1985/705 636/1986/705 633/1977/705 635/1976/705 644/1987/705 662/1988/705 660/1989/705
f 777/1990/706 815/1941/706 730/1715/706
f 1207/1991/707 1209/1992/707 1212/1993/707 1219/1994/707
f 796/1862/708 795/1451/708 794/1454/708
f 796/1862/709 797/1861/709 795/1451/709
f 781/1620/710 776/1995/710 768/1996/710 773/1621/710
f 1247/1997/711 1255/1998/711 1254/1999/711 1246/2000/711
f 800/1857/712 802/1856/712 801/2001/712
f 801/2001/713 802/1856/713 789/2002/713 805/2003/713 790/2004/713 811/2005/713 804/2006/713 803/2007/713
f 811/1692/714 826/1691/714 804/2008/714
f 1298/2009/715 1306/2010/715 1292/2011/715 1293/2012/715
f 777/1990/716 820/2013/716 815/1941/716
f 1297/2014/717 1260/2015/717 1292/2016/717 1306/2017/717
f 801/2001/718 799/1858/718 800/1857/718
f 826/1691/719 803/2018/719 804/2008/719
f 945/1434/720 936/2019/720 941/2020/720 946/1435/720
f 808/2021/721 814/2022/721 807/2023/721
f 852/2024/722 854/2025/722 843/1899/722 855/2026/722 853/2027/722
f 1009/2028/723 1021/2029/723 1026/2030/723 1030/2031/723 1037/2032/723 1046/2033/723 1057/2034/723 1059/2035/723 1064/2036/723 1055/2037/723 1041/2038/723 1034/2039/723 1029/2040/723 1024/2041/723 1008/2042/723 1007/2043/723 1006/2044/723 999/2045/723 1000/2046/723 1001/2047/723
f 733/2048/724 748/2049/724 700/2050/724 694/2051/724
f 822/2052/725 823/1693/725 817/2053/725
f 1043/2054/726 1012/2055/726 1013/2056/726 1048/2057/726
f 827/2058/727 823/2059/727 824/2060/727
f 820/2061/728 829/2062/728 828/2063/728
f 827/2058/729 824/2060/729 831/2064/729
f 832/2065/730 827/2066/730 831/2067/730
f 820/2013/731 777/1990/731 829/2068/731
f 312/758/732 816/1933/732 250/594/732
f 833/2069/733 830/2070/733 834/2071/733
f 829/2072/734 834/2071/734 830/2070/734
f 732/1821/36 738/86/36 25/85/36
f 1135/2073/735 1119/2074/735 1107/2075/735 1136/2076/735
f 848/2077/736 797/2078/736 810/2079/736 799/2080/736 801/2081/736 803/2018/736 826/1691/736 862/1690/736 849/2082/736
f 836/2083/737 832/2065/737 831/2067/737
f 777/1990/738 834/2084/738 829/2068/738
f 836/2083/739 835/2085/739 832/2065/739
f 834/2071/740 837/2086/740 833/2069/740
f 816/1938/741 870/2087/741 777/1942/741
f 840/2088/742 837/2086/742 834/2071/742
f 836/2089/743 839/2090/743 838/2091/743
f 835/2085/744 836/2083/744 838/2092/744
f 777/1990/745 840/2093/745 834/2084/745
f 877/2094/746 870/2087/746 816/1938/746
f 840/2095/747 845/2096/747 837/2097/747
f 842/1688/748 843/2098/748 854/1689/748
f 1202/2099/749 1195/2100/749 1203/2101/749 1201/2102/749
f 840/2095/750 857/2103/750 845/2096/750
f 777/1990/751 857/2104/751 840/2093/751
f 777/1990/752 870/2105/752 925/2106/752
f 844/1898/753 855/2026/753 843/1899/753
f 844/2107/754 841/2108/754 855/2109/754
f 857/2103/755 863/1569/755 856/1568/755 845/2096/755
f 816/1933/756 312/758/756 877/2110/756
f 821/1370/757 847/2111/757 846/1371/757
f 848/2112/758 847/2113/758 821/2114/758
f 847/2115/759 859/2116/759 858/2117/759 846/2118/759
f 851/2119/760 850/2120/760 849/2121/760
f 862/2122/761 851/2119/761 849/2121/761
f 854/1689/762 852/2123/762 862/1690/762
f 621/1415/763 587/1417/763 588/1402/763 595/1419/763
f 848/2124/764 860/2125/764 847/2115/764
f 860/2125/765 859/2116/765 847/2115/765
f 549/1698/766 573/1697/766 572/2126/766 565/2127/766
f 552/2128/767 550/2129/767 566/2130/767 549/2131/767 565/2132/767 548/1329/767 553/1317/767 570/1316/767 560/2133/767 559/1305/767 569/1307/767 556/2134/767 554/2135/767
f 872/2136/768 873/1904/768 878/1903/768 884/2137/768
f 972/2138/769 947/2139/769 960/2140/769 961/2141/769
f 1032/2142/770 1048/2143/770 1013/2144/770 1014/2145/770
f 897/2146/771 958/2147/771 931/2148/771 894/2149/771
f 1068/2150/772 1074/2151/772 1082/2152/772 1067/2153/772
f 959/2154/773 971/2155/773 983/1915/773 970/1914/773
f 663/2156/774 651/2157/774 628/1665/774 652/1664/774
f 1002/2158/775 991/2159/775 1009/2160/775 1001/2161/775
f 868/2162/776 876/1570/776 875/2163/776
f 869/1567/777 876/1570/777 868/2162/777
f 366/379/778 367/940/778 78/939/778 77/376/778
f 1008/2164/779 1023/2165/779 1020/2166/779 1007/2167/779
f 873/2168/780 872/1367/780 865/1366/780
f 866/2169/781 873/2168/781 865/1366/781
f 1182/2170/782 1183/2171/782 1169/2172/782 1174/2173/782
f 955/2174/783 925/2106/783 870/2105/783
f 1016/2175/784 1018/2176/784 1072/2177/784 1054/2178/784 1071/2179/784 1040/2180/784 1049/2181/784 1032/2182/784 1014/2183/784 1015/2184/784
f 1235/2185/785 1280/2186/785 1272/2187/785 1234/2188/785
f 990/2189/786 985/2190/786 986/2191/786 992/2192/786
f 887/2193/787 880/2194/787 891/2195/787
f 912/2196/788 892/2197/788 891/2198/788 880/2199/788 879/1902/788 874/1905/788 875/2200/788 876/2201/788 863/2202/788 857/2104/788 777/1990/788 925/2106/788
f 884/1926/789 882/2203/789 881/2204/789
f 884/1926/790 883/1925/790 882/2203/790
f 1082/2152/791 1073/2205/791 1078/2206/791 1032/2207/791 1070/2208/791 1049/2209/791 1040/2210/791 1053/2211/791 1071/2212/791 1054/2213/791 1072/2214/791 1067/2153/791
f 948/2215/792 954/2216/792 961/2141/792 960/2140/792
f 1148/2217/793 1145/2218/793 1142/2219/793 1149/2220/793
f 989/2221/794 984/2222/794 985/2190/794 990/2189/794
f 815/2223/795 820/2224/795 819/2225/795 814/2226/795 808/2227/795
f 1196/2228/796 1197/2229/796 1206/2230/796 1205/2231/796
f 893/2232/797 881/2233/797 882/2234/797
f 900/2235/798 901/2236/798 902/2237/798 915/2238/798 917/2239/798 962/2240/798 950/2241/798 896/2242/798 899/2243/798
f 1198/2244/799 1207/2245/799 1206/2230/799 1197/2229/799
f 924/2246/800 921/2247/800 913/2248/800 925/2249/800
f 877/2110/801 312/758/801 124/303/801
f 914/2250/802 738/86/802 564/2251/802
f 1018/2252/803 1017/2253/803 1016/2254/803 1015/2255/803 1014/1467/803 1005/1470/803 1006/2256/803 1020/2166/803
f 1156/2257/804 1123/2258/804 1124/2259/804 1164/2260/804
f 941/2261/805 936/2262/805 937/2263/805 938/2264/805
f 1287/2265/806 1285/2266/806 1273/2267/806 1278/2268/806
f 903/2269/807 902/2237/807 901/2236/807
f 926/1463/808 932/2270/808 928/2271/808 927/1464/808
f 904/2272/809 903/2269/809 905/2273/809
f 1159/2274/810 1158/2275/810 1150/2276/810 1151/2277/810
f 696/2278/811 695/2279/811 686/2280/811 687/2281/811
f 903/2282/812 901/2283/812 900/2284/812 899/2285/812 898/2286/812 896/2287/812 889/2288/812 890/2289/812 908/2290/812 907/2291/812 906/2292/812 905/2293/812
f 867/2294/813 868/2162/813 875/2163/813 874/2295/813 873/2168/813 866/2169/813
f 907/2291/814 908/2290/814 909/2296/814
f 909/2296/815 908/2290/815 910/2297/815
f 919/1466/816 920/2298/816 910/2297/816
f 912/2299/817 911/2300/817 892/2301/817
f 925/2249/818 913/2248/818 912/2299/818
f 1156/2302/819 1187/2303/819 1175/2304/819 1163/2305/819
f 902/2237/820 915/2238/820 916/2306/820
f 915/2238/821 902/2237/821 903/2269/821
f 903/2269/822 917/2239/822 915/2238/822
f 916/2307/823 915/2308/823 902/2309/823
f 918/2310/824 907/2311/824 909/2312/824
f 909/2312/825 922/2313/825 918/2310/825
f 919/1466/826 922/2314/826 920/2298/826
f 899/2285/827 896/2287/827 898/2286/827
f 1167/2315/828 1172/2316/828 1173/2317/828 1166/2318/828
f 922/2313/829 923/2319/829 918/2310/829
f 923/1465/830 922/2314/830 919/1466/830
f 794/2320/831 779/2321/831 782/2322/831 796/2323/831
f 594/2324/832 651/2325/832 650/2326/832 609/2327/832
f 930/2328/833 924/2246/833 925/2249/833
f 925/2106/834 955/2174/834 930/2329/834
f 772/1928/835 775/1927/835 774/2330/835 770/1638/835 764/1637/835 771/2331/835
f 124/303/836 935/305/836 877/2110/836
f 918/2310/837 923/2319/837 928/2332/837
f 928/2332/838 923/2319/838 927/2333/838
f 799/1858/839 810/1860/839 798/1859/839
f 930/2328/840 929/2334/840 924/2246/840
f 931/2335/841 893/2232/841 894/2336/841
f 573/2337/842 574/2338/842 580/2339/842 579/2340/842
f 1106/1659/843 1088/1658/843 1089/2341/843 1103/2342/843
f 930/2343/844 934/2344/844 929/2345/844
f 934/2346/845 930/2329/845 955/2174/845
f 870/2087/846 877/2094/846 935/2347/846
f 937/2263/847 928/2348/847 932/2349/847
f 929/2345/848 934/2344/848 939/2350/848
f 932/2349/849 938/2264/849 937/2263/849
f 929/1501/850 939/2351/850 940/1502/850
f 936/1720/851 928/2332/851 937/2352/851
f 938/2353/852 932/2354/852 947/2355/852
f 942/2356/853 939/2350/853 934/2344/853
f 964/2357/854 933/2358/854 943/1762/854
f 938/2359/855 946/2360/855 941/2361/855
f 939/2350/856 942/2356/856 940/2362/856
f 955/2174/857 942/2363/857 934/2346/857
f 955/2174/858 870/2105/858 956/2364/858
f 942/2356/859 949/2365/859 940/2362/859
f 870/2087/860 935/2347/860 956/2366/860
f 738/86/861 914/2250/861 1105/176/861
f 1284/2367/862 1291/2368/862 1295/2369/862 1301/1606/862 1283/1605/862 1276/2370/862 1270/2371/862 1262/2372/862 1253/2373/862 1252/2374/862 1246/2375/862 1254/2376/862 1259/2377/862 1265/2378/862 1271/2379/862 1273/2380/862 1285/2381/862
f 742/2382/863 737/1826/863 740/1819/863 741/2383/863
f 954/2384/864 949/2365/864 942/2356/864
f 948/2215/865 949/2385/865 954/2216/865
f 955/2174/866 954/2386/866 942/2363/866
f 962/1959/867 917/1961/867 963/1960/867
f 573/2337/868 579/2340/868 578/2387/868 572/2388/868
f 951/2389/869 969/2390/869 976/1965/869 968/2391/869
f 972/1497/870 961/2392/870 954/2393/870
f 954/2386/871 955/2174/871 972/2394/871
f 1087/2395/872 1085/2396/872 1035/2397/872 1079/2398/872
f 964/2357/873 943/1762/873 966/1765/873
f 592/1385/874 606/1384/874 615/1794/874 591/2399/874 584/2400/874
f 976/1965/875 966/1964/875 967/2401/875
f 968/2391/876 976/1965/876 967/2401/876
f 661/2402/877 664/1363/877 660/1362/877 662/2403/877
f 957/2404/878 977/2405/878 978/2406/878
f 998/1614/879 997/1766/879 989/1769/879 990/1609/879
f 950/1958/880 974/1967/880 958/2407/880
f 958/2407/881 974/1967/881 973/2408/881
f 1143/2409/882 1147/2410/882 1150/2411/882 1158/2412/882 1162/2413/882 1168/2414/882 1169/2415/882 1183/2416/882 1181/2417/882 1186/2418/882 1193/2419/882 1200/1650/882 1190/1649/882 1192/2420/882 1180/2421/882 1167/2422/882 1155/2423/882 1146/2424/882 1149/2425/882 1142/2426/882 1119/2427/882 1135/2428/882
f 912/2299/883 913/2248/883 921/2247/883 911/2300/883
f 957/2429/884 973/2430/884 977/2431/884
f 977/2431/885 973/2430/885 980/2432/885
f 1296/2433/886 1303/1729/886 1295/1728/886 1291/2434/886
f 1208/2435/887 1200/2436/887 1210/2437/887 1209/2438/887 1207/2245/887 1198/2244/887 1199/2439/887
f 605/2440/888 603/1405/888 590/1404/888 604/2441/888
f 987/2442/889 983/2443/889 971/2444/889
f 1312/2445/890 1315/2446/890 1307/2447/890 1308/2448/890
f 848/2112/891 821/2114/891 795/2449/891 797/2450/891
f 985/2451/892 980/1805/892 979/2452/892
f 980/1805/893 985/2451/893 984/1806/893
f 1216/1880/894 1206/1879/894 1207/1991/894 1219/1994/894
f 972/2394/895 955/2174/895 991/2453/895 993/2454/895 992/2192/895 986/2191/895 987/2455/895 971/2456/895
f 991/2453/896 955/2174/896 956/2364/896
f 893/2457/897 882/2458/897 883/2459/897 895/2460/897
f 944/2461/898 965/2462/898 969/2390/898 951/2389/898
f 956/2366/899 935/2347/899 995/2463/899
f 994/1611/900 992/1610/900 993/2464/900
f 1003/2465/901 988/2466/901 996/2467/901
f 594/1416/902 609/2468/902 585/2469/902 586/1418/902
f 1314/2470/903 1061/2471/903 914/2472/903 564/1323/903 565/2473/903 572/1360/903 585/1359/903 610/1414/903 649/1590/903 666/1634/903 680/1741/903 692/1743/903 748/1779/903 753/1892/903 768/1891/903 776/1952/903 793/1951/903 858/2474/903 864/2475/903 871/2476/903 881/2233/903 893/2232/903 931/2335/903 957/2404/903 978/2406/903 988/2466/903 1003/2465/903 1035/2477/903 1086/2478/903 1102/2479/903 1137/2480/903 1109/2481/903 1121/2482/903 1122/2483/903 1163/2484/903 1175/2485/903 1205/2486/903 1204/2487/903 1223/2488/903 1233/2489/903 1260/2490/903 1305/2491/903
f 755/1433/904 754/2492/904 733/2493/904 727/1428/904
f 950/2494/905 958/2495/905 897/2496/905 896/2497/905
f 678/1671/906 669/2498/906 668/2499/906 670/1672/906
f 1002/2500/907 994/2501/907 993/2502/907
f 994/1611/908 1002/2158/908 1000/1612/908
f 1001/2161/909 1000/1612/909 1002/2158/909
f 993/2464/910 991/2159/910 1002/2158/910
f 995/304/911 124/303/911 1011/929/911
f 829/2072/912 830/2070/912 825/2503/912 828/2504/912
f 1003/2505/913 996/2506/913 1004/2507/913
f 1004/2507/914 996/2506/914 997/2508/914
f 1220/2509/915 1225/2510/915 1224/2511/915 1218/2512/915
f 753/2513/916 748/2514/916 733/2493/916 754/2492/916
f 622/1529/917 616/1531/917 612/1476/917 614/1475/917
f 120/292/918 1011/929/918 124/303/918
f 1246/2000/919 1243/2515/919 1230/2516/919 1231/2517/919
f 1221/2518/920 1220/2519/920 1219/2520/920 1212/2521/920 1213/1487/920 1222/1486/920
f 823/2059/921 822/1536/921 818/1535/921 824/2060/921
f 1017/2253/922 1018/2252/922 1016/2254/922
f 1019/2522/923 1018/2176/923 1020/2523/923
f 931/2524/924 958/2407/924 973/2408/924 957/2525/924
f 1006/2256/925 1007/2167/925 1020/2166/925
f 750/1874/926 746/1873/926 744/1846/926 745/1845/926
f 632/1574/927 645/1627/927 657/1517/927 602/1516/927 605/1527/927 611/1490/927 624/1538/927 629/1572/927
f 1009/2160/928 1010/2526/928 1021/2527/928
f 1010/2526/929 1009/2160/929 991/2159/929
f 1010/2526/930 991/2159/930 1022/2528/930
f 1022/2529/931 991/2453/931 956/2364/931
f 1027/2530/932 1022/2529/932 956/2364/932
f 702/1751/933 701/1355/933 695/1354/933 696/2531/933 708/1753/933 697/1752/933 706/2532/933 705/1786/933 704/1750/933 703/1749/933
f 1026/2533/934 1022/2528/934 1027/2534/934
f 965/2462/935 944/2461/935 952/1437/935 953/1436/935
f 1058/2535/936 1063/2536/936 1062/2537/936 1052/2538/936
f 1026/2533/937 1027/2534/937 1030/2539/937
f 995/2463/938 1031/2540/938 956/2366/938
f 618/1499/939 617/1793/939 607/1792/939 619/1500/939
f 1036/2541/940 1028/2542/940 1033/2543/940
f 1036/2541/941 1025/2544/941 1028/2542/941
f 1036/2545/942 1033/2546/942 1029/2547/942
f 712/2548/943 707/1754/943 708/1753/943 709/1771/943 713/1770/943
f 1030/2549/944 1027/2550/944 1038/2551/944
f 1037/2552/945 1030/2549/945 1038/2551/945
f 1034/2553/946 1036/2545/946 1029/2547/946
f 1038/2554/947 1027/2530/947 956/2364/947
f 995/2463/948 1039/2555/948 1031/2540/948
f 1034/2556/949 1041/2557/949 1036/2558/949
f 1038/2551/950 1042/2559/950 1037/2552/950
f 1038/2554/951 956/2364/951 1042/2560/951
f 1036/2558/952 1041/2557/952 1045/2561/952
f 1045/2562/953 1044/2563/953 1036/2541/953
f 1046/2564/954 1037/2552/954 1042/2559/954
f 995/304/955 1011/929/955 1047/934/955
f 1041/2557/956 1050/2565/956 1045/2561/956
f 1053/2211/957 1040/2210/957 1071/2212/957
f 1050/2565/958 1044/2566/958 1045/2561/958
f 1055/2567/959 1050/2568/959 1041/2569/959
f 1051/2570/960 1046/2564/960 1042/2559/960
f 1057/2571/961 1046/2564/961 1051/2570/961
f 1031/2572/962 1066/2573/962 956/2364/962
f 1044/2563/963 1056/2574/963 1052/2575/963
f 1044/2566/964 1050/2565/964 1055/2576/964
f 1055/2577/965 1056/2578/965 1044/2579/965
f 648/1608/966 661/2402/966 662/2403/966 644/1600/966
f 1051/2570/967 1060/2580/967 1057/2571/967
f 956/2364/968 1051/2581/968 1042/2560/968
f 1062/2582/969 1067/2583/969 1052/2575/969
f 1058/2535/970 1056/2578/970 1055/2577/970
f 1052/2538/971 1056/2578/971 1058/2535/971
f 760/1890/972 758/1430/972 749/2584/972 746/1873/972 761/1872/972
f 1060/2585/973 1066/2573/973 1065/2586/973
f 1060/2585/974 1051/2581/974 1066/2573/974
f 995/304/975 1047/934/975 1039/2587/975
f 710/2588/976 722/2589/976 719/2590/976 714/2591/976 709/2592/976 708/2593/976 696/2278/976 687/2281/976 688/2594/976 689/2595/976 698/2596/976
f 1051/2581/977 956/2364/977 1066/2573/977
f 1067/2583/978 1062/2582/978 1068/2597/978
f 776/2598/979 781/2599/979 779/2600/979 778/2601/979
f 807/2602/980 791/1457/980 792/1456/980 815/2223/980 808/2227/980
f 1069/2603/981 1065/2586/981 1066/2573/981
f 888/1512/982 908/1511/982 890/2604/982 886/2605/982
f 1142/2219/983 1145/2218/983 1141/1744/983 1134/1747/983
f 1070/2208/984 1032/2207/984 1049/2209/984
f 1032/2207/985 1078/2206/985 1079/1377/985 1048/1376/985
f 837/2606/986 845/2607/986 856/2608/986 869/2609/986 868/2610/986 867/1724/986 861/1727/986 853/2611/986 855/2612/986 841/2613/986 839/2614/986 836/2615/986
f 1086/2478/987 1035/2477/987 1085/2616/987
f 1120/2617/988 1105/176/988 914/2250/988
f 698/1393/989 691/1392/989 699/1399/989 710/1398/989
f 906/2618/990 943/1762/990 933/2358/990 917/2239/990 903/2269/990 904/2272/990
f 974/2619/991 979/2620/991 980/2621/991 973/2622/991
f 1084/2623/992 1075/2624/992 1077/1314/992
f 1077/1314/993 1075/2624/993 1076/1315/993
f 1186/2625/994 1194/2626/994 1195/2627/994 1202/2628/994 1193/2629/994
f 1096/2630/995 1077/2631/995 1069/2603/995
f 1096/2630/996 1069/2603/996 1066/2573/996
f 987/1916/997 986/2632/997 985/2451/997 979/2452/997 981/2633/997 982/1917/997
f 727/2634/998 733/2635/998 694/2636/998 701/2637/998
f 978/2638/999 984/2222/999 989/2221/999 988/2639/999
f 1190/1300/1000 1191/1299/1000 1179/2640/1000 1192/2641/1000
f 1223/2642/1001 1224/1895/1001 1234/1894/1001 1233/2643/1001
f 1180/2644/1002 1177/2645/1002 1173/2317/1002 1172/2316/1002
f 823/1693/1003 811/1692/1003 812/2646/1003 817/2053/1003
f 1083/2647/1004 1095/1551/1004 1094/1550/1004
f 947/2139/1005 972/2138/1005 971/2155/1005 959/2154/1005
f 1092/1554/1006 1090/1545/1006 1091/1555/1006
f 1183/2171/1007 1182/2170/1007 1194/2626/1007 1181/2648/1007
f 1039/2555/1008 1101/2649/1008 1031/2540/1008
f 1101/2650/1009 1066/2573/1009 1031/2572/1009
f 611/2651/1010 605/2440/1010 604/2441/1010 613/1477/1010 612/1476/1010
f 1099/608/1011 608/607/1011 620/1391/1011 732/2652/1011 25/2653/1011 19/2654/1011 1105/2655/1011 1211/2656/1011
f 1039/2555/1012 1108/2657/1012 1101/2649/1012
f 852/2024/1013 853/2027/1013 861/2658/1013 860/2125/1013 848/2124/1013 849/2121/1013 850/2120/1013 851/2119/1013 862/2122/1013
f 1136/2659/1014 1066/2573/1014 1101/2650/1014
f 791/2660/1015 807/2023/1015 814/2022/1015 819/2661/1015 825/2662/1015 830/2663/1015 833/2664/1015 837/2606/1015 836/2615/1015 831/2665/1015 824/2666/1015 818/2667/1015 813/2668/1015 806/1968/1015 785/1970/1015 787/2669/1015
f 1110/2670/1016 1123/2671/1016 1122/2672/1016 1121/2673/1016
f 1104/1851/1017 1118/2674/1017 1116/1848/1017
f 1104/2675/1018 1100/2676/1018 1098/2677/1018 1096/2630/1018 1066/2573/1018 1136/2659/1018 1107/2678/1018
f 1109/2481/1019 1137/2480/1019 1102/2479/1019
f 746/2679/1020 749/1889/1020 743/1839/1020 744/1838/1020
f 1293/2680/1021 1280/2681/1021 1248/2682/1021 1277/2683/1021 1288/2684/1021 1289/2685/1021 1294/2686/1021
f 866/2687/1022 865/2688/1022 859/2689/1022 860/2690/1022
f 1114/2691/1023 1115/2692/1023 1116/2693/1023
f 1104/1851/1024 1107/2075/1024 1118/2674/1024
f 591/2399/1025 583/2694/1025 582/1379/1025 577/1378/1025 584/2400/1025
f 668/2499/1026 669/2498/1026 666/2695/1026 667/2696/1026
f 656/1886/1027 672/1885/1027 670/2697/1027 652/2698/1027
f 1113/2699/1028 1123/2671/1028 1110/2670/1028
f 1124/2700/1029 1123/2671/1029 1113/2699/1029
f 582/1379/1030 581/2701/1030 580/2339/1030 574/2338/1030 575/1380/1030
f 1083/2647/1031 1075/2624/1031 1084/2623/1031 1095/1551/1031
f 1004/1469/1032 1013/1468/1032 1012/2702/1032 1003/2703/1032
f 1237/2704/1033 1238/1680/1033 1248/1679/1033 1280/2705/1033 1235/2706/1033
f 1316/2707/1034 1323/2708/1034 1312/2445/1034 1308/2448/1034 1309/1447/1034 1321/1446/1034 1320/2709/1034 1319/2710/1034 1325/2711/1034 1317/2712/1034 1313/2713/1034
f 681/2714/1035 680/2715/1035 666/2716/1035 669/2717/1035
f 1117/2718/1036 1132/2719/1036 1114/2720/1036
f 895/2721/1037 897/2722/1037 894/2723/1037 893/2724/1037
f 784/2725/1038 786/1950/1038 787/1458/1038 785/2726/1038 783/2727/1038 782/2728/1038 780/2729/1038
f 1144/2730/1039 1136/2659/1039 1101/2650/1039
f 1123/2671/1040 1138/2731/1040 1122/2672/1040
f 1193/2629/1041 1202/2628/1041 1201/2732/1041 1210/2437/1041 1200/2436/1041
f 1139/2733/1042 1126/2734/1042 1127/2735/1042
f 1128/2736/1043 1129/2737/1043 1130/2738/1043
f 1132/2739/1044 1117/1746/1044 1140/1745/1044 1133/2740/1044 1131/2741/1044 1130/2738/1044 1129/2737/1044 1128/2736/1044 1127/2735/1044 1126/2734/1044 1125/2742/1044 1124/2700/1044 1113/2699/1044 1114/2743/1044
f 1141/2744/1045 1133/2745/1045 1140/2746/1045
f 1112/2747/1046 1113/2748/1046 1110/2749/1046 1111/2750/1046
f 1135/2073/1047 1136/2076/1047 1143/2751/1047
f 1039/2587/1048 1047/934/1048 1108/2752/1048
f 1124/1709/1049 1125/2753/1049 1139/1710/1049
f 1025/2754/1050 1023/2165/1050 1008/2164/1050 1024/2755/1050 1028/2756/1050
f 1101/2650/1051 1151/2757/1051 1144/2730/1051
f 410/1061/1052 1108/2752/1052 1047/934/1052
f 1120/2617/1053 914/2250/1053 1061/2758/1053
f 825/2759/1054 819/2225/1054 820/2224/1054 828/2760/1054
f 686/2761/1055 695/2762/1055 693/2763/1055 685/2764/1055
f 1146/2765/1056 1148/2217/1056 1149/2220/1056
f 1148/2217/1057 1146/2765/1057 1153/2766/1057
f 1157/2767/1058 1148/2768/1058 1153/2769/1058
f 1163/1869/1059 1122/2770/1059 1138/1870/1059
f 1155/2771/1060 1154/2772/1060 1146/2773/1060
f 1151/2757/1061 1101/2650/1061 1159/2774/1061
f 781/2599/1062 780/2729/1062 782/2728/1062 779/2600/1062
f 1108/2657/1012 1160/2775/1012 1101/2649/1012
f 1154/1855/1063 1155/1340/1063 1157/1852/1063
f 1155/1340/1064 1161/1339/1064 1157/1852/1064
f 1004/2776/1065 997/2777/1065 998/2778/1065 1005/2779/1065
f 1158/2275/1066 1159/2274/1066 1162/2780/1066
f 1162/2780/1067 1159/2274/1067 1165/2781/1067
f 1243/2515/1068 1229/1485/1068 1214/1484/1068 1230/2516/1068
f 1165/2781/1069 1168/2782/1069 1162/2780/1069
f 1159/2774/1070 1101/2650/1070 1165/2783/1070
f 742/2784/1071 752/2785/1071 751/1907/1071 745/1843/1071 739/1842/1071 728/2786/1071 722/2589/1071 710/2588/1071 715/2787/1071 720/2788/1071 723/2789/1071 729/2790/1071 737/2791/1071
f 1165/2792/1072 1169/2172/1072 1168/2793/1072
f 1165/2792/1073 1174/2173/1073 1169/2172/1073
f 1160/2794/1074 1165/2783/1074 1101/2650/1074
f 1160/2775/1075 1108/2657/1075 1170/2795/1075
f 1108/2752/1076 410/1061/1076 1170/2796/1076
f 968/1763/1077 943/1762/1077 906/2618/1077 907/2311/1077 918/2310/1077 928/2332/1077 936/1720/1077 944/1719/1077 951/2797/1077
f 1177/1948/1078 1171/2798/1078 1179/2799/1078 1152/1706/1078 1131/1714/1078 1133/2745/1078 1141/2744/1078 1145/2800/1078 1148/2768/1078 1157/2767/1078 1161/1945/1078
f 1172/2801/1079 1167/2802/1079 1180/2803/1079
f 817/1537/1080 812/2804/1080 806/2805/1080 813/1534/1080
f 1182/2806/1081 1174/2807/1081 1194/2808/1081
f 1174/2807/1082 1165/2809/1082 1194/2808/1082
f 1120/2617/1083 1178/2810/1083 1105/176/1083
f 1185/2811/1084 1192/2641/1084 1179/2640/1084
f 1171/2812/1085 1185/2811/1085 1179/2640/1085
f 1192/2641/1086 1185/2811/1086 1180/2644/1086
f 1181/2648/1087 1194/2626/1087 1186/2625/1087
f 1120/2813/1088 1061/2471/1088 1178/2814/1088
f 1100/2676/1089 1103/2342/1089 1089/2341/1089 1097/2815/1089 1090/2816/1089 1092/2817/1089 1093/2818/1089 1098/2677/1089
f 1188/1294/1090 1187/2303/1090 1156/2302/1090
f 1188/1294/1091 1156/2302/1091 1164/1295/1091
f 811/2005/1092 790/2004/1092 806/2805/1092 812/2804/1092
f 1184/1296/1093 1164/1295/1093 1176/1297/1093
f 888/2819/1094 886/2820/1094 885/1924/1094 878/1923/1094 879/2821/1094 880/2822/1094 887/2823/1094
f 1179/2799/1095 1191/2824/1095 1152/1706/1095
f 1105/176/1096 1318/2825/1096 1211/2826/1096
f 1196/2827/1097 1205/2486/1097 1175/2485/1097
f 1261/2828/1098 1233/2829/1098 1234/2830/1098 1272/2831/1098
f 1081/2832/1099 1080/2833/1099 1078/2834/1099 1073/2835/1099
f 981/2836/1100 979/2837/1100 974/2838/1100 975/2839/1100
f 1199/2840/1101 1189/1652/1101 1208/1651/1101
f 639/1626/1102 636/1625/1102 643/1777/1102 638/1776/1102
f 1144/1863/1103 1147/1866/1103 1143/2751/1103 1136/2076/1103
f 1281/2841/1104 1290/2842/1104 1282/2843/1104 1275/2844/1104 1283/2845/1104
f 684/2846/1105 680/2847/1105 681/1640/1105 685/1639/1105
f 1210/2848/1106 1201/2102/1106 1203/2101/1106
f 1095/2849/1107 1084/2850/1107 1077/2631/1107 1096/2630/1107 1098/2677/1107
f 1160/2794/1108 1194/2851/1108 1165/2783/1108
f 1160/2775/1109 1170/2795/1109 1215/2852/1109
f 1296/2433/1110 1291/2434/1110 1284/2853/1110 1287/2265/1110
f 1076/2854/1111 1075/2855/1111 1083/2856/1111 1094/2857/1111 1081/2832/1111 1073/2835/1111 1082/2858/1111 1074/2859/1111 1063/2860/1111 1058/2861/1111 1055/2037/1111 1064/2036/1111
f 570/1387/1112 576/1358/1112 575/1348/1112 560/1347/1112
f 548/1325/1113 565/2473/1113 564/1323/1113
f 1194/2851/1114 1215/2862/1114 1255/2863/1114 1247/2864/1114 1231/2865/1114 1214/2866/1114 1213/2867/1114 1212/1993/1114 1209/1992/1114 1210/2848/1114 1203/2101/1114 1195/2100/1114
f 1194/2851/1115 1160/2794/1115 1215/2862/1115
f 767/2868/1116 766/1929/1116 765/1930/1116 751/2869/1116 762/2870/1116
f 1219/2520/1117 1218/1673/1117 1216/1676/1117
f 1219/2520/1118 1220/2519/1118 1218/1673/1118
f 668/2871/1119 667/2872/1119 649/2873/1119 663/2874/1119
f 1223/2488/1120 1204/2487/1120 1217/2875/1120
f 890/2604/1121 889/2876/1121 885/2877/1121 886/2605/1121
f 638/1579/1122 641/1602/1122 645/1627/1122 632/1574/1122
f 1065/2878/1123 1059/2879/1123 1057/2880/1123 1060/2881/1123
f 1110/2882/1124 1121/2883/1124 1109/2884/1124 1111/2885/1124
f 1043/2886/1125 1035/2477/1125 1003/2465/1125 1012/2887/1125
f 682/1644/1126 681/2714/1126 669/2717/1126 678/1641/1126
f 1214/2888/1127 1231/2889/1127 1230/2890/1127
f 1215/2852/1128 1170/2795/1128 1232/2891/1128
f 651/2157/1129 663/2156/1129 649/2892/1129 650/2893/1129
f 1308/2894/1130 1298/2895/1130 1299/2896/1130 1300/2897/1130 1310/2898/1130 1309/2899/1130
f 641/1813/1131 642/1775/1131 647/1778/1131 646/1814/1131
f 1239/2900/1132 1226/1798/1132 1227/2901/1132
f 896/2287/1133 897/2722/1133 895/2721/1133 889/2288/1133
f 1239/2902/1134 1227/2903/1134 1228/1462/1134
f 1228/1462/1135 1241/1461/1135 1240/2904/1135 1238/2905/1135 1237/2906/1135 1236/2907/1135 1235/1897/1135 1225/1896/1135 1226/2908/1135 1239/2902/1135
f 1118/2909/1136 1119/2427/1136 1142/2426/1136 1134/2910/1136 1117/2911/1136 1114/2691/1136 1116/2693/1136
f 846/2912/1137 858/2474/1137 793/1951/1137 809/2913/1137
f 1170/2796/1138 410/1061/1138 1232/2914/1138
f 1238/1680/1139 1240/2915/1139 1244/1681/1139
f 1240/2915/1140 1241/2916/1140 1244/1681/1140
f 783/1596/1141 785/1970/1141 790/1969/1141 805/1597/1141
f 1023/2917/1142 1025/2544/1142 1019/2522/1142 1020/2523/1142
f 1232/2891/1143 1268/2918/1143 1215/2852/1143
f 1107/2075/1144 1119/2074/1144 1118/2674/1144
f 1247/1997/1145 1246/2000/1145 1231/2517/1145
f 1232/2914/1146 410/1061/1146 1250/1248/1146
f 1211/2656/1147 1279/609/1147 1099/608/1147
f 1244/1681/1148 1249/2919/1148 1251/2920/1148
f 1074/2151/1149 1068/2150/1149 1062/2537/1149 1063/2536/1149
f 1029/2547/1150 1033/2546/1150 1028/2756/1150 1024/2755/1150
f 1185/2811/1151 1171/2812/1151 1177/2645/1151 1180/2644/1151
f 872/2136/1152 884/2137/1152 881/2921/1152 871/2922/1152
f 892/2301/1153 911/2300/1153 888/2819/1153 887/2823/1153 891/2923/1153
f 1257/1682/1154 1244/1681/1154 1251/2920/1154
f 1257/2924/1155 1251/1647/1155 1252/1646/1155
f 1257/2924/1156 1252/1646/1156 1258/2925/1156
f 1252/1646/1157 1253/2926/1157 1258/2925/1157
f 480/163/1158 1250/1248/1158 410/1061/1158
f 1258/2927/1159 1253/2928/1159 1262/2929/1159
f 1263/2930/1160 1256/2931/1160 1255/2932/1160
f 1263/2933/1161 1255/2863/1161 1215/2862/1161
f 1263/2934/1162 1259/1335/1162 1256/1338/1162
f 1237/2906/1163 1235/1897/1163 1236/2907/1163
f 1305/2935/1164 1307/2447/1164 1315/2446/1164 1314/2936/1164
f 1264/2937/1165 1258/2927/1165 1262/2929/1165
f 1263/2934/1166 1265/2938/1166 1259/1335/1166
f 1262/2929/1167 1266/2939/1167 1264/2937/1167
f 1270/2940/1168 1266/2941/1168 1262/2942/1168
f 1265/2938/1169 1263/2934/1169 1267/2943/1169
f 1215/2862/1170 1267/2944/1170 1263/2933/1170
f 1270/2945/1171 1264/2937/1171 1266/2939/1171
f 1267/2943/1172 1271/2946/1172 1265/2938/1172
f 1270/2947/1173 1269/2948/1173 1264/2949/1173
f 1267/2943/1174 1274/2950/1174 1271/2946/1174
f 1223/2951/1175 1217/2952/1175 1218/2953/1175 1224/2954/1175
f 1282/1677/1176 1269/1685/1176 1275/2955/1176
f 1276/2956/1177 1269/2948/1177 1270/2947/1177
f 1274/2957/1178 1278/2958/1178 1271/2959/1178
f 1278/2960/1179 1273/2961/1179 1271/2962/1179
f 1261/2963/1180 1260/2490/1180 1233/2489/1180
f 1288/2964/1181 1277/1678/1181 1282/1677/1181
f 1276/2956/1182 1275/2844/1182 1269/2948/1182
f 1275/2844/1183 1276/2956/1183 1283/2845/1183
f 1278/2965/1184 1274/2966/1184 1286/2967/1184
f 1286/2968/1185 1274/2969/1185 1215/2970/1185
f 1215/2862/1186 1274/2971/1186 1267/2944/1186
f 1215/1444/1187 1268/2972/1187 1326/1445/1187
f 906/2618/1188 904/2272/1188 905/2273/1188
f 1287/2265/1189 1284/2853/1189 1285/2266/1189
f 1278/2965/1190 1286/2967/1190 1287/2973/1190
f 1067/2583/1191 1072/2177/1191 1018/2176/1191 1019/2522/1191 1025/2544/1191 1036/2541/1191 1044/2563/1191 1052/2575/1191
f 1288/2684/1192 1282/2843/1192 1290/2842/1192
f 1281/2841/1193 1289/2685/1193 1288/2684/1193
f 1281/2841/1194 1288/2684/1194 1290/2842/1194
f 909/2296/1195 910/2297/1195 920/2298/1195 922/2314/1195
f 751/2869/1196 752/1491/1196 747/1494/1196 762/2870/1196
f 838/2091/1197 839/2090/1197 841/1901/1197 842/1900/1197
f 1292/1757/1198 1272/1756/1198 1293/2680/1198
f 1293/2680/1199 1272/1756/1199 1280/2681/1199
f 883/2974/1200 885/2975/1200 889/2976/1200 895/2977/1200
f 970/2978/1201 982/2979/1201 981/2836/1201 975/2839/1201 976/2980/1201 969/2981/1201 965/2982/1201 953/2983/1201 946/2984/1201 938/2985/1201 947/2986/1201 959/2987/1201
f 1115/2692/1202 1114/2691/1202 1113/2988/1202 1112/2989/1202
f 1304/2990/1203 1326/2991/1203 1268/2918/1203
f 1260/2490/1204 1297/2992/1204 1305/2491/1204
f 693/1353/1205 694/1356/1205 700/2993/1205 692/2994/1205
f 1005/2995/1206 998/2996/1206 999/2045/1206 1006/2044/1206
f 1065/2878/1207 1069/1313/1207 1064/1312/1207 1059/2879/1207
f 668/2997/1208 663/2998/1208 652/2999/1208 670/3000/1208
f 589/1309/1209 588/3001/1209 587/3002/1209 580/3003/1209 581/1310/1209
f 763/3004/1210 769/3005/1210 753/3006/1210 754/3007/1210
f 1296/2433/1211 1287/2265/1211 1286/3008/1211
f 1242/3009/1212 1228/3010/1212 1227/2901/1212 1226/1798/1212 1221/1797/1212 1222/3011/1212 1229/3012/1212 1243/3013/1212 1246/2375/1212 1252/2374/1212 1245/3014/1212
f 1307/1421/1213 1298/2895/1213 1308/2894/1213
f 1298/2895/1214 1307/1421/1214 1306/1420/1214
f 720/1922/1215 715/1397/1215 711/1396/1215 717/1919/1215
f 755/3015/1216 764/3016/1216 763/3017/1216 754/2509/1216
f 1188/3018/1217 1189/1652/1217 1199/2840/1217 1198/3019/1217
f 1300/2897/1218 1302/1730/1218 1310/2898/1218
f 1302/1730/1219 1300/2897/1219 1301/1731/1219
f 1304/2990/1220 1268/2918/1220 1232/2891/1220
f 1279/3020/1221 1211/2826/1221 1318/2825/1221
f 1126/3021/1222 1139/1710/1222 1125/2753/1222
f 1318/2825/20 1105/176/20 1178/2810/20
f 1311/3022/1223 1232/2914/1223 1250/1248/1223
f 586/3023/1224 585/3024/1224 578/3025/1224 579/3026/1224
f 1175/3027/1225 1187/3028/1225 1197/3029/1225 1196/3030/1225
f 1311/3031/1226 1304/2990/1226 1232/2891/1226
f 1322/3032/1227 1178/2814/1227 1061/2471/1227
f 1061/2471/1228 1314/2470/1228 1322/3032/1228
f 1317/3033/1229 1325/3034/1229 1320/3035/1229 1321/3036/1229 1326/3037/1229 1324/3038/1229 1322/3039/1229 1314/3040/1229 1315/3041/1229 1312/3042/1229 1323/3043/1229 1313/3044/1229
f 1323/3043/1230 1316/3045/1230 1313/3044/1230
f 1026/2533/1231 1021/2527/1231 1010/2526/1231 1022/2528/1231
f 1324/3046/1232 1178/2810/1232 1322/3047/1232
f 1320/2709/1233 1325/2711/1233 1319/2710/1233
f 1318/2825/1234 1178/2810/1234 1324/3046/1234
f 1324/3038/1235 1326/3037/1235 1329/3048/1235
f 1326/3037/1236 1304/3049/1236 1329/3048/1236
f 1329/3048/1237 1311/3050/1237 1327/3051/1237
f 1329/3048/1238 1304/3049/1238 1311/3050/1238
f 1324/3046/1239 1328/3052/1239 1318/2825/1239
f 1329/3048/1240 1328/3053/1240 1324/3038/1240
f 1327/3051/1241 1328/3053/1241 1329/3048/1241
f 1327/3051/1242 1311/3050/1242 1250/3054/1242
f 1318/2825/1243 1328/3052/1243 1279/3020/1243
f 1327/1270/1244 1330/3055/1244 1328/3056/1244
f 1330/3055/1245 1327/1270/1245 1331/1269/1245
f 1279/3020/1246 1328/3052/1246 1332/3057/1246
f 1332/3057/1247 1328/3052/1247 1330/3058/1247
f 1331/1269/1248 1250/1268/1248 531/3059/1248
f 231/3060/1249 228/626/1249 227/472/1249 223/393/1249 225/3061/1249
f 1333/3062/1250 1330/3055/1250 1331/1269/1250
f 1332/3063/1251 1330/3055/1251 1333/3062/1251
f 531/3059/1252 1333/3062/1252 1331/1269/1252
f 1333/3064/1253 531/3065/1253 1334/3066/1253
f 1332/3067/1254 1333/3064/1254 1334/3066/1254
f 1332/3067/1255 1334/3066/1255 1279/3068/1255
