# Blender 3.6.0
# www.blender.org
mtllib Temple3.mtl
o Building4.001
v 377.393311 12.786176 -83.581696
v 380.060486 17.286634 -83.911949
v 378.844910 14.382084 -84.405083
v 383.901306 14.233251 -83.825325
v 382.669739 16.810469 -83.760345
v 374.753632 12.426846 -82.368423
v 378.665833 11.771930 -82.232689
v 381.571442 12.575153 -83.662453
v 384.879761 12.097236 -81.828751
v 386.769775 13.068796 -82.089943
v 371.119324 14.359662 -80.749901
v 374.779236 14.132222 -83.309021
v 374.000000 17.228205 -82.402718
v 376.848907 17.203671 -83.515381
v 388.720398 14.359653 -80.749901
v 389.478973 17.233685 -79.258255
v 376.413635 18.125154 -81.777664
v 377.686584 21.978828 -80.962059
v 379.919861 18.129850 -82.343124
v 383.426758 18.123945 -81.831085
v 385.439453 17.285250 -82.648460
v 376.486389 120.332153 -81.589180
v 378.144531 122.236420 -82.291145
v 380.239166 120.311493 -82.149818
v 381.980682 122.112671 -82.208130
v 383.644653 120.395126 -81.496101
v 384.734314 122.175072 -81.180069
v 375.951538 123.349602 -80.636841
v 379.362366 123.268631 -81.634903
v 383.727753 123.394890 -80.706322
v 371.097595 12.172359 -78.965256
v 369.174072 13.723100 -78.147217
v 372.125183 13.033262 -81.228485
v 373.634552 11.790471 -79.447929
v 376.422974 11.962896 -79.067406
v 381.916687 12.075898 -79.444481
v 381.565613 12.664859 -78.024200
v 385.940063 11.990924 -76.985641
v 386.670807 11.806879 -79.457291
v 389.082336 12.217022 -78.605423
v 390.665649 13.723124 -78.147202
v 370.350586 17.249697 -79.243111
v 371.004669 18.085735 -77.401352
v 373.164612 18.107176 -79.893791
v 385.520386 23.054459 -78.907394
v 386.123627 18.201977 -80.254501
v 376.106567 25.109316 -79.233528
v 379.813171 26.973293 -79.529510
v 382.072815 26.540621 -79.310387
v 383.943481 27.736650 -77.814232
v 379.335175 29.360239 -77.749443
v 381.844116 29.343754 -77.606453
v 383.113037 35.055508 -77.630005
v 381.390106 37.870075 -78.757080
v 376.212769 44.212662 -78.360062
v 377.045471 35.834095 -77.921806
v 378.765015 40.588917 -79.081635
v 383.290619 46.945858 -78.596138
v 378.089142 49.863544 -79.185898
v 380.673035 48.325108 -79.359550
v 379.273163 56.302124 -79.170822
v 381.877197 55.002689 -79.014717
v 376.221832 56.388592 -78.216156
v 383.946838 55.308411 -78.052872
v 381.980103 76.521111 -77.710793
v 378.269592 76.761536 -77.818779
v 379.914032 72.012459 -78.363411
v 375.960083 112.634819 -77.502533
v 374.117981 118.965408 -78.476997
v 380.240265 112.234436 -77.585739
v 380.352936 112.735878 -78.812836
v 377.897400 113.195946 -78.740051
v 382.775391 112.630699 -78.114304
v 376.432678 118.990562 -80.011314
v 380.678680 118.882080 -80.701851
v 371.629578 121.753418 -78.277657
v 373.260010 120.485023 -79.836342
v 388.240814 121.734756 -78.244171
v 386.566040 120.499939 -79.853539
v 372.795410 123.180771 -78.797752
v 371.358215 123.408028 -75.958786
v 374.350281 122.261330 -80.787621
v 375.645264 123.365234 -79.291725
v 379.351807 122.149063 -78.542221
v 379.796997 123.221481 -80.091438
v 382.606934 122.055115 -77.775528
v 383.922699 123.221489 -79.082352
v 386.730774 123.034950 -79.326042
v 387.976685 123.405350 -76.930267
v 368.793091 12.567316 -75.722267
v 373.204834 11.970049 -76.264214
v 376.699799 12.663861 -77.281609
v 385.410828 12.679576 -75.212006
v 390.292755 11.848498 -73.892105
v 391.035217 12.759067 -76.120384
v 367.747650 14.230244 -74.528130
v 391.181732 17.229513 -76.092484
v 368.785400 17.302141 -76.305138
v 388.122559 18.091963 -78.470512
v 373.696228 27.297705 -75.881050
v 375.820984 29.619158 -74.416656
v 375.549500 29.512768 -75.539970
v 374.904785 27.828190 -77.005692
v 377.217957 28.597252 -77.985001
v 377.940491 29.621704 -76.161201
v 379.786316 29.838646 -76.781586
v 381.927246 29.627867 -76.165550
v 386.592743 26.732405 -75.705345
v 384.336670 29.422867 -75.772705
v 374.784729 34.048698 -75.611702
v 376.752686 31.377127 -76.605774
v 379.128662 32.628956 -77.849686
v 383.209106 30.996458 -76.241539
v 381.419189 31.464460 -77.336212
v 385.139404 34.254955 -75.608284
v 374.461853 39.442272 -76.484489
v 385.062317 39.909706 -76.922516
v 386.451538 43.755886 -75.310555
v 372.886414 47.965458 -74.502914
v 375.121460 46.246693 -77.584831
v 385.294922 47.273781 -77.067291
v 373.904114 51.200169 -76.257477
v 386.373962 55.580688 -75.319298
v 386.349548 63.575489 -74.361771
v 376.094177 73.200241 -76.958000
v 385.344086 64.233772 -76.153351
v 383.991333 74.019920 -76.692612
v 374.814453 76.989037 -75.238960
v 385.215881 80.051453 -74.618042
v 380.612976 95.023621 -76.880287
v 377.458862 88.379547 -76.706573
v 379.454437 100.950996 -76.616539
v 376.170776 94.396805 -75.246140
v 384.128540 91.556755 -74.940140
v 382.005768 95.064362 -76.494827
v 378.679993 107.246925 -76.374847
v 382.898376 106.917747 -75.435791
v 381.146973 108.074944 -76.477531
v 375.913757 110.643311 -74.795113
v 377.198242 111.297157 -76.233826
v 379.098572 110.863327 -76.856064
v 382.715942 111.467194 -76.233742
v 380.949249 111.289268 -76.904602
v 383.948181 111.037003 -74.922089
v 374.007019 112.666580 -75.387070
v 377.215332 112.253250 -76.929390
v 382.815430 112.275238 -76.856575
v 385.848694 112.656235 -75.331116
v 384.406555 112.998619 -77.306137
v 385.389130 118.936958 -78.840408
v 371.692688 118.891769 -74.995567
v 387.887085 118.918472 -75.514488
v 370.058228 121.087357 -75.323921
v 371.489349 120.279869 -77.623032
v 388.313049 120.250717 -77.631599
v 372.926178 123.154831 -75.752075
v 375.645691 122.037231 -76.840897
v 385.382172 122.058311 -75.522385
v 386.892151 123.071938 -75.499947
v 367.597290 13.648104 -72.174423
v 369.081543 11.933531 -73.089478
v 373.988312 12.660918 -70.075012
v 374.246643 12.640771 -74.945847
v 387.618652 11.986696 -73.426842
v 391.820251 12.752667 -71.928215
v 367.904572 17.221630 -72.628609
v 392.269958 14.115348 -73.676353
v 391.918579 17.272917 -71.350548
v 369.540955 18.150434 -71.376320
v 370.023834 18.105574 -75.219154
v 390.251099 18.103334 -70.688881
v 390.008392 18.101341 -74.713280
v 371.242249 23.333694 -73.792953
v 387.457184 26.746483 -72.440765
v 388.357056 23.435659 -74.411957
v 373.295197 28.621954 -71.259773
v 373.371582 28.438715 -73.420120
v 374.313843 29.467894 -71.788628
v 375.413177 29.611490 -73.145599
v 384.529938 29.615993 -71.304855
v 384.253113 29.619038 -73.919373
v 385.778748 29.344065 -72.989555
v 374.482056 31.092712 -71.980423
v 374.194458 32.940388 -73.762558
v 384.972900 30.840389 -73.817894
v 385.761169 32.670589 -70.770027
v 386.407715 34.957504 -72.232292
v 373.785919 33.846115 -70.945641
v 373.075439 37.818634 -73.062126
v 372.487946 45.972088 -72.265594
v 386.866516 39.898567 -73.447166
v 373.050385 39.221863 -70.370430
v 387.249756 44.448002 -71.139862
v 387.369141 49.650425 -72.741692
v 387.050049 54.801163 -70.398048
v 386.367798 70.400169 -72.581642
v 373.466858 70.260170 -71.322258
v 373.973999 79.222298 -72.495239
v 385.341309 86.915924 -71.580597
v 374.871155 92.833435 -72.961533
v 384.940216 93.823257 -72.595230
v 375.350769 106.396492 -72.151497
v 375.623718 102.667885 -73.694023
v 384.520386 102.860550 -72.655121
v 376.499268 107.555847 -75.100548
v 384.663330 110.890739 -73.209015
v 384.007690 107.955200 -74.139778
v 375.016205 110.294189 -72.260719
v 374.562866 112.112793 -72.586830
v 375.324738 112.181801 -74.921623
v 374.494202 112.275963 -70.377838
v 373.035919 112.800995 -72.739594
v 385.315216 112.219429 -70.583031
v 385.184021 112.244293 -74.096329
v 386.847717 112.805519 -72.489876
v 371.241028 118.963882 -71.069466
v 388.707764 118.959236 -71.798630
v 369.727844 120.361794 -72.187424
v 369.430206 121.567596 -71.965622
v 370.556824 119.805862 -74.564705
v 390.111938 120.361794 -71.743958
v 390.409546 121.567642 -71.965805
v 389.640564 120.284195 -74.979065
v 370.093994 123.132812 -72.911110
v 370.252197 122.607857 -75.418839
v 373.612183 122.050896 -73.294708
v 372.184998 123.090805 -72.600960
v 386.440125 122.073792 -71.336563
v 387.521118 122.959549 -71.962173
v 388.415161 123.406898 -67.716476
v 389.771698 123.234016 -71.864899
v 389.736115 122.205734 -75.584625
v 371.564392 11.847642 -70.021118
v 377.118042 12.678871 -66.267441
v 385.598450 12.646979 -69.012901
v 389.478180 11.797162 -68.673195
v 386.634888 11.970049 -67.667168
v 390.984589 12.417068 -68.373711
v 367.715454 13.724488 -69.623032
v 368.632050 17.182154 -67.864899
v 392.092102 14.230248 -69.403229
v 388.477539 23.238834 -69.664330
v 391.054352 17.302139 -67.626259
v 389.009338 18.079708 -66.767181
v 371.462952 23.709448 -69.880562
v 373.534241 27.443825 -68.491478
v 386.495850 28.468681 -70.688187
v 375.652283 29.611534 -69.896172
v 375.510254 29.424339 -68.153564
v 384.000366 29.618603 -69.544441
v 386.111389 27.338497 -68.042740
v 374.957825 31.286829 -69.579971
v 374.778992 34.176594 -68.244804
v 385.055023 34.048729 -68.319687
v 386.461304 39.547127 -69.285110
v 373.178467 45.547749 -68.858421
v 386.528198 48.400364 -68.411819
v 385.398132 61.383915 -67.567146
v 374.263794 77.173050 -69.809357
v 385.501495 80.433296 -70.077316
v 375.173035 98.057846 -71.424698
v 384.610962 92.200218 -69.853439
v 384.140625 99.058548 -69.773613
v 375.820648 100.309120 -69.725258
v 384.364868 103.580421 -70.763649
v 377.278259 107.676186 -68.155746
v 375.832092 107.955193 -69.791618
v 376.979095 111.313133 -67.846619
v 383.925964 110.643311 -69.136292
v 383.340515 107.555870 -68.830864
v 375.325592 111.350533 -69.792542
v 384.625214 110.543800 -70.985893
v 384.515015 112.181801 -69.009781
v 373.752319 112.693771 -68.883957
v 375.822144 112.281670 -68.050682
v 386.026978 112.695023 -68.780792
v 371.952667 118.918472 -68.416931
v 387.812561 118.907990 -68.292526
v 370.199158 120.284203 -68.952423
v 370.336670 122.123642 -67.865402
v 389.283081 119.805916 -69.366943
v 389.781555 121.087334 -68.607529
v 370.098083 122.925697 -69.806686
v 372.149048 123.334572 -69.375938
v 374.092346 122.047852 -69.084312
v 384.147614 122.052322 -66.873184
v 387.114014 123.133003 -68.615753
v 389.480713 122.515045 -68.192757
v 369.142273 12.067203 -69.206001
v 368.895660 13.366755 -66.382027
v 370.976257 12.452809 -64.470451
v 375.283020 12.064911 -65.729836
v 373.168915 11.806881 -64.474098
v 382.385132 12.644750 -66.261147
v 381.989990 11.927617 -63.853008
v 388.803558 12.175763 -65.031654
v 370.345490 17.232981 -64.696960
v 390.665649 13.723111 -65.784187
v 389.686890 17.315111 -65.069633
v 370.503784 18.126446 -67.550797
v 372.828583 18.117413 -64.243546
v 372.422058 21.001308 -65.853600
v 375.896240 27.736639 -66.117149
v 377.916992 29.347250 -66.369003
v 377.712036 29.626383 -67.875595
v 379.823181 29.651926 -67.238205
v 380.504517 29.360262 -66.182022
v 382.094177 29.614611 -67.836098
v 382.621735 28.597292 -65.946404
v 384.314270 29.506981 -68.409630
v 376.630615 30.996464 -67.689842
v 376.653748 35.128746 -66.307304
v 378.409790 31.507662 -66.581772
v 381.279572 31.523287 -66.505501
v 383.209106 30.996454 -67.689857
v 383.089783 36.142910 -66.035446
v 374.347107 38.866501 -67.757469
v 384.675873 39.459999 -66.752792
v 375.010223 46.378819 -66.369743
v 384.861206 47.112041 -66.340836
v 374.053162 52.794487 -67.526947
v 375.665527 58.702885 -66.243637
v 378.289642 67.596779 -65.514732
v 377.237854 97.198227 -67.920074
v 383.657654 64.056915 -66.174370
v 383.485199 86.970016 -67.842079
v 379.318390 102.255547 -67.350403
v 381.004028 90.138603 -66.838135
v 381.259430 101.901024 -67.526405
v 382.947266 101.294281 -68.410782
v 378.989624 107.635757 -67.420471
v 381.307556 108.205826 -67.508179
v 378.890442 111.289284 -67.026802
v 380.741211 110.863365 -67.075340
v 382.641479 111.297157 -67.697578
v 375.433197 112.998619 -66.625267
v 376.929565 112.642189 -65.881340
v 378.885895 112.278175 -66.277382
v 382.643494 112.252220 -67.012970
v 383.949585 112.627060 -66.473930
v 385.277222 118.935181 -65.029350
v 374.437683 118.934647 -65.107307
v 371.526672 120.250717 -66.299835
v 371.598938 121.734756 -65.687248
v 388.350403 120.279884 -66.308372
v 387.661377 122.112190 -64.976906
v 373.992615 123.083672 -66.885597
v 371.426758 123.379959 -67.603897
v 375.882996 123.410042 -63.734512
v 373.120544 123.026306 -64.588699
v 377.038666 122.055321 -66.163872
v 384.183716 123.089729 -65.392227
v 386.934631 123.077026 -64.858337
v 378.711426 11.769352 -62.276558
v 374.760254 12.383619 -61.600403
v 386.205200 11.790473 -64.483459
v 387.714539 13.033266 -62.702885
v 371.119324 14.359661 -63.181484
v 387.522461 16.656124 -62.469250
v 388.720398 14.359655 -63.181492
v 386.675110 18.107174 -64.037598
v 375.930115 23.166824 -64.029755
v 381.092224 24.568436 -63.640923
v 384.934967 27.828201 -66.925705
v 383.698608 25.473259 -64.839455
v 378.127930 26.262033 -64.360428
v 379.931824 27.880272 -64.949089
v 379.537231 35.330399 -65.376091
v 381.018311 40.225105 -64.934937
v 377.901459 42.601238 -64.917175
v 379.766235 47.453388 -64.541283
v 382.698669 45.215561 -65.126884
v 376.679260 49.902142 -65.261421
v 380.171967 56.773060 -64.761795
v 382.634216 54.299187 -65.165230
v 379.486816 112.735878 -65.118568
v 381.717987 113.186592 -65.170547
v 378.026337 118.940186 -63.478615
v 380.788757 118.879883 -63.298290
v 373.239563 120.494980 -64.110344
v 376.486389 120.332161 -62.342232
v 383.644745 120.395187 -62.435303
v 386.468933 120.371742 -64.077438
v 377.013733 123.013680 -62.318954
v 380.203308 122.142044 -65.425636
v 376.663574 123.257042 -64.432045
v 380.042725 123.221489 -63.839943
v 384.005798 123.439896 -63.540459
v 373.714844 13.688293 -61.226273
v 378.134430 12.876392 -60.096245
v 380.305664 12.011104 -61.013042
v 382.446411 12.786176 -60.349697
v 385.086121 12.426847 -61.562973
v 374.001709 16.851440 -61.373184
v 377.601074 17.149263 -60.191868
v 384.633148 17.280115 -60.974976
v 384.900940 14.207892 -60.516151
v 376.831360 18.154730 -62.005753
v 375.278503 17.528030 -61.250755
v 380.321167 18.105503 -61.585117
v 383.578644 18.124332 -62.210697
v 375.105408 122.175072 -62.751347
v 378.084106 121.473900 -61.684753
v 380.084473 120.314651 -61.769035
v 381.701172 122.241791 -61.645302
v 384.734314 122.175087 -62.751335
v 380.477325 123.268654 -62.296539
v 377.102600 14.116668 -59.861679
v 380.785156 17.240463 -60.006241
v 380.608612 14.152881 -59.551991
v 306.320435 17.138241 -157.012970
v 300.589722 13.035944 -155.424591
v 299.679443 12.215911 -153.890320
v 304.119781 12.334982 -156.147110
v 303.009430 14.167879 -156.909576
v 304.502014 11.859247 -155.059784
v 308.481354 12.354409 -156.228455
v 307.674530 13.684591 -157.350952
v 311.839844 12.615857 -155.510086
v 300.197327 17.229187 -155.070923
v 302.353394 17.247614 -156.101593
v 315.224548 13.678470 -153.727615
v 314.055298 14.846457 -154.842728
v 311.842651 14.192401 -156.232468
v 303.424225 18.149111 -154.919067
v 307.565796 18.131792 -155.339508
v 310.900543 17.327194 -156.114685
v 302.917297 120.343399 -154.456360
v 301.575653 122.156853 -154.125641
v 306.421570 120.336975 -155.118790
v 304.897034 121.331886 -155.219818
v 308.583038 120.576813 -155.056061
v 306.720032 122.240669 -155.301941
v 311.518005 121.393547 -154.164703
v 306.589844 123.213966 -154.685150
v 304.324951 122.571259 -154.916916
v 310.155273 122.588394 -154.590363
v 296.991272 12.357518 -151.223953
v 296.659332 13.860608 -152.446838
v 298.792480 13.640761 -154.596130
v 301.664825 11.837376 -152.063202
v 306.384521 12.660381 -151.141052
v 307.918091 11.908361 -153.326218
v 311.997498 11.831777 -153.730896
v 314.732727 12.429912 -153.199066
v 297.679230 17.204014 -153.009064
v 314.406372 17.156193 -154.048279
v 316.607239 14.621347 -152.241638
v 299.508911 18.124430 -152.686874
v 311.532471 18.142269 -154.158417
v 314.433868 18.123642 -151.771027
v 317.016968 17.212185 -150.996597
v 302.548798 23.030001 -152.928879
v 306.201416 25.547037 -153.038971
v 309.183472 24.166161 -153.102386
v 311.931915 26.185047 -150.705093
v 308.197662 28.117004 -151.656647
v 304.890106 39.217369 -151.777863
v 306.968445 35.767467 -151.591248
v 303.695374 43.625576 -151.701935
v 306.375885 46.015625 -152.381134
v 309.008270 48.397350 -151.997116
v 307.782379 61.064381 -151.925507
v 303.565491 56.146358 -151.601318
v 310.722717 62.995869 -150.516724
v 306.210327 75.767937 -151.117188
v 307.180206 112.772209 -151.772217
v 304.716248 112.815826 -151.601242
v 309.336243 112.739517 -151.196762
v 303.162109 118.907867 -153.017303
v 307.589630 118.887108 -153.656464
v 312.264832 118.934929 -151.673172
v 299.582214 120.526535 -152.553284
v 312.036255 120.065086 -153.399567
v 298.911194 122.578987 -151.765182
v 300.538696 123.225708 -152.503754
v 302.772888 123.373253 -153.663727
v 310.246674 122.071121 -150.491333
v 306.996765 123.177826 -152.918335
v 309.908630 123.410118 -152.790070
v 311.028625 123.202812 -153.706207
v 313.657227 122.554634 -152.362793
v 295.245361 13.029716 -148.973480
v 298.702606 11.794512 -151.040298
v 302.507263 12.653308 -149.609802
v 310.962494 12.666922 -149.350037
v 317.037079 12.583002 -150.501144
v 294.768860 14.226186 -148.806061
v 318.558807 13.916203 -148.459656
v 295.619659 17.281012 -149.643768
v 297.094574 18.070337 -149.499573
v 315.771484 18.055990 -150.134033
v 301.120361 27.514698 -149.759079
v 313.668549 26.409575 -148.002747
v 302.226318 29.373810 -148.749664
v 304.217316 29.402195 -150.102280
v 303.769531 27.988630 -151.390961
v 304.571960 29.626631 -149.197372
v 310.020844 29.604181 -148.121811
v 309.193817 29.421860 -149.968842
v 307.344849 29.642351 -149.663956
v 306.751129 29.245035 -150.967102
v 311.772644 29.258604 -148.114380
v 309.604309 31.230148 -149.555267
v 310.425598 28.128046 -150.671661
v 302.291626 31.135353 -148.332092
v 301.972107 35.400177 -149.568359
v 303.667786 33.173256 -150.342804
v 305.317566 31.223278 -150.283691
v 307.870697 32.248043 -150.661896
v 311.782898 31.997211 -147.593079
v 310.764252 34.768250 -149.816162
v 309.700470 40.624912 -151.447266
v 312.931366 38.390343 -147.798157
v 300.553528 39.579914 -148.577820
v 301.879730 41.046223 -150.350525
v 311.632385 40.670872 -150.027435
v 312.972107 46.097809 -148.639862
v 301.154968 46.726978 -150.056793
v 311.685760 51.207523 -150.372498
v 299.778564 51.006454 -147.973709
v 300.874023 56.242878 -149.373596
v 304.637329 79.046074 -150.575745
v 312.196930 63.533550 -148.958771
v 300.906708 74.033005 -147.588593
v 308.282166 71.056595 -151.180359
v 301.917572 75.534576 -149.065582
v 309.346985 75.236168 -150.466431
v 311.321503 77.229141 -148.736450
v 302.132690 88.212631 -148.014374
v 310.756592 93.844299 -147.789688
v 304.627289 101.596100 -149.126801
v 307.799530 99.613541 -149.559738
v 309.641998 102.802055 -148.417389
v 306.446869 102.310638 -149.588562
v 303.718079 105.404221 -148.494431
v 303.379913 111.363274 -148.845520
v 305.773651 107.488266 -149.492508
v 307.935425 109.990318 -149.554443
v 304.645050 111.420563 -149.638458
v 306.974884 111.347595 -150.057495
v 309.927826 111.497948 -148.875656
v 303.627014 112.249672 -149.794540
v 300.789368 112.743690 -148.571167
v 302.545197 112.751427 -150.486145
v 306.353760 112.250427 -150.634247
v 309.185120 112.219475 -149.947708
v 298.498352 118.885918 -148.074646
v 314.493744 118.935722 -148.622772
v 297.420715 120.508316 -149.710602
v 299.965546 118.962723 -150.666046
v 314.886963 120.570709 -151.198288
v 296.928802 122.585815 -148.386719
v 300.891388 123.068771 -150.281006
v 298.015717 123.291664 -149.416672
v 302.059601 122.071693 -149.611481
v 303.186829 123.238556 -152.329651
v 305.341614 122.060219 -151.253555
v 315.428192 122.576294 -150.161255
v 294.503632 13.121502 -145.981934
v 316.790009 11.844054 -146.743912
v 313.914307 11.879061 -149.016129
v 318.546692 12.923439 -145.516296
v 294.188202 14.438631 -144.837982
v 294.614929 17.094397 -146.374878
v 296.177124 18.087183 -146.633850
v 318.372986 17.196697 -147.076447
v 316.737976 18.140396 -147.134094
v 315.683868 22.393812 -145.861511
v 299.685486 28.137335 -145.263611
v 313.966461 27.094822 -145.050842
v 300.865051 29.356905 -146.083359
v 299.843506 27.406837 -147.702301
v 302.336273 29.625074 -147.010864
v 311.133118 29.628725 -146.177979
v 312.861816 28.759901 -146.504791
v 300.859497 31.889059 -145.143967
v 300.816620 33.979832 -147.469254
v 299.806702 39.365570 -146.870697
v 313.707458 48.977638 -147.093689
v 299.439514 46.414135 -147.007751
v 299.370239 57.504261 -145.584656
v 313.400452 63.703724 -145.965424
v 312.578979 69.960548 -147.501358
v 301.059906 85.201256 -145.875580
v 312.546722 76.863907 -146.155533
v 302.157043 96.364525 -147.053940
v 311.186462 99.277145 -146.277161
v 301.956238 101.997009 -145.010956
v 302.185242 109.924553 -146.869293
v 311.198059 103.828003 -144.757324
v 310.591248 108.115715 -147.299866
v 311.240997 108.287811 -145.340027
v 309.428009 109.677467 -148.751648
v 301.643890 111.233864 -145.829117
v 311.384277 111.383553 -146.629028
v 311.998810 112.082779 -144.973404
v 299.898834 112.799919 -146.491714
v 302.006653 112.150856 -147.888351
v 311.535828 112.224503 -147.722260
v 311.772400 112.720215 -149.365448
v 313.159790 112.826332 -147.099609
v 315.305603 118.905144 -145.175507
v 296.357239 121.499283 -146.991455
v 297.157532 119.892815 -147.581940
v 316.507202 120.606499 -147.951874
v 316.936584 122.290161 -146.075943
v 298.071564 123.403076 -148.078766
v 312.967041 122.069351 -146.014664
v 314.587097 123.196495 -145.271866
v 314.591827 123.404312 -149.155396
v 313.161560 123.014687 -149.049286
v 315.223145 123.227112 -149.693939
v 296.026917 11.891950 -146.795868
v 295.447113 12.247775 -142.925873
v 294.615112 13.863014 -141.447937
v 298.338928 11.951035 -145.524475
v 301.548950 12.659900 -141.329834
v 300.395660 12.657207 -145.869797
v 312.690277 12.670413 -144.305222
v 317.528961 12.038522 -144.549835
v 294.958557 17.238701 -141.771576
v 318.966003 14.218743 -143.687531
v 318.553375 17.191414 -143.854797
v 296.183777 18.122793 -144.391022
v 316.961487 18.125679 -143.956161
v 299.188416 26.725555 -143.194611
v 301.911682 29.714703 -144.016525
v 312.229370 29.394775 -144.199097
v 311.067566 29.617277 -143.368378
v 300.981262 35.146748 -141.695496
v 312.469421 34.355011 -142.494019
v 312.182098 31.600813 -144.738068
v 313.115570 35.501930 -145.372864
v 299.920563 36.381504 -144.427460
v 313.455994 40.130867 -143.099609
v 299.897949 42.482986 -141.898102
v 299.219269 46.289764 -144.222076
v 314.022888 45.211170 -145.049652
v 313.765778 52.478451 -143.140900
v 299.691284 62.724922 -144.165558
v 300.449371 60.260838 -141.513504
v 312.507935 67.148842 -141.933868
v 300.748840 77.598679 -143.345139
v 302.194672 96.448746 -142.819458
v 311.196381 97.856064 -143.402527
v 310.829041 106.130356 -143.339569
v 309.660278 107.976639 -141.545105
v 302.226807 106.641548 -143.539566
v 302.198364 111.368393 -142.368561
v 301.874146 109.621414 -144.497375
v 311.441406 110.496811 -144.465332
v 299.899902 112.849426 -142.950012
v 301.768768 112.219521 -142.094727
v 301.078766 112.093300 -145.270599
v 313.179688 112.684441 -143.227570
v 297.850311 118.907677 -144.777222
v 296.416565 120.264572 -144.744171
v 296.289856 121.436394 -143.276367
v 315.997864 119.852417 -142.365997
v 316.723969 121.268745 -142.273895
v 316.728424 120.341721 -144.720337
v 296.495361 123.018929 -144.171448
v 300.646088 122.067123 -142.616806
v 299.031464 123.237152 -142.075287
v 298.943359 123.008827 -146.549225
v 300.194733 122.096893 -146.135773
v 316.326233 123.178230 -143.612427
v 299.563110 11.821059 -137.265488
v 300.764465 11.976536 -139.440369
v 310.630310 12.664277 -140.238052
v 314.489014 11.931222 -142.806747
v 317.864258 17.170938 -140.940750
v 296.916077 18.164900 -141.060242
v 299.275085 23.634047 -140.193909
v 312.547668 26.489561 -140.146744
v 314.791840 24.166473 -142.572662
v 301.726471 28.608704 -140.466583
v 313.171387 28.112637 -142.845123
v 300.628967 28.773663 -142.313416
v 303.567841 29.318226 -139.895111
v 305.224731 29.639215 -140.454956
v 303.307739 29.601440 -141.553894
v 307.863464 29.631422 -140.426941
v 311.206207 29.337246 -141.302429
v 309.855133 29.636417 -141.578583
v 302.974792 31.623747 -140.635010
v 301.278717 31.910404 -142.762924
v 307.543823 31.416973 -139.459320
v 304.785492 32.377110 -139.335052
v 310.142273 31.257282 -140.745483
v 302.798431 35.973530 -139.498871
v 311.619751 35.795574 -140.604095
v 301.431976 40.926174 -139.968918
v 312.989258 44.915703 -141.309601
v 311.864594 59.195782 -140.115814
v 301.647156 71.551788 -140.856598
v 310.038239 70.485687 -139.455688
v 303.182251 74.489853 -139.744354
v 310.227875 92.443764 -141.435684
v 303.452026 101.788078 -141.462372
v 308.080811 88.328781 -139.805389
v 306.749969 94.372620 -139.979904
v 304.972717 103.804268 -140.702240
v 308.845398 100.377701 -140.840881
v 303.230377 107.483940 -141.788773
v 304.352234 109.482368 -140.800766
v 307.366516 107.603683 -140.393494
v 306.438354 112.091568 -139.525925
v 306.052002 110.435478 -140.106049
v 307.692200 111.360977 -140.020996
v 309.406219 111.425316 -140.718109
v 310.950562 111.197372 -142.449921
v 303.944702 112.078804 -140.220947
v 308.870361 112.259125 -139.764679
v 310.060242 112.690125 -139.097839
v 311.987762 113.013893 -140.569855
v 311.293762 112.210785 -141.864441
v 300.342163 118.917053 -138.920731
v 298.603149 118.907990 -141.494324
v 314.616577 118.898781 -141.569183
v 297.057556 120.735764 -140.851852
v 298.567810 119.811325 -139.362732
v 297.614960 122.493721 -139.907166
v 298.167175 123.356087 -140.603302
v 300.739807 123.216324 -139.258514
v 302.264893 122.082283 -140.171860
v 312.283417 122.075836 -141.717484
v 314.905548 123.371887 -140.441986
v 313.708282 123.127670 -141.447266
v 296.174957 13.786680 -138.207916
v 298.420380 12.313269 -136.970398
v 296.443909 12.412384 -139.402222
v 306.523773 12.018758 -137.069595
v 312.216156 11.886739 -138.972321
v 305.877991 12.671648 -138.748352
v 314.476135 11.907608 -137.782700
v 314.260681 12.797814 -135.793793
v 316.574585 13.210103 -138.073196
v 317.750641 12.575593 -141.215683
v 257.242676 13.739708 -136.549561
v 296.552490 17.164413 -138.366165
v 317.738922 14.135341 -139.448013
v 298.702881 18.155441 -138.201981
v 316.505676 17.265083 -138.310120
v 315.715271 18.092033 -139.665146
v 301.491791 24.382948 -138.162811
v 303.943909 27.001125 -137.995834
v 307.519318 27.475897 -137.687653
v 309.807831 22.834909 -136.525665
v 310.757751 27.992229 -139.314362
v 305.740234 28.715496 -138.502655
v 308.074585 29.391947 -139.396530
v 306.258667 35.683533 -138.333191
v 309.069244 34.302341 -139.142456
v 307.053101 41.196476 -137.778732
v 309.672577 39.876431 -138.541290
v 303.791290 43.267857 -138.134399
v 311.367523 47.789936 -139.180054
v 305.490936 46.262165 -137.651810
v 301.358093 50.475422 -139.706589
v 307.079651 52.963860 -137.617996
v 308.434723 63.892838 -138.338135
v 305.763916 68.216576 -138.413666
v 304.817627 113.111015 -138.136414
v 307.255341 112.713646 -138.190399
v 302.005249 112.651314 -139.819916
v 302.718292 118.886696 -137.155029
v 305.358734 118.937004 -136.327667
v 308.556122 118.917038 -136.478073
v 311.671722 118.930847 -137.830612
v 301.440247 120.569191 -135.954529
v 298.798401 121.024269 -138.053284
v 313.154175 120.694580 -136.930298
v 314.693481 120.198837 -138.899231
v 315.605865 122.197548 -139.739166
v 299.916260 122.999138 -137.442535
v 305.553589 123.025276 -137.157471
v 305.428192 122.081924 -138.604828
v 310.573914 123.109543 -138.107483
v 309.043579 122.080261 -138.989960
v 311.989197 123.373009 -137.095566
v 313.908600 122.591537 -137.842789
v 249.059525 12.948446 -135.085892
v 252.225998 11.950916 -134.934128
v 254.463730 12.855927 -136.338196
v 257.240753 12.371067 -135.549454
v 257.965912 11.846461 -134.125031
v 261.657806 12.576396 -133.947372
v 301.401733 12.552909 -134.435654
v 302.986084 13.778480 -133.088699
v 306.106323 11.798596 -134.889053
v 306.845795 12.309602 -133.500336
v 311.049561 13.539560 -133.381592
v 312.054810 12.187845 -135.202621
v 349.686859 13.055830 -133.238892
v 353.625671 13.109665 -135.671082
v 358.160919 12.745594 -136.139160
v 361.367401 12.804521 -135.584320
v 364.435242 12.805507 -134.069473
v 248.221848 14.018601 -134.931061
v 248.644104 17.233517 -134.688339
v 250.446228 16.773170 -135.700668
v 252.373398 14.233596 -136.608719
v 258.087463 17.245180 -135.854950
v 260.647461 14.336957 -135.338196
v 262.659729 16.287708 -133.652802
v 260.950226 17.289343 -134.559998
v 300.326660 14.734458 -134.234787
v 301.770752 17.304235 -134.037537
v 298.539856 13.953008 -135.440491
v 313.704590 15.095461 -134.870438
v 315.683197 14.212449 -136.499847
v 314.189270 17.263327 -135.769684
v 350.942749 14.345922 -134.599075
v 350.325958 16.842197 -133.736557
v 352.467651 17.228748 -134.898697
v 353.707886 15.056388 -135.900146
v 356.457306 14.373449 -136.544357
v 358.155945 16.678078 -136.358673
v 360.183105 14.319101 -136.375000
v 364.000153 14.484286 -134.942184
v 250.776642 18.132433 -134.022934
v 253.773743 18.114450 -134.764130
v 253.719284 17.148294 -136.393066
v 257.455261 21.912722 -133.259842
v 258.061646 18.136774 -134.329330
v 299.156982 17.241636 -135.591766
v 301.524414 18.137943 -135.847107
v 304.165985 18.074375 -134.720901
v 307.646179 18.177782 -134.568970
v 311.111786 17.184027 -133.825378
v 312.037811 18.105869 -135.963730
v 353.537598 18.134182 -133.790802
v 355.394287 17.295168 -135.919647
v 357.931580 18.123751 -134.633041
v 361.400116 18.116219 -133.961899
v 359.893433 17.427952 -135.745941
v 362.585632 17.205341 -135.170776
v 359.478546 23.184223 -132.883789
v 249.728973 121.727058 -133.521988
v 253.464157 120.337212 -134.459564
v 253.677017 121.620338 -134.793091
v 257.328339 120.553032 -134.360138
v 303.887878 120.994293 -134.918274
v 307.028137 121.357132 -134.516220
v 306.687500 120.211708 -134.844299
v 310.405579 120.679665 -135.318146
v 357.144104 119.876579 -133.953751
v 354.078979 120.346687 -133.739578
v 353.664368 122.226318 -133.778244
v 357.539978 121.279366 -134.751129
v 362.577454 120.757393 -133.463181
v 251.390533 122.641029 -134.026154
v 255.308380 123.097168 -134.296921
v 257.618408 122.631866 -134.201584
v 301.585175 122.538895 -135.993317
v 302.474091 123.427551 -136.459763
v 305.479248 122.537834 -134.747742
v 306.664276 123.188446 -135.207993
v 309.268066 122.987144 -135.276550
v 311.998535 122.437668 -136.181168
v 356.440613 123.119110 -134.001114
v 358.678711 122.534767 -134.423813
v 247.751984 11.754077 -130.936905
v 245.005173 13.132128 -131.671478
v 253.274612 11.847491 -132.724716
v 254.162048 12.651650 -130.660385
v 258.573517 11.842899 -131.777664
v 264.275696 13.913594 -132.297562
v 307.178040 13.461949 -132.611160
v 350.955383 12.224403 -133.214722
v 355.030609 11.848864 -134.355621
v 354.744019 11.975733 -131.490952
v 362.834717 11.879130 -130.787903
v 358.765076 11.872121 -132.410721
v 362.046478 11.884562 -133.780685
v 366.623810 12.936022 -132.279785
v 244.546814 17.185951 -130.717651
v 246.175873 14.436659 -133.330902
v 304.395538 16.731133 -133.046814
v 306.733276 17.324862 -133.065216
v 307.168579 15.384826 -132.614960
v 348.907837 17.312555 -132.233948
v 348.653778 14.340800 -132.699753
v 367.339508 14.251108 -132.121140
v 367.833038 17.192944 -130.622513
v 248.246597 18.107443 -132.525681
v 246.501877 17.301867 -133.017883
v 260.509369 18.155197 -133.178009
v 264.373413 17.223074 -131.500183
v 350.419922 18.115875 -131.650543
v 364.136414 18.122068 -132.415512
v 365.961761 17.268867 -132.868683
v 250.722214 23.035032 -132.400970
v 261.317810 23.563787 -130.118027
v 356.571777 22.853167 -133.137436
v 361.237823 26.208601 -131.190460
v 252.400146 28.486570 -130.649704
v 254.584885 26.272011 -132.132553
v 354.418884 27.885818 -130.474792
v 357.642029 28.014589 -131.223450
v 256.048859 35.216866 -130.726791
v 357.709930 38.565830 -131.191803
v 359.832428 37.647282 -130.750183
v 253.470444 43.258324 -131.574005
v 354.283997 41.835781 -130.663712
v 256.463959 48.790543 -131.605682
v 256.121582 40.179756 -131.403717
v 359.958649 47.974003 -131.373230
v 255.347824 53.628490 -131.710754
v 259.088013 48.323975 -130.464600
v 354.470673 49.060802 -130.872162
v 356.761169 49.864338 -131.582901
v 358.445160 55.606682 -131.418320
v 252.298340 52.313377 -131.365158
v 355.698730 59.282478 -130.990311
v 253.878845 61.737785 -131.280777
v 255.585800 67.787056 -130.982803
v 252.215073 113.057297 -130.883209
v 253.607300 118.927299 -133.047424
v 254.929398 112.728706 -131.228241
v 257.621002 112.722527 -130.549133
v 354.721924 112.754379 -130.369553
v 357.550629 112.781586 -131.060852
v 250.904587 118.867844 -132.175598
v 353.434753 118.879402 -131.779358
v 356.290863 118.844566 -132.772125
v 360.101105 118.877350 -132.644958
v 247.233475 121.701546 -131.673553
v 250.396713 120.328568 -133.652390
v 257.833618 118.976097 -132.591095
v 260.080200 120.580948 -133.225540
v 262.651184 120.208061 -130.637283
v 350.944305 120.378227 -131.859741
v 351.123230 122.248917 -132.229965
v 360.436005 119.796829 -133.570343
v 364.855652 120.325356 -131.487717
v 365.675293 121.918175 -130.977753
v 248.852982 123.176834 -132.219696
v 251.328781 123.090370 -131.490173
v 251.368759 123.436859 -133.043991
v 254.880707 122.042816 -130.783188
v 254.399292 123.050613 -132.137405
v 258.845642 123.155228 -131.337967
v 259.067932 123.377487 -132.794586
v 262.143250 123.266319 -130.688675
v 260.133240 122.564674 -133.047531
v 352.460663 123.100731 -130.112885
v 351.819672 123.414200 -131.063904
v 352.981110 123.230743 -132.728638
v 355.879822 122.060219 -130.353210
v 355.050476 123.400833 -132.480774
v 359.166718 122.090469 -130.508911
v 359.894775 123.036537 -131.737549
v 360.013214 123.426056 -133.203400
v 361.130249 122.952591 -133.696762
v 363.437317 122.936630 -132.487244
v 243.390915 12.547648 -127.258911
v 245.907104 12.180989 -131.380295
v 249.046204 12.127793 -129.199219
v 261.706818 11.993741 -128.280762
v 260.189850 12.654363 -127.799454
v 264.863434 12.506632 -130.229340
v 347.753479 11.869567 -128.049408
v 347.190277 12.543050 -129.430161
v 350.272186 11.889563 -128.253265
v 353.432007 12.652776 -128.725616
v 357.317078 12.670851 -130.343719
v 361.718933 12.656430 -129.079742
v 366.751526 11.950247 -130.255676
v 368.895142 12.958081 -128.733154
v 243.444672 14.245778 -129.751694
v 265.855286 14.118724 -129.927795
v 346.933472 17.262955 -129.322449
v 346.941467 14.153220 -130.362869
v 369.006714 14.493332 -129.344116
v 246.276184 18.126383 -130.529449
v 264.137451 18.067038 -129.114365
v 350.091492 23.982805 -128.220810
v 348.033020 18.114277 -128.155731
v 366.449524 18.135908 -129.879196
v 247.317245 22.524342 -129.715973
v 364.445068 23.299696 -129.977509
v 248.601837 28.217180 -127.449516
v 250.330597 28.039923 -129.783630
v 261.440613 27.013727 -127.564316
v 352.564880 27.376423 -129.360657
v 364.668579 27.351128 -126.563843
v 362.964844 28.007845 -128.840347
v 252.877151 29.627529 -128.704727
v 251.569717 29.428846 -129.164429
v 254.575745 29.328131 -130.298370
v 254.191254 31.012522 -129.738327
v 259.990509 28.902901 -127.881271
v 257.608093 29.334818 -129.421585
v 256.812042 29.631786 -128.642670
v 257.130524 28.089298 -130.896759
v 259.398895 27.552629 -129.877594
v 354.779114 29.664976 -127.986931
v 353.816498 29.351084 -128.483566
v 356.875397 29.266041 -130.087128
v 360.728760 29.275055 -129.448471
v 360.070618 29.624559 -128.250885
v 357.689087 29.688416 -129.089172
v 251.216400 31.624025 -128.877991
v 253.410370 34.344593 -130.632492
v 256.169312 31.534334 -129.767090
v 258.512207 31.408794 -128.508209
v 354.136230 32.411800 -128.963623
v 355.632355 32.626644 -129.774490
v 358.706360 32.071209 -129.933350
v 361.443359 32.619957 -128.926544
v 248.990952 35.584969 -127.756058
v 250.535675 37.469936 -129.768661
v 251.464920 40.109341 -130.736465
v 257.960968 35.030571 -129.999084
v 260.328461 34.433842 -127.327576
v 352.219086 35.103638 -127.595367
v 356.648438 36.399101 -130.805405
v 362.900269 37.575943 -128.774048
v 259.342712 38.085812 -129.594269
v 260.948029 40.683048 -127.970383
v 361.352173 42.049370 -130.486511
v 248.089401 44.396027 -127.580750
v 249.530075 46.259705 -129.677826
v 353.091614 48.771759 -130.006363
v 363.807068 48.176262 -128.478165
v 351.648438 54.185905 -128.268936
v 351.910034 41.656048 -128.543350
v 248.318436 54.672077 -127.897003
v 250.412735 56.525703 -130.191101
v 362.509949 54.785912 -129.714539
v 260.843719 52.974941 -128.419464
v 351.930511 66.515480 -127.548508
v 249.096008 70.855553 -127.537338
v 360.318085 71.548065 -130.090454
v 353.198395 62.065075 -129.518555
v 258.133881 58.364803 -130.669708
v 352.955475 76.624016 -128.017273
v 354.594055 76.476898 -129.465363
v 362.802002 72.277969 -128.080414
v 251.083572 73.037628 -129.498260
v 256.436035 81.336021 -129.920700
v 358.005188 74.860023 -130.400604
v 253.491196 77.876381 -130.220428
v 258.153198 102.298714 -127.528336
v 251.713318 92.864708 -128.536896
v 357.502106 98.832939 -128.970337
v 254.776001 95.473633 -129.343414
v 361.029175 100.629173 -127.477539
v 355.653717 103.927353 -128.298767
v 359.606903 100.598961 -128.517426
v 255.860428 103.979958 -128.850830
v 252.721634 105.513557 -128.410187
v 358.164734 104.087425 -128.833923
v 360.906799 109.953629 -127.769714
v 359.691132 106.896172 -128.394043
v 251.795258 109.105278 -128.055740
v 256.513000 109.598251 -128.822174
v 254.331863 107.510834 -128.996613
v 257.917236 108.918015 -127.785233
v 357.159241 109.363144 -128.928207
v 251.914795 111.402954 -128.576416
v 253.724792 111.411690 -129.375015
v 258.651917 111.374405 -127.608963
v 256.592957 111.555061 -129.220276
v 354.636414 110.822701 -127.993225
v 355.407532 112.143181 -129.225372
v 358.606171 111.370575 -129.212997
v 360.640625 112.135155 -128.807861
v 248.963409 112.771561 -128.183533
v 253.321411 112.262955 -129.918259
v 250.979141 112.741447 -130.075394
v 259.220642 112.243378 -127.753265
v 256.969788 112.272881 -129.648956
v 260.099121 112.703461 -128.552277
v 353.590454 112.246819 -128.020844
v 352.580933 112.993607 -128.870987
v 358.047058 112.234833 -129.857468
v 360.216461 112.704796 -130.559402
v 362.560394 113.166557 -129.418640
v 248.179306 118.841293 -130.134338
v 260.653748 118.932976 -130.771698
v 365.731873 118.899109 -127.768517
v 363.359253 118.926888 -130.859741
v 244.962494 120.645737 -127.889572
v 245.476151 122.316811 -128.998093
v 247.118256 120.223106 -131.012253
v 264.272491 120.852127 -128.448532
v 262.269257 121.737877 -131.634766
v 349.118591 119.868279 -128.891678
v 350.978119 118.947533 -129.708344
v 349.186493 121.086563 -130.157272
v 366.785706 120.331512 -128.966202
v 367.390839 121.736610 -128.110062
v 246.095840 123.122330 -129.288986
v 246.765991 123.380623 -129.111664
v 247.937546 123.079132 -128.380173
v 251.341156 122.069633 -129.939407
v 257.850586 122.175644 -130.212006
v 260.269135 122.069069 -127.744034
v 263.953796 122.516594 -128.894577
v 349.143707 123.030174 -129.452911
v 362.242859 122.087944 -128.896744
v 364.743286 123.424362 -130.027679
v 363.083557 123.053009 -129.796310
v 366.170868 123.114380 -129.384186
v 244.842010 11.806559 -126.445862
v 246.890686 12.005651 -125.119370
v 249.784042 12.660455 -128.256699
v 263.764679 11.801892 -129.532074
v 266.248596 12.585639 -126.777786
v 351.649292 12.660711 -125.295258
v 363.652252 12.665924 -125.669128
v 367.512726 11.776272 -122.453720
v 368.999146 12.328300 -125.869507
v 370.027618 13.719536 -125.589203
v 242.265991 14.123223 -124.486748
v 243.100067 17.268126 -127.043747
v 266.930389 14.258419 -126.792282
v 266.474030 17.298870 -126.861832
v 345.387512 14.226030 -125.334610
v 345.840179 17.256882 -125.302475
v 346.091309 16.635948 -127.727005
v 345.829773 13.929513 -127.608841
v 369.329346 16.646057 -127.787201
v 244.673019 18.120794 -127.142509
v 265.075043 18.143051 -125.473495
v 347.308289 18.134542 -124.205704
v 367.728577 18.118059 -127.213516
v 369.133453 17.477831 -126.960831
v 262.834412 25.057507 -125.781509
v 366.658203 22.435123 -125.935745
v 246.843582 25.373493 -126.121689
v 350.722168 27.862387 -124.951935
v 249.353424 29.396076 -126.388901
v 250.441528 29.620478 -126.449203
v 259.431122 29.628687 -124.172142
v 258.648926 29.608057 -126.849838
v 259.801758 30.876305 -126.031662
v 261.376740 28.422934 -125.067589
v 260.105591 29.468212 -125.978661
v 352.077820 29.148958 -126.510117
v 353.252075 29.651506 -125.675972
v 351.345520 27.797915 -127.176071
v 362.014282 29.616800 -126.314819
v 363.431244 29.392704 -125.495178
v 248.959686 32.352489 -125.762329
v 260.903503 34.239552 -125.633987
v 352.380554 32.300621 -126.719948
v 363.195496 32.090748 -126.341049
v 350.676544 39.327732 -124.999069
v 364.156525 38.606068 -126.942749
v 261.925964 41.278397 -124.900146
v 364.750183 39.515038 -124.341721
v 247.533691 40.739197 -124.651596
v 261.602722 48.307518 -127.243332
v 350.529785 47.329327 -126.304474
v 365.060852 45.348003 -125.441055
v 247.435501 48.721672 -125.709335
v 261.961151 53.613991 -125.613998
v 350.806549 54.717464 -126.534821
v 364.616669 52.524399 -126.792770
v 247.488190 55.866295 -124.675812
v 364.934143 56.743805 -124.059860
v 350.527161 57.016773 -123.978157
v 248.377762 70.007263 -125.743156
v 351.529083 72.069588 -125.574051
v 363.609161 78.518646 -125.308846
v 260.063904 87.889801 -125.302689
v 249.728134 93.751503 -124.865456
v 250.610321 90.090996 -127.680161
v 353.712158 103.322647 -126.341194
v 362.068115 99.055527 -126.124275
v 258.789825 101.909035 -126.666809
v 259.495789 98.063004 -123.769638
v 353.253052 105.579659 -124.879883
v 354.221313 101.642891 -127.216743
v 250.897644 101.246437 -127.074478
v 259.349274 108.124382 -124.826180
v 362.312378 106.373192 -124.221893
v 250.053726 107.414597 -124.306793
v 250.517044 110.809601 -126.877998
v 259.129791 110.067101 -126.219788
v 362.159821 109.393639 -125.857529
v 249.951752 111.486542 -126.199287
v 352.804382 111.273323 -125.135727
v 353.376221 111.089226 -126.643951
v 362.220947 111.158813 -126.416153
v 249.249481 112.256523 -125.821167
v 247.942490 112.760750 -125.242668
v 250.543167 112.231155 -128.160797
v 260.147980 112.131775 -125.424530
v 261.481720 112.617149 -124.209442
v 261.445587 113.056038 -126.361664
v 350.703979 112.942543 -123.853806
v 352.246521 112.248482 -125.689774
v 351.686249 112.729782 -127.410416
v 349.488586 118.924652 -127.092537
v 362.968323 112.270462 -126.534134
v 364.038574 112.694939 -126.863464
v 246.385559 118.913788 -126.858086
v 263.410889 118.946976 -125.411819
v 262.526764 118.911469 -128.206223
v 366.399292 118.890160 -124.220375
v 347.780334 121.000221 -127.266716
v 367.859528 120.487427 -125.928108
v 248.379654 122.028908 -124.194901
v 248.980362 122.079704 -127.222885
v 261.827850 123.053146 -127.626099
v 264.956909 122.806885 -124.373260
v 347.816956 122.450577 -127.031006
v 349.748657 123.450371 -127.806229
v 351.708008 122.042938 -126.486435
v 364.108429 122.081825 -125.390976
v 365.249695 122.902931 -125.795532
v 244.303909 11.988335 -121.758438
v 243.001755 12.521640 -123.826408
v 262.450195 12.028117 -123.497330
v 266.309814 12.407912 -122.960403
v 345.913696 12.551198 -124.104767
v 345.466919 13.924045 -122.000565
v 349.865662 11.957132 -123.003204
v 366.374542 11.818067 -125.967926
v 266.748474 16.906216 -123.133408
v 369.825378 16.852491 -124.438889
v 242.778931 17.226793 -123.813118
v 244.248322 18.099859 -124.237045
v 347.629883 18.105139 -121.666290
v 368.155365 18.089888 -123.227371
v 369.425323 17.183575 -121.739365
v 348.742371 22.833860 -124.753372
v 248.261505 28.199713 -122.070969
v 247.711487 28.011906 -123.992691
v 262.593811 25.863232 -123.365402
v 364.830719 27.788948 -123.890984
v 249.207825 29.458017 -123.286728
v 250.328323 29.639652 -122.471069
v 258.622742 29.626593 -121.750992
v 260.354492 29.370461 -123.020920
v 350.937683 27.969870 -122.475830
v 352.198792 29.433731 -122.735245
v 353.328308 29.622623 -122.417786
v 352.729462 31.200527 -121.941254
v 362.369293 29.641315 -123.028328
v 248.342468 35.940197 -122.370522
v 249.275909 31.318539 -123.536758
v 260.493073 32.340294 -122.974937
v 351.919647 32.060207 -124.361473
v 363.687469 33.911564 -122.175293
v 261.400879 36.714176 -123.255798
v 351.525848 35.534512 -122.057724
v 364.050812 34.225426 -123.970917
v 350.593750 43.728302 -122.361176
v 261.889923 50.049290 -122.209663
v 364.511383 42.094479 -121.432556
v 364.927368 49.185947 -122.373566
v 247.363968 52.265079 -123.320473
v 350.890137 53.611645 -121.605988
v 248.263870 63.130211 -121.984665
v 261.648499 63.008247 -123.970543
v 351.881439 79.262024 -123.273804
v 363.865295 76.212914 -123.739243
v 248.689880 75.948730 -123.346420
v 352.391327 82.474449 -122.205917
v 363.530090 77.167984 -122.526703
v 260.015869 81.262077 -122.016830
v 250.231201 101.051880 -123.264297
v 362.027466 93.680695 -121.379959
v 251.095184 101.267174 -121.454636
v 362.517273 98.210472 -123.741707
v 353.522217 108.642769 -122.266205
v 259.032593 108.420486 -122.624428
v 353.220490 101.738129 -123.039406
v 250.659729 109.825424 -121.961563
v 249.639206 111.432426 -124.261131
v 259.783661 111.363724 -123.768417
v 352.799500 111.090637 -123.720764
v 362.482544 110.350517 -123.217407
v 250.040421 112.174500 -121.458557
v 249.160568 112.253433 -123.354843
v 259.690552 112.172371 -121.589249
v 260.814758 112.721504 -121.305176
v 352.477844 112.179550 -122.401169
v 362.704529 112.079262 -122.145248
v 364.585541 112.770317 -123.827919
v 363.177185 112.112488 -124.022476
v 246.045883 118.886894 -123.908676
v 349.052887 118.931801 -122.957535
v 244.289276 121.472130 -124.080429
v 244.756638 120.279366 -122.705444
v 244.601074 120.364777 -125.427475
v 264.767151 120.526405 -121.903481
v 264.711060 120.087349 -125.852219
v 265.150696 121.504875 -125.156586
v 347.300232 121.485374 -123.506729
v 347.695557 120.203720 -125.240555
v 347.748993 120.292709 -122.457092
v 367.813293 120.337471 -122.868118
v 368.119049 121.481461 -123.522095
v 244.718643 123.062790 -125.160385
v 262.291321 122.947777 -123.375946
v 261.145813 122.072067 -123.857971
v 263.969116 123.410454 -126.413559
v 347.737366 123.049377 -124.389267
v 349.984009 123.013016 -122.575241
v 366.977539 123.458740 -124.816254
v 367.778412 122.852058 -125.551247
v 243.297729 13.205371 -120.060074
v 247.638565 11.898759 -120.268906
v 248.611053 12.666029 -123.181427
v 251.080978 12.657560 -119.320267
v 259.721283 12.681180 -120.572250
v 263.390869 11.814379 -118.882751
v 264.786102 12.319757 -118.999130
v 347.347900 12.513291 -118.859451
v 347.680664 11.816113 -122.353622
v 363.617157 12.090665 -119.412979
v 369.225098 12.566918 -121.609398
v 242.952789 14.870442 -120.557961
v 243.214691 17.196159 -121.102097
v 266.236694 16.628191 -120.462845
v 267.075867 14.034142 -122.825218
v 346.026489 17.251017 -121.568024
v 368.965637 14.849151 -119.027130
v 369.949707 14.093695 -121.905121
v 245.093246 18.110991 -120.369576
v 265.796997 17.509384 -120.606354
v 263.682648 18.092855 -119.007553
v 264.854980 18.112782 -121.890488
v 348.993317 18.154459 -118.437798
v 349.560150 23.726583 -121.079201
v 366.730530 18.133566 -118.963570
v 248.906128 27.195921 -119.811188
v 366.461151 22.526558 -121.631523
v 246.338974 22.891396 -121.177200
v 261.822998 25.623350 -120.709106
v 352.127686 27.985998 -120.060608
v 364.223541 27.662195 -121.234192
v 249.962280 29.152668 -120.699402
v 252.753723 29.485085 -119.095406
v 252.859695 29.622536 -120.058083
v 250.600235 30.873066 -120.871391
v 256.501465 29.628988 -119.959465
v 254.775848 32.172588 -118.491333
v 259.527710 28.321362 -119.500946
v 258.193665 29.429623 -119.732224
v 261.112640 28.241867 -122.031906
v 353.448792 29.228588 -120.081833
v 355.467834 29.468376 -119.130707
v 355.032196 29.646292 -120.257950
v 357.660034 29.676847 -119.490700
v 362.011536 28.789003 -119.377792
v 360.427185 29.669737 -120.241180
v 363.122253 29.318720 -121.844330
v 250.038147 35.587124 -119.774658
v 252.591034 32.874298 -118.737526
v 257.151917 32.513939 -118.928467
v 259.086548 31.560974 -120.822937
v 362.455688 31.466412 -121.283386
v 248.128464 43.653542 -121.060944
v 259.836121 36.245483 -120.030785
v 353.382111 34.578106 -119.383575
v 362.586548 36.187286 -119.630630
v 250.559341 40.510391 -118.554909
v 351.742737 40.549252 -120.340973
v 261.038055 42.197544 -120.796143
v 362.150391 41.215118 -118.509781
v 260.736481 50.086369 -120.009842
v 351.609467 48.243698 -119.966721
v 249.999725 49.731087 -118.589874
v 248.323059 54.607372 -120.881973
v 249.336365 59.318966 -119.783340
v 259.935638 63.323612 -119.791855
v 353.898712 61.585884 -118.355789
v 351.933167 64.021576 -120.560356
v 363.321838 73.458328 -121.305199
v 258.900452 75.873032 -119.821884
v 353.625549 78.663956 -119.837769
v 250.515076 74.416306 -119.728638
v 249.745667 77.433617 -120.912125
v 252.410263 101.883476 -120.383255
v 258.786560 95.032951 -121.589523
v 257.242340 89.621063 -119.717941
v 354.058929 100.895790 -121.331047
v 254.743179 102.291138 -119.752914
v 359.888367 100.168137 -120.051453
v 357.725952 102.670815 -119.622726
v 256.542999 106.432167 -120.187027
v 359.149994 104.899742 -119.872101
v 355.774200 103.432899 -120.002014
v 257.764252 106.749741 -120.916115
v 360.475891 109.120117 -120.432701
v 361.773438 107.518982 -122.036850
v 253.827026 108.929016 -119.786621
v 255.370758 109.277245 -119.694305
v 356.884766 107.714233 -119.636932
v 354.605042 109.461586 -120.609619
v 358.526367 110.396423 -119.432693
v 252.273895 109.275024 -120.355453
v 251.255112 111.589500 -120.523224
v 253.790314 111.386223 -119.328308
v 255.387451 111.938461 -119.116638
v 257.152008 111.338509 -119.957443
v 258.593811 110.749504 -121.277206
v 355.761475 111.326996 -119.564232
v 359.972595 111.508415 -119.619919
v 361.555115 111.521034 -120.796677
v 249.639206 113.031441 -119.573349
v 248.406616 112.648872 -121.905518
v 252.059692 112.263283 -119.350739
v 256.852112 112.216988 -119.146469
v 259.288605 112.748108 -119.242950
v 352.738190 113.016716 -119.362427
v 351.699646 112.729805 -121.106125
v 356.287415 112.182579 -118.825790
v 353.574890 112.117348 -120.644226
v 358.543091 112.125618 -118.824432
v 362.342621 112.758713 -119.156433
v 360.959442 112.259155 -119.511032
v 363.982239 112.765465 -121.328247
v 365.703308 118.906105 -120.594543
v 246.818405 118.966797 -120.652718
v 261.101685 118.923584 -118.436600
v 350.434387 118.926422 -119.390839
v 245.520844 120.360847 -120.000809
v 245.628876 121.848610 -119.345543
v 244.646332 121.861534 -121.745453
v 262.932770 118.908615 -121.350258
v 263.929382 120.771851 -119.640244
v 348.655334 120.372063 -119.463631
v 348.161926 121.468941 -120.062294
v 367.007324 120.446419 -119.878601
v 367.180359 121.700966 -119.773819
v 245.686111 123.104599 -120.202805
v 246.180756 123.410767 -121.479034
v 247.068787 122.997215 -123.376511
v 249.481491 122.140533 -120.267616
v 250.484421 123.089111 -117.744453
v 248.240936 123.014709 -120.241714
v 259.763550 122.070854 -120.235977
v 262.779083 123.415588 -120.483078
v 263.938110 122.573624 -119.809784
v 263.666107 123.193321 -120.143295
v 348.624115 122.918251 -119.618225
v 348.861359 123.408188 -121.383347
v 351.831268 122.066925 -121.429062
v 365.013184 123.124931 -121.177345
v 363.632751 122.057419 -121.827988
v 366.514465 123.030487 -119.383499
v 367.669006 122.861427 -122.411896
v 244.374771 13.918372 -117.495605
v 247.360397 11.857403 -116.810913
v 245.054794 12.305579 -118.433411
v 250.640091 11.954810 -117.615891
v 254.779724 11.981279 -116.345245
v 255.728760 12.674962 -118.286636
v 259.821106 11.956574 -117.929352
v 263.991699 13.028709 -116.620522
v 349.634003 11.847578 -117.890854
v 348.036041 13.108156 -116.935806
v 356.257111 11.809456 -114.328003
v 352.619843 12.402233 -119.556862
v 358.151215 12.010172 -116.353165
v 357.524597 12.674340 -118.011765
v 362.706116 12.655818 -119.993950
v 366.432678 12.232615 -116.842056
v 368.667389 13.207108 -118.853607
v 245.135284 17.191496 -117.151527
v 264.226288 17.144159 -117.013367
v 265.773193 13.883938 -118.704361
v 346.855316 14.304219 -118.081711
v 347.379028 17.272387 -118.263832
v 367.146057 14.197631 -116.096634
v 368.062286 17.191170 -118.117615
v 246.715195 18.117176 -117.746727
v 261.016541 18.120630 -116.008324
v 260.603424 23.343231 -117.820702
v 349.092163 16.855745 -115.771980
v 352.545319 26.301733 -118.376114
v 353.836426 23.847980 -116.445709
v 364.237488 18.131781 -116.088158
v 364.104614 24.445347 -118.702271
v 251.233383 28.395992 -118.571228
v 252.067642 25.788475 -116.827301
v 255.903580 26.950119 -117.005127
v 257.821625 26.741182 -117.400520
v 356.518005 28.247334 -117.474060
v 354.702454 28.186523 -118.071098
v 361.674316 26.171442 -117.408829
v 254.763062 28.725105 -117.822098
v 358.981293 29.146683 -118.186699
v 356.010254 31.885805 -118.788223
v 358.288055 31.751024 -118.512177
v 360.951477 32.064606 -119.380692
v 253.070358 37.837357 -117.694946
v 255.950150 39.045483 -117.475769
v 356.560791 35.904247 -117.675964
v 359.781403 36.687077 -117.791405
v 257.653564 42.598454 -117.662384
v 355.353760 41.182205 -117.428665
v 357.973877 40.904785 -117.063164
v 251.639130 44.332775 -117.732056
v 253.787598 46.358250 -116.958145
v 259.184906 42.823410 -118.629120
v 353.291809 43.259331 -118.321381
v 356.634613 46.407795 -116.880493
v 359.000610 50.311409 -116.871704
v 256.142609 52.804970 -117.125015
v 361.571960 50.981731 -117.853592
v 251.369293 55.434662 -117.923676
v 259.142761 50.188839 -118.400665
v 363.434265 52.624359 -119.478470
v 256.840698 63.884842 -117.852325
v 355.921753 59.310493 -117.378021
v 253.057266 67.011978 -117.934593
v 357.675262 66.948341 -117.541382
v 255.218231 79.151894 -118.461807
v 360.004608 65.312965 -117.820435
v 355.735779 85.622757 -119.019455
v 358.140717 87.189674 -118.793633
v 251.960800 112.655663 -118.208214
v 251.342300 118.944550 -116.287674
v 257.244354 112.723534 -118.031067
v 254.344437 112.762070 -117.528244
v 258.558868 118.926697 -116.556030
v 356.630981 112.739708 -117.441933
v 354.460266 112.722214 -118.199188
v 359.942596 112.819908 -117.608536
v 255.290756 118.882874 -115.664726
v 353.080841 118.933823 -116.825302
v 356.851166 118.851387 -115.502548
v 360.893402 118.929047 -116.095963
v 363.602997 118.966980 -117.723984
v 247.228577 120.535660 -117.230301
v 248.650528 118.895416 -118.152267
v 262.736511 120.607590 -117.834724
v 350.446930 121.214691 -116.687256
v 352.021301 120.200745 -115.819031
v 362.113434 119.875595 -115.415985
v 365.203308 121.951767 -116.914825
v 365.311035 120.274811 -117.467331
v 247.686966 122.540771 -116.921059
v 249.292389 123.228668 -116.188789
v 254.315262 122.978439 -116.699509
v 252.389923 122.058907 -118.481674
v 255.684250 122.064507 -117.989288
v 257.572327 123.110275 -117.061554
v 260.859772 123.136963 -119.244957
v 261.784088 122.523659 -116.934555
v 260.002533 123.406822 -116.605843
v 351.588287 122.934822 -116.153336
v 352.335632 123.229408 -118.128555
v 359.957916 123.020393 -116.840271
v 355.667358 123.159172 -116.462585
v 356.251556 122.037170 -117.814209
v 362.778900 123.036163 -118.311485
v 361.629852 122.099373 -118.920792
v 363.497009 122.964554 -115.950058
v 365.318115 123.411003 -119.199677
v 246.520966 12.932771 -115.615761
v 249.892563 12.396482 -113.779312
v 252.324203 11.763143 -114.914795
v 256.895691 12.258944 -113.078033
v 257.066772 11.821405 -114.581291
v 259.384155 13.958345 -112.861557
v 261.111511 12.427224 -114.622002
v 350.185028 12.458888 -115.416283
v 352.506989 12.809564 -113.431259
v 353.211121 11.959215 -114.531586
v 357.379547 12.450889 -112.531311
v 362.155762 12.286914 -113.583481
v 361.887207 11.744527 -115.321121
v 364.683105 13.082328 -114.341042
v 246.469131 14.494451 -115.086365
v 248.273712 17.291306 -114.321289
v 249.119125 14.046784 -113.325562
v 262.995697 14.235412 -115.064392
v 350.016541 14.258762 -114.452354
v 352.780853 14.581233 -112.848862
v 351.027710 17.267056 -114.294617
v 363.676819 14.192324 -113.328369
v 363.491638 17.253216 -113.736801
v 248.460327 18.111050 -115.952515
v 252.018494 18.119173 -114.302689
v 256.367767 18.125610 -114.039108
v 261.534729 17.231649 -114.539062
v 352.111816 18.126646 -115.435707
v 354.941650 18.116209 -114.161125
v 358.782043 18.169340 -113.860779
v 356.961853 22.245655 -115.081406
v 361.547119 18.126713 -114.518082
v 359.505402 25.632772 -116.390007
v 365.466492 17.280989 -115.068604
v 254.524384 22.572731 -115.284378
v 250.284866 121.733673 -114.921127
v 250.200653 120.226044 -115.373962
v 253.104279 120.507362 -114.189125
v 255.832962 120.322777 -114.279030
v 256.581238 121.771568 -114.116135
v 259.411224 119.881081 -115.730225
v 259.706970 120.825531 -115.200317
v 355.505676 120.280289 -114.310822
v 354.278259 121.860168 -114.343964
v 357.423615 121.484604 -113.773018
v 358.381897 120.342468 -114.065506
v 360.874878 121.019699 -114.280159
v 363.069092 120.960609 -115.324821
v 251.970978 123.422836 -115.404289
v 253.627930 122.601051 -114.168900
v 258.756470 122.878075 -115.076065
v 255.175430 123.294426 -114.750977
v 355.377380 123.152237 -114.662323
v 354.529480 123.413345 -115.559753
v 360.649048 122.504166 -114.374771
v 358.186737 122.852638 -114.098000
v 361.000244 123.461494 -115.634987
v 253.428436 12.954501 -112.439774
v 251.667145 14.157664 -112.345673
v 251.740982 17.231771 -112.780487
v 255.443176 14.296632 -111.932083
v 255.776535 17.215023 -112.434868
v 259.026794 17.150517 -113.185219
v 354.689392 17.255678 -112.648155
v 360.403473 13.992938 -112.048630
v 356.079590 14.185023 -111.852005
v 359.727661 17.203773 -112.359390
v 231.122025 14.068448 -83.956207
v 232.404205 17.215557 -83.711761
v 235.395065 14.114692 -83.994934
v 235.238876 16.783228 -83.619553
v 224.932312 13.824315 -81.094543
v 227.291504 12.851605 -82.203247
v 231.895798 11.822116 -81.803520
v 230.354874 12.591499 -83.157486
v 233.952072 12.473203 -83.321350
v 236.964401 12.438290 -82.660873
v 239.536972 13.838564 -82.303764
v 226.440918 17.205648 -81.724586
v 228.218033 14.361965 -83.191971
v 229.238907 17.206686 -83.041336
v 241.817825 14.298899 -80.522903
v 231.482468 18.082813 -82.104057
v 238.174896 18.108788 -80.780479
v 237.503555 17.284864 -82.779984
v 235.493393 18.140312 -81.843674
v 241.346313 17.234959 -80.451584
v 231.535385 25.838938 -79.529640
v 230.746536 120.455536 -81.741943
v 227.927963 122.156479 -80.842628
v 233.592010 120.198120 -81.796097
v 231.952011 122.229172 -82.096138
v 236.524078 120.294678 -81.258537
v 235.452652 121.723457 -81.867020
v 237.663757 122.271255 -81.015953
v 232.923141 123.049034 -81.622299
v 235.649445 123.354256 -81.010567
v 223.266022 12.964632 -78.736031
v 228.105133 11.889622 -81.163376
v 225.301315 12.359731 -80.151405
v 228.460785 11.854534 -78.756630
v 236.341629 11.764369 -80.885086
v 233.878830 12.554193 -78.124649
v 241.236069 12.537483 -80.153938
v 223.410828 14.455797 -79.517746
v 224.015701 17.227964 -79.603432
v 227.484650 18.124828 -80.582222
v 241.072327 18.130909 -78.476944
v 227.985901 24.991690 -78.298584
v 238.663834 27.359421 -76.436661
v 230.111206 26.816036 -78.667442
v 236.400833 27.751625 -78.030388
v 232.059433 28.846846 -78.004532
v 234.156693 26.982786 -79.167503
v 231.850113 40.910324 -78.796410
v 230.533081 44.077450 -78.685287
v 237.637360 44.203915 -77.565224
v 233.790390 42.611992 -78.989029
v 236.020355 47.561581 -78.543213
v 230.614319 52.499851 -78.655525
v 229.793137 56.066196 -78.223564
v 232.846786 55.676117 -79.007965
v 236.858551 56.497055 -77.902603
v 232.759354 76.002151 -77.915062
v 234.287155 68.376595 -78.193581
v 228.637787 118.963112 -79.250793
v 233.266220 112.762985 -78.572281
v 230.720825 112.707542 -78.168556
v 231.254822 118.916031 -80.243256
v 236.316101 112.641403 -77.655678
v 234.351639 118.870216 -80.364464
v 226.425201 118.904755 -77.386314
v 225.590942 120.764397 -78.921982
v 227.833099 120.235092 -80.366455
v 238.046585 118.939140 -78.880920
v 239.672394 120.510605 -79.640160
v 241.635681 120.515854 -77.453606
v 225.910263 122.531723 -79.079697
v 227.354706 123.249519 -79.579567
v 229.144455 123.071602 -78.542526
v 229.880966 123.437057 -80.526016
v 230.399826 122.120323 -77.833855
v 233.178085 123.096130 -79.575195
v 238.382980 123.362991 -79.535957
v 241.975494 122.599304 -76.757332
v 240.140045 122.543236 -79.112404
v 240.639587 123.388565 -77.197922
v 223.242615 12.050804 -76.592743
v 221.387115 13.014853 -75.018044
v 228.907257 12.670911 -76.470360
v 238.021530 12.671191 -75.396584
v 239.000504 12.027193 -76.769341
v 243.065002 12.175212 -76.887024
v 244.376495 13.241581 -76.195549
v 243.702026 13.875820 -78.071609
v 222.072067 17.182287 -76.609573
v 221.884460 14.389432 -77.144371
v 244.126755 17.145582 -76.432381
v 245.186981 14.390498 -74.509705
v 222.929138 18.091862 -74.428291
v 226.549896 27.199110 -75.304710
v 224.547943 18.094917 -77.881851
v 241.418427 23.684896 -74.411575
v 229.336929 28.788155 -77.028770
v 233.360794 29.616360 -76.441254
v 231.503723 29.520155 -76.864227
v 235.877914 29.622652 -75.426582
v 234.527176 29.145035 -77.619865
v 227.763062 35.210186 -75.466606
v 229.496384 32.009769 -76.298798
v 231.899857 32.377659 -77.538010
v 236.637131 31.471685 -76.020729
v 234.466568 31.132078 -76.963028
v 235.638428 35.714016 -77.809189
v 233.754684 34.484917 -78.048721
v 238.382233 34.183235 -75.077988
v 228.444473 38.809952 -76.966278
v 229.933456 36.153046 -77.566750
v 237.790009 38.209919 -76.803131
v 239.533600 41.172279 -74.972656
v 226.776474 42.369793 -75.433792
v 228.259003 46.306969 -77.399879
v 226.302231 52.904114 -74.812317
v 227.857178 57.905876 -76.673798
v 227.604248 74.933701 -74.794006
v 238.150986 59.807728 -76.567093
v 239.302902 56.868721 -75.365364
v 230.408676 74.897537 -77.316246
v 237.027878 96.786949 -74.542816
v 233.077621 92.529655 -76.882095
v 235.512589 89.171143 -76.445297
v 229.889221 101.935226 -75.119804
v 231.354599 103.931427 -75.971611
v 235.265289 101.252579 -75.815933
v 233.353119 102.257462 -76.360733
v 232.919891 110.598328 -76.618507
v 234.324997 107.791702 -76.183258
v 235.970459 108.166977 -75.338882
v 229.621399 112.036949 -75.824005
v 230.738251 110.250046 -75.986542
v 231.387726 112.130394 -76.914375
v 235.742294 111.974136 -76.303123
v 227.236954 112.732750 -75.343224
v 228.352585 113.062645 -76.902039
v 233.533249 112.073486 -77.185204
v 238.832870 112.841209 -75.639389
v 240.632080 118.922783 -75.992149
v 223.354599 120.412651 -75.106552
v 225.123856 119.770042 -77.314606
v 223.949127 122.295990 -76.724884
v 226.912659 123.012970 -76.352264
v 225.139343 123.421318 -76.818336
v 235.143982 122.065369 -77.756538
v 238.096527 122.205658 -76.060661
v 237.879257 123.109879 -78.063660
v 220.798386 13.396807 -70.955772
v 222.295532 11.896803 -72.098267
v 225.244385 11.954073 -70.146767
v 225.441086 11.915777 -74.600052
v 226.846832 12.661855 -71.004860
v 239.680725 12.482553 -70.622826
v 240.870392 11.777102 -77.630508
v 242.966919 11.746303 -70.467140
v 244.607681 12.500603 -73.091751
v 220.800842 15.278679 -69.756973
v 220.829300 14.476812 -73.860123
v 245.434021 14.272931 -71.304970
v 244.961380 17.290533 -71.888817
v 221.115875 17.201460 -72.825150
v 222.721420 18.157804 -70.332520
v 243.426270 18.182497 -71.843719
v 242.998978 18.134354 -74.742348
v 225.285522 26.246090 -70.922279
v 224.188644 22.675484 -73.438255
v 239.950043 28.110182 -71.562340
v 226.241776 28.112236 -72.927422
v 228.386108 29.623642 -70.535782
v 228.627106 29.618084 -73.241470
v 227.151672 29.316425 -70.782562
v 228.238052 29.375671 -74.965698
v 230.049179 29.602674 -75.404427
v 237.416428 29.654579 -73.593292
v 238.259155 30.634357 -71.738838
v 237.207138 29.410234 -75.784561
v 238.718185 29.400475 -72.397110
v 239.359894 28.454420 -73.754700
v 227.194763 32.188091 -72.036041
v 228.116135 31.263475 -74.283798
v 239.037537 33.249947 -72.926529
v 226.628799 36.571129 -73.692467
v 225.892075 40.927818 -70.769135
v 240.104492 39.689049 -72.570610
v 225.722961 44.278522 -72.664680
v 240.185760 40.755878 -70.787918
v 240.370224 52.096794 -70.968941
v 240.303284 50.725304 -73.186920
v 225.620010 50.074894 -71.576996
v 226.381348 66.564598 -72.606445
v 239.823044 64.983246 -71.631973
v 226.713242 72.629234 -71.403923
v 239.014359 75.226326 -73.210907
v 228.131287 95.657761 -71.655060
v 228.615326 101.142784 -73.198425
v 237.932114 96.385582 -71.215248
v 237.247665 105.648201 -73.350945
v 229.365952 107.751808 -74.574341
v 228.550781 110.107010 -73.370529
v 237.700104 108.168167 -71.437958
v 237.103043 110.510864 -74.382088
v 227.873596 111.994736 -72.868187
v 238.040482 111.310997 -72.500977
v 226.229996 112.755623 -72.148964
v 225.919083 114.353348 -73.615913
v 227.877258 111.816116 -71.280792
v 228.421967 112.107414 -74.588669
v 238.584686 112.225136 -72.919731
v 237.650146 112.141304 -74.691643
v 239.939468 112.830803 -71.845139
v 224.791458 118.927475 -74.536827
v 241.812378 118.921356 -72.365936
v 224.305817 118.880417 -71.044525
v 222.682587 120.641571 -70.833580
v 222.892899 121.517784 -74.152115
v 243.105988 120.222984 -71.002151
v 243.469177 122.146416 -72.739632
v 242.826675 120.588371 -75.028191
v 223.072433 123.003189 -73.154976
v 225.419754 123.035027 -73.325424
v 227.374680 122.060905 -74.720291
v 239.396164 122.057999 -72.787048
v 240.770615 123.074303 -70.458893
v 240.485916 123.086517 -74.134270
v 242.793411 123.219856 -70.868027
v 242.040558 123.209740 -75.438156
v 221.675507 12.613207 -68.804893
v 223.661194 11.892245 -66.819061
v 243.502823 12.402436 -66.729027
v 244.967117 13.031121 -70.097961
v 221.543091 17.283579 -68.474731
v 244.710068 14.313948 -67.332535
v 223.867981 18.129589 -66.678314
v 242.953949 18.096165 -68.420113
v 244.607971 17.171444 -68.479507
v 240.884201 25.652468 -70.060844
v 239.913940 26.952099 -68.612709
v 226.375259 27.580500 -69.070114
v 228.395676 29.365803 -68.295906
v 238.477097 29.409149 -69.876190
v 237.435394 29.641151 -69.784386
v 227.789078 31.132109 -70.367767
v 227.263824 33.860100 -69.285965
v 238.935150 33.122078 -70.315010
v 238.320816 33.731377 -68.384331
v 226.593750 42.536407 -68.337105
v 239.392975 40.296822 -68.568123
v 239.876770 52.626080 -68.805931
v 225.996964 51.706749 -69.526405
v 226.771942 51.229485 -67.720261
v 226.490784 64.190170 -69.779785
v 227.685730 71.492172 -68.163429
v 227.308701 78.093987 -69.946983
v 228.660812 87.589432 -68.627937
v 237.570007 91.967270 -69.256912
v 228.755585 99.810249 -69.676468
v 228.560272 107.154060 -70.689690
v 236.850418 106.790970 -69.219971
v 229.319839 107.908607 -68.987389
v 228.581177 111.260384 -69.374344
v 237.906662 111.318718 -70.396202
v 236.962158 111.938965 -68.156769
v 226.535873 112.749756 -69.547867
v 228.240768 112.219376 -68.762650
v 238.406693 112.240356 -69.925690
v 239.461288 112.773735 -69.385925
v 241.026901 118.939156 -68.123238
v 223.289948 120.854218 -68.196457
v 243.211609 121.817535 -69.472679
v 223.315018 123.042160 -69.243622
v 225.758194 123.096085 -68.491493
v 226.602478 122.076332 -71.490295
v 227.829117 122.064346 -67.789131
v 238.424210 122.089813 -67.879669
v 241.661621 123.449188 -68.210922
v 239.090347 123.014328 -66.873238
v 223.189117 12.737119 -65.111183
v 226.605392 11.858642 -66.162193
v 228.664673 12.636606 -67.302620
v 234.276901 12.674605 -65.477509
v 238.841599 11.941265 -66.232567
v 240.604950 11.829952 -64.963646
v 221.790894 13.964930 -66.487358
v 223.020050 17.279354 -65.258675
v 242.829285 13.822964 -64.053162
v 240.772995 18.182041 -64.684151
v 239.738098 23.454735 -66.087402
v 226.810135 25.946270 -66.905838
v 237.711670 27.591503 -66.279114
v 231.063522 29.635401 -67.471024
v 228.375824 28.368620 -66.900505
v 230.698257 29.220127 -66.154716
v 232.592117 29.639570 -66.964569
v 233.149033 29.368589 -66.019409
v 235.227402 29.630749 -67.574524
v 235.537704 29.427795 -66.665833
v 237.650314 29.069778 -67.590973
v 229.128006 31.370504 -67.799477
v 230.640869 31.895939 -66.523232
v 233.989960 31.797705 -66.083603
v 236.508392 31.546024 -67.315796
v 227.872574 36.427917 -67.482941
v 229.903641 36.126804 -65.844185
v 237.441574 36.435749 -66.704453
v 228.039993 43.569271 -66.347702
v 238.165924 42.983452 -66.440155
v 228.831314 55.557621 -65.784630
v 238.517746 59.553921 -67.202057
v 230.496994 76.070312 -66.129250
v 228.914932 76.792076 -67.285210
v 234.775131 93.028023 -66.901291
v 236.752075 85.948082 -67.667473
v 232.784195 96.696617 -66.829201
v 230.653229 96.614349 -67.448318
v 230.629929 104.210335 -67.834770
v 232.263809 104.674080 -67.231773
v 236.189514 99.613190 -68.152855
v 234.001892 107.633614 -67.215591
v 231.343430 110.329033 -67.210213
v 235.194214 111.162842 -67.237862
v 229.863144 110.734673 -67.997162
v 233.378769 111.290329 -66.723633
v 227.517792 112.784859 -67.670052
v 230.231140 112.163643 -66.995911
v 229.470612 112.767448 -65.888420
v 232.525909 112.125313 -66.241058
v 235.366791 112.239326 -66.595779
v 235.357422 112.753769 -65.276283
v 237.904892 112.779823 -66.802872
v 225.553024 118.909889 -67.231285
v 238.489365 118.924294 -64.914505
v 224.813629 120.009430 -66.097733
v 225.101746 121.079018 -64.970818
v 242.516037 120.343262 -67.999458
v 240.196533 120.311501 -64.474510
v 242.165680 121.369728 -66.690819
v 224.189896 122.879051 -66.852669
v 224.660263 123.391846 -67.959282
v 225.930267 123.390053 -65.615913
v 231.836227 122.068588 -65.440315
v 235.262253 122.088135 -65.697136
v 241.937454 122.568184 -66.556465
v 228.355453 11.803764 -62.935280
v 226.251221 12.440715 -62.208622
v 230.608109 11.977877 -64.153992
v 235.022797 11.779929 -63.311821
v 241.005432 12.353973 -63.509125
v 222.970276 14.936605 -64.552017
v 225.174347 17.231312 -62.727234
v 242.737503 17.219942 -64.703705
v 226.113190 18.086313 -63.845581
v 229.030365 18.132067 -62.127312
v 239.972504 17.218336 -61.968803
v 234.621979 23.148394 -62.973545
v 229.224655 26.075731 -64.842224
v 231.649475 27.193830 -64.496193
v 236.658630 26.014706 -64.686371
v 234.164688 28.501106 -65.087479
v 232.375122 35.030090 -65.299034
v 235.307129 36.350887 -65.400787
v 230.906311 45.051834 -64.619675
v 234.386017 41.296570 -64.604645
v 233.102295 50.850002 -64.330475
v 236.876801 49.321724 -65.343880
v 231.578857 62.914829 -64.988380
v 236.083755 70.749969 -66.006927
v 234.354553 60.959377 -64.872620
v 232.527008 112.876801 -64.783600
v 227.609848 118.922813 -64.959221
v 230.041122 118.917900 -63.556198
v 233.415298 118.895279 -63.016907
v 235.837799 118.900009 -63.508965
v 227.990341 120.262688 -62.918465
v 227.610275 121.737663 -62.805458
v 240.211304 121.718803 -64.145966
v 237.395096 120.972824 -62.237259
v 225.803268 122.434219 -64.414665
v 228.296722 123.283577 -63.272457
v 229.223557 123.246513 -64.503746
v 234.619446 123.031151 -64.061615
v 237.252090 123.419067 -63.677673
v 237.481934 122.986938 -62.690620
v 239.988235 123.103722 -64.734856
v 228.906006 12.273298 -61.185745
v 229.971359 13.817933 -59.696789
v 233.342041 12.051558 -60.785255
v 233.352936 12.836188 -59.780762
v 237.379913 12.024879 -61.779461
v 237.002258 13.206623 -60.130226
v 240.021896 12.961705 -61.926056
v 227.292999 16.832146 -61.041046
v 224.677841 13.929311 -62.559017
v 227.285233 14.190318 -60.735645
v 239.900589 14.823411 -61.367790
v 229.855179 17.226517 -60.201366
v 231.549210 18.117758 -61.389885
v 234.846039 18.111584 -61.474823
v 237.101990 17.282518 -60.503925
v 237.373291 18.094246 -62.209709
v 229.766678 121.679886 -61.808723
v 231.046219 120.351158 -61.763088
v 236.821945 120.075630 -62.442566
v 233.316284 120.649063 -61.389664
v 232.219345 123.297363 -62.112247
v 230.147629 122.784775 -62.054672
v 232.801300 122.453606 -61.453430
v 235.566559 122.621880 -61.836601
v 233.041107 14.476446 -59.287289
v 235.248291 15.680037 -59.638832
v 232.968201 17.306353 -59.852169
v 247.872482 13.170568 -31.099827
v 254.355240 12.477742 -32.418556
v 251.129959 13.214018 -32.569061
v 250.618225 11.966632 -31.038109
v 257.526825 11.764437 -30.335472
v 255.357056 13.736128 -33.216331
v 258.643433 13.679683 -32.457943
v 258.522644 12.335186 -31.591331
v 352.887390 12.779065 -31.365158
v 354.168915 11.956477 -30.761208
v 356.977905 12.902642 -32.335064
v 360.057495 12.001650 -30.854481
v 360.624695 12.812403 -31.779518
v 245.910065 17.229856 -29.352139
v 248.543182 14.680609 -31.778160
v 249.812820 17.340866 -31.796921
v 252.261627 14.936033 -33.033302
v 253.601288 17.132023 -32.825569
v 261.997711 13.995543 -30.700653
v 353.072693 16.794912 -31.656940
v 350.293823 13.877931 -30.563267
v 350.615051 17.273172 -30.241886
v 353.394470 13.970185 -32.108154
v 357.437775 14.497483 -32.784832
v 355.322388 17.249882 -32.145061
v 359.689331 17.333017 -32.060097
v 360.173584 13.978778 -32.451210
v 362.545135 16.675604 -31.326530
v 364.045837 14.116528 -30.819363
v 364.440857 17.334316 -29.894848
v 258.894958 17.236647 -32.036205
v 252.850128 18.145758 -31.174915
v 256.948883 18.139660 -30.930870
v 354.086487 18.129610 -30.218536
v 359.898163 18.122971 -30.453014
v 356.746399 18.233662 -30.694332
v 252.050003 121.515190 -30.979450
v 254.524048 120.482399 -31.148960
v 257.239288 122.094154 -30.875778
v 251.589920 123.098518 -30.418579
v 254.452484 122.570312 -31.059689
v 245.561813 13.191993 -29.195545
v 247.508804 11.885550 -28.927433
v 248.672775 11.860367 -27.140594
v 253.473053 12.015281 -28.528816
v 258.180634 12.043548 -27.659245
v 263.230377 12.381968 -28.318439
v 262.744141 11.803538 -26.647892
v 264.469147 13.802814 -28.117970
v 349.666473 12.335815 -28.792686
v 347.425934 13.119347 -27.339409
v 349.562378 11.770288 -26.246563
v 357.825928 11.794531 -30.055592
v 363.572357 12.499765 -30.238968
v 365.878784 12.427859 -28.098595
v 365.201721 11.721143 -26.014473
v 366.053467 13.539008 -29.031902
v 244.810150 14.480687 -28.762558
v 262.861755 17.102707 -29.422565
v 347.467896 14.602015 -27.873325
v 348.255127 17.210249 -28.148636
v 366.113647 16.633329 -28.795589
v 367.474854 14.445786 -27.501503
v 248.801910 18.122320 -29.693607
v 254.885132 22.816885 -29.826992
v 257.618103 25.024338 -28.444588
v 261.167847 18.058399 -28.901798
v 264.938843 17.310780 -26.416962
v 351.512238 18.112827 -29.081146
v 354.734436 22.334599 -29.123997
v 358.070343 26.839956 -27.866676
v 362.785645 18.066105 -29.369556
v 364.910400 18.092379 -27.535782
v 251.556305 25.183041 -28.498657
v 359.285156 27.546686 -27.354565
v 252.457687 28.438847 -27.214825
v 254.351395 27.575087 -28.007812
v 355.945679 28.085573 -27.142262
v 256.506958 28.093643 -27.385044
v 253.546402 47.471081 -28.215450
v 255.767166 43.208004 -28.000626
v 252.081909 45.800369 -27.845501
v 257.077179 50.408604 -27.772083
v 254.818787 65.067055 -27.655758
v 253.012329 118.910187 -29.475410
v 254.745193 112.747139 -27.668598
v 257.354919 118.904228 -29.045624
v 249.678223 118.922569 -28.142979
v 355.287140 118.867043 -28.859234
v 358.845886 118.963043 -28.935787
v 247.098633 120.326675 -27.919029
v 245.917542 121.516685 -26.927402
v 249.100555 121.385300 -29.826889
v 249.991074 120.237114 -29.981121
v 256.328125 119.876038 -30.426193
v 259.176758 120.287254 -29.791744
v 260.144623 121.394989 -29.542095
v 259.874908 118.914230 -27.588127
v 262.045441 120.464333 -27.758526
v 349.678345 120.652588 -27.331684
v 351.593750 121.429092 -29.027618
v 353.262970 120.205826 -29.635582
v 354.754913 122.035233 -30.458755
v 358.832245 120.509415 -30.573505
v 356.818604 120.552742 -30.570099
v 361.709534 121.768661 -29.853653
v 362.398560 120.333809 -29.209385
v 361.523804 118.874771 -27.989693
v 363.653503 118.856041 -26.369431
v 365.178528 122.058258 -27.334465
v 364.427826 120.286392 -27.617134
v 248.000168 122.537804 -28.852688
v 249.277191 123.164070 -29.168404
v 251.005692 123.421715 -29.085754
v 249.566391 123.150940 -27.250221
v 253.634766 122.090660 -27.317795
v 257.208069 123.394341 -29.919548
v 255.235962 123.055023 -28.589161
v 259.659607 122.987579 -29.375229
v 260.029663 123.405708 -27.866882
v 259.115356 123.079811 -27.102112
v 262.295044 122.485214 -27.497623
v 262.202606 123.224709 -26.647854
v 349.195496 122.491119 -26.588409
v 351.935181 122.961731 -28.851646
v 355.977112 123.284081 -29.858322
v 353.905304 123.407036 -28.661816
v 353.848022 123.078911 -27.368279
v 358.180237 122.673302 -30.557175
v 359.838470 123.234558 -29.758209
v 360.696106 123.422867 -28.862759
v 357.616455 123.081955 -28.163155
v 362.402985 123.063583 -28.896706
v 360.470032 123.088348 -27.515282
v 364.597137 123.202232 -26.852398
v 244.367310 12.540431 -26.908985
v 243.953293 11.965442 -23.389072
v 248.408798 12.701170 -22.648983
v 254.408676 12.679439 -27.165394
v 260.061218 12.679627 -23.357800
v 261.658112 11.945481 -24.190708
v 265.449005 13.218502 -25.970486
v 266.116211 12.672477 -22.736504
v 347.245056 12.169333 -25.033619
v 345.887207 13.146084 -24.319138
v 349.919769 11.991831 -22.871483
v 353.075562 11.985444 -27.083065
v 354.024567 12.669401 -25.911972
v 358.864227 12.511136 -26.711552
v 362.743347 12.424150 -24.418613
v 368.067780 12.956133 -25.857365
v 367.945251 12.177821 -24.038139
v 243.497833 17.207254 -25.782627
v 242.736252 13.971954 -25.042553
v 266.541626 14.334552 -23.733078
v 345.870758 14.862272 -24.912338
v 346.109436 17.271908 -24.442890
v 367.856323 17.289719 -26.031960
v 369.234497 14.017249 -24.191708
v 245.583099 18.091845 -26.390808
v 247.511414 23.461412 -26.254646
v 348.323364 18.111656 -25.717491
v 349.573914 22.766806 -24.982243
v 244.515564 18.064072 -24.453388
v 263.613770 18.066788 -25.933178
v 366.430267 18.101562 -25.707481
v 249.997925 27.802069 -26.338272
v 248.016785 27.462683 -24.219112
v 258.389557 28.385006 -26.284851
v 260.850830 24.798487 -26.067829
v 260.872314 27.550709 -24.121044
v 352.856689 27.605600 -26.044956
v 362.390381 26.596121 -26.108353
v 248.875778 29.392738 -22.828888
v 251.327515 29.344854 -25.832844
v 253.396439 29.647284 -25.473446
v 251.243866 29.626976 -24.260246
v 255.237823 29.377167 -26.556698
v 256.701813 29.606544 -24.978241
v 257.948730 29.381001 -25.345291
v 259.266022 29.427671 -23.855797
v 352.809570 29.382032 -23.939842
v 355.310608 29.451620 -25.594131
v 355.340363 29.629576 -24.670464
v 358.207184 29.367590 -26.095814
v 359.024902 29.624134 -24.749352
v 360.546234 29.373903 -25.277309
v 363.045441 28.100994 -24.347038
v 249.677475 34.753925 -25.170185
v 251.565262 31.486931 -25.670593
v 256.790771 31.487001 -25.885986
v 254.649475 31.412006 -26.380985
v 258.482391 36.306202 -26.199390
v 258.849121 31.448957 -24.254078
v 355.524811 32.111671 -25.862411
v 354.340790 30.872980 -24.771591
v 358.322296 34.871994 -26.771923
v 357.937469 31.150534 -25.756004
v 251.117981 38.862270 -27.060108
v 253.760086 36.035599 -27.502064
v 355.681122 35.199821 -26.611881
v 248.645386 42.394691 -25.328335
v 256.387817 36.426754 -27.272545
v 259.128174 44.716084 -26.571735
v 260.590149 36.545578 -23.600128
v 352.020813 39.015553 -24.908268
v 356.233948 43.340801 -27.575405
v 359.645813 41.845909 -27.264290
v 361.069885 37.150974 -26.049999
v 363.355103 40.382462 -24.252136
v 260.883575 42.022778 -24.096680
v 352.104462 48.904099 -25.685722
v 354.194244 37.913231 -26.503170
v 358.681580 48.164455 -27.698627
v 362.978912 44.990849 -25.218094
v 260.919586 49.836895 -24.502197
v 354.349518 49.007061 -27.149426
v 361.559570 51.728699 -26.500305
v 249.334839 55.344910 -26.057106
v 259.272461 56.565880 -26.179493
v 352.252808 61.884300 -25.115791
v 356.878479 55.678696 -27.577801
v 360.027985 63.473663 -26.679840
v 249.462173 66.040352 -25.444786
v 252.556824 61.263615 -27.584503
v 257.257233 64.502747 -27.050224
v 358.506165 64.371017 -27.050526
v 250.801483 67.835182 -26.450226
v 252.559540 71.320404 -26.994156
v 259.271210 86.482452 -23.394852
v 356.433929 87.480186 -25.673210
v 358.208435 99.852463 -25.013191
v 250.114502 85.964394 -24.280895
v 251.701218 81.602776 -25.924568
v 254.312897 83.046196 -26.524704
v 256.577759 81.603439 -26.170853
v 354.676422 76.519119 -25.856937
v 251.570816 99.401398 -24.600407
v 360.525879 93.296707 -24.318134
v 257.743195 92.248550 -24.778084
v 253.965164 93.786667 -25.841774
v 359.130188 104.516479 -24.564209
v 253.000046 98.494972 -25.409962
v 255.344269 103.418259 -25.351482
v 356.092346 102.286507 -24.806599
v 257.282837 100.380745 -24.583176
v 254.753983 108.497383 -25.480671
v 256.699585 107.083595 -24.813900
v 252.932159 107.033279 -25.185463
v 357.495422 110.180511 -25.128311
v 253.101593 111.205986 -25.672512
v 254.894730 111.440430 -25.910873
v 256.514648 110.886917 -25.325283
v 355.755219 111.214630 -25.088085
v 359.166962 111.042992 -24.967278
v 248.506638 112.844254 -24.455608
v 252.789185 113.045395 -27.634075
v 250.786499 112.725586 -26.627792
v 253.047058 112.162476 -26.194550
v 250.899689 111.959541 -24.858696
v 257.697174 112.725281 -26.876129
v 256.320496 112.162018 -26.037788
v 259.791840 112.712364 -24.980766
v 258.341370 112.168030 -24.695751
v 353.463226 112.768402 -26.001450
v 351.386841 112.707481 -23.659863
v 354.040436 112.036301 -24.535297
v 356.431000 112.769989 -27.228680
v 355.885742 112.215164 -25.760609
v 358.728271 112.202789 -25.785118
v 359.989868 112.754913 -26.651108
v 362.297913 112.776886 -25.076862
v 360.997253 112.063011 -24.223026
v 261.708984 118.898094 -25.593502
v 352.013702 118.927628 -27.184929
v 244.882294 120.133690 -24.247822
v 247.766602 118.935074 -26.449966
v 263.674103 120.600433 -25.504822
v 350.164429 118.879272 -25.217464
v 347.778381 121.763000 -24.448387
v 366.309784 120.282211 -25.160835
v 367.112244 121.437103 -24.130222
v 245.517059 123.056564 -25.505211
v 246.707840 123.395615 -26.005024
v 244.309708 121.855164 -23.419205
v 248.215759 122.047409 -22.816250
v 250.320435 122.228020 -26.111992
v 258.061859 122.060463 -26.229355
v 260.381012 122.068405 -23.192291
v 261.251282 123.090889 -24.634079
v 264.144958 122.932152 -23.509800
v 350.248932 123.419785 -26.529896
v 348.103271 123.094818 -23.816154
v 350.478424 123.007225 -24.083645
v 351.872650 122.073441 -23.794136
v 354.329651 122.160187 -26.165813
v 357.470825 122.033134 -26.763981
v 361.263855 122.092575 -25.546974
v 364.032654 123.175453 -24.897575
v 365.963196 123.388123 -24.297337
v 366.610748 122.992966 -24.213089
v 242.506866 12.704623 -21.652531
v 246.378098 11.868949 -22.521008
v 264.740997 11.831237 -21.868835
v 346.804138 11.851858 -20.440506
v 345.497009 12.844222 -21.384033
v 351.216858 12.670081 -21.120586
v 363.520294 12.666529 -20.603668
v 367.284851 11.789491 -20.008396
v 369.369019 12.837754 -19.835423
v 242.556717 17.235672 -22.513165
v 242.077942 14.373770 -22.060452
v 266.150116 17.265034 -23.059971
v 344.930359 14.257018 -21.233006
v 345.326843 16.676739 -21.888771
v 369.130859 17.267801 -22.483414
v 369.809631 14.168821 -20.388195
v 244.004913 18.146191 -20.825043
v 245.935699 23.764748 -22.633652
v 264.819214 18.179695 -22.026028
v 347.043091 18.123701 -21.782612
v 367.866241 18.110258 -20.993984
v 263.307373 22.849810 -22.033268
v 349.937988 26.714443 -21.993843
v 366.044373 22.264395 -23.305706
v 261.614197 27.637260 -20.762325
v 351.217957 28.170925 -23.427006
v 247.687119 28.458084 -21.456924
v 250.039261 29.623192 -22.505108
v 258.742035 29.610205 -22.632042
v 260.541534 29.059229 -21.603802
v 351.610077 29.436321 -20.620731
v 352.936462 29.605577 -22.051067
v 361.823120 29.624260 -22.189754
v 362.773865 29.341158 -22.564461
v 249.575317 31.379166 -23.508366
v 248.835373 31.424915 -21.132847
v 259.960236 31.823694 -21.987301
v 352.778595 33.548279 -24.490791
v 352.098969 31.493099 -22.184380
v 360.596008 31.514601 -24.944332
v 362.160767 33.845272 -24.308502
v 248.151001 36.397129 -23.276443
v 248.003082 34.745781 -20.234467
v 260.902710 34.984112 -20.080189
v 351.055054 36.449909 -22.551163
v 363.691833 35.574310 -22.195461
v 247.081924 43.160515 -20.967628
v 261.364258 39.099651 -21.584602
v 247.086166 47.578384 -22.087013
v 350.530243 44.238636 -23.097729
v 364.546021 44.112976 -21.851559
v 261.725006 50.454357 -22.263325
v 350.673340 54.710861 -23.284065
v 247.465057 56.179371 -23.077187
v 364.719788 52.688572 -20.478859
v 363.344360 64.024666 -23.652794
v 260.303833 78.014397 -22.101505
v 350.615234 62.823792 -22.026939
v 364.135956 64.457115 -20.731087
v 248.049545 69.241676 -22.231098
v 361.918060 75.683136 -24.449875
v 248.877899 72.823357 -23.820045
v 248.600418 79.775780 -21.830173
v 362.503723 82.680939 -22.808037
v 352.242004 89.078255 -21.856373
v 353.787598 101.319023 -23.309448
v 259.307251 95.155968 -21.658928
v 352.919922 105.584045 -21.440247
v 361.817322 103.033035 -21.409336
v 250.039230 98.788918 -22.759430
v 258.586487 101.873123 -22.923759
v 258.957764 107.250313 -21.441978
v 354.615326 103.085014 -24.036320
v 360.825409 107.068825 -23.334206
v 250.003738 102.950157 -22.225655
v 249.554291 110.562706 -21.182865
v 251.513885 109.038116 -24.499935
v 258.098175 107.324493 -23.609043
v 355.851990 107.735970 -24.746136
v 353.872009 108.511894 -23.453175
v 361.841858 108.100037 -21.611897
v 250.318771 109.576256 -23.226048
v 258.137451 110.857162 -24.103256
v 259.407257 111.978287 -22.563416
v 353.041138 110.575348 -22.604931
v 362.164642 110.979218 -21.948868
v 249.427902 112.069046 -22.976673
v 247.642593 112.799232 -21.989311
v 261.025330 112.784210 -22.788563
v 350.501495 112.742752 -21.166424
v 352.660187 112.156502 -23.193611
v 351.792877 112.201630 -20.576721
v 362.663513 112.196526 -22.271626
v 363.651367 112.746964 -22.980328
v 364.176575 112.718796 -20.618366
v 246.139465 118.952019 -23.723774
v 262.847076 118.910118 -22.896404
v 348.924988 118.935944 -22.527981
v 365.333740 118.929695 -23.879707
v 244.054077 120.715149 -20.638477
v 264.757599 121.543221 -22.261753
v 264.412201 120.260071 -22.355419
v 347.584961 120.393845 -23.402920
v 346.933838 122.005127 -21.021694
v 367.331726 120.351280 -22.439022
v 367.814117 121.514091 -20.323723
v 246.398239 123.168465 -21.928738
v 244.821915 123.313675 -20.837677
v 262.199860 122.992973 -20.647072
v 262.928528 123.418930 -23.672699
v 264.407043 123.041763 -19.856384
v 348.127747 123.422279 -20.228706
v 350.852539 122.081993 -19.464352
v 363.120483 122.059219 -23.016758
v 365.071472 123.011040 -20.382610
v 367.397644 123.023506 -21.048470
v 244.553040 11.876776 -17.140591
v 246.279556 11.772663 -18.083740
v 250.209122 12.671013 -16.165340
v 262.373749 11.930716 -18.700226
v 259.641846 12.682177 -17.434860
v 264.918427 12.295430 -16.122688
v 266.045471 12.692205 -18.719414
v 348.996155 11.788260 -15.314915
v 345.439819 13.076950 -18.227993
v 349.881836 12.048717 -18.419395
v 352.342224 12.669020 -16.761147
v 365.334625 11.966558 -19.596004
v 361.816071 12.665324 -15.990078
v 367.915558 12.262105 -16.071949
v 242.138885 14.098872 -18.996544
v 242.352951 16.747433 -19.593498
v 266.341461 17.144979 -19.309105
v 266.738770 14.065496 -18.779945
v 369.014343 17.240070 -17.650677
v 243.129181 17.215237 -16.719112
v 244.612274 18.158377 -17.338314
v 264.307617 18.157787 -17.430313
v 345.569305 17.252405 -18.491306
v 347.200897 18.180593 -18.091724
v 245.722153 23.473417 -19.557983
v 263.520294 22.047989 -19.288246
v 348.085419 21.906694 -19.670910
v 366.111816 23.488853 -20.351696
v 261.078644 27.186787 -17.631233
v 350.226044 27.628651 -19.848804
v 364.214905 28.324554 -20.820454
v 364.234436 27.344742 -17.973797
v 247.691650 27.805265 -18.811150
v 250.062836 29.625319 -18.887695
v 259.096497 29.610159 -20.266533
v 258.662750 29.639694 -18.515751
v 259.882996 29.317795 -18.641399
v 351.457031 32.252403 -19.872597
v 352.960266 29.676455 -18.425354
v 351.068695 28.344730 -17.990341
v 361.733185 29.648468 -18.481827
v 362.876770 29.378710 -18.429661
v 249.127106 31.991568 -18.571766
v 363.546387 33.625286 -20.228893
v 362.794403 31.351578 -19.152554
v 248.431793 36.438850 -17.827759
v 350.479553 37.817986 -20.474880
v 351.133484 37.830883 -17.416195
v 363.873566 38.131794 -17.909306
v 247.568268 40.351849 -18.819031
v 364.623444 42.597851 -19.564861
v 349.966675 45.423283 -20.888550
v 350.247284 43.523361 -18.550983
v 247.492905 47.664467 -18.069771
v 261.636749 50.469845 -19.063580
v 261.325134 43.264881 -18.305241
v 350.171387 51.989361 -18.645847
v 364.432068 51.165356 -18.029144
v 261.632050 55.998306 -20.757034
v 247.402817 58.767952 -19.593914
v 351.717957 83.444420 -19.653881
v 363.808319 64.349510 -18.007965
v 247.746292 67.410713 -20.569950
v 248.256485 72.916901 -19.400356
v 260.436798 72.483391 -18.705128
v 259.218353 96.813446 -19.944660
v 249.347839 89.641060 -19.361217
v 249.800064 102.784134 -20.369663
v 352.881287 101.049507 -19.108646
v 258.820679 105.643692 -19.332153
v 362.014709 100.456772 -19.662197
v 250.593231 101.380630 -18.138988
v 361.667480 105.700180 -18.670731
v 258.892303 110.247002 -19.085171
v 352.785950 107.625458 -19.737652
v 249.792007 108.903435 -20.094627
v 249.464996 112.119278 -18.623241
v 250.569626 109.323761 -18.115925
v 259.676849 112.080559 -19.620354
v 352.291565 111.223022 -20.325542
v 247.693451 112.764343 -19.370892
v 248.983139 112.065666 -20.817459
v 248.609421 112.743843 -17.208649
v 263.067230 118.885742 -20.083954
v 261.116425 112.847221 -18.943539
v 348.711243 118.951309 -19.516106
v 352.161713 112.238487 -18.211365
v 362.766418 112.158134 -19.262699
v 364.130554 113.025543 -18.704601
v 245.903992 118.787018 -19.118958
v 366.064575 118.872040 -20.509892
v 365.438599 118.943352 -17.028557
v 244.813553 120.224815 -17.645683
v 263.911469 119.772705 -18.677422
v 264.627563 120.836647 -19.060886
v 347.274231 120.255898 -19.437687
v 367.436035 120.319633 -18.995468
v 244.199265 122.575523 -20.973717
v 244.301056 122.211143 -18.370113
v 245.881042 123.432472 -17.191879
v 247.249863 123.075256 -17.812870
v 248.389893 122.067314 -18.722084
v 260.703247 122.083969 -19.139973
v 262.784515 123.378601 -16.354534
v 263.771332 122.976570 -17.186916
v 347.591248 123.170975 -19.745041
v 347.476501 122.287308 -17.032669
v 349.704956 122.992569 -19.468941
v 362.541992 122.060371 -16.393879
v 363.920166 122.125366 -20.059181
v 365.991516 123.426300 -16.670177
v 243.108231 12.908765 -16.888908
v 260.013916 11.747730 -13.214500
v 346.628998 12.282478 -16.598503
v 352.278015 11.865804 -13.661663
v 356.319733 12.629197 -13.990421
v 364.213379 11.839033 -15.133896
v 365.622009 12.033790 -12.988136
v 345.423126 14.453180 -17.027885
v 345.924805 16.909781 -16.539013
v 369.137390 14.119010 -16.391678
v 367.413757 17.129505 -13.589203
v 265.386261 17.149149 -15.943657
v 367.322266 18.113789 -17.326546
v 366.203430 18.122496 -14.825565
v 247.692291 26.172081 -16.825619
v 364.517029 23.009388 -14.930923
v 260.589813 23.524549 -14.606659
v 349.775085 25.079243 -17.196007
v 249.084473 29.351788 -18.458740
v 249.541336 28.372606 -16.160370
v 251.371475 29.607061 -17.141266
v 253.488968 29.689234 -16.207947
v 256.242065 29.616812 -16.405418
v 256.907257 29.408613 -15.666264
v 259.052917 28.392008 -15.955437
v 352.748962 29.285173 -16.653614
v 355.222839 29.631807 -16.066792
v 355.002991 29.430153 -15.228138
v 361.118561 29.336395 -15.819077
v 359.276703 29.612432 -15.991764
v 362.765564 28.026386 -16.044022
v 250.146866 34.556492 -16.067024
v 260.048828 35.758083 -17.324406
v 257.330627 32.212833 -15.702793
v 352.316040 33.461037 -16.866356
v 353.902130 32.046211 -15.619869
v 362.252625 32.703472 -16.806087
v 360.309662 33.692707 -14.823078
v 352.895416 38.747051 -14.942383
v 249.145493 42.157661 -15.794254
v 258.337982 36.491051 -15.412418
v 351.890930 44.085907 -15.371391
v 363.296997 43.089775 -16.135002
v 249.586487 49.033356 -15.155094
v 260.686005 52.410942 -16.897945
v 350.706543 48.096260 -17.073616
v 248.898819 53.734463 -16.028111
v 351.583710 55.054752 -15.914211
v 362.963104 51.364731 -15.523434
v 351.673706 70.510902 -17.135792
v 352.854706 64.726334 -15.264458
v 248.962173 69.539497 -17.170868
v 258.648010 70.393654 -15.961342
v 360.945007 69.645454 -14.878723
v 362.431580 64.865219 -15.833290
v 250.243652 84.268112 -17.087009
v 252.788422 83.230560 -15.325371
v 256.831207 80.828842 -15.547321
v 258.749329 86.995979 -17.524448
v 352.904480 85.480659 -17.063248
v 251.639969 97.778755 -16.914440
v 360.202057 82.498085 -15.365387
v 257.021973 93.251198 -16.429764
v 355.061066 91.586113 -15.704830
v 254.020767 95.183418 -15.882771
v 255.038437 104.842903 -16.291965
v 256.366119 102.344482 -16.619148
v 258.070648 102.405594 -17.992882
v 361.410339 93.099220 -17.352997
v 252.525253 108.812935 -16.508507
v 360.261414 103.862190 -16.778294
v 256.053558 108.066826 -16.468517
v 353.575439 107.828949 -17.736568
v 355.079437 108.000427 -16.314850
v 359.542938 111.075264 -15.964661
v 362.136536 110.570679 -19.343708
v 360.920837 108.667274 -17.301022
v 250.716187 112.102249 -16.886162
v 253.600693 110.562256 -16.015594
v 255.207245 112.007217 -15.612244
v 257.039978 110.367271 -16.748352
v 352.907227 111.271767 -18.040127
v 354.268677 111.413971 -16.297558
v 361.783203 112.070793 -17.227871
v 250.201996 112.745712 -15.363113
v 258.845154 112.084724 -17.722622
v 257.504761 112.105873 -16.375198
v 259.792603 112.725731 -16.609688
v 350.914215 112.772110 -18.021145
v 351.993256 112.668900 -16.161659
v 361.597107 112.729652 -14.996220
v 360.063202 112.240440 -15.414978
v 363.216309 112.753792 -16.777828
v 261.859161 118.962769 -16.192619
v 349.328552 118.896431 -16.958096
v 247.350952 118.884048 -15.735001
v 245.873764 120.835915 -14.850925
v 263.515198 121.615967 -15.609116
v 263.120758 120.274078 -15.705471
v 347.863220 120.402451 -16.554913
v 366.078339 119.993355 -15.674152
v 366.962372 121.000710 -16.341671
v 245.715607 122.991280 -15.826790
v 249.468948 123.096069 -14.654633
v 250.489838 122.062141 -15.602501
v 258.706390 122.165939 -15.817959
v 260.733215 123.104950 -16.118851
v 351.411316 122.999023 -15.407269
v 349.101685 123.073486 -14.714195
v 351.005615 123.414299 -13.946461
v 352.715851 122.076790 -15.883636
v 355.622040 122.059242 -14.146282
v 363.651367 123.017677 -15.799492
v 366.930481 122.535286 -16.539444
v 243.629181 13.865285 -14.632889
v 245.726395 12.625519 -12.757401
v 249.551056 11.730344 -12.361012
v 250.006363 12.124817 -14.859528
v 254.564407 12.550481 -14.291321
v 257.927704 11.890373 -13.318203
v 262.535095 12.158154 -13.124584
v 264.308350 13.727277 -13.335175
v 347.145447 12.953348 -14.070499
v 349.524445 12.174957 -12.366238
v 356.834015 11.890383 -12.098545
v 360.760773 11.915981 -13.021004
v 367.805634 13.674799 -13.675732
v 346.428009 14.409768 -14.444103
v 244.474426 17.217670 -14.131214
v 246.455109 18.108915 -14.048649
v 262.560333 18.121557 -14.336761
v 347.438843 17.361164 -13.792446
v 348.545776 18.115654 -14.815510
v 351.177399 18.127562 -11.915901
v 249.186966 23.087257 -13.560532
v 352.043823 26.709011 -14.827148
v 251.356110 27.179373 -14.132458
v 255.269928 28.089527 -13.918781
v 257.863800 27.074278 -14.226669
v 361.542297 27.456957 -14.434479
v 252.134811 29.225534 -15.149605
v 353.575500 28.077568 -14.561611
v 355.899902 28.332991 -13.701580
v 357.685303 29.465668 -14.830639
v 359.457703 28.486942 -14.003555
v 253.384491 32.289310 -14.972122
v 356.423279 31.420246 -14.893982
v 355.597656 35.801472 -13.993992
v 358.301086 31.681068 -14.784931
v 357.743805 36.344757 -13.629681
v 251.301010 39.890377 -14.452320
v 254.136124 37.895451 -13.867382
v 256.372864 37.097965 -14.354717
v 257.992004 44.879566 -14.348698
v 355.074707 44.373199 -13.271900
v 361.994446 39.147835 -15.077919
v 255.055359 47.272606 -13.372845
v 259.615082 45.082905 -15.563400
v 360.495422 42.666782 -13.779728
v 252.199341 45.901981 -13.787735
v 256.840240 55.271080 -13.918957
v 353.521637 54.493992 -14.129200
v 356.616516 58.219452 -13.232506
v 252.543549 58.812126 -14.000275
v 258.723663 58.230164 -15.113487
v 255.066971 64.244629 -14.038784
v 354.751343 66.742561 -14.148304
v 359.791565 63.546349 -13.908707
v 250.418961 68.540184 -15.573612
v 358.009369 68.075493 -13.768356
v 354.385712 79.574631 -15.282696
v 356.666626 77.289146 -14.355049
v 358.551422 88.188660 -15.062637
v 255.455963 85.605873 -15.414284
v 358.276550 101.294846 -15.798050
v 356.722229 99.821854 -15.689915
v 356.741699 108.856140 -15.711166
v 358.312286 110.923103 -15.563610
v 356.666504 111.364113 -15.294052
v 252.286530 112.194168 -15.684017
v 253.020950 112.720009 -14.152187
v 255.571579 113.232376 -13.833744
v 257.865479 112.723061 -14.936409
v 258.740173 118.920029 -13.239658
v 353.385193 113.018677 -14.620163
v 351.110138 118.914070 -14.310108
v 354.162048 112.273468 -15.558750
v 355.869476 112.723808 -13.666206
v 357.611328 112.169395 -14.800747
v 359.451080 112.761650 -13.830399
v 357.541443 114.548080 -12.942741
v 249.532745 118.900551 -13.648300
v 252.323975 118.906952 -12.389885
v 352.999023 118.931076 -12.839462
v 355.655426 118.926399 -11.781582
v 360.928284 118.958549 -12.381119
v 363.529663 118.882164 -14.235600
v 247.817596 119.994980 -13.470196
v 248.323624 121.037430 -12.403271
v 261.406616 120.302025 -13.431419
v 260.673431 121.824509 -12.466663
v 349.702606 121.132607 -13.153355
v 350.225464 120.034210 -13.400528
v 364.741577 120.248718 -13.373764
v 364.897400 121.709801 -13.110737
v 247.213058 122.489609 -13.538479
v 247.762024 123.410103 -14.178814
v 252.647797 123.277611 -12.821747
v 255.428528 122.042297 -14.492386
v 257.685669 123.057129 -13.749310
v 256.467834 123.416641 -11.674210
v 259.900055 123.213524 -12.709621
v 262.634705 122.626610 -14.759979
v 353.986328 123.371132 -12.621643
v 359.322632 122.085091 -14.221184
v 358.212402 122.988632 -12.693909
v 361.070801 123.039948 -13.571507
v 361.338318 123.412804 -12.145317
v 365.063354 123.153725 -14.227093
v 248.637222 12.740051 -10.416553
v 251.043518 12.221032 -10.124195
v 254.875534 11.825650 -10.809299
v 254.822754 12.265966 -9.507221
v 258.185730 12.226330 -10.176323
v 260.442444 13.064655 -10.303787
v 305.240723 12.998584 -10.438858
v 348.691406 13.239747 -11.764946
v 353.141693 11.856350 -10.973778
v 352.281189 12.491570 -9.831532
v 361.517120 11.880810 -10.571369
v 365.725922 13.333434 -11.417698
v 362.906738 13.045679 -9.599808
v 246.579758 14.323752 -11.152225
v 246.967926 17.274614 -11.504025
v 262.329315 14.130585 -11.284309
v 301.654663 14.188821 -10.016781
v 305.404694 14.631876 -10.853954
v 307.057129 16.984518 -10.506268
v 310.600281 15.013619 -9.999466
v 348.459045 15.028293 -11.770363
v 351.052734 14.132971 -9.630531
v 364.544525 14.508266 -10.142265
v 250.326584 18.087004 -11.176376
v 249.339569 17.245939 -10.011372
v 254.427383 18.124014 -10.411201
v 258.976105 18.107716 -11.359356
v 263.426270 17.290760 -12.922798
v 349.786194 17.158800 -11.067692
v 353.494415 22.208179 -12.009178
v 355.157440 18.096096 -10.117886
v 361.725433 18.099951 -10.881035
v 359.289490 18.148802 -10.123959
v 363.693604 18.118217 -12.040539
v 363.879089 17.236561 -10.322662
v 253.268311 22.940857 -11.962540
v 255.971848 22.681839 -11.926720
v 358.576569 26.370394 -12.757324
v 357.000854 23.577505 -11.603436
v 360.354340 23.027388 -11.936001
v 358.144714 48.094662 -12.911194
v 358.787354 118.938477 -11.782887
v 250.612900 120.565384 -11.239925
v 253.371521 119.880150 -11.111656
v 253.897537 121.001045 -10.453598
v 255.302505 118.951553 -12.146362
v 259.175323 120.368660 -11.826721
v 256.887085 120.523232 -10.827057
v 353.188110 120.567307 -10.898487
v 359.134064 120.268791 -10.385269
v 356.188873 120.213181 -10.302341
v 361.816345 120.457375 -11.116459
v 362.706055 121.734337 -11.392498
v 359.362061 121.428764 -10.098812
v 250.598495 123.323982 -11.964615
v 250.128204 122.509209 -11.484383
v 253.672867 122.713280 -10.664391
v 257.112366 122.514290 -10.893524
v 351.481750 122.609360 -11.992363
v 353.133911 123.315681 -11.706558
v 353.999756 122.507942 -10.674286
v 355.612549 121.701263 -10.074165
v 358.000244 123.065842 -10.359707
v 361.138428 122.979477 -11.052902
v 362.878479 123.033279 -12.085133
v 252.045258 12.949137 -9.069920
v 256.059448 13.762708 -8.551785
v 298.306702 13.325182 -7.798309
v 301.281189 12.819989 -9.326607
v 303.062195 11.834125 -8.502316
v 306.788757 12.001751 -9.237999
v 314.020691 11.817534 -5.143616
v 311.097870 12.894064 -9.338890
v 312.007019 12.222554 -8.187218
v 313.764679 13.749303 -8.241806
v 353.832703 13.633835 -8.566483
v 357.258728 12.118219 -9.317951
v 356.026337 12.856238 -8.494308
v 359.767975 13.020242 -8.471989
v 250.132385 14.469133 -9.162781
v 253.428848 14.106407 -8.461021
v 259.363708 14.340968 -9.405518
v 260.231293 17.160130 -10.325092
v 298.168884 14.331930 -8.001041
v 309.017761 13.235557 -10.348892
v 313.109131 17.268358 -8.182007
v 315.731354 14.505466 -6.359604
v 352.772095 17.170061 -9.235043
v 357.409180 14.180728 -7.931789
v 354.670563 15.292462 -8.295021
v 360.906708 14.922789 -8.489372
v 253.000320 17.198410 -8.916420
v 256.780792 17.260033 -9.130474
v 300.983002 18.115725 -7.463104
v 303.663544 17.315804 -10.103737
v 299.912781 17.268063 -8.648212
v 303.925537 18.048960 -8.721737
v 310.640320 17.359901 -9.444115
v 308.118164 18.131042 -8.740276
v 311.897797 18.132378 -7.110016
v 309.683044 26.302935 -5.395798
v 354.728760 17.421701 -8.894096
v 357.617004 17.259859 -8.403942
v 360.723145 17.193035 -8.849586
v 305.779846 27.396879 -5.706291
v 307.412231 22.722002 -7.368156
v 301.682190 120.959305 -7.784119
v 301.315308 119.867867 -6.913849
v 306.824615 122.374092 -8.784286
v 305.036926 120.655724 -8.727631
v 304.317169 119.856873 -8.016563
v 308.862640 120.333031 -8.270653
v 309.810638 122.132225 -8.229061
v 308.113159 118.924301 -6.922539
v 311.384735 120.245758 -7.139565
v 312.441010 121.756813 -6.755142
v 303.000122 122.530609 -8.214344
v 308.845398 123.378204 -7.623886
v 303.190369 123.246597 -7.670700
v 302.938965 123.403763 -6.642937
v 296.457611 12.934500 -5.502670
v 295.346802 12.523232 -3.047005
v 298.721893 12.015331 -6.365662
v 302.244720 11.948771 -5.482407
v 302.155457 12.663912 -3.186691
v 306.320740 11.939638 -6.531281
v 306.525818 12.659610 -4.676437
v 310.116699 12.661108 -3.262840
v 311.685181 11.900487 -4.493599
v 315.782257 12.622478 -5.316917
v 296.579102 17.179354 -5.635063
v 295.379333 14.532269 -4.551697
v 315.248901 16.905016 -6.381721
v 317.524811 13.829326 -3.484367
v 298.096924 18.113043 -5.064606
v 314.181213 18.123924 -5.145798
v 316.617737 17.242096 -4.229988
v 313.970581 22.042782 -3.418533
v 316.183990 18.120176 -1.557411
v 301.245483 26.097839 -4.562889
v 298.991913 23.411201 -3.489700
v 310.792786 27.976795 -3.728508
v 303.497162 26.641302 -5.564308
v 308.044403 28.124758 -5.090363
v 303.067444 28.875782 -3.977486
v 305.712006 29.412085 -4.244270
v 305.772858 32.536819 -4.313553
v 307.585388 35.766338 -4.938187
v 304.812042 36.076591 -4.917915
v 302.826538 41.918457 -4.903496
v 306.745361 40.927353 -5.625465
v 310.425415 40.701107 -4.251762
v 304.501221 50.381226 -5.717003
v 308.703308 46.716236 -5.401711
v 307.356171 52.165779 -5.761162
v 301.947479 51.776581 -4.533676
v 310.504822 52.746681 -4.385040
v 303.730255 85.817291 -3.440567
v 309.312134 75.701256 -3.712410
v 306.053253 82.277359 -4.189796
v 303.317383 112.719528 -4.639793
v 305.947601 112.902077 -5.402618
v 308.965149 112.732681 -4.697250
v 302.182678 118.976967 -6.271622
v 305.651581 118.915329 -7.115898
v 310.814911 118.862350 -5.762695
v 312.927063 118.893303 -3.933792
v 299.167236 120.318512 -5.792976
v 299.833618 121.744041 -6.705322
v 297.467041 120.945229 -4.153725
v 313.847015 120.480980 -5.282265
v 314.991943 122.320572 -4.058540
v 299.720856 123.208336 -5.824677
v 297.440704 122.434990 -3.962158
v 297.590393 123.246567 -2.999641
v 297.727966 123.405853 -1.767372
v 300.567505 123.117638 -3.994286
v 302.110291 122.047333 -3.522972
v 304.676819 123.071060 -6.132866
v 306.266571 122.063774 -4.883041
v 310.168732 122.059822 -3.500427
v 312.284332 123.163170 -6.167915
v 310.159576 123.416832 -6.088028
v 311.692719 122.999565 -3.743469
v 314.450684 123.378899 -3.107925
v 296.376465 11.800280 -0.998833
v 299.265411 11.992964 -2.123344
v 299.608398 12.548313 1.216034
v 312.200378 12.666896 0.186905
v 315.821777 11.758636 -0.309639
v 313.643341 12.074858 0.102989
v 317.041626 12.349393 -1.942772
v 318.119202 13.252306 -0.791183
v 294.232513 14.618226 -1.744232
v 294.942596 17.326944 -2.441376
v 318.604095 14.399385 0.970421
v 296.220947 18.068659 -1.854790
v 318.154236 17.279837 0.028320
v 298.094421 24.463413 -0.740814
v 300.353851 28.739676 -1.417847
v 312.468353 27.809391 -1.681374
v 314.424927 24.275349 -0.564819
v 301.948547 29.459894 -2.059700
v 304.292725 29.624247 -2.699203
v 302.444672 29.664879 -1.381752
v 306.175354 29.656900 -3.209045
v 309.375977 29.494305 -3.022522
v 308.278076 29.615038 -2.609688
v 311.427551 29.235033 -1.191422
v 310.512299 29.637764 -0.308792
v 303.135437 32.886421 -3.670113
v 308.367615 31.680908 -3.644402
v 309.844971 31.007122 -2.385910
v 310.747192 34.824677 -3.034241
v 311.260010 31.761972 -0.888428
v 300.323761 38.134361 -2.249321
v 312.207275 36.376175 -1.295082
v 312.248169 44.771465 -2.714279
v 300.544312 47.438499 -3.317505
v 299.434387 48.035942 -1.610023
v 313.064636 50.396908 -1.203957
v 300.802124 62.127579 -2.880836
v 311.733398 57.518524 -2.963219
v 312.193726 69.350945 -0.998291
v 307.824127 85.189697 -3.718727
v 309.857483 92.032410 -2.060089
v 311.002045 88.739014 -0.693893
v 305.216278 95.430984 -3.298302
v 302.704865 97.167130 -1.840607
v 305.555573 106.428596 -2.929810
v 310.366943 102.985916 -0.425919
v 307.463562 105.436951 -2.836624
v 309.380127 103.119812 -1.734268
v 303.715424 107.007294 -2.287743
v 302.309814 104.057053 -0.918129
v 302.288269 110.769554 -1.377991
v 304.022888 110.336182 -2.809654
v 309.033203 110.324677 -2.339615
v 310.230743 110.066330 -0.962181
v 304.081268 112.100006 -3.498299
v 305.961121 111.309830 -3.467911
v 307.423737 110.540863 -3.130676
v 311.241547 111.622070 0.103859
v 301.060455 112.670830 -2.906685
v 302.042358 112.193382 -2.097839
v 307.657135 112.177803 -3.828545
v 311.115997 113.015648 -3.334503
v 310.377563 112.140190 -1.935394
v 312.147217 112.689392 -1.698341
v 299.083282 118.841621 -3.455612
v 296.495605 120.484230 -1.994492
v 314.267822 118.944115 -1.700226
v 316.088379 120.540489 -1.370682
v 295.978302 122.595352 0.306801
v 298.525330 122.989288 0.133591
v 299.690948 122.149422 0.217316
v 313.452759 123.211876 -1.846146
v 315.872040 123.197693 0.006905
v 316.178497 122.510307 -0.721565
v 294.139069 13.086868 0.141930
v 297.556000 11.833652 4.193687
v 317.676788 12.351695 2.353561
v 294.122467 16.843122 0.773407
v 293.759583 14.433302 1.847580
v 294.451050 17.278624 4.146172
v 295.790131 18.124311 1.430298
v 316.496948 18.120367 3.575653
v 297.166748 22.745621 1.943260
v 299.011444 27.625013 1.084175
v 313.531891 27.297203 1.748962
v 300.435364 29.407795 1.879051
v 301.374237 29.654394 1.627960
v 312.261292 29.193005 1.173096
v 310.822296 29.624746 1.996460
v 300.074646 33.602932 0.705566
v 300.871277 32.084576 -0.885109
v 312.171722 32.679260 0.911247
v 313.258972 39.890858 0.750244
v 298.951477 40.510796 1.454094
v 313.588287 46.626869 2.229256
v 298.744202 50.735332 1.532539
v 313.242615 56.515770 0.051765
v 299.698730 66.861328 -0.274261
v 312.984711 64.993034 1.740631
v 311.452148 88.580399 0.783363
v 301.516815 100.284721 1.990585
v 301.698242 100.988174 0.315987
v 310.878082 101.071198 2.030396
v 301.651550 108.398048 0.425461
v 301.451660 111.327255 -0.163261
v 300.877472 111.895927 1.579582
v 310.910370 109.312508 1.098640
v 299.382263 112.892403 -0.020309
v 300.711273 112.258743 0.014114
v 311.769592 112.192589 0.974319
v 313.124207 112.866867 1.512802
v 297.597443 118.890152 0.126053
v 314.875458 118.847412 1.988228
v 295.725403 120.812149 1.815430
v 316.540436 120.625687 2.145767
v 296.521729 123.245758 1.540077
v 300.303894 122.065735 4.091156
v 312.195496 122.060707 3.578964
v 312.793762 122.174644 0.534843
v 314.030487 123.102173 1.688759
v 316.445038 122.422340 1.726494
v 294.319611 13.082405 3.930382
v 297.903412 11.802386 7.309418
v 295.038391 12.182045 2.749123
v 301.867340 12.674784 6.222145
v 311.722626 12.655161 4.323601
v 313.321716 11.940102 5.754745
v 314.775208 11.824061 7.350807
v 317.390747 12.577892 5.069542
v 318.343079 13.856110 3.700348
v 296.173798 18.099873 4.625114
v 317.704315 17.190208 4.976662
v 313.413940 26.586859 4.045952
v 299.570007 27.990503 3.997803
v 302.235535 29.621065 4.293358
v 311.804169 29.112524 4.037262
v 310.038177 29.652283 4.446373
v 300.259155 34.008453 3.820641
v 301.686554 32.473621 5.345757
v 311.492340 31.387871 3.157028
v 312.550629 35.149082 2.695625
v 311.446686 34.695469 5.315567
v 299.705750 40.900124 4.735207
v 312.982666 40.799686 3.798737
v 299.007080 48.642529 3.490715
v 313.137207 56.773033 3.571480
v 299.542175 64.951767 3.138283
v 311.892365 69.905731 4.680405
v 311.842316 81.513985 2.794937
v 300.993896 84.305344 3.645676
v 302.575348 90.776993 5.327095
v 302.337280 96.739784 4.616188
v 309.968079 101.841751 4.190781
v 303.190887 106.130074 5.033264
v 301.479706 111.170509 3.284981
v 302.001923 108.455467 3.595306
v 309.799683 108.670631 4.513290
v 302.498291 112.151642 5.587708
v 311.112122 111.237137 2.417145
v 310.510162 111.509415 4.312866
v 299.461548 112.790024 2.958122
v 301.109192 112.230507 4.014603
v 300.440216 112.763290 5.400520
v 312.470886 112.748413 4.233727
v 311.478363 112.260452 3.541466
v 297.613525 118.905830 3.042274
v 298.689026 118.931168 6.071625
v 313.804993 118.916061 5.816948
v 296.850586 119.944565 4.700592
v 315.561005 119.888954 4.384689
v 315.955627 121.932961 5.205399
v 297.848785 123.298706 6.474693
v 296.231293 122.218826 4.652260
v 298.505127 123.362617 5.200035
v 302.975769 122.061760 7.274712
v 314.547302 123.409157 5.250984
v 313.033234 123.101921 5.472595
v 315.685303 123.091003 4.277618
v 296.103333 12.375639 7.025909
v 295.783417 13.708387 8.379021
v 300.814758 12.160581 6.604935
v 308.001221 12.648069 7.652267
v 309.394684 11.789204 9.523743
v 317.355194 14.015745 7.054390
v 294.489563 14.411162 5.661873
v 296.309448 17.273479 8.288773
v 314.976624 18.112509 7.134247
v 316.061523 17.271622 8.253944
v 297.492065 18.096308 7.424957
v 313.676971 22.838011 6.533180
v 300.790497 27.911148 6.118431
v 311.543793 23.379795 8.564201
v 301.360657 29.410477 4.550201
v 302.793610 29.316807 6.487038
v 305.583130 29.663349 6.312485
v 306.852112 29.175161 7.553200
v 304.991150 28.476408 8.126686
v 310.196716 29.437428 5.628914
v 308.140259 29.624197 5.753479
v 309.234680 28.408325 7.534370
v 311.335266 27.746370 6.428925
v 303.282104 32.405499 6.732597
v 308.936768 31.943407 6.598862
v 306.457428 31.532139 7.225952
v 307.887451 35.979725 7.956528
v 310.529144 39.593575 7.167870
v 301.148712 45.939751 6.974457
v 301.646362 39.214622 7.027771
v 312.427704 44.630150 5.501343
v 310.980835 47.690559 7.223640
v 300.086121 54.179401 5.553406
v 302.102631 54.222256 7.658211
v 311.460114 61.346813 6.160400
v 301.343750 62.687901 6.560097
v 309.847839 71.524834 6.833771
v 308.462433 82.745316 6.761681
v 305.726929 82.058693 7.307045
v 304.039581 87.804192 6.502449
v 310.103516 87.917854 5.244225
v 305.403809 101.700706 6.134377
v 307.319794 101.820045 6.118088
v 307.974670 107.370941 5.744370
v 305.239746 109.705711 6.284424
v 304.323669 111.418884 6.347122
v 308.879608 111.329704 5.832069
v 307.052521 111.439827 6.577980
v 302.525635 112.687027 7.315117
v 304.169495 112.231728 6.797165
v 307.316589 112.251030 7.122093
v 308.704712 112.757683 7.958229
v 310.102661 112.228798 5.611252
v 311.064056 112.799744 6.404793
v 297.106537 120.893906 6.632576
v 315.176208 120.615181 6.531593
v 313.701782 119.896484 7.868706
v 314.459839 121.632172 7.902306
v 297.933960 122.616707 7.703133
v 300.045807 123.074455 6.385742
v 303.242859 123.086662 8.863197
v 307.496033 122.084335 7.923859
v 310.606598 122.038727 6.205841
v 310.800232 122.972382 7.656311
v 313.873444 123.118645 7.875229
v 298.488068 12.215714 9.896538
v 304.599548 11.797453 11.480904
v 304.038025 11.977416 9.187866
v 314.908203 12.376092 9.038200
v 311.334625 12.148539 11.633224
v 313.719879 13.570893 11.304543
v 314.038513 16.544834 10.885155
v 315.793579 13.644982 9.328194
v 302.926880 18.091753 11.537071
v 312.979706 18.131161 9.472687
v 312.295288 17.209074 11.862465
v 299.681061 18.057346 9.854401
v 309.324219 23.322309 9.858818
v 302.852417 26.307154 8.556801
v 304.564453 23.794775 10.079460
v 306.950043 27.337729 8.854515
v 305.050629 36.120064 8.127892
v 303.592560 44.665585 8.533287
v 308.360962 42.124817 8.544434
v 305.758240 44.146091 8.919418
v 309.048462 54.342735 8.316704
v 305.280762 56.363232 8.762947
v 306.993896 54.300163 8.812164
v 303.356384 75.047836 7.099030
v 306.520203 72.678062 7.962440
v 303.910126 113.157257 8.210419
v 306.308716 112.724327 8.375458
v 300.930817 118.954674 8.505051
v 304.082764 118.878845 10.031273
v 308.389038 118.917389 10.043999
v 311.467163 118.929642 8.475090
v 298.717041 119.888008 7.953041
v 299.935333 120.686836 9.923309
v 309.877502 120.177055 11.037682
v 312.922913 120.921875 9.494392
v 300.889954 122.467110 10.397842
v 300.770386 123.393112 9.351753
v 303.653656 123.095718 11.161682
v 307.633362 123.045410 9.204506
v 309.818359 123.411926 9.659668
v 309.897766 123.311096 10.453552
v 312.750671 122.568810 9.449257
v 298.271820 13.492816 10.946289
v 300.490723 13.374269 12.505531
v 303.913940 12.422732 12.918129
v 307.117310 12.426617 13.034073
v 310.312744 13.223523 13.032410
v 298.800415 17.173182 11.065048
v 303.198456 14.275080 13.637054
v 311.217041 14.792764 12.890564
v 301.417419 17.374891 12.436821
v 304.776733 17.181221 13.451454
v 307.273193 18.127073 11.929512
v 310.177979 18.114422 11.166550
v 303.369507 120.299095 11.323708
v 303.780975 121.512642 11.697334
v 306.093597 120.395279 11.769966
v 306.732697 121.500641 11.982300
v 310.048492 122.143173 11.228668
v 307.216064 122.888939 11.655037
v 306.773621 13.841478 13.976166
v 308.639282 17.265738 13.266998
v 297.425903 148.014587 -168.016174
v 309.252686 148.049179 -168.288422
v 317.526611 148.262756 -167.723511
v 285.325134 148.996719 -166.558502
v 292.410400 149.411484 -167.857834
v 300.526886 149.444916 -168.633484
v 304.433838 150.859726 -168.439209
v 311.407410 149.390488 -168.551193
v 322.024384 149.180115 -167.340561
v 289.833099 151.574768 -166.961655
v 315.864807 151.685379 -167.623779
v 324.422302 151.679001 -166.303986
v 297.021027 153.503967 -166.961044
v 283.262970 146.330994 -164.017410
v 293.442657 144.864868 -163.321686
v 300.084076 145.516190 -165.183426
v 306.652985 146.522507 -167.035797
v 320.112762 146.015335 -165.260620
v 281.796692 147.923889 -165.306396
v 291.266479 147.256485 -166.787689
v 324.928711 147.185257 -165.723724
v 334.042572 147.234985 -163.452835
v 331.498138 148.810913 -165.202515
v 277.413940 149.107498 -164.526901
v 280.989685 150.585953 -165.379425
v 328.309753 150.143524 -165.945923
v 335.167419 151.901932 -163.398529
v 279.843323 152.932358 -164.015762
v 285.485992 154.969727 -164.072403
v 316.016815 154.595352 -165.897263
v 321.905243 154.395706 -165.247711
v 312.598022 157.354156 -164.018036
v 315.911316 144.446701 -162.441330
v 275.620239 144.465698 -158.316681
v 273.300018 147.561737 -162.502380
v 341.293518 148.811157 -161.864990
v 269.627930 149.064636 -161.796768
v 332.708771 153.813156 -163.161591
v 282.464355 159.377304 -159.149109
v 302.198975 157.510254 -163.975800
v 321.197754 159.709030 -160.468719
v 327.477936 157.087662 -161.804352
v 293.281372 157.992996 -162.735168
v 307.040955 160.185791 -161.124969
v 270.024628 146.472244 -160.067810
v 337.698578 146.013428 -160.622711
v 343.086670 146.935654 -159.868881
v 263.737427 148.001144 -158.762146
v 348.138763 148.375626 -158.681061
v 351.301392 149.755249 -157.272034
v 342.896027 150.633652 -161.100861
v 271.647125 151.906418 -161.987579
v 267.197968 155.788284 -157.430542
v 337.694153 157.213684 -158.603882
v 286.227173 161.152832 -157.800232
v 332.063782 161.472977 -155.593353
v 297.655090 162.354019 -158.156952
v 304.623749 143.533569 -160.597168
v 331.793274 142.554459 -153.096268
v 342.237366 144.059021 -154.583740
v 263.180634 145.278625 -154.731812
v 258.139099 147.169510 -155.139008
v 355.268188 147.197922 -153.936859
v 259.715637 149.273727 -157.245300
v 263.331543 151.887527 -158.377716
v 351.518738 152.313583 -156.198898
v 258.830963 155.349106 -153.484055
v 343.816010 153.636765 -159.183502
v 352.547638 155.572906 -153.195221
v 328.489380 162.541367 -155.026810
v 281.656555 163.812042 -152.854782
v 315.194122 162.925049 -157.111938
v 290.310394 141.880600 -153.449371
v 252.453568 149.520813 -152.873169
v 252.209198 151.088470 -152.363266
v 355.748077 148.730637 -154.667145
v 362.601562 149.836441 -150.240845
v 357.119720 151.194901 -153.465897
v 266.708069 158.885315 -153.878876
v 309.504150 165.972977 -152.788605
v 324.244202 139.794540 -144.065536
v 253.696228 145.741730 -150.187714
v 363.290894 146.584717 -147.600250
v 362.003418 147.882385 -150.051483
v 360.944366 154.501724 -148.754486
v 357.287048 157.712677 -147.978653
v 260.939697 160.884735 -148.226822
v 270.397949 163.205246 -149.782867
v 296.776459 167.427231 -149.853394
v 317.847290 167.156174 -149.831650
v 297.128967 139.202087 -143.233215
v 358.487671 145.393509 -148.734833
v 249.895432 148.248550 -150.906296
v 243.916916 149.670273 -146.593658
v 368.828674 148.987579 -145.256500
v 245.679306 152.497025 -146.841629
v 367.320465 152.829620 -145.123337
v 249.073364 154.987427 -147.408478
v 253.535248 158.764709 -146.421524
v 366.492676 156.432373 -142.486084
v 341.974579 164.651672 -146.686157
v 349.604431 160.782074 -148.810333
v 284.260101 167.017410 -148.185211
v 309.606689 170.031601 -145.120422
v 246.163254 146.478912 -146.198517
v 369.072510 147.228287 -143.801910
v 371.442474 151.043579 -142.497345
v 245.131729 156.188141 -143.052094
v 361.298737 162.296982 -138.472382
v 265.591980 167.594955 -138.992615
v 348.107697 166.463913 -139.875580
v 277.386749 169.236771 -141.424530
v 335.850250 166.992432 -145.172379
v 290.280884 170.366043 -142.712982
v 368.640137 145.360657 -140.598938
v 242.246674 148.016708 -144.736786
v 374.620544 148.365753 -139.593475
v 375.305115 149.678375 -139.162292
v 238.815475 155.178986 -138.444519
v 247.964325 159.639771 -140.978210
v 256.878265 166.111588 -136.338135
v 343.746399 169.263367 -136.263153
v 334.397919 170.594055 -137.857605
v 294.026398 138.640198 -138.839645
v 312.354980 138.578369 -138.906250
v 252.495117 142.795120 -139.959595
v 237.134521 146.537094 -137.953003
v 237.339783 149.177277 -140.682037
v 376.098938 155.864517 -133.745728
v 283.114136 172.970261 -134.168930
v 309.675018 175.502014 -130.998016
v 314.398895 172.620773 -138.362503
v 246.014709 142.188141 -131.048859
v 377.224304 146.695724 -135.009842
v 234.058197 148.202789 -136.816132
v 380.546997 148.406479 -132.985153
v 380.907928 150.163849 -132.798187
v 236.245483 151.247772 -139.037170
v 376.408325 153.231537 -136.146454
v 372.016449 159.279678 -133.240433
v 245.249557 161.283646 -135.838135
v 360.252258 166.034637 -131.703796
v 331.140625 174.786011 -127.677261
v 363.322540 143.260086 -138.299133
v 231.516388 146.711960 -132.029953
v 385.322540 147.730408 -126.058189
v 229.086578 148.527451 -131.138763
v 229.721771 149.996414 -132.159668
v 233.882996 155.543915 -132.537750
v 244.110931 163.774857 -129.896667
v 251.885849 167.810318 -128.268188
v 274.309326 173.509247 -128.601242
v 345.494843 138.571548 -126.257828
v 240.607254 143.956955 -134.532623
v 381.621704 144.369278 -122.076736
v 230.856003 145.220688 -127.298172
v 224.636078 149.350510 -125.140770
v 384.180939 149.418945 -128.578979
v 383.607819 153.609924 -126.745651
v 229.590103 153.414078 -129.736649
v 347.927917 170.995895 -128.932007
v 261.619232 139.265076 -128.678284
v 356.865173 139.299667 -122.458679
v 224.784363 147.527237 -124.171051
v 386.429382 151.206451 -124.644211
v 223.803528 151.658737 -122.910851
v 231.588608 158.113312 -126.076416
v 243.846176 167.753082 -119.451797
v 263.260468 170.496246 -130.546021
v 254.980164 138.556534 -116.350983
v 223.951385 145.802612 -118.685135
v 386.370667 145.649933 -119.557404
v 383.760559 146.124619 -125.095093
v 391.806885 150.966339 -115.653862
v 225.317947 154.895248 -121.698456
v 369.641815 164.235641 -126.093933
v 357.904694 171.439117 -118.440453
v 355.919647 137.952026 -102.707405
v 388.388672 147.079941 -120.014107
v 388.810730 149.215057 -121.570938
v 389.843079 153.807541 -116.401993
v 382.851440 158.036804 -121.467812
v 232.128723 162.042603 -118.612999
v 349.207886 174.451721 -116.641479
v 387.136963 143.944153 -109.629547
v 226.912140 144.186447 -116.711945
v 219.546997 148.726318 -116.394043
v 220.393097 149.884201 -118.004578
v 387.583862 157.105850 -115.033058
v 256.011414 173.322723 -114.760445
v 338.351471 178.695099 -109.238678
v 391.806091 147.997620 -115.439178
v 394.443542 149.173828 -110.778984
v 224.901367 158.185593 -115.136749
v 379.325562 162.334396 -117.560379
v 238.210251 166.974487 -113.789536
v 369.772339 169.358673 -110.169373
v 218.036713 146.334671 -108.537537
v 391.444397 146.186951 -111.856552
v 220.498520 147.324661 -116.496353
v 216.207306 147.980713 -108.279556
v 219.043747 151.849060 -114.285080
v 393.791412 152.624069 -109.718002
v 223.155106 160.756119 -104.674957
v 381.504883 165.062363 -104.550201
v 245.829758 171.309418 -109.002922
v 383.078369 142.166641 -104.186310
v 395.469482 147.049011 -104.989670
v 214.745834 149.393127 -105.866974
v 214.969193 151.349304 -105.055855
v 219.587234 155.089951 -110.916397
v 388.309509 160.635849 -104.473740
v 242.247070 171.355515 -102.480225
v 372.051025 170.571716 -99.938538
v 216.766678 145.469727 -101.086845
v 396.481354 148.147369 -104.637108
v 398.193909 149.529861 -100.683716
v 396.010193 151.409439 -105.588089
v 218.576965 157.883270 -101.466133
v 394.076965 155.620819 -103.630692
v 280.792145 181.577591 -103.578384
v 394.056396 144.217392 -92.702377
v 214.689377 147.143234 -102.351418
v 228.929169 163.977402 -107.080475
v 234.068771 168.138443 -101.271584
v 343.161255 178.909363 -103.344116
v 367.115021 138.098633 -84.621620
v 375.987732 139.330521 -89.927292
v 396.356689 146.041183 -98.287392
v 398.526550 147.505066 -96.689034
v 212.402039 150.293457 -98.112076
v 399.659637 148.342300 -94.568039
v 214.097137 153.431198 -99.438690
v 393.388611 159.564697 -92.704414
v 398.259430 152.871490 -96.378387
v 218.653229 160.856476 -89.369003
v 385.688843 164.778168 -94.089203
v 231.619568 168.716187 -89.757721
v 270.946930 181.750122 -91.437355
v 299.278503 186.848770 -92.417145
v 212.600906 145.712296 -86.327209
v 211.621490 147.213226 -91.668091
v 211.758209 148.829529 -96.297470
v 400.583923 149.208527 -91.265755
v 211.704681 153.104675 -90.947250
v 396.367859 156.448013 -93.313911
v 215.886230 157.848679 -92.092163
v 374.729553 170.629684 -91.869080
v 289.629150 186.431641 -88.619225
v 239.682007 138.684982 -90.618683
v 388.758057 142.514587 -91.403076
v 401.182800 147.809387 -84.904999
v 400.500214 150.743607 -90.860443
v 400.634705 152.889832 -84.754799
v 398.801453 155.154236 -86.458755
v 390.414551 162.527863 -88.224304
v 223.673187 164.267197 -90.595139
v 238.272919 171.991760 -85.745018
v 299.772339 187.687607 -88.319641
v 304.464111 188.231583 -87.616722
v 308.115265 188.078339 -87.732048
v 309.292908 193.222275 -87.948456
v 300.040802 193.586273 -87.707344
v 302.915405 194.050400 -88.169205
v 304.338104 193.218887 -88.322456
v 306.539124 193.671036 -88.603134
v 220.973907 142.472290 -81.818153
v 400.050323 146.671188 -85.941551
v 209.499130 149.113831 -84.719940
v 210.433075 150.327362 -90.038048
v 212.822021 156.127029 -83.971336
v 226.342377 166.742157 -81.681847
v 285.070190 186.602112 -81.123070
v 294.089844 188.051697 -83.244507
v 297.631653 188.828110 -84.818764
v 299.776672 188.273529 -86.552986
v 310.874390 189.530609 -85.296265
v 311.559784 187.962173 -87.037323
v 314.157623 188.097870 -85.372955
v 298.905701 189.878540 -84.523590
v 299.854126 190.819946 -84.826836
v 302.704895 189.746307 -85.936005
v 302.906769 190.723526 -85.732063
v 306.810760 189.317673 -86.453415
v 306.122711 190.584793 -85.977127
v 314.290466 189.392029 -83.535019
v 310.228058 190.919342 -85.311989
v 299.161011 191.835266 -85.044502
v 301.956482 191.844421 -86.090965
v 306.084412 191.822342 -86.530312
v 310.081665 191.851471 -85.834244
v 312.839233 191.859177 -84.629829
v 297.396301 193.540222 -86.457268
v 315.637268 195.865906 -83.365570
v 312.316833 193.654190 -87.313118
v 209.441284 147.622116 -78.986794
v 209.114380 151.299225 -77.677132
v 237.504990 172.281418 -77.653946
v 373.491791 171.975815 -83.316498
v 292.403625 188.439743 -80.255127
v 316.974365 188.341263 -82.868935
v 295.175903 189.758194 -81.748940
v 294.601440 190.878204 -80.855133
v 296.796753 190.767395 -82.966599
v 315.153137 190.751068 -82.405411
v 316.677734 189.336533 -81.406364
v 293.936279 191.864899 -80.837624
v 296.276276 191.816925 -83.191933
v 316.262817 191.910706 -82.152229
v 317.042847 193.486465 -84.156059
v 402.077759 149.603638 -82.072159
v 215.811478 159.969589 -74.545631
v 385.175629 166.849350 -75.093315
v 290.175537 188.047195 -77.148003
v 320.171631 187.860657 -80.178444
v 319.081970 188.878357 -78.899223
v 292.189636 189.387177 -77.804848
v 292.949402 190.443665 -78.427109
v 318.108948 189.810776 -78.966171
v 318.302917 190.855362 -78.417320
v 292.119568 191.601730 -77.321609
v 318.924866 191.853638 -78.164268
v 233.757889 139.272751 -77.026855
v 394.349182 143.480240 -74.649200
v 398.553040 145.310776 -78.960930
v 402.046753 148.037521 -77.265541
v 208.718872 148.917160 -76.253990
v 402.501160 149.541840 -75.204742
v 402.099213 151.425430 -74.233154
v 210.861404 154.547867 -77.369286
v 220.519073 163.465698 -75.085785
v 327.238007 186.751373 -74.842285
v 320.991516 188.157547 -76.515526
v 319.499268 189.897736 -75.346710
v 375.545410 138.867859 -70.799126
v 214.219070 144.444778 -69.978394
v 209.105606 147.919708 -68.529419
v 402.354187 148.269165 -70.894257
v 208.632751 149.705414 -68.085953
v 402.472656 149.370453 -65.994797
v 213.296066 157.443848 -67.825928
v 393.078430 161.765396 -71.374023
v 223.280411 165.055237 -63.687576
v 228.040802 167.998184 -71.943077
v 231.063538 169.466507 -69.439674
v 380.862549 169.073196 -68.478035
v 376.553101 171.106979 -72.765038
v 282.642700 186.455658 -73.867065
v 289.429504 188.014709 -68.971916
v 289.581573 188.181137 -71.660751
v 321.924133 187.983337 -69.501816
v 320.862793 188.886505 -71.550842
v 290.841766 189.290741 -70.245476
v 291.372681 190.315338 -69.915680
v 291.278290 189.550415 -74.497185
v 320.005798 189.899109 -71.725853
v 319.864380 190.992325 -73.070763
v 291.369507 190.716812 -73.574181
v 291.119965 191.567764 -69.804337
v 291.094849 191.850250 -74.710075
v 320.445984 191.845154 -73.216949
v 399.111328 145.491364 -68.854156
v 210.715530 146.280182 -68.827621
v 401.347412 146.902542 -70.029129
v 209.838516 152.784851 -65.807076
v 399.585907 155.670990 -74.819786
v 401.344330 152.577621 -64.267570
v 238.482910 172.055161 -56.833004
v 328.638855 186.428986 -68.974754
v 284.200073 186.722443 -66.737541
v 320.251312 188.375656 -65.612610
v 319.527679 190.787445 -68.456451
v 319.631500 189.864929 -68.377068
v 320.058777 191.886810 -68.405609
v 391.164124 142.787140 -59.829857
v 396.400208 144.516266 -59.021255
v 209.423691 150.199448 -59.629097
v 398.957275 156.201981 -66.528992
v 395.229736 159.593063 -61.003418
v 291.448517 187.987396 -63.433964
v 320.171570 187.860657 -63.273193
v 292.104248 189.393570 -65.865791
v 292.740387 190.437424 -65.394615
v 317.685608 190.804001 -64.115440
v 318.763702 189.467346 -65.430565
v 292.169769 191.624924 -66.005066
v 373.048279 138.795670 -56.647892
v 211.474228 146.171494 -59.857494
v 399.173401 145.935150 -58.621056
v 401.453430 147.756149 -60.621723
v 209.453186 149.051743 -58.906418
v 401.225342 152.019409 -60.115200
v 210.891098 153.445129 -58.613171
v 293.762512 188.387024 -61.296921
v 316.720398 188.390945 -60.515453
v 295.203003 189.853867 -61.710831
v 294.601532 190.878220 -62.596478
v 316.802429 189.458450 -62.332520
v 293.936310 191.864929 -62.614033
v 318.257477 191.934250 -63.799664
v 401.148987 149.485077 -55.001968
v 398.801453 155.154236 -56.992985
v 370.244934 172.979324 -55.822777
v 295.399384 187.855728 -58.349567
v 297.698212 188.519699 -58.257755
v 313.734283 188.401627 -58.237732
v 296.796722 190.767380 -60.485123
v 298.905701 189.878540 -58.928093
v 312.886597 189.475830 -58.970814
v 314.968933 190.744003 -60.934544
v 296.276276 191.816940 -60.259766
v 315.639465 191.873520 -60.809673
v 317.066101 193.494644 -59.279778
v 389.878845 163.333069 -58.053604
v 222.448730 163.149780 -51.504585
v 263.296082 179.812714 -53.085491
v 301.595978 189.525558 -57.733452
v 301.288300 187.980881 -55.920750
v 310.844086 188.162323 -56.548660
v 315.646790 188.046692 -58.601097
v 299.854126 190.819946 -58.624855
v 304.223633 189.649521 -57.284309
v 304.727417 190.689850 -57.384384
v 307.963776 189.601410 -57.392681
v 310.607422 190.922089 -58.295227
v 300.680695 193.638168 -55.527184
v 299.824310 191.805145 -58.088898
v 304.486755 191.841995 -56.975250
v 309.207977 191.801437 -57.379547
v 312.839233 191.859177 -58.821869
v 297.513763 193.541046 -56.932522
v 312.307953 193.635391 -56.151840
v 210.829559 147.435867 -55.167309
v 399.968506 147.882050 -51.301819
v 210.749771 148.643951 -52.082607
v 211.275085 149.817017 -49.241661
v 399.100433 152.007980 -48.391308
v 218.368591 160.012802 -50.551109
v 233.542892 169.027832 -49.247467
v 306.465607 188.068909 -55.593388
v 309.170746 193.241699 -55.462402
v 304.338104 193.218872 -55.129246
v 306.679016 193.651047 -54.859436
v 213.062393 146.384613 -50.072487
v 397.799530 147.060303 -45.181854
v 213.512970 147.497787 -43.435707
v 215.679230 155.319366 -43.221344
v 381.650635 166.403595 -45.578270
v 250.846939 175.803619 -51.119247
v 301.536621 186.545166 -49.304794
v 308.195312 186.669266 -49.624531
v 240.351700 139.394989 -40.025215
v 219.042908 144.276520 -43.988678
v 212.793823 148.934372 -43.442753
v 398.747559 149.334625 -44.492897
v 213.459381 152.916092 -45.407593
v 368.301117 171.831711 -42.356033
v 360.562195 175.161331 -46.729691
v 321.613739 182.552750 -38.290642
v 213.506927 151.120346 -42.461853
v 395.199280 156.271042 -44.749519
v 247.778259 173.141251 -40.064095
v 386.925720 143.493088 -36.353836
v 395.718048 150.787628 -36.377636
v 388.938843 158.545654 -34.318344
v 224.366974 143.599136 -35.259438
v 219.378265 145.337326 -36.053436
v 392.546021 145.330963 -37.882633
v 217.544281 148.210617 -31.587631
v 394.734070 147.149429 -36.243515
v 396.803284 148.804352 -38.841763
v 216.521713 149.581696 -33.212215
v 217.751617 152.040253 -32.175297
v 393.967438 153.739212 -35.630188
v 222.878113 159.844681 -36.685440
v 386.109680 161.843002 -37.873421
v 238.177292 167.862732 -32.900146
v 366.480042 139.137970 -34.508537
v 221.777710 146.350723 -26.719891
v 392.899536 148.793503 -29.521965
v 390.327606 155.799515 -31.435024
v 367.001892 169.643188 -29.361877
v 349.995392 175.640457 -32.867973
v 359.618774 139.153976 -24.900414
v 387.452087 145.357498 -26.568802
v 390.262634 147.063629 -26.550377
v 220.258072 154.833420 -30.857822
v 228.680954 162.635284 -32.273911
v 378.993408 142.740448 -26.478668
v 381.565369 160.092056 -24.271389
v 263.610504 174.439636 -25.578323
v 350.483704 172.962189 -22.762989
v 332.421265 177.750809 -26.329182
v 223.076721 148.113358 -21.246700
v 221.650391 150.005844 -23.206802
v 391.394714 150.725830 -26.874527
v 387.957458 148.781754 -20.557571
v 224.449615 153.324905 -21.092033
v 388.430908 153.555923 -24.296692
v 225.958145 156.359390 -23.026482
v 231.187469 159.741241 -20.968342
v 237.926056 164.234970 -21.807968
v 373.741699 164.256683 -22.544750
v 245.899979 168.486267 -23.760563
v 348.687317 138.357071 -22.190918
v 224.967056 151.280380 -18.515255
v 384.338806 156.473816 -21.610985
v 358.904053 169.882767 -20.865517
v 298.025452 177.895615 -20.015617
v 230.796600 145.230377 -16.235725
v 384.553040 146.901627 -17.703018
v 225.412643 149.073044 -17.178413
v 386.975525 150.963333 -19.522961
v 383.468628 152.966110 -15.854736
v 374.584045 159.792480 -13.960884
v 266.430786 139.146210 -11.917614
v 237.470749 144.261246 -11.079514
v 384.093994 149.340073 -14.767643
v 237.785828 158.489960 -10.398594
v 252.418320 166.723938 -12.140507
v 353.385010 168.881348 -12.895283
v 265.086609 172.045990 -16.261032
v 279.964020 173.314240 -11.231674
v 281.277191 138.268250 -11.871490
v 230.937912 146.722733 -12.134541
v 229.859467 148.501465 -11.383263
v 381.172546 148.080505 -11.493938
v 230.677933 150.568497 -10.334576
v 379.284943 156.134216 -14.072819
v 378.609924 146.198669 -11.281940
v 376.556335 147.894440 -6.204796
v 230.595047 154.243607 -13.226166
v 380.747131 150.740662 -10.738693
v 243.596558 162.649887 -11.555889
v 366.596130 163.166397 -11.523540
v 326.100281 172.793945 -7.818367
v 276.403625 139.285690 -5.874268
v 316.929932 138.852661 -2.564514
v 343.064667 139.417099 -9.443554
v 362.597351 143.774734 -2.599380
v 240.467896 146.233673 -2.607399
v 369.378967 145.145630 -4.142822
v 234.333969 147.558334 -6.971741
v 235.274033 149.236252 -4.869499
v 377.679962 149.441132 -6.730614
v 237.788910 154.321548 -5.149925
v 376.563690 153.831070 -8.109509
v 241.012344 147.989944 0.158707
v 239.227676 151.450684 -1.542572
v 372.073059 156.617188 -6.399498
v 359.331177 163.213318 -5.272346
v 261.554993 166.666290 -4.905701
v 272.097931 168.025421 -1.833267
v 316.096680 170.697174 -0.581696
v 269.574860 142.348938 5.051018
v 368.758728 146.810806 0.046013
v 371.489868 147.838882 -1.221970
v 369.234772 150.429123 1.266701
v 373.793762 151.778229 -3.621117
v 370.106934 153.049667 -0.952385
v 247.169159 159.425446 -2.862785
v 365.190063 158.897232 -3.071365
v 355.908447 160.867477 1.240128
v 284.907257 169.473083 0.098419
v 323.655487 168.504227 2.628731
v 259.010864 143.855270 5.023605
v 359.645233 146.093536 6.057755
v 243.901733 149.868530 3.108551
v 246.719284 152.646011 4.084053
v 247.573929 156.612152 1.246269
v 262.107300 162.938293 2.283401
v 353.779327 165.892929 -6.050934
v 331.913300 165.263290 6.395592
v 334.700500 168.564178 -1.068382
v 294.844391 167.320938 6.485916
v 249.596024 147.751236 6.854301
v 362.735107 147.862839 6.145096
v 246.298019 148.649979 4.866524
v 369.062012 148.883606 1.598228
v 363.180908 151.538940 5.714256
v 362.689331 154.474136 4.083244
v 258.614197 158.559784 6.588867
v 350.154724 158.898499 7.531013
v 345.907166 163.419327 3.337250
v 275.210999 164.719528 5.712616
v 303.099152 167.200729 7.389793
v 316.256042 142.825043 14.181633
v 252.379761 146.443359 7.114174
v 252.736298 149.516586 9.619629
v 361.365540 149.343491 7.672791
v 252.461731 151.504639 8.870689
v 253.815186 154.702347 7.587105
v 357.412415 153.323517 8.623550
v 357.598358 157.511856 4.523308
v 270.616394 159.445099 11.528732
v 337.453461 161.112411 10.699211
v 261.592987 145.433853 10.796913
v 345.341431 145.134140 12.390625
v 260.649475 147.994705 13.866570
v 356.438965 147.719925 10.172447
v 349.725159 146.892578 13.210487
v 356.497437 151.138748 10.425224
v 259.872833 153.525696 12.102654
v 263.867096 156.759872 11.400719
v 277.975708 161.602661 11.521561
v 292.279175 163.922195 11.633080
v 315.188965 162.979004 13.712265
v 281.204224 144.536682 16.488464
v 276.017731 145.690292 17.483521
v 265.698242 146.368332 14.616440
v 260.104584 149.693054 13.975342
v 352.745544 148.973816 13.053474
v 346.279266 151.519272 15.829895
v 350.577698 154.474716 11.845802
v 343.666992 155.421753 14.435646
v 325.417725 162.613510 12.303848
v 299.853882 162.563843 14.457138
v 328.885223 145.494553 19.100525
v 331.902588 143.955887 14.382431
v 339.814606 145.715118 15.841705
v 272.132019 147.383926 18.468521
v 341.372192 147.288315 17.398872
v 346.565796 148.165146 15.868248
v 268.971893 149.179886 18.107025
v 266.627197 151.441376 16.642944
v 273.006378 152.854736 18.488060
v 335.960968 156.476746 16.462097
v 276.631165 156.072006 17.332069
v 283.865021 158.390518 17.089195
v 294.362640 158.271408 19.157883
v 306.349915 160.769211 17.013924
v 283.020813 146.636185 20.922264
v 304.011261 145.058838 20.982727
v 278.153473 148.409760 21.136818
v 337.948517 148.350098 19.518341
v 277.082428 149.946365 20.957481
v 333.668213 150.658768 20.909348
v 341.386566 150.583099 18.221741
v 342.939331 149.090302 17.773834
v 335.158691 152.794479 19.564865
v 280.369476 154.079926 20.033905
v 328.695374 155.048462 19.831810
v 315.665771 157.208191 20.335297
v 321.201782 154.925049 21.540352
v 325.651886 158.478333 17.416275
v 303.108856 157.610947 20.448563
v 296.616058 146.043198 22.397224
v 316.571045 146.249420 22.624184
v 288.162079 147.539368 23.010239
v 327.109497 147.188980 21.845207
v 333.116577 148.979294 21.274918
v 284.129639 149.464218 22.885452
v 326.979126 149.657806 22.859444
v 286.143433 151.312241 22.887108
v 289.178070 154.231277 21.900200
v 310.795258 152.684341 24.146278
v 324.977600 151.662567 22.782379
v 305.967957 154.203247 23.334068
v 292.199127 148.442596 24.172691
v 299.600159 147.394104 24.308014
v 308.713074 147.515717 24.486443
v 316.823669 148.405106 24.473076
v 295.345154 149.848434 24.765259
v 304.931458 148.958847 25.256187
v 307.080566 150.372375 25.181648
v 318.268219 149.667480 24.446983
v 298.097778 152.477280 24.044167
v 316.737701 151.247543 24.224876
v 293.983978 193.610184 -84.123367
v 291.212097 193.591293 -80.628090
v 290.995544 196.214737 -75.705032
v 289.569489 193.532684 -77.074188
v 288.617218 193.599792 -71.768555
v 289.247559 193.504654 -67.500862
v 291.121857 193.546432 -63.013340
v 293.936432 193.590912 -59.368057
v 298.383057 196.471481 -84.760147
v 302.499634 197.214172 -85.550125
v 307.849396 196.308258 -86.642715
v 294.932159 196.066116 -82.579620
v 313.076508 196.544281 -84.557014
v 316.205200 197.521698 -80.441635
v 305.740662 197.649323 -85.287598
v 305.090546 199.044220 -82.573257
v 311.027405 197.891830 -83.750130
v 310.408569 199.109787 -81.494339
v 319.739044 193.647018 -81.109985
v 293.603424 197.258072 -79.088356
v 319.034393 195.838760 -79.224930
v 300.030762 199.094315 -81.120903
v 297.664764 197.852066 -82.356514
v 314.272339 199.065628 -78.212578
v 305.351318 201.482269 -79.536736
v 321.715454 193.532257 -76.808861
v 295.570282 199.048508 -76.108215
v 316.065063 199.052017 -74.538033
v 321.318146 195.219086 -73.881950
v 322.518341 193.505615 -72.100327
v 290.507812 196.245117 -71.711021
v 292.590515 197.793915 -74.440353
v 292.523926 197.791779 -69.298439
v 294.791168 199.061447 -70.988220
v 318.850311 197.770386 -70.351097
v 316.461792 199.012421 -70.542068
v 319.260559 197.218399 -75.748978
v 298.714233 201.854767 -73.954964
v 306.848846 202.325897 -77.475830
v 309.407990 201.647827 -78.322472
v 299.122131 201.318710 -76.414795
v 302.090637 201.797714 -78.213814
v 311.283691 201.826431 -76.240051
v 298.837524 201.934738 -69.531731
v 312.918732 201.787811 -72.765816
v 320.622375 196.241165 -70.841904
v 320.639923 195.591705 -67.600288
v 322.113495 193.627930 -67.827370
v 320.537109 193.500137 -63.906933
v 291.359741 196.288315 -66.692009
v 296.087585 198.964996 -66.120178
v 318.540039 197.468933 -66.960762
v 294.743042 197.880402 -64.302505
v 315.254730 199.063156 -66.880257
v 305.608551 203.873550 -71.738380
v 312.266388 201.751266 -68.389923
v 299.998138 201.562164 -66.386208
v 303.352631 201.908936 -64.916283
v 294.422943 196.273621 -61.541542
v 319.034393 195.838730 -64.226707
v 315.164185 197.600113 -61.852474
v 299.276123 199.011047 -62.872360
v 309.171631 201.812973 -65.299545
v 313.092987 199.006638 -63.797569
v 305.672913 201.429398 -63.865829
v 318.518188 193.802719 -60.946186
v 299.394775 197.608032 -59.493103
v 311.865051 196.341736 -58.084221
v 315.637299 195.865936 -60.086151
v 304.169373 199.157898 -61.058784
v 304.294983 197.115173 -57.435875
v 309.308899 199.036011 -61.492065
v 309.505005 197.568420 -58.664337
v 298.452362 195.908051 -58.139465
v 308.186401 196.204987 -56.853588
v 273.199463 35.041000 -101.620178
v 336.195740 35.289028 -39.450359
v 335.970062 34.642838 -38.556854
v 276.309387 35.112709 -38.823326
v 273.013977 32.595085 -38.362675
v 275.844269 122.637032 -39.272800
v 332.319641 35.320740 -36.210999
v 338.803467 32.613071 -38.240223
v 280.808777 35.087273 -35.320038
v 278.835602 35.272381 -106.750519
v 279.674164 34.638683 -107.902023
v 272.633789 32.696018 -104.640793
v 269.970093 35.216175 -97.440269
v 334.269348 32.514992 -34.272102
v 272.344513 35.070175 -42.871399
v 276.723206 32.365704 -34.993645
v 336.014038 35.172520 -104.200867
v 339.426086 32.331558 -104.655899
v 338.316193 33.283958 -104.867615
v 339.272858 35.109795 -100.869736
v 267.571106 31.979919 -98.850342
v 267.763062 32.921471 -98.454117
v 328.233368 35.118305 -33.426376
v 268.799805 35.142338 -47.658710
v 268.678925 32.614918 -43.230728
v 340.917267 35.098022 -44.444546
v 341.916748 47.711636 -45.981358
v 343.161102 32.579872 -43.143787
v 287.333099 35.205715 -31.605927
v 342.778717 122.637657 -47.069672
v 281.478027 32.631767 -31.689011
v 343.554077 32.896641 -99.405251
v 342.819061 35.098114 -96.281799
v 332.478271 35.112179 -107.161537
v 333.537811 122.614700 -106.364044
v 335.156158 32.452095 -108.445648
v 320.132904 122.611313 -29.719494
v 344.458527 32.388313 -98.614563
v 281.796814 32.062881 -112.044754
v 278.660248 32.956913 -109.467285
v 323.528931 35.068527 -31.089970
v 329.384216 32.648849 -31.139603
v 263.993164 34.574944 -87.248978
v 266.563507 35.073589 -92.002266
v 327.629181 35.121227 -110.327713
v 331.227142 32.550282 -111.227394
v 265.904846 35.145161 -52.809677
v 266.826538 32.157722 -45.797577
v 266.783875 122.620880 -92.445671
v 338.306824 122.645767 -101.892441
v 286.555084 32.923042 -29.352711
v 291.462616 34.556244 -29.376019
v 327.244659 122.618057 -110.506439
v 274.759766 122.620049 -103.085281
v 345.118561 13.177788 -97.727501
v 298.637329 122.605438 -28.102005
v 290.036377 122.609589 -30.395081
v 285.735168 122.665146 13.519234
v 262.888550 35.030014 -61.377968
v 283.331879 122.634193 -33.648079
v 346.195374 35.158669 -90.184052
v 292.712952 35.318245 -29.515163
v 297.614807 35.108395 -28.266392
v 302.002075 35.094234 -27.636299
v 347.491119 34.986660 -56.044346
v 345.079956 35.131668 -51.015419
v 346.056458 33.075325 -48.153023
v 336.300262 13.192712 -107.606750
v 311.622498 122.624153 -27.815514
v 284.667328 35.085640 -110.562057
v 289.662567 35.387562 -112.853348
v 291.462585 34.556240 -114.075562
v 264.807495 35.183304 -55.450302
v 261.826202 32.599045 -55.934986
v 270.763672 122.633621 -44.824478
v 263.826080 32.659878 -51.275581
v 312.431244 35.145920 -27.913460
v 337.274750 122.633926 -40.471138
v 283.998291 32.894917 -112.897537
v 348.856873 122.738846 4.744225
v 346.492096 122.626442 -53.978012
v 330.409119 122.619537 -34.755356
v 263.952637 32.745506 -92.374008
v 264.087280 35.362759 -85.947830
v 323.509338 35.076427 -112.363373
v 328.396240 33.220631 -112.300156
v 270.123016 122.635239 -97.648979
v 318.983307 35.119125 -29.412247
v 320.600616 32.748562 -27.248798
v 347.745178 122.624321 -86.428886
v 348.215118 13.189454 -51.065525
v 344.183563 122.639252 -94.201286
v 278.746826 122.641312 -106.631042
v 284.013000 122.627510 -110.195740
v 263.232422 122.644073 -60.133690
v 265.760437 122.623383 -53.075226
v 289.768616 32.647011 -27.746235
v 261.984100 122.598129 -76.884644
v 263.787598 122.627220 -85.137138
v 329.658691 13.191536 -31.179230
v 350.124451 122.636009 -70.465271
v 348.266571 122.604134 -58.870117
v 302.195557 122.614716 -115.892273
v 350.098938 35.020241 -76.089867
v 350.185150 35.045021 -69.315399
v 292.487671 109.015060 -113.869141
v 340.898560 13.189895 -103.108200
v 347.878296 13.168766 -93.006126
v 302.946991 13.244174 -24.793552
v 270.072784 13.203811 -41.369099
v 281.813629 13.189740 -112.123444
v 349.763824 44.065861 -65.693871
v 273.173340 13.184568 -105.464111
v 348.625275 35.129280 -83.617012
v 349.716522 35.381187 -78.145706
v 262.165466 64.719040 -77.821304
v 303.994720 122.641541 -27.540813
v 349.452576 122.594513 -63.690918
v 350.281464 32.538876 -87.092079
v 313.787933 35.062275 -115.373871
v 296.972595 35.110229 -115.097946
v 293.976990 122.591576 -114.400490
v 319.618073 35.117718 -113.834930
v 316.608734 33.055286 -117.024429
v 350.020508 122.599785 -76.950661
v 306.327881 35.116520 -27.479370
v 311.099487 32.584270 -25.124630
v 309.017731 35.335243 -115.856651
v 316.266663 32.432617 -25.948895
v 264.654816 13.199343 -49.222862
v 262.027100 35.170567 -66.092529
v 259.524109 32.649597 -65.414352
v 260.213806 32.008495 -61.121651
v 349.308044 35.129150 -62.709526
v 350.681946 33.261551 -59.610054
v 349.707153 32.463867 -54.781914
v 344.308960 13.174279 -44.359344
v 287.037018 13.172917 -114.787369
v 291.602661 13.203704 -116.460121
v 348.153381 32.605328 -92.121918
v 262.294617 35.115479 -79.268051
v 259.611328 32.554573 -78.677788
v 261.764709 35.220219 -70.105545
v 260.379333 13.226615 -83.261810
v 260.348267 32.612442 -82.752296
v 261.773651 122.590668 -68.120743
v 287.242889 32.609112 -114.663864
v 336.136383 13.171736 -35.607265
v 296.288025 13.170876 -25.656925
v 350.180542 13.196586 -87.672363
v 315.527893 13.323903 -25.715694
v 296.744720 32.566456 -25.732666
v 314.088470 13.138059 -25.233032
v 267.079926 13.192420 -98.094406
v 260.108734 13.211335 -61.442810
v 322.141541 122.621338 -112.947571
v 261.690552 13.185492 -55.927570
v 288.271454 13.186060 -28.097492
v 280.561127 13.165315 -32.158016
v 352.794434 32.651245 -69.708801
v 352.007751 32.566250 -62.756310
v 311.673553 32.314713 -118.298561
v 352.007294 32.754082 -80.288628
v 352.824249 13.165025 -66.997360
v 352.413544 13.215102 -64.514900
v 313.311768 122.612976 -115.438744
v 297.394958 13.189875 -117.942284
v 305.002380 35.099426 -116.005157
v 297.478271 33.020447 -117.496140
v 299.710205 32.399834 -118.275459
v 292.248688 32.516396 -116.540878
v 307.155609 32.658119 -118.567497
v 351.764648 13.180514 -82.373466
v 352.874329 13.179724 -74.310646
v 352.771576 32.041931 -75.477577
v 275.544708 32.093586 -107.483887
v 325.559143 32.110432 -29.061176
v 324.227509 32.564796 -114.929108
v 271.645630 13.116342 -121.099167
v 330.021393 13.193651 -112.166550
v 274.763489 13.187376 -36.581890
v 347.215149 32.020679 -49.207687
v 319.725159 32.132633 -116.599380
v 304.552002 32.567715 -24.870510
v 261.822418 32.158272 -87.667000
v 319.345398 13.191876 -116.842865
v 323.503021 13.169800 -28.026188
v 264.039581 13.129241 -93.172493
v 262.427460 13.185298 -89.445145
v 350.468781 13.181572 -56.486858
v 302.064240 13.158280 -118.581314
v 309.937103 13.199849 -118.540634
v 258.975220 13.274893 -73.729965
v 259.128479 13.168396 -67.023148
v 259.127167 32.633381 -71.922409
v 255.448700 13.116343 -114.967041
v 258.030273 13.116343 -115.289734
v 255.771393 13.116343 -112.062775
v 297.605835 2.286522 -175.692474
v 314.072815 2.028968 -175.434326
v 312.989075 2.361826 -175.877975
v 292.285614 4.804125 -175.098541
v 291.713837 5.331361 -174.764786
v 302.661316 5.132211 -175.892273
v 306.819641 5.323863 -175.946762
v 321.776093 5.342525 -174.663589
v 282.786072 2.089036 -173.115753
v 289.394897 2.103592 -174.498337
v 326.228943 2.392509 -174.153748
v 333.241760 2.085775 -172.447052
v 283.977844 4.789302 -173.570877
v 319.114471 4.847540 -175.287537
v 329.688110 4.774573 -173.453766
v 338.737701 2.344768 -170.894058
v 269.608368 5.307521 -169.061249
v 278.153107 5.412859 -171.771881
v 338.232910 5.184321 -170.992859
v 306.977264 6.511059 -170.334503
v 307.106415 6.854070 -170.004089
v 304.445953 8.561569 -169.957825
v 266.924408 2.120666 -168.172241
v 348.769440 2.167028 -166.989105
v 271.478088 4.836992 -170.053436
v 284.356140 6.863790 -167.576263
v 289.687897 8.296331 -168.607147
v 293.514282 9.188263 -168.472748
v 296.763641 6.832943 -169.571106
v 316.652557 8.405433 -169.311554
v 317.590576 6.833143 -169.312927
v 323.234131 8.603309 -168.316620
v 328.300995 9.125349 -166.761871
v 323.428558 6.574632 -168.585480
v 301.903992 9.346569 -168.671051
v 315.481598 9.177505 -168.773712
v 351.074097 2.118158 -165.875153
v 259.682190 4.811408 -164.935150
v 351.150970 5.393269 -165.638763
v 349.097687 4.780727 -166.978973
v 270.293793 6.365048 -163.877670
v 281.603088 8.736705 -166.687225
v 284.827148 6.478648 -168.131165
v 334.738586 6.851614 -165.671936
v 339.618866 6.475524 -164.488647
v 308.247986 10.263814 -164.390106
v 337.423584 9.167949 -164.064850
v 259.955627 2.411428 -165.108215
v 254.756165 5.179987 -162.223785
v 272.151489 8.533824 -163.880234
v 270.692505 9.223551 -162.549194
v 274.410370 6.794628 -164.832153
v 337.001617 8.435013 -164.866486
v 345.155212 8.343433 -161.808151
v 342.809479 6.743256 -162.884216
v 290.368805 10.408051 -162.761047
v 293.957764 13.064102 -162.413971
v 300.676392 10.894520 -163.291412
v 310.427216 13.068772 -163.079590
v 310.943665 10.828105 -163.286987
v 318.880920 12.951985 -162.334595
v 319.655121 10.818682 -162.427002
v 321.434204 10.297585 -162.993332
v 300.991211 13.048827 -163.023911
v 293.120331 132.926819 -163.359711
v 292.662689 131.644211 -162.723877
v 298.890747 131.334824 -162.991776
v 303.374817 132.441772 -164.084076
v 308.699371 132.936172 -164.172424
v 312.536621 131.388275 -163.146515
v 316.109772 132.031723 -163.411591
v 321.072296 131.363480 -162.042419
v 319.903961 132.934418 -163.184692
v 303.121002 141.892471 -164.145721
v 294.587433 141.799545 -163.505280
v 297.607880 142.298935 -163.441559
v 310.917480 141.941879 -164.030380
v 321.933289 142.347595 -162.393066
v 321.076691 141.818390 -162.986938
v 253.937088 2.084900 -161.679047
v 356.398834 2.111489 -163.168518
v 249.068588 5.281876 -158.625031
v 261.151642 5.779791 -163.860291
v 358.790710 5.392944 -161.547684
v 264.441437 6.832086 -160.760773
v 350.129547 6.610383 -159.636108
v 287.906555 10.967343 -161.623657
v 287.282349 12.595542 -161.330109
v 329.286560 10.984060 -160.367661
v 327.750702 10.369791 -161.381454
v 335.957336 10.454956 -158.839081
v 350.957275 8.861417 -158.775864
v 327.121887 13.031491 -160.738968
v 313.536835 123.363960 -159.378235
v 302.984894 129.777618 -160.468231
v 304.569092 128.338684 -159.744171
v 308.622925 129.479462 -160.146545
v 319.375061 129.792999 -159.484909
v 282.963348 131.991714 -160.994644
v 280.584564 133.154037 -160.679169
v 289.472229 129.779175 -159.071472
v 328.243439 131.898529 -161.123871
v 281.937134 141.819778 -161.034515
v 334.230072 141.828140 -159.830521
v 283.014648 142.302521 -160.906586
v 337.061401 142.290314 -158.358429
v 365.287292 2.146281 -157.734955
v 358.392365 4.768363 -162.259247
v 262.851685 8.597736 -159.902344
v 273.013916 10.432357 -157.768021
v 276.865295 12.903481 -158.484970
v 333.662567 13.035129 -158.897125
v 338.148804 10.909346 -157.593430
v 283.762360 13.043497 -160.440002
v 290.959778 123.412842 -158.484268
v 295.543182 122.711235 -158.769836
v 303.765259 123.210693 -159.680450
v 313.628296 122.718376 -158.980240
v 321.684509 122.752480 -157.908752
v 325.292755 123.180313 -157.532333
v 289.576599 128.828979 -158.254883
v 297.931335 128.816055 -159.418335
v 313.812500 128.787979 -159.441986
v 324.972412 128.937653 -157.767365
v 331.948792 128.836578 -155.931763
v 273.924255 132.505005 -158.390839
v 276.316986 131.353287 -158.341248
v 340.999634 131.871246 -156.974701
v 331.807556 133.015396 -160.605621
v 270.705597 141.917542 -157.192383
v 247.134415 2.384464 -157.524719
v 369.753601 5.244380 -154.507187
v 258.336487 6.125562 -159.964630
v 254.140839 6.542350 -155.401001
v 357.992279 6.860135 -155.072006
v 257.556854 9.124834 -156.414673
v 269.813843 13.061482 -155.747238
v 274.252838 10.951547 -157.757568
v 346.469360 11.000055 -153.958252
v 344.738770 12.996996 -154.585114
v 345.210999 10.436284 -155.160217
v 354.387756 9.157977 -156.314636
v 340.056549 13.048676 -156.604416
v 283.678101 122.684662 -156.411530
v 330.463348 122.737183 -155.823334
v 331.838470 123.290901 -155.791626
v 336.103546 122.697845 -153.939957
v 280.351776 128.884033 -155.987122
v 331.624542 129.751312 -156.656708
v 265.677734 132.834900 -154.938690
v 271.718567 131.610229 -156.996597
v 344.020325 131.306381 -154.961700
v 238.043045 2.118054 -150.343185
v 370.287445 2.144300 -154.119385
v 251.731674 8.624505 -153.522736
v 360.563446 8.369341 -153.342255
v 261.755005 10.395268 -152.614655
v 350.456940 13.054194 -151.624069
v 272.095886 122.691093 -152.500519
v 276.989532 123.212646 -154.783875
v 339.687988 123.086823 -152.916260
v 345.222046 122.745323 -150.096924
v 271.295502 129.751892 -153.351471
v 272.625183 128.812515 -153.217804
v 342.682251 129.606125 -152.295288
v 262.510742 131.689606 -152.825134
v 350.823639 131.651855 -152.008514
v 344.927917 132.847641 -155.650131
v 265.918396 142.327240 -154.651672
v 347.651703 142.286377 -153.849716
v 347.021118 141.753967 -154.695496
v 240.681900 5.389112 -152.342194
v 239.199600 4.818848 -151.469116
v 248.487320 5.808523 -156.143921
v 247.964478 6.439525 -151.507782
v 250.678497 6.728664 -153.030365
v 246.909149 9.159901 -149.384933
v 368.523254 8.307273 -147.528183
v 366.370361 6.430813 -149.899628
v 366.593384 9.150761 -148.242767
v 255.339172 10.828951 -148.140961
v 262.833374 10.975486 -152.623779
v 262.215668 13.028612 -152.072815
v 354.827209 10.954611 -149.307343
v 358.635986 10.409508 -147.506012
v 355.848175 13.039157 -148.402618
v 344.589752 123.242790 -150.749298
v 344.041779 128.488052 -151.092255
v 256.545715 131.780197 -149.373657
v 259.415924 132.935455 -151.599854
v 356.088318 131.658524 -148.830093
v 258.726715 141.803986 -151.185562
v 357.190094 142.296906 -148.229111
v 377.842590 2.065124 -147.410797
v 377.765564 2.331910 -147.886841
v 365.458862 6.813493 -150.008606
v 362.094910 10.946133 -144.272125
v 253.584824 13.034122 -146.731430
v 264.406616 123.292023 -149.292847
v 352.863037 122.692703 -145.586426
v 263.298462 129.755753 -149.479004
v 351.894592 128.839355 -146.912567
v 351.260193 129.606934 -147.832581
v 356.651794 132.895126 -149.147827
v 254.791809 142.138947 -148.565002
v 359.236389 141.816452 -147.402679
v 386.835571 2.033767 -136.164215
v 381.033173 2.091353 -144.492584
v 231.639496 4.800858 -144.406372
v 241.356674 6.687909 -145.848175
v 242.848770 8.405559 -146.935455
v 375.567993 8.715320 -140.783493
v 241.103531 9.130983 -144.668884
v 241.670044 10.447170 -137.807281
v 252.432495 10.296561 -147.193298
v 248.322769 10.881712 -142.991150
v 261.424805 122.708237 -147.182343
v 352.837128 123.165344 -146.191605
v 262.988525 129.024460 -148.613220
v 250.130234 131.959503 -145.013870
v 249.547440 133.128830 -144.968994
v 362.595642 132.227631 -144.678040
v 249.668594 141.832336 -145.066711
v 395.400848 142.322723 -49.934139
v 364.738617 142.285782 -142.672318
v 379.258636 5.227983 -146.356033
v 374.811035 6.604280 -141.995575
v 361.853394 13.082223 -144.167679
v 255.816513 123.096176 -143.886520
v 256.428894 129.075607 -144.611786
v 249.692139 131.077530 -143.440201
v 244.553986 132.893265 -140.829788
v 368.578217 141.774185 -139.835236
v 229.348160 2.148482 -141.804871
v 231.300079 5.444487 -143.448288
v 234.981110 8.609749 -139.494858
v 368.359863 10.380659 -139.786743
v 382.686127 9.302002 -131.826324
v 247.536163 13.079519 -142.001968
v 359.021210 122.709686 -141.416870
v 361.985291 128.907532 -139.741608
v 363.717407 129.735443 -139.203354
v 366.477112 131.501266 -140.880127
v 247.166626 142.309906 -142.505417
v 225.060547 5.188865 -136.779175
v 385.219971 5.225982 -139.963928
v 230.978897 6.440878 -135.810516
v 233.141418 6.573569 -137.806213
v 369.391602 13.076686 -137.684631
v 250.419373 122.663017 -139.402725
v 368.530701 122.673203 -133.027618
v 362.094116 123.190262 -139.546219
v 248.216034 129.750488 -139.047760
v 242.025848 131.583221 -137.691055
v 238.094742 142.307632 -134.055817
v 242.719269 141.843414 -139.164886
v 375.110779 141.864990 -133.220352
v 387.264160 2.154682 -137.541107
v 390.599060 5.288353 -133.113937
v 229.848160 8.395936 -133.703583
v 379.902496 8.654631 -136.258606
v 242.059601 13.041142 -137.182236
v 241.082291 11.038775 -136.369232
v 371.045502 10.942399 -136.350616
v 245.528656 123.218712 -135.647385
v 247.003311 128.861954 -137.127945
v 368.249207 128.794846 -134.024216
v 372.295776 129.737381 -130.665283
v 370.955933 132.791046 -137.539932
v 236.085373 141.907150 -132.251648
v 226.429306 2.082423 -138.224335
v 226.998947 6.689243 -130.244690
v 229.332230 9.191669 -132.017944
v 382.941345 6.632091 -133.053604
v 370.070740 123.226578 -132.019226
v 241.150589 128.863495 -131.311005
v 240.738815 129.791199 -131.890289
v 235.895889 131.929245 -131.491058
v 238.422180 132.987152 -134.873718
v 374.184692 131.510864 -133.243698
v 376.361267 142.306152 -131.132095
v 218.560562 2.271881 -127.709641
v 221.609100 2.159260 -132.229126
v 391.033936 2.136408 -132.611633
v 393.410645 5.475721 -128.402557
v 233.813736 10.429056 -129.091599
v 234.959396 10.947947 -129.635513
v 235.107910 13.053590 -129.527496
v 377.723938 10.986077 -128.764313
v 375.655029 12.995937 -131.069534
v 239.203690 123.022675 -128.823685
v 240.283768 122.703079 -129.579178
v 375.958008 122.767921 -124.594170
v 375.398560 128.810623 -126.016037
v 232.688492 133.166183 -128.098419
v 233.270584 131.248154 -127.206871
v 376.706024 132.518295 -131.325409
v 219.317184 2.033370 -127.975250
v 397.196747 2.092433 -122.937027
v 394.592957 2.309544 -127.467545
v 218.024338 4.759547 -127.095093
v 224.343674 6.663077 -126.497948
v 220.249435 5.382328 -129.879623
v 223.460312 9.375015 -122.594284
v 230.553665 10.906113 -123.782028
v 379.470581 13.032904 -126.233742
v 377.788696 123.280586 -122.581665
v 215.802536 2.084029 -123.060944
v 397.985901 5.235716 -121.444275
v 394.180908 4.745203 -128.233109
v 380.405762 10.471364 -126.082825
v 309.984436 122.652992 -118.194412
v 377.671143 129.577316 -123.587555
v 229.861359 132.040619 -123.803055
v 382.355469 131.583832 -122.829590
v 382.923035 142.314392 -122.261246
v 221.201660 6.475970 -122.003998
v 388.756958 8.613559 -124.421631
v 382.586792 10.981596 -122.062469
v 383.649109 13.075278 -120.038338
v 232.802307 123.149445 -120.452377
v 232.967926 128.995316 -121.096802
v 383.166077 133.049469 -122.802429
v 230.176041 142.298355 -123.936584
v 382.398315 141.903625 -123.864639
v 212.834473 2.391960 -117.685478
v 222.378174 8.666862 -123.085037
v 390.961182 6.854302 -121.029427
v 229.090744 13.055497 -121.302612
v 230.580505 122.766579 -116.304016
v 379.302582 122.760864 -119.716995
v 381.642426 123.168434 -116.546967
v 232.524872 129.824646 -121.726486
v 381.584198 128.931778 -117.034195
v 381.566650 129.737564 -118.219772
v 228.856277 132.997208 -122.729324
v 215.071503 5.280545 -121.666870
v 400.421234 4.830868 -116.998840
v 219.594788 6.922013 -118.515182
v 392.819885 8.788736 -117.123978
v 392.807312 6.445179 -118.589844
v 224.823212 10.944205 -114.339935
v 225.234894 12.573040 -114.832458
v 233.781754 122.710770 -121.273178
v 224.486206 131.655563 -114.317963
v 387.487122 131.221817 -113.161819
v 388.109985 132.290771 -114.077744
v 387.852478 141.811249 -114.767776
v 228.048798 141.820496 -121.518387
v 389.096863 142.326981 -111.335205
v 401.164612 2.162957 -115.231827
v 218.692642 8.341606 -116.624054
v 225.938538 10.375407 -117.696884
v 388.152740 10.362053 -113.845428
v 387.505798 10.790310 -113.859772
v 387.313965 13.039652 -113.613991
v 381.176514 122.713821 -116.453201
v 383.473511 122.706978 -112.419304
v 227.528061 128.933350 -111.845711
v 224.975281 132.865952 -116.256943
v 211.838120 4.775790 -115.608719
v 217.439590 9.186929 -112.407433
v 226.588943 123.451431 -109.572983
v 384.197083 123.137199 -111.853821
v 385.982117 128.819122 -108.607018
v 221.883530 131.181717 -107.355423
v 220.539093 133.022476 -107.171638
v 223.482254 141.839905 -113.437477
v 223.617523 142.280182 -112.751495
v 404.901459 5.159980 -106.109741
v 397.115479 6.837743 -108.381088
v 221.952286 10.961917 -108.239677
v 388.899780 13.030787 -110.225021
v 223.539978 13.022787 -111.290726
v 388.151001 122.688126 -102.068718
v 386.939789 123.163834 -106.150238
v 385.872986 129.756378 -110.326164
v 220.245850 131.967163 -105.549706
v 221.219803 142.096359 -108.293930
v 209.064728 2.055975 -108.145515
v 208.016266 2.294246 -106.059593
v 214.371780 6.607325 -107.603409
v 211.371933 5.784555 -109.884079
v 397.199738 8.682935 -107.720474
v 221.264725 13.031215 -106.110565
v 393.627960 13.116570 -47.578789
v 391.310486 13.052881 -104.612473
v 226.215347 122.701530 -107.963882
v 224.601608 123.170181 -104.958527
v 385.644165 122.721077 -108.091003
v 224.904663 129.730118 -107.751320
v 390.058777 131.949814 -109.428696
v 207.093735 5.414784 -102.228081
v 208.056580 5.129515 -106.167862
v 213.284592 8.360642 -103.973175
v 399.468811 6.468487 -103.159042
v 214.140244 9.130101 -104.678650
v 220.726303 10.443111 -106.837555
v 396.171875 9.152914 -108.898819
v 223.842728 128.833328 -103.497314
v 404.926819 2.132586 -105.777512
v 400.803772 8.372151 -97.422775
v 218.542297 11.027657 -99.165314
v 217.592697 131.632736 -96.885483
v 393.057556 132.337891 -102.664070
v 392.959351 142.283096 -101.799454
v 205.116592 2.141179 -95.950439
v 211.882568 6.849737 -99.872765
v 400.181427 6.859625 -99.573723
v 399.997559 9.148882 -97.883125
v 219.012695 13.049777 -99.924286
v 390.536316 123.264435 -96.092049
v 389.674255 128.703262 -99.172279
v 217.092041 132.964493 -97.171524
v 394.052704 141.790588 -100.029541
v 408.181305 2.340673 -94.913689
v 210.630997 6.541667 -96.205475
v 215.813660 10.389345 -91.115005
v 395.416138 10.362302 -95.194237
v 393.839355 10.843368 -98.198593
v 222.754654 122.714806 -98.839767
v 221.423309 128.908737 -96.285461
v 216.255173 131.581909 -91.507660
v 392.612457 131.070679 -100.464859
v 217.041733 141.819077 -96.756599
v 395.800354 142.314377 -91.842064
v 409.526123 2.087474 -87.122246
v 204.934814 4.799336 -95.601425
v 210.601791 8.398749 -94.827377
v 394.185486 13.047969 -95.997223
v 216.982193 13.097419 -91.879524
v 221.415131 123.195503 -95.827118
v 390.577576 122.726517 -94.568413
v 220.985657 129.767288 -97.138870
v 391.602173 129.500122 -93.894966
v 408.372528 5.088667 -93.694084
v 208.627655 6.393366 -88.002419
v 210.503448 9.001545 -92.970665
v 405.600739 5.765341 -97.588921
v 216.344437 12.923975 -90.141029
v 225.893082 122.691780 -36.325195
v 393.384094 122.668526 -78.073380
v 396.165222 132.869781 -92.198662
v 215.167587 141.960724 -88.916229
v 203.014633 4.916261 -84.990387
v 215.996719 10.965796 -88.978210
v 396.155182 12.865374 -87.553452
v 219.492630 123.387886 -87.670776
v 392.363953 123.499611 -88.632614
v 219.335144 129.624191 -89.787750
v 391.875916 128.826996 -91.366806
v 396.665314 131.900757 -88.162773
v 203.241257 2.100968 -85.780617
v 396.443176 10.870630 -86.809052
v 393.153625 128.447952 -84.032433
v 393.519684 129.664917 -85.555115
v 214.948608 132.172440 -87.080498
v 397.467041 133.236389 -85.523109
v 397.046600 141.851486 -87.962616
v 203.448944 5.402009 -86.216957
v 402.681335 9.068182 -85.712135
v 392.583405 122.798180 -85.374390
v 393.494324 123.411438 -80.962151
v 215.285660 142.310730 -87.899803
v 397.877136 142.031311 -81.135666
v 410.095520 5.499688 -78.708580
v 404.164856 6.453036 -81.766930
v 403.222229 8.320538 -85.360397
v 403.272888 6.760674 -86.044632
v 208.870361 9.096157 -81.685989
v 214.786758 13.084758 -78.940201
v 397.700317 10.381650 -82.337936
v 396.852234 13.083127 -82.309296
v 218.487869 123.049583 -80.145721
v 220.498825 122.690155 -90.591919
v 217.614792 129.621750 -76.837608
v 219.283585 128.645554 -87.264923
v 396.873108 131.307205 -82.463699
v 398.143005 132.223679 -78.050728
v 410.002502 4.819481 -84.645340
v 207.449890 6.401801 -77.705742
v 208.279160 6.714204 -82.909119
v 207.730453 6.862684 -71.182892
v 208.011688 8.714293 -75.114731
v 208.264954 8.343672 -80.967438
v 214.641159 11.020867 -78.889030
v 398.427582 10.330201 -70.010696
v 397.743042 10.901300 -74.079292
v 218.149658 128.423721 -77.123917
v 393.869446 128.923065 -77.830444
v 214.058167 131.751099 -77.155128
v 410.588257 2.162771 -76.541855
v 202.523376 5.426335 -71.808746
v 410.760040 4.914836 -71.750847
v 404.735291 6.417345 -67.259705
v 214.441315 12.454396 -72.016655
v 218.416855 122.693275 -74.383858
v 394.008179 123.591026 -71.570229
v 393.988068 128.915634 -68.917931
v 398.058960 142.315643 -67.681168
v 202.312836 2.321317 -76.725723
v 410.564514 2.133371 -67.963615
v 202.151001 4.769022 -72.282677
v 207.890305 8.332692 -67.752419
v 404.266357 6.838189 -73.615112
v 404.147278 8.551370 -73.741119
v 209.126297 9.348697 -66.039772
v 213.791321 10.374337 -69.304741
v 214.362000 11.030549 -71.133636
v 397.331665 13.049134 -74.638397
v 218.011307 123.612259 -72.033058
v 393.559937 122.973618 -63.352436
v 218.003662 128.528809 -70.350662
v 217.563690 129.711929 -64.400040
v 394.761719 129.834106 -75.039322
v 213.650650 133.018280 -77.534943
v 214.114914 131.627518 -68.487579
v 398.338959 132.306763 -68.363991
v 397.408508 131.251450 -66.895950
v 213.517899 141.690094 -75.254272
v 214.192474 142.353836 -70.049835
v 398.477753 141.696960 -72.170937
v 202.502045 2.124295 -65.962021
v 409.987488 5.335531 -61.314316
v 397.035095 13.060866 -62.331207
v 218.379059 122.810493 -65.966499
v 393.119812 122.674957 -63.955502
v 213.815094 133.111420 -63.525009
v 207.866486 6.374076 -59.570301
v 218.607269 128.811005 -60.822701
v 393.501587 128.776215 -61.860657
v 398.190857 141.772446 -64.395691
v 213.987900 141.897751 -62.346813
v 202.792618 5.214211 -61.936859
v 208.520782 6.835578 -59.295826
v 208.725555 8.290461 -58.112652
v 403.717468 6.864672 -61.613243
v 403.750458 8.395704 -63.153465
v 403.255219 9.248545 -67.602692
v 214.939163 10.900541 -60.650066
v 214.946640 13.071937 -62.921303
v 394.283417 129.715286 -62.076073
v 214.950592 131.652771 -58.543930
v 203.415619 2.410537 -55.512764
v 402.529541 8.751924 -54.883675
v 215.268036 10.391293 -54.341156
v 396.344727 10.512622 -53.513664
v 216.538925 13.024232 -52.793205
v 391.632874 122.692513 -53.411991
v 397.788818 133.011230 -60.317249
v 203.936203 2.052249 -54.318951
v 203.484497 4.813260 -55.367912
v 396.758423 10.994240 -58.928040
v 220.373917 122.701324 -53.057884
v 219.085999 123.230118 -58.291214
v 392.685181 129.632629 -53.646729
v 392.440491 128.794312 -54.774025
v 396.847595 132.186325 -55.278313
v 397.323792 141.853226 -57.306435
v 408.904602 4.811514 -52.057549
v 210.328705 9.151309 -52.823692
v 392.211578 123.184074 -54.331539
v 215.585052 132.221848 -52.969734
v 210.088287 6.455365 -48.813919
v 210.157104 6.812750 -50.093819
v 400.241089 9.350378 -48.900230
v 221.008057 123.019989 -49.251389
v 394.883240 131.733170 -47.606968
v 215.927399 142.305908 -52.699261
v 407.886108 2.066988 -48.140938
v 204.831833 5.242494 -48.970314
v 210.285736 8.629441 -50.085957
v 401.639099 8.660110 -50.115788
v 402.785431 6.588755 -54.175549
v 407.532837 5.418594 -47.647793
v 216.873749 10.968798 -50.494362
v 394.833008 10.846363 -49.071808
v 394.751678 12.995320 -49.293175
v 390.682800 123.272385 -47.990837
v 220.584549 128.813416 -50.228271
v 219.542801 129.782227 -51.500198
v 216.249817 141.877029 -49.549374
v 205.384155 2.066353 -46.991966
v 400.718719 6.703701 -45.604797
v 390.287292 129.747879 -43.940414
v 217.019775 132.931290 -46.527039
v 218.472092 131.450623 -44.202137
v 395.021057 133.202362 -46.634300
v 395.122864 141.798828 -46.861809
v 407.113220 4.830825 -44.413536
v 212.992142 9.147955 -42.250099
v 399.301910 8.673944 -41.527885
v 218.691254 13.051351 -44.482368
v 218.718796 10.984026 -43.859818
v 393.398468 10.994438 -44.175659
v 393.782990 10.353257 -43.291046
v 222.713028 122.698906 -44.829903
v 223.225525 123.101791 -41.997284
v 389.902039 122.737946 -46.468399
v 222.612320 128.910614 -43.286179
v 389.996124 128.821915 -45.282883
v 391.046936 131.247787 -37.976887
v 406.331268 2.341060 -41.620495
v 208.381775 5.280971 -36.805458
v 213.069366 8.334025 -40.015137
v 400.393951 6.469778 -42.810410
v 397.596100 9.096487 -38.010658
v 221.650818 129.782471 -44.171085
v 219.829956 131.998169 -38.988918
v 392.511292 132.904984 -38.977264
v 219.317657 141.781708 -39.460861
v 404.094910 5.218981 -35.332539
v 212.664673 6.826489 -41.100967
v 398.894226 6.835092 -39.901604
v 221.209457 10.466904 -35.677650
v 387.780548 123.192589 -39.334797
v 387.735962 122.733513 -40.230675
v 220.611206 133.235840 -36.004917
v 383.504425 142.314789 -22.118084
v 392.868286 142.311417 -41.492065
v 390.793518 141.794846 -34.794411
v 207.560059 2.360836 -38.808861
v 210.085709 2.088238 -32.361057
v 403.156799 2.105850 -32.937157
v 392.149994 13.011489 -41.028889
v 219.800049 142.303757 -39.484505
v 402.917542 5.471597 -33.225788
v 390.344574 10.972412 -35.916683
v 390.535706 10.376828 -34.725773
v 222.250458 12.999736 -34.850979
v 389.520844 13.086288 -34.565624
v 227.303833 123.385208 -32.270626
v 230.991425 122.684593 -26.510910
v 385.536682 128.937790 -33.723141
v 223.061783 131.286774 -33.113693
v 217.463318 6.760039 -29.000526
v 216.050293 8.682094 -32.807781
v 215.577682 6.455347 -32.426353
v 396.195068 6.458019 -31.855682
v 394.709076 8.282188 -29.628407
v 223.009720 10.936578 -32.849033
v 386.768311 10.754396 -28.155594
v 228.757980 122.699028 -30.433460
v 383.120789 122.677773 -30.258766
v 385.052277 122.759911 -33.728645
v 385.276794 123.458443 -33.590668
v 226.620041 129.607315 -32.406631
v 227.975540 128.807693 -30.753109
v 384.757568 129.730682 -30.839748
v 389.052826 131.687576 -32.003162
v 389.543213 142.281677 -32.940674
v 401.985168 2.382406 -29.883041
v 400.653992 4.782291 -26.896652
v 394.803894 6.863288 -29.756145
v 219.703262 9.181329 -26.326508
v 223.753510 10.315863 -29.621628
v 224.846741 132.326630 -27.578896
v 223.218094 142.307800 -31.503422
v 224.222137 141.874252 -28.635845
v 213.279068 2.042470 -25.921749
v 398.947388 5.306139 -24.048603
v 392.367218 6.495518 -24.084087
v 225.828171 13.057341 -27.781887
v 385.736969 13.019172 -26.822418
v 392.585144 9.197818 -26.865551
v 229.888855 123.149796 -27.721146
v 382.013672 123.185768 -27.488049
v 381.896606 128.952332 -27.023354
v 387.560760 132.960831 -28.112724
v 213.337860 2.242235 -24.921894
v 212.010452 5.178817 -27.807545
v 220.656311 8.576841 -23.306648
v 231.372482 129.441849 -24.393723
v 386.063568 141.797256 -25.467163
v 398.433136 2.292262 -22.562599
v 400.298584 2.065067 -26.915516
v 216.495667 5.190001 -19.154861
v 391.053406 6.724833 -22.570023
v 228.362061 10.943966 -22.950146
v 232.633209 13.058934 -17.089836
v 233.200867 122.730644 -22.984528
v 233.019958 123.222504 -22.574112
v 357.816681 122.682663 -1.093140
v 375.933960 122.706200 -18.948574
v 379.085144 122.951996 -22.917774
v 233.203827 128.554031 -22.201004
v 379.917816 129.751312 -22.683392
v 229.568085 131.774811 -20.383877
v 381.414185 131.487167 -19.326843
v 383.917053 132.444702 -22.102306
v 228.873535 141.824234 -20.699951
v 230.076904 142.310898 -19.701363
v 217.002655 2.148995 -18.411247
v 394.876831 2.217383 -16.535183
v 216.450775 5.480385 -20.000732
v 395.721191 5.310617 -18.130642
v 222.657028 6.447742 -19.023521
v 229.165070 10.449077 -20.922939
v 385.617798 10.428285 -25.011353
v 228.947205 12.983237 -22.401573
v 235.202454 129.597534 -18.636772
v 230.125168 132.541214 -18.913410
v 223.919601 6.835701 -17.778275
v 225.597519 8.638774 -15.493839
v 386.867035 6.859036 -15.980541
v 386.616150 6.476779 -14.894592
v 386.895508 8.566892 -16.221748
v 229.910080 9.251943 -10.835709
v 233.685852 10.951017 -15.398815
v 233.102829 10.403488 -15.219433
v 380.814484 13.052857 -19.079937
v 379.279724 10.963753 -16.705349
v 371.065735 13.094524 -7.629242
v 236.705170 122.739014 -18.038197
v 241.579803 122.700569 -12.366199
v 372.483765 122.682411 -14.943710
v 379.358215 132.613754 -15.408695
v 234.508408 133.469269 -13.009800
v 375.907654 142.305328 -11.865097
v 380.528931 141.820190 -16.993992
v 218.895935 2.154759 -15.317680
v 220.569595 5.181663 -12.780811
v 228.053589 6.095700 -8.618431
v 376.043701 12.994606 -12.877804
v 237.592056 13.088017 -11.091587
v 239.636139 123.169418 -13.997105
v 260.520538 122.698250 3.266190
v 371.896484 122.929649 -13.565823
v 238.473907 129.654083 -14.342342
v 238.845840 128.923035 -14.676861
v 375.208191 128.911499 -17.190338
v 236.847794 131.624557 -11.077999
v 375.971436 131.713074 -12.025761
v 235.064590 141.801636 -12.414005
v 221.425323 2.112303 -11.643398
v 394.410950 2.050992 -16.249352
v 391.644470 4.812041 -11.581463
v 221.771484 5.753029 -13.573490
v 227.198669 6.625379 -12.859737
v 381.000671 8.636742 -8.487854
v 378.728149 10.348218 -14.891953
v 367.975830 123.524330 -9.220657
v 372.453674 129.744202 -12.982201
v 368.263977 128.930984 -9.415649
v 375.478363 133.209000 -10.676624
v 238.201981 142.300247 -9.286755
v 389.810944 2.114339 -9.275368
v 227.127594 5.294198 -4.223038
v 232.108826 8.678913 -7.246674
v 379.672668 6.672396 -6.580666
v 380.186340 5.833604 -1.270393
v 391.689850 5.769154 -14.730247
v 240.228928 11.007054 -7.857590
v 373.476257 10.924171 -9.699333
v 379.728241 9.344234 -8.784626
v 248.541946 122.791557 -5.309708
v 367.697784 122.728317 -9.683243
v 247.165878 128.862747 -6.166557
v 239.729248 132.754700 -7.266304
v 241.759064 131.133621 -6.901314
v 374.424500 141.798721 -9.490063
v 223.834518 2.299681 -8.184616
v 230.553421 5.770122 -2.727982
v 238.973801 10.368634 -8.278378
v 247.091812 10.374110 -0.822426
v 371.263458 10.410848 -6.553658
v 240.595703 12.954041 -7.721565
v 368.430359 13.050735 -4.813805
v 363.902557 122.716141 -6.025513
v 370.834717 132.340332 -5.898621
v 240.590591 141.716919 -6.309540
v 229.892395 2.094800 -1.063828
v 388.093872 5.232954 -7.102760
v 233.399200 6.698749 -5.478752
v 354.574707 122.664429 0.775627
v 361.973450 123.235764 -3.875778
v 247.642105 129.685074 -4.957710
v 362.561401 128.799866 -4.223267
v 362.974609 129.663895 -3.681114
v 244.183762 132.321259 -3.058899
v 367.917419 131.368011 -4.247055
v 366.809906 142.291031 -2.634949
v 368.058441 141.797241 -3.152588
v 370.928253 2.063678 9.870934
v 385.006775 2.119475 -3.266602
v 381.580872 5.175972 0.573494
v 240.125397 9.171041 0.177452
v 239.910767 8.362001 0.920364
v 240.418304 6.589073 1.650742
v 247.166840 13.071321 -1.752953
v 247.543625 10.894800 -1.126884
v 364.448151 11.034758 -1.104843
v 356.430908 13.101749 4.278236
v 255.734116 123.259369 0.544159
v 356.189392 123.201775 0.523506
v 252.664825 128.904266 -1.616562
v 250.397598 131.587234 1.437119
v 250.694077 133.222687 2.456772
v 365.564728 132.420471 -1.093712
v 246.974274 142.227570 -0.729668
v 238.152313 2.109321 6.908447
v 380.493164 2.380341 1.729446
v 234.973785 4.834331 4.211037
v 369.047394 6.489355 4.089027
v 364.146790 10.384356 -0.166641
v 260.131927 128.983627 3.508575
v 255.846649 129.785263 1.521568
v 352.995422 128.765808 2.807793
v 361.540039 131.529022 1.415504
v 360.530975 132.685272 2.926056
v 362.718262 141.926529 1.333122
v 246.464767 8.680521 6.167519
v 247.739441 6.511494 7.803650
v 372.718323 8.736917 0.185875
v 254.379822 10.437719 4.575974
v 254.724731 11.001157 4.276932
v 253.127655 13.041925 2.967316
v 360.579163 13.028640 1.695427
v 359.648376 10.981921 2.541351
v 353.098297 122.933998 2.437622
v 350.647095 122.715698 3.622688
v 353.016937 129.700485 3.414879
v 257.170410 131.726486 6.285599
v 354.832794 131.516113 6.030487
v 260.022766 142.305359 8.101677
v 359.419617 142.324539 3.125778
v 374.397278 2.150826 7.297470
v 239.721497 5.313660 8.139259
v 372.043945 5.137169 9.309631
v 370.354126 6.924316 2.528954
v 262.446594 10.266205 10.036591
v 356.724487 10.424016 5.172386
v 318.216553 4.819970 31.918610
v 298.937683 2.096924 32.114815
v 410.327637 4.807383 -62.085918
v 410.038513 2.176149 -60.387424
v 312.555908 122.668922 15.648270
v 349.258850 123.212563 4.911064
v 254.705734 141.792435 5.211830
v 353.997894 141.824570 7.366669
v 248.426468 6.861784 7.850327
v 252.844360 8.579988 10.784836
v 362.111542 8.892659 8.434326
v 251.648895 9.166102 9.181740
v 261.669220 10.826665 8.510017
v 350.566925 13.046506 8.180069
v 351.331268 10.432291 8.482994
v 353.907471 10.992787 6.443542
v 365.360474 9.335516 5.104080
v 334.169891 13.055710 15.231079
v 334.183746 5.258249 28.623184
v 343.573242 5.422910 25.373459
v 351.984100 2.196563 22.034622
v 266.368256 123.131073 6.809517
v 275.623871 122.704933 10.522217
v 335.241943 122.697678 10.841896
v 340.444946 122.691612 8.636131
v 341.985596 123.020607 8.439445
v 267.208405 128.793015 7.324776
v 266.396515 129.710541 7.601456
v 344.851593 129.519257 7.728371
v 260.241302 132.989563 8.659370
v 351.753113 132.843201 8.652283
v 358.885803 5.418087 18.007820
v 358.333191 4.819088 18.719948
v 261.113556 141.835571 9.149612
v 329.701111 142.337036 17.037346
v 349.179260 142.288773 9.577866
v 246.409760 2.199707 13.450653
v 369.472046 2.306446 11.361092
v 255.252533 6.734881 12.384071
v 361.220123 8.424559 9.447090
v 361.605713 6.594899 9.400734
v 344.708954 10.960743 11.393738
v 355.558411 9.177194 12.158287
v 261.388885 13.067407 8.091545
v 268.839966 13.003497 11.886757
v 342.330658 13.023688 12.193550
v 273.554688 123.097977 9.989891
v 294.385590 122.783684 15.303627
v 343.382996 128.512436 7.968750
v 273.620117 128.839203 10.198059
v 337.560730 128.842621 10.490425
v 339.186707 129.727463 10.518112
v 263.553894 131.636856 9.845413
v 348.097534 131.234314 9.420822
v 349.123383 131.935059 9.669479
v 272.890900 142.305191 14.199684
v 298.564056 142.312546 20.068298
v 360.909698 2.073738 17.012718
v 245.441528 4.795525 12.811142
v 249.781418 5.408267 15.342400
v 364.440491 5.301201 14.740524
v 261.206879 6.125580 17.843193
v 258.465454 6.335119 14.784393
v 261.645966 6.724599 15.977776
v 262.368652 9.200138 15.417023
v 268.799896 10.810575 12.090332
v 273.359283 10.407692 14.507835
v 341.753479 10.367892 13.370117
v 272.988373 13.115277 13.361351
v 204.299042 5.769107 -60.943512
v 280.394440 123.197182 12.416832
v 336.263947 123.158142 10.880630
v 327.902771 128.880310 13.607224
v 278.185852 129.557236 12.260529
v 281.727051 128.698593 12.894531
v 328.751892 129.769165 14.045914
v 270.680420 133.073990 13.807274
v 342.970154 132.255310 12.901772
v 340.820404 141.825241 13.993042
v 319.176239 142.339645 19.229233
v 341.195251 142.312881 13.250549
v 253.732086 2.044392 18.054420
v 363.610046 2.240329 15.426819
v 262.938110 8.642940 16.398384
v 351.399048 8.425707 15.253662
v 275.763550 10.981620 14.784256
v 276.741882 13.025290 14.938812
v 284.128265 10.409828 17.848488
v 330.345886 12.926301 16.471672
v 336.747345 10.997013 14.584885
v 346.999939 8.928606 17.154907
v 323.465607 13.056987 17.974190
v 288.110413 123.456711 14.406822
v 302.997192 123.152908 16.184120
v 316.644836 123.154938 15.614166
v 326.670227 122.723900 13.475075
v 326.302887 123.224075 13.840469
v 292.844208 128.754929 15.347755
v 287.070526 129.763428 14.971832
v 295.179016 129.744949 16.317833
v 302.344452 128.900375 16.285118
v 317.151093 129.778275 16.314339
v 319.650879 128.858566 15.319611
v 277.981995 131.874146 16.098320
v 278.710266 131.047379 15.231140
v 288.289154 131.698975 18.553200
v 336.775269 131.654434 14.925003
v 336.338135 132.855072 15.613594
v 272.719116 141.856232 14.533226
v 287.957581 142.294525 18.596840
v 254.924072 4.890701 18.939819
v 256.031036 5.402276 19.124680
v 267.523285 6.426661 19.152916
v 268.819702 8.338040 19.124664
v 271.147278 6.841451 20.166237
v 347.970856 6.830929 17.140228
v 346.881775 6.469884 17.973167
v 275.809967 9.374967 20.346321
v 286.816528 12.887461 17.815659
v 282.833374 10.938868 16.969894
v 293.096893 11.100017 19.018051
v 326.817017 10.419758 18.120995
v 329.515228 11.005696 16.843376
v 303.689453 12.946208 19.735283
v 275.698425 5.409324 27.531860
v 308.908051 123.458115 16.221283
v 263.273010 5.381258 22.835709
v 306.703003 129.739807 16.983978
v 310.183228 128.949753 16.262360
v 281.843018 132.958420 17.545937
v 299.803833 131.228592 19.482521
v 321.778687 131.638428 18.864120
v 328.184448 131.775543 17.550926
v 327.377472 132.827927 18.245544
v 329.641144 141.831223 17.683807
v 281.203552 141.832825 17.342995
v 258.073975 2.339621 20.590942
v 263.976257 2.088203 23.316437
v 353.153442 4.809449 21.510284
v 274.118164 8.733067 20.950012
v 337.003448 6.855025 21.449059
v 292.622223 13.070839 18.736626
v 303.112122 10.965678 19.895721
v 306.354126 10.383976 20.550468
v 316.415039 11.043905 19.354904
v 317.354614 10.399097 19.770950
v 318.322784 12.907407 18.979416
v 311.090820 13.085898 19.568916
v 289.240723 133.210312 19.224037
v 299.738770 132.167450 20.373215
v 308.711914 132.882812 20.715919
v 311.190704 131.522217 19.980606
v 316.341919 132.658463 20.166992
v 301.411804 141.827240 20.618866
v 289.411621 141.802505 19.219231
v 310.435089 141.885803 20.630989
v 317.833374 141.902039 19.982635
v 345.264526 2.076771 24.882729
v 266.624512 5.075544 24.609184
v 286.401825 5.810137 28.658188
v 281.173889 6.658606 23.425812
v 280.859283 8.657490 23.060661
v 289.008545 9.107952 24.409592
v 332.419189 8.492969 22.782593
v 331.115479 6.464498 23.701057
v 325.851715 9.223678 23.645287
v 271.463104 2.416275 26.507278
v 276.859589 2.113373 28.121407
v 322.527069 2.052652 30.910454
v 342.543274 4.825849 26.105583
v 288.218781 8.312268 24.798157
v 289.697968 6.413499 25.554062
v 297.247192 6.847808 26.116173
v 296.288025 8.429890 25.913551
v 298.836823 6.435709 26.653305
v 298.079742 9.182650 25.399620
v 308.705505 8.468109 26.454758
v 320.902130 6.846076 25.356117
v 321.766724 8.538341 25.124146
v 314.360779 6.431777 26.720505
v 329.487091 6.828800 23.667389
v 314.895874 9.122552 25.443932
v 284.049774 2.118317 29.909050
v 330.347351 2.146488 29.686569
v 339.124512 2.344415 27.304634
v 276.081879 4.811448 27.999695
v 309.150635 6.839152 26.507957
v 290.336823 2.345201 31.257439
v 289.214813 5.170564 30.991898
v 322.927979 5.402449 30.824120
v 328.447632 4.831998 30.198402
v 308.393372 2.232187 32.463791
v 318.857880 2.361169 31.840416
v 296.181213 5.296550 31.834969
v 306.450592 5.289193 32.436348
vn -0.0828 -0.0959 -0.9919
vn -0.1645 -0.5956 -0.7863
vn -0.4077 -0.1373 -0.9027
vn 0.3163 -0.1388 -0.9385
vn 0.1020 -0.6520 -0.7513
vn 0.0124 0.1481 -0.9889
vn -0.2519 0.1657 -0.9535
vn -0.3013 -0.7443 -0.5960
vn -0.0306 -0.9638 -0.2647
vn 0.3319 -0.7800 -0.5305
vn 0.2063 -0.8817 -0.4243
vn 0.1368 -0.9724 -0.1887
vn 0.4747 -0.8009 -0.3650
vn -0.4887 0.1442 -0.8604
vn -0.7032 -0.0492 -0.7093
vn -0.7847 0.1544 -0.6003
vn -0.5517 -0.4969 -0.6699
vn 0.7802 0.1572 -0.6054
vn 0.7000 -0.0804 -0.7096
vn 0.5047 0.1320 -0.8532
vn -0.3308 -0.1016 -0.9382
vn -0.2142 -0.5173 -0.8286
vn -0.2551 -0.5944 -0.7626
vn -0.3708 -0.1298 -0.9196
vn -0.2441 -0.2365 -0.9405
vn -0.3313 -0.0339 -0.9429
vn -0.1632 -0.3387 -0.9267
vn -0.0273 0.4422 -0.8965
vn 0.3086 0.3075 -0.9001
vn 0.0186 0.2942 -0.9556
vn 0.1664 0.6866 -0.7077
vn 0.0109 0.8544 -0.5195
vn 0.2215 0.8628 -0.4545
vn -0.3355 -0.1104 -0.9356
vn -0.5014 0.2755 -0.8202
vn -0.1690 -0.1341 -0.9764
vn 0.0234 -0.1370 -0.9903
vn 0.1863 -0.1312 -0.9737
vn 0.3559 -0.1223 -0.9265
vn 0.5008 -0.0462 -0.8643
vn -0.3114 0.6062 -0.7318
vn -0.1488 0.6186 -0.7715
vn -0.0116 0.5907 -0.8068
vn -0.0067 0.9946 -0.1036
vn -0.0042 0.9997 -0.0245
vn -0.0164 0.9978 0.0636
vn 0.1517 0.6228 -0.7675
vn 0.2896 0.5905 -0.7533
vn 0.3492 0.5754 -0.7395
vn -0.8404 -0.2496 -0.4811
vn -0.4407 -0.8326 -0.3355
vn -0.7045 -0.6683 -0.2388
vn -0.1995 0.8385 0.5072
vn -0.1886 0.7949 0.5767
vn -0.1004 0.8233 0.5586
vn -0.0608 0.8879 0.4561
vn -0.1065 0.9017 0.4191
vn -0.2067 0.8847 0.4179
vn -0.0566 -0.9743 0.2178
vn 0.7454 -0.6132 -0.2615
vn 0.8412 -0.2378 -0.4857
vn 0.6699 -0.4553 -0.5864
vn -0.8114 -0.0858 -0.5781
vn -0.9660 -0.0120 -0.2583
vn -0.8441 0.0376 -0.5349
vn -0.3685 0.8827 -0.2916
vn -0.3944 0.8863 -0.2427
vn -0.3223 0.8658 -0.3826
vn -0.3115 0.2897 -0.9050
vn -0.6162 0.3040 -0.7265
vn -0.4392 0.3582 -0.8239
vn 0.5836 0.3295 -0.7422
vn 0.5628 0.2853 -0.7758
vn -0.5731 -0.3069 -0.7598
vn -0.1936 -0.3032 -0.9330
vn -0.5279 -0.4567 -0.7160
vn -0.5477 0.8308 0.0993
vn -0.6998 0.6650 0.2609
vn -0.4623 0.8259 0.3227
vn 0.3733 0.8257 -0.4229
vn 0.3810 0.8712 -0.3094
vn 0.6502 0.0614 0.7573
vn 0.2825 0.0265 0.9589
vn 0.2305 0.0597 0.9712
vn 0.4920 0.0523 0.8690
vn -0.6019 0.5076 -0.6165
vn -0.3121 0.6285 -0.7124
vn -0.0577 0.8369 -0.5443
vn 0.2536 0.5865 -0.7692
vn 0.2769 0.3965 -0.8752
vn 0.5019 0.4892 -0.7133
vn -0.1592 -0.0799 -0.9840
vn 0.2243 -0.1205 -0.9670
vn -0.1227 -0.2724 -0.9543
vn 0.2435 -0.3380 -0.9091
vn 0.4871 -0.1894 -0.8526
vn 0.6793 -0.1146 -0.7249
vn 0.8944 -0.0543 -0.4440
vn 0.8283 -0.2131 -0.5181
vn 0.4173 0.8200 -0.3917
vn 0.2558 0.9614 -0.1018
vn 0.5082 0.8592 -0.0597
vn 0.6628 0.6996 0.2668
vn 0.7965 0.5332 0.2851
vn 0.6529 0.6775 0.3389
vn -0.4058 0.0177 0.9138
vn -0.6059 0.0562 0.7936
vn -0.6699 -0.0370 0.7416
vn -0.0112 -0.8116 -0.5840
vn -0.1785 -0.9326 -0.3137
vn -0.0126 -0.9197 -0.3924
vn -0.1636 -0.7767 -0.6082
vn 0.2203 -0.9336 -0.2826
vn 0.1404 -0.9477 -0.2865
vn -0.2855 -0.2808 -0.9163
vn -0.6205 -0.2765 -0.7339
vn -0.5641 -0.5534 -0.6127
vn -0.3240 -0.5446 -0.7736
vn 0.0968 -0.2971 -0.9499
vn 0.1007 -0.2694 -0.9577
vn 0.6321 -0.2874 -0.7197
vn 0.3631 -0.2857 -0.8869
vn 0.5868 -0.2738 -0.7621
vn -0.7975 0.1162 -0.5920
vn -0.6446 -0.0737 -0.7610
vn -0.7296 -0.4832 -0.4838
vn -0.4383 -0.7390 -0.5117
vn -0.2205 -0.7306 -0.6463
vn 0.6443 0.0007 -0.7647
vn 0.3969 -0.7464 -0.5342
vn 0.4147 -0.7295 -0.5440
vn 0.5481 -0.7404 -0.3891
vn 0.8349 -0.1831 -0.5190
vn 0.7968 0.1270 -0.5907
vn -0.6638 0.4297 -0.6122
vn 0.2367 0.9381 0.2528
vn 0.0283 0.9238 0.3819
vn 0.0921 0.9817 0.1666
vn -0.2067 -0.9742 0.0904
vn -0.2100 -0.9653 -0.1551
vn -0.0168 -0.9678 -0.2510
vn 0.1684 -0.9682 -0.1848
vn 0.2168 -0.9740 0.0652
vn -0.0076 -0.9668 0.2553
vn -0.0064 0.9243 0.3817
vn 0.3932 0.5963 -0.6999
vn 0.6850 0.2260 -0.6926
vn -0.2085 -0.9779 0.0159
vn -0.2232 -0.9663 0.1278
vn -0.1772 -0.9739 0.1421
vn 0.3077 -0.9495 -0.0620
vn -0.9696 -0.1165 -0.2154
vn -0.9883 0.1487 -0.0353
vn -0.9208 0.1439 -0.3625
vn 0.9793 -0.1357 -0.1504
vn 0.9331 0.1357 -0.3330
vn -0.7706 0.4473 -0.4541
vn -0.3955 0.8673 -0.3024
vn -0.4538 -0.8852 0.1025
vn -0.5443 -0.8389 -0.0062
vn -0.3721 -0.9113 0.1763
vn -0.3331 -0.9180 0.2152
vn 0.0011 -0.9450 -0.3272
vn 0.6223 0.5946 -0.5091
vn 0.7812 0.4407 -0.4421
vn -0.5226 -0.3582 -0.7737
vn -0.3724 -0.4577 -0.8074
vn -0.7847 -0.4019 -0.4719
vn -0.4397 -0.1645 -0.8830
vn 0.3936 -0.5002 -0.7713
vn -0.0482 -0.4184 -0.9070
vn 0.5824 -0.3946 -0.7107
vn 0.6992 -0.4191 -0.5792
vn 0.8134 -0.2093 -0.5428
vn -0.7766 -0.1043 -0.6213
vn -0.4923 -0.0468 -0.8692
vn 0.4470 -0.0221 -0.8943
vn 0.7310 -0.0053 -0.6824
vn 0.7109 -0.0943 -0.6970
vn 0.5877 0.0379 -0.8082
vn 0.8945 -0.0388 -0.4455
vn 0.8844 0.0366 -0.4653
vn 0.8062 0.0552 -0.5891
vn 0.4428 0.8677 -0.2261
vn 0.4272 0.8665 -0.2583
vn 0.3526 0.8582 -0.3731
vn -0.9587 0.0568 -0.2787
vn -0.9931 0.0526 0.1050
vn -0.9811 0.0641 -0.1828
vn 0.4656 -0.1152 -0.8774
vn 0.4952 0.2223 -0.8399
vn 0.6425 0.2145 -0.7357
vn 0.4459 -0.8248 0.3477
vn 0.1727 -0.9830 0.0622
vn 0.6703 -0.7126 0.2074
vn -0.7655 0.0493 -0.6415
vn -0.2818 -0.0408 -0.9586
vn -0.4443 0.0585 -0.8940
vn 0.4206 0.0383 -0.9065
vn 0.6437 -0.0188 -0.7651
vn 0.8096 0.0422 -0.5855
vn -0.6443 -0.0638 -0.7621
vn 0.2332 -0.0698 -0.9699
vn -0.0860 0.0393 -0.9955
vn 0.2505 -0.8423 0.4772
vn 0.2891 -0.4071 0.8664
vn 0.0532 -0.7720 0.6333
vn -0.5467 -0.3261 -0.7713
vn -0.1766 -0.1645 -0.9704
vn 0.5500 -0.3533 -0.7568
vn 0.1674 -0.1132 -0.9794
vn 0.7745 -0.2039 -0.5988
vn -0.4388 -0.8978 -0.0387
vn -0.3100 -0.9387 -0.1507
vn -0.2712 -0.9453 -0.1814
vn -0.8149 -0.2010 -0.5436
vn -0.7871 -0.3458 -0.5108
vn -0.5166 -0.4977 -0.6967
vn -0.1317 -0.9170 -0.3766
vn 0.1576 -0.5358 -0.8295
vn 0.4596 -0.5458 -0.7006
vn 0.8322 -0.4409 -0.3362
vn 0.3140 -0.9439 -0.1026
vn 0.2670 -0.9464 -0.1819
vn 0.3960 -0.8114 -0.4298
vn 0.9522 -0.3016 -0.0488
vn 0.8409 -0.2902 -0.4568
vn 0.8711 -0.2780 -0.4047
vn -0.7542 -0.6280 -0.1919
vn -0.9303 -0.1833 -0.3176
vn -0.6317 -0.7338 -0.2500
vn 0.6055 -0.7473 -0.2737
vn 0.8500 -0.4605 -0.2557
vn 0.8968 0.2921 -0.3323
vn -0.8508 0.4237 -0.3109
vn 0.3089 0.9314 0.1923
vn 0.5712 0.8136 0.1082
vn -0.6542 0.6781 -0.3351
vn -0.0000 0.9999 0.0110
vn -0.4168 0.8767 0.2401
vn -0.4160 0.8678 0.2718
vn -0.3039 0.8602 0.4094
vn 0.9252 0.3505 0.1453
vn 0.8061 0.4493 0.3851
vn 0.9023 0.2972 0.3122
vn -0.4347 -0.9003 -0.0216
vn -0.7868 -0.6169 -0.0200
vn 0.1354 0.9786 -0.1548
vn 0.1102 0.9797 -0.1674
vn 0.0531 0.9793 -0.1955
vn 0.2567 0.9226 -0.2880
vn 0.1401 0.9771 -0.1599
vn 0.1486 0.9818 -0.1181
vn 0.1654 0.9837 -0.0703
vn 0.0884 -0.9960 -0.0119
vn 0.1857 -0.9747 0.1243
vn 0.2289 -0.9679 0.1041
vn -0.2376 -0.9660 -0.1023
vn 0.7878 -0.6157 0.0141
vn -0.9962 0.0865 0.0068
vn 0.9859 0.1619 0.0415
vn -0.9233 0.3332 -0.1911
vn -0.9132 0.2929 -0.2834
vn -0.9584 0.2795 0.0572
vn -0.4434 0.8809 -0.1655
vn -0.4627 0.8861 -0.0274
vn -0.4919 0.8694 0.0466
vn -0.4693 0.8734 -0.1298
vn 0.4371 0.8970 0.0653
vn 0.4513 0.8922 0.0172
vn 0.4767 0.8701 -0.1251
vn 0.9112 0.4048 -0.0759
vn 0.9505 0.2900 0.1115
vn 0.9221 0.2985 -0.2462
vn -0.7786 0.5951 -0.1988
vn -0.7903 0.6039 0.1034
vn -0.4358 0.9000 0.0110
vn 0.5889 0.8001 -0.1141
vn 0.7771 0.6090 0.1590
vn -0.7918 -0.1886 -0.5810
vn -0.9257 -0.2509 -0.2831
vn -0.2110 0.5347 0.8183
vn -0.1845 0.3379 0.9229
vn -0.1384 0.5499 0.8237
vn -0.1426 -0.9794 -0.1432
vn -0.2274 -0.9733 0.0312
vn -0.1902 -0.9806 -0.0467
vn -0.1132 -0.9902 -0.0819
vn -0.3629 -0.8079 -0.4643
vn -0.5756 -0.4573 -0.6779
vn -0.5261 -0.4604 -0.7150
vn -0.9806 0.0626 -0.1856
vn -0.9449 0.0184 -0.3269
vn 0.9214 0.0649 0.3831
vn 0.9942 0.0519 -0.0943
vn 0.9912 0.0152 -0.1313
vn -0.9750 0.0609 0.2136
vn 0.5808 0.0099 0.8140
vn 0.8068 0.0077 0.5907
vn 0.7216 0.0547 0.6902
vn 0.3827 0.2285 -0.8952
vn 0.3409 0.1181 -0.9327
vn 0.2750 -0.2117 -0.9379
vn 0.2344 0.1885 -0.9537
vn 0.8497 -0.0584 -0.5240
vn 0.9480 -0.2614 -0.1813
vn -0.9933 -0.0413 -0.1076
vn -0.9843 -0.1660 -0.0593
vn -0.9631 -0.2440 -0.1137
vn 0.9581 -0.2859 0.0190
vn -0.8705 -0.4915 -0.0256
vn -0.9985 0.0547 0.0092
vn 0.6771 -0.7359 -0.0021
vn 0.8802 -0.4741 0.0191
vn 0.9985 0.0553 -0.0016
vn -0.9333 0.3514 -0.0735
vn -0.3237 0.9454 0.0373
vn -0.2013 0.9795 0.0049
vn -0.2224 0.9749 0.0104
vn -0.6359 0.7464 -0.1964
vn 0.1160 0.9926 -0.0356
vn 0.3101 0.9507 0.0050
vn 0.1292 0.9899 0.0589
vn 0.5898 0.8074 0.0160
vn -0.5440 0.8386 0.0298
vn -0.1820 0.9786 -0.0959
vn -0.1147 0.9915 0.0608
vn 0.8946 0.4467 0.0124
vn 0.7205 0.5522 -0.4195
vn 0.8600 0.2259 0.4577
vn 0.7006 0.5804 0.4152
vn 0.7233 0.3931 0.5678
vn -0.0186 -0.0401 0.9990
vn -0.3641 -0.0303 0.9309
vn -0.1736 -0.1384 0.9750
vn 0.4139 0.4388 0.7976
vn 0.0842 0.5588 0.8250
vn 0.1703 0.3224 0.9312
vn -0.1982 -0.9732 -0.1168
vn 0.9690 -0.1175 0.2175
vn -0.9740 0.1179 0.1932
vn -0.9345 0.1297 0.3315
vn -0.8816 0.2646 0.3909
vn -0.9170 0.3337 0.2186
vn 0.8265 0.2989 0.4771
vn 0.9097 0.3328 0.2485
vn 0.7694 0.4519 0.4515
vn -0.4216 0.8328 0.3588
vn 0.8289 0.3017 -0.4711
vn 0.6790 0.3127 -0.6642
vn 0.5880 0.4013 -0.7023
vn -0.7679 0.4697 0.4356
vn -0.8924 -0.0024 0.4513
vn -0.7357 -0.0381 0.6763
vn -0.7906 0.0373 0.6113
vn 0.4169 0.8583 0.2992
vn -0.9201 -0.3915 -0.0089
vn -0.8827 -0.4400 -0.1653
vn -0.7980 -0.4633 0.3854
vn -0.9647 -0.2129 0.1550
vn -0.8473 -0.3395 0.4085
vn 0.7979 -0.2118 0.5644
vn 0.7887 -0.4035 0.4638
vn 0.9316 -0.3077 0.1937
vn 0.9801 -0.1892 -0.0605
vn 0.9216 -0.0916 0.3772
vn 0.9914 -0.0439 0.1231
vn -0.2282 0.8785 -0.4198
vn -0.8570 -0.4893 0.1615
vn -0.6951 -0.7182 0.0330
vn -0.6171 -0.7301 0.2935
vn -0.6146 -0.7297 0.2996
vn -0.9941 0.0429 0.0999
vn -0.8462 0.0468 0.5308
vn -0.9425 0.0592 0.3289
vn 0.9134 0.0505 0.4040
vn 0.9703 -0.0009 0.2420
vn 0.6931 -0.0599 0.7184
vn 0.6306 0.0220 0.7758
vn -0.8754 -0.0504 0.4807
vn -0.8641 0.0317 0.5023
vn 0.9611 -0.2056 0.1846
vn 0.8117 -0.1912 0.5518
vn -0.9035 -0.1473 0.4024
vn -0.5510 -0.3138 0.7733
vn 0.7631 -0.3799 0.5228
vn -0.5637 -0.8191 0.1066
vn -0.3114 -0.9357 0.1661
vn -0.4086 -0.9125 -0.0188
vn -0.7621 -0.5325 0.3683
vn -0.6140 -0.5311 0.5838
vn 0.8862 -0.4161 0.2038
vn 0.3726 -0.9277 -0.0237
vn 0.3262 -0.9329 0.1525
vn 0.3848 -0.9210 0.0601
vn -0.6734 -0.7371 0.0562
vn -0.8602 -0.4390 0.2596
vn -0.6053 -0.7438 0.2835
vn -0.8941 0.2055 0.3979
vn 0.7414 -0.6385 0.2066
vn 0.5958 -0.7430 0.3048
vn 0.9313 -0.1749 0.3196
vn -0.9337 0.3025 0.1914
vn -0.0616 0.9968 -0.0506
vn 0.2206 -0.7376 -0.6382
vn 0.1697 -0.5936 -0.7867
vn 0.3939 -0.4710 -0.7893
vn -0.1471 0.9853 -0.0873
vn 0.1101 0.9939 -0.0054
vn 0.8566 0.3884 0.3396
vn 0.6882 0.6333 0.3539
vn -0.7610 -0.6398 0.1072
vn -0.4820 -0.8689 0.1126
vn -0.8381 -0.3421 0.4249
vn -0.6607 0.3216 0.6782
vn -0.5356 0.6368 0.5546
vn -0.6711 0.4182 0.6122
vn -0.7949 0.1355 0.5915
vn 0.9233 0.1424 0.3566
vn 0.8411 -0.2483 0.4805
vn -0.7354 0.5693 -0.3675
vn -0.9202 0.2860 -0.2672
vn -0.8243 0.5624 -0.0642
vn -0.6359 0.2624 0.7258
vn -0.7418 0.3111 0.5941
vn -0.5056 0.4883 0.7113
vn -0.2715 0.5906 0.7599
vn 0.0675 0.8352 0.5458
vn -0.0410 0.9529 0.3006
vn -0.0866 0.9820 0.1677
vn -0.0465 0.9840 0.1718
vn 0.3136 0.6313 0.7093
vn 0.6029 0.5071 0.6159
vn -0.4202 -0.4939 0.7612
vn -0.5748 -0.3887 0.7201
vn -0.2414 -0.3397 0.9090
vn -0.0205 -0.4346 0.9004
vn -0.4852 -0.1675 0.8582
vn 0.2201 -0.3307 0.9177
vn 0.4023 -0.4839 0.7772
vn 0.5847 -0.3665 0.7238
vn 0.4527 -0.1730 0.8747
vn 0.8196 -0.0008 0.5730
vn 0.7077 -0.0005 0.7065
vn 0.6904 0.0088 0.7234
vn 0.7923 0.0398 0.6088
vn 0.3893 0.0311 0.9206
vn 0.6610 -0.0226 0.7500
vn -0.8819 -0.0509 0.4687
vn -0.9849 -0.0971 0.1433
vn -0.9038 -0.2193 0.3674
vn -0.5925 -0.0474 0.8041
vn 0.2887 -0.0724 0.9547
vn 0.5461 -0.3280 0.7709
vn 0.1926 -0.1613 0.9679
vn -0.1782 -0.9398 0.2916
vn -0.2659 -0.9275 0.2628
vn -0.3982 -0.8219 0.4073
vn 0.5854 -0.5385 -0.6061
vn 0.4990 -0.5280 -0.6872
vn 0.5796 -0.4290 -0.6928
vn -0.0667 -0.8242 0.5623
vn -0.1541 -0.3617 0.9195
vn 0.5183 -0.4990 0.6946
vn 0.1197 -0.9081 0.4012
vn 0.1786 -0.9353 0.3053
vn 0.2744 -0.9429 0.1886
vn -0.5483 -0.7405 0.3886
vn -0.4111 -0.7384 0.5346
vn 0.7437 -0.4492 0.4952
vn 0.7499 0.1705 0.6393
vn -0.7358 0.5186 0.4354
vn 0.2889 0.9163 -0.2773
vn 0.0726 0.9847 -0.1587
vn -0.5078 0.8244 -0.2498
vn -0.4072 0.7813 -0.4730
vn -0.2498 0.9121 -0.3250
vn -0.5940 0.8029 -0.0511
vn 0.6047 0.4543 0.6542
vn -0.1211 -0.9824 0.1420
vn -0.5286 -0.7145 0.4584
vn -0.2746 -0.7654 0.5820
vn -0.0322 -0.9935 0.1093
vn 0.1338 -0.9765 -0.1691
vn 0.1049 -0.9589 -0.2638
vn -0.0594 -0.9711 -0.2312
vn -0.0972 -0.9782 -0.1837
vn 0.0613 -0.9893 0.1323
vn 0.5505 -0.4972 0.6706
vn -0.7058 -0.0943 0.7021
vn 0.7129 -0.0661 0.6982
vn 0.8354 0.1305 0.5339
vn -0.4516 0.3220 0.8321
vn -0.2846 0.2842 0.9155
vn 0.3404 0.2909 0.8942
vn 0.6192 0.3058 0.7232
vn 0.4329 0.3639 0.8247
vn 0.3784 0.8715 0.3118
vn 0.3996 0.8915 0.2135
vn 0.3465 0.8364 0.4246
vn -0.2188 0.3915 0.8938
vn 0.0138 0.5036 0.8638
vn -0.0460 -0.1786 0.9828
vn 0.5109 -0.2057 -0.8347
vn 0.3583 -0.7028 -0.6146
vn 0.4068 -0.3498 -0.8439
vn 0.0191 0.0423 0.9989
vn -0.3717 -0.2936 0.8807
vn -0.1036 -0.3013 0.9479
vn -0.2363 -0.2762 0.9316
vn 0.0416 -0.9197 0.3905
vn 0.1693 -0.7668 0.6191
vn -0.6316 -0.2867 0.7203
vn -0.5994 -0.2778 0.7507
vn 0.1342 -0.2659 0.9546
vn 0.2658 -0.2864 0.9205
vn 0.5766 -0.2735 0.7699
vn 0.6043 -0.2880 0.7428
vn -0.4279 -0.7225 0.5430
vn -0.8342 -0.1928 0.5166
vn -0.6431 -0.0061 0.7658
vn -0.7978 0.1205 0.5908
vn 0.6579 -0.0866 -0.7481
vn 0.4724 0.4646 -0.7490
vn 0.2766 0.1330 -0.9517
vn -0.4735 0.2116 0.8550
vn -0.3164 -0.4512 0.8344
vn -0.8764 -0.1530 0.4566
vn -0.9523 -0.0787 0.2949
vn -0.9804 -0.1836 0.0721
vn -0.8648 -0.3074 0.3969
vn 0.6292 -0.0877 0.7722
vn 0.4475 0.2673 0.8534
vn 0.3571 -0.1201 0.9263
vn -0.6826 0.2176 0.6977
vn -0.2018 0.6467 0.7356
vn -0.2040 0.9023 0.3797
vn -0.2388 0.9194 0.3126
vn 0.1575 0.9421 -0.2959
vn -0.0043 0.9368 -0.3499
vn -0.0021 1.0000 -0.0093
vn -0.1669 0.9429 -0.2883
vn 0.0331 0.7829 -0.6213
vn 0.0142 0.7087 -0.7053
vn -0.4519 -0.5129 0.7299
vn 0.0250 -0.8914 0.4526
vn 0.1724 -0.5820 0.7947
vn -0.1202 -0.5841 0.8027
vn 0.2960 -0.7508 0.5905
vn -0.4747 0.3962 0.7859
vn 0.3875 -0.1244 0.9134
vn 0.6131 0.1224 0.7805
vn 0.3476 0.1588 0.9241
vn -0.2703 0.7269 0.6313
vn -0.4086 0.8587 0.3092
vn 0.0315 0.2931 0.9556
vn 0.0084 0.8743 0.4854
vn -0.0992 0.8564 0.5067
vn 0.1297 0.3433 0.9302
vn 0.4364 0.7162 0.5447
vn 0.2222 0.8627 0.4543
vn -0.1585 0.0068 0.9873
vn 0.0160 -0.4448 0.8955
vn 0.1807 0.2719 0.9452
vn -0.0138 0.9899 0.1414
vn -0.0065 0.9930 0.1183
vn 0.0364 0.5658 0.8238
vn 0.3127 0.6396 0.7022
vn -0.2409 -0.1248 0.9625
vn 0.0668 -0.1259 0.9898
vn -0.6078 -0.2516 -0.7532
vn -0.3991 -0.5041 -0.7659
vn -0.3434 -0.8373 -0.4255
vn -0.1316 -0.7557 -0.6416
vn -0.0348 -0.9818 -0.1866
vn -0.2809 -0.1474 -0.9484
vn 0.0573 -0.5729 -0.8176
vn 0.1353 -0.5898 -0.7962
vn 0.1341 -0.9676 -0.2138
vn 0.0503 -0.9472 -0.3167
vn 0.1941 -0.8912 -0.4100
vn 0.4106 -0.4125 -0.8132
vn -0.9377 0.0400 -0.3452
vn -0.7770 -0.1371 -0.6143
vn -0.7446 -0.0357 -0.6666
vn 0.4040 -0.1082 -0.9084
vn 0.6819 -0.2583 -0.6843
vn 0.6014 -0.5005 -0.6227
vn 0.6030 0.0325 -0.7971
vn -0.2869 0.2841 -0.9149
vn -0.0543 0.3749 -0.9255
vn 0.0876 0.2841 -0.9548
vn -0.1440 0.8619 -0.4861
vn -0.0199 0.8569 -0.5151
vn -0.1818 0.8648 -0.4681
vn 0.3010 0.3393 -0.8912
vn 0.4537 0.2918 -0.8420
vn 0.0440 0.8597 -0.5089
vn 0.1773 0.8826 -0.4354
vn -0.3179 -0.4499 -0.8346
vn -0.4683 0.2342 -0.8520
vn -0.1679 -0.0879 -0.9819
vn -0.0283 -0.4562 -0.8894
vn -0.7771 0.3360 -0.5322
vn -0.5809 0.3978 -0.7101
vn -0.7303 0.2917 -0.6177
vn 0.4841 -0.0386 -0.8742
vn 0.4555 -0.5329 -0.7131
vn 0.1972 -0.3471 -0.9169
vn -0.3065 0.6311 -0.7126
vn -0.2091 0.4449 -0.8708
vn 0.0106 0.5861 -0.8102
vn 0.0382 0.2487 -0.9678
vn 0.2819 0.3976 -0.8732
vn 0.3044 0.7964 -0.5226
vn -0.7796 -0.2063 -0.5914
vn -0.5357 -0.7687 -0.3494
vn -0.1437 -0.9836 -0.1089
vn 0.9992 -0.0408 -0.0003
vn 0.9597 0.0376 0.2786
vn 0.9592 -0.0960 0.2661
vn 0.3856 -0.4259 0.8185
vn 0.4794 -0.1719 0.8606
vn 0.3903 -0.1622 0.9063
vn 0.6355 -0.6830 -0.3601
vn 0.8190 -0.0359 -0.5727
vn -0.6403 0.3011 -0.7067
vn -0.4280 0.3330 -0.8402
vn 0.6854 0.3004 -0.6633
vn 0.6341 0.3837 -0.6714
vn -0.3430 0.5247 -0.7792
vn -0.0048 0.7849 -0.6196
vn 0.1943 0.5332 -0.8234
vn 0.4715 0.5449 -0.6934
vn 0.8050 0.3060 -0.5084
vn 0.6083 0.7441 -0.2763
vn 0.6543 0.5225 -0.5467
vn 0.1582 0.8809 0.4462
vn 0.0755 -0.9768 -0.2003
vn 0.0025 -1.0000 -0.0063
vn 0.0051 -0.9999 -0.0136
vn -0.2491 -0.2953 -0.9224
vn -0.5749 -0.3031 -0.7600
vn -0.3695 -0.2721 -0.8885
vn -0.5594 0.5190 -0.6463
vn -0.7617 0.3182 -0.5644
vn -0.7420 0.5524 -0.3799
vn 0.1219 -0.2707 -0.9549
vn 0.0843 -0.2986 -0.9507
vn 0.6148 -0.2856 -0.7351
vn 0.4072 -0.3024 -0.8618
vn -0.5205 -0.7216 -0.4565
vn -0.4692 -0.7135 -0.5203
vn -0.2689 -0.7249 -0.6342
vn -0.6822 -0.0176 -0.7310
vn 0.0820 -0.7215 -0.6875
vn 0.4404 -0.7443 -0.5021
vn 0.7853 0.0120 -0.6190
vn -0.4890 0.5953 -0.6376
vn -0.6987 0.3960 -0.5959
vn -0.4812 0.8334 -0.2720
vn 0.3572 0.8852 0.2979
vn 0.0206 0.9953 0.0941
vn 0.0510 0.9926 0.1099
vn 0.0924 0.8282 0.5528
vn -0.0613 0.7865 0.6145
vn 0.2321 0.8221 0.5199
vn -0.2051 0.8375 0.5065
vn -0.2225 0.9258 0.3055
vn -0.0878 0.7215 0.6868
vn 0.0625 0.9865 -0.1512
vn 0.0131 0.9920 -0.1256
vn 0.0095 0.9928 -0.1194
vn -0.6616 -0.6631 -0.3501
vn -0.8764 -0.2061 -0.4352
vn -0.6736 -0.5947 -0.4389
vn 0.6183 0.4165 -0.6665
vn 0.8244 0.3069 -0.4755
vn 0.5217 0.8126 -0.2596
vn -0.7822 -0.5523 -0.2883
vn -0.3589 -0.9309 -0.0685
vn -0.9822 0.1482 -0.1153
vn -0.8976 0.1584 -0.4114
vn -0.9459 -0.0768 -0.3151
vn -0.7419 0.1422 -0.6553
vn 0.9415 -0.2030 -0.2690
vn 0.8570 0.1378 -0.4965
vn -0.4564 0.8693 -0.1897
vn -0.8592 0.5042 -0.0867
vn -0.4286 0.8738 -0.2299
vn -0.8219 0.4659 -0.3278
vn -0.6619 0.4804 -0.5754
vn -0.8432 0.3203 -0.4317
vn 0.8353 0.3146 -0.4509
vn 0.8400 0.3997 -0.3670
vn -0.8097 -0.4571 -0.3681
vn -0.7282 -0.3842 -0.5676
vn -0.4028 -0.4654 -0.7881
vn -0.5814 0.6472 -0.4931
vn -0.3156 0.6919 -0.6494
vn 0.0718 -0.8120 0.5793
vn -0.0695 -0.8377 0.5417
vn -0.0142 -0.9070 0.4210
vn 0.6432 -0.4662 -0.6074
vn 0.1448 -0.4557 -0.8783
vn 0.5151 -0.3624 -0.7768
vn 0.1750 0.9720 -0.1569
vn 0.2364 0.8675 -0.4377
vn 0.0326 0.9640 -0.2640
vn 0.5169 0.7887 -0.3328
vn -0.6949 -0.1606 -0.7009
vn -0.9013 -0.2155 -0.3757
vn -0.4498 -0.2431 -0.8594
vn -0.2021 -0.3600 -0.9108
vn 0.2071 -0.2766 -0.9384
vn 0.0585 -0.1673 -0.9842
vn 0.6344 -0.1722 -0.7536
vn 0.8515 -0.3018 -0.4288
vn 0.3961 -0.0635 -0.9160
vn -0.8465 -0.0859 -0.5253
vn -0.6346 -0.0858 -0.7681
vn 0.7001 0.0172 -0.7138
vn 0.7105 -0.0917 -0.6977
vn 0.1478 0.0607 0.9872
vn 0.4092 0.0613 0.9104
vn 0.4457 0.0521 0.8936
vn 0.3443 0.0541 0.9373
vn 0.0970 0.0599 0.9935
vn 0.1900 0.0314 0.9813
vn 0.5790 0.0574 -0.8133
vn 0.8970 0.0531 -0.4388
vn 0.8259 0.0689 -0.5595
vn 0.7956 0.0592 -0.6029
vn -0.0133 0.0652 -0.9978
vn 0.4576 0.0700 -0.8864
vn 0.2693 0.0631 -0.9610
vn 0.5143 -0.7272 -0.4546
vn 0.5626 -0.7270 -0.3937
vn 0.6442 -0.5505 -0.5310
vn 0.6253 -0.4694 -0.6234
vn -0.6343 -0.4547 0.6252
vn -0.6648 -0.0451 0.7457
vn -0.7038 -0.3537 0.6160
vn -0.3959 0.0263 -0.9179
vn -0.0479 0.0296 -0.9984
vn -0.3656 0.0662 -0.9284
vn -0.8298 0.0651 -0.5543
vn -0.3511 0.9093 -0.2237
vn -0.3549 0.8309 -0.4286
vn -0.1520 0.9489 -0.2767
vn -0.1613 -0.0303 -0.9864
vn 0.5553 -0.1413 -0.8196
vn 0.2723 0.0458 -0.9611
vn -0.6258 -0.3333 -0.7052
vn 0.3261 -0.1235 -0.9372
vn -0.3125 -0.3152 -0.8961
vn 0.0949 -0.3392 -0.9359
vn 0.6265 -0.1407 -0.7666
vn 0.8742 -0.0701 -0.4805
vn -0.6658 -0.3820 -0.6409
vn -0.3123 -0.7940 -0.5215
vn -0.7191 -0.2772 -0.6372
vn -0.8038 -0.3032 -0.5119
vn -0.2372 -0.9183 -0.3168
vn -0.1084 -0.9166 -0.3848
vn -0.0510 -0.7990 -0.5991
vn 0.0398 -0.9176 -0.3955
vn 0.3619 -0.5930 -0.7193
vn 0.5790 -0.4827 -0.6571
vn 0.9606 0.0350 0.2759
vn 0.9959 -0.0092 0.0895
vn 0.9772 0.0390 -0.2087
vn 0.9974 0.0648 0.0306
vn 0.7075 -0.5721 -0.4149
vn -0.8995 -0.2754 -0.3392
vn -0.6162 -0.7458 -0.2532
vn -0.8244 -0.3497 -0.4450
vn 0.5741 -0.7136 -0.4014
vn 0.6337 -0.7170 -0.2904
vn 0.6799 -0.7034 -0.2072
vn -0.9825 -0.0288 -0.1838
vn -0.8539 0.4222 -0.3042
vn 0.4109 -0.0389 0.9108
vn -0.1263 -0.1235 0.9843
vn 0.2644 0.0354 0.9638
vn 0.4137 0.8193 0.3971
vn -0.3474 0.9050 0.2457
vn 0.9536 0.0302 -0.2996
vn 0.9373 0.3315 -0.1073
vn -0.8743 -0.4796 -0.0744
vn 0.2574 -0.3650 -0.8947
vn 0.6056 -0.3525 -0.7134
vn 0.5241 -0.4759 -0.7063
vn 0.0401 -0.4515 -0.8914
vn -0.2660 -0.9615 -0.0691
vn -0.2169 -0.9762 -0.0073
vn -0.1529 -0.9842 0.0894
vn -0.1620 -0.9698 0.1826
vn 0.4429 -0.8962 0.0264
vn 0.8318 -0.5522 -0.0566
vn 0.2972 -0.9528 -0.0624
vn -0.9990 -0.0418 0.0158
vn 0.9855 -0.1309 0.1077
vn 0.9751 0.1408 -0.1715
vn -0.7777 0.6265 0.0513
vn -0.4877 0.8705 -0.0655
vn -0.2440 0.0367 0.9691
vn -0.1926 -0.0061 0.9813
vn 0.1629 0.0082 0.9866
vn -0.0585 0.0555 0.9967
vn 0.9540 0.2802 0.1064
vn 0.9370 0.2879 -0.1981
vn 0.9421 0.3188 -0.1041
vn 0.8968 0.4422 -0.0136
vn -0.5483 0.8260 -0.1305
vn -0.8431 0.5363 -0.0390
vn 0.7426 0.6511 -0.1568
vn 0.5402 0.8400 0.0506
vn 0.2490 0.9670 -0.0542
vn -0.8750 -0.4536 0.1689
vn -0.9449 -0.3221 -0.0588
vn 0.8682 -0.4454 -0.2187
vn 0.9435 -0.3289 0.0411
vn 0.9831 -0.1701 -0.0671
vn 0.9082 -0.1072 -0.4046
vn 0.4397 0.8953 0.0710
vn 0.2644 0.9583 -0.1086
vn 0.5320 0.8270 -0.1819
vn 0.5608 0.8219 0.0999
vn -0.9911 0.0553 0.1209
vn -0.9271 0.0570 -0.3704
vn -0.9949 0.0395 -0.0927
vn -0.0845 0.8755 -0.4757
vn -0.2695 0.8721 -0.4084
vn -0.2524 0.8736 -0.4161
vn -0.1001 0.8834 -0.4577
vn -0.7241 0.0689 -0.6863
vn -0.9817 0.0579 -0.1813
vn 0.2599 -0.7815 -0.5672
vn 0.2774 -0.5884 -0.7595
vn 0.3981 -0.6107 -0.6846
vn 0.0905 -0.7224 0.6855
vn 0.2508 -0.7386 0.6258
vn 0.8009 0.0612 -0.5957
vn 0.6815 -0.0010 -0.7318
vn 0.9648 0.0567 -0.2569
vn 0.9984 0.0413 -0.0396
vn 0.9903 -0.0935 -0.1025
vn 0.9781 -0.1826 0.1003
vn 0.9019 -0.3155 -0.2949
vn -0.9260 -0.2562 -0.2772
vn -0.9749 -0.1363 -0.1759
vn -0.9104 -0.3149 -0.2683
vn -0.8742 -0.3722 -0.3118
vn -0.3292 -0.9213 -0.2070
vn -0.3215 -0.9232 -0.2105
vn -0.4506 -0.8925 -0.0174
vn -0.9614 -0.2750 0.0129
vn -0.9319 -0.3063 -0.1944
vn 0.9055 -0.3074 -0.2925
vn 0.9595 -0.2809 -0.0207
vn 0.9257 -0.3161 0.2077
vn -0.7780 -0.5979 -0.1928
vn -0.6774 -0.7350 0.0299
vn -0.8867 -0.4619 0.0200
vn 0.6833 -0.7294 -0.0330
vn 0.8932 -0.4494 0.0155
vn -0.9657 0.2455 0.0840
vn -0.2620 0.9650 -0.0076
vn -0.3092 0.9490 -0.0613
vn -0.3520 0.9337 0.0655
vn -0.5134 0.8581 0.0076
vn -0.2509 0.9583 0.1368
vn 0.6474 0.7539 -0.1114
vn -0.5678 -0.8154 0.1127
vn -0.9338 -0.2295 0.2747
vn 0.1949 -0.9732 -0.1218
vn 0.1680 -0.9857 0.0081
vn 0.2085 -0.9768 0.0484
vn 0.6953 -0.6806 0.2309
vn -0.9536 0.1403 0.2664
vn -0.4783 0.8692 0.1253
vn 0.9023 0.3401 0.2650
vn 0.7952 0.5433 0.2692
vn -0.9029 0.3812 0.1987
vn -0.6690 0.6825 0.2942
vn -0.4157 0.9016 0.1199
vn 0.4628 0.8108 0.3582
vn -0.9303 0.1107 0.3497
vn -0.8460 -0.1984 0.4949
vn -0.8059 0.1407 0.5751
vn 0.8679 -0.3779 0.3224
vn 0.9054 -0.2278 0.3583
vn -0.8727 -0.3127 0.3751
vn -0.9859 -0.1491 0.0758
vn 0.8751 -0.0250 0.4834
vn -0.5395 -0.0305 -0.8414
vn -0.5169 0.3461 -0.7829
vn -0.4795 -0.0810 -0.8738
vn -0.9998 0.0119 0.0161
vn -0.9105 0.0548 0.4098
vn -0.9227 -0.0226 0.3848
vn -0.9909 -0.1191 0.0633
vn -0.7492 -0.0292 0.6617
vn -0.8129 -0.3226 0.4849
vn -0.9180 -0.2755 0.2853
vn 0.9317 -0.0050 0.3631
vn 0.8030 -0.3378 0.4911
vn 0.7243 -0.4704 0.5041
vn 0.9406 -0.3391 -0.0152
vn -0.4068 -0.9060 0.1167
vn -0.4357 -0.8949 -0.0968
vn 0.5745 0.7677 -0.2840
vn -0.7381 -0.5134 0.4378
vn -0.3567 -0.9156 0.1856
vn 0.4001 -0.8696 0.2892
vn 0.4336 -0.9008 -0.0231
vn 0.3837 -0.9153 0.1220
vn 0.8795 -0.2681 0.3932
vn -0.6911 -0.6762 0.2550
vn -0.9840 -0.0200 0.1768
vn 0.9629 -0.0681 0.2611
vn 0.7595 -0.6140 0.2149
vn -0.2159 0.9764 0.0089
vn 0.2680 0.9569 0.1115
vn 0.0999 0.9936 -0.0523
vn 0.8745 -0.3724 -0.3108
vn 0.8311 -0.3530 -0.4298
vn 0.8165 0.3825 -0.4325
vn 0.9048 0.3241 -0.2762
vn -0.7364 -0.6306 0.2450
vn -0.9438 -0.1429 0.2982
vn -0.9290 -0.3094 0.2031
vn -0.1375 0.9876 -0.0752
vn -0.3266 0.9338 -0.1460
vn -0.5047 0.8099 -0.2989
vn 0.9156 0.3555 0.1877
vn -0.8006 0.5984 0.0311
vn 0.1189 -0.9857 -0.1192
vn -0.0926 -0.9895 -0.1112
vn -0.1335 -0.9748 -0.1786
vn -0.8425 0.2077 -0.4970
vn 0.2795 -0.9338 0.2235
vn 0.8994 -0.1156 0.4215
vn -0.7866 0.3427 0.5137
vn -0.6368 0.4299 0.6401
vn 0.1532 0.8371 0.5251
vn 0.0744 0.9712 0.2264
vn -0.0672 0.9477 0.3119
vn -0.3083 0.8075 0.5029
vn 0.5063 0.5315 0.6792
vn -0.5498 -0.1573 0.8204
vn -0.6161 -0.3285 0.7159
vn -0.2854 -0.2965 0.9114
vn -0.6318 -0.4269 0.6469
vn -0.8520 -0.1692 0.4954
vn -0.2449 -0.4286 0.8697
vn 0.1614 -0.3623 0.9180
vn 0.2408 -0.4563 0.8566
vn 0.6148 -0.3375 0.7128
vn 0.3856 -0.1949 0.9018
vn 0.3047 0.7864 -0.5374
vn 0.1459 0.9684 -0.2024
vn 0.2384 0.9572 -0.1643
vn 0.6326 0.0457 0.7731
vn 0.3335 0.0319 0.9422
vn 0.4578 -0.0290 0.8886
vn -0.1762 -0.0461 0.9833
vn -0.5761 0.0531 0.8156
vn 0.4441 0.0259 0.8956
vn 0.0620 0.0630 0.9961
vn 0.2220 0.0413 0.9742
vn 0.1425 0.0663 0.9876
vn 0.5149 0.0593 0.8552
vn 0.5180 0.0618 0.8531
vn -0.2857 0.0061 0.9583
vn 0.2190 -0.0568 0.9741
vn -0.1302 -0.1888 0.9733
vn -0.6511 0.0445 0.7577
vn -0.5027 -0.1082 0.8577
vn 0.6390 -0.0718 0.7658
vn 0.2163 -0.3229 0.9214
vn -0.6837 -0.3126 0.6594
vn 0.8518 -0.0079 -0.5238
vn 0.8072 -0.0006 -0.5903
vn 0.7775 0.0186 -0.6286
vn 0.8038 0.0055 -0.5949
vn 0.8366 -0.0053 -0.5479
vn 0.5449 -0.3492 0.7624
vn 0.3958 -0.6728 0.6250
vn 0.3934 -0.5252 0.7546
vn 0.2668 -0.8013 0.5354
vn -0.2418 -0.9245 0.2946
vn 0.3540 -0.5227 0.7756
vn 0.2177 -0.9269 0.3058
vn 0.1417 -0.9302 0.3387
vn 0.3571 -0.8939 0.2710
vn 0.4893 -0.5322 0.6909
vn 0.7486 -0.2976 0.5924
vn -0.8731 -0.3414 0.3480
vn -0.6327 -0.6328 0.4463
vn -0.6014 -0.5054 0.6188
vn 0.7055 -0.4842 0.5175
vn 0.8322 -0.1387 0.5368
vn -0.8083 0.3761 0.4530
vn -0.6253 0.7126 0.3180
vn -0.1995 0.8078 -0.5547
vn -0.2983 0.8164 -0.4945
vn 0.6720 0.6479 0.3586
vn 0.7275 0.5847 0.3590
vn -0.4810 -0.7441 0.4636
vn -0.7033 -0.5247 0.4796
vn -0.7437 -0.5396 0.3947
vn -0.6356 -0.1980 0.7462
vn -0.2260 -0.9692 0.0982
vn -0.1498 -0.9720 0.1808
vn 0.0442 -0.9708 -0.2357
vn -0.0161 -0.9789 -0.2037
vn 0.3146 0.9125 -0.2617
vn 0.3575 0.9057 -0.2277
vn 0.4772 0.8526 -0.2131
vn 0.4845 0.8161 -0.3151
vn 0.4297 0.8356 -0.3424
vn 0.3419 0.8661 -0.3648
vn 0.2222 -0.8527 0.4728
vn 0.5243 -0.5615 0.6401
vn -0.0273 -0.8662 -0.4989
vn -0.1283 -0.6578 -0.7422
vn 0.0024 -0.7844 -0.6202
vn -0.6310 0.1782 0.7550
vn -0.8250 0.1340 0.5490
vn -0.8351 0.1216 0.5365
vn 0.7101 -0.5019 0.4938
vn 0.7244 -0.0881 0.6838
vn 0.8121 0.1662 0.5593
vn 0.9335 0.1423 0.3292
vn -0.3982 0.8522 0.3395
vn -0.4420 0.8496 0.2877
vn -0.3179 0.8662 0.3856
vn -0.7225 0.2843 0.6302
vn -0.4865 0.2983 0.8212
vn -0.5523 0.3470 0.7580
vn -0.8864 0.2969 0.3552
vn 0.4355 0.8671 0.2419
vn 0.3171 0.8772 0.3606
vn 0.4093 0.8653 0.2893
vn -0.5134 -0.7530 -0.4116
vn -0.5527 -0.6508 -0.5205
vn -0.6610 -0.5709 -0.4871
vn -0.8454 0.3615 -0.3933
vn -0.8850 0.0882 -0.4571
vn -0.9102 0.1364 -0.3910
vn -0.8811 0.3711 -0.2931
vn -0.1103 0.6567 0.7460
vn -0.3176 0.4246 0.8478
vn 0.1189 0.4586 0.8807
vn -0.0546 -0.1556 0.9863
vn -0.3039 0.4137 -0.8582
vn -0.3633 0.6884 -0.6279
vn 0.9138 0.3190 -0.2514
vn -0.7043 -0.0779 0.7056
vn -0.3934 -0.0496 0.9180
vn -0.7077 0.0239 0.7061
vn -0.1660 0.0022 0.9861
vn 0.0918 -0.0590 0.9940
vn 0.0934 0.0194 0.9954
vn -0.5465 0.7627 -0.3458
vn -0.5322 0.6573 -0.5336
vn -0.5556 0.5875 -0.5883
vn -0.6876 0.5957 -0.4152
vn -0.0016 0.1293 -0.9916
vn 0.0997 0.1126 -0.9886
vn 0.4215 0.8753 -0.2371
vn 0.3651 0.8548 -0.3688
vn 0.3290 0.8560 -0.3988
vn 0.4131 0.8761 -0.2484
vn 0.0091 -0.9068 0.4215
vn -0.1328 -0.8772 0.4613
vn -0.0629 -0.8859 0.4597
vn 0.5799 0.8095 -0.0923
vn 0.8290 0.5487 -0.1084
vn 0.7370 0.6507 -0.1828
vn -0.6531 -0.3008 0.6950
vn -0.2412 -0.3015 0.9224
vn -0.3851 -0.5061 0.7717
vn 0.1621 -0.2954 0.9415
vn -0.1305 -0.5115 0.8493
vn -0.9077 -0.3068 0.2864
vn -0.7213 -0.1758 0.6699
vn -0.3598 -0.6825 0.6362
vn 0.4390 -0.6729 0.5954
vn 0.6575 0.0175 0.7532
vn 0.1877 -0.9575 -0.2191
vn 0.3162 -0.8859 -0.3395
vn 0.2843 -0.9387 -0.1949
vn -0.6612 0.1284 0.7391
vn -0.2695 0.7049 0.6561
vn -0.3099 0.8924 0.3281
vn -0.4401 0.3705 0.8179
vn -0.0378 0.8056 -0.5913
vn -0.0947 0.9852 -0.1430
vn -0.0752 0.9855 -0.1520
vn 0.0818 0.8678 -0.4901
vn 0.1268 0.8261 -0.5491
vn 0.7167 0.0496 0.6956
vn 0.5047 0.0583 0.8613
vn 0.4078 0.6404 0.6509
vn 0.5104 0.7285 0.4569
vn 0.4453 0.6617 0.6033
vn -0.4100 -0.8480 -0.3358
vn -0.3814 -0.5662 -0.7308
vn -0.1153 -0.9093 -0.3999
vn -0.0270 -0.5697 -0.8214
vn 0.1545 -0.7749 -0.6129
vn 0.0761 -0.9709 -0.2269
vn 0.4349 -0.6736 -0.5976
vn 0.2014 -0.2290 -0.9524
vn -0.3070 -0.6950 0.6502
vn 0.2262 -0.7041 0.6731
vn 0.0019 -0.8206 0.5715
vn -0.5834 -0.5068 -0.6347
vn -0.2930 -0.4853 -0.8238
vn -0.3071 -0.8530 -0.4220
vn -0.0747 -0.9428 -0.3249
vn 0.0173 -0.8928 -0.4502
vn 0.1326 -0.9517 -0.2768
vn 0.1453 -0.8581 -0.4924
vn 0.2994 -0.8594 -0.4144
vn -0.3610 0.1084 -0.9262
vn -0.5430 -0.1083 -0.8327
vn -0.5340 0.1371 -0.8343
vn -0.1898 -0.1431 -0.9713
vn -0.0385 0.1299 -0.9908
vn 0.2607 0.1576 -0.9525
vn -0.2581 -0.2518 0.9327
vn -0.4783 -0.0016 0.8782
vn 0.6362 0.1970 0.7459
vn 0.5690 0.0335 0.8217
vn -0.5384 -0.0817 -0.8387
vn 0.2234 0.1385 0.9648
vn 0.0704 0.0157 0.9974
vn 0.3728 0.0049 0.9279
vn -0.3257 0.0644 -0.9433
vn -0.4243 0.1852 -0.8864
vn -0.2111 0.1799 -0.9608
vn -0.1039 -0.0932 -0.9902
vn 0.0305 -0.2735 -0.9614
vn 0.2060 -0.0731 -0.9758
vn 0.0343 0.3334 -0.9422
vn 0.5063 -0.0583 -0.8604
vn 0.3139 -0.2697 -0.9103
vn 0.3878 0.1752 -0.9049
vn 0.6653 0.1652 -0.7281
vn 0.5495 -0.2733 -0.7896
vn -0.0598 0.8429 -0.5347
vn -0.2264 0.6695 -0.7075
vn -0.2338 0.8660 -0.4420
vn 0.7600 -0.6346 0.1404
vn 0.4498 -0.8866 0.1075
vn 0.5257 -0.8488 0.0563
vn -0.1639 0.5693 0.8056
vn -0.0506 0.3313 0.9422
vn 0.1514 0.4027 0.9027
vn -0.1888 0.8643 0.4662
vn -0.0984 0.8630 0.4955
vn -0.2490 0.8799 0.4047
vn 0.3557 0.1560 0.9215
vn 0.1821 0.8624 0.4723
vn 0.2610 0.8639 0.4307
vn -0.1392 0.3270 -0.9347
vn 0.0081 0.2757 -0.9612
vn -0.3876 0.3004 -0.8715
vn -0.0811 0.8627 -0.4992
vn -0.2121 0.8652 -0.4543
vn -0.0006 0.8722 -0.4891
vn 0.1565 0.6285 -0.7619
vn 0.3375 0.2897 -0.8956
vn 0.1823 0.3263 -0.9275
vn 0.1799 0.8769 -0.4457
vn 0.2233 0.8651 -0.4491
vn 0.2955 0.8684 -0.3983
vn -0.3793 -0.4370 -0.8156
vn -0.0902 0.0630 -0.9939
vn -0.0966 -0.4818 -0.8709
vn -0.4968 0.0956 -0.8626
vn 0.2201 -0.3560 -0.9082
vn -0.0847 -0.5370 -0.8393
vn -0.2588 -0.2404 0.9355
vn -0.0013 -0.5286 0.8489
vn 0.0715 -0.0207 0.9972
vn 0.3388 -0.3181 0.8854
vn 0.1968 -0.5272 0.8266
vn -0.3204 -0.4400 -0.8389
vn -0.0140 -0.1047 -0.9944
vn -0.0445 -0.6213 -0.7823
vn -0.3736 0.2380 -0.8965
vn 0.2204 -0.5832 -0.7818
vn 0.4414 -0.2777 -0.8533
vn -0.2774 0.4499 -0.8489
vn -0.0881 0.9625 -0.2567
vn 0.0353 0.7085 -0.7048
vn 0.2657 0.0742 -0.9612
vn -0.1302 0.4142 0.9008
vn -0.5191 0.0683 0.8520
vn 0.0082 0.5675 0.8233
vn 0.2400 0.1839 0.9532
vn -0.0366 0.7873 -0.6155
vn 0.3530 0.6558 0.6673
vn -0.1626 0.3460 -0.9240
vn 0.0695 0.7456 -0.6628
vn -0.0283 0.9592 -0.2813
vn 0.1637 0.8976 -0.4093
vn 0.1526 0.1404 -0.9783
vn -0.8075 -0.3929 0.4399
vn -0.6355 -0.6467 0.4217
vn -0.7888 -0.2512 0.5610
vn -0.7189 -0.4334 -0.5434
vn 0.2025 -0.9629 0.1784
vn -0.0575 -0.9965 -0.0600
vn 0.0196 -0.9865 0.1629
vn -0.0853 -0.9864 0.1404
vn 0.0182 -0.9754 0.2198
vn -0.3161 0.9268 -0.2028
vn -0.7349 0.5150 -0.4412
vn -0.4938 0.8331 -0.2492
vn 0.2238 -0.9651 -0.1358
vn 0.7424 -0.2074 -0.6370
vn 0.6389 -0.6768 -0.3657
vn 0.0254 -0.6302 0.7760
vn -0.6658 -0.6573 -0.3530
vn -0.3050 -0.9465 -0.1058
vn 0.0821 -0.9817 0.1719
vn -0.0182 -0.9838 0.1784
vn 0.0169 -0.9770 0.2127
vn 0.3388 -0.9165 -0.2126
vn 0.6037 -0.5520 -0.5752
vn -0.9025 -0.1257 -0.4120
vn -0.6904 -0.0731 -0.7197
vn 0.8971 -0.1208 -0.4250
vn -0.7490 0.1568 -0.6438
vn -0.7493 -0.0906 -0.6560
vn -0.8525 -0.1219 -0.5083
vn 0.8046 0.1921 -0.5619
vn -0.1815 0.3346 0.9247
vn 0.0600 0.1128 0.9918
vn 0.0142 0.5877 0.8090
vn 0.0400 0.0152 0.9991
vn 0.3697 0.0351 0.9285
vn 0.7671 -0.0930 -0.6347
vn 0.7839 -0.5334 -0.3179
vn -0.7730 0.3172 -0.5494
vn -0.4254 0.3301 -0.8427
vn -0.6028 0.3214 -0.7303
vn -0.4941 -0.7657 -0.4118
vn -0.5263 -0.6597 -0.5365
vn -0.3772 -0.8075 -0.4535
vn -0.3568 -0.6578 -0.6633
vn -0.3516 -0.8591 -0.3719
vn -0.4195 -0.7648 -0.4891
vn -0.4761 -0.7518 -0.4562
vn -0.5292 -0.7687 -0.3594
vn -0.1815 0.8474 -0.4990
vn -0.3342 0.8812 -0.3343
vn -0.2871 0.8686 -0.4039
vn 0.8483 0.2904 -0.4428
vn 0.5668 0.3093 -0.7636
vn 0.7126 0.3314 -0.6184
vn -0.5493 0.7454 0.3776
vn -0.4437 0.8360 0.3230
vn -0.5330 0.8090 0.2480
vn 0.8540 0.2563 0.4528
vn 0.8210 -0.2111 0.5305
vn 0.8824 -0.2254 0.4130
vn 0.7988 0.2961 -0.5237
vn 0.5901 0.2920 -0.7527
vn 0.7289 0.3304 -0.5996
vn 0.3441 0.8740 -0.3431
vn 0.4211 0.8679 -0.2634
vn 0.4788 0.0529 -0.8763
vn 0.7067 0.0252 -0.7071
vn 0.8195 0.0443 -0.5714
vn 0.6031 -0.0106 -0.7976
vn 0.4071 0.0310 0.9129
vn 0.0607 0.0618 0.9962
vn 0.1066 0.0221 0.9941
vn -0.0224 0.3859 -0.9223
vn 0.2849 0.5324 -0.7971
vn 0.2682 0.3248 -0.9069
vn -0.1086 0.9737 0.2005
vn -0.2145 0.8639 0.4558
vn 0.0360 0.8809 0.4718
vn -0.3889 0.5125 -0.7656
vn 0.0107 0.5213 -0.8533
vn 0.4030 0.3996 -0.8234
vn -0.0053 0.8111 -0.5849
vn -0.2608 0.5684 -0.7804
vn 0.1947 -0.1882 -0.9626
vn -0.2069 -0.2087 -0.9558
vn 0.2056 -0.0821 -0.9752
vn -0.7414 -0.6526 -0.1564
vn -0.7992 -0.5975 -0.0655
vn -0.9805 -0.1439 -0.1340
vn -0.9343 -0.2493 -0.2547
vn -0.1191 0.0432 -0.9919
vn 0.1350 0.0555 -0.9893
vn 0.2285 -0.6591 0.7165
vn 0.0880 -0.9394 0.3313
vn 0.1528 -0.6332 0.7588
vn -0.5566 -0.2734 -0.7845
vn -0.6462 -0.5222 -0.5566
vn -0.3776 -0.5413 -0.7513
vn -0.3710 -0.2425 -0.8964
vn -0.1648 -0.5024 -0.8488
vn -0.4181 -0.2974 -0.8583
vn -0.4163 -0.5290 -0.7395
vn -0.0286 -0.3070 -0.9513
vn 0.2387 -0.5429 -0.8052
vn 0.3243 -0.2972 -0.8980
vn -0.6684 -0.4841 -0.5647
vn -0.7110 0.0865 -0.6978
vn 0.0473 -0.3037 -0.9516
vn 0.2948 -0.5411 -0.7876
vn 0.5715 -0.5374 -0.6202
vn 0.4764 -0.3553 -0.8042
vn 0.6873 -0.4976 -0.5292
vn 0.7197 0.0900 -0.6884
vn -0.5863 -0.4317 -0.6855
vn -0.8168 -0.1469 -0.5579
vn -0.6303 -0.0487 -0.7748
vn -0.5120 -0.7396 -0.4369
vn 0.6948 -0.1311 -0.7072
vn 0.7463 0.1570 -0.6468
vn 0.8687 -0.1304 -0.4779
vn -0.4135 0.7419 -0.5279
vn -0.7561 0.4451 -0.4798
vn 0.1838 0.9159 0.3569
vn 0.0112 0.8854 0.4647
vn -0.1054 0.9924 -0.0634
vn -0.1570 0.9481 0.2766
vn -0.0146 0.9362 0.3513
vn -0.1786 0.9202 0.3484
vn -0.0513 0.9854 0.1624
vn 0.2100 0.7577 -0.6179
vn 0.3089 0.7320 -0.6073
vn 0.4803 0.3943 -0.7835
vn 0.6520 0.5127 -0.5586
vn -0.3429 0.9162 -0.2075
vn -0.2773 0.8056 -0.5236
vn -0.4950 0.6361 -0.5918
vn 0.0471 0.9902 0.1311
vn 0.2557 0.9267 0.2755
vn 0.0907 0.9497 0.2999
vn -0.0934 0.9915 -0.0909
vn -0.9445 0.3217 0.0663
vn -0.8727 0.4859 0.0477
vn -0.8875 0.4126 -0.2050
vn -0.9474 0.2880 -0.1398
vn 0.0381 0.9759 -0.2147
vn -0.1162 0.9150 0.3864
vn 0.6115 0.7072 -0.3549
vn 0.4516 0.6093 -0.6518
vn 0.3117 0.9004 -0.3036
vn 0.3285 0.1036 -0.9388
vn -0.7212 -0.6654 -0.1926
vn -0.1991 -0.9722 0.1235
vn -0.1972 -0.9764 0.0884
vn 0.3657 -0.9284 -0.0656
vn 0.1615 -0.9832 0.0847
vn 0.1498 -0.9735 0.1725
vn 0.2112 -0.9772 0.0196
vn -0.1299 -0.9784 0.1610
vn -0.0950 -0.9853 0.1417
vn -0.1170 -0.9928 0.0253
vn 0.5912 -0.8034 -0.0709
vn 0.8155 0.0598 0.5756
vn 0.9974 0.0404 0.0604
vn 0.8755 -0.0560 0.4800
vn 0.9744 0.1321 -0.1822
vn 0.9633 0.1555 -0.2187
vn -0.9385 -0.2170 -0.2687
vn 0.9088 -0.0423 -0.4152
vn 0.9620 -0.2532 -0.1025
vn 0.9162 0.2786 -0.2881
vn 0.7132 0.5489 -0.4358
vn -0.0254 -0.9710 -0.2379
vn -0.1490 -0.9429 -0.2979
vn -0.1002 -0.8849 -0.4549
vn 0.0299 -0.9345 -0.3546
vn -0.6676 0.3045 -0.6794
vn -0.8845 0.2906 -0.3648
vn -0.8350 0.3361 -0.4356
vn 0.7023 0.6931 -0.1623
vn -0.6351 0.4558 -0.6236
vn -0.4080 0.0607 0.9110
vn -0.0468 0.0641 0.9969
vn -0.4270 0.0595 0.9023
vn 0.6318 0.5444 -0.5518
vn 0.8380 0.4585 -0.2959
vn -0.8691 -0.4927 0.0428
vn -0.7798 -0.6122 0.1311
vn -0.9665 -0.2218 0.1296
vn -0.2941 0.8687 -0.3985
vn -0.4923 0.8525 -0.1756
vn 0.3562 -0.4844 -0.7990
vn -0.3288 -0.4867 -0.8093
vn -0.0869 -0.4124 -0.9069
vn 0.6235 -0.0509 -0.7801
vn 0.8803 0.0130 -0.4742
vn 0.8871 -0.0595 -0.4578
vn 0.8997 -0.1455 -0.4115
vn 0.6202 -0.1452 -0.7709
vn 0.5904 0.6926 -0.4144
vn 0.2906 0.8370 -0.4637
vn 0.4514 0.8814 -0.1395
vn 0.1088 0.9674 -0.2285
vn -0.3965 0.8176 -0.4174
vn -0.0990 0.8031 -0.5875
vn -0.1890 0.9486 -0.2539
vn 0.0106 0.9296 -0.3684
vn 0.5394 0.8314 -0.1337
vn 0.6046 -0.7254 -0.3290
vn 0.9139 -0.3768 -0.1513
vn 0.6262 -0.7296 -0.2748
vn 0.2311 -0.3346 -0.9136
vn -0.8771 -0.2789 0.3910
vn 0.2998 0.9180 0.2596
vn 0.1882 0.9758 0.1112
vn 0.5579 0.8267 0.0727
vn -0.5612 -0.4243 -0.7107
vn -0.5830 -0.2819 -0.7620
vn -0.2877 -0.2716 -0.9184
vn -0.0171 -0.3924 -0.9196
vn 0.4739 -0.4212 -0.7733
vn 0.5914 -0.2831 -0.7551
vn 0.8130 -0.4297 -0.3929
vn 0.1633 -0.2922 -0.9423
vn 0.3317 -0.1352 -0.9337
vn -0.5860 -0.3413 -0.7349
vn -0.8539 -0.1592 -0.4955
vn -0.6232 -0.1360 -0.7701
vn 0.6483 -0.1080 -0.7537
vn 0.6341 -0.3440 -0.6925
vn 0.4999 -0.1917 -0.8446
vn -0.0089 -0.0868 -0.9962
vn -0.1981 -0.1649 -0.9662
vn 0.5192 -0.0522 -0.8531
vn -0.6830 -0.0137 -0.7303
vn -0.4483 -0.0841 -0.8899
vn -0.3885 -0.8145 0.4310
vn -0.5856 -0.4623 0.6659
vn -0.5897 -0.5967 0.5443
vn 0.9236 -0.1068 -0.3682
vn 0.7229 -0.1304 -0.6786
vn 0.8092 -0.0198 -0.5871
vn 0.4164 -0.9003 -0.1269
vn -0.8968 -0.0523 -0.4394
vn -0.8751 0.0434 -0.4820
vn -0.0284 0.9928 -0.1168
vn -0.0708 0.9842 -0.1622
vn -0.0729 0.9842 -0.1614
vn 0.5279 -0.6934 -0.4903
vn 0.4072 -0.7703 -0.4907
vn 0.4988 -0.6552 -0.5674
vn -0.8584 -0.3004 -0.4158
vn -0.9208 -0.3895 0.0188
vn -0.9716 -0.2153 -0.0978
vn 0.1345 0.0012 0.9909
vn -0.3120 -0.0408 0.9492
vn 0.0629 -0.1336 0.9890
vn -0.3451 0.4623 0.8168
vn -0.1745 0.8103 0.5595
vn -0.0861 0.9773 0.1936
vn -0.1285 0.9378 0.3224
vn -0.2194 0.9298 0.2954
vn -0.6659 0.4046 -0.6268
vn -0.8121 0.0005 -0.5835
vn -0.8091 0.0009 -0.5877
vn -0.7230 0.0007 -0.6908
vn -0.4415 -0.0213 -0.8970
vn -0.0434 0.0531 -0.9976
vn -0.1867 0.0600 -0.9806
vn 0.9044 0.0529 0.4233
vn 0.9715 0.0594 0.2295
vn 0.5714 -0.3783 -0.7282
vn 0.6714 -0.2545 -0.6960
vn 0.3132 0.0031 -0.9497
vn 0.2582 0.0626 -0.9641
vn -0.0181 0.0523 -0.9985
vn -0.0039 0.0246 -0.9997
vn -0.1417 -0.1140 -0.9833
vn 0.3782 -0.0029 -0.9257
vn 0.3979 0.0391 -0.9166
vn 0.4173 0.0568 -0.9070
vn 0.0932 0.0455 -0.9946
vn -0.0143 0.0572 -0.9983
vn -0.4025 -0.0090 -0.9154
vn 0.3675 -0.0964 -0.9250
vn 0.6966 -0.0668 -0.7143
vn -0.5142 -0.3488 -0.7836
vn -0.6067 -0.0602 -0.7926
vn -0.8088 -0.2616 -0.5266
vn -0.1341 -0.3722 -0.9184
vn -0.0474 -0.0566 -0.9973
vn -0.6469 -0.1709 -0.7432
vn -0.5823 -0.3463 -0.7355
vn 0.2389 -0.2565 -0.9366
vn -0.0257 -0.1222 -0.9922
vn 0.6713 -0.1296 -0.7298
vn -0.3457 -0.9160 -0.2035
vn -0.1977 -0.9135 -0.3556
vn -0.2937 -0.9200 -0.2593
vn -0.6271 -0.4961 -0.6006
vn -0.1894 -0.5597 -0.8068
vn -0.1090 -0.9001 -0.4218
vn -0.1699 -0.8015 -0.5733
vn 0.0046 -0.9251 -0.3797
vn 0.5008 -0.7905 -0.3526
vn 0.7109 -0.3596 -0.6043
vn 0.3092 -0.5766 -0.7563
vn 0.2997 -0.3950 -0.8684
vn -0.3530 -0.9134 -0.2027
vn -0.1977 -0.9067 -0.3724
vn -0.4311 -0.7866 -0.4421
vn -0.3570 -0.8563 -0.3733
vn -0.7408 -0.5042 -0.4439
vn -0.2009 -0.8764 -0.4377
vn -0.8503 -0.0872 -0.5190
vn -0.0451 -0.8470 -0.5296
vn -0.1549 -0.6530 -0.7414
vn 0.1751 -0.9153 -0.3627
vn -0.0286 -0.9079 -0.4183
vn 0.7384 -0.2928 -0.6074
vn 0.8268 -0.3289 -0.4563
vn 0.6253 -0.4852 -0.6112
vn 0.2774 -0.8954 -0.3483
vn 0.3597 -0.9154 -0.1807
vn 0.3423 -0.9254 -0.1624
vn -0.7988 -0.3060 -0.5179
vn -0.8084 -0.5287 -0.2587
vn 0.9128 -0.3022 -0.2746
vn 0.7112 -0.3010 -0.6352
vn 0.8570 -0.2737 -0.4365
vn 0.8932 -0.2954 -0.3390
vn 0.6493 -0.2857 -0.7049
vn 0.8796 -0.2828 -0.3826
vn 0.5403 -0.5360 -0.6487
vn -0.6531 -0.7161 -0.2464
vn -0.9476 0.0386 -0.3171
vn -0.8769 0.2331 -0.4205
vn 0.6386 -0.7040 -0.3108
vn 0.8400 -0.5280 -0.1250
vn 0.6820 -0.6623 -0.3103
vn 0.9241 0.0106 -0.3819
vn -0.6974 -0.6102 -0.3759
vn -0.9308 -0.2092 -0.2998
vn -0.6469 -0.7352 -0.2026
vn 0.9261 0.1198 -0.3578
vn 0.3215 0.9285 0.1857
vn 0.5443 0.8086 0.2233
vn 0.3268 0.8008 0.5020
vn -0.3092 0.9309 0.1946
vn -0.3938 0.8919 0.2226
vn -0.2057 0.9777 0.0426
vn -0.0346 0.9994 0.0048
vn 0.7594 0.6106 -0.2247
vn 0.8235 0.4085 -0.3938
vn -0.3142 0.9430 -0.1099
vn -0.8476 0.1532 -0.5081
vn 0.2974 0.9485 0.1095
vn -0.4290 0.7993 0.4207
vn -0.2914 0.9031 0.3154
vn -0.1141 0.8362 0.5364
vn -0.4341 0.8951 0.1017
vn -0.2110 0.9612 0.1777
vn 0.5290 0.8483 -0.0243
vn 0.1783 -0.9839 0.0151
vn -0.2024 -0.9782 -0.0471
vn 0.2293 -0.9724 -0.0421
vn 0.1889 -0.9710 0.1467
vn 0.2435 -0.9698 0.0109
vn -0.7295 -0.6839 0.0006
vn -0.2061 -0.9767 0.0597
vn 0.1499 -0.9887 0.0005
vn -0.1747 -0.9841 0.0328
vn -0.7279 0.0534 -0.6836
vn -0.7142 -0.0018 -0.7000
vn -0.9153 0.0268 -0.4018
vn -0.9140 -0.4037 0.0392
vn -0.9910 -0.1320 -0.0240
vn -0.9635 0.1482 -0.2231
vn -0.9921 -0.0970 -0.0800
vn 0.9056 0.4240 -0.0136
vn 0.5249 0.8494 0.0541
vn 0.4348 0.8840 -0.1717
vn -0.9522 0.3048 -0.0188
vn -0.9416 0.3308 -0.0633
vn 0.9323 0.3204 -0.1676
vn 0.9556 0.2791 0.0947
vn 0.9130 0.2988 -0.2777
vn 0.8134 0.4300 -0.3919
vn 0.9223 0.3482 -0.1676
vn -0.8485 0.5286 0.0233
vn -0.4771 0.8751 0.0813
vn -0.9108 0.3541 -0.2123
vn -0.1849 0.9778 -0.0984
vn -0.8074 -0.4543 -0.3765
vn 0.2244 0.9741 0.0267
vn 0.1977 0.9644 -0.1758
vn 0.8975 -0.4395 0.0365
vn 0.7387 -0.4902 -0.4625
vn 0.8764 -0.3926 -0.2790
vn 0.5223 0.8409 0.1417
vn 0.8061 0.5860 -0.0820
vn -0.5011 0.8558 0.1288
vn -0.3019 0.9489 -0.0921
vn -0.5762 0.7824 -0.2363
vn 0.1854 0.7836 -0.5930
vn 0.2280 0.8421 -0.4887
vn 0.3091 0.7781 -0.5469
vn -0.7905 0.4812 -0.3789
vn -0.8631 0.5000 -0.0708
vn 0.8856 -0.4209 0.1963
vn 0.8911 -0.3134 -0.3282
vn 0.8550 -0.1991 -0.4790
vn 0.9609 -0.2107 -0.1794
vn -0.8626 -0.2935 -0.4119
vn -0.8500 -0.4562 -0.2633
vn 0.8711 -0.0730 -0.4856
vn -0.9505 -0.3106 -0.0125
vn -0.9874 -0.1045 -0.1190
vn 0.9785 -0.2061 0.0028
vn 0.9957 -0.0653 -0.0656
vn 0.9134 -0.0111 -0.4069
vn -0.9959 -0.0821 -0.0379
vn -0.9823 0.0020 -0.1871
vn -0.4260 0.0483 0.9035
vn -0.1547 0.0678 0.9856
vn 0.7893 -0.3552 0.5009
vn 0.9174 -0.2206 0.3312
vn -0.9921 -0.0541 -0.1131
vn -0.7777 -0.6273 -0.0410
vn -0.9741 -0.1589 0.1608
vn 0.0972 0.1296 -0.9868
vn -0.0704 -0.0223 -0.9973
vn -0.2402 0.1793 -0.9540
vn -0.7653 -0.6270 0.1455
vn -0.7755 -0.6122 0.1544
vn -0.6924 -0.7162 0.0870
vn -0.8301 0.0612 -0.5543
vn -0.9859 0.0541 -0.1586
vn -0.8278 0.0373 -0.5597
vn -0.5406 0.3292 0.7742
vn -0.7271 0.2826 0.6257
vn -0.3789 0.2756 0.8834
vn 0.9322 0.0162 -0.3615
vn 0.9948 0.0397 0.0942
vn 0.9725 0.0593 -0.2254
vn 0.0015 -1.0000 -0.0005
vn 0.0010 -1.0000 -0.0019
vn 0.0648 -0.9968 -0.0459
vn -0.9980 -0.0219 0.0596
vn 0.9103 -0.1504 -0.3855
vn -0.6964 0.0425 -0.7164
vn -0.8869 0.0199 -0.4615
vn -0.8585 0.1159 0.4995
vn -0.6310 0.7153 0.3003
vn -0.9597 0.1467 0.2398
vn -0.8645 -0.3740 -0.3358
vn -0.9319 -0.3592 0.0512
vn -0.9933 -0.0096 0.1153
vn -0.9137 -0.0555 0.4026
vn -0.9217 -0.3528 -0.1613
vn -0.9821 -0.0373 -0.1846
vn 0.9296 -0.0977 -0.3555
vn -0.3753 -0.9254 -0.0531
vn -0.3643 -0.9246 -0.1111
vn -0.5524 -0.8262 0.1109
vn -0.8149 -0.5412 -0.2073
vn 0.5878 -0.7722 -0.2412
vn 0.9617 -0.2455 0.1216
vn 0.9217 -0.3872 0.0232
vn 0.3136 -0.9243 -0.2176
vn 0.5124 -0.8397 -0.1798
vn 0.3327 -0.9430 0.0070
vn -0.4317 -0.8988 -0.0755
vn -0.4380 -0.8987 0.0201
vn -0.8472 -0.4887 -0.2086
vn 0.9445 -0.3284 0.0097
vn 0.8203 -0.5625 -0.1036
vn -0.9442 -0.3142 -0.0988
vn 0.9575 -0.2750 -0.0874
vn -0.9521 -0.2760 0.1321
vn -0.9081 -0.2799 -0.3115
vn -0.9525 -0.3000 0.0532
vn -0.9998 0.0056 0.0174
vn -0.8875 -0.4493 -0.1024
vn 0.9962 -0.0102 -0.0861
vn 0.6506 -0.7582 -0.0433
vn -0.8567 -0.5075 -0.0923
vn -0.9963 0.0057 0.0856
vn -0.6691 -0.7362 0.1011
vn 0.6847 -0.7288 -0.0049
vn -0.9621 0.2507 -0.1076
vn -0.2131 0.9769 -0.0167
vn -0.3089 0.9477 0.0799
vn -0.4544 0.8874 -0.0780
vn -0.5916 0.8053 -0.0400
vn 0.9746 0.2234 0.0184
vn -0.9656 0.2589 0.0256
vn -0.9566 0.1070 -0.2709
vn 0.0207 -0.9898 0.1410
vn 0.0988 -0.9804 0.1707
vn 0.1949 -0.9486 0.2492
vn 0.1808 -0.9135 0.3645
vn 0.1036 -0.9459 0.3076
vn 0.0318 -0.9560 0.2917
vn -0.6574 0.7304 -0.1854
vn -0.3272 0.9441 -0.0395
vn 0.4435 0.8753 0.1926
vn -0.5599 0.8240 0.0874
vn -0.3025 0.9531 -0.0071
vn 0.9750 0.1661 -0.1479
vn -0.3676 -0.9236 0.1088
vn -0.4273 -0.9040 0.0162
vn -0.2121 -0.9514 0.2232
vn 0.1771 -0.9778 -0.1117
vn -0.5072 -0.8607 0.0433
vn -0.2156 -0.9668 -0.1373
vn 0.1907 -0.9732 0.1282
vn 0.1562 -0.9750 -0.1578
vn -0.2135 -0.9560 -0.2010
vn -0.2457 -0.9484 -0.2005
vn 0.1607 -0.9866 0.0290
vn 0.6856 -0.7135 0.1443
vn -0.9438 -0.1337 0.3022
vn -0.9524 0.0420 0.3020
vn -0.9614 -0.1947 0.1946
vn 0.9763 -0.1310 0.1721
vn 0.9585 0.1701 0.2286
vn 0.8822 0.4662 0.0665
vn 0.4783 0.8735 -0.0905
vn 0.6546 0.7186 0.2347
vn 0.5145 0.8501 0.1124
vn 0.9279 0.3027 0.2175
vn 0.9511 0.2946 -0.0928
vn 0.9200 0.3711 0.1263
vn 0.8601 0.5080 0.0466
vn -0.7806 0.5511 0.2948
vn -0.8862 0.3193 0.3357
vn 0.7736 0.5617 0.2932
vn -0.8263 0.5180 0.2210
vn -0.8362 -0.4272 0.3440
vn 0.5284 0.8173 0.2297
vn 0.7932 0.4777 0.3776
vn 0.2709 0.9605 0.0642
vn -0.6923 -0.3931 0.6052
vn -0.9429 -0.1705 0.2861
vn -0.9236 -0.3602 0.1310
vn -0.8291 -0.4662 0.3088
vn 0.7211 -0.3397 0.6039
vn 0.7411 -0.4529 0.4956
vn 0.9302 -0.2945 0.2192
vn 0.9809 0.0593 -0.1852
vn 0.9957 0.0555 0.0740
vn -0.8422 -0.3450 0.4143
vn 0.9728 -0.1404 0.1845
vn -0.9337 -0.1711 0.3145
vn 0.2727 0.8762 -0.3973
vn 0.0642 0.9908 -0.1190
vn 0.2657 0.9581 -0.1069
vn 0.9631 0.0130 0.2688
vn 0.8727 -0.0565 0.4850
vn 0.8541 -0.3756 -0.3598
vn 0.8782 -0.2803 -0.3876
vn 0.9436 -0.0724 -0.3229
vn 0.9053 -0.3247 -0.2737
vn -0.2116 -0.9708 0.1130
vn -0.0559 -0.9982 0.0206
vn -0.0006 -1.0000 0.0002
vn 0.6801 -0.6767 0.2818
vn 0.8016 -0.5264 0.2835
vn 0.4100 0.7227 0.5565
vn 0.2361 0.9384 0.2522
vn 0.2573 0.8455 0.4679
vn -0.8903 0.0407 0.4536
vn -0.9984 0.0483 -0.0281
vn -0.9855 0.0239 0.1677
vn -0.3268 -0.0773 0.9419
vn -0.5954 -0.0376 0.8026
vn -0.6520 -0.2077 0.7292
vn 0.2313 0.7855 0.5740
vn 0.1652 0.8592 0.4842
vn 0.1340 0.8127 0.5671
vn 0.8260 0.0549 0.5610
vn 0.9195 0.0563 0.3891
vn -0.1743 0.9310 0.3207
vn -0.2784 0.8440 0.4585
vn -0.2930 0.8477 0.4422
vn 0.7364 0.0395 0.6754
vn 0.8196 0.0529 0.5705
vn -0.9672 -0.2539 0.0046
vn -0.9686 0.0397 0.2455
vn -0.8520 -0.1524 0.5009
vn -0.5258 -0.8058 0.2724
vn 0.9293 -0.0751 0.3617
vn 0.7228 -0.1643 0.6713
vn 0.9982 -0.0429 -0.0412
vn -0.9426 -0.0866 0.3226
vn -0.8803 -0.0545 0.4714
vn -0.7288 -0.2140 0.6505
vn 0.7417 -0.2957 0.6020
vn 0.9558 -0.2090 0.2066
vn 0.8425 -0.3476 0.4115
vn 0.9994 -0.0038 0.0355
vn 0.8388 -0.4977 0.2205
vn 0.7935 -0.5587 0.2412
vn 0.3774 -0.9114 0.1639
vn 0.3663 -0.9116 0.1866
vn -0.6696 -0.6285 0.3959
vn -0.6522 -0.6535 0.3841
vn -0.6504 -0.6561 0.3829
vn -0.9359 -0.3474 0.0585
vn -0.9143 -0.0081 0.4051
vn -0.9005 -0.3096 0.3055
vn -0.9562 -0.2859 0.0624
vn -0.8720 -0.2827 0.3995
vn 0.8661 -0.3032 0.3975
vn 0.9492 -0.3043 0.0797
vn 0.7933 -0.5305 0.2986
vn -0.2032 -0.2239 0.9532
vn -0.2180 -0.3761 0.9006
vn -0.1142 -0.0528 0.9921
vn 0.9136 -0.3434 0.2179
vn -0.8577 -0.4832 0.1759
vn 0.8729 -0.4668 0.1419
vn 0.9980 0.0082 0.0620
vn 0.3058 0.9456 -0.1111
vn 0.4846 0.8742 -0.0289
vn 0.3012 -0.9102 -0.2844
vn 0.3477 -0.9151 -0.2044
vn 0.4271 -0.9032 -0.0436
vn 0.8518 0.3096 0.4226
vn 0.0157 0.9999 0.0008
vn -0.4868 0.8629 0.1355
vn -0.3212 0.9228 0.2130
vn 0.2547 0.9623 -0.0956
vn 0.4121 0.9100 -0.0455
vn 0.3285 0.9287 -0.1722
vn -0.5387 0.8173 -0.2046
vn -0.4424 0.8867 -0.1345
vn -0.2103 0.9690 -0.1298
vn 0.9594 0.2062 0.1926
vn 0.4415 0.8923 0.0947
vn 0.5432 0.8340 -0.0966
vn -0.5249 -0.7877 0.3226
vn 0.1256 -0.9756 -0.1800
vn 0.1110 -0.9768 -0.1831
vn 0.5715 -0.7710 0.2810
vn 0.8744 -0.2103 0.4373
vn 0.8922 -0.4367 0.1152
vn -0.1775 0.8741 -0.4522
vn -0.2364 0.8387 -0.4906
vn -0.2481 0.8437 -0.4761
vn -0.6530 -0.6993 0.2907
vn 0.0521 -0.9923 0.1128
vn 0.4603 -0.7997 0.3856
vn -0.8200 -0.1959 0.5378
vn 0.9802 -0.1602 0.1160
vn 0.9052 0.2709 0.3274
vn -0.8751 -0.0936 0.4749
vn 0.8003 -0.4417 0.4056
vn 0.9087 0.0405 0.4155
vn 0.8443 0.1767 0.5060
vn 0.6556 -0.1405 0.7419
vn 0.3314 -0.1557 0.9305
vn 0.5803 -0.3451 0.7377
vn 0.8305 0.2789 0.4823
vn 0.9051 0.3233 0.2761
vn 0.3562 -0.9150 -0.1896
vn 0.2862 -0.9236 -0.2552
vn -0.4244 0.5738 0.7004
vn -0.4711 0.8018 0.3677
vn -0.7007 0.4299 0.5694
vn -0.1581 0.8811 0.4458
vn -0.3082 0.9263 0.2166
vn -0.3254 -0.4707 0.8201
vn 0.0617 0.9458 0.3187
vn 0.2935 0.8470 0.4433
vn -0.0685 0.9887 0.1336
vn 0.3154 -0.4549 0.8328
vn 0.0033 -0.3169 0.9485
vn 0.5764 0.5630 0.5923
vn 0.8262 0.3440 0.4461
vn -0.5573 0.6327 0.5378
vn -0.3806 0.5549 0.7398
vn -0.1913 0.8751 0.4446
vn -0.1929 0.9671 0.1656
vn -0.2024 0.9708 0.1286
vn -0.2978 0.9185 0.2601
vn 0.4837 0.6695 0.5638
vn 0.2383 0.9106 0.3376
vn 0.1442 0.7500 0.6455
vn 0.7250 0.3453 0.5959
vn -0.3718 -0.2615 0.8907
vn -0.6992 -0.1712 0.6941
vn 0.4116 -0.2684 0.8709
vn -0.3064 -0.3180 0.8972
vn -0.5226 -0.3934 0.7564
vn -0.0164 -0.4555 0.8901
vn 0.5046 -0.4452 0.7397
vn 0.1031 -0.3264 0.9396
vn 0.5268 -0.2955 0.7970
vn 0.7135 -0.1509 0.6842
vn -0.8939 -0.0500 0.4454
vn 0.7452 -0.1498 0.6498
vn -0.8407 -0.0808 0.5354
vn -0.4798 0.8769 -0.0285
vn -0.5436 0.8308 0.1198
vn -0.3511 0.9349 0.0512
vn -0.9055 0.3040 0.2960
vn -0.8370 -0.4238 0.3461
vn -0.7300 -0.1068 0.6751
vn -0.9719 -0.0329 0.2331
vn 0.9274 -0.0493 0.3709
vn -0.2989 0.2701 -0.9153
vn -0.2042 0.2970 -0.9328
vn -0.2451 -0.0894 -0.9654
vn -0.3812 0.0054 -0.9245
vn -0.8213 0.0094 0.5704
vn 0.5974 -0.0557 0.8000
vn 0.7826 0.0316 0.6217
vn 0.5091 0.0066 0.8607
vn -0.9351 0.0370 0.3524
vn -0.7464 0.0529 0.6634
vn -0.9323 0.0506 0.3581
vn 0.7196 -0.6858 -0.1086
vn 0.9523 -0.2179 -0.2136
vn 0.8464 -0.4804 -0.2297
vn 0.3863 -0.5880 0.7107
vn 0.3986 -0.5935 0.6991
vn 0.2447 -0.8129 0.5285
vn -0.7043 0.0629 0.7071
vn -0.7795 0.0346 0.6255
vn -0.9069 0.0570 0.4175
vn -0.8426 0.0480 0.5364
vn -0.2288 -0.9555 0.1863
vn -0.0023 -1.0000 0.0030
vn -0.3512 0.0639 0.9341
vn -0.4201 0.9065 0.0425
vn -0.4227 0.9062 0.0086
vn -0.5633 0.8256 -0.0338
vn -0.8348 0.0118 -0.5505
vn -0.5168 -0.0443 -0.8550
vn -0.7064 0.0477 -0.7062
vn -0.6535 0.4078 0.6376
vn -0.8054 0.2938 0.5148
vn -0.5698 0.2857 0.7705
vn -0.7998 -0.4646 0.3802
vn -0.9231 0.0216 0.3840
vn -0.8174 0.0412 0.5746
vn -0.5309 -0.0993 0.8416
vn 0.6629 -0.0028 0.7487
vn -0.2088 -0.0806 0.9746
vn -0.0198 0.0281 0.9994
vn 0.1309 -0.0999 0.9863
vn -0.6258 -0.1463 0.7661
vn -0.4024 -0.0028 0.9155
vn -0.2335 -0.0263 0.9720
vn 0.0166 0.0115 0.9998
vn 0.3147 -0.0217 0.9489
vn 0.1476 -0.1962 0.9694
vn -0.6130 -0.3403 0.7130
vn 0.4902 -0.3139 0.8131
vn 0.1285 -0.1954 0.9723
vn 0.3994 -0.0190 0.9166
vn -0.2618 -0.4562 0.8505
vn -0.3913 -0.3008 0.8697
vn 0.5576 -0.1078 0.8231
vn 0.3878 -0.3807 0.8394
vn -0.1880 -0.9165 0.3531
vn -0.3324 -0.8868 0.3211
vn -0.3395 -0.9278 0.1546
vn -0.4232 -0.6291 0.6520
vn -0.3551 -0.6843 0.6369
vn 0.2204 -0.8129 0.5391
vn 0.0895 -0.8385 0.5375
vn 0.5848 -0.3315 0.7403
vn 0.2429 -0.9256 0.2903
vn -0.6726 -0.6239 0.3979
vn -0.3192 -0.8987 0.3008
vn -0.3258 -0.9256 0.1927
vn -0.3798 -0.9194 0.1017
vn -0.3960 -0.8387 0.3738
vn 0.1599 -0.3523 0.9221
vn 0.4699 -0.5759 0.6690
vn -0.6903 -0.2977 0.6595
vn -0.5891 -0.5297 0.6102
vn -0.1176 -0.9840 0.1340
vn 0.1935 -0.9674 -0.1637
vn 0.1338 -0.9906 -0.0289
vn -0.6908 -0.2982 0.6587
vn -0.8074 -0.2823 0.5181
vn -0.8591 -0.2970 0.4168
vn -0.8993 -0.1550 0.4090
vn 0.5773 -0.6791 0.4533
vn 0.6250 -0.5247 0.5780
vn -0.7897 -0.4398 0.4278
vn 0.6642 -0.4715 0.5801
vn 0.6336 -0.7208 0.2811
vn 0.6548 -0.6938 0.2999
vn 0.4354 0.8468 -0.3055
vn 0.3152 0.8598 -0.4018
vn 0.4796 0.7977 -0.3655
vn 0.8887 0.0387 0.4568
vn 0.7652 0.0569 0.6413
vn 0.5605 0.7902 0.2478
vn -0.2743 0.9323 -0.2356
vn 0.3795 0.8375 -0.3932
vn -0.1535 -0.6003 0.7849
vn -0.1439 -0.7910 0.5946
vn -0.5183 -0.5066 -0.6890
vn -0.2512 -0.8601 -0.4439
vn 0.3318 0.9301 0.1578
vn 0.9076 0.0701 0.4140
vn 0.8213 0.3236 0.4698
vn -0.5668 -0.5529 0.6107
vn -0.0422 -0.9542 -0.2962
vn -0.0803 -0.9652 -0.2489
vn 0.6578 -0.5160 0.5487
vn 0.3727 -0.7296 0.5734
vn 0.6915 -0.3554 -0.6290
vn 0.7398 -0.3088 -0.5979
vn -0.4472 -0.7242 0.5249
vn -0.6909 -0.4597 0.5580
vn -0.2192 -0.9614 0.1665
vn -0.1348 -0.9427 0.3053
vn -0.0147 -0.9884 0.1509
vn -0.0312 -0.9789 -0.2019
vn 0.0356 -0.9702 -0.2396
vn 0.2390 -0.7554 0.6101
vn 0.6482 -0.1032 0.7544
vn 0.7868 0.1601 0.5961
vn -0.6222 -0.1265 0.7726
vn -0.7218 0.1282 0.6801
vn -0.8718 0.1621 0.4622
vn 0.6478 0.1362 0.7495
vn 0.7438 -0.1378 0.6540
vn -0.5129 0.7167 0.4725
vn -0.3020 0.8600 0.4114
vn -0.4475 0.8533 0.2678
vn -0.4210 0.8550 0.3027
vn 0.6089 0.2939 0.7368
vn 0.3145 0.8800 0.3559
vn 0.4340 0.8690 0.2378
vn 0.2967 0.8832 0.3633
vn -0.7435 0.3115 0.5918
vn -0.5558 0.3125 0.7704
vn -0.1271 0.5583 0.8198
vn -0.4289 0.3293 0.8412
vn -0.3142 0.3795 0.8702
vn 0.0230 0.6719 0.7402
vn 0.1053 0.4181 0.9023
vn 0.3585 0.4263 0.8305
vn 0.1742 0.3821 0.9076
vn 0.0035 0.9394 0.3429
vn 0.4607 0.3941 0.7952
vn 0.3064 -0.1457 0.9407
vn -0.5995 -0.0873 0.7956
vn -0.1804 -0.1614 0.9703
vn 0.8650 -0.1037 0.4909
vn 0.6281 -0.4753 0.6161
vn 0.8254 -0.4690 0.3143
vn 0.3682 -0.0592 0.9279
vn 0.1699 -0.1153 0.9787
vn 0.0638 -0.0707 0.9955
vn -0.1629 -0.0376 -0.9859
vn 0.5792 0.7591 0.2972
vn 0.4210 0.8899 0.1754
vn 0.6379 0.7267 0.2549
vn -0.4542 0.8670 0.2050
vn 0.0740 -0.0720 -0.9947
vn -0.2162 -0.1475 -0.9652
vn -0.4514 -0.0686 -0.8897
vn -0.2152 0.0189 -0.9764
vn -0.5352 0.0540 0.8430
vn -0.8018 -0.4928 -0.3380
vn -0.9348 -0.0800 -0.3461
vn -0.0992 -0.9832 -0.1531
vn -0.0353 -0.2989 0.9536
vn 0.3327 -0.3032 0.8930
vn 0.0380 -0.2896 0.9564
vn -0.0267 -0.9131 0.4068
vn 0.1354 -0.9283 0.3463
vn 0.6549 -0.2939 0.6962
vn 0.4197 -0.2792 0.8636
vn -0.0482 -0.9132 0.4046
vn -0.1619 -0.9303 0.3290
vn -0.1038 -0.9250 0.3656
vn -0.1758 -0.9389 0.2959
vn -0.1458 -0.2934 0.9448
vn 0.2945 -0.2942 0.9092
vn -0.0950 -0.2804 0.9552
vn 0.0635 -0.9093 0.4112
vn 0.1341 -0.9098 0.3927
vn 0.2788 -0.9155 0.2900
vn 0.2351 -0.9134 0.3324
vn -0.5040 -0.2753 0.8187
vn -0.4364 -0.2868 0.8528
vn 0.3404 -0.2781 0.8982
vn -0.7146 -0.0160 0.6993
vn 0.3624 -0.6501 0.6679
vn 0.4720 -0.2156 0.8548
vn 0.2675 -0.7506 0.6042
vn -0.7076 -0.1097 0.6981
vn -0.4309 -0.7078 0.5599
vn -0.9326 0.0354 0.3593
vn -0.3420 -0.7504 0.5656
vn -0.5728 -0.7163 0.3985
vn 0.4554 -0.7362 0.5007
vn 0.3437 -0.6276 0.6986
vn 0.1962 -0.7555 0.6251
vn 0.5148 -0.1783 0.8386
vn 0.7149 0.1545 0.6820
vn -0.6446 0.3912 0.6568
vn -0.1814 0.9704 0.1597
vn -0.0988 0.9908 0.0922
vn 0.0872 0.9639 -0.2517
vn 0.0063 0.8852 -0.4651
vn -0.1078 0.8141 -0.5706
vn 0.1963 0.8170 -0.5422
vn 0.1933 0.9451 0.2634
vn -0.1561 0.9180 -0.3646
vn 0.6327 0.4068 0.6590
vn -0.4800 0.6151 0.6255
vn -0.8715 0.2087 0.4438
vn 0.0834 0.9754 -0.2040
vn 0.0859 0.9169 -0.3898
vn -0.1724 0.9039 0.3915
vn 0.0712 0.9299 -0.3608
vn -0.1044 0.9064 -0.4093
vn -0.2166 0.9287 -0.3010
vn -0.2924 0.8947 -0.3376
vn 0.1862 0.8200 0.5413
vn 0.2329 0.9159 0.3268
vn 0.3161 0.9182 0.2388
vn 0.5389 0.2230 0.8123
vn -0.2736 -0.7341 0.6216
vn -0.3518 -0.5659 0.7456
vn -0.0103 -0.7170 0.6970
vn 0.5202 -0.4729 0.7112
vn -0.5197 0.1689 0.8375
vn -0.7933 0.1727 0.5839
vn -0.6560 -0.0349 0.7540
vn -0.4520 -0.1434 0.8804
vn 0.3649 -0.1893 0.9116
vn -0.5210 0.1704 0.8364
vn -0.3937 -0.0241 0.9189
vn 0.4524 0.1492 0.8792
vn 0.4623 -0.1058 0.8804
vn -0.2472 0.2807 0.9274
vn -0.0031 0.3200 0.9474
vn 0.1747 0.2808 0.9437
vn 0.5719 0.3095 0.7597
vn -0.2616 0.8739 0.4097
vn -0.1196 0.8665 0.4846
vn -0.1303 0.8710 0.4737
vn 0.0402 0.8505 0.5245
vn -0.2437 0.2821 0.9279
vn 0.0864 0.2844 0.9548
vn -0.0845 0.3233 0.9425
vn 0.3564 0.2960 0.8862
vn 0.6828 0.0610 0.7281
vn 0.7241 -0.0349 0.6888
vn 0.8434 0.0324 0.5362
vn -0.5149 0.7409 0.4313
vn -0.7471 0.5870 0.3120
vn -0.3808 0.8878 0.2583
vn -0.4173 0.1090 0.9022
vn -0.4067 -0.4943 0.7683
vn -0.1478 -0.3743 0.9155
vn 0.0442 -0.7256 0.6867
vn -0.3231 -0.5399 0.7772
vn 0.1074 -0.4577 0.8826
vn 0.1716 0.1191 0.9779
vn -0.4977 -0.0416 0.8664
vn -0.2153 -0.4691 0.8565
vn -0.3438 0.1171 0.9317
vn -0.0439 0.0099 0.9990
vn 0.0831 -0.4751 0.8760
vn 0.2971 -0.1847 0.9368
vn -0.0631 -0.7179 0.6932
vn -0.4399 0.4010 0.8035
vn -0.1058 0.4047 0.9083
vn 0.0801 0.5485 0.8323
vn -0.2369 0.6318 0.7380
vn 0.0315 0.9894 0.1420
vn 0.0180 0.9941 0.1071
vn 0.3761 0.2135 0.9017
vn 0.1985 0.8651 0.4607
vn -0.1113 0.7463 0.6562
vn -0.9913 0.0578 -0.1183
vn -0.9363 -0.0018 -0.3513
vn -1.0000 -0.0069 -0.0014
vn 0.0331 0.9135 0.4055
vn -0.1261 0.9460 -0.2987
vn 0.1941 0.7543 0.6271
vn 0.0280 -0.9442 0.3281
vn -0.0702 -0.8414 0.5358
vn -0.1304 -0.1309 0.9828
vn 0.2136 -0.1929 0.9577
vn -0.2513 -0.1137 0.9612
vn -0.0949 -0.3302 0.9391
vn 0.0676 -0.1116 0.9915
vn 0.1844 -0.4394 0.8792
vn -0.2372 0.1921 0.9523
vn 0.1593 0.1569 0.9747
vn 0.0884 0.8509 0.5178
vn -0.1351 -0.1482 -0.9797
vn -0.0810 0.1224 -0.9892
vn 0.1854 -0.1647 -0.9688
vn 0.2100 0.1298 -0.9690
vn -0.4240 -0.7833 -0.4546
vn -0.3958 -0.5596 -0.7282
vn -0.4770 0.8559 0.1995
vn -0.4711 0.8515 0.2302
vn -0.5291 0.8301 0.1764
vn 0.3105 -0.4550 -0.8346
vn 0.4942 -0.2115 -0.8432
vn 0.6352 -0.4394 -0.6352
vn -0.3758 -0.0785 -0.9234
vn -0.6314 -0.2081 -0.7470
vn -0.5562 0.1403 -0.8191
vn 0.8248 0.0973 0.5570
vn 0.8571 0.1384 0.4962
vn 0.8971 0.1074 0.4285
vn 0.8434 0.3642 0.3951
vn 0.8296 0.1122 0.5470
vn 0.1440 0.3285 0.9335
vn 0.4223 0.3805 0.8227
vn 0.1327 0.5897 0.7967
vn 0.6802 0.1611 -0.7151
vn 0.7168 -0.0866 -0.6919
vn 0.4161 0.1400 -0.8985
vn -0.7896 0.3850 0.4778
vn 0.1254 0.6654 -0.7359
vn 0.0092 0.8438 -0.5365
vn 0.1998 0.8617 -0.4665
vn -0.1531 0.3079 -0.9390
vn 0.1359 0.4242 -0.8953
vn 0.2116 0.3113 -0.9265
vn -0.4909 -0.1867 -0.8510
vn -0.4511 0.2345 -0.8611
vn -0.2366 -0.0873 -0.9677
vn -0.2638 0.7436 0.6144
vn -0.2418 0.6512 0.7194
vn -0.1483 0.7213 0.6766
vn 0.0393 -0.4619 -0.8861
vn 0.2323 -0.1900 -0.9539
vn 0.3324 -0.4620 -0.8223
vn -0.0981 -0.0989 -0.9902
vn -0.0975 0.0171 0.9951
vn -0.2389 0.6391 -0.7311
vn -0.1085 0.5812 -0.8065
vn 0.0174 0.7129 -0.7010
vn -0.0186 0.9252 -0.3789
vn 0.1736 0.4263 -0.8878
vn 0.2214 0.4832 -0.8470
vn 0.3445 0.5969 -0.7246
vn -0.2038 0.0089 0.9790
vn -0.0334 0.0073 0.9994
vn -0.0238 0.0070 0.9997
vn -0.2015 0.0089 0.9795
vn -0.6917 -0.5342 -0.4861
vn -0.3545 -0.9178 -0.1786
vn 0.6025 0.0462 -0.7968
vn 0.4845 0.2169 -0.8475
vn 0.4508 0.5101 -0.7326
vn 0.0171 0.0561 -0.9983
vn 0.1827 0.0534 -0.9817
vn 0.0177 0.0469 -0.9987
vn -0.8960 -0.0695 -0.4386
vn -0.7794 -0.0213 -0.6261
vn 0.6978 -0.5307 -0.4811
vn -0.3506 0.4258 -0.8341
vn -0.4322 0.6689 -0.6048
vn -0.1107 0.6765 -0.7281
vn -0.1767 0.3644 -0.9143
vn 0.1445 0.8030 -0.5783
vn 0.4245 0.4883 -0.7624
vn 0.0914 -0.1928 -0.9770
vn -0.1555 -0.1005 -0.9827
vn 0.4006 -0.1653 -0.9012
vn 0.1288 -0.0491 -0.9905
vn 0.4961 -0.7584 0.4228
vn 0.2207 -0.9668 0.1289
vn 0.6824 -0.6951 0.2264
vn -0.8802 0.3396 0.3315
vn -0.9243 0.3045 0.2302
vn -0.7772 0.2947 0.5560
vn -0.4449 0.0459 -0.8944
vn -0.3043 0.0089 -0.9525
vn -0.2888 -0.2974 -0.9100
vn -0.6287 -0.2987 -0.7180
vn -0.4851 -0.2757 -0.8298
vn -0.1842 -0.5344 -0.8249
vn 0.5489 -0.2761 -0.7890
vn 0.7946 -0.3042 -0.5254
vn 0.4447 -0.3097 -0.8404
vn 0.1351 -0.5362 -0.8332
vn -0.5040 -0.7259 -0.4679
vn -0.3678 -0.7178 -0.5912
vn -0.3387 -0.7304 -0.5931
vn -0.6871 -0.3042 -0.6598
vn -0.8358 0.2905 -0.4659
vn -0.6289 0.6624 -0.4070
vn -0.6552 0.4016 -0.6398
vn -0.4536 0.6092 -0.6504
vn 0.2411 0.9016 0.3591
vn 0.1469 0.9214 0.3599
vn -0.0168 0.8296 0.5581
vn -0.1117 0.9313 0.3466
vn -0.3433 0.8149 0.4671
vn 0.4799 0.7185 -0.5035
vn 0.4277 0.6556 -0.6223
vn 0.7960 0.3938 -0.4597
vn 0.8247 0.0304 -0.5648
vn 0.7060 0.0454 -0.7068
vn 0.5413 0.7190 -0.4359
vn 0.6287 -0.0026 -0.7776
vn -0.0852 0.9889 0.1217
vn -0.1001 0.9882 0.1162
vn -0.1630 0.9821 0.0946
vn 0.4757 -0.0900 -0.8750
vn -0.8245 -0.5176 -0.2287
vn -0.9855 -0.0304 -0.1667
vn -0.9033 0.1580 -0.3988
vn 0.8410 -0.4338 -0.3234
vn 0.8630 0.1021 -0.4949
vn 0.9763 -0.0803 -0.2009
vn 0.9034 0.1585 -0.3985
vn -0.9241 0.3065 -0.2282
vn -0.7726 0.4468 -0.4511
vn -0.7732 0.3033 -0.5569
vn -0.4608 0.8641 -0.2025
vn -0.4916 0.8612 -0.1295
vn -0.4085 0.8640 -0.2942
vn 0.7242 0.3089 -0.6166
vn 0.8985 0.3388 -0.2790
vn 0.9143 0.2779 -0.2947
vn 0.4951 0.8561 -0.1479
vn 0.4684 0.8599 -0.2030
vn 0.4014 0.8548 -0.3290
vn -0.4617 0.8371 -0.2935
vn -0.1127 0.9305 -0.3486
vn -0.1523 0.9705 -0.1868
vn -0.5644 0.3505 -0.7474
vn -0.0316 0.9956 -0.0878
vn 0.1730 0.4687 -0.8662
vn 0.0626 0.9708 -0.2316
vn 0.6878 0.4531 -0.5671
vn -0.8288 -0.3598 -0.4286
vn -0.7904 -0.1798 -0.5857
vn 0.8274 -0.4349 -0.3554
vn -0.4715 -0.1512 -0.8688
vn -0.8607 -0.0516 -0.5065
vn -0.9528 -0.1369 -0.2711
vn -0.6486 -0.0101 -0.7611
vn -0.6594 -0.0979 -0.7454
vn -0.1647 0.9473 0.2749
vn -0.3668 0.7288 0.5782
vn -0.2660 0.7347 0.6241
vn -0.2780 0.7287 0.6258
vn -0.4092 0.7110 0.5719
vn -0.2350 0.8159 0.5283
vn -0.2212 0.8865 0.4064
vn -0.3176 0.7881 0.5272
vn -0.8998 0.0606 0.4321
vn -0.9863 0.0425 0.1597
vn -0.9760 0.0468 0.2127
vn 0.0365 -0.4423 -0.8961
vn 0.9934 0.0077 -0.1143
vn -0.6911 0.0220 -0.7225
vn -0.4551 -0.0976 -0.8851
vn -0.7830 -0.0349 -0.6211
vn 0.8807 -0.1850 0.4361
vn 0.8763 -0.3392 0.3421
vn 0.9201 -0.2947 0.2578
vn 0.9485 -0.0124 0.3166
vn 0.8991 -0.0153 0.4374
vn 0.4388 0.0220 -0.8983
vn 0.6577 -0.0878 -0.7481
vn 0.7838 0.0546 -0.6185
vn -0.9185 -0.2706 -0.2885
vn -0.7956 -0.3036 -0.5242
vn -0.9453 -0.2920 -0.1454
vn 0.3408 -0.0434 -0.9391
vn 0.0321 0.0337 -0.9989
vn -0.0178 -0.2098 -0.9776
vn -0.4078 -0.1871 -0.8937
vn -0.3994 0.0054 -0.9168
vn -0.7597 -0.0522 -0.6482
vn -0.2790 -0.3048 -0.9106
vn 0.4923 -0.2309 -0.8392
vn -0.3844 -0.8836 -0.2675
vn -0.3542 -0.8308 -0.4293
vn -0.1553 -0.9123 -0.3788
vn 0.0043 -0.2966 -0.9550
vn -0.2974 -0.8864 -0.3547
vn -0.0831 -0.9305 -0.3567
vn 0.0316 -0.9452 -0.3248
vn -0.1279 -0.1811 -0.9751
vn 0.0531 -0.9515 -0.3029
vn 0.8237 -0.1903 -0.5342
vn 0.5775 -0.7219 -0.3814
vn 0.3680 -0.9010 -0.2298
vn 0.2378 -0.9093 -0.3414
vn 0.2344 -0.9076 -0.3483
vn 0.1182 -0.9095 -0.3986
vn -0.9439 0.1355 -0.3012
vn -0.9579 0.1256 -0.2581
vn -0.7453 -0.2778 -0.6061
vn -0.8215 -0.3204 -0.4716
vn 0.7357 -0.5375 -0.4121
vn -0.8492 -0.4301 -0.3065
vn -0.9778 0.0162 -0.2091
vn -0.8021 -0.5390 -0.2569
vn -0.6366 -0.6314 -0.4428
vn -0.9577 0.2680 -0.1043
vn 0.5057 0.8150 0.2830
vn 0.0518 0.9824 0.1793
vn -0.3429 0.9004 0.2677
vn 0.7768 0.5684 -0.2712
vn 0.9674 0.2302 -0.1058
vn 0.8896 -0.3506 -0.2927
vn 0.2158 -0.9763 -0.0163
vn 0.1741 -0.9836 -0.0468
vn 0.1505 -0.9873 0.0516
vn 0.1471 -0.9750 0.1664
vn 0.1978 -0.9799 0.0243
vn -0.1510 -0.9879 -0.0346
vn 0.0830 -0.9931 -0.0826
vn -0.2012 -0.9719 0.1223
vn -0.1970 -0.9635 0.1811
vn 0.4894 -0.8319 -0.2617
vn 0.7011 -0.7093 -0.0727
vn -0.9257 -0.3760 0.0399
vn -0.9815 0.0838 0.1720
vn -0.9794 0.1810 -0.0901
vn 0.9953 -0.0945 0.0222
vn 0.9828 0.1833 -0.0231
vn -0.5072 0.8603 0.0519
vn -0.5016 0.8638 -0.0476
vn 0.9550 0.2966 -0.0003
vn -0.5427 -0.0434 0.8388
vn -0.5151 0.3608 0.7775
vn -0.6389 0.1004 0.7627
vn -0.5970 0.7976 0.0868
vn -0.8143 0.5586 -0.1575
vn 0.7630 0.5880 -0.2685
vn 0.8452 0.5341 0.0219
vn -0.8395 -0.4743 -0.2651
vn -0.9568 -0.2847 -0.0589
vn -0.0847 -0.9893 -0.1188
vn 0.9519 -0.2442 -0.1849
vn 0.0834 -0.9851 0.1507
vn -0.2640 0.0599 -0.9627
vn 0.1549 -0.1934 -0.9688
vn 0.0871 -0.3843 -0.9191
vn -0.2928 -0.2886 -0.9116
vn -0.2402 -0.1762 -0.9546
vn -0.2402 -0.9196 0.3110
vn -0.2724 -0.9215 0.2769
vn -0.1487 -0.9183 0.3670
vn 0.0733 -0.3047 -0.9496
vn -0.9339 0.0414 -0.3552
vn -0.9172 -0.1778 -0.3566
vn -0.7896 -0.2654 -0.5533
vn 0.9909 -0.0927 0.0977
vn 0.9350 0.0039 -0.3546
vn 0.9315 -0.3366 -0.1381
vn 0.6243 -0.7682 -0.1419
vn 0.4304 -0.9026 -0.0070
vn 0.8464 -0.5280 -0.0692
vn 0.9543 -0.2967 -0.0358
vn -0.8545 -0.5135 0.0780
vn -0.9507 -0.2982 0.0849
vn 0.8760 -0.4782 0.0635
vn 0.2411 0.9676 -0.0751
vn 0.6078 0.7934 -0.0327
vn 0.8606 0.4981 0.1060
vn 0.9512 0.1638 0.2616
vn 0.9292 -0.1124 0.3522
vn 0.9474 -0.2924 0.1301
vn -0.9304 0.2033 0.3051
vn -0.4769 0.8691 0.1311
vn -0.2356 0.9602 0.1498
vn -0.0037 1.0000 0.0005
vn -0.0038 1.0000 0.0006
vn -0.9192 0.3815 0.0974
vn -0.8108 0.4834 0.3299
vn -0.4936 0.1666 -0.8536
vn -0.6446 -0.0420 -0.7634
vn -0.7924 0.1587 -0.5890
vn 0.8924 -0.4511 -0.0069
vn 0.8136 -0.4471 0.3715
vn 0.7432 0.6247 0.2396
vn -0.8543 -0.4562 0.2490
vn -0.8961 -0.3443 0.2801
vn 0.9480 -0.2420 0.2066
vn 0.4355 0.3632 -0.8237
vn 0.5605 0.5251 -0.6404
vn 0.7312 0.2989 -0.6132
vn 0.0506 -0.9928 -0.1087
vn 0.1228 -0.9451 -0.3027
vn -0.1073 0.0455 -0.9932
vn 0.2541 0.0373 -0.9665
vn 0.1027 -0.0123 -0.9946
vn -0.7469 -0.3343 0.5748
vn 0.9984 0.0545 0.0120
vn 0.9115 0.0114 0.4111
vn 0.9939 0.0076 0.1100
vn -0.9911 0.0503 -0.1232
vn -0.9631 0.0499 0.2644
vn -0.9965 0.0594 0.0588
vn -0.3019 0.1689 -0.9383
vn -0.9814 -0.0377 0.1881
vn 0.8553 -0.0185 0.5177
vn 0.9144 -0.3259 0.2400
vn 0.9940 0.0520 0.0964
vn -0.9555 -0.2193 -0.1972
vn -0.9764 -0.1737 0.1285
vn -0.8470 -0.2932 0.4435
vn -0.8229 -0.0733 0.5634
vn 0.9057 -0.1045 0.4109
vn -0.4584 -0.8883 0.0268
vn -0.4205 -0.8928 0.1614
vn -0.4711 -0.8797 -0.0647
vn -0.8777 -0.4370 0.1967
vn -0.3418 -0.9083 0.2411
vn 0.5728 -0.7955 0.1977
vn 0.4021 -0.8559 0.3253
vn 0.1371 -0.3572 0.9239
vn 0.3659 -0.4571 0.8106
vn 0.4540 -0.2257 0.8619
vn 0.9680 0.1260 0.2170
vn -0.9618 0.1703 0.2144
vn -0.9053 -0.2710 0.3271
vn 0.3467 0.9281 -0.1361
vn 0.2938 0.9240 -0.2445
vn -0.2616 0.9604 -0.0963
vn -0.3132 0.9235 -0.2217
vn -0.3538 0.8790 -0.3198
vn -0.2860 -0.9475 0.1433
vn -0.6560 -0.5998 0.4582
vn -0.7242 -0.6636 0.1876
vn -0.1100 -0.9901 -0.0867
vn -0.0434 -0.9762 -0.2124
vn -0.0169 -0.9963 -0.0846
vn 0.6132 -0.7369 0.2845
vn 0.1349 -0.9824 0.1296
vn -0.8976 -0.1768 0.4038
vn 0.7952 0.1570 0.5857
vn 0.4909 0.8593 0.1435
vn 0.4806 0.8602 0.1706
vn 0.4323 0.8553 0.2857
vn 0.5627 0.4839 0.6702
vn 0.7245 0.3198 0.6106
vn -0.4392 -0.4722 0.7643
vn -0.6784 -0.3707 0.6343
vn -0.5745 0.5692 0.5881
vn -0.7357 0.3651 0.5705
vn 0.0418 0.9991 0.0014
vn 0.0462 0.9988 -0.0138
vn 0.0936 0.9915 -0.0899
vn -0.4487 0.3800 0.8089
vn -0.2418 0.7848 0.5706
vn 0.2485 0.8492 0.4660
vn 0.2610 0.9367 0.2335
vn 0.2088 0.9741 0.0869
vn 0.6024 0.5818 0.5464
vn -0.7573 -0.1503 0.6356
vn -0.3897 -0.2902 0.8740
vn -0.0673 -0.4015 0.9134
vn 0.4221 -0.4582 0.7822
vn 0.1507 -0.3179 0.9361
vn 0.9277 -0.3007 0.2214
vn 0.9545 -0.2795 0.1039
vn 0.8080 -0.2741 0.5215
vn 0.8259 -0.2223 0.5182
vn -0.1273 -0.8555 -0.5019
vn -0.0043 -0.9120 -0.4101
vn -0.1026 -0.8889 -0.4465
vn -0.2269 -0.8916 -0.3918
vn -0.8292 0.0599 0.5557
vn -0.3752 0.0443 0.9259
vn -0.7140 0.0468 0.6986
vn 0.8533 0.0617 0.5178
vn 0.6707 0.0683 0.7386
vn 0.7548 0.0490 0.6541
vn 0.3998 0.0509 0.9152
vn 0.6512 0.0308 0.7583
vn -0.1995 0.0057 0.9799
vn -0.5374 -0.0031 0.8433
vn -0.4687 0.0478 0.8820
vn -0.8947 0.0496 0.4438
vn 0.1980 -0.0627 0.9782
vn 0.4033 -0.3017 0.8639
vn -0.3363 -0.1792 0.9246
vn -0.6680 -0.1879 0.7201
vn 0.0852 -0.3045 0.9487
vn -0.5102 -0.3587 0.7817
vn -0.5502 -0.5791 0.6016
vn -0.0515 -0.4071 0.9119
vn -0.0431 -0.9020 0.4296
vn -0.2147 -0.9095 0.3559
vn -0.2113 -0.9132 0.3485
vn 0.5372 -0.2829 0.7946
vn 0.3581 -0.4991 0.7891
vn 0.3113 -0.8970 0.3137
vn 0.1606 -0.9075 0.3880
vn 0.3776 -0.9162 0.1339
vn 0.1222 -0.9112 0.3934
vn 0.6158 -0.2784 0.7371
vn 0.6647 -0.2970 0.6855
vn 0.8763 -0.2798 0.3922
vn -0.6877 -0.5671 0.4532
vn -0.7517 -0.1668 0.6381
vn 0.6193 -0.7300 0.2892
vn -0.8796 0.1239 0.4592
vn 0.2602 0.8290 -0.4950
vn -0.1311 0.9620 -0.2395
vn 0.7714 0.4536 0.4463
vn 0.6254 0.7347 0.2626
vn -0.4005 -0.7206 0.5660
vn -0.0912 -0.9853 0.1444
vn -0.6687 -0.1829 0.7207
vn 0.0435 -0.9777 -0.2055
vn -0.7698 -0.1989 -0.6064
vn -0.6075 -0.6525 -0.4529
vn -0.4964 -0.6272 -0.6001
vn -0.5457 -0.4416 -0.7121
vn 0.4445 -0.7763 0.4469
vn 0.1602 -0.9209 0.3553
vn 0.7650 -0.2227 0.6043
vn 0.4851 -0.5097 0.7106
vn -0.8214 0.0200 0.5700
vn -0.6632 0.1442 0.7344
vn -0.8448 0.1812 0.5035
vn 0.4199 0.2961 0.8579
vn 0.7081 0.3024 0.6380
vn 0.3843 0.8515 0.3566
vn 0.8145 -0.0405 0.5787
vn 0.7305 0.0208 0.6826
vn 0.6598 -0.1035 0.7443
vn -0.0045 0.8649 0.5018
vn -0.1716 0.4376 0.8826
vn -0.0971 -0.1751 0.9797
vn -0.4612 -0.1462 0.8752
vn -0.2947 -0.0402 0.9548
vn 0.6675 -0.0440 0.7433
vn 0.6955 0.1490 -0.7029
vn 0.5928 0.1191 -0.7965
vn 0.3558 0.1347 -0.9248
vn 0.1540 0.7977 -0.5831
vn 0.1215 0.7551 -0.6443
vn 0.0810 0.8238 -0.5611
vn 0.0654 0.8546 -0.5151
vn 0.1009 0.8728 -0.4774
vn 0.1514 0.8765 -0.4571
vn -0.3026 0.0387 -0.9523
vn 0.0175 0.0628 -0.9979
vn -0.0928 0.0021 -0.9957
vn -0.0782 0.0532 0.9955
vn 0.1606 0.0493 0.9858
vn -0.0308 -0.8998 0.4353
vn -0.5121 -0.3012 0.8044
vn -0.0714 -0.3020 0.9506
vn -0.3268 -0.2758 0.9040
vn -0.7330 -0.5392 0.4147
vn -0.4389 -0.7246 0.5312
vn -0.5410 0.7248 0.4266
vn -0.4049 0.8790 0.2519
vn -0.5470 0.7258 0.4171
vn -0.4335 -0.4937 0.7539
vn -0.5242 0.1049 0.8451
vn -0.5948 -0.2823 0.7527
vn -0.2142 -0.7355 0.6428
vn 0.4308 -0.7343 0.5245
vn 0.2908 -0.5793 0.7615
vn 0.2728 -0.5519 0.7880
vn 0.4199 -0.1506 0.8950
vn 0.6744 0.0969 0.7320
vn -0.6434 0.3939 0.6565
vn -0.5110 0.7269 0.4588
vn -0.4523 0.8491 0.2728
vn -0.4271 0.5026 0.7516
vn 0.0656 0.9288 -0.3648
vn -0.0795 0.8443 -0.5300
vn -0.0382 0.8217 -0.5686
vn -0.2537 0.7964 -0.5489
vn 0.2491 0.9364 0.2473
vn 0.6319 0.3873 0.6714
vn 0.4703 0.2124 0.8566
vn -0.2069 -0.7915 0.5750
vn -0.2354 -0.2435 0.9409
vn 0.0157 -0.9133 0.4070
vn 0.0252 -0.5699 0.8213
vn -0.4569 -0.1424 0.8781
vn 0.3354 0.1637 0.9278
vn 0.5511 0.0097 0.8344
vn 0.5906 0.1791 0.7869
vn 0.3236 -0.0432 0.9452
vn -0.1669 0.8539 0.4929
vn -0.3224 0.8523 0.4119
vn -0.3028 0.7693 0.5626
vn -0.0598 0.8639 0.5001
vn -0.2311 0.8499 0.4735
vn 0.0159 0.8653 0.5011
vn 0.1486 0.2881 0.9460
vn -0.1278 0.3130 0.9411
vn 0.0708 0.8737 0.4814
vn 0.1601 0.8812 0.4449
vn 0.2153 0.8797 0.4241
vn 0.2875 0.8641 0.4132
vn -0.3166 0.0533 0.9471
vn -0.1743 -0.4584 0.8715
vn 0.0181 -0.5166 0.8561
vn 0.0436 -0.3268 0.9441
vn -0.9669 -0.0779 -0.2430
vn -0.2440 0.5437 0.8031
vn -0.0388 0.8707 0.4904
vn -0.0077 0.3316 0.9434
vn -0.0136 0.9993 0.0341
vn 0.1457 0.9496 0.2775
vn 0.1389 0.9251 0.3535
vn 0.1071 0.7815 0.6146
vn 0.2381 0.0618 0.9693
vn -0.0014 -0.0472 0.9989
vn 0.1996 0.1356 0.9705
vn -0.0253 0.2096 0.9775
vn -0.1533 -0.9082 -0.3895
vn -0.3533 -0.7574 -0.5490
vn -0.2441 -0.4297 -0.8693
vn -0.0024 -0.7585 -0.6516
vn 0.0904 -0.2292 -0.9692
vn 0.3256 -0.5778 -0.7484
vn 0.3111 -0.5668 -0.7628
vn -0.2966 -0.1583 -0.9418
vn -0.3122 -0.6099 -0.7284
vn -0.5644 -0.2158 -0.7968
vn -0.0337 -0.5782 -0.8152
vn -0.1155 -0.9092 -0.3999
vn 0.2358 -0.6028 -0.7622
vn 0.0969 -0.9148 -0.3922
vn 0.0057 -0.9989 -0.0472
vn 0.1883 -0.9382 -0.2904
vn -0.1835 0.0357 -0.9824
vn -0.4766 0.0120 -0.8790
vn -0.3834 0.2052 -0.9005
vn -0.5575 -0.1321 -0.8196
vn -0.6845 0.1656 -0.7100
vn -0.0401 0.1805 -0.9828
vn 0.3333 0.0877 -0.9387
vn 0.0021 -0.9839 0.1788
vn -0.3600 0.1184 -0.9254
vn -0.0090 -0.0311 -0.9995
vn -0.1335 0.1492 -0.9798
vn 0.2343 -0.1663 -0.9578
vn 0.1630 0.1739 -0.9712
vn 0.4272 0.1172 -0.8965
vn 0.5271 -0.1375 -0.8386
vn -0.0583 0.8486 -0.5258
vn -0.0034 0.8388 -0.5444
vn -0.1811 0.8746 -0.4497
vn -0.2763 0.8666 -0.4156
vn -0.8374 0.0113 0.5465
vn -0.2843 0.6430 -0.7111
vn -0.2799 0.8563 -0.4341
vn -0.0791 0.8804 -0.4676
vn -0.2500 0.6292 -0.7359
vn 0.1152 0.8582 -0.5001
vn -0.0872 0.5086 -0.8566
vn 0.3391 0.8299 -0.4431
vn 0.3260 0.6175 -0.7158
vn -0.2307 -0.0236 -0.9727
vn 0.0163 -0.3861 -0.9223
vn -0.3618 -0.4996 -0.7871
vn -0.0185 0.0917 -0.9956
vn -0.3069 0.2732 -0.9117
vn 0.2615 0.1824 -0.9478
vn -0.4440 -0.7593 -0.4757
vn -0.2451 -0.9281 -0.2802
vn -0.6349 -0.6759 -0.3742
vn 0.1106 -0.8975 0.4270
vn 0.0800 -0.9915 0.1026
vn 0.0438 -0.9887 -0.1434
vn 0.1989 0.9728 0.1184
vn -0.0957 -0.9818 0.1641
vn 0.1896 -0.9755 -0.1115
vn -0.4168 -0.7809 -0.4653
vn -0.7218 -0.4793 -0.4993
vn 0.0787 -0.9949 -0.0635
vn 0.4584 -0.7847 -0.4173
vn 0.4640 -0.4305 -0.7742
vn 0.6751 -0.2918 -0.6776
vn -0.7817 -0.0398 -0.6224
vn -0.7081 -0.1701 -0.6853
vn -0.3174 0.9344 -0.1617
vn 0.8281 0.0979 -0.5520
vn 0.8770 0.1451 -0.4581
vn -0.7946 -0.0085 -0.6070
vn 0.1806 0.8802 -0.4388
vn 0.5364 -0.7701 -0.3452
vn 0.5981 -0.7481 -0.2875
vn -0.2676 0.3278 -0.9061
vn 0.0524 0.4056 -0.9125
vn 0.2201 0.3101 -0.9249
vn 0.2376 0.8667 -0.4386
vn 0.1372 0.8818 -0.4513
vn 0.3818 0.8562 -0.3480
vn 0.7285 0.5668 -0.3847
vn 0.6833 0.3255 -0.6535
vn -0.3317 0.3549 -0.8741
vn -0.1471 0.2855 -0.9470
vn -0.5186 0.2930 -0.8033
vn 0.0413 0.3274 -0.9440
vn 0.2500 0.2757 -0.9282
vn -0.9595 0.0628 0.2745
vn -0.0057 0.4717 -0.8817
vn -0.2240 0.5971 -0.7703
vn -0.4478 0.0100 -0.8941
vn -0.4572 0.0064 -0.8893
vn -0.1467 -0.2756 -0.9500
vn 0.2980 -0.2733 -0.9146
vn 0.0973 -0.2958 -0.9503
vn 0.3652 -0.3101 -0.8778
vn -0.1343 -0.3040 -0.9432
vn 0.1416 -0.5342 -0.8334
vn -0.2280 -0.2796 -0.9327
vn 0.3912 -0.5290 -0.7531
vn -0.2113 0.7538 -0.6222
vn -0.0920 0.9273 -0.3630
vn -0.6399 -0.4409 -0.6294
vn -0.5086 -0.0118 -0.8609
vn 0.5519 -0.0195 -0.8337
vn 0.6773 -0.3919 -0.6226
vn 0.5423 -0.5274 -0.6540
vn -0.6979 -0.3229 -0.6393
vn -0.5602 -0.0428 -0.8272
vn -0.3497 -0.4788 -0.8053
vn -0.1331 -0.7154 -0.6860
vn -0.5150 -0.5337 -0.6708
vn -0.0819 -0.3558 -0.9310
vn -0.2425 0.1953 -0.9503
vn 0.6295 0.7379 -0.2434
vn 0.4960 0.8598 -0.1209
vn 0.0814 -0.7111 -0.6983
vn 0.5193 -0.1412 -0.8429
vn 0.1402 0.0045 -0.9901
vn 0.4017 0.1137 -0.9087
vn 0.7351 0.1915 -0.6504
vn 0.6776 -0.1731 -0.7147
vn -0.6005 0.3906 -0.6977
vn -0.3231 0.7849 -0.5288
vn -0.1012 0.9614 -0.2560
vn -0.0471 0.9508 -0.3061
vn -0.6847 0.6434 -0.3424
vn -0.1711 0.9733 -0.1534
vn 0.0778 0.9729 0.2178
vn 0.1707 0.9538 0.2471
vn -0.0221 0.9161 0.4004
vn 0.0705 0.9084 0.4121
vn 0.3659 0.8002 0.4752
vn 0.1822 0.6460 -0.7413
vn 0.0382 0.7638 -0.6444
vn -0.0632 0.9855 0.1577
vn 0.4133 0.6345 -0.6531
vn 0.6180 -0.7384 0.2700
vn -0.1795 0.9672 0.1799
vn -0.2589 0.9043 0.3395
vn 0.7216 0.3418 -0.6021
vn 0.4841 0.8161 -0.3156
vn 0.2454 0.9252 -0.2894
vn -0.5164 0.2483 -0.8195
vn -0.0898 0.8430 -0.5303
vn 0.1771 0.9198 0.3502
vn -0.0051 0.8716 0.4902
vn 0.0812 0.9670 0.2415
vn -0.0023 0.7494 -0.6621
vn 0.0469 0.9534 -0.2982
vn 0.9949 -0.1001 -0.0117
vn -0.1532 0.9382 -0.3105
vn 0.0542 0.9959 -0.0729
vn 0.1125 0.1089 -0.9877
vn 0.4759 0.3733 -0.7964
vn 0.3207 0.3209 -0.8912
vn -0.1702 0.9149 0.3660
vn 0.6460 0.5510 -0.5283
vn -0.9207 -0.1961 -0.3373
vn 0.9019 0.2685 0.3382
vn 0.9353 0.0848 0.3437
vn 0.6741 -0.5127 -0.5318
vn 0.5938 -0.7488 -0.2943
vn 0.4814 -0.7537 -0.4474
vn 0.4692 -0.8761 -0.1105
vn -0.4575 -0.8632 -0.2134
vn -0.8449 -0.4505 -0.2883
vn 0.1467 -0.9562 0.2534
vn -0.0966 -0.9904 -0.0984
vn 0.1166 -0.9644 0.2375
vn -0.0422 -0.9874 0.1522
vn 0.7466 -0.5331 -0.3980
vn 0.5335 -0.8325 -0.1498
vn -0.9030 0.1430 -0.4052
vn 0.9716 -0.0720 -0.2254
vn 0.9717 0.1633 -0.1707
vn 0.8168 -0.0494 -0.5748
vn 0.9390 -0.1896 -0.2869
vn -0.4557 0.8658 -0.2070
vn -0.4156 0.8656 -0.2792
vn -0.3408 0.8811 -0.3280
vn -0.4664 0.8709 -0.1548
vn 0.9475 -0.0849 0.3083
vn 0.8529 -0.0267 0.5213
vn 0.7898 -0.1999 0.5799
vn -0.7329 0.3279 -0.5960
vn -0.7826 0.2989 -0.5460
vn 0.5589 0.1472 0.8160
vn -0.4359 0.8586 -0.2698
vn -0.3722 0.8690 -0.3261
vn -0.4960 0.8554 -0.1494
vn 0.9675 0.0463 0.2486
vn -0.9939 0.0061 0.1105
vn -0.8878 0.3982 0.2306
vn -0.8519 0.4996 0.1570
vn -0.2737 0.2636 0.9250
vn -0.3623 0.0004 0.9321
vn -0.4165 -0.0012 0.9091
vn 0.5590 0.6641 0.4965
vn 0.4236 0.7957 0.4330
vn 0.3405 0.9041 0.2584
vn -0.5344 0.4882 -0.6900
vn -0.1785 0.5386 -0.8234
vn -0.0276 -0.9877 0.1537
vn -0.7639 0.4719 -0.4402
vn -0.5581 0.5011 -0.6614
vn -0.4203 0.1689 0.8916
vn -0.3532 -0.0588 0.9337
vn -0.1038 0.1570 0.9821
vn -0.3163 0.8244 -0.4695
vn 0.0751 0.8404 -0.5367
vn 0.2502 0.5416 -0.8025
vn -0.0562 0.9529 -0.2981
vn 0.3782 0.3558 -0.8547
vn 0.4928 0.5648 -0.6619
vn 0.6465 0.6405 -0.4144
vn 0.7827 0.4805 -0.3956
vn 0.7051 0.3485 -0.6175
vn 0.0910 0.6424 -0.7609
vn -0.2839 0.6861 -0.6698
vn -0.5678 0.6779 -0.4670
vn -0.3484 -0.4966 -0.7950
vn 0.3110 -0.4946 -0.8116
vn 0.3190 0.8201 -0.4751
vn 0.2623 0.4888 -0.8320
vn 0.6991 0.5336 -0.4760
vn 0.4033 -0.3298 -0.8536
vn 0.0234 -0.3473 -0.9375
vn 0.2839 -0.1463 -0.9476
vn 0.4225 -0.4744 -0.7723
vn -0.1749 -0.4334 -0.8841
vn 0.5375 -0.2051 -0.8180
vn 0.3996 -0.6720 -0.6235
vn 0.7417 -0.3469 -0.5741
vn -0.5788 -0.3887 -0.7169
vn 0.5435 -0.3576 -0.7595
vn 0.5432 -0.1329 -0.8290
vn 0.7648 -0.2297 -0.6020
vn -0.7143 -0.1967 -0.6716
vn -0.7482 -0.0981 -0.6562
vn -0.4744 -0.1041 -0.8741
vn -0.7226 -0.2341 -0.6504
vn -0.1397 -0.0606 -0.9883
vn -0.0351 0.0157 0.9993
vn -0.0742 0.0160 0.9971
vn -0.1752 0.0160 0.9844
vn -0.1358 0.0111 0.9907
vn 0.0108 0.0153 0.9998
vn -0.3638 0.8403 0.4019
vn 0.7923 -0.4625 -0.3980
vn 0.6200 -0.6964 -0.3614
vn 0.6971 -0.5332 -0.4794
vn -0.4818 -0.3849 -0.7872
vn -0.4260 -0.3650 -0.8278
vn -0.3892 -0.2534 -0.8856
vn -0.3293 0.6617 0.6735
vn -0.0583 0.0459 -0.9972
vn 0.4190 0.0444 -0.9069
vn 0.1627 0.0054 -0.9867
vn 0.8336 0.0422 0.5507
vn 0.9702 0.0658 0.2334
vn 0.9930 0.0476 0.1077
vn 0.1463 0.0491 -0.9880
vn -0.5296 0.0478 -0.8469
vn -0.2682 0.0519 -0.9620
vn 0.5840 0.7402 0.3333
vn 0.5925 0.7713 0.2327
vn 0.7554 0.6380 0.1497
vn 0.3732 -0.9043 0.2071
vn 0.4627 -0.8462 0.2642
vn 0.6982 -0.6342 0.3322
vn -0.9928 0.0118 0.1189
vn -0.9544 0.0486 0.2945
vn -0.8258 0.0346 0.5629
vn 0.2738 0.8662 -0.4180
vn 0.1389 0.8572 -0.4959
vn 0.2974 0.8708 -0.3916
vn 0.9169 -0.3647 0.1621
vn 0.8401 -0.4164 -0.3475
vn 0.9719 -0.2354 0.0051
vn -0.2874 0.0483 -0.9566
vn 0.2184 0.0054 -0.9758
vn -0.0692 0.0572 -0.9960
vn 0.0897 -0.0890 -0.9920
vn -0.3204 -0.0111 -0.9472
vn -0.6279 -0.2265 -0.7446
vn -0.2463 -0.2763 -0.9290
vn 0.6268 0.5959 -0.5020
vn -0.0149 0.8518 -0.5236
vn -0.2355 0.8831 -0.4059
vn 0.0634 0.9470 -0.3149
vn -0.2590 -0.2843 -0.9231
vn 0.0057 -0.1439 -0.9896
vn -0.3728 -0.0433 -0.9269
vn -0.3765 -0.8587 -0.3477
vn -0.4219 -0.8877 -0.1846
vn -0.3649 -0.8986 -0.2437
vn -0.2242 -0.4482 -0.8654
vn 0.4554 -0.3086 -0.8351
vn 0.1980 -0.9172 -0.3458
vn 0.1306 -0.9183 -0.3738
vn 0.2975 -0.4082 -0.8631
vn 0.0677 -0.2579 -0.9638
vn 0.4175 -0.2578 -0.8714
vn 0.7457 -0.3055 -0.5921
vn -0.1448 -0.7855 -0.6017
vn -0.2336 -0.9071 -0.3502
vn -0.0215 -0.9325 -0.3604
vn -0.2602 -0.9072 -0.3306
vn -0.6007 -0.2572 -0.7569
vn 0.1473 -0.9140 -0.3779
vn 0.0196 -0.7939 -0.6078
vn 0.4229 -0.4099 -0.8082
vn 0.4036 -0.2714 -0.8738
vn 0.2796 -0.9111 -0.3028
vn 0.3057 -0.9069 -0.2901
vn 0.4752 -0.2338 -0.8482
vn 0.7130 -0.5312 -0.4577
vn -0.8775 -0.2089 -0.4318
vn -0.7808 -0.3545 -0.5144
vn -0.8091 -0.4015 -0.4291
vn -0.8095 -0.4096 -0.4208
vn -0.8622 -0.3746 -0.3410
vn 0.2240 -0.4714 0.8530
vn 0.3369 -0.3624 0.8690
vn 0.2170 -0.2621 0.9403
vn -0.8152 -0.0030 -0.5792
vn -0.8237 -0.4852 -0.2935
vn -0.9596 0.1410 -0.2434
vn -0.8603 -0.4378 -0.2610
vn -0.9118 0.0879 -0.4011
vn -0.7156 -0.5161 -0.4707
vn 0.7679 -0.5461 -0.3349
vn 0.4932 -0.7183 -0.4907
vn 0.7582 -0.4785 -0.4428
vn 0.6251 -0.5248 -0.5778
vn 0.9351 0.0008 -0.3544
vn 0.3079 0.9500 0.0508
vn 0.2515 0.9169 0.3098
vn 0.3591 0.9212 0.1501
vn -0.3164 0.8094 0.4947
vn -0.6184 -0.6117 0.4934
vn -0.3819 0.8976 0.2204
vn 0.8976 0.0796 -0.4336
vn 0.9275 0.2198 -0.3025
vn -0.5219 0.7148 -0.4655
vn -0.2302 0.8995 -0.3713
vn -0.7350 0.3805 -0.5612
vn -0.6526 0.7226 -0.2281
vn 0.5911 0.2993 0.7490
vn 0.7583 0.3280 0.5633
vn 0.5084 0.4493 0.7346
vn 0.0053 0.9999 0.0096
vn 0.0056 0.9999 0.0100
vn 0.0587 0.9935 0.0971
vn -0.4097 -0.2106 -0.8876
vn -0.3817 0.0078 -0.9243
vn -0.2663 0.0034 -0.9639
vn -0.2792 -0.1455 -0.9491
vn -0.3213 -0.2921 -0.9008
vn 0.5231 0.7932 -0.3117
vn 0.5270 0.8063 -0.2687
vn 0.8958 0.2699 -0.3531
vn -0.2008 -0.9755 0.0903
vn -0.7852 -0.6150 -0.0728
vn -0.3228 -0.9464 0.0075
vn 0.1973 -0.9775 0.0750
vn 0.2290 -0.9729 0.0309
vn 0.5119 0.0640 0.8567
vn 0.6924 0.0317 0.7208
vn 0.6957 0.0500 0.7166
vn 0.1908 -0.9816 -0.0008
vn 0.9373 -0.3319 -0.1060
vn 0.9135 -0.1081 -0.3922
vn -0.9935 -0.0943 -0.0642
vn -0.9233 0.0236 -0.3834
vn 0.9696 0.1826 -0.1628
vn 0.9970 -0.0768 -0.0061
vn 0.7844 -0.6189 0.0410
vn -0.9013 0.3108 -0.3017
vn -0.9579 0.2871 0.0066
vn -0.9210 0.3445 -0.1821
vn 0.8913 0.3309 -0.3100
vn 0.9500 0.3081 -0.0500
vn 0.8779 0.4785 0.0157
vn 0.9340 0.3246 -0.1491
vn 0.8249 0.5626 -0.0552
vn -0.8100 0.5829 -0.0648
vn -0.5090 0.8351 -0.2085
vn 0.4188 0.7096 -0.5667
vn 0.0817 0.9804 -0.1793
vn 0.1772 0.9806 -0.0835
vn 0.1148 0.9800 -0.1626
vn 0.7910 0.6013 -0.1130
vn -0.7483 0.5546 -0.3639
vn -0.5396 0.8406 -0.0473
vn 0.5138 0.8327 -0.2065
vn 0.2260 0.9704 -0.0853
vn -0.8174 -0.3411 -0.4642
vn -0.4711 -0.3308 -0.8177
vn -0.6114 -0.4498 -0.6511
vn -0.8287 -0.4837 -0.2815
vn -0.9287 -0.3671 -0.0520
vn -0.9275 -0.1452 -0.3445
vn 0.8177 -0.4594 -0.3469
vn 0.9320 -0.3167 -0.1764
vn -0.8275 -0.4565 -0.3270
vn 0.9442 -0.1674 -0.2835
vn -0.9324 -0.1500 -0.3288
vn -0.8772 -0.3385 -0.3404
vn -0.9978 -0.0433 -0.0508
vn -0.9776 -0.0017 -0.2106
vn 0.8399 -0.0880 -0.5356
vn 0.9722 -0.0229 -0.2329
vn -0.4877 -0.8690 -0.0836
vn -0.9649 0.0544 -0.2570
vn -0.3949 -0.9186 -0.0172
vn 0.9713 0.0451 -0.2334
vn 0.6860 0.0670 -0.7245
vn 0.8730 0.0224 -0.4872
vn -0.9043 0.0481 -0.4241
vn -0.6221 0.0331 -0.7822
vn -0.7893 0.0610 -0.6110
vn 0.9895 0.1151 0.0871
vn 0.9899 -0.0492 -0.1329
vn 0.6208 0.0453 -0.7826
vn 0.4966 -0.0338 -0.8673
vn 0.8079 -0.0583 -0.5864
vn -0.3079 0.0297 -0.9510
vn -0.5706 0.0101 -0.8212
vn 0.0067 -1.0000 -0.0017
vn 0.3751 -0.9221 -0.0947
vn 0.0095 -1.0000 -0.0024
vn -0.7357 -0.1002 -0.6698
vn 0.4604 0.0189 -0.8875
vn 0.7794 -0.0362 -0.6254
vn -0.8863 -0.2782 -0.3703
vn -0.8640 -0.1299 -0.4864
vn -0.6967 -0.1367 -0.7042
vn 0.7167 -0.2106 -0.6648
vn 0.9321 -0.1656 -0.3222
vn 0.9217 -0.2677 -0.2809
vn 0.8185 -0.2263 -0.5280
vn 0.9650 -0.0597 -0.2553
vn -0.4032 -0.9136 -0.0534
vn 0.4161 -0.9019 -0.1163
vn 0.2625 -0.9236 -0.2794
vn 0.3100 -0.9170 -0.2512
vn 0.6709 -0.3704 -0.6424
vn 0.4400 -0.8930 -0.0943
vn -0.7922 -0.3910 -0.4686
vn -0.8866 -0.1855 -0.4238
vn 0.6987 -0.4366 -0.5667
vn 0.9178 -0.3042 -0.2552
vn 0.9347 -0.2898 -0.2058
vn -0.9995 -0.0260 0.0162
vn -0.6370 -0.7415 -0.2108
vn -0.8407 -0.5221 0.1435
vn 0.6191 -0.7161 -0.3224
vn 0.6662 -0.7243 -0.1777
vn 0.8546 -0.5034 -0.1275
vn 0.9914 0.0253 -0.1284
vn -0.9825 0.1728 -0.0693
vn -0.6670 -0.7287 -0.1550
vn 0.8747 -0.4530 -0.1722
vn 0.6908 -0.7229 -0.0137
vn 0.9999 0.0095 0.0130
vn -0.9157 0.4011 -0.0258
vn -0.7485 0.6630 0.0120
vn 0.0472 0.9985 -0.0272
vn -0.3301 0.9357 0.1248
vn -0.4964 0.8681 0.0027
vn 0.2782 0.9564 -0.0883
vn 0.2613 0.9652 0.0124
vn 0.3311 0.9404 -0.0777
vn -0.1473 0.9861 -0.0771
vn -0.2751 0.9526 0.1298
vn 0.1780 0.9683 0.1754
vn 0.2863 0.9581 -0.0070
vn 0.3857 0.9037 0.1861
vn -0.4053 0.9141 -0.0137
vn -0.2549 0.9631 -0.0862
vn 0.7462 0.6639 -0.0496
vn -0.1275 0.9904 0.0539
vn -0.2898 0.9292 0.2295
vn -0.4595 0.8882 0.0032
vn 0.0963 -0.9944 -0.0430
vn 0.1820 -0.9830 0.0247
vn -0.2211 -0.9717 -0.0832
vn 0.3034 -0.9520 -0.0401
vn -0.1154 -0.9907 0.0718
vn -0.1237 -0.9878 0.0945
vn -0.9867 0.1267 0.1020
vn -0.9742 0.1512 -0.1677
vn 0.9750 -0.1453 0.1683
vn 0.8812 -0.4369 0.1807
vn 0.4445 0.1157 -0.8883
vn 0.4662 0.1266 -0.8756
vn 0.5589 0.0734 -0.8260
vn 0.5038 0.1281 -0.8543
vn 0.4662 0.1303 -0.8750
vn 0.3697 0.2901 -0.8827
vn -0.9821 0.1403 0.1255
vn -0.9818 0.1416 -0.1265
vn -0.6948 0.7156 0.0712
vn -0.4902 0.8591 0.1471
vn -0.5226 0.8508 -0.0555
vn -0.4840 0.8625 0.1481
vn -0.5826 0.8114 0.0462
vn -0.9313 0.3361 0.1405
vn -0.8991 0.2907 0.3273
vn 0.5022 0.8606 -0.0842
vn 0.5575 0.8301 -0.0118
vn 0.5045 0.8484 0.1604
vn 0.9002 0.2937 0.3216
vn 0.9475 0.2976 -0.1172
vn 0.9349 0.3165 0.1604
vn 0.4745 0.8794 0.0396
vn -0.5395 0.8387 0.0739
vn -0.5434 0.8373 -0.0603
vn -0.4895 0.8637 0.1201
vn -0.9359 0.2802 0.2133
vn 0.9637 0.1706 0.2056
vn 0.5200 0.8539 -0.0228
vn 0.4897 0.8641 0.1164
vn 0.4819 0.8705 -0.1002
vn -0.8304 0.4974 0.2510
vn -0.2272 0.9700 0.0862
vn -0.1791 0.9823 -0.0556
vn -0.8345 -0.4122 0.3656
vn -0.5231 0.8198 0.2332
vn 0.3625 0.9319 -0.0130
vn 0.5443 0.8124 0.2094
vn 0.3031 0.9528 -0.0158
vn 0.8084 0.4457 0.3845
vn -0.8295 -0.4299 0.3565
vn -0.9497 -0.3009 0.0870
vn -0.7507 0.5907 0.2957
vn 0.5397 0.8225 0.1797
vn 0.9275 -0.3633 0.0875
vn 0.9740 -0.2000 0.1061
vn 0.8179 -0.3403 0.4640
vn 0.8001 -0.4733 0.3685
vn -0.9927 -0.1202 -0.0028
vn 0.9908 -0.0609 0.1209
vn 0.9266 -0.1243 0.3548
vn 0.9748 -0.0064 0.2228
vn 0.9482 -0.0436 0.3146
vn 0.9919 -0.0618 -0.1107
vn 0.9883 -0.0078 -0.1523
vn 0.9988 0.0444 0.0192
vn -0.9824 0.0556 0.1785
vn 0.9407 0.0519 -0.3353
vn 0.9951 0.0510 -0.0842
vn 0.9446 0.0515 0.3243
vn 0.9967 0.0365 -0.0724
vn 0.1891 0.9741 0.1238
vn 0.1636 0.9831 0.0821
vn 0.4621 0.8614 0.2109
vn 0.5655 0.8177 0.1078
vn 0.3178 0.9435 0.0933
vn 0.1613 0.9836 0.0804
vn 0.3071 0.9368 0.1676
vn 0.3357 0.9111 0.2392
vn 0.1326 0.9769 0.1676
vn 0.9746 0.0530 0.2175
vn 0.9528 0.0149 0.3032
vn -0.9816 -0.0790 0.1737
vn 0.9801 0.0392 -0.1945
vn 0.9344 -0.0273 0.3552
vn 0.9904 0.0406 0.1322
vn 0.9561 -0.2271 0.1854
vn -0.9751 -0.2015 -0.0922
vn -0.8954 -0.2468 0.3706
vn 0.9547 -0.2146 0.2060
vn 0.8936 -0.1827 0.4099
vn -0.9524 -0.3047 0.0042
vn -0.9660 -0.0022 -0.2586
vn -0.4102 -0.9086 0.0787
vn -0.5270 -0.8484 -0.0499
vn -0.9305 -0.3644 0.0367
vn -0.8786 -0.4697 -0.0858
vn -0.7919 -0.5094 0.3369
vn 0.4092 -0.9124 0.0067
vn 0.3759 -0.9150 -0.1463
vn 0.3794 -0.9077 -0.1792
vn 0.0151 0.0583 -0.9982
vn 0.4215 -0.9004 0.1076
vn -0.9364 -0.2852 0.2044
vn 0.9297 -0.2942 0.2218
vn 0.9531 -0.2915 -0.0810
vn 0.9597 -0.2800 -0.0245
vn 0.6655 -0.7452 0.0414
vn 0.7378 -0.6498 0.1827
vn 0.9641 -0.2049 0.1691
vn -0.9860 -0.1373 0.0943
vn 0.8784 -0.4584 0.1353
vn -0.9633 -0.0486 0.2638
vn -0.6918 0.7041 0.1601
vn 0.5454 0.8162 -0.1908
vn 0.3620 0.9203 -0.1485
vn 0.1820 0.9805 -0.0744
vn -0.3690 0.9227 -0.1114
vn 0.9770 0.1787 0.1161
vn 0.5323 0.7834 0.3208
vn -0.6759 0.7343 0.0635
vn 0.6000 0.7956 -0.0835
vn 0.4469 0.8914 -0.0757
vn 0.4753 0.8211 0.3160
vn -0.2305 0.9685 -0.0938
vn -0.3235 -0.9387 0.1189
vn -0.7785 -0.5720 0.2585
vn -0.1236 0.9403 0.3170
vn -0.1072 0.9677 0.2283
vn -0.2341 0.7644 0.6007
vn 0.0458 -0.9959 0.0780
vn 0.2561 -0.9665 -0.0188
vn 0.2122 -0.9747 0.0699
vn 0.1005 -0.9887 -0.1108
vn 0.1862 -0.9750 -0.1214
vn 0.2589 -0.9634 0.0693
vn 0.0517 -0.9985 0.0203
vn 0.9052 0.0955 0.4140
vn 0.9836 0.1496 0.1006
vn 0.8232 -0.4190 0.3832
vn -0.9607 -0.0720 0.2680
vn -0.8614 -0.4875 0.1425
vn -0.9336 0.1596 0.3207
vn 0.9387 -0.1588 0.3059
vn 0.8176 0.1275 0.5615
vn -0.6567 0.7133 0.2448
vn 0.2881 0.5804 0.7617
vn 0.5649 0.0994 0.8191
vn 0.4104 0.3210 0.8535
vn 0.4771 0.8644 0.1587
vn -0.7005 -0.1171 -0.7040
vn -0.6773 -0.4036 -0.6151
vn 0.5522 0.6015 0.5774
vn 0.6816 0.3254 0.6554
vn 0.0693 0.0515 -0.9963
vn 0.3502 0.0591 -0.9348
vn 0.2226 0.9630 0.1519
vn -0.8609 0.3521 0.3672
vn -0.3210 0.9382 0.1295
vn -0.4689 0.8014 0.3713
vn 0.8492 0.4351 0.2993
vn 0.6780 0.5248 0.5146
vn 0.3525 0.8342 0.4242
vn 0.8368 -0.1713 0.5201
vn 0.4746 -0.2886 0.8315
vn -0.8186 -0.2329 0.5249
vn -0.5622 -0.3099 0.7667
vn -0.3724 -0.4680 0.8014
vn 0.7722 -0.2832 0.5688
vn -0.6369 -0.2157 0.7401
vn -0.9007 -0.1261 0.4158
vn -0.5283 -0.7416 0.4134
vn 0.9453 0.0209 0.3255
vn -0.8117 0.3183 -0.4898
vn -0.7456 0.0555 0.6640
vn -0.8346 0.0672 0.5467
vn -0.7762 0.0376 0.6293
vn -0.5850 0.0623 0.8086
vn -0.3026 0.0560 0.9515
vn -0.1335 0.0547 -0.9895
vn -0.4365 0.0528 -0.8981
vn -0.0005 0.7763 -0.6303
vn -0.0477 0.8085 -0.5866
vn 0.7089 0.0210 -0.7050
vn 0.9285 0.0390 -0.3694
vn 0.7902 0.0590 -0.6101
vn -0.5400 0.0253 0.8413
vn -0.0672 0.0562 0.9962
vn 0.4691 0.0212 0.8829
vn 0.0953 0.0127 0.9954
vn 0.9079 -0.4153 -0.0564
vn 0.6597 -0.7513 0.0207
vn 0.6445 -0.7609 -0.0752
vn 0.8928 0.4368 0.1103
vn 0.9238 0.3431 0.1701
vn 0.2085 0.9764 -0.0564
vn 0.7726 0.0121 0.6347
vn -0.8069 -0.1482 0.5718
vn 0.4582 -0.1942 0.8674
vn 0.2460 -0.0369 0.9686
vn -0.8323 -0.0472 0.5524
vn -0.9778 -0.0738 0.1961
vn -0.9783 0.0446 0.2026
vn 0.7723 -0.0702 0.6314
vn 0.4836 -0.3026 0.8213
vn 0.6181 0.0043 0.7861
vn -0.6645 -0.2038 0.7189
vn -0.4391 -0.0786 0.8950
vn -0.1225 -0.1523 0.9807
vn 0.3866 -0.1928 0.9019
vn 0.3470 -0.2846 0.8937
vn 0.4375 -0.2990 0.8481
vn 0.7731 -0.2638 0.5768
vn 0.7243 -0.3986 0.5626
vn -0.8300 -0.3250 0.4532
vn -0.5647 -0.3941 0.7252
vn -0.4724 -0.0354 0.8807
vn 0.8902 -0.2881 0.3529
vn 0.5162 0.8459 -0.1341
vn -0.4931 -0.5363 0.6851
vn -0.4524 -0.5680 0.6876
vn -0.3849 -0.9165 0.1091
vn -0.3523 -0.9274 0.1254
vn -0.2692 -0.9333 0.2375
vn -0.2416 -0.8906 0.3853
vn -0.9001 -0.2994 0.3166
vn -0.7647 -0.2947 0.5730
vn -0.7782 -0.5364 0.3265
vn 0.9105 -0.3759 0.1723
vn 0.3961 -0.8963 0.1994
vn 0.5501 -0.8224 0.1450
vn 0.8005 -0.2978 0.5200
vn 0.8899 -0.2713 0.3666
vn -0.9401 -0.1272 0.3163
vn 0.9521 0.0151 -0.3056
vn 0.8590 -0.0315 -0.5110
vn -0.8019 -0.2682 0.5339
vn 0.5612 -0.7455 0.3596
vn 0.7511 -0.4994 0.4317
vn 0.8775 0.0123 0.4795
vn -0.0074 -1.0000 -0.0003
vn -0.0063 -1.0000 -0.0002
vn -0.3345 -0.9423 -0.0114
vn 0.6313 -0.7370 0.2413
vn 0.9053 -0.1970 0.3763
vn 0.7077 -0.5914 0.3866
vn -0.0516 0.9264 -0.3731
vn -0.2644 0.9139 -0.3079
vn -0.2925 0.9238 -0.2471
vn 0.7822 0.5659 0.2604
vn 0.6841 0.4680 0.5595
vn -0.3074 0.9361 0.1709
vn 0.3541 0.8968 -0.2652
vn 0.4062 0.8014 -0.4390
vn 0.8576 0.4012 0.3217
vn 0.6197 0.7533 0.2205
vn -0.3623 0.8924 -0.2691
vn -0.5420 -0.6732 0.5031
vn -0.0846 -0.9885 0.1256
vn 0.1867 -0.9580 -0.2176
vn -0.0875 -0.9830 -0.1616
vn 0.3912 -0.8422 0.3710
vn 0.7825 -0.2564 0.5675
vn -0.5558 -0.8056 0.2050
vn -0.7161 -0.5490 0.4309
vn -0.3570 -0.8604 0.3637
vn 0.0308 -0.9763 -0.2144
vn 0.0124 -0.9856 -0.1684
vn -0.0484 -0.9875 -0.1499
vn 0.7801 -0.5408 0.3147
vn 0.6825 -0.6133 0.3976
vn 0.5434 -0.6823 0.4889
vn 0.7426 0.1475 0.6533
vn -0.8806 -0.0727 0.4682
vn -0.6475 -0.4084 0.6433
vn 0.8195 0.0729 0.5684
vn -0.8130 0.1919 0.5497
vn -0.2938 0.1440 0.9449
vn -0.2567 -0.3801 0.8886
vn -0.2202 -0.0494 0.9742
vn -0.5843 0.5905 0.5567
vn -0.4574 0.5394 0.7069
vn -0.3811 0.3269 0.8648
vn -0.8747 -0.2976 -0.3826
vn 0.4499 0.0450 0.8919
vn -0.0346 0.9362 0.3498
vn 0.2407 0.8340 0.4965
vn 0.1091 0.9688 0.2227
vn -0.2219 0.7625 0.6077
vn 0.2337 0.6090 0.7580
vn -0.5854 -0.3485 0.7320
vn -0.1623 -0.2975 0.9408
vn -0.1585 -0.4290 0.8893
vn 0.3372 -0.4086 0.8482
vn -0.1430 -0.3706 0.9177
vn -0.2826 -0.1577 0.9462
vn -0.4332 -0.0925 0.8966
vn -0.6300 -0.1164 0.7678
vn -0.0431 -0.1250 0.9912
vn 0.2308 -0.6396 -0.7332
vn 0.1409 -0.7890 -0.5981
vn 0.2822 -0.7755 -0.5647
vn 0.3695 -0.6702 -0.6436
vn -0.6474 0.0084 0.7621
vn -0.7331 -0.0602 0.6774
vn 0.0623 0.8499 -0.5232
vn -0.0161 0.4704 -0.8823
vn -0.0483 0.9202 -0.3884
vn 0.5747 0.4030 -0.7122
vn 0.6660 0.0059 -0.7460
vn 0.5295 0.3295 -0.7817
vn -0.2901 0.0276 0.9566
vn -0.3671 0.0576 0.9284
vn -0.5091 0.0556 0.8589
vn -0.1112 0.0332 0.9932
vn 0.2203 0.0265 0.9751
vn -0.8405 0.3552 -0.4092
vn -0.8662 0.1234 -0.4843
vn 0.2185 -0.2614 0.9402
vn -0.1621 -0.0582 0.9851
vn -0.1649 -0.3156 0.9345
vn -0.0524 -0.9039 0.4245
vn 0.1866 -0.8996 0.3949
vn 0.0716 -0.8764 0.4762
vn 0.0928 -0.8163 0.5701
vn 0.2276 -0.9169 0.3279
vn -0.5307 -0.2931 0.7953
vn -0.6173 -0.5257 0.5853
vn 0.0298 -0.4416 0.8967
vn 0.0267 -0.9087 0.4166
vn -0.1059 -0.9203 0.3765
vn -0.2701 -0.8572 0.4384
vn 0.4494 -0.5164 0.7290
vn 0.1224 -0.9143 0.3862
vn 0.2780 -0.3221 0.9050
vn 0.0620 -0.3068 0.9498
vn -0.1776 -0.3221 0.9299
vn 0.3328 -0.9129 0.2362
vn 0.2343 -0.9262 0.2954
vn 0.1686 -0.9252 0.3399
vn 0.5889 -0.3013 0.7500
vn 0.5919 -0.5371 0.6010
vn 0.1486 -0.2891 0.9457
vn 0.5255 -0.2872 0.8009
vn 0.4882 -0.2765 0.8278
vn -0.4218 -0.5254 0.7389
vn 0.3569 -0.5380 0.7637
vn -0.7021 -0.5272 0.4787
vn -0.5363 -0.5942 0.5995
vn -0.4652 -0.5360 0.7045
vn 0.6201 -0.4616 0.6343
vn 0.3312 -0.7362 0.5902
vn 0.5887 0.1215 0.7992
vn 0.6316 -0.4812 0.6078
vn 0.7214 0.0877 0.6869
vn -0.8547 0.1608 0.4936
vn -0.6410 0.3763 0.6690
vn -0.4841 0.6963 0.5299
vn -0.4855 0.8333 0.2644
vn 0.0449 0.9616 -0.2709
vn 0.2157 0.9349 -0.2819
vn 0.2453 0.9138 -0.3236
vn -0.2142 0.8923 -0.3974
vn 0.4788 0.4898 0.7286
vn -0.0133 0.9902 -0.1388
vn 0.0946 0.9883 0.1196
vn -0.0809 0.9943 0.0697
vn -0.7966 0.2094 0.5671
vn 0.1451 0.8286 -0.5408
vn 0.1298 0.9822 -0.1356
vn -0.0458 0.8639 -0.5016
vn -0.1774 0.8232 -0.5393
vn -0.4898 0.7974 -0.3526
vn -0.2100 0.9127 -0.3505
vn -0.1300 0.9569 -0.2597
vn 0.7210 0.4161 0.5541
vn 0.0141 -0.9840 0.1778
vn -0.1547 -0.8596 0.4870
vn 0.0229 -0.7916 0.6107
vn 0.4364 -0.5133 0.7390
vn 0.1886 -0.8123 0.5519
vn -0.3099 -0.7059 0.6369
vn -0.0793 -0.9724 0.2194
vn 0.3802 -0.5105 0.7713
vn 0.6405 -0.3907 0.6612
vn 0.1427 -0.9357 0.3227
vn -0.6306 -0.0894 0.7710
vn 0.6382 -0.1280 0.7592
vn 0.4863 0.1674 0.8576
vn 0.3763 -0.0745 0.9235
vn -0.0768 -0.5375 -0.8398
vn -0.3512 -0.0997 -0.9310
vn 0.2229 -0.0631 -0.9728
vn -0.7246 0.0592 0.6866
vn -0.5067 -0.1394 0.8508
vn -0.6216 0.1802 0.7623
vn 0.5721 -0.0278 0.8197
vn 0.5368 0.1889 0.8223
vn -0.3743 0.8705 0.3195
vn -0.2842 0.8876 0.3625
vn -0.1805 0.8758 0.4477
vn -0.2049 0.8677 0.4529
vn 0.0054 0.2728 0.9621
vn -0.1501 0.3359 0.9298
vn 0.4202 0.2815 0.8627
vn 0.2601 0.8621 0.4349
vn 0.2206 0.8653 0.4500
vn 0.0973 0.8758 0.4728
vn 0.7381 0.2928 0.6078
vn -0.1999 0.2779 0.9396
vn 0.3979 0.2966 0.8682
vn 0.3283 0.3259 0.8866
vn 0.1501 0.2807 0.9480
vn 0.1975 0.8588 0.4727
vn 0.2831 0.8625 0.4194
vn 0.3304 0.8620 0.3845
vn 0.1261 -0.5452 0.8288
vn -0.2908 -0.6557 0.6968
vn -0.2162 -0.5412 0.8126
vn -0.0787 -0.6256 0.7762
vn -0.0379 -0.4926 0.8694
vn 0.0882 -0.7235 0.6847
vn 0.1534 -0.6960 0.7014
vn 0.1040 -0.2756 0.9556
vn 0.3129 -0.7097 0.6312
vn 0.4452 -0.0678 0.8929
vn -0.8169 -0.5614 0.1324
vn -0.6563 -0.7518 0.0629
vn -0.9783 -0.2071 0.0052
vn -0.1747 -0.5374 0.8250
vn -0.3965 -0.3581 0.8453
vn -0.0783 -0.7287 0.6804
vn -0.0789 -0.1934 0.9779
vn -0.1473 0.0823 0.9857
vn 0.3974 -0.4280 0.8117
vn 0.5246 0.0728 0.8482
vn 0.1841 0.0035 0.9829
vn 0.1357 -0.5118 0.8483
vn -0.5764 -0.1676 0.7998
vn 0.0188 0.9998 -0.0092
vn 0.1385 0.9819 -0.1292
vn -0.3902 0.3528 0.8504
vn -0.3236 0.0454 0.9451
vn 0.1274 0.7323 0.6689
vn -0.0391 0.8256 0.5629
vn 0.2498 0.3755 0.8925
vn -0.2983 0.6589 0.6905
vn -0.2110 0.8487 0.4849
vn -0.5277 0.4183 0.7393
vn -0.2960 0.3955 0.8695
vn 0.0916 0.9852 0.1451
vn 0.0403 0.2946 0.9548
vn -0.0358 0.8790 -0.4755
vn -0.0016 0.9822 0.1879
vn 0.0109 0.9776 0.2104
vn 0.1636 0.9283 0.3339
vn 0.2113 0.9416 0.2624
vn 0.1405 0.9112 0.3872
vn 0.3439 0.2555 0.9036
vn 0.5508 0.3614 0.7524
vn 0.1520 0.9706 0.1864
vn 0.0852 0.9861 0.1424
vn -0.1676 -0.5286 0.8322
vn -0.3889 -0.6194 0.6820
vn 0.1342 -0.2450 0.9602
vn -0.2948 -0.9002 -0.3206
vn -0.4367 -0.7234 -0.5348
vn -0.3378 -0.5978 -0.7270
vn -0.0787 -0.9465 -0.3129
vn 0.0466 -0.9036 -0.4258
vn 0.1312 -0.7834 -0.6075
vn 0.2837 -0.8419 -0.4590
vn 0.3318 -0.5271 -0.7823
vn 0.5936 -0.2403 -0.7681
vn -0.0005 -0.8919 0.4523
vn -0.1016 -0.5824 0.8065
vn 0.1868 -0.5015 0.8447
vn 0.4920 0.6782 0.5459
vn 0.4035 0.6977 0.5919
vn 0.3400 0.8347 0.4333
vn -0.0665 -0.1255 0.9899
vn 0.1814 0.1545 0.9712
vn 0.3889 0.1783 -0.9039
vn 0.3613 0.0336 -0.9318
vn 0.0859 -0.2553 -0.9630
vn -0.0403 -0.0245 -0.9989
vn -0.0378 -0.0927 -0.9950
vn 0.0864 -0.2359 -0.9679
vn -0.3650 0.1588 0.9174
vn -0.2833 -0.2648 0.9217
vn 0.0102 -0.1048 0.9944
vn -0.2109 0.1096 0.9714
vn 0.0136 0.1786 0.9838
vn 0.7277 0.1023 -0.6783
vn 0.6563 -0.3873 -0.6475
vn 0.6446 -0.1598 -0.7476
vn 0.2968 0.0275 0.9546
vn -0.0687 0.8691 0.4898
vn 0.0003 0.8701 0.4928
vn 0.0736 0.8488 -0.5235
vn -0.8386 0.3109 0.4473
vn 0.5133 0.3073 -0.8013
vn 0.1725 0.3060 -0.9363
vn -0.1686 -0.0242 0.9854
vn 0.1173 0.8840 0.4525
vn 0.1470 0.8109 0.5664
vn 0.0213 0.8809 0.4728
vn -0.0865 -0.3152 -0.9451
vn 0.1579 -0.7168 -0.6791
vn -0.1615 -0.6616 -0.7323
vn 0.3419 0.2203 -0.9135
vn 0.4941 -0.1631 -0.8540
vn 0.2350 -0.1407 -0.9617
vn 0.5983 0.0943 -0.7957
vn -0.4076 -0.2100 -0.8887
vn -0.2839 0.3497 -0.8928
vn -0.6008 0.1078 -0.7921
vn 0.0645 -0.0520 -0.9966
vn 0.0229 0.7188 -0.6949
vn -0.2201 0.6455 -0.7314
vn 0.2083 0.6184 -0.7578
vn 0.5545 0.4460 -0.7026
vn -0.3955 -0.9024 -0.1710
vn -0.4697 -0.7932 -0.3876
vn -0.2205 -0.9739 -0.0538
vn -0.0323 -0.9723 0.2314
vn -0.2624 0.9420 -0.2094
vn -0.2037 0.9705 -0.1291
vn -0.1489 0.9783 -0.1439
vn 0.6142 -0.6474 -0.4512
vn -0.7988 -0.2150 -0.5619
vn -0.6205 -0.2503 -0.7432
vn -0.8708 -0.0513 -0.4889
vn 0.9436 0.0574 0.3262
vn -0.5005 0.3026 -0.8112
vn 0.4112 0.8434 -0.3457
vn 0.2984 0.8723 -0.3873
vn 0.2475 0.8893 -0.3845
vn 0.4404 0.8579 -0.2646
vn 0.4912 0.7569 -0.4310
vn 0.4666 0.8702 -0.1582
vn -0.0539 0.4611 -0.8857
vn -0.2194 0.3140 -0.9237
vn 0.1131 0.3248 -0.9390
vn 0.2260 0.5645 -0.7938
vn -0.9559 0.0291 -0.2921
vn -0.0610 0.8209 -0.5678
vn 0.5649 -0.7686 0.3001
vn 0.6752 -0.5790 0.4569
vn 0.7597 -0.5663 0.3197
vn 0.9026 -0.0039 0.4306
vn 0.8676 0.0466 0.4950
vn 0.9312 0.0068 0.3645
vn -0.6771 0.0564 0.7337
vn -0.6235 0.0011 0.7818
vn -0.8641 0.0419 0.5015
vn -0.3121 0.4591 0.8318
vn -0.3650 0.3859 0.8473
vn 0.1487 0.0394 -0.9881
vn -0.0225 -0.9173 -0.3977
vn 0.0820 -0.9110 -0.4042
vn -0.1408 -0.9188 -0.3687
vn 0.1854 -0.9103 -0.3702
vn -0.4447 -0.2859 -0.8488
vn -0.0317 -0.2980 -0.9540
vn -0.4195 -0.2995 -0.8569
vn -0.0484 -0.5267 -0.8487
vn 0.3754 -0.3023 -0.8762
vn 0.1851 -0.5248 -0.8308
vn 0.4529 -0.5302 -0.7168
vn 0.6723 -0.2980 -0.6776
vn 0.6678 -0.5153 -0.5371
vn -0.5826 -0.7040 -0.4062
vn -0.6101 -0.4717 -0.6367
vn -0.3927 -0.6218 -0.6776
vn -0.8292 0.0309 -0.5580
vn -0.3035 -0.7509 -0.5865
vn 0.6922 -0.4017 -0.5996
vn -0.7971 0.3410 -0.4984
vn -0.5845 0.4306 -0.6877
vn -0.4988 0.8275 -0.2579
vn 0.2738 0.9540 0.1218
vn 0.4196 0.8042 0.4209
vn 0.1288 0.9572 0.2593
vn 0.3680 0.6359 -0.6784
vn 0.4771 0.5542 -0.6821
vn 0.4321 0.4320 -0.7916
vn 0.3363 0.5315 -0.7774
vn 0.0915 0.9000 0.4263
vn 0.3628 0.7976 0.4818
vn -0.0221 0.9995 0.0247
vn -0.0086 0.9314 0.3638
vn 0.0725 0.9922 -0.1015
vn -0.2186 0.8591 0.4627
vn -0.2116 0.9470 0.2416
vn 0.8112 0.2834 -0.5115
vn 0.6646 0.6580 -0.3541
vn 0.1496 -0.9741 0.1698
vn 0.2443 -0.9692 0.0322
vn 0.1651 -0.9818 0.0935
vn 0.1085 -0.9756 0.1911
vn -0.9993 0.0191 -0.0337
vn -0.9596 0.0116 0.2812
vn -0.2353 -0.9709 0.0442
vn 0.5769 -0.7932 -0.1948
vn 0.8934 -0.2070 -0.3987
vn 0.8950 -0.4124 -0.1703
vn -0.8614 -0.4954 -0.1118
vn -0.9578 -0.0370 -0.2850
vn -0.8870 -0.2849 -0.3634
vn 0.8829 0.1505 -0.4448
vn 0.9820 0.1364 -0.1308
vn 0.9954 -0.0897 -0.0327
vn 0.9210 0.2923 -0.2576
vn 0.7935 0.3271 -0.5132
vn 0.4578 0.8877 -0.0497
vn -0.9007 0.3094 -0.3051
vn -0.6805 0.6439 -0.3497
vn -0.3573 0.8756 -0.3250
vn -0.0046 0.9713 -0.2377
vn 0.5209 0.8067 -0.2793
vn 0.7748 0.4883 -0.4015
vn 0.8144 -0.4602 -0.3536
vn 0.4122 -0.4801 -0.7743
vn 0.6338 -0.4008 -0.6615
vn -0.0689 -0.2927 -0.9537
vn -0.5024 -0.2702 -0.8213
vn -0.3847 -0.3912 -0.8361
vn -0.7208 -0.3948 -0.5697
vn -0.0156 -0.3779 -0.9257
vn 0.3520 -0.3181 -0.8803
vn 0.6744 -0.1912 -0.7132
vn 0.8459 -0.3220 -0.4253
vn 0.8921 -0.1395 -0.4299
vn 0.2294 -0.1698 -0.9584
vn -0.8268 -0.1274 -0.5479
vn 0.5831 -0.0863 -0.8078
vn -0.7429 -0.0183 -0.6691
vn 0.9344 0.0066 -0.3562
vn 0.8249 -0.0376 -0.5640
vn 0.7898 0.0485 -0.6114
vn 0.5480 0.0330 -0.8358
vn 0.4936 0.0550 -0.8680
vn -0.0046 0.0507 -0.9987
vn 0.3088 0.0678 -0.9487
vn -0.2437 0.0502 -0.9686
vn 0.3805 -0.7003 0.6040
vn 0.5182 -0.2585 0.8153
vn 0.6088 -0.3205 0.7257
vn -0.4310 0.0586 -0.9004
vn -0.4468 -0.1950 -0.8731
vn -0.1443 -0.0246 -0.9892
vn 0.8418 -0.1785 -0.5093
vn 0.6712 0.0169 -0.7411
vn 0.5795 -0.1834 -0.7941
vn 0.2459 -0.2363 -0.9400
vn -0.0650 -0.2373 -0.9693
vn -0.3251 -0.3169 -0.8910
vn 0.2676 -0.0094 -0.9635
vn 0.7310 -0.2775 -0.6234
vn 0.9154 -0.2117 -0.3424
vn -0.7816 -0.2769 -0.5589
vn -0.7165 -0.3038 -0.6279
vn -0.9268 -0.2974 -0.2295
vn -0.7005 -0.3959 -0.5937
vn -0.7756 -0.2434 -0.5824
vn -0.1170 -0.9091 -0.3997
vn 0.2322 -0.3423 -0.9104
vn 0.3622 -0.8436 -0.3965
vn -0.8428 -0.5189 -0.1428
vn -0.6713 -0.6953 -0.2569
vn 0.8914 -0.3673 -0.2654
vn 0.7909 -0.5239 -0.3162
vn 0.8733 -0.2948 -0.3879
vn -0.9470 0.0744 -0.3125
vn -0.8984 0.4156 -0.1418
vn 0.5237 0.8511 0.0372
vn 0.5582 0.8199 0.1270
vn -0.1635 0.9835 0.0772
vn -0.3244 0.8992 0.2937
vn -0.2788 0.9520 0.1267
vn 0.9164 0.3274 -0.2304
vn -0.5023 -0.8632 0.0504
vn 0.6432 -0.7650 0.0321
vn -0.9854 0.1532 -0.0747
vn -0.9204 0.1856 -0.3443
vn -0.9976 -0.0609 0.0328
vn -0.4843 0.8708 0.0846
vn -0.4926 0.8570 -0.1511
vn -0.6209 0.7828 -0.0406
vn 0.5043 0.8581 0.0967
vn -0.9010 0.3389 -0.2708
vn -0.8765 0.4789 -0.0488
vn -0.5462 0.8374 0.0223
vn 0.8341 0.5471 -0.0705
vn 0.3029 0.9516 0.0518
vn 0.2924 0.9562 -0.0086
vn -0.4287 0.8375 -0.3387
vn -0.4330 0.8924 -0.1271
vn 0.1214 -0.4292 0.8950
vn 0.0407 -0.4903 0.8706
vn 0.9542 -0.2790 -0.1075
vn 0.8909 -0.4501 0.0605
vn 0.9894 -0.0796 -0.1213
vn -0.9956 -0.0851 -0.0382
vn -0.9195 0.0027 -0.3930
vn 0.9847 0.0762 -0.1566
vn 0.7323 0.0521 -0.6790
vn 0.9057 0.0080 -0.4238
vn 0.9103 0.1157 -0.3975
vn -0.8678 -0.3392 -0.3632
vn -0.9735 -0.0347 -0.2260
vn -0.9637 -0.2627 0.0480
vn 0.9876 -0.1086 -0.1133
vn -0.5727 -0.7954 -0.1983
vn -0.2942 -0.9253 -0.2391
vn -0.2736 -0.9306 -0.2430
vn 0.8888 -0.1788 -0.4220
vn -0.9587 -0.2833 0.0255
vn 0.6947 -0.7191 0.0127
vn 0.9439 -0.3272 0.0445
vn -0.5221 0.8520 0.0386
vn -0.2570 0.9631 -0.0803
vn 0.3444 0.9357 -0.0758
vn 0.6264 0.7777 -0.0525
vn 0.9217 0.3701 -0.1164
vn -0.5098 0.8599 -0.0258
vn -0.2348 0.9666 -0.1025
vn 0.8193 0.5590 -0.1277
vn 0.9407 0.3386 0.0198
vn -0.8628 -0.4698 0.1865
vn -0.1546 -0.9817 0.1116
vn 0.6434 -0.0029 0.7655
vn 0.7474 0.0395 0.6632
vn -0.1453 -0.9858 -0.0844
vn 0.9716 -0.1791 0.1546
vn -0.9577 0.1433 0.2497
vn -0.9401 -0.0522 0.3368
vn 0.8771 -0.1784 0.4459
vn -0.4578 0.8750 0.1578
vn -0.5296 0.8477 -0.0308
vn -0.8025 0.5177 0.2968
vn -0.4366 0.8615 0.2593
vn 0.8919 0.4521 0.0068
vn 0.7567 0.5585 0.3399
vn 0.8556 0.4111 0.3146
vn -0.9159 -0.2181 0.3370
vn -0.7373 -0.4152 0.5329
vn 0.8939 -0.3504 0.2796
vn 0.9675 -0.1684 0.1884
vn 0.7252 -0.4030 0.5583
vn -0.8972 -0.0641 0.4369
vn -0.4248 0.8676 -0.2584
vn 0.8763 0.0577 0.4783
vn -0.7784 -0.0676 0.6242
vn -0.8743 -0.1142 0.4718
vn 0.8675 0.3723 0.3299
vn -0.9104 -0.3525 0.2166
vn 0.8841 -0.4052 0.2329
vn 0.7803 -0.3861 0.4920
vn 0.7513 -0.0817 0.6549
vn -0.4605 -0.8791 -0.1230
vn -0.7391 -0.5377 0.4058
vn -0.6254 -0.5788 0.5233
vn 0.7771 -0.6265 -0.0608
vn 0.8136 -0.5812 -0.0141
vn 0.7865 -0.5388 0.3018
vn 0.5785 -0.5529 0.5997
vn -0.8366 -0.5307 0.1355
vn -0.7835 -0.5687 0.2505
vn 0.7657 -0.5969 0.2396
vn 0.5978 -0.7315 0.3279
vn -0.9200 0.2880 0.2657
vn -0.6853 0.6368 0.3533
vn 0.2051 0.9742 -0.0947
vn -0.5927 0.7999 0.0938
vn -0.6118 0.7755 -0.1557
vn 0.3447 0.9257 0.1561
vn 0.1506 0.9886 -0.0018
vn 0.1376 0.9905 -0.0052
vn 0.9294 0.1363 0.3430
vn 0.8661 0.4406 0.2362
vn 0.3195 0.9454 0.0645
vn -0.5678 -0.7726 0.2841
vn -0.8089 -0.2378 0.5377
vn 0.1854 -0.9644 -0.1886
vn 0.3079 -0.9227 -0.2321
vn 0.1438 -0.9888 -0.0413
vn 0.9523 0.1481 0.2668
vn -0.4087 0.8673 0.2843
vn -0.4083 0.8688 0.2802
vn 0.8263 0.1465 0.5439
vn -0.6522 0.4973 0.5721
vn -0.3252 0.8026 0.5002
vn -0.1646 0.6061 0.7782
vn 0.0821 0.8008 0.5933
vn -0.0458 0.9315 0.3609
vn 0.1067 0.9149 0.3893
vn 0.3583 0.8534 0.3787
vn 0.2553 0.9600 0.1152
vn 0.3628 0.5880 0.7230
vn 0.6346 0.4834 0.6030
vn 0.7981 0.3151 0.5136
vn -0.1533 -0.4615 0.8738
vn -0.4520 -0.3005 0.8399
vn -0.7376 -0.2795 0.6147
vn 0.3666 -0.4544 0.8119
vn 0.4738 -0.3096 0.8244
vn 0.0451 -0.3331 0.9418
vn 0.1326 0.8670 -0.4804
vn -0.6286 -0.1091 0.7700
vn 0.6201 -0.1044 0.7775
vn -0.1879 0.7250 -0.6627
vn -0.1915 0.7145 -0.6729
vn -0.2425 0.5422 -0.8045
vn -0.8367 0.0232 0.5472
vn -0.5671 0.0242 0.8233
vn -0.7173 0.0596 0.6942
vn -0.6333 0.7581 -0.1557
vn -0.6276 0.7635 -0.1522
vn -0.9003 0.3227 -0.2920
vn 0.0076 -0.8066 -0.5910
vn 0.0388 -0.9503 -0.3088
vn -0.0115 -0.9723 -0.2335
vn -0.2074 0.0249 0.9779
vn 0.7146 0.0513 0.6977
vn 0.2221 0.9708 0.0908
vn -0.8880 -0.1201 0.4439
vn -0.3314 -0.3431 0.8789
vn -0.4836 -0.3952 0.7810
vn 0.5419 -0.1240 0.8312
vn 0.1178 -0.3805 0.9172
vn -0.2604 -0.9262 0.2726
vn -0.1871 -0.9136 0.3610
vn -0.0953 -0.9287 0.3583
vn -0.2925 -0.5051 0.8120
vn 0.1498 -0.5464 0.8240
vn 0.4493 -0.4888 0.7478
vn 0.1542 -0.9264 0.3436
vn 0.0636 -0.9253 0.3739
vn 0.2724 -0.9192 0.2844
vn 0.2917 -0.9138 0.2826
vn 0.8465 -0.2815 0.4519
vn 0.5884 -0.2747 0.7605
vn 0.6756 -0.3023 0.6724
vn -0.5852 -0.7348 0.3431
vn -0.8440 -0.2516 0.4737
vn -0.6049 -0.6113 0.5102
vn 0.5341 0.6476 -0.5435
vn 0.6966 0.2900 -0.6562
vn 0.4427 0.6937 -0.5682
vn 0.8177 -0.3738 0.4377
vn 0.8018 0.0411 0.5961
vn -0.7148 0.3970 0.5758
vn 0.0992 0.8711 -0.4810
vn 0.2962 0.7973 -0.5259
vn 0.3396 0.9012 -0.2694
vn -0.3954 0.8099 -0.4333
vn 0.5672 0.4660 -0.6790
vn 0.1583 0.9771 0.1423
vn 0.7672 0.3360 0.5464
vn -0.3834 -0.8129 0.4383
vn -0.5384 -0.5876 0.6040
vn 0.5873 -0.2945 -0.7538
vn -0.0241 -0.9875 0.1555
vn 0.0455 -0.9836 -0.1743
vn -0.0530 -0.9750 -0.2158
vn -0.0285 -0.9973 -0.0675
vn -0.7522 0.6508 -0.1033
vn -0.8462 0.4984 -0.1883
vn -0.8155 0.5772 -0.0426
vn 0.6632 -0.5669 0.4885
vn 0.5797 -0.3064 0.7550
vn -0.6121 0.1015 0.7843
vn -0.8184 0.1504 0.5546
vn 0.3489 0.8412 0.4131
vn 0.4261 0.8512 0.3065
vn 0.4154 0.8756 0.2466
vn 0.2658 0.8603 0.4349
vn 0.5543 0.5884 0.5887
vn -0.4140 0.4006 0.8174
vn -0.5834 0.3190 0.7469
vn 0.0961 0.4445 0.8906
vn -0.1679 0.3241 0.9310
vn 0.3324 0.3318 0.8828
vn 0.6371 -0.0597 0.7685
vn -0.0397 -0.9079 0.4172
vn -0.1773 -0.7315 0.6584
vn -0.2956 -0.2852 0.9117
vn 0.0291 -0.2968 0.9545
vn -0.1992 -0.5301 0.8242
vn 0.3556 -0.3048 0.8835
vn 0.2278 -0.2760 0.9338
vn -0.5631 -0.3122 0.7652
vn -0.4897 -0.5408 0.6839
vn 0.4217 -0.7163 0.5560
vn 0.5996 -0.6140 0.5133
vn 0.2584 -0.7404 0.6205
vn 0.1262 -0.7519 0.6471
vn 0.6078 -0.2668 0.7479
vn -0.4565 0.6539 0.6033
vn -0.4729 0.3559 0.8060
vn 0.0925 0.9833 -0.1565
vn -0.0185 0.7514 -0.6596
vn 0.0471 0.7264 -0.6857
vn 0.3844 0.7512 0.5366
vn 0.3433 0.5730 0.7442
vn 0.5561 0.4249 0.7143
vn 0.3686 0.2137 0.9047
vn -0.1306 -0.7519 0.6462
vn -0.3075 -0.6977 0.6471
vn -0.6485 0.0687 0.7581
vn -0.4866 0.0948 0.8685
vn -0.3954 0.1471 0.9067
vn -0.2613 0.1399 0.9551
vn -0.1854 -0.4170 0.8898
vn -0.1099 0.1686 0.9795
vn 0.3977 0.0227 0.9172
vn 0.4600 0.1659 0.8723
vn 0.1952 0.1518 0.9689
vn 0.7609 0.0927 0.6422
vn 0.6568 0.0857 0.7491
vn 0.0275 0.8661 0.4991
vn 0.1113 0.8696 0.4811
vn 0.2846 0.7982 0.5310
vn -0.0546 0.8676 0.4942
vn 0.0918 0.2919 0.9520
vn -0.2302 0.0399 0.9723
vn -0.2736 -0.4711 0.8386
vn -0.0019 -0.4639 0.8859
vn 0.0563 -0.0025 0.9984
vn 0.3414 -0.1403 0.9294
vn -0.2370 0.3507 0.9060
vn -0.0071 0.9819 0.1893
vn 0.0662 0.9885 0.1357
vn -0.0080 0.9846 0.1745
vn 0.0912 0.2662 0.9596
vn 0.0383 0.9872 0.1547
vn 0.0067 0.9386 0.3448
vn 0.0483 -0.2059 0.9774
vn 0.0374 -0.4692 -0.8823
vn -0.0527 -0.0183 -0.9984
vn 0.0725 -0.0260 -0.9970
vn -0.1326 -0.0487 -0.9900
vn -0.1660 0.3550 -0.9200
vn 0.1707 -0.1032 -0.9799
vn 0.0868 0.3767 -0.9223
vn 0.1696 0.3710 -0.9130
vn -0.1939 -0.1467 -0.9700
vn -0.7871 0.0642 0.6135
vn -0.4799 0.8518 -0.2101
vn -0.5502 0.8286 -0.1040
vn 0.1852 0.9801 -0.0720
vn 0.1273 0.9839 -0.1252
vn 0.0230 0.9840 -0.1768
vn 0.0571 0.9849 -0.1634
vn -0.8237 -0.1324 -0.5514
vn 0.3000 -0.5391 -0.7870
vn 0.2838 -0.7190 -0.6344
vn 0.2190 -0.6660 -0.7131
vn -0.3719 -0.4832 -0.7926
vn -0.7360 -0.6664 0.1192
vn -0.9661 -0.0996 0.2381
vn -0.9760 -0.1198 -0.1818
vn 0.4665 0.0769 -0.8812
vn 0.7479 0.0012 -0.6638
vn -0.1742 0.9692 -0.1741
vn 0.5175 0.3043 -0.7997
vn 0.1075 0.8520 0.5124
vn 0.1539 0.4464 0.8815
vn 0.1599 0.8553 0.4928
vn 0.5178 -0.4807 -0.7077
vn 0.5957 0.0622 -0.8008
vn 0.0754 0.0447 0.9961
vn 0.9920 -0.1233 0.0282
vn -0.5077 -0.8469 -0.1584
vn -0.5112 -0.8439 -0.1628
vn -0.5795 -0.7750 -0.2522
vn -0.2542 0.9533 0.1628
vn -0.4419 0.8437 0.3048
vn -0.3036 0.9295 0.2097
vn -0.2093 0.9622 0.1743
vn 0.6384 0.3197 -0.7001
vn 0.5453 0.4903 -0.6799
vn 0.6482 0.4658 -0.6024
vn -0.2168 0.8358 0.5045
vn -0.5076 0.7954 0.3311
vn -0.2229 -0.8827 0.4138
vn -0.2435 -0.8080 0.5365
vn -0.3137 -0.8269 0.4667
vn -0.9874 -0.1533 -0.0385
vn 0.9383 0.3034 0.1658
vn 0.9061 0.0014 0.4230
vn 0.8838 0.0001 0.4679
vn 0.9430 0.0001 0.3327
vn 0.7137 -0.3746 -0.5919
vn 0.4942 -0.7566 -0.4283
vn -0.9874 -0.1463 -0.0599
vn -0.9026 -0.4056 -0.1443
vn -0.7885 -0.6138 -0.0401
vn 0.8118 -0.0308 -0.5831
vn 0.7331 0.6262 -0.2653
vn 0.6462 0.6830 -0.3404
vn 0.5920 0.7051 -0.3905
vn 0.5904 0.7711 -0.2383
vn -0.6268 0.3057 0.7167
vn -0.7735 -0.6104 -0.1707
vn -0.9876 -0.1267 -0.0931
vn -0.9734 -0.1817 0.1394
vn 0.4805 0.0525 0.8754
vn 0.8505 -0.1095 -0.5144
vn -0.4125 0.7339 -0.5397
vn -0.4191 0.7263 -0.5448
vn -0.5198 0.5940 -0.6140
vn 0.5655 -0.2954 0.7701
vn 0.8154 0.3091 0.4895
vn -0.8338 0.4051 0.3750
vn -0.8988 0.3238 0.2956
vn -0.2586 0.2760 -0.9257
vn -0.3328 0.5664 -0.7539
vn -0.4968 0.0296 0.8674
vn 0.9149 -0.1106 -0.3882
vn 0.8577 0.2574 -0.4451
vn 0.3944 0.9175 0.0508
vn -0.2900 -0.8571 -0.4259
vn -0.3721 -0.6530 -0.6597
vn -0.7860 0.0546 -0.6158
vn -0.9435 0.3244 -0.0683
vn -0.8809 0.4711 0.0467
vn -0.8729 0.3634 -0.3255
vn 0.1541 0.0020 -0.9881
vn 0.3528 0.0009 -0.9357
vn 0.3089 0.0004 -0.9511
vn 0.1831 -0.0087 -0.9830
vn -0.9654 -0.0501 0.2559
vn -0.9958 -0.0088 -0.0915
vn -0.9660 0.0019 -0.2587
vn -0.9756 0.0017 -0.2194
vn -0.9424 0.0060 -0.3345
vn 0.2746 -0.7770 0.5664
vn 0.1288 -0.7895 0.6001
vn 0.1512 -0.7930 0.5901
vn 0.3692 -0.6617 0.6525
vn 0.9978 0.0601 0.0289
vn 0.8916 0.0719 -0.4472
vn -0.7317 0.0496 -0.6799
vn -0.9125 0.0186 -0.4087
vn -0.8638 0.0605 -0.5002
vn -0.7208 -0.6540 -0.2296
vn -0.7262 0.6068 -0.3231
vn -0.6825 0.6957 -0.2242
vn -0.5953 0.7682 -0.2355
vn -0.6078 0.7221 -0.3304
vn 0.2213 -0.0084 -0.9752
vn 0.0664 0.0428 -0.9969
vn -0.8074 0.5527 0.2062
vn -0.7119 0.5620 0.4210
vn 0.9421 0.2761 -0.1904
vn 0.8583 0.4583 -0.2307
vn 0.8777 0.4666 -0.1094
vn 0.4773 0.0559 0.8769
vn 0.5091 0.0170 0.8605
vn -0.9691 0.1636 -0.1849
vn -0.0995 0.9569 -0.2727
vn -0.1547 0.9378 -0.3107
vn -0.0196 0.7513 -0.6596
vn 0.0586 0.8783 -0.4745
vn -0.0466 -0.7835 -0.6197
vn -0.2038 -0.6492 -0.7328
vn -0.2125 -0.7688 -0.6031
vn 0.0265 -0.7928 -0.6089
vn -0.1362 -0.0254 -0.9904
vn -0.1370 0.0531 -0.9891
vn -0.1353 -0.0697 -0.9883
vn -0.1331 -0.1506 -0.9796
vn 0.2168 -0.0879 -0.9723
vn 0.0540 -0.7030 -0.7091
vn -0.1901 0.9626 -0.1932
vn -0.4945 0.7090 -0.5028
vn -0.4257 0.6289 -0.6506
vn -0.2627 0.6735 -0.6909
vn 0.2339 0.8966 -0.3761
vn 0.3156 0.5108 -0.7997
vn 0.4655 0.7532 -0.4647
vn 0.1613 0.8780 -0.4506
vn -0.3532 0.6843 -0.6380
vn -0.4817 0.1685 -0.8600
vn -0.3815 0.1175 -0.9169
vn -0.1680 0.4750 -0.8638
vn -0.1595 0.2331 -0.9593
vn 0.0828 0.6077 -0.7899
vn 0.0251 0.3238 -0.9458
vn -0.2984 -0.6311 0.7160
vn -0.4935 -0.6264 0.6034
vn -0.5458 -0.4285 0.7201
vn -0.3648 -0.4455 0.8176
vn -0.3480 -0.4028 -0.8466
vn -0.3524 -0.6261 -0.6955
vn -0.1550 -0.4203 -0.8940
vn 0.2936 -0.4583 -0.8389
vn 0.0373 -0.4044 -0.9138
vn 0.0300 -0.3990 -0.9164
vn 0.7487 0.2580 0.6106
vn 0.8048 0.2993 0.5126
vn 0.7194 0.4646 0.5164
vn -0.2803 0.5946 -0.7535
vn -0.4176 0.5654 -0.7114
vn -0.3453 0.6810 -0.6458
vn 0.1166 0.6706 -0.7326
vn 0.3704 0.6888 -0.6232
vn 0.3259 0.5770 -0.7489
vn -0.6259 0.3939 0.6731
vn 0.6497 0.1494 -0.7454
vn -0.4918 0.7335 -0.4692
vn -0.6613 0.6199 -0.4223
vn -0.6029 0.0552 -0.7959
vn -0.7095 0.1512 -0.6883
vn 0.6974 0.5944 -0.4003
vn 0.5526 -0.6657 -0.5015
vn 0.8809 -0.4701 -0.0545
vn 0.9942 0.0075 -0.1071
vn 0.9995 -0.0038 -0.0311
vn 0.8602 -0.4975 -0.1121
vn -0.2114 -0.7517 -0.6247
vn -0.6327 0.7410 -0.2249
vn 0.6927 0.6878 -0.2171
vn 0.2414 0.9583 -0.1531
vn 0.2576 0.9567 -0.1352
vn 0.2595 0.9628 -0.0755
vn -0.7195 0.6132 -0.3261
vn -0.8558 0.0819 -0.5107
vn 0.7698 0.4152 -0.4848
vn 0.7042 0.6898 -0.1681
vn 0.8686 -0.1515 -0.4717
vn -0.7483 -0.5861 -0.3107
vn -0.5336 -0.7776 -0.3326
vn 0.6997 -0.6345 -0.3285
vn 0.9128 -0.4083 0.0061
vn -0.0362 -0.3684 -0.9290
vn 0.0620 -0.7062 -0.7053
vn -0.0475 -0.7381 -0.6730
vn -0.9997 0.0229 -0.0019
vn -0.8393 0.5159 -0.1713
vn 0.9425 0.2006 -0.2675
vn -0.6191 -0.7600 -0.1979
vn -0.6399 -0.7683 -0.0186
vn 0.9918 0.0584 -0.1133
vn 0.8250 -0.5611 -0.0672
vn 0.7264 -0.6826 -0.0800
vn -0.8552 -0.5121 -0.0801
vn 0.7329 0.6803 -0.0086
vn 0.3825 0.9206 0.0791
vn -0.7665 0.6397 0.0571
vn -0.6670 0.7446 -0.0254
vn -0.8908 0.4325 0.1390
vn 0.9866 0.1593 0.0362
vn -0.6337 -0.7683 0.0904
vn 0.6349 -0.7726 0.0027
vn 0.5992 -0.7737 -0.2058
vn -0.3696 -0.8953 -0.2488
vn -0.1826 -0.9764 -0.1155
vn -0.0116 -0.9999 -0.0081
vn -0.4119 0.9066 0.0917
vn 0.9641 0.1651 0.2081
vn 0.9689 0.1273 0.2123
vn 0.7430 -0.6477 0.1688
vn 0.8676 -0.4547 0.2013
vn 0.6878 -0.7258 0.0125
vn 0.9960 -0.0734 0.0518
vn 0.8401 -0.5338 0.0962
vn -0.7663 -0.0001 0.6424
vn -0.7995 0.0012 0.6007
vn -0.8343 0.0002 0.5512
vn 0.2889 0.9384 0.1894
vn 0.6789 -0.2849 0.6768
vn 0.5803 -0.5511 0.5996
vn 0.5806 -0.5511 0.5993
vn 0.8730 0.2787 0.4002
vn 0.8253 0.2341 0.5139
vn 0.5569 -0.7773 0.2928
vn 0.6082 -0.7808 0.1429
vn 0.6440 -0.6522 0.3999
vn 0.2335 0.5310 -0.8146
vn 0.2994 0.3328 -0.8942
vn 0.0919 0.9305 -0.3546
vn 0.0688 0.8248 -0.5613
vn 0.1271 0.8775 -0.4624
vn -0.6745 0.0528 0.7364
vn -0.8520 0.0556 0.5207
vn 0.4330 0.7996 0.4161
vn -0.7107 0.1342 0.6906
vn -0.8726 0.0765 0.4825
vn -0.5289 0.6753 0.5140
vn 0.7313 0.2708 0.6260
vn 0.5551 0.7098 0.4336
vn 0.6417 0.1933 0.7422
vn -0.7786 -0.5373 0.3241
vn -0.7657 -0.2290 0.6010
vn -0.6062 -0.6544 0.4520
vn -0.5346 -0.7808 0.3232
vn 0.9854 -0.0095 0.1702
vn 0.9128 0.3935 0.1096
vn -0.9678 0.2173 0.1273
vn -0.8384 0.5277 0.1367
vn -0.2307 0.9306 0.2843
vn 0.2012 0.9396 0.2770
vn -0.6053 0.0411 0.7950
vn -0.4890 0.1790 0.8537
vn -0.3339 0.6387 0.6933
vn -0.3245 0.7435 0.5847
vn -0.3926 0.1810 0.9017
vn 0.4868 0.3041 0.8188
vn 0.3434 0.7297 0.5912
vn 0.5770 -0.4558 0.6777
vn 0.5324 -0.6292 0.5662
vn 0.3235 -0.4348 0.8404
vn 0.8566 0.0017 -0.5159
vn 0.9473 0.0014 -0.3203
vn 0.9090 -0.0018 -0.4169
vn -0.1332 0.8933 0.4293
vn -0.0550 0.7239 0.6878
vn -0.2085 0.7477 0.6305
vn 0.3151 0.7700 0.5548
vn -0.2477 0.2782 0.9280
vn -0.0391 0.1721 0.9843
vn -0.1019 0.1440 0.9843
vn 0.1465 0.2964 0.9438
vn 0.5958 0.2978 -0.7459
vn 0.3202 0.1528 0.9349
vn 0.1223 0.7298 0.6727
vn 0.1544 0.8842 0.4409
vn -0.0484 -0.3747 0.9259
vn -0.0848 -0.3491 0.9332
vn 0.1784 -0.5308 0.8285
vn -0.3616 0.6300 0.6873
vn -0.4218 0.5586 0.7142
vn -0.2066 0.6040 0.7697
vn -0.5424 0.6814 0.4913
vn -0.2726 0.7979 0.5377
vn -0.7228 0.3967 0.5659
vn -0.4907 0.7223 0.4874
vn -0.4687 0.7090 0.5269
vn -0.5176 0.7276 0.4501
vn -0.5906 0.7089 0.3855
vn 0.0378 0.7204 0.6926
vn 0.0407 0.9628 0.2672
vn -0.1106 -0.0214 0.9936
vn 0.1129 0.6475 0.7537
vn 0.3340 0.5618 0.7569
vn 0.3248 0.6758 0.6616
vn 0.0317 0.5627 0.8261
vn 0.2229 -0.0745 0.9720
vn 0.0515 -0.7145 0.6978
vn -0.0471 -0.7914 0.6095
vn 0.8488 -0.4979 0.1782
vn 0.9567 -0.0743 0.2816
vn -0.0056 0.9771 0.2127
vn 0.0913 0.3956 0.9139
vn 0.0860 0.8020 0.5911
vn -0.7403 0.0529 0.6702
vn -0.5207 0.0527 0.8521
vn 0.6914 -0.6946 0.1986
vn 0.1903 0.0421 -0.9808
vn 0.5442 -0.7940 -0.2710
vn 0.6208 -0.6623 -0.4194
vn -0.9294 -0.0054 0.3689
vn 0.9588 0.0013 0.2842
vn 0.9735 -0.0000 0.2286
vn 0.9967 0.0004 0.0808
vn 0.9861 0.0009 0.1662
vn 0.9859 0.0009 0.1672
vn -0.7515 0.6124 0.2454
vn -0.7227 0.5975 0.3474
vn 0.6546 -0.6721 0.3460
vn 0.7432 0.5152 0.4268
vn 0.7798 0.5452 0.3078
vn -0.3541 -0.9351 0.0113
vn -0.3335 -0.9389 0.0846
vn -0.5627 -0.8249 0.0551
vn 0.3325 0.0017 0.9431
vn 0.2837 -0.0003 0.9589
vn 0.3957 0.0009 0.9184
vn -0.4617 0.8449 0.2700
vn 0.3069 0.8595 0.4087
vn 0.2641 0.9025 0.3403
vn 0.1847 0.8978 0.3997
vn -0.0451 0.8126 -0.5811
vn -0.0447 0.4492 -0.8923
vn -0.1461 0.4231 -0.8942
vn 0.9662 -0.0915 -0.2411
vn -0.3421 -0.9164 0.2076
vn -0.3643 -0.9154 0.1712
vn 0.8201 -0.0841 0.5660
vn 0.7336 -0.0220 0.6792
vn 0.6920 -0.4673 0.5502
vn 0.9781 -0.0889 -0.1882
vn 0.6112 -0.5371 0.5813
vn -0.9314 0.3224 -0.1688
vn 0.4200 -0.8413 0.3402
vn 0.4422 -0.7438 0.5013
vn 0.6489 -0.0002 0.7609
vn 0.7036 0.0027 0.7106
vn 0.6035 0.0060 0.7973
vn -0.4345 0.8672 0.2432
vn -0.5327 0.7412 -0.4084
vn -0.5390 0.7017 -0.4660
vn -0.5401 0.6725 -0.5059
vn 0.3041 -0.0069 -0.9526
vn -0.8744 0.0007 0.4852
vn -0.8265 0.2313 0.5133
vn -0.8281 0.3898 0.4028
vn -0.0068 1.0000 -0.0068
vn 0.0009 1.0000 0.0017
vn 0.4631 0.5183 0.7190
vn 0.4829 0.3107 0.8187
vn 0.5622 0.3521 0.7483
vn 0.6060 0.7648 -0.2187
vn -0.5762 0.0551 -0.8154
vn -0.5828 0.0491 -0.8112
vn -0.8521 0.0573 -0.5202
vn -0.4723 0.0800 0.8778
vn -0.4170 -0.4785 0.7728
vn -0.7870 -0.1003 0.6088
vn -0.7951 -0.2000 0.5725
vn -0.9086 -0.3036 0.2867
vn -0.2759 -0.6233 0.7317
vn -0.2353 -0.7939 -0.5607
vn -0.1114 -0.9271 -0.3580
vn -0.2253 -0.8918 -0.3923
vn 0.6681 0.5976 -0.4432
vn 0.5141 0.6285 -0.5837
vn 0.4693 0.7926 -0.3892
vn 0.6699 0.6416 -0.3736
vn 0.1587 -0.6586 -0.7356
vn 0.1009 -0.4366 -0.8940
vn 0.2576 -0.1530 0.9541
vn 0.3477 0.2152 0.9126
vn 0.2824 0.2513 0.9258
vn 0.7288 0.6021 0.3262
vn 0.7292 0.6015 0.3263
vn -0.9656 0.1513 0.2114
vn 0.1849 0.3837 0.9048
vn 0.2811 0.4844 0.8285
vn -0.1058 -0.6642 -0.7401
vn -0.2002 -0.7443 -0.6372
vn -0.1890 -0.5589 -0.8074
vn -0.5207 -0.8369 0.1686
vn -0.7969 0.3165 -0.5145
vn -0.7892 0.5545 -0.2641
vn -0.7259 0.6557 -0.2076
vn -0.8213 0.5705 0.0027
vn -0.9873 0.0139 -0.1581
vn -0.1472 0.7559 -0.6379
vn 0.0041 0.8139 -0.5810
vn 0.5555 0.5435 -0.6293
vn -0.3465 0.8289 -0.4392
vn 0.2328 0.8241 -0.5163
vn 0.4278 0.8457 -0.3191
vn 0.6233 0.7585 -0.1902
vn -0.0880 0.8110 -0.5784
vn -0.1404 0.3772 -0.9154
vn 0.8082 0.5791 -0.1071
vn 0.7938 0.5521 -0.2552
vn 0.8170 0.5766 0.0042
vn 0.7534 0.6565 0.0371
vn -0.7375 0.6752 0.0100
vn 0.5653 0.8232 0.0535
vn 0.4625 0.8841 -0.0671
vn 0.5289 0.8470 0.0538
vn 0.5199 0.8412 -0.1487
vn 0.2313 0.8747 -0.4258
vn 0.0004 1.0000 0.0023
vn -0.4318 0.8939 0.1208
vn 0.3609 0.8914 -0.2741
vn 0.8045 0.5646 0.1846
vn 0.7477 0.6285 0.2143
vn -0.5186 0.8545 0.0282
vn 0.4199 0.8830 0.2097
vn 0.3669 0.8437 0.3918
vn 0.2153 0.8865 0.4096
vn 0.4849 0.8394 0.2457
vn -0.1466 0.8964 0.4184
vn 0.5622 0.7978 0.2180
vn 0.4294 0.7924 0.4333
vn 0.6666 0.6404 0.3816
vn 0.7541 0.5365 0.3789
vn 0.6235 0.5924 0.5102
vn -0.9116 0.0177 -0.4108
vn 0.1799 0.8409 0.5104
vn 0.0285 0.8549 0.5180
vn 0.7076 -0.4671 0.5302
vn 0.4476 -0.7560 0.4776
vn 0.5031 0.6247 0.5972
vn 0.5250 0.5512 0.6485
vn -0.1632 0.5925 -0.7889
vn -0.1091 0.3650 -0.9246
vn -0.2835 0.3885 -0.8767
vn 0.1644 0.8182 0.5509
vn -0.3518 -0.9307 -0.1004
vn -0.4516 0.0615 -0.8901
vn 0.6254 0.0007 -0.7803
vn 0.6706 -0.0000 -0.7418
vn 0.5956 -0.0000 -0.8033
vn 0.4812 0.6837 0.5486
vn 0.5835 0.5810 0.5675
vn 0.4963 0.6391 0.5876
vn -0.6207 0.2226 -0.7518
vn -0.4206 0.6855 -0.5943
vn 0.8104 0.0025 0.5858
vn 0.7955 0.0143 0.6058
vn 0.5358 0.7287 0.4265
vn -0.3593 0.8169 0.4512
vn 0.0971 0.9949 0.0291
vn 0.1596 0.9866 0.0348
vn 0.0024 1.0000 -0.0009
vn -0.6554 0.4079 -0.6357
vn -0.5007 0.5337 -0.6815
vn -0.6259 0.2251 -0.7467
vn 0.5032 0.0047 0.8642
vn 0.5533 0.1357 0.8218
vn 0.5805 0.0653 0.8116
vn -0.8218 -0.4434 0.3579
vn -0.8571 -0.2968 0.4210
vn -0.8475 -0.4280 0.3139
vn 0.7978 0.2879 -0.5298
vn 0.6484 0.5675 -0.5075
vn 0.4669 0.7289 -0.5008
vn 0.4116 0.7159 -0.5639
vn -0.5015 0.7991 -0.3316
vn -0.5615 0.7104 -0.4243
vn -0.5143 0.2238 -0.8279
vn -0.4277 0.4063 -0.8074
vn 0.3576 0.7274 0.5857
vn 0.2813 0.7157 0.6392
vn 0.3525 0.7177 0.6005
vn 0.9984 0.0441 0.0367
vn -0.2427 0.6639 0.7073
vn 0.7551 0.6459 0.1124
vn 0.5521 0.8333 0.0268
vn 0.7545 0.6552 -0.0380
vn -0.6303 -0.7289 0.2674
vn -0.1671 0.3948 0.9035
vn -0.1333 -0.3366 0.9322
vn -0.1003 0.0627 0.9930
vn -0.1411 0.8749 -0.4633
vn 0.0481 0.8243 -0.5641
vn 0.1666 0.8820 -0.4409
vn -0.3736 0.2001 -0.9057
vn -0.2291 0.6758 -0.7006
vn -0.6881 0.5920 -0.4196
vn -0.6216 0.7222 -0.3035
vn -0.7007 0.6622 -0.2655
vn -0.9179 0.2612 -0.2986
vn -0.2584 0.8847 0.3881
vn -0.3267 0.8473 0.4188
vn -0.9000 0.4022 -0.1679
vn 0.3661 0.3797 -0.8496
vn 0.3695 0.6335 -0.6799
vn 0.4927 0.3842 -0.7808
vn -0.6908 0.5251 0.4972
vn 0.4890 -0.3936 -0.7784
vn 0.3746 -0.7229 -0.5806
vn 0.4049 -0.5046 -0.7625
vn -0.7460 0.0495 -0.6641
vn -0.3208 -0.9096 0.2640
vn -0.3652 0.0141 0.9308
vn -0.4170 0.2429 0.8758
vn -0.5062 0.0120 0.8623
vn 0.5869 -0.7702 -0.2496
vn -0.9153 0.3038 -0.2646
vn -0.9506 0.3098 0.0190
vn 0.9595 -0.0014 -0.2818
vn 0.9871 -0.0273 -0.1575
vn 0.9990 -0.0027 -0.0454
vn 0.5799 -0.7175 0.3859
vn 0.0794 0.7170 0.6925
vn -0.0041 0.7130 0.7012
vn -0.0358 0.7104 0.7029
vn 0.1111 0.7173 0.6879
vn -0.9465 0.2308 0.2256
vn -0.8685 0.3889 0.3073
vn -0.9138 0.3887 0.1181
vn 0.6442 0.7186 0.2619
vn 0.7423 0.6359 0.2115
vn 0.6685 0.7346 0.1162
vn -0.5245 -0.8039 0.2803
vn -0.1615 0.7237 -0.6710
vn -0.3781 0.5420 -0.7505
vn -0.3982 0.0231 -0.9170
vn -0.8987 -0.0003 -0.4386
vn -0.8963 0.0001 -0.4434
vn -0.0341 -0.0109 -0.9994
vn 0.0673 -0.2393 -0.9686
vn 0.1219 0.3312 -0.9357
vn 0.0272 0.7208 -0.6926
vn 0.1875 0.5383 -0.8216
vn 0.6739 0.7288 -0.1216
vn 0.7026 0.7112 0.0219
vn 0.8520 0.5203 -0.0583
vn -0.0715 0.0023 -0.9974
vn -0.1896 0.0037 -0.9818
vn -0.8917 0.4261 -0.1528
vn -0.8644 0.4416 -0.2406
vn -0.9077 0.3641 -0.2087
vn 0.0868 0.8635 0.4969
vn 0.0301 0.8618 0.5063
vn 0.1825 0.8701 0.4578
vn -0.6807 0.5598 -0.4726
vn -0.7998 0.1824 -0.5719
vn -0.6046 -0.7964 0.0162
vn 0.8938 0.0073 -0.4484
vn 0.8261 0.0060 -0.5635
vn 0.8956 0.0072 -0.4449
vn -0.5526 0.7623 0.3371
vn -0.5734 0.6998 0.4260
vn -0.7324 0.5972 0.3271
vn -0.5605 0.7627 0.3225
vn 0.2321 0.7243 -0.6493
vn 0.0942 0.7335 -0.6732
vn 0.2840 0.2336 -0.9299
vn 0.9048 -0.3676 -0.2150
vn 0.7438 -0.6347 -0.2093
vn 0.8475 -0.4363 -0.3023
vn 0.5846 -0.6940 0.4202
vn 0.5724 -0.6416 0.5105
vn 0.4593 -0.7518 0.4732
vn 0.4291 -0.6959 0.5758
vn 0.4371 -0.7556 0.4878
vn 0.4887 -0.7390 0.4636
vn 0.5542 -0.7453 0.3706
vn 0.6604 -0.6680 0.3429
vn -0.8071 -0.5210 -0.2778
vn 0.9104 0.3800 0.1633
vn -0.2186 0.9726 -0.0794
vn -0.3389 0.9289 -0.1490
vn -0.2164 0.9755 -0.0405
vn 0.6891 0.7229 -0.0514
vn 0.6590 0.7236 -0.2051
vn -0.8788 0.0391 0.4756
vn -0.0000 -1.0000 -0.0000
vn -0.0000 1.0000 -0.0000
vn -0.0003 -1.0000 -0.0082
vn -0.1329 0.2041 -0.9699
vn 0.1586 0.3231 -0.9330
vn 0.1108 0.3085 -0.9447
vn 0.0659 0.6255 -0.7774
vn 0.2396 -0.0073 -0.9708
vn 0.1342 0.9785 -0.1566
vn -0.1093 0.1432 -0.9836
vn 0.0253 0.1357 -0.9904
vn 0.2764 0.1614 0.9474
vn 0.9995 0.0011 0.0324
vn 0.2928 0.6169 -0.7306
vn 0.3940 0.4985 -0.7722
vn 0.3029 0.6061 -0.7354
vn -0.2078 0.8257 -0.5245
vn 0.8337 0.3068 -0.4592
vn 0.2526 0.1369 -0.9579
vn 0.2904 0.3503 -0.8905
vn -0.6116 -0.7406 0.2784
vn -0.0830 0.0016 -0.9966
vn -0.2027 -0.0020 -0.9792
vn -0.2056 0.8346 -0.5111
vn -0.8990 -0.3980 0.1825
vn -0.5150 -0.8528 0.0870
vn -0.6870 -0.6949 0.2125
vn -0.2078 0.6119 -0.7632
vn -0.0658 0.6082 -0.7910
vn -0.0813 0.8083 -0.5832
vn -0.0702 0.0884 -0.9936
vn -0.0606 0.0960 -0.9935
vn 0.0401 0.0960 -0.9946
vn -0.0178 0.9381 -0.3460
vn 0.0539 0.0943 -0.9941
vn 0.0506 0.8334 -0.5503
vn -0.1314 -0.2006 -0.9708
vn 0.4990 0.5967 -0.6284
vn 0.4015 0.7994 -0.4469
vn 0.3643 0.7682 -0.5265
vn 0.1628 -0.1593 -0.9737
vn 0.0937 -0.4532 -0.8865
vn 0.0308 -0.2424 -0.9697
vn -0.0421 0.8714 -0.4888
vn 0.0130 0.9449 -0.3272
vn -0.0006 0.8642 -0.5032
vn 0.0960 0.8889 -0.4480
vn -0.4096 0.9089 0.0787
vn -0.5831 0.8003 0.1394
vn -0.1040 0.9670 -0.2326
vn -0.1586 0.9463 -0.2818
vn -0.1534 0.9582 -0.2416
vn 0.3428 -0.4213 -0.8396
vn 0.2849 -0.5108 -0.8112
vn 0.2899 -0.2894 -0.9123
vn -0.1997 0.2133 -0.9563
vn -0.2651 0.0319 -0.9637
vn -0.1265 0.0704 -0.9895
vn 0.0001 1.0000 -0.0059
vn -0.0024 0.9986 -0.0530
vn -0.0005 1.0000 -0.0023
vn 0.0326 0.9756 -0.2170
vn 0.0002 1.0000 -0.0055
vn 0.0457 -0.4658 -0.8837
vn -0.0954 -0.0280 -0.9950
vn -0.0206 -0.8040 -0.5942
vn 0.0205 -0.8364 -0.5478
vn -0.0916 -0.5668 -0.8188
vn 0.1469 -0.7242 -0.6738
vn -0.0420 -0.9990 -0.0145
vn -0.0027 -1.0000 -0.0006
vn -0.4825 -0.8709 -0.0936
vn -0.7202 0.0881 0.6882
vn -0.6349 0.0809 0.7684
vn -0.6472 0.0825 0.7578
vn -0.7110 0.0877 0.6977
vn 0.3941 0.0543 -0.9175
vn 0.3246 0.0082 -0.9458
vn -0.5881 0.5670 0.5768
vn -0.5203 0.7167 0.4643
vn -0.6571 0.5560 0.5090
vn -0.0026 1.0000 -0.0080
vn -0.1248 0.9188 -0.3745
vn -0.0025 1.0000 -0.0076
vn -0.0983 -0.2500 -0.9632
vn -0.0057 -0.8541 -0.5201
vn -0.0047 -0.8480 -0.5300
vn 0.0847 -0.4880 -0.8687
vn -0.1671 0.0406 0.9851
vn -0.6902 -0.0008 -0.7237
vn -0.8178 0.0051 -0.5755
vn -0.8370 -0.0569 -0.5443
vn -0.8427 0.0517 -0.5358
vn -0.5687 0.0720 -0.8194
vn -0.6353 0.2452 -0.7324
vn -0.5707 0.3398 -0.7475
vn -0.3257 0.8411 -0.4319
vn -0.7680 0.0521 -0.6384
vn -0.4260 -0.7929 -0.4356
vn -0.4232 -0.7957 -0.4334
vn 0.1023 0.9747 -0.1986
vn -0.4354 0.8439 0.3135
vn 0.0052 0.9998 -0.0203
vn 0.0011 1.0000 -0.0049
vn -0.5662 0.0490 -0.8228
vn -0.5100 -0.0030 -0.8602
vn -0.5029 -0.0111 -0.8643
vn -0.2014 0.9339 -0.2953
vn -0.7096 -0.5536 0.4358
vn -0.7837 -0.3223 0.5310
vn -0.6944 -0.6012 0.3954
vn 0.0066 0.3219 -0.9468
vn 0.1923 0.3356 0.9222
vn 0.1516 0.6643 0.7319
vn 0.0005 -1.0000 -0.0028
vn 0.0111 -0.9985 -0.0543
vn 0.0005 -1.0000 -0.0031
vn 0.4129 -0.2798 -0.8667
vn -0.7259 -0.0170 -0.6876
vn -0.7650 0.0458 -0.6424
vn -0.2751 0.8437 -0.4610
vn 0.3060 0.8139 0.4939
vn 0.3640 0.5659 0.7398
vn 0.4169 -0.2302 -0.8793
vn -0.9984 0.0430 0.0366
vn 0.3516 0.8286 -0.4356
vn 0.4969 0.6483 -0.5768
vn 0.3714 0.7343 -0.5683
vn -0.3158 0.7922 -0.5222
vn -0.2241 0.8572 -0.4637
vn -0.1894 0.9283 -0.3200
vn 0.1119 0.9656 -0.2347
vn 0.0007 1.0000 -0.0040
vn -0.8545 0.4740 0.2126
vn 0.3828 -0.8949 0.2295
vn 0.3111 -0.8999 0.3058
vn -0.5729 0.5714 -0.5875
vn -0.6169 0.5346 -0.5777
vn -0.2638 0.9270 -0.2665
vn 0.9697 -0.2096 -0.1256
vn 0.7520 -0.6011 0.2705
vn 0.8439 -0.4625 0.2718
vn 0.5296 0.8479 -0.0226
vn 0.7547 0.6544 0.0463
vn 0.7725 0.6343 -0.0312
vn 0.6475 0.7574 0.0840
vn -0.3023 -0.7582 -0.5777
vn 0.4482 -0.7470 -0.4911
vn 0.4361 -0.7531 -0.4926
vn 0.4545 -0.7436 -0.4903
vn -0.1641 0.8762 -0.4531
vn -0.0083 0.9997 -0.0224
vn -0.0845 0.9118 -0.4019
vn -0.5842 0.3766 -0.7190
vn -0.6097 0.5233 -0.5954
vn -0.3987 0.8252 -0.4001
vn 0.6439 -0.0366 -0.7642
vn 0.7157 0.1059 -0.6903
vn 0.6942 0.1262 -0.7086
vn -0.6810 -0.6407 -0.3547
vn -0.6981 -0.5372 -0.4734
vn -0.3443 -0.7999 -0.4916
vn -0.5714 -0.5476 -0.6113
vn -0.6432 -0.2376 -0.7279
vn -0.6220 0.4211 -0.6602
vn -0.5709 -0.8086 0.1422
vn -0.7470 -0.0104 -0.6647
vn -0.7806 -0.0219 -0.6247
vn -0.7064 -0.0412 -0.7066
vn -0.6340 0.5190 -0.5733
vn 0.5858 -0.2965 -0.7543
vn -0.5336 0.0007 0.8457
vn -0.6672 0.0014 0.7449
vn -0.5437 0.0001 0.8393
vn -0.6418 0.4615 -0.6125
vn -0.0644 0.7425 0.6668
vn -0.0684 0.8475 0.5264
vn -0.6912 0.0530 -0.7207
vn -0.6229 0.0864 -0.7775
vn -0.7180 0.0686 -0.6926
vn -0.2129 0.9580 -0.1922
vn -0.2031 0.9653 -0.1645
vn -0.1571 0.9759 -0.1514
vn -0.7151 0.3753 -0.5897
vn -0.4428 0.8348 -0.3273
vn 0.4185 -0.0379 0.9074
vn 0.3649 0.0344 0.9304
vn -0.4769 0.7031 -0.5274
vn -0.5878 -0.6178 -0.5223
vn 0.0392 -0.9987 -0.0311
vn 0.0022 -1.0000 -0.0018
vn 0.0416 -0.9985 -0.0359
vn -0.0262 -0.9993 -0.0271
vn -0.1644 -0.9794 -0.1176
vn -0.8192 0.2609 -0.5107
vn -0.7721 0.3297 -0.5433
vn -0.6703 -0.3261 0.6666
vn 0.6414 0.2355 0.7302
vn 0.6376 -0.2004 0.7438
vn 0.1241 0.9866 -0.1055
vn 0.0010 1.0000 -0.0028
vn 0.0017 1.0000 -0.0034
vn -0.9202 -0.0441 -0.3889
vn -0.7777 -0.1531 -0.6097
vn -0.6399 -0.5367 -0.5500
vn -0.7048 -0.1871 -0.6843
vn -0.5837 0.7163 -0.3825
vn 0.7832 -0.2997 -0.5447
vn 0.7349 0.6440 0.2124
vn -0.8269 0.4068 -0.3883
vn -0.5430 0.7643 -0.3478
vn -0.2237 0.9673 -0.1197
vn -0.3865 0.8918 -0.2350
vn 0.6968 0.5517 -0.4583
vn 0.4550 0.8236 -0.3387
vn 0.2817 0.9464 -0.1581
vn -0.8327 -0.1695 -0.5272
vn 0.7661 -0.2799 0.5786
vn 0.8032 -0.3209 0.5020
vn 0.7209 -0.5103 -0.4690
vn 0.5444 -0.7592 -0.3567
vn 0.6953 -0.5975 -0.3994
vn 0.0002 -1.0000 -0.0017
vn -0.0001 -0.9999 -0.0103
vn -0.0004 -0.9999 -0.0168
vn 0.7870 -0.3832 -0.4835
vn -0.6111 -0.3883 0.6898
vn -0.6918 -0.2351 0.6828
vn 0.6143 -0.7034 -0.3577
vn 0.4647 -0.3027 0.8321
vn 0.9819 0.0311 -0.1869
vn 0.6372 0.7165 -0.2838
vn 0.9892 0.0576 -0.1349
vn 0.8986 0.3762 0.2258
vn -0.5315 0.2861 0.7973
vn -0.8456 0.0584 -0.5305
vn -0.8541 0.2456 -0.4585
vn -0.9177 0.0929 -0.3863
vn 0.6665 -0.6523 -0.3610
vn 0.7416 0.2992 -0.6004
vn 0.7489 0.0704 -0.6589
vn 0.8043 0.0660 -0.5905
vn -0.3676 -0.6385 0.6761
vn -0.1613 -0.8263 0.5397
vn -0.2762 -0.5067 0.8167
vn 0.5030 0.5728 0.6473
vn 0.4116 0.6842 0.6021
vn 0.3976 0.5620 0.7253
vn -0.8409 0.3983 -0.3664
vn -0.7121 0.6110 -0.3458
vn -0.5938 0.7097 -0.3791
vn -0.1550 -0.9839 -0.0888
vn -0.0031 -1.0000 -0.0010
vn 0.6462 0.4937 -0.5819
vn 0.2913 0.9099 -0.2952
vn 0.1026 0.9851 -0.1379
vn 0.2378 0.9389 -0.2490
vn 0.7129 -0.6147 -0.3376
vn 0.6642 -0.6673 -0.3369
vn 0.5453 -0.8200 -0.1739
vn -0.3714 0.8648 -0.3379
vn -0.7017 0.0331 -0.7117
vn -0.5675 0.0392 0.8224
vn 0.3284 0.7984 0.5048
vn 0.9877 -0.0239 -0.1543
vn 0.9988 0.0135 -0.0470
vn 0.4608 0.8748 0.1499
vn 0.3602 -0.0243 0.9326
vn 0.1505 -0.0798 0.9854
vn 0.8487 -0.4351 -0.3007
vn 0.1296 0.9701 0.2050
vn -0.0387 0.9614 0.2725
vn -0.9445 -0.0044 -0.3285
vn 0.4337 0.8891 0.1463
vn 0.0620 0.8515 0.5207
vn 0.9173 -0.3861 0.0973
vn -0.6494 0.7474 0.1400
vn -0.6554 0.7551 -0.0145
vn -0.7160 0.6964 0.0487
vn -0.6682 0.7236 -0.1729
vn -0.4561 0.8864 -0.0789
vn -0.3595 0.9286 -0.0924
vn -0.9521 0.2890 -0.0997
vn -0.9115 -0.3319 -0.2431
vn -0.9701 -0.1889 -0.1523
vn -0.6931 -0.7058 -0.1465
vn -0.6316 -0.7510 -0.1926
vn 0.9383 -0.2504 -0.2386
vn 0.8243 -0.5433 -0.1594
vn 0.8042 -0.0018 0.5943
vn 0.7062 0.6969 -0.1250
vn 0.5467 0.8352 -0.0593
vn 0.8204 -0.5394 -0.1898
vn 0.2290 -0.9725 -0.0424
vn 0.0044 -1.0000 -0.0002
vn 0.0034 -1.0000 -0.0000
vn -0.5495 0.8347 -0.0375
vn -0.7814 0.6175 -0.0901
vn -0.3176 0.9465 -0.0579
vn 0.5188 0.8536 -0.0468
vn -0.5253 -0.2513 0.8130
vn -0.5908 -0.1697 0.7887
vn -0.4508 -0.6565 0.6048
vn -0.0199 -0.9998 -0.0019
vn -0.4839 -0.8728 -0.0637
vn 0.9515 -0.2982 -0.0758
vn 0.6626 -0.7485 -0.0249
vn 0.0069 1.0000 -0.0007
vn 0.2649 0.9639 -0.0259
vn 0.4169 0.9023 -0.1096
vn -0.9747 0.2233 -0.0080
vn -0.8713 0.4907 0.0059
vn 0.9996 -0.0184 0.0193
vn -0.5421 0.8395 -0.0360
vn 0.5151 0.8565 0.0329
vn 0.9589 -0.2627 -0.1075
vn 0.9572 -0.2895 0.0001
vn 0.9334 -0.3556 -0.0480
vn 0.9119 -0.3851 -0.1416
vn 0.5700 -0.0449 0.8204
vn 0.5101 -0.5176 0.6869
vn -0.4592 0.8865 -0.0575
vn 0.8792 0.4753 -0.0334
vn 0.9366 -0.3502 0.0111
vn -0.9973 -0.0100 0.0732
vn -0.9978 -0.0088 -0.0661
vn 0.5979 0.8015 0.0120
vn 0.5915 0.8062 0.0113
vn -0.9633 0.2675 0.0225
vn -0.6910 0.7213 0.0478
vn -0.8493 0.5211 0.0848
vn -0.6856 0.7265 0.0468
vn -0.9917 0.0919 0.0902
vn -0.8332 0.5528 0.0088
vn -0.9531 0.3026 -0.0009
vn 0.2891 -0.9572 0.0145
vn 0.6777 0.7324 0.0650
vn -0.8563 0.0626 -0.5126
vn 0.9965 0.0101 0.0829
vn 0.9906 0.1349 -0.0244
vn 0.9906 0.1290 -0.0461
vn -0.9967 0.0129 0.0803
vn 0.9729 0.2186 0.0759
vn -0.3975 0.9151 0.0678
vn -0.6014 0.7938 0.0906
vn -0.5873 0.8083 0.0409
vn -0.7671 0.6303 0.1193
vn -0.5607 0.8214 0.1051
vn 0.9832 0.0864 0.1609
vn -0.9475 -0.2920 0.1305
vn -0.9752 -0.2028 0.0883
vn -0.9595 -0.2813 0.0159
vn 0.4280 0.9011 0.0691
vn -0.2846 0.8243 0.4894
vn -0.1747 0.9407 0.2907
vn -0.2957 0.7959 0.5284
vn -0.9039 0.3556 0.2376
vn 0.8713 -0.4653 0.1559
vn -0.0146 0.9999 0.0015
vn -0.6825 -0.7265 0.0796
vn 0.0010 1.0000 -0.0005
vn 0.0645 0.9977 -0.0216
vn 0.6929 -0.7035 0.1578
vn 0.9517 -0.2505 0.1776
vn 0.9370 -0.3330 0.1054
vn 0.9718 -0.2018 0.1224
vn 0.9710 0.1307 0.2001
vn 0.8967 0.4236 0.1281
vn 0.9551 0.2704 0.1210
vn -0.1163 -0.0185 0.9930
vn -0.4213 -0.0398 0.9060
vn -0.2329 -0.1161 0.9655
vn 0.7403 -0.1639 0.6520
vn -0.5177 0.8335 0.1927
vn -0.7615 0.6298 0.1533
vn -0.9689 0.0629 0.2393
vn -0.9883 0.0037 0.1522
vn -0.9946 0.0029 0.1035
vn 0.6983 0.3238 -0.6384
vn -0.0666 0.4727 0.8787
vn 0.0009 0.5477 0.8367
vn -0.0781 0.9968 0.0170
vn -0.0018 1.0000 -0.0012
vn -0.0016 1.0000 -0.0013
vn 0.1599 0.8182 -0.5523
vn 0.1551 0.5009 -0.8515
vn -0.5463 0.1067 -0.8308
vn -0.3681 0.1424 -0.9188
vn -0.0061 -1.0000 0.0014
vn -0.0003 -1.0000 0.0007
vn -0.0008 -1.0000 0.0010
vn 0.9296 -0.2702 0.2507
vn 0.9560 -0.1246 0.2656
vn 0.2345 0.9349 -0.2665
vn 0.5139 0.7486 0.4190
vn 0.4484 0.8391 0.3081
vn 0.4019 0.8236 0.4002
vn -0.6933 -0.6859 0.2210
vn -0.5783 -0.7990 0.1650
vn -0.5732 -0.8031 0.1627
vn -0.7605 -0.5794 0.2932
vn -0.6214 -0.7553 0.2081
vn -0.6698 -0.7310 0.1306
vn -0.0018 -0.9805 -0.1963
vn 0.0540 -0.9782 -0.2007
vn 0.1406 -0.9832 -0.1167
vn 0.0388 -0.9955 -0.0863
vn 0.0249 -0.9964 -0.0805
vn -0.0157 -0.9974 -0.0702
vn 0.5027 0.8421 0.1952
vn 0.5194 0.8410 0.1517
vn 0.3708 0.9238 0.0954
vn 0.0069 1.0000 0.0039
vn -0.2021 0.9531 0.2253
vn 0.5986 0.7895 0.1357
vn 0.6112 0.7553 0.2364
vn -0.6044 -0.1257 -0.7867
vn -0.9406 -0.2147 0.2629
vn -0.8074 -0.5079 0.3003
vn -0.9056 -0.1730 0.3872
vn 0.6283 0.5493 0.5509
vn 0.6426 0.4133 0.6452
vn 0.0442 -0.9989 0.0149
vn 0.4580 -0.8569 0.2365
vn 0.0006 -1.0000 0.0010
vn 0.6232 0.7599 0.1846
vn 0.1886 -0.9786 0.0818
vn 0.8347 -0.3611 0.4158
vn 0.0916 0.0598 0.9940
vn 0.3961 -0.0001 -0.9182
vn 0.5120 0.7353 0.4441
vn 0.6554 0.6677 0.3530
vn 0.7040 0.5420 0.4589
vn -0.8119 0.0599 -0.5807
vn -0.4762 0.0629 -0.8771
vn -0.6295 0.0414 -0.7759
vn -0.7460 -0.5363 0.3949
vn -0.6201 -0.7304 0.2864
vn -0.4329 -0.8498 0.3007
vn 0.6916 -0.6455 0.3240
vn -0.5612 0.3127 0.7663
vn -0.5020 0.3954 0.7692
vn -0.4551 0.6320 0.6273
vn 0.8928 0.0581 0.4466
vn 0.9575 0.0472 0.2845
vn 0.8807 -0.0212 -0.4731
vn 0.8558 -0.0185 -0.5170
vn 0.4855 -0.8148 0.3169
vn -0.1801 0.9823 0.0508
vn -0.3876 0.8967 0.2138
vn -0.6603 -0.6093 0.4391
vn 0.7271 -0.5918 0.3480
vn 0.8592 -0.2020 0.4700
vn 0.0228 -0.9994 -0.0259
vn 0.2049 0.9719 0.1158
vn -0.1993 0.0065 0.9799
vn -0.2691 0.0909 0.9588
vn -0.1103 0.0952 0.9893
vn -0.2361 0.6040 -0.7612
vn -0.2813 0.6852 -0.6718
vn -0.3523 0.6479 -0.6754
vn 0.5040 0.8044 0.3144
vn 0.4390 0.8653 0.2421
vn 0.6040 0.6977 0.3851
vn -0.5884 0.7393 0.3276
vn -0.0012 -1.0000 0.0014
vn -0.0010 -1.0000 0.0012
vn -0.0560 -0.9976 0.0414
vn -0.8171 -0.2136 0.5354
vn -0.7179 -0.3162 0.6202
vn -0.5718 -0.7004 0.4272
vn -0.5375 0.8167 0.2098
vn -0.3496 0.7958 0.4945
vn -0.0096 -0.9999 0.0068
vn -0.3164 0.8317 -0.4562
vn -0.4631 0.5065 -0.7273
vn -0.0473 0.9518 0.3029
vn -0.0596 0.9640 0.2592
vn -0.2245 0.9467 0.2308
vn 0.3229 -0.8981 0.2988
vn 0.1907 -0.9679 0.1638
vn 0.0223 -0.9996 0.0170
vn -0.5280 -0.7289 0.4357
vn 0.0219 -0.9994 -0.0261
vn 0.4910 -0.8058 0.3312
vn -0.6445 0.6221 0.4445
vn -0.6969 0.6019 0.3899
vn -0.6372 0.6245 0.4515
vn -0.1503 0.9866 0.0639
vn -0.1381 0.9895 -0.0415
vn -0.4001 0.8923 0.2091
vn -0.4280 0.8917 0.1471
vn -0.5343 0.8424 0.0703
vn -0.5392 0.8287 0.1500
vn 0.1077 0.9784 0.1766
vn -0.2624 0.9262 0.2707
vn -0.0044 1.0000 0.0054
vn -0.0072 0.9999 0.0071
vn 0.1004 -0.9899 0.1000
vn 0.0395 -0.9983 0.0418
vn 0.0008 -1.0000 0.0017
vn -0.3608 -0.0184 -0.9325
vn -0.7962 0.0496 0.6030
vn -0.7535 0.0236 0.6570
vn -0.8481 0.0149 0.5297
vn 0.7548 0.0894 0.6498
vn 0.7045 0.2522 0.6634
vn 0.6739 0.0581 0.7365
vn 0.5935 -0.4806 0.6456
vn -0.4215 -0.7444 0.5179
vn -0.5847 -0.5456 0.6004
vn -0.7262 0.3617 0.5846
vn -0.4432 -0.8238 0.3533
vn 0.3562 0.8744 0.3294
vn 0.3813 0.8720 0.3070
vn 0.4869 0.6264 0.6088
vn 0.5954 -0.3389 0.7284
vn -0.4166 -0.7838 0.4605
vn -0.2060 0.9696 0.1323
vn -0.2601 0.9287 0.2644
vn -0.2105 0.9671 0.1426
vn -0.3382 0.8539 0.3956
vn -0.4202 0.8187 0.3915
vn -0.5112 0.6509 0.5612
vn 0.5086 -0.5308 0.6779
vn 0.5131 -0.3988 0.7600
vn -0.5209 -0.5261 0.6722
vn -0.3609 -0.7763 0.5168
vn 0.6496 -0.3676 0.6654
vn 0.6120 -0.3322 0.7178
vn -0.6449 0.0983 0.7579
vn -0.6768 0.0961 0.7299
vn -0.7478 0.1345 0.6502
vn 0.6376 0.2886 0.7142
vn 0.4157 0.7243 0.5501
vn 0.7279 0.0907 0.6797
vn -0.3976 -0.7364 0.5474
vn 0.1758 -0.9549 0.2391
vn -0.4025 -0.5374 0.7410
vn 0.7619 0.1554 -0.6288
vn 0.7977 0.3298 -0.5049
vn 0.5038 0.7298 0.4621
vn 0.0040 -1.0000 0.0040
vn 0.0097 -0.9999 0.0096
vn 0.1112 -0.9872 0.1146
vn -0.1610 0.9707 0.1785
vn -0.4705 0.7417 0.4781
vn -0.4360 0.6154 0.6566
vn -0.4590 0.6898 0.5599
vn 0.2027 -0.9103 0.3608
vn 0.2779 -0.8729 0.4010
vn -0.0004 -1.0000 0.0007
vn 0.5670 -0.2510 0.7845
vn -0.6867 -0.0653 0.7240
vn -0.7396 0.0015 0.6730
vn -0.6416 -0.0232 0.7667
vn 0.6933 0.1084 0.7125
vn 0.5037 0.3580 0.7862
vn 0.3948 0.7446 0.5383
vn -0.9798 0.0591 -0.1912
vn 0.4163 0.6748 0.6094
vn 0.4842 0.6235 0.6139
vn 0.4235 0.5856 0.6912
vn 0.2497 0.6634 0.7054
vn 0.1525 0.7229 0.6739
vn 0.0690 0.6877 0.7227
vn 0.1387 0.5867 0.7978
vn 0.1871 0.5967 0.7804
vn 0.1270 -0.8672 0.4815
vn 0.1770 -0.6297 0.7564
vn -0.2069 0.9779 -0.0302
vn 0.6335 0.7125 -0.3015
vn -0.2755 0.8906 0.3619
vn -0.0993 0.9800 0.1726
vn 0.0043 1.0000 0.0063
vn 0.0017 1.0000 0.0030
vn 0.0154 0.9992 0.0373
vn -0.2357 -0.8384 0.4915
vn -0.2969 -0.4510 0.8417
vn -0.2370 -0.8360 0.4949
vn -0.9650 0.1545 0.2118
vn -0.4732 -0.1609 0.8661
vn -0.2512 0.8739 -0.4161
vn -0.0745 0.8589 -0.5067
vn -0.1689 0.8650 -0.4725
vn -0.2645 0.8741 -0.4074
vn 0.4016 -0.7567 0.5158
vn 0.3156 -0.8403 0.4407
vn 0.3958 -0.7631 0.5108
vn -0.2618 0.8845 0.3862
vn -0.3989 0.7040 0.5875
vn -0.4970 0.1052 0.8614
vn -0.5474 0.0342 0.8362
vn -0.6018 0.0944 0.7930
vn 0.0728 -0.7299 -0.6797
vn -0.0008 -0.7211 -0.6928
vn -0.0028 1.0000 0.0054
vn 0.4011 -0.8215 0.4053
vn -0.2706 -0.3485 0.8974
vn -0.3773 -0.3643 0.8514
vn -0.0000 -1.0000 0.0015
vn 0.0001 -1.0000 0.0020
vn 0.0109 -0.9989 0.0453
vn 0.2417 -0.7652 0.5967
vn 0.4098 -0.1868 0.8928
vn 0.3135 -0.6867 0.6559
vn 0.3373 -0.3110 0.8886
vn 0.0521 0.4775 0.8771
vn 0.0217 0.1977 0.9800
vn 0.1118 0.3503 0.9299
vn -0.9036 0.3166 0.2886
vn -0.9598 0.0811 0.2687
vn -0.9728 0.1038 0.2071
vn -0.9807 0.0960 0.1702
vn -0.0701 -0.4968 -0.8651
vn 0.8615 0.0811 0.5013
vn -0.4122 0.9090 0.0612
vn 0.1838 0.9825 -0.0307
vn -0.0192 -0.9878 0.1544
vn -0.3250 -0.7193 0.6140
vn -0.1639 -0.8609 0.4817
vn -0.2520 -0.4435 0.8601
vn -0.2771 -0.5192 0.8085
vn -0.3531 -0.3205 0.8790
vn 0.2723 0.6878 -0.6729
vn 0.2083 0.7419 -0.6373
vn 0.1674 0.7127 -0.6812
vn 0.4834 0.3164 -0.8162
vn 0.7350 0.0023 -0.6780
vn -0.4836 0.3069 0.8197
vn -0.9838 0.0579 0.1698
vn -0.9759 0.0311 0.2159
vn -0.1152 0.9672 0.2263
vn 0.2147 0.9685 -0.1261
vn 0.7878 0.0581 0.6132
vn 0.0002 1.0000 0.0074
vn -0.0828 0.9387 0.3348
vn -0.0010 0.9999 0.0151
vn 0.0021 0.9999 0.0153
vn -0.0124 0.9660 0.2583
vn -0.0151 -0.8609 0.5085
vn 0.0949 -0.9835 0.1540
vn -0.0318 -0.9859 0.1645
vn 0.0187 -0.9812 0.1922
vn 0.1517 -0.9763 0.1541
vn -0.2499 0.0045 -0.9683
vn -0.1326 -0.5176 0.8453
vn -0.1347 -0.7560 0.6405
vn -0.3740 -0.2495 0.8933
vn -0.2500 -0.1934 0.9488
vn -0.6250 0.0027 0.7807
vn 0.5642 0.0582 0.8236
vn 0.4273 0.5127 0.7447
vn 0.4583 0.2818 0.8429
vn -0.1561 0.9243 0.3483
vn -0.2392 0.8202 0.5197
vn 0.4448 0.8915 0.0860
vn -0.9985 0.0540 0.0127
vn 0.7336 0.3843 0.5605
vn 0.8106 0.3056 0.4995
vn 0.0570 0.9029 0.4260
vn 0.0042 0.9998 0.0178
vn 0.1137 0.8892 0.4431
vn 0.0040 0.9999 0.0124
vn 0.0584 -0.5941 0.8023
vn 0.0123 -0.7706 0.6373
vn -0.0552 -0.5527 0.8315
vn -0.1414 -0.6252 0.7675
vn 0.2322 -0.2100 0.9497
vn 0.2532 -0.4047 0.8787
vn 0.9981 0.0572 -0.0219
vn 0.9983 0.0564 -0.0164
vn 0.9812 0.0335 -0.1899
vn 0.9906 0.0457 -0.1287
vn -0.7642 -0.4608 0.4512
vn -0.3236 0.8579 0.3990
vn -0.4129 0.8646 0.2864
vn -0.9333 -0.2772 -0.2281
vn -0.9498 -0.2949 -0.1040
vn -0.8435 -0.5336 0.0608
vn 0.0060 -0.9999 0.0158
vn 0.0019 -1.0000 0.0035
vn 0.1108 -0.9691 0.2206
vn 0.6337 0.6344 0.4427
vn -0.1025 0.1106 0.9886
vn -0.0785 0.0927 0.9926
vn -0.0298 0.0896 0.9955
vn 0.0525 0.0419 0.9977
vn 0.0200 0.7945 0.6069
vn 0.0210 0.7898 0.6130
vn 0.0717 0.6411 0.7641
vn 0.0560 0.8755 0.4800
vn 0.6253 0.7394 0.2495
vn 0.6861 0.6479 0.3310
vn -0.0273 -0.7896 0.6130
vn 0.0242 -0.6877 0.7256
vn -0.0656 -0.3716 0.9261
vn 0.1134 -0.2778 0.9539
vn -0.0583 0.8724 0.4853
vn -0.0118 0.7249 0.6888
vn 0.0152 0.9160 0.4010
vn 0.0647 0.9360 0.3461
vn -0.3229 -0.7023 0.6344
vn -0.4124 0.3551 0.8390
vn 0.0641 -0.7471 0.6616
vn 0.1612 -0.2854 0.9448
vn -0.2562 0.7557 0.6027
vn -0.2294 0.9390 0.2561
vn -0.0281 0.7469 0.6643
vn -0.0852 0.6622 0.7445
vn -0.0463 0.9434 0.3284
vn 0.0447 0.8143 0.5788
vn 0.0121 0.4842 0.8749
vn 0.4227 -0.2371 -0.8747
vn 0.2725 -0.7046 -0.6552
vn 0.3724 -0.6865 -0.6245
vn 0.5178 -0.2685 -0.8123
vn -0.9792 0.1828 -0.0879
vn -0.9936 0.0675 -0.0904
vn -0.9737 0.0782 -0.2139
vn -0.9736 0.1849 -0.1336
vn 0.0015 0.4461 0.8950
vn 0.1068 0.6960 0.7100
vn 0.0400 -0.8906 0.4531
vn 0.0009 -1.0000 0.0081
vn 0.0624 -0.9247 0.3755
vn 0.7990 0.6013 0.0015
vn 0.5948 0.7973 0.1027
vn 0.7387 0.6697 0.0767
vn -0.3659 -0.2904 0.8842
vn -0.8076 -0.5474 0.2194
vn 0.4423 -0.8355 -0.3262
vn 0.4452 -0.8654 -0.2299
vn 0.1547 0.0063 -0.9879
vn 0.3062 0.0025 -0.9520
vn 0.2818 -0.2276 -0.9321
vn -0.3436 0.9242 0.1667
vn 0.0592 0.8159 0.5751
vn 0.1608 0.7604 0.6292
vn 0.1732 0.7621 0.6239
vn -0.4037 0.0697 -0.9122
vn -0.2965 0.0258 -0.9547
vn -0.3774 0.0588 -0.9242
vn -0.4488 0.0824 -0.8899
vn -0.4755 0.0900 -0.8751
vn 0.5933 0.7974 0.1100
vn -0.1621 -0.8716 0.4625
vn 0.3605 0.0022 -0.9328
vn 0.6160 -0.0391 -0.7867
vn -0.2222 0.0566 0.9734
vn 0.0276 0.9778 -0.2078
vn 0.0269 0.9786 -0.2041
vn -0.0508 0.9831 -0.1756
vn 0.0041 0.9803 -0.1972
vn 0.8991 -0.2699 0.3447
vn -0.3253 -0.0368 -0.9449
vn 0.4086 -0.9125 0.0196
vn 0.4076 -0.9131 0.0120
vn -0.9650 0.0663 0.2537
vn 0.2264 0.7080 0.6689
vn 0.3519 0.5157 0.7812
vn -0.8881 -0.3833 -0.2538
vn -0.9046 -0.2582 -0.3391
vn -0.8532 -0.2843 -0.4373
vn -0.6186 0.0910 -0.7804
vn -0.5945 0.0939 -0.7986
vn -0.5438 0.0996 -0.8333
vn 0.0176 0.0060 -0.9998
vn 0.0872 0.0037 -0.9962
vn -0.9346 0.0621 0.3503
vn -0.3224 0.0118 -0.9465
vn 0.4185 -0.7778 -0.4689
vn -0.4604 -0.0721 -0.8848
vn 0.4377 -0.8991 0.0076
vn 0.4058 -0.0211 -0.9137
vn 0.4701 -0.0540 -0.8810
vn 0.4501 -0.0363 -0.8922
vn 0.3998 -0.0190 -0.9164
vn 0.3419 0.8531 -0.3942
vn 0.2790 0.8719 -0.4024
vn 0.6933 0.7198 0.0365
vn -0.8671 -0.2945 0.4018
vn -0.8708 -0.2952 0.3931
vn -0.4279 0.8331 -0.3505
vn 0.6440 -0.3750 0.6669
vn 0.3778 -0.7736 -0.5088
vn 0.4950 -0.6622 -0.5625
vn 0.3133 -0.0066 -0.9496
vn 0.3034 -0.0073 -0.9528
vn 0.1944 0.8287 -0.5249
vn -0.0689 -0.9811 0.1809
vn -0.0670 -0.9411 0.3313
vn -0.1884 -0.9483 0.2556
vn -0.1050 -0.9731 0.2048
vn -0.1423 -0.7985 -0.5850
vn -0.4950 -0.1603 -0.8539
vn -0.4514 -0.3493 -0.8211
vn -0.5404 -0.2301 -0.8093
vn -0.9559 -0.2854 0.0698
vn -0.9494 -0.3072 -0.0658
vn 0.3600 0.8213 -0.4425
vn 0.9440 -0.0000 -0.3299
vn 0.9771 0.0040 -0.2127
vn 0.9708 0.0085 -0.2396
vn 0.9461 0.0018 -0.3239
vn 0.1367 -0.7346 -0.6646
vn 0.1759 -0.7175 -0.6740
vn 0.4961 0.8467 -0.1923
vn 0.4247 -0.8914 0.1582
vn 0.3715 -0.9267 0.0575
vn 0.5407 -0.8373 0.0809
vn 0.3617 0.1257 0.9238
vn 0.1773 -0.8534 0.4902
vn 0.3082 -0.8358 0.4543
vn 0.3296 -0.7097 0.6227
vn 0.1122 0.9839 -0.1394
vn 0.8226 0.4647 -0.3278
vn 0.5947 0.7980 -0.0975
vn -0.2441 0.9680 -0.0583
vn -0.2457 0.9672 0.0641
vn -0.7072 -0.6994 0.1034
vn -0.8976 -0.4024 0.1802
vn -0.9185 -0.3706 0.1378
vn -0.2235 0.3066 -0.9252
vn -0.7032 0.5613 -0.4364
vn -0.4457 0.5778 0.6837
vn -0.4143 0.5164 0.7494
vn -0.3527 0.7374 0.5761
vn -0.4765 0.6476 0.5946
vn 0.3844 0.6405 -0.6648
vn 0.3193 0.6352 -0.7033
vn 0.1583 0.8128 -0.5606
vn 0.2860 0.6504 -0.7037
vn 0.7529 0.0007 -0.6581
vn 0.7328 -0.3187 -0.6012
vn -0.4252 -0.8683 -0.2554
vn -0.2781 -0.9491 -0.1481
vn -0.4258 -0.8967 -0.1205
vn -0.5330 -0.8148 -0.2279
vn -0.3649 0.8634 -0.3485
vn -0.3322 0.8729 -0.3573
vn -0.2687 0.8411 -0.4693
vn 0.9074 0.3218 0.2702
vn 0.9425 0.3341 0.0020
vn 0.1755 -0.6624 -0.7283
vn 0.6228 -0.0005 0.7824
vn 0.4531 -0.0865 0.8872
vn 0.4601 0.3456 0.8178
vn -0.4604 0.0580 -0.8858
vn -0.6108 -0.0024 -0.7918
vn 0.1390 -0.9894 0.0411
vn 0.1519 -0.9883 0.0147
vn 0.3120 -0.9501 -0.0015
vn 0.2704 -0.9608 0.0616
vn 0.2751 -0.9565 0.0973
vn 0.2368 -0.9586 0.1582
vn 0.1360 -0.9881 0.0720
vn 0.4897 0.8713 -0.0309
vn 0.6067 0.7946 -0.0202
vn 0.5911 0.8023 -0.0836
vn 0.5069 0.8509 -0.1378
vn 0.2719 0.6878 -0.6731
vn -0.5617 0.0057 0.8273
vn -0.6438 0.0109 0.7651
vn 0.4893 -0.8688 -0.0756
vn 0.4467 -0.8940 -0.0346
vn 0.5198 -0.8399 -0.1564
vn 0.6424 -0.7609 -0.0913
vn 0.4801 -0.8772 0.0010
vn -0.1497 -0.0258 0.9884
vn -0.2568 -0.0011 0.9665
vn -0.3769 -0.0181 0.9261
vn -0.5560 0.4525 0.6972
vn -0.5641 -0.0366 0.8249
vn -0.6019 -0.0371 0.7977
vn -0.6763 -0.0390 0.7356
vn -0.2086 0.9728 -0.1007
vn -0.1548 0.9782 -0.1386
vn -0.8340 0.1600 -0.5280
vn -0.9602 -0.0340 -0.2772
vn -0.9355 -0.0000 0.3534
vn -0.9083 0.0009 0.4183
vn -0.9674 0.0008 0.2533
vn -0.9677 0.0008 0.2520
vn -0.4814 -0.0361 -0.8757
vn -0.3492 -0.2626 -0.8995
vn 0.1930 0.1337 -0.9721
vn 0.4771 0.6707 -0.5680
vn 0.5859 0.6352 -0.5033
vn -0.8674 0.1263 0.4813
vn 0.1167 -0.9876 0.1049
vn 0.3050 0.6212 0.7218
vn 0.3250 0.7293 0.6021
vn 0.1803 0.8637 0.4707
vn 0.2211 0.8742 0.4323
vn 0.4931 -0.0001 -0.8700
vn 0.2886 -0.0021 -0.9575
vn -0.3066 0.0015 -0.9518
vn -0.2979 0.0015 -0.9546
vn 0.4112 -0.3086 -0.8577
vn -0.7501 0.1377 0.6468
vn -0.8349 0.0525 0.5479
vn -0.7701 0.1194 0.6266
vn 0.5801 0.4930 0.6484
vn 0.4168 0.6991 -0.5810
vn -0.0487 0.8083 0.5868
vn -0.8757 0.0062 -0.4828
vn -0.8918 0.0070 -0.4524
vn -0.9142 -0.0148 -0.4049
vn -0.8787 0.0186 -0.4770
vn -0.6964 0.7175 -0.0176
vn -0.7026 0.7115 0.0114
vn -0.6931 0.7165 -0.0791
vn -0.8981 0.0079 -0.4396
vn -0.9296 0.0060 -0.3684
vn -0.6729 0.0008 0.7398
vn -0.9841 0.1755 -0.0283
vn -0.1274 0.6774 -0.7245
vn 0.1986 -0.0625 0.9781
vn -0.5801 0.7485 -0.3213
vn -0.6453 0.6944 -0.3185
vn -0.6212 0.7154 -0.3198
vn -0.0393 0.8456 0.5323
vn -0.0695 0.8376 0.5418
vn -0.1388 0.5794 0.8031
vn -0.0749 0.6221 0.7793
vn -0.6681 0.7173 -0.1978
vn -0.7840 0.5510 -0.2861
vn 0.4867 -0.5562 -0.6736
vn 0.3763 -0.8948 0.2403
vn 0.2145 0.9725 0.0902
vn 0.2571 0.9382 0.2316
vn 0.3446 0.8954 0.2819
vn 0.3630 0.8959 0.2561
vn 0.3704 0.0577 -0.9271
vn 0.6737 0.0500 -0.7373
vn 0.7816 0.6051 0.1515
vn 0.7318 0.6505 0.2031
vn 0.2378 -0.5592 -0.7942
vn 0.1298 -0.4546 -0.8812
vn 0.1967 -0.3997 -0.8953
vn -0.0055 1.0000 -0.0024
vn -0.5562 0.3142 -0.7694
vn 0.2539 0.6560 -0.7108
vn -0.5678 -0.0180 0.8230
vn -0.5307 -0.0247 0.8472
vn -0.4426 -0.0071 0.8967
vn 0.0629 0.9829 0.1732
vn -0.8473 0.0069 -0.5311
vn -0.7304 0.3365 -0.5944
vn -0.8998 0.3774 -0.2189
vn 0.2686 0.8245 0.4981
vn 0.0421 0.6802 -0.7318
vn 0.0902 0.5794 -0.8101
vn -0.0808 0.5011 -0.8616
vn -0.0266 0.6747 -0.7376
vn 0.2891 0.1369 0.9475
vn 0.0358 0.2004 0.9791
vn 0.6710 0.6096 -0.4220
vn 0.6113 0.6460 0.4572
vn 0.5231 0.6675 0.5298
vn -0.0012 1.0000 -0.0012
vn -0.0768 -0.7265 0.6829
vn 0.2794 0.8756 0.3940
vn 0.3096 0.8729 0.3770
vn -0.0224 -0.3378 0.9409
vn -0.4788 0.0204 0.8777
vn -0.7630 -0.2970 0.5741
vn -0.0823 0.7042 0.7052
vn -0.2093 0.1216 -0.9703
vn -0.8978 0.0036 -0.4403
vn -0.8568 -0.1935 -0.4780
vn -0.9055 -0.1627 -0.3918
vn 0.3439 0.3262 0.8805
vn 0.1026 0.2971 0.9493
vn 0.5069 0.2925 0.8109
vn -0.9741 0.0041 0.2261
vn -0.9391 0.0043 0.3437
vn -0.3424 0.8692 0.3567
vn -0.3106 0.8460 0.4334
vn -0.1488 -0.7208 -0.6770
vn -0.2693 -0.7493 -0.6050
vn -0.2797 -0.6847 -0.6730
vn -0.0544 -0.0162 -0.9984
vn -0.1742 -0.0541 -0.9832
vn -0.4208 0.7565 0.5006
vn -0.4158 0.8136 0.4064
vn 0.8607 0.0510 0.5065
vn 0.8139 -0.0318 0.5801
vn 0.8560 0.0348 0.5157
vn 0.7619 -0.0195 -0.6474
vn 0.3134 -0.0615 -0.9476
vn 0.5739 0.0263 -0.8185
vn 0.5204 -0.8232 -0.2272
vn 0.6451 -0.7241 -0.2439
vn -0.0195 -0.9759 0.2176
vn 0.7539 0.6443 -0.1284
vn -0.6066 0.6530 -0.4535
vn -0.5603 0.7599 -0.3295
vn -0.4529 0.8588 -0.2394
vn -0.4825 0.8663 -0.1296
vn -0.4740 0.8652 -0.1637
vn -0.9818 0.0547 0.1817
vn -0.7014 -0.0112 -0.7127
vn -0.5279 0.0485 -0.8479
vn -0.1267 0.8700 -0.4765
vn -0.0483 0.8827 -0.4674
vn -0.1304 0.7959 -0.5912
vn -0.1719 0.8250 -0.5384
vn -0.9106 0.0067 0.4132
vn -0.9397 0.0109 0.3419
vn -0.9571 0.0159 0.2894
vn -0.9248 0.0072 0.3804
vn -0.8753 0.0056 0.4836
vn 0.4315 0.7346 0.5236
vn 0.9308 0.3649 -0.0228
vn 0.0504 0.0167 0.9986
vn -0.4675 0.8346 0.2912
vn -0.4535 0.8416 0.2934
vn -0.4126 0.8585 0.3045
vn 0.5121 0.0002 0.8589
vn 0.4964 -0.1951 0.8459
vn 0.6119 -0.0083 0.7909
vn 0.8888 -0.3444 -0.3024
vn 0.3703 0.0651 0.9266
vn 0.0828 -0.8264 -0.5570
vn 0.0492 -0.9273 -0.3711
vn 0.5592 0.0610 0.8268
vn -0.1673 0.9037 -0.3942
vn -0.2214 0.8947 -0.3880
vn -0.2192 0.9152 -0.3381
vn -0.1460 0.9411 -0.3049
vn -0.1217 0.9377 -0.3255
vn 0.7368 0.6545 -0.1693
vn 0.6404 0.7540 -0.1460
vn 0.0854 0.0921 -0.9921
vn 0.1004 0.1480 -0.9839
vn 0.6069 0.0538 -0.7930
vn -0.5685 -0.2794 0.7738
vn -0.3655 0.8883 -0.2781
vn -0.3220 0.8826 -0.3425
vn -0.3017 0.8497 -0.4325
vn -0.4147 0.8239 -0.3864
vn 0.1636 -0.0043 0.9865
vn 0.1099 0.7027 0.7029
vn 0.2555 0.6051 0.7540
vn 0.1291 0.6913 0.7109
vn -0.9144 0.0884 0.3951
vn -0.9326 0.0823 0.3513
vn -0.9547 0.0734 0.2884
vn -0.9099 0.0837 0.4064
vn -0.8582 0.0377 0.5118
vn -0.4751 -0.5549 0.6829
vn -0.5892 -0.2579 0.7657
vn -0.0769 0.9969 0.0163
vn -0.4871 0.8727 0.0330
vn -0.4904 0.8714 0.0126
vn -0.2347 0.9682 -0.0860
vn -0.2580 0.9591 -0.1167
vn -0.2697 0.9627 -0.0230
vn -0.2514 0.9638 0.0884
vn -0.1586 0.0503 0.9861
vn 0.2569 0.0438 0.9655
vn 0.2726 -0.6481 0.7111
vn 0.3026 -0.3477 0.8874
vn 0.0244 -0.2182 0.9756
vn 0.0361 -0.0018 0.9993
vn -0.0609 -0.0036 0.9981
vn -0.2306 0.7301 -0.6433
vn -0.6302 0.1385 0.7640
vn -0.7861 0.3244 0.5261
vn -0.9110 0.3099 0.2722
vn 0.4934 0.0006 -0.8698
vn 0.4936 0.0006 -0.8697
vn 0.7670 0.4798 0.4261
vn -0.3655 0.0020 0.9308
vn -0.4807 0.0016 0.8769
vn -0.5175 0.1000 0.8498
vn -0.5791 0.0851 0.8108
vn 0.0315 0.9823 0.1849
vn 0.1507 -0.9378 -0.3127
vn 0.1304 -0.9391 -0.3180
vn 0.4248 0.3405 -0.8388
vn 0.3304 0.0889 -0.9397
vn 0.3876 0.0831 -0.9181
vn 0.4160 0.0800 -0.9059
vn 0.4854 0.0776 -0.8708
vn 0.5296 0.8417 -0.1054
vn -0.9881 -0.0396 -0.1487
vn 0.8121 0.2944 0.5038
vn -0.4520 0.7206 -0.5257
vn -0.1238 -0.0044 -0.9923
vn -0.2829 0.0490 -0.9579
vn -0.0165 -0.0032 -0.9999
vn 0.0733 0.0040 -0.9973
vn 0.3660 -0.9160 0.1645
vn 0.3563 -0.9174 0.1773
vn -0.1669 0.9770 0.1330
vn -0.8571 0.0051 0.5151
vn 0.2223 0.9241 -0.3107
vn -0.2765 -0.2354 -0.9317
vn 0.7093 0.0054 -0.7048
vn 0.6742 0.0261 -0.7381
vn 0.6131 0.0388 -0.7891
vn -0.1554 0.7262 0.6697
vn -0.1426 0.7409 0.6563
vn -0.2144 0.6515 0.7277
vn -0.1959 0.9587 -0.2063
vn -0.2061 0.9534 -0.2205
vn -0.2374 0.9444 -0.2275
vn -0.3128 0.9285 -0.2001
vn -0.3297 0.9305 -0.1597
vn -0.2720 0.9537 -0.1280
vn 0.4914 0.7456 -0.4501
vn -0.9620 0.0529 -0.2680
vn -0.9613 0.0481 -0.2711
vn -0.9677 0.0669 0.2431
vn 0.1436 0.5805 -0.8015
vn 0.1780 0.6852 -0.7063
vn 0.3988 0.3277 0.8565
vn -0.2997 0.9358 0.1854
vn -0.3332 0.8969 0.2906
vn -0.0505 -0.0397 0.9979
vn -0.0595 -0.0243 0.9979
vn -0.5021 -0.7216 0.4767
vn 0.9950 -0.0210 0.0979
vn 0.9995 -0.0151 0.0267
vn -0.1377 0.9265 0.3503
vn -0.1290 0.8662 0.4828
vn -0.0499 -0.7973 0.6016
vn -0.1813 -0.7751 0.6053
vn -0.2527 0.9674 -0.0189
vn -0.9813 0.1322 -0.1401
vn -0.9539 0.2843 -0.0965
vn 0.8788 -0.2941 0.3757
vn 0.4097 0.0072 0.9122
vn 0.5101 0.0012 0.8601
vn 0.5109 0.0012 0.8597
vn -0.8329 -0.5296 -0.1604
vn 0.2481 0.7148 0.6538
vn 0.3226 0.6172 0.7177
vn 0.9529 0.0348 -0.3013
vn -0.2590 0.8707 -0.4181
vn -0.3901 0.8605 -0.3276
vn -0.3420 0.8619 -0.3743
vn -0.1040 0.8230 -0.5584
vn -0.1086 -0.1696 -0.9795
vn -0.5057 -0.8627 -0.0111
vn 0.2630 -0.7333 -0.6270
vn 0.0945 0.8640 -0.4945
vn -0.1313 0.9893 -0.0639
vn -0.0360 0.9835 -0.1771
vn 0.3528 0.9065 0.2318
vn 0.5383 0.8129 0.2221
vn 0.4685 0.8695 0.1562
vn -0.3165 -0.7648 0.5611
vn -0.4327 -0.7766 0.4578
vn -0.5046 -0.8625 -0.0387
vn -0.7313 -0.6607 -0.1696
vn -0.9380 0.2291 -0.2600
vn -0.3743 0.8694 -0.3225
vn -0.3888 0.8712 -0.2996
vn -0.1231 0.8800 0.4587
vn -0.3043 0.8762 0.3737
vn -0.3027 0.8765 0.3744
vn -0.1907 0.8849 0.4249
vn -0.6549 0.0573 0.7535
vn -0.8360 0.0552 0.5460
vn 0.4942 0.8692 -0.0180
vn 0.4812 0.8737 0.0712
vn -0.0188 0.7217 -0.6920
vn -0.9615 0.0009 -0.2749
vn -0.9926 0.0007 -0.1217
vn -0.9927 0.0007 -0.1210
vn -0.3541 0.9320 -0.0780
vn -0.4326 0.8954 -0.1052
vn -0.4949 0.8668 -0.0613
vn -0.4641 0.8858 -0.0047
vn -0.4004 0.9160 0.0257
vn -0.3518 0.9356 -0.0303
vn -0.1229 -0.0018 -0.9924
vn -0.9900 -0.0181 -0.1401
vn -0.5609 0.0326 -0.8272
vn 0.6644 0.0380 -0.7464
vn -0.1565 0.9840 -0.0853
vn -0.1577 0.9849 -0.0714
vn -0.0913 0.9813 -0.1692
vn -0.9986 0.0406 0.0330
vn 0.6773 0.0744 -0.7320
vn -0.1804 0.9734 0.1415
vn -0.4731 0.8697 0.1404
vn -0.4678 0.8602 0.2029
vn 0.7148 0.0552 0.6971
vn 0.9164 0.3352 -0.2187
vn 0.0373 -0.9979 0.0538
vn 0.0584 -0.9980 -0.0243
vn -0.9725 0.0592 -0.2251
vn -0.2120 0.6910 -0.6910
vn -0.0451 0.0587 -0.9973
vn 0.3556 0.9221 -0.1526
vn 0.2508 0.9528 -0.1712
vn 0.2677 0.9623 -0.0478
vn 0.3587 0.9314 -0.0628
vn 0.3745 0.9205 -0.1118
vn 0.5392 0.8355 0.1054
vn -0.7722 -0.3705 -0.5162
vn 0.4265 0.8658 -0.2617
vn -0.7437 -0.0246 -0.6681
vn -0.6616 -0.0322 -0.7491
vn -0.6822 -0.0352 -0.7303
vn -0.7648 -0.0239 -0.6438
vn -0.4916 0.8587 -0.1446
vn 0.8873 -0.0883 0.4527
vn 0.0058 -0.9447 -0.3279
vn -0.0755 -0.9115 -0.4042
vn -0.3097 0.2033 0.9289
vn -0.2345 0.0474 0.9710
vn -0.2519 0.0603 0.9659
vn -0.3083 0.1106 0.9448
vn -0.3909 0.0545 0.9188
vn 0.0625 0.8168 0.5736
vn 0.9959 0.0553 0.0715
vn -0.8368 0.0770 0.5421
vn -0.7764 0.0870 0.6242
vn -0.8117 0.0817 0.5783
vn -0.8300 0.0787 0.5522
vn -0.8776 0.0655 0.4749
vn -0.9096 -0.3118 -0.2746
vn -0.9391 -0.3375 -0.0642
vn -0.6735 -0.0145 0.7391
vn 0.2424 0.9412 -0.2353
vn 0.2239 0.9513 -0.2117
vn 0.5285 -0.8453 0.0787
vn 0.1359 0.0019 0.9907
vn 0.2624 -0.0005 0.9649
vn 0.1436 0.0720 0.9870
vn 0.0421 0.0687 0.9967
vn 0.9843 -0.1081 -0.1398
vn 0.9878 -0.0622 0.1427
vn 0.8980 -0.1412 0.4166
vn -0.9845 0.0397 0.1708
vn -0.8835 0.0025 0.4685
vn -0.9355 0.0052 0.3533
vn 0.6370 0.0011 -0.7709
vn 0.6317 0.0012 -0.7752
vn -0.6557 0.0217 -0.7547
vn -0.4203 0.0141 -0.9073
vn -0.7448 0.1523 -0.6496
vn -0.3869 -0.8882 -0.2478
vn -0.4389 -0.8878 -0.1385
vn 0.6301 0.0099 0.7764
vn 0.6654 0.0246 0.7461
vn 0.7073 0.0288 0.7063
vn 0.7375 0.0197 0.6751
vn 0.2537 -0.9440 -0.2109
vn -0.9999 0.0124 -0.0114
vn -0.9927 0.0047 -0.1204
vn -0.9986 0.0055 -0.0534
vn -0.3877 -0.8856 0.2558
vn -0.2736 -0.9285 0.2510
vn -0.7844 -0.5506 -0.2855
vn -0.5568 -0.7971 -0.2337
vn -0.4130 0.0161 -0.9106
vn 0.9579 -0.2862 0.0213
vn 0.9580 -0.2866 0.0072
vn 0.8722 -0.2874 0.3958
vn 0.8720 -0.2874 0.3963
vn -0.1621 -0.7262 -0.6681
vn 0.9463 0.0058 0.3231
vn 0.9822 0.0105 0.1875
vn 0.2059 -0.9421 -0.2647
vn -0.2254 0.9742 -0.0134
vn -0.2302 0.9727 -0.0282
vn -0.4508 0.8926 -0.0070
vn -0.9324 0.3499 0.0901
vn 0.0996 0.8838 0.4572
vn 0.0998 0.9683 0.2289
vn 0.1123 0.9716 0.2081
vn 0.0980 0.9702 0.2216
vn 0.9976 -0.0026 -0.0688
vn 0.9997 -0.0042 -0.0231
vn 0.9803 -0.1348 -0.1445
vn 0.9849 -0.0023 -0.1729
vn 0.0002 1.0000 0.0005
vn -0.0296 0.6933 0.7200
vn 0.0046 0.7886 0.6149
vn -0.9796 -0.1848 -0.0794
vn -0.9842 -0.0172 -0.1761
vn -0.9961 -0.0294 -0.0827
vn -0.9820 -0.1878 -0.0176
vn -0.3715 0.0083 0.9284
vn -0.5651 0.7189 -0.4048
vn -0.4486 0.8774 -0.1700
vn 0.3341 0.1656 -0.9279
vn 0.1593 -0.9317 -0.3265
vn 0.2510 -0.8958 -0.3669
vn -0.1134 -0.7143 -0.6905
vn 0.5741 0.1118 0.8111
vn 0.6531 0.0619 0.7547
vn 0.7370 0.0904 0.6699
vn -0.1847 0.0566 0.9812
vn -0.1128 -0.9837 -0.1397
vn -0.1062 -0.9922 -0.0649
vn -0.2449 0.1616 0.9560
vn 0.0799 0.1468 0.9859
vn -0.3761 -0.1184 0.9190
vn -0.3515 0.4303 0.8314
vn -0.2673 0.9581 0.1028
vn -0.2953 0.9493 0.1083
vn -0.5109 0.8261 -0.2379
vn 0.1238 -0.0091 0.9923
vn -0.5662 0.8242 -0.0124
vn 0.7393 -0.1530 0.6558
vn 0.7399 0.0026 0.6727
vn 0.6718 -0.0078 0.7407
vn -0.0543 -0.9654 -0.2549
vn 0.2183 0.9740 0.0602
vn 0.3418 0.9092 0.2379
vn 0.2257 0.9742 -0.0001
vn 0.5986 0.8010 0.0090
vn 0.1018 0.8858 0.4527
vn -0.9977 0.0638 -0.0220
vn -0.9981 0.0152 0.0593
vn -0.9949 0.0919 -0.0408
vn 0.8811 0.0494 -0.4703
vn 0.7149 0.0595 -0.6967
vn 0.0551 0.0655 -0.9963
vn -0.0215 0.0045 -0.9998
vn -0.5916 0.1455 -0.7930
vn -0.1192 0.9724 -0.2004
vn -0.1466 0.9780 -0.1487
vn 0.1796 -0.9285 -0.3249
vn 0.1458 -0.9286 -0.3411
vn -0.4615 0.1001 -0.8815
vn -0.4899 0.1179 -0.8638
vn -0.4365 0.0848 -0.8957
vn -0.9522 0.0326 0.3038
vn -0.1683 -0.8896 0.4247
vn 0.2268 0.0701 0.9714
vn 0.3179 0.3941 0.8623
vn 0.2428 0.0845 0.9664
vn 0.4721 0.3213 -0.8209
vn 0.3789 0.8786 -0.2907
vn 0.7670 0.0102 0.6416
vn 0.7800 -0.0083 0.6257
vn 0.0989 -0.3886 0.9161
vn 0.6817 -0.0819 0.7270
vn 0.3127 -0.0169 -0.9497
vn 0.7754 -0.0545 -0.6291
vn 0.0333 0.0502 -0.9982
vn 0.4702 0.0557 -0.8808
vn 0.5112 0.0401 -0.8585
vn -0.0002 1.0000 -0.0009
vn 0.0015 1.0000 0.0023
vn 0.0042 1.0000 0.0057
vn 0.7496 0.1330 -0.6484
vn 0.5655 0.1377 -0.8132
vn 0.9598 0.0887 -0.2665
vn 0.9274 0.0242 -0.3734
vn 0.9627 0.0967 -0.2527
vn 0.9770 0.0911 -0.1926
vn 0.9838 0.0875 -0.1563
vn 0.8423 -0.4385 0.3134
vn 0.6355 0.6502 0.4164
vn 0.5556 0.7593 0.3387
vn 0.8721 0.0355 -0.4881
vn -0.2371 0.8234 -0.5156
vn -0.1990 0.7275 -0.6566
vn -0.2750 0.7324 -0.6228
vn -0.3271 0.7761 -0.5391
vn -0.7359 0.5176 0.4366
vn -0.5613 0.5840 0.5864
vn 0.7506 -0.4747 0.4596
vn -0.4620 0.1017 0.8811
vn -0.4331 0.0685 0.8987
vn 0.6707 0.6828 -0.2897
vn 0.6773 0.6714 -0.3008
vn 0.8357 0.2456 -0.4913
vn -0.9458 -0.1652 -0.2795
vn -0.9020 -0.3454 -0.2592
vn -0.8180 0.0571 0.5724
vn 0.3738 0.2804 0.8841
vn 0.0905 -0.0010 0.9959
vn -0.9594 0.0056 -0.2821
vn -0.9374 0.0197 -0.3476
vn 0.2751 0.3214 -0.9061
vn -0.6935 0.1353 -0.7076
vn 0.7201 0.0526 -0.6918
vn 0.9607 0.0574 -0.2716
vn -0.2086 -0.1706 0.9630
vn -0.4726 0.1040 0.8751
vn -0.6335 0.6838 0.3621
vn 0.5043 0.7414 0.4427
vn -0.3112 -0.7724 -0.5536
vn 0.3955 0.0571 0.9167
vn 0.0515 0.0597 0.9969
vn 0.3924 0.9197 -0.0151
vn 0.4488 0.8936 0.0027
vn -0.3715 -0.9276 -0.0385
vn -0.3409 -0.9212 -0.1874
vn -0.3375 -0.9178 -0.2089
vn -0.3806 -0.9247 -0.0041
vn -0.3975 0.0397 -0.9168
vn 0.1488 0.0441 -0.9879
vn -0.0355 -0.0186 -0.9992
vn -0.4714 0.1176 0.8741
vn -0.2371 0.1422 0.9610
vn -0.5780 0.6345 -0.5132
vn -0.6860 0.5014 -0.5274
vn 0.4075 0.6416 -0.6499
vn 0.1988 0.9741 0.1074
vn 0.0399 0.9992 -0.0001
vn -0.6252 0.0033 0.7805
vn -0.7012 0.0047 0.7130
vn -0.7492 -0.0019 0.6624
vn -0.6633 0.0004 0.7483
vn -0.5545 0.0052 0.8322
vn 0.0095 0.9500 -0.3120
vn -0.0677 0.9285 -0.3652
vn -0.0988 0.9602 -0.2613
vn -0.6615 -0.0449 0.7486
vn -0.4183 -0.0023 0.9083
vn -0.3333 0.0417 0.9419
vn 0.9806 -0.0608 0.1864
vn 0.9886 -0.0558 0.1396
vn 0.9735 -0.0420 0.2249
vn 0.9508 0.0005 0.3097
vn 0.9850 0.0563 -0.1633
vn -0.4600 -0.5474 -0.6991
vn -0.2291 -0.2885 -0.9297
vn -0.5241 -0.2902 -0.8007
vn -0.2614 -0.9318 -0.2519
vn -0.1945 -0.9618 -0.1928
vn -0.1648 -0.9614 -0.2202
vn -0.1097 -0.9925 -0.0535
vn -0.1506 -0.9886 -0.0073
vn -0.2555 -0.9654 -0.0526
vn 0.2440 0.0096 0.9697
vn 0.2959 0.0162 0.9551
vn 0.3642 -0.0089 0.9313
vn 0.2725 0.0247 0.9618
vn -0.0577 0.9809 -0.1857
vn 0.5208 -0.8461 0.1135
vn -0.4077 -0.0226 0.9128
vn -0.5064 -0.0277 0.8619
vn -0.4373 -0.0273 0.8989
vn -0.7252 -0.2843 -0.6271
vn -0.7172 -0.2844 -0.6362
vn -0.2678 -0.1031 -0.9580
vn 0.2590 -0.1440 0.9551
vn 0.9879 0.0483 -0.1476
vn 0.4909 0.7987 0.3479
vn -0.4423 0.0412 0.8959
vn -0.2539 0.0533 0.9658
vn 0.2919 -0.0691 0.9539
vn 0.4432 -0.0005 -0.8964
vn 0.2597 -0.5333 -0.8051
vn 0.1672 -0.5769 -0.7995
vn -0.0749 0.3151 -0.9461
vn -0.3485 0.3035 -0.8868
vn 0.0027 -1.0000 0.0082
vn 0.1467 -0.8713 0.4683
vn 0.1488 0.9195 -0.3637
vn 0.2223 0.9063 -0.3595
vn 0.2743 0.8696 -0.4105
vn 0.9918 0.0008 -0.1282
vn -0.8252 -0.0332 -0.5638
vn -0.2350 0.0030 0.9720
vn -0.2524 0.2572 0.9328
vn 0.1715 0.9668 0.1894
vn -0.2369 -0.2902 0.9272
vn 0.2346 -0.0298 -0.9716
vn 0.3230 0.8658 -0.3822
vn 0.1071 0.8647 -0.4908
vn 0.2545 0.8755 -0.4107
vn -0.4821 0.8697 0.1063
vn -0.4773 0.8705 0.1200
vn -0.4975 0.8674 -0.0082
vn -0.4742 0.8664 0.1566
vn -0.4459 0.8722 0.2012
vn 0.0674 0.9792 -0.1916
vn -0.1130 0.9751 0.1907
vn -0.1306 0.9763 0.1724
vn -0.0852 0.9764 0.1985
vn -0.1911 0.8857 0.4231
vn -0.1361 0.9760 -0.1699
vn 0.9227 0.0591 -0.3811
vn 0.8047 -0.5448 0.2359
vn 0.6542 -0.7254 0.2143
vn 0.6003 -0.5092 0.6167
vn 0.6886 -0.3001 -0.6601
vn 0.1244 0.9432 -0.3079
vn 0.5215 0.8128 -0.2597
vn 0.4967 0.8677 0.0208
vn -0.0101 0.0075 0.9999
vn -0.2871 -0.0613 0.9559
vn -0.3659 0.9277 0.0745
vn 0.1974 -0.7842 0.5883
vn 0.1133 -0.9877 -0.1082
vn -0.7674 0.5852 0.2622
vn -0.7658 0.5857 0.2655
vn -0.7053 0.5992 0.3787
vn 0.3368 -0.0068 -0.9415
vn 0.0385 -0.2400 0.9700
vn 0.2957 -0.1420 0.9447
vn 0.3796 -0.9155 0.1331
vn 0.3683 -0.9169 0.1536
vn 0.0009 -0.1199 -0.9928
vn 0.4531 -0.8671 0.2071
vn 0.2451 -0.6076 0.7554
vn -0.6381 0.7106 0.2964
vn -0.1623 0.5994 -0.7838
vn -0.3091 0.6257 -0.7162
vn -0.7459 -0.3185 0.5851
vn -0.8144 -0.1271 0.5663
vn -0.1906 0.8429 0.5032
vn 0.8723 0.3641 -0.3265
vn 0.8277 0.4392 -0.3494
vn -0.5802 -0.0509 -0.8129
vn -0.6078 -0.2451 -0.7553
vn -0.1963 -0.3852 -0.9017
vn -0.5961 0.0550 -0.8010
vn -0.0067 -0.1763 0.9843
vn -0.8526 -0.2227 0.4728
vn -0.6145 0.7442 0.2619
vn -0.2637 -0.9549 0.1364
vn -0.1371 -0.9878 0.0732
vn -0.1063 -0.9888 0.1051
vn -0.1688 -0.7287 0.6637
vn -0.2079 0.1518 0.9663
vn 0.0850 0.1425 0.9861
vn -0.7839 0.3123 0.5366
vn -0.7533 0.2235 0.6185
vn 0.1973 -0.0223 0.9801
vn 0.5593 0.0883 -0.8243
vn 0.4243 0.8551 0.2979
vn 0.4364 0.8550 0.2802
vn 0.4403 0.8725 -0.2119
vn 0.0790 -0.9949 -0.0628
vn 0.0058 -1.0000 -0.0045
vn -0.2461 0.9483 0.2005
vn -0.6370 0.3709 0.6758
vn -0.7151 -0.1066 0.6909
vn -0.0721 0.9755 -0.2079
vn -0.1685 0.9755 -0.1417
vn 0.3046 0.3320 0.8927
vn 0.4297 0.0875 0.8987
vn 0.3630 0.0896 0.9275
vn 0.3359 0.0904 0.9375
vn 0.2862 0.0701 0.9556
vn 0.2550 0.3182 0.9131
vn -0.0116 0.9999 -0.0035
vn -0.4757 0.8680 -0.1425
vn -0.5318 0.8357 -0.1373
vn 0.7653 0.2942 -0.5725
vn 0.5723 0.1608 -0.8042
vn -0.1233 0.9671 0.2227
vn 0.7870 -0.0319 0.6161
vn 0.7211 -0.0270 0.6923
vn 0.7654 -0.0398 0.6424
vn 0.8347 -0.0259 0.5501
vn 0.1062 0.9707 0.2156
vn 0.2536 0.0313 0.9668
vn -0.8838 0.3116 0.3491
vn -0.9174 0.1557 -0.3662
vn -0.7517 0.1573 -0.6405
vn -0.2368 0.5119 -0.8257
vn -0.3237 0.4051 -0.8550
vn -0.0010 -1.0000 0.0011
vn -0.0589 -0.9978 0.0299
vn 0.9800 -0.0186 0.1981
vn -0.6145 0.7799 -0.1187
vn -0.6971 0.6978 -0.1646
vn 0.4526 -0.0479 0.8904
vn 0.4235 -0.0343 0.9052
vn 0.4875 -0.0644 0.8708
vn 0.5556 0.0295 0.8309
vn -0.9866 0.0104 0.1627
vn -0.9855 0.0111 0.1691
vn -0.6683 -0.7105 0.2203
vn 0.8767 0.0449 -0.4789
vn 0.8861 -0.0100 0.4635
vn 0.2428 0.9529 0.1817
vn 0.1383 0.9603 0.2424
vn 0.1578 0.9525 0.2605
vn 0.2239 0.9361 0.2714
vn 0.3504 -0.0169 -0.9365
vn 0.9755 0.0350 -0.2174
vn 0.9636 0.0499 -0.2627
vn -0.4800 0.0011 -0.8772
vn -0.6133 -0.0001 -0.7899
vn -0.9689 -0.0374 0.2448
vn -0.2916 0.8210 0.4909
vn -0.2902 0.8658 0.4076
vn -0.1900 -0.2757 -0.9423
vn 0.1784 0.9834 -0.0327
vn 0.2535 0.9657 -0.0552
vn 0.1786 0.9833 -0.0357
vn -0.0481 -0.1850 0.9816
vn -0.2595 0.3066 0.9158
vn 0.4474 -0.5503 0.7050
vn -0.3841 -0.8825 -0.2713
vn 0.9636 0.0926 0.2507
vn 0.9653 0.0945 0.2433
vn 0.8356 -0.0001 -0.5494
vn -0.3821 0.7429 -0.5497
vn -0.4097 0.7604 -0.5040
vn -0.4217 0.7815 -0.4597
vn -0.5794 0.0533 -0.8133
vn 0.2179 0.9503 0.2225
vn -0.9391 0.0771 -0.3350
vn -0.7213 0.6425 0.2589
vn -0.9635 0.0536 -0.2624
vn 0.0428 0.5909 -0.8056
vn -0.4856 0.1073 0.8676
vn -0.4234 0.1025 0.9001
vn -0.4247 0.1026 0.8995
vn -0.8967 0.0600 0.4385
vn -0.9224 0.0519 0.3828
vn -0.7827 0.5581 -0.2755
vn 0.5917 0.3264 0.7371
vn 0.4879 0.8585 0.1578
vn -0.9999 -0.0010 0.0112
vn -0.9976 0.0003 0.0697
vn 0.3182 0.9434 0.0935
vn 0.8181 0.0573 0.5723
vn 0.8836 0.0989 0.4576
vn 0.8532 0.0723 0.5165
vn 0.8276 0.0521 0.5589
vn -0.5304 0.8371 -0.1341
vn 0.0509 -0.0121 0.9986
vn 0.4258 -0.8994 0.0993
vn 0.4339 -0.8978 0.0749
vn -0.6294 -0.0062 0.7771
vn 0.5690 -0.7337 -0.3712
vn 0.5647 0.8102 -0.1573
vn -0.2505 -0.2559 0.9337
vn -0.9394 -0.2895 0.1833
vn 0.8749 0.0602 -0.4806
vn -0.0054 0.9750 0.2220
vn -0.1043 0.9897 -0.0978
vn -0.8324 0.0398 -0.5527
vn 0.1906 0.9341 -0.3018
vn -0.6879 -0.7241 0.0486
vn 0.4800 0.3405 -0.8085
vn 0.0735 -0.9656 -0.2493
vn -0.6705 0.3412 -0.6588
vn -0.6318 0.0769 -0.7713
vn -0.7693 0.1418 -0.6230
vn -0.9928 -0.0234 0.1174
vn -0.9967 -0.0445 0.0683
vn -0.0800 0.9926 -0.0910
vn 0.9949 -0.0052 0.1011
vn 0.9829 -0.0027 0.1842
vn 0.9669 0.0051 0.2553
vn -0.2156 -0.9752 0.0494
vn -0.1405 -0.9739 0.1785
vn 0.9674 0.0072 0.2533
vn 0.0318 -0.1129 0.9931
vn -0.2592 0.8694 0.4207
vn -0.3064 0.8631 0.4015
vn -0.4102 0.8533 0.3221
vn -0.4259 0.8533 0.3009
vn 0.5787 0.7230 -0.3774
vn 0.6399 0.7152 -0.2812
vn -0.0116 0.8856 0.4643
vn -0.9500 0.2997 -0.0873
vn -0.0970 0.8902 0.4450
vn -0.1110 0.8900 0.4423
vn 0.2262 0.9258 -0.3030
vn 0.9983 -0.0446 0.0375
vn 0.1292 0.9517 -0.2784
vn 0.0555 0.9321 -0.3579
vn 0.0157 0.9023 -0.4309
vn 0.3824 0.7948 -0.4713
vn 0.0813 0.9726 -0.2177
vn 0.1054 0.9746 -0.1978
vn 0.2310 0.8854 -0.4035
vn 0.0967 0.9667 -0.2371
vn 0.7344 0.5421 -0.4084
vn 0.6966 0.5233 -0.4908
vn -0.0524 -0.9748 0.2170
vn 0.3908 0.8708 0.2983
vn 0.3936 0.8595 0.3260
vn 0.1380 0.9884 -0.0629
vn -0.4175 0.8666 0.2733
vn -0.1117 0.8753 0.4705
vn -0.1181 0.8755 0.4686
vn -0.8072 0.0172 -0.5900
vn -0.8408 -0.0480 -0.5393
vn -0.1902 -0.9780 -0.0852
vn -0.2161 0.3238 0.9211
vn 0.7519 -0.3187 0.5772
vn -0.8984 0.0601 -0.4350
vn -0.8116 0.0964 -0.5763
vn -0.8001 -0.2899 0.5251
vn -0.8090 -0.2899 0.5113
vn -0.0233 -0.9974 0.0685
vn 0.0512 -0.9983 -0.0275
vn 0.4724 -0.8687 0.1492
vn 0.0089 -1.0000 0.0027
vn 0.0121 -0.9999 0.0037
vn -0.2930 -0.8702 0.3961
vn -0.4010 -0.0243 -0.9158
vn -0.0107 0.8234 0.5674
vn 0.1917 0.9807 0.0398
vn -0.8282 0.5081 -0.2365
vn -0.0931 0.0390 0.9949
vn -0.9347 -0.3514 -0.0535
vn 0.9750 0.1302 0.1801
vn 0.9952 0.0722 0.0660
vn -0.2826 -0.7719 -0.5695
vn -0.8353 -0.0009 0.5497
vn -0.7649 -0.1343 0.6300
vn -0.9254 -0.2997 -0.2321
vn 0.1870 -0.9798 -0.0709
vn -0.2520 0.4237 0.8700
vn 0.0330 -0.9875 0.1544
vn -0.0000 -1.0000 -0.0004
vn -0.0002 -1.0000 0.0007
vn -0.0001 -1.0000 0.0002
vn -0.2052 0.7286 0.6535
vn -0.1423 0.7224 0.6766
vn -0.2499 0.7323 0.6335
vn -0.1808 0.5182 0.8359
vn -0.2445 0.7364 0.6309
vn 0.9136 0.0783 -0.3990
vn 0.9238 0.0776 -0.3749
vn 0.9719 0.0249 -0.2339
vn 0.1248 -0.9444 -0.3043
vn 0.9920 0.0814 -0.0960
vn 0.8073 0.5901 -0.0060
vn -0.1480 0.2736 0.9504
vn -0.1667 -0.1501 0.9745
vn 0.4784 0.8646 0.1537
vn -0.2504 0.0982 -0.9631
vn -0.3017 0.1260 -0.9450
vn 0.8520 -0.2935 0.4336
vn 0.8605 -0.2943 0.4160
vn 0.3113 -0.8439 0.4369
vn -0.0093 0.9780 0.2085
vn -0.0387 0.9638 0.2636
vn -0.0110 0.9775 0.2107
vn 0.0830 0.9806 0.1774
vn -0.0071 0.9794 0.2016
vn 0.8028 -0.3555 0.4788
vn 0.9570 -0.2902 0.0041
vn 0.9568 -0.2897 0.0245
vn 0.3654 0.2186 0.9048
vn 0.3013 0.0917 -0.9491
vn 0.2767 0.0876 -0.9570
vn 0.2238 0.0788 -0.9715
vn -0.3649 0.0731 -0.9282
vn -0.4651 0.1024 -0.8793
vn 0.4301 -0.7561 -0.4933
vn 0.6221 0.7190 0.3099
vn -0.1300 0.0156 0.9914
vn -0.0829 0.0399 0.9958
vn 0.2369 0.9684 0.0783
vn -0.4625 0.5952 -0.6571
vn -0.4055 0.6100 -0.6808
vn -0.3884 0.3801 -0.8395
vn -0.5682 0.4406 -0.6950
vn 0.5452 0.0020 0.8383
vn 0.1838 -0.8400 -0.5105
vn 0.1155 0.9343 0.3372
vn 0.3003 0.9041 0.3040
vn 0.9131 -0.0131 -0.4074
vn 0.8936 -0.0128 -0.4486
vn -0.2915 0.0202 0.9564
vn 0.0001 -1.0000 0.0003
vn -0.0042 -0.9999 0.0165
vn -0.6069 0.1053 0.7878
vn 0.9451 -0.2672 -0.1882
vn -0.0436 0.9830 -0.1785
vn -0.5736 -0.5918 0.5664
vn -0.0037 -1.0000 0.0021
vn -0.2312 0.6458 0.7276
vn 0.6622 0.7129 -0.2309
vn 0.2223 0.0040 0.9750
vn 0.1022 0.0048 0.9948
vn 0.2846 0.8030 0.5236
vn 0.8654 -0.0033 0.5011
vn 0.8124 0.0019 0.5831
vn 0.3294 -0.2943 0.8972
vn 0.0147 -0.6433 0.7654
vn -0.0408 -0.5920 0.8049
vn -0.5551 -0.2901 0.7796
vn 0.3513 0.6556 0.6684
vn -0.9715 -0.0231 0.2359
vn 0.1604 0.9870 -0.0099
vn -0.4174 0.1543 0.8955
vn 0.2297 0.9726 -0.0360
vn 0.2237 0.9734 -0.0486
vn -0.9427 0.3048 0.1359
vn 0.9448 0.0078 -0.3277
vn 0.9438 0.0077 -0.3305
vn -0.1884 0.9816 0.0308
vn -0.2005 0.9794 -0.0253
vn -0.1732 0.9838 0.0466
vn -0.9611 0.0176 0.2755
vn -0.0006 1.0000 0.0013
vn 0.0008 1.0000 -0.0016
vn 0.8941 -0.4092 -0.1819
vn 0.8961 -0.4089 -0.1728
vn 0.5254 0.1389 -0.8395
vn 0.6386 0.0666 -0.7666
vn 0.7421 -0.2925 0.6031
vn 0.3871 -0.0176 0.9219
vn 0.6103 0.2992 0.7335
vn 0.7467 0.0013 -0.6652
vn 0.7479 0.0013 -0.6639
vn -0.0237 0.8507 -0.5252
vn 0.3679 -0.3845 0.8466
vn -0.1328 0.6209 -0.7726
vn 0.2695 0.9611 0.0608
vn 0.3095 0.0074 0.9509
vn -0.8983 0.1037 -0.4270
vn -0.8577 -0.0137 0.5139
vn 0.1923 0.9781 -0.0795
vn 0.0187 0.9798 -0.1992
vn -0.5769 0.1287 -0.8066
vn -0.8249 -0.2964 -0.4814
vn -0.8893 -0.2805 -0.3612
vn 0.5651 0.0212 -0.8247
vn -0.8139 -0.2950 -0.5006
vn -0.2723 0.8666 -0.4182
vn -0.4359 -0.7731 -0.4607
vn -0.2515 0.2313 -0.9398
vn 0.1677 -0.8538 -0.4928
vn -0.0954 0.7087 -0.6990
vn -0.4276 0.8873 -0.1726
vn -0.4198 0.8699 -0.2589
vn 0.1804 -0.9819 -0.0580
vn 0.2244 -0.9711 -0.0815
vn 0.3207 -0.9406 -0.1111
vn -0.4013 -0.5247 0.7507
vn 0.1963 -0.7214 0.6641
vn 0.2332 -0.2919 0.9276
vn 0.2375 -0.7487 0.6189
vn 0.3623 0.7756 0.5169
vn 0.0511 0.9790 0.1973
vn 0.0995 0.9799 0.1731
vn -0.3196 0.8684 0.3792
vn 0.9266 0.0380 -0.3742
vn 0.6910 -0.6464 0.3236
vn -0.0232 0.2182 -0.9756
vn -0.1006 0.2345 -0.9669
vn 0.6698 -0.5736 0.4716
vn -0.0012 1.0000 0.0021
vn -0.0007 1.0000 -0.0002
vn -0.7981 0.1706 -0.5779
vn -0.8117 0.1661 -0.5599
vn 0.9861 -0.0267 -0.1641
vn -0.0532 0.0757 0.9957
vn -0.0834 0.0758 0.9936
vn 0.4345 -0.7386 -0.5154
vn 0.3869 -0.7368 -0.5544
vn -0.7768 -0.0502 -0.6277
vn 0.1358 0.0007 0.9907
vn 0.1369 0.0007 0.9906
vn 0.9760 0.0061 -0.2179
vn -0.0655 0.9394 0.3364
vn 0.1816 0.9801 -0.0797
vn -0.3835 0.5661 0.7297
vn 0.9779 0.0579 -0.2008
vn 0.6421 0.1778 -0.7457
vn -0.5121 0.0063 -0.8589
vn 0.1065 -0.9744 0.1982
vn 0.0765 -0.9805 0.1808
vn -0.2890 0.6563 0.6970
vn 0.7867 -0.0255 -0.6168
vn 0.1242 -0.9824 -0.1396
vn 0.3565 0.8396 0.4098
vn 0.4619 -0.7344 -0.4973
vn 0.1144 0.8573 -0.5020
vn 0.4943 0.8625 -0.1085
vn 0.4902 0.8699 0.0541
vn 0.4907 0.8698 0.0514
vn 0.4968 0.8631 -0.0906
vn 0.4559 0.8552 -0.2465
vn 0.3894 0.8660 -0.3138
vn -0.7433 -0.3440 -0.5737
vn 0.8878 0.0593 -0.4565
vn 0.8902 0.0565 -0.4520
vn 0.9222 0.0161 -0.3863
vn 0.8925 0.0794 -0.4441
vn 0.0300 0.9954 0.0912
vn -0.5587 -0.0047 -0.8293
vn 0.2519 0.8323 -0.4938
vn 0.1917 0.1336 -0.9723
vn 0.1711 0.9735 0.1515
vn 0.9181 0.0027 0.3962
vn -0.9205 0.0769 -0.3831
vn 0.3370 0.6713 0.6602
vn 0.2485 0.7550 0.6069
vn -0.7820 0.3724 -0.4998
vn 0.0898 0.0379 0.9952
vn 0.1614 0.0352 0.9863
vn 0.9981 0.0086 0.0603
vn 0.9976 0.0094 0.0692
vn -0.6681 -0.0583 -0.7418
vn -0.8500 0.0416 -0.5251
vn -0.9592 0.0457 -0.2789
vn 0.8926 0.4482 0.0483
vn -0.2263 -0.9114 0.3438
vn 0.6177 0.7361 0.2767
vn -0.0625 0.8756 0.4789
vn 0.0277 0.8773 0.4792
vn 0.7103 -0.0273 -0.7034
vn -0.0891 0.9753 -0.2020
vn -0.0836 0.9746 -0.2078
vn -0.9992 0.0018 -0.0394
vn -0.9948 0.0076 0.1014
vn -0.9683 0.0196 0.2491
vn 0.8964 -0.2952 0.3307
vn -0.4407 -0.8776 0.1885
vn 0.0658 0.6356 -0.7692
vn -0.6501 -0.5340 -0.5406
vn -0.1744 0.0010 0.9847
vn -0.0231 0.0005 0.9997
vn -0.0954 0.0003 0.9954
vn -0.0210 0.0005 0.9998
vn -0.7017 0.6594 0.2697
vn -0.6873 0.6813 0.2520
vn 0.8159 -0.1986 -0.5430
vn 0.0248 0.9994 0.0259
vn 0.0003 1.0000 0.0004
vn 0.0005 1.0000 0.0006
vn 0.4542 0.8734 -0.1755
vn 0.3560 -0.7297 -0.5838
vn -0.2064 0.9670 -0.1494
vn -0.0549 0.8506 -0.5230
vn -0.7224 -0.6915 0.0020
vn -0.9840 -0.0010 -0.1783
vn 0.5360 0.0575 -0.8423
vn 0.5122 0.8588 -0.0119
vn 0.5121 0.8588 -0.0114
vn 0.4849 -0.8737 0.0380
vn -0.9270 -0.3747 -0.0134
vn 0.3327 -0.9093 0.2499
vn 0.3477 -0.9080 0.2337
vn 0.2019 -0.0266 -0.9791
vn -0.8944 0.0006 0.4472
vn -0.6106 0.7906 -0.0466
vn -0.1320 0.9446 -0.3004
vn -0.0025 0.9992 -0.0387
vn -0.5711 -0.0382 -0.8200
vn -0.9463 0.1558 0.2832
vn -0.9865 0.1575 0.0439
vn -0.9803 -0.1540 0.1237
vn 0.9298 -0.3649 -0.0489
vn -0.6440 0.7101 -0.2846
vn -0.3305 0.8442 0.4221
vn -0.2161 0.8787 0.4257
vn -0.2227 0.9749 -0.0049
vn -0.2615 0.9645 0.0365
vn -0.3820 0.9083 0.1708
vn -0.5067 -0.7518 -0.4219
vn -0.4493 -0.7794 -0.4367
vn -0.0702 0.7115 0.6991
vn 0.3255 -0.7153 -0.6184
vn 0.8542 -0.0167 0.5197
vn -0.8159 0.3070 -0.4899
vn 0.8173 0.4622 -0.3442
vn 0.8821 -0.2924 -0.3692
vn -0.9560 0.2931 -0.0133
vn -0.9450 0.3247 0.0396
vn 0.9972 0.0017 -0.0748
vn 0.9977 0.0018 -0.0683
vn 0.9780 0.0050 -0.2084
vn 0.9793 0.0045 -0.2024
vn 0.1007 0.9799 0.1725
vn 0.1042 0.9795 0.1723
vn 0.0837 -0.8242 -0.5601
vn 0.1708 -0.0250 -0.9850
vn -0.0231 -0.9994 -0.0251
vn -0.0053 -1.0000 -0.0074
vn 0.4182 0.8038 -0.4231
vn 0.5566 0.7081 -0.4345
vn 0.4293 0.7973 -0.4244
vn 0.7034 -0.3066 -0.6413
vn 0.8740 -0.2777 -0.3988
vn 0.5261 -0.7835 -0.3307
vn -0.7694 0.1002 -0.6309
vn -0.7691 0.1000 -0.6313
vn -0.6862 0.7050 0.1791
vn -0.7031 0.7039 0.1013
vn 0.1505 0.9883 -0.0249
vn -0.2935 0.0082 -0.9559
vn -0.3967 0.0078 -0.9179
vn -0.3413 0.5618 -0.7536
vn -0.6260 -0.7166 -0.3075
vn -0.5003 0.6445 -0.5782
vn 0.5828 0.0301 0.8121
vn 0.1872 0.9802 0.0644
vn -0.0026 1.0000 0.0008
vn -0.5656 0.0909 -0.8196
vn 0.1038 0.6635 -0.7409
vn 0.2681 0.6988 -0.6632
vn 0.1574 0.0829 -0.9840
vn 0.1350 0.0874 -0.9870
vn -0.0067 -0.9999 -0.0096
vn -0.2625 -0.8931 -0.3654
vn -0.5028 0.6866 0.5251
vn -0.5200 0.7141 0.4686
vn -0.4667 0.6882 0.5555
vn 0.2965 0.6664 -0.6841
vn -0.6440 -0.6359 -0.4252
vn 0.0918 0.9680 -0.2336
vn 0.5731 0.7005 -0.4252
vn 0.5925 0.7234 -0.3543
vn 0.9424 0.0815 0.3245
vn 0.9088 0.1137 0.4015
vn 0.9469 0.0765 0.3124
vn 0.2023 0.7145 0.6698
vn 0.1484 0.7116 0.6868
vn -0.4007 0.5225 -0.7526
vn 0.8265 0.0022 -0.5630
vn -0.5638 0.6121 -0.5545
vn -0.9446 -0.0196 -0.3275
vn -0.1794 0.0443 -0.9828
vn 0.4321 -0.0131 0.9017
vn 0.4637 -0.0225 0.8857
vn 0.9389 0.0593 0.3391
vn 0.6572 -0.7496 0.0783
vn 0.3921 0.8097 -0.4365
vn 0.6845 0.6437 0.3423
vn 0.3649 0.9271 0.0861
vn 0.3259 0.9343 0.1444
vn 0.7346 -0.0102 -0.6784
vn -0.1741 -0.0075 0.9847
vn 0.1827 0.9743 -0.1321
vn 0.1533 0.7395 -0.6555
vn -0.6707 0.0810 -0.7373
vn -0.7476 0.0730 -0.6602
vn 0.6889 0.6958 0.2035
vn 0.6679 0.7081 0.2289
vn 0.7590 0.6403 0.1177
vn 0.7055 0.6847 0.1827
vn 0.0002 -1.0000 -0.0000
vn -0.0012 -1.0000 0.0087
vn -0.0016 -0.9999 0.0116
vn 0.8067 0.3063 0.5053
vn -0.2888 0.3104 0.9057
vn 0.0408 0.9178 0.3950
vn -0.9719 -0.0233 -0.2342
vn -0.0003 1.0000 0.0009
vn -0.7560 0.0898 0.6484
vn -0.0004 0.9752 0.2212
vn 0.4743 0.7306 0.4911
vn 0.2622 -0.0102 -0.9649
vn 0.7999 0.1183 -0.5884
vn 0.1895 0.8352 -0.5163
vn 0.2436 0.1430 -0.9593
vn -0.0005 1.0000 -0.0016
vn 0.7672 0.6414 0.0059
vn -0.2132 0.9705 -0.1123
vn -0.2068 0.9763 -0.0639
vn -0.6191 0.7630 0.1856
vn 0.6156 0.0823 -0.7837
vn 0.5469 0.0860 -0.8328
vn 0.6125 0.0829 -0.7861
vn 0.3188 -0.3907 -0.8636
vn 0.0007 1.0000 -0.0010
vn 0.8491 0.0993 -0.5189
vn -0.6363 -0.6399 -0.4308
vn -0.4784 -0.8652 -0.1501
vn 0.4889 0.6192 0.6145
vn 0.0003 -1.0000 -0.0022
vn -0.7429 0.5949 -0.3068
vn -0.2088 0.9709 0.1176
vn -0.2054 0.9719 0.1146
vn 0.9049 -0.1670 -0.3915
vn -0.5834 -0.7703 -0.2576
vn -0.4858 -0.2268 -0.8441
vn 0.5899 -0.1239 0.7979
vn 0.0184 0.9809 0.1937
vn -0.0358 0.9898 0.1380
vn -0.6273 -0.7585 0.1765
vn -0.0002 1.0000 -0.0001
vn -0.8564 0.4976 -0.1379
vn -0.2019 0.9790 -0.0289
vn -0.1936 0.9758 -0.1014
vn -0.2082 0.9763 -0.0584
vn -0.2177 0.9756 -0.0294
vn -0.2083 0.9751 0.0767
vn 0.8776 -0.0126 -0.4792
vn -0.8045 -0.2821 0.5227
vn -0.0102 0.8660 -0.4999
vn -0.1120 0.8670 -0.4856
vn 0.4398 0.8966 0.0523
vn -0.6561 0.7159 0.2389
vn -0.5313 0.8249 0.1928
vn -0.2068 0.9742 0.0907
vn -0.4118 0.8863 0.2118
vn -0.2232 -0.7662 0.6026
vn 0.5156 0.7368 -0.4373
vn -0.2610 0.9500 0.1713
vn -0.5021 -0.1653 0.8488
vn -0.7276 0.6830 -0.0638
vn -0.8682 0.4802 -0.1247
vn -0.3746 0.3072 0.8748
vn -0.9434 -0.0184 0.3313
vn 0.9624 0.1147 0.2462
vn 0.9548 0.1058 0.2778
vn 0.9382 0.0892 0.3344
vn 0.3729 0.0013 0.9279
vn 0.4065 -0.7596 0.5077
vn 0.3843 -0.7594 0.5249
vn 0.3052 -0.2014 0.9307
vn -0.0501 -0.9967 0.0642
vn -0.9922 -0.0000 0.1243
vn 0.6420 0.3302 0.6920
vn -0.6072 0.7290 0.3159
vn -0.5249 0.0017 -0.8511
vn -0.5007 0.2974 -0.8129
vn 0.3459 -0.8664 -0.3600
vn -0.8517 0.0326 0.5230
vn 0.9032 0.1183 0.4126
vn 0.6463 -0.2904 0.7057
vn 0.6484 -0.2904 0.7038
vn -0.7835 -0.3932 0.4812
vn 0.3037 -0.9427 -0.1381
vn -0.5580 -0.2955 -0.7754
vn -0.0428 -0.2242 0.9736
vn 0.7747 0.0693 0.6285
vn 0.0646 0.9947 0.0797
vn 0.7896 -0.6134 0.0177
vn -0.1833 0.9743 -0.1312
vn -0.3768 0.8898 0.2576
vn -0.2422 -0.8653 -0.4388
vn -0.3832 0.7212 0.5771
vn -0.3197 0.6882 0.6512
vn -0.3737 0.7166 0.5889
vn 0.1523 0.9735 0.1706
vn 0.2115 0.9625 0.1698
vn 0.3115 0.8923 0.3266
vn 0.2696 0.7200 -0.6395
vn 0.3525 0.7343 -0.5802
vn -0.4544 0.6328 -0.6269
vn 0.0891 0.9960 0.0100
vn 0.8946 0.0011 0.4469
vn 0.5436 0.1150 0.8314
vn 0.4726 0.0921 0.8764
vn -0.3093 0.1052 0.9451
vn -0.3318 0.1017 0.9378
vn 0.5803 -0.5796 0.5722
vn 0.3352 0.6235 0.7064
vn 0.3254 0.6086 0.7237
vn 0.2812 0.5408 0.7928
vn 0.5598 0.1203 0.8199
vn 0.9379 0.0193 0.3462
vn 0.4801 0.8495 0.2189
vn 0.5343 -0.0442 0.8441
vn 0.1961 0.0339 0.9800
vn -0.1125 0.9681 -0.2241
vn -0.0803 0.9809 0.1770
vn -0.1094 0.0921 0.9897
vn -0.5813 0.8118 0.0554
vn 0.9256 -0.3761 -0.0423
vn -0.0769 0.9897 -0.1206
vn 0.4092 0.7316 0.5452
vn 0.2703 0.5240 0.8077
vn -0.0740 -0.8679 0.4911
vn -0.0014 1.0000 -0.0006
vn 0.1179 -0.7053 0.6990
vt 0.302753 0.882939
vt 0.305173 0.884951
vt 0.303287 0.888802
vt 0.302835 0.875465
vt 0.305350 0.878821
vt 0.298465 0.881196
vt 0.298702 0.885872
vt 0.887265 0.952518
vt 0.883358 0.954258
vt 0.881525 0.952247
vt 0.877218 0.954303
vt 0.869596 0.951903
vt 0.872393 0.951547
vt 0.869805 0.948028
vt 0.866269 0.946736
vt 0.298795 0.889955
vt 0.303161 0.893954
vt 0.298993 0.895033
vt 0.305061 0.892481
vt 0.305828 0.888707
vt 0.298420 0.866966
vt 0.302612 0.868127
vt 0.298346 0.873193
vt 0.297693 0.710320
vt 0.299390 0.703955
vt 0.300054 0.716181
vt 0.297883 0.721510
vt 0.901612 0.718074
vt 0.901016 0.727756
vt 0.900335 0.707581
vt 0.975952 0.439921
vt 0.988851 0.434793
vt 0.988841 0.439985
vt 0.299089 0.877341
vt 0.958491 0.173825
vt 0.955668 0.176869
vt 0.955680 0.171431
vt 0.958533 0.168366
vt 0.955899 0.165795
vt 0.958466 0.163311
vt 0.955872 0.161664
vt 0.954089 0.174493
vt 0.954199 0.169575
vt 0.959112 0.970423
vt 0.957246 0.975301
vt 0.958272 0.963914
vt 0.954089 0.163086
vt 0.967085 0.747353
vt 0.964722 0.748540
vt 0.965434 0.743771
vt 0.965917 0.751882
vt 0.016877 0.757195
vt 0.008812 0.752208
vt 0.011134 0.731271
vt 0.019148 0.728358
vt 0.026815 0.743930
vt 0.027421 0.762985
vt 0.876790 0.948093
vt 0.863433 0.943051
vt 0.863928 0.946042
vt 0.305828 0.867346
vt 0.304521 0.871070
vt 0.303583 0.865026
vt 0.967911 0.751194
vt 0.972209 0.749017
vt 0.296063 0.873053
vt 0.292870 0.864623
vt 0.295885 0.854623
vt 0.196287 0.897290
vt 0.193887 0.895725
vt 0.198180 0.893472
vt 0.988888 0.445081
vt 0.989003 0.449686
vt 0.978722 0.445330
vt 0.981706 0.431480
vt 0.988783 0.430698
vt 0.920866 0.185121
vt 0.917445 0.185705
vt 0.919988 0.181548
vt 0.626842 0.299072
vt 0.622805 0.300328
vt 0.619948 0.294943
vt 0.203055 0.875045
vt 0.201171 0.871585
vt 0.206233 0.876840
vt 0.942223 0.218979
vt 0.944979 0.196952
vt 0.945502 0.214173
vt 0.942193 0.252532
vt 0.974817 0.446908
vt 0.973638 0.443600
vt 0.972514 0.440475
vt 0.972531 0.436780
vt 0.976585 0.436585
vt 0.974874 0.433712
vt 0.585795 0.824272
vt 0.581792 0.820392
vt 0.584790 0.812552
vt 0.581331 0.810933
vt 0.579037 0.816299
vt 0.908711 0.194236
vt 0.905980 0.198515
vt 0.907709 0.188250
vt 0.997490 0.880766
vt 0.996766 0.877616
vt 0.998019 0.875339
vt 0.863509 0.456861
vt 0.861249 0.466928
vt 0.863276 0.453593
vt 0.952482 0.273004
vt 0.953949 0.260103
vt 0.955259 0.278184
vt 0.790890 0.989119
vt 0.792801 0.995110
vt 0.789109 0.989470
vt 0.790239 0.992893
vt 0.790835 0.985184
vt 0.789077 0.985764
vt 0.987404 0.320781
vt 0.988286 0.323515
vt 0.978954 0.326322
vt 0.978847 0.323059
vt 0.988065 0.317182
vt 0.978957 0.316887
vt 0.987715 0.311102
vt 0.988233 0.313566
vt 0.978923 0.309811
vt 0.572248 0.960670
vt 0.570370 0.963007
vt 0.570068 0.959752
vt 0.866592 0.294310
vt 0.864313 0.298364
vt 0.864233 0.294282
vt 0.866225 0.299694
vt 0.958306 0.178406
vt 0.958402 0.158879
vt 0.981177 0.368908
vt 0.978911 0.369333
vt 0.978316 0.365221
vt 0.958871 0.156125
vt 0.956665 0.156268
vt 0.574317 0.961396
vt 0.572969 0.964355
vt 0.956488 0.180650
vt 0.951625 0.975317
vt 0.954560 0.970087
vt 0.955239 0.975590
vt 0.940769 0.943582
vt 0.938145 0.935256
vt 0.943393 0.928215
vt 0.950359 0.928428
vt 0.956320 0.936323
vt 0.950554 0.945738
vt 0.956901 0.969603
vt 0.954698 0.158563
vt 0.868514 0.939147
vt 0.871719 0.941813
vt 0.870920 0.944408
vt 0.864576 0.939784
vt 0.967934 0.742035
vt 0.972351 0.739285
vt 0.972385 0.744693
vt 0.913694 0.508718
vt 0.915737 0.511539
vt 0.914343 0.514183
vt 0.909161 0.511559
vt 0.909221 0.515160
vt 0.200984 0.979950
vt 0.204170 0.979455
vt 0.201719 0.981607
vt 0.998346 0.842546
vt 0.996813 0.845923
vt 0.994709 0.844897
vt 0.746726 0.980213
vt 0.746080 0.983033
vt 0.743853 0.980211
vt 0.743573 0.977972
vt 0.591270 0.672580
vt 0.592183 0.675296
vt 0.591276 0.678441
vt 0.998087 0.839414
vt 0.972472 0.432962
vt 0.976417 0.429637
vt 0.998318 0.832669
vt 0.997965 0.835722
vt 0.995359 0.831992
vt 0.588108 0.810555
vt 0.586246 0.808017
vt 0.589201 0.807849
vt 0.587998 0.817163
vt 0.580399 0.808217
vt 0.583603 0.808446
vt 0.578588 0.810292
vt 0.576788 0.808235
vt 0.575849 0.815148
vt 0.591826 0.822289
vt 0.589641 0.829447
vt 0.579404 0.833810
vt 0.576344 0.834333
vt 0.576336 0.823498
vt 0.578776 0.846107
vt 0.944977 0.100651
vt 0.943088 0.095522
vt 0.945031 0.083271
vt 0.574987 0.846525
vt 0.576966 0.859217
vt 0.728670 0.263548
vt 0.730251 0.262005
vt 0.730655 0.265939
vt 0.512139 0.921601
vt 0.514524 0.918869
vt 0.513057 0.937047
vt 0.856829 0.265882
vt 0.852520 0.265355
vt 0.854032 0.262772
vt 0.866915 0.926785
vt 0.865865 0.932125
vt 0.863647 0.931662
vt 0.591720 0.903056
vt 0.588726 0.922093
vt 0.589684 0.894330
vt 0.583301 0.904360
vt 0.582440 0.921778
vt 0.579890 0.899254
vt 0.591826 0.922397
vt 0.585154 0.923432
vt 0.587323 0.912890
vt 0.684487 0.258956
vt 0.686751 0.257818
vt 0.690936 0.259978
vt 0.591071 0.927967
vt 0.588319 0.927443
vt 0.582986 0.928481
vt 0.585628 0.928159
vt 0.581043 0.927861
vt 0.800318 0.995020
vt 0.796601 0.996973
vt 0.796708 0.994926
vt 0.616000 0.303621
vt 0.614327 0.305380
vt 0.614327 0.302466
vt 0.614327 0.302466
vt 0.614327 0.305424
vt 0.612934 0.304385
vt 0.793085 0.993105
vt 0.591152 0.929397
vt 0.586771 0.929538
vt 0.582931 0.929695
vt 0.579212 0.929665
vt 0.793730 0.980688
vt 0.791707 0.980265
vt 0.789527 0.983122
vt 0.301215 0.991604
vt 0.301489 0.995085
vt 0.292234 0.996316
vt 0.569312 0.955268
vt 0.571237 0.956342
vt 0.567939 0.955934
vt 0.980430 0.362838
vt 0.978567 0.360867
vt 0.303611 0.545162
vt 0.300696 0.542968
vt 0.303524 0.542098
vt 0.301431 0.545967
vt 0.573467 0.956436
vt 0.949725 0.979156
vt 0.946187 0.977874
vt 0.954173 0.979709
vt 0.948910 0.983042
vt 0.949846 0.981474
vt 0.953822 0.965227
vt 0.815379 0.266886
vt 0.813776 0.265331
vt 0.819350 0.262717
vt 0.901603 0.966823
vt 0.899704 0.964348
vt 0.912643 0.965516
vt 0.964528 0.739892
vt 0.967117 0.738566
vt 0.605742 0.109816
vt 0.608911 0.122270
vt 0.611440 0.140505
vt 0.611440 0.159659
vt 0.602221 0.168847
vt 0.603079 0.141022
vt 0.600014 0.124299
vt 0.595416 0.107136
vt 0.601545 0.097718
vt 0.892176 0.934419
vt 0.889654 0.943569
vt 0.888136 0.941616
vt 0.871551 0.932696
vt 0.862352 0.936874
vt 0.915697 0.506075
vt 0.909046 0.505308
vt 0.195251 0.976871
vt 0.187612 0.978964
vt 0.187697 0.973312
vt 0.191557 0.898542
vt 0.185997 0.898567
vt 0.184773 0.895793
vt 0.190434 0.896394
vt 0.190750 0.865922
vt 0.192242 0.863767
vt 0.196428 0.867623
vt 0.979601 0.966356
vt 0.992226 0.965319
vt 0.992236 0.970806
vt 0.202674 0.976331
vt 0.991499 0.848040
vt 0.988324 0.848073
vt 0.989151 0.846581
vt 0.995296 0.828716
vt 0.991318 0.829776
vt 0.975830 0.966301
vt 0.977097 0.963445
vt 0.951281 0.420913
vt 0.949461 0.427444
vt 0.948544 0.422492
vt 0.901615 0.420545
vt 0.897698 0.411486
vt 0.901899 0.407323
vt 0.947021 0.129728
vt 0.939815 0.130338
vt 0.940033 0.127301
vt 0.946674 0.126011
vt 0.059627 0.561816
vt 0.063250 0.566751
vt 0.051456 0.558402
vt 0.951646 0.332267
vt 0.948260 0.334482
vt 0.949485 0.320068
vt 0.953566 0.029453
vt 0.949598 0.027076
vt 0.949736 0.013802
vt 0.946079 0.326792
vt 0.014766 0.954866
vt 0.011772 0.955002
vt 0.012380 0.935559
vt 0.295396 0.613918
vt 0.298050 0.616335
vt 0.297950 0.631002
vt 0.295972 0.635747
vt 0.947925 0.006336
vt 0.948918 0.001998
vt 0.947272 0.314555
vt 0.947490 0.308815
vt 0.951224 0.308373
vt 0.951431 0.306092
vt 0.946872 0.001813
vt 0.947439 -0.000000
vt 0.580745 0.923309
vt 0.947995 0.306130
vt 0.292115 0.991532
vt 0.570087 0.951753
vt 0.571863 0.951388
vt 0.982106 0.357500
vt 0.980336 0.356398
vt 0.301615 0.538256
vt 0.303396 0.537817
vt 0.574167 0.952733
vt 0.937611 0.980380
vt 0.945226 0.982968
vt 0.945019 0.979868
vt 0.945902 0.957321
vt 0.939795 0.955500
vt 0.953244 0.957238
vt 0.299184 0.537798
vt 0.951461 0.954517
vt 0.946032 0.954008
vt 0.539899 0.896669
vt 0.538374 0.894649
vt 0.539150 0.886307
vt 0.023812 0.963663
vt 0.027032 0.962846
vt 0.025231 0.975473
vt 0.993842 0.888511
vt 0.995389 0.892201
vt 0.987566 0.890733
vt 0.870060 0.930696
vt 0.913501 0.502686
vt 0.916189 0.500733
vt 0.967260 0.734817
vt 0.972331 0.732283
vt 0.187625 0.967691
vt 0.195795 0.971120
vt 0.992296 0.959273
vt 0.984728 0.963006
vt 0.978769 0.959591
vt 0.983850 0.844695
vt 0.573261 0.964355
vt 0.573244 0.966746
vt 0.560860 0.970504
vt 0.201205 0.969085
vt 0.204042 0.968595
vt 0.202946 0.973154
vt 0.093744 0.890971
vt 0.096193 0.885012
vt 0.095532 0.901151
vt 0.987947 0.828654
vt 0.984538 0.831763
vt 0.975633 0.959231
vt 0.945897 0.425192
vt 0.947591 0.427421
vt 0.942815 0.427382
vt 0.944415 0.421104
vt 0.942373 0.424889
vt 0.955345 0.114913
vt 0.954128 0.121461
vt 0.951596 0.116936
vt 0.949260 0.113566
vt 0.953349 0.106799
vt 0.950406 0.099586
vt 0.202035 0.893130
vt 0.892578 0.514610
vt 0.890033 0.514986
vt 0.891831 0.510407
vt 0.893924 0.510703
vt 0.945510 0.367580
vt 0.939672 0.393215
vt 0.943391 0.357428
vt 0.953917 0.019383
vt 0.952444 0.012736
vt 0.955630 0.006907
vt 0.956385 0.016119
vt 0.943828 0.312247
vt 0.943616 0.323483
vt 0.952029 0.002495
vt 0.954935 0.002355
vt 0.943878 0.307238
vt 0.941022 0.307326
vt 0.954836 0.000077
vt 0.803458 0.994187
vt 0.805871 0.994600
vt 0.800738 0.997227
vt 0.944750 0.305855
vt 0.941332 0.305862
vt 0.952268 0.000011
vt 0.795290 0.977663
vt 0.800861 0.977262
vt 0.798625 0.979028
vt 0.567942 0.950158
vt 0.569856 0.947002
vt 0.272789 0.857608
vt 0.274167 0.859905
vt 0.270969 0.861212
vt 0.572520 0.945348
vt 0.983142 0.353977
vt 0.985817 0.353688
vt 0.304237 0.534121
vt 0.302339 0.533289
vt 0.573767 0.948176
vt 0.940293 0.979533
vt 0.592474 0.939352
vt 0.590941 0.940929
vt 0.590496 0.936676
vt 0.940953 0.957517
vt 0.300249 0.532556
vt 0.940604 0.954008
vt 0.964776 0.734185
vt 0.966734 0.730050
vt 0.692924 0.310522
vt 0.705152 0.308098
vt 0.687701 0.312579
vt 0.972385 0.727631
vt 0.909001 0.499715
vt 0.914261 0.496974
vt 0.976949 0.569025
vt 0.976067 0.566674
vt 0.977000 0.563112
vt 0.187524 0.962836
vt 0.191778 0.965202
vt 0.991004 0.565343
vt 0.993347 0.566398
vt 0.990415 0.569324
vt 0.980843 0.844082
vt 0.981311 0.841096
vt 0.981127 0.837286
vt 0.982660 0.838320
vt 0.983522 0.841446
vt 0.980843 0.834178
vt 0.978083 0.957475
vt 0.982351 0.830825
vt 0.952141 0.302977
vt 0.953630 0.300914
vt 0.955605 0.303046
vt 0.950774 0.300161
vt 0.948927 0.302979
vt 0.953160 0.294762
vt 0.946591 0.300240
vt 0.945773 0.303154
vt 0.944084 0.301157
vt 0.943730 0.293494
vt 0.957088 0.119445
vt 0.957408 0.121506
vt 0.374031 0.863076
vt 0.385822 0.863117
vt 0.388278 0.991523
vt 0.956298 0.074717
vt 0.960932 0.085189
vt 0.958224 0.095703
vt 0.535089 0.882036
vt 0.531459 0.879787
vt 0.533377 0.869297
vt 0.950750 0.188362
vt 0.951014 0.182991
vt 0.953226 0.187999
vt 0.958435 0.005997
vt 0.942755 0.197959
vt 0.944737 0.187694
vt 0.942115 0.188804
vt 0.942763 0.183215
vt 0.945386 0.183744
vt 0.957547 0.001419
vt 0.808767 0.988863
vt 0.806179 0.991338
vt 0.808344 0.991279
vt 0.809256 0.237798
vt 0.824235 0.226698
vt 0.820604 0.230550
vt 0.947852 0.181549
vt 0.952715 0.181539
vt 0.807391 0.986277
vt 0.948048 0.183047
vt 0.942574 0.181771
vt 0.804777 0.981292
vt 0.804985 0.979221
vt 0.958502 0.000011
vt 0.801178 0.979495
vt 0.275311 0.855697
vt 0.273307 0.851545
vt 0.303567 0.529418
vt 0.305599 0.531938
vt 0.300893 0.527222
vt 0.574317 0.944930
vt 0.936859 0.976539
vt 0.932471 0.973390
vt 0.938029 0.961672
vt 0.935881 0.961428
vt 0.944842 0.958844
vt 0.299496 0.526704
vt 0.298968 0.531380
vt 0.889914 0.926236
vt 0.893128 0.926272
vt 0.895747 0.933264
vt 0.887616 0.921986
vt 0.881804 0.922909
vt 0.886780 0.928046
vt 0.884065 0.928808
vt 0.876955 0.925170
vt 0.876322 0.928707
vt 0.870750 0.926023
vt 0.916579 0.495049
vt 0.915332 0.491290
vt 0.968154 0.725366
vt 0.962348 0.149840
vt 0.961222 0.146334
vt 0.964121 0.145918
vt 0.913359 0.492429
vt 0.909001 0.495509
vt 0.984433 0.564757
vt 0.977002 0.569255
vt 0.977207 0.562922
vt 0.977150 0.553176
vt 0.977002 0.549108
vt 0.987767 0.553695
vt 0.182504 0.864848
vt 0.184720 0.866380
vt 0.180029 0.868802
vt 0.988957 0.561678
vt 0.993353 0.562486
vt 0.991294 0.559214
vt 0.993385 0.558687
vt 0.992281 0.555551
vt 0.981580 0.954008
vt 0.977018 0.955010
vt 0.948752 0.294516
vt 0.298404 0.594494
vt 0.300686 0.595133
vt 0.298793 0.606011
vt 0.947113 0.263013
vt 0.943701 0.266761
vt 0.972472 0.530836
vt 0.972685 0.526948
vt 0.981896 0.528808
vt 0.808767 0.984938
vt 0.807753 0.981811
vt 0.972931 0.533188
vt 0.981744 0.534396
vt 0.981845 0.524755
vt 0.973363 0.523730
vt 0.981847 0.518645
vt 0.972472 0.520784
vt 0.275576 0.851617
vt 0.569675 0.943109
vt 0.569902 0.939891
vt 0.571834 0.942164
vt 0.300130 0.774338
vt 0.302157 0.775595
vt 0.300188 0.781828
vt 0.986671 0.532941
vt 0.984093 0.535934
vt 0.984004 0.530805
vt 0.517578 0.873246
vt 0.516248 0.879060
vt 0.513989 0.870851
vt 0.516342 0.866709
vt 0.984033 0.516721
vt 0.986757 0.518965
vt 0.984155 0.520438
vt 0.303486 0.525422
vt 0.987777 0.536268
vt 0.985791 0.538707
vt 0.930525 0.971570
vt 0.933388 0.977545
vt 0.987949 0.530087
vt 0.936145 0.972005
vt 0.935441 0.967279
vt 0.933152 0.961463
vt 0.933117 0.967310
vt 0.300885 0.522738
vt 0.961469 0.140174
vt 0.963374 0.141667
vt 0.961169 0.131973
vt 0.962434 0.128750
vt 0.962427 0.134953
vt 0.879479 0.921024
vt 0.872436 0.921752
vt 0.876333 0.920016
vt 0.968200 0.147530
vt 0.968017 0.141436
vt 0.964599 0.125295
vt 0.961915 0.125184
vt 0.913665 0.486912
vt 0.910010 0.490866
vt 0.962819 0.121664
vt 0.968147 0.122061
vt 0.969066 0.125937
vt 0.172199 0.884183
vt 0.175467 0.892405
vt 0.171932 0.886059
vt 0.977164 0.557758
vt 0.174383 0.877071
vt 0.173813 0.882207
vt 0.986518 0.557189
vt 0.178042 0.867079
vt 0.174944 0.870705
vt 0.985741 0.528355
vt 0.984050 0.525449
vt 0.986903 0.523111
vt 0.930908 0.966488
vt 0.988356 0.525060
vt 0.930081 0.964633
vt 0.964226 0.136455
vt 0.964431 0.131297
vt 0.245769 0.894734
vt 0.244093 0.892367
vt 0.246562 0.893281
vt 0.242107 0.887467
vt 0.243579 0.886629
vt 0.281538 0.883202
vt 0.280527 0.888317
vt 0.278812 0.884889
vt 0.279516 0.878083
vt 0.281517 0.876808
vt 0.243488 0.875438
vt 0.240818 0.881185
vt 0.240952 0.876134
vt 0.281168 0.871815
vt 0.279666 0.890879
vt 0.968077 0.204912
vt 0.967960 0.184981
vt 0.970302 0.191701
vt 0.278823 0.871866
vt 0.279684 0.866687
vt 0.281538 0.867369
vt 0.277921 0.868495
vt 0.894477 0.972843
vt 0.883642 0.968676
vt 0.894436 0.966801
vt 0.732086 0.282713
vt 0.735907 0.279139
vt 0.733473 0.284604
vt 0.885633 0.964291
vt 0.894418 0.960877
vt 0.733863 0.276857
vt 0.735908 0.272275
vt 0.976710 0.275567
vt 0.974098 0.277557
vt 0.975170 0.272756
vt 0.976590 0.270483
vt 0.966867 0.996398
vt 0.970731 0.997984
vt 0.959114 0.998710
vt 0.974918 0.262950
vt 0.976883 0.262085
vt 0.976174 0.267312
vt 0.972291 0.275793
vt 0.973377 0.273604
vt 0.285115 0.926826
vt 0.281907 0.925838
vt 0.280523 0.923274
vt 0.972373 0.270278
vt 0.973776 0.270114
vt 0.289997 0.928712
vt 0.291689 0.928023
vt 0.973188 0.265020
vt 0.963449 0.174836
vt 0.963035 0.178002
vt 0.961233 0.173032
vt 0.250947 0.893933
vt 0.251137 0.896449
vt 0.966279 0.450663
vt 0.963367 0.461320
vt 0.963389 0.443161
vt 0.892192 0.325415
vt 0.893151 0.317106
vt 0.893702 0.330236
vt 0.281423 0.863751
vt 0.278359 0.864524
vt 0.894645 0.978394
vt 0.887390 0.974002
vt 0.894500 0.956410
vt 0.882723 0.960068
vt 0.880145 0.972125
vt 0.878279 0.967724
vt 0.879893 0.965650
vt 0.879887 0.962295
vt 0.304650 0.644384
vt 0.305442 0.635590
vt 0.305442 0.648956
vt 0.176374 0.872619
vt 0.269555 0.252967
vt 0.267013 0.255741
vt 0.283797 0.233403
vt 0.987449 0.014615
vt 0.987589 0.017705
vt 0.978443 0.017014
vt 0.997873 0.594720
vt 0.989880 0.594610
vt 0.998199 0.591283
vt 0.978443 0.010571
vt 0.987503 0.011014
vt 0.978443 0.003537
vt 0.987571 0.007800
vt 0.978193 0.767298
vt 0.980283 0.769215
vt 0.976468 0.772871
vt 0.978003 0.774376
vt 0.976612 0.280298
vt 0.978739 0.268600
vt 0.980777 0.347013
vt 0.981779 0.344653
vt 0.986256 0.350629
vt 0.976135 0.257723
vt 0.278153 0.920427
vt 0.276361 0.918487
vt 0.276489 0.914809
vt 0.279894 0.917611
vt 0.281842 0.921698
vt 0.278627 0.923193
vt 0.973645 0.281271
vt 0.972618 0.278966
vt 0.285365 0.921440
vt 0.286671 0.924661
vt 0.290694 0.926149
vt 0.292449 0.923197
vt 0.870384 0.164068
vt 0.872480 0.163914
vt 0.870520 0.175366
vt 0.973214 0.259685
vt 0.973210 0.256894
vt 0.296012 0.927684
vt 0.299659 0.924970
vt 0.972291 0.263678
vt 0.254854 0.898359
vt 0.257800 0.896659
vt 0.962297 0.169721
vt 0.968308 0.165918
vt 0.968529 0.170728
vt 0.964075 0.169479
vt 0.968322 0.175682
vt 0.865137 0.282305
vt 0.864142 0.286636
vt 0.860327 0.285059
vt 0.722254 0.292492
vt 0.718084 0.290827
vt 0.722477 0.290314
vt 0.845167 0.981648
vt 0.845487 0.984662
vt 0.831764 0.985219
vt 0.894645 0.954303
vt 0.882474 0.957285
vt 0.967253 0.303006
vt 0.969212 0.300799
vt 0.970474 0.303112
vt 0.982432 0.757897
vt 0.984018 0.759427
vt 0.980355 0.761984
vt 0.982277 0.762509
vt 0.270226 0.394569
vt 0.277902 0.422889
vt 0.272947 0.413007
vt 0.927941 0.181539
vt 0.932001 0.181703
vt 0.928644 0.183992
vt 0.985878 0.770776
vt 0.983074 0.769784
vt 0.983294 0.767042
vt 0.878027 0.964054
vt 0.986106 0.773336
vt 0.878306 0.960105
vt 0.982213 0.771652
vt 0.971078 0.294533
vt 0.967972 0.296553
vt 0.937385 0.186984
vt 0.939271 0.183934
vt 0.939762 0.190256
vt 0.936030 0.181711
vt 0.934998 0.184087
vt 0.931263 0.185563
vt 0.932597 0.190788
vt 0.926893 0.189182
vt 0.925261 0.185003
vt 0.928478 0.197872
vt 0.969665 0.288326
vt 0.939852 0.198586
vt 0.925259 0.213346
vt 0.925519 0.197849
vt 0.852298 0.886243
vt 0.850386 0.893297
vt 0.850178 0.875113
vt 0.930491 0.070870
vt 0.933585 0.048544
vt 0.930902 0.087105
vt 0.926449 0.230693
vt 0.923324 0.240776
vt 0.924140 0.231396
vt 0.925131 0.251529
vt 0.932867 0.249567
vt 0.928218 0.248704
vt 0.929926 0.242609
vt 0.890641 0.585879
vt 0.891046 0.577368
vt 0.892122 0.580904
vt 0.891972 0.592097
vt 0.915023 0.165438
vt 0.915551 0.153680
vt 0.915624 0.168641
vt 0.934500 0.287473
vt 0.931855 0.288509
vt 0.935063 0.254391
vt 0.303864 0.603841
vt 0.302089 0.598408
vt 0.303864 0.578448
vt 0.255051 0.936179
vt 0.250737 0.937761
vt 0.247467 0.937792
vt 0.932731 0.296126
vt 0.927260 0.299250
vt 0.929922 0.284521
vt 0.936110 0.301838
vt 0.970885 0.182934
vt 0.971191 0.197339
vt 0.929514 0.299768
vt 0.934321 0.301931
vt 0.930940 0.301799
vt 0.926501 0.301921
vt 0.925459 0.296876
vt 0.969483 0.181714
vt 0.972292 0.181651
vt 0.861744 0.305794
vt 0.852520 0.305463
vt 0.852598 0.302642
vt 0.991215 0.993314
vt 0.988015 0.994939
vt 0.989637 0.992287
vt 0.935812 0.303174
vt 0.931883 0.303160
vt 0.985622 0.993503
vt 0.984392 0.995172
vt 0.927669 0.303037
vt 0.946741 0.509125
vt 0.944566 0.524027
vt 0.941789 0.509500
vt 0.944340 0.497046
vt 0.924027 0.302914
vt 0.861717 0.301979
vt 0.978457 0.021500
vt 0.977665 0.762951
vt 0.980355 0.763965
vt 0.978773 0.342108
vt 0.981200 0.339129
vt 0.979112 0.336784
vt 0.201234 0.950487
vt 0.202788 0.946508
vt 0.204334 0.948583
vt 0.019723 0.871090
vt 0.023505 0.867531
vt 0.020728 0.879196
vt 0.204178 0.953555
vt 0.281850 0.917347
vt 0.297229 0.922919
vt 0.299665 0.925707
vt 0.975735 0.938291
vt 0.972831 0.940793
vt 0.973286 0.935829
vt 0.975775 0.942045
vt 0.259376 0.898627
vt 0.913634 0.183847
vt 0.910364 0.184305
vt 0.911435 0.181566
vt 0.915218 0.181601
vt 0.258608 0.868901
vt 0.256920 0.871894
vt 0.249788 0.871401
vt 0.250092 0.875747
vt 0.255272 0.864974
vt 0.246797 0.867277
vt 0.253595 0.863751
vt 0.252300 0.866634
vt 0.867133 0.284446
vt 0.866612 0.278216
vt 0.962474 0.165321
vt 0.964428 0.163644
vt 0.864704 0.275851
vt 0.860328 0.280244
vt 0.831353 0.977716
vt 0.831530 0.981009
vt 0.830676 0.985502
vt 0.714851 0.290183
vt 0.717250 0.293020
vt 0.105191 0.941300
vt 0.104279 0.960238
vt 0.100771 0.954573
vt 0.102543 0.930143
vt 0.988815 0.739138
vt 0.988800 0.743455
vt 0.982577 0.741146
vt 0.976732 0.743135
vt 0.975716 0.739161
vt 0.847823 0.979081
vt 0.845995 0.977996
vt 0.988604 0.774728
vt 0.991896 0.773534
vt 0.988860 0.772171
vt 0.972598 0.742367
vt 0.973300 0.740647
vt 0.962850 0.302824
vt 0.964529 0.299602
vt 0.966767 0.427677
vt 0.969001 0.431191
vt 0.965223 0.430596
vt 0.968947 0.427622
vt 0.966477 0.436365
vt 0.969713 0.440626
vt 0.279376 0.911443
vt 0.282042 0.905433
vt 0.283913 0.907061
vt 0.281300 0.911576
vt 0.963439 0.254227
vt 0.968604 0.237692
vt 0.965465 0.261903
vt 0.776161 0.277974
vt 0.776161 0.272059
vt 0.778346 0.272913
vt 0.778187 0.277614
vt 0.970796 0.235539
vt 0.966214 0.221264
vt 0.590799 0.654619
vt 0.589898 0.659227
vt 0.590390 0.644376
vt 0.967658 0.522068
vt 0.967841 0.535205
vt 0.965657 0.530054
vt 0.963464 0.536730
vt 0.966637 0.543035
vt 0.964214 0.543292
vt 0.963050 0.546538
vt 0.966019 0.547858
vt 0.968455 0.547999
vt 0.966444 0.183025
vt 0.965631 0.181734
vt 0.993810 0.990511
vt 0.992034 0.989496
vt 0.993417 0.985654
vt 0.677397 0.301659
vt 0.677397 0.305596
vt 0.676324 0.302885
vt 0.861813 0.297129
vt 0.852739 0.299583
vt 0.929004 0.992041
vt 0.919998 0.990373
vt 0.929182 0.986661
vt 0.978812 0.761210
vt 0.975550 0.758486
vt 0.977205 0.757212
vt 0.982715 0.334147
vt 0.981222 0.332514
vt 0.976186 0.933907
vt 0.205075 0.942394
vt 0.277410 0.906828
vt 0.277327 0.913029
vt 0.275596 0.912780
vt 0.298683 0.918675
vt 0.301312 0.918613
vt 0.299111 0.923885
vt 0.304032 0.921021
vt 0.304613 0.917352
vt 0.971892 0.940025
vt 0.961169 0.160827
vt 0.963582 0.158659
vt 0.263547 0.896453
vt 0.264213 0.887199
vt 0.259017 0.892975
vt 0.257960 0.890086
vt 0.260028 0.863751
vt 0.968529 0.159152
vt 0.867168 0.271859
vt 0.710709 0.291221
vt 0.979997 0.736129
vt 0.974243 0.735705
vt 0.843733 0.975103
vt 0.846592 0.973610
vt 0.988836 0.755262
vt 0.993263 0.756299
vt 0.987760 0.757110
vt 0.990910 0.758400
vt 0.996017 0.771683
vt 0.994013 0.774728
vt 0.979155 0.238311
vt 0.974202 0.235263
vt 0.979095 0.234511
vt 0.962825 0.427634
vt 0.962185 0.434634
vt 0.961030 0.299559
vt 0.963524 0.292955
vt 0.960589 0.450164
vt 0.297604 0.745938
vt 0.295320 0.746253
vt 0.297778 0.735661
vt 0.965137 0.196603
vt 0.961852 0.204741
vt 0.963027 0.189770
vt 0.964468 0.185388
vt 0.960466 0.188550
vt 0.961360 0.182809
vt 0.961274 0.540091
vt 0.960000 0.547535
vt 0.959329 0.549030
vt 0.963992 0.548891
vt 0.995156 0.982254
vt 0.995133 0.987461
vt 0.532500 0.556239
vt 0.533370 0.556607
vt 0.520905 0.564198
vt 0.960965 0.181539
vt 0.992423 0.980980
vt 0.978422 0.980574
vt 0.977365 0.985139
vt 0.975633 0.982567
vt 0.919997 0.985027
vt 0.971792 0.755262
vt 0.202776 0.941045
vt 0.201018 0.943178
vt 0.974877 0.930470
vt 0.976983 0.930301
vt 0.281709 0.902949
vt 0.878557 0.483014
vt 0.878831 0.496558
vt 0.864847 0.497374
vt 0.864619 0.479795
vt 0.870901 0.056628
vt 0.873040 0.056636
vt 0.872690 0.069332
vt 0.304493 0.912251
vt 0.302296 0.912927
vt 0.300201 0.912461
vt 0.972056 0.932084
vt 0.305950 0.321351
vt 0.305950 0.334161
vt 0.305671 0.328450
vt 0.267160 0.887835
vt 0.264762 0.871157
vt 0.263352 0.873780
vt 0.306035 0.311853
vt 0.305939 0.317653
vt 0.305939 0.306209
vt 0.265874 0.867571
vt 0.864884 0.269370
vt 0.838891 0.971017
vt 0.846121 0.970925
vt 0.998430 0.766866
vt 0.996891 0.766685
vt 0.996530 0.762822
vt 0.997154 0.760321
vt 0.998895 0.770763
vt 0.977704 0.901073
vt 0.977654 0.907537
vt 0.974732 0.906338
vt 0.957904 0.300020
vt 0.959233 0.303015
vt 0.959497 0.294779
vt 0.974319 0.910433
vt 0.970744 0.907748
vt 0.970482 0.910435
vt 0.967271 0.908062
vt 0.968495 0.903485
vt 0.997360 0.928551
vt 0.995365 0.928711
vt 0.993935 0.924940
vt 0.847790 0.926501
vt 0.850276 0.930731
vt 0.848821 0.946045
vt 0.948095 0.188440
vt 0.951033 0.203733
vt 0.970117 0.806557
vt 0.972876 0.815324
vt 0.970821 0.824185
vt 0.819082 0.882689
vt 0.816286 0.910021
vt 0.816979 0.891143
vt 0.975753 0.801526
vt 0.972258 0.795918
vt 0.974137 0.791743
vt 0.978110 0.804543
vt 0.976754 0.793195
vt 0.978585 0.796200
vt 0.969202 0.795441
vt 0.971749 0.790374
vt 0.980272 0.790537
vt 0.977245 0.789344
vt 0.288099 0.306209
vt 0.288171 0.311880
vt 0.287972 0.317843
vt 0.283522 0.312569
vt 0.284491 0.306885
vt 0.969425 0.790321
vt 0.838012 0.633569
vt 0.843828 0.641639
vt 0.843552 0.643175
vt 0.980843 0.789270
vt 0.992085 0.977636
vt 0.969991 0.789034
vt 0.955259 0.549007
vt 0.956855 0.547806
vt 0.980248 0.976517
vt 0.981999 0.977504
vt 0.977399 0.978670
vt 0.919997 0.978429
vt 0.928708 0.982397
vt 0.592507 0.659973
vt 0.591270 0.665638
vt 0.591270 0.657117
vt 0.697410 0.295127
vt 0.695625 0.297698
vt 0.695625 0.293131
vt 0.678942 0.296126
vt 0.680560 0.293131
vt 0.680560 0.301071
vt 0.976596 0.924848
vt 0.973608 0.926384
vt 0.201769 0.937468
vt 0.204351 0.936118
vt 0.205583 0.937161
vt 0.297361 0.906921
vt 0.299947 0.906617
vt 0.971892 0.926993
vt 0.961182 0.152081
vt 0.963426 0.153900
vt 0.961390 0.155650
vt 0.971567 0.143823
vt 0.971209 0.147907
vt 0.969066 0.144380
vt 0.268372 0.894064
vt 0.270627 0.888989
vt 0.271357 0.890555
vt 0.266782 0.880249
vt 0.269040 0.878873
vt 0.212407 0.657584
vt 0.202321 0.638870
vt 0.196044 0.620837
vt 0.214621 0.626282
vt 0.225461 0.641855
vt 0.232080 0.656500
vt 0.270252 0.870374
vt 0.268800 0.867337
vt 0.011174 0.493164
vt 0.012423 0.506259
vt 0.005913 0.484603
vt 0.976372 0.142914
vt 0.976150 0.147346
vt 0.963595 0.149840
vt 0.968376 0.154150
vt 0.866286 0.266919
vt 0.864848 0.264293
vt 0.866974 0.262657
vt 0.860327 0.267158
vt 0.860411 0.271464
vt 0.706634 0.284798
vt 0.706245 0.287959
vt 0.702980 0.283416
vt 0.979755 0.226974
vt 0.979870 0.222327
vt 0.988889 0.222948
vt 0.831048 0.972831
vt 0.830676 0.968650
vt 0.713552 0.260668
vt 0.707485 0.261778
vt 0.711805 0.259155
vt 0.842877 0.050565
vt 0.843632 0.052344
vt 0.833683 0.040449
vt 0.888985 0.729534
vt 0.886870 0.732321
vt 0.886574 0.716261
vt 0.889181 0.710916
vt 0.995206 0.216882
vt 0.996011 0.220364
vt 0.992731 0.219362
vt 0.999466 0.763326
vt 0.993429 0.214103
vt 0.996127 0.213706
vt 0.994061 0.209785
vt 0.972405 0.901410
vt 0.146333 0.976663
vt 0.147167 0.979882
vt 0.143109 0.977148
vt 0.979646 0.970491
vt 0.984442 0.969556
vt 0.979864 0.893835
vt 0.976043 0.890265
vt 0.980040 0.879792
vt 0.973504 0.885829
vt 0.971197 0.893273
vt 0.971282 0.875980
vt 0.741311 0.286762
vt 0.739509 0.291899
vt 0.735935 0.294166
vt 0.736012 0.289017
vt 0.274450 0.880025
vt 0.774158 0.266836
vt 0.776161 0.271819
vt 0.774172 0.273472
vt 0.772508 0.268067
vt 0.984378 0.975203
vt 0.987956 0.975143
vt 0.985578 0.977170
vt 0.886002 0.457938
vt 0.887084 0.457706
vt 0.887158 0.473350
vt 0.171457 0.979715
vt 0.172205 0.975237
vt 0.180779 0.978040
vt 0.180739 0.981903
vt 0.171586 0.971712
vt 0.180872 0.974014
vt 0.852854 0.294377
vt 0.182047 0.984580
vt 0.200384 0.935263
vt 0.202186 0.933365
vt 0.685927 0.293940
vt 0.683504 0.300033
vt 0.683504 0.293131
vt 0.671125 0.298759
vt 0.673549 0.297917
vt 0.671888 0.302347
vt 0.975966 0.921364
vt 0.023884 0.392966
vt 0.018482 0.386340
vt 0.039489 0.360567
vt 0.186836 0.982165
vt 0.185964 0.986084
vt 0.183911 0.983935
vt 0.289906 0.899783
vt 0.285876 0.899651
vt 0.288959 0.898627
vt 0.293680 0.902472
vt 0.302443 0.906056
vt 0.292679 0.904343
vt 0.973131 0.922929
vt 0.973462 0.919719
vt 0.972068 0.920957
vt 0.304613 0.908144
vt 0.963134 0.720956
vt 0.960638 0.727670
vt 0.956200 0.729046
vt 0.858949 0.275052
vt 0.860327 0.278219
vt 0.858846 0.282874
vt 0.949579 0.732426
vt 0.947866 0.730819
vt 0.953806 0.732121
vt 0.942669 0.732441
vt 0.857650 0.270988
vt 0.859473 0.264287
vt 0.859700 0.270911
vt 0.969502 0.139454
vt 0.274218 0.885562
vt 0.273144 0.871321
vt 0.274110 0.877445
vt 0.904709 0.294386
vt 0.904644 0.288814
vt 0.905968 0.292548
vt 0.228190 0.932809
vt 0.226233 0.930776
vt 0.232289 0.929377
vt 0.221503 0.933189
vt 0.215967 0.929460
vt 0.216830 0.932159
vt 0.212427 0.929728
vt 0.853205 0.280873
vt 0.857277 0.284085
vt 0.852562 0.283427
vt 0.856908 0.278137
vt 0.852636 0.276128
vt 0.852527 0.269669
vt 0.971347 0.136820
vt 0.972746 0.140935
vt 0.860412 0.262525
vt 0.863618 0.261076
vt 0.902794 0.292621
vt 0.869609 0.227998
vt 0.869383 0.229975
vt 0.869145 0.216964
vt 0.901776 0.288654
vt 0.898589 0.290321
vt 0.898534 0.286112
vt 0.902832 0.284696
vt 0.905288 0.282211
vt 0.903024 0.279216
vt 0.899501 0.282117
vt 0.902947 0.273486
vt 0.905315 0.277456
vt 0.898899 0.275498
vt 0.898994 0.270343
vt 0.905461 0.272824
vt 0.912595 0.679807
vt 0.913328 0.678254
vt 0.912921 0.693002
vt 0.961821 0.744125
vt 0.954959 0.742044
vt 0.958967 0.740022
vt 0.701477 0.279205
vt 0.703154 0.275933
vt 0.704034 0.280061
vt 0.860632 0.258364
vt 0.703809 0.265670
vt 0.707173 0.264927
vt 0.583641 0.972560
vt 0.590531 0.970694
vt 0.590559 0.977070
vt 0.191511 0.933335
vt 0.187907 0.931311
vt 0.194407 0.930309
vt 0.197659 0.930875
vt 0.898473 0.279491
vt 0.590559 0.965545
vt 0.583157 0.968272
vt 0.198879 0.927667
vt 0.201099 0.928748
vt 0.201906 0.924175
vt 0.938241 0.176952
vt 0.936399 0.172193
vt 0.938291 0.172520
vt 0.936170 0.177873
vt 0.938098 0.166834
vt 0.940424 0.172235
vt 0.183345 0.979610
vt 0.184005 0.975814
vt 0.182824 0.971735
vt 0.184523 0.971161
vt 0.183432 0.966448
vt 0.305001 0.692709
vt 0.305001 0.697415
vt 0.302737 0.694576
vt 0.180792 0.969408
vt 0.671909 0.294141
vt 0.674973 0.293131
vt 0.954543 0.568361
vt 0.953057 0.563390
vt 0.955157 0.563872
vt 0.951788 0.569011
vt 0.955215 0.559006
vt 0.953759 0.555874
vt 0.934859 0.175448
vt 0.946832 0.780370
vt 0.947416 0.779063
vt 0.951895 0.783161
vt 0.934299 0.169708
vt 0.935059 0.166325
vt 0.186233 0.979404
vt 0.186262 0.973460
vt 0.187497 0.978221
vt 0.296297 0.900464
vt 0.294946 0.899153
vt 0.186839 0.968084
vt 0.187173 0.971847
vt 0.185938 0.964334
vt 0.299786 0.902034
vt 0.302968 0.904802
vt 0.950406 0.564974
vt 0.224730 0.962699
vt 0.221392 0.962696
vt 0.228086 0.960996
vt 0.951199 0.561715
vt 0.890688 0.029814
vt 0.889674 0.019254
vt 0.890774 0.017091
vt 0.964516 0.720913
vt 0.957700 0.719524
vt 0.960367 0.721269
vt 0.953640 0.726521
vt 0.945844 0.727883
vt 0.951365 0.724125
vt 0.307855 0.467501
vt 0.306103 0.467480
vt 0.306041 0.450197
vt 0.937543 0.727396
vt 0.857579 0.260295
vt 0.859729 0.259260
vt 0.936369 0.728920
vt 0.970806 0.130629
vt 0.969066 0.131338
vt 0.970773 0.125190
vt 0.238069 0.924073
vt 0.234139 0.929501
vt 0.237344 0.922004
vt 0.226845 0.926589
vt 0.220879 0.927669
vt 0.223133 0.924734
vt 0.209294 0.923967
vt 0.209331 0.926953
vt 0.963735 0.573457
vt 0.965470 0.570654
vt 0.965573 0.575927
vt 0.917884 0.544532
vt 0.917492 0.541986
vt 0.919889 0.541909
vt 0.976934 0.573313
vt 0.972574 0.573982
vt 0.972373 0.570540
vt 0.852746 0.260065
vt 0.975650 0.134721
vt 0.973630 0.130615
vt 0.976462 0.131324
vt 0.976096 0.125150
vt 0.902813 0.295816
vt 0.962140 0.576849
vt 0.960189 0.576997
vt 0.961960 0.572990
vt 0.903497 0.268349
vt 0.683504 0.293131
vt 0.680982 0.300270
vt 0.680560 0.293131
vt 0.652587 0.823129
vt 0.636465 0.811149
vt 0.627389 0.800383
vt 0.618698 0.781327
vt 0.625119 0.790621
vt 0.633968 0.802201
vt 0.645097 0.812578
vt 0.660702 0.823785
vt 0.212683 0.891810
vt 0.207511 0.887919
vt 0.210158 0.888302
vt 0.209411 0.891430
vt 0.975633 0.954008
vt 0.975377 0.959688
vt 0.967538 0.958264
vt 0.976496 0.138754
vt 0.048226 0.826110
vt 0.050683 0.816351
vt 0.064357 0.831663
vt 0.875332 0.650882
vt 0.878235 0.640466
vt 0.878152 0.655283
vt 0.590675 0.957778
vt 0.590604 0.961394
vt 0.583087 0.960730
vt 0.204640 0.923894
vt 0.203858 0.919521
vt 0.969192 0.978771
vt 0.968312 0.974011
vt 0.975633 0.980345
vt 0.925637 0.348458
vt 0.926412 0.412904
vt 0.921331 0.340527
vt 0.923972 0.333721
vt 0.961059 0.974386
vt 0.018918 0.948844
vt 0.022201 0.921850
vt 0.021784 0.948803
vt 0.963534 0.968337
vt 0.960890 0.964503
vt 0.969876 0.964198
vt 0.983821 0.857802
vt 0.982552 0.857652
vt 0.983453 0.853769
vt 0.576352 0.975488
vt 0.576126 0.970823
vt 0.578773 0.965543
vt 0.959113 0.968208
vt 0.960353 0.971426
vt 0.574334 0.966138
vt 0.928133 0.314388
vt 0.931975 0.313032
vt 0.928208 0.321708
vt 0.870554 0.127534
vt 0.871237 0.108883
vt 0.873427 0.117312
vt 0.872925 0.134341
vt 0.932017 0.353323
vt 0.929635 0.362247
vt 0.852574 0.659329
vt 0.857145 0.671717
vt 0.859608 0.681012
vt 0.987786 0.059572
vt 0.978854 0.063748
vt 0.978704 0.059927
vt 0.978550 0.056037
vt 0.987276 0.057832
vt 0.160451 0.975268
vt 0.169512 0.977302
vt 0.160472 0.979373
vt 0.169412 0.973211
vt 0.160362 0.969665
vt 0.169512 0.969254
vt 0.273443 0.942467
vt 0.275457 0.942485
vt 0.274217 0.948550
vt 0.272269 0.947334
vt 0.938400 0.181538
vt 0.936205 0.181377
vt 0.270024 0.950855
vt 0.271499 0.952339
vt 0.987712 0.053875
vt 0.978443 0.049795
vt 0.305038 0.686898
vt 0.305443 0.692709
vt 0.302737 0.692709
vt 0.986889 0.684961
vt 0.986142 0.688593
vt 0.984277 0.683566
vt 0.989559 0.689109
vt 0.936621 0.159310
vt 0.938921 0.158714
vt 0.938188 0.162698
vt 0.974318 0.376794
vt 0.975414 0.374280
vt 0.977063 0.377326
vt 0.303492 0.757591
vt 0.305874 0.759685
vt 0.303351 0.762312
vt 0.158880 0.974129
vt 0.302089 0.768521
vt 0.304858 0.764961
vt 0.975481 0.397153
vt 0.976716 0.396381
vt 0.978965 0.400558
vt 0.981034 0.399955
vt 0.954417 0.552349
vt 0.952076 0.551133
vt 0.954458 0.549295
vt 0.978672 0.494254
vt 0.976564 0.493445
vt 0.978695 0.489935
vt 0.934065 0.178998
vt 0.944568 0.776404
vt 0.948320 0.776959
vt 0.952016 0.779718
vt 0.943705 0.770973
vt 0.958443 0.781401
vt 0.953488 0.778188
vt 0.957804 0.779263
vt 0.957841 0.783486
vt 0.934065 0.164052
vt 0.935283 0.162538
vt 0.955032 0.784451
vt 0.934409 0.159362
vt 0.959100 0.784464
vt 0.963244 0.782574
vt 0.209624 0.958078
vt 0.216052 0.961786
vt 0.213215 0.961551
vt 0.950367 0.569942
vt 0.951870 0.572605
vt 0.218980 0.960875
vt 0.214596 0.958143
vt 0.219584 0.957560
vt 0.213931 0.959694
vt 0.984072 0.028646
vt 0.992402 0.028869
vt 0.991087 0.032029
vt 0.978568 0.031777
vt 0.226348 0.960588
vt 0.225777 0.958496
vt 0.950367 0.550290
vt 0.950574 0.554570
vt 0.231096 0.958628
vt 0.232334 0.954728
vt 0.234219 0.953411
vt 0.950557 0.558062
vt 0.964528 0.713999
vt 0.927055 0.289128
vt 0.941598 0.723211
vt 0.939753 0.724633
vt 0.932716 0.724851
vt 0.233631 0.922134
vt 0.228948 0.922619
vt 0.231797 0.917701
vt 0.216754 0.922581
vt 0.215011 0.925012
vt 0.210137 0.917694
vt 0.206233 0.921591
vt 0.206282 0.917375
vt 0.966438 0.333187
vt 0.962942 0.326524
vt 0.965715 0.312855
vt 0.963030 0.566953
vt 0.917188 0.538134
vt 0.912730 0.538066
vt 0.912998 0.543524
vt 0.970002 0.569162
vt 0.972099 0.566486
vt 0.959719 0.573928
vt 0.960725 0.569169
vt 0.956503 0.571963
vt 0.955811 0.575212
vt 0.900633 0.944950
vt 0.903985 0.949499
vt 0.899869 0.947862
vt 0.897270 0.943251
vt 0.980843 0.808610
vt 0.980901 0.803463
vt 0.989450 0.803518
vt 0.955259 0.570739
vt 0.994354 0.805175
vt 0.026934 0.918309
vt 0.023265 0.908086
vt 0.025756 0.899637
vt 0.987253 0.419968
vt 0.980367 0.417664
vt 0.981275 0.415305
vt 0.871687 0.093507
vt 0.870911 0.073867
vt 0.873338 0.079360
vt 0.863998 0.986800
vt 0.864940 0.981823
vt 0.866766 0.982372
vt 0.862548 0.985356
vt 0.862352 0.988657
vt 0.863893 0.991520
vt 0.926693 0.306124
vt 0.932473 0.306014
vt 0.930669 0.308123
vt 0.968171 0.599365
vt 0.965408 0.606834
vt 0.965354 0.595333
vt 0.965690 0.587261
vt 0.969009 0.586984
vt 0.869891 0.997842
vt 0.866588 0.995298
vt 0.872580 0.997085
vt 0.867277 0.993820
vt 0.994917 0.937645
vt 0.992298 0.939467
vt 0.991915 0.937245
vt 0.995902 0.934105
vt 0.991833 0.935652
vt 0.574332 0.971850
vt 0.995061 0.932410
vt 0.997861 0.933769
vt 0.576214 0.962804
vt 0.993682 0.922548
vt 0.997861 0.925195
vt 0.972228 0.386085
vt 0.973708 0.381585
vt 0.974551 0.385646
vt 0.927782 0.308944
vt 0.861824 0.292305
vt 0.852520 0.289779
vt 0.861803 0.288527
vt 0.279863 0.937271
vt 0.278320 0.935066
vt 0.283288 0.933682
vt 0.933502 0.427608
vt 0.934656 0.431648
vt 0.932542 0.432064
vt 0.929332 0.427820
vt 0.925762 0.427809
vt 0.923943 0.432299
vt 0.922739 0.427821
vt 0.928022 0.431399
vt 0.926694 0.439673
vt 0.949637 0.580102
vt 0.951424 0.585969
vt 0.948521 0.588747
vt 0.923271 0.318650
vt 0.924230 0.308775
vt 0.925259 0.314138
vt 0.929888 0.440938
vt 0.931313 0.437690
vt 0.924640 0.446202
vt 0.937878 0.330402
vt 0.934981 0.321455
vt 0.936194 0.317515
vt 0.265028 0.512330
vt 0.268708 0.510430
vt 0.261301 0.522739
vt 0.957406 0.414109
vt 0.955447 0.415665
vt 0.955483 0.400057
vt 0.975633 0.988260
vt 0.948945 0.601697
vt 0.951972 0.598944
vt 0.951841 0.614046
vt 0.520709 0.284212
vt 0.544024 0.270970
vt 0.529678 0.282651
vt 0.631963 0.616796
vt 0.645857 0.610899
vt 0.635916 0.619377
vt 0.624099 0.632682
vt 0.621397 0.628747
vt 0.942306 0.694957
vt 0.938509 0.698438
vt 0.940032 0.692627
vt 0.820720 0.941409
vt 0.825403 0.946744
vt 0.821927 0.958684
vt 0.307955 0.125715
vt 0.311558 0.112167
vt 0.307492 0.131269
vt 0.042582 0.753033
vt 0.047362 0.775634
vt 0.729627 0.848521
vt 0.735789 0.848796
vt 0.737637 0.977262
vt 0.729627 0.977200
vt 0.934538 0.417516
vt 0.931359 0.402851
vt 0.932889 0.376990
vt 0.965826 0.362878
vt 0.964046 0.357424
vt 0.591007 0.620433
vt 0.589801 0.626460
vt 0.589230 0.613568
vt 0.929933 0.415362
vt 0.928627 0.382142
vt 0.922016 0.439643
vt 0.932720 0.529383
vt 0.931973 0.537129
vt 0.933695 0.544835
vt 0.929822 0.541311
vt 0.929672 0.532061
vt 0.927455 0.489474
vt 0.929600 0.466014
vt 0.931025 0.494241
vt 0.935602 0.536755
vt 0.929111 0.423635
vt 0.926943 0.422635
vt 0.952674 0.697293
vt 0.953366 0.693904
vt 0.955158 0.696418
vt 0.935955 0.422756
vt 0.935881 0.426155
vt 0.933296 0.426246
vt 0.932276 0.420516
vt 0.937379 0.546826
vt 0.936416 0.548846
vt 0.931688 0.547862
vt 0.928122 0.545838
vt 0.985463 0.513621
vt 0.982041 0.511429
vt 0.984931 0.511368
vt 0.937769 0.425183
vt 0.937878 0.427320
vt 0.933956 0.427506
vt 0.981426 0.508040
vt 0.980442 0.509954
vt 0.978977 0.506213
vt 0.925109 0.427555
vt 0.925910 0.426258
vt 0.928579 0.427608
vt 0.929077 0.426528
vt 0.789077 0.989460
vt 0.785930 0.994840
vt 0.786622 0.991064
vt 0.788376 0.991882
vt 0.786402 0.989019
vt 0.784519 0.993481
vt 0.294526 0.771032
vt 0.298346 0.769606
vt 0.296508 0.771495
vt 0.932604 0.549128
vt 0.778217 0.997255
vt 0.781024 0.995409
vt 0.782191 0.996925
vt 0.928703 0.549067
vt 0.926129 0.547623
vt 0.925094 0.549295
vt 0.776939 0.994933
vt 0.771356 0.993510
vt 0.772750 0.992621
vt 0.987888 0.014809
vt 0.996999 0.012791
vt 0.996858 0.017615
vt 0.994537 0.368677
vt 0.995116 0.371086
vt 0.985927 0.371782
vt 0.978540 0.045497
vt 0.978645 0.042524
vt 0.987786 0.046054
vt 0.137952 0.987332
vt 0.137294 0.990183
vt 0.128778 0.989312
vt 0.168848 0.965719
vt 0.160318 0.964728
vt 0.160448 0.960976
vt 0.272404 0.937076
vt 0.274969 0.936933
vt 0.974396 0.492472
vt 0.975098 0.487874
vt 0.977535 0.489506
vt 0.985939 0.680388
vt 0.984426 0.675909
vt 0.983426 0.679650
vt 0.938114 0.156125
vt 0.973618 0.372427
vt 0.975322 0.370026
vt 0.302089 0.753394
vt 0.304417 0.754767
vt 0.976276 0.421632
vt 0.973994 0.423911
vt 0.974186 0.420731
vt 0.945718 0.770715
vt 0.947817 0.769794
vt 0.949287 0.774876
vt 0.962554 0.777463
vt 0.964714 0.778289
vt 0.968323 0.778002
vt 0.966762 0.781283
vt 0.571800 0.936368
vt 0.570684 0.939891
vt 0.569380 0.936913
vt 0.935640 0.156575
vt 0.210064 0.955541
vt 0.978268 0.373232
vt 0.212516 0.953090
vt 0.228391 0.953748
vt 0.229866 0.954835
vt 0.224377 0.956903
vt 0.231921 0.948468
vt 0.234166 0.946596
vt 0.972206 0.421931
vt 0.958623 0.712802
vt 0.962123 0.713600
vt 0.955263 0.710999
vt 0.956200 0.718600
vt 0.930710 0.719608
vt 0.240302 0.916338
vt 0.237835 0.913644
vt 0.234580 0.914451
vt 0.214143 0.917442
vt 0.082086 0.911278
vt 0.081088 0.892214
vt 0.084696 0.900772
vt 0.962797 0.569040
vt 0.963078 0.561905
vt 0.965446 0.562908
vt 0.969982 0.566736
vt 0.972563 0.563143
vt 0.970087 0.561328
vt 0.956089 0.567543
vt 0.202937 0.909467
vt 0.206121 0.914149
vt 0.204313 0.915198
vt 0.980925 0.797653
vt 0.987783 0.798425
vt 0.988445 0.415393
vt 0.994779 0.412350
vt 0.994768 0.417696
vt 0.980500 0.768506
vt 0.981319 0.766323
vt 0.984467 0.393530
vt 0.987303 0.391727
vt 0.997541 0.397047
vt 0.869302 0.978899
vt 0.870997 0.980659
vt 0.999904 0.589726
vt 0.997931 0.586198
vt 0.994086 0.589325
vt 0.867211 0.983915
vt 0.935849 0.305855
vt 0.934974 0.308910
vt 0.874755 0.995272
vt 0.870660 0.995493
vt 0.006713 0.985164
vt 0.003356 0.985250
vt 0.003942 0.983347
vt 0.876805 0.995986
vt 0.982398 0.390012
vt 0.874474 0.998383
vt 0.981732 0.393268
vt 0.983232 0.935961
vt 0.987815 0.936313
vt 0.988218 0.938394
vt 0.262066 0.701809
vt 0.250809 0.685770
vt 0.255146 0.675046
vt 0.996953 0.800967
vt 0.995001 0.801955
vt 0.995101 0.798682
vt 0.963655 0.427321
vt 0.959249 0.427379
vt 0.958666 0.423711
vt 0.995816 0.921546
vt 0.001103 0.982630
vt 0.923840 0.306072
vt 0.001869 0.978123
vt 0.003955 0.978371
vt 0.293216 0.886787
vt 0.295038 0.890773
vt 0.291636 0.890694
vt 0.296521 0.886730
vt 0.921121 0.431512
vt 0.000645 0.968931
vt 0.289743 0.887080
vt 0.290807 0.876364
vt 0.961571 0.420540
vt 0.004452 0.967990
vt 0.001304 0.957698
vt 0.956161 0.593496
vt 0.954867 0.605264
vt 0.824165 0.877568
vt 0.822072 0.898558
vt 0.966052 0.424629
vt 0.964240 0.421004
vt 0.975047 0.246175
vt 0.972575 0.245585
vt 0.974624 0.241672
vt 0.299118 0.819663
vt 0.302679 0.821952
vt 0.298890 0.824625
vt 0.299728 0.379795
vt 0.299662 0.369027
vt 0.300279 0.381546
vt 0.953303 0.665997
vt 0.957564 0.671317
vt 0.954556 0.682358
vt 0.988149 0.900962
vt 0.980843 0.905058
vt 0.980944 0.898766
vt 0.003135 0.878964
vt 0.006855 0.884560
vt 0.004510 0.899522
vt 0.786813 0.249205
vt 0.794852 0.245892
vt 0.925392 0.412317
vt 0.958828 0.691363
vt 0.925054 0.424298
vt 0.937505 0.533293
vt 0.293942 0.782453
vt 0.295200 0.784957
vt 0.976841 0.475315
vt 0.978685 0.476575
vt 0.976897 0.478840
vt 0.956179 0.697412
vt 0.959028 0.697281
vt 0.963333 0.278364
vt 0.959875 0.283959
vt 0.292310 0.770712
vt 0.291833 0.779092
vt 0.926090 0.545007
vt 0.990022 0.514019
vt 0.988732 0.512370
vt 0.992280 0.511610
vt 0.956763 0.698557
vt 0.001360 0.863777
vt 0.004163 0.863887
vt 0.001835 0.865066
vt 0.006645 0.865001
vt 0.003550 0.866957
vt 0.980932 0.497881
vt 0.983568 0.495169
vt 0.986626 0.494349
vt 0.985378 0.496693
vt 0.982391 0.498852
vt 0.787616 0.987236
vt 0.789077 0.984037
vt 0.293141 0.769268
vt 0.296572 0.769363
vt 0.960223 0.310103
vt 0.959426 0.307509
vt 0.962310 0.306072
vt 0.958914 0.305855
vt 0.987881 0.010482
vt 0.985817 0.368311
vt 0.996888 0.286510
vt 0.996885 0.292591
vt 0.988029 0.287868
vt 0.976338 0.482271
vt 0.974699 0.484253
vt 0.572785 0.932930
vt 0.570661 0.932235
vt 0.986452 0.676110
vt 0.974141 0.367052
vt 0.976028 0.364493
vt 0.685927 0.299546
vt 0.688246 0.302684
vt 0.685927 0.305659
vt 0.976965 0.380919
vt 0.975986 0.417912
vt 0.978660 0.483861
vt 0.943413 0.764431
vt 0.947641 0.760430
vt 0.967958 0.772904
vt 0.966125 0.772820
vt 0.568710 0.931112
vt 0.567939 0.933509
vt 0.978316 0.365782
vt 0.977450 0.369670
vt 0.234516 0.404246
vt 0.214308 0.370028
vt 0.216125 0.339603
vt 0.244231 0.357988
vt 0.252444 0.376213
vt 0.258440 0.398440
vt 0.207046 0.954926
vt 0.206233 0.951136
vt 0.230148 0.948179
vt 0.972507 0.417356
vt 0.960502 0.706857
vt 0.963337 0.709062
vt 0.953789 0.701562
vt 0.955147 0.706479
vt 0.936315 0.718401
vt 0.938603 0.712993
vt 0.932693 0.712499
vt 0.230761 0.909206
vt 0.215915 0.909171
vt 0.214624 0.908254
vt 0.208703 0.912456
vt 0.962315 0.563224
vt 0.964152 0.556384
vt 0.966601 0.557150
vt 0.972131 0.558240
vt 0.960066 0.564014
vt 0.955529 0.563604
vt 0.240604 0.886533
vt 0.238039 0.891401
vt 0.240818 0.882582
vt 0.574332 0.829158
vt 0.203943 0.906771
vt 0.205822 0.910308
vt 0.997454 0.387331
vt 0.997403 0.392422
vt 0.986126 0.388242
vt 0.980614 0.411659
vt 0.998186 0.583374
vt 0.990457 0.582053
vt 1.000000 0.585165
vt 0.982671 0.385663
vt 0.981034 0.386670
vt 0.997336 0.795415
vt 0.995230 0.795042
vt 0.286845 0.890681
vt 0.985286 0.939287
vt 0.978402 0.407995
vt 0.980804 0.407674
vt 0.992337 0.919719
vt 0.988596 0.920769
vt 0.989739 0.922488
vt 0.961384 0.578760
vt 0.959354 0.586340
vt 0.957486 0.579552
vt 0.958993 0.577010
vt 0.011527 0.982284
vt 0.010466 0.985152
vt 0.007861 0.981135
vt 0.960143 0.355447
vt 0.962195 0.358824
vt 0.286172 0.888331
vt 0.007015 0.974688
vt 0.286417 0.881918
vt 0.991269 0.715760
vt 0.989761 0.714929
vt 0.993500 0.712056
vt 0.008164 0.955060
vt 0.010580 0.966602
vt 0.913066 0.749439
vt 0.904792 0.752387
vt 0.904810 0.741003
vt 0.912764 0.737141
vt 0.128089 0.002609
vt 0.138506 0.000831
vt 0.161096 0.000386
vt 0.880569 0.665510
vt 0.878100 0.670104
vt 0.573393 0.377192
vt 0.575701 0.383641
vt 0.566915 0.368211
vt 0.962150 0.613721
vt 0.956618 0.615726
vt 0.958494 0.610395
vt 0.106363 0.967910
vt 0.109527 0.964856
vt 0.109807 0.977674
vt 0.020165 0.665507
vt 0.025576 0.674274
vt 0.015792 0.682786
vt 0.010242 0.889000
vt 0.009143 0.909219
vt 0.441158 0.314092
vt 0.439188 0.315669
vt 0.427033 0.316459
vt 0.843851 0.916733
vt 0.842012 0.875278
vt 0.845849 0.909726
vt 0.290227 0.770955
vt 0.289058 0.784704
vt 0.962351 0.694806
vt 0.963170 0.698264
vt 0.008610 0.869329
vt 0.010679 0.865897
vt 0.005397 0.869788
vt 0.288046 0.774554
vt 0.285725 0.769421
vt 0.967565 0.306973
vt 0.963750 0.308678
vt 0.965146 0.306126
vt 0.962412 0.314533
vt 0.990822 0.511264
vt 0.994667 0.509674
vt 0.960389 0.698475
vt 0.009718 0.863784
vt 0.991006 0.494254
vt 0.991010 0.495965
vt 0.288306 0.769319
vt 0.941519 0.403852
vt 0.987666 0.005579
vt 0.996943 0.008454
vt 0.996999 0.003669
vt 0.994978 0.361338
vt 0.995153 0.365696
vt 0.985833 0.362432
vt 0.974567 0.480251
vt 0.917432 0.091632
vt 0.916234 0.095287
vt 0.916440 0.082313
vt 0.972472 0.482025
vt 0.571936 0.927484
vt 0.974252 0.362959
vt 0.972206 0.363708
vt 0.976172 0.413631
vt 0.974490 0.414689
vt 0.976515 0.378068
vt 0.947768 0.758416
vt 0.947650 0.763501
vt 0.737129 0.994939
vt 0.734747 0.996060
vt 0.733092 0.992450
vt 0.568830 0.924271
vt 0.970400 0.769356
vt 0.207059 0.946494
vt 0.206233 0.944000
vt 0.208994 0.947911
vt 0.211339 0.945746
vt 0.228504 0.943156
vt 0.230345 0.941859
vt 0.230261 0.938922
vt 0.972460 0.412935
vt 0.234510 0.942928
vt 0.235510 0.947436
vt 0.957786 0.702646
vt 0.949906 0.706910
vt 0.949664 0.704327
vt 0.930819 0.713368
vt 0.917563 0.526323
vt 0.919889 0.526240
vt 0.919826 0.532476
vt 0.346536 0.549807
vt 0.337670 0.541458
vt 0.332731 0.533567
vt 0.970002 0.553621
vt 0.217444 0.902359
vt 0.210660 0.904289
vt 0.206233 0.911104
vt 0.965213 0.552632
vt 0.917417 0.532678
vt 0.913563 0.529036
vt 0.972656 0.552485
vt 0.961301 0.559140
vt 0.958888 0.559559
vt 0.955435 0.557918
vt 0.068432 0.873817
vt 0.065609 0.873623
vt 0.068909 0.866604
vt 0.913210 0.533000
vt 0.912280 0.529042
vt 0.994733 0.405741
vt 0.988295 0.409308
vt 0.978024 0.989184
vt 0.977658 0.991601
vt 0.991501 0.136487
vt 0.992483 0.138831
vt 0.989676 0.140152
vt 0.996687 0.580054
vt 0.999523 0.581363
vt 0.872234 0.978728
vt 0.874957 0.980437
vt 0.878536 0.981147
vt 0.878540 0.983533
vt 0.872673 0.981819
vt 0.935440 0.121445
vt 0.938957 0.119730
vt 0.939675 0.121664
vt 0.879168 0.989155
vt 0.880311 0.991387
vt 0.877255 0.984152
vt 0.930132 0.121326
vt 0.932395 0.117535
vt 0.982600 0.381389
vt 0.986500 0.384182
vt 0.980418 0.932691
vt 0.978452 0.929809
vt 0.980360 0.929408
vt 0.983488 0.934253
vt 0.981615 0.930669
vt 0.984608 0.920782
vt 0.984834 0.923419
vt 0.981197 0.924129
vt 0.985524 0.404107
vt 0.979199 0.404039
vt 0.935650 0.116583
vt 0.939702 0.112746
vt 0.929062 0.116998
vt 0.015074 0.980903
vt 0.013964 0.985174
vt 0.282474 0.883346
vt 0.105903 0.981667
vt 0.107709 0.985019
vt 0.103715 0.985003
vt 0.099875 0.985140
vt 0.102535 0.981913
vt 0.098868 0.981584
vt 0.969416 0.423783
vt 0.968315 0.417679
vt 0.968454 0.427321
vt 0.963151 0.585672
vt 0.961531 0.597639
vt 0.012248 0.975369
vt 0.283984 0.874526
vt 0.294999 0.953429
vt 0.289781 0.954892
vt 0.291100 0.952687
vt 0.992741 0.069455
vt 0.989961 0.068736
vt 0.990996 0.063748
vt 0.287008 0.869847
vt 0.964926 0.408950
vt 0.283278 0.490616
vt 0.283160 0.472577
vt 0.287151 0.474281
vt 0.287361 0.497130
vt 0.283572 0.863206
vt 0.970107 0.410296
vt 0.968210 0.393493
vt 0.971344 0.395953
vt 0.286077 0.855319
vt 0.963914 0.620570
vt 0.960807 0.626283
vt 0.903214 0.723867
vt 0.904524 0.731180
vt 0.903556 0.734568
vt 0.915148 0.005722
vt 0.915851 0.005100
vt 0.915872 0.014830
vt 0.283937 0.818573
vt 0.286534 0.785943
vt 0.287483 0.812969
vt 0.284730 0.840041
vt 0.126657 0.002272
vt 0.049078 0.041012
vt 0.108742 0.912964
vt 0.105358 0.902754
vt 0.108051 0.880419
vt 0.905289 0.080860
vt 0.905980 0.092184
vt 0.905048 0.099836
vt 0.945466 0.589276
vt 0.947609 0.585054
vt 0.946525 0.599453
vt 0.959409 0.749988
vt 0.946831 0.755077
vt 0.947005 0.750578
vt 0.871797 0.039222
vt 0.873851 0.041607
vt 0.942214 0.003887
vt 0.941130 0.016404
vt 0.939477 0.004535
vt 0.011597 0.871791
vt 0.937078 0.004958
vt 0.935480 0.014676
vt 0.934829 0.004397
vt 0.106930 0.867810
vt 0.105203 0.876660
vt 0.103426 0.870381
vt 0.102295 0.877812
vt 0.100246 0.874595
vt 0.100946 0.866477
vt 0.941085 0.001177
vt 0.932386 0.001339
vt 0.934775 0.000448
vt 0.013196 0.865047
vt 0.013192 0.872277
vt 0.285629 0.773362
vt 0.104019 0.863751
vt 0.104972 0.865039
vt 0.098375 0.868470
vt 0.098870 0.864897
vt 0.968570 0.310530
vt 0.969952 0.307030
vt 0.998606 0.505762
vt 0.997491 0.509557
vt 0.994613 0.512158
vt 0.939672 0.000082
vt 0.937120 0.001319
vt 0.932667 0.000000
vt 0.014462 0.863751
vt 0.994494 0.495687
vt 0.282144 0.768521
vt 0.781546 0.977488
vt 0.786595 0.980529
vt 0.786004 0.982664
vt 0.784438 0.978466
vt 0.108384 0.863882
vt 0.100747 0.863900
vt 0.097399 0.863816
vt 0.616998 0.305365
vt 0.616000 0.303545
vt 0.616998 0.302466
vt 0.969640 0.305899
vt 0.988159 0.002151
vt 0.996801 0.000000
vt 0.673129 0.279773
vt 0.669642 0.279043
vt 0.670560 0.271514
vt 0.988035 0.281271
vt 0.996808 0.281271
vt 0.987662 0.283833
vt 0.974658 0.476278
vt 0.137952 0.982042
vt 0.140104 0.980618
vt 0.141934 0.985334
vt 0.270969 0.813761
vt 0.275067 0.810624
vt 0.272808 0.814629
vt 0.976264 0.404929
vt 0.978302 0.409463
vt 0.975998 0.409088
vt 0.981034 0.377326
vt 0.951151 0.760044
vt 0.955688 0.758100
vt 0.952783 0.760827
vt 0.571468 0.923950
vt 0.571630 0.920865
vt 0.567939 0.924634
vt 0.968602 0.766512
vt 0.211204 0.940855
vt 0.282144 0.434583
vt 0.281258 0.442704
vt 0.625037 0.799860
vt 0.618103 0.790810
vt 0.232032 0.938862
vt 0.974148 0.409028
vt 0.972206 0.408173
vt 0.954334 0.699499
vt 0.943306 0.704658
vt 0.942966 0.707824
vt 0.930710 0.709689
vt 0.933687 0.705472
vt 0.807335 0.239711
vt 0.918805 0.522565
vt 0.234614 0.903289
vt 0.237659 0.905668
vt 0.238549 0.908537
vt 0.235266 0.906958
vt 0.230236 0.901784
vt 0.225779 0.901279
vt 0.222858 0.904127
vt 0.223657 0.906608
vt 0.217159 0.899791
vt 0.917013 0.519948
vt 0.912761 0.523292
vt 0.970859 0.550798
vt 0.967047 0.725366
vt 0.965379 0.723361
vt 0.967257 0.719930
vt 0.976333 0.549108
vt 0.976998 0.552768
vt 0.955259 0.552447
vt 0.959791 0.554604
vt 0.962714 0.555260
vt 0.172834 0.908539
vt 0.174794 0.905541
vt 0.171700 0.912839
vt 0.174039 0.912292
vt 0.994789 0.400558
vt 0.195172 0.899487
vt 0.198861 0.904266
vt 0.193990 0.901514
vt 0.976496 0.142829
vt 0.976590 0.139876
vt 0.945537 0.743996
vt 0.945423 0.746771
vt 0.939164 0.747636
vt 0.987779 0.134862
vt 0.992004 0.131189
vt 0.993053 0.134405
vt 0.881293 0.985683
vt 0.989441 0.129338
vt 0.989092 0.126646
vt 0.978742 0.927013
vt 0.941744 0.739400
vt 0.946791 0.740590
vt 0.982164 0.926681
vt 0.946164 0.736469
vt 0.942451 0.736491
vt 0.100107 0.974662
vt 0.938855 0.105416
vt 0.104768 0.975712
vt 0.974866 0.707046
vt 0.976478 0.703038
vt 0.976364 0.709043
vt 0.928434 0.102087
vt 0.930724 0.107338
vt 0.102480 0.968370
vt 0.932189 0.326167
vt 0.583972 0.441229
vt 0.584983 0.452308
vt 0.584003 0.453796
vt 0.710253 0.288184
vt 0.969291 0.016819
vt 0.972103 0.009672
vt 0.974972 0.018268
vt 0.972521 0.030729
vt 0.108314 0.937961
vt 0.871510 0.151973
vt 0.873640 0.148421
vt 0.937142 0.709386
vt 0.987934 0.091363
vt 0.987817 0.087272
vt 0.997037 0.089561
vt 0.998717 0.502118
vt 0.995512 0.499132
vt 0.996957 0.498165
vt 0.996084 0.501213
vt 0.987755 0.084588
vt 0.997013 0.085027
vt 0.778174 0.977262
vt 0.779208 0.979085
vt 0.783764 0.980602
vt 0.978507 0.112029
vt 0.978597 0.107262
vt 0.987611 0.111289
vt 0.776011 0.979964
vt 0.773544 0.978793
vt 0.770748 0.981924
vt 0.772853 0.981882
vt 0.985817 0.357509
vt 0.985850 0.353688
vt 0.994949 0.357745
vt 0.987665 0.117071
vt 0.978808 0.118131
vt 0.978443 0.115357
vt 0.987498 0.121513
vt 0.987665 0.105561
vt 0.974851 0.472210
vt 0.572626 0.916329
vt 0.571208 0.915775
vt 0.140117 0.975968
vt 0.138391 0.976263
vt 0.295203 0.977292
vt 0.293678 0.980486
vt 0.293851 0.974749
vt 0.975949 0.359432
vt 0.974315 0.358560
vt 0.975468 0.354480
vt 0.273393 0.803250
vt 0.275522 0.803345
vt 0.273356 0.808669
vt 0.272821 0.841464
vt 0.270969 0.837887
vt 0.272733 0.836817
vt 0.975287 0.400887
vt 0.976906 0.400558
vt 0.973795 0.404113
vt 0.271239 0.843471
vt 0.274940 0.846244
vt 0.977781 0.471757
vt 0.952460 0.755262
vt 0.955060 0.755292
vt 0.959119 0.755904
vt 0.961443 0.759071
vt 0.962465 0.761617
vt 0.957766 0.760239
vt 0.969091 0.762468
vt 0.965566 0.761568
vt 0.568779 0.919248
vt 0.971258 0.763988
vt 0.971791 0.769446
vt 0.977949 0.353688
vt 0.978059 0.358771
vt 0.209589 0.938197
vt 0.213690 0.936556
vt 0.215572 0.937552
vt 0.216758 0.939335
vt 0.221873 0.936945
vt 0.224830 0.939492
vt 0.226345 0.938315
vt 0.223064 0.934929
vt 0.226749 0.934708
vt 0.972338 0.401965
vt 0.948758 0.698656
vt 0.231332 0.900219
vt 0.224242 0.898568
vt 0.213385 0.900737
vt 0.934643 0.570588
vt 0.934229 0.575799
vt 0.930443 0.573295
vt 0.928114 0.573292
vt 0.929383 0.576876
vt 0.929967 0.569024
vt 0.927529 0.567954
vt 0.917439 0.515166
vt 0.919698 0.518409
vt 0.971695 0.718484
vt 0.970972 0.721630
vt 0.967865 0.715550
vt 0.965221 0.716048
vt 0.955296 0.549658
vt 0.959779 0.549108
vt 0.961423 0.550969
vt 0.976681 0.134325
vt 0.983137 0.130927
vt 0.976671 0.127950
vt 0.976496 0.121664
vt 0.176876 0.906595
vt 0.179052 0.901454
vt 0.180166 0.903433
vt 0.185337 0.901122
vt 0.930887 0.745482
vt 0.930955 0.739838
vt 0.936876 0.742776
vt 0.930827 0.735978
vt 0.501783 0.924349
vt 0.503248 0.942196
vt 0.502548 0.961519
vt 0.499989 0.950776
vt 0.118309 0.741236
vt 0.124715 0.744424
vt 0.121028 0.744986
vt 0.930710 0.732441
vt 0.987603 0.665640
vt 0.985648 0.670587
vt 0.985357 0.665833
vt 0.985887 0.661349
vt 0.688246 0.299546
vt 0.690878 0.302362
vt 0.688246 0.305422
vt 0.985642 0.657405
vt 0.987790 0.656314
vt 0.983426 0.658482
vt 0.986364 0.652008
vt 0.984937 0.652540
vt 0.294240 0.969349
vt 0.296500 0.971228
vt 0.296135 0.966511
vt 0.294481 0.965123
vt 0.295573 0.961595
vt 0.292115 0.967592
vt 0.293866 0.959996
vt 0.295509 0.958650
vt 0.988619 0.669895
vt 0.989699 0.667410
vt 0.988969 0.660632
vt 0.962087 0.755262
vt 0.963797 0.757009
vt 0.990071 0.663344
vt 0.989375 0.653406
vt 0.968370 0.759646
vt 0.568197 0.915244
vt 0.214670 0.935028
vt 0.298423 0.969780
vt 0.297819 0.975610
vt 0.947369 0.354445
vt 0.949852 0.400372
vt 0.946532 0.403253
vt 0.218574 0.933454
vt 0.222201 0.933189
vt 0.938734 0.701214
vt 0.943193 0.698592
vt 0.967381 0.710521
vt 0.964799 0.708759
vt 0.964528 0.702068
vt 0.967123 0.704287
vt 0.930254 0.565102
vt 0.928519 0.562528
vt 0.930569 0.559530
vt 0.927527 0.557622
vt 0.930091 0.554015
vt 0.971823 0.712785
vt 0.971812 0.705404
vt 0.185886 0.898567
vt 0.849954 0.277564
vt 0.845360 0.275602
vt 0.849955 0.271296
vt 0.846045 0.271442
vt 0.907166 0.952503
vt 0.903149 0.951246
vt 0.352901 0.342937
vt 0.361755 0.336519
vt 0.343037 0.353697
vt 0.852497 0.268908
vt 0.850496 0.265076
vt 0.852520 0.262420
vt 0.849506 0.281754
vt 0.850325 0.286404
vt 0.845355 0.284182
vt 0.889164 0.353393
vt 0.889299 0.364548
vt 0.889049 0.376326
vt 0.886965 0.376101
vt 0.886655 0.353740
vt 0.581734 0.985631
vt 0.585811 0.983076
vt 0.589463 0.986790
vt 0.845607 0.262196
vt 0.849927 0.261565
vt 0.845379 0.268037
vt 0.992489 0.903887
vt 0.929108 0.968619
vt 0.916154 0.964378
vt 0.929052 0.962710
vt 0.976953 0.326890
vt 0.974109 0.326822
vt 0.976527 0.322738
vt 0.007506 0.762983
vt -0.000000 0.753255
vt 0.001631 0.742701
vt 0.976855 0.318563
vt 0.974578 0.315862
vt 0.976682 0.314215
vt 0.973886 0.321027
vt 0.947745 0.196348
vt 0.972206 0.323947
vt 0.972683 0.319572
vt 0.275596 0.943485
vt 0.277841 0.951692
vt 0.275622 0.948231
vt 0.972210 0.315522
vt 0.973767 0.312551
vt 0.869597 0.255911
vt 0.869689 0.246043
vt 0.898048 0.243725
vt 0.898075 0.255259
vt 0.910366 0.954229
vt 0.913204 0.952848
vt 0.282855 0.345028
vt 0.283307 0.362377
vt 0.282414 0.361731
vt 0.916025 0.249834
vt 0.913840 0.238634
vt 0.916081 0.220002
vt 0.936463 0.573088
vt 0.938584 0.570720
vt 0.938661 0.574214
vt 0.937701 0.576548
vt 0.850676 0.258596
vt 0.916400 0.970273
vt 0.913561 0.971253
vt 0.913450 0.967342
vt 0.917809 0.968264
vt 0.913038 0.963684
vt 0.915078 0.960980
vt 0.914758 0.188818
vt 0.917590 0.198294
vt 0.911967 0.190611
vt 0.914752 0.200799
vt 0.678064 0.259927
vt 0.677105 0.262221
vt 0.672137 0.263429
vt 0.989033 0.793018
vt 0.980849 0.793921
vt 0.980843 0.789179
vt 0.920493 0.220552
vt 0.919341 0.215325
vt 0.987668 0.099306
vt 0.987206 0.102672
vt 0.978443 0.102476
vt 0.978461 0.098722
vt 0.978443 0.088635
vt 0.987525 0.087180
vt 0.987755 0.091049
vt 0.978507 0.094187
vt 0.988583 0.335639
vt 0.991243 0.339707
vt 0.989230 0.339844
vt 0.976268 0.330062
vt 0.277859 0.933353
vt 0.275596 0.937254
vt 0.987954 0.171182
vt 0.990248 0.167933
vt 0.990541 0.171400
vt 0.275628 0.939515
vt 0.973659 0.329634
vt 0.972560 0.327569
vt 0.277966 0.941459
vt 0.279587 0.942815
vt 0.278577 0.947550
vt 0.282091 0.949325
vt 0.283038 0.953278
vt 0.973396 0.308754
vt 0.972206 0.311382
vt 0.973371 0.305855
vt 0.976412 0.306384
vt 0.286916 0.958264
vt 0.282738 0.956917
vt 0.285625 0.956658
vt 0.976372 0.309456
vt 0.281258 0.954722
vt 0.916490 0.954229
vt 0.936549 0.567614
vt 0.938700 0.565887
vt 0.942673 0.569891
vt 0.946571 0.178860
vt 0.945694 0.181160
vt 0.944827 0.176913
vt 0.940843 0.179126
vt 0.112396 0.986323
vt 0.125642 0.987653
vt 0.112328 0.991406
vt 0.248767 0.901253
vt 0.252119 0.902016
vt 0.247474 0.905157
vt 0.912732 0.978623
vt 0.904521 0.973130
vt 0.912643 0.974337
vt 0.256256 0.931234
vt 0.254073 0.933241
vt 0.250392 0.929290
vt 0.128778 0.987167
vt 0.127867 0.990202
vt 0.990042 0.884930
vt 0.984601 0.883803
vt 0.987336 0.883573
vt 0.122334 0.992052
vt 0.987083 0.886162
vt 0.992437 0.883476
vt 0.991334 0.886254
vt 0.994602 0.884571
vt 0.305640 0.381080
vt 0.305831 0.375372
vt 0.305831 0.383839
vt 0.915727 0.957523
vt 0.912732 0.959590
vt 0.997378 0.884257
vt 0.525934 0.865631
vt 0.522993 0.866749
vt 0.524218 0.863159
vt 0.524340 0.871487
vt 0.909017 0.181539
vt 0.920317 0.191259
vt 0.524651 0.882042
vt 0.527001 0.873464
vt 0.521898 0.887843
vt 0.522263 0.876805
vt 0.955913 0.963437
vt 0.658112 0.847142
vt 0.666309 0.847737
vt 0.665729 0.851240
vt 0.654692 0.851397
vt 0.445696 0.305855
vt 0.444338 0.306830
vt 0.428767 0.307181
vt 0.937903 0.618047
vt 0.941027 0.594663
vt 0.937810 0.646447
vt 0.852370 0.273386
vt 0.948133 0.091946
vt 0.982597 0.614854
vt 0.979915 0.590688
vt 0.983426 0.595786
vt 0.912256 0.647653
vt 0.912614 0.656834
vt 0.912469 0.670257
vt 0.904314 0.666145
vt 0.904196 0.647943
vt 0.912053 0.286859
vt 0.910947 0.297001
vt 0.909375 0.280242
vt 0.996885 0.054266
vt 0.987806 0.055237
vt 0.987817 0.051608
vt 0.913437 0.296486
vt 0.914903 0.288361
vt 0.915524 0.300630
vt 0.918673 0.300099
vt 0.917795 0.290810
vt 0.920575 0.296375
vt 0.917792 0.302897
vt 0.911349 0.302634
vt 0.986712 0.201313
vt 0.984030 0.200433
vt 0.981211 0.197677
vt 0.914667 0.302819
vt 0.984990 0.198190
vt 0.982680 0.196194
vt 0.979520 0.194285
vt 0.910621 0.303666
vt 0.979458 0.189605
vt 0.909191 0.300406
vt 0.908408 0.302814
vt 0.981172 0.185183
vt 0.983030 0.186431
vt 0.981615 0.189820
vt 0.981353 0.193306
vt 0.887002 0.704886
vt 0.886586 0.699491
vt 0.985176 0.168943
vt 0.976513 0.168288
vt 0.976057 0.165995
vt 0.978612 0.105561
vt 0.978564 0.084588
vt 0.987488 0.165568
vt 0.989122 0.164153
vt 0.986256 0.331408
vt 0.989486 0.333964
vt 0.986496 0.168826
vt 0.991289 0.162675
vt 0.282338 0.930354
vt 0.282359 0.937065
vt 0.285922 0.952548
vt 0.288764 0.957700
vt 0.973687 0.716075
vt 0.975995 0.718971
vt 0.973064 0.720956
vt 0.976136 0.721784
vt 0.918141 0.944407
vt 0.920337 0.945948
vt 0.914363 0.948643
vt 0.909603 0.945327
vt 0.908170 0.922907
vt 0.910136 0.927315
vt 0.900159 0.930407
vt 0.904970 0.932655
vt 0.902526 0.932287
vt 0.899676 0.927030
vt 0.903630 0.922486
vt 0.947586 0.174639
vt 0.937069 0.561634
vt 0.939816 0.559842
vt 0.942678 0.564324
vt 0.944924 0.172569
vt 0.940511 0.173200
vt 0.258019 0.900779
vt 0.254044 0.899000
vt 0.912535 0.970505
vt 0.894417 0.463074
vt 0.897290 0.463655
vt 0.894566 0.477423
vt 0.981137 0.878475
vt 0.980843 0.881878
vt 0.127003 0.984159
vt 0.999527 0.876923
vt 0.999783 0.880976
vt 0.897557 0.971243
vt 0.896170 0.969050
vt 0.898028 0.968471
vt 0.527404 0.863157
vt 0.529275 0.866943
vt 0.892702 0.947578
vt 0.888970 0.948241
vt 0.895771 0.938973
vt 0.078103 0.863878
vt 0.080564 0.870570
vt 0.077892 0.869209
vt 0.081088 0.866536
vt 0.906908 0.947437
vt 0.588063 0.877341
vt 0.040153 0.871611
vt 0.040609 0.866100
vt 0.044164 0.867498
vt 0.044017 0.872066
vt 0.816628 0.977262
vt 0.817826 0.979292
vt 0.814978 0.979878
vt 0.987557 0.095606
vt 0.530058 0.968248
vt 0.530130 0.981428
vt 0.528272 0.977980
vt 0.526589 0.984312
vt 0.074157 0.979286
vt 0.076640 0.975577
vt 0.075754 0.983921
vt 0.077940 0.982725
vt 0.078608 0.985139
vt 0.985937 0.184925
vt 0.985101 0.184336
vt 0.986003 0.181954
vt 0.890422 0.784196
vt 0.899416 0.782567
vt 0.899471 0.787324
vt 0.890491 0.788685
vt 0.985165 0.159612
vt 0.987813 0.159281
vt 0.985246 0.164748
vt 0.976524 0.713502
vt 0.290310 0.929931
vt 0.286428 0.934368
vt 0.295455 0.956432
vt 0.293222 0.958288
vt 0.972164 0.719145
vt 0.940618 0.168286
vt 0.944791 0.166698
vt 0.946732 0.170650
vt 0.942714 0.557928
vt 0.260459 0.898627
vt 0.326027 0.657418
vt 0.331369 0.649555
vt 0.321522 0.665374
vt 0.128745 0.981013
vt 0.124302 0.981202
vt 0.126228 0.978487
vt 0.299280 0.829991
vt 0.303738 0.832285
vt 0.299753 0.834603
vt 0.075907 0.865336
vt 0.072810 0.863843
vt 0.999322 0.873588
vt 0.996509 0.871936
vt 0.896141 0.965427
vt 0.531382 0.863076
vt 0.531686 0.865309
vt 0.074210 0.869007
vt 0.146844 0.967571
vt 0.144449 0.965791
vt 0.158880 0.960975
vt 0.898891 0.938508
vt 0.896141 0.938861
vt 0.585776 0.847382
vt 0.581883 0.845593
vt 0.583375 0.835738
vt 0.674695 0.018262
vt 0.677637 0.015975
vt 0.684346 0.012993
vt 0.076026 0.915873
vt 0.072287 0.897698
vt 0.075539 0.896944
vt 0.529685 0.917504
vt 0.533753 0.913908
vt 0.531671 0.926359
vt 0.845348 0.280190
vt 0.533963 0.976991
vt 0.070687 0.977227
vt 0.072761 0.983919
vt 0.074119 0.961973
vt 0.530940 0.984208
vt 0.533266 0.983888
vt 0.536045 0.982976
vt 0.536490 0.978009
vt 0.069189 0.984793
vt 0.992134 0.198630
vt 0.995148 0.199734
vt 0.991636 0.201313
vt 0.536981 0.984376
vt 0.995501 0.197003
vt 0.072330 0.985287
vt 0.821572 0.965627
vt 0.820521 0.968783
vt 0.818589 0.962774
vt 0.974177 0.711409
vt 0.991304 0.156925
vt 0.988080 0.155404
vt 0.290133 0.931709
vt 0.292158 0.934193
vt 0.298550 0.953532
vt 0.297385 0.948867
vt 0.299102 0.949298
vt 0.972128 0.713140
vt 0.925754 0.945820
vt 0.928299 0.945299
vt 0.924457 0.949735
vt 0.916460 0.925511
vt 0.920468 0.930993
vt 0.922826 0.928587
vt 0.912713 0.919719
vt 0.916957 0.922357
vt 0.937796 0.555059
vt 0.935850 0.558487
vt 0.935918 0.553060
vt 0.947612 0.165259
vt 0.940502 0.162146
vt 0.265733 0.932121
vt 0.265428 0.929722
vt 0.270787 0.928542
vt 0.898799 0.960057
vt 0.904827 0.960748
vt 0.060575 0.984953
vt 0.063359 0.982294
vt 0.065182 0.984962
vt 0.127318 0.975306
vt 0.123817 0.975301
vt 0.298619 0.932583
vt 0.297388 0.934483
vt 0.294187 0.930501
vt 0.585968 0.993903
vt 0.590485 0.992071
vt 0.589210 0.995617
vt 0.990916 0.868829
vt 0.994285 0.869131
vt 0.896640 0.961855
vt 0.535464 0.865515
vt 0.536117 0.872982
vt 0.060833 0.981554
vt 0.058238 0.985022
vt 0.054562 0.985248
vt 0.055878 0.981900
vt 0.052533 0.982509
vt 0.992446 0.624009
vt 0.983520 0.626487
vt 0.983425 0.620499
vt 0.053544 0.975268
vt 0.068689 0.863751
vt 0.071224 0.869876
vt 0.827755 0.991967
vt 0.825909 0.994167
vt 0.825913 0.990853
vt 0.828570 0.988769
vt 0.063219 0.923334
vt 0.058397 0.916691
vt 0.060922 0.915590
vt 0.071282 0.955459
vt 0.068766 0.946580
vt 0.069316 0.907834
vt 0.066666 0.956924
vt 0.068987 0.966652
vt 0.054444 0.874894
vt 0.056982 0.875498
vt 0.057296 0.886626
vt 0.957026 0.286283
vt 0.058941 0.870046
vt 0.060390 0.881932
vt 0.051749 0.870667
vt 0.049262 0.882638
vt 0.049821 0.865569
vt 0.055446 0.866531
vt 0.057756 0.865880
vt 0.052325 0.865231
vt 0.677397 0.303753
vt 0.678858 0.301659
vt 0.678858 0.305373
vt 0.612171 0.302466
vt 0.612934 0.305679
vt 0.611440 0.305679
vt 0.056903 0.863751
vt 0.053399 0.863920
vt 0.997144 0.189881
vt 0.998982 0.194002
vt 0.997099 0.193432
vt 0.066257 0.985180
vt 0.067084 0.983595
vt 0.049357 0.863965
vt 0.993973 0.182579
vt 0.995390 0.186053
vt 0.992499 0.184510
vt 0.989377 0.183262
vt 0.989663 0.181539
vt 0.997240 0.185477
vt 0.890415 0.772251
vt 0.899483 0.774585
vt 0.890367 0.777919
vt 0.986763 0.152331
vt 0.988315 0.150666
vt 0.978471 0.708523
vt 0.991011 0.153415
vt 0.302582 0.945154
vt 0.973110 0.706740
vt 0.971823 0.708904
vt 0.930081 0.939359
vt 0.927740 0.937086
vt 0.927022 0.176218
vt 0.929245 0.178544
vt 0.927393 0.181336
vt 0.924645 0.934937
vt 0.304206 0.575001
vt 0.305681 0.574980
vt 0.305506 0.578448
vt 0.303945 0.578111
vt 0.918594 0.920862
vt 0.923271 0.924476
vt 0.945479 0.161236
vt 0.946757 0.156933
vt 0.947665 0.159594
vt 0.930665 0.181464
vt 0.934065 0.177776
vt 0.934060 0.181496
vt 0.901129 0.957341
vt 0.912732 0.954229
vt 0.912538 0.959283
vt 0.270353 0.925702
vt 0.843182 0.948727
vt 0.844130 0.936561
vt 0.845299 0.954535
vt 0.590686 0.988482
vt 0.587608 0.990302
vt 0.987283 0.869040
vt 0.988247 0.867258
vt 0.588011 0.981921
vt 0.057848 0.977003
vt 0.061497 0.975257
vt 0.059238 0.962157
vt 0.068317 0.883462
vt 0.898701 0.212076
vt 0.903234 0.213410
vt 0.898473 0.218128
vt 0.260647 0.706917
vt 0.267298 0.718534
vt 0.261427 0.726681
vt 0.254196 0.734208
vt 0.251325 0.721503
vt 0.247594 0.694421
vt 0.978057 0.623648
vt 0.974778 0.629267
vt 0.976532 0.603412
vt 0.054055 0.886614
vt 0.053379 0.939059
vt 0.999180 0.189227
vt 0.978779 0.485040
vt 0.978998 0.480346
vt 0.987964 0.483702
vt 0.678288 0.301436
vt 0.676324 0.301659
vt 0.676993 0.297203
vt 0.387149 0.330506
vt 0.377720 0.335113
vt 0.386475 0.329898
vt 0.989991 0.486537
vt 0.991068 0.491215
vt 0.989424 0.491890
vt 0.992167 0.487071
vt 0.987890 0.487559
vt 0.676324 0.293131
vt 0.678942 0.294859
vt 0.304029 0.733402
vt 0.302373 0.729359
vt 0.304485 0.729014
vt 0.976921 0.698615
vt 0.975586 0.698592
vt 0.305869 0.739129
vt 0.302089 0.735146
vt 0.974408 0.702575
vt 0.990275 0.149840
vt 0.291605 0.928712
vt 0.295791 0.929700
vt 0.993092 0.490074
vt 0.297425 0.938540
vt 0.994403 0.486193
vt 0.300726 0.941706
vt 0.298801 0.943400
vt 0.300982 0.953060
vt 0.302507 0.949460
vt 0.972379 0.703277
vt 0.972622 0.699246
vt 0.929665 0.935199
vt 0.926742 0.172130
vt 0.929062 0.170192
vt 0.927252 0.929115
vt 0.928555 0.928426
vt 0.927491 0.165331
vt 0.929644 0.174325
vt 0.933839 0.159944
vt 0.930072 0.156151
vt 0.933550 0.156125
vt 0.944011 0.156125
vt 0.927880 0.160109
vt 0.927299 0.156156
vt 0.274377 0.908804
vt 0.269637 0.902584
vt 0.272576 0.905268
vt 0.273027 0.911552
vt 0.271379 0.908063
vt 0.275596 0.913247
vt 0.574432 0.984955
vt 0.574332 0.981459
vt 0.574481 0.989720
vt 0.273658 0.916359
vt 0.275596 0.919398
vt 0.273170 0.920197
vt 0.274126 0.923901
vt 0.992138 0.483707
vt 0.990183 0.481832
vt 0.987950 0.478678
vt 0.990634 0.478451
vt 0.305869 0.725653
vt 0.989705 0.473606
vt 0.991034 0.472731
vt 0.967150 0.288593
vt 0.301240 0.934513
vt 0.302202 0.937413
vt 0.993742 0.483218
vt 0.993283 0.479224
vt 0.994481 0.480228
vt 0.304065 0.944965
vt 0.304280 0.941881
vt 0.993491 0.475301
vt 0.993962 0.472723
vt 0.929941 0.165624
vt 0.931606 0.162472
vt 0.934065 0.165788
vt 0.957836 0.948981
vt 0.961610 0.947596
vt 0.957949 0.951363
vt 0.905529 0.224754
vt 0.904496 0.229511
vt 0.903633 0.223372
vt 0.953465 0.952891
vt 0.905699 0.218564
vt 0.903689 0.218482
vt 0.303244 0.856673
vt 0.305020 0.857363
vt 0.303419 0.861090
vt 0.932120 0.151206
vt 0.928276 0.146364
vt 0.932134 0.149131
vt 0.926742 0.141163
vt 0.928336 0.141350
vt 0.930794 0.143824
vt 0.926957 0.136281
vt 0.901928 0.227916
vt 0.902414 0.233260
vt 0.898482 0.231437
vt 0.904670 0.234163
vt 0.898803 0.236949
vt 0.898686 0.225964
vt 0.904137 0.939901
vt 0.299108 0.857080
vt 0.302470 0.850793
vt 0.304828 0.851443
vt 0.298435 0.853817
vt 0.303263 0.846753
vt 0.298346 0.847400
vt 0.305007 0.846043
vt 0.299360 0.843151
vt 0.303150 0.840927
vt 0.770231 0.285521
vt 0.772843 0.285939
vt 0.768519 0.289755
vt 0.765137 0.289290
vt 0.536388 0.924534
vt 0.536310 0.894780
vt 0.298444 0.860560
vt 0.824709 0.292581
vt 0.822975 0.289720
vt 0.831132 0.292612
vt 0.573115 0.979006
vt 0.574317 0.974788
vt 0.573350 0.982865
vt 0.298460 0.840238
vt 0.588312 0.947172
vt 0.589937 0.943608
vt 0.590134 0.950169
vt 0.586870 0.943603
vt 0.585988 0.947721
vt 0.587707 0.939522
vt 0.963742 0.943744
vt 0.960950 0.944416
vt 0.964149 0.939966
vt 0.952577 0.947091
vt 0.958394 0.942600
vt 0.948011 0.951747
vt 0.995018 0.872295
vt 0.945669 0.948443
vt 0.938886 0.949521
vt 0.305751 0.861871
vt 0.304641 0.865026
vt 0.931573 0.131485
vt 0.928369 0.131876
vt 0.305546 0.841586
vt 0.304082 0.837830
vt 0.305751 0.838016
vt 0.972291 0.253321
vt 0.975136 0.256037
vt 0.973216 0.256683
vt 0.942700 0.770790
vt 0.902884 0.238471
vt 0.903572 0.209554
vt 0.898473 0.208768
vt 0.921440 0.572221
vt 0.923629 0.572973
vt 0.922520 0.576955
vt 0.776161 0.278803
vt 0.194550 0.300815
vt 0.187071 0.302566
vt 0.203297 0.297972
vt 0.903428 0.754726
vt 0.567195 0.981910
vt 0.560541 0.977003
vt 0.573211 0.974357
vt 0.835790 0.288779
vt 0.831508 0.290270
vt 0.838978 0.286159
vt 0.838192 0.289597
vt 0.843349 0.284040
vt 0.840679 0.288030
vt 0.281742 0.976299
vt 0.291964 0.974544
vt 0.292115 0.980355
vt 0.285119 0.971499
vt 0.291921 0.968507
vt 0.962406 0.232397
vt 0.278203 0.972184
vt 0.276992 0.974905
vt 0.287081 0.507091
vt 0.283562 0.507482
vt 0.978753 0.269996
vt 0.978739 0.263585
vt 0.987864 0.267253
vt 0.912081 0.777008
vt 0.912046 0.782282
vt 0.902872 0.778889
vt 0.903025 0.784105
vt 0.903031 0.774876
vt 0.347666 0.552465
vt 0.358584 0.562005
vt 0.589953 0.954231
vt 0.588413 0.951406
vt 0.588925 0.935180
vt 0.590454 0.932284
vt 0.585835 0.956357
vt 0.583290 0.957778
vt 0.581899 0.954676
vt 0.578741 0.955320
vt 0.950826 0.180574
vt 0.949857 0.177813
vt 0.951833 0.175583
vt 0.663518 0.303523
vt 0.660869 0.305268
vt 0.661651 0.299920
vt 0.951738 0.170417
vt 0.949309 0.173231
vt 0.550552 0.539182
vt 0.554495 0.536121
vt 0.982467 0.826064
vt 0.984377 0.824586
vt 0.987672 0.828654
vt 0.952837 0.162174
vt 0.952060 0.167479
vt 0.950619 0.163048
vt 0.950755 0.157728
vt 0.953240 0.159081
vt 0.586709 0.952880
vt 0.585835 0.951003
vt 0.175634 0.958429
vt 0.178141 0.958886
vt 0.178533 0.960982
vt 0.173901 0.957543
vt 0.171457 0.951937
vt 0.173001 0.953053
vt 0.176682 0.955776
vt 0.184361 0.959565
vt 0.182475 0.957197
vt 0.585835 0.939422
vt 0.182416 0.962836
vt 0.186750 0.962129
vt 0.586569 0.935799
vt 0.978452 0.928569
vt 0.191471 0.960120
vt 0.190410 0.958717
vt 0.587508 0.931797
vt 0.194984 0.959088
vt 0.194827 0.960322
vt 0.190437 0.962151
vt 0.947665 0.177099
vt 0.947665 0.171231
vt 0.921921 0.779658
vt 0.927310 0.781397
vt 0.921812 0.781564
vt 0.927762 0.784976
vt 0.924656 0.783628
vt 0.930317 0.784071
vt 0.960750 0.412747
vt 0.931711 0.782896
vt 0.948809 0.168148
vt 0.948856 0.161785
vt 0.948237 0.165584
vt 0.931582 0.780886
vt 0.949028 0.158388
vt 0.974447 0.250563
vt 0.875196 0.666157
vt 0.937298 0.952482
vt 0.934805 0.950068
vt 0.939116 0.952073
vt 0.932153 0.946000
vt 0.919999 0.568852
vt 0.921469 0.567775
vt 0.944076 0.154773
vt 0.940883 0.155961
vt 0.937559 0.153893
vt 0.937712 0.148292
vt 0.941020 0.152449
vt 0.938672 0.146291
vt 0.934590 0.140348
vt 0.305076 0.834603
vt 0.932488 0.126595
vt 0.929981 0.127558
vt 0.979177 0.251638
vt 0.918474 0.572931
vt 0.913200 0.571019
vt 0.917373 0.567853
vt 0.913024 0.566924
vt 0.302819 0.835603
vt 0.299544 0.837694
vt 0.298699 0.834890
vt 0.947556 0.572610
vt 0.949171 0.574367
vt 0.947022 0.576387
vt 0.756024 0.292638
vt 0.758477 0.290567
vt 0.762357 0.292567
vt 0.755235 0.290309
vt 0.946983 0.532610
vt 0.949651 0.526995
vt 0.949765 0.541627
vt 0.248698 0.980773
vt 0.240818 0.985857
vt 0.240879 0.980990
vt 0.912626 0.518575
vt 0.814664 0.282901
vt 0.814464 0.286457
vt 0.811443 0.280935
vt 0.951559 0.084368
vt 0.905128 0.062053
vt 0.905781 0.066681
vt 0.454342 0.991285
vt 0.458010 0.863093
vt 0.462641 0.991503
vt 0.591270 0.634936
vt 0.592044 0.629508
vt 0.592044 0.644649
vt 0.559609 0.984511
vt 0.558788 0.980085
vt 0.272305 0.878893
vt 0.254551 0.977765
vt 0.254985 0.980886
vt 0.979680 0.223184
vt 0.975658 0.221807
vt 0.979681 0.217614
vt 0.277998 0.978430
vt 0.275729 0.976455
vt 0.901574 0.996820
vt 0.900402 0.994494
vt 0.905785 0.996777
vt 0.275596 0.970780
vt 0.277432 0.968973
vt 0.903490 0.994642
vt 0.281886 0.967396
vt 0.277017 0.966118
vt 0.912427 0.994181
vt 0.914625 0.995037
vt 0.910384 0.997370
vt 0.278287 0.962274
vt 0.282259 0.962441
vt 0.999142 0.859124
vt 0.999329 0.862793
vt 0.996897 0.862815
vt 0.556854 0.980911
vt 0.996154 0.866431
vt 0.993286 0.865346
vt 0.044317 0.863803
vt 0.038916 0.863827
vt 0.556854 0.973198
vt 0.559492 0.975191
vt 0.556889 0.976702
vt 0.558699 0.969421
vt 0.971419 0.579870
vt 0.974604 0.579753
vt 0.972177 0.587177
vt 0.971453 0.577070
vt 0.976348 0.577111
vt 0.588661 0.635573
vt 0.590492 0.636373
vt 0.968255 0.579776
vt 0.045800 0.865627
vt 0.036638 0.866625
vt 0.036070 0.874955
vt 0.034299 0.870039
vt 0.981826 0.584562
vt 0.049262 0.877581
vt 0.046205 0.876039
vt 0.048083 0.869536
vt 0.043335 0.884072
vt 0.281839 0.667960
vt 0.281910 0.683007
vt 0.281736 0.693316
vt 0.277593 0.691622
vt 0.277202 0.678937
vt 0.277333 0.665131
vt 0.175669 0.888689
vt 0.044766 0.343457
vt 0.039672 0.350135
vt 0.032345 0.356887
vt 0.862459 0.088140
vt 0.864580 0.093083
vt 0.866833 0.105114
vt 0.909001 0.436711
vt 0.905096 0.446528
vt 0.904388 0.426610
vt 0.042458 0.902211
vt 0.037801 0.913658
vt 0.039781 0.891186
vt 0.949519 0.442967
vt 0.946501 0.472794
vt 0.946074 0.444073
vt 0.040071 0.914979
vt 0.980594 0.633243
vt 0.978094 0.638406
vt 0.655533 0.301375
vt 0.657392 0.302522
vt 0.654854 0.305847
vt 0.045190 0.261937
vt 0.038202 0.254383
vt 0.050532 0.266398
vt 0.515922 0.970764
vt 0.516993 0.951437
vt 0.519154 0.968602
vt 0.848069 0.982998
vt 0.226061 0.898512
vt 0.222314 0.896517
vt 0.226289 0.896409
vt 0.839306 0.966041
vt 0.835552 0.968650
vt 0.837435 0.962698
vt 0.977560 0.678290
vt 0.974160 0.685550
vt 0.976138 0.671397
vt 0.975085 0.693013
vt 0.977719 0.690829
vt 0.980719 0.698034
vt 0.977552 0.696982
vt 0.302115 0.771902
vt 0.644131 0.282125
vt 0.641626 0.286644
vt 0.641405 0.279561
vt 0.044197 0.983730
vt 0.041641 0.982225
vt 0.044006 0.978605
vt 0.826501 0.987179
vt 0.825830 0.983732
vt 0.828355 0.984146
vt 0.977686 0.698407
vt 0.987899 0.262851
vt 0.822184 0.996680
vt 0.822584 0.994336
vt 0.972868 0.698438
vt 0.974943 0.697357
vt 0.972509 0.696540
vt 0.987971 0.259612
vt 0.978756 0.259760
vt 0.757251 0.995167
vt 0.760147 0.997258
vt 0.755467 0.996631
vt 0.760504 0.994969
vt 0.044070 0.985227
vt 0.046670 0.984903
vt 0.751367 0.993272
vt 0.753618 0.993102
vt 0.039900 0.985232
vt 0.039179 0.983499
vt 0.751886 0.989443
vt 0.749591 0.989568
vt 0.036433 0.984985
vt 0.978839 0.256894
vt 0.910429 0.446330
vt 0.909751 0.462346
vt 0.909272 0.456240
vt 0.909341 0.443963
vt 0.910091 0.439539
vt 0.915916 0.035881
vt 0.916290 0.022564
vt 0.916678 0.036329
vt 0.975685 0.513792
vt 0.973795 0.515127
vt 0.973967 0.509722
vt 0.976597 0.508680
vt 0.989896 0.078803
vt 0.991891 0.080354
vt 0.990161 0.084588
vt 0.663809 0.297272
vt 0.660869 0.296027
vt 0.984413 0.812493
vt 0.980867 0.816901
vt 0.982028 0.812502
vt 0.983033 0.816688
vt 0.953600 0.156125
vt 0.973683 0.305392
vt 0.974582 0.301863
vt 0.976290 0.302948
vt 0.978102 0.511862
vt 0.976909 0.516721
vt 0.173902 0.947107
vt 0.178127 0.954377
vt 0.176199 0.948957
vt 0.189177 0.957099
vt 0.889145 0.005598
vt 0.194285 0.955887
vt 0.590423 0.929695
vt 0.235870 0.951795
vt 0.239322 0.954357
vt 0.236599 0.956472
vt 0.916792 0.777888
vt 0.918896 0.781533
vt 0.915230 0.777797
vt 0.992888 0.083511
vt 0.914065 0.773587
vt 0.988979 0.451438
vt 0.981777 0.455825
vt 0.975319 0.453702
vt 0.919566 0.774113
vt 0.927296 0.779310
vt 0.922797 0.777958
vt 0.588718 0.769596
vt 0.575271 0.762412
vt 0.575244 0.746262
vt 0.587997 0.748218
vt 0.589052 0.757794
vt 0.940110 0.777025
vt 0.941064 0.776994
vt 0.938479 0.781323
vt 0.679989 0.305415
vt 0.678942 0.303806
vt 0.679989 0.301071
vt 0.972311 0.301700
vt 0.939043 0.945576
vt 0.950018 0.154817
vt 0.945864 0.156125
vt 0.950469 0.152498
vt 0.945288 0.149866
vt 0.946802 0.147039
vt 0.956145 0.487639
vt 0.958134 0.471108
vt 0.958589 0.519938
vt 0.938269 0.124964
vt 0.919745 0.566157
vt 0.919176 0.570372
vt 0.923069 0.563209
vt 0.924005 0.568608
vt 0.920975 0.563465
vt 0.942808 0.574546
vt 0.942752 0.570211
vt 0.947256 0.567590
vt 0.949214 0.566601
vt 0.240870 0.978138
vt 0.240994 0.972801
vt 0.249187 0.975443
vt 0.982861 0.468209
vt 0.988909 0.465876
vt 0.988979 0.471757
vt 0.540639 0.982752
vt 0.540477 0.978428
vt 0.547474 0.981020
vt 0.974368 0.468208
vt 0.973994 0.463851
vt 0.256014 0.973698
vt 0.257349 0.975716
vt 0.910062 0.995900
vt 0.908391 0.994981
vt 0.914969 0.991348
vt 0.538420 0.979085
vt 0.993191 0.034129
vt 0.994915 0.034879
vt 0.992320 0.037989
vt 0.991703 0.867258
vt 0.988101 0.865199
vt 0.996770 0.850975
vt 0.999282 0.855483
vt 0.995751 0.852071
vt 0.509064 0.865948
vt 0.505881 0.866100
vt 0.507897 0.863334
vt 0.506728 0.870955
vt 0.510482 0.863319
vt 0.512561 0.865968
vt 0.509569 0.873368
vt 0.979401 0.577010
vt 0.979069 0.579801
vt 0.968254 0.577010
vt 0.493796 0.981218
vt 0.493534 0.984514
vt 0.491178 0.981864
vt 0.082330 0.863751
vt 0.086189 0.863774
vt 0.082200 0.865618
vt 0.034586 0.863751
vt 0.832412 0.962471
vt 0.834615 0.959860
vt 0.085546 0.873910
vt 0.082652 0.869605
vt 0.086020 0.866581
vt 0.513180 0.883273
vt 0.511673 0.889800
vt 0.831876 0.952833
vt 0.834626 0.947284
vt 0.157773 0.585306
vt 0.169405 0.586810
vt 0.150597 0.588813
vt 0.086645 0.912682
vt 0.919732 0.951112
vt 0.492887 0.888135
vt 0.489365 0.892541
vt 0.491291 0.878318
vt 0.512283 0.964960
vt 0.509590 0.965861
vt 0.509643 0.946161
vt 0.860346 0.275845
vt 0.493035 0.870358
vt 0.971220 0.681079
vt 0.972158 0.690933
vt 0.970003 0.691257
vt 0.969176 0.683225
vt 0.043629 0.970600
vt 0.045733 0.971732
vt 0.159641 0.306209
vt 0.142967 0.306209
vt 0.131427 0.304810
vt 0.490425 0.870337
vt 0.046804 0.979680
vt 0.039161 0.973892
vt 0.036580 0.977609
vt 0.512384 0.984504
vt 0.509608 0.984347
vt 0.511935 0.980815
vt 0.979759 0.693734
vt 0.510041 0.980020
vt 0.970021 0.696468
vt 0.968033 0.698072
vt 0.491137 0.863440
vt 0.835126 0.849049
vt 0.833861 0.854850
vt 0.832505 0.847519
vt 0.835769 0.853284
vt 0.826451 0.980809
vt 0.815752 0.994411
vt 0.819146 0.995285
vt 0.818061 0.997178
vt 0.622393 0.304756
vt 0.620414 0.303951
vt 0.622393 0.302466
vt 0.814438 0.996435
vt 0.085533 0.985124
vt 0.083554 0.984912
vt 0.086377 0.982778
vt 0.616998 0.305084
vt 0.616998 0.302466
vt 0.618765 0.303255
vt 0.983559 0.633513
vt 0.992555 0.629318
vt 0.992702 0.631786
vt 0.983501 0.630298
vt 0.975216 0.504486
vt 0.991065 0.237902
vt 0.989115 0.238298
vt 0.985570 0.232519
vt 0.578869 0.952090
vt 0.575963 0.952320
vt 0.576730 0.948355
vt 0.574332 0.947852
vt 0.237889 0.950353
vt 0.239785 0.950324
vt 0.992310 0.075316
vt 0.697410 0.293131
vt 0.699750 0.293131
vt 0.698079 0.297432
vt 0.976198 0.299641
vt 0.984270 0.808863
vt 0.987672 0.808610
vt 0.974508 0.296895
vt 0.977904 0.505166
vt 0.978977 0.505041
vt 0.172006 0.945026
vt 0.193503 0.953515
vt 0.196961 0.950487
vt 0.197010 0.955070
vt 0.200384 0.950084
vt 0.198800 0.955229
vt 0.199221 0.944538
vt 0.993842 0.079438
vt 0.914655 0.768351
vt 0.917496 0.774339
vt 0.972291 0.297666
vt 0.937193 0.777604
vt 0.939400 0.771158
vt 0.956778 0.928922
vt 0.959038 0.935044
vt 0.935100 0.938453
vt 0.951238 0.147138
vt 0.955926 0.146383
vt 0.935224 0.133755
vt 0.978512 0.242536
vt 0.979237 0.246827
vt 0.917417 0.561043
vt 0.919432 0.560540
vt 0.289398 0.379931
vt 0.288698 0.371155
vt 0.289540 0.356578
vt 0.291716 0.360493
vt 0.291982 0.372429
vt 0.291730 0.383457
vt 0.927385 0.559114
vt 0.926625 0.564121
vt 0.747492 0.289035
vt 0.744603 0.285754
vt 0.751250 0.291146
vt 0.746584 0.284431
vt 0.750371 0.287998
vt 0.248754 0.970921
vt 0.240974 0.967677
vt 0.771017 0.262632
vt 0.768691 0.263425
vt 0.762637 0.260332
vt 0.554324 0.975107
vt 0.554298 0.981746
vt 0.548635 0.977303
vt 0.766566 0.259362
vt 0.810860 0.272169
vt 0.812923 0.277072
vt 0.813287 0.271654
vt 0.978616 0.026351
vt 0.942714 0.563429
vt 0.843555 0.276649
vt 0.845348 0.271762
vt 0.845348 0.278869
vt 0.255043 0.969811
vt 0.897839 0.989404
vt 0.900799 0.984129
vt 0.899615 0.989314
vt 0.515799 0.863207
vt 0.896558 0.987039
vt 0.899528 0.983197
vt 0.257262 0.969292
vt 0.913327 0.988979
vt 0.914969 0.986891
vt 0.538044 0.974649
vt 0.541140 0.973818
vt 0.091520 0.863832
vt 0.089430 0.867692
vt 0.993408 0.026134
vt 0.995013 0.029995
vt 0.991170 0.848606
vt 0.995139 0.848073
vt 0.496658 0.984428
vt 0.495919 0.976492
vt 0.499299 0.984333
vt 0.840755 0.968558
vt 0.088617 0.875916
vt 0.837783 0.949473
vt 0.840476 0.956029
vt 0.496577 0.953685
vt 0.497970 0.964254
vt 0.493498 0.970486
vt 0.492083 0.953815
vt 0.494076 0.945617
vt 0.288994 0.817690
vt 0.944380 0.070584
vt 0.946396 0.071513
vt 0.836230 0.917370
vt 0.840176 0.917493
vt 0.836391 0.934652
vt 0.456003 0.002282
vt 0.473285 0.000713
vt 0.487794 0.003095
vt 0.509298 0.008848
vt 0.497665 0.013829
vt 0.480779 0.010316
vt 0.468127 0.008874
vt 0.452191 0.008685
vt 0.430217 0.005813
vt 0.495271 0.885643
vt 0.496079 0.872651
vt 0.516519 0.979748
vt 0.836100 0.860730
vt 0.839963 0.856769
vt 0.838457 0.864484
vt 0.838768 0.849609
vt 0.514972 0.982229
vt 0.518784 0.984439
vt 0.495102 0.863185
vt 0.496267 0.865876
vt 0.089739 0.983730
vt 0.088028 0.975433
vt 0.823495 0.978341
vt 0.823861 0.981157
vt 0.515559 0.984448
vt 0.089384 0.985190
vt 0.092861 0.985201
vt 0.750490 0.982512
vt 0.751203 0.985732
vt 0.749416 0.985904
vt 0.585482 0.870463
vt 0.753291 0.981829
vt 0.996735 0.047493
vt 0.987812 0.047758
vt 0.987195 0.291589
vt 0.987661 0.294275
vt 0.978566 0.295017
vt 0.575911 0.944289
vt 0.574417 0.942392
vt 0.238913 0.945838
vt 0.240494 0.944969
vt 0.989741 0.072971
vt 0.976298 0.294899
vt 0.978447 0.296396
vt 0.977629 0.501310
vt 0.177802 0.943150
vt 0.176481 0.941490
vt 0.174730 0.940156
vt 0.979138 0.256894
vt 0.195304 0.947816
vt 0.235682 0.946834
vt 0.994011 0.073451
vt 0.918737 0.767626
vt 0.917071 0.767473
vt 0.913941 0.767557
vt 0.941319 0.765878
vt 0.958629 0.926701
vt 0.960457 0.925587
vt 0.963853 0.931775
vt 0.390249 0.604192
vt 0.384170 0.606420
vt 0.395742 0.601816
vt 0.935368 0.929676
vt 0.933575 0.944063
vt 0.930225 0.936305
vt 0.956079 0.140982
vt 0.951904 0.142821
vt 0.943111 0.121664
vt 0.948650 0.122795
vt 0.972828 0.238582
vt 0.912693 0.556661
vt 0.912934 0.561792
vt 0.919836 0.556370
vt 0.923244 0.557025
vt 0.921248 0.558820
vt 0.926824 0.556253
vt 0.947278 0.561709
vt 0.942845 0.557017
vt 0.811447 0.269307
vt 0.880610 0.325219
vt 0.880078 0.305855
vt 0.881074 0.323833
vt 0.842886 0.271240
vt 0.240818 0.962847
vt 0.252634 0.966899
vt 0.872473 0.199683
vt 0.870583 0.205661
vt 0.871164 0.193988
vt 0.539415 0.970521
vt 0.546523 0.969393
vt 0.585376 0.904248
vt 0.582599 0.877162
vt 0.913262 0.986329
vt 0.988651 0.024988
vt 0.985830 0.862167
vt 0.983285 0.861505
vt 0.984189 0.864532
vt 0.990942 0.021500
vt 0.994716 0.024167
vt 0.972472 0.459885
vt 0.975423 0.459904
vt 0.974454 0.456518
vt 0.972573 0.455419
vt 0.500138 0.975276
vt 0.503776 0.980479
vt 0.093862 0.869399
vt 0.095671 0.867244
vt 0.826419 0.968561
vt 0.828136 0.964925
vt 0.830256 0.968524
vt 0.842819 0.964029
vt 0.845384 0.968630
vt 0.846492 0.962589
vt 0.520100 0.870361
vt 0.093112 0.875872
vt 0.255366 0.529622
vt 0.839948 0.936859
vt 0.985323 0.036453
vt 0.520163 0.943436
vt 0.862314 0.909811
vt 0.862314 0.932950
vt 0.859836 0.911209
vt 0.856175 0.889668
vt 0.043121 0.948874
vt 0.045655 0.932758
vt 0.265846 0.739311
vt 0.259947 0.752478
vt 0.927495 0.532136
vt 0.925781 0.529825
vt 0.923667 0.490592
vt 0.858052 0.868378
vt 0.854384 0.872175
vt 0.851073 0.861755
vt 0.852895 0.858036
vt 0.710974 0.577010
vt 0.727415 0.577170
vt 0.704608 0.579256
vt 0.528149 0.016674
vt 0.515828 0.010659
vt 0.912066 0.992262
vt 0.498383 0.877378
vt 0.519437 0.980274
vt 0.500393 0.865652
vt 0.501104 0.877450
vt 0.850036 0.849995
vt 0.851427 0.853335
vt 0.093499 0.978661
vt 0.090557 0.978417
vt 0.091400 0.968741
vt 0.842201 0.852404
vt 0.844696 0.848875
vt 0.843276 0.859474
vt 0.521332 0.984312
vt 0.856549 0.852165
vt 0.859227 0.847319
vt 0.859759 0.851475
vt 0.854853 0.849588
vt 0.852411 0.847475
vt 0.849254 0.847428
vt 0.848110 0.857135
vt 0.500646 0.863076
vt 0.498136 0.863129
vt 0.093098 0.983750
vt 0.095656 0.983886
vt 0.826169 0.853767
vt 0.823645 0.853505
vt 0.824685 0.848453
vt 0.841869 0.847379
vt 0.560318 0.542355
vt 0.558964 0.542493
vt 0.570001 0.527865
vt 0.856665 0.847142
vt 0.096754 0.985144
vt 0.769273 0.988986
vt 0.767553 0.988310
vt 0.769273 0.985826
vt 0.824632 0.847142
vt 0.827076 0.848698
vt 0.766964 0.983461
vt 0.978618 0.070830
vt 0.978443 0.068099
vt 0.987689 0.069320
vt 0.838571 0.847260
vt 0.754542 0.978335
vt 0.751955 0.980111
vt 0.987601 0.288475
vt 0.978447 0.289875
vt 0.974771 0.500047
vt 0.968906 0.456206
vt 0.970763 0.451963
vt 0.975909 0.496010
vt 0.576983 0.938396
vt 0.239761 0.940456
vt 0.237778 0.940504
vt 0.216628 0.013743
vt 0.189029 0.004336
vt 0.204268 0.008617
vt 0.682957 0.305470
vt 0.680560 0.303646
vt 0.682957 0.300270
vt 0.975356 0.290963
vt 0.978421 0.291253
vt 0.976878 0.289643
vt 0.189283 0.939415
vt 0.193542 0.942399
vt 0.196357 0.943518
vt 0.235780 0.942817
vt 0.236311 0.938902
vt 0.914175 0.763558
vt 0.916918 0.760430
vt 0.920188 0.761796
vt 0.922009 0.762675
vt 0.973099 0.291183
vt 0.942700 0.765815
vt 0.942700 0.772488
vt 0.938025 0.764240
vt 0.954650 0.921348
vt 0.972291 0.232519
vt 0.949216 0.922861
vt 0.949937 0.926528
vt 0.938275 0.928693
vt 0.931867 0.930918
vt 0.917539 0.552299
vt 0.919836 0.551063
vt 0.919999 0.556447
vt 0.920909 0.552718
vt 0.959518 0.143836
vt 0.955688 0.150330
vt 0.958725 0.148058
vt 0.953112 0.135798
vt 0.955317 0.133941
vt 0.951640 0.129289
vt 0.950030 0.560669
vt 0.947916 0.557294
vt 0.950367 0.555289
vt 0.912280 0.551542
vt 0.923084 0.553232
vt 0.921220 0.549328
vt 0.927369 0.552212
vt 0.978443 0.021540
vt 0.895627 0.425084
vt 0.893375 0.423482
vt 0.894997 0.414403
vt 0.097257 0.953724
vt 0.096754 0.968126
vt 0.995738 0.901040
vt 0.961418 0.747701
vt 0.952964 0.747230
vt 0.987700 0.293101
vt 0.099305 0.881577
vt 0.906570 0.981373
vt 0.911645 0.981677
vt 0.910458 0.982530
vt 0.904957 0.979415
vt 0.541377 0.967558
vt 0.963065 0.749389
vt 0.980843 0.859258
vt 0.963344 0.745783
vt 0.986651 0.849606
vt 0.983256 0.850907
vt 0.961984 0.739032
vt 0.963389 0.741796
vt 0.980924 0.855613
vt 0.973860 0.452110
vt 0.860725 0.961146
vt 0.859255 0.968510
vt 0.855795 0.964476
vt 0.855962 0.968376
vt 0.852014 0.968554
vt 0.850240 0.964720
vt 0.824332 0.965924
vt 0.825147 0.959398
vt 0.858612 0.953235
vt 0.830676 0.962844
vt 0.829177 0.954997
vt 0.854382 0.956189
vt 0.866479 0.535700
vt 0.863509 0.537178
vt 0.863942 0.532651
vt 0.867790 0.531475
vt 0.861163 0.939814
vt 0.862030 0.949944
vt 0.402597 0.585534
vt 0.387116 0.580351
vt 0.384512 0.577092
vt 0.575091 0.623139
vt 0.575944 0.617256
vt 0.575610 0.631626
vt 0.856492 0.925442
vt 0.825211 0.913937
vt 0.825511 0.895146
vt 0.821432 0.865556
vt 0.819145 0.863476
vt 0.816398 0.859862
vt 0.877088 0.160812
vt 0.874150 0.166285
vt 0.818665 0.849328
vt 0.821058 0.852294
vt 0.820972 0.848584
vt 0.812566 0.979224
vt 0.808767 0.985358
vt 0.812084 0.983048
vt 0.809752 0.981756
vt 0.810715 0.986336
vt 0.275596 0.996229
vt 0.276185 0.993845
vt 0.284902 0.997036
vt 0.819453 0.847418
vt 0.763137 0.979954
vt 0.766181 0.979793
vt 0.768633 0.982838
vt 0.816968 0.849188
vt 0.816038 0.847470
vt 0.761504 0.977362
vt 0.275754 0.984858
vt 0.278468 0.987410
vt 0.275771 0.990018
vt 0.756043 0.979965
vt 0.757915 0.977262
vt 0.759565 0.978927
vt 0.987662 0.285228
vt 0.978562 0.285084
vt 0.886132 0.983144
vt 0.885283 0.980074
vt 0.894484 0.978394
vt 0.987672 0.065432
vt 0.284990 0.993949
vt 0.275596 0.982017
vt 0.284924 0.982333
vt 0.978501 0.281271
vt 0.658369 0.300357
vt 0.659622 0.297199
vt 0.660869 0.300468
vt 0.657392 0.296027
vt 0.575038 0.937918
vt 0.577136 0.934295
vt 0.581012 0.933534
vt 0.237530 0.934784
vt 0.239753 0.936479
vt 0.848202 0.300885
vt 0.848292 0.305204
vt 0.846240 0.301877
vt 0.850494 0.305300
vt 0.976586 0.285802
vt 0.974438 0.285471
vt 0.978977 0.497660
vt 0.978416 0.494254
vt 0.178420 0.936460
vt 0.174939 0.938137
vt 0.177834 0.935344
vt 0.185866 0.936127
vt 0.181841 0.939375
vt 0.180704 0.937700
vt 0.192774 0.939116
vt 0.199525 0.942190
vt 0.196292 0.938361
vt 0.191719 0.935748
vt 0.235510 0.934752
vt 0.200355 0.946049
vt 0.919824 0.759605
vt 0.993857 0.066059
vt 0.926524 0.760579
vt 0.924384 0.758123
vt 0.930547 0.758868
vt 0.931924 0.761254
vt 0.936299 0.764923
vt 0.934593 0.760588
vt 0.935208 0.758551
vt 0.940332 0.762159
vt 0.972291 0.287065
vt 0.941096 0.923614
vt 0.945962 0.920613
vt 0.940460 0.921809
vt 0.933196 0.925940
vt 0.936223 0.924539
vt 0.918314 0.546209
vt 0.960827 0.144559
vt 0.961169 0.138581
vt 0.959119 0.138155
vt 0.954844 0.124286
vt 0.950662 0.121664
vt 0.954429 0.126754
vt 0.948427 0.553163
vt 0.974409 0.232519
vt 0.972712 0.229024
vt 0.975313 0.227427
vt 0.916810 0.548537
vt 0.912303 0.546407
vt 0.916381 0.544532
vt 0.305103 0.822042
vt 0.303628 0.827344
vt 0.304486 0.816514
vt 0.923857 0.549295
vt 0.973462 0.204971
vt 0.974777 0.201005
vt 0.976099 0.205234
vt 0.979200 0.203055
vt 0.972291 0.199338
vt 0.946706 0.550838
vt 0.942714 0.550798
vt 0.744037 0.279506
vt 0.741311 0.276821
vt 0.743645 0.272430
vt 0.741398 0.272702
vt 0.980991 0.892634
vt 0.987981 0.894664
vt 0.980843 0.886254
vt 0.750596 0.259588
vt 0.750870 0.261962
vt 0.746339 0.262856
vt 0.554515 0.964133
vt 0.554410 0.969974
vt 0.979458 0.207094
vt 0.947028 0.744380
vt 0.946904 0.735026
vt 0.954089 0.737255
vt 0.947054 0.738384
vt 0.834889 0.261569
vt 0.838060 0.260810
vt 0.837740 0.263343
vt 0.946831 0.732441
vt 0.981854 0.449686
vt 0.284969 0.985300
vt 0.298423 0.974788
vt 0.300986 0.972624
vt 0.300091 0.977215
vt 0.698130 0.299546
vt 0.701137 0.299546
vt 0.700496 0.303376
vt 0.298429 0.970442
vt 0.299907 0.968603
vt 0.301579 0.967664
vt 0.698130 0.302239
vt 0.696388 0.303941
vt 0.696388 0.299546
vt 0.300767 0.963422
vt 0.298423 0.966061
vt 0.894645 0.983127
vt 0.583268 0.929695
vt 0.585835 0.931329
vt 0.580108 0.931559
vt 0.239706 0.933189
vt 0.918607 0.374629
vt 0.919970 0.379885
vt 0.918215 0.388636
vt 0.272836 0.818395
vt 0.270969 0.814629
vt 0.274513 0.816077
vt 0.981260 0.241652
vt 0.981599 0.246163
vt 0.979237 0.242695
vt 0.983435 0.242519
vt 0.847606 0.296228
vt 0.845348 0.296522
vt 0.981814 0.233690
vt 0.983708 0.232535
vt 0.983203 0.237070
vt 0.981469 0.237401
vt 0.303768 0.978061
vt 0.301297 0.980344
vt 0.301674 0.976210
vt 0.183214 0.934223
vt 0.303840 0.973348
vt 0.188041 0.933365
vt 0.192890 0.934825
vt 0.304512 0.959441
vt 0.303680 0.963073
vt 0.302465 0.958288
vt 0.923277 0.756653
vt 0.920808 0.756806
vt 0.984437 0.249008
vt 0.982103 0.251774
vt 0.984501 0.245044
vt 0.924690 0.755262
vt 0.930595 0.755423
vt 0.985525 0.239199
vt 0.937464 0.758691
vt 0.935077 0.756915
vt 0.985489 0.234801
vt 0.972578 0.283053
vt 0.974505 0.282042
vt 0.985570 0.232519
vt 0.973431 0.218993
vt 0.973036 0.224253
vt 0.972291 0.220687
vt 0.944015 0.919719
vt 0.972291 0.210332
vt 0.974658 0.213054
vt 0.972396 0.215057
vt 0.973513 0.207094
vt 0.688784 0.290982
vt 0.688338 0.293131
vt 0.683429 0.293116
vt 0.681676 0.290837
vt 0.677506 0.291890
vt 0.676312 0.289278
vt 0.672632 0.289218
vt 0.670207 0.284377
vt 0.670605 0.286494
vt 0.304873 0.813351
vt 0.303463 0.809404
vt 0.305833 0.811869
vt 0.958752 0.131638
vt 0.960609 0.132757
vt 0.958303 0.127761
vt 0.856504 0.398313
vt 0.851305 0.385558
vt 0.854194 0.390250
vt 0.975170 0.216854
vt 0.975448 0.208463
vt 0.979527 0.207447
vt 0.979755 0.212177
vt 0.305688 0.827735
vt 0.298346 0.814342
vt 0.301774 0.814287
vt 0.899973 0.674525
vt 0.900360 0.688890
vt 0.892807 0.687795
vt 0.891994 0.674210
vt 0.979170 0.198291
vt 0.973963 0.196742
vt 0.974618 0.191381
vt 0.972712 0.193575
vt 0.976370 0.195393
vt 0.972761 0.188135
vt 0.979100 0.191063
vt 0.297551 0.564440
vt 0.299466 0.565482
vt 0.298351 0.574476
vt 0.975494 0.186408
vt 0.948885 0.549295
vt 0.743016 0.267323
vt 0.746026 0.266777
vt 0.780392 0.283371
vt 0.112439 0.974932
vt 0.158789 0.964498
vt 0.158723 0.970187
vt 0.979458 0.195362
vt 0.833474 0.258533
vt 0.831336 0.260371
vt 0.828925 0.257769
vt 0.210199 0.977717
vt 0.210684 0.972063
vt 0.211402 0.978712
vt 0.208040 0.970667
vt 0.210851 0.968263
vt 0.208644 0.966678
vt 0.209795 0.982558
vt 0.207467 0.980661
vt 0.208686 0.985177
vt 0.207668 0.975097
vt 0.270024 0.953447
vt 0.266265 0.957558
vt 0.269785 0.950024
vt 0.206435 0.980334
vt 0.206233 0.972030
vt 0.206599 0.966856
vt 0.695427 0.288931
vt 0.692310 0.291385
vt 0.695478 0.285562
vt 0.678754 0.286060
vt 0.474540 0.305388
vt 0.462188 0.305855
vt 0.487752 0.302970
vt 0.305072 0.806108
vt 0.667213 0.278076
vt 0.969488 0.172481
vt 0.971449 0.176176
vt 0.969967 0.175867
vt 0.971888 0.171098
vt 0.975721 0.172725
vt 0.497062 0.921339
vt 0.158787 0.980548
vt 0.158880 0.984575
vt 0.788544 0.289769
vt 0.783820 0.289897
vt 0.784637 0.287684
vt 0.791103 0.292603
vt 0.787429 0.291865
vt 0.794527 0.290605
vt 0.145219 0.973322
vt 0.158840 0.976339
vt 0.152028 0.971087
vt 0.144176 0.969943
vt 0.506740 0.882227
vt 0.510487 0.902455
vt 0.142314 0.973288
vt 0.903034 0.643559
vt 0.904233 0.636894
vt 0.294444 0.389739
vt 0.298143 0.382665
vt 0.297951 0.394536
vt 0.935715 0.608527
vt 0.936811 0.586007
vt 0.937017 0.599788
vt 0.899764 0.431589
vt 0.897611 0.441275
vt 0.968321 0.033338
vt 0.745357 0.995711
vt 0.741998 0.995116
vt 0.748004 0.992674
vt 0.741067 0.997238
vt 0.212766 0.981693
vt 0.221721 0.976095
vt 0.222023 0.979889
vt 0.212818 0.976676
vt 0.221992 0.971605
vt 0.212808 0.973046
vt 0.212939 0.968980
vt 0.221625 0.968330
vt 0.212960 0.965720
vt 0.302737 0.661088
vt 0.305675 0.662890
vt 0.305578 0.666444
vt 0.874672 0.974983
vt 0.875805 0.978728
vt 0.873718 0.977411
vt 0.304135 0.667085
vt 0.304846 0.671088
vt 0.210818 0.986076
vt 0.211433 0.983022
vt 0.302737 0.672144
vt 0.210573 0.964487
vt 0.876858 0.974673
vt 0.877945 0.977405
vt 0.261619 0.960994
vt 0.257689 0.962847
vt 0.256523 0.962033
vt 0.254979 0.961069
vt 0.259724 0.958713
vt 0.264746 0.957240
vt 0.206568 0.985265
vt 0.288413 0.599066
vt 0.290134 0.586355
vt 0.293091 0.600836
vt 0.291054 0.612402
vt 0.265162 0.954614
vt 0.260053 0.956375
vt 0.264488 0.951721
vt 0.268579 0.947307
vt 0.265122 0.945667
vt 0.207914 0.962699
vt 0.267339 0.939727
vt 0.268921 0.939618
vt 0.270024 0.944540
vt 0.686442 0.284509
vt 0.692746 0.280484
vt 0.690944 0.285076
vt 0.684784 0.287447
vt 0.939554 0.667372
vt 0.936586 0.670372
vt 0.673678 0.272448
vt 0.667855 0.272820
vt 0.905387 0.265996
vt 0.903563 0.264259
vt 0.905752 0.261898
vt 0.904394 0.260797
vt 0.969863 0.164177
vt 0.972089 0.166968
vt 0.968953 0.168863
vt 0.898572 0.264836
vt 0.898473 0.259635
vt 0.902694 0.258564
vt 0.238630 0.981884
vt 0.238681 0.985931
vt 0.232927 0.983391
vt 0.797757 0.292445
vt 0.959119 0.993985
vt 0.974648 0.993357
vt 0.974746 0.997129
vt 0.980668 0.712783
vt 0.985678 0.716759
vt 0.981880 0.715799
vt 0.988874 0.718461
vt 0.986575 0.715355
vt 0.142245 0.967804
vt 0.994639 0.713527
vt 0.993160 0.717061
vt 0.996030 0.714435
vt 0.963385 -0.000000
vt 0.966865 0.000068
vt 0.964535 0.002097
vt 0.970667 0.004441
vt 0.974480 0.004944
vt 0.972721 0.000106
vt 0.975319 0.000124
vt 0.970002 0.000164
vt 0.966807 0.003144
vt 0.963238 0.007728
vt 0.962322 0.003141
vt 0.940219 0.539134
vt 0.941191 0.545944
vt 0.938475 0.541457
vt 0.968037 0.009203
vt 0.978443 0.012617
vt 0.963772 0.016414
vt 0.978142 0.026331
vt 0.940069 0.518500
vt 0.938302 0.526792
vt 0.938316 0.508069
vt 0.963576 0.034122
vt 0.961613 0.041074
vt 0.960932 0.022327
vt 0.965095 0.067839
vt 0.969870 0.077539
vt 0.967208 0.081792
vt 0.970921 0.096841
vt 0.903726 0.580852
vt 0.905104 0.581690
vt 0.904840 0.596005
vt 0.973187 0.082725
vt 0.974467 0.099349
vt 0.972949 0.113824
vt 0.972518 0.118735
vt 0.970308 0.112989
vt 0.963248 0.118234
vt 0.964616 0.108059
vt 0.965123 0.118673
vt 0.967553 0.119030
vt 0.969723 0.120181
vt 0.972478 0.121354
vt 0.967507 0.111517
vt 0.942297 0.430869
vt 0.940892 0.427817
vt 0.943317 0.428554
vt 0.963102 0.121319
vt 0.871506 0.974003
vt 0.862352 0.973321
vt 0.862686 0.969067
vt 0.222165 0.983051
vt 0.975348 0.121447
vt 0.946432 0.579434
vt 0.947550 0.577364
vt 0.948521 0.580197
vt 0.746157 0.991863
vt 0.967259 0.121462
vt 0.737321 0.997267
vt 0.871564 0.968731
vt 0.213078 0.985997
vt 0.696388 0.301822
vt 0.693715 0.305247
vt 0.693715 0.299546
vt 0.571868 0.910862
vt 0.572084 0.915244
vt 0.569330 0.914105
vt 0.295691 0.538067
vt 0.293392 0.538822
vt 0.296105 0.534260
vt 0.983426 0.649533
vt 0.992680 0.648585
vt 0.983539 0.652008
vt 0.873989 0.971814
vt 0.877067 0.968388
vt 0.878027 0.973243
vt 0.252952 0.958811
vt 0.253561 0.957218
vt 0.266429 0.943792
vt 0.265030 0.940254
vt 0.568958 0.910025
vt 0.699754 0.281573
vt 0.699151 0.285583
vt 0.669930 0.266782
vt 0.667213 0.270586
vt 0.975391 0.163292
vt 0.976035 0.168026
vt 0.971875 0.161684
vt 0.790791 0.257769
vt 0.782023 0.261947
vt 0.785997 0.259104
vt 0.801729 0.288304
vt 0.968448 0.992354
vt 0.973060 0.989674
vt 0.975627 0.988510
vt 0.978475 0.711497
vt 0.979303 0.706731
vt 0.996353 0.710264
vt 0.994441 0.708768
vt 0.638464 0.290662
vt 0.634811 0.290812
vt 0.942935 0.698592
vt 0.611440 0.117618
vt 0.612644 0.111722
vt 0.611440 0.132683
vt 0.943273 0.544570
vt 0.942332 0.549088
vt 0.945394 0.549098
vt 0.942601 0.533938
vt 0.944571 0.686107
vt 0.939228 0.682404
vt 0.944057 0.671499
vt 0.943951 0.462418
vt 0.940780 0.457389
vt 0.942914 0.441273
vt 0.942109 0.462198
vt 0.963055 0.107806
vt 0.944669 0.578530
vt 0.943677 0.582816
vt 0.942131 0.577598
vt 0.944837 0.431958
vt 0.944447 0.577126
vt 0.747528 0.984841
vt 0.749416 0.988735
vt 0.747563 0.988510
vt 0.944284 0.427700
vt 0.874427 0.966204
vt 0.294243 0.532249
vt 0.298672 0.529400
vt 0.296837 0.527728
vt 0.251102 0.962084
vt 0.249823 0.960578
vt 0.566909 0.044406
vt 0.549752 0.030363
vt 0.557006 0.035200
vt 0.972897 0.121664
vt 0.260703 0.937251
vt 0.256310 0.934308
vt 0.567939 0.908875
vt 0.569032 0.906743
vt 0.968529 0.160337
vt 0.969892 0.158608
vt 0.699103 0.273683
vt 0.952761 0.522538
vt 0.951181 0.502450
vt 0.677922 0.265287
vt 0.903500 0.254645
vt 0.905406 0.252300
vt 0.905731 0.256218
vt 0.976057 0.158339
vt 0.971858 0.156078
vt 0.903294 0.249507
vt 0.792356 0.259893
vt 0.787773 0.261066
vt 0.973576 0.985392
vt 0.978475 0.703439
vt 0.981216 0.703041
vt 0.225216 0.975942
vt 0.222465 0.976125
vt 0.222597 0.971923
vt 0.226263 0.972696
vt 0.935472 0.691904
vt 0.934592 0.698404
vt 0.946709 0.546487
vt 0.945600 0.540928
vt 0.949175 0.549080
vt 0.934425 0.681719
vt 0.208681 0.884452
vt 0.948995 0.489856
vt 0.939022 0.582608
vt 0.939594 0.578613
vt 0.539214 0.905606
vt 0.946595 0.429123
vt 0.949521 0.428740
vt 0.950110 0.432933
vt 0.749193 0.983834
vt 0.938567 0.577010
vt 0.619857 0.302465
vt 0.620415 0.304784
vt 0.618765 0.304784
vt 0.947996 0.427608
vt 0.951528 0.427694
vt 0.871531 0.964444
vt 0.873054 0.961983
vt 0.690856 0.295862
vt 0.692788 0.293131
vt 0.692788 0.298975
vt 0.876421 0.962008
vt 0.245488 0.959001
vt 0.244116 0.955693
vt 0.877979 0.966565
vt 0.246225 0.955628
vt 0.261432 0.939629
vt 0.257011 0.938497
vt 0.264102 0.935871
vt 0.569691 0.901664
vt 0.571662 0.906183
vt 0.568014 0.902841
vt 0.258314 0.933416
vt 0.701252 0.275269
vt 0.701477 0.280515
vt 0.968821 0.154055
vt 0.970807 0.152079
vt 0.693180 0.272421
vt 0.694820 0.272634
vt 0.697449 0.277986
vt 0.898617 0.252535
vt 0.797457 0.258113
vt 0.796895 0.260210
vt 0.898545 0.247195
vt 0.980700 0.700612
vt 0.983711 0.700526
vt 0.987245 0.698592
vt 0.989839 0.699834
vt 0.987736 0.701379
vt 0.991337 0.702734
vt 0.994300 0.703348
vt 0.993821 0.705039
vt 0.993291 0.700353
vt 0.224618 0.968384
vt 0.222165 0.968943
vt 0.223705 0.965845
vt 0.231766 0.969393
vt 0.030384 0.985151
vt 0.025051 0.985085
vt 0.028220 0.980950
vt 0.030860 0.980878
vt 0.951893 0.549176
vt 0.952714 0.545744
vt 0.021473 0.985269
vt 0.020059 0.981840
vt 0.023519 0.982316
vt 0.204403 0.879436
vt 0.933168 0.694147
vt 0.930987 0.684170
vt 0.030350 0.970874
vt 0.952823 0.534453
vt 0.305972 0.451442
vt 0.305408 0.452340
vt 0.305408 0.436283
vt 0.032578 0.948932
vt 0.029155 0.948812
vt 0.030298 0.936421
vt 0.290073 0.533835
vt 0.291102 0.530864
vt 0.291102 0.546301
vt 0.297180 0.206334
vt 0.296097 0.207668
vt 0.303413 0.184592
vt 0.023507 0.879301
vt 0.028081 0.895291
vt 0.950792 0.463430
vt 0.952675 0.434896
vt 0.990631 0.850196
vt 0.026864 0.872785
vt 0.936255 0.577111
vt 0.302737 0.672144
vt 0.305622 0.677262
vt 0.302737 0.680111
vt 0.024775 0.864978
vt 0.027584 0.863883
vt 0.028868 0.869415
vt 0.952406 0.429051
vt 0.018288 0.865304
vt 0.020761 0.865031
vt 0.740885 0.979370
vt 0.739472 0.977262
vt 0.737856 0.979205
vt 0.024872 0.863751
vt 0.020229 0.863816
vt 0.016542 0.864041
vt 0.731320 0.981384
vt 0.733706 0.981307
vt 0.731464 0.985391
vt 0.729639 0.985181
vt 0.983480 0.638851
vt 0.983527 0.634045
vt 0.992549 0.636792
vt 0.888247 0.787840
vt 0.885782 0.788874
vt 0.887647 0.784531
vt 0.874403 0.959126
vt 0.872839 0.957210
vt 0.889482 0.782467
vt 0.112449 0.874397
vt 0.113852 0.872748
vt 0.113548 0.879345
vt 0.572721 0.902594
vt 0.571618 0.899433
vt 0.570111 0.897198
vt 0.876883 0.957522
vt 0.244356 0.947025
vt 0.246273 0.948392
vt 0.245620 0.952835
vt 0.252520 0.938943
vt 0.961700 0.961082
vt 0.959787 0.960047
vt 0.962564 0.957881
vt 0.252395 0.933543
vt 0.567939 0.896976
vt 0.700083 0.269909
vt 0.968529 0.149840
vt 0.964149 0.942144
vt 0.966095 0.942225
vt 0.966243 0.946439
vt 0.305910 0.356133
vt 0.305532 0.351139
vt 0.305910 0.346185
vt 0.693182 0.263709
vt 0.692362 0.267082
vt 0.686140 0.266406
vt 0.685599 0.263022
vt 0.883610 0.116223
vt 0.879210 0.126475
vt 0.881363 0.106510
vt 0.903883 0.245607
vt 0.904052 0.241875
vt 0.905774 0.245603
vt 0.971507 0.941464
vt 0.971473 0.945730
vt 0.807940 0.280348
vt 0.807917 0.285202
vt 0.805798 0.284328
vt 0.898744 0.240391
vt 0.899671 0.242582
vt 0.810860 0.278120
vt 0.269419 0.977749
vt 0.271640 0.981311
vt 0.257424 0.982060
vt 0.273705 0.978315
vt 0.272551 0.974743
vt 0.270903 0.971731
vt 0.273518 0.972175
vt 0.265808 0.974911
vt 0.272362 0.968722
vt 0.265043 0.968055
vt 0.016542 0.966049
vt 0.014470 0.965695
vt 0.733951 0.978961
vt 0.737044 0.977262
vt 0.984166 0.606812
vt 0.983524 0.603290
vt 0.992688 0.606156
vt 0.992679 0.633513
vt 0.992716 0.599903
vt 0.983529 0.599910
vt 0.992610 0.595802
vt 0.873929 0.954303
vt 0.887658 0.779666
vt 0.890124 0.779120
vt 0.850708 0.979426
vt 0.850219 0.982809
vt 0.848180 0.975802
vt 0.850392 0.974356
vt 0.572680 0.896864
vt 0.571156 0.894245
vt 0.572286 0.890646
vt 0.852927 0.984133
vt 0.242526 0.954807
vt 0.242150 0.949994
vt 0.977485 0.347342
vt 0.977507 0.352264
vt 0.974833 0.348810
vt 0.978773 0.347774
vt 0.306011 0.368909
vt 0.305640 0.375372
vt 0.305640 0.365641
vt 0.246681 0.940983
vt 0.246462 0.937185
vt 0.249584 0.934041
vt 0.977111 0.333849
vt 0.977629 0.330349
vt 0.978773 0.334267
vt 0.568740 0.894247
vt 0.695039 0.262295
vt 0.699215 0.265147
vt 0.681130 0.257769
vt 0.966022 0.938638
vt 0.971892 0.937347
vt 0.967417 0.934452
vt 0.964647 0.933564
vt 0.971671 0.932232
vt 0.965822 0.924257
vt 0.964149 0.923091
vt 0.966212 0.919719
vt 0.968117 0.922992
vt 0.971595 0.921690
vt 0.971777 0.926669
vt 0.902327 0.238471
vt 0.808272 0.271220
vt 0.810840 0.272364
vt 0.808772 0.275607
vt 0.809038 0.266970
vt 0.257572 0.970554
vt 0.976185 0.342827
vt 0.974376 0.343492
vt 0.974561 0.339436
vt 0.972206 0.342736
vt 0.976202 0.338476
vt 0.974210 0.334111
vt 0.975214 0.330062
vt 0.240818 0.949180
vt 0.241566 0.945025
vt 0.978473 0.343162
vt 0.978221 0.337872
vt 0.243162 0.939987
vt 0.569388 0.890485
vt 0.966798 0.929179
vt 0.964656 0.928888
vt 0.299014 0.663919
vt 0.296974 0.676757
vt 0.297027 0.660781
vt 0.297076 0.688601
vt 0.293938 0.692307
vt 0.297352 0.645093
vt 0.293677 0.654159
vt 0.293713 0.641485
vt 0.297755 0.698886
vt 0.300288 0.690186
vt 0.060985 0.899802
vt 0.637344 0.295822
vt 0.641312 0.299248
vt 0.634358 0.299891
vt 0.992635 0.832046
vt 0.995855 0.835544
vt 0.294553 0.882677
vt 0.300878 0.613529
vt 0.300326 0.627115
vt 0.299579 0.729890
vt 0.305671 0.328139
vt 0.305482 0.335167
vt 0.305482 0.321351
vt 0.284418 0.982017
vt 0.943647 0.413167
vt 0.947583 0.415270
vt 0.296811 0.601247
vt 0.283374 0.321060
vt 0.900786 0.992216
vt 0.294825 0.592377
vt 0.885246 0.354415
vt 0.884379 0.359998
vt 0.884048 0.345085
vt 0.299810 0.584910
vt 0.296929 0.584050
vt 0.852778 0.917520
vt 0.230158 0.020678
vt 0.243171 0.029032
vt 0.245666 0.031385
vt 0.319555 0.211537
vt 0.322254 0.222501
vt 0.317607 0.212396
vt 0.312236 0.197483
vt 0.295428 0.570400
vt 0.292713 0.576680
vt 0.292442 0.562560
vt 0.950850 0.960892
vt 0.978302 0.413223
vt 0.275532 0.477086
vt 0.279282 0.469737
vt 0.274005 0.491582
vt 0.873168 0.104862
vt 0.238620 0.974888
vt 0.362657 0.863104
vt 0.367974 0.991710
vt 0.359834 0.991938
vt 0.024454 0.366410
vt 0.022936 0.371942
vt 0.892306 0.103220
vt 0.891048 0.117262
vt 0.890427 0.102667
vt 0.298314 0.550491
vt 0.300889 0.548595
vt 0.299643 0.556208
vt 0.196683 0.602453
vt 0.212249 0.613864
vt 0.220853 0.621861
vt 0.197017 0.610949
vt 0.112300 0.970775
vt 0.305810 0.565962
vt 0.304141 0.564285
vt 0.305428 0.558748
vt 0.931349 0.033206
vt 0.878298 0.781471
vt 0.880603 0.786068
vt 0.878169 0.789034
vt 0.606797 0.502247
vt 0.602828 0.494028
vt 0.601519 0.488941
vt 0.845206 0.847142
vt 0.997517 0.382763
vt 0.877418 0.040087
vt 0.876226 0.055196
vt 0.282337 0.480971
vt 0.282632 0.493275
vt 0.827466 0.931859
vt 0.830676 0.931047
vt 0.830528 0.947135
vt 0.878133 0.769117
vt 0.879965 0.774357
vt 0.875602 0.774651
vt 0.050972 0.552768
vt 0.042175 0.548451
vt 0.982456 0.630552
vt 0.876654 0.106956
vt 0.878810 0.089507
vt 0.876507 0.147229
vt 0.909517 0.919498
vt 0.896342 0.919656
vt 0.897963 0.791032
vt 0.906652 0.790851
vt 0.091517 0.884286
vt 0.088105 0.887118
vt 0.142788 0.925311
vt 0.171282 0.924563
vt 0.170559 0.931794
vt 0.909477 0.527594
vt 0.910997 0.532071
vt 0.908199 0.532348
vt 0.905501 0.527276
vt 0.950803 0.037212
vt 0.946617 0.047325
vt 0.851749 0.283056
vt 0.523387 0.904874
vt 0.525949 0.897516
vt 0.526768 0.929834
vt 0.870336 0.143252
vt 0.177502 0.858495
vt 0.163580 0.858315
vt 0.169098 0.852139
vt 0.184627 0.851414
vt 0.927934 0.334378
vt 0.929700 0.341462
vt 0.739970 0.268529
vt 0.735958 0.269711
vt 0.735949 0.263119
vt 0.875525 0.744257
vt 0.872495 0.750873
vt 0.872323 0.735818
vt 0.066347 0.924213
vt 0.066094 0.892736
vt 0.875176 0.125134
vt 0.158782 0.737091
vt 0.156213 0.736775
vt 0.158566 0.730112
vt 0.159356 0.724803
vt 0.863768 0.544479
vt 0.867425 0.547614
vt 0.865363 0.550653
vt 0.866112 0.541655
vt 0.666534 0.277795
vt 0.667213 0.281001
vt 0.666705 0.287254
vt 0.666000 0.283076
vt 0.667213 0.273697
vt 0.666597 0.269203
vt 0.150407 0.744516
vt 0.666273 0.304099
vt 0.665357 0.298976
vt 0.666273 0.296027
vt 0.156944 0.715576
vt 0.156296 0.720337
vt 0.153773 0.711032
vt 0.158928 0.719656
vt 0.153129 0.737677
vt 0.153324 0.739602
vt 0.302669 0.798266
vt 0.301200 0.796978
vt 0.302505 0.792814
vt 0.301061 0.792578
vt 0.155838 0.732373
vt 0.304891 0.686898
vt 0.302737 0.682550
vt 0.304891 0.680111
vt 0.302780 0.786809
vt 0.300993 0.787876
vt 0.157288 0.726472
vt 0.302174 0.780768
vt 0.303502 0.771519
vt 0.280348 0.851009
vt 0.280347 0.856668
vt 0.278774 0.855989
vt 0.278867 0.851114
vt 0.299759 0.798094
vt 0.299482 0.794092
vt 0.298815 0.782163
vt 0.299161 0.788080
vt 0.298618 0.778015
vt 0.875474 0.623381
vt 0.875046 0.638557
vt 0.872168 0.631787
vt 0.666826 0.291027
vt 0.662581 0.289429
vt 0.662731 0.275700
vt 0.662454 0.267847
vt 0.942652 0.749969
vt 0.306023 0.365641
vt 0.305505 0.361311
vt 0.306023 0.356346
vt 0.148439 0.742650
vt 0.145760 0.746461
vt 0.302531 0.576309
vt 0.303245 0.803475
vt 0.301590 0.801288
vt 0.303366 0.748868
vt 0.304867 0.750443
vt 0.302089 0.753394
vt 0.304356 0.743858
vt 0.298346 0.772782
vt 0.953431 0.199223
vt 0.879365 0.726070
vt 0.877096 0.732773
vt 0.877127 0.723415
vt 0.879778 0.736295
vt 0.868904 0.122966
vt 0.868616 0.112858
vt 0.304818 0.513034
vt 0.305383 0.517601
vt 0.304818 0.522012
vt 0.592221 0.665637
vt 0.592221 0.672580
vt 0.591270 0.668067
vt 0.150382 0.705910
vt 0.145179 0.704082
vt 0.142163 0.746341
vt 0.140836 0.749189
vt 0.303646 0.571423
vt 0.302126 0.570498
vt 0.303223 0.744714
vt 0.302089 0.739129
vt 0.301384 0.769625
vt 0.299853 0.769376
vt 0.305387 0.569803
vt 0.876406 0.558478
vt 0.881841 0.560564
vt 0.877143 0.562401
vt 0.298346 0.768521
vt 0.870671 0.527747
vt 0.870853 0.526069
vt 0.876248 0.521531
vt 0.878971 0.717347
vt 0.588865 0.715067
vt 0.590430 0.701539
vt 0.590543 0.721553
vt 0.530604 0.893267
vt 0.137180 0.747104
vt 0.302424 0.565633
vt 0.278603 0.829725
vt 0.277066 0.829034
vt 0.278463 0.825343
vt 0.304824 0.739390
vt 0.882604 0.564224
vt 0.885822 0.561633
vt 0.890511 0.564751
vt 0.276862 0.822328
vt 0.275589 0.822791
vt 0.275582 0.828957
vt 0.969333 0.323704
vt 0.305910 0.338115
vt 0.305691 0.346185
vt 0.305671 0.334161
vt 0.137921 0.703411
vt 0.135094 0.701523
vt 0.130893 0.747018
vt 0.132725 0.749116
vt 0.303577 0.558903
vt 0.302089 0.559379
vt 0.278476 0.820543
vt 0.892988 0.560802
vt 0.884513 0.515272
vt 0.883229 0.518504
vt 0.877763 0.517211
vt 0.269210 0.053020
vt 0.269264 0.054194
vt 0.263827 0.047171
vt 0.129136 0.703295
vt 0.128769 0.748880
vt 0.277214 0.815750
vt 0.278567 0.815705
vt 0.275582 0.815910
vt 0.881000 0.715669
vt 0.877314 0.710582
vt 0.879675 0.702623
vt 0.815993 0.847142
vt 0.815288 0.975928
vt 0.808972 0.847499
vt 0.125698 0.703019
vt 0.912480 0.605541
vt 0.913660 0.606055
vt 0.913274 0.613447
vt 0.279205 0.811201
vt 0.277285 0.808836
vt 0.896807 0.516834
vt 0.890322 0.518286
vt 0.890821 0.515166
vt 0.897345 0.520168
vt 0.290673 0.629050
vt 0.293466 0.625462
vt 0.414101 0.581474
vt 0.412074 0.579639
vt 0.423532 0.583186
vt 0.828304 0.916871
vt 0.830234 0.908431
vt 0.121091 0.707579
vt 0.302813 0.546849
vt 0.303737 0.552261
vt 0.302223 0.552945
vt 0.119186 0.739183
vt 0.279307 0.805961
vt 0.654854 0.296027
vt 0.277487 0.803124
vt 0.305499 0.553165
vt 0.304335 0.548157
vt 0.305810 0.548187
vt 0.902897 0.559668
vt 0.898368 0.558649
vt 0.903034 0.555513
vt 0.877101 0.694654
vt 0.873411 0.701803
vt 0.875026 0.080422
vt 0.879741 0.078934
vt 0.970486 0.669140
vt 0.114276 0.738349
vt 0.118106 0.708824
vt 0.278878 0.859669
vt 0.277409 0.858611
vt 0.277497 0.852582
vt 0.115756 0.733300
vt 0.114546 0.734967
vt 0.279434 0.799429
vt 0.118199 0.712898
vt 0.123777 0.707755
vt 0.665358 0.296027
vt 0.665358 0.304794
vt 0.663809 0.298599
vt 0.275933 0.799155
vt 0.275807 0.803246
vt 0.278120 0.829725
vt 0.279958 0.832294
vt 0.278687 0.835430
vt 0.307765 0.863719
vt 0.316897 0.863545
vt 0.312928 0.992208
vt 0.111738 0.729333
vt 0.114260 0.725257
vt 0.114465 0.729172
vt 0.117255 0.711550
vt 0.276964 0.848405
vt 0.275582 0.854207
vt 0.278594 0.843753
vt 0.277088 0.844484
vt 0.276889 0.839083
vt 0.292053 0.962137
vt 0.115056 0.719815
vt 0.114290 0.715484
vt 0.277386 0.797383
vt 0.280319 0.843981
vt 0.280080 0.837225
vt 0.571536 0.883726
vt 0.568123 0.884725
vt 0.568440 0.879805
vt 0.615834 0.294940
vt 0.613753 0.287301
vt 0.633445 0.852937
vt 0.642479 0.849738
vt 0.646413 0.852721
vt 0.638436 0.855125
vt 0.630478 0.858780
vt 0.112146 0.721716
vt 0.103701 0.718189
vt 0.567939 0.874390
vt 0.568648 0.870945
vt 0.572293 0.869310
vt 0.568667 0.863076
vt 0.572493 0.864262
vt 0.568064 0.867455
vt 0.912280 0.535608
vt 0.912270 0.539078
vt 0.879462 0.688947
vt 0.877310 0.678889
vt 0.329925 0.070232
vt 0.339904 0.056093
vt 0.345015 0.051132
vt 0.970002 0.552198
vt 0.966032 0.549108
vt 0.980176 0.848915
vt 0.977728 0.844520
vt 0.880683 0.679403
vt 0.040527 0.967047
vt 0.658929 0.594745
vt 0.660331 0.595597
vt 0.646567 0.603932
vt 0.520765 0.898587
vt 0.519582 0.921845
vt 0.517579 0.889785
vt 0.355008 0.863165
vt 0.349695 0.991782
vt 0.340086 0.991980
vt 0.345272 0.978677
vt 0.347736 0.863220
vt 0.882316 0.056321
vt 0.881429 0.038159
vt 0.880743 0.649901
vt 0.871231 0.645886
vt 0.870898 0.664283
vt 0.180262 0.576480
vt 0.215094 0.559243
vt 0.195663 0.576286
vt 0.414169 0.863508
vt 0.416189 0.991974
vt 0.409985 0.992226
vt 0.622859 0.293289
vt 0.047497 0.644465
vt 0.057476 0.646170
vt 0.037009 0.671435
vt 0.587952 0.235387
vt 0.584576 0.240488
vt 0.574487 0.253132
vt 0.947365 0.106298
vt 0.820212 0.977273
vt 0.820961 0.979578
vt 0.877474 0.630576
vt 0.877436 0.616353
vt 0.879378 0.624639
vt 0.877782 0.744863
vt 0.879735 0.615091
vt 0.119088 0.984886
vt 0.197405 0.320403
vt 0.205395 0.321252
vt 0.217371 0.329790
vt 0.567822 0.872550
vt 0.539188 0.877419
vt 0.539430 0.869749
vt 0.263588 0.901607
vt 0.317726 0.482544
vt 0.318929 0.483983
vt 0.322993 0.496732
vt 0.921536 0.313226
vt 0.927031 0.454872
vt 0.959068 0.070825
vt 0.956886 0.037158
vt 0.142587 0.875280
vt 0.170369 0.870253
vt 0.171220 0.878297
vt 0.465117 0.664287
vt 0.474213 0.668831
vt 0.872150 0.585379
vt 0.875373 0.582441
vt 0.874643 0.592162
vt 0.549199 0.553921
vt 0.950074 0.640980
vt 0.948521 0.616765
vt 0.952893 0.637784
vt 0.894913 0.451361
vt 0.892407 0.450589
vt 0.940502 0.165993
vt 0.956749 0.289276
vt 0.956362 0.296209
vt 0.976058 0.157472
vt 0.985129 0.154010
vt 0.890033 0.443079
vt 0.891734 0.432843
vt 0.030447 0.533622
vt 0.030699 0.525030
vt 0.040748 0.541179
vt 0.648848 0.261517
vt 0.651450 0.267874
vt 0.647313 0.266502
vt 0.646011 0.262179
vt 0.300338 0.640688
vt 0.298698 0.651727
vt 0.893838 0.343674
vt 0.895935 0.332390
vt 0.896277 0.342965
vt 0.293401 0.399618
vt 0.293706 0.384965
vt 0.977002 0.557622
vt 0.897935 0.355144
vt 0.899315 0.341124
vt 0.595493 0.738914
vt 0.603293 0.762544
vt 0.598839 0.753001
vt 0.148653 -0.000000
vt 0.187497 0.985847
vt 0.187546 0.982175
vt 0.735987 0.283787
vt 0.739875 0.281779
vt 0.736122 0.275983
vt 0.513198 0.971059
vt 0.661451 0.283456
vt 0.660816 0.278677
vt 0.666956 0.261992
vt 0.663492 0.263985
vt 0.666832 0.257769
vt 0.646622 0.297947
vt 0.646814 0.293895
vt 0.650425 0.293294
vt 0.652745 0.271814
vt 0.651226 0.274642
vt 0.654854 0.279817
vt 0.652525 0.282634
vt 0.652324 0.287417
vt 0.643744 0.268904
vt 0.641003 0.261211
vt 0.289219 0.473631
vt 0.288378 0.456308
vt 0.289719 0.461930
vt 0.655449 0.288343
vt 0.658317 0.286716
vt 0.660816 0.290976
vt 0.660788 0.284802
vt 0.634067 0.258363
vt 0.638609 0.257904
vt 0.629977 0.302466
vt 0.635892 0.302466
vt 0.633063 0.260841
vt 0.635602 0.269871
vt 0.632938 0.264343
vt 0.638700 0.265633
vt 0.643084 0.275986
vt 0.632839 0.280328
vt 0.628380 0.289843
vt 0.640382 0.272876
vt 0.660576 0.278663
vt 0.656802 0.282156
vt 0.657725 0.277652
vt 0.629734 0.296047
vt 0.629100 0.270045
vt 0.622496 0.268058
vt 0.624040 0.274010
vt 0.627381 0.265452
vt 0.622447 0.282432
vt 0.628055 0.260694
vt 0.620002 0.264709
vt 0.624124 0.259508
vt 0.660766 0.272460
vt 0.657369 0.272196
vt 0.660343 0.267383
vt 0.655012 0.275770
vt 0.968904 0.271496
vt 0.618459 0.273170
vt 0.621319 0.278865
vt 0.660816 0.264376
vt 0.657374 0.264825
vt 0.611579 0.288459
vt 0.112527 0.935433
vt 0.113400 0.932224
vt 0.113326 0.943024
vt 0.614341 0.272400
vt 0.613893 0.268870
vt 0.962821 0.934923
vt 0.979355 0.653468
vt 0.611440 0.274021
vt 0.617477 0.263728
vt 0.879041 0.919710
vt 0.873060 0.791198
vt 0.878506 0.791124
vt 0.389632 0.992465
vt 0.394622 0.991521
vt 0.965004 0.789218
vt 0.957190 0.789900
vt 0.956045 0.789034
vt 0.376404 0.973220
vt 0.379092 0.991763
vt 0.649643 0.848023
vt 0.964028 0.091774
vt 0.868544 0.923385
vt 0.568492 0.691989
vt 0.570167 0.694491
vt 0.573716 0.713625
vt 0.113602 0.970775
vt 0.113008 0.962351
vt 0.114366 0.966749
vt 0.400434 0.991876
vt 0.909339 0.338636
vt 0.910305 0.332680
vt 0.910042 0.346967
vt 0.113979 0.864835
vt 0.113206 0.866233
vt 0.676978 0.979239
vt 0.679459 0.981688
vt 0.670324 0.980545
vt 0.969396 0.216903
vt 0.191006 0.841401
vt 0.201742 0.843521
vt 0.114210 0.957971
vt 0.606330 0.951043
vt 0.601781 0.944069
vt 0.601521 0.942005
vt 0.717121 0.882567
vt 0.712717 0.876222
vt 0.720208 0.880383
vt 0.961144 0.387415
vt 0.456127 0.992376
vt 0.303864 0.578448
vt 0.305248 0.594855
vt 0.303864 0.600768
vt 0.961022 0.704016
vt 0.446935 0.991588
vt 0.893526 0.402385
vt 0.895608 0.397685
vt 0.201969 0.889455
vt 0.777417 0.282833
vt 0.780776 0.287186
vt 0.948962 0.789923
vt 0.941841 0.790586
vt 0.939286 0.789458
vt 0.951629 0.312938
vt 0.953352 0.307482
vt 0.881831 0.155861
vt 0.881329 0.171733
vt 0.743793 0.848580
vt 0.750778 0.847826
vt 0.752710 0.848948
vt 0.426192 0.308604
vt 0.417413 0.309451
vt 0.762531 0.848487
vt 0.992322 0.954368
vt 0.113181 0.895950
vt 0.112300 0.889604
vt 0.113314 0.885354
vt 0.995189 0.791495
vt 0.832999 0.219278
vt 0.832119 0.219122
vt 0.840949 0.209520
vt 0.049066 0.911201
vt 0.046875 0.969103
vt 0.997347 0.197527
vt 0.898137 0.265856
vt 0.898473 0.270897
vt 0.897947 0.278813
vt 0.665592 0.591501
vt 0.983508 0.590817
vt 0.983493 0.586544
vt 0.320918 0.992099
vt 0.328015 0.991624
vt 0.330698 0.992116
vt 0.185935 0.314561
vt 0.196062 0.316840
vt 0.700919 0.859677
vt 0.693120 0.859383
vt 0.692666 0.854710
vt 0.700674 0.864268
vt 0.170399 0.892761
vt 0.171206 0.885140
vt 0.171367 0.899070
vt 0.725894 0.925343
vt 0.727465 0.932159
vt 0.723510 0.935218
vt 0.238408 0.548429
vt 0.233202 0.556346
vt 0.218064 0.566805
vt 0.931304 0.790458
vt 0.112945 0.954816
vt 0.113283 0.950208
vt 0.745300 0.977238
vt 0.919601 0.790692
vt 0.913701 0.791141
vt 0.113473 0.914668
vt 0.112977 0.921323
vt 0.112412 0.907315
vt 0.538876 0.942198
vt 0.538944 0.927844
vt 0.539875 0.935865
vt 0.141658 0.928758
vt 0.141656 0.935555
vt 0.394835 0.291935
vt 0.417535 0.300152
vt 0.407610 0.297558
vt 0.231995 0.868192
vt 0.232138 0.865664
vt 0.236072 0.868589
vt 0.171457 0.947674
vt 0.170942 0.956786
vt 0.170080 0.948255
vt 0.183277 0.580953
vt 0.690075 0.978356
vt 0.681032 0.982182
vt 0.567851 0.958004
vt 0.567939 0.963269
vt 0.539723 0.964133
vt 0.539267 0.956845
vt 0.667446 0.320282
vt 0.669714 0.319902
vt 0.652324 0.329919
vt 0.655702 0.326991
vt 0.649029 0.980027
vt 0.642879 0.981958
vt 0.640428 0.977877
vt 0.113771 0.902703
vt 0.879103 0.749023
vt 0.880379 0.751441
vt 0.879545 0.761534
vt 0.798573 0.596671
vt 0.809743 0.604047
vt 0.821835 0.615223
vt 0.830678 0.624109
vt 0.823088 0.622455
vt 0.808644 0.609317
vt 0.793781 0.599171
vt 0.574305 0.925772
vt 0.276447 0.832313
vt 0.909491 0.430537
vt 0.539049 0.917795
vt 0.538044 0.912786
vt 0.909835 0.978623
vt 0.430411 0.300943
vt 0.423166 0.302093
vt 0.715044 0.953010
vt 0.714512 0.959722
vt 0.707812 0.961663
vt 0.956749 0.272242
vt 0.959514 0.257847
vt 0.690878 0.305338
vt 0.690878 0.299546
vt 0.693715 0.302772
vt 0.695625 0.293131
vt 0.695625 0.298922
vt 0.692788 0.296357
vt 0.305198 0.172522
vt 0.283044 0.460518
vt 0.282284 0.461329
vt 0.282487 0.445360
vt 0.282144 0.417199
vt 0.282859 0.421159
vt 0.282186 0.439262
vt 0.282991 0.405481
vt 0.937719 0.780549
vt 0.291768 0.451619
vt 0.289142 0.440390
vt 0.291625 0.436478
vt 0.923191 0.223200
vt 0.922715 0.206180
vt 0.978816 0.186665
vt 0.832078 0.989903
vt 0.337989 0.863241
vt 0.373417 0.571690
vt 0.985570 0.246585
vt 0.282447 0.392726
vt 0.282290 0.373300
vt 0.283147 0.376430
vt 0.305402 0.406733
vt 0.305976 0.391740
vt 0.305976 0.412702
vt 0.292115 0.958288
vt 0.291539 0.395546
vt 0.289222 0.392165
vt 0.791554 0.830254
vt 0.809693 0.819634
vt 0.799523 0.827158
vt 0.925869 0.919218
vt 0.288171 0.540551
vt 0.289157 0.530864
vt 0.289157 0.546693
vt 0.763026 0.842874
vt 0.754901 0.844279
vt 0.775660 0.837915
vt 0.306000 0.475781
vt 0.306000 0.494712
vt 0.304818 0.479577
vt 0.274246 0.712787
vt 0.271087 0.712316
vt 0.270972 0.698472
vt 0.305640 0.365641
vt 0.305640 0.391740
vt 0.304818 0.376661
vt 0.274253 0.697718
vt 0.386175 0.569183
vt 0.399902 0.575458
vt 0.395619 0.575271
vt 0.588201 0.730054
vt 0.590112 0.730670
vt 0.589688 0.744755
vt 0.303864 0.645195
vt 0.304650 0.635590
vt 0.304650 0.650538
vt 0.588141 0.690729
vt 0.589467 0.696318
vt 0.588124 0.707260
vt 0.650473 0.552576
vt 0.667005 0.563069
vt 0.656982 0.557504
vt 0.682248 0.569061
vt 0.333005 0.366200
vt 0.334619 0.362504
vt 0.536725 0.282267
vt 0.529606 0.288880
vt 0.520638 0.293054
vt 0.891140 0.950891
vt 0.900159 0.635577
vt 0.900756 0.640921
vt 0.899890 0.647352
vt 0.271938 0.732285
vt 0.271344 0.737376
vt 0.271149 0.722585
vt 0.447873 0.863018
vt 0.434000 0.863076
vt 0.423651 0.862284
vt 0.460287 0.861795
vt 0.472380 0.859329
vt 0.891044 0.681899
vt 0.892236 0.697515
vt 0.597954 0.723600
vt 0.597957 0.715302
vt 0.599923 0.730944
vt 0.890417 0.666066
vt 0.593216 0.709782
vt 0.804808 0.017714
vt 0.816866 0.025488
vt 0.793640 0.011941
vt 0.906494 0.168350
vt 0.906701 0.156157
vt 0.909860 0.156853
vt 0.909359 0.167788
vt 0.923324 0.205746
vt 0.971142 0.628442
vt 0.971339 0.607753
vt 0.026161 0.813841
vt 0.033898 0.814685
vt 0.036723 0.825727
vt 0.408634 0.859533
vt 0.398464 0.856759
vt 0.388060 0.852841
vt 0.901274 0.700868
vt 0.868656 0.140750
vt 0.867445 0.152858
vt 0.863412 0.166817
vt 0.900935 0.674346
vt 0.024229 0.945715
vt 0.142245 0.957996
vt 0.142485 0.947141
vt 0.873206 0.176791
vt 0.951372 0.357800
vt 0.283157 0.522510
vt 0.284154 0.536369
vt 0.283276 0.534271
vt 0.515029 0.286610
vt 0.946543 0.672493
vt 0.946536 0.650903
vt 0.850750 0.061754
vt 0.854648 0.069930
vt 0.995474 0.880888
vt 0.981017 0.872482
vt 0.983925 0.870368
vt 0.981715 0.874428
vt 0.481968 0.856524
vt 0.491335 0.853059
vt 0.287466 0.525247
vt 0.283145 0.514476
vt 0.287718 0.515625
vt 0.510983 0.288758
vt 0.909136 0.324224
vt 0.909851 0.318443
vt 0.909862 0.326000
vt 0.294891 0.671006
vt 0.350162 0.044805
vt 0.356677 0.038960
vt 0.859400 0.178073
vt 0.853709 0.190055
vt 0.849271 0.197587
vt 0.846701 0.202432
vt 0.899924 0.628196
vt 0.900668 0.627204
vt 0.971922 0.277861
vt 0.971025 0.263857
vt 0.645454 0.290205
vt 0.847499 0.376170
vt 0.842980 0.369832
vt 0.588505 0.653346
vt 0.874330 0.092853
vt 0.288530 0.347289
vt 0.289779 0.344388
vt 0.334844 0.521187
vt 0.340678 0.531084
vt 0.331534 0.518130
vt 0.498188 0.850020
vt 0.506551 0.845583
vt 0.878867 0.059527
vt 0.172246 0.314032
vt 0.211212 0.330612
vt 0.489192 0.303314
vt 0.506205 0.298434
vt 0.284483 0.546849
vt 0.498738 0.292432
vt 0.905004 0.721578
vt 0.913295 0.658062
vt 0.913267 0.667770
vt 0.957258 0.977681
vt 0.886638 0.441970
vt 0.143352 0.588974
vt 0.155556 0.589482
vt 0.134707 0.593425
vt 0.892954 0.747853
vt 0.890367 0.766945
vt 0.891842 0.747485
vt 0.229708 0.285642
vt 0.230412 0.285739
vt 0.224252 0.288904
vt 0.620759 0.524896
vt 0.616521 0.518160
vt 0.633729 0.538655
vt 0.303065 0.649611
vt 0.303065 0.660510
vt 0.302089 0.651975
vt 0.289371 0.333463
vt 0.292434 0.334665
vt 0.672237 0.834940
vt 0.657863 0.827838
vt 0.859441 0.079071
vt 0.636892 0.803833
vt 0.589218 0.799369
vt 0.590418 0.791550
vt 0.591270 0.802806
vt 0.575907 0.792230
vt 0.576132 0.801915
vt 0.575309 0.795679
vt 0.235510 0.955243
vt 0.869282 0.066384
vt 0.299302 0.508507
vt 0.303910 0.501090
vt 0.303126 0.512328
vt 0.304080 0.510916
vt 0.987556 0.081465
vt 0.592413 0.657117
vt 0.591270 0.654697
vt 0.592413 0.644649
vt 0.468504 0.863164
vt 0.480690 0.863409
vt 0.472981 0.991817
vt 0.598295 0.481416
vt 0.596146 0.471526
vt 0.611614 0.279791
vt 0.616915 0.280591
vt 0.272599 0.796549
vt 0.275497 0.787851
vt 0.275582 0.797900
vt 0.591270 0.608455
vt 0.478072 0.297292
vt 0.468031 0.297790
vt 0.482261 0.296203
vt 0.312905 0.497126
vt 0.309586 0.486239
vt 0.309935 0.483687
vt 0.817725 0.949545
vt 0.817967 0.918862
vt 0.322894 0.499002
vt 0.900111 0.601526
vt 0.900198 0.589162
vt 0.901001 0.591502
vt 0.304650 0.648956
vt 0.305675 0.649140
vt 0.304650 0.661088
vt 0.674973 0.300900
vt 0.676324 0.293131
vt 0.676324 0.303685
vt 0.210073 0.293558
vt 0.280695 0.068537
vt 0.274287 0.059219
vt 0.303501 0.486829
vt 0.304345 0.490928
vt 0.943088 0.000420
vt 0.890476 0.599216
vt 0.876148 0.601221
vt 0.878422 0.600680
vt 0.543292 0.814992
vt 0.534183 0.824811
vt 0.548831 0.807827
vt 0.082108 0.877674
vt 0.084840 0.885384
vt 0.890426 0.171304
vt 0.891989 0.177625
vt 0.890063 0.182629
vt 0.891535 0.187607
vt 0.202545 0.575303
vt 0.208866 0.570115
vt 0.316622 0.473462
vt 0.901046 0.579865
vt 0.900336 0.577010
vt 0.293426 0.421877
vt 0.294286 0.417179
vt 0.294304 0.428667
vt 0.171341 0.938722
vt 0.972206 0.369789
vt 0.447645 0.297626
vt 0.461286 0.298097
vt 0.453227 0.298413
vt 0.527690 0.571077
vt 0.515048 0.577274
vt 0.537590 0.563812
vt 0.891866 0.169719
vt 0.952708 0.424928
vt 0.877954 0.355074
vt 0.879581 0.361504
vt 0.878125 0.366550
vt 0.791398 0.247915
vt 0.653410 0.604730
vt 0.655154 0.604617
vt 0.642487 0.614448
vt 0.832804 0.038795
vt 0.827520 0.034323
vt 0.805338 0.124889
vt 0.805884 0.149070
vt 0.804962 0.137164
vt 0.913261 0.761402
vt 0.913941 0.764708
vt 0.913234 0.767977
vt 0.915364 0.738893
vt 0.915800 0.746342
vt 0.913941 0.751424
vt 0.781538 0.251603
vt 0.781545 0.250898
vt 0.929222 0.979436
vt 0.003372 0.949866
vt 0.579508 0.058566
vt 0.589409 0.072764
vt 0.592981 0.079307
vt 0.948882 0.061469
vt 0.873399 0.684478
vt 0.930841 0.749888
vt 0.914604 0.155679
vt 0.914015 0.146155
vt 0.914726 0.140940
vt 0.775040 0.252963
vt 0.274747 0.596696
vt 0.271723 0.599947
vt 0.271820 0.593925
vt 0.274966 0.588974
vt 0.851230 0.767227
vt 0.857874 0.744539
vt 0.859202 0.745524
vt 0.026468 0.636826
vt 0.034019 0.629881
vt 0.032561 0.637197
vt 0.020616 0.646239
vt 0.911745 0.136457
vt 0.911635 0.145435
vt 0.910769 0.150377
vt 0.508609 0.581482
vt 0.500046 0.584879
vt 0.285961 0.902586
vt 0.768151 0.254757
vt 0.774006 0.253837
vt 0.678542 0.587016
vt 0.244864 0.904762
vt 0.527257 0.969434
vt 0.061915 0.946664
vt 0.519184 0.620041
vt 0.513049 0.616307
vt 0.504370 0.610657
vt 0.298466 0.477780
vt 0.294424 0.474547
vt 0.298274 0.463555
vt 0.293751 0.403108
vt 0.943841 0.280101
vt 0.946368 0.287355
vt 0.764964 0.256032
vt 0.758723 0.256514
vt 0.675269 0.586529
vt 0.978847 0.317304
vt 0.990910 0.870242
vt 0.986952 0.870620
vt 0.303912 0.440481
vt 0.304764 0.450228
vt 0.304326 0.456025
vt 0.186622 0.863751
vt 0.703921 0.270867
vt 0.951427 0.121462
vt 0.089237 0.849883
vt 0.123836 0.857721
vt 0.113549 0.860280
vt 0.983426 0.664360
vt 0.312560 0.771530
vt 0.308492 0.757186
vt 0.309458 0.759735
vt 0.304108 0.424873
vt 0.304811 0.426676
vt 0.918644 0.426777
vt 0.918338 0.413508
vt 0.919775 0.417217
vt 0.919923 0.428031
vt 0.877626 0.469917
vt 0.879011 0.464538
vt 0.567652 0.888601
vt 0.561005 0.525552
vt 0.565418 0.520335
vt 0.913545 0.735041
vt 0.913709 0.744332
vt 0.733359 0.257769
vt 0.722615 0.256680
vt 0.747194 0.257704
vt 0.305482 0.306209
vt 0.305939 0.313860
vt 0.305482 0.321351
vt 0.878433 0.451162
vt 0.879842 0.456705
vt 0.591270 0.594364
vt 0.592070 0.606316
vt 0.591270 0.612694
vt 0.914886 0.717857
vt 0.916940 0.728146
vt 0.914477 0.728824
vt 0.570534 0.509333
vt 0.265248 0.935930
vt 0.770974 0.003977
vt 0.779238 0.005851
vt 0.904251 0.713282
vt 0.902872 0.709817
vt 0.848676 0.504110
vt 0.838585 0.521119
vt 0.828095 0.533250
vt 0.303868 0.406187
vt 0.304818 0.405489
vt 0.294200 0.456957
vt 0.293392 0.466324
vt 0.305839 0.600768
vt 0.305839 0.618024
vt 0.304973 0.610321
vt 0.579283 0.512750
vt 0.581854 0.504014
vt 0.912381 0.717481
vt 0.912049 0.704651
vt 0.913459 0.713410
vt 0.913332 0.723193
vt 0.877904 0.588580
vt 0.880056 0.591358
vt 0.612577 0.372438
vt 0.600891 0.395989
vt 0.607900 0.378563
vt 0.305408 0.456206
vt 0.304818 0.444905
vt 0.305408 0.436283
vt 0.592072 0.612694
vt 0.592072 0.629509
vt 0.591270 0.618031
vt 0.879810 0.435290
vt 0.878243 0.437771
vt 0.299940 0.396907
vt 0.300284 0.412731
vt 0.541662 0.024015
vt 0.305505 0.356053
vt 0.304818 0.365641
vt 0.304818 0.338979
vt 0.291102 0.543653
vt 0.292099 0.530864
vt 0.292099 0.546301
vt 0.914938 0.069796
vt 0.915024 0.093347
vt 0.914084 0.083169
vt 0.701395 0.252423
vt 0.702396 0.251970
vt 0.885592 0.433002
vt 0.886801 0.427045
vt 0.509912 0.926883
vt 0.881642 0.697158
vt 0.884928 0.713840
vt 0.881787 0.714429
vt 0.304452 0.390977
vt 0.293550 0.442062
vt 0.294321 0.443300
vt 0.365410 0.265289
vt 0.365600 0.264259
vt 0.379675 0.274684
vt 0.303808 0.381323
vt 0.304359 0.371920
vt 0.304818 0.414288
vt 0.305579 0.423563
vt 0.304849 0.436283
vt 0.884650 0.692285
vt 0.890182 0.075308
vt 0.892386 0.082622
vt 0.890212 0.089925
vt 0.585232 0.498351
vt 0.588665 0.486558
vt 0.313651 0.143610
vt 0.314711 0.138725
vt 0.314076 0.149490
vt 0.302089 0.627404
vt 0.303360 0.621414
vt 0.303360 0.636612
vt 0.701477 0.271770
vt 0.900062 0.615693
vt 0.878375 0.418851
vt 0.617958 0.362461
vt 0.627501 0.351594
vt 0.172026 0.001440
vt 0.173927 0.001216
vt 0.805267 0.553185
vt 0.817177 0.543860
vt 0.903099 0.679058
vt 0.904345 0.680513
vt 0.904384 0.690880
vt 0.877170 0.426309
vt 0.889418 0.414095
vt 0.889713 0.433230
vt 0.889041 0.424888
vt 0.934028 0.096625
vt 0.937247 0.099715
vt 0.934907 0.109208
vt 0.959126 0.436709
vt 0.886349 0.629813
vt 0.886875 0.631694
vt 0.886996 0.645217
vt 0.353873 0.253992
vt 0.889123 0.643475
vt 0.303242 0.610146
vt 0.302089 0.621413
vt 0.302089 0.603840
vt 0.826869 0.290515
vt 0.899402 0.393868
vt 0.901836 0.382617
vt 0.308232 0.702280
vt 0.311275 0.690031
vt 0.306040 0.717194
vt 0.420964 0.590688
vt 0.413236 0.589655
vt 0.274377 0.888842
vt 0.274315 0.885767
vt 0.727161 0.001091
vt 0.739709 0.000251
vt 0.713956 0.003055
vt 0.879044 0.407244
vt 0.876875 0.405952
vt 0.956600 0.959354
vt 0.062493 0.615524
vt 0.074962 0.618160
vt 0.057629 0.626724
vt 0.734042 0.000000
vt 0.909469 0.351130
vt 0.910005 0.357624
vt 0.918602 0.348860
vt 0.919920 0.350158
vt 0.919999 0.360926
vt 0.043464 0.488624
vt 0.031416 0.450596
vt 0.048914 0.395800
vt 0.048102 0.413415
vt 0.043489 0.465360
vt 0.050927 0.491259
vt 0.592400 0.460992
vt 0.592525 0.466729
vt 0.589273 0.477172
vt 0.566221 0.682381
vt 0.501384 0.015647
vt 0.492884 0.013370
vt 0.588703 0.792401
vt 0.891940 0.057643
vt 0.890435 0.046573
vt 0.892214 0.042185
vt 0.871022 0.617736
vt 0.874080 0.610181
vt 0.669934 0.236954
vt 0.657011 0.227260
vt 0.678239 0.241982
vt 0.864280 0.387449
vt 0.864237 0.406296
vt 0.863509 0.397753
vt 0.661408 0.231102
vt 0.913290 0.647741
vt 0.783195 0.835479
vt 0.820343 0.912117
vt 0.889247 0.037949
vt 0.892123 0.791022
vt 0.864400 0.357813
vt 0.864341 0.372227
vt 0.863627 0.366353
vt 0.938302 0.496508
vt 0.936019 0.496421
vt 0.937420 0.475185
vt 0.909242 0.329984
vt 0.913442 0.641997
vt 0.792305 0.824996
vt 0.803671 0.817353
vt 0.298448 0.389608
vt 0.280416 0.761108
vt 0.281440 0.754216
vt 0.280925 0.770505
vt 0.483487 0.589367
vt 0.960824 0.482834
vt 0.961686 0.527941
vt 0.954637 0.572797
vt 0.913211 0.756079
vt 0.904793 0.762035
vt 0.037996 0.253604
vt 0.329391 0.234926
vt 0.323271 0.223228
vt 0.305784 0.618431
vt 0.305784 0.635590
vt 0.303864 0.621849
vt 0.909121 0.319047
vt 0.879165 0.382765
vt 0.877308 0.376640
vt 0.115940 0.004683
vt 0.463402 0.000000
vt 0.910495 0.094720
vt 0.907615 0.100698
vt 0.907889 0.085321
vt 0.354241 0.545618
vt 0.352575 0.544863
vt 0.342119 0.531768
vt 0.465215 0.009295
vt 0.200269 0.902428
vt 0.889725 0.351764
vt 0.375410 0.337342
vt 0.692533 0.009472
vt 0.917680 0.317896
vt 0.918010 0.306852
vt 0.919138 0.312662
vt 0.936131 0.774695
vt 0.933030 0.778112
vt 0.110784 0.006044
vt 0.322800 0.517656
vt 0.326710 0.526127
vt 0.058575 0.728098
vt 0.102095 0.727859
vt 0.060757 0.779350
vt 0.909001 0.311787
vt 0.909524 0.305855
vt 0.636451 0.206006
vt 0.638252 0.207269
vt 0.642952 0.213458
vt 0.919098 0.306359
vt 0.879346 0.348764
vt 0.104542 0.008054
vt 0.030117 0.244183
vt 0.326486 0.212217
vt 0.327015 0.214770
vt 0.323004 0.204253
vt 0.986419 0.844545
vt 0.991187 0.845012
vt 0.066987 0.817831
vt 0.090085 0.827377
vt 0.109347 0.844887
vt 0.091382 0.844045
vt 0.436395 0.010665
vt 0.453741 0.009236
vt 0.342935 0.635664
vt 0.352510 0.626794
vt 0.338571 0.640664
vt 0.632156 0.198775
vt 0.628061 0.192196
vt 0.622835 0.181933
vt 0.978634 0.600926
vt 0.299138 0.312035
vt 0.303397 0.306209
vt 0.303517 0.318768
vt 0.881720 0.618384
vt 0.881640 0.608722
vt 0.881739 0.603555
vt 0.913758 0.599167
vt 0.925708 0.154909
vt 0.925137 0.170414
vt 0.924425 0.155883
vt 0.929012 0.744819
vt 0.929714 0.748980
vt 0.928830 0.754270
vt 0.086068 0.015511
vt 0.098654 0.009989
vt 0.756373 0.257769
vt 0.757425 0.259973
vt 0.305925 0.507478
vt 0.304818 0.513034
vt 0.304818 0.494712
vt 0.913033 0.595260
vt 0.987787 0.017598
vt 0.828470 0.800623
vt 0.833901 0.796727
vt 0.822746 0.808174
vt 0.315561 0.176369
vt 0.318804 0.190717
vt 0.318426 0.199827
vt 0.405277 0.313589
vt 0.390012 0.318596
vt 0.405438 0.312447
vt 0.913941 0.589421
vt 0.913211 0.586399
vt 0.924731 0.146836
vt 0.926199 0.141483
vt 0.839986 0.787241
vt 0.880016 0.334125
vt 0.878520 0.337803
vt 0.878511 0.328619
vt 0.880835 0.483570
vt 0.883397 0.484477
vt 0.880604 0.495427
vt 0.889369 0.319812
vt 0.890031 0.317022
vt 0.889560 0.336904
vt 0.651791 0.034663
vt 0.662413 0.026110
vt 0.646408 0.040702
vt 0.621010 0.179105
vt 0.621142 0.176698
vt 0.925110 0.134798
vt 0.297066 0.555663
vt 0.295831 0.546849
vt 0.857713 0.399877
vt 0.011125 0.209508
vt 0.023683 0.234881
vt 0.013285 0.215481
vt 0.306954 0.172080
vt 0.308029 0.181077
vt 0.932687 0.649694
vt 0.907143 0.144469
vt 0.906338 0.144899
vt 0.618253 0.170178
vt 0.619206 0.174069
vt 0.617189 0.167261
vt 0.878229 0.320640
vt 0.880078 0.313624
vt 0.879912 0.323223
vt 0.280010 0.778315
vt 0.275689 0.786923
vt 0.276153 0.773067
vt 0.886659 0.324189
vt 0.886649 0.307686
vt 0.887353 0.305855
vt 0.414751 0.015329
vt 0.417729 0.014950
vt 0.402271 0.020312
vt 0.955506 0.636506
vt 0.303850 0.654074
vt 0.303065 0.659815
vt 0.915023 0.003386
vt 0.616827 0.167795
vt 0.011413 0.666765
vt 0.008294 0.681627
vt 0.002303 0.695727
vt 0.001449 0.687469
vt 0.005226 0.676818
vt 0.260314 0.378572
vt 0.264893 0.379963
vt 0.401180 0.286944
vt 0.394611 0.283325
vt 0.412921 0.290984
vt 0.691797 0.977968
vt 0.701160 0.972228
vt 0.304993 0.972763
vt 0.304087 0.968007
vt 0.535186 0.966157
vt 0.313766 0.162424
vt 0.306041 0.153912
vt 0.907098 0.133397
vt 0.492203 0.604879
vt 0.631342 0.060192
vt 0.639520 0.048029
vt 0.874394 0.065157
vt 0.916845 0.712836
vt 0.244224 0.910039
vt 0.242930 0.916193
vt 0.241067 0.913133
vt 0.242339 0.908768
vt 0.009641 0.206832
vt 0.314262 0.161535
vt 0.881596 0.459525
vt 0.884226 0.463395
vt 0.881557 0.470494
vt 0.861824 0.304176
vt 0.863963 0.304793
vt 0.373273 0.612110
vt 0.018553 0.226419
vt 0.916996 0.103297
vt 0.916758 0.113793
vt 0.916195 0.110665
vt 0.612597 0.145814
vt 0.614173 0.153972
vt 0.613984 0.156252
vt 0.612229 0.147279
vt 0.923893 0.012916
vt 0.925342 0.010842
vt 0.924601 0.020777
vt 0.899625 0.375414
vt 0.896323 0.380556
vt 0.897478 0.366765
vt 0.911727 0.051540
vt 0.911654 0.041792
vt 0.914696 0.042700
vt 0.914769 0.054911
vt 0.911738 0.066465
vt 0.301313 0.667625
vt 0.299109 0.681253
vt 0.940674 0.982596
vt 0.513625 0.019903
vt 0.945979 0.701443
vt 0.847710 0.763269
vt 0.853566 0.745577
vt 0.722931 0.000965
vt 0.925094 0.101255
vt 0.926348 0.106544
vt 0.925203 0.113653
vt 0.439754 0.584497
vt 0.436059 0.584811
vt 0.426210 0.582784
vt 0.573265 0.970024
vt 0.142039 0.870414
vt 0.142245 0.863751
vt 0.280866 0.745909
vt 0.090385 0.942917
vt 0.091483 0.896733
vt 0.093927 0.923879
vt 0.312042 0.137789
vt 0.499121 0.899999
vt 0.410508 0.597435
vt 0.419032 0.595998
vt 0.446171 0.594501
vt 0.435285 0.594364
vt 0.614807 0.097821
vt 0.618713 0.085703
vt 0.248673 0.889925
vt 0.245167 0.881225
vt 0.248732 0.882845
vt 0.251987 0.888038
vt 0.916788 0.049932
vt 0.989966 0.658537
vt 0.587220 0.837868
vt 0.925228 0.084544
vt 0.926742 0.093014
vt 0.917134 0.696477
vt 0.915403 0.685349
vt 0.917027 0.679400
vt 0.965354 0.606418
vt 0.294450 0.314637
vt 0.294412 0.307459
vt 0.295304 0.306209
vt 0.315448 0.128934
vt 0.317083 0.123644
vt 0.520744 0.881559
vt 0.590392 0.479638
vt 0.532130 0.960151
vt 0.976647 0.731669
vt 0.988900 0.732575
vt 0.456808 0.595257
vt 0.464386 0.596661
vt 0.474520 0.598766
vt 0.480162 0.600535
vt 0.925405 0.059163
vt 0.926646 0.064046
vt 0.925410 0.070536
vt 0.861946 0.730193
vt 0.916153 0.613147
vt 0.914535 0.621135
vt 0.914550 0.612144
vt 0.889152 0.441854
vt 0.889381 0.458685
vt 0.245614 0.544377
vt 0.268217 0.904219
vt 0.265467 0.900036
vt 0.987711 0.077508
vt 0.978561 0.075453
vt 0.987769 0.073079
vt 0.000818 0.167030
vt 0.005297 0.192385
vt 0.001993 0.177697
vt 0.293757 0.375200
vt 0.294022 0.356239
vt 0.294567 0.364156
vt 0.910769 0.086078
vt 0.907653 0.070579
vt 0.910546 0.069780
vt 0.910670 0.059076
vt 0.304818 0.456206
vt 0.305983 0.460920
vt 0.304818 0.475781
vt 0.289157 0.530864
vt 0.290073 0.532333
vt 0.289157 0.546649
vt 0.306013 0.635590
vt 0.306013 0.648220
vt 0.305441 0.644638
vt 0.914324 0.652887
vt 0.914606 0.636241
vt 0.915762 0.652767
vt 0.916204 0.628715
vt 0.786150 0.319383
vt 0.790180 0.320757
vt 0.801691 0.327353
vt 0.811809 0.335553
vt 0.277197 0.740948
vt 0.276639 0.747844
vt 0.276949 0.731743
vt 0.281761 0.732879
vt 0.281396 0.727599
vt 0.926556 0.049038
vt 0.925116 0.045642
vt 0.450912 0.315246
vt 0.903233 0.982038
vt 0.303242 0.603841
vt 0.303831 0.606273
vt 0.303242 0.617363
vt 0.885330 0.369896
vt 0.884500 0.378645
vt 0.892212 0.629112
vt 0.890548 0.631230
vt 0.890562 0.618250
vt 0.891713 0.617227
vt 0.911995 0.093279
vt 0.914771 0.109821
vt 0.911902 0.108117
vt 0.534236 0.334679
vt 0.520691 0.325568
vt 0.529675 0.330188
vt 0.305248 0.593602
vt 0.305967 0.578448
vt 0.305967 0.595958
vt 0.304818 0.414288
vt 0.304818 0.391739
vt 0.305402 0.399356
vt 0.280810 0.636556
vt 0.281742 0.644421
vt 0.281003 0.651003
vt 0.002168 0.126910
vt 0.005708 0.111908
vt 0.001929 0.132465
vt 0.863533 0.436664
vt 0.864166 0.421876
vt 0.864307 0.432154
vt 0.988239 0.098672
vt 0.987755 0.094982
vt 0.997123 0.095439
vt 0.996954 0.099782
vt 0.918536 0.359060
vt 0.034347 0.358730
vt 0.041139 0.352824
vt 0.575089 0.688989
vt 0.575168 0.669410
vt 0.588096 0.673034
vt 0.951014 0.958662
vt 0.810646 0.333599
vt 0.824012 0.345178
vt 0.823618 0.346057
vt 0.271619 0.757437
vt 0.271685 0.747327
vt 0.274605 0.751084
vt 0.274865 0.767396
vt 0.271874 0.768268
vt 0.858291 0.479544
vt 0.860185 0.475413
vt 0.855338 0.490339
vt 0.279208 0.453999
vt 0.282144 0.459080
vt 0.911418 0.208051
vt 0.908975 0.203075
vt 0.949732 0.247095
vt 0.599868 0.185705
vt 0.610430 0.172360
vt 0.606782 0.192595
vt 0.598249 0.215867
vt 0.560012 0.267527
vt 0.560835 0.256373
vt 0.581162 0.230726
vt 0.592072 0.208987
vt 0.877329 0.394107
vt 0.318866 0.511881
vt 0.317926 0.507799
vt 0.919500 0.202948
vt 0.769394 0.989421
vt 0.771474 0.989141
vt 0.516414 0.926904
vt 0.897488 0.209150
vt 0.897984 0.220988
vt 0.896874 0.214216
vt 0.910248 0.426103
vt 0.918443 0.437389
vt 0.918451 0.449675
vt 0.272311 0.788933
vt 0.272145 0.780468
vt 0.275317 0.778002
vt 0.141565 0.917200
vt 0.534008 0.934313
vt 0.111418 0.982775
vt 0.110690 0.985140
vt 0.934112 0.339434
vt 0.936880 0.345531
vt 0.867788 0.525234
vt 0.937469 0.435463
vt 0.938302 0.445108
vt 0.935015 0.445560
vt 0.730983 0.992869
vt 0.287185 0.365377
vt 0.287094 0.373427
vt 0.286990 0.376907
vt 0.733915 0.266635
vt 0.733280 0.270800
vt 0.723025 0.946650
vt 0.719957 0.944346
vt 0.852973 0.974193
vt 0.853326 0.970874
vt 0.862066 0.968554
vt 0.862183 0.973411
vt 0.966519 0.767135
vt 0.845428 0.890858
vt 0.967860 0.910500
vt 0.010710 0.396698
vt 0.004956 0.410578
vt 0.007747 0.399486
vt 0.013761 0.386990
vt 0.286622 0.391971
vt 0.292092 0.388277
vt 0.980843 0.902441
vt 0.246069 0.462892
vt 0.275733 0.447075
vt 0.268414 0.483071
vt 0.264233 0.468136
vt 0.025681 0.529951
vt 0.019556 0.516481
vt 0.588711 0.778495
vt 0.590489 0.774060
vt 0.590501 0.782514
vt 0.958707 0.429993
vt 0.959760 0.427608
vt 0.264881 0.864599
vt 0.946713 0.030444
vt 0.937878 0.402663
vt 0.939804 0.413699
vt 0.862314 0.977307
vt 0.853213 0.979857
vt 0.287499 0.904668
vt 0.294168 0.502007
vt 0.294118 0.486369
vt 0.298168 0.487987
vt 0.298616 0.501569
vt 0.598029 0.699461
vt 0.594124 0.697161
vt 0.602603 0.662888
vt 0.606638 0.664652
vt 0.601158 0.681245
vt 0.248807 0.953953
vt 0.141755 0.306834
vt 0.154201 0.311361
vt 0.122762 0.314391
vt 0.122204 0.310290
vt 0.930421 0.549295
vt 0.934826 0.551391
vt 0.934748 0.554713
vt 0.251323 0.364415
vt 0.229533 0.340281
vt 0.243619 0.351437
vt 0.819865 0.542394
vt 0.832523 0.529208
vt 0.984346 0.881219
vt 0.982750 0.877559
vt 0.909796 0.382191
vt 0.909561 0.363219
vt 0.910386 0.370909
vt 0.983249 0.443153
vt 0.304353 0.478836
vt 0.901892 0.462003
vt 0.900420 0.452149
vt 0.907459 0.455285
vt 0.904322 0.472553
vt 0.574696 0.649190
vt 0.575448 0.650189
vt 0.574539 0.665126
vt 0.576051 0.607092
vt 0.589858 0.604588
vt 0.107452 0.582217
vt 0.109071 0.577258
vt 0.135227 0.585331
vt 0.124172 0.586510
vt 0.180710 0.931432
vt 0.182533 0.929886
vt 0.186953 0.933365
vt 0.988905 0.460513
vt 0.981049 0.464123
vt 0.589725 0.678310
vt 0.956805 0.454319
vt 0.955259 0.442628
vt 0.883257 0.319299
vt 0.882773 0.306404
vt 0.919880 0.287846
vt 0.919428 0.248192
vt 0.923324 0.248154
vt 0.589322 0.807850
vt 0.135526 0.346541
vt 0.114508 0.348679
vt 0.101486 0.323568
vt 0.123731 0.322142
vt 0.158632 0.318721
vt 0.175786 0.325993
vt 0.169473 0.346955
vt 0.153691 0.610414
vt 0.149520 0.598310
vt 0.173683 0.605070
vt 0.181479 0.612942
vt 0.285836 0.621338
vt 0.929640 0.721630
vt 0.930019 0.734242
vt 0.688279 0.587972
vt 0.664637 0.597750
vt 0.093686 0.319327
vt 0.067222 0.330170
vt 0.083200 0.319990
vt 0.105187 0.311775
vt 0.107758 0.314485
vt 0.898690 0.473115
vt 0.937878 0.384573
vt 0.066537 0.978371
vt 0.956329 0.233146
vt 0.956749 0.268798
vt 0.916551 0.141871
vt 0.986575 0.759383
vt 0.969729 0.572139
vt 0.967431 0.278221
vt 0.797535 0.847902
vt 0.803179 0.976305
vt 0.792814 0.976606
vt 0.788825 0.847896
vt 0.901328 0.745742
vt 0.892922 0.734110
vt 0.287522 0.577667
vt 0.288665 0.562806
vt 0.874281 0.026914
vt 0.185813 0.352809
vt 0.846264 0.292536
vt 0.848319 0.293038
vt 0.015670 0.655874
vt 0.026922 0.647533
vt 0.189490 0.900667
vt 0.191779 0.898617
vt 0.141732 0.887168
vt 0.141601 0.903244
vt 0.939601 0.898897
vt 0.937797 0.918908
vt 0.987714 0.049865
vt 0.883410 0.497714
vt 0.882880 0.509097
vt 0.880078 0.506156
vt 0.981130 0.570252
vt 0.872289 0.604718
vt 0.870353 0.594195
vt 0.261960 0.671571
vt 0.267349 0.694162
vt 0.255190 0.663728
vt 0.008280 0.719746
vt 0.299634 0.480902
vt 0.300174 0.472987
vt 0.303706 0.469920
vt 0.600805 0.883123
vt 0.605506 0.882708
vt 0.599693 0.894883
vt 0.596639 0.892165
vt 0.142507 0.939894
vt 0.142650 0.934409
vt 0.487037 0.992200
vt 0.480333 0.991937
vt 0.489365 0.863695
vt 0.911991 0.081876
vt 0.574414 0.723473
vt 0.574973 0.715443
vt 0.575152 0.727911
vt 0.927756 0.551868
vt 0.054406 0.967903
vt 0.592625 0.434532
vt 0.593511 0.426325
vt 0.593302 0.433767
vt 0.885592 0.394315
vt 0.885513 0.407713
vt 0.884378 0.408768
vt 0.884539 0.396795
vt 0.988951 0.747174
vt 0.905674 0.211369
vt 0.647694 0.219210
vt 0.592525 0.443031
vt 0.586406 0.410998
vt 0.588283 0.411365
vt 0.591429 0.425309
vt 0.972220 0.653534
vt 0.968035 0.616768
vt 0.868844 0.696304
vt 0.867367 0.709650
vt 0.862441 0.700188
vt 0.867209 0.677555
vt 0.857753 0.183152
vt 0.306040 0.740745
vt 0.573479 0.986543
vt 0.288970 0.412673
vt 0.288215 0.405105
vt 0.288171 0.391481
vt 0.890974 0.067113
vt 0.889700 0.054235
vt 0.276635 0.759550
vt 0.985901 0.852216
vt 0.904860 0.167904
vt 0.904724 0.183712
vt 0.889313 0.697460
vt 0.032400 0.654389
vt 0.285493 0.658643
vt 0.289466 0.653787
vt 0.291083 0.681759
vt 0.285294 0.673901
vt 0.940502 0.157030
vt 0.297734 0.962029
vt 0.298153 0.965557
vt 0.597957 0.090495
vt 0.598343 0.089411
vt 0.867608 0.627321
vt 0.862352 0.624934
vt 0.867032 0.613225
vt 0.891703 0.601792
vt 0.933131 0.008577
vt 0.506073 0.901253
vt 0.507308 0.916945
vt 0.937754 0.770494
vt 0.926723 0.080929
vt 0.238652 0.871893
vt 0.237095 0.873585
vt 0.973463 0.789271
vt 0.938996 0.015385
vt 0.976057 0.154714
vt 0.907616 0.400454
vt 0.907727 0.416176
vt 0.518360 0.863076
vt 0.291912 0.469655
vt 0.905031 0.156008
vt 0.891796 0.160190
vt 0.892160 0.146816
vt 0.974915 0.109442
vt 0.974936 0.119325
vt 0.967555 0.895256
vt 0.986676 0.210486
vt 0.979978 0.213143
vt 0.979755 0.207094
vt 0.573496 0.875124
vt 0.142776 0.893231
vt 0.142678 0.885127
vt 0.959843 0.325304
vt 0.623989 0.287594
vt 0.618688 0.288057
vt 0.601132 0.743318
vt 0.611045 0.769520
vt 0.605649 0.769178
vt 0.286699 0.452756
vt 0.287048 0.464703
vt 0.603799 0.953530
vt 0.599355 0.945330
vt 0.024514 0.799682
vt 0.036654 0.806340
vt 0.298319 0.372592
vt 0.033240 0.886460
vt 0.038292 0.881890
vt 0.035472 0.896401
vt 0.049994 0.342555
vt 0.058088 0.334099
vt 0.679729 0.283499
vt 0.869054 0.737318
vt 0.868191 0.721488
vt 0.593467 0.452828
vt 0.594905 0.467746
vt 0.592525 0.448177
vt 0.206233 0.883667
vt 0.206452 0.877868
vt 0.208519 0.878946
vt 0.959221 0.645147
vt 0.591266 0.832355
vt 0.590171 0.847329
vt 0.243180 0.770267
vt 0.247762 0.752271
vt 0.257452 0.769121
vt 0.249497 0.774912
vt 0.303902 0.340831
vt 0.304228 0.354047
vt 0.299976 0.357003
vt 0.299452 0.347533
vt 0.299523 0.336606
vt 0.050967 0.617942
vt 0.044972 0.627392
vt 0.874362 0.721869
vt 0.055650 0.953780
vt 0.800888 0.014871
vt 0.364873 0.333053
vt 0.376260 0.325635
vt 0.384881 0.322060
vt 0.864939 0.311344
vt 0.878192 0.308514
vt 0.864597 0.323871
vt 0.947722 0.119666
vt 0.945160 0.114654
vt 0.019407 0.907209
vt 0.017250 0.899765
vt 0.003035 0.464858
vt 0.008721 0.469691
vt 0.958681 0.241290
vt 0.017667 0.923732
vt 0.943088 0.101049
vt 0.940036 0.091896
vt 0.232174 0.779117
vt 0.226579 0.795946
vt 0.213898 0.797866
vt 0.212999 0.781358
vt 0.222624 0.769461
vt 0.182024 0.597332
vt 0.180680 0.601535
vt 0.172408 0.592625
vt 0.289284 0.422418
vt 0.291586 0.421030
vt 0.037029 0.957403
vt 0.992721 0.611089
vt 0.983426 0.609029
vt 0.958189 0.542752
vt 0.194333 0.824356
vt 0.208581 0.814123
vt 0.221188 0.808237
vt 0.209560 0.825811
vt 0.895162 0.364486
vt 0.350199 0.057977
vt 0.339437 0.071597
vt 0.343305 0.064985
vt 0.360354 0.046661
vt 0.359109 0.048700
vt 0.889353 0.606295
vt 0.888974 0.616882
vt 0.886776 0.618481
vt 0.886464 0.600707
vt 0.888999 0.592342
vt 0.914882 0.707758
vt 0.891632 0.482300
vt 0.891664 0.468273
vt 0.892876 0.473529
vt 0.207924 0.873327
vt 0.209660 0.874782
vt 0.145743 0.757344
vt 0.134730 0.759649
vt 0.124591 0.756152
vt 0.847790 0.918703
vt 0.847790 0.949377
vt 0.904405 0.193900
vt 0.973585 0.853636
vt 0.965352 0.883672
vt 0.965004 0.866982
vt 0.967655 0.850361
vt 0.969632 0.859973
vt 0.891042 0.332592
vt 0.892765 0.337069
vt 0.916691 0.639659
vt 0.929881 0.637129
vt 0.929939 0.650228
vt 0.612589 0.960373
vt 0.618965 0.965606
vt 0.617903 0.969008
vt 0.611841 0.964061
vt 0.606724 0.958098
vt 0.979366 0.231208
vt 0.979624 0.226976
vt 0.959112 0.980345
vt 0.959167 0.984457
vt 0.888639 0.919699
vt 0.885900 0.791123
vt 0.885655 0.371248
vt 0.930047 0.693300
vt 0.929855 0.711407
vt 0.885528 0.092487
vt 0.889145 0.102376
vt 0.910069 0.147095
vt 0.972545 0.465591
vt 0.978977 0.502132
vt 0.980498 0.502742
vt 0.817831 0.806087
vt 0.811800 0.811248
vt 0.889145 0.176323
vt 0.274043 0.644766
vt 0.274111 0.657294
vt 0.270988 0.654422
vt 0.271099 0.647374
vt 0.271078 0.638723
vt 0.570020 0.763159
vt 0.573740 0.742998
vt 0.572789 0.750714
vt 0.200384 0.947344
vt 0.590675 0.981459
vt 0.577147 0.978112
vt 0.528795 0.884786
vt 0.988914 0.456503
vt 0.328617 0.510011
vt 0.922438 0.195144
vt 0.931825 0.457504
vt 0.933757 0.471269
vt 0.574888 0.703990
vt 0.771411 0.986296
vt 0.769273 0.985643
vt 0.982437 0.703605
vt 0.299142 0.322506
vt 0.298968 0.317113
vt 0.303711 0.328126
vt 0.299219 0.327047
vt 0.892576 0.723015
vt 0.283151 0.330367
vt 0.287355 0.332686
vt 0.287424 0.344204
vt 0.292099 0.544139
vt 0.293003 0.530864
vt 0.293003 0.546252
vt 0.157464 0.751971
vt 0.177712 0.767500
vt 0.189660 0.805712
vt 0.179478 0.819623
vt 0.169342 0.823738
vt 0.158305 0.779798
vt 0.302089 0.647716
vt 0.236214 0.639678
vt 0.237589 0.633851
vt 0.942908 0.643795
vt 0.943518 0.593708
vt 0.726939 0.937136
vt 0.889540 0.631678
vt 0.289767 0.645088
vt 0.285927 0.636611
vt 0.893280 0.305855
vt 0.896132 0.312283
vt 0.897118 0.325852
vt 0.079181 0.804963
vt 0.054972 0.804982
vt 0.901166 0.320556
vt 0.902776 0.329984
vt 0.916956 0.069608
vt 0.983898 0.330062
vt 0.986256 0.330073
vt 0.894185 0.505925
vt 0.891718 0.505851
vt 0.904207 0.700933
vt 0.485453 0.311110
vt 0.465324 0.308470
vt 0.473730 0.307917
vt 0.290159 0.516320
vt 0.290813 0.528781
vt 0.289574 0.523040
vt 0.908689 0.546174
vt 0.909557 0.539180
vt 0.912280 0.544481
vt 0.890033 0.501341
vt 0.892159 0.501191
vt 0.980618 0.707300
vt 0.886892 0.679934
vt 0.889282 0.677075
vt 0.992584 0.640480
vt 0.868904 0.208767
vt 0.904133 0.521152
vt 0.902140 0.523508
vt 0.991144 0.335795
vt 0.909539 0.418403
vt 0.910143 0.403038
vt 0.910603 0.414105
vt 0.920836 0.322450
vt 0.928878 0.594583
vt 0.928239 0.577011
vt 0.929141 0.583483
vt 0.929541 0.594210
vt 0.877440 0.756840
vt 0.731376 0.287423
vt 0.727689 0.290473
vt 0.727759 0.287731
vt 0.248273 0.941983
vt 0.976050 0.586581
vt 0.746098 0.840959
vt 0.764868 0.836976
vt 0.740375 0.846336
vt 0.985817 0.374732
vt 0.981432 0.373567
vt 0.773249 0.280293
vt 0.849404 0.970273
vt 0.852927 0.968554
vt 0.993069 0.844457
vt 0.995708 0.841404
vt 0.083860 0.629092
vt 0.099415 0.602755
vt 0.109984 0.610520
vt 0.910743 0.549339
vt 0.907765 0.554961
vt 0.906094 0.551711
vt 0.708685 0.840480
vt 0.727838 0.841924
vt 0.727656 0.847142
vt 0.706406 0.845118
vt 0.875052 0.137011
vt 0.780098 0.267682
vt 0.778518 0.265886
vt 0.886354 0.394838
vt 0.885752 0.389133
vt 0.521898 0.891625
vt 0.805422 0.265472
vt 0.801390 0.261917
vt 0.802588 0.260048
vt 0.805859 0.262910
vt 0.964481 0.642708
vt 0.962843 0.647210
vt 0.236981 0.888724
vt 0.238797 0.883769
vt 0.629607 0.977238
vt 0.628665 0.972465
vt 0.756055 0.977179
vt 0.765388 0.891960
vt 0.768193 0.977000
vt 0.144238 0.826670
vt 0.148903 0.837117
vt 0.136175 0.843470
vt 0.122267 0.839307
vt 0.119154 0.834444
vt 0.132298 0.826404
vt 0.299966 0.426048
vt 0.976156 0.032747
vt 0.923450 0.464940
vt 0.990775 0.864153
vt 0.995654 0.862275
vt 0.285005 0.989846
vt 0.289625 0.850344
vt 0.271408 0.609717
vt 0.274581 0.607160
vt 0.313120 0.192055
vt 0.210109 0.869932
vt 0.213078 0.870072
vt 0.012757 0.917137
vt 0.229632 0.979613
vt 0.194033 0.367196
vt 0.098340 0.366152
vt 0.902688 0.350451
vt 0.902671 0.360927
vt 0.292245 0.828288
vt 0.984808 0.253117
vt 0.632259 0.538018
vt 0.975588 0.655642
vt 0.187793 0.633776
vt 0.187977 0.676427
vt 0.143778 0.694694
vt 0.163793 0.628810
vt 0.176469 0.628484
vt 0.129551 0.600682
vt 0.660698 0.257769
vt 0.656750 0.260253
vt 0.528413 0.984416
vt 0.841277 0.283526
vt 0.739938 0.275905
vt 0.271983 0.832149
vt 0.274940 0.831229
vt 0.917836 0.478340
vt 0.917613 0.486912
vt 0.909374 0.484729
vt 0.909324 0.474676
vt 0.783500 0.263403
vt 0.071897 0.879559
vt 0.881488 0.737204
vt 0.015860 0.484929
vt 0.016475 0.501820
vt 0.882094 0.434632
vt 0.881934 0.419315
vt 0.884849 0.419857
vt 0.884893 0.430136
vt 0.884249 0.438254
vt 0.011995 0.697476
vt 0.300992 0.573990
vt 0.005754 0.936041
vt 0.960694 0.167611
vt 0.907328 0.998345
vt 0.302089 0.561260
vt 0.911153 0.011084
vt 0.910934 -0.000000
vt 0.914079 0.002475
vt 0.914126 0.010272
vt 0.914373 0.018171
vt 0.974601 0.181539
vt 0.978630 0.182433
vt 0.978473 0.163437
vt 0.976101 0.161295
vt 0.933796 0.662190
vt 0.931355 0.674273
vt 0.930710 0.662112
vt 0.076582 0.985283
vt 0.537866 0.932243
vt 0.536285 0.948166
vt 0.208348 0.669933
vt 0.195759 0.684461
vt 0.224493 0.980209
vt 0.314741 0.457335
vt 0.314173 0.462493
vt 0.907314 0.920024
vt 0.929745 0.626542
vt 0.929304 0.609944
vt 0.815993 0.954862
vt 0.881918 0.361199
vt 0.882107 0.377986
vt 0.077813 0.878704
vt 0.075355 0.880267
vt 0.515689 0.906152
vt 0.904748 0.031332
vt 0.904836 0.047231
vt 0.141882 0.877555
vt 0.960932 0.009933
vt 0.937019 0.455669
vt 0.935086 0.456190
vt 0.939595 0.425351
vt 0.940452 0.420615
vt 0.845367 0.287557
vt 0.849434 0.288489
vt 0.987252 0.199325
vt 0.989908 0.199335
vt 0.942714 0.574299
vt 0.919999 0.333645
vt 0.878557 0.996532
vt 0.881293 0.993102
vt 0.294513 0.325797
vt 0.298850 0.329724
vt 0.298376 0.340359
vt 0.294243 0.342472
vt 0.942029 0.051396
vt 0.940519 0.055720
vt 0.243517 0.871334
vt 0.171358 0.908637
vt 0.171224 0.918570
vt 0.142912 0.911292
vt 0.249634 0.531484
vt 0.254262 0.519988
vt 0.685459 0.840428
vt 0.682677 0.838186
vt 0.046095 0.892369
vt 0.049262 0.892145
vt 0.974438 0.778221
vt 0.971792 0.777494
vt 0.137836 0.983365
vt 0.128784 0.984690
vt 0.128795 0.979313
vt 0.137870 0.979600
vt 0.280348 0.860616
vt 0.575779 0.810060
vt 0.990740 0.344420
vt 0.988474 0.343888
vt 0.567549 0.908398
vt 0.567495 0.920493
vt 0.896597 0.931593
vt 0.323310 0.383134
vt 0.313389 0.403886
vt 0.316260 0.394569
vt 0.304818 0.338979
vt 0.304818 0.306209
vt 0.305482 0.325627
vt 0.532154 0.342679
vt 0.558531 0.356289
vt 0.564207 0.378288
vt 0.559024 0.370563
vt 0.549212 0.358168
vt 0.864042 0.455306
vt 0.864460 0.443113
vt 0.877010 0.461240
vt 0.864373 0.464416
vt 0.000402 0.727020
vt -0.000000 0.714038
vt 0.005625 0.709849
vt 0.899209 0.974646
vt 0.918055 0.398594
vt 0.910988 0.391109
vt 0.869547 0.268118
vt 0.593124 0.923422
vt 0.596700 0.923730
vt 0.597896 0.931398
vt 0.595011 0.934837
vt 0.176539 0.928374
vt 0.177503 0.926224
vt 0.274218 0.873224
vt 0.009290 0.429308
vt 0.011041 0.403961
vt 0.688604 0.299546
vt 0.685927 0.297556
vt 0.686727 0.294820
vt 0.688604 0.293131
vt 0.881896 0.590777
vt 0.884761 0.596502
vt 0.884793 0.612740
vt 0.057318 0.936008
vt 0.078280 0.533019
vt 0.098385 0.537479
vt 0.934739 0.565196
vt 0.934826 0.559258
vt 0.894370 0.437521
vt 0.924038 0.169952
vt 0.994092 0.897934
vt 0.100963 0.784438
vt 0.095894 0.802336
vt 0.173654 0.844074
vt 0.277380 0.650088
vt 0.594701 0.897937
vt 0.125490 0.850890
vt 0.013609 0.896966
vt 0.016542 0.934781
vt 0.877151 0.346649
vt 0.864545 0.344478
vt 0.864674 0.332643
vt 0.031721 0.502331
vt 0.581250 0.480979
vt 0.584081 0.465744
vt 0.584356 0.436315
vt 0.573935 0.504301
vt 0.889112 0.067107
vt 0.948886 0.765382
vt 0.953318 0.698548
vt 0.029723 0.686931
vt 0.887098 0.662691
vt 0.889243 0.657644
vt 0.889820 0.668468
vt 0.033936 0.941759
vt 0.034900 0.931532
vt 0.542481 0.339835
vt 0.976416 0.281271
vt 0.286515 0.430195
vt 0.899144 0.293375
vt 0.898473 0.295312
vt 0.517119 0.291799
vt 0.981465 0.992473
vt 0.981226 0.994311
vt 0.292915 0.489967
vt 0.293126 0.512934
vt 0.292401 0.498287
vt 0.983456 0.595802
vt 0.960153 0.681973
vt 0.989239 0.978209
vt 0.881692 0.349133
vt 0.881507 0.338743
vt 0.929152 0.958682
vt 0.202738 0.869919
vt 0.298662 0.349451
vt 0.298570 0.360089
vt 0.891288 0.352253
vt 0.893319 0.366572
vt 0.957719 0.106959
vt 0.959460 0.111872
vt 0.929222 0.954229
vt 0.891733 0.647288
vt 0.302276 0.806406
vt 0.303238 0.803475
vt 0.915395 0.274084
vt 0.911798 0.269126
vt 0.910093 0.221158
vt 0.988286 0.308812
vt 0.979065 0.305855
vt 0.890033 0.306105
vt 0.505210 0.751576
vt 0.507460 0.743762
vt 0.508973 0.731893
vt 0.508792 0.721142
vt 0.508153 0.717500
vt 0.505176 0.705726
vt 0.501783 0.697790
vt 0.495943 0.687989
vt 0.483800 0.675244
vt 0.534737 0.633595
vt 0.542131 0.641235
vt 0.549236 0.650283
vt 0.556585 0.661591
vt 0.562262 0.672920
vt 0.298787 0.807283
vt 0.298346 0.810605
vt 0.882675 0.919719
vt 0.885375 0.745563
vt 0.882260 0.753299
vt 0.882101 0.742668
vt 0.882228 0.731848
vt 0.885145 0.730943
vt 0.049262 0.965786
vt 0.050506 0.956335
vt 0.879797 0.392025
vt 0.063395 0.608730
vt 0.075271 0.602635
vt 0.078746 0.607089
vt 0.906283 0.221601
vt 0.243078 0.790835
vt 0.258748 0.774871
vt 0.248352 0.796984
vt 0.239149 0.804412
vt 0.879054 0.023815
vt 0.735908 0.257769
vt 0.739833 0.260967
vt 0.275609 0.808646
vt 0.881748 0.449403
vt 0.884580 0.447429
vt 0.576167 0.069994
vt 0.567711 0.059202
vt 0.571570 0.062935
vt 0.585362 0.083438
vt 0.586921 0.087659
vt 0.892168 0.132102
vt 0.890614 0.144435
vt 0.890191 0.131688
vt 0.959112 0.963681
vt 0.094214 0.945833
vt 0.257469 0.966517
vt 0.852828 0.942405
vt 0.905183 0.131461
vt 0.905475 0.148437
vt 0.982095 0.937509
vt 0.979570 0.934461
vt 0.955912 0.434421
vt 0.972570 0.183847
vt 0.975380 0.963380
vt 0.969778 0.575529
vt 0.908066 0.225969
vt 0.077700 0.930912
vt 0.050279 0.834145
vt 0.861184 0.412618
vt 0.863467 0.426654
vt 0.863509 0.435376
vt 0.861338 0.416742
vt 0.875455 0.784618
vt 0.869409 0.551529
vt 0.867620 0.554314
vt 0.099258 0.932630
vt 0.101786 0.900508
vt 0.148893 0.622547
vt 0.143334 0.615550
vt 0.767479 0.993291
vt 0.764515 0.995810
vt 0.763247 0.994280
vt 0.766279 0.991591
vt 0.976026 0.152254
vt 0.118445 0.307845
vt 0.132222 0.306209
vt 0.937184 0.220797
vt 0.930925 0.227963
vt 0.933330 0.205890
vt 0.933504 0.174315
vt 0.934041 0.170390
vt 0.211523 0.841312
vt 0.206662 0.847131
vt 0.194221 0.851974
vt 0.921139 0.455248
vt 0.574877 0.634701
vt 0.877719 0.992970
vt 0.897392 0.286489
vt 0.897550 0.292661
vt 0.868904 0.297641
vt 0.869142 0.289711
vt 0.869335 0.280260
vt 0.222576 0.730099
vt 0.236278 0.760494
vt 0.164666 0.738525
vt 0.063888 0.964236
vt 0.865562 0.288063
vt 0.277568 0.720129
vt 0.298346 0.422744
vt 0.298188 0.440809
vt 0.297953 0.412931
vt 0.492253 0.913327
vt 0.978816 0.274773
vt 0.987445 0.270123
vt 0.987971 0.272972
vt 0.078377 0.565030
vt 0.081154 0.556007
vt 0.065947 0.550404
vt 0.140913 0.548804
vt 0.162508 0.551730
vt 0.160825 0.571694
vt 0.276813 0.633915
vt 0.276864 0.621734
vt 0.280397 0.617054
vt 0.281277 0.628599
vt 0.867030 0.640206
vt 0.744509 0.577010
vt 0.755936 0.579259
vt 0.925010 0.123633
vt 0.916669 0.124968
vt 0.852520 0.285809
vt 0.851654 0.288662
vt 0.996878 0.296442
vt 0.988062 0.295250
vt 0.935594 0.195902
vt 0.155627 0.307587
vt 0.171130 0.310029
vt 0.021158 0.975791
vt 0.050575 0.924871
vt 0.051397 0.892137
vt 0.959922 0.196926
vt 0.966921 0.477833
vt 0.581339 0.418571
vt 0.580971 0.421345
vt 0.577501 0.408428
vt 0.085102 0.979725
vt 0.938117 0.083436
vt 0.936123 0.066391
vt 0.020175 0.966748
vt 0.946831 0.749064
vt 0.945018 0.750974
vt 0.289854 0.500557
vt 0.289260 0.508027
vt 0.949404 0.919719
vt 0.845943 0.257769
vt 0.890367 0.647841
vt 0.891639 0.657688
vt 0.975430 0.969711
vt 0.975455 0.974045
vt 0.573958 0.882731
vt 0.000351 0.143996
vt 0.000000 0.157365
vt 0.236729 0.695241
vt 0.235974 0.681336
vt 0.241945 0.675624
vt 0.329012 0.863390
vt 0.918337 0.463295
vt 0.993730 0.867258
vt 0.277232 0.701063
vt 0.281139 0.713078
vt 0.277177 0.711918
vt 0.139817 0.970775
vt 0.141934 0.971331
vt 0.995444 0.769742
vt 0.894602 0.987507
vt 0.885391 0.986922
vt 0.973215 0.597164
vt 0.247599 0.930124
vt 0.243337 0.925077
vt 0.244225 0.921959
vt 0.246384 0.925609
vt 0.171457 0.918082
vt 0.173743 0.917435
vt 0.174551 0.921111
vt 0.173041 0.923346
vt 0.179423 0.895924
vt 0.179621 0.893128
vt 0.997746 0.857278
vt 0.413986 0.319214
vt 0.398571 0.324212
vt 0.474923 0.316921
vt 0.458483 0.314796
vt 0.941423 0.312687
vt 0.940920 0.328082
vt 0.940943 0.490663
vt 0.902937 0.664411
vt 0.879914 0.605757
vt 0.912103 0.773484
vt 0.903115 0.771609
vt 0.933584 0.972331
vt 0.940075 0.976670
vt 0.304973 0.609122
vt 0.303864 0.618431
vt 0.303864 0.600768
vt 0.947899 0.276670
vt 0.950823 0.283750
vt 0.102059 0.821419
vt 0.925673 0.923866
vt 0.924665 0.941522
vt 0.879590 0.305855
vt 0.886097 0.605738
vt 0.929386 0.209328
vt 0.995649 0.887186
vt 0.997190 0.890229
vt 0.896140 0.942852
vt 0.916116 0.055858
vt 0.917349 0.061020
vt 0.851259 0.957439
vt 0.950287 0.571770
vt 0.731409 0.989045
vt 0.729627 0.988984
vt 0.502944 0.909029
vt 0.505881 0.946537
vt 0.781405 0.592749
vt 0.761713 0.585726
vt 0.770395 0.584093
vt 0.779327 0.586515
vt 0.923324 0.189797
vt 0.623098 0.863363
vt 0.621492 0.859861
vt 0.266375 0.771362
vt 0.253567 0.796919
vt 0.934826 0.563342
vt 0.871446 0.024037
vt 0.871761 0.009558
vt 0.872769 0.018064
vt 0.463427 0.306614
vt 0.969785 0.698420
vt 0.874769 0.762630
vt 0.873071 0.767326
vt 0.868615 0.758983
vt 0.902283 0.772251
vt 0.901971 0.757872
vt 0.902872 0.765394
vt 0.852144 0.278648
vt 0.591015 0.871975
vt 0.894267 0.383652
vt 0.918249 0.330452
vt 0.919476 0.332878
vt 0.610594 0.644657
vt 0.616142 0.634751
vt 0.069758 0.840929
vt 0.142390 0.863751
vt 0.170972 0.866485
vt 0.225315 0.548222
vt 0.212206 0.527573
vt 0.241518 0.479422
vt 0.877912 0.959315
vt 0.270969 0.846244
vt 0.273751 0.846499
vt 0.848204 0.288662
vt 0.850494 0.288979
vt 0.222165 0.966674
vt 0.968672 0.135953
vt 0.968937 0.131294
vt 0.300085 0.802155
vt 0.876030 0.020028
vt 0.874768 0.008020
vt 0.894982 0.352214
vt 0.291908 0.349092
vt 0.843138 0.265734
vt 0.841330 0.267525
vt 0.547108 0.554877
vt 0.211831 0.294745
vt 0.901955 0.734729
vt 0.994688 0.760146
vt 0.896616 0.485301
vt 0.894799 0.499765
vt 0.893171 0.491810
vt 0.372718 0.562156
vt 0.907031 0.023001
vt 0.906693 0.012192
vt 0.909798 0.015459
vt 0.910122 0.026593
vt 0.910049 0.031853
vt 0.907261 0.032970
vt 0.596638 0.408553
vt 0.599994 0.397190
vt 0.300956 0.737790
vt 0.299556 0.749520
vt 0.240818 0.917883
vt 0.881488 0.602701
vt 0.989003 0.427608
vt 0.985056 0.872038
vt 0.904414 0.620041
vt 0.904525 0.605932
vt 0.913104 0.629867
vt 0.983618 0.835004
vt 0.300411 0.960339
vt 0.983478 0.580861
vt 0.927527 0.567865
vt 0.927439 0.573323
vt 0.292084 0.706712
vt 0.293693 0.718564
vt 0.288175 0.724699
vt 0.289072 0.698437
vt 0.698281 0.007375
vt 0.704606 0.005367
vt 0.207228 0.907097
vt 0.914621 0.982754
vt 0.969066 0.139587
vt 0.137020 0.863751
vt 0.145982 0.856094
vt 0.149432 0.860642
vt 0.279751 0.595865
vt 0.279969 0.602730
vt 0.276177 0.604302
vt 0.275582 0.592522
vt 0.275696 0.588974
vt 0.659904 0.304756
vt 0.657392 0.305679
vt 0.830676 0.946082
vt 0.832541 0.918070
vt 0.900104 0.657108
vt 0.900727 0.649364
vt 0.954555 0.093778
vt 0.008210 0.498029
vt 0.255796 0.965918
vt 0.086180 0.654441
vt 0.089371 0.696715
vt 0.073667 0.678955
vt 0.071461 0.652037
vt 0.966354 0.025308
vt 0.890033 0.480706
vt 0.889413 0.476052
vt 0.889779 0.453153
vt 0.952050 0.918537
vt 0.959466 0.918284
vt 0.019614 0.776940
vt 0.030083 0.778924
vt 0.892408 0.709674
vt 0.548843 0.040125
vt 0.531353 0.027890
vt 0.569538 0.050927
vt 0.257546 0.976955
vt 0.878635 0.577010
vt 0.880402 0.582771
vt 0.092507 0.575909
vt 0.884807 0.677655
vt 0.881653 0.677929
vt 0.306041 0.992465
vt 0.491128 0.974322
vt 0.503383 0.984337
vt 0.592525 0.912887
vt 0.596166 0.914308
vt 0.904513 0.340699
vt 0.235210 0.814945
vt 0.226326 0.822137
vt 0.218386 0.825199
vt 0.952724 0.688603
vt 0.952130 0.670059
vt 0.935425 0.957334
vt 0.914893 0.124213
vt 0.911936 0.123103
vt 0.890179 0.620165
vt 0.087215 0.951205
vt 0.085224 0.969155
vt 0.907241 0.122209
vt 0.910448 0.122201
vt 0.910364 0.133905
vt 0.911381 0.025619
vt 0.914450 0.028552
vt 0.313853 0.444789
vt 0.314638 0.447424
vt 0.501297 0.890798
vt 0.859819 0.863143
vt 0.860270 0.888202
vt 0.979596 0.679575
vt 0.231179 0.962699
vt 0.231031 0.965551
vt 0.804300 0.289195
vt 0.776005 0.848434
vt 0.781077 0.976780
vt 0.996296 0.705999
vt 0.884667 0.625239
vt 0.884914 0.644722
vt 0.881596 0.642384
vt 0.881584 0.629276
vt 0.594582 0.729799
vt 0.148690 0.848926
vt 0.810081 0.992831
vt 0.812225 0.991874
vt 0.992681 0.105561
vt 0.990313 0.110643
vt 0.987747 0.111198
vt 0.988898 0.107396
vt 0.970521 0.477570
vt 0.968556 0.487017
vt 0.862475 0.964691
vt 0.489365 0.954811
vt 0.490718 0.900943
vt 0.270969 0.797900
vt 0.273584 0.798109
vt 0.905403 0.269454
vt 0.953847 0.363442
vt 0.955447 0.388173
vt 0.954364 0.403027
vt 0.952483 0.395682
vt 0.080866 0.880878
vt 0.934196 0.783201
vt 0.272600 0.831229
vt 0.270969 0.829911
vt 0.272807 0.826506
vt 0.274785 0.827496
vt 0.302089 0.649611
vt 0.302089 0.636612
vt 0.303089 0.643502
vt 0.827851 0.886507
vt 0.889931 0.596777
vt 0.015592 0.443503
vt 0.875557 0.197261
vt 0.872950 0.208397
vt 0.873964 0.187128
vt 0.942602 0.553206
vt 0.939150 0.552203
vt 0.696256 0.580028
vt 0.228403 0.335854
vt 0.236624 0.343148
vt 0.881142 0.346762
vt 0.675610 0.273313
vt 0.675998 0.279225
vt 0.963455 0.398518
vt 0.554515 0.986615
vt 0.864321 0.995330
vt 0.948107 0.180977
vt 0.867265 0.745706
vt 0.992683 0.789034
vt 0.220921 0.863784
vt 0.220217 0.866108
vt 0.216809 0.867496
vt 0.215025 0.865743
vt 0.691356 0.973860
vt 0.700027 0.968400
vt 0.019236 0.716152
vt 0.841349 0.648105
vt 0.834335 0.636477
vt 0.911070 0.111260
vt 0.911041 0.079187
vt 0.825263 0.260215
vt 0.824666 0.258390
vt 0.065609 0.952986
vt 0.226015 0.673952
vt 0.885782 0.774872
vt 0.887823 0.774182
vt 0.477086 0.010367
vt 0.298275 0.451604
vt 0.221381 0.698198
vt 0.234085 0.724501
vt 0.243089 0.732691
vt 0.248720 0.649365
vt 0.242076 0.656181
vt 0.450680 0.585556
vt 0.473311 0.583539
vt 0.462231 0.592688
vt 0.456136 0.593872
vt 0.434810 0.592667
vt 0.900903 0.980025
vt 0.214576 0.610845
vt 0.228610 0.621721
vt 0.902620 0.267406
vt 0.899107 0.267186
vt 0.877323 0.946014
vt 0.946439 0.693984
vt 0.574315 0.905592
vt 0.238917 0.879195
vt 0.240818 0.876810
vt 0.833978 0.890652
vt 0.900782 0.662430
vt 0.972499 0.732617
vt 0.974489 0.729649
vt 0.742516 0.282008
vt 0.226499 0.863751
vt 0.225982 0.865984
vt 0.299567 0.494401
vt 0.299827 0.487746
vt 0.679031 0.268235
vt 0.979836 0.218229
vt 0.913526 0.622851
vt 0.538044 0.972484
vt 0.567939 0.890485
vt 0.571736 0.890377
vt 0.915139 0.669815
vt 0.911399 0.159337
vt 0.862352 0.961105
vt 0.871470 0.959994
vt 0.235642 0.458414
vt 0.077244 0.389238
vt 0.068695 0.281106
vt 0.057806 0.272966
vt 0.077221 0.286044
vt 0.830841 0.791846
vt 0.839666 0.779261
vt 0.846537 0.776893
vt 0.937253 0.202398
vt 0.988802 0.831547
vt 0.879600 0.138968
vt 0.822620 0.926488
vt 0.919836 0.398172
vt 0.964549 0.719875
vt 0.886250 0.414956
vt 0.305775 0.138207
vt 0.302114 0.117176
vt 0.304402 0.127104
vt 0.923465 0.194386
vt 0.978695 0.488291
vt 0.987730 0.491076
vt 0.975569 0.977628
vt 0.904471 0.019681
vt 0.891952 0.008424
vt 0.904175 0.007520
vt 0.954250 0.581155
vt 0.888600 0.934460
vt 0.930058 0.680327
vt 0.939260 0.703372
vt 0.802348 0.109274
vt 0.798838 0.100609
vt 0.794962 0.093789
vt 0.788568 0.085455
vt 0.782110 0.079058
vt 0.772520 0.072509
vt 0.761207 0.067384
vt 0.748670 0.064394
vt 0.736738 0.064043
vt 0.725813 0.065513
vt 0.712415 0.070176
vt 0.702874 0.075779
vt 0.692490 0.084820
vt 0.685756 0.093462
vt 0.679821 0.105125
vt 0.677371 0.112656
vt 0.675427 0.123708
vt 0.675554 0.136528
vt 0.679643 0.152848
vt 0.685756 0.164472
vt 0.693556 0.174410
vt 0.702351 0.181867
vt 0.708841 0.185919
vt 0.715409 0.189102
vt 0.724943 0.192146
vt 0.734300 0.193985
vt 0.687692 0.246599
vt 0.623932 0.073811
vt 0.758882 0.001343
vt 0.666819 0.295831
vt 0.663267 0.294304
vt 0.672624 0.851280
vt 0.671586 0.847939
vt 0.681998 0.850287
vt 0.681339 0.854222
vt 0.749149 0.307496
vt 0.762022 0.310129
vt 0.771552 0.313489
vt 0.749126 0.308056
vt 0.889589 0.486860
vt 0.886870 0.485977
vt 0.947321 0.954008
vt 0.881833 0.724879
vt 0.930004 0.667974
vt 0.917387 0.668268
vt 0.960932 0.098540
vt 0.715982 0.257940
vt 0.292210 0.484011
vt 0.257349 0.985806
vt 0.301360 0.986053
vt 0.292177 0.986228
vt 0.034799 0.541974
vt 0.006390 0.196859
vt 0.017418 0.970627
vt 0.016542 0.958750
vt 0.505881 0.919564
vt 0.298423 0.958288
vt 0.325150 0.096418
vt 0.321015 0.108652
vt 0.318679 0.098031
vt 0.322509 0.083413
vt 0.331053 0.084241
vt 0.912709 0.637614
vt 0.681408 0.314256
vt 0.972472 0.459448
vt 0.992392 0.644576
vt 0.983550 0.644688
vt 0.885782 0.586057
vt 0.886302 0.584230
vt 0.884166 0.325239
vt 0.270977 0.664006
vt 0.273974 0.670543
vt 0.270969 0.673766
vt 0.077992 0.852622
vt 0.060713 0.843828
vt 0.047143 0.836059
vt 0.289711 0.487255
vt 0.242346 0.277836
vt 0.978475 0.714800
vt 0.729627 0.914121
vt 0.729627 0.925233
vt 0.726353 0.917160
vt 0.300155 0.760208
vt 0.298619 0.767057
vt 0.297649 0.757920
vt 0.882219 0.395355
vt 0.992969 0.771735
vt 0.289788 0.750426
vt 0.288996 0.736635
vt 0.293883 0.730454
vt 0.293480 0.755356
vt 0.994941 0.223167
vt 0.397029 0.863219
vt 0.279290 0.240491
vt 0.045471 0.685088
vt 0.070074 0.639460
vt 0.298720 0.512948
vt 0.294827 0.515045
vt 0.486498 0.589575
vt 0.857085 0.944383
vt 0.025137 0.069332
vt 0.037343 0.053217
vt 0.884139 0.473736
vt 0.201120 0.954673
vt 0.912326 0.727622
vt 0.899215 0.311385
vt 0.903556 0.595443
vt 0.865271 0.988393
vt 0.891188 0.196385
vt 0.889346 0.191766
vt 0.275304 0.821727
vt 0.273459 0.821859
vt 0.906884 0.098612
vt 0.907602 0.111471
vt 0.906764 0.115025
vt 0.972206 0.374929
vt 0.707466 0.967257
vt 0.897652 0.226974
vt 0.897985 0.234281
vt 0.012653 0.781365
vt 0.018533 0.798427
vt 0.978771 0.476352
vt 0.987913 0.475277
vt 0.275997 0.404922
vt 0.279397 0.417886
vt 0.885386 0.991297
vt 0.894546 0.991853
vt 0.667090 0.296027
vt 0.667090 0.303190
vt 0.666273 0.300097
vt 0.988985 0.725683
vt 0.205308 0.950115
vt 0.112513 0.980301
vt 0.539279 0.950851
vt 0.567718 0.951669
vt 0.674973 0.304767
vt 0.364260 0.270796
vt 0.376280 0.281629
vt 0.364280 0.273451
vt 0.349863 0.260624
vt 0.337639 0.246565
vt 0.292226 0.551175
vt 0.988067 0.330062
vt 0.270969 0.731731
vt 0.533676 0.895576
vt 0.064812 0.974770
vt 0.919660 0.537763
vt 0.667157 0.597459
vt 0.987667 0.226637
vt 0.585669 0.997891
vt 0.574332 0.998185
vt 0.292466 0.347742
vt 0.591029 0.814350
vt 0.579445 0.873548
vt 0.577741 0.882393
vt 0.992702 0.616893
vt 0.992652 0.620134
vt 0.983563 0.614912
vt 0.276253 0.613388
vt 0.257349 0.962847
vt 0.265016 0.965137
vt 0.871651 0.919719
vt 0.867984 0.791071
vt 0.648473 0.283080
vt 0.849084 0.650396
vt 0.135444 0.691650
vt 0.962816 0.682197
vt 0.886163 0.737457
vt 0.982097 0.725366
vt 0.096754 0.877122
vt 0.881067 0.634884
vt 0.018307 0.519052
vt 0.862314 0.988208
vt 0.852927 0.986873
vt 0.853017 0.983755
vt 0.862247 0.983082
vt 0.287304 0.351858
vt 0.978453 0.079121
vt 0.819232 0.287957
vt 0.817859 0.289618
vt 0.871585 0.558919
vt 0.872585 0.555443
vt 0.295477 0.705148
vt 0.880936 0.975865
vt 0.298054 0.821996
vt 0.295923 0.821692
vt 0.629328 0.257769
vt 0.169947 0.960976
vt -0.000000 0.444415
vt 0.001448 0.430190
vt 0.002549 0.438124
vt 0.269134 0.746906
vt 0.265807 0.759709
vt 0.166124 0.835518
vt 0.185089 0.831628
vt 0.087268 0.355713
vt 0.064232 0.351363
vt 0.080036 0.338202
vt 0.076060 0.331208
vt 0.926384 0.124747
vt 0.926281 0.032731
vt 0.924955 0.034065
vt 0.925886 0.018411
vt 0.017481 0.377442
vt 0.183314 0.962836
vt 0.037125 0.640180
vt 0.368161 0.029927
vt 0.039087 0.793502
vt 0.068600 0.326442
vt 0.919999 0.461613
vt 0.298341 0.399342
vt 0.292118 0.436694
vt 0.292453 0.469009
vt 0.903086 0.629914
vt 0.903239 0.612877
vt 0.938994 0.249219
vt 0.451235 0.660320
vt 0.434852 0.659840
vt 0.425074 0.661207
vt 0.413325 0.664914
vt 0.402049 0.670998
vt 0.393592 0.677587
vt 0.386766 0.684695
vt 0.378917 0.696321
vt 0.361203 0.619766
vt 0.856718 0.286946
vt 0.852520 0.286426
vt 0.006492 0.772897
vt 0.997202 0.803873
vt 0.930710 0.755117
vt 0.002235 0.878418
vt 0.000000 0.950871
vt 0.886281 0.749593
vt 0.886333 0.744075
vt 0.889342 0.739045
vt 0.888692 0.754683
vt 0.959103 0.404168
vt 0.972292 0.286240
vt 0.911024 0.134393
vt 0.989429 0.120417
vt 0.987664 0.115518
vt 0.990195 0.116341
vt 0.992681 0.121642
vt 0.299299 0.503233
vt 0.904749 0.237387
vt 0.952975 0.487535
vt 0.426075 0.863236
vt 0.425347 0.991737
vt 0.897680 0.926962
vt 0.899702 0.924840
vt 0.078613 0.894936
vt 0.989642 0.249103
vt 0.985570 0.250988
vt 0.988503 0.246599
vt 0.318013 0.092700
vt 0.872637 0.000000
vt 0.983426 0.577010
vt 0.281619 0.744260
vt 0.966541 0.497151
vt 0.206121 0.919859
vt 0.891700 0.501191
vt 0.890575 0.493661
vt 0.274558 0.867900
vt 0.575694 0.779469
vt 0.925545 0.275919
vt 0.970644 0.574772
vt 0.884489 0.945007
vt 0.884875 0.947634
vt 0.111918 0.586205
vt 0.094661 0.313672
vt 0.103548 0.310681
vt 0.084202 0.317959
vt 0.905188 0.771609
vt 0.672847 0.984039
vt 0.665815 0.984840
vt 0.921794 0.939568
vt 0.047261 0.636263
vt 0.858697 0.288527
vt 0.819161 0.611066
vt 0.974531 0.391375
vt 0.972206 0.390754
vt 0.221442 0.898568
vt 0.724617 0.261304
vt 0.720095 0.260083
vt 0.720381 0.257769
vt 0.724978 0.258940
vt 0.967358 0.699839
vt 0.971823 0.700263
vt 0.233571 0.893073
vt 0.232475 0.896408
vt 0.169243 0.980315
vt 0.160480 0.982798
vt 0.871828 0.185624
vt 0.885782 0.764363
vt 0.882478 0.763935
vt 0.882414 0.759969
vt 0.886896 0.496992
vt 0.889817 0.501551
vt 0.887313 0.505227
vt 0.575311 0.785016
vt 0.592245 0.945759
vt 0.647846 0.275126
vt 0.291940 0.412397
vt 0.490153 0.966283
vt 0.576465 0.402859
vt 0.570861 0.389966
vt 0.914805 0.133316
vt 0.923833 0.000173
vt 0.925245 -0.000000
vt 0.551958 0.362631
vt 0.561224 0.374877
vt 0.876630 0.173510
vt 0.907606 0.051396
vt 0.910300 0.048717
vt 0.567572 0.924143
vt 0.302899 0.522738
vt 0.298968 0.521091
vt 0.295049 0.836501
vt 0.293343 0.853779
vt 0.872617 0.707638
vt 0.996945 0.506036
vt 0.094649 0.598062
vt 0.892070 0.378338
vt 0.890033 0.367364
vt 0.865993 0.257769
vt 0.171457 0.880507
vt 0.172263 0.875886
vt 0.890983 0.709914
vt 0.890693 0.690205
vt 0.983642 0.762923
vt 0.906509 0.036586
vt 0.905980 0.016019
vt 0.953145 0.577108
vt 0.544695 0.985464
vt 0.292168 0.980486
vt 0.301489 0.981858
vt 0.977615 0.047902
vt 0.142749 0.901432
vt 0.899483 0.778917
vt 0.226176 0.555576
vt 0.288180 0.424095
vt 0.987900 0.276129
vt 0.978880 0.277431
vt 0.775450 0.833269
vt 0.988631 0.348029
vt 0.986256 0.347868
vt 0.994789 0.420801
vt 0.989542 0.397059
vt 0.936993 0.411147
vt 0.444989 0.863083
vt 0.437082 0.863076
vt 0.440420 0.991635
vt 0.434104 0.991659
vt 0.642120 0.337588
vt 0.630217 0.347806
vt 0.641519 0.337193
vt 0.980496 0.251010
vt 0.880078 0.506018
vt 0.878909 0.515166
vt 0.877902 0.506360
vt 0.081088 0.903945
vt 0.997021 0.897036
vt 0.906670 0.387454
vt 0.198780 0.866417
vt 0.296540 0.542087
vt 0.294629 0.543187
vt 0.965004 0.918014
vt 0.981536 0.711905
vt 0.032672 0.914378
vt 0.001952 0.868697
vt 0.216282 0.894574
vt 0.215240 0.896716
vt 0.972472 0.502063
vt 0.905433 0.119927
vt 0.889877 0.752201
vt 0.890126 0.321446
vt 0.891094 0.312415
vt 0.900604 0.488244
vt 0.260861 0.933416
vt 0.260563 0.931193
vt 0.930081 0.940469
vt 0.909622 0.394566
vt 0.808767 0.989110
vt 0.810919 0.989122
vt 0.967597 0.549108
vt 0.801412 0.847740
vt 0.549867 0.275942
vt 0.893908 0.770304
vt 0.893146 0.757130
vt 0.902318 0.749924
vt 0.969998 0.558000
vt 0.970002 0.561985
vt 0.620222 0.971580
vt 0.059910 0.865099
vt 0.890722 0.416461
vt 0.892150 0.408513
vt 0.937188 0.122070
vt 0.725649 0.905746
vt 0.729445 0.905606
vt 0.856803 0.732307
vt 0.858102 0.720294
vt 0.862352 0.713220
vt 0.947919 0.121481
vt 0.972206 0.417014
vt 0.447913 0.305733
vt 0.437840 0.304920
vt 0.817320 0.261406
vt 0.821774 0.258818
vt 0.246367 0.808468
vt 0.287861 0.928715
vt 0.085536 0.576853
vt 0.074908 0.571282
vt 0.687437 0.856519
vt 0.983067 0.820622
vt 0.980843 0.820692
vt 0.280230 0.477159
vt 0.274741 0.495608
vt 0.978534 0.037567
vt 0.683504 0.305843
vt 0.683504 0.300033
vt 0.685883 0.301422
vt 0.685078 0.305029
vt 0.864034 0.493184
vt 0.863935 0.481740
vt 0.956636 0.364654
vt 0.957468 0.393637
vt 0.112300 0.968917
vt 0.112263 0.957590
vt 0.987654 0.297314
vt 0.978530 0.299362
vt 0.968070 0.660631
vt 0.959217 0.989153
vt 0.965958 0.988404
vt 0.878992 0.183565
vt 0.567592 0.934346
vt 0.567668 0.945044
vt 0.972385 0.737132
vt 0.379966 0.031711
vt 0.389438 0.016841
vt 0.921317 0.921096
vt 0.302441 0.864997
vt 0.298602 0.863842
vt 0.289162 0.224252
vt 0.926742 0.090953
vt 0.286480 0.410614
vt 0.284506 0.074160
vt 0.292859 0.090009
vt 0.077734 0.575158
vt 0.751258 0.575281
vt 0.774529 0.569087
vt 0.771402 0.570823
vt 0.758228 0.574467
vt 0.987666 0.004065
vt 0.978556 0.000000
vt 0.987596 0.001831
vt 0.871799 0.520797
vt 0.282144 0.645713
vt 0.954253 0.152921
vt 0.999329 0.851574
vt 0.914155 0.179071
vt 0.911246 0.177879
vt 0.911317 0.167958
vt 0.914406 0.167792
vt 0.613138 0.872259
vt 0.608688 0.877724
vt 0.605929 0.875022
vt 0.615613 0.864443
vt 0.141717 0.943927
vt 0.141846 0.950482
vt 0.681852 0.833804
vt 0.235822 0.821682
vt 0.228809 0.826675
vt 0.688604 0.297859
vt 0.688652 0.293361
vt 0.690856 0.293131
vt 0.690856 0.299475
vt 0.298734 0.321735
vt 0.986196 0.832263
vt 0.974899 0.353688
vt 0.292974 0.517810
vt 0.905939 0.118432
vt 0.461871 0.315910
vt 0.953634 0.471081
vt 0.574332 0.687680
vt 0.446520 0.594364
vt 0.433750 0.593464
vt 0.592525 0.704550
vt 0.274223 0.684858
vt 0.271098 0.686000
vt 0.871483 0.774758
vt 0.274314 0.731384
vt 0.275071 0.727865
vt 0.275378 0.752900
vt 0.943381 0.106352
vt 0.299135 0.105847
vt 0.400511 0.324431
vt 0.414408 0.319908
vt 0.274837 0.646714
vt 0.274751 0.660616
vt 0.538044 0.883427
vt 0.182689 0.933365
vt 0.983046 0.401149
vt 0.891560 0.736088
vt 0.274213 0.632093
vt 0.275049 0.626343
vt 0.472299 0.592477
vt 0.981581 0.659798
vt 0.952643 0.412987
vt 0.787546 0.564238
vt 0.789392 0.562588
vt 0.881603 0.665194
vt 0.884589 0.657219
vt 0.884571 0.670161
vt 0.590426 0.760910
vt 0.708051 0.870841
vt 0.706990 0.864397
vt 0.711653 0.869150
vt 0.574777 0.769216
vt 0.288171 0.537963
vt 0.890147 0.123777
vt 0.891943 0.391607
vt 0.864914 0.507454
vt 0.881238 0.196399
vt 0.881960 0.187698
vt 0.300160 0.455878
vt 0.952803 0.046728
vt 0.902984 0.691547
vt 0.868904 0.032079
vt 0.602498 0.142234
vt 0.128778 0.977361
vt 0.867934 0.656717
vt 0.996749 0.058278
vt 0.897308 0.300094
vt 0.123110 0.628835
vt 0.108217 0.641389
vt 0.103094 0.629387
vt 0.287825 0.327594
vt 0.515525 0.568226
vt 0.491034 0.579171
vt 0.863955 0.660068
vt 0.603027 0.205122
vt 0.888829 0.763215
vt 0.888254 0.774182
vt 0.885782 0.772583
vt 0.885901 0.760731
vt 0.885495 0.669110
vt 0.885309 0.684552
vt 0.877038 0.208768
vt 0.915621 0.024056
vt 0.306041 0.162631
vt 0.260953 0.262097
vt 0.249549 0.272321
vt 0.174544 0.304902
vt 0.116078 0.301840
vt 0.104007 0.298185
vt 0.093559 0.294246
vt 0.010192 0.098738
vt 0.019584 0.078703
vt 0.936240 0.369788
vt 0.935718 0.398906
vt 0.634562 0.612921
vt 0.940776 0.206936
vt 0.940939 0.220899
vt 0.238675 0.969215
vt 0.881457 0.440129
vt 0.734759 0.581376
vt 0.715691 0.581755
vt 0.700360 0.584458
vt 0.930710 0.670227
vt 0.033158 0.698487
vt 0.299999 0.441006
vt 0.987662 0.299591
vt 0.978703 0.302032
vt 0.989360 0.064103
vt 0.905980 0.179613
vt 0.909363 0.172937
vt 0.908975 0.181539
vt 0.498185 0.315339
vt 0.520515 0.334683
vt 0.506287 0.326909
vt 0.723447 0.894647
vt 0.727308 0.896203
vt 0.880173 0.012271
vt 0.286966 0.400172
vt 0.576338 0.595582
vt 0.589391 0.594364
vt 0.919086 0.973372
vt 0.292715 0.309134
vt 0.293392 0.306209
vt 0.292659 0.321953
vt 0.303089 0.649165
vt 0.303089 0.636612
vt 0.303781 0.641819
vt 0.900007 0.500576
vt 0.405063 0.788535
vt 0.412781 0.792373
vt 0.419518 0.794765
vt 0.428054 0.796858
vt 0.434927 0.797727
vt 0.446501 0.797552
vt 0.460307 0.794916
vt 0.475933 0.787883
vt 0.485097 0.781087
vt 0.491791 0.774405
vt 0.497915 0.766432
vt 0.501903 0.759451
vt 0.574332 0.731713
vt 0.565920 0.775867
vt 0.562458 0.784153
vt 0.560176 0.789159
vt 0.554883 0.798658
vt 0.523196 0.834453
vt 0.514429 0.840768
vt 0.376836 0.847552
vt 0.364070 0.839827
vt 0.355109 0.832965
vt 0.346987 0.825960
vt 0.336655 0.814811
vt 0.327689 0.802809
vt 0.319382 0.788172
vt 0.315961 0.780591
vt 0.316365 0.675819
vt 0.374657 0.706221
vt 0.372413 0.714353
vt 0.371053 0.722570
vt 0.370928 0.732433
vt 0.373131 0.746424
vt 0.376232 0.755483
vt 0.378655 0.760938
vt 0.383198 0.768130
vt 0.392264 0.778873
vt 0.280761 0.812178
vt 0.279939 0.820723
vt 0.931541 0.008128
vt 0.519009 0.334678
vt 0.534984 0.346050
vt 0.429992 0.295416
vt 0.869069 0.186943
vt 0.172062 0.941298
vt 0.909070 0.463556
vt 0.205469 0.603953
vt 0.858118 0.703323
vt 0.856263 0.688043
vt 0.862131 0.696461
vt 0.275582 0.592523
vt 0.275300 0.611398
vt 0.032578 0.879654
vt 0.274353 0.620988
vt 0.271175 0.630530
vt 0.271220 0.621347
vt 0.583031 0.466704
vt 0.403704 0.992376
vt 0.400434 0.863979
vt 0.000440 0.458218
vt 0.905243 0.186370
vt 0.885714 0.773452
vt 0.882822 0.777787
vt 0.882587 0.771142
vt 0.989411 0.242956
vt 0.991431 0.244198
vt 0.919573 0.464219
vt 0.698400 0.843603
vt 0.588191 0.955820
vt 0.884918 0.589154
vt 0.885782 0.584106
vt 0.885714 0.595052
vt 0.885568 0.607312
vt 0.748627 0.193621
vt 0.760895 0.190884
vt 0.773757 0.184793
vt 0.781649 0.179306
vt 0.789536 0.171528
vt 0.794611 0.164940
vt 0.800901 0.153008
vt 0.890282 0.711954
vt 0.890263 0.723328
vt 0.337967 0.234178
vt 0.879251 0.491011
vt 0.257510 0.040726
vt 0.885706 0.708500
vt 0.646075 0.819624
vt 0.920290 0.302721
vt 0.747266 0.583019
vt 0.890028 0.157342
vt 0.937574 0.549295
vt 0.505012 0.961805
vt 0.503590 0.974164
vt 0.941652 0.077923
vt 0.280964 0.827708
vt 0.896645 0.563137
vt 0.293392 0.530864
vt 0.298983 0.543998
vt 0.299563 0.546746
vt 0.134256 0.588756
vt 0.295642 0.768521
vt 0.737565 0.576834
vt 0.721289 0.577010
vt 0.704487 0.574999
vt 0.728256 0.306402
vt 0.835494 0.359303
vt 0.977358 0.910569
vt 0.153187 0.961121
vt 0.144776 0.963154
vt 0.886025 0.128173
vt 0.885975 0.141964
vt 0.986743 0.670587
vt 0.989559 0.670962
vt 0.890198 0.694728
vt 0.387510 0.280217
vt 0.862377 0.790979
vt 0.862352 0.919583
vt 0.915167 0.580017
vt 0.914718 0.591771
vt 0.913941 0.583600
vt 0.306360 0.437846
vt 0.308664 0.419968
vt 0.338688 0.371277
vt 0.327555 0.390375
vt 0.316909 0.420766
vt 0.298968 0.521794
vt 0.298742 0.526867
vt 0.295177 0.527728
vt 0.294319 0.520078
vt 0.835558 0.358071
vt 0.280208 0.791679
vt 0.275582 0.797383
vt 0.885283 0.994041
vt 0.894413 0.995509
vt 0.203957 0.884627
vt 0.206233 0.884964
vt 0.204585 0.889427
vt 0.919721 0.443647
vt 0.270024 0.933416
vt 0.273073 0.933802
vt 0.987786 0.044582
vt 0.996885 0.042524
vt 0.699796 0.574791
vt 0.970897 0.775878
vt 0.619813 0.865988
vt 0.358055 0.349968
vt 0.365161 0.343426
vt 0.801163 0.556637
vt 0.029689 0.062419
vt 0.683536 0.977256
vt 0.915858 0.134286
vt 0.890367 0.678131
vt 0.857374 0.257769
vt 0.848662 0.958440
vt 0.574481 0.993549
vt 0.955259 0.512815
vt 0.886374 0.407898
vt 0.889056 0.392384
vt 0.889242 0.401186
vt 0.567939 0.863319
vt 0.539344 0.863076
vt 0.668284 0.304776
vt 0.667213 0.300622
vt 0.669375 0.299984
vt 0.671125 0.305802
vt 0.915880 0.600758
vt 0.920001 0.994787
vt 0.978443 0.042524
vt 0.058653 0.032646
vt 0.071353 0.023778
vt 0.781901 0.848252
vt 0.932061 0.960320
vt 0.984972 0.377673
vt 0.997552 0.377326
vt 0.989887 0.379605
vt 0.910953 0.057192
vt 0.910770 0.029773
vt 0.289880 0.764700
vt 0.288202 0.755832
vt 0.214474 0.326423
vt 0.296576 0.546753
vt 0.298672 0.545846
vt 0.987842 0.471757
vt 0.978695 0.473012
vt 0.916563 0.755262
vt 0.141945 0.957916
vt 0.142245 0.970016
vt 0.954089 0.172734
vt 0.890684 0.000000
vt 0.929087 0.974354
vt 0.929222 0.978429
vt 0.590491 0.688915
vt 0.861824 0.288527
vt 0.865241 0.290366
vt 0.654854 0.267061
vt 0.090627 0.595580
vt 0.924674 0.283836
vt 0.111640 0.934464
vt 0.281349 0.901673
vt 0.030912 0.960983
vt 0.774444 0.996558
vt 0.362196 0.347298
vt 0.513029 0.320415
vt 0.845916 0.656184
vt 0.851965 0.671205
vt 0.885856 0.577010
vt 0.888882 0.580872
vt 0.905433 0.035543
vt 0.905585 0.047266
vt 0.574160 0.899757
vt 0.697756 0.838670
vt 0.881488 0.654953
vt 0.956962 0.531551
vt 0.955380 0.513808
vt 0.914065 0.600292
vt 0.128778 0.974323
vt 0.128921 0.970775
vt 0.137924 0.972510
vt 0.137937 0.975801
vt 0.919054 0.321113
vt 0.054890 0.347782
vt 0.962798 0.553978
vt 0.963723 0.549854
vt 0.863585 0.384276
vt 0.297868 0.843125
vt 0.298346 0.862666
vt 0.881189 0.761548
vt 0.274488 0.892359
vt 0.279421 0.893822
vt 0.713010 0.846658
vt 0.594871 0.686551
vt 0.599897 0.667482
vt 0.870207 0.003087
vt 0.869106 0.010666
vt 0.912103 0.786531
vt 0.903009 0.788763
vt 0.869217 0.093950
vt 0.869029 0.080765
vt 0.905984 0.369253
vt 0.908910 0.293219
vt 0.667652 0.295840
vt 0.671125 0.293131
vt 0.886651 0.340184
vt 0.992303 0.975143
vt 0.220984 0.835125
vt 0.991261 0.124665
vt 0.992885 0.126658
vt 0.530821 0.629494
vt 0.289592 0.326706
vt 0.996105 0.757681
vt 0.284658 0.686881
vt 0.282791 0.702445
vt 0.983426 0.612504
vt 0.992541 0.614912
vt 0.617397 0.780935
vt 0.612540 0.782344
vt 0.125255 0.588974
vt 0.719358 0.306179
vt 0.730411 0.305855
vt 0.397891 0.012568
vt 0.410646 0.007480
vt 0.429030 0.002626
vt 0.443700 0.000670
vt 0.305213 0.831994
vt 0.582522 0.394705
vt 0.270274 0.709628
vt 0.661412 0.984230
vt 0.655084 0.980889
vt 0.661834 0.981187
vt 0.919215 0.479190
vt 0.183406 0.932809
vt 0.491330 0.003314
vt 0.612473 0.651689
vt 0.606368 0.652650
vt 0.872011 0.786204
vt 0.567565 0.899785
vt 0.290021 0.312677
vt 0.285455 0.591657
vt 0.099343 0.583216
vt 0.969547 0.497671
vt 0.940939 0.277470
vt 0.968141 0.818245
vt 0.883457 0.026664
vt 0.906328 -0.000000
vt 0.909490 0.004444
vt 0.910605 0.110017
vt 0.380538 0.021151
vt 0.388105 0.016961
vt 0.366424 0.030622
vt 0.882048 0.577010
vt 0.885003 0.581004
vt 0.660739 0.296027
vt 0.657517 0.293072
vt 0.298968 0.313301
vt 0.563244 0.361512
vt 0.572818 0.375283
vt 0.543269 0.353495
vt 0.110909 0.590736
vt 0.654175 0.984648
vt 0.899249 0.267406
vt 0.761663 0.257810
vt 0.913355 0.577010
vt 0.913676 0.582272
vt 0.574537 0.744670
vt 0.948521 0.666225
vt 0.910405 0.041488
vt 0.983944 0.714213
vt 0.900801 0.606192
vt 0.306328 0.143176
vt 0.906811 0.065719
vt 0.973413 0.982278
vt 0.078317 0.962550
vt 0.078768 0.979249
vt 0.274600 0.863802
vt 0.965667 0.698592
vt 0.320601 0.384646
vt 0.327618 0.372271
vt 0.930661 0.654488
vt 0.590742 0.754278
vt 0.898314 0.994768
vt 0.896141 0.991090
vt 0.248633 0.354825
vt 0.252887 0.361569
vt 0.834431 0.847253
vt 0.960418 0.736109
vt 0.896140 0.929123
vt 0.573641 0.940516
vt 0.596221 0.906354
vt 0.330463 0.086632
vt 0.724280 0.887877
vt 0.238705 0.965014
vt 0.973073 0.395098
vt 0.281216 0.615731
vt 0.015031 0.086991
vt 0.281990 0.713745
vt 0.978443 0.082571
vt 0.987539 0.084364
vt 0.171457 0.967854
vt 0.180684 0.965203
s 1
usemtl Volume41_copy000.002
f 3/1/1 1/2/2 12/3/3
f 4/4/4 8/5/5 3/1/1
f 2/6/6 3/1/1 14/7/7
f 6/8/8 1/9/2 7/10/9
f 7/10/9 1/9/2 8/11/5
f 10/12/10 9/13/11 8/11/5
f 9/13/11 10/12/10 39/14/12
f 39/14/12 10/12/10 40/15/13
f 13/16/14 11/17/15 42/18/16
f 33/19/17 11/17/15 12/3/3
f 33/19/17 12/3/3 6/20/8
f 12/3/3 1/2/2 6/20/8
f 16/21/18 15/22/19 21/23/20
f 48/31/28 20/32/29 19/33/30
f 5/34/31 2/6/32 21/23/33
f 22/35/34 82/36/35 23/37/36
f 22/35/34 23/37/36 24/38/37
f 23/37/36 25/39/38 24/38/37
f 24/38/37 25/39/38 26/40/39
f 25/39/38 27/41/40 26/40/39
f 82/36/35 28/42/41 23/37/42
f 29/43/43 23/37/42 28/42/41
f 29/44/44 28/45/45 30/46/46
f 25/39/47 29/43/43 30/47/48
f 23/37/42 29/43/43 25/39/47
f 25/39/47 30/47/48 27/41/49
f 32/48/50 31/49/51 90/50/52
f 31/49/51 32/48/50 33/51/17
f 36/58/59 7/10/9 39/14/12
f 9/13/11 39/14/12 7/10/9
f 95/59/60 40/15/13 41/60/61
f 40/61/13 10/62/62 41/63/61
f 11/64/15 32/48/50 42/65/16
f 11/64/15 33/51/17 32/48/50
f 16/21/18 41/63/61 15/22/19
f 41/63/61 10/62/62 15/22/19
f 1030/66/63 1159/67/64 1029/68/65
f 42/69/66 43/70/67 44/71/68
f 17/72/69 44/73/70 47/74/71
f 45/75/72 46/76/73 20/32/29
f 1731/77/74 1732/78/75 1802/79/76
f 46/83/80 99/84/81 21/85/33
f 326/86/82 329/87/83 328/88/84 325/89/85
f 47/74/71 103/90/86 104/91/87
f 104/91/87 51/92/88 48/31/28
f 52/93/89 49/94/90 48/31/28
f 49/94/90 52/93/89 50/95/91
f 51/92/88 52/93/89 48/31/28
f 57/96/92 54/97/93 112/98/94
f 114/99/95 112/98/94 54/97/93
f 54/97/93 53/100/96 114/99/95
f 1740/101/97 1741/102/98 1737/103/99
f 1805/104/100 1803/105/101 1806/106/102
f 373/110/106 322/111/107 319/112/108
f 70/113/109 68/114/110 71/115/111
f 72/116/112 71/115/111 68/114/110
f 70/113/109 71/115/111 147/117/113
f 71/115/111 73/118/114 147/117/113
f 72/119/115 68/120/116 69/121/117
f 72/119/115 69/121/117 74/122/118
f 71/123/119 72/119/115 75/124/120
f 149/125/121 73/126/122 150/127/123
f 75/124/120 150/127/123 73/126/122
f 76/128/124 77/129/125 154/130/126
f 77/131/127 74/132/118 69/133/117
f 22/134/128 74/132/118 77/131/127
f 77/135/125 82/36/35 22/35/34
f 27/41/40 79/136/129 26/40/39
f 150/137/130 79/138/131 155/139/132
f 155/140/133 79/136/129 78/141/134
f 76/128/124 80/142/135 82/143/35
f 77/135/125 76/144/124 82/36/35
f 157/145/136 84/146/137 83/147/138
f 2179/148/139 2461/149/140 2686/150/141 2459/151/142 2177/152/143 2178/153/144
f 84/146/137 85/154/145 83/147/138
f 28/45/45 83/147/138 85/154/145
f 28/45/45 85/154/145 30/46/46
f 27/41/49 30/47/48 88/155/146
f 88/155/147 78/141/134 79/136/129
f 88/155/147 79/136/129 27/41/40
f 164/156/148 93/157/149 38/158/150
f 40/15/13 95/59/60 94/159/151
f 96/160/152 166/161/153 98/162/154
f 32/48/50 90/50/52 96/160/152
f 32/48/50 96/160/152 98/162/154
f 32/48/50 98/162/154 42/65/16
f 167/163/155 95/164/60 41/165/61
f 97/166/156 167/163/155 41/165/61
f 16/167/18 97/166/156 41/165/61
f 100/168/157 102/169/158 103/170/86
f 104/171/87 103/172/86 102/173/158
f 3132/174/159 3077/175/160 3133/176/161 3134/177/162
f 105/178/163 106/179/163 107/180/163
f 104/171/87 102/173/158 51/181/88
f 50/95/91 109/182/164 108/183/165
f 50/184/91 52/185/89 109/186/164
f 111/187/166 105/188/167 101/189/168
f 112/98/94 111/187/166 56/190/169
f 107/191/170 106/192/171 114/99/95
f 53/100/96 113/193/172 114/99/95
f 106/192/171 112/98/94 114/99/95
f 107/191/170 113/193/172 181/194/173
f 53/100/96 115/195/174 113/193/172
f 56/190/169 116/196/175 55/197/176
f 58/198/177 121/199/178 117/200/179
f 121/199/178 58/198/177 64/201/180
f 118/202/181 121/203/178 123/204/182
f 123/205/182 64/201/180 126/206/183
f 492/207/184 452/208/185 451/209/186
f 2400/210/187 2519/211/188 2403/212/189
f 806/213/190 808/214/191 807/215/192
f 296/216/193 236/217/194 238/218/195
f 133/219/196 136/220/197 131/221/198
f 135/222/199 137/223/200 134/224/201
f 205/225/202 136/220/197 133/219/196
f 136/220/197 138/226/203 132/227/204
f 3219/228/205 3261/229/206 3260/230/207
f 205/225/202 140/231/208 136/220/197
f 136/220/197 140/231/208 141/232/209
f 138/226/203 142/233/210 137/223/200
f 143/234/211 142/233/210 138/226/203
f 142/233/210 144/235/212 137/223/200
f 209/236/213 145/237/214 210/238/215
f 139/239/216 210/240/217 140/241/208
f 210/242/217 146/243/218 140/244/208
f 210/238/215 68/114/110 146/245/219
f 145/237/214 68/114/110 210/238/215
f 141/232/209 140/231/208 146/246/218
f 146/246/219 70/247/109 143/234/220
f 70/113/109 146/245/219 68/114/110
f 142/233/210 143/234/220 147/248/221
f 143/234/220 70/247/109 147/248/221
f 214/249/222 144/235/212 142/233/210
f 142/233/210 147/248/221 214/249/222
f 147/117/113 73/118/114 214/250/223
f 73/118/114 148/251/224 214/250/223
f 73/118/114 149/252/225 148/251/224
f 215/253/226 148/254/227 152/255/228
f 220/256/229 153/257/230 154/130/126
f 154/130/126 153/257/230 76/128/124
f 154/130/126 151/258/231 220/256/229
f 152/259/232 155/139/132 223/260/233
f 150/137/130 155/139/132 152/259/232
f 155/261/133 232/262/234 223/263/233
f 232/262/234 155/261/133 78/264/134
f 225/265/235 76/128/124 153/257/230
f 156/266/236 226/267/237 157/145/136
f 80/268/135 225/269/235 81/270/238
f 80/142/135 76/128/124 225/265/235
f 156/266/236 157/145/136 83/147/138
f 84/146/137 157/145/136 86/271/239
f 2700/272/240 2699/273/241 2701/274/242
f 1865/275/243 1866/276/244 1863/277/245
f 90/50/52 161/278/246 160/279/247
f 96/160/152 90/50/52 160/279/247
f 233/289/255 91/290/256 163/291/257
f 235/292/258 93/157/149 164/156/148
f 165/293/259 94/159/151 95/59/60
f 167/163/155 165/294/259 95/164/60
f 160/279/260 166/161/153 96/160/152
f 97/166/156 168/295/261 167/163/155
f 173/296/262 170/297/263 169/298/264
f 98/299/265 166/300/266 169/301/267
f 98/299/265 169/301/267 170/302/268
f 171/303/269 168/304/270 172/305/271
f 174/306/272 171/307/273 172/308/274
f 177/309/275 100/168/157 173/296/262
f 177/310/275 176/311/276 178/312/277
f 177/310/275 178/312/277 102/173/158
f 177/309/275 102/169/158 100/168/157
f 108/313/165 109/186/164 182/314/278
f 182/315/278 247/316/279 174/306/272
f 110/317/280 101/318/168 184/319/281
f 115/195/174 53/100/96 117/200/179
f 2469/323/285 2347/324/286 2468/325/287 2573/326/288
f 133/330/196 200/331/292 203/332/293
f 262/333/294 201/334/295 204/335/296
f 261/336/297 203/332/293 200/331/292
f 1513/337/298 1370/338/299 1375/339/300
f 207/344/305 206/345/306 204/335/296
f 202/346/307 208/347/308 139/348/216
f 208/347/308 210/349/217 139/348/216
f 206/345/306 207/344/305 144/350/212
f 214/351/222 206/345/306 144/350/212
f 144/235/212 207/352/305 137/223/200
f 210/349/217 208/347/308 209/353/309
f 152/255/228 217/354/310 215/253/226
f 220/256/229 218/355/311 153/257/230
f 153/257/230 218/355/311 219/356/312
f 217/357/313 223/260/233 221/358/314
f 223/263/233 222/359/315 221/360/314
f 152/259/232 223/260/233 217/357/313
f 232/262/234 222/359/315 223/263/233
f 219/356/312 224/361/316 225/265/235
f 348/362/317 81/270/318 224/363/319
f 225/265/235 153/257/230 219/356/312
f 224/363/320 81/270/238 225/269/235
f 348/362/321 227/364/322 81/270/323
f 227/364/322 156/266/236 81/270/323
f 227/364/324 226/267/237 156/266/236
f 229/365/325 230/366/326 89/367/327
f 232/262/234 231/368/328 222/359/315
f 232/369/234 89/367/329 231/370/328
f 3234/374/333 3232/375/334 3231/376/335
f 2706/377/336 2705/378/337 2823/379/338
f 164/156/148 237/380/339 235/292/258
f 94/159/151 238/218/195 236/217/194
f 94/159/151 165/293/259 238/218/195
f 241/381/340 238/382/195 165/294/259
f 239/383/341 166/161/153 160/279/260
f 240/384/342 166/161/153 239/383/341
f 167/163/155 168/295/261 241/381/340
f 165/294/259 167/163/155 241/381/340
f 300/385/343 245/386/344 169/298/264
f 244/387/345 171/307/273 242/388/346
f 247/316/279 251/389/347 242/388/346
f 249/390/348 178/312/277 176/311/276
f 2205/391/349 2112/392/350 2212/393/351
f 246/394/352 249/395/348 176/396/276
f 2613/397/353 2609/398/354 2615/399/355
f 247/400/279 182/314/278 310/401/356
f 247/316/279 310/402/356 251/389/347
f 183/403/357 179/404/358 248/405/359
f 188/406/360 183/403/357 252/407/361
f 254/408/362 250/409/363 186/410/364
f 186/410/364 187/411/365 255/412/366
f 186/410/364 255/412/366 254/408/362
f 187/411/365 193/413/367 255/412/366
f 44/71/68 13/414/368 42/69/66
f 1292/415/369 1289/416/370 1424/417/371 1427/418/372
f 197/419/373 321/420/374 259/421/375
f 204/335/296 263/422/376 262/333/294
f 263/422/376 265/423/377 270/424/378
f 270/424/378 330/425/379 263/422/376
f 267/426/380 208/347/308 264/427/381
f 265/423/377 272/428/382 269/429/383
f 269/429/383 270/424/378 265/423/377
f 271/430/384 267/426/380 268/431/385
f 272/428/382 273/432/386 269/429/383
f 211/433/387 274/434/388 212/435/389
f 211/436/387 209/353/213 271/430/390
f 271/430/390 275/437/391 211/436/387
f 273/432/386 272/428/382 213/438/392
f 215/439/393 276/440/394 213/441/395
f 216/442/396 279/443/397 218/355/311
f 279/443/397 219/356/312 218/355/311
f 277/444/398 279/445/397 216/446/396
f 280/447/399 219/356/312 279/443/397
f 221/358/314 281/448/400 217/357/313
f 217/357/313 281/448/400 278/449/401
f 281/450/400 221/360/314 282/451/402
f 282/451/402 221/360/314 222/359/315
f 224/361/316 219/356/312 283/452/403
f 280/447/399 283/452/403 219/356/312
f 348/362/321 284/453/404 227/364/322
f 2126/454/405 2134/455/406 2135/456/407
f 287/457/408 230/366/326 229/365/325
f 89/367/409 230/366/409 231/370/409
f 222/359/315 231/368/328 288/458/410
f 288/458/410 282/451/402 222/359/315
f 231/370/328 230/366/411 288/459/410
f 239/383/412 289/460/413 290/461/414
f 240/384/342 239/383/341 290/461/414
f 297/465/418 240/384/342 290/461/414
f 241/381/340 168/295/261 243/466/419
f 298/467/420 238/382/195 241/381/340
f 975/468/421 1125/469/422 1124/470/423
f 300/385/343 301/471/424 302/472/425
f 303/473/426 249/474/348 246/475/352
f 303/476/426 304/477/427 249/390/348
f 307/478/428 306/479/429 305/480/430
f 304/477/431 307/478/428 305/480/430
f 309/481/432 310/401/356 307/478/428
f 251/389/347 310/402/356 364/482/433
f 309/481/432 364/483/433 310/401/356
f 305/484/434 311/485/435 248/486/359
f 313/487/436 305/484/434 306/488/437
f 312/489/438 311/485/435 313/487/436
f 314/490/439 306/488/437 308/491/440
f 308/491/440 315/492/441 314/490/439
f 314/490/439 315/492/441 316/493/442
f 315/494/441 308/495/440 250/409/363
f 250/409/363 254/408/362 315/494/441
f 258/499/446 375/500/447 320/501/448
f 1875/502/449 1812/503/450 1872/504/451
f 266/505/452 268/506/385 267/507/380
f 270/424/378 332/508/453 330/425/379
f 329/87/83 330/509/379 332/510/453
f 270/511/378 335/512/454 332/510/453
f 332/510/453 335/512/454 334/513/455
f 269/429/383 335/514/454 270/424/378
f 268/431/385 275/437/391 271/430/390
f 337/515/456 274/434/388 275/516/457
f 337/515/456 336/517/458 274/434/388
f 338/521/462 275/522/391 268/506/385
f 275/516/457 338/523/462 337/515/456
f 268/506/385 333/524/463 338/521/462
f 334/513/455 335/512/454 339/525/464
f 339/525/465 338/521/462 333/524/463
f 338/523/462 339/526/465 340/527/466
f 269/429/383 273/432/386 335/514/454
f 273/432/386 339/528/464 335/514/454
f 273/529/467 340/527/466 339/526/465
f 276/440/394 340/527/466 273/529/467
f 277/444/398 343/530/468 279/445/397
f 342/531/469 343/530/468 277/444/398
f 345/532/470 278/533/401 281/450/400
f 281/450/400 282/451/402 345/532/470
f 345/532/470 282/451/402 346/534/471
f 348/535/472 283/452/403 280/447/399
f 347/536/473 284/453/404 348/362/321
f 348/362/321 349/537/474 347/536/473
f 287/457/475 286/538/476 352/539/477
f 287/457/475 228/540/478 286/538/476
f 353/541/479 288/458/410 230/542/411
f 353/541/479 346/534/471 288/458/410
f 288/458/410 346/534/471 282/451/402
f 293/543/480 291/544/481 289/545/413
f 355/546/482 293/543/480 354/547/483
f 292/548/484 234/549/485 295/550/486
f 294/551/487 295/550/486 234/549/485
f 295/550/486 356/552/488 354/547/483
f 236/217/194 296/216/193 356/552/488
f 298/467/420 296/553/193 238/382/195
f 296/553/193 298/467/420 357/554/489
f 297/465/418 290/461/414 358/555/490
f 290/556/414 291/557/481 358/558/490
f 360/559/491 298/467/420 299/560/492
f 360/559/491 357/554/489 298/467/420
f 362/561/493 301/562/424 398/563/494
f 401/564/495 361/565/496 365/566/497
f 299/567/498 244/568/499 361/569/500
f 366/570/501 303/473/426 362/561/493
f 304/571/427 366/570/501 367/572/502
f 366/570/501 304/571/427 303/473/426
f 307/573/428 304/571/427 367/572/502
f 309/574/432 307/573/428 367/572/502
f 365/575/497 364/482/433 309/576/432
f 368/577/503 312/489/438 313/487/436
f 374/581/507 375/582/447 325/89/85
f 337/583/508 376/584/509 378/585/510
f 338/523/462 340/527/466 376/586/511
f 377/587/512 376/586/511 340/527/466
f 336/588/513 337/583/508 342/589/514
f 337/583/508 378/585/510 342/589/514
f 376/584/509 379/590/515 378/585/510
f 376/584/509 377/591/516 379/590/515
f 341/592/517 379/590/515 377/591/516
f 377/591/516 340/593/518 341/592/517
f 342/531/469 380/594/519 343/530/468
f 343/595/520 380/596/521 344/597/522
f 402/601/526 380/602/521 381/603/527
f 2502/604/528 2506/605/529 2383/606/530 2499/607/531
f 383/608/532 406/609/533 382/610/534
f 346/534/471 383/611/532 345/532/470
f 350/612/535 344/613/522 380/602/521
f 350/612/535 380/602/521 402/601/526
f 384/614/536 349/537/537 350/615/538
f 402/601/526 384/616/536 350/612/538
f 351/617/539 385/618/540 286/538/541
f 388/619/542 387/620/543 349/537/544
f 385/618/540 352/539/477 286/538/476
f 385/618/540 387/620/543 388/619/542
f 383/611/532 346/534/471 406/621/533
f 346/534/471 353/541/479 406/621/533
f 355/546/482 291/544/481 293/543/480
f 355/622/482 389/623/545 291/557/481
f 391/624/546 392/625/547 390/626/548
f 356/552/488 391/627/546 354/547/483
f 393/628/549 392/629/547 391/627/546
f 389/623/545 358/558/490 291/557/481
f 297/630/418 358/558/490 394/631/550
f 397/632/551 392/625/547 393/633/549
f 357/554/489 360/559/491 397/634/551
f 359/635/552 397/634/551 360/559/491
f 357/636/489 397/632/551 393/633/549
f 359/637/552 396/638/553 397/632/551
f 399/639/554 297/640/555 394/641/550
f 398/563/494 400/642/556 366/570/501
f 399/639/554 400/643/557 398/644/558
f 363/645/559 400/642/556 401/564/495
f 359/646/560 299/567/498 396/647/561
f 403/648/562 402/601/526 381/603/527
f 404/649/563 403/648/562 381/603/527
f 382/610/534 405/650/564 404/649/563
f 405/650/564 403/648/562 404/649/563
f 382/610/534 406/609/533 405/650/564
f 403/648/562 384/616/536 402/601/526
f 407/651/565 388/619/566 349/537/537
f 384/614/536 407/651/565 349/537/537
f 405/650/564 407/652/567 384/616/536
f 403/648/562 405/650/564 384/616/536
f 407/651/567 405/653/564 388/619/568
f 408/654/569 390/626/548 410/655/570
f 390/626/548 392/625/547 410/655/570
f 410/655/570 392/625/547 397/632/551
f 440/656/571 412/657/572 413/658/573
f 413/658/573 414/659/574 416/660/575
f 414/659/574 413/658/573 412/657/572
f 414/661/574 412/662/572 415/663/576
f 414/661/574 418/664/577 417/665/578
f 444/666/579 417/667/580 419/668/581
f 419/669/582 417/665/578 418/664/577
f 440/670/571 415/663/576 412/662/572
f 587/671/583 590/672/584 536/673/585
f 424/674/586 419/669/582 418/664/577
f 422/675/587 445/676/588 419/669/582
f 419/669/582 424/674/586 422/675/587
f 424/674/586 423/677/589 422/675/587
f 425/678/590 454/679/591 426/680/592
f 425/681/593 411/682/594 421/683/595
f 455/684/596 450/685/597 426/680/592
f 426/686/598 411/682/594 425/681/593
f 426/686/598 427/687/599 411/682/594
f 428/688/600 429/689/601 431/690/602
f 430/691/603 428/688/600 431/690/602
f 2927/692/604 2926/693/605 2921/694/606
f 434/695/607 474/696/608 432/697/609
f 429/689/601 477/698/610 436/699/611
f 435/700/612 436/701/611 477/702/610
f 436/699/611 435/703/612 433/704/613
f 436/699/611 433/704/613 431/690/602
f 437/705/614 435/700/612 481/706/615
f 433/704/613 435/703/612 437/707/614
f 433/704/613 437/707/614 432/697/609
f 432/697/609 437/707/614 434/695/607
f 439/708/616 440/709/571 438/710/617
f 413/658/573 484/711/618 438/712/617
f 438/712/617 440/656/571 413/658/573
f 639/713/619 640/714/620 636/715/621
f 484/711/618 413/658/573 416/660/575
f 445/676/588 422/675/587 487/719/625
f 422/675/587 423/677/589 448/720/626
f 425/678/590 449/721/627 453/722/628
f 451/723/629 450/685/597 456/724/630
f 497/725/631 502/726/632 454/679/591
f 454/679/591 502/726/632 457/727/633
f 505/728/634 455/684/596 457/727/633
f 401/732/638 396/647/561 361/569/500
f 468/736/642 545/737/643 470/738/644
f 986/739/645 983/740/646 985/741/647
f 470/738/644 471/742/648 468/736/642
f 468/736/642 471/742/648 467/743/649
f 471/742/648 472/744/650 469/745/651
f 551/746/652 473/747/653 470/748/654
f 473/747/653 428/749/600 470/748/654
f 473/750/655 429/689/601 428/688/600
f 474/696/608 471/751/656 432/697/609
f 474/752/608 472/753/657 471/754/656
f 552/755/658 474/696/608 434/695/607
f 476/756/659 475/757/660 555/758/661
f 554/759/662 557/760/663 477/702/664
f 477/702/610 429/761/601 476/756/659
f 429/689/601 475/762/660 476/763/659
f 558/764/665 479/765/666 557/760/667
f 480/766/668 479/765/666 478/767/669
f 479/765/666 558/764/665 478/767/669
f 479/765/666 480/766/668 477/702/670
f 480/766/671 481/706/615 435/700/672
f 477/702/673 480/766/671 435/700/672
f 552/755/658 482/771/677 559/772/678
f 482/773/677 481/706/615 613/774/679
f 552/755/658 434/695/607 482/771/677
f 482/771/677 434/695/607 437/707/614
f 481/775/615 482/771/677 437/707/614
f 483/776/680 438/712/617 614/777/681
f 614/777/681 438/712/617 484/711/618
f 438/710/617 483/778/680 439/708/616
f 565/779/682 490/780/683 488/781/684
f 439/708/616 483/778/680 488/781/684
f 490/780/683 439/708/616 488/781/684
f 446/782/685 439/708/616 490/780/683
f 489/783/686 448/784/626 452/785/687
f 490/786/688 566/787/689 491/788/690
f 573/789/691 493/790/692 491/791/693
f 492/792/694 456/724/630 494/793/695
f 574/794/696 506/795/697 498/796/698
f 493/797/692 495/798/699 497/799/631
f 496/800/700 497/799/631 495/798/699
f 499/804/704 501/805/705 504/806/706
f 499/807/707 500/808/708 501/809/709
f 457/727/633 500/810/708 505/728/634
f 500/808/708 499/807/707 503/811/710
f 503/812/710 456/724/630 505/728/634
f 503/811/710 505/813/634 500/808/708
f 494/793/695 456/724/630 503/812/710
f 507/814/711 506/795/697 578/815/712
f 508/816/713 506/817/697 507/818/711
f 498/819/698 506/817/697 508/816/713
f 498/819/698 509/820/714 501/805/705
f 498/819/698 508/816/713 509/820/714
f 510/821/715 501/805/705 509/820/714
f 459/822/716 510/821/715 509/820/714
f 504/806/706 512/823/717 511/824/718
f 459/822/716 513/825/719 510/821/715
f 515/826/720 507/814/711 578/815/712
f 516/827/721 508/816/713 507/818/711
f 520/828/722 517/829/723 513/825/719
f 432/697/609 471/751/656 430/691/603
f 2741/830/724 2625/831/725 2630/832/726
f 1515/833/727 1519/834/728 1510/835/729
f 465/836/730 584/837/731 524/838/732
f 584/837/731 465/836/730 529/839/733
f 466/840/734 528/841/735 526/842/736
f 532/850/744 535/851/745 523/852/746
f 536/853/585 532/854/744 530/855/747
f 3148/856/748 3213/857/749 3254/858/750
f 532/850/744 538/859/751 535/851/745
f 535/851/745 594/860/752 533/861/753
f 538/859/751 532/850/744 537/862/754
f 536/673/585 537/863/754 532/864/744
f 535/851/745 539/865/755 594/860/752
f 538/859/751 539/865/755 535/851/745
f 540/866/756 541/867/757 538/859/751
f 542/868/758 594/860/752 539/865/755
f 538/859/751 541/867/757 539/865/755
f 592/869/759 594/860/752 542/868/758
f 599/870/760 543/871/761 537/863/754
f 551/872/762 545/873/643 544/874/763
f 545/875/764 468/876/765 543/877/761
f 537/862/754 543/878/761 540/866/756
f 541/867/757 540/866/756 543/878/761
f 541/867/757 543/878/761 546/879/766
f 546/880/766 543/877/761 468/876/765
f 546/880/766 468/876/765 467/881/767
f 542/868/758 539/865/755 541/867/757
f 541/867/757 547/882/768 542/868/769
f 541/867/757 546/879/766 547/882/768
f 3117/883/770 3066/884/771 3068/885/772 3070/886/773
f 600/887/774 542/868/769 547/882/768
f 544/874/763 548/888/775 551/872/762
f 545/737/643 551/889/762 470/738/644
f 548/890/776 550/891/777 551/746/652
f 473/747/653 551/746/652 550/891/777
f 552/892/778 549/893/779 472/753/657
f 474/752/608 552/892/778 472/753/657
f 549/893/779 552/892/778 606/894/780
f 550/895/777 604/896/781 553/897/782
f 3193/898/783 3194/899/784 3192/900/785
f 475/901/660 550/895/777 553/897/782
f 554/759/662 556/902/786 557/760/667
f 557/760/667 556/902/786 558/764/665
f 480/766/668 478/767/669 612/903/787
f 613/774/679 559/904/678 482/773/677
f 606/905/788 559/906/678 607/907/789
f 606/905/788 552/908/658 559/906/678
f 483/776/680 614/777/681 560/909/790
f 1734/910/791 1733/911/792 1728/912/793 1726/913/794
f 672/914/795 620/915/796 562/916/797
f 562/916/797 620/915/796 486/917/798
f 621/918/799 487/919/625 563/920/800
f 621/918/799 561/921/801 487/919/625
f 487/922/625 489/783/686 563/923/800
f 488/781/684 560/924/790 564/925/802
f 488/781/684 564/925/802 565/779/682
f 560/924/790 488/781/684 483/778/680
f 563/923/800 489/783/686 623/926/803
f 452/785/687 567/927/804 489/783/686
f 625/928/805 566/929/689 490/930/688
f 625/931/805 490/786/688 565/932/806
f 1516/933/807 1508/934/808 1509/935/809 1518/936/810
f 626/937/811 568/938/812 569/939/813
f 569/939/813 494/940/695 571/941/814
f 572/942/815 573/789/691 570/943/816
f 576/944/817 503/811/710 629/945/818
f 575/946/819 503/811/710 499/807/707
f 503/947/710 576/948/817 494/940/695
f 574/794/696 628/949/820 577/950/821
f 575/951/822 511/952/718 633/953/823
f 575/951/822 499/954/704 511/952/718
f 499/804/704 504/806/706 511/824/718
f 633/953/823 511/952/718 634/955/824
f 634/955/824 511/952/718 514/956/825
f 666/957/826 665/958/827 664/959/828 667/960/829
f 641/961/830 525/962/831 582/963/832
f 2881/964/833 2882/965/834 2880/966/835 2883/967/836
f 527/968/837 525/962/831 585/969/838
f 404/649/563 379/590/842 382/610/843
f 531/973/844 534/974/845 588/975/846
f 591/976/847 592/977/759 593/978/848
f 537/863/754 536/673/585 590/672/584
f 599/870/760 537/863/754 590/672/584
f 652/979/849 593/978/848 596/980/850
f 596/980/850 593/978/848 592/977/759
f 542/981/758 596/980/850 592/977/759
f 599/870/851 590/672/852 595/982/853
f 595/982/853 655/983/854 599/870/851
f 544/984/855 599/985/856 655/986/857
f 596/987/850 542/988/769 600/989/774
f 657/990/858 548/888/775 598/991/859
f 544/874/763 598/991/859 548/888/775
f 602/992/860 603/993/861 656/994/862
f 605/995/863 657/996/864 658/997/865
f 605/995/863 548/890/776 657/996/864
f 548/890/776 605/995/863 550/891/777
f 603/998/866 606/894/780 662/999/867
f 662/1000/867 606/905/788 607/907/789
f 606/894/780 603/998/866 549/893/779
f 604/896/781 663/1001/868 553/897/782
f 663/1002/869 608/1003/870 555/758/661
f 663/1002/869 555/758/661 553/1004/782
f 609/1005/871 610/1006/872 612/903/787
f 610/1006/872 611/1007/873 612/903/787
f 609/1005/871 612/903/787 478/767/669
f 607/1008/789 613/774/679 668/1009/874
f 559/906/678 613/1010/679 607/907/789
f 615/1011/875 616/1012/876 560/924/790
f 615/1013/875 560/909/790 614/777/681
f 618/1014/877 617/1015/878 619/1016/879
f 740/1017/880 621/918/799 563/920/800
f 564/925/802 616/1012/876 622/1018/881
f 565/779/682 564/925/802 622/1018/881
f 564/925/802 560/924/790 616/1012/876
f 623/926/803 740/1019/880 563/923/800
f 622/1020/882 625/931/805 565/932/806
f 677/1021/883 571/941/814 679/1022/884
f 570/943/816 627/1023/885 680/1024/886
f 570/1025/816 680/1026/886 572/1027/815
f 680/1026/886 628/1028/887 572/1027/815
f 685/1029/888 679/1030/884 629/945/818
f 2476/1031/889 2682/1032/890 2696/1033/891
f 630/1034/892 633/953/823 632/1035/893
f 630/1034/892 575/951/822 633/953/823
f 688/1036/894 635/1037/895 577/950/821
f 634/955/824 639/713/619 636/715/621
f 695/1038/896 636/715/621 640/714/620
f 589/1042/900 645/1043/901 649/1044/902
f 592/977/759 591/976/847 588/975/846
f 649/1044/902 651/1045/903 589/1042/900
f 590/672/852 589/1042/900 651/1045/903
f 649/1044/902 706/1046/904 650/1047/905
f 649/1044/902 650/1047/905 651/1045/903
f 655/983/906 651/1045/903 650/1047/905
f 595/982/853 651/1045/903 655/983/854
f 651/1045/903 595/982/853 590/672/852
f 647/1048/907 652/979/849 713/1049/908
f 713/1049/908 652/979/849 718/1050/909
f 652/979/849 647/1048/907 593/978/848
f 718/1050/909 652/979/849 597/1051/910
f 653/1052/911 598/1053/912 655/986/857
f 655/983/906 650/1047/905 654/1057/914
f 653/1052/911 655/986/857 654/1058/915
f 718/1059/916 597/1060/917 656/1061/918
f 603/993/861 721/1062/919 656/994/862
f 720/1063/920 658/997/865 657/996/864
f 659/1064/921 604/896/781 658/1065/865
f 661/1066/922 660/1067/923 662/1000/867
f 662/1000/867 607/907/789 661/1066/922
f 725/1068/924 608/1003/870 663/1002/869
f 659/1064/921 663/1001/868 604/896/781
f 666/957/826 608/1003/925 725/1068/926
f 729/1076/934 610/1006/872 730/1077/935
f 730/1077/935 610/1006/872 728/1078/936
f 610/1006/872 609/1005/871 728/1078/936
f 607/907/789 668/1079/937 661/1066/922
f 729/1080/938 611/1081/938 610/1082/938
f 617/1015/878 618/1014/877 670/1083/939
f 735/1084/940 671/1085/941 672/914/795
f 672/1086/942 561/1087/942 735/1088/942
f 620/915/796 672/914/795 671/1085/941
f 740/1017/880 737/1089/943 621/918/799
f 740/1019/880 623/926/803 743/1090/944
f 680/1024/886 675/1091/945 678/1092/946
f 753/1093/947 684/1094/948 682/1095/949
f 682/1095/949 681/1096/950 753/1093/947
f 753/1093/947 751/1097/951 685/1029/888
f 692/1098/952 687/1099/953 690/1100/954
f 687/1101/953 688/1036/894 683/1102/955
f 687/1101/953 631/1103/956 688/1036/894
f 628/949/820 683/1102/955 688/1036/894
f 690/1100/954 682/1104/957 689/1105/958
f 682/1104/957 684/1106/959 689/1105/958
f 689/1105/958 691/1107/960 755/1108/961
f 1003/1109/962 1004/1110/963 1147/1111/964
f 2732/1112/965 2728/1113/966 2721/1114/967
f 331/1115/968 266/505/452 324/1116/969
f 705/1117/970 703/1118/971 702/1119/972
f 2740/1120/973 2621/1121/974 2629/1122/975
f 704/1123/976 708/1124/977 710/1125/978
f 701/1126/979 707/1127/980 706/1128/904
f 708/1124/977 648/1129/981 711/1130/982
f 707/1127/980 650/1131/905 706/1128/904
f 707/1127/980 714/1132/983 650/1131/905
f 710/1125/978 708/1124/977 711/1130/982
f 648/1129/981 712/1138/989 711/1130/982
f 654/1142/914 650/1131/905 714/1132/983
f 653/1052/911 654/1058/915 767/1143/993
f 711/1130/982 712/1138/989 715/1144/994
f 715/1145/994 712/1146/989 718/1050/909
f 718/1059/916 716/1147/995 715/1148/996
f 712/1146/989 713/1049/908 718/1050/909
f 656/1061/918 717/1149/997 716/1147/995
f 721/1062/919 771/1150/998 717/1151/999
f 722/1152/1000 658/1153/865 723/1154/1001
f 723/1155/1001 720/1156/920 719/1157/1002
f 720/1158/920 723/1159/1001 658/1160/865
f 775/1161/1003 661/1066/922 776/1162/1004
f 661/1066/922 775/1161/1003 660/1067/923
f 659/1064/921 722/1163/1000 724/1164/1005
f 725/1165/1006 663/1001/868 724/1164/1005
f 724/1164/1005 663/1001/868 659/1064/921
f 728/1078/936 781/1166/1007 780/1167/1008
f 730/1077/935 728/1078/936 780/1167/1008
f 668/1079/937 729/1168/1009 776/1162/1010
f 776/1162/1010 661/1066/922 668/1079/937
f 732/1169/1011 731/1170/1012 733/1171/1013
f 616/1012/876 733/1171/1013 731/1170/1012
f 811/1172/1014 731/1173/1012 732/1174/1011
f 733/1175/1015 669/1176/1016 732/1177/1011
f 670/1083/939 736/1178/1017 734/1179/1018
f 670/1083/939 618/1014/877 736/1178/1017
f 734/1179/1018 736/1178/1017 671/1085/941
f 734/1179/1018 671/1085/941 735/1084/940
f 795/1186/1025 737/1089/943 738/1187/1026
f 828/1191/1030 742/1192/1031 811/1172/1014
f 731/1170/1032 811/1193/1014 742/1194/1031
f 739/1195/1033 813/1196/1034 738/1197/1026
f 739/1195/1033 743/1090/944 813/1196/1034
f 743/1090/944 745/1198/1035 813/1196/1034
f 743/1090/944 739/1195/1033 740/1019/880
f 673/1199/1036 745/1198/1035 743/1090/944
f 744/1200/1037 742/1201/1038 828/1202/1039
f 744/1203/1040 829/1204/1041 747/1205/1042
f 675/1091/945 674/1206/1043 744/1207/1040
f 746/1208/1044 814/1209/1045 745/1210/1046
f 752/1218/1054 681/1219/950 748/1220/1055
f 681/1096/950 752/1221/1054 753/1093/947
f 749/1222/1056 753/1223/947 752/1218/1054
f 753/1223/947 749/1222/1056 751/1224/951
f 754/1225/1057 690/1100/954 689/1105/958
f 2929/1226/1058 2926/1227/605 2931/1228/1059
f 755/1108/961 754/1225/1057 689/1105/958
f 108/1229/165 182/315/278 174/306/272 175/1230/1060
f 694/1231/1061 758/1232/1062 761/1233/1063
f 760/1234/1064 756/1235/1065 762/1236/1066
f 411/1241/1071 418/664/1072 415/663/576
f 2107/1242/1073 2098/1243/1074 2106/1244/1075 2204/1245/1076
f 767/1143/993 766/1246/1077 765/1247/1078
f 716/1147/995 766/1246/1077 715/1148/996
f 766/1246/1077 709/1248/1079 715/1148/996
f 767/1252/1083 765/1253/1084 768/1254/1085
f 768/1254/1085 719/1255/1002 767/1252/1083
f 766/1256/1086 769/1257/1087 765/1253/1084
f 765/1253/1084 769/1257/1087 768/1254/1085
f 653/1258/1088 657/990/858 598/991/859
f 768/1254/1085 723/1259/1001 719/1255/1002
f 723/1260/1001 773/1261/1089 722/1163/1000
f 772/1262/1090 723/1263/1001 768/1264/1085
f 774/1265/1091 771/1266/998 775/1267/1003
f 776/1162/1004 774/1268/1092 775/1161/1003
f 777/1272/1096 724/1273/1005 773/1274/1089
f 722/1163/1000 773/1261/1089 724/1164/1005
f 858/1275/1097 777/1276/1098 857/1277/1099
f 778/1278/1100 782/1279/1101 780/1167/1102
f 780/1167/1008 781/1166/1007 778/1278/1103
f 778/1278/1103 781/1166/1007 779/1280/1104
f 782/1279/1101 729/1076/934 780/1167/1102
f 783/1281/1105 862/1282/1106 774/1268/1092
f 862/1282/1107 783/1281/1108 782/1283/1109
f 783/1281/1105 774/1268/1092 776/1162/1004
f 783/1284/1108 729/1076/1009 782/1279/1109
f 729/1168/1009 783/1281/1108 776/1162/1010
f 960/1285/1110 784/1286/1111 785/1287/1112
f 786/1288/1113 785/1289/1112 784/1290/1111
f 787/1291/1114 788/1292/1115 785/1287/1112
f 785/1287/1112 786/1293/1113 787/1291/1114
f 789/1294/1116 788/1292/1115 787/1291/1114
f 741/1295/1117 789/1296/1116 787/1297/1114
f 741/1295/1117 787/1297/1114 786/1288/1113
f 790/1298/1118 811/1172/1014 732/1174/1011
f 669/1176/1016 790/1299/1118 732/1177/1011
f 794/1300/1119 795/1186/1025 738/1187/1026
f 793/1301/1120 795/1186/1025 794/1300/1119
f 796/1302/1121 797/1303/1122 872/1304/1123
f 797/1305/1122 873/1306/1124 872/1307/1123
f 873/1306/1124 797/1305/1122 798/1308/1125
f 877/1309/1126 873/1306/1124 798/1308/1125
f 877/1309/1126 798/1308/1125 799/1310/1127
f 877/1309/1126 799/1310/1127 800/1311/1128
f 803/1312/1129 801/1313/1130 802/1314/1131
f 804/1315/1132 784/1290/1111 801/1313/1130
f 804/1315/1132 801/1313/1130 803/1312/1129
f 784/1290/1111 804/1315/1132 786/1288/1113
f 825/1316/1133 805/1317/1134 741/1295/1117
f 804/1315/1132 825/1316/1133 741/1295/1117
f 741/1295/1117 805/1317/1134 806/213/190
f 808/214/191 806/213/190 805/1317/1134
f 811/1172/1014 790/1298/1118 791/1318/1135
f 809/1319/1136 811/1172/1014 791/1318/1135
f 814/1320/1137 812/1321/1138 813/1196/1034
f 813/1196/1034 745/1198/1035 814/1320/1137
f 797/1303/1122 796/1302/1121 815/1322/1139
f 815/1322/1139 818/1326/1143 797/1303/1122
f 818/1326/1143 817/1327/1144 835/1328/1145
f 797/1303/1122 818/1326/1143 819/1329/1146
f 798/1330/1147 797/1303/1122 819/1329/1146
f 819/1329/1146 821/1331/1148 798/1330/1147
f 819/1329/1146 820/1332/1149 821/1331/1148
f 821/1331/1148 822/1333/1150 799/1334/1151
f 821/1331/1148 839/1335/1152 822/1333/1150
f 798/1330/1147 821/1331/1148 799/1334/1151
f 894/1336/1153 822/1333/1150 839/1335/1152
f 799/1334/1151 822/1333/1150 800/1337/1154
f 825/1316/1155 803/1312/1156 802/1314/1157
f 2710/1341/1161 2825/1342/1162 2824/1343/1163
f 810/1344/1164 830/1345/1165 829/1346/1166
f 812/1321/1138 814/1320/1137 832/1347/1167
f 832/1348/1168 814/1209/1045 833/1349/1169
f 833/1349/1169 814/1209/1045 746/1208/1044
f 897/1350/1170 836/1351/1171 834/1352/1172
f 835/1353/1173 834/1354/1174 836/1355/1175
f 836/1355/1175 838/1356/1176 835/1353/1173
f 835/1328/1173 838/1357/1176 820/1332/1149
f 837/1358/1177 836/1351/1171 840/1359/1178
f 837/1360/1179 839/1361/1180 838/1356/1176
f 837/1360/1179 838/1356/1176 836/1355/1175
f 839/1361/1180 837/1360/1179 893/1362/1181
f 931/1363/1182 843/1364/1183 842/1365/1184
f 931/1363/1182 841/1366/1185 843/1364/1183
f 844/1367/1186 921/1368/1187 842/1365/1184
f 768/1254/1085 769/1257/1087 772/1369/1090
f 845/1370/1188 847/1371/1189 846/1372/1190
f 846/1372/1190 847/1371/1189 848/1373/1191
f 769/1374/1087 770/1375/1192 847/1376/1189
f 769/1257/1087 766/1256/1086 770/1377/1192
f 770/1377/1192 848/1373/1191 847/1371/1189
f 848/1378/1191 770/1379/1192 771/1266/998
f 774/1265/1091 848/1378/1191 771/1266/998
f 850/1380/1193 852/1381/1194 849/1382/1195
f 850/1380/1193 851/1383/1196 852/1381/1194
f 849/1382/1195 852/1381/1194 937/1384/1197
f 853/1385/1198 937/1384/1197 852/1381/1194
f 843/1364/1183 841/1366/1185 854/1386/1199
f 854/1387/1199 942/1388/1200 855/1389/1201
f 843/1364/1183 854/1386/1199 855/1390/1201
f 843/1364/1183 856/1391/1202 844/1367/1186
f 843/1364/1183 855/1390/1201 856/1391/1202
f 857/1392/1099 845/1370/1188 859/1393/1203
f 857/1392/1099 772/1369/1204 845/1370/1188
f 857/1392/1099 859/1393/1203 858/1394/1097
f 859/1393/1203 845/1370/1188 846/1372/1190
f 860/1395/1205 858/1275/1097 859/1396/1203
f 859/1393/1203 846/1372/1190 861/1397/1206
f 848/1373/1191 861/1397/1206 846/1372/1190
f 859/1393/1203 861/1397/1206 860/1398/1205
f 778/1278/1100 858/1275/1207 782/1279/1101
f 861/1397/1206 848/1373/1191 862/1399/1106
f 782/1279/1109 861/1400/1208 862/1401/1107
f 851/1383/1196 863/1402/1209 852/1381/1194
f 864/1403/1210 863/1404/1211 957/1405/1212
f 864/1406/1213 852/1381/1194 863/1402/1209
f 866/1410/1217 784/1286/1111 960/1285/1110
f 961/1411/1218 865/1412/1219 867/1413/1220
f 867/1413/1220 869/1414/1221 868/1415/1222
f 788/1292/1115 789/1294/1116 1112/1419/1226
f 870/1420/1227 964/1421/1228 789/1296/1116
f 789/1294/1116 964/1422/1228 1112/1419/1226
f 871/1423/1229 793/1424/1120 794/1425/1119
f 966/1426/1230 796/1427/1121 872/1307/1123
f 965/1428/1231 872/1307/1123 873/1306/1124
f 874/1429/1232 876/1430/1233 969/1431/1234
f 877/1309/1126 800/1311/1128 971/1432/1235
f 878/1433/1236 971/1432/1235 800/1311/1128
f 866/1434/1217 973/1435/1237 880/1436/1238
f 870/1437/1227 974/1438/1239 964/1439/1228
f 884/1440/1240 885/1441/1241 976/1442/1242 975/468/421
f 870/1420/1227 807/215/192 891/1443/1243
f 789/1296/1116 806/213/190 870/1420/1227
f 806/213/190 807/215/192 870/1420/1227
f 881/1444/1244 883/1445/1245 882/1446/1246
f 883/1445/1245 871/1423/1247 794/1425/1248
f 794/1425/1248 832/1447/1167 883/1445/1245
f 815/1322/1139 796/1302/1121 885/1448/1241
f 878/1449/1236 886/1450/1249 972/1451/1250
f 894/1336/1153 886/1452/1249 822/1333/1150
f 978/1453/1251 895/1454/1252 888/1455/1253
f 823/1464/1262 889/1465/1263 888/1466/1264
f 802/1467/1157 889/1465/1263 823/1464/1262
f 979/1468/1265 890/1469/1266 896/1470/1267
f 810/1471/1164 881/1444/1244 882/1446/1246
f 883/1445/1245 832/1447/1167 882/1446/1246
f 982/1478/1274 893/1479/1275 984/1480/1276
f 839/1361/1180 893/1362/1181 894/1481/1277
f 982/1482/1278 894/1481/1277 893/1362/1181
f 983/1483/646 895/1484/1252 978/1485/1251
f 1039/1486/1279 1047/1487/1280 1034/1488/1281 912/1489/1282
f 983/1483/646 986/1490/645 895/1484/1252
f 3235/1491/1283 3239/1492/1284 3237/1493/1285
f 900/1494/1286 998/1495/1287 826/1496/1288
f 2594/1497/1289 2595/1498/1290 2711/1499/1291
f 901/1500/1292 902/1501/1293 897/1350/1170
f 898/1502/1294 840/1359/1178 902/1501/1293
f 900/1494/1286 993/1503/1295 998/1495/1287
f 899/1504/1296 993/1503/1295 900/1494/1286
f 902/1501/1293 1003/1505/962 898/1502/1294
f 903/1506/1297 1007/1507/1298 909/1508/1299
f 1039/1486/1279 918/1513/1304 919/1514/1305
f 1074/1518/1309 1083/1519/1310 926/1520/1311
f 921/1521/1187 1074/1518/1309 926/1520/1311
f 1074/1518/1309 921/1521/1187 920/1522/1312
f 928/1523/1313 924/1524/1314 927/1525/1315
f 928/1523/1313 925/1526/1316 924/1524/1314
f 925/1526/1316 928/1523/1313 929/1527/1317
f 925/1526/1316 929/1527/1317 1081/1528/1318
f 1083/1529/1310 1089/1530/1319 931/1531/1182
f 1083/1529/1310 931/1531/1182 926/1532/1311
f 1089/1533/1319 930/1534/1320 931/1363/1182
f 841/1366/1185 931/1363/1182 930/1534/1320
f 926/1532/1311 931/1531/1182 921/1535/1187
f 921/1535/1187 931/1531/1182 842/1536/1184
f 922/1537/1321 921/1521/1187 932/1538/1322
f 921/1539/1187 844/1540/1186 932/1541/1322
f 1084/1542/1323 933/1543/1324 934/1544/1325
f 932/1545/1322 933/1543/1324 1084/1542/1323
f 1091/1546/1326 934/1547/1325 933/1548/1324
f 935/1549/1327 1094/1550/1328 936/1551/1329
f 1093/1552/1330 935/1553/1327 927/1554/1315
f 928/1523/1313 927/1525/1315 849/1555/1195
f 849/1556/1195 927/1554/1315 850/1557/1193
f 937/1558/1197 929/1559/1317 849/1560/1195
f 929/1559/1317 928/1561/1313 849/1560/1195
f 938/1562/1331 853/1385/1198 939/1563/1332
f 939/1563/1332 1095/1564/1333 938/1562/1331
f 940/1565/1334 930/1566/1320 1097/1567/1335
f 930/1534/1320 940/1568/1334 841/1366/1185
f 841/1366/1185 940/1568/1334 854/1386/1199
f 940/1569/1334 942/1388/1200 854/1387/1199
f 942/1388/1200 941/1570/1336 944/1571/1337
f 941/1570/1336 942/1388/1200 1098/1572/1338
f 945/1573/1339 943/1574/1340 1101/1575/1341
f 943/1574/1340 945/1573/1339 944/1571/1337
f 944/1571/1337 946/1576/1342 942/1388/1200
f 856/1391/1343 946/1577/1344 948/1578/1345
f 946/1576/1344 856/1579/1343 855/1389/1201
f 947/1580/1346 1091/1546/1326 948/1578/1345
f 948/1581/1345 946/1576/1344 947/1582/1346
f 1091/1546/1326 933/1548/1324 948/1578/1345
f 1104/1583/1347 951/1584/1348 936/1585/1349
f 951/1586/1348 851/1383/1196 936/1587/1349
f 953/1588/1350 949/1589/1351 952/1590/1352
f 949/1589/1351 953/1588/1350 950/1591/1353
f 863/1402/1209 851/1383/1196 951/1586/1348
f 2483/1592/1354 2486/1593/1355 2363/1594/1356 2360/1595/1357
f 956/1596/1358 953/1588/1350 955/1597/1359
f 956/1596/1358 957/1405/1212 863/1404/1211
f 1108/1598/1360 939/1563/1332 958/1599/1361
f 958/1600/1361 1106/1601/1362 1108/1602/1360
f 939/1563/1332 853/1385/1198 958/1599/1361
f 958/1599/1361 853/1385/1198 957/1603/1363
f 866/1410/1217 960/1285/1110 959/1604/1364
f 534/1605/845 533/861/753 594/860/752
f 869/1414/1221 963/1606/1365 868/1415/1222
f 962/1607/1366 963/1606/1365 869/1414/1221
f 1113/1608/1367 1112/1419/1226 964/1422/1228
f 967/1609/1368 968/1610/1369 1114/1611/1370
f 968/1610/1369 967/1609/1368 874/1429/1232
f 969/1431/1234 968/1610/1369 874/1429/1232
f 970/1612/1371 875/1613/1372 1225/1614/1373
f 972/1615/1250 971/1432/1235 878/1433/1236
f 971/1432/1235 972/1615/1250 1117/1616/1374
f 1270/1617/1375 1272/1618/1376 1395/1619/1377
f 973/1435/1237 866/1434/1217 959/1620/1364
f 1121/1621/1378 974/1438/1239 1122/1622/1379
f 891/1623/1243 1122/1622/1379 974/1438/1239
f 976/1442/1242 966/1624/1230 1126/1625/1380
f 972/1451/1250 977/1626/1381 1118/1627/1382
f 1118/1627/1382 977/1626/1381 1127/1628/1383
f 977/1626/1381 887/1629/1384 1127/1628/1383
f 977/1626/1381 972/1451/1250 886/1450/1249
f 1635/1630/1385 1660/1631/1386 1636/1632/1387 1637/1633/1388
f 892/1634/1389 981/1635/1390 980/1636/1391
f 1132/1637/1392 1127/1628/1383 887/1629/1384
f 988/1638/1393 892/1634/1389 980/1636/1391
f 3238/1639/1394 3188/1640/1395 3189/1641/1396
f 984/1642/1276 990/1643/1397 989/1644/1398
f 992/1648/1402 985/1649/647 1137/1650/1403
f 992/1648/1402 986/1651/645 985/1649/647
f 899/1652/1296 986/1651/645 992/1648/1402
f 992/1648/1402 993/1653/1295 899/1652/1296
f 997/1654/1404 991/1655/1405 994/1656/1406
f 2243/1657/1407 2255/1658/1408 2250/1659/1409 2244/1660/1410 2232/1661/1411
f 995/1662/1412 996/1663/1413 1143/1664/1414
f 997/1665/1415 1143/1664/1414 996/1663/1413
f 901/1666/1292 988/1667/1393 1001/1668/1416
f 1002/1669/1417 1001/1668/1416 1000/1670/1418
f 901/1666/1292 1001/1668/1416 1002/1669/1417
f 901/1500/1292 1002/1671/1417 902/1501/1293
f 1000/1670/1418 1005/1672/1419 1002/1669/1417
f 1005/1672/1419 1003/1109/962 1002/1669/1417
f 1003/1109/962 902/1673/1293 1002/1669/1417
f 898/1502/1294 1003/1505/962 990/1674/1397
f 1148/1675/1420 990/1676/1397 1003/1109/962
f 1095/1677/1421 1208/1678/1422 1085/1679/1423
f 994/1656/1406 1008/1680/1424 997/1654/1404
f 720/1681/1425 653/1258/1088 767/1682/1083 719/1683/1002
f 1772/1684/1426 1773/1685/1427 1849/1686/1428
f 1000/1687/1429 1010/1688/1430 1011/1689/1431
f 1011/1689/1431 1005/1690/1432 1000/1687/1429
f 1004/1691/1433 1013/1692/1434 1147/1693/1435
f 1004/1691/1433 1005/1690/1432 1012/1694/1436
f 1013/1692/1434 1012/1694/1436 905/1695/1437
f 1006/1696/1438 1014/1697/1439 1015/1698/1440
f 1022/1699/1441 1009/1700/1442 1017/1701/1443
f 1012/1694/1436 904/1702/1444 905/1695/1437
f 904/1702/1444 1012/1694/1436 1020/1703/1445
f 1017/1701/1443 903/1506/1297 909/1508/1299
f 905/1695/1437 1024/1704/1446 1013/1692/1434
f 1026/1705/1447 1016/1706/1448 1015/1707/1440
f 1154/1711/1452 1021/1712/1453 1028/1713/1454
f 656/1061/918 597/1060/917 602/1714/1455
f 1026/1715/1447 1025/1716/1456 1031/1717/1457
f 3062/1726/1464 3058/1727/1465 3061/1728/1466
f 2827/1729/1467 2722/1730/1468 2717/1731/1469
f 1055/1741/1479 1050/1742/1480 1046/1743/1481
f 1378/1744/1482 1267/1745/1483 1270/1617/1375
f 1054/1749/1486 1047/1487/1280 1044/1750/1487
f 1024/1704/1446 1021/1751/1453 1013/1692/1434
f 1049/1752/1488 1056/1753/1489 1063/1754/1490 1058/1755/1491 1053/1756/1492 1037/1757/1493 915/1758/1494 1045/1759/1495
f 1052/1760/1496 1056/1753/1489 1049/1752/1488
f 1060/1761/1497 1062/1762/1498 1047/1487/1280
f 1054/1749/1486 1060/1761/1497 1047/1487/1280
f 1052/1760/1496 1063/1754/1490 1056/1753/1489
f 1064/1763/1499 1059/1764/1500 1184/1765/1501
f 1059/1766/1500 1064/1767/1499 1065/1768/1502
f 1061/1769/1503 1055/1741/1479 1065/1768/1502
f 1068/1770/1504 1063/1754/1490 1052/1760/1496
f 1069/1771/1505 1063/1754/1490 1068/1770/1504
f 1070/1772/1506 1058/1755/1491 1063/1754/1490
f 1069/1771/1507 1070/1772/1506 1063/1754/1490
f 1058/1755/1491 1070/1772/1506 1057/1773/1508
f 1072/1774/1509 1074/1775/1510 1193/1776/1511
f 1184/1777/1501 1193/1778/1512 1064/1767/1499
f 1073/1779/1513 1065/1768/1502 1064/1767/1499
f 1073/1779/1513 1064/1767/1499 1193/1778/1512
f 1193/1776/1511 1074/1775/1510 1073/1780/1514
f 1074/1775/1510 920/1781/1515 922/1782/1516
f 922/1782/1516 1073/1780/1514 1074/1775/1510
f 1075/1783/1517 1066/1784/1518 1076/1785/1519
f 1066/1784/1518 1067/1786/1520 1076/1785/1519
f 1199/1787/1521 924/1788/1522 1078/1789/1523
f 1199/1787/1521 1079/1790/1524 924/1788/1522
f 1189/1791/1525 1078/1789/1523 1069/1792/1526
f 1189/1793/1527 1069/1794/1505 1068/1795/1504
f 1078/1789/1523 924/1788/1522 1069/1792/1526
f 1069/1771/1526 1080/1796/1528 1070/1772/1529
f 1081/1797/1530 1080/1798/1528 925/1799/1531
f 1057/1773/1508 1071/1800/1532 1190/1801/1533
f 1190/1801/1533 1071/1800/1532 1201/1802/1534
f 1071/1803/1535 1202/1804/1536 1201/1805/1537
f 1081/1797/1530 1202/1804/1536 1071/1803/1535
f 1080/1798/1528 1081/1797/1530 1071/1803/1535
f 1072/1806/1538 1203/1807/1539 1083/1808/1310
f 1196/1809/1540 1077/1810/1541 1205/1811/1542
f 1084/1812/1323 1205/1813/1542 1077/1814/1541
f 1202/1815/1543 1082/1816/1544 1085/1817/1545
f 1082/1818/1544 1086/1819/1546 1085/1820/1545
f 1203/1821/1539 1089/1530/1319 1083/1529/1310
f 1089/1530/1319 1203/1821/1539 1087/1822/1547
f 1089/1823/1319 1087/1824/1548 930/1566/1320
f 1087/1824/1548 1088/1825/1549 930/1566/1320
f 1084/1542/1323 934/1544/1325 1205/1826/1550
f 1205/1826/1550 934/1544/1325 1295/1827/1551
f 1090/1828/1552 1295/1827/1551 934/1544/1325
f 934/1547/1325 1091/1546/1326 1090/1829/1553
f 1094/1550/1328 1092/1830/1554 1207/1831/1555
f 1200/1832/1556 1092/1833/1554 1093/1552/1330
f 1092/1833/1554 935/1553/1327 1093/1552/1330
f 1092/1830/1554 1094/1550/1328 935/1549/1327
f 1095/1834/1333 939/1835/1332 1096/1836/1557
f 1097/1567/1335 930/1566/1320 1088/1825/1549
f 1099/1837/1558 1210/1838/1559 1100/1839/1560
f 1099/1837/1558 1100/1839/1560 941/1570/1336
f 1102/1840/1561 1101/1575/1341 943/1574/1340
f 1211/1841/1562 1305/1842/1563 945/1573/1339
f 945/1573/1339 1102/1840/1561 1211/1841/1562
f 1305/1842/1563 947/1582/1564 945/1573/1339
f 1101/1575/1341 1102/1840/1561 945/1573/1339
f 947/1582/1346 1305/1842/1565 1103/1843/1566
f 1090/1844/1553 1091/1845/1326 1103/1846/1566
f 1091/1546/1326 947/1580/1346 1103/1847/1566
f 1214/1848/1567 950/1591/1353 1104/1583/1347
f 936/1551/1329 1094/1550/1328 1104/1849/1568
f 949/1589/1351 1215/1850/1569 952/1590/1352
f 955/1597/1359 1105/1851/1570 1107/1852/1571
f 955/1597/1359 954/1853/1572 1105/1851/1570
f 1107/1852/1571 1105/1851/1570 1217/1854/1573
f 1217/1854/1573 1106/1601/1574 1107/1852/1571
f 1308/1855/1575 1108/1602/1360 1106/1601/1362
f 1096/1836/1557 939/1835/1332 1108/1856/1360
f 1110/1857/1576 1109/1858/1577 865/1412/1219
f 1312/1859/1578 1110/1857/1576 1111/1860/1579
f 1111/1860/1579 1110/1857/1576 961/1411/1218
f 865/1412/1219 961/1411/1218 1110/1857/1576
f 1221/1861/1580 1112/1419/1226 1113/1608/1367
f 1222/1862/1581 965/1428/1231 1318/1863/1582
f 1224/1864/1583 967/1609/1368 1114/1611/1370
f 970/1612/1371 1225/1614/1373 1115/1865/1584
f 2260/1866/1585 2251/1867/1586 2393/1868/1587
f 1118/1627/1382 1117/1869/1374 972/1451/1250
f 1219/1870/1588 1119/1871/1589 959/1620/1364
f 1120/1872/1590 973/1435/1237 1119/1871/1589
f 973/1435/1237 959/1620/1364 1119/1871/1589
f 1123/1873/1591 1124/470/423 1125/469/422
f 1126/1625/1380 1222/1874/1581 1123/1873/1591
f 1126/1625/1380 1123/1873/1591 1125/469/422
f 1222/1874/1581 1126/1625/1380 966/1624/1230
f 1118/1627/1382 1127/1628/1383 1227/1875/1592
f 1231/1876/1593 1132/1877/1392 1131/1878/1594
f 1132/1637/1392 1227/1875/1592 1127/1628/1383
f 1130/1879/1595 1233/1880/1596 981/1635/1390
f 1134/1881/1597 1231/1882/1598 1131/1883/1599
f 457/1884/633 502/1885/632 500/808/708
f 987/1886/1600 1133/1887/1601 979/1888/1265
f 1137/1650/1403 1235/1889/1602 1238/1890/1603
f 1137/1891/1403 985/741/647 1235/1892/1602
f 1235/1892/1602 985/741/647 1135/1893/1604
f 992/1648/1402 1137/1650/1403 1138/1894/1605
f 1138/1895/1606 1006/1896/1438 991/1655/1405
f 1139/1897/1607 1143/1664/1414 1140/1898/1608
f 1139/1899/1609 1140/1900/1610 1141/1901/1611
f 1140/1898/1608 1143/1664/1414 997/1665/1415
f 1241/1902/1612 1143/1664/1414 1139/1897/1607
f 987/1886/1600 1142/1903/1613 1133/1887/1601
f 1143/1664/1414 1142/1904/1613 995/1662/1412
f 995/1905/1412 1142/1903/1613 987/1886/1600
f 1243/1906/1614 1145/1907/1615 1144/1908/1616
f 1144/1912/1616 1146/1913/1620 1136/1914/1621
f 1246/1915/1622 1147/1916/1435 1152/1917/1623
f 1148/1675/1420 989/1918/1398 990/1676/1397
f 1009/1919/1442 1141/1901/1611 1140/1900/1610
f 997/1654/1404 1009/1700/1442 1140/1920/1610
f 1141/1901/1611 1018/1921/1624 1150/1922/1625
f 1141/1901/1611 1009/1919/1442 1018/1921/1624
f 1151/1923/1626 1000/1924/1429 1145/1925/1627
f 1010/1926/1430 1000/1924/1429 1151/1923/1626
f 1147/1693/1435 1013/1692/1434 1152/1927/1623
f 1018/1921/1624 1023/1928/1628 1150/1922/1625
f 1151/1923/1626 1250/1929/1629 1153/1930/1630
f 1254/1931/1631 1152/1917/1623 1154/1711/1452
f 1152/1917/1623 1021/1712/1453 1154/1711/1452
f 1023/1928/1628 1155/1932/1632 1150/1922/1625
f 1155/1932/1632 1023/1928/1628 1158/1933/1633
f 1157/1934/1634 1161/1935/1635 1025/1716/1456
f 2740/1120/973 2631/1936/1636 2739/1937/1637
f 1025/1716/1456 1161/1935/1635 1031/1717/1457
f 1361/1938/1638 1246/1915/1622 1251/1939/1639
f 2351/1940/1640 2341/1941/1641 2471/1942/1642
f 2805/1943/1643 2804/1944/1644 2881/1945/1645
f 1173/1949/1649 1172/1950/1650 1180/1951/1651
f 2702/1952/1652 2697/1953/1653 2810/1954/1654
f 561/921/801 621/918/799 737/1089/943
f 1176/1955/1655 1177/1956/1656 1171/1957/1657
f 1176/1960/1655 1047/1487/1280 1062/1762/1498
f 1183/1961/1661 1184/1765/1501 1180/1951/1651
f 1176/1960/1655 1062/1762/1498 1185/1962/1662
f 1068/1770/1504 1052/1760/1496 1179/1963/1663
f 1174/1964/1664 1068/1795/1504 1179/1965/1663
f 1428/1966/1665 1436/1967/1666 1429/1968/1667
f 1187/1969/1668 1183/1961/1661 1277/1970/1669
f 1183/1961/1661 1187/1969/1668 1184/1765/1501
f 638/1971/1670 635/1037/895 637/1972/1671
f 1188/1973/1672 1189/1793/1527 1178/1974/1673
f 1178/1974/1673 1189/1793/1527 1174/1964/1664
f 1174/1964/1664 1189/1793/1527 1068/1795/1504
f 1186/1975/1674 1057/1773/1508 1190/1801/1533
f 1192/1976/1675 1191/1977/1676 1282/1978/1677
f 1187/1969/1668 1277/1970/1669 1191/1979/1678
f 1075/1980/1517 1194/1981/1679 1066/1982/1518
f 1278/1983/1680 1185/1984/1662 1194/1981/1681
f 1077/1985/1682 1196/1986/1683 1195/1987/1684
f 1194/1988/1679 1075/1989/1517 1195/1987/1684
f 1195/1987/1684 1075/1989/1517 1077/1985/1682
f 1199/1787/1521 1198/1990/1685 1197/1991/1686
f 1188/1973/1672 1198/1992/1687 1189/1793/1525
f 1078/1993/1523 1189/1793/1525 1198/1992/1687
f 1198/1990/1685 1199/1787/1521 1078/1789/1523
f 1186/1994/1674 1190/1995/1533 1288/1996/1688
f 1201/1997/1689 1288/1996/1688 1190/1995/1533
f 1072/1806/1538 1192/1998/1690 1203/1807/1539
f 1204/1999/1691 1196/1809/1540 1205/1811/1542
f 1290/2000/1692 1200/2001/1693 1197/2002/1694
f 1291/2003/1695 1087/1824/1548 1293/2004/1696
f 1295/2005/1551 1090/1844/1553 1296/2006/1697
f 1295/1827/1551 1204/2007/1698 1205/1826/1550
f 1298/2008/1699 1297/2009/1700 1207/1831/1555
f 1290/2010/1701 1298/2011/1699 1200/2012/1556
f 1298/2008/1699 1207/1831/1555 1092/1830/1554
f 1206/2013/1702 1085/1679/1423 1208/1678/1422
f 1095/1834/1333 1096/1836/1557 1208/2014/1422
f 1291/2003/1695 1302/2015/1703 1087/1824/1548
f 1098/1572/1338 1302/2016/1704 1437/2017/1705
f 1302/2015/1703 1088/1825/1549 1087/1824/1548
f 1088/1825/1549 1302/2015/1703 1097/1567/1335
f 456/724/630 492/792/694 451/723/629
f 1303/2018/1706 1211/1841/1562 1304/2019/1707
f 1211/1841/1562 1102/1840/1561 1304/2019/1707
f 1305/1842/1563 1211/1841/1562 1303/2018/1706
f 1296/2006/1697 1103/1846/1566 1212/2020/1708
f 1296/2006/1697 1090/1844/1553 1103/1846/1566
f 1103/1846/1566 1305/2021/1565 1212/2020/1708
f 1297/2009/1700 1306/2022/1709 1213/2023/1710
f 1297/2009/1700 1213/2023/1710 1207/1831/1555
f 1104/1583/1347 1213/2030/1717 1306/2031/1718
f 1215/1850/1569 949/1589/1351 1214/1848/1719
f 1105/1851/1570 1216/2032/1720 1217/1854/1573
f 1217/1854/1573 1308/1855/1721 1106/1601/1574
f 1096/1836/1557 1108/1856/1360 1309/2033/1722
f 1218/2034/1723 1219/2035/1724 1109/1858/1577
f 1454/2036/1725 1218/2034/1723 1109/1858/1577
f 1110/1857/1576 1312/1859/1578 1311/2037/1726
f 1220/2038/1727 1314/2039/1728 963/1606/1365
f 1112/1419/1226 1221/1861/1580 1315/2040/1729
f 785/1287/1112 788/1292/1115 1112/1419/1226 1315/2040/1729 962/1607/1366 869/1414/1221 867/1413/1220 865/1412/1219
f 1224/1864/1583 1114/1611/1370 1464/2041/1730
f 1467/2042/1731 1225/1614/1373 1319/2043/1732
f 1225/1614/1373 1467/2042/1731 1115/1865/1584
f 1225/1614/1373 1116/2044/1733 1319/2043/1732
f 1117/1869/1374 1118/1627/1382 1320/2045/1734
f 1310/2046/1735 1321/2047/1736 1119/1871/1589
f 1219/1870/1588 1310/2046/1735 1119/1871/1589
f 1222/1874/1581 1223/2048/1737 1123/1873/1591
f 1327/2049/1738 1227/1875/1592 1232/2050/1739
f 1320/2045/1734 1118/1627/1382 1327/2049/1738
f 1327/2049/1738 1118/1627/1382 1227/1875/1592
f 1226/2051/1740 1122/2052/1741 1329/2053/1742
f 118/2054/181 117/200/179 121/199/178
f 1132/1877/1392 1232/2055/1743 1227/2056/1592
f 1331/2057/1744 1129/2058/1745 1236/2059/1746
f 1231/1882/1598 1134/1881/1597 1237/2060/1747
f 1234/2061/1748 1235/1892/1602 1337/2062/1749
f 1142/1903/1613 1236/2059/1746 1133/1887/1601
f 1234/2061/1748 1238/2063/1603 1235/1892/1602
f 1349/2064/1750 1236/2059/1746 1142/1903/1613
f 1349/2064/1750 1142/1903/1613 1241/2065/1612
f 1142/1904/1613 1143/1664/1414 1241/1902/1612
f 1243/2066/1614 1136/1914/1621 1242/2067/1751
f 1145/1925/1627 1244/2068/1752 1250/1929/1629
f 1136/2069/1621 1243/1906/1614 1144/1908/1616
f 1237/2060/1747 1356/2070/1753 1340/2071/1754
f 1237/2072/1747 1148/1675/1420 1356/2073/1753
f 1148/1675/1420 1147/1111/964 1246/2074/1755
f 1344/2075/1756 1247/2076/1757 1248/2077/1758
f 1239/2078/1759 1344/2075/1756 1248/2077/1758
f 1360/2079/1760 1240/2080/1761 1249/2081/1762
f 1139/1899/1609 1249/2081/1762 1240/2080/1761
f 1170/2082/1763 1272/1618/1376 1267/1745/1483 1264/2083/1764
f 1244/2068/1752 1245/2084/1765 1250/1929/1629
f 1254/1931/1631 1251/1939/1639 1246/1915/1622
f 1150/1922/1625 1252/2085/1766 1249/2081/1762
f 1250/1929/1629 1253/2086/1767 1153/1930/1630
f 2993/2087/1768 2994/2088/1769 2996/2089/1770
f 735/1084/940 561/921/801 737/1089/943
f 1256/2090/1771 1368/2091/1772 1252/2085/1766
f 1155/1932/1632 1256/2090/1771 1252/2085/1766
f 1373/2104/1785 1165/2105/1786 1259/2106/1787
f 1502/2107/1788 1507/2108/1789 1364/2109/1790
f 1384/2113/1794 1268/2114/1795 1177/1956/1656
f 2622/2118/1799 2636/2119/1800 2621/2120/974
f 1279/2121/1801 1178/1974/1673 1275/2122/1802
f 1277/1970/1669 1276/2123/1803 1281/2124/1804
f 1274/2125/1805 1278/1983/1680 1406/2126/1806
f 1274/2125/1805 1181/2127/1807 1278/1983/1680
f 1279/2121/1808 1273/2128/1809 1418/2129/1810
f 1178/1974/1673 1279/2121/1801 1188/1973/1672
f 1409/2130/1811 1395/1619/1377 1280/2131/1812
f 1286/2132/1813 1409/2130/1811 1280/2131/1812
f 1395/1619/1377 1182/2133/1814 1280/2131/1812
f 1182/2133/1814 1186/1994/1674 1280/2131/1812
f 1277/2134/1669 1281/2135/1804 1282/1978/1677
f 1191/1979/1678 1277/1970/1669 1282/2136/1677
f 1278/1983/1680 1283/2137/1815 1406/2126/1816
f 1194/1981/1681 1283/2137/1815 1278/1983/1680
f 1194/1988/1679 1284/2138/1817 1283/2139/1818
f 1195/1987/1684 1284/2138/1817 1194/1988/1679
f 1418/2129/1819 1285/2140/1820 1279/2121/1821
f 1285/2140/1822 1198/1992/1687 1279/2121/1801
f 1198/1992/1687 1188/1973/1672 1279/2121/1801
f 256/2141/1823 321/420/374 197/419/373
f 1286/2132/1813 1280/2131/1812 1288/1996/1688
f 1288/1996/1688 1280/2131/1812 1186/1994/1674
f 1192/1998/1690 1411/2142/1824 1289/2143/1825
f 1424/2144/1826 1289/2143/1825 1411/2142/1824
f 1203/1807/1539 1192/1998/1690 1289/2143/1825
f 1284/2145/1827 1195/2146/1828 1430/2147/1829
f 1195/2146/1828 1204/1999/1691 1430/2147/1829
f 1195/2146/1828 1196/1809/1540 1204/1999/1691
f 1292/2148/369 1429/1968/1667 1291/2003/1695
f 1292/2148/369 1291/2003/1695 1293/2004/1696
f 1289/2152/370 1292/2148/369 1293/2004/1696
f 1294/2153/1833 1295/2005/1551 1296/2006/1697
f 1298/2008/1699 1299/2154/1834 1297/2009/1700
f 1299/2154/1834 1298/2008/1699 1290/2155/1701
f 1300/2156/1835 1208/2014/1422 1301/2157/1836
f 1206/2013/1702 1208/1678/1422 1300/2158/1835
f 1291/2003/1695 1429/1968/1667 1302/2015/1703
f 1436/2159/1666 1437/2017/1705 1302/2016/1704
f 1436/1967/1666 1302/2015/1703 1429/1968/1667
f 1437/2017/1837 1438/2160/1838 1098/1572/1338
f 3034/2161/1839 3035/2162/1840 3081/2163/1841
f 1294/2153/1833 1212/2020/1708 1444/2164/1842
f 1294/2153/1833 1296/2006/1697 1212/2020/1708
f 1305/1842/1563 1303/2018/1706 1443/2165/1843
f 1447/2166/1844 1306/2031/1718 1446/2167/1845
f 1447/2166/1846 1307/2168/1847 1214/1848/1719
f 1447/2166/1844 1214/1848/1567 1306/2031/1718
f 1448/2169/1848 1215/1850/1569 1307/2168/1847
f 1307/2168/1847 1215/1850/1569 1214/1848/1719
f 1450/2170/1849 1449/2171/1850 1216/2032/1720
f 1449/2171/1850 1217/1854/1573 1216/2032/1720
f 1561/2172/1851 1217/1854/1573 1449/2171/1850
f 1217/1854/1573 1561/2172/1851 1308/1855/1721
f 1301/2157/1836 1309/2033/1722 1452/2173/1852
f 1308/1855/1575 1452/2174/1853 1309/2175/1854
f 1455/2176/1855 1218/2034/1723 1454/2036/1725
f 1313/2177/1856 1456/2178/1857 1311/2037/1726
f 1311/2037/1726 1312/1859/1578 1313/2177/1856
f 1316/2179/1858 1315/2040/1729 1221/1861/1580
f 1472/2180/1859 1316/2181/1858 1221/2182/1860
f 1222/1874/1581 1317/2186/1864 1223/2048/1737
f 1224/1864/1583 1464/2041/1730 1318/1863/1582
f 1319/2043/1732 1116/2044/1733 1574/2187/1865
f 1468/2188/1866 1116/2044/1733 1320/2189/1734
f 1453/2190/1867 1321/2047/1736 1310/2046/1735
f 1472/2180/1859 1324/2191/1868 1323/2192/1869
f 1472/2180/1859 1221/2182/1860 1324/2191/1868
f 1223/2048/1737 1317/2186/1864 1473/2193/1870
f 1469/2194/1871 1320/2045/1734 1327/2049/1738
f 1469/2194/1871 1327/2049/1738 1326/2195/1872
f 1326/2195/1872 1232/2050/1739 1476/2196/1873
f 1232/2050/1739 1326/2195/1872 1327/2049/1738
f 1933/2197/1874 1989/2198/1875 1930/2199/1876
f 1323/2192/1869 1226/2200/1740 1329/2201/1742
f 1334/2202/1877 1231/1882/1598 1336/2203/1878
f 600/2204/1879 601/2205/1880 602/1714/1455 597/1060/917
f 1485/2206/1881 1341/2207/1882 1335/2208/1883
f 1234/2061/1748 1335/2209/1883 1341/2210/1882
f 1238/1890/1603 1234/2211/1748 1341/2212/1882
f 1341/2212/1882 1485/2213/1881 1342/2214/1884
f 1342/2214/1884 1238/1890/1603 1341/2212/1882
f 1342/2214/1884 1239/2215/1885 1238/1890/1603
f 1343/2216/1886 1344/2217/1756 1239/2218/1759
f 1345/2219/1887 1342/2214/1884 1348/2220/1888
f 1342/2214/1884 1345/2219/1887 1343/2221/1889
f 1345/2222/1890 1346/2223/1891 1343/2216/1886
f 1349/2064/1750 1347/2224/1892 1338/2225/1893
f 1350/2226/1894 1490/2227/1895 1351/2228/1896
f 1350/2226/1897 1351/2228/1896 1243/1906/1614
f 1244/2229/1898 1351/2228/1896 1352/2230/1899
f 1351/2228/1896 1244/2229/1898 1243/1906/1614
f 1354/2231/1900 1355/2232/1901 1493/2233/1902
f 1356/2073/1753 1355/2232/1901 1354/2231/1900
f 1484/2234/1903 1340/2071/1754 1354/2235/1900
f 1356/2070/1753 1354/2235/1900 1340/2071/1754
f 1358/2236/1904 1357/2237/1905 1344/2217/1756
f 1345/2222/1890 1359/2238/1906 1346/2223/1891
f 1358/2236/1904 1343/2216/1886 1346/2223/1891
f 1360/2079/1760 1359/2239/1906 1345/2240/1890
f 1240/2080/1761 1360/2079/1760 1345/2240/1890
f 1245/2084/1765 1364/2241/1790 1253/2086/1767
f 1494/2242/1907 1364/2109/1790 1352/2243/1908
f 1353/2244/1909 1355/2245/1910 1495/2246/1911
f 1352/2243/1908 1353/2244/1909 1494/2242/1907
f 1355/2245/1910 1496/2247/1912 1495/2246/1911
f 1496/2248/1912 1361/1938/1638 1365/2249/1913
f 1496/2248/1912 1355/2250/1910 1361/1938/1638
f 1355/2250/1910 1246/1915/1622 1361/1938/1638
f 1247/2076/1757 1357/2251/1905 1362/2252/1914
f 1344/2075/1756 1357/2251/1905 1247/2076/1757
f 1249/2081/1762 1363/2253/1915 1360/2079/1760
f 1253/2086/1767 1364/2241/1790 1367/2254/1916
f 1251/1939/1639 1365/2249/1913 1361/1938/1638
f 1852/2255/1917 1853/2256/1918 1851/2257/1919
f 2563/2258/1920 2667/2259/1921 2769/2260/1922
f 1367/2254/1916 1255/2261/1923 1253/2086/1767
f 1251/1939/1639 1257/2262/1924 1365/2249/1913
f 1371/2267/1929 1255/2261/1923 1367/2254/1916
f 1369/2268/1930 1514/2269/1931 1511/2270/1932
f 1362/2252/1914 1373/2104/1785 1259/2106/1787
f 1255/2261/1923 1371/2267/1929 1260/2271/1933
f 1374/2272/1934 1261/2273/1935 1373/2104/1785
f 1380/2280/1942 1386/2281/1943 1266/2282/1944 1377/2283/1945
f 1380/2286/1942 1521/2287/1948 1386/2288/1943
f 3021/2292/1952 3020/2293/1953 3015/2294/1954
f 2703/2295/1955 2700/2296/1956 2701/2297/1957
f 1276/2300/1803 1271/2301/1960 1401/2302/1961
f 1384/2113/1794 1274/2125/1805 1393/2303/1962
f 1396/2304/1963 1387/2305/1964 1397/2306/1965
f 1399/2307/1966 1392/2308/1967 1398/2309/1968
f 1399/2307/1966 1386/2288/1943 1392/2308/1967
f 1392/2308/1967 1389/2310/1969 1398/2309/1968
f 1389/2310/1969 1391/2311/1970 1400/2312/1971
f 1402/2313/1972 1276/2300/1803 1401/2302/1961
f 1405/2314/1973 1404/2315/1974 1397/2306/1965
f 1405/2316/1973 1390/2317/1975 1406/2126/1806
f 1393/2303/1962 1274/2125/1805 1406/2126/1806
f 1399/2318/1966 1418/2129/1810 1273/2128/1809
f 1417/2319/1976 1407/2320/1977 1400/2312/1971
f 1400/2312/1971 1394/2321/1978 1408/2322/1979
f 1394/2323/1978 1409/2130/1811 1408/2324/1979
f 1394/2323/1978 1395/1619/1377 1409/2130/1811
f 1523/2325/1980 1410/2326/1981 1411/2327/1982
f 1411/2327/1982 1282/1978/1677 1281/2135/1804
f 1412/2328/1983 1402/2313/1972 1403/2329/1984
f 1405/2314/1973 1413/2330/1985 1404/2315/1986
f 1413/2331/1985 1405/2316/1973 1283/2137/1987
f 1283/2137/1987 1405/2316/1973 1406/2126/1806
f 1414/2332/1988 1283/2139/1818 1284/2138/1817
f 1418/2129/1819 1529/2333/1989 1285/2140/1820
f 1529/2334/1990 1416/2335/1991 1285/2336/1992
f 1529/2334/1990 1415/2337/1993 1416/2335/1991
f 1407/2320/1977 1417/2319/1976 1418/2338/1810
f 1400/2312/1971 1408/2322/1979 1419/2339/1994
f 1417/2319/1976 1400/2312/1971 1419/2339/1994
f 1419/2339/1994 1408/2322/1979 1421/2340/1995
f 1409/2341/1811 1421/2342/1995 1408/2343/1979
f 1409/2130/1811 1286/2132/1813 1421/2344/1995
f 1410/2345/1996 1537/2346/1997 1424/2144/1826
f 1411/2142/1824 1410/2345/1996 1424/2144/1826
f 2915/2347/1998 2858/2348/1999 2976/2349/2000
f 1415/2350/2001 1426/2351/2002 1416/2352/2003
f 1427/2353/2004 1428/1966/1665 1429/1968/1667
f 1292/2148/369 1427/2353/2004 1429/1968/1667
f 1538/2354/2005 1425/2355/2006 1430/2356/1829
f 1290/2357/1701 1432/2358/2007 1299/2359/1834
f 1543/2360/2008 1423/2361/2009 1434/2362/2010
f 1423/2361/2009 1300/2156/1835 1434/2362/2010
f 1300/2158/1835 1423/2363/2009 1206/2013/1702
f 1441/2364/2011 1438/2160/1838 1437/2017/1837
f 1440/2365/2012 1439/2366/2013 1441/2364/2011
f 1431/2367/2014 1444/2164/1842 1538/2368/2015
f 1431/2367/2014 1294/2153/1833 1444/2164/1842
f 1445/2369/2016 1444/2164/1842 1212/2020/1708
f 1550/2370/2017 1443/2165/1843 1303/2018/1706
f 1554/2371/2018 1448/2169/1848 1307/2168/1847
f 1451/2376/2023 1452/2174/1853 1308/1855/1575
f 1452/2173/1852 1435/2377/2024 1301/2157/1836
f 1452/2173/1852 1451/2378/2025 1435/2377/2024
f 1454/2036/1725 1562/2379/2026 1455/2176/1855
f 1457/2380/2027 1458/2381/2028 1314/2039/1728
f 1316/2179/1858 1460/2382/2029 1568/2383/2030
f 1460/2385/2029 1316/2181/1858 1472/2180/1859
f 1569/2386/2033 1462/2387/2034 1317/2388/1864
f 1317/2388/1864 1461/2389/2035 1569/2386/2033
f 1569/2386/2033 1461/2389/2035 1571/2390/2036
f 1318/1863/1582 1464/2041/1730 1463/2391/2037
f 886/1450/1249 887/1629/1384 977/1626/1381
f 1465/2392/2038 1464/2041/1730 1466/2393/2039
f 1319/2043/1732 1465/2392/2038 1467/2042/1731
f 1465/2392/2038 1466/2393/2039 1467/2042/1731
f 1468/2188/1866 1573/2394/2040 1574/2187/1865
f 1472/2180/1859 1579/2395/2041 1460/2385/2029
f 1471/2396/2042 1579/2395/2041 1472/2180/1859
f 1472/2180/1859 1323/2192/1869 1471/2396/2042
f 1317/2186/1864 1462/2397/2034 1473/2193/1870
f 1473/2398/1870 1462/2399/2034 1580/2400/2043
f 1480/2401/2044 1474/2402/2045 1473/2193/1870
f 1595/2403/2046 1475/2404/2047 1476/2196/1873
f 1475/2404/2047 1468/2405/1866 1469/2194/1871
f 1476/2196/1873 1475/2404/2047 1326/2195/1872
f 1469/2194/1871 1326/2195/1872 1475/2404/2047
f 1471/2396/2042 1323/2192/1869 1329/2201/1742
f 1480/2406/2048 1582/2407/2049 1474/2408/2050
f 1332/2409/2051 1474/2408/2050 1582/2407/2049
f 1483/2410/2052 1334/2202/1877 1484/2234/1903
f 1595/2411/2053 1334/2412/2054 1483/2413/2055
f 1335/2208/1883 1477/2414/2056 1585/2415/2057
f 1489/2416/2058 1490/2417/1895 1482/2418/2059
f 1485/2206/1881 1486/2419/2060 1492/2420/2061
f 1492/2420/2061 1342/2421/1884 1485/2206/1881
f 1342/2214/1884 1492/2422/2061 1348/2220/1888
f 1492/2420/2061 1487/2423/2062 1488/2424/2063
f 1493/2233/1902 1351/2228/1896 1489/2425/2058
f 1490/2227/1895 1489/2425/2058 1351/2228/1896
f 1594/2426/2064 1493/2427/1902 1489/2416/2058
f 1493/2233/1902 1353/2428/2065 1351/2228/1896
f 1354/2429/1900 1493/2427/1902 1491/2430/2066
f 1495/2246/1911 1494/2242/1907 1353/2244/1909
f 1495/2246/1911 1496/2247/1912 1500/2431/2067
f 1366/2432/2068 1357/2237/1905 1358/2236/1904
f 1364/2109/1790 1494/2242/1907 1499/2433/2069
f 1965/2434/2070 1964/2435/2071 1963/2436/2072
f 1501/2437/2073 1498/2438/2074 1359/2238/1906
f 1364/2109/1790 1499/2433/2069 1502/2107/1788
f 1509/935/809 1508/934/808 1503/2439/2075
f 906/2440/2076 909/1508/1299 1007/1507/1298
f 625/931/805 622/1020/882 674/2444/2080
f 2937/2445/2081 2935/2446/2082 2936/2447/2083 2939/2448/2084
f 1518/936/810 1376/2449/2085 1516/933/807
f 1459/2452/2088 1314/2039/1728 1220/2038/1727
f 1526/2453/2089 1525/2454/2090 1531/2455/2091
f 1526/2456/2092 1413/2457/1985 1525/2458/2093
f 1526/2456/2092 1404/2459/1986 1413/2457/1985
f 1525/2454/2090 1414/2460/2094 1527/2461/2095
f 1528/2462/2096 1529/2334/2097 1417/2463/2098
f 1417/2463/2098 1529/2334/2097 1418/2464/2099
f 1528/2465/2100 1530/2466/2101 1533/2467/2102
f 1419/2468/2103 1530/2469/2104 1528/2462/2096
f 1528/2462/2096 1417/2463/2098 1419/2468/2103
f 1420/2470/2105 1530/2469/2104 1421/2471/2106
f 1419/2468/2103 1421/2471/2106 1530/2469/2104
f 1531/2455/2091 1525/2454/2090 1527/2461/2095
f 1425/2472/2006 1527/2473/2095 1414/2474/2094
f 1532/2475/2107 1415/2476/2001 1529/2477/2108
f 1532/2475/2107 1426/2478/2002 1415/2476/2001
f 1534/2479/2109 1533/2467/2102 1530/2466/2101
f 1536/2480/2110 1428/1966/1665 1427/2353/2004
f 1602/2481/2111 1538/2368/2005 1603/2482/2112
f 1527/2483/2113 1425/2355/2006 1602/2484/2111
f 1538/2354/2005 1602/2484/2111 1425/2355/2006
f 1539/2485/2114 1432/2486/2007 1540/2487/2115
f 1433/2488/2116 1432/2489/2007 1539/2490/2114
f 1532/2491/2117 1540/2492/2115 1426/2493/2118
f 1426/2493/2118 1540/2492/2115 1432/2358/2007
f 1535/2494/2119 1541/2495/2120 1534/2496/2121
f 1609/2497/2122 1541/2498/2120 1543/2360/2008
f 1609/2497/2122 1543/2360/2008 1542/2499/2123
f 1543/2500/2008 1541/2495/2120 1535/2494/2119
f 1423/2501/2009 1543/2500/2008 1535/2494/2119
f 1544/2502/2124 1428/1966/1665 1536/2480/2110
f 1544/2503/2124 1545/2504/2125 1436/2159/1666
f 1544/2502/2124 1436/1967/1666 1428/1966/1665
f 1545/2504/2125 1610/2505/2126 1437/2017/1705
f 1440/2365/2012 1610/2505/2127 1546/2506/2128
f 1546/2506/2128 1548/2507/2129 1547/2508/2130
f 1546/2506/2128 1547/2508/2130 1440/2365/2012
f 1440/2365/2012 1547/2508/2130 1439/2366/2013
f 1552/2509/2131 1549/2510/2132 1546/2506/2128
f 1610/2505/2127 1552/2509/2131 1546/2506/2128
f 1551/2511/2133 1603/2482/2112 1538/2368/2015
f 1551/2512/2133 1445/2513/2016 1552/2509/2131
f 1538/2368/2015 1444/2164/1842 1551/2511/2133
f 1551/2511/2133 1444/2164/1842 1445/2369/2016
f 1539/2490/2114 1553/2514/2134 1446/2515/2135
f 1446/2167/1845 1553/2516/2134 1447/2166/1844
f 1539/2490/2114 1446/2515/2135 1433/2488/2116
f 1615/2517/2136 1556/2518/2137 1554/2371/2018
f 1553/2516/2134 1615/2517/2138 1447/2166/1844
f 1615/2517/2136 1554/2371/2018 1447/2166/1846
f 1557/2519/2139 1554/2371/2018 1556/2518/2137
f 1554/2371/2018 1557/2519/2139 1448/2169/1848
f 1556/2518/2137 1555/2520/2140 1557/2519/2139
f 1559/2521/2141 1557/2519/2139 1555/2520/2140
f 1558/2522/2142 1559/2521/2141 1555/2520/2140
f 1618/2523/2143 1560/2524/2144 1561/2172/2145
f 1542/2499/2123 1451/2378/2025 1560/2525/2146
f 1560/2524/2144 1451/2376/2023 1561/2172/2145
f 1451/2378/2025 1542/2499/2123 1435/2377/2024
f 1562/2379/2026 1454/2036/1725 1563/2526/2147
f 1570/2527/2148 1569/2386/2033 1571/2390/2036
f 1570/2527/2148 1571/2390/2036 1572/2528/2149
f 1572/2528/2149 1571/2390/2036 1463/2391/2037
f 1574/2187/1865 1572/2528/2149 1463/2391/2037
f 1468/2188/1866 1575/2529/2150 1573/2394/2040
f 1577/2530/2151 1470/2531/2152 1576/2532/2153
f 1562/2533/2026 1576/2532/2153 1453/2534/1867
f 1578/2535/2154 1562/2533/2026 1563/2536/2147
f 1578/2535/2154 1576/2532/2153 1562/2533/2026
f 1567/2537/2155 1568/2538/2030 1579/2395/2041
f 1568/2538/2030 1460/2385/2029 1579/2395/2041
f 1582/2539/2156 1480/2540/2044 1580/2400/2043
f 1480/2540/2044 1473/2398/1870 1580/2400/2043
f 1581/2541/2157 1580/2400/2043 1570/2542/2148
f 1580/2400/2043 1581/2541/2157 1582/2539/2156
f 1595/2403/2046 1584/2543/2158 1583/2544/2159
f 1583/2544/2159 1575/2545/2150 1475/2404/2047
f 1595/2403/2046 1583/2544/2159 1475/2404/2047
f 1575/2545/2150 1468/2405/1866 1475/2404/2047
f 1585/2415/2057 1586/2546/2160 1486/2419/2060
f 1596/2547/2161 1586/2546/2160 1587/2548/2162
f 1587/2548/2162 1478/2549/2163 1488/2424/2063
f 1582/2407/2049 1589/2550/2164 1332/2409/2051
f 1625/2551/2165 1590/2552/2166 1589/2550/2164
f 1591/2553/2167 1590/2552/2166 1625/2551/2165
f 1590/2554/2168 1591/2555/2169 1592/2556/2170
f 1593/2557/2171 1594/2426/2064 1591/2555/2169
f 2620/2558/2172 2732/2559/965 2725/2560/2173 2612/2561/2174
f 1593/2557/2171 1483/2565/2052 1491/2430/2066
f 1594/2426/2064 1489/2416/2058 1592/2556/2170
f 1597/2566/2178 1536/2567/2110 1598/2568/2179
f 1597/2566/2178 1598/2568/2179 1599/2569/2180
f 1531/2570/2181 1599/2571/2180 1524/2572/2182
f 1600/2573/2183 1601/2574/2184 1599/2569/2180
f 1600/2573/2183 1599/2569/2180 1531/2575/2181
f 1600/2573/2183 1603/2576/2112 1601/2574/2184
f 1602/2577/2111 1603/2576/2112 1600/2573/2183
f 1540/2487/2185 1604/2578/2186 1605/2579/2187
f 1604/2578/2186 1606/2580/2188 1605/2579/2187
f 1606/2580/2188 1607/2581/2189 1608/2582/2190
f 1607/2581/2189 1606/2580/2188 1604/2578/2186
f 1607/2581/2189 1604/2578/2186 1533/2583/2191
f 1607/2581/2189 1541/2584/2120 1608/2582/2190
f 1541/2584/2120 1609/2585/2122 1608/2582/2190
f 1597/2566/2178 1544/2586/2124 1536/2567/2110
f 1545/2587/2192 1544/2586/2124 1597/2566/2178
f 1611/2588/2193 1597/2566/2178 1599/2569/2180
f 1611/2589/2193 1613/2590/2194 1610/2505/2195
f 1611/2588/2193 1545/2587/2192 1597/2566/2178
f 1545/2587/2192 1611/2588/2193 1610/2591/2195
f 1599/2569/2180 1601/2574/2184 1611/2588/2193
f 1613/2590/2196 1552/2509/2131 1610/2505/2197
f 1603/2576/2112 1612/2592/2198 1601/2574/2184
f 1552/2509/2131 1613/2590/2196 1612/2593/2199
f 1603/2482/2112 1551/2511/2133 1612/2594/2198
f 1612/2593/2199 1551/2512/2133 1552/2509/2131
f 1553/2516/2134 1614/2595/2200 1615/2517/2138
f 1614/2596/2200 1553/2597/2134 1605/2579/2187
f 197/419/373 198/2598/2201 119/2599/2202 190/2600/2203
f 1614/2595/2200 1617/2601/2204 1615/2517/2138
f 1617/2601/2204 1618/2523/2143 1615/2517/2138
f 1615/2517/2136 1618/2523/2205 1555/2520/2140
f 1615/2517/2136 1555/2520/2140 1556/2518/2137
f 1616/2602/2206 1618/2523/2143 1617/2601/2204
f 1618/2523/2143 1616/2602/2206 1560/2524/2144
f 1609/2497/2122 1542/2499/2123 1560/2525/2146
f 1565/2603/2207 1619/2604/2208 1563/2526/2147
f 1627/2605/2209 1570/2542/2148 1572/2606/2149
f 1572/2606/2149 1573/2607/2040 1626/2608/2210
f 1578/2535/2154 1563/2536/2147 1620/2609/2211
f 1619/2610/2212 1622/2611/2213 1620/2609/2211
f 1620/2609/2211 1563/2536/2147 1619/2610/2212
f 1622/2611/2213 1565/2612/2214 1567/2613/2155
f 1582/2539/2156 1581/2541/2157 1625/2614/2215
f 1570/2542/2148 1627/2605/2209 1581/2541/2157
f 1625/2614/2215 1581/2541/2157 1627/2605/2209
f 1627/2605/2209 1626/2608/2210 1628/2615/2216
f 1572/2606/2149 1626/2608/2210 1627/2605/2209
f 1625/2614/2215 1627/2605/2209 1628/2615/2216
f 1625/2551/2165 1628/2616/2217 1591/2553/2167
f 1629/2617/2218 1630/2618/2219 1631/2619/2220
f 1630/2618/2219 1632/2620/2221 1631/2619/2220
f 1661/2621/2222 1634/2622/2223 1660/1631/1386
f 1634/2622/2223 1636/1632/1387 1660/1631/1386
f 1638/2626/2227 1639/2627/2228 1665/2628/2229
f 1641/2629/2230 1633/2630/2231 1640/2631/2232
f 1983/2637/2238 1986/2638/2239 1987/2639/2240
f 1639/2627/2228 1638/2626/2227 1631/2619/2220
f 1639/2627/2228 1648/2640/2241 1643/2641/2242
f 1646/2642/2243 1648/2640/2241 1639/2627/2228
f 2697/1953/1653 2702/1952/1652 2582/2643/2244
f 1632/2620/2245 1630/2618/2246 1646/2642/2247
f 1644/2644/2248 1675/2645/2249 1647/2646/2250
f 1695/2647/2251 1651/2648/2252 1650/2649/2253
f 1652/2653/2257 1655/2654/2258 1654/2655/2259
f 1650/2649/2253 1653/2656/2260 1652/2653/2257
f 1653/2656/2260 1655/2654/2258 1652/2653/2257
f 329/87/83 327/2657/2261 328/88/84
f 1651/2648/2252 1702/2658/2262 1653/2656/2263
f 1657/2659/2264 1653/2656/2263 1702/2658/2262
f 1702/2660/2262 1658/2661/2265 1657/2662/2264
f 1655/2654/2266 1658/2663/2267 1656/2664/2268
f 1659/2669/2273 1661/2621/2222 1709/2670/2274
f 1335/2209/1883 1234/2061/1748 1337/2062/1749
f 1685/2674/2278 1686/2675/2279 1683/2676/2280
f 1659/2677/2273 1718/2678/2281 1666/2679/2282
f 1666/2679/2282 1633/2680/2231 1659/2677/2273
f 1665/2628/2229 1639/2627/2228 1643/2641/2242
f 1665/2628/2229 1643/2641/2242 1716/2681/2283
f 1457/2380/2027 1456/2178/1857 1313/2177/1856 1458/2381/2028
f 1672/2682/2284 1725/2683/2285 1674/2684/2286
f 1649/2685/2287 1672/2682/2284 1674/2684/2286
f 1675/2645/2249 1649/2685/2287 1674/2684/2286
f 1675/2645/2249 1674/2684/2286 1729/2686/2288
f 1675/2645/2249 1729/2686/2288 1673/2687/2289
f 1736/2688/2290 1732/78/75 1676/2689/2291
f 1735/2690/2292 1736/2688/2290 1679/2691/2293
f 3218/2692/2294 3099/2693/2295 3100/2694/2296
f 989/1644/1398 1237/2060/1747 1134/1881/1597
f 1333/2695/2297 1230/2696/2298 1332/2697/2299
f 1682/2698/2300 1683/2676/2280 1681/2699/2301
f 1689/2700/2302 1765/2701/2303 1687/2702/2304
f 1687/2702/2304 1690/2703/2305 1689/2700/2302
f 1696/2704/2306 1767/2705/2307 1691/2706/2308
f 1692/2707/2309 1696/2704/2306 1691/2706/2308
f 1693/2708/2310 1695/2709/2311 1687/2710/2312
f 1694/2711/2313 1651/2648/2252 1695/2647/2251
f 1771/2712/2314 1773/1685/2315 1699/2713/2316
f 1694/2714/2313 1771/2715/2314 1699/2716/2316
f 1699/2713/2316 1773/1685/2315 1700/2717/2317
f 1651/2648/2252 1694/2711/2313 1699/2718/2316
f 1699/2718/2316 1700/2719/2317 1651/2648/2252
f 1702/2658/2262 1651/2648/2252 1700/2719/2317
f 1701/2720/2318 1703/2721/2319 1704/2722/2320
f 1774/2723/2321 1704/2722/2320 1703/2721/2319
f 1774/2723/2321 1776/2724/2322 1704/2722/2320
f 1707/2725/2323 1656/2664/2268 1705/2726/2324
f 1705/2726/2324 1656/2664/2268 1658/2663/2267
f 1706/2727/2325 1698/2728/2326 1707/2725/2327
f 1706/2729/2325 1707/2730/2323 1708/2731/2328
f 1707/2725/2327 1698/2728/2326 1697/2732/2329
f 1705/2733/2330 1776/2724/2331 1708/2731/2332
f 1708/2731/2328 1707/2730/2323 1705/2733/2324
f 1707/2725/2327 1697/2732/2329 1656/2664/2333
f 1710/2734/2334 1659/2669/2273 1709/2670/2274
f 1710/2735/2334 1787/2736/2335 1718/2678/2281
f 1787/2736/2335 1717/2737/2336 1718/2678/2281
f 1718/2678/2281 1659/2677/2273 1710/2735/2334
f 1715/2738/2337 1716/2739/2338 1720/2740/2339
f 1720/2740/2339 1716/2739/2338 1719/2741/2340
f 1721/2742/2341 1722/2743/2342 1723/2744/2343
f 1717/2745/2344 1721/2746/2345 1723/2747/2346
f 1669/2748/2347 1724/2749/2348 1793/2750/2349
f 1793/2751/2350 1719/2752/2351 1669/2753/2352
f 1801/2754/2353 1725/2755/2285 1722/2743/2342
f 1727/2756/2354 1801/2757/2353 1802/2758/2355
f 1722/2743/2342 1725/2755/2285 1670/2759/2356
f 1725/2760/2285 1801/2757/2353 1727/2756/2354
f 1726/2761/2357 1727/2756/2354 1802/2758/2355
f 1727/2756/2354 1674/2762/2286 1725/2760/2285
f 1727/2756/2354 1729/2763/2288 1674/2762/2286
f 1726/2764/2358 1805/2765/2358 1727/2766/2358
f 1727/2756/2354 1805/104/2359 1729/2763/2288
f 1671/2767/2360 1673/2687/2289 1805/2768/100
f 1805/104/100 1673/2769/2289 1729/2763/2288
f 1809/2770/2361 1731/2771/74 1802/2772/76
f 1809/2770/2361 1730/2773/2362 1731/2771/74
f 1726/913/794 1802/79/76 1732/78/75
f 1735/2690/2292 1733/911/792 1734/910/791
f 1732/78/75 1736/2688/2290 1734/910/791
f 1728/912/793 1733/911/792 1803/2774/2363
f 1739/2775/2364 1732/78/75 1731/77/74
f 1733/911/792 1740/101/97 1737/103/99
f 1740/101/97 1733/911/792 1735/2690/2292
f 1742/2776/2365 1730/2773/2362 1811/2777/2366
f 510/821/715 504/806/706 501/805/705
f 1742/2776/2365 1743/2778/2367 1738/2779/2368
f 87/2780/2369 30/46/46 85/154/145
f 3121/2788/2377 3072/2789/2378 3118/2790/2379
f 1637/2791/2380 1631/2619/2220 1638/2626/2227
f 123/204/182 194/2792/2381 118/202/181
f 2258/2793/2382 2238/2794/2383 2241/2795/2384
f 1342/2214/1884 1343/2221/1889 1239/2215/1885
f 1755/2801/2390 1759/2802/2391 1750/2803/2392
f 2436/2804/2393 2295/2805/2394 2428/2806/2395
f 1758/2807/2396 1759/2802/2391 1755/2801/2390
f 1758/2807/2396 1756/2808/2397 1757/2809/2398
f 1761/2810/2399 1754/2811/2400 1827/2812/2401
f 1761/2810/2399 1762/2813/2402 1757/2809/2398
f 1758/2807/2396 1763/2814/2403 1759/2802/2391
f 1758/2807/2396 1757/2809/2398 1763/2814/2403
f 1764/2815/2404 1765/2816/2405 1689/2817/2406
f 1766/2818/2407 1757/2809/2398 1762/2813/2402
f 1760/2819/2408 1689/2817/2406 1762/2820/2409
f 1688/2821/2410 1762/2820/2409 1689/2817/2406
f 1762/2813/2402 1691/2822/2411 1766/2818/2407
f 1691/2823/2412 1762/2820/2409 1688/2821/2410
f 1830/2824/2413 1763/2814/2403 1838/2825/2414
f 1767/2826/2415 1838/2827/2414 1691/2823/2416
f 1838/2827/2414 1763/2828/2417 1691/2823/2416
f 1766/2829/2418 1691/2823/2416 1763/2828/2417
f 1693/2832/2421 1765/2833/2303 1764/2834/2422
f 1765/2701/2303 1693/2835/2421 1687/2702/2304
f 1696/2704/2306 1768/2836/2423 1767/2705/2307
f 1769/2837/2424 1844/2838/2425 1771/2715/2314
f 1840/2839/2426 1770/2840/2427 1693/2708/2310
f 1769/2837/2424 1771/2715/2314 1694/2714/2313
f 1694/2714/2313 1770/2841/2427 1769/2837/2424
f 1844/2838/2425 1848/2842/2428 1771/2715/2314
f 1848/2843/2428 1773/1685/2315 1771/2712/2314
f 1850/2844/2429 1703/2721/2319 1701/2720/2318
f 1772/1684/1426 1850/2844/2429 1701/2720/2318
f 1702/2660/2430 1772/1684/1426 1701/2720/2318
f 1772/1684/1426 1702/2660/2430 1773/1685/1427
f 1851/2257/1919 1775/2845/2431 1774/2723/2321
f 1776/2724/2322 1774/2723/2321 1775/2845/2431
f 1776/2724/2322 1775/2845/2431 1853/2256/1918
f 1853/2256/1918 1708/2731/2332 1776/2724/2331
f 1706/2729/2325 1708/2731/2328 1855/2846/2432
f 1846/2847/2433 1847/2848/2434 1706/2849/2325
f 1698/2850/2326 1706/2849/2325 1847/2848/2434
f 1781/2851/2435 1779/2852/2436 1780/2853/2437
f 1781/2851/2435 1780/2853/2437 1711/2854/2438
f 1784/2855/2439 1782/2856/2440 1783/2857/2441
f 1782/2856/2440 1712/2858/2442 1713/2859/2443
f 1784/2855/2439 1714/2860/2444 1785/2861/2445
f 1720/2740/2339 1785/2862/2445 1715/2738/2337
f 1777/2863/2446 1786/2864/2447 1787/2736/2335
f 1786/2864/2447 1790/2865/2448 1787/2736/2335
f 1777/2863/2446 1787/2736/2335 1710/2735/2334
f 1717/2737/2336 1787/2736/2335 1790/2865/2448
f 1788/2866/2449 1720/2740/2339 1789/2867/2450
f 1791/2868/2451 1721/2746/2345 1790/2869/2452
f 1721/2746/2345 1717/2745/2344 1790/2869/2452
f 1793/2750/2349 1724/2749/2348 1792/2870/2453
f 1720/2740/2339 1719/2741/2340 1789/2867/2450
f 1800/2874/2457 1801/2757/2353 1797/2875/2458
f 1797/2876/2458 1801/2754/2353 1722/2743/2342
f 1807/2877/2459 1805/104/100 1806/106/102
f 1805/104/100 1807/2877/2459 1671/2878/2360
f 1807/2879/2459 1806/2880/102 1796/2881/2460
f 1807/2879/2459 1796/2881/2460 1724/2749/2348
f 1799/2882/2461 1808/2883/2462 1809/2770/2361
f 31/2884/51 34/2885/2463 161/2886/246
f 1803/2887/2363 1737/2888/99 1810/2889/2464
f 1803/2887/2363 1733/2890/792 1737/2888/99
f 1811/2777/2366 1730/2773/2362 1809/2770/2361
f 1662/2891/2465 1711/2854/2438 1780/2853/2437
f 136/220/197 132/227/204 66/2892/2466 131/221/198
f 2236/2893/2467 2237/2894/2468 2234/2895/2469 2240/2896/2470
f 2652/2897/2471 2645/2898/2472 2747/2899/2473
f 1692/2707/2309 1691/2706/2308 1688/2900/2474
f 1824/2901/2475 1828/2902/2476 1827/2903/2401
f 1760/2904/2477 1827/2903/2401 1828/2902/2476
f 1829/2905/2478 1826/2906/2479 1832/2907/2480
f 1826/2906/2479 1830/2908/2413 1832/2907/2480
f 1830/2908/2413 1838/2909/2414 1832/2907/2480
f 1832/2910/2480 1838/2827/2414 1837/2911/2481
f 1838/2827/2414 1767/2826/2415 1837/2911/2481
f 1839/2912/2482 1837/2911/2481 1767/2826/2415
f 1841/2913/2483 1839/2914/2484 1767/2915/2307
f 1767/2915/2307 1768/2916/2423 1841/2913/2483
f 1842/2917/2485 1843/2918/2486 1769/2837/2424
f 1769/2837/2424 1843/2918/2486 1844/2838/2425
f 1840/2919/2426 1842/2917/2485 1769/2837/2424
f 1845/2920/2487 1847/2848/2434 1846/2847/2433
f 1843/2918/2486 1848/2842/2428 1844/2838/2425
f 1308/1855/1575 1309/2175/1854 1108/1602/1360
f 1967/2921/2488 1849/1686/1428 1773/1685/1427
f 1849/1686/1428 1901/2922/2489 1850/2844/2429
f 1849/1686/1428 1850/2844/2429 1772/1684/1426
f 1853/2256/1918 1775/2845/2431 1851/2257/1919
f 1855/2846/2432 1854/2923/2490 1846/2924/2433
f 1855/2925/2432 1846/2847/2433 1706/2849/2325
f 1789/2867/2450 1864/2926/2491 1788/2866/2449
f 1788/2866/2449 1861/2927/2492 1859/2928/2493
f 1788/2866/2449 1864/2926/2491 1861/2927/2492
f 1860/2929/2494 1790/2865/2448 1786/2864/2447
f 1790/2869/2452 1860/2930/2495 1791/2868/2451
f 1863/277/245 1792/2870/2453 1865/275/243
f 1800/2934/2457 1797/2876/2458 1794/2935/2499
f 1794/2935/2499 1867/2936/2500 1800/2934/2457
f 2882/2937/2501 2870/2938/2502 2917/2939/2503
f 1804/2940/2504 1870/2941/2505 1803/2887/2363
f 1796/2942/2460 1806/106/102 1869/2943/2506
f 1796/2881/2460 1866/276/244 1865/275/243
f 1866/276/244 1796/2881/2460 1869/2944/2506
f 1798/2945/2507 1871/2946/2508 1808/2883/2462
f 1873/2947/2509 1870/2941/2505 1804/2940/2504
f 2887/2948/2510 2928/2949/2511 2922/2950/2512
f 1873/2947/2509 1804/2940/2504 1810/2889/2464
f 1872/504/451 1812/503/450 1808/2883/2462
f 1663/2951/2513 1635/1630/1385 1637/1633/1388 1638/2952/2514
f 61/2953/2515 62/2954/2516 60/2955/2517
f 1820/2959/2519 1877/2960/2520 1816/2961/2521
f 1819/2962/2522 1880/2963/2523 1821/2964/2524
f 1642/2965/2525 1641/2629/2230 1640/2631/2232
f 1886/2966/2526 1828/2902/2476 1824/2901/2475
f 1887/2967/2527 1829/2905/2478 1890/2968/2528
f 1829/2905/2478 1887/2967/2527 1825/2969/2529
f 1831/2970/2530 1886/2966/2526 1835/2971/2531
f 1889/2972/2532 1835/2971/2531 1886/2966/2526
f 1889/2972/2532 1886/2966/2526 1888/2973/2533
f 13/16/14 12/3/3 11/17/15
f 1891/2974/2534 1887/2967/2527 1890/2968/2528
f 1835/2975/2535 1892/2976/2536 1833/2977/2537
f 1835/2971/2531 1889/2972/2532 1893/2978/2538
f 1893/2979/2539 1892/2976/2536 1835/2975/2535
f 1894/2980/2540 1891/2974/2541 1890/2968/2528
f 2716/2981/2542 2597/2982/2543 2605/2983/2544
f 1898/2984/2545 1845/2920/2487 1846/2847/2433
f 1963/2436/2072 1845/2920/2487 1898/2984/2545
f 1899/2985/2546 1848/2842/2428 1843/2918/2486
f 1899/2985/2546 1843/2918/2486 1897/2986/2547
f 1901/2922/2489 1849/1686/1428 1900/2987/2548
f 1900/2987/2548 1849/1686/1428 1967/2921/2488
f 1902/2988/2549 1901/2922/2489 1900/2987/2548
f 1852/2255/1917 1904/2989/2550 1708/2731/2332
f 1903/2990/2551 1852/2255/1917 1851/2257/1919
f 1905/2991/2552 1904/2989/2550 1852/2255/1917
f 1898/2984/2545 1846/2847/2433 1854/2992/2490
f 1857/2993/2553 1906/2994/2554 1856/2995/2555
f 1910/2996/2556 1909/2997/2557 1782/2856/2440
f 1909/2997/2557 1910/2996/2556 1975/2998/2558
f 1784/2855/2439 1910/2996/2556 1782/2856/2440
f 1784/2855/2439 1858/2999/2559 1911/3000/2560
f 1786/2864/2447 1777/2863/2446 1912/3001/2561
f 1912/3001/2561 1777/2863/2446 1856/3002/2555
f 1856/3002/2555 1906/3003/2554 1912/3001/2561
f 1861/2927/2492 1858/3004/2559 1859/2928/2493
f 1979/3005/2562 1861/2927/2492 1864/2926/2491
f 1864/3006/2563 1863/3007/2564 1979/3008/2565
f 1866/276/244 1918/3009/2566 1916/3010/2567
f 1919/3011/2568 1927/3012/2569 1798/3013/2507
f 1920/3014/2570 1867/2936/2500 1917/3015/2571
f 2007/3016/2572 2008/3017/2573 1968/3018/2574
f 1984/3019/2575 1921/3020/2576 1920/3021/2570
f 1925/3022/2577 1926/3023/2578 1869/2943/2579
f 1866/276/244 1926/3024/2580 1918/3009/2566
f 1926/3024/2580 1866/276/244 1869/2944/2506
f 1872/504/451 1927/3025/2569 1931/3026/2581
f 1928/3027/2582 1927/3012/2569 1919/3011/2568
f 1922/3028/2583 1928/3027/2582 1919/3011/2568
f 1922/3028/2583 1924/3029/2584 1929/3030/2585
f 1929/3030/2585 1924/3029/2584 1930/3031/1876
f 2541/3032/2586 2540/3033/2587 2661/3034/2588
f 1929/3030/2585 1930/3031/1876 1989/3035/1875
f 1930/2199/1876 1924/3036/2584 1870/2941/2505
f 1930/2199/1876 1874/3037/2589 1933/2197/1874
f 2296/3038/2590 2125/3039/2591 2298/3040/2592 2297/3041/2593
f 1881/3042/2594 1938/3043/2595 1939/3044/2596
f 632/1035/893 633/953/823 634/955/824 636/715/621
f 1884/3045/2597 1941/3046/2598 1937/3047/2599
f 1940/3048/2600 1884/3045/2597 1946/3049/2601
f 1884/3045/2597 1940/3048/2600 1941/3046/2598
f 138/226/203 137/223/200 135/222/199
f 1945/3050/2602 1944/3051/2603 1943/3052/2604
f 694/3053/1061 637/1972/1671 631/1103/956
f 1944/3051/2603 1888/3054/2533 1885/3055/2605
f 1947/3056/2606 1946/3057/2601 1949/3058/2607
f 1948/3059/2608 1950/3060/2609 1944/3051/2603
f 1951/3061/2610 1948/3059/2608 1945/3050/2602
f 1950/3062/2609 1953/3063/2611 1889/3064/2532
f 1953/3065/2611 1893/3066/2612 1889/3067/2532
f 1948/3059/2608 1953/3068/2611 1950/3060/2609
f 1951/3061/2610 1955/3069/2613 1948/3059/2608
f 1953/3068/2611 1948/3059/2608 1955/3069/2613
f 1955/3070/2614 1954/3071/2615 1953/3072/2616
f 1891/2974/2617 1956/3073/2618 1949/3074/2607
f 1951/3061/2610 1949/3058/2607 1956/3075/2618
f 1958/3076/2619 1956/3077/2620 1891/3078/2541
f 1955/3069/2613 1951/3061/2610 1956/3075/2618
f 1894/3079/2540 1895/3080/2621 1958/3076/2619
f 1958/3076/2619 1891/3078/2541 1894/3079/2540
f 1956/3077/2620 1958/3076/2619 1957/3081/2622
f 1960/3082/2623 1958/3083/2624 1896/3084/2625
f 1961/3085/2626 1962/3086/2627 1897/2986/2547
f 1964/2435/2071 1896/3087/2628 1963/2436/2072
f 1898/2984/2545 1965/2434/2070 1963/2436/2072
f 1966/3088/2629 1899/2985/2546 1897/2986/2547
f 1966/3088/2629 1897/2986/2547 1962/3086/2627
f 1967/2921/2488 1968/3018/2574 1900/2987/2548
f 1900/2987/2548 2008/3017/2630 1902/2988/2549
f 1903/2990/2551 1905/2991/2552 1852/2255/1917
f 1905/2991/2552 2010/3089/2631 1904/2989/2550
f 1971/3090/2632 1898/2984/2545 1854/2992/2490
f 1854/2992/2490 1904/3091/2633 1971/3090/2632
f 1971/3090/2632 1965/2434/2070 1898/2984/2545
f 1906/2994/2554 1857/2993/2553 1973/3092/2634
f 1857/2993/2553 1972/3093/2635 1973/3092/2634
f 1973/3094/2634 2021/3095/2636 1906/3096/2554
f 1974/3097/2637 1909/2997/2557 1975/2998/2558
f 1911/3000/2560 1976/3102/2642 2017/3103/2643
f 1914/3104/2644 2019/3105/2645 1976/3106/2642
f 1976/3106/2642 1858/3004/2559 1914/3104/2644
f 1977/3107/2646 1978/3108/2647 1913/3109/2648
f 1861/2927/2492 1914/3104/2644 1858/3004/2559
f 1979/3005/2562 1914/3104/2644 1861/2927/2492
f 1986/3110/2239 2028/3111/2649 1915/3112/2650
f 1979/3008/2565 1863/3007/2564 1915/3113/2651
f 647/1048/907 591/976/847 593/978/848
f 2610/3114/2652 2616/3115/2653 2723/3116/2654
f 1987/2639/2240 1923/3117/2655 1921/3020/2576
f 1985/3118/2656 1921/3020/2576 1984/3019/2575
f 1921/3020/2576 1985/3118/2656 1987/2639/2240
f 1923/3119/2655 1987/3120/2240 1925/3022/2577
f 1918/3121/2566 1987/2639/2240 1986/2638/2239
f 1928/3027/2582 1988/3122/2657 1932/3123/2658
f 1932/3123/2658 1988/3122/2657 1990/3124/2659
f 1935/3125/2660 1989/2198/1875 1933/2197/1874
f 2098/3126/2661 2058/3127/2662 2070/3128/2663
f 2264/3135/2670 2123/3136/2671 2119/3137/2672
f 1942/3138/2673 1938/3043/2595 1996/3139/2674
f 1954/3071/2615 1955/3070/2614 1997/3140/2675
f 1954/3141/2676 1997/3142/2677 1999/3143/2678
f 1961/3144/2626 1959/3145/2679 1998/3146/2680
f 2002/3150/2684 1962/3151/2627 1961/3152/2626
f 1962/3151/2627 2002/3150/2684 2003/3153/2685
f 1999/3143/2678 1998/3154/2686 1954/3141/2676
f 1999/3155/2687 2002/3156/2684 1998/3146/2680
f 1960/3157/2688 2031/3158/2689 2001/3159/2690
f 2031/3160/2689 1964/2435/2071 2005/3161/2691
f 1960/3157/2688 1896/3162/2628 1964/3163/2071
f 1964/2435/2071 1965/2434/2070 2004/3164/2692
f 2004/3164/2692 2005/3161/2691 1964/2435/2071
f 1966/3088/2629 1962/3086/2627 2006/3165/2693
f 1968/3018/2694 1966/3166/2695 2006/3167/2693
f 1968/3018/2694 2006/3167/2693 2007/3016/2696
f 1962/3151/2627 2003/3153/2685 2006/3168/2693
f 2008/3017/2630 1969/3169/2697 1902/2988/2549
f 2003/3153/2685 2007/3170/2696 2006/3168/2693
f 1969/3169/2697 2008/3017/2630 2009/3171/2698
f 2007/3016/2699 2010/3089/2631 2009/3171/2698
f 1969/3169/2697 2009/3171/2698 1970/3172/2700
f 1970/3172/2700 1905/2991/2552 1903/2990/2551
f 1905/2991/2552 1970/3172/2700 2009/3171/2698
f 2010/3089/2631 1905/2991/2552 2009/3171/2698
f 1971/3173/2632 1904/2989/2633 2012/3174/2701
f 1965/2434/2070 1971/3090/2632 2004/3164/2692
f 2012/3175/2702 2004/3164/2692 1971/3090/2632
f 2011/3176/2703 2004/3164/2692 2012/3175/2702
f 1972/3093/2635 2013/3177/2704 1973/3092/2634
f 1973/3094/2634 2013/3178/2704 2014/3179/2705
f 2013/3177/2704 1972/3093/2635 2015/3180/2706
f 2015/3180/2706 2016/3181/2707 2013/3177/2704
f 2016/3182/2707 2014/3179/2705 2013/3178/2704
f 1910/2996/2556 2017/3103/2643 1975/2998/2558
f 1978/3108/2647 1977/3107/2646 2021/3095/2636
f 2022/3183/2708 2021/3095/2636 1973/3094/2634
f 2014/3179/2705 2022/3183/2708 1973/3094/2634
f 533/861/753 523/852/746 535/851/745
f 2027/3184/2709 2023/3185/2710 1982/3186/2711
f 1914/3104/2644 2023/3187/2710 2019/3105/2645
f 2018/3188/2712 2019/3189/2645 2023/3185/2710
f 2024/3190/2713 1978/3191/2714 2020/3192/2715
f 2024/3190/2713 2025/3193/2716 1981/3194/2717
f 2025/3193/2716 2024/3190/2713 2039/3195/2718
f 2026/3196/2719 2028/3197/2649 1983/2637/2238
f 2025/3198/2720 2026/3196/2719 1983/2637/2238
f 2026/3199/2721 2027/3200/2722 2028/3201/2723
f 1915/3113/2651 1982/3202/2724 1979/3008/2565
f 2029/3203/2725 2003/3153/2685 2002/3150/2684
f 2029/3203/2725 2002/3150/2684 2030/3204/2726
f 2000/3205/2727 2032/3206/2728 2030/3204/2726
f 2032/3206/2728 2029/3203/2725 2030/3204/2726
f 2031/3158/2689 2000/3207/2727 2001/3159/2690
f 2032/3206/2728 2000/3205/2727 2031/3208/2689
f 2032/3206/2728 2031/3208/2689 2005/3209/2691
f 578/815/712 577/950/821 635/1037/895 579/3210/2729
f 2007/3016/2696 2034/3211/2730 2033/3212/2731
f 2034/3213/2730 2029/3203/2725 2035/3214/2732
f 2035/3214/2732 2033/3215/2731 2034/3213/2730
f 2032/3206/2728 2035/3214/2732 2029/3203/2725
f 2007/3016/2733 2033/3212/2731 2010/3089/2734
f 2033/3212/2731 2011/3216/2735 2010/3089/2734
f 2036/3217/2736 2011/3216/2735 2033/3212/2731
f 2036/3218/2736 2033/3215/2731 2035/3214/2732
f 2032/3206/2728 2005/3209/2691 2036/3218/2737
f 2032/3206/2728 2036/3218/2737 2035/3214/2732
f 2005/3161/2691 2004/3164/2692 2011/3176/2703
f 2005/3209/2691 2011/3219/2703 2036/3218/2737
f 2016/3182/2707 2037/3220/2738 2014/3179/2705
f 2018/3188/2712 2037/3220/2738 2016/3182/2707
f 2018/3188/2712 2038/3221/2739 2037/3220/2738
f 2038/3221/2739 2039/3222/2740 2037/3220/2738
f 2043/3223/2741 2040/3224/2742 2042/3225/2743
f 2041/3226/2744 2042/3227/2743 2045/3228/2745
f 2041/3229/2744 2043/3223/2741 2042/3225/2743
f 2041/3226/2744 2045/3228/2745 2047/3230/2746
f 2047/3230/2746 2045/3228/2745 2046/3231/2747
f 2062/3232/2748 2048/3233/2749 2060/3234/2750
f 2048/3235/2749 2050/3236/2751 2049/3237/2752
f 2052/3238/2753 2051/3239/2754 2050/3236/2751
f 2050/3236/2751 2051/3239/2754 2049/3237/2752
f 2051/3239/2754 2092/3240/2755 2049/3237/2752
f 2052/3238/2753 2093/3241/2756 2051/3239/2754
f 2056/3242/2757 2042/3227/2743 2054/3243/2758
f 2056/3242/2757 2054/3243/2758 2055/3244/2759
f 2042/3227/2743 2040/3245/2760 2054/3243/2758
f 2054/3243/2758 2053/3246/2761 2055/3244/2759
f 2045/3228/2745 2042/3227/2743 2056/3242/2757
f 2057/3247/2762 2045/3228/2745 2056/3242/2757
f 2045/3228/2745 2057/3247/2762 2070/3128/2663
f 2046/3231/2763 2045/3228/2745 2070/3128/2663
f 1664/3248/2764 1713/2859/2443 1712/2858/2442
f 2062/3232/2748 2060/3234/2750 2059/3249/2765
f 2063/3250/2766 2050/3251/2751 2062/3232/2748
f 2064/3252/2767 2063/3250/2766 2062/3232/2748
f 2062/3232/2748 2050/3251/2751 2048/3233/2749
f 2064/3252/2767 2062/3232/2748 2059/3249/2765
f 2063/3250/2766 2066/3253/2768 2050/3251/2751
f 2064/3252/2767 2065/3254/2769 2063/3250/2766
f 2063/3250/2766 2065/3254/2769 2066/3253/2768
f 2066/3253/2768 2052/3255/2753 2050/3251/2751
f 2066/3253/2768 2065/3254/2769 2067/3256/2770
f 2068/3257/2771 2066/3253/2768 2067/3256/2770
f 2071/3258/2772 2057/3259/2773 2055/3260/2774
f 2055/3260/2774 2103/3261/2775 2071/3258/2772
f 1881/3262/2594 1880/2963/2523 1879/3263/2776
f 2059/3249/2777 2061/3264/2778 2064/3252/2779
f 2064/3265/2779 2073/3266/2780 2065/3267/2781
f 2075/3268/2782 2065/3269/2781 2073/3270/2780
f 2065/3254/2781 2069/3271/2783 2067/3256/2784
f 2076/3272/2785 2077/3273/2786 2133/3274/2787
f 2080/3275/2788 2076/3272/2785 2079/3276/2789
f 2080/3275/2788 2078/3277/2790 2077/3273/2786
f 2077/3273/2786 2076/3272/2785 2080/3275/2788
f 2081/3278/2791 2040/3224/2742 2082/3279/2792
f 2081/3278/2791 2082/3279/2792 2175/3280/2793
f 2040/3224/2742 2043/3223/2741 2082/3279/2792
f 2084/3281/2794 2083/3282/2795 2044/3283/2796
f 1806/106/102 1803/105/101 1870/3284/2797 1869/2943/2579
f 2084/3281/2794 2044/3283/2796 2085/3285/2798
f 2085/3285/2798 2044/3283/2796 2087/3286/2799
f 2089/3287/2800 2090/3288/2801 2060/3234/2750
f 2060/3234/2750 2048/3233/2749 2089/3287/2800
f 2093/3241/2756 2095/3289/2802 2051/3239/2754
f 2095/3289/2802 2093/3241/2756 2094/3290/2803
f 2093/3291/2804 2096/3292/2805 2094/3293/2803
f 2175/3294/2793 2097/3295/2806 2081/3296/2807
f 1098/1572/1338 1097/3297/2808 1302/2016/1704
f 2097/3298/2806 2053/3246/2761 2054/3243/2758
f 2088/3299/2809 2098/3126/2661 2107/3300/2810
f 2090/3301/2801 2099/3302/2811 2060/3303/2750
f 2096/3292/2805 2093/3291/2804 2068/3257/2771
f 2106/1244/1075 2098/1243/1074 2070/3304/2812
f 2075/3268/2782 2073/3270/2780 2109/3309/2815
f 2110/3310/2816 2074/3311/2817 2075/3268/2782
f 2111/3312/2818 2065/3267/2781 2074/3313/2819
f 2112/3314/2820 2069/3315/2783 2111/3312/2818
f 2069/3315/2783 2197/3316/2821 2101/3317/2822
f 2113/3318/2823 2071/3319/2824 2103/3320/2825
f 2071/3319/2824 2104/3321/2826 2072/3322/2827
f 645/1043/901 589/1042/900 644/3323/2828
f 2116/3324/2829 2113/3318/2823 2115/3325/2830
f 2124/3328/2833 2126/3329/2834 2125/3330/2835
f 2310/3331/2836 2307/3332/2837 2129/3333/2838
f 2128/3334/2839 2129/3333/2838 2307/3332/2837
f 2129/3333/2838 2147/3335/2840 2310/3331/2836
f 2130/3338/2843 2132/3339/2844 2133/3274/2787
f 2134/455/406 2077/3273/2786 2135/456/407
f 2078/3277/2790 2135/456/407 2077/3273/2786
f 2078/3277/2790 2136/3340/2845 2135/456/407
f 2136/3340/2845 2138/3341/2846 2135/456/407
f 2126/3342/405 2135/3343/407 2137/3344/2847
f 2135/3343/407 2138/3345/2846 2137/3344/2847
f 2139/3346/2848 2140/3347/2849 2141/3348/2850
f 2141/3349/2850 2128/3350/2851 2314/3351/2852
f 2144/3352/2853 2141/3348/2850 2142/3353/2854
f 2143/3356/2857 2129/3357/2838 2128/3358/2851
f 2146/3359/2858 2143/3360/2859 2145/3361/2860
f 2146/3359/2858 2145/3361/2860 2149/3362/2861
f 2146/3359/2858 2149/3362/2861 2150/3363/2862
f 2132/3339/2844 2151/3364/2863 2079/3276/2789
f 2152/3365/2864 2079/3276/2789 2151/3364/2863
f 2152/3366/2864 2153/3367/2865 2079/3368/2866
f 2152/3366/2864 2151/3369/2863 2322/3370/2867
f 2323/3371/2868 2153/3367/2865 2152/3366/2864
f 2323/3371/2868 2152/3366/2864 2322/3370/2867
f 2076/3272/2785 2132/3339/2844 2079/3276/2789
f 2153/3367/2869 2154/3372/2870 2157/3373/2871
f 2155/3374/2872 2157/3373/2871 2154/3372/2873
f 2156/3375/2874 2078/3277/2790 2080/3275/2875
f 2080/3376/2875 2079/3368/2866 2156/3377/2874
f 2156/3377/2874 2079/3368/2866 2153/3367/2865
f 2157/3373/2871 2156/3377/2876 2153/3367/2869
f 2158/3378/2877 2136/3340/2845 2078/3277/2790
f 721/3379/2878 660/1067/923 775/1161/1003
f 2157/3373/2871 2159/3380/2879 2156/3377/2876
f 2159/3380/2879 2157/3373/2871 2160/3381/2880
f 2161/3382/2881 2136/3340/2845 2158/3378/2877
f 2161/3382/2881 2138/3341/2846 2136/3340/2845
f 2162/3383/2882 2161/3384/2881 2158/3385/2877
f 2159/3380/2883 2162/3383/2882 2158/3385/2877
f 2164/3386/2884 2142/3353/2854 2140/3347/2849
f 2142/3353/2854 2164/3386/2884 2165/3387/2885
f 2167/3388/2886 2171/3389/2887 2166/3390/2888
f 2168/3391/2889 2165/3392/2885 2169/3393/2890
f 1156/3394/2891 1257/2262/1924 1251/1939/1639 1254/1931/1631
f 2166/3390/2892 2170/3395/2893 2165/3392/2885
f 2171/3389/2887 2170/3395/2893 2166/3390/2888
f 2168/3396/2894 2145/3361/2860 2143/3360/2859
f 2168/3396/2894 2172/3397/2895 2145/3361/2860
f 2169/3398/2896 2172/3397/2895 2168/3396/2894
f 2171/3389/2887 2173/3399/2897 2170/3395/2893
f 2145/3361/2860 2172/3397/2895 2149/3362/2861
f 2149/3362/2861 2172/3397/2895 2174/3400/2898
f 2193/3401/2899 2175/3294/2793 2341/1941/1641
f 2085/3285/2798 2178/153/144 2084/3281/2794
f 2178/153/144 2085/3285/2798 2179/148/139
f 2088/3403/2902 2181/3404/2903 2086/3405/2904
f 2182/3406/2905 2086/3405/2904 2181/3404/2903
f 2183/3407/2906 2184/3408/2907 2090/3301/2801
f 2183/3409/2906 2090/3410/2801 2089/3411/2800
f 2186/3412/2908 2091/3413/2909 2092/3240/2755
f 2187/3414/2910 2186/3412/2908 2188/3415/2911
f 2095/3289/2802 2188/3415/2911 2092/3240/2755
f 2190/3416/2912 2094/3293/2803 2096/3292/2805
f 2095/3289/2802 2094/3290/2803 2191/3417/2913
f 2094/3290/2803 2190/3418/2912 2191/3417/2913
f 2097/3295/2806 2175/3294/2793 2193/3401/2899
f 2097/3295/2806 2193/3401/2899 2192/3419/2914
f 2088/3420/2809 2107/3421/2810 2194/3422/2915
f 2107/3421/2810 2352/3423/2916 2194/3422/2915
f 2096/3292/2805 2102/3424/2917 2190/3416/2912
f 2102/3424/2917 2101/3425/2822 2197/3426/2821
f 2198/3427/2918 2190/3428/2912 2102/3429/2917
f 2192/3430/2919 2199/3431/2920 2053/3432/2921
f 2192/3430/2919 2203/3433/2922 2199/3431/2920
f 3115/3434/2923 3180/3435/2924 3113/3436/2925
f 2200/3437/2926 2103/3438/2825 2199/3439/2927
f 1588/3440/2928 1579/2395/2041 1471/2396/2042
f 2201/3441/2929 2100/3442/2930 2196/3443/2931
f 194/2792/2381 195/3444/2932 193/413/367
f 2211/3453/2942 2117/3454/2943 2109/3309/2815
f 734/1179/1018 735/1084/940 792/3455/2944
f 2207/3456/2945 2206/3457/2946 2200/3437/2926
f 2811/3458/2947 2866/3459/2948 2878/3460/2949
f 2113/3318/2823 2206/3461/2946 2115/3325/2830
f 2214/3462/2950 2115/3325/2830 2206/3461/2946
f 2115/3463/2830 2214/3464/2950 2217/3465/2951
f 2116/3324/2829 2217/3466/2951 2118/3467/2952
f 2217/3466/2951 2116/3324/2829 2115/3325/2830
f 2214/3464/2950 2215/3468/2953 2217/3465/2951
f 2105/3469/2954 2118/3467/2952 2208/3470/2955
f 2220/3471/2956 2210/3472/2957 2208/3473/2955
f 2210/3474/2957 2209/3475/2958 2208/3470/2955
f 2224/3476/2959 2117/3477/2943 2222/3478/2960
f 2211/3453/2942 2222/3479/2960 2117/3454/2943
f 2211/3480/2942 2221/3481/2961 2222/3478/2960
f 2223/3482/2962 2237/2894/2468 2225/3483/2963
f 2226/3484/2964 2212/393/351 2114/3485/2965
f 2226/3484/2964 2114/3485/2965 2224/3486/2959
f 2226/3484/2964 2227/3487/2966 2212/393/351
f 2230/3488/2967 2231/3489/2968 2242/3490/2969
f 2231/3489/2968 2218/3491/2970 2215/3492/2971
f 2231/3489/2968 2230/3488/2967 2218/3491/2970
f 2233/3495/2974 2218/3491/2970 2230/3488/2967
f 2235/3496/2975 2234/2895/2469 2223/3482/2962
f 2236/2893/2467 2380/3497/2976 2237/2894/2468
f 2237/2894/2468 2223/3482/2962 2234/2895/2469
f 1873/2947/2509 1874/3037/2589 1870/2941/2505
f 2380/3497/2976 2236/2893/2467 2248/3498/2977
f 2248/3498/2977 2381/3499/2978 2380/3497/2976
f 2241/2795/2384 2238/2794/2383 2228/3500/2979
f 2245/3501/2980 2252/3502/2981 2378/3503/2982
f 2246/3504/2983 2236/2893/2467 2240/2896/2470
f 301/3511/2989 297/640/555 399/639/554
f 2261/3521/2997 2262/3522/2998 2253/3523/2999
f 58/198/177 62/2954/2516 64/201/180
f 3124/3524/3000 3120/3525/3001 3074/3526/3002
f 2262/3522/2998 2261/3521/2997 2266/3527/3003
f 2267/3528/3004 2123/3136/2671 2264/3135/2670
f 2123/3136/2671 2267/3528/3004 2268/3529/3005
f 2524/3536/3012 2523/3537/3013 2528/3538/3014
f 495/3539/699 493/790/692 573/789/691 572/942/815
f 808/3540/3015 827/3541/3016 890/3542/3017
f 2501/3543/3018 2373/3544/3019 2500/3545/3020
f 2282/3546/3021 2283/3547/3022 2280/3548/3023
f 2286/3549/3024 2282/3546/3021 2288/3550/3025
f 2286/3549/3024 2283/3547/3022 2282/3546/3021
f 2299/3551/3026 2290/3552/3027 2288/3550/3025
f 2293/3557/3032 2289/3558/3033 2419/3559/3034
f 2299/3560/3035 2427/3561/3036 2297/3041/2593
f 2297/3041/2593 2427/3561/3036 2295/3562/3037
f 2299/3560/3035 2297/3041/2593 2298/3040/2592
f 2290/3552/3027 2299/3551/3026 2298/3563/3038
f 2126/3329/2834 2300/3564/3039 2125/3330/2835
f 2300/3565/3040 2301/3566/3041 2125/3039/2591
f 2301/3566/3041 2298/3040/2592 2125/3039/2591
f 2298/3563/3038 2301/3567/3042 2291/3568/3043
f 2291/3568/3043 2301/3567/3042 2292/3569/3044
f 2298/3563/3038 2291/3568/3043 2290/3552/3027
f 2302/3570/3045 2300/3564/3039 2137/3571/2847
f 2308/3572/3046 2304/3573/3047 2307/3574/3048
f 2308/3572/3046 2306/3575/3049 2304/3573/3047
f 2308/3576/3046 2293/3557/3032 2306/3577/3050
f 2310/3578/3051 2308/3572/3046 2307/3574/3048
f 2309/3579/3052 2308/3572/3046 2310/3578/3051
f 2289/3558/3033 2309/3580/3053 2294/3581/3054
f 2309/3580/3052 2289/3558/3033 2293/3557/3032
f 2309/3580/3052 2293/3557/3032 2308/3576/3046
f 2312/3582/3055 2310/3578/3051 2311/3583/3056
f 2312/3582/3055 2309/3579/3052 2310/3578/3051
f 2294/3581/3054 2309/3580/3053 2312/3584/3057
f 2302/3570/3045 2137/3571/2847 2313/3585/3058
f 2131/3594/3067 2130/3595/2843 2315/3596/3068
f 2324/3597/3069 2131/3594/3067 2315/3596/3068
f 2443/3598/3070 2319/3599/3071 2139/3600/2848
f 2314/3351/2852 2139/3601/2848 2141/3349/2850
f 2318/3602/3072 2139/3601/2848 2314/3351/2852
f 2439/3603/3073 2150/3604/3074 2320/3605/3075
f 2439/3603/3073 2148/3606/3076 2150/3604/3074
f 2149/3362/2861 2320/3607/3075 2150/3363/2862
f 2149/3608/2861 2321/3609/3077 2320/3610/3075
f 2322/3611/2867 2151/3612/2863 2131/3594/3067
f 2324/3597/3069 2322/3611/2867 2131/3594/3067
f 2323/3371/2868 2447/3613/3078 2154/3372/2870
f 2323/3371/2868 2154/3372/2870 2153/3367/2869
f 2326/3614/3079 2154/3372/2873 2325/3615/3080
f 2155/3374/2872 2154/3372/2873 2326/3614/3079
f 2325/3615/3080 2155/3374/2872 2326/3614/3079
f 2157/3373/2871 2155/3374/2872 2327/3616/3081
f 2327/3616/3081 2160/3381/2880 2157/3373/2871
f 2327/3616/3081 2329/3618/3083 2160/3381/2880
f 2161/3382/2881 2317/3619/3084 2138/3341/2846
f 2330/3620/3085 2317/3621/3084 2161/3622/2881
f 2331/3623/3086 2164/3624/3087 2163/3625/3088
f 2319/3599/3071 2163/3626/3088 2139/3600/2848
f 2331/3623/3086 2163/3625/3088 2332/3627/3089
f 2820/3628/3090 2583/3629/3091 2707/3630/3092
f 2334/3631/3093 2336/3632/3094 2335/3633/3095
f 2339/3639/3101 2340/3640/3102 2149/3641/2861
f 2149/3642/2861 2174/3643/2898 2339/3644/3101
f 2149/3608/2861 2340/3645/3103 2321/3609/3077
f 2180/3646/3104 2179/148/139 2085/3285/2798
f 2183/3409/2906 2345/3647/3105 2184/3648/2907
f 2344/3649/3106 2345/3647/3105 2183/3409/2906
f 2091/3413/2909 2344/3649/3106 2183/3409/2906
f 2187/3414/2910 2185/3650/3107 2186/3412/2908
f 2187/3414/2910 2346/3651/3108 2185/3650/3107
f 698/3652/3109 696/3653/3110 700/3654/3111
f 1986/3110/2239 1915/3112/2650 1916/3010/2567 1918/3009/2566
f 2095/3289/2802 2191/3417/2913 2348/3655/3112
f 2341/1941/1641 2351/1940/1640 2193/3401/2899
f 2194/3422/2915 2182/3656/3113 2181/3657/3114
f 2353/3658/3115 2195/3659/3116 2184/3408/2907
f 2345/3660/3105 2353/3658/3115 2184/3408/2907
f 2197/3661/2821 2355/3662/3117 2198/3427/2918
f 2356/3663/3118 2349/3664/3119 2198/3427/2918
f 2355/3662/3117 2356/3663/3118 2198/3427/2918
f 2203/3665/3120 2357/3666/3121 2358/3667/3122
f 2364/3668/3123 2361/3669/3124 2205/3670/349
f 2210/3671/2957 2365/3672/3125 2362/3673/3126
f 2227/3674/2966 2487/3675/3127 2364/3668/3123
f 2367/3676/3128 2213/3677/3129 2207/3456/2945
f 2219/3678/3130 2220/3471/2956 2208/3473/2955
f 2218/3679/3131 2220/3471/3132 2219/3678/3133
f 2370/3680/3134 2210/3472/2957 2220/3471/2956
f 2370/3681/3134 2365/3672/3125 2210/3671/2957
f 2366/3682/3135 2221/3683/2961 2211/3684/2942
f 2221/3481/2961 2366/3685/3135 2371/3686/3136
f 2374/3687/3137 2226/3688/2964 2373/3689/3138
f 2375/3690/3139 2229/3691/3140 2216/3692/3141
f 2375/3690/3139 2228/3693/2979 2229/3691/3140
f 2368/3694/3142 2375/3690/3139 2216/3692/3141
f 2375/3690/3139 2368/3694/3142 2376/3695/3143
f 2382/3696/3144 2375/3690/3139 2376/3695/3143
f 2216/3697/3141 2229/3698/3140 2215/3492/2971
f 2233/3495/2974 2369/3699/3145 2218/3491/2970
f 2377/3700/3146 2369/3701/3145 2233/3702/2974
f 2223/3703/2962 2372/3704/3147 2235/3705/2975
f 2380/3497/2976 2373/3706/3019 2225/3483/2963
f 2381/3707/2978 2386/3708/3148 2373/3544/3019
f 2375/3690/3139 2382/3696/3144 2228/3693/2979
f 1274/2125/1805 1384/2113/1794 1177/1956/1656
f 2232/1661/1411 2244/1660/1410 2233/3495/2974
f 2385/3709/3149 2378/3710/2982 2379/3711/3150
f 2382/3696/3144 2387/3712/3151 2389/3713/3152
f 2386/3708/3148 2249/3714/3153 2391/3715/3154
f 2398/3719/3156 2260/1866/1585 2393/1868/1587
f 1710/2734/2334 1709/2670/2274 1778/3720/3157
f 2407/3721/3158 2279/3722/3159 2411/3723/3160
f 2410/3724/3161 2277/3725/3162 2272/3726/3163
f 673/1199/1036 743/1090/944 623/926/803 624/3727/3164
f 2411/3723/3160 2412/3728/3165 2407/3721/3158
f 2285/3729/3166 2287/3730/3167 2418/3731/3168
f 2418/3731/3168 2411/3732/3160 2285/3729/3166
f 2284/3733/3169 2413/3734/3170 2419/3559/3034
f 2411/3723/3160 2418/3738/3168 2412/3728/3165
f 2420/3739/3174 2419/3559/3034 2413/3734/3170
f 2419/3559/3034 2289/3558/3033 2284/3733/3169
f 2294/3581/3054 2281/3740/3175 2289/3558/3033
f 2414/3741/3176 2281/3740/3175 2294/3581/3054
f 2427/3742/3177 2299/3743/3026 2422/3744/3178
f 2288/3550/3025 2417/3745/3179 2299/3551/3026
f 2299/3743/3026 2417/3746/3179 2422/3744/3178
f 2423/3747/3180 2287/3730/3167 2292/3569/3044
f 2287/3730/3167 2423/3747/3180 2418/3731/3168
f 2423/3747/3180 2424/3748/3181 2418/3731/3168
f 2418/3738/3168 2424/3749/3181 2412/3728/3165
f 2293/3557/3032 2419/3559/3034 2306/3577/3050
f 2419/3559/3034 2420/3739/3174 2306/3577/3050
f 2426/3750/3182 2414/3751/3176 2312/3752/3183
f 2414/3751/3176 2426/3750/3182 2421/3753/3184
f 2295/3562/3037 2427/3561/3036 2428/3754/3185
f 2424/3755/3186 2303/3756/3187 2302/3757/3188
f 2423/3758/3180 2303/3759/3189 2424/3760/3181
f 2429/3761/3190 2424/3755/3186 2302/3757/3188
f 2431/3762/3191 2306/3763/3050 2425/3764/3192
f 2312/3765/3183 2433/3766/3193 2426/3767/3182
f 2313/3768/3058 2429/3769/3194 2302/3770/3045
f 2437/3771/3195 2429/3769/3194 2313/3768/3058
f 2440/3772/3196 2324/3597/3069 2315/3596/3068
f 2315/3773/3068 2436/3774/3197 2546/3775/3198
f 2313/3776/3058 2317/3777/3199 2437/3778/3200
f 2437/3778/3200 2317/3777/3199 2442/3779/3201
f 2317/3621/3084 2441/3780/3202 2442/3781/3201
f 2444/3782/3203 2319/3599/3071 2443/3598/3070
f 2438/3783/3204 2443/3784/3070 2318/3785/3072
f 2321/3609/3077 2445/3786/3205 2320/3610/3075
f 2445/3787/3205 2439/3603/3073 2320/3605/3075
f 2445/3787/3205 2547/3788/3206 2439/3603/3073
f 2446/3789/3207 2445/3786/3205 2321/3609/3077
f 2554/3790/3208 2322/3611/2867 2324/3597/3069
f 2322/3611/2867 2554/3790/3208 2448/3791/3209
f 2323/3371/2868 2322/3370/2867 2448/3792/3210
f 2448/3792/3210 2447/3613/3078 2323/3371/2868
f 2154/3372/2873 2447/3613/3078 2325/3615/3080
f 2328/3793/3211 2329/3618/3083 2327/3616/3081
f 1392/2308/1967 1386/2288/1943 1521/2287/1948
f 2329/3618/3083 2328/3793/3211 2449/3794/3212
f 2441/3780/3202 2317/3621/3084 2330/3620/3085
f 2450/3795/3213 2451/3796/3214 2330/3797/3215
f 2449/3794/3212 2560/3798/3216 2450/3795/3217
f 2444/3782/3203 2332/3799/3089 2319/3599/3071
f 2319/3599/3071 2332/3799/3089 2163/3626/3088
f 2331/3623/3218 2452/3800/3219 2333/3801/3220
f 2452/3800/3221 2331/3623/3222 2332/3627/3089
f 2456/3802/3223 2321/3609/3077 2340/3645/3103
f 2321/3609/3077 2456/3802/3223 2446/3789/3207
f 2339/3639/3224 2338/3803/3225 2455/3804/3226
f 2177/152/143 2458/3805/3227 2342/3806/3228
f 2458/3805/3227 2177/152/143 2459/151/142
f 2460/3807/3229 2179/148/139 2180/3646/3104
f 2179/148/139 2460/3807/3229 2461/149/140
f 2466/3808/3230 2464/3809/3231 2185/3650/3107
f 2346/3651/3108 2466/3808/3230 2185/3650/3107
f 2468/325/287 2347/324/286 2189/3810/3232
f 2472/3811/3233 2351/1940/1640 2471/1942/1642
f 2472/3811/3233 2350/3812/3234 2351/1940/1640
f 2182/3656/3113 2194/3422/2915 2474/3813/3235
f 2474/3813/3235 2463/3814/3236 2182/3656/3113
f 2479/3821/3243 2354/3822/3244 2353/3658/3115
f 2472/3823/3245 2476/3824/3246 2350/3825/3247
f 2350/3825/3247 2477/3826/3248 2357/3827/3249
f 2476/3824/3246 2477/3826/3248 2350/3825/3247
f 2481/3828/3250 2357/3666/3121 2477/3829/3251
f 2352/3830/3252 2359/3831/3253 2478/3832/3254
f 2478/3833/3255 2359/3834/3256 2482/3835/3257
f 2352/3830/3252 2478/3832/3254 2473/3836/3258
f 2479/3837/3259 2360/3838/3260 2196/3443/2931
f 2479/3837/3259 2480/3839/3261 2360/3838/3260
f 2480/3840/3262 2483/1592/1354 2360/1595/1357
f 2355/3662/3117 2475/3841/3263 2356/3663/3118
f 2361/3842/3264 2475/3843/3265 2355/3844/3266
f 2481/3828/3250 2489/3845/3267 2367/3676/3128
f 2213/3846/3129 2490/3847/3268 2368/3848/3269
f 2368/3694/3142 2490/3849/3270 2376/3695/3143
f 2213/3846/3129 2367/3850/3128 2586/3851/3271
f 2489/3845/3267 2586/3852/3271 2367/3676/3128
f 2491/3853/3272 2493/3854/3273 2220/3471/3132
f 2493/3854/3273 2370/3680/3274 2220/3471/3132
f 2365/3672/3125 2370/3681/3134 2493/3855/3273
f 2365/3672/3125 2493/3855/3273 2485/3856/3275
f 2495/3857/3276 2494/3858/3277 2372/3704/3147
f 2496/3859/3278 2371/3860/3136 2486/1593/1355
f 2374/3687/3137 2498/3861/3279 2487/3862/3127
f 2490/3849/3270 2499/607/531 2376/3695/3143
f 2377/3700/3146 2491/3863/3280 2369/3701/3145
f 2491/3863/3280 2377/3700/3146 2384/3864/3281
f 2384/3864/3281 2492/3865/3282 2491/3863/3280
f 2379/3711/3150 2372/3704/3147 2494/3858/3277
f 2386/3708/3148 2500/3545/3020 2373/3544/3019
f 2501/3543/3018 2497/3866/3283 2373/3544/3019
f 2379/3711/3150 2494/3858/3277 2385/3709/3149
f 2494/3858/3277 2503/3867/3284 2385/3709/3149
f 2507/3868/3285 2505/3869/3286 2500/3545/3020
f 2506/605/529 2387/3712/3151 2383/606/530
f 2382/3696/3144 2383/606/530 2387/3712/3151
f 2511/3870/3287 2512/3871/3288 2384/3864/3281 2388/3872/3289 2392/3873/3290 2515/3874/3291
f 840/1359/1178 898/1502/1294 837/1358/1177
f 1263/3875/3292 1266/2282/1944 1275/2122/1802
f 126/3876/183 124/3877/3293 123/204/182
f 2399/3878/3294 2518/3879/3295 2395/3880/3296
f 497/799/631 496/800/700 502/1885/632
f 2522/3890/3306 2407/3721/3158 2526/3891/3307
f 2524/3536/3012 2528/3538/3014 2532/3892/3308
f 2409/3893/3309 2529/3894/3310 2527/3895/3311
f 2529/3894/3310 2409/3893/3309 2643/3896/3312
f 2421/3753/3184 2643/3896/3312 2409/3893/3309
f 2416/3897/3313 2532/3892/3308 2533/3898/3314
f 2424/3749/3181 2535/3899/3315 2412/3728/3165
f 2535/3899/3315 2530/3900/3316 2412/3728/3165
f 2536/3901/3317 2425/3764/3192 2408/3902/3318
f 2536/3901/3317 2431/3762/3191 2425/3764/3192
f 2643/3896/3312 2421/3753/3184 2426/3750/3182
f 2428/3754/3185 2427/3561/3036 2537/3903/3319
f 2538/3904/3320 2537/3903/3319 2427/3561/3036
f 2538/3905/3321 2416/3897/3313 2533/3898/3314
f 2432/3906/3322 2431/3762/3191 2536/3901/3317
f 2432/3906/3322 2536/3901/3317 2543/3907/3323
f 2435/3908/3324 2433/3909/3325 2434/3910/3326
f 66/2892/2466 67/3911/3327 61/2953/2515
f 2435/3908/3324 2544/3912/3328 2433/3909/3325
f 2546/3913/3198 2436/2804/2393 2428/2806/2395
f 2546/3913/3198 2428/2806/2395 2537/3914/3329
f 2545/3915/3330 2435/3916/3331 2547/3917/3332
f 2437/3778/3200 2442/3779/3201 2540/3918/3333
f 2550/3919/3334 2540/3918/3333 2442/3779/3201
f 2441/3780/3202 2551/3920/3335 2442/3781/3201
f 2551/3920/3335 2550/3921/3334 2442/3781/3201
f 2552/3922/3336 2444/3782/3203 2443/3598/3070
f 2563/2258/1920 2444/3782/3203 2552/3922/3336
f 534/1605/845 528/841/735 533/861/753
f 2446/3789/3207 2553/3923/3337 2445/3786/3205
f 2547/3924/3206 2445/3786/3205 2553/3923/3337
f 2440/3772/3196 2554/3790/3208 2324/3597/3069
f 2555/3925/3338 2554/3790/3208 2440/3772/3196
f 2448/3791/3209 2554/3790/3208 2555/3925/3339
f 2447/3613/3078 2558/3926/3340 2325/3615/3080
f 2557/3927/3341 2558/3926/3340 2447/3613/3078
f 2557/3927/3341 2447/3613/3078 2556/3928/3342
f 2053/3929/2761 2097/3295/2806 2192/3419/2914
f 2559/3930/3343 2449/3794/3212 2328/3793/3211
f 2330/3620/3085 2451/3931/3344 2441/3780/3202
f 2560/3798/3345 2451/3796/3214 2450/3795/3213
f 2441/3780/3202 2451/3931/3344 2551/3920/3335
f 2332/3799/3089 2444/3782/3203 2562/3932/3346
f 2444/3782/3203 2563/2258/1920 2562/3932/3346
f 2453/3933/3347 2333/3801/3220 2564/3934/3348
f 2452/3800/3221 2332/3627/3089 2562/3935/3346
f 2452/3800/3219 2564/3934/3348 2333/3801/3220
f 2333/3801/3220 2453/3933/3347 2334/3631/3349
f 2455/3804/3226 2567/3936/3350 2339/3639/3224
f 2457/3937/3351 2568/3938/3352 2341/3939/1641
f 2569/3943/3356 2460/3807/3229 2343/3944/3357
f 2462/3945/3358 2569/3943/3356 2343/3944/3357
f 2466/3808/3230 2571/3946/3359 2464/3809/3231
f 2467/3947/3360 2466/3808/3230 2346/3651/3108
f 2348/3655/3112 2470/3948/3361 2574/3949/3362
f 2568/3950/3352 2471/1942/1642 2341/1941/1641
f 2472/3811/3233 2471/1942/1642 2476/1031/889
f 2471/1942/1642 2568/3950/3352 2682/1032/890
f 2476/1031/889 2471/1942/1642 2682/1032/890
f 2579/3951/3363 2474/3813/3235 2473/3952/3364
f 2474/3813/3235 2462/3953/3365 2463/3814/3236
f 2575/3954/3366 2479/3821/3243 2353/3658/3115
f 2575/3954/3366 2353/3658/3115 2465/3955/3367
f 2576/3956/3368 2479/3821/3243 2575/3954/3366
f 2356/3663/3118 2577/3957/3369 2349/3664/3119
f 2475/3841/3263 2577/3957/3369 2356/3663/3118
f 2475/3841/3263 2578/3958/3370 2577/3957/3369
f 2576/3959/3371 2699/273/241 2479/3837/3259
f 2580/3963/3375 2475/3843/3265 2361/3842/3264
f 2697/3964/1653 2582/3965/2244 2477/3829/3251
f 2592/3969/3378 2584/3970/3379 2485/3856/3275
f 130/3971/3380 135/222/199 65/3972/3381
f 2492/3973/3382 2493/3854/3273 2491/3853/3272
f 2592/3969/3378 2485/3856/3275 2493/3855/3273
f 2486/1593/1355 2585/3974/3383 2496/3859/3278
f 2495/3975/3384 2371/3686/3136 2593/3976/3385
f 2496/3977/3278 2593/3976/3385 2371/3686/3136
f 2585/3974/3383 2703/3978/1955 2496/3859/3278
f 2703/3978/1955 2593/3979/3385 2496/3859/3278
f 2487/3675/3127 2498/3980/3279 2488/3981/3386
f 2488/3981/3386 2498/3980/3279 2598/3982/3387
f 2596/3983/3388 2598/3982/3387 2498/3980/3279
f 2488/3981/3386 2598/3982/3387 2583/3629/3091
f 2600/3984/3389 2601/3985/3390 2492/3865/3282
f 2492/3865/3282 2384/3864/3281 2600/3984/3389
f 2602/3986/3391 2494/3858/3277 2495/3857/3276
f 2495/3857/3276 2603/3987/3392 2602/3986/3391
f 2594/3988/3393 2603/3989/3392 2495/3990/3276
f 2604/3991/3394 2597/3992/2543 2497/3866/3283
f 2597/3992/2543 2604/3991/3394 2605/3993/2544
f 2599/3994/3395 2502/604/528 2499/607/531
f 2494/3858/3277 2602/3986/3391 2504/3995/3396
f 2500/3545/3020 2505/3869/3286 2501/3543/3018
f 2505/3869/3286 2604/3991/3394 2501/3543/3018
f 2514/3997/3398 2610/3114/2652 2505/3869/3286
f 2202/3998/3399 2363/1594/1356 2366/3682/3135
f 1459/2452/2088 1457/2380/2027 1314/2039/1728
f 2623/3999/3400 2528/3538/3014 2523/3537/3013
f 2619/4000/3401 2614/4001/3402 2736/4002/3403
f 2736/4002/3403 2624/4003/3404 2619/4000/3401
f 2284/3733/3169 2270/4004/3405 2276/4005/3406
f 2103/3261/2775 2053/3432/2921 2199/3431/2920
f 1051/4008/3409 1175/4009/3410 1042/4010/3411
f 2628/4011/3412 2624/4003/3404 2632/4012/3413
f 2634/4013/3414 2633/4014/3415 2630/832/726
f 2220/3471/3132 2369/4020/3421 2491/3853/3272
f 2522/3890/3306 2526/3891/3307 2635/4021/3422
f 2636/2119/1800 2527/3895/3311 2529/3894/3310
f 2534/4022/3423 2532/3892/3308 2528/3538/3014
f 2635/4021/3422 2526/3891/3307 2648/4023/3424
f 2634/4024/3414 2635/4021/3422 2648/4023/3424
f 2634/4013/3414 2648/4025/3424 2639/4026/3425
f 2640/4027/3426 2531/4028/3427 2525/4029/3428
f 2644/4030/3429 2642/4031/3430 2638/4032/3431
f 2533/3898/3314 2532/3892/3308 2534/4022/3423
f 2534/4022/3423 2645/4033/3432 2533/3898/3314
f 2637/4034/3433 2645/4035/3432 2534/4036/3423
f 2646/4037/3434 2645/4035/3432 2637/4034/3433
f 2633/4014/3415 2646/4037/3434 2637/4034/3433
f 2639/4026/3425 2648/4025/3424 2647/4038/3435
f 2648/4025/3424 2654/4039/3436 2647/4038/3435
f 2648/4025/3424 2526/4040/3437 2654/4039/3436
f 2654/4041/3438 2530/3900/3316 2653/4042/3439
f 2649/4043/3440 2640/4027/3426 2650/4044/3441
f 2640/4045/3426 2641/4046/3442 2650/4047/3441
f 2644/4030/3429 2643/3896/3312 2651/4048/3443
f 2645/4035/3445 2646/4037/3445 2747/4052/3445
f 2535/3899/3315 2653/4042/3439 2530/3900/3316
f 2649/4043/3440 2543/3907/3323 2536/3901/3317
f 2649/4043/3440 2754/4053/3446 2543/3907/3323
f 2656/4054/3447 2543/4055/3448 2657/4056/3449
f 2650/4047/3441 2754/4057/3446 2649/4058/3440
f 2543/4055/3448 2754/4059/3450 2657/4056/3449
f 2656/4060/3451 2657/4061/3452 2662/4062/3453
f 2651/4048/3443 2643/3896/3312 2544/4063/3454
f 2660/4064/3455 2435/3908/3324 2545/4065/3456
f 2660/4064/3455 2544/3912/3328 2435/3908/3324
f 2660/4066/3457 2545/3915/3330 2548/4067/3458
f 2547/3917/3332 2548/4067/3458 2545/3915/3330
f 2440/3772/3196 2549/4068/3459 2555/3925/3338
f 580/4069/3460 514/956/825 518/4070/3461
f 2555/3925/3338 2549/4068/3459 2664/4071/3462
f 2550/3919/3334 2661/4072/3463 2540/3918/3333
f 2551/3920/3335 2666/4073/3464 2550/3921/3334
f 2665/4074/3465 2666/4073/3464 2551/3920/3335
f 2552/3922/3336 2667/2259/1921 2563/2258/1920
f 2547/4078/3206 2553/4079/3337 2548/4080/3469
f 2446/3789/3207 2669/4081/3470 2553/3923/3337
f 2548/4082/3469 2553/3923/3337 2668/4083/3471
f 2668/4083/3471 2553/3923/3337 2669/4081/3470
f 2776/4084/3472 2673/4085/3473 2559/3930/3343
f 2449/3794/3212 2559/3930/3343 2674/4086/3474
f 2449/3794/3212 2674/4086/3474 2560/3798/3216
f 2673/4085/3473 2674/4086/3474 2559/3930/3343
f 2665/4074/3465 2561/4087/3475 2780/4088/3476
f 2563/4089/1920 2676/4090/3477 2562/3935/3346
f 2452/3800/3221 2562/3935/3346 2676/4090/3477
f 2453/3933/3347 2564/3934/3348 2675/4091/3478
f 2678/4092/3479 2453/3933/3347 2675/4091/3478
f 2456/3802/3223 2681/4093/3480 2446/3789/3207
f 2567/3936/3481 2681/4094/3480 2456/4095/3223
f 2680/4096/3482 2567/3936/3350 2455/3804/3226
f 2669/4081/3470 2446/3789/3207 2681/4093/3480
f 2457/3937/3351 2683/4097/3483 2568/3938/3352
f 2683/4098/3483 2682/1032/890 2568/3950/3352
f 2457/3937/3351 2684/4099/3484 2683/4097/3483
f 2458/3805/3227 2685/4100/3485 2684/4099/3484
f 2685/4100/3485 2459/151/142 2686/150/141
f 2685/4100/3485 2686/150/141 2684/4099/3484
f 2461/149/140 2687/4101/3486 2686/150/141
f 2687/4101/3486 2461/149/140 2460/3807/3229
f 2569/3943/3356 2462/3945/3358 2688/4102/3487
f 2689/4103/3488 2688/4104/3487 2462/3953/3365
f 2465/3955/3367 2570/4105/3489 2690/4106/3490
f 2691/4107/3491 2570/4108/3489 2464/3809/3231
f 2691/4107/3491 2690/4109/3490 2570/4108/3489
f 2571/3946/3359 2467/3947/3360 2572/4110/3492
f 2571/3946/3359 2572/4110/3492 2692/4111/3493
f 2573/326/288 2693/4112/3494 2469/323/285
f 2470/4113/3495 2694/4114/3496 2574/4115/3497
f 2814/4116/3498 2689/4103/3488 2579/3951/3363
f 2579/3951/3363 2689/4103/3488 2474/3813/3235
f 2474/3813/3235 2689/4103/3488 2462/3953/3365
f 2576/3956/3368 2575/3954/3366 2695/4117/3499
f 2794/4118/3500 2695/4117/3499 2690/4106/3490
f 2578/3958/3370 2694/4114/3501 2577/3957/3369
f 2695/4117/3499 2699/4119/3502 2576/3956/3368
f 2480/3840/3262 2700/4120/1956 2585/3974/3383
f 2383/606/530 2382/3696/3144 2376/3695/3143
f 1511/4124/1932 1509/935/809 1500/2431/2067 1369/4125/1930
f 2702/1952/1652 2587/4126/3506 2582/2643/2244
f 2710/1341/1161 2709/4127/3507 2816/4128/3508
f 1200/2001/1693 1199/4129/3509 1197/2002/1694
f 1389/2310/1969 1388/4130/3510 1391/2311/1970
f 2589/4131/3511 2591/4132/3512 2590/4133/3513
f 2589/4131/3511 2708/4134/3514 2591/4132/3512
f 2706/4135/336 2584/3970/3379 2592/3969/3378
f 2703/2295/1955 2709/4127/3507 2593/4136/3385
f 2593/3976/3385 2709/4137/3507 2595/1498/1290
f 2710/1341/1161 2595/4138/1290 2709/4127/3507
f 2596/4139/3388 2711/1499/1291 2712/4140/3515
f 2712/4141/3515 2711/4142/1291 2710/1341/1161
f 2710/4143/1161 2711/1499/1291 2595/1498/1290
f 2824/1343/1163 2712/4141/3515 2710/1341/1161
f 2596/3983/3388 2707/3630/3092 2598/3982/3387
f 2712/4144/3515 2707/3630/3092 2596/3983/3388
f 2599/4145/3395 2588/4146/3516 2713/4147/3517
f 2589/4148/3518 2590/4149/3519 2713/4147/3517
f 2601/4150/3390 2713/4147/3517 2590/4149/3519
f 2603/3989/3392 2594/3988/3393 2714/4151/3520
f 2714/4151/3520 2716/2981/2542 2717/1731/1469
f 2715/4152/3521 2714/4151/3520 2717/1731/1469
f 2718/4153/3522 2599/4145/3395 2713/4147/3517
f 2572/4110/3492 2469/323/285 2693/4112/3494 2692/4111/3493
f 2602/4154/3391 2603/3989/3392 2606/4155/3523
f 2719/4156/3524 2718/4153/3522 2713/4147/3517
f 2718/4153/3522 2611/4161/3529 2607/4162/3530
f 2514/3997/3398 2616/3115/2653 2610/3114/2652
f 2624/4003/3404 2736/4002/3403 2731/4169/3537
f 287/457/408 352/539/477 230/366/326
f 2734/4170/3538 2739/1937/1637 2738/4171/3539
f 2631/1936/1636 2740/1120/973 2743/4172/3540
f 2742/4173/3541 2629/1122/975 2638/4174/3431
f 2742/4173/3541 2743/4172/3540 2740/1120/973
f 2742/4173/3541 2745/4177/3544 2744/4178/3545
f 2650/4047/3441 2744/4178/3545 2746/4179/3546
f 2744/4178/3545 2650/4047/3441 2641/4046/3442
f 2745/4177/3544 2746/4179/3546 2744/4178/3545
f 2747/2899/2473 2748/4180/3547 2652/2897/2471
f 2750/4181/3548 2748/4180/3547 2647/4182/3549
f 2647/4182/3549 2748/4180/3547 2747/2899/2473
f 2750/4181/3548 2749/4183/3550 2748/4180/3547
f 2750/4181/3548 2647/4182/3549 2654/4184/3551
f 2657/4185/3452 2752/4186/3552 2753/4187/3553
f 2746/4179/3546 2754/4057/3446 2650/4047/3441
f 2754/4057/3446 2746/4179/3546 2756/4188/3554
f 2756/4189/3555 2755/4190/3556 2754/4059/3450
f 2755/4190/3556 2752/4191/3557 2657/4056/3449
f 2642/4192/3430 2659/4193/3558 2745/4177/3544
f 2746/4179/3546 2745/4177/3544 2756/4188/3554
f 2756/4188/3554 2745/4177/3544 2659/4193/3558
f 2757/4194/3559 2755/4190/3556 2756/4189/3555
f 2757/4195/3560 2758/4196/3561 2755/4197/3562
f 2651/4198/3563 2658/4199/3564 2659/4200/3565
f 2658/4201/3566 2660/4066/3457 2764/4202/3567
f 2749/4203/3568 2750/4204/3569 2751/4205/3570
f 2662/4062/3453 2657/4061/3452 2753/4206/3553
f 2761/4207/3571 2753/4187/3553 2752/4186/3552
f 2757/4195/3560 2658/4208/3566 2763/4209/3572
f 2548/4067/3458 2764/4202/3567 2660/4066/3457
f 2658/4201/3566 2764/4202/3567 2763/4210/3572
f 2663/4211/3573 2765/4212/3574 2664/4213/3462
f 2759/4214/3575 2765/4212/3574 2663/4211/3573
f 2661/4072/3463 2666/4215/3464 2767/4216/3576
f 2751/4217/3577 2661/4072/3463 2767/4216/3576
f 2665/4074/3465 2768/4218/3578 2767/4219/3576
f 2767/4219/3576 2666/4073/3464 2665/4074/3465
f 1829/2905/2478 1832/2907/2480 1890/2968/2528
f 2764/4220/3567 2668/4221/3471 2771/4222/3579
f 2668/4221/3471 2764/4220/3567 2548/4223/3469
f 2668/4083/3471 2669/4081/3470 2771/4224/3579
f 2669/4081/3470 2772/4225/3580 2771/4224/3579
f 2670/4226/3581 2664/4071/3462 2773/4227/3582
f 2774/4228/3583 2670/4229/3584 2773/4230/3582
f 2775/4231/3585 2776/4084/3472 2672/4232/3586
f 2672/4232/3586 2671/4233/3587 2775/4231/3585
f 2776/4084/3472 2775/4231/3585 2777/4234/3588
f 2674/4086/3474 2673/4085/3473 2777/4234/3588
f 2777/4234/3588 2673/4085/3473 2776/4084/3472
f 2780/4235/3476 2560/3798/3345 2779/4236/3589
f 2778/4237/3590 2560/3798/3216 2674/4086/3474
f 2674/4086/3474 2777/4234/3588 2778/4237/3590
f 2768/4218/3578 2665/4074/3465 2780/4088/3476
f 2778/4237/3590 2779/4236/3591 2560/3798/3216
f 2780/4088/3476 2779/4238/3589 2768/4218/3578
f 2560/3798/3345 2780/4235/3476 2561/4239/3475
f 2676/4090/3477 2677/4240/3592 2452/3800/3221
f 2563/2258/1920 2769/2260/1922 2676/4241/3593
f 2679/4242/3594 2678/4092/3479 2675/4091/3478
f 2677/4240/3592 2781/4243/3595 2675/4091/3478
f 2679/4242/3594 2675/4091/3478 2781/4243/3595
f 2783/4244/3596 2782/4245/3597 2679/4242/3594
f 2781/4243/3595 2783/4244/3596 2679/4242/3594
f 2565/4246/3598 2784/4247/3599 2680/4096/3482
f 2784/4247/3599 2565/4246/3598 2782/4245/3597
f 2784/4247/3599 2782/4245/3597 2783/4244/3596
f 2680/4096/3482 2785/4248/3600 2567/3936/3350
f 2567/3936/3481 2786/4249/3601 2681/4094/3480
f 2669/4081/3470 2681/4093/3480 2772/4225/3580
f 2681/4093/3480 2786/4250/3601 2772/4225/3580
f 2253/3523/2999 2246/3504/2983 2261/3521/2997
f 2789/4251/3602 2788/4252/3603 2684/4099/3484
f 2790/4253/3604 2788/4252/3603 2789/4251/3602
f 2687/4101/3486 2684/4099/3484 2686/150/141
f 1165/2105/1786 1373/2104/1785 1261/2273/1935
f 2688/4102/3487 2792/4254/3605 2791/4255/3606
f 2689/4103/3488 2792/4256/3605 2688/4104/3487
f 2794/4257/3500 2690/4109/3490 2691/4107/3491
f 2796/4258/3607 2794/4257/3500 2691/4107/3491
f 2464/3809/3231 2795/4259/3608 2691/4107/3491
f 2795/4259/3608 2796/4258/3607 2691/4107/3491
f 2799/4260/3609 2574/3949/3497 2798/4261/3610
f 2797/4262/3611 2574/3949/3497 2799/4260/3609
f 2694/4114/3496 2798/4263/3610 2574/4115/3497
f 2682/4264/890 2683/4265/3483 2800/4266/3612
f 2802/4267/3613 2869/4268/3614 2868/4269/3615
f 2802/4267/3613 2868/4269/3615 2792/4256/3605
f 1596/2547/2161 1486/2419/2060 1586/2546/2160
f 2802/4267/3613 2792/4256/3605 2689/4103/3488
f 2869/4268/3614 2802/4267/3613 2814/4116/3498
f 2804/1944/1644 2793/4270/3616 2803/4271/3617
f 2793/4270/3616 2804/1944/1644 2871/4272/3618
f 2807/4273/3619 2695/4117/3499 2794/4118/3500
f 2695/4117/3499 2807/4273/3619 2699/4119/3502
f 2794/4274/3500 2808/4275/3620 2807/4276/3619
f 2815/4277/3621 2807/4276/3619 2808/4275/3620
f 2796/4278/3607 2808/4275/3620 2794/4274/3500
f 2798/4263/3610 2694/4114/3501 2809/4279/3622
f 2809/4279/3622 2694/4114/3501 2578/3958/3370
f 2578/3958/3370 2821/4280/3623 2809/4279/3622
f 2697/4281/3624 2801/4282/3625 2810/4283/3626
f 2811/4284/3627 2810/4283/3626 2801/4282/3625
f 2812/4285/3628 2822/4286/3629 2810/1954/1654
f 2823/379/338 2812/4285/3628 2813/4287/3630
f 2869/4288/3631 2813/4289/3632 2879/4290/3633
f 2584/3970/3379 2813/4291/3630 2698/4292/3634
f 2807/4276/3619 2815/4277/3621 2699/4293/3502
f 2817/4294/3635 2816/4128/3508 2701/2297/1957
f 2818/4295/3636 2826/4296/3637 2819/4297/3638
f 2818/4298/3639 2821/4299/3640 2820/4300/3641
f 2813/4287/3630 2706/377/336 2823/379/338
f 2820/4301/3090 2826/4296/3637 2818/4295/3636
f 2826/4302/3637 2820/3628/3090 2707/3630/3092
f 980/1636/1391 1146/1913/1620 988/1638/1393
f 2763/4209/3572 2758/4196/3561 2757/4195/3560
f 2758/4196/3561 2763/4209/3572 2828/4303/3642
f 2759/4304/3575 2829/4305/3643 2765/4306/3574
f 2760/4307/3644 2829/4308/3643 2759/4309/3575
f 2760/4310/3644 2830/4311/3645 2829/4305/3643
f 2829/4305/3643 2830/4311/3645 2831/4312/3646
f 2830/4313/3645 2760/4314/3644 2832/4315/3647
f 2834/4316/3648 2830/4311/3645 2832/4317/3647
f 2751/4205/3570 2832/4318/3649 2749/4203/3568
f 2834/4319/3648 2832/4320/3647 2751/4217/3577
f 2751/4217/3577 2833/4321/3650 2834/4319/3648
f 2833/4322/3651 2767/4219/3576 2768/4218/3578
f 2761/4326/3571 2762/4327/3655 2835/4328/3656
f 2837/4329/3657 2835/4330/3656 2762/4331/3655
f 2837/4329/3658 2848/4332/3659 2835/4330/3656
f 2764/4220/3567 2771/4222/3579 2763/4333/3572
f 2763/4333/3572 2771/4222/3579 2838/4334/3660
f 2838/4335/3660 2839/4336/3661 2840/4337/3662
f 2838/4335/3660 2840/4337/3662 2836/4338/3663
f 2773/4339/3582 2664/4340/3462 2766/4341/3664
f 2841/4342/3665 2775/4231/3585 2774/4228/3666
f 2773/4339/3582 2766/4341/3664 2842/4343/3667
f 2842/4343/3667 2766/4341/3664 2829/4305/3668
f 2113/3318/2823 2103/3320/2825 2206/3461/2946
f 2775/4231/3585 2778/4237/3590 2777/4234/3588
f 2778/4237/3669 2843/4344/3670 2844/4345/3671
f 2778/4237/3669 2841/4342/3672 2843/4344/3670
f 2779/4236/3589 2778/4237/3669 2844/4345/3671
f 2779/4346/3589 2844/4347/3671 2768/4348/3578
f 2846/4349/3673 2676/4090/3477 2845/4350/3674
f 2846/4349/3673 2781/4243/3595 2677/4240/3592
f 2835/4330/3656 2845/4351/3674 2769/4352/1922
f 2835/4330/3656 2847/4353/3675 2845/4351/3674
f 2846/4349/3673 2783/4244/3676 2781/4243/3595
f 2846/4349/3673 2847/4354/3675 2849/4355/3677
f 2848/4332/3659 2847/4353/3675 2835/4330/3656
f 2847/4353/3675 2848/4332/3659 2849/4356/3677
f 2785/4248/3600 2784/4247/3599 2783/4244/3596
f 2783/4244/3596 2846/4349/3678 2785/4248/3600
f 2846/4349/3679 2849/4355/3680 2785/4248/3681
f 2785/4248/3600 2680/4096/3482 2784/4247/3599
f 2851/4357/3682 2785/4248/3681 2850/4358/3683
f 2849/4355/3680 2850/4358/3683 2785/4248/3681
f 2850/4359/3684 2840/4337/3662 2839/4336/3661
f 2850/4359/3684 2849/4356/3677 2840/4337/3662
f 2851/4360/3685 2772/4225/3580 2786/4250/3601
f 2567/3936/3686 2851/4357/3682 2786/4249/3687
f 2785/4248/3681 2851/4357/3682 2567/3936/3686
f 2851/4360/3685 2839/4361/3661 2772/4225/3580
f 2839/4336/3661 2851/4362/3685 2850/4359/3684
f 2852/4363/3688 2787/4364/3689 2788/4365/3603
f 2790/4253/3604 2852/4366/3688 2788/4252/3603
f 2789/4251/3602 2791/4255/3606 2790/4253/3604
f 2791/4367/3606 2853/4368/3690 2790/4369/3604
f 2790/4369/3604 2853/4368/3690 2852/4363/3688
f 2792/4370/3605 2853/4368/3690 2791/4367/3606
f 2909/4371/3691 2854/4372/3692 2855/4373/3693
f 2855/4373/3693 2856/4374/3694 2909/4371/3691
f 2793/4375/3616 2857/4376/3695 2856/4374/3694
f 2793/4375/3616 2856/4374/3694 2855/4373/3693
f 2857/4376/3695 2793/4375/3616 2871/4377/3696
f 2857/4376/3695 2871/4377/3696 2860/4378/3697
f 2860/4378/3697 2871/4377/3696 2859/4379/3698
f 2859/4380/3698 2861/4381/3699 2860/4382/3697
f 2863/4383/3700 2796/4258/3607 2795/4259/3608
f 2863/4383/3700 2864/4384/3701 2796/4258/3607
f 2863/4383/3700 2795/4259/3608 2797/4262/3611
f 2865/4385/3702 2863/4383/3700 2797/4262/3611
f 2865/4385/3702 2864/4384/3701 2863/4383/3700
f 2865/4385/3702 2797/4262/3611 2799/4260/3609
f 2800/4266/3612 2787/4364/3689 2866/3459/2948
f 2866/3459/2948 2787/4364/3689 2852/4363/3688
f 2866/3459/2948 2867/4389/3706 2878/3460/2949
f 2867/4389/3706 2852/4363/3688 2853/4368/3690
f 2792/4370/3605 2868/4390/3615 2853/4368/3690
f 2869/4391/3614 2879/4392/3707 2868/4390/3615
f 2868/4390/3615 2879/4392/3707 2853/4368/3690
f 2793/4270/3616 2855/4393/3693 2803/4271/3617
f 2805/1943/1643 2884/4394/3708 2806/4395/3709
f 2815/4277/3621 2808/4275/3620 2874/4400/3714
f 2808/4275/3620 2796/4278/3607 2862/4401/3715
f 2875/4402/3716 2862/4401/3715 2864/4403/3701
f 2875/4402/3716 2876/4404/3717 2862/4401/3715
f 2864/4403/3701 2865/4405/3702 2875/4402/3716
f 2875/4402/3716 2889/4406/3718 2876/4404/3717
f 2865/4405/3702 2877/4410/3722 2875/4402/3716
f 2799/4411/3609 2798/4263/3610 2809/4279/3622
f 2810/4283/3626 2811/4284/3627 2878/4412/3723
f 2878/4412/3723 2812/4413/3724 2810/4283/3626
f 2878/4412/3723 2879/4290/3633 2812/4413/3724
f 2879/4290/3633 2813/4289/3632 2812/4413/3724
f 2885/4414/3725 2881/964/833 2883/967/836
f 1862/4415/3726 1917/3015/2571 1867/2936/2500
f 2886/4416/3727 2885/4417/3728 2887/2948/2510
f 2876/4404/3717 2889/4406/3718 2874/4400/3714
f 2888/4418/3729 2874/4400/3714 2889/4406/3718
f 2890/4419/3730 2821/4299/3640 2818/4298/3639
f 2818/4298/3639 2819/4420/3731 2889/4421/3732
f 2889/4421/3732 2890/4419/3730 2818/4298/3639
f 1359/2239/1906 1360/2079/1760 1363/2253/1915
f 2896/4422/3733 2898/4423/3734 2897/4424/3735
f 2899/4425/3736 2901/4426/3737 2898/4423/3738
f 2901/4426/3737 2899/4425/3736 2902/4427/3739
f 2836/4338/3663 2840/4337/3662 2837/4329/3658
f 2837/4329/3658 2840/4337/3662 2848/4332/3659
f 2893/4428/3740 2903/4429/3741 2896/4422/3733
f 2955/4430/3742 2903/4429/3741 2893/4428/3740
f 2896/4422/3733 2903/4429/3741 2895/4431/3743
f 2895/4432/3744 2905/4433/3745 2904/4434/3746
f 2903/4429/3741 2905/4435/3745 2895/4431/3744
f 398/644/558 301/3511/2989 399/639/554
f 2904/4436/3746 2968/4437/3747 2899/4425/3736
f 2849/4356/3677 2848/4332/3659 2840/4337/3662
f 2908/4438/3748 2907/4439/3749 2909/4371/3691
f 2907/4439/3749 2854/4372/3692 2909/4371/3691
f 2909/4371/3691 2856/4374/3694 2972/4440/3750
f 2915/2347/1998 2912/4441/3751 2856/4374/3694
f 2861/4381/3699 2916/4445/3755 2860/4382/3697
f 2860/4378/3697 2916/4446/3755 2858/2348/1999
f 2907/4447/3756 2870/4448/2502 2854/4449/3757
f 2870/4448/2502 2918/4450/3758 2917/4451/2503
f 2907/4447/3756 2918/4450/3758 2870/4448/2502
f 2521/4452/3759 2620/2558/2172 2612/2561/2174
f 2926/1227/605 2880/4453/3760 2921/4454/606
f 2922/4455/3761 2872/4456/3762 2886/4457/3763
f 2872/4456/3762 2923/4458/3764 2919/4459/3765
f 2923/4458/3764 2872/4456/3762 2922/4455/3761
f 2923/4458/3764 2922/4455/3761 2925/4460/3766
f 945/1573/1339 947/1582/1564 946/1576/1342
f 2887/2948/2510 2922/2950/2512 2886/4416/3727
f 2929/1226/1058 2891/4461/3767 2883/4462/3768
f 2892/4463/3769 2891/4461/3767 2930/4464/3770
f 2241/4465/2384 2382/3696/3144 2389/3713/3152 2394/4466/3771
f 2891/4461/3767 2932/4467/3772 2930/4464/3770
f 3122/4473/3779 3125/4474/3780 3123/4475/3781
f 2939/2448/2084 2941/4478/3784 2937/2445/2081
f 2948/4479/3785 3032/4480/3786 2947/4481/3787
f 2949/4482/3788 3032/4480/3786 2948/4479/3785
f 2950/4483/3789 2948/4484/3790 2947/4485/3791
f 2948/4484/3790 2950/4483/3789 2951/4486/3792
f 2949/4487/3793 2948/4484/3790 2900/4488/3794
f 2900/4488/3794 2952/4489/3795 2949/4487/3793
f 3033/4490/3796 2952/4489/3795 2953/4491/3797
f 3036/4492/3798 2954/4493/3799 2894/4494/3800
f 2956/4495/3801 2955/4496/3742 2954/4497/3799
f 2950/4498/3802 2894/4494/3800 2897/4499/3735
f 2954/4500/3799 2893/4428/3740 2894/4501/3800
f 2893/4428/3740 2954/4500/3799 2955/4430/3742
f 3036/4492/3798 2894/4494/3800 2950/4498/3802
f 2951/4502/3792 2950/4498/3802 2897/4499/3735
f 2951/4486/3792 2900/4488/3794 2948/4484/3790
f 2901/4426/3737 2902/4427/3739 2957/4503/3803
f 2955/4496/3742 2960/4504/3804 2959/4505/3805
f 2956/4495/3801 2960/4504/3804 2955/4496/3742
f 2959/4506/3805 2960/4507/3804 2961/4508/3806
f 2962/4509/3807 2963/4510/3808 2906/4511/3809
f 2955/4430/3742 2959/4512/3805 2903/4429/3741
f 2905/4435/3745 2903/4429/3741 2959/4512/3805
f 2965/4517/3814 2906/4511/3809 2963/4510/3808
f 2965/4517/3814 2963/4510/3808 2964/4518/3815
f 2965/4517/3814 2904/4434/3816 2906/4511/3809
f 2964/4518/3815 2966/4519/3817 2965/4517/3814
f 2965/4517/3814 2969/4520/3818 2904/4434/3816
f 2965/4517/3814 2966/4519/3817 2969/4520/3819
f 2969/4520/3819 2966/4519/3817 2967/4521/3820
f 2899/4425/3736 2968/4437/3747 2902/4427/3739
f 2968/4437/3747 2958/4522/3821 2902/4427/3739
f 2902/4427/3739 2958/4522/3821 2957/4503/3803
f 2971/4523/3822 2958/4524/3821 2968/4525/3747
f 2972/4440/3750 2908/4438/3748 2909/4371/3691
f 2911/4526/3823 2974/4527/3824 2973/4528/3825
f 2910/4529/3826 2911/4526/3823 2973/4528/3825
f 3118/2790/2379 3067/4530/3827 3116/4531/3828
f 2915/2347/1998 2976/2349/2000 2977/4532/3829
f 2978/4533/3830 2858/2348/1999 2916/4446/3755
f 2916/4534/3755 2920/4535/3831 2978/4536/3830
f 2979/4537/3832 2978/4536/3830 2920/4535/3831
f 3046/4538/3833 2980/4539/3834 2908/4540/3835
f 2918/4450/3758 2907/4447/3756 2908/4540/3835
f 2908/4540/3835 2980/4539/3834 2918/4450/3758
f 2923/4541/3836 2984/4542/3837 2920/4535/3831
f 2920/4535/3831 2982/4543/3838 2979/4537/3832
f 2920/4535/3831 2984/4542/3837 2982/4543/3838
f 2925/4544/3839 2922/4545/2512 2924/4546/3840
f 2925/4460/3766 2984/4547/3841 2923/4458/3764
f 2983/4548/3842 2927/692/604 2921/694/606
f 2986/4549/3843 2926/693/605 2927/692/604
f 2986/4549/3843 2931/4550/1059 2926/693/605
f 2989/4551/3844 2932/4552/3772 2931/4553/1059
f 2993/2087/1768 2930/4554/3770 2932/4552/3772
f 2992/4555/3845 2993/2087/1768 2932/4552/3772
f 2887/2948/2510 2930/4464/3770 2928/2949/2511
f 2928/2949/2511 2930/4464/3770 2993/4556/1768
f 2995/4557/3846 2928/4558/2511 2993/2087/1768
f 2995/4557/3846 2987/4559/3847 2928/4558/2511
f 2996/4560/3848 2994/4561/3849 2999/4562/3850
f 2933/4563/3851 2997/4564/3852 2935/2446/2082
f 2990/4565/3853 2991/4566/3854 2997/4564/3852
f 2992/4567/3855 2998/4568/3856 2994/4561/3849
f 2998/4568/3856 2999/4562/3850 2994/4561/3849
f 3000/4569/3857 3001/4570/3858 2999/4562/3850
f 3003/4571/3859 3001/4572/3858 3000/4573/3857
f 2934/4574/3860 3000/4569/3857 2998/4568/3856
f 2997/4564/3852 3002/4575/3861 2936/2447/2083
f 2934/4574/3860 2938/4576/3862 3000/4569/3857
f 2936/2447/2083 3002/4575/3861 3005/4577/3863
f 3007/4578/3864 3004/4579/3865 3009/4580/3866
f 2943/4581/3867 3009/4582/3866 3004/4583/3865
f 1509/935/809 1503/2439/2075 1500/2431/2067
f 2945/4584/3868 2946/4585/3869 3011/4586/3870
f 465/836/730 524/838/732 520/828/722
f 3011/4586/3870 2946/4585/3869 3014/4587/3871
f 3014/4587/3871 2944/4591/3875 3015/4592/1954
f 3014/4587/3871 3015/4592/1954 3020/4593/1953
f 3023/4594/3876 3016/4595/3877 3020/4593/1953
f 3025/4596/3878 3019/4597/3879 3024/4598/3880
f 3028/4599/3881 3016/4595/3877 3027/4600/3882
f 3027/4600/3882 3016/4595/3877 3023/4594/3876
f 3027/4600/3882 3023/4594/3876 3026/4601/3883
f 3016/4595/3877 3028/4599/3881 3018/4602/3884
f 3025/4603/3878 3034/4604/3885 3029/4605/3886
f 3024/4598/3880 3034/4606/3885 3025/4596/3878
f 3036/4607/3887 3030/4608/3888 3079/4609/3889
f 2947/4485/3791 3030/4610/3888 2950/4483/3789
f 3031/4611/3890 3026/4601/3883 3023/4594/3876
f 3022/4612/3891 3031/4613/3890 3023/4614/3876
f 3032/4480/3786 3026/4615/3892 2947/4481/3787
f 3032/4616/3893 3027/4600/3882 3026/4601/3883
f 3032/4616/3893 3028/4599/3881 3027/4600/3882
f 3032/4616/3893 3024/4598/3880 3028/4599/3881
f 3032/4616/3893 3034/4606/3885 3024/4598/3880
f 2952/4489/3795 3033/4490/3796 2949/4487/3793
f 3034/2161/1839 2949/4482/3788 3035/2162/1840
f 2949/4482/3788 3034/2161/1839 3032/4480/3786
f 3033/4617/3894 3035/2162/1840 2949/4482/3788
f 3036/4607/3887 3079/4609/3889 3083/4618/3895
f 3030/4610/3888 3036/4619/3887 2950/4483/3789
f 3037/4620/3896 3036/4621/3798 3083/4622/3895
f 3039/4623/3897 2957/4624/3803 2958/4625/3821
f 2953/4626/3797 2957/4627/3803 3038/4628/3898
f 3038/4629/3898 3035/4630/3899 2953/4631/3797
f 2960/4504/3804 2956/4495/3801 3037/4632/3900
f 3040/4633/3901 2960/4504/3804 3037/4632/3900
f 2960/4504/3804 3040/4633/3901 2961/4634/3806
f 2962/4509/3807 3041/4635/3902 2963/4510/3808
f 3042/4636/3903 2964/4518/3815 2963/4510/3808
f 3042/4636/3903 2963/4510/3808 3041/4635/3902
f 2971/4523/3904 2970/4637/3905 3043/4638/3906
f 2958/4625/3821 3045/4639/3907 3039/4623/3897
f 3095/4640/3908 3046/4641/3833 2908/4438/3748
f 2972/4440/3750 3095/4640/3908 2908/4438/3748
f 3048/4642/3909 2978/4533/3830 2979/4643/3832
f 3049/4644/3910 2981/4645/3911 2980/4539/3834
f 3050/4646/3912 2980/4539/3834 3046/4538/3833
f 3050/4646/3912 3049/4644/3910 2980/4539/3834
f 3051/4647/3913 2981/4648/3914 3049/4649/3915
f 3053/4650/3916 2984/4547/3841 2925/4460/3766
f 2986/4549/3843 2985/4651/3917 3055/4652/3918
f 3055/4652/3918 3057/4653/3919 2986/4549/3843
f 2986/4654/3843 3057/4655/3919 2989/4551/3844
f 2987/4559/3847 2995/4557/3846 3059/4656/3920
f 3060/4657/3921 3059/4656/3922 2996/2089/1770
f 3062/1726/1464 2991/4660/3854 3058/1727/1465
f 2996/4560/3848 2999/4562/3850 3001/4570/3858
f 3001/4572/3858 3063/4664/3927 2996/4665/3848
f 2996/4665/3848 3063/4664/3927 3060/4666/3928
f 3003/4571/3859 3064/4667/3929 3063/4664/3927
f 3002/4668/3861 3065/4669/3930 3006/4670/3931
f 3071/4671/3932 3012/4672/3933 3017/4673/3934
f 3012/4672/3933 3071/4671/3932 3013/4674/3935
f 3017/4673/3934 3074/3526/3002 3071/4671/3932
f 3025/4596/3878 3017/4675/3934 3019/4597/3879
f 3076/4676/3936 3022/4612/3891 3075/4677/3937
f 3077/4678/3938 3076/4676/3936 3075/4677/3937
f 3029/4605/3886 3078/4679/3939 3025/4603/3878
f 3022/4612/3891 3076/4676/3936 3031/4613/3890
f 3031/4613/3890 3076/4676/3936 3080/4680/3940
f 3080/4681/3940 3030/4682/3941 3031/4683/3942
f 3076/4676/3936 3077/4678/160 3080/4680/3940
f 3029/4605/3886 3034/4604/3885 3081/4684/3943
f 3037/4632/3896 3083/4618/3895 3085/4685/3944
f 3039/4686/3897 3084/4687/3945 3038/4628/3898
f 3084/4687/3945 3039/4686/3897 3086/4688/3946
f 3085/4685/3944 3040/4633/3901 3037/4632/3900
f 3040/4689/3901 3087/4690/3947 2961/4508/3806
f 3087/4690/3947 2962/4509/3948 2961/4508/3806
f 832/1447/1167 794/1425/1248 812/4694/1138
f 3091/4695/3952 2971/4523/3904 3043/4638/3906
f 3091/4695/3952 3147/4696/3953 2971/4523/3904
f 3044/4697/3954 3092/4698/3955 3045/4639/3907
f 3095/4699/3908 3093/4700/3956 3046/4538/3833
f 3094/4701/3957 3095/4640/3908 2972/4440/3750
f 3181/4702/3958 3180/3435/2924 3184/4703/3959
f 2976/2349/2000 3098/4704/3960 2977/4532/3829
f 3099/2693/2295 2976/2349/2000 3048/4642/3909
f 3101/4705/3961 3100/4706/2296 3048/4707/3909
f 3099/2693/2295 3048/4642/3909 3100/2694/2296
f 3093/4700/3956 3050/4646/3912 3046/4538/3833
f 3050/4646/3912 3051/4708/3962 3049/4644/3910
f 3093/4700/3956 3156/4709/3963 3050/4646/3912
f 3101/4705/3961 3155/4710/3964 3100/4706/2296
f 3051/4647/3913 3102/4711/3965 3052/4712/3966
f 3057/4653/3919 3055/4652/3918 3105/4713/3967
f 3057/4655/3919 3105/4714/3967 3164/4715/3968
f 3056/4716/3969 3059/4717/3920 3107/4718/3970
f 3056/4716/3969 3107/4718/3970 3104/4719/3971
f 3061/1728/1466 3058/1727/1465 3109/4720/3972
f 3109/4720/3972 3058/1727/1465 3106/4721/3973
f 3111/4722/3974 3060/4666/3928 3063/4664/3927
f 3063/4664/3927 3112/4723/3975 3111/4722/3974
f 3111/4722/3974 3108/4724/3976 3060/4666/3928
f 3108/4724/3976 3111/4722/3974 3113/3436/2925
f 3112/4723/3975 3113/3436/2925 3111/4722/3974
f 3114/4725/3977 3065/4669/3930 3109/4720/3972
f 3115/3434/2923 3113/3436/2925 3112/4723/3975
f 889/1465/1263 978/4726/3978 888/1466/1264
f 537/862/754 540/866/756 538/859/751
f 3117/883/770 3070/886/773 3119/4727/3979
f 3122/4473/3779 3123/4475/3781 3121/2788/2377
f 3078/4679/3939 3124/3524/3000 3074/3526/3002
f 3072/2789/2378 3127/4728/3980 3126/4729/3981
f 3075/4677/3937 3126/4729/3983 3077/4678/3938
f 3130/4731/3984 3131/4732/3985 3128/4733/3986
f 3077/175/160 3132/174/159 3079/4734/3987
f 3077/4678/3938 3126/4729/3983 3133/4735/3988
f 3129/4736/3989 3133/4737/3988 3126/4738/3983
f 3029/4605/3990 3081/4684/3991 3130/4731/3984
f 3130/4731/3984 3081/4684/3991 3136/4739/3992
f 3136/4739/3992 3131/4732/3985 3130/4731/3984
f 3202/4740/3993 3131/4732/3985 3136/4739/3992
f 3137/4741/3994 3085/4685/3944 3083/4618/3895
f 3137/4741/3994 3140/4742/3995 3085/4685/3944
f 3141/4743/3996 3139/4744/3997 3084/4745/3945
f 3144/4746/3998 3040/4633/3901 3085/4685/3944
f 3144/4747/3998 3143/4748/3999 3087/4690/3947
f 3040/4633/3901 3144/4746/3998 3087/4749/3947
f 3041/4635/3902 2962/4509/3807 3145/4750/4000
f 3090/4751/4001 3148/856/748 3091/4695/3952
f 3148/856/748 3090/4751/4001 3089/4752/4002
f 3148/856/748 3147/4696/3953 3091/4695/3952
f 3147/4696/4003 3044/4753/4004 2971/4523/4005
f 3092/4698/3955 3142/4754/4006 3086/4755/3946
f 3149/4756/4007 3092/4698/3955 3044/4697/3954
f 3147/4696/4003 3149/4757/4008 3044/4753/4004
f 3149/4756/4007 3142/4754/4006 3092/4698/3955
f 3095/4640/3908 3150/4758/4009 3093/4759/3956
f 3094/4701/3957 3150/4758/4009 3095/4640/3908
f 3093/4700/3956 3150/4760/4009 3151/4761/4010
f 2974/4527/3824 3096/4762/4011 3152/4763/4012
f 2974/4527/3824 3152/4763/4012 3047/4764/4013
f 3151/4761/4010 3156/4709/3963 3093/4700/3956
f 3103/4765/4014 3155/4710/3964 3101/4705/3961
f 3102/4711/3965 3157/4766/4015 3160/4767/4016
f 3103/4765/4014 3159/4768/4017 3155/4710/3964
f 3164/4715/3968 3105/4714/3967 3162/4769/4018
f 3164/4715/3968 3162/4769/4018 3165/4770/4019
f 3165/4770/4019 3168/4771/4020 3167/4772/4021
f 3166/4773/4022 3165/4770/4019 3167/4772/4021
f 3170/4774/4023 3169/4775/4024 3108/4776/4025
f 3166/4773/4022 3169/4775/4024 3170/4774/4023
f 3171/4777/4026 3169/4775/4024 3167/4772/4021
f 3166/4773/4022 3167/4772/4021 3169/4775/4024
f 3104/4719/3971 3107/4718/3970 3172/4778/4027
f 3169/4779/4024 3172/4778/4027 3107/4718/3970
f 3171/4780/4026 3172/4778/4027 3169/4779/4024
f 3104/4719/3971 3172/4778/4027 3161/4781/4028
f 3106/4782/3973 3166/4783/4029 3173/4784/4030
f 3173/4784/4030 3110/4785/4031 3106/4782/3973
f 3170/4786/4032 3108/4724/3976 3174/4787/4033
f 3170/4788/4032 3174/4789/4033 3175/4790/4034
f 3170/4788/4032 3175/4790/4034 3166/4783/4029
f 20/4791/4035 46/83/80 21/85/33
f 3174/4787/4033 3108/4724/3976 3113/3436/2925
f 3109/4720/3972 3110/4792/4031 3179/4793/4036
f 3173/4784/4030 3179/4794/4036 3110/4785/4031
f 3174/4787/4033 3113/3436/2925 3177/4795/4037
f 3109/4720/3972 3179/4793/4036 3114/4725/3977
f 3182/4799/4041 3183/4800/4042 3185/4801/4043
f 48/31/28 49/94/90 20/32/29
f 3189/1641/1396 3191/4808/4050 3122/4809/3779
f 1400/2312/1971 1398/2309/1968 1389/2310/1969
f 3190/4810/4051 3124/3524/3000 3193/4811/783
f 2497/4812/4052 2596/4139/3388 2498/3861/3279
f 3194/899/784 3125/4813/3780 3191/4808/4050
f 3192/900/785 3194/899/784 3191/4808/4050
f 3126/4729/3981 3127/4728/3980 3129/4814/4053
f 3195/4815/4054 3127/4816/3980 3125/4817/3780
f 3195/4818/4054 3129/4819/4055 3127/4820/3980
f 3193/4811/783 3128/4733/3986 3196/4821/4056
f 3193/898/783 3196/4822/4056 3197/4823/4057
f 3194/899/784 3193/898/783 3197/4823/4057
f 3131/4732/3985 3196/4821/4056 3128/4733/3986
f 3129/4824/4058 3134/177/162 3133/176/161
f 3129/4824/4058 3198/4825/4059 3134/177/162
f 3198/4825/4059 3129/4824/4058 3199/4826/4060
f 3129/4819/4055 3195/4818/4054 3199/4827/4061
f 3200/4828/4062 3195/4818/4054 3197/4823/4057
f 3195/4818/4054 3200/4828/4062 3199/4827/4061
f 3202/4829/3993 3200/4828/4062 3196/4822/4063
f 3196/4822/4063 3200/4828/4062 3197/4823/4057
f 3201/4830/4064 3200/4831/4065 3202/4832/4066
f 3202/4740/3993 3196/4821/4063 3131/4732/3985
f 3202/4832/4066 3203/4833/4067 3201/4830/4064
f 3139/4834/4068 3245/4835/4069 3203/4836/4070
f 3140/4837/3995 3137/4838/3994 3138/4839/4071
f 3085/4685/3944 3140/4742/3995 3204/4840/4072
f 3204/4840/4072 3144/4746/3998 3085/4685/3944
f 3140/4742/3995 3246/4841/4073 3204/4840/4072
f 3138/4839/4071 3246/4842/4073 3140/4837/3995
f 3141/4846/3996 3086/4755/3946 3205/4847/4077
f 3205/4847/4077 3086/4755/3946 3142/4754/4006
f 3142/4754/4006 3207/4848/4078 3205/4847/4077
f 3204/4840/4072 3208/4849/4079 3144/4746/3998
f 3210/4850/4080 3146/4851/4081 3209/4852/4082
f 3212/4853/4083 3148/856/748 3089/4752/4002
f 999/4854/4084 995/4855/1412 987/4856/1600 896/1470/1267
f 3147/4696/4003 3214/4857/4085 3149/4757/4008
f 3142/4754/4006 3214/4858/4086 3207/4848/4078
f 3214/4858/4086 3142/4754/4006 3149/4756/4007
f 3215/4859/4087 3150/4758/4009 3094/4701/3957
f 3215/4860/4087 3151/4761/4010 3150/4760/4009
f 3215/4861/4087 3257/4862/4088 3151/4863/4010
f 3047/4864/4089 3152/4865/4089 3217/4866/4089
f 3216/4867/4090 3094/4701/3957 3217/4868/4091
f 3096/4762/4011 3153/4869/4092 3217/4868/4091
f 3217/4868/4091 3153/4869/4092 3154/4870/4093
f 3099/2693/2295 3218/2692/2294 3219/228/205
f 3222/4874/4097 3220/4875/4098 3218/4876/2294
f 3155/4710/3964 3222/4874/4097 3100/4706/2296
f 3100/4706/2296 3222/4874/4097 3218/4876/2294
f 3151/4863/4010 3262/4877/4099 3157/4878/4100
f 3224/4879/4101 3159/4880/4102 3158/4881/4103
f 3159/4768/4102 3225/4882/4104 3221/4883/4105
f 3224/4879/4101 3225/4884/4104 3159/4880/4102
f 3228/4885/4106 3162/4886/4018 3226/4887/4107
f 3228/4885/4106 3165/4888/4019 3162/4886/4018
f 3165/4888/4019 3228/4885/4106 3168/4889/4020
f 3230/4890/4108 3167/4891/4021 3168/4889/4020
f 3229/4892/4109 3168/4889/4020 3228/4885/4106
f 3168/4889/4020 3229/4892/4109 3230/4890/4108
f 3171/4893/4026 3167/4891/4021 3230/4890/4108
f 3171/4893/4026 3230/4890/4108 3227/4894/4110
f 1513/337/298 1501/4895/2073 1506/4896/4111
f 921/1521/1187 922/1537/1321 920/1522/1312
f 989/1644/1398 1134/1881/1597 1131/1883/1599
f 3198/4825/4059 3241/4897/4112 3240/4898/4113
f 3240/4899/4114 3241/4900/4115 3243/4901/4116
f 3201/4830/4064 3241/4897/4112 3200/4831/4065
f 3201/4902/4117 3203/4836/4070 3245/4835/4069
f 3244/4903/4118 3243/4901/4116 3241/4900/4115
f 3244/4903/4118 3241/4900/4115 3201/4904/4117
f 3245/4905/4069 3244/4903/4118 3201/4904/4117
f 3247/4906/4119 3204/4840/4072 3246/4841/4073
f 3246/4842/4073 3138/4839/4071 3242/4907/4120
f 3246/4842/4073 3242/4907/4120 3247/4908/4119
f 3245/4909/4121 3206/4910/4122 3248/4911/4123
f 3244/4912/4124 3245/4909/4121 3248/4911/4123
f 3206/4913/4122 3249/4914/4125 3248/4915/4123
f 3206/4913/4122 3205/4847/4077 3249/4914/4125
f 3139/4916/3997 3206/4910/4122 3245/4909/4121
f 3207/4848/4078 3249/4914/4125 3205/4847/4077
f 3208/4917/4079 3251/4918/4126 3143/4748/3999
f 3250/4919/4127 3208/4920/4079 3247/4921/4119
f 3250/4919/4127 3251/4922/4126 3208/4920/4079
f 3210/4850/4080 3209/4852/4082 3251/4918/4128
f 3253/4923/4129 3210/4924/4080 3254/4925/4130
f 3251/4918/4128 3254/858/4130 3210/4850/4080
f 3253/4926/4129 3254/858/750 3213/857/749
f 3214/4857/4131 3255/4927/4132 3256/4928/4133
f 3273/4929/4134 3256/4930/4133 3255/4931/4132
f 3256/4932/4133 3207/4848/4078 3214/4858/4086
f 3254/858/750 3147/4696/3953 3148/856/748
f 570/943/816 573/789/691 566/929/689
f 3249/4914/4125 3207/4848/4078 3256/4932/4133
f 3259/4933/4135 3258/4934/4136 3215/4859/4087
f 3219/228/205 3218/2692/2294 3220/4935/4098
f 3151/4863/4010 3257/4862/4137 3262/4877/4099
f 3258/4936/4138 3262/4877/4099 3257/4862/4137
f 3262/4877/4099 3258/4936/4138 3265/4937/4139
f 3258/4936/4138 3263/4938/4140 3265/4937/4139
f 3258/4936/4136 3259/4939/4135 3263/4938/4141
f 3265/4937/4139 3263/4938/4140 3266/4940/4142
f 3261/4941/206 3219/4942/205 3220/4943/4098
f 3220/4943/4098 3264/4944/4143 3261/4941/206
f 3264/4944/4143 3225/4945/4144 3276/4946/4145
f 3222/4874/4146 3221/4883/4147 3220/4875/4098
f 3220/4875/4098 3221/4883/4147 3264/4947/4143
f 3264/4947/4143 3221/4883/4147 3225/4882/4144
f 3267/4948/4148 3276/4949/4149 3268/4950/4150
f 3276/4949/4149 3267/4948/4148 3266/4951/4151
f 3276/4949/4149 3224/4879/4101 3268/4950/4150
f 3227/4894/4110 3230/4890/4108 3267/4952/4152
f 3270/4953/4153 3247/4921/4119 3269/4954/4154
f 3271/4955/4155 3269/4954/4154 3243/4956/4116
f 3271/4955/4155 3270/4953/4153 3269/4954/4154
f 3271/4955/4155 3272/4957/4156 3270/4953/4153
f 3248/4958/4157 3272/4957/4156 3271/4955/4155
f 3273/4929/4134 3272/4957/4156 3248/4958/4157
f 3248/4958/4157 3249/4959/4125 3273/4929/4134
f 3251/4918/4126 3250/4960/4127 3252/4961/4158
f 3250/4919/4127 3247/4921/4119 3270/4953/4153
f 3270/4953/4153 3252/4962/4158 3250/4919/4127
f 3252/4961/4159 3254/858/4160 3251/4918/4161
f 3274/4963/4162 3270/4953/4153 3272/4957/4156
f 3252/4962/4158 3270/4953/4153 3274/4963/4162
f 3252/4961/4159 3255/4927/4163 3254/858/4160
f 3274/4964/4164 3255/4927/4163 3252/4961/4159
f 3273/4929/4134 3274/4963/4162 3272/4957/4156
f 3249/4914/4125 3256/4932/4133 3273/4965/4134
f 3275/4966/4165 3260/4967/207 3261/4941/206
f 3275/4966/4165 3259/4939/4135 3260/4967/207
f 3263/4938/4141 3259/4939/4135 3275/4966/4165
f 3275/4966/4165 3266/4940/4142 3263/4938/4140
f 3275/4966/4165 3276/4946/4145 3266/4940/4142
f 3261/4941/206 3264/4944/4143 3275/4966/4165
f 3275/4966/4165 3264/4944/4143 3276/4946/4145
f 627/1023/885 625/928/805 674/1206/1043
f 40/15/13 94/159/151 39/14/12
f 1055/1741/1479 1061/1769/1503 1050/1742/1480
f 1943/3052/2604 1883/4978/4175 1939/3044/2596
f 181/4982/4178 109/186/4179 52/185/4180 107/4983/4181
f 1019/4984/4182 1010/1926/1430 1151/1923/1626
f 3016/4595/3877 3018/4602/3884 3011/4586/3870
f 1220/4988/1727 962/4989/1366 1315/4990/4187
f 2200/4991/2926 2206/3461/2946 2103/3320/2825
f 192/4992/4188 189/4993/4189 188/406/360
f 2933/4563/3851 2934/4574/3860 2998/4568/3856 2992/4567/3855
f 2213/3846/3129 2368/3848/3269 2216/4996/4192
f 1150/1922/1625 1155/1932/1632 1252/2085/1766
f 2625/831/725 2741/830/724 2733/5003/4199 2728/1113/966
f 3130/4731/4200 3078/4679/3939 3029/4605/3886
f 327/2657/2261 331/1115/968 324/1116/969
f 2466/3808/3230 2467/3947/3360 2571/3946/3359
f 87/2780/2369 86/271/4211 158/5014/4212
f 989/1644/1398 1148/5015/1420 1237/2060/1747
f 3056/4716/3969 3104/4719/3971 3053/5020/4217
f 2742/4173/3541 2638/4174/3431 2642/4192/3430 2745/4177/3544
f 2670/4226/3581 2555/3925/3338 2664/4071/3462
f 1862/4415/3726 1980/5036/4231 1917/3015/2571
f 1385/5040/4235 1519/834/728 1515/833/727
f 105/188/167 111/187/166 112/98/94 106/192/171
f 361/569/500 396/647/561 299/567/498
f 2642/4031/3430 2651/4048/4240 2659/5047/3558
f 1338/2225/1893 1330/5048/4241 1331/2057/1744
f 2866/3459/2948 2852/4363/3688 2867/4389/3706
f 3173/4784/4030 3166/4783/4029 3175/4790/4034
f 2729/5053/4246 2615/5054/355 2609/5055/354
f 1445/2513/2016 1305/1842/4249 1443/2165/1843
f 1742/2776/2365 1738/2779/2368 1730/2773/2362
f 2263/5061/4252 2267/3528/3004 2258/2793/2382
f 2509/5069/4260 2508/5070/4261 2503/3867/3284
f 1044/1750/1487 1050/1742/1480 1054/1749/1486
f 201/334/295 199/5078/4269 129/5079/4270
f 1641/2629/2230 1634/5080/2223 1633/2630/2231
f 1745/5081/4271 1744/5082/4272 1746/5083/4273
f 1272/1618/1376 1270/1617/1375 1267/1745/1483
f 908/5089/4279 909/1508/1299 906/2440/2076 911/5090/4280
f 1937/3047/2599 1995/5097/4286 1993/5098/4287
f 585/969/838 525/962/831 641/961/830
f 1481/5153/4337 1482/2418/2059 1490/2417/1895
f 324/1116/969 264/5167/381 322/111/107
f 1880/2963/2523 1819/2962/2522 1818/5202/4367
f 1307/2168/1847 1447/2166/1846 1554/2371/2018
f 3079/4734/3987 3080/4681/3940 3077/175/160
f 1395/1619/1377 1394/2323/1978 1388/5215/3510
f 1826/2906/2479 1829/2905/2478 1825/2969/2529
f 2618/5259/4413 2617/5260/4414 2615/5054/355
f 1947/3056/2606 1945/3050/2602 1942/3138/2673
f 2285/3729/3166 2411/3732/3160 2279/5279/3159
f 2105/3469/2954 2106/5310/4453 2072/3322/2827
f 1518/936/810 1521/2287/1948 1376/2449/2085
f 1470/5341/2152 1453/2190/1867 1576/5342/2153
f 2096/3292/2805 2068/3257/2771 2101/3425/2822 2102/3424/2917
f 697/5343/4485 699/5344/4486 701/1126/979
f 2519/211/188 2400/210/187 2394/4466/3771
f 2261/3521/2997 2271/5346/4488 2266/3527/3003
f 2614/5350/3402 2619/5351/3401 2510/5352/4491
f 1995/5097/4286 1937/3047/2599 1941/3046/2598
f 2743/4172/3540 2744/4178/3545 2641/4046/3442 2631/1936/1636
f 191/5376/4515 118/202/181 194/2792/2381
f 2539/5377/4516 2533/5378/4517 2645/2898/2472 2652/2897/2471
f 1722/2743/2342 1721/2742/2341 1795/5384/4523 1797/2876/2458
f 2216/4996/4192 2214/3464/2950 2213/3846/3129
f 2512/3871/3288 2600/3984/3389 2384/3864/3281
f 1255/2261/1923 1153/1930/1630 1253/2086/1767
f 1791/2868/2451 1860/2930/2495 1862/5391/4529
f 1018/5395/1624 1009/1700/1442 1022/1699/1441
f 915/1758/1494 1037/1757/1493 910/5396/4533
f 325/5397/85 258/499/446 326/5398/82
f 72/119/115 74/122/118 75/124/120
f 274/434/388 211/433/387 275/516/457
f 1173/1949/1649 1043/5408/4543 1032/5409/4544 1026/1715/1447 1031/1717/1457 1036/5410/4545
f 932/5413/1322 844/1367/1186 933/1548/1324
f 317/5414/4548 253/5415/4549 312/489/438 319/112/108
f 1842/2917/2485 1892/5416/4550 1959/5417/2679
f 855/1389/1201 942/1388/1200 946/1576/1344
f 2531/4028/3427 2408/3902/3318 2525/4029/3428
f 1757/2809/2398 1766/2818/2407 1763/2814/2403
f 1124/470/423 1123/1873/1591 1223/2048/1737 1325/5434/4566
f 103/170/86 44/5441/70 43/5442/4573 100/168/157
f 2422/3744/3178 2415/5446/4577 2416/3897/3313
f 2189/3810/3232 2095/3289/2802 2348/3655/3112
f 311/485/435 305/484/434 313/487/436
f 582/963/832 525/962/831 521/5497/4613
f 2457/3937/3351 2341/3939/1641 2176/5508/4624
f 2268/3529/3005 2267/3528/3004 2273/5509/4625
f 2311/3583/3056 2434/3910/3326 2433/3909/3325 2312/3582/3055
f 843/1364/1183 844/1367/1186 842/1365/1184
f 3019/4597/3879 3017/4675/3934 3012/5523/3933
f 357/5524/489 393/628/549 296/216/193
f 2603/3989/3392 2714/4151/3520 2715/4152/3521
f 3191/4808/4050 3188/1640/1395 3192/900/785
f 589/1042/900 587/671/583 530/5540/747
f 1170/2082/1763 1264/2083/1764 1166/5550/4661
f 454/679/591 455/684/596 426/680/592
f 2365/3672/3125 2485/3856/3275 2482/3835/3257
f 1218/2034/1723 1455/2176/1855 1310/5555/4666 1219/2035/1724
f 2664/4340/3462 2765/4306/3574 2766/4341/3664
f 17/5559/4670 13/414/368 44/71/68
f 2805/5560/4671 2881/964/833 2885/4414/3725 2884/5561/4672
f 2249/3714/3153 2386/3708/3148 2381/3707/2978
f 205/5565/202 139/348/216 140/5566/208
f 1783/2857/2441 1714/2860/2444 1784/2855/2439
f 1181/2127/1807 1274/2125/1805 1177/1956/1656
f 365/575/497 361/5575/496 364/482/433
f 1242/2067/1751 1333/2695/2297 1339/5579/4685
f 1135/1893/1604 985/741/647 983/740/646
f 2260/5583/1585 2406/5584/4689 2276/4005/3406
f 3120/3525/3001 3190/4810/4051 3119/4727/3979
f 2718/4153/3522 2607/4162/3530 2599/4145/3395
f 1892/2976/2536 1893/2979/2539 1952/5585/4690
f 3173/4784/4030 3175/4790/4034 3231/376/335
f 1128/5590/4695 1229/5591/4696 1135/1893/1604
f 2232/1661/1411 2233/3495/2974 2230/3488/2967
f 190/2600/2203 119/2599/2202 189/4993/4189
f 1377/2283/1945 1260/2271/1933 1371/2267/1929
f 1388/5215/3510 1270/1617/1375 1395/1619/1377
f 1561/2172/2145 1451/2376/2023 1308/1855/1575
f 1587/5627/4730 1623/5628/4731 1624/5629/4732
f 2232/1661/1411 2242/3490/2969 2243/1657/1407
f 2518/3879/3295 2622/2118/1799 2514/3997/3398
f 1256/2090/1771 1370/338/299 1368/2091/1772
f 1431/2367/4756 1538/2368/2005 1430/5658/1829 1294/2153/1833
f 2569/3943/3356 2687/4101/3486 2460/3807/3229
f 276/440/394 273/529/467 213/441/395
f 2705/5663/337 2591/4132/3512 2708/4134/3514
f 761/5669/1063 642/5670/4764 637/1972/1671
f 1152/1927/1623 1013/1692/1434 1021/1751/1453
f 3004/4583/3865 2938/4576/3862 2943/4581/3867
f 2339/3639/3224 2174/5685/4773 2170/3395/2893
f 1745/5689/4271 1682/2698/2300 1743/5690/2367
f 2877/4410/3722 2890/5691/4776 2889/4406/3718 2875/4402/3716
f 374/581/507 325/89/85 328/88/84
f 449/5692/627 491/791/693 493/790/692
f 2847/4353/3675 2846/5695/3673 2845/4351/3674
f 175/1230/1060 174/306/272 172/308/274
f 2204/5702/4782 2106/5310/4453 2209/3475/2958
f 2353/3658/3115 2345/3660/3105 2465/3955/3367
f 1974/3097/2637 1975/2998/2558 1972/3093/2635
f 33/5746/17 6/8/8 31/2884/51
f 523/852/746 533/861/753 466/840/734
f 518/5772/3461 517/829/723 520/828/722
f 2739/1937/1637 2631/1936/1636 2738/4171/3539
f 2123/3136/2671 2265/5773/4841 2122/5774/4842
f 1589/2550/2164 1582/2407/2049 1625/2551/2165
f 3236/5786/4853 3237/1493/1285 3239/1492/1284
f 133/330/196 128/5790/4857 200/331/292
f 3005/5795/3863 3006/4670/3931 3008/5796/4862
f 1805/104/100 1728/5799/4865 1803/105/101
f 1920/5800/2570 1921/5801/2576 1868/5802/4866
f 1356/2073/1753 1148/1675/1420 1246/2074/1755
f 2158/3378/2877 2078/3277/2790 2156/3375/2874
f 1883/4978/4175 1943/3052/2604 1944/3051/2603
f 519/5821/4883 521/5497/4613 522/5822/4884
f 2142/3353/2854 2141/3348/2850 2140/3347/2849
f 2026/3199/2721 2025/3193/2716 2039/3195/2718 2027/3200/2722
f 2083/3282/2795 2178/153/144 2177/152/143
f 1941/3046/2598 1940/3048/2600 1995/5097/4286
f 82/5845/35 80/268/135 28/45/41
f 659/1064/921 658/1065/865 722/1163/1000
f 113/193/172 107/191/170 114/99/95
f 2713/4147/3517 2588/4146/3516 2589/4148/3518
f 2330/3620/3085 2161/3622/2881 2162/5874/2882
f 3014/4587/3871 3016/4595/3877 3011/4586/3870
f 2318/5880/3072 2443/3598/3070 2139/3600/2848
f 1099/1837/1558 1098/1572/1338 1438/2160/1838
f 2827/1729/1467 2726/5901/4950 2735/5902/4951
f 1281/5918/4961 1402/2313/1972 1412/2328/1983
f 3177/4795/4037 3113/3436/2925 3180/3435/2924
f 3116/4531/3828 3067/4530/3827 3065/4669/3930
f 2245/5925/2980 2378/3710/2982 2385/3709/3149 2390/5926/4967
f 1243/1906/1614 1244/2229/1898 1145/1907/1615
f 1393/2303/1962 1406/2126/1806 1390/2317/1975
f 2886/4457/3763 2872/4456/3762 2884/5561/4672 2885/4414/3725
f 1092/1830/1554 1200/5940/1556 1298/2008/1699
f 111/5948/166 101/318/168 110/317/280
f 242/388/346 251/389/347 244/387/345
f 1465/2392/2038 1463/2391/2037 1464/2041/1730
f 1577/2530/2151 1576/2532/2153 1578/2535/2154
f 771/1150/998 716/5969/4994 717/1151/999
f 1158/1933/1633 1162/5970/4995 1155/1932/1632
f 786/1288/1113 804/1315/1132 741/1295/1117
f 129/5079/4270 199/5078/4269 196/5974/4997
f 1590/2554/2168 1482/2418/2059 1589/5976/4999
f 3039/4686/3897 3038/4628/3898 2957/4627/3803
f 1007/1507/1298 1016/1706/1448 906/2440/2076
f 858/1275/5020 726/5997/5021 725/1068/926
f 1723/2747/2346 1667/6001/5025 1717/2745/2344
f 455/684/596 454/679/591 457/727/633
f 1746/5083/4273 1824/2901/2475 1753/6002/5026
f 1938/3043/2595 1881/3042/2594 1936/6003/5027
f 372/6011/5032 369/6012/5033 316/493/442
f 1692/6016/2309 1652/2653/2257 1654/2655/2259
f 1924/6017/5035 1922/6018/5036 1923/3119/2655 1925/3022/2577
f 243/6022/5038 244/568/499 299/567/498
f 3273/4929/4134 3255/4931/4132 3274/4963/4162
f 832/1348/1168 833/1349/1169 831/6023/5039
f 250/409/363 180/6024/5040 186/410/364
f 1598/2568/2179 1524/6028/2182 1599/2569/2180
f 1661/2621/2222 1660/1631/1386 1709/2670/2274
f 64/201/180 123/205/182 121/199/178
f 644/3323/2828 585/969/838 641/961/830
f 191/5376/4515 194/2792/2381 193/413/367 187/411/365
f 897/1350/1170 834/1352/1172 901/1500/1292
f 2971/4523/3822 3044/4753/3954 3045/6060/3907 2958/4524/3821
f 865/1412/1219 1109/1858/1577 960/1285/1110
f 1676/2689/2291 1679/2691/2293 1736/2688/2290
f 2402/6110/5102 2400/210/187 2403/212/189
f 830/1345/1165 810/1344/1164 882/6137/1246 831/6023/5039
f 352/539/477 388/619/542 230/366/326
f 1505/6153/5134 1504/6154/5135 1497/6155/5136
f 693/6156/5137 632/1035/893 636/715/621 695/1038/896
f 1338/2225/1893 1331/2057/1744 1236/2059/1746 1349/2064/1750
f 758/1232/1062 694/1231/1061 692/1098/952
f 2380/3497/2976 2225/3483/2963 2237/2894/2468
f 2074/3313/2819 2065/3267/2781 2075/6165/2782
f 415/663/576 440/670/571 420/6173/5151 421/6174/5152
f 2986/4654/3843 2989/4551/3844 2931/4553/1059
f 89/367/327 88/6180/5158 30/46/46
f 3190/4810/4051 3120/3525/3001 3124/3524/3000
f 2833/4321/3650 2751/4217/3577 2767/4216/3576
f 3257/4862/4088 3215/4861/4087 3258/4936/4136
f 350/615/538 349/537/537 348/362/5178
f 1133/1887/1601 1236/2059/1746 1129/2058/1745
f 1943/3052/2604 1939/3044/2596 1938/3043/2595
f 2997/4564/3852 2936/2447/2083 2935/2446/2082
f 718/1059/916 656/1061/918 716/1147/995
f 1521/2287/1948 1380/2286/1942 1376/2449/2085
f 2941/4478/3784 2939/2448/2084 2946/4585/3869
f 173/296/262 176/396/276 177/309/275
f 1214/1848/1567 1104/1583/1347 1306/2031/1718
f 133/330/196 203/332/293 205/5565/202
f 2740/1120/973 2739/1937/1637 2737/6217/5193
f 653/1258/1088 720/1681/1425 657/990/858
f 417/667/580 444/666/579 416/660/575 414/659/574
f 1040/6223/5198 1041/6224/5199 1038/6225/5200
f 2612/2561/2174 2511/3870/3287 2521/4452/3759
f 1911/3000/2560 1858/2999/2559 1976/3102/2642
f 2666/4215/3464 2661/4072/3463 2550/3919/3334
f 3063/4664/3927 3001/4572/3858 3003/4571/3859
f 643/6235/5208 640/714/620 646/6236/5209
f 130/3971/3380 65/3972/3381 62/2954/2516 67/3911/3327
f 935/6237/1327 936/1587/1329 851/1383/1196 850/1380/1193
f 47/74/71 44/73/70 103/90/86
f 3127/6243/3980 3123/6244/3781 3125/6245/3780
f 3128/4733/3986 3193/4811/783 3124/3524/3000
f 2270/4004/3405 2271/5346/4488 2261/3521/2997
f 919/1514/1305 918/1513/1304 1046/1743/1481
f 611/1007/873 480/766/668 612/903/787
f 1476/6258/5227 1334/2412/2054 1595/2411/2053
f 997/1665/1415 996/1663/1413 993/1653/1295
f 2707/3630/3092 2583/3629/3091 2598/3982/3387
f 2454/6265/5236 2338/3803/3225 2337/6266/5237
f 628/949/820 688/1036/894 577/950/821
f 178/312/277 249/390/348 248/6285/5253 179/6286/5254
f 2567/3936/3481 2456/4095/3223 2339/3639/3101
f 2119/3137/2672 2121/6299/5266 2264/3135/2670
f 2814/6315/5278 2698/6316/5279 2813/4289/3632 2869/4288/3631
f 1072/1806/1538 1083/1808/1310 1074/6321/1309
f 554/759/662 608/1003/925 666/957/826
f 8/5/5 4/4/4 10/62/10
f 1182/2133/1814 1395/1619/1377 1272/1618/1376
f 3122/4473/3779 3121/2788/2377 3185/6359/4043
f 1008/1680/1424 903/1506/1297 1017/1701/1443 1009/1700/1442
f 1168/6377/5324 1036/5410/4545 1031/1717/1457
f 2841/6394/3672 2842/4343/3667 2843/6395/3670
f 1888/2973/2533 1886/2966/2526 1885/6396/2605
f 414/661/574 415/663/576 418/664/577
f 1668/6405/5347 1644/6406/5348 1642/6407/5349 1640/6408/5350
f 1565/2612/2214 1622/2611/2213 1619/2610/2212
f 75/6414/5359 74/132/118 22/134/128 24/6415/5360
f 283/6438/5381 348/362/317 224/363/319
f 1454/2036/1725 1564/6440/5383 1563/2526/2147
f 2084/3281/2794 2178/153/144 2083/3282/2795
f 2111/6450/5392 2074/3311/2817 2114/3485/2965
f 2517/6454/5395 2513/6455/5396 2617/6456/4414
f 2626/6458/5399 2620/2558/2172 2521/4452/3759
f 1012/1694/1436 1013/1692/1434 1004/1691/1433
f 441/6465/5406 443/6466/5407 442/6467/5408 485/6468/5409
f 1601/2574/2184 1612/2592/2198 1613/6470/2194 1611/2588/2193
f 55/197/176 59/6471/5410 57/96/92
f 1373/2104/1785 1372/6477/5415 1374/2272/1934
f 2607/6483/3530 2502/604/528 2599/3994/3395
f 2556/3928/3342 2447/3613/3078 2448/3792/3210
f 1821/2964/2524 1823/6485/5422 1886/2966/2526 1824/2901/2475 1746/5083/4273 1819/2962/2522
f 676/6486/5423 746/6487/5424 677/1021/883 679/1022/884
f 1980/6502/5440 1862/5391/4529 1913/6503/5441 1978/3191/2714
f 2438/6504/5442 2430/6505/5443 2542/6506/5444
f 2348/3655/3112 2468/325/287 2189/3810/3232
f 725/1068/926 665/958/827 666/957/826
f 1052/1760/1496 1041/6224/5199 1179/1963/1663
f 2588/6542/5472 2586/3851/3271 2708/4134/3514
f 192/4992/4188 190/2600/2203 189/4993/4189
f 2642/4031/3430 2644/4030/3429 2651/4048/4240
f 1410/6573/1996 1523/6574/5494 1524/6575/2182 1537/6576/1997
f 1046/1743/1481 1050/1742/1480 1044/1750/1487 919/1514/1305
f 391/627/546 355/546/482 354/547/483
f 599/985/856 544/984/855 545/875/764 543/877/761
f 159/6583/5501 87/2780/2369 158/5014/4212
f 364/482/433 361/5575/496 244/387/345 251/389/347
f 1098/1572/1338 940/1569/1334 1097/3297/2808
f 3224/4879/4101 3276/4949/4149 3225/4884/4104
f 1679/2691/2293 1680/6597/5512 1678/6598/5513 1735/2690/2292
f 373/110/106 323/6599/5514 324/1116/969 322/111/107
f 1677/6611/5520 1681/2699/2301 1683/2676/2280 1679/2691/2293 1676/2689/2291
f 1201/1805/1537 1202/1804/1536 1287/6612/5521 1288/6613/5522
f 2530/3900/3316 2526/3891/3307 2407/3721/3158 2412/3728/3165
f 2523/3537/3013 2403/212/189 2519/211/188 2520/6614/5523
f 2816/4128/3508 2709/4127/3507 2703/2295/1955 2701/2297/1957
f 173/296/262 100/168/157 43/5442/4573 170/297/263
f 2283/3547/3022 2286/3549/3024 2287/3730/3167 2285/3729/3166
f 1821/2964/2524 1880/2963/2523 1881/3262/2594 1882/6625/5534
f 1999/3143/2687 2000/3205/2727 2030/3204/2726 2002/3150/2684
f 517/829/723 512/823/717 513/825/719
f 1245/6626/1765 1244/6627/1752 1352/2243/1908 1364/2109/1790
f 916/6628/5535 1016/1706/1448 1026/1705/1447 1032/6629/4544
f 1010/1688/1430 1019/6631/4182 1030/6632/63 907/6633/5537
f 3035/2162/1840 3082/6634/5538 3081/2163/1841
f 447/6638/5543 427/687/599 450/6639/5544 451/209/186 452/208/185
f 274/6642/5546 336/6643/513 342/6644/514 277/6645/5547
f 1442/6646/5548 1548/2507/2129 1549/2510/2132 1550/2370/2017
f 1346/2223/1891 1497/6155/5136 1358/2236/1904
f 2638/4032/3431 2629/6647/975 2636/2119/1800 2529/3894/3310
f 691/1107/960 689/1105/958 684/1106/959 686/6648/5549
f 2113/3318/2823 2116/3324/2829 2104/3321/2826 2071/3319/2824
f 329/87/83 326/86/82 330/509/379
f 631/6655/956 687/1099/953 692/1098/952 694/1231/1061
f 630/1034/892 632/1035/893 693/6156/5137 691/6665/960 686/6666/5549
f 2203/3433/2922 2192/3430/2919 2350/3825/3247 2357/3827/3249
f 737/1089/943 740/1017/880 739/6667/1033 738/1187/1026
f 204/335/296 201/334/295 129/5079/4270 134/6668/201 207/344/305
f 319/6669/108 321/420/374 256/2141/1823 317/6670/4548
f 129/5079/4270 196/5974/4997 124/3877/3293 126/3876/183
f 274/6642/5546 277/6645/5547 216/6671/5563 212/6672/5564
f 2337/6266/5237 2338/3803/3225 2173/3399/2897
f 727/6673/5565 726/5997/5021 778/1278/1103 779/1280/1104
f 2480/3840/3262 2585/3974/3383 2486/1593/1355 2483/1592/1354
f 3041/4635/3902 3145/4750/4000 3088/6683/5572 3042/4636/3903
f 1567/2613/2155 1579/6688/2041 1588/6689/2928 1624/6690/5576
f 1753/6002/5026 1824/2901/2475 1827/2903/2401
f 1122/1622/1379 1226/2200/1740 1324/2191/1868 1121/1621/1378
f 795/1186/1025 793/1301/1120 792/3455/2944 737/1089/943
f 2968/4525/5580 2904/4434/3816 2969/4520/3818 2971/4523/5580
f 2292/3569/3044 2287/3730/3167 2286/3549/3024 2291/3568/3043
f 1799/6696/5583 1801/2757/2353 1800/2874/2457 1798/6697/5584
f 19/33/30 17/72/69 18/6701/5588 48/31/28
f 884/6716/5604 892/6717/5605 834/1354/1174 817/6718/5606
f 256/2141/1823 197/419/373 190/2600/2203 192/4992/4188
f 2488/3981/3386 2580/6719/5607 2361/3669/3124 2484/6720/5608 2487/3675/3127
f 693/6156/5137 759/6722/5610 757/6723/5611
f 1753/6726/5026 1749/6727/5613 1746/6728/4273
f 1498/2438/2074 1505/6153/5134 1497/6155/5136 1346/2223/1891
f 2203/3665/3120 2207/3456/2945 2200/3437/2926 2199/3439/2927
f 2540/3033/2587 2541/3032/2586 2429/3769/3194 2437/3771/3195
f 2069/3315/2783 2065/3267/2781 2111/3312/2818
f 2522/3890/3306 2635/4021/3422 2626/6458/5399 2521/4452/3759
f 259/421/375 322/6752/107 264/427/381 261/336/297
f 264/427/381 202/346/307 261/336/297
f 1946/3049/2601 1947/6753/2606 1940/3048/2600
f 62/2954/2516 65/3972/3381 64/201/180
f 322/111/107 259/6754/375 321/6755/374 319/112/108
f 572/1027/815 628/1028/887 574/6757/5641 495/798/5642
f 973/1435/1237 1120/1872/1590 879/6758/5643
f 519/5821/4883 515/826/720 581/6759/5644 521/5497/4613
f 916/6628/5535 918/1513/1304 911/5090/4280 906/2440/2076
f 5/34/5651 21/23/20 4/4/4
f 327/2657/2261 329/87/83 332/510/453 331/1115/968
f 2240/2896/2470 2234/2895/2469 2252/3502/2981
f 510/821/715 513/825/719 512/823/717 504/806/706
f 2763/4333/3572 2838/4334/3660 2836/6770/3663 2828/6771/3642
f 1483/2413/2055 1593/6774/5658 1584/6775/5659 1595/2411/2053
f 34/2885/2463 31/2884/51 6/8/8 7/10/9
f 3063/4664/3927 3064/4667/3929 3112/4723/3975
f 922/1537/1321 932/1538/1322 923/6780/5664
f 984/1480/1276 893/1479/1275 898/1502/1294 990/1674/1397
f 362/561/493 303/473/426 302/6784/425 301/562/424
f 1372/6477/5415 1373/2104/1785 1362/2252/1914
f 1320/2189/1734 1116/2044/1733 971/1432/1235 1117/1616/1374
f 1565/2612/2214 1568/6807/2030 1567/2613/2155
f 1989/3035/1875 1991/6808/5683 1988/3122/2657 1929/3030/2585
f 492/6816/694 494/940/695 569/939/813 568/938/812
f 2047/3230/2746 2046/3231/2747 2058/3127/5693 2086/6817/2904
f 2672/4232/3586 2558/3926/3340 2557/3927/3341 2671/4233/3587
f 2410/3724/3161 2403/212/189 2524/3536/3012 2415/5446/4577
f 2265/5773/4841 2275/6823/5699 2279/5279/3159 2259/6824/5700 2122/5774/4842
f 793/1424/1120 871/1423/1229 791/1318/1135 790/1298/1118
f 75/124/120 73/126/122 71/123/119
f 2028/3201/2723 2027/3200/2722 1982/3202/2724 1915/3113/2651
f 2003/3153/2685 2029/3203/2725 2034/3213/2730 2007/3170/2696
f 2109/3309/2815 2073/3270/2780 2108/6831/5707 2211/3453/2942
f 2741/830/724 2632/4012/3413 2624/4003/3404 2733/5003/4199
f 2289/3558/3033 2281/3740/3175 2271/5346/4488
f 1010/1688/1430 907/6633/5537 1020/1703/1445 1011/1689/1431
f 1309/2033/1722 1301/2157/1836 1208/2014/1422 1096/1836/1557
f 2597/6838/5712 2594/1497/1289 2711/1499/1291 2596/4139/3388
f 2529/3894/3310 2643/3896/3312 2644/4030/3429 2638/4032/3431
f 1914/3104/2644 1979/3005/2562 1982/6847/2711 2023/3187/2710
f 1608/2582/2190 1616/6848/5721 1617/6849/5722 1606/2580/2188
f 57/96/92 60/2955/2517 54/97/93
f 2536/3901/3317 2408/3902/3318 2531/4028/3427
f 2232/1661/1411 2230/3488/2967 2242/3490/2969
f 2352/3830/3252 2107/1242/1073 2359/3831/3253
f 1387/2305/1964 1519/834/728 1385/5040/4235 1390/6856/1975
f 2258/6857/2382 2241/4465/2384 2394/4466/3771 2263/6858/4252
f 2453/3933/5726 2678/4092/5726 2679/4242/5726 2782/4245/5726 2565/4246/5726 2566/6859/5726 2454/6265/5726 2337/6266/5726 2336/3632/3094 2334/3631/3093
f 1318/1863/1582 1463/2391/2037 1571/2390/2036 1461/2389/2035
f 1624/5629/4732 1588/6861/5728 1478/6862/5729 1587/5627/4730
f 709/6863/5730 710/1125/978 711/1130/982 715/1144/994
f 1383/6864/5731 1401/2302/1961 1271/2301/1960
f 2082/3279/2792 2176/5508/4624 2175/3280/2793
f 1959/5417/2679 1892/5416/4550 1952/6865/5732
f 2499/607/531 2490/3849/3270 2588/6868/3516 2599/3994/3395
f 3148/856/748 3212/4853/4083 3213/857/749
f 1947/3056/2606 1949/3058/2607 1951/3061/2610 1945/3050/2602
f 2482/3835/3257 2485/3856/3275 2478/3833/3255
f 3020/4593/1953 3021/6873/1952 3022/6874/3891 3023/4594/3876
f 757/6875/5611 756/1235/1065 754/1225/1057 755/1108/961
f 750/6876/5738 831/6877/5739 833/6878/5740
f 2450/3795/3217 2159/3380/2879 2160/3381/2880 2329/3618/3083 2449/3794/3212
f 573/789/691 491/791/693 566/929/689
f 1182/2133/1814 1272/1618/1376 1175/6882/3410 1186/1994/1674
f 695/1038/896 696/3653/3110 759/6722/5610 693/6156/5137
f 1799/2882/2461 1798/2945/2507 1808/2883/2462
f 2254/6895/5755 2248/3498/2977 2247/6896/5756 2257/6897/5757
f 485/6468/5409 442/6467/5408 486/917/798 620/915/796 671/1085/941 736/1178/1017 618/1014/877 619/1016/879
f 1808/2883/2462 1811/2777/2366 1809/2770/2361
f 253/5415/4549 311/485/435 312/489/438
f 581/6759/5644 579/3210/2729 635/1037/895 638/1971/1670 582/963/832
f 1501/4895/2073 1359/2239/1906 1363/2253/1915 1506/4896/4111
f 2910/4529/3826 2912/4441/3751 2913/6900/5760 2911/4526/3823
f 1593/6774/5658 1591/2553/2167 1628/2616/2217 1584/6775/5659
f 1391/2311/1970 1388/4130/3510 1394/2321/1978 1400/2312/1971
f 978/4726/3978 889/1465/1263 879/6906/5764 1120/6907/5765 1128/6908/5766
f 1168/6377/5324 1165/2105/1786 1265/6909/5767 1172/1950/1650
f 120/6910/5768 63/6911/5769 55/197/176
f 2612/2561/2174 2725/2560/2173 2600/3984/3389 2512/3871/3288
f 1366/2432/2068 1358/2236/1904 1497/6155/5136 1504/6154/5135
f 3180/3435/2924 3181/4702/3958 3177/4795/4037
f 1990/3124/2659 1988/3122/2657 1991/6808/5683 1992/6924/5781
f 187/411/365 185/6932/5788 115/6933/174 191/5376/4515
f 1316/2179/1858 1568/2383/2030 1315/2040/1729
f 3192/900/785 3187/6934/5789 3190/6935/4051 3193/898/783
f 1003/1109/962 1005/1672/1419 1004/1110/963
f 640/714/620 643/6235/5208 696/3653/3110 695/1038/896
f 637/1972/1671 694/3053/1061 761/5669/1063
f 761/5669/1063 697/6938/4485 642/5670/4764
f 3186/6939/5792 3187/6934/5789 3239/1492/1284 3235/1491/1283
f 1362/6940/1914 1357/2237/1905 1366/2432/2068 1372/6941/5415
f 643/6235/5208 646/6236/5209 700/3654/3111 696/3653/3110
f 1644/2644/2248 1649/2685/2287 1675/2645/2249
f 2281/3740/3175 2414/3741/3176 2278/6952/5802
f 3240/4899/4114 3243/4901/4116 3242/6953/4120 3198/6954/5803
f 3064/4667/3929 3066/884/771 3115/3434/2923 3112/4723/3975
f 700/3654/3111 646/6236/5209 647/1048/907 648/6955/981
f 703/1118/971 705/1117/970 708/1124/977
f 1968/3018/2574 2008/3017/2573 1900/2987/2548
f 2970/4637/3905 2969/4520/3819 2967/4521/3820
f 3260/230/207 3259/4933/4135 3216/4867/4090 3219/228/205
f 3145/4750/4000 2962/4509/3948 3087/4690/3947 3143/4748/5819 3251/4918/4128
f 1120/6907/5765 1228/6975/5820 1229/6976/5821 1128/6908/5766
f 60/2955/2517 57/96/92 59/6471/5410 61/2953/2515
f 2616/3115/2653 2622/2118/1799 2621/2120/974 2735/6980/4951 2726/6981/4950 2723/3116/2654
f 2235/3705/2975 2372/3704/3147 2379/3711/3150 2378/3710/2982
f 762/1236/1066 764/6983/5826 760/1234/1064
f 759/6984/5610 696/6985/3110 698/6986/3109 763/6987/5827 757/6875/5611
f 1047/1487/1280 1039/1486/1279 1044/1750/1487
f 2524/3536/3012 2403/212/189 2523/3537/3013
f 471/742/648 469/745/651 467/743/649
f 2696/6998/891 2682/4264/890 2800/4266/3612 2801/6999/5834
f 3160/7000/5835 3105/4713/3967 3102/7001/5836
f 2481/3828/3250 2477/3829/3251 2582/3965/2244 2489/3845/3267
f 45/75/72 20/32/29 49/94/90 50/95/91
f 966/1426/1230 872/1307/1123 965/1428/1231
f 3071/4671/3932 3074/3526/3002 3120/3525/3001 3070/886/773
f 2374/7010/3137 2487/3675/3127 2227/3674/2966
f 2766/4341/3664 2765/4306/3574 2829/4305/3643
f 782/1279/5844 858/1275/5844 860/1395/5844 861/1400/5844
f 2893/4428/3740 2896/4422/3733 2897/4424/3735 2894/4501/3800
f 923/7011/5845 1077/1985/1682 1075/1989/1517 1076/7012/5846
f 1942/3138/2673 1945/3050/2602 1943/3052/2604 1938/3043/2595
f 856/1391/1202 948/1578/1345 933/1548/1324 844/1367/1186
f 1482/2418/2059 1590/2554/2168 1592/2556/2170 1489/2416/2058
f 604/896/781 550/895/777 605/7024/863 658/1065/865
f 901/1500/1292 834/1352/1172 892/7025/1389 988/7026/1393
f 2347/324/286 2469/323/285 2572/4110/3492 2467/3947/3360 2346/3651/3108 2187/3414/2910 2188/3415/2911 2189/3810/3232
f 3051/4647/3913 3157/4766/4015 3102/4711/3965
f 1744/5082/4272 1742/2776/2365 1811/2777/2366 1814/7027/5853
f 1266/2282/1944 1263/3875/3292 1260/2271/1933 1377/2283/1945
f 2583/3629/3091 2820/3628/3090 2581/7028/5854
f 2312/3584/3057 2414/3741/3176 2294/3581/3054
f 1738/7030/2368 1743/5690/2367 1677/6611/5520 1739/2775/2364
f 1045/1759/1495 915/1758/1494 914/7031/5856 917/7032/5857
f 2002/3156/2684 1961/3144/2626 1998/3146/2680
f 1286/7034/5860 1422/7035/5861 1420/2470/2105 1421/2471/2106
f 3106/7036/5862 3164/4715/3968 3165/4770/4019 3166/4773/4022
f 5/34/5651 4/4/4 3/1/1 2/6/6
f 2165/3387/2885 2168/3396/2889 2142/3353/2854
f 697/6938/4485 645/1043/901 644/3323/2828 642/5670/4764
f 2156/3377/5864 2159/3380/2883 2158/3385/2877
f 324/1116/969 323/6599/5514 327/2657/2261
f 3069/7057/5879 3073/7058/5880 3021/2292/1952 3015/2294/1954 3008/5796/4862
f 1993/5098/4287 1935/3125/2660 1937/3047/2599
f 603/998/866 662/999/867 660/7071/923 721/7072/2878
f 1536/7073/5889 1427/418/372 1424/417/371 1537/7074/1997
f 1524/7085/2182 1598/7086/2179 1536/7073/5889 1537/7074/1997
f 3106/7036/5862 3058/7087/5896 3057/4655/3919 3164/4715/3968
f 3139/4834/4068 3203/4836/4070 3135/7090/5899
f 2892/4463/3769 2885/4417/3728 2883/4462/3768 2891/4461/3767
f 2217/3465/2951 2215/3468/2953 2218/3679/3131 2219/3678/3133
f 1693/2708/2310 1770/2840/2427 1694/7094/2313 1695/2709/2311
f 1022/1699/1441 912/1489/1282 1023/7098/1628
f 1053/1756/1492 1051/4008/3409 1042/4010/3411 1037/1757/1493
f 420/7104/5907 446/7105/5908 449/7106/5909
f 3213/857/749 3212/4853/4083 3211/7107/5910 3253/4926/4129
f 2242/3490/2969 2231/3489/2968 2239/7108/5911
f 150/137/130 75/7112/5359 26/7113/5913 79/138/131
f 2057/3259/2773 2071/3258/2772 2072/7114/5914 2070/3304/2812
f 3244/4912/4124 3248/4911/4123 3271/7115/4155 3243/7116/4116
f 3094/4701/3957 2972/4440/3750 2973/4528/3825 3047/4764/4013 3217/4868/4091
f 179/6286/5254 101/7117/5915 105/7118/5916 102/173/158 178/312/277
f 852/1381/1194 864/1406/1213 957/1603/1363 853/1385/1198
f 2921/7130/5925 2880/966/835 2882/965/834 2917/7131/5926
f 2510/5352/4491 2607/6483/3530 2611/7134/3529 2614/5350/3402
f 874/1429/1232 967/1609/1368 1224/1864/1583 1318/1863/1582 965/1428/1231 873/1306/1124 877/1309/1126 971/1432/1235 1116/2044/1733 1225/1614/1373 875/1613/1372 876/1430/1233
f 1115/1865/1584 1467/2042/1731 1466/2393/2039 1464/2041/1730 1114/1611/1370 968/1610/1369 969/1431/1234 970/1612/1371
f 2604/3991/3394 2723/3116/2654 2605/3993/2544
f 3223/7135/5927 3226/7136/5928 3262/7137/5929 3265/7138/5930
f 1381/7139/5931 1382/7140/5932 1261/2273/1935 1374/2272/1934
f 1329/2053/1742 1122/2052/1741 1129/7141/5933 1331/7142/5934
f 1076/7012/5846 1073/1780/1514 922/1782/1516 923/7011/5845
f 2942/7155/5947 2936/2447/2083 3005/4577/3863
f 1042/4010/3411 1033/7156/5948 1037/1757/1493
f 1486/2419/2060 1596/2547/2161 1487/2423/2062 1492/2420/2061
f 2221/3481/5949 2371/3686/3136 2495/3975/3384 2372/7157/5950 2223/7158/5951
f 2762/7159/3655 2755/4197/3562 2758/4196/3561 2828/4303/3642
f 366/570/501 400/642/556 363/645/559 367/572/502
f 1159/67/64 1153/1930/1630 1255/2261/1923 1167/7160/5952
f 1322/7164/5955 1328/7165/5956 1229/6976/5821 1228/6975/5820
f 1379/7166/5957 1375/339/300 1370/338/299 1256/2090/1771 1268/2114/1795 1384/2113/1794
f 1036/5410/4545 1168/6377/5324 1172/1950/1650 1173/1949/1649
f 2072/7114/5914 2106/1244/1075 2070/3304/2812
f 3053/5020/4217 2925/4544/3839 2988/7167/5958 3056/4716/3969
f 242/388/346 171/307/273 174/306/272 247/316/279
f 1008/1680/1424 1009/1700/1442 997/1654/1404
f 2406/5584/4689 2413/3734/3170 2284/3733/3169 2276/4005/3406
f 1167/7160/5952 1263/3875/3292 1169/7172/5961
f 2769/4352/1922 2845/4351/3674 2676/7173/3593
f 1735/2690/2292 1734/910/791 1736/2688/2290
f 2274/7175/5963 2123/3136/2671 2268/3529/3005
f 2858/2348/1999 2856/4374/3694 2857/4376/3695 2860/4378/3697
f 1760/2904/2477 1828/2902/2476 1836/7184/5970
f 2197/3316/2821 2069/3315/2783 2112/3314/2820 2205/7185/5971
f 2089/3411/2800 2049/3237/2752 2091/3413/2909 2183/3409/2906
f 1534/2496/2121 1541/2495/2120 1607/7187/2189 1533/7188/2191
f 2921/7130/5925 2917/7131/5926 2981/4648/3914 2983/7193/5976
f 1877/2960/2520 1937/3047/2599 1935/3125/2660 1876/7194/5977
f 2993/2087/1768 2992/4555/3845 2994/2088/1769
f 737/1089/943 792/3455/2944 735/1084/940
f 1162/5970/4995 1262/7205/5986 1256/2090/1771 1155/1932/1632
f 24/38/5360 26/40/5913 75/7206/5359
f 2118/7207/2952 2217/3465/2951 2219/3678/3130 2208/3473/2955
f 2629/6647/975 2621/2120/974 2636/2119/1800
f 2877/4410/3722 2809/7214/3622 2821/7215/3623 2890/5691/4776
f 1834/7216/5992 1764/2834/2422 1833/7217/5993
f 3182/7218/4041 3114/4725/3977 3179/4793/4036 3178/7219/5994 3183/7220/4042
f 1894/2980/2540 1890/2968/2528 1832/2907/2480 1837/7221/2481
f 1939/7222/2596 1883/7223/4175 1885/6396/2605 1882/6625/5534 1881/3262/2594
f 316/493/442 369/6012/5033 368/577/503 314/490/439
f 1871/2946/2508 1798/2945/2507 1927/3025/2569 1872/504/451
f 754/1225/1057 758/1232/1062 692/1098/952 690/1100/954
f 2987/7226/3847 3059/4717/3920 3056/4716/3969 2988/7167/5958
f 674/2444/2080 622/1020/882 742/1201/1038 744/1200/1037
f 1859/7229/5997 1858/2999/2559 1784/2855/2439 1785/2861/2445
f 1548/2507/2129 1546/2506/2128 1549/2510/2132
f 2723/7232/2654 2726/5901/4950 2605/2983/2544
f 2399/3878/3294 2527/3895/3311 2518/3879/3295
f 1100/1839/1560 943/1574/1340 944/1571/1337 941/1570/1336
f 1813/7235/6002 1815/7236/6003 1873/2947/2509 1810/2889/2464
f 159/6583/5501 229/365/325 89/367/327
f 1614/2596/2200 1605/2579/2187 1606/2580/2188 1617/6849/5722
f 1543/2360/2008 1434/2362/6004 1435/2377/2024 1542/2499/2123
f 2510/5352/4491 2516/7237/6005 2387/3712/3151 2506/605/529
f 39/14/12 94/159/151 236/217/194 356/552/488 295/550/486 237/380/339 164/156/148 38/158/150 36/58/59
f 3003/7241/3859 3000/4569/3857 2938/4576/3862 3004/4583/3865
f 1027/7242/6010 1038/6225/5200 913/7243/6011 907/6633/5537
f 252/407/361 248/405/359 311/7244/435 253/7245/4549
f 1667/7246/6012 1640/2631/2232 1633/2630/2231 1666/7247/2282
f 2637/4034/3433 2632/4012/3413 2633/4014/3415
f 1411/2327/1982 1192/1976/1675 1282/1978/1677
f 1852/2255/1917 1708/2731/2332 1853/2256/1918
f 1833/2977/2537 1764/2815/2404 1836/7248/6013 1831/7249/6014 1835/2975/2535
f 1842/2917/2485 1840/2919/2426 1834/7216/5992 1833/7217/5993
f 1717/2737/2336 1667/7250/6012 1666/2679/2282 1718/2678/2281
f 1592/2556/2170 1591/2555/2169 1594/2426/2064
f 1870/3284/2797 1924/6017/5035 1925/3022/2577 1869/2943/2579
f 3110/4792/4031 3109/4720/3972 3106/4721/3973
f 1158/7251/1633 1023/7098/1628 912/1489/1282 1034/1488/1281
f 1349/7252/1750 1241/1902/1612 1348/2220/1888 1347/7253/1892
f 521/5497/4613 581/6759/5644 582/963/832
f 1631/2619/2220 1632/2620/2221 1646/2642/2243 1639/2627/2228
f 1382/7258/5932 1381/7259/5931 1383/6864/5731 1271/2301/1960
f 487/919/625 561/921/801 444/666/579 445/7260/6019
f 2892/4463/3769 2930/4464/3770 2887/2948/2510 2885/4417/3728
f 2227/3487/2966 2205/391/349 2212/393/351
f 2895/4431/3743 2899/4425/3736 2898/4423/3738 2896/4422/3733
f 2814/4116/3498 2802/4267/3613 2689/4103/3488
f 2530/3900/3316 2654/4041/3438 2526/3891/3307
f 188/406/360 189/4993/4189 184/319/281 183/403/357
f 2256/7268/6027 2251/7269/1586 2260/5583/1585 2276/4005/3406
f 430/7270/603 471/7271/656 470/748/654 428/749/600
f 1359/2238/1906 1498/2438/2074 1346/2223/1891
f 1287/7272/6028 1206/7273/6029 1423/7274/6030 1422/7275/6031
f 365/566/497 309/574/432 367/572/502 363/645/559
f 185/7277/5788 181/194/173 113/193/172 115/195/174
f 1687/2710/2312 1695/2709/2311 1650/7278/6032 1690/7279/2305
f 2915/2347/1998 2856/4374/3694 2858/2348/1999
f 1663/2951/2513 1638/2952/2514 1665/7282/6035 1783/2857/2441
f 2519/211/188 2516/7237/6005 2510/5352/4491 2619/5351/3401 2520/6614/5523
f 1902/2988/2549 1969/3169/2697 1970/3172/6048 1903/2990/2551 1851/2257/1919 1774/2723/2321 1703/2721/2319 1850/2844/6048 1901/2922/6048
f 1669/2748/2347 1671/7301/2360 1724/2749/2348
f 2197/3316/2821 2205/7185/5971 2361/3842/3264 2355/3844/3266
f 884/6716/5604 975/7309/421 981/7310/6057 892/6717/5605
f 427/7311/6058 424/674/586 418/664/1072 411/1241/1071
f 2124/7314/6061 2077/7315/2786 2134/7316/406 2126/7317/405
f 1992/6924/5781 1994/7321/6065 1990/3124/2659
f 2853/4368/3690 2879/4392/3707 2878/3460/2949 2867/4389/3706
f 1621/7324/6068 1620/2609/2211 1622/2611/2213 1623/7325/6069
f 705/1117/970 648/1129/981 708/1124/977
f 2247/6896/5756 2236/2893/2467 2246/3504/2983 2253/3523/2999
f 2704/7328/6071 2587/4126/3506 2702/1952/1652
f 2881/1945/1645 2804/1944/1644 2803/4271/3617 2882/2937/2501
f 2417/3746/3179 2277/3725/3162 2410/3724/3161 2422/3744/3178
f 1379/7166/5957 1385/7335/4235 1515/7336/727 1513/337/298 1375/339/300
f 67/3911/3327 62/2954/2516 61/2953/2515
f 863/1404/1211 951/1584/1348 950/1591/1353 953/1588/1350 956/1596/1358
f 3061/1728/1466 3109/4720/3972 3065/4669/3930
f 1209/7346/6084 1438/2160/1838 1441/2364/2011 1439/2366/2013
f 2202/3998/3399 2366/3682/3135 2211/3684/2942
f 1193/7347/1512 1184/1765/1501 1187/1969/1668 1191/1979/1678
f 2513/6455/5396 2398/3719/3156 2508/5070/4261 2509/5069/4260
f 1399/2307/1966 1398/2309/1968 1407/2320/1977 1418/2338/1810
f 2278/6952/5802 2414/3741/3176 2404/7352/6089 2401/7353/6090
f 2771/4224/3579 2772/4225/3580 2839/4361/3661 2838/7355/3660
f 292/548/484 295/550/486 354/547/483 293/543/480
f 816/7357/6093 815/1322/1139 885/1448/1241 884/7358/1240
f 547/7360/6096 546/880/766 467/881/767 469/7361/6097
f 1128/5590/4695 1135/1893/1604 983/740/646 978/7365/1251
f 1183/1961/1661 1172/1950/1650 1269/7366/6101
f 767/1143/993 654/1058/915 714/7367/6102
f 1645/7370/6106 1647/2646/2250 1675/2645/2249 1673/2687/2289
f 99/84/81 16/7371/6107 21/85/33
f 845/1370/1188 772/1369/1090 769/1257/1087 847/1371/1189
f 254/408/362 318/7376/6111 316/7377/442 315/494/441
f 1671/2767/2360 1669/7378/2347 1645/7370/6106 1673/2687/2289
f 2196/3443/2931 2360/3838/3260 2201/3441/2929
f 302/6784/425 303/473/426 246/475/352
f 2916/4445/3755 2861/4381/3699 2873/7380/6113 2920/7381/3831
f 1686/2675/2279 1685/2674/2278 1751/7382/6114 1752/7383/6115 1684/7384/6116 1680/6597/5512 1683/2676/2280
f 148/7385/227 149/125/121 150/127/123 152/7386/228
f 2919/7402/6120 2873/7380/6113 2861/4381/3699 2872/7403/6121
f 355/546/482 391/627/546 390/7404/548
f 1991/6808/5683 1989/3035/1875 1935/7410/2660 1993/7411/4287
f 2575/3954/3366 2465/3955/3367 2690/4106/3490 2695/4117/3499
f 1985/3118/2656 2025/3198/2720 1983/2637/2238 1987/2639/2240
f 1741/102/98 1740/101/97 1678/6598/5513 1748/7416/6130
f 1030/6632/63 1027/7242/6010 907/6633/5537
f 486/917/798 443/6466/5407 562/916/797
f 87/2780/2369 89/367/327 30/46/46
f 749/1222/1056 831/6877/5739 750/6876/5738
f 904/1702/1444 910/5396/4533 905/1695/1437
f 999/4854/4084 998/1495/1287 996/7435/1413 995/4855/1412
f 1682/2698/2300 1749/6727/5613 1685/2674/2278
f 87/2780/2369 159/6583/5501 89/367/327
f 2525/4029/3428 2627/7436/6145 2640/4027/3426
f 2248/3498/2977 2236/2893/2467 2247/6896/5756
f 3227/4894/4110 3267/4952/4152 3268/7437/6146
f 2728/1113/966 2733/5003/4199 2724/7438/6147
f 1243/1906/1614 1242/7441/1751 1339/7442/4685 1350/2226/1894
f 1894/3079/2540 1837/2911/2481 1839/2912/2482 1895/3080/2621
f 755/7443/961 691/6665/960 693/6156/5137 757/6723/5611
f 2799/7444/3609 2809/7214/3622 2877/4410/3722 2865/4405/3702
f 826/1496/1288 998/1495/1287 999/4854/4084 890/1469/1266 827/7445/6150
f 2264/3135/2670 2121/6299/5266 2238/2794/2383 2258/2793/2382 2267/3528/3004
f 879/6758/5643 889/7446/6151 880/1436/1238 973/1435/1237
f 1750/2803/2392 1748/7416/6130 1747/7447/6152
f 1825/2969/2529 1820/2959/2519 1822/7448/6153 1826/2906/2479
f 1401/2302/1961 1396/2304/1963 1403/2329/6154 1402/2313/1972
f 2188/3415/2911 2186/3412/2908 2092/3240/2755
f 1237/2060/1747 1340/2071/1754 1336/2203/1878
f 394/631/550 358/558/490 389/623/6155
f 3195/4818/4054 3125/4813/3780 3194/899/784
f 1384/2113/1794 1393/2303/1962 1385/7335/4235 1379/7166/5957
f 2796/4278/3607 2864/4403/3701 2862/4401/3715
f 2632/4012/3413 2741/830/724 2630/832/726 2633/4014/3415
f 1509/935/809 1520/7457/6159 1522/7458/6160 1518/936/810
f 2303/3756/3187 2301/3566/3041 2300/3565/3040 2302/3757/3188
f 2430/7461/6163 2305/7462/6164 2431/7463/6165 2432/7464/6166
f 3157/7465/4100 3051/4708/3962 3156/4709/3963 3151/4761/4010
f 2518/3879/3295 2527/3895/3311 2636/2119/1800 2622/2118/1799
f 1574/2187/1865 1116/2044/1733 1468/2188/1866
f 464/7468/6167 466/840/734 463/7469/6168 461/7470/6169
f 2020/7471/6170 2022/3183/2708 2014/3179/2705 2024/7472/6171
f 1024/1704/1446 1033/7156/5948 1028/7476/1454 1021/1751/1453
f 1573/2394/2040 1572/2528/2149 1574/2187/1865
f 2527/3895/3311 2399/3878/3294 2409/3893/3309
f 1240/7478/6175 1348/2220/1888 1241/1902/1612 1139/1897/1607
f 2507/3868/3285 2500/3545/3020 2386/3708/3148 2391/3715/3154
f 2007/3016/2572 2009/3171/6176 2008/3017/2573
f 2169/3393/2890 2165/3392/2885 2170/3395/2893
f 3090/4751/4001 3091/4695/3952 3043/4638/3906
f 202/346/307 264/427/381 208/347/308
f 1990/3124/2659 1936/6003/5027 1934/7487/6185 1932/3123/2658
f 487/922/625 422/7488/587 448/784/626 489/783/686
f 2521/4452/3759 2515/3874/3291 2397/7493/6192 2522/3890/3306
f 2127/7494/6193 2124/3328/2833 2296/7495/6194 2297/7496/6195
f 2628/4011/3412 2632/4012/3413 2637/4034/3433
f 1041/6224/5199 1052/1760/1496 1049/1752/1488
f 2222/3478/6206 2221/3481/5949 2223/7158/5951
f 914/7031/5856 915/1758/1494 910/5396/4533 904/1702/1444
f 1633/2630/2231 1634/5080/2223 1661/7512/2222 1659/7513/2273
f 1093/7514/6211 1079/7515/6212 1199/4129/3509 1200/2001/1693
f 1325/5434/4566 1223/2048/1737 1473/2193/1870 1474/2402/2045
f 458/7516/6213 461/7470/6169 459/822/716
f 176/396/276 245/386/344 246/394/352
f 3174/4789/4033 3176/7519/6214 3175/4790/4034
f 2846/4349/3673 2677/4240/3592 2676/4090/3477
f 1995/7520/4286 1940/7521/2600 1996/3139/2674
f 649/1044/902 645/1043/901 697/6938/4485 701/7522/979 706/1046/904
f 583/7523/6215 639/713/619 580/4069/3460
f 2420/7527/3174 2408/3902/3318 2425/3764/3192 2306/3763/3050
f 2490/3847/3268 2213/3846/3129 2586/3851/3271
f 1512/7528/6217 1505/6153/5134 1517/7529/6218
f 3176/7519/6214 3233/7530/6219 3234/374/333 3231/376/335 3175/4790/4034
f 677/1021/883 626/937/811 569/939/813 571/941/814
f 1350/7531/1894 1339/7532/4685 1481/5153/4337 1490/2417/1895
f 2787/7535/3689 2683/4097/3483 2684/4099/3484 2788/4252/3603
f 1648/2640/2241 1719/7536/2340 1716/2681/2338 1643/2641/2242
f 3160/4767/4016 3157/4766/4015 3262/7137/5929 3226/7136/5928
f 1030/66/63 1019/4984/4182 1151/1923/1626 1153/1930/1630 1159/67/64
f 762/1236/1066 756/1235/1065 757/6875/5611 763/6987/5827
f 900/1494/1286 824/7539/6223 823/7540/6224 895/1484/1252 899/1504/1296
f 1918/7549/2566 1926/3023/2580 1925/3022/2577 1987/3120/2240
f 2485/3856/3275 2584/3970/3379 2698/4292/3634 2478/3833/3255
f 1602/2484/2111 1600/7553/2183 1531/7554/2181 1527/2483/2113
f 753/1093/947 685/1029/888 686/7555/6234 684/1094/948
f 1425/2472/2006 1414/2474/2094 1284/2145/1827 1430/2147/1829
f 530/5540/747 527/968/837 585/969/838 589/1042/900
f 2760/7556/3644 2748/7557/6235 2749/4203/3568 2832/4318/3649
f 1949/3074/2607 1887/2967/2527 1891/2974/2617
f 2123/3136/2671 2122/5774/4842 2120/7558/6236 2239/7108/5911 2119/3137/2672
f 1648/7559/6237 1646/7560/2247 1647/7561/6238 1645/7562/6239 1669/2753/2352
f 1325/7563/6240 1230/7564/6241 1130/7565/6242 1124/7566/423
f 240/7567/6243 300/7568/6244 169/301/267 166/300/266
f 2226/3688/2964 2225/7569/6245 2373/3689/3138
f 1993/7411/4287 1995/7520/4286 1996/3139/2674 1991/6808/5683
f 45/75/72 50/95/91 108/183/165
f 266/7574/452 267/426/380 264/427/381 324/7575/969
f 1169/7172/5961 1263/3875/3292 1275/2122/1802 1178/1974/1673
f 1773/1685/1427 1702/2660/2430 1700/2717/6250
f 3013/4674/3935 3010/7576/6251 3009/4580/3866 3012/4672/3933
f 203/332/293 261/336/297 202/346/307 139/348/216
f 959/1604/1364 960/1285/1110 1109/1858/1577 1219/2035/1724
f 2311/7579/6255 2310/3331/2836 2147/3335/2840 2148/7580/3076
f 347/536/473 386/7581/6256 351/617/539 285/7582/6257
f 368/577/503 369/6012/5033 371/7586/6259 370/7587/6260
f 2209/3475/2958 2106/5310/4453 2105/3469/2954 2208/3470/2955
f 2018/7589/6262 2016/3181/2707 2015/3180/2706 2017/3103/2643
f 2714/4151/3520 2594/3988/3393 2597/2982/2543 2716/2981/2542
f 1972/3093/2635 1857/2993/2553 1778/3720/3157 1709/2670/2274 1660/1631/1386 1635/1630/1385 1663/2951/2513 1662/2891/2465 1780/2853/2437 1779/2852/2436 1907/7590/6263 1974/3097/2637
f 526/842/736 528/841/735 465/836/730 462/7593/6267 463/7469/6168
f 2706/377/336 2592/7594/3378 2591/7595/3512 2705/378/337
f 1862/5391/4529 1860/2930/2495 1913/6503/5441
f 90/7596/52 31/2884/51 161/2886/246
f 2601/4150/3390 2720/7599/6269 2719/4156/3524 2713/4147/3517
f 2253/3523/2999 2262/3522/2998 2257/6897/5757 2247/6896/5756
f 2198/3427/2918 2349/3664/3119 2191/7600/2913 2190/3428/2912
f 3136/7601/6270 3081/2163/1841 3082/6634/5538 3135/7602/6271
f 141/232/209 146/246/6272 143/234/211 138/226/203 136/220/197
f 2625/7603/725 2728/7604/966 2732/2559/965 2620/2558/2172 2626/6458/5399
f 2671/4233/3587 2774/4228/3666 2775/4231/3585
f 2344/3649/3106 2091/3413/2909 2186/3412/2908 2185/3650/3107 2464/3809/3231
f 1730/7609/2362 1738/7030/2368 1739/2775/2364 1731/77/74
f 192/4992/4188 253/7245/4549 317/6670/4548 256/2141/1823
f 1777/2863/2446 1710/2735/2334 1778/7614/3157 1856/3002/2555
f 253/7245/4549 192/4992/4188 188/406/360 252/407/361
f 1343/2216/1886 1358/2236/1904 1344/2217/1756
f 124/3877/3293 196/5974/4997 194/2792/2381 123/204/182
f 2292/3569/3044 2301/3567/3042 2303/7619/3189 2423/3747/3180
f 368/577/503 370/7587/6260 312/489/438
f 713/1049/908 712/1146/989 648/6955/981 647/1048/907
f 1528/2465/2100 1533/2467/2102 1532/2475/2107 1529/2477/2108
f 1396/2304/1963 1401/2302/1961 1383/6864/5731 1387/2305/1964
f 1833/7217/5993 1892/5416/4550 1842/2917/2485
f 1636/7626/6285 1634/5080/2223 1641/2629/2230 1629/2617/2218
f 131/221/198 66/2892/2466 63/6911/5769 125/7627/6286
f 2207/3456/2945 2203/3665/3120 2358/3667/3122 2367/3676/3128
f 1670/2759/2356 1723/2744/2343 1722/2743/2342
f 1724/2749/2348 1796/2881/2460 1865/275/243 1792/2870/2453
f 3143/7639/3999 3144/4746/3998 3208/4849/4079
f 342/531/469 378/7640/6293 381/7641/527 380/594/519
f 2982/4543/3838 2984/4542/3837 3103/4765/4014 3101/4705/3961
f 2828/6771/3642 2836/6770/3663 2837/7642/3657 2762/7643/3655
f 1540/2487/2185 1605/2579/2187 1553/2597/2134 1539/2485/2114
f 1144/1908/1616 1145/1907/1615 1000/1670/1418 1001/1668/1416
f 2953/4491/3797 3035/7644/3899 3033/4490/3796
f 395/7645/6294 408/654/569 410/655/570 409/7646/6295
f 521/5497/4613 525/962/831 522/5822/4884
f 3066/884/771 3064/4667/3929 3007/4578/3864 3068/885/772
f 2098/3126/2661 2088/3299/2809 2058/3127/2662
f 3067/4530/3827 3069/7057/5879 3006/4670/3931 3065/4669/3930
f 2578/7652/6300 2581/7653/6301 2820/4300/3641 2821/4299/3640
f 587/671/583 536/673/585 530/5540/747
f 681/1096/950 682/1095/949 683/7657/6305
f 683/7657/6305 628/1028/887 681/1096/950
f 349/537/474 387/620/543 386/7581/6256
f 386/7581/6256 347/536/473 349/537/474
f 2024/7472/6171 2014/3179/2705 2037/3220/2738 2039/3222/2740
f 1630/7672/2246 1642/6407/5349 1644/6406/5348
f 420/7104/5907 449/7106/5909 425/681/593 421/683/595
f 99/7674/6319 45/75/72 108/183/165
f 2069/3271/6320 2101/3425/2822 2068/3257/2771 2067/3256/2770
f 1919/7675/6321 1921/5801/2576 1923/3119/2655 1922/6018/5036
f 3098/4704/3960 2976/2349/2000 3099/2693/2295
f 3099/2693/2295 3154/4870/4093 3098/4704/3960
f 308/7679/6326 306/479/429 307/478/428 310/401/356
f 2833/7680/3651 2768/4348/3578 2844/4347/3671 2834/4316/6327
f 1337/2062/1749 1235/1892/1602 1229/5591/4696 1328/7681/6328
f 2099/3302/2811 2195/3659/3116 2196/7682/6329 2100/7683/6330
f 2841/4342/3665 2778/4237/3590 2775/4231/3585
f 1468/2188/1866 1320/2189/1734 1469/7690/1871
f 2493/3854/3273 2591/4132/3512 2592/7691/3378
f 394/631/550 395/7645/6294 399/7692/554
f 2551/3920/3335 2451/3931/3344 2561/4087/3475 2665/4074/3465
f 1975/2998/2558 2017/3103/2643 2015/3180/2706 1972/3093/2635
f 2521/4452/3759 2511/3870/3287 2515/3874/3291
f 867/1413/1220 868/1415/1222 1111/1860/1579 961/1411/1218
f 2523/3537/3013 2520/6614/5523 2619/5351/3401 2623/3999/3400
f 2549/7701/6344 2546/7702/3198 2663/4211/3573 2664/4213/3462
f 2254/7703/5755 2396/7704/6345 2391/3715/3154 2249/3714/3153
f 160/279/247 161/278/246 289/460/413 239/383/412
f 195/3444/2932 257/7707/6346 255/412/366 193/413/367
f 2611/4161/3529 2736/4002/3403 2614/4001/3402
f 2489/3845/3267 2582/3965/2244 2587/7709/3506 2586/3852/3271
f 2415/5446/4577 2524/3536/3012 2532/3892/3308 2416/3897/3313
f 2937/2445/2081 2941/4478/3784 2940/7714/6351
f 1751/7382/6114 1685/2674/2278 1749/6727/5613 1754/2811/2400 1756/2808/2397
f 1831/2970/2530 1836/7184/5970 1828/2902/2476 1886/2966/2526
f 1288/6613/5522 1287/6612/5521 1422/7035/5861 1286/7034/5860
f 2720/7599/6269 2724/7438/6147 2719/4156/3524
f 1521/2287/1948 1522/7458/6160 1389/2310/1969 1392/2308/1967
f 3236/5786/4853 3238/1639/1394 3183/4800/4042 3232/375/334
f 1386/2281/1943 1399/2318/1966 1273/2128/1809
f 1397/2306/1965 1404/2315/1974 1412/2328/6363 1403/2329/6154 1396/2304/1963
f 1929/3030/2585 1988/3122/2657 1928/3027/2582 1922/3028/2583
f 3223/7726/6364 3228/4885/4106 3226/4887/4107
f 1061/1769/1503 1060/1761/1497 1054/1749/1486 1050/1742/1480
f 2384/3864/3281 2377/3700/3146 2244/7733/1410 2388/3872/3289
f 2601/3985/3390 2590/7734/3519 2492/3865/3282
f 1874/3037/2589 1873/2947/2509 1815/7236/6003 1876/7194/5977
f 749/1222/1056 750/6876/5738 751/1224/951
f 1055/7741/1479 1048/7742/6373 1173/1949/1649 1180/1951/1651
f 230/366/6374 388/619/6374 353/7743/6374
f 1459/2452/2088 1564/6440/5383 1457/2380/2027
f 2514/3997/3398 2622/2118/1799 2616/3115/2653
f 2398/3719/3156 2405/7747/6377 2408/3902/3318 2420/7527/3174 2406/7748/4689 2260/1866/1585
f 2627/7436/6145 2525/4029/3428 2517/6454/5395 2617/6456/4414
f 792/3455/2944 669/1176/1016 670/1083/939 734/1179/1018
f 2630/7756/726 2625/7603/725 2626/6458/5399 2635/4021/3422 2634/4024/3414
f 2628/4011/3412 2637/4034/3433 2534/4036/3423 2528/7757/3014 2623/7758/3400
f 2220/3471/3132 2218/3679/3131 2369/4020/3421
f 2288/3550/3025 2282/3546/3021 2273/5509/4625 2277/7759/3162 2417/3745/3179
f 2278/6952/5802 2401/7353/6090 2257/6897/5757 2262/3522/2998
f 3227/7760/4110 3163/7761/6385 3172/4778/4027 3171/4780/4026
f 1024/1704/1446 905/1695/1437 910/5396/4533
f 3103/7762/6386 2984/4547/3841 3053/4650/3916
f 2692/4111/3493 2693/4112/3494 2573/326/288 2348/3655/3112 2574/3949/3362 2797/4262/3611 2795/4259/3608 2464/3809/3231 2571/3946/3359
f 3060/4657/3921 3108/4776/4025 3169/4775/4024 3107/7765/6389 3059/4656/3922
f 2256/7268/6027 2276/4005/3406 2270/4004/3405 2261/3521/2997 2246/3504/2983
f 2087/3286/2799 2343/3944/3357 2460/3807/3229 2180/3646/3104 2085/3285/2798
f 2429/3761/3190 2541/7772/6396 2535/7773/6397 2424/3755/3186
f 2055/3244/2759 2057/3247/2762 2056/3242/2757
f 1669/2753/2352 1719/2752/2351 1648/7559/6237
f 325/5397/85 375/500/447 258/499/446
f 2109/3309/2815 2117/3454/2943 2110/3310/2816 2075/3268/2782
f 2212/393/351 2111/6450/5392 2114/3485/2965
f 2111/6450/5392 2212/393/351 2112/392/350
f 1172/1950/1650 1183/1961/1661 1180/1951/1651
f 1841/7774/2483 1768/7775/2423 1698/7776/6399 1847/7777/2434
f 285/7582/6257 226/267/237 227/364/324 284/453/6400
f 2480/3839/3261 2479/3837/3259 2699/273/241 2700/272/240
f 156/266/236 83/147/138 81/270/323
f 714/1132/6401 707/1127/980 710/1125/978 709/6863/5730
f 927/1554/1315 935/1553/1327 850/1557/1193
f 2737/6217/5193 2735/5902/4951 2621/1121/974 2740/1120/973
f 583/7523/6215 580/4069/3460 524/7778/732 584/7779/731
f 3137/4741/3994 3083/4618/3895 3079/4609/3889 3132/7780/6402
f 2392/3873/3290 2255/7781/1408 2269/7782/6403 2397/7493/6192
f 3002/4668/3861 3006/4670/3931 3005/5795/3863
f 1491/2430/2066 1493/2427/1902 1594/2426/2064
f 313/487/436 306/488/437 314/490/439 368/577/503
f 1533/7783/2191 1604/7784/2186 1540/2492/2115 1532/2491/2117
f 477/702/6405 476/756/6405 555/758/661 608/1003/870
f 501/809/709 500/808/708 502/1885/632
f 800/1337/1154 822/1333/1150 886/1452/1249 878/7785/1236
f 128/5790/4857 133/330/196 125/7786/6286 63/7787/5769 120/7788/5768 122/7789/6406
f 1261/2273/1935 1265/6909/5767 1165/2105/1786
f 1813/7235/6002 1810/2889/2464 1737/2888/99 1741/7790/98
f 2822/4286/3629 2704/7328/6071 2702/1952/1652 2810/1954/1654
f 2172/7791/6407 2169/3393/2890 2170/3395/2893 2174/5685/4773
f 2552/7792/6408 2542/7793/5444 2662/7794/3453 2667/7795/1921
f 119/2599/2202 198/2598/2201 128/5790/4857 122/7789/6406
f 703/1118/971 708/1124/977 704/1123/976
f 704/1123/976 764/6983/5826 703/1118/971
f 2640/4045/3426 2627/7799/6145 2617/5260/4414 2618/5259/4413 2738/4171/3539 2631/1936/1636 2641/4046/3442
f 758/1232/1062 754/1225/1057 756/1235/1065 760/1234/1064
f 1268/2114/1795 1256/2090/1771 1262/7205/5986 1177/1956/1656
f 207/352/305 134/224/201 137/223/200
f 1913/7805/2648 1860/2929/2494 1786/2864/2447 1912/3001/2561 1977/7806/2646
f 1885/6396/2605 1886/2966/2526 1823/6485/5422 1882/6625/5534
f 8/11/5 9/13/11 7/10/9
f 80/268/6416 81/270/323 83/147/138 28/45/45
f 2144/3352/2853 2142/3353/2854 2168/3396/2894 2143/3360/2859
f 1254/1931/1631 1246/1915/1622 1152/1917/1623
f 819/1329/1146 818/1326/1143 835/1328/1145 820/1332/1149
f 946/1576/1342 944/1571/1337 945/1573/1339
f 2915/2347/1998 2977/4532/3829 2975/7811/6420 2914/7812/6421
f 1267/1745/1483 1378/1744/1482 1258/7813/6422 1166/5550/4661 1264/2083/1764
f 2362/3673/3126 2359/3834/3256 2204/7814/4782 2210/3671/2957
f 1877/2960/2520 1884/3045/2597 1937/3047/2599
f 333/524/463 331/1115/968 332/510/453 334/513/455 339/525/6423
f 993/1653/1295 996/1663/1413 998/7815/1287
f 2164/3386/2884 2140/3347/2849 2139/3346/2848 2163/7816/3088
f 730/1077/935 780/1167/1102 729/1076/934
f 1333/2695/2297 1332/2697/2299 1481/7818/4337 1339/5579/4685
f 1577/7819/6424 1585/7820/6425 1477/7821/6426 1470/7822/6427
f 3021/2292/1952 3073/7058/5880 3075/4677/3937 3022/4612/3891
f 1369/2268/1930 1365/2249/1913 1257/2262/1924 1514/2269/1931
f 2817/7830/6432 2888/7831/6433 2889/4421/3732 2819/4420/3731
f 297/640/555 301/3511/2989 300/7568/6244 240/7567/6243
f 2234/2895/2469 2235/3496/2975 2378/3503/2982 2252/3502/2981
f 3008/5796/4862 3006/4670/3931 3069/7057/5879
f 1879/7832/2776 1934/7487/6185 1936/6003/5027
f 2941/4478/3784 2946/4585/3869 2945/4584/3868 2943/4581/3867 2940/7714/6351
f 3018/4602/3884 3019/4597/3879 3012/5523/3933 3011/4586/3870
f 3247/4908/4119 3242/4907/4120 3243/7834/4116 3269/7835/4154
f 1799/2882/2461 1809/2770/2361 1802/2772/76
f 598/1053/912 544/984/855 655/986/857
f 1622/2611/2213 1567/2613/2155 1624/6690/5576 1623/7325/6069
f 3254/858/4160 3255/4927/4163 3214/4857/4085 3147/4696/4003
f 1176/1955/1655 1185/1984/1662 1278/1983/1680 1181/2127/1807 1177/1956/1656
f 2587/7848/3506 2708/4134/3514 2586/3851/3271
f 2923/4541/3836 2920/4535/3831 2873/7851/6113 2919/7852/6120
f 93/157/149 37/7853/6446 36/58/59 38/158/150
f 828/1202/1039 810/1344/1164 829/1346/1166 744/1200/1037
f 669/1176/1016 614/777/681 484/711/618 617/1015/878 670/1083/939
f 3062/1726/1464 3002/4668/3861 2997/7854/3852 2991/4660/3854
f 764/6983/5826 699/5344/4486 758/1232/1062 760/1234/1064
f 3086/4755/3946 3141/4846/3996 3084/7855/3945
f 1330/7856/6447 1478/6862/5729 1588/6861/5728 1471/7857/6448 1329/2053/1742
f 2414/3751/3176 2421/3753/3184 2409/3893/3309 2404/7858/6089
f 1023/7098/1628 1018/5395/1624 1022/1699/1441
f 2406/5584/4689 2420/3739/3174 2413/3734/3170
f 685/7860/888 751/7861/951 676/6486/5423 679/1022/884
f 611/1007/6449 613/774/679 481/706/615 480/766/671
f 2477/3826/3248 2476/3824/3246 2696/7862/6450 2697/4281/3624
f 299/560/492 359/635/552 360/559/491
f 1577/7819/6424 1621/7863/6451 1586/7864/6452 1585/7820/6425
f 3117/883/770 3119/4727/3979 3184/4703/3959 3180/3435/2924
f 2972/4440/3750 2856/4374/3694 2912/4441/3751 2910/4529/3826 2973/4528/3825
f 3123/4475/3781 3127/4728/3980 3072/2789/2378 3121/2788/2377
f 2164/3624/3087 2331/3623/3086 2166/3390/2892 2165/3392/2885
f 3153/4869/4092 3097/7867/6455 3098/4704/3960 3154/4870/4093
f 749/1222/1056 752/1218/1054 748/1220/1055 830/7868/6456
f 1945/3050/2602 1948/3059/2608 1944/3051/2603
f 1885/6396/2605 1883/7223/4175 1944/7870/2603
f 1654/2655/2259 1655/2654/2258 1656/2664/2333 1697/2732/2329
f 214/250/223 148/251/224 215/439/393 213/441/395
f 3118/2790/2379 3116/4531/3828 3114/4725/3977 3182/7218/4041 3121/2788/2377
f 3137/4741/3994 3132/7780/6402 3134/7875/6460 3138/7876/6461
f 1124/7566/423 1130/7565/6242 981/7310/6057 975/7309/421
f 3185/6359/4043 3121/2788/2377 3182/7218/4041
f 3122/4809/3779 3185/4801/4043 3183/4800/4042 3238/1639/1394 3189/1641/1396
f 3202/4832/4066 3136/7601/6270 3135/7602/6271 3203/4833/4067
f 458/7516/6213 508/816/713 516/827/721 460/7885/6468
f 1400/2312/1971 1407/2320/1977 1398/2309/1968
f 898/1502/1294 893/1479/1275 837/1358/1177
f 2173/3399/2897 2171/3389/2887 2336/3632/6469 2337/6266/5237
f 1270/1617/1375 1514/2269/1931 1378/1744/1482
f 182/314/278 109/186/4179 181/4982/4178 180/7886/6470
f 1991/6808/5683 1996/3139/2674 1992/6924/5781
f 2827/1729/1467 2730/7888/6472 2722/1730/1468
f 3154/4870/4093 3216/4867/4090 3217/4868/4091
f 1569/7890/2033 1570/2542/2148 1580/2400/2043 1462/2399/2034
f 512/823/717 517/829/723 518/5772/3461 514/7895/825 511/824/718
f 1952/7896/5732 1954/3141/2676 1998/3154/2686 1959/7897/2679
f 895/1484/1252 823/7540/6224 888/7898/1253
f 1014/1697/1439 1149/7902/6479 1157/1934/1634 1025/1716/1456
f 3237/1493/1285 3234/374/333 3233/7530/6219 3235/1491/1283
f 1031/1717/1457 1161/1935/1635 1165/2105/1786 1168/6377/5324
f 162/7903/6480 234/549/485 292/548/484 233/289/255
f 1936/6003/5027 1881/3042/2594 1879/7832/2776
f 105/7118/5916 107/4983/4181 52/185/4180 51/181/88 102/173/158
f 1564/6440/5383 1566/7905/6482 1565/2603/2207 1563/2526/2147
f 45/75/72 99/7674/6319 46/76/73
f 1874/3037/2589 1930/2199/1876 1870/2941/2505
f 2044/3283/2796 2047/7947/6494 2086/3405/2904 2087/3286/2799
f 2087/3286/2799 2086/3405/2904 2182/3406/2905 2343/3944/3357
f 320/501/448 372/7951/5032 316/7377/442 318/7376/6111
f 745/1210/1046 673/7952/6499 746/1208/1044
f 1955/3070/2614 1956/3077/2620 1957/3081/2622 1997/3140/2675
f 1265/6909/5767 1269/7366/6101 1172/1950/1650
f 3162/4886/4018 3160/7954/5835 3226/4887/4107
f 356/552/488 296/216/193 393/628/549 391/627/546
f 764/6983/5826 704/1123/976 701/1126/979 699/5344/4486
f 2918/4450/3758 2980/4539/3834 2981/4645/3911 2917/4451/2503
f 276/7955/6502 215/253/226 217/354/310 278/7956/6503
f 2458/3805/3227 2684/4099/3484 2457/3937/3351
f 1220/2038/1727 963/1606/1365 962/1607/1366
f 3233/7530/6219 3177/7959/4037 3181/7960/3958 3235/1491/1283
f 2267/7961/3004 2263/6858/4252 2402/6110/5102 2272/3726/3163
f 3199/4826/4060 3200/4831/4065 3241/4897/4112 3198/4825/4059
f 2204/1245/1076 2359/3831/3253 2107/1242/1073
f 1609/2585/2122 1560/7962/2146 1616/6848/5721 1608/2582/2190
f 2380/3497/2976 2381/3499/2978 2373/3706/3019
f 1470/7822/6427 1477/7821/6426 1328/7165/5956 1322/7164/5955
f 580/4069/3460 518/4070/3461 520/7970/722 524/7778/732
f 1964/3163/2071 2031/3158/2689 1960/3157/2688
f 3082/7971/6511 3035/4630/3899 3038/4629/3898 3084/7972/6512
f 183/403/357 184/319/281 101/318/168 179/404/358
f 1841/7984/2483 1847/2848/2434 1845/2920/2487
f 630/7992/6523 686/7555/6234 685/1029/888 629/945/818
f 678/7997/946 747/1205/1042 748/1220/1055 681/1219/950
f 1065/1768/1502 1067/1786/1520 1060/1761/1497 1061/1769/1503
f 2914/7812/6421 2975/7811/6420 3097/7867/6455 3153/4869/4092 3096/4762/4011 2974/4527/3824 2911/4526/3823 2913/6900/5760
f 2482/3835/3257 2359/3834/3256 2362/3673/3126 2365/3672/3125
f 2727/8005/6534 2731/4169/3537 2736/4002/3403 2611/4161/3529 2718/4153/3522
f 2706/4135/336 2813/4291/3630 2584/3970/3379
f 3130/4731/4200 3124/3524/3000 3078/4679/3939
f 1801/2757/2353 1799/6696/5583 1802/2758/2355
f 2675/4091/3478 2564/3934/3348 2452/3800/3219 2677/4240/3592
f 475/901/660 473/8009/655 550/895/777
f 3002/4668/3861 3062/1726/1464 3061/1728/1466 3065/4669/3930
f 992/1648/1402 1138/1894/1605 991/8013/6539
f 378/585/6293 379/590/842 404/649/563 381/603/527
f 2761/4326/3571 2835/4328/3656 2770/8016/6540 2753/8017/3553
f 1276/2123/1803 1277/1970/1669 1183/1961/1661
f 993/1653/1295 992/1648/1402 991/8013/6539 997/1665/1415
f 1820/2959/2519 1825/2969/2529 1884/3045/2597 1877/2960/2520
f 951/1584/1348 1104/1583/1347 950/1591/1353
f 1520/8021/6159 1511/2270/1932 1514/2269/1931 1270/1617/1375 1388/5215/3510
f 1231/1882/1598 1237/2060/1747 1336/2203/1878
f 2335/3633/6546 2167/3388/2886 2333/3801/3220 2334/3631/3349
f 3231/376/335 3232/375/334 3179/4794/4036 3173/4784/4030
f 271/430/384 209/353/309 208/347/308 267/426/380
f 2000/3205/2727 1997/3142/2677 1957/8027/6549 2001/8028/2690
f 2652/8031/6552 2748/7557/6235 2760/7556/3644 2759/8032/3575
f 1746/5083/4273 1744/5082/4272 1819/2962/2522
f 908/5089/4279 1039/1486/1279 912/1489/1282 909/1508/1299
f 611/1007/6449 729/1076/6555 668/1009/6555 613/774/679
f 810/1471/6556 809/1319/1136 791/1318/1135 881/1444/1244
f 1443/2165/1843 1552/2509/2131 1445/2513/2016
f 1273/2128/1809 1279/2121/1808 1275/2122/1802
f 698/6986/3109 703/1118/971 763/6987/5827
f 833/8036/5740 746/6487/5424 676/6486/5423 751/7861/951
f 1783/2857/2441 1665/7282/6035 1714/2860/2444
f 641/961/830 638/1971/1670 637/1972/1671 642/5670/4764 644/3323/2828
f 555/8037/661 475/901/660 553/897/782
f 1791/8038/6559 1794/2935/2499 1795/5384/4523 1721/2742/2341
f 775/1267/1003 771/1266/998 721/8041/2878
f 1245/2084/1765 1253/2086/1767 1250/1929/1629
f 1769/8048/2424 1770/2840/2427 1840/2839/2426
f 2719/4156/3524 2727/8005/6534 2718/4153/3522
f 970/1612/1371 969/1431/1234 876/1430/1233 875/1613/1372
f 1275/2122/1802 1266/2282/1944 1386/2281/1943 1273/2128/1809
f 1812/503/450 1875/502/449 1879/3263/2776 1878/8050/6565
f 2672/4232/3586 2776/4084/3472 2559/3930/3343 2328/3793/3211 2327/3616/6566 2155/3374/2872 2325/3615/3080 2558/3926/6566
f 1547/2508/6567 1548/2507/6567 1442/6646/6567 1304/2019/6567 1102/1840/1561 943/1574/1340 1100/1839/6567 1210/1838/6567 1209/7346/6567 1439/2366/6567
f 1931/8051/2581 1927/3012/2569 1928/3027/2582 1932/3123/2658 1934/7487/6185
f 2162/3383/2882 2159/3380/2883 2450/3795/3213 2330/3797/3215
f 130/3971/3380 67/3911/3327 66/2892/2466 132/227/204
f 1113/8052/6568 1121/1621/6569 1324/2191/1868 1221/2182/1860
f 1876/7194/5977 1935/3125/2660 1933/2197/1874 1874/3037/2589
f 913/7243/6011 917/7032/5857 914/7031/5856 907/6633/5537
f 2271/5346/4488 2262/3522/2998 2266/3527/3003
f 2286/3549/3024 2288/3550/3025 2290/3552/3027 2291/3568/3043
f 1151/1923/1626 1145/1925/1627 1250/1929/1629
f 2737/6217/5193 2739/1937/1637 2734/4170/3538 2730/7888/6472
f 747/1205/1042 678/7997/946 675/8054/945 744/1203/1040
f 1984/3019/2575 1920/3021/2570 1917/8055/2571 1980/8056/4231
f 110/8058/280 116/196/175 56/190/169 111/187/166
f 127/8059/6571 135/222/199 129/8060/4270 126/206/183
f 289/545/413 161/2886/246 233/289/255 293/543/480
f 2750/8061/3569 2655/8062/6572 2661/3034/2588 2751/8063/3570
f 994/1656/1406 991/1655/1405 1006/1896/1438 1007/1507/1298
f 3268/7437/6146 3224/8065/6574 3163/8066/6385 3227/4894/4110
f 333/524/463 268/506/385 266/505/452 331/1115/968
f 1209/7346/6084 1210/1838/1559 1099/1837/1558 1438/2160/1838
f 1033/7156/5948 1024/1704/1446 910/5396/4533
f 1508/934/808 1516/933/807 1376/2449/2085 1507/2108/1789 1502/2107/1788
f 1735/2690/2292 1678/6598/5513 1740/101/97
f 527/968/837 522/5822/4884 525/962/831
f 1276/2123/1803 1183/1961/1661 1269/7366/6101 1265/6909/5767 1261/2273/1935 1382/7140/5932 1271/8072/1960
f 742/1194/1031 622/1018/881 616/1012/876 731/1170/1032
f 833/8036/5740 751/7861/951 750/8074/5738
f 1679/2691/2293 1683/2676/2280 1680/6597/5512
f 2978/4533/3830 3048/4642/3909 2976/2349/2000 2858/2348/1999
f 2606/8075/3523 2609/398/354 2504/3995/3396 2602/3986/3391
f 2122/5774/4842 2259/6824/5700 2243/1657/1407
f 2943/4581/3867 2938/4576/3862 2940/7714/6351
f 1331/7142/5934 1330/7856/6447 1329/2053/1742
f 3079/4734/3987 3030/4682/3941 3080/4681/3940
f 2225/7569/6245 2226/3688/2964 2224/3476/6585
f 1834/7216/5992 1840/2919/2426 1693/2832/2421 1764/2834/2422
f 1318/1863/1582 1461/2389/2035 1317/2388/1864 1222/1862/1581
f 3267/4952/4152 3230/4890/4108 3229/4892/4109 3223/7726/6364
f 831/6877/5739 749/1222/1056 830/7868/6456
f 956/1596/1358 1106/1601/1362 958/1600/1361 957/1405/1212
f 2061/3264/6586 2059/3249/2765 2060/3234/2750
f 69/8078/117 68/8079/116 145/8080/6587 151/8081/6588
f 2339/3639/3101 2456/4095/3223 2340/3640/3102
f 2305/8083/6590 2430/6505/5443 2438/6504/5442 2318/5880/3072
f 2988/7167/5958 2925/4544/3839 2924/4546/3840 2987/7226/3847
f 464/7468/6167 461/7470/6169 458/7516/6213 460/7885/6468
f 2205/3670/349 2227/3674/2966 2364/3668/3123
f 2100/3442/2930 2201/3441/2929 2108/8084/6591 2061/8085/2778
f 904/1702/1444 1020/1703/1445 907/6633/5537 914/7031/5856
f 63/6911/5769 66/2892/2466 61/2953/2515 59/6471/5410
f 2352/3423/2916 2473/3952/3364 2474/3813/3235 2194/3422/2915
f 2121/6299/5266 2119/3137/2672 2239/7108/5911 2238/2794/2383
f 493/8089/692 497/725/631 453/722/628 449/721/627
f 2457/3937/3351 2176/5508/4624 2082/3279/2792 2043/3223/2741 2044/3283/2796 2083/3282/2795 2342/3806/3228 2458/3805/3227
f 1041/8090/5199 1040/8091/5198 1174/1964/1664 1179/1965/1663
f 443/6466/5407 486/917/798 442/6467/5408
f 2730/7888/6472 2734/4170/3538 2729/5053/4246 2722/1730/1468
f 2831/4312/3646 2830/4311/3645 2834/4316/3648
f 2883/4462/3768 2880/4453/3760 2926/1227/605 2929/1226/1058
f 976/1442/1242 1126/1625/1380 1125/469/422 975/468/421
f 2391/3715/3154 2395/3880/3296 2507/3868/3285
f 871/1423/1247 883/1445/1245 881/1444/1244 791/1318/1135
f 2722/1730/1468 2729/5053/4246 2609/5055/354 2606/4155/3523
f 2503/3867/3284 2508/5070/4261 2390/5926/4967 2385/3709/3149
f 2020/7471/6170 1978/3108/2647 2021/3095/2636 2022/3183/2708
f 398/563/494 366/570/501 362/561/493
f 862/1399/1106 848/1373/1191 774/8110/1092
f 1262/7205/5986 1171/1957/1657 1177/1956/1656
f 2721/1114/967 2728/1113/966 2724/7438/6147 2720/7599/6269
f 355/622/482 390/626/548 408/654/569 389/623/545
f 1033/7156/5948 1042/4010/3411 1164/8115/6609 1028/7476/1454
f 527/8121/837 532/850/744 523/852/746 464/7468/6167
f 2170/3395/2893 2173/3399/2897 2338/3803/3225 2339/3639/3224
f 1416/2352/2003 1426/2351/2002 1290/2000/1692 1197/2002/1694
f 802/1314/1131 801/1313/1130 880/8131/1238 889/8132/6151
f 200/331/292 128/5790/4857 198/2598/2201
f 1146/1913/1620 1144/1912/1616 1001/8134/1416 988/1638/1393
f 2981/4648/3914 3051/4647/3913 3052/4712/3966 2983/7193/5976
f 1589/5976/4999 1482/2418/2059 1481/5153/4337 1332/8135/2299
f 485/6468/5409 619/1016/879 617/1015/878 441/6465/5406
f 1047/8136/1280 1176/1955/1655 1171/1957/1657 1162/5970/4995 1158/1933/1633 1034/8137/1281
f 1156/3394/2891 1254/1931/1631 1154/1711/1452 1160/8142/6618
f 3/1/1 8/5/5 1/2/2
f 515/826/720 519/5821/4883 516/8143/721 507/814/711
f 2829/4305/3668 2831/4312/6619 2843/6395/6620 2842/4343/3667
f 1654/8145/2259 1697/8146/6621 1696/8147/6622 1692/8148/2309
f 134/224/201 129/8060/4270 135/222/199
f 638/1971/1670 641/961/830 582/963/832
f 1764/2815/2404 1689/2817/2406 1760/2819/2408 1836/7248/6013
f 2097/3298/2806 2054/3243/2758 2040/3245/2760 2081/8150/2807
f 3186/8151/5792 3184/4703/3959 3119/4727/3979 3190/4810/4051
f 1716/8154/2283 1715/8155/2337 1714/2860/2444 1665/7282/2229
f 1820/2959/2519 1816/2961/2521 1815/7236/6003 1813/7235/6002 1817/8156/6626
f 2133/8157/2787 2124/8158/6061 2127/8159/6193
f 2018/3188/2712 2023/3185/2710 2027/3184/2709 2038/3221/2739
f 2615/5054/355 2729/5053/4246 2734/4170/3538 2618/5259/4413
f 2513/6455/5396 2613/397/353 2615/399/355 2617/6456/4414
f 248/6285/5253 249/390/348 304/477/431 305/480/430
f 1099/1837/1558 941/1570/1336 1098/1572/1338
f 1743/5690/2367 1682/2698/2300 1681/2699/2301 1677/6611/5520
f 1337/2062/1749 1328/7681/6328 1477/8162/2056 1335/2209/1883
f 639/713/619 634/955/824 514/956/825 580/4069/3460
f 3000/4569/3857 2999/4562/3850 2998/4568/3856
f 584/7779/731 586/8164/6630 583/7523/6215
f 373/110/106 370/7587/6260 371/7586/6259 374/581/507 323/6599/5514
f 1526/2453/2089 1531/2455/2091 1524/6575/2182 1523/6574/5494
f 2092/3240/2755 2091/3413/2909 2049/3237/2752
f 255/412/366 257/7707/6346 320/501/448 318/7376/6111 254/408/362
f 3159/4768/4017 3221/4883/4147 3222/4874/4146 3155/4710/3964
f 1132/1877/1392 887/8165/1384 894/1481/1277 982/1482/1278 1131/1878/1594
f 252/407/361 183/403/357 248/405/359
f 2594/1497/1289 2495/3975/3384 2593/3976/3385 2595/1498/1290
f 423/677/589 424/674/586 427/7311/6058 447/8168/6631
f 531/8170/844 529/839/733 465/836/730 528/841/735 534/1605/845
f 966/1624/1230 976/1442/1242 885/1441/1241 796/8171/1121
f 37/7853/6446 92/8172/6633 35/8173/6634 36/58/59
f 2585/3974/3383 2700/4120/1956 2703/3978/1955
f 1974/3097/2637 1907/7590/6263 1908/8181/6637 1909/2997/2557
f 2275/6823/5699 2274/7175/5963 2280/3548/3023 2283/3547/3022
f 1351/2228/1896 1353/2428/2065 1352/2230/1899
f 1336/2203/1878 1340/2071/1754 1484/2234/1903 1334/2202/1877
f 824/7539/6223 900/1494/1286 826/1496/1288 827/7445/6150
f 784/1290/1111 866/8183/1217 880/8131/1238 801/1313/1130
f 2997/4564/3852 2933/4563/3851 2992/4567/3855 2990/4565/3853
f 1085/1679/1423 1086/8185/1546 938/8186/6639 1095/1677/1421
f 827/3541/3016 808/3540/3015 805/8187/6640
f 568/8188/6641 626/8189/6642 624/8190/6643 567/8191/6644
f 2975/7811/6420 2977/4532/3829 3098/4704/3960 3097/7867/6455
f 1626/2608/2210 1583/8192/2159 1584/8193/2158 1628/2615/2216
f 979/1888/1265 1133/1887/1601 1129/2058/1745
f 890/3542/3017 979/8194/6645 891/8195/6646 808/3540/3015
f 1079/8196/6212 1093/8197/6211 927/1525/1315 924/1524/1314
f 491/788/690 449/7106/5909 446/7105/5908 490/786/688
f 116/196/175 120/6910/5768 55/197/176
f 520/828/722 513/825/719 462/7593/6267 465/836/730
f 577/950/821 578/815/712 506/795/697 574/794/696
f 2514/3997/3398 2505/3869/3286 2507/3868/3285
f 2395/3880/3296 2518/3879/3295 2514/3997/3398 2507/3868/3285
f 557/760/663 479/765/6652 477/702/664
f 1511/4124/1932 1520/7457/6159 1509/935/809
f 2124/8206/6061 2133/3274/2787 2077/3273/2786
f 917/7032/5857 913/7243/6011 1038/6225/5200 1041/6224/5199
f 1662/2891/2465 1663/2951/2513 1664/3248/2764 1711/2854/2438
f 464/7468/6167 523/852/746 466/840/734
f 2250/8209/1409 2255/7781/1408 2392/3873/3290 2388/3872/3289 2244/7733/1410
f 1505/6153/5134 1512/7528/6217 1372/6941/5415 1504/6154/5135
f 1521/2287/1948 1518/936/810 1522/7458/6160
f 2806/4395/3709 2861/4381/3699 2859/4380/3698 2871/4272/3618
f 2629/1122/975 2742/4173/3541 2740/1120/973
f 1486/2419/2060 1485/2206/1881 1585/2415/2057
f 2416/3897/3313 2538/3905/3321 2427/3742/3177 2422/3744/3178
f 556/902/786 554/759/662 666/957/826 667/960/829
f 272/428/382 265/423/377 263/422/376 204/335/296 206/345/306
f 3124/3524/3000 3130/4731/3984 3128/4733/3986
f 466/840/734 533/861/753 528/841/735
f 1779/2852/2436 1781/2851/2435 1908/8181/6637 1907/7590/6263
f 2730/7888/6472 2827/1729/1467 2735/5902/4951 2737/6217/5193
f 586/8164/6630 588/975/846 591/976/847 647/1048/907 646/6236/5209 583/7523/6215
f 1549/2510/2132 1552/2509/2131 1443/2165/1843 1550/2370/2017
f 2422/3744/3178 2410/3724/3161 2415/5446/4577
f 1148/1675/1420 1003/1109/962 1147/1111/964
f 929/1527/1317 1086/1819/1546 1082/1818/1544 1081/1528/1318
f 92/8172/6633 163/291/257 91/290/256 35/8173/6634
f 1035/8223/6667 1029/68/65 1159/67/64 1163/8224/6668 1169/7172/5961
f 1523/2325/1980 1411/2327/1982 1281/2135/1804 1412/8226/6670
f 615/1011/875 733/1171/1013 616/1012/876
f 2189/3810/3232 2188/3415/2911 2095/3289/2802
f 1502/2107/1788 1499/2433/2069 1503/2439/2075 1508/934/808
f 738/1197/1026 813/1196/1034 812/1321/1138 794/8230/1248
f 2662/7794/3453 2753/8017/3553 2770/8016/6540 2667/7795/1921
f 624/3727/3164 623/926/803 489/783/686 567/927/804
f 3075/4677/3937 3073/7058/5880 3069/7057/5879 3118/2790/2379 3072/2789/2378 3126/4729/3983
f 2938/4576/3862 2934/4574/3860 2937/2445/2081 2940/7714/6351
f 1811/2777/2366 1808/2883/2462 1812/503/450 1814/7027/5853
f 228/540/478 287/457/475 229/365/325
f 400/643/557 399/639/554 395/8231/6672 409/8232/6673
f 2506/605/529 2502/604/528 2607/6483/3530 2510/5352/4491
f 1621/7324/6068 1577/2530/2151 1578/2535/2154 1620/2609/2211
f 2871/4272/3618 2804/1944/1644 2805/1943/1643 2806/4395/3709
f 498/8235/6675 496/800/6676 495/798/5642 574/6757/5641
f 17/72/69 47/74/71 18/6701/5588
f 3014/4587/3871 3020/4593/1953 3016/4595/3877
f 1621/7863/6451 1623/5628/4731 1587/5627/4730 1586/7864/6452
f 1149/7902/6479 1014/1697/1439 1006/1696/1438 1138/8238/1606
f 2210/3671/2957 2204/7814/4782 2209/8239/2958
f 341/8240/517 340/8241/518 276/7955/6502 278/7956/6503
f 3008/8242/4862 3015/4592/1954 2944/4591/3875 2942/7155/5947
f 2239/7108/5911 2120/7558/6236 2242/3490/2969
f 1882/6625/5534 1823/6485/5422 1821/2964/2524
f 1895/8244/6680 1839/2914/2484 1841/2913/2483 1896/3084/2625
f 135/222/199 127/8059/6571 64/201/180 65/3972/3381
f 2239/7108/5911 2229/3698/3140 2238/2794/2383
f 910/5396/4533 1037/1757/1493 1033/7156/5948
f 2297/7496/6195 2295/8247/2394 2316/8248/6683 2127/7494/6193
f 3064/4667/3929 3003/4571/3859 3004/4579/3865 3007/4578/3864
f 2536/3901/3317 2531/4028/3427 2640/4027/3426 2649/4043/3440
f 2882/2937/2501 2803/4271/3617 2870/2938/2502
f 323/6599/5514 374/581/507 328/88/84 327/2657/2261
f 1690/7279/2305 1650/7278/6032 1652/8250/2257 1692/8251/2309
f 984/1642/1276 989/1644/1398 1131/1883/1599 982/8252/1274
f 896/8253/1267 987/1886/1600 979/1888/1265
f 1300/2156/1835 1301/2157/1836 1435/2377/2024 1434/2362/6004
f 430/691/603 431/690/602 433/704/613 432/697/609
f 1055/1741/1479 1180/8254/1651 1059/1766/1500 1065/1768/1502
f 2811/3458/2947 2801/6999/5834 2800/4266/3612 2866/3459/2948
f 2049/3237/2752 2089/3411/2800 2048/3235/2749
f 2195/3659/3116 2353/3658/3115 2354/3822/3244 2196/7682/6329
f 2533/5378/4517 2539/5377/4516 2537/3903/3319 2538/3904/3320
f 1157/1934/1634 1259/2106/1787 1165/2105/1786 1161/1935/1635
f 2769/4352/1922 2770/8262/6540 2835/4330/3656
f 1994/7321/6065 1992/6924/5781 1996/3139/2674 1938/3043/2595
f 1953/3072/2616 1954/3071/2615 1952/5585/4690 1893/2979/2539
f 1748/8266/6130 1822/7448/6153 1820/2959/2519 1817/8156/6626
f 2358/3667/3122 2357/3666/3121 2481/3828/3250 2367/3676/3128
f 2438/6504/3204 2542/6506/5444 2552/3922/6408 2443/3598/3070
f 2704/7328/6071 2822/4286/3629 2705/378/337 2708/8267/3514
f 205/5565/202 203/332/293 139/348/216
f 172/305/271 168/304/270 97/8269/6694
f 2305/7462/6164 2304/3573/3047 2306/3575/3049 2431/7463/6165
f 2952/8270/3795 2901/8271/6695 2957/4627/3803 2953/4626/3797
f 2991/8273/6696 2989/4551/3844 3057/4655/3919 3058/7087/5896
f 2396/8274/6345 2254/6895/5755 2257/6897/5757 2401/7353/6090
f 3229/4892/4109 3228/4885/4106 3223/7726/6364
f 1135/1893/1604 1229/5591/4696 1235/1892/1602
f 1185/1984/1662 1062/8275/1498 1066/1982/1518 1194/1981/1679
f 1753/6726/5026 1827/2812/2401 1754/2811/2400
f 1754/2811/2400 1749/6727/5613 1753/6726/5026
f 1983/2637/2238 2028/3197/2649 1986/2638/2239
f 823/1464/1262 824/8276/6697 825/8277/1155 802/1467/1157
f 2404/7352/6089 2396/8274/6345 2401/7353/6090
f 2440/3772/6698 2315/3596/3068 2546/8278/3198 2549/4068/6344
f 10/62/6700 4/4/4 21/23/20 15/22/19
f 1748/7416/6130 1678/6598/5513 1684/7384/6116 1747/7447/6152
f 707/1127/980 701/1126/979 704/1123/976 710/1125/978
f 2505/3869/3286 2610/3114/2652 2723/3116/2654 2604/3991/3394
f 747/1205/1042 829/1204/1041 830/7868/6456 748/1220/1055
f 3188/1640/1395 3191/4808/4050 3189/1641/1396
f 59/6471/5410 55/197/176 63/6911/5769
f 1743/2778/2367 1742/2776/2365 1744/5082/4272 1745/5081/4271
f 2068/3257/2771 2093/3291/2804 2052/3255/2753 2066/3253/2768
f 1789/8284/6701 1792/8285/6702 1863/3007/2564 1864/3006/2563
f 1355/2232/1901 1353/2428/2065 1493/2233/1902
f 2343/3944/3357 2182/3406/2905 2463/8286/6703 2462/3945/3358
f 2656/4054/3447 2430/7461/6163 2432/7464/6166 2543/4055/3448
f 2655/8288/6705 2750/4181/3548 2654/4184/3551 2653/8289/6706
f 131/221/198 125/7627/6286 133/219/196
f 3012/5523/3933 2945/4584/3868 3011/4586/3870
f 596/980/850 600/8290/774 597/1051/910 652/979/849
f 3069/7057/5879 3067/4530/3827 3118/2790/2379
f 2566/6859/6709 2565/4246/3598 2680/4096/3482 2455/3804/3226
f 2651/4198/3563 2544/3912/3328 2660/4064/3455 2658/4199/3564
f 1119/1871/1589 1321/2047/1736 1322/8296/6713 1228/8297/6714
f 454/679/591 425/678/590 453/722/628 497/725/631
f 57/96/92 56/190/169 55/197/176
f 2229/3698/3140 2239/7108/5911 2231/3489/2968 2215/3492/2971
f 173/296/262 169/298/264 245/386/344 176/396/276
f 1888/3054/2533 1944/3051/2603 1950/3060/2609 1889/8299/2532
f 590/672/852 587/671/583 589/1042/900
f 3223/7135/5927 3265/7138/5930 3266/4951/4151 3267/4948/4148
f 436/699/611 431/690/602 429/689/601
f 2348/3655/3112 2191/3417/2913 2349/8302/3119 2470/3948/3361
f 2826/4296/3637 2824/1343/1163 2825/1342/1162 2819/4297/3638
f 2974/4527/3824 3047/4764/4013 2973/4528/3825
f 1368/2091/1772 1370/338/299 1513/337/298 1506/4896/4111 1363/2253/1915
f 58/198/177 54/97/93 60/2955/2517 62/2954/2516
f 1238/1890/1603 1239/2215/1885 1138/1894/1605 1137/1650/1403
f 1157/1934/1634 1247/2076/1757 1362/2252/1914 1259/2106/1787
f 186/410/364 180/6024/5040 181/8308/6716 185/6932/5788 187/411/365
f 372/6011/5032 375/582/447 374/581/507 371/7586/6259 369/6012/5033
f 1365/2249/1913 1369/2268/1930 1500/8309/2067 1496/2248/1912
f 3194/899/784 3197/4823/4057 3195/4818/4054
f 2090/3301/2801 2184/3408/2907 2195/3659/3116 2099/3302/2811
f 14/7/7 3/1/1 12/3/3 13/16/14
f 2613/397/353 2513/6455/5396 2509/5069/4260
f 2815/8312/6718 2874/8313/6719 2701/274/242 2699/273/241
f 1773/1685/6720 1848/2843/6720 1899/8315/6721 1967/2921/6722
f 1222/1862/1581 966/1426/1230 965/1428/1231
f 1938/3043/2595 1936/6003/5027 1990/3124/2659 1994/7321/6065
f 376/586/511 337/515/456 338/523/462
f 1335/2208/1883 1585/2415/2057 1485/2206/1881
f 2147/8319/2840 2146/8320/6726 2150/3604/3074 2148/3606/3076
f 2201/8323/6728 2360/1595/1357 2363/1594/1356 2202/3998/3399
f 151/8324/231 216/8325/396 218/8326/311 220/8327/229
f 3010/7576/6251 3013/4674/3935 3071/4671/3932
f 1042/8330/3411 1175/6882/3410 1170/2082/1763 1164/8331/6609
f 1367/8332/1916 1364/2109/1790 1507/2108/1789 1371/8333/1929
f 2000/3205/2727 1999/3143/2678 1997/3142/2677
f 2435/3916/3331 2434/8334/6730 2439/8335/3073 2547/3917/3332
f 2569/3943/3356 2789/4251/3602 2687/4101/3486
f 2822/4286/3629 2812/4285/3628 2823/379/338 2705/378/337
f 2274/7175/5963 2275/6823/5699 2265/5773/4841 2123/3136/2671
f 2088/3420/2809 2194/3422/2915 2181/3657/3114
f 2259/6824/5700 2279/5279/3159 2269/8336/6403 2255/1658/1408 2243/1657/1407
f 2985/4651/3917 2983/4548/3842 3052/8337/6731 3054/8338/6732 3055/4652/3918
f 629/8342/818 679/1022/884 571/941/814 576/948/817
f 2017/3103/2643 1976/3102/2642 2019/8345/2645 2018/7589/6262
f 2904/4436/3746 2899/4425/3736 2895/4431/3744
f 2099/8346/2811 2100/8347/6330 2061/3264/6586 2060/3234/2750
f 1510/835/729 1501/2437/2073 1513/8349/298 1515/833/727
f 1884/3045/2597 1887/2967/2527 1949/3074/2607 1946/3049/2601
f 1757/2809/2398 1756/2808/2397 1754/2811/2400 1761/2810/2399
f 601/8358/6746 472/744/650 549/8359/6747 602/8360/860
f 3239/1492/1284 3188/1640/1395 3238/1639/1394 3236/5786/4853
f 2344/3649/3106 2570/4108/3489 2465/8363/3367 2345/3647/3105
f 2226/3688/2964 2374/3687/3137 2227/8364/2966
f 1565/2603/2207 1566/7905/6482 1315/2040/1729 1568/2383/2030
f 1226/2200/1740 1323/2192/1869 1324/2191/1868
f 1026/1715/1447 1015/1698/1440 1014/1697/1439 1025/1716/1456
f 2517/6454/5395 2525/4029/3428 2408/3902/3318
f 1855/2846/6753 1708/2731/6753 1904/2989/6753 1854/2923/6753
f 2570/4108/3489 2344/3649/3106 2464/3809/3231
f 1845/8378/2487 1963/8379/2072 1896/8380/2628 1841/8381/2483
f 1726/913/794 1732/78/75 1734/910/791
f 180/7886/6470 250/8383/6760 308/7679/6326 310/401/356 182/314/278
f 1450/2170/6761 1216/2032/6761 1105/1851/6761 954/1853/6761 952/1590/1352 1215/1850/1569 1448/2169/1848 1557/2519/2139 1559/2521/2141
f 1432/2358/2007 1290/2357/1701 1426/2493/2118
f 3204/8384/4072 3247/4921/4119 3208/4920/4079
f 1967/2921/6722 1899/8315/6721 1966/3166/2695 1968/3018/2694
f 1793/2751/2350 1792/8285/6702 1789/8284/6701 1719/2752/2351
f 2086/6817/2904 2058/3127/5693 2088/3299/2902
f 1022/1699/1441 1017/1701/1443 909/1508/1299 912/1489/1282
f 2105/3469/2954 2104/3321/2826 2116/3324/2829 2118/3467/2952
f 1788/2866/2449 1859/2928/2493 1785/2862/2445 1720/2740/2339
f 2251/1867/1586 2245/5925/2980 2390/5926/4967
f 2581/7653/6301 2578/7652/6300 2475/3843/3265 2580/3963/3375
f 2499/607/531 2383/606/530 2376/3695/3143
f 1519/834/728 1387/2305/1964 1517/7529/6218
f 494/940/695 576/948/817 571/941/814
f 3186/8151/5792 3190/4810/4051 3187/8388/5789
f 882/6137/1246 832/1348/1168 831/6023/5039
f 1501/2437/2073 1510/835/729 1505/6153/5134 1498/2438/2074
f 2104/3321/2826 2105/3469/2954 2072/3322/2827
f 2492/3973/3382 2590/4133/3513 2591/4132/3512 2493/3854/3273
f 1778/3720/3157 1857/2993/2553 1856/2995/2555
f 191/5376/4515 115/6933/174 117/8399/179 118/202/181
f 2407/3721/3158 2397/7493/6192 2269/7782/6403
f 1186/1975/1674 1175/4009/3410 1051/4008/3409 1057/1773/1508
f 1744/5082/4272 1814/7027/5853 1818/5202/4367 1819/2962/2522
f 2228/3500/2979 2238/2794/2383 2229/3698/3140
f 1441/2364/2011 1437/2017/1837 1610/2505/2127 1440/2365/2012
f 1671/7301/2360 1807/2879/2459 1724/2749/2348
f 1879/3263/2776 1875/502/449 1931/3026/2581 1934/8405/6185
f 631/1103/956 637/1972/1671 635/1037/895 688/1036/894
f 923/6780/5664 932/1538/1322 1084/1812/1323 1077/1814/1541
f 2773/4230/3582 2842/8406/3667 2841/4342/3672 2774/4228/3583
f 1483/2410/2052 1484/2234/1903 1354/2235/1900 1491/8407/2066
f 1122/2052/1741 979/8194/6645 1129/7141/5933
f 214/351/222 213/438/392 272/428/382 206/345/306
f 1299/2154/1834 1432/2489/2007 1433/2488/2116 1297/2009/1700
f 127/8059/6571 126/206/183 64/201/180
f 3036/4607/3798 3037/4632/3896 2956/4495/6773 2954/4497/3799
f 3234/374/333 3236/5786/4853 3232/375/334
f 2273/5509/4625 2267/3528/3004 2272/8412/3163 2277/7759/3162
f 1805/104/100 1726/2761/6774 1728/5799/4865
f 119/2599/2202 122/7789/6406 120/7788/5768 116/8413/175
f 2224/3476/6585 2222/3478/6206 2223/7158/5951 2225/7569/6245
f 1499/2433/2069 1494/2242/1907 1495/2246/1911
f 1896/3084/2625 1958/3083/2624 1895/8244/6680
f 1388/4130/3510 1389/2310/1969 1522/7458/6160 1520/7457/6159
f 726/5997/5021 727/6673/5565 664/959/828 665/958/827
f 35/8173/6634 34/2885/2463 7/10/9 36/58/59
f 1228/8297/6714 1120/1872/1590 1119/1871/1589
f 1334/2412/2054 1476/6258/5227 1232/2055/1743 1231/1876/1593
f 1197/1991/1686 1198/1990/1685 1285/2336/1992 1416/2335/1991
f 601/8358/6746 469/745/651 472/744/650
f 1246/2074/1755 1355/2232/1901 1356/2073/1753
f 2912/4441/3751 2915/2347/1998 2914/7812/6421 2913/6900/5760
f 919/1514/1305 1044/1750/1487 1039/1486/1279
f 260/8431/6789 195/3444/2932 194/2792/2381 196/5974/4997 199/5078/4269
f 2484/6720/5608 2361/3669/3124 2364/3668/3123 2487/3675/3127
f 1867/2936/2500 1920/3014/2570 1868/8435/4866 1800/2934/2457
f 2509/5069/4260 2504/3995/3396 2609/398/354 2613/397/353
f 2252/3502/2981 2245/3501/2980 2251/7269/1586 2256/7268/6027
f 1149/7902/6479 1248/2077/1758 1247/2076/1757 1157/1934/1634
f 2272/3726/3163 2402/6110/5102 2403/212/189 2410/3724/3161
f 2295/2805/2394 2436/2804/2393 2316/8437/6683
f 2070/3128/2663 2058/3127/2662 2046/3231/2763
f 461/7470/6169 463/7469/6168 462/7593/6267 513/825/719 459/822/716
f 3135/7090/5899 3082/7971/6511 3084/7972/6512 3139/4834/4068
f 3191/4808/4050 3125/4813/3780 3122/4809/3779
f 1871/2946/2508 1872/504/451 1808/2883/2462
f 2967/4521/3820 3090/4751/4001 3043/4638/3906 2970/4637/3905
f 627/1023/885 570/943/816 566/929/689 625/928/805
f 1465/2392/2038 1319/2043/1732 1574/2187/1865 1463/2391/2037
f 3114/4725/3977 3116/4531/3828 3065/4669/3930
f 526/842/736 463/7469/6168 466/840/734
f 1866/276/244 1916/3010/2567 1915/3112/2650 1863/277/245
f 1016/1706/1448 916/6628/5535 906/2440/2076
f 409/7646/6295 410/655/570 397/632/551 396/638/553
f 1043/8464/4543 1048/8465/6373 1046/1743/1481 918/1513/1304 916/6628/5535 1032/6629/4544
f 294/551/487 235/292/258 237/380/339 295/550/486
f 2596/4139/3388 2497/4812/4052 2597/6838/5712
f 1514/2269/1931 1257/2262/1924 1258/7813/6422 1378/1744/1482
f 3054/8338/6732 3102/7001/5836 3105/4713/3967 3055/4652/3918
f 464/7468/6167 519/8467/4883 522/8468/4884 527/8121/837
f 86/271/4211 87/2780/2369 85/154/145 84/146/137
f 3053/5020/4217 3104/4719/3971 3161/4781/4028 3158/8469/6808
f 2176/5508/4624 2341/3939/1641 2175/3280/2793
f 575/946/819 630/7992/6523 629/945/818 503/811/710
f 1113/8052/6568 964/1439/1228 974/1438/1239 1121/1621/6569
f 3154/4870/4093 3099/2693/2295 3219/228/205 3216/4867/4090
f 2439/8335/3073 2434/8334/6730 2311/8477/6255 2148/8478/3076
f 2769/2260/1922 2667/2259/1921 2770/8479/6540
f 3102/7001/5836 3054/8338/6732 3052/8337/6731
f 3089/4752/6812 3090/4751/6812 2967/4521/3820 2966/4519/3817 2964/4518/6812 3042/4636/6812 3088/6683/6812 3146/4851/6812 3211/7107/6812 3212/4853/6812
f 2336/3632/6469 2171/3389/2887 2167/3388/2886 2335/3633/6546
f 1281/5918/4961 1276/2300/1803 1402/2313/1972
f 1817/8156/6626 1741/7790/98 1748/8266/6130
f 1069/1792/1526 924/1788/1522 925/1799/1531 1080/1798/1528
f 363/645/559 401/564/495 365/566/497
f 2561/4239/3475 2451/3796/3214 2560/3798/3345
f 2945/4584/3868 3012/5523/3933 3009/4582/3866 2943/4581/3867
f 1670/8492/2356 1725/2683/2285 1672/2682/2284
f 2755/4190/3556 2657/4056/3449 2754/4059/3450
f 3119/4727/3979 3070/886/773 3120/3525/3001
f 1390/6856/1975 1385/5040/4235 1393/8539/1962
f 3070/886/773 3068/885/772 3010/7576/6251
f 2556/3928/6824 2448/3792/3209 2555/8544/3339 2670/4229/3584
f 1191/1977/1676 1192/1976/1675 1072/1774/1509 1193/1776/1511
f 1180/1951/1651 1184/1765/1501 1059/1764/1500
f 940/1569/1334 1098/1572/1338 942/1388/1200
f 2313/3776/3058 2137/3344/2847 2138/3345/2846 2317/3777/3199
f 2249/8552/3153 2381/3499/2978 2248/3498/2977 2254/6895/5755
f 897/1350/1170 902/1501/1293 840/1359/1178 836/1351/1171
f 2289/3558/3033 2271/5346/4488 2270/4004/3405 2284/3733/3169
f 2166/3390/2888 2331/3623/3218 2333/3801/3220 2167/3388/2886
f 1564/6440/5383 1454/2036/1725 1109/1858/1577 1110/1857/1576 1311/2037/1726 1456/2178/1857 1457/2380/2027
f 1071/1800/6828 1057/1773/1508 1070/1772/1506 1080/1796/6828
f 452/208/185 492/207/184 568/8188/6641 567/8191/6644
f 1066/1784/1518 1062/1762/1498 1060/1761/1497 1067/1786/1520
f 370/7587/6260 373/110/106 319/112/108 312/489/438
f 3239/1492/1284 3187/6934/5789 3188/1640/1395
f 728/1078/6829 609/1005/871 478/767/669 558/764/6829 556/902/6829 667/960/6829 664/959/6829 727/6673/6829 779/1280/6829 781/1166/6829
f 2733/5003/4199 2624/4003/3404 2731/4169/3537 2727/8005/6534 2719/4156/3524 2724/7438/6147
f 2278/6952/5802 2262/3522/2998 2271/5346/4488 2281/3740/3175
f 1397/2306/1965 1387/2305/1964 1390/6856/1975 1405/2314/1973
f 2316/8564/6683 2436/3774/3197 2315/3773/3068 2130/8565/2843
f 2130/3338/2843 2131/8568/3067 2151/3364/2863 2132/3339/2844
f 675/1091/945 680/1024/886 627/1023/885 674/1206/1043
f 1657/2659/2264 1658/2663/2267 1655/2654/2266 1653/2656/2263
f 243/6022/5038 168/304/270 171/303/269 244/568/499
f 43/70/67 42/69/66 98/299/265 170/302/268
f 677/1021/883 746/6487/5424 626/937/811
f 1067/1786/1520 1065/1768/1502 1073/1779/1513 1076/1785/1519
f 2132/3339/2844 2076/3272/2785 2133/3274/2787
f 1517/7529/6218 1383/6864/5731 1381/7259/5931 1512/7528/6217
f 1761/2810/2399 1827/2812/2401 1760/8587/6840 1762/2813/2402
f 1906/3003/2554 2021/8590/2636 1977/7806/2646 1912/3001/2561
f 2732/2559/965 2721/8591/967 2608/8592/6841 2725/2560/2173
f 808/214/191 891/1443/1243 807/215/192
f 763/6987/5827 703/1118/971 764/6983/5826 762/1236/1066
f 639/713/619 583/7523/6215 646/6236/5209 640/714/620
f 245/386/344 300/385/343 302/472/425 246/394/352
f 1332/2409/2051 1230/7564/6241 1325/7563/6240 1474/2408/2050
f 858/1275/5020 778/1278/1103 726/5997/5021
f 2394/4466/3771 2389/3713/3152 2387/3712/3151 2516/7237/6005 2519/211/188
f 1702/2660/2430 1701/2720/2318 1704/2722/6842 1658/2661/6843
f 1374/8593/1934 1372/6941/5415 1512/7528/6217 1381/7259/5931
f 408/654/569 395/7645/6294 394/631/550 389/623/6155
f 2073/3266/2780 2064/3265/2779 2061/8085/2778 2108/8084/6591
f 1442/6646/5548 1550/2370/2017 1303/2018/1706 1304/2019/1707
f 89/8597/329 232/262/234 78/264/134 88/8598/147
f 262/333/294 260/8431/6789 199/5078/4269 201/334/295
f 911/5090/4280 918/1513/1304 1039/1486/1279 908/5089/4279
f 690/1100/954 687/1099/953 683/8606/955 682/1104/957
f 3045/4639/3907 3092/4698/3955 3086/4755/3946 3039/4623/3897
f 2924/8607/3840 2922/2950/2512 2928/2949/2511 2987/8608/3847
f 828/1191/1030 811/1172/1014 809/1319/1136 810/1471/6556
f 298/467/420 241/381/340 243/466/419 299/560/492
f 1204/2007/1698 1295/1827/1551 1294/8611/1833 1430/8612/1829
f 673/7952/6499 624/8190/6643 626/8189/6642 746/1208/1044
f 644/3323/2828 589/1042/900 585/969/838
f 2390/5926/4967 2393/1868/1587 2251/1867/1586
f 421/6174/5152 411/1241/1071 415/663/576
f 1499/2433/2069 1495/2246/1911 1500/2431/2067 1503/2439/2075
f 2539/8632/6853 2652/8031/6552 2759/8032/3575 2663/8633/3573
f 1931/3026/2581 1875/502/449 1872/504/451
f 890/1469/1266 999/4854/4084 896/1470/1267
f 17/5559/4670 19/8634/6854 2/8635/32 14/8636/6855 13/414/368
f 2725/2560/2173 2608/8592/6841 2601/3985/3390 2600/3984/3389
f 1203/1821/1539 1289/8638/370 1293/8639/1696 1087/1822/1547
f 2537/3914/3329 2539/8640/6853 2663/8641/3573 2546/3913/3198
f 1842/2917/2485 1959/5417/2679 1961/3085/2626 1897/2986/2547 1843/2918/2486
f 1911/3000/2560 2017/3103/2643 1910/2996/2556 1784/2855/2439
f 2095/3289/2802 2092/3240/2755 2051/3239/2754
f 1305/1842/4249 1445/2513/2016 1212/8643/6856
f 1164/8331/6609 1170/2082/1763 1166/5550/4661 1160/8142/6618
f 1682/2698/2300 1685/2674/2278 1683/2676/2280
f 2127/8159/6193 2316/8564/6683 2130/8565/2843 2133/8157/2787
f 2397/7493/6192 2515/3874/3291 2392/3873/3290
f 151/8081/6588 145/8080/6587 212/6672/5564
f 2393/1868/1587 2390/5926/4967 2508/5070/4261 2398/3719/3156
f 2623/7758/3400 2619/4000/3401 2624/4003/3404 2628/4011/3412
f 2479/3821/3259 2196/7682/2931 2354/3822/6865
f 2717/1731/1469 2722/1730/1468 2715/4152/3521
f 1653/2656/2260 1650/2649/2253 1651/2648/2252
f 766/1246/1077 767/1143/993 714/7367/6102 709/1248/1079
f 891/1443/1243 974/8652/1239 870/1420/1227
f 2720/7599/6269 2601/4150/3390 2608/8653/6841 2721/1114/967
f 496/800/6676 498/8235/6675 501/809/709 502/1885/632
f 773/1274/1089 723/1259/1001 772/1369/1090
f 159/6583/5501 158/5014/4212 228/540/478 229/365/325
f 2025/3198/2720 1985/3118/2656 1984/3019/2575 1981/8654/6867
f 1258/7813/6422 1257/2262/1924 1156/3394/2891 1160/8142/6618 1166/5550/4661
f 3187/6934/5789 3192/900/785 3188/1640/1395
f 161/2886/246 34/2885/2463 35/8173/6634 91/290/256 233/289/255
f 1249/2081/1762 1139/1899/1609 1141/1901/1611 1150/1922/1625
f 3215/4859/4087 3094/4701/3957 3216/4867/4090 3259/4933/4135
f 3184/4703/3959 3186/8151/5792 3235/8655/1283 3181/4702/3958
f 3209/4852/4082 3145/4750/4000 3251/4918/4128
f 960/1285/1110 785/1287/1112 865/1412/1219
f 1348/2220/1888 1240/7478/6175 1345/2219/1887
f 1167/7160/5952 1255/2261/1923 1260/2271/1933 1263/3875/3292
f 3017/4673/3934 3025/4603/3878 3078/4679/3939 3074/3526/3002
f 1668/6405/5347 1640/6408/5350 1667/6001/5025 1723/2747/2346
f 1862/4415/3726 1867/2936/2500 1794/2935/2499 1791/8038/6559
f 2726/5901/4950 2827/1729/1467 2717/1731/1469 2605/2983/2544
f 2280/3548/3023 2274/7175/5963 2268/3529/3005 2273/5509/4625 2282/3546/3021
f 2454/6265/5236 2566/6859/6709 2455/3804/3226 2338/3803/3225
f 351/617/539 386/7581/6256 387/620/543 385/618/540
f 1449/2171/1850 1450/2170/1849 1559/2521/2141 1558/2522/2142
f 2586/3851/3271 2588/6542/5472 2490/3847/3268
f 345/8661/470 383/8662/6873 341/8663/6874 278/8664/401
f 1768/7775/2423 1696/8147/6622 1697/8146/6621 1698/7776/6399
f 979/8194/6645 1122/2052/1741 891/8195/6646
f 1629/2617/2218 1631/2619/2220 1637/2791/2380 1636/7626/6285
f 2717/1731/1469 2716/2981/2542 2605/2983/2544
f 132/227/204 138/226/203 135/222/199 130/3971/3380
f 549/8666/6747 603/993/861 602/992/860
f 352/539/477 385/618/540 388/619/542
f 1711/2854/2438 1664/3248/2764 1712/2858/2442 1782/2856/2440 1909/2997/2557 1908/8181/6637 1781/2851/2435
f 2659/4200/3565 2658/4199/3564 2757/4194/3559 2756/4189/3555
f 2202/3998/3399 2211/3684/2942 2108/8667/5707 2201/8323/6728
f 519/8467/4883 464/7468/6167 460/7885/6468 516/827/721
f 1715/8155/2337 1785/2861/2445 1714/2860/2444
f 817/1327/1144 818/1326/1143 815/1322/1139 816/7357/6093
f 406/8671/533 353/7743/479 388/619/568 405/653/564
f 1981/3194/2717 1980/6502/5440 1978/3191/2714 2024/3190/2713
f 48/31/28 18/6701/5588 47/74/71 104/91/87
f 2825/1342/1162 2817/4294/3635 2819/4297/3638
f 1488/8672/2063 1478/8673/2163 1479/8674/6878 1347/2224/1892
f 834/1354/1174 835/1353/1173 817/6718/5606
f 258/499/446 257/7707/6346 195/3444/2932 260/8431/6789
f 1262/7205/5986 1162/5970/4995 1171/1957/1657
f 1297/2009/1700 1433/2488/2116 1446/2515/2135 1306/2022/1709
f 284/453/6400 347/536/473 285/7582/6257
f 2214/3464/2950 2216/4996/4192 2215/3468/2953
f 1517/7529/6218 1505/6153/5134 1510/835/729 1519/834/728
f 2898/8680/3734 2901/8271/6695 2952/8270/3795 2900/8681/3794
f 1960/8682/2623 2001/8028/2690 1957/8027/6549 1958/8683/2624
f 1413/2457/1985 1283/2139/1818 1414/2332/1988 1525/2458/2093
f 235/292/258 294/551/487 234/549/485 162/7903/6480 163/291/257 92/8172/6633 37/7853/6446 93/157/149
f 1747/7447/6152 1684/7384/6116 1752/7383/6115 1755/2801/2390 1750/2803/2392
f 1812/503/450 1878/8050/6565 1880/2963/2523 1818/5202/4367
f 216/6671/5563 151/8081/6588 212/6672/5564
f 2144/3352/2853 2143/3360/2857 2128/8687/2851 2141/3348/2850
f 2126/3329/2834 2137/3571/2847 2300/3564/3039
f 1981/8654/6867 1984/3019/2575 1980/8056/4231
f 2373/3689/3138 2497/4812/4052 2498/3861/3279 2374/3687/3137
f 2817/7830/6432 2701/274/242 2874/8313/6719 2888/7831/6433
f 2661/3034/2588 2655/8062/6572 2541/3032/2586
f 1880/2963/2523 1878/8050/6565 1879/3263/2776
f 1670/8492/2356 1668/8689/6881 1723/8690/2343
f 1363/2253/1915 1249/2081/1762 1252/2085/1766 1368/2091/1772
f 2687/4101/3486 2789/4251/3602 2684/4099/3484
f 69/133/117 151/8692/231 154/8693/126 77/131/127
f 57/96/92 112/98/94 56/190/169
f 443/6466/5407 441/6465/5406 617/1015/878 484/711/618 416/660/575 444/666/579 561/921/801 672/914/795 562/916/797
f 534/1605/845 594/860/752 592/869/759 588/8696/846
f 1377/8697/1945 1371/8333/1929 1507/2108/1789 1376/2449/2085 1380/2286/1942
f 2350/3812/3234 2192/3419/2914 2193/3401/2899 2351/1940/1640
f 1163/8224/6668 1159/67/64 1167/7160/5952 1169/7172/5961
f 2279/3722/3159 2407/3721/3158 2269/7782/6403
f 2542/6506/5444 2430/6505/5443 2656/4060/3451 2662/4062/3453
f 725/1068/1006 724/8698/1005 777/1276/1098
f 3232/375/334 3183/4800/4042 3178/8699/5994 3179/4794/4036
f 1940/7521/2600 1947/3056/2606 1942/3138/2673 1996/3139/2674
f 1232/2055/1743 1132/1877/1392 1231/1876/1593
f 1082/8700/6882 1202/1804/1536 1081/1797/1530
f 2791/4255/3606 2789/4251/3602 2569/3943/3356 2688/4102/3487
f 2243/1657/1407 2242/3490/2969 2120/7558/6236 2122/5774/4842
f 97/8269/6694 16/7371/6107 99/84/81 172/305/271
f 2944/4591/3875 3014/4587/3871 2946/4585/3869 2939/2448/2084
f 1647/7561/6238 1646/7560/2247 1630/7672/2246 1644/6406/5348
f 2671/4233/3587 2557/3927/3341 2556/3928/3342 2774/4228/3666
f 2742/4173/3541 2744/4178/3545 2743/4172/3540
f 1794/2935/2499 1797/2876/2458 1795/5384/4523
f 2606/4155/3523 2603/3989/3392 2715/4152/3521 2722/1730/1468
f 3096/4762/4011 3217/4868/4091 3152/4763/4012
f 669/1176/1016 733/1175/1015 615/1013/875 614/777/681
f 2342/3806/3228 2083/3282/2795 2177/152/143
f 3139/8709/3997 3141/4846/3996 3205/4847/4077 3206/4913/4122
f 700/3654/3111 648/6955/981 705/8712/970 702/8713/972
f 1160/8142/6618 1154/1711/1452 1028/1713/1454 1164/8331/6609
f 1535/8715/6885 1534/8716/2109 1530/8717/2101 1420/8718/6886
f 3010/7576/6251 3071/4671/3932 3070/886/773
f 2995/4557/3846 2993/2087/1768 2996/2089/1770 3059/4656/3922
f 1658/2661/6843 1704/2722/6842 1776/2724/2331 1705/2733/2330
f 1455/8721/1855 1562/8722/2026 1453/2190/1867 1310/2046/4666
f 2055/3260/2774 2053/3432/2921 2103/3261/2775
f 259/421/375 261/336/297 200/331/292 198/2598/2201 197/419/373
f 2734/4170/3538 2738/4171/3539 2618/5259/4413
f 1035/8223/6667 1040/8091/5198 1038/8724/5200 1027/8725/6010 1030/66/63 1029/68/65
f 952/1590/1352 954/1853/1572 955/1597/1359 953/1588/1350
f 117/200/179 53/100/96 54/97/93 58/198/177
f 446/8727/685 420/6173/5151 440/670/571 439/8728/616
f 821/1331/1148 820/1332/1149 838/1357/1176 839/1335/1152
f 895/1484/1252 986/1490/645 899/1504/1296
f 527/968/837 530/5540/747 532/864/744
f 2396/7704/6345 2404/7858/6089 2409/3893/3309 2399/3878/3294 2395/3880/3296 2391/3715/3154
f 2580/6719/5607 2488/3981/3386 2583/3629/3091 2581/7028/5854
f 956/1596/1358 955/1597/1359 1107/1852/1571 1106/1601/1574
f 419/668/581 445/7260/6019 444/666/579
f 2124/3328/2833 2125/3330/2835 2296/7495/6194
f 116/8413/175 110/317/280 184/319/281 189/4993/4189 119/2599/2202
f 2128/3334/2839 2307/3332/2837 2304/8734/6889 2314/8735/2852
f 1272/1618/1376 1170/2082/1763 1175/6882/3410
f 3051/4708/3962 3050/4646/3912 3156/4709/3963
f 2947/4481/3787 3026/4615/3892 3031/4683/3942 3030/4682/3941
f 2646/4037/3434 2639/4026/3425 2647/4038/6890 2747/4052/6890
f 2708/8267/3514 2587/4126/3506 2704/7328/6071
f 1830/2824/2413 1826/8739/2479 1759/2802/2391 1763/2814/2403
f 1383/6864/5731 1517/7529/6218 1387/2305/1964
f 341/8663/6874 383/8662/6873 382/8740/843 379/8741/842
f 2027/3184/2709 2039/3222/2740 2038/3221/2739
f 172/308/274 99/8743/6319 108/1229/165 175/1230/1060
f 1488/2424/2063 1347/8745/1892 1348/8746/1888 1492/2420/2061
f 1173/1949/1649 1048/7742/6373 1043/5408/4543
f 1248/2077/1758 1149/7902/6479 1138/8238/1606 1239/2078/1759
f 2074/3311/2817 2110/3310/2816 2114/3485/2965
f 1315/2040/1729 1566/7905/6482 1564/6440/5383 1459/2452/2088 1220/2038/1727
f 1333/2695/2297 1242/2067/1751 1136/1914/1621 1233/1880/1596 1130/1879/1595 1230/2696/2298
f 678/8749/6895 681/1096/950 628/1028/887 680/1026/886
f 3134/8752/6460 3198/6954/5803 3242/6953/4120 3138/8753/6461
f 554/759/662 477/702/664 608/1003/925
f 2951/4486/3792 2897/4424/3735 2898/4423/3734 2900/4488/3794
f 2146/8320/6726 2147/8319/2840 2129/3357/2838 2143/3356/2857
f 2639/4026/3425 2646/4037/3434 2633/4014/3415 2634/4013/3414
f 3103/7762/6386 3053/4650/3916 3158/4881/4103 3159/4880/4102
f 2931/1228/1059 2932/4467/3772 2891/4461/3767 2929/1226/1058
f 21/85/33 2/8635/32 19/8634/6854 20/4791/4035
f 2870/2938/2502 2803/4271/3617 2855/4393/3693 2854/8763/3757
f 260/8431/6789 262/333/294 263/422/376 330/425/379 326/5398/82 258/499/446
f 2696/7862/6450 2801/4282/3625 2697/4281/3624
f 1868/5802/4866 1921/5801/2576 1919/7675/6321 1798/6697/5584
f 400/643/557 409/8232/6673 396/647/561 401/732/638
f 699/5344/4486 697/5343/4485 761/1233/1063 758/1232/1062
f 280/447/399 279/443/397 343/595/520 344/597/522
f 3146/4851/4081 3210/4850/4080 3253/4926/4129 3211/7107/5910
f 884/6716/5604 817/6718/5606 816/8770/6905
f 2503/3867/3284 2494/3858/3277 2504/3995/3396 2509/5069/4260
f 858/1275/1097 725/1068/1006 777/1276/1098
f 257/7707/6346 258/499/446 320/501/448
f 803/1312/1129 825/1316/1133 804/1315/1132
f 1663/2951/2513 1783/2857/2441 1782/2856/2440 1713/2859/2443 1664/3248/2764
f 2862/4401/3715 2876/4404/3717 2874/4400/3714 2808/4275/3620
f 427/687/599 426/686/598 450/6639/5544
f 1372/6941/5415 1366/2432/2068 1504/6154/5135
f 1815/7236/6003 1816/2961/2521 1877/2960/2520 1876/7194/5977
f 1045/1759/1495 917/7032/5857 1041/6224/5199 1049/1752/1488
f 1741/7790/98 1817/8156/6626 1813/7235/6002
f 2198/3427/2918 2102/3429/2917 2197/3661/2821
f 2241/4465/2384 2228/3693/2979 2382/3696/3144
f 1233/1880/1596 1136/1914/1621 1146/1913/1620 980/1636/1391 981/1635/1390
f 2470/4113/3495 2349/3664/3119 2577/3957/3369 2694/4114/3496
f 1202/1815/1543 1085/1817/1545 1206/7273/6029 1287/7272/6028
f 2670/4229/3584 2774/4228/3583 2556/3928/6824
f 529/8779/733 531/973/844 588/975/846 586/8164/6630 584/7779/731
f 721/1062/919 717/1151/999 656/994/862
f 320/8780/448 375/582/447 372/6011/5032
f 702/1119/972 698/6986/3109 700/8781/3111
f 2927/692/604 2983/4548/3842 2985/4651/3917 2986/4549/3843
f 1015/1707/1440 1016/1706/1448 1007/1507/1298 1006/1896/1438
f 3088/6683/5572 3145/4750/4000 3209/4852/4082 3146/4851/4081
f 2872/7403/6121 2861/4381/3699 2806/4395/3709 2884/4394/3708
f 703/1118/971 698/6986/3109 702/1119/972
f 825/8277/1155 824/8276/6697 827/3541/3016 805/8187/6640
f 508/816/713 458/7516/6213 459/822/716 509/820/714
f 1214/1848/1719 949/1589/1351 950/1591/1353
f 1207/1831/1555 1213/2023/1710 1104/1849/1568 1094/1550/1328
f 1825/2969/2529 1887/2967/2527 1884/3045/2597
f 2041/3229/2744 2047/7947/6494 2044/3283/2796 2043/3223/2741
f 2501/3543/3018 2604/3991/3394 2497/3866/3283
f 293/543/480 233/289/255 292/548/484
f 1008/1680/1424 994/1656/1406 1007/1507/1298 903/1506/1297
f 2279/5279/3159 2275/6823/5699 2283/3547/3022 2285/3729/3166
f 2942/7155/5947 2944/4591/3875 2939/2448/2084 2936/2447/2083
f 1048/8465/6373 1055/1741/1479 1046/1743/1481
f 3024/4598/3880 3019/4597/3879 3018/4602/3884 3028/4599/3881
f 3176/7519/6214 3174/4789/4033 3177/7959/4037 3233/7530/6219
f 2982/4543/3838 3101/4705/3961 3048/4707/3909 2979/4537/3832
f 2685/4100/3485 2458/3805/3227 2459/151/142
f 790/1299/1118 669/1176/1016 792/3455/2944 793/1301/1120
f 3066/884/771 3117/883/770 3180/3435/2924 3115/3434/2923
f 1680/6597/5512 1684/7384/6116 1678/6598/5513
f 455/684/596 505/728/634 456/724/630 450/685/597
f 1689/2700/2302 1690/2703/2305 1692/2707/2309 1688/2900/2474
f 2612/2561/2174 2512/3871/3288 2511/3870/3287
f 1800/2874/2457 1868/5802/4866 1798/6697/5584
f 1488/2424/2063 1487/2423/2062 1596/2547/2161 1587/2548/2162
f 2363/1594/1356 2486/1593/1355 2371/3860/3136 2366/3682/3135
f 894/1336/1153 887/8799/1384 886/1452/1249
f 2110/3310/2816 2117/3454/2943 2224/3486/2959 2114/3485/2965
f 1012/1694/1436 1005/1690/1432 1011/1689/1431 1020/1703/1445
f 1812/503/450 1818/5202/4367 1814/7027/5853
f 2579/8800/6918 2473/3836/3258 2478/3832/3254
f 1111/1860/1579 868/1415/1222 963/1606/1365 1314/2039/1728 1458/2381/2028 1313/2177/1856 1312/1859/1578
f 515/826/720 578/815/712 579/3210/2729 581/6759/5644
f 2397/7493/6192 2407/3721/3158 2522/3890/3306
f 2816/4128/3508 2817/4294/3635 2825/1342/1162 2710/1341/1161
f 1330/5048/4241 1338/2225/1893 1347/2224/1892 1479/8674/6878 1478/8673/2163
f 2942/8804/5947 3005/5795/3863 3008/5796/4862
f 1526/2456/2092 1523/2325/1980 1412/8226/6670 1404/2459/1986
f 1169/7172/5961 1178/1974/1673 1174/1964/1664 1040/8091/5198 1035/8223/6667
f 601/2205/1880 600/2204/1879 547/7360/6096 469/7361/6097
f 2971/4523/3904 2969/4520/3819 2970/4637/3905
f 2755/4197/3562 2762/7159/3655 2761/4207/3571 2752/4186/3552
f 2402/6110/5102 2263/6858/4252 2394/4466/3771 2400/210/187
f 1558/2522/2142 1555/2520/2140 1618/2523/2205 1561/2172/1851
f 1436/2159/1666 1545/2504/2125 1437/2017/1705
f 2932/4552/3772 2989/4551/3844 2991/8273/6696 2990/8806/6921 2992/4555/3845
f 2655/8288/6705 2653/8289/6706 2535/7773/6397 2541/7772/6396
f 162/7903/6480 233/289/255 163/291/257
f 1420/8718/6886 1422/7275/6031 1423/7274/6030 1535/8715/6885
f 473/750/655 475/762/660 429/689/601
f 3105/4713/3967 3160/7000/5835 3162/8810/4018
f 2348/3655/3112 2573/326/288 2468/325/287
f 1826/2906/2479 1822/7448/6153 1748/8266/6130 1750/8811/2392 1759/8812/2391
f 725/1068/926 726/5997/5021 665/958/827
f 447/8168/6631 452/8813/687 448/720/626 423/677/589
f 1321/2047/1736 1453/2190/1867 1470/5341/2152 1322/8296/6713
f 789/1296/1116 741/1295/1117 806/213/190
f 1583/8192/2159 1626/2608/2210 1573/2607/2040 1575/8814/2150
f 2244/7733/1410 2377/3700/3146 2233/3702/2974
f 2213/3846/3129 2214/3464/2950 2206/8819/2946 2207/8820/2945
f 2426/3750/3182 2433/8823/6925 2544/4063/3454 2643/3896/3312
f 2707/8824/3092 2712/4141/3515 2824/1343/1163 2826/4296/3637
f 1668/8689/6881 1670/8492/2356 1672/2682/2284 1649/2685/2287 1644/2644/2248
f 289/545/413 291/544/481 290/8825/414
f 348/535/472 280/447/399 344/597/522 350/8826/535
f 772/1369/1204 857/1392/1099 777/1272/1096 773/1274/1089
f 3009/4580/3866 3010/7576/6251 3068/885/772 3007/4578/3864
f 1803/2887/2363 1810/2889/2464 1804/2940/2504
f 2012/3174/2701 1904/2989/2633 2010/3089/2734 2011/3216/2735
f 209/236/213 211/433/387 212/435/389 145/237/214
f 1739/2775/2364 1677/6611/5520 1676/2689/2291 1732/78/75
f 3236/5786/4853 3234/374/333 3237/1493/1285
f 1594/2426/2064 1593/2557/2171 1491/2430/2066
f 2905/4433/6926 2959/4506/6926 2961/4508/3806 2962/4509/3948 2906/4511/6926 2904/4434/6926
f 2708/4134/3514 2589/4131/3511 2588/6542/5472
f 2517/6454/5395 2408/3902/3318 2405/7747/6377 2398/3719/3156 2513/6455/5396
f 1051/4008/3409 1053/1756/1492 1058/1755/1491 1057/1773/1508
f 2935/2446/2082 2937/2445/2081 2934/4574/3860 2933/4563/3851
f 2831/4312/6619 2834/4316/6327 2844/4347/3671 2843/6395/6620
f 1751/7382/6114 1756/2808/2397 1758/2807/2396 1755/2801/2390 1752/7383/6115
f 3163/7761/6385 3224/8830/6574 3158/8469/6808 3161/4781/4028 3172/4778/4027
f 1086/8185/1546 929/1559/1317 937/1558/1197 853/8831/1198 938/8186/6639
f 1449/2171/1850 1558/2522/2142 1561/2172/1851
f 351/617/539 286/538/541 228/540/6930 158/5014/6930 86/271/239 157/145/136 226/267/6930 285/7582/6930
f 2478/3832/3254 2698/6316/5279 2814/6315/5278 2579/8800/6918
f 1749/6727/5613 1682/2698/2300 1745/5689/4271 1746/6728/4273
f 2304/8835/6889 2305/8083/6590 2318/5880/3072 2314/8836/2852
f 2800/4266/3612 2683/4265/3483 2787/4364/3689
f 2246/3504/2983 2240/2896/2470 2252/3502/2981 2256/7268/6027
f 716/8837/4994 771/8838/998 770/1377/1192 766/1256/1086
f 1629/2617/2218 1641/2629/2230 1642/2965/2525 1630/2618/2219
usemtl Volume108.002
f 3300/24/21 3295/25/22 3311/26/23 3313/27/24
f 3861/52/53 3881/53/54 3882/54/55 3851/55/56 3840/56/57 3829/57/58
f 3977/80/77 3994/81/78 3997/82/79
f 3917/320/282 3930/321/283 3931/322/284
f 3381/327/289 3392/328/290 3369/329/291
f 3327/340/301 3312/341/302 3299/342/303 3302/343/304
f 3352/578/504 3339/579/505 3325/580/506
f 3581/598/523 3562/599/524 3563/600/525
f 3899/716/622 3888/717/623 3915/718/624
f 3476/768/674 3463/769/675 3440/770/676
f 3924/801/701 3923/802/702 3909/803/703
f 3350/1039/897 3351/1040/898 3340/1041/899
f 3722/1073/931 3730/1074/932 3711/1075/933
f 3453/1180/1019 3473/1181/1020 3481/1182/1021 3471/1183/1022 3452/1184/1023 3418/1185/1024
f 3292/1188/1027 3296/1189/1028 3293/1190/1029
f 3964/1237/1067 3956/1238/1068 3945/1239/1069 3946/1240/1070
f 3420/1269/1093 3391/1270/1094 3431/1271/1095
f 3777/1472/1268 3778/1473/1269 3764/1474/1270
f 3772/1475/1271 3773/1476/1272 3756/1477/1273
f 3518/1509/1300 3572/1510/1301 3545/1511/1302 3519/1512/1303
f 3613/1645/1399 3709/1646/1400 3667/1647/1401
f 3817/1708/1449 3824/1709/1450 3819/1710/1451
f 3829/57/58 3840/56/57 3799/1735/1473 3798/1736/1474
f 3332/1909/1617 3377/1910/1618 3378/1911/1619
f 3667/1647/1401 3709/1646/1400 3711/1075/933
f 3814/2024/1711 3815/2025/1712 3816/2026/1713 3874/2027/1714 3895/2028/1715 3863/2029/1716
f 3746/2099/1780 3747/2100/1781 3756/1477/1273
f 3872/2110/1791 3849/2111/1792 3892/2112/1793
f 3745/2298/1958 3748/2299/1959 3730/1074/932
f 3923/802/702 3925/2372/2019 3908/2373/2020
f 3477/2450/2086 3485/2451/2087 3463/769/675
f 3670/2562/2175 3658/2563/2176 3656/2564/2177
f 3881/53/54 3871/2650/2254 3904/2651/2255 3905/2652/2256
f 3865/2871/2454 3867/2872/2455 3844/2873/2456
f 3579/3098/2638 3583/3099/2639 3584/3100/2640 3580/3101/2641
f 3346/3129/2664 3317/3130/2665 3348/3131/2666 3356/3132/2667 3366/3133/2668 3389/3134/2669 3377/1910/1618 3332/1909/1617
f 3730/1074/932 3722/1073/931 3745/2298/1958
f 3740/3402/2900 3756/1477/1273 3747/2100/2901
f 3468/3512/2990 3455/3513/2991 3422/3514/2992
f 3871/3518/2254 3880/3519/2996 3904/3520/2255
f 3661/3530/3006 3647/3531/3007 3649/3532/3008
f 3562/599/524 3581/598/523 3582/3553/3028
f 3969/3554/3029 3986/3555/3030 3983/3556/3031
f 3517/3716/3155 3572/3717/1301 3518/3718/1300
f 3404/3966/3376 3392/3967/290 3411/3968/3377
f 3819/1710/1451 3801/3996/3397 3817/1708/1449
f 3320/4006/3407 3333/4007/3408 3348/3131/2666
f 3912/4121/3503 3910/4122/3504 3928/4123/3505
f 3928/4123/3505 3930/321/283 3912/4121/3503
f 3567/4157/3525 3538/4158/3526 3571/4159/3527 3568/4160/3528
f 3463/769/675 3485/2451/2087 3478/4175/3542 3464/4176/3543
f 3394/4407/3719 3393/4408/3720 3371/4409/3721
f 3912/4121/3503 3902/4476/3782 3901/4477/3783
f 3345/4513/3810 3361/4514/3811 3342/4515/3812 3344/4516/3813
f 3986/3555/3030 3985/4658/3923 3982/4659/3924
f 3547/4871/4094 3521/4872/4095 3606/4873/4096
f 3278/4968/4166 3282/4969/4167 3284/4970/4168
f 3281/4971/4169 3286/4972/4170 3282/4969/4167
f 3285/4973/4171 3287/4974/4172 3288/4975/4173
f 3280/4976/4174 3296/4977/1028 3295/25/22
f 3971/4979/4176 3964/4980/1067 3976/4981/4177
f 3312/341/4183 3323/4985/4184 3298/4986/4185
f 3324/4987/4186 3313/27/24 3311/26/23
f 3326/4994/4190 3352/578/504 3325/580/506
f 3354/4997/4193 3352/578/504 3326/4994/4190
f 3352/578/504 3360/5001/4197 3339/579/505
f 3352/578/504 3354/4997/4193 3353/5002/4198
f 3383/5011/4208 3373/5012/4209 3415/5013/4210
f 3873/5016/4213 3886/5017/4214 3864/5018/4215
f 3572/1510/1301 3603/5019/4216 3545/1511/1302
f 3412/5024/4221 3422/3514/2992 3410/5025/4222
f 3434/5029/4226 3422/5030/2992 3412/5031/4221
f 3496/5032/4227 3465/5033/4228 3458/5034/4229 3471/1183/1022 3488/5035/4230
f 3636/5037/4232 3634/5038/4233 3635/5039/4234
f 3456/5041/4236 3422/5042/2992 3434/5043/4226
f 3748/2299/1959 3749/5049/4242 3736/5050/4243
f 3469/5056/4247 3468/5057/2990 3456/5041/4236
f 3456/5041/4236 3450/5058/4248 3469/5056/4247
f 3358/5059/4250 3381/327/289 3369/329/291 3338/5060/4251
f 3606/4873/4096 3573/5062/4253 3641/5063/4254
f 3485/2451/2087 3486/5064/4255 3478/4175/3542
f 3708/5074/4265 3717/5075/4266 3705/5076/4267 3706/5077/4268
f 3518/1509/1300 3519/1512/1303 3499/5084/4274
f 3280/4976/4174 3295/25/22 3300/24/21
f 3487/5085/4275 3495/5086/4276 3480/5087/4277 3470/5088/4278
f 3994/5091/78 3950/5092/4281 3951/5093/4282
f 3529/5094/4283 3511/5095/4284 3530/5096/4285
f 3546/5099/4288 3519/1512/1303 3545/1511/1302
f 3535/5100/4289 3552/5101/4290 3536/5102/4291
f 3535/5100/4289 3536/5102/4291 3537/5103/4292
f 3541/5104/4293 3565/5105/4294 3539/5106/4295
f 3565/5105/4294 3541/5104/4293 3566/5107/4296
f 3566/5107/4296 3538/4158/3526 3567/4157/3525
f 3538/4158/3526 3566/5107/4296 3541/5104/4293
f 3542/5108/4297 3541/5109/4298 3539/5110/4299
f 3539/5110/4299 3540/5111/4300 3542/5108/4297
f 3538/5112/4301 3542/5108/4301 3571/5113/4301
f 3541/5109/4293 3542/5108/4302 3538/5112/3526
f 3552/5101/4290 3535/5100/4289 3550/5114/4303
f 3550/5115/4304 3551/5116/4305 3552/5117/4306
f 3555/5118/4307 3553/5119/4308 3577/5120/4309
f 3554/5121/4310 3553/5119/4308 3555/5118/4307
f 3556/5122/4311 3552/5101/4306 3551/5123/4305
f 3556/5124/4312 3557/5125/4313 3558/5126/4314
f 3558/5126/4314 3557/5125/4313 3559/5127/4315
f 3552/5101/4306 3556/5122/4311 3558/5128/4314
f 3552/5129/4306 3558/5130/4314 3536/5131/4291
f 3560/5132/4316 3558/5126/4314 3561/5133/4317
f 3559/5127/4315 3561/5133/4317 3558/5126/4314
f 3536/5102/4291 3558/5128/4314 3560/5134/4316
f 3560/5132/4316 3561/5133/4317 3553/5135/4308
f 3553/5135/4308 3563/600/525 3562/599/524
f 3562/599/524 3577/5136/4309 3553/5135/4308
f 3703/5137/4318 3687/5138/4319 3683/5139/4320 3697/5140/4321
f 3557/5125/4322 3564/5141/4323 3559/5127/4324
f 3565/5142/4294 3559/5127/4324 3564/5141/4323
f 3567/5143/3525 3563/600/4325 3561/5133/4326
f 3566/5144/4327 3567/5143/3525 3561/5133/4326
f 3567/5143/3525 3568/5145/3528 3563/600/4325
f 3809/5146/4328 3789/5147/4329 3790/5148/4330
f 3539/5110/4331 3569/5149/4332 3953/5150/4333
f 3955/5151/4334 3957/5152/4335 3571/5113/4336
f 3555/5154/4338 3577/5155/4338 3591/5156/4338
f 3578/5157/4339 3550/5114/4304 3576/5158/4340
f 3580/3101/4341 3578/5159/4342 3579/3098/2638
f 3550/5114/4304 3578/5157/4339 3551/5123/4305
f 3578/5160/4342 3580/5161/4341 3556/5124/4312
f 3551/5123/4305 3578/5157/4339 3556/5122/4311
f 3580/5161/4341 3557/5125/4313 3556/5124/4312
f 3582/5162/3028 3577/5163/4309 3562/5164/524
f 3582/5162/3028 3592/5165/4343 3577/5163/4309
f 3568/5145/3528 3581/598/523 3563/600/4325
f 3581/598/523 3568/5145/3528 3585/5166/4344
f 3602/5168/4345 3587/5169/4346 3604/5170/4347
f 3587/5169/4346 3602/5168/4345 3528/5171/4348
f 3590/5174/4350 3576/5175/4340 3550/5176/4304
f 3609/5177/4351 3577/5178/4309 3592/5179/4343
f 3591/5180/4352 3577/5120/4353 3609/5181/4354
f 3593/5182/4355 3576/5158/4340 3590/5183/4350
f 3576/5158/4340 3593/5182/4355 3578/5157/4339
f 3594/5184/4356 3578/5159/4342 3593/5185/4355
f 3579/3098/2638 3578/5159/4342 3594/5184/4356
f 3592/5165/4343 3595/5186/4357 3610/5187/4358
f 3592/5165/4343 3582/5162/3028 3595/5186/4357
f 3582/3553/3028 3581/598/523 3595/5188/4357
f 3596/5189/4359 3595/5188/4357 3581/598/523
f 3579/3098/2638 3594/5184/4356 3597/5190/4360
f 3583/3099/2639 3579/3098/2638 3597/5190/4360
f 3583/5191/2639 3597/5192/4360 3946/5193/4361
f 3596/5189/4359 3581/598/523 3598/5194/4362
f 3581/5195/523 3585/5196/4344 3598/5197/4362
f 3604/5170/4347 3614/5198/4363 3602/5168/4345
f 3631/5203/4368 3593/5182/4355 3590/5183/4350
f 3631/5204/4368 3634/5038/4233 3594/5184/4356
f 3594/5184/4356 3593/5185/4355 3631/5204/4368
f 3595/5205/4357 3596/5206/4359 3610/5207/4369
f 3610/5187/4358 3609/5208/4351 3592/5165/4343
f 3948/5209/4370 3636/5210/4232 3949/5211/4371
f 3596/5206/4359 3633/5212/4372 3610/5207/4369
f 3633/5212/4373 3596/5206/4359 3637/5213/4374
f 3637/5213/4374 3596/5206/4359 3598/5214/4362
f 3626/5216/4375 3590/5217/4375 3625/5218/4375
f 3609/5181/4351 3628/5219/4376 3627/5220/4377
f 3629/5221/4378 3631/5203/4368 3626/5222/4379
f 3630/5223/4380 3631/5204/4368 3629/5224/4378
f 3631/5203/4368 3590/5183/4350 3626/5222/4379
f 3633/5212/4372 3632/5225/4381 3610/5207/4369
f 3635/5226/4382 3949/5211/4371 3636/5210/4232
f 3974/5227/4383 3637/5228/4374 3970/5229/4384
f 3647/5233/3007 3627/5220/4377 3628/5219/4376
f 3625/5234/4388 3629/5221/4378 3626/5222/4379
f 3632/5225/4381 3633/5212/4372 3648/5235/4389
f 3632/5225/4381 3648/5235/4389 3649/5236/4390
f 3650/5237/4391 3648/5235/4392 3633/5212/4373
f 3633/5212/4373 3637/5213/4374 3650/5237/4391
f 3640/5238/4393 3616/5239/4394 3666/5240/4395
f 3627/5220/4377 3647/5233/3007 3657/5244/4399
f 3625/5234/4388 3658/2563/2176 3629/5221/4378
f 3649/5236/4390 3648/5235/4389 3661/5248/4403
f 3660/5249/4404 3661/5248/4403 3648/5235/4389
f 3993/5250/4405 3650/5251/4391 3992/5252/4406
f 3993/5250/4405 3676/5253/4407 3650/5251/4391
f 3302/343/304 3288/4975/4173 3314/5254/4408 3303/5255/4409
f 3671/5261/4415 3657/5244/4399 3647/5233/3007
f 3672/5262/4416 3659/5263/4417 3658/5264/2176
f 3658/2563/2176 3670/2562/2175 3672/5265/4418
f 3660/5249/4404 3674/5266/4419 3661/5248/4403
f 3661/3530/3006 3674/5267/4420 3647/3531/3007
f 3686/5268/4421 3674/5266/4419 3660/5249/4404
f 3662/5269/4422 3673/5270/4423 3675/5271/4424
f 3951/5272/4425 3662/5273/4422 3675/5274/4424
f 3666/5240/4395 3616/5239/4394 3677/5275/4426
f 3616/5239/4394 3668/5276/4427 3677/5275/4426
f 3653/5277/4428 3669/5278/4429 3641/5063/4254
f 3670/2562/2175 3656/2564/2177 3680/5280/4430
f 3671/5261/4415 3696/5281/4431 3657/5244/4399
f 3673/5282/4423 3672/5283/4416 3683/5139/4432
f 3684/5284/4433 3683/5139/4432 3672/5283/4416
f 3684/5285/4434 3672/5265/4418 3681/5286/4435
f 3684/5284/4433 3697/5140/4436 3683/5139/4432
f 3685/5287/4437 3674/5266/4419 3686/5268/4421
f 3685/5288/4438 3671/5261/4415 3674/5289/4420
f 3671/5290/4415 3647/5291/3007 3674/5292/4420
f 3706/5293/4268 3686/5268/4439 3688/5294/4440
f 3686/5295/4439 3706/5296/4268 3701/5297/4441
f 3680/5280/4430 3681/5286/4435 3670/2562/2175
f 3694/5301/4445 3698/5302/4446 3693/5303/4447
f 3671/5261/4415 3682/5304/4448 3696/5281/4431
f 3693/5305/4447 3684/5284/4434 3681/5306/4435
f 3697/5140/4436 3684/5284/4433 3693/5305/4449
f 3699/5307/4450 3697/5140/4436 3693/5305/4449
f 3698/5308/4451 3699/5307/4450 3693/5305/4449
f 3699/5307/4450 3698/5308/4451 3700/5309/4452
f 3700/5309/4452 3701/5297/4454 3699/5307/4450
f 3700/5311/4455 3695/5312/4456 3685/5288/4438
f 3682/5304/4448 3685/5288/4438 3695/5312/4456
f 3685/5287/4437 3686/5268/4421 3701/5313/4454
f 3699/5307/4457 3704/5314/4458 3703/5137/4318
f 3705/5315/4459 3699/5307/4457 3701/5297/4441
f 3699/5307/4457 3705/5315/4459 3704/5314/4458
f 3701/5297/4441 3706/5296/4268 3705/5315/4459
f 4018/5316/4460 3707/5317/4461 3702/5318/4462
f 3997/82/79 4003/5319/4463 4011/5320/4464
f 3698/5302/4446 3694/5301/4445 3716/5326/4470
f 3696/5281/4431 3695/5312/4456 3727/5327/4471
f 3702/5318/4472 3718/5328/4472 3719/5329/4472
f 4019/5330/4473 3708/5331/4474 4012/5332/4475
f 4019/5330/4473 3719/5329/4476 3708/5331/4474
f 3708/5331/4477 3719/5329/4477 3717/5333/4477
f 3719/5334/4478 3718/5335/4479 3717/5075/4266
f 3711/1075/933 3709/1646/1400 3722/1073/931
f 3710/5336/4480 3677/5275/4426 3731/5337/4481
f 3747/2100/1781 3746/2099/1780 3721/5345/4487
f 3731/5337/4481 3740/3402/2900 3747/2100/2901
f 3723/5358/4497 3749/5049/4242 3763/5359/4498
f 3746/2099/1780 3756/1477/1273 3762/5360/4499
f 3775/5361/4500 3772/1475/1271 3750/5362/4501
f 3612/5363/4502 3729/5364/4503 3664/5365/4504
f 3997/82/79 3995/5369/4508 3977/80/77
f 3561/5133/4317 3563/600/525 3553/5135/4308
f 3848/5370/4509 3797/5371/4510 3850/5372/4511
f 3794/5379/4518 3809/5146/4328 3821/5380/4519
f 3821/5380/4519 3803/5381/4520 3794/5379/4518
f 3529/5094/4283 3587/5169/4346 3520/5382/4521
f 3803/5381/4520 3821/5380/4519 3807/5383/4522
f 3806/5385/4524 3807/5386/4522 3832/5387/4525
f 3869/5404/4539 3878/5405/4540 3856/5406/4541
f 3887/5411/4546 3865/2871/2454 3875/5412/4547
f 3875/5412/4547 3886/5418/4214 3897/5419/4551
f 3321/5420/4552 3310/5421/4553 3337/5422/4554
f 3963/5423/4555 3570/5424/4556 3958/5425/4557 3965/5426/4558
f 3297/5427/4559 3279/5428/4560 3285/4973/4171 3299/342/303
f 3927/5429/4561 3914/5430/4562 3913/5431/4563
f 3933/5435/4567 3913/5431/4563 3916/5436/4568
f 3946/1240/1070 3948/5443/4574 3947/5444/4575
f 3949/5445/4576 3947/5444/4575 3948/5443/4574
f 3954/5447/4578 3959/5448/4579 3955/5151/4334
f 3586/5449/4580 3570/5450/4556 3963/5451/4555
f 3956/5452/1068 3967/5453/4581 3953/5454/4333
f 3957/5455/4335 3958/5425/4557 3570/5424/4556
f 3961/5456/4582 3955/5457/4334 3959/5458/4579
f 3953/5454/4333 3967/5453/4581 3954/5459/4578
f 3968/5460/4583 3958/5425/4557 3961/5456/4582
f 3958/5425/4557 3957/5455/4335 3961/5456/4582
f 3964/1237/1067 3946/1240/1070 3947/5444/4575
f 3965/5426/4558 3958/5425/4557 3981/5461/4584
f 3981/5465/4584 3973/5466/4587 3970/5467/4588
f 3973/5466/4587 3974/5468/4589 3970/5467/4588
f 3990/5469/4590 3973/5470/4587 3981/5461/4584
f 3975/5471/4591 3977/80/77 3976/4981/4177
f 3947/5472/4575 3975/5471/4591 3976/4981/4177
f 3981/5461/4584 3979/5473/4592 3990/5469/4590
f 3989/5474/4593 3980/5475/4594 3972/5476/4595
f 3983/3556/3031 3984/5477/4596 3969/3554/3029
f 3986/3555/3030 3982/4659/3924 3999/5478/4597
f 3983/3556/3031 3986/3555/3030 3999/5478/4597
f 3982/4659/3924 3988/5479/4598 3999/5478/4597
f 3987/5480/4599 3999/5478/4597 3989/5474/4593
f 3992/5481/4600 3990/5482/4590 3991/5483/4601
f 3992/5481/4600 3974/5468/4589 3973/5466/4587
f 3992/5481/4600 3973/5466/4587 3990/5482/4590
f 3977/80/77 3975/5471/4591 3994/81/78
f 3977/80/77 3995/5369/4508 3978/5484/4602
f 3988/5479/4598 3978/5484/4602 3995/5369/4508
f 3989/5474/4593 4000/5485/4603 3980/5475/4594
f 4008/5486/4604 4000/5485/4603 4007/5487/4605
f 3998/5488/4606 3980/5475/4594 4000/5485/4603
f 4008/5486/4604 3998/5488/4606 4000/5485/4603
f 4000/5485/4603 3999/5478/4597 4007/5487/4605
f 3989/5474/4593 3999/5478/4597 4000/5485/4603
f 4002/5489/4607 4007/5487/4605 3999/5478/4597
f 3996/5490/4608 4005/5491/4609 4004/5492/4610
f 3993/5493/4611 4004/5494/4610 4010/5495/4612
f 3996/5496/4608 4004/5494/4610 3991/5483/4601
f 3994/81/78 4003/5319/4463 3997/82/79
f 4016/5498/4614 4008/5486/4604 4007/5487/4605
f 4002/5489/4607 4009/5499/4615 4007/5487/4605
f 4010/5495/4616 3689/5500/4617 3993/5493/4405
f 4010/5495/4612 4013/5501/4618 3689/5500/4619
f 4011/5320/4464 4003/5319/4463 4018/5502/4460
f 4017/5506/4623 4012/5507/4475 4005/5491/4609
f 4012/5507/4475 4017/5506/4623 4019/5510/4473
f 4013/5511/4618 4005/5491/4609 4012/5507/4475
f 3459/5541/4654 3443/5542/4655 3470/5088/4278
f 3670/2562/2175 3681/5286/4435 3672/5265/4418
f 3935/5557/4668 3939/5558/4669 3928/4123/3505
f 3985/4658/3923 3971/4979/4176 3982/4659/3924
f 3478/4175/3542 3487/5567/4275 3451/5568/4675
f 3772/1475/1271 3756/1477/1273 3740/3402/2900
f 3806/5385/4524 3787/5595/4700 3803/5596/4520 3807/5386/4522
f 3755/5607/4711 3745/5608/1958 3722/5609/931
f 3639/5633/4735 3572/3717/1301 3517/3716/3155
f 3508/5648/4746 3506/5649/4747 3492/5650/4748
f 3700/5309/4452 3685/5659/4437 3701/5297/4454
f 3803/5381/4520 3773/1476/1272 3794/5379/4518
f 3285/4973/4171 3279/5428/4560 3284/4970/4168
f 3822/5775/4843 3795/5776/4844 3808/5777/4845
f 3463/769/675 3464/4176/3543 3433/5789/4856
f 3640/5238/4393 3614/5198/4363 3616/5239/4394
f 3463/769/675 3476/768/674 3477/2450/2086
f 3303/5255/4409 3327/340/301 3302/343/304
f 3323/4985/4184 3312/341/4183 3325/580/506
f 3282/4969/4167 3283/5812/4876 3284/4970/4168
f 3985/4658/3923 3986/3555/3030 3966/5823/4885 3971/4979/4176
f 3573/5062/4253 3603/5019/4216 3615/5827/4889
f 3723/5358/4497 3669/5278/4429 3732/5835/4898
f 3761/5836/4899 3806/5385/4524 3818/5837/4900
f 3654/5847/4908 3642/5848/4909 3655/5849/4910
f 3720/5875/4930 3722/1073/931 3709/1646/1400
f 4015/5889/4940 4014/5890/4941 4011/5320/4464
f 3656/2564/2177 3658/2563/2176 3625/5234/4388
f 3834/5920/4962 3855/5921/4963 3821/5380/4519
f 3709/5931/1400 3664/5365/4504 3720/5932/4930
f 3740/3402/2900 3731/5337/4481 3713/5975/4998
f 3869/5988/4539 3857/5989/5010 3870/5990/5011 3890/5991/5012
f 3667/1647/1401 3653/5277/4428 3615/5827/4889
f 3278/4968/4166 3284/4970/4168 3279/5428/4560
f 3302/343/304 3299/342/303 3285/4973/4171
f 3714/6025/5041 3588/6026/5042 3617/6027/5043
f 3917/320/282 3904/3520/2255 3902/4476/3782
f 3866/6081/5084 3853/6082/5085 3855/5921/4963
f 3943/6166/5144 3934/6167/5145 3931/322/284
f 4014/5890/4941 4009/5499/4615 4002/5489/4607
f 3791/6181/5159 3779/6182/5160 3811/6183/5161
f 3367/6190/5168 3357/6191/5169 3439/6192/5170 3429/6193/5171 3401/6194/5172 3400/6195/5173
f 3823/6206/5185 3835/6207/5186 3809/5146/4328 3790/5148/4330
f 3964/4980/1067 3947/5472/4575 3976/4981/4177
f 3799/1735/1473 3785/6270/5241 3726/6271/5242 3694/5301/4445 3680/5280/4430 3767/6272/5243 3798/1736/1474
f 3753/6287/5255 3715/6288/5256 3619/6289/5257 3691/6290/5258 3764/1474/1270 3778/1473/1269
f 3434/5029/4226 3413/6351/5304 3441/6352/5305
f 3903/6382/5328 3921/6383/5329 3919/6384/5330 3920/6385/5331 3918/6386/5332
f 3924/801/701 3894/6387/5333 3926/6388/5334
f 3653/5277/4428 3667/1647/1401 3712/6403/5345
f 3932/6428/5372 3941/6429/5373 3944/6430/5374
f 3278/4968/4166 3293/6436/1029 3277/6437/5379
f 3653/5277/4428 3641/5063/4254 3615/5827/4889
f 3755/5607/4711 3801/3996/3397 3770/6501/5439
f 3961/5456/4582 3957/5455/4335 3955/5457/4334
f 3410/5025/4222 3449/6578/5496 3448/6579/5497 3431/1271/1095 3391/1270/1094
f 3885/6595/5511 3908/2373/2020 3897/6596/4551 3886/5017/4214
f 3917/320/282 3902/4476/3782 3912/4121/3503 3930/321/283
f 3586/6630/5536 3585/5196/4344 3568/4160/3528 3571/4159/3527
f 3359/6649/5550 3339/6650/505 3360/6651/4197 3382/6652/5551
f 3813/6656/5555 3814/2024/1711 3863/2029/1716 3909/803/703 3884/6657/5556 3842/6658/5557 3831/6659/5558
f 3311/6660/23 3290/6661/5559 3321/5420/4552
f 3721/6684/4487 3744/6685/5573 3652/6686/5574 3665/6687/5575
f 3896/6691/5577 3874/2027/1714 3843/6692/5578 3877/6693/5579
f 3868/6703/5590 3879/6704/5591 3880/3519/2996 3858/6705/5592 3846/6706/5593
f 3447/6712/5600 3462/6713/5601 3491/6714/5602 3474/6715/5603
f 3663/6730/5615 3611/6731/5616 3600/6732/5617 3651/6733/5618 3739/6734/5619 3765/6735/5620 3754/6736/5621
f 3589/6737/5622 3618/6738/5623 3532/6739/5624 3513/6740/5625
f 3330/6741/5626 3345/4513/3810 3344/4516/3813 3314/5254/4408
f 3601/6746/5630 3505/6747/5631 3544/6748/5632 3640/6749/4393 3638/6750/5633
f 3868/6703/5590 3845/6751/5637 3867/2872/2455 3879/6704/5591
f 3325/580/506 3312/341/302 3327/340/301 3326/4994/4190
f 3376/6766/5652 3405/6767/5653 3415/5013/4210 3373/5012/4209
f 3296/4977/1028 3280/4976/4174 3281/4971/4169 3277/6437/5379
f 3748/2299/1959 3771/6768/5654 3749/5049/4242
f 3760/6769/5655 3754/6736/5621 3765/6735/5620 3816/2026/1713 3815/2025/1712
f 3921/6383/5329 3903/6382/5328 3891/6772/5656 3859/6773/5657 3872/2110/1791
f 3342/4515/3812 3354/4997/4193 3326/4994/4190 3327/340/301
f 3856/5406/4541 3836/6785/5668 3857/6786/5010 3869/5404/4539
f 3345/6787/3810 3330/6788/5626 3332/1909/1617 3378/1911/1619 3362/6789/5669
f 3905/2652/2256 3893/6790/5670 3882/54/55 3881/53/54
f 3678/6825/5701 3654/6826/4908 3655/6827/4910 3737/6828/5702
f 3850/5372/4511 3849/2111/1792 3872/2110/1791 3860/6842/5716 3848/5370/4509
f 3308/6843/5717 3306/6844/5718 3289/6845/5719 3316/6846/5720
f 3823/6206/5185 3805/6852/5724 3791/6853/5159 3826/6854/5725
f 3917/320/282 3931/322/284 3906/6866/5733 3905/6867/2256 3904/3520/2255
f 3422/3514/2992 3455/3513/2991 3449/6578/5496 3410/5025/4222
f 3719/5329/4476 4019/5330/4473 4015/6879/4940 3702/5318/4462
f 3761/5836/4899 3818/5837/4900 3816/2026/1713 3765/6735/5620 3739/6734/5619
f 4001/6883/5743 3995/5369/4508 4006/6884/5744
f 3795/5776/4844 3837/6892/5750 3810/6893/5751
f 3505/6747/5631 3475/6898/5758 3484/6899/5759
f 3531/6901/5761 3642/6902/4909 3530/5096/4285
f 3379/6912/5770 3365/6913/5771 3333/4007/3408 3331/6914/5772 3347/6915/5773
f 3712/6403/5345 3736/5050/4243 3732/5835/4898 3669/5278/4429 3653/5277/4428
f 3857/5989/5010 3826/6921/5725 3838/6922/5779 3870/5990/5011
f 3713/5975/4998 3668/5276/4427 3678/6825/5701 3737/6828/5702 3750/5362/4501 3740/3402/2900
f 3604/5170/4347 3587/5169/4346 3605/6923/5780 3616/5239/4394
f 3293/1190/1029 3294/6936/5790 3309/6937/5791
f 3697/5140/4321 3699/5307/4457 3703/5137/4318
f 3388/6942/5793 3386/6943/5794 3445/6944/5795 3428/6945/5796 3406/6946/5797
f 3522/6947/5798 3510/6948/5799 3642/5848/4909 3531/6949/5761
f 3444/6956/5804 3427/6957/5805 3397/6958/5806 3426/6959/5807
f 3944/6430/5374 3941/6429/5373 3942/6960/5808
f 3824/6972/1450 3852/6973/5817 3854/6974/5818
f 3553/5119/4308 3554/5121/4310 3537/5103/4292 3560/5134/4316
f 3834/5920/4962 3866/6081/5084 3855/5921/4963
f 3625/5234/4388 3590/5183/5822 3549/6977/5823 3624/6978/5824 3646/6979/5825
f 3456/5041/4236 3468/5057/2990 3422/5042/2992
f 3898/6988/5828 3899/716/622 3915/718/624 3911/6989/5829
f 3360/5001/4197 3352/578/504 3353/5002/4198 3371/4409/3721
f 4016/5498/4614 4007/5487/4605 4009/5499/4615 4014/5890/4941
f 3606/4873/4096 3617/7007/5043 3588/7008/5042 3547/4871/4094
f 3549/6977/5823 3590/5183/5822 3550/5114/4303 3525/7048/5872 3497/7049/5873 3466/7050/5874 3444/6956/5804 3482/7051/5875 3489/7052/5876 3515/7053/5877
f 3294/7054/5790 3293/6436/1029 3278/4968/4166 3279/5428/4560 3297/5427/4559
f 3416/7055/5878 3458/5034/4229 3405/7056/5653
f 3314/5254/4408 3307/7061/5882 3318/7062/5883 3330/6741/5626
f 3866/7063/5084 3878/7064/4540 3889/7065/5884 3888/717/623
f 3767/6272/5243 3738/7066/5885 3753/6287/5255 3780/7067/5886 3798/1736/1474
f 3889/7065/5884 3890/7068/5012 3891/7069/5656 3916/5436/4568
f 3703/7082/4318 3704/7083/5894 3718/5335/4479 3702/7084/5895
f 3676/5253/4407 3993/5250/4405 3689/7092/4617 3688/7093/4440
f 3493/7103/5906 3520/5382/4521 3508/5648/4746
f 3520/5382/4521 3493/7103/5906 3529/5094/4283
f 3445/6944/5795 3427/6957/5805 3444/6956/5804 3466/7050/5874
f 3758/7119/5917 3779/6182/5160 3752/7120/5918 3724/7121/5919
f 3707/7122/5920 3952/7123/5921 3687/7124/4319 3703/7082/4318
f 3485/2451/2087 3507/7129/5924 3486/5064/4255
f 3534/7148/5939 3514/7149/5940 3548/7150/5941 3620/7151/5942 3621/7152/5943 3574/7153/5944
f 3781/7168/5959 3503/7169/5960 3611/6731/5616 3663/6730/5615 3754/6736/5621 3760/6769/5655
f 3933/5435/4567 3916/5436/4568 3918/7170/5332 3920/7171/5331
f 3490/7176/5964 3502/7177/5965 3591/5180/4352 3609/5181/4354 3608/7178/5966 3575/7179/5967 3524/7180/5968
f 3690/7181/5969 3655/5849/4910 3618/6738/5623 3589/6737/5622
f 3708/7182/4474 3689/5500/4619 4013/5501/4618 4012/7183/4475
f 3994/5091/78 3975/7186/4591 3949/5445/4576 3950/5092/4281
f 3998/5488/4606 4008/5486/4604 4005/5491/4609 3996/5490/4608
f 3508/5648/4746 3528/5171/4348 3544/7195/5632 3506/5649/4747
f 3292/1188/1027 3293/1190/1029 3309/6937/5791 3334/7196/5978 3291/7197/5979
f 3872/2110/1791 3892/2112/1793 3883/7203/5985 3921/6383/5329
f 3371/4409/3721 3393/4408/3720 3382/7204/5551 3360/5001/4197
f 3393/4408/3720 3412/5031/4221 3410/7208/4222
f 3502/7177/5965 3490/7176/5964 3473/1181/1020 3453/1180/1019 3460/7224/5995 3467/7225/5996
f 3499/5084/4274 3519/1512/1303 3485/2451/2087 3477/2450/2086
f 3528/5171/4348 3508/5648/4746 3520/5382/4521 3587/5169/4346
f 3490/7176/5964 3524/7180/5968 3513/6740/5625 3481/1182/1021 3473/1181/1020
f 3801/3996/3397 3786/7264/6023 3793/7265/6024 3817/1708/1449
f 3711/1075/933 3730/1074/932 3712/6403/5345 3667/1647/1401
f 3842/6658/5557 3873/5016/4213 3864/5018/4215 3817/1708/1449 3793/7265/6024
f 3340/1041/899 3313/27/24 3324/4987/4186
f 3687/5138/4319 3675/7276/4424 3673/5282/4423 3683/5139/4320
f 3893/6790/5670 3905/2652/2256 3906/7298/5733 3922/7299/6049 3907/7300/6050
f 3420/1269/1093 3336/7312/6059 3368/7313/6060 3391/1270/1094
f 3438/7322/6066 3367/6190/5168 3400/6195/5173 3446/7323/6067
f 3875/5412/4547 3900/7326/6070 3887/5411/4546
f 3738/7066/5885 3767/6272/5243 3680/5280/4430 3656/2564/2177 3625/5234/4388 3646/6979/5825 3692/7329/6072 3725/7330/6073
f 3500/7331/6074 3459/5541/4654 3470/5088/4278 3480/5087/4277
f 3588/6026/5042 3714/6025/5041 3691/6290/5258 3619/6289/5257 3607/7334/6076
f 3325/580/506 3339/579/505 3323/4985/4184
f 3334/7196/5978 3349/7340/6080 3310/5421/4553 3291/7197/5979
f 3714/7345/5041 3617/7007/5043 3669/5278/4429 3723/5358/4497
f 3841/7348/6085 3883/7203/5985 3892/2112/1793 3849/2111/1792
f 3288/4975/4173 3287/4974/4172 3306/6844/5718 3307/7061/5882 3314/5254/4408
f 3926/7374/5334 3911/6989/5829 3927/5429/4561 3938/7375/6110
f 3778/1473/1269 3777/1472/1268 3795/5776/4844 3810/6893/5751
f 4014/5890/4941 4015/5889/4940 4017/5506/4623 4016/5498/4614
f 3791/6181/5159 3805/7413/5724 3783/7414/6128 3766/7415/6129
f 3364/7417/6131 3347/6915/5773 3331/6914/5772 3315/7418/6132 3355/7419/6133 3363/7420/6134
f 3749/5049/4242 3774/7421/6135 3763/5359/4498
f 3951/5093/4282 3952/7422/6136 4003/7423/4463 3994/5091/78
f 3660/5249/6137 3676/7424/4407 3688/5294/4440 3686/5268/4439
f 3808/5777/4845 3795/5776/4844 3777/1472/1268 3776/7449/6156
f 3456/5041/4236 3434/5043/4226 3441/7454/5305 3450/5058/4248
f 3564/7455/4323 3569/7456/6158 3539/5106/4295 3565/5105/4294
f 3589/6737/5622 3513/6740/5625 3524/7180/5968 3575/7179/5967 3623/7459/6161 3622/7460/6162
f 3724/7121/5919 3752/7120/5918 3690/7181/5969
f 3665/6687/5575 3666/7466/4395 3710/7467/4480 3721/6684/4487
f 3443/5542/4655 3425/7473/6172 3436/7474/6173 3451/7475/4675
f 3537/5103/4292 3407/7484/6182 3390/7485/6183 3388/6942/5793 3406/6946/5797 3428/6945/5796 3516/7486/6184 3535/5100/4289
f 3462/6713/5601 3430/7497/6196 3409/7498/6197 3402/7499/6198 3438/7322/6066 3446/7323/6067 3526/7500/6199 3599/7501/6200 3543/7502/6201
f 3775/5361/4500 3783/7507/6128 3805/6852/5724 3823/6206/5185 3790/5148/4330
f 3746/7517/1780 3762/7518/4499 3761/5836/4899 3744/6685/5573 3721/6684/4487
f 3739/6734/5619 3651/6733/5618 3652/6686/5574 3744/6685/5573 3761/5836/4899
f 4002/5489/4607 4001/6883/5743 4006/6884/5744 4014/5890/4941
f 3430/7497/6196 3381/327/289 3358/5059/4250 3337/5422/4554
f 3923/802/702 3908/2373/2020 3885/6595/5511 3884/6657/5556 3909/803/703
f 4011/7541/4464 4018/5316/4460 3702/5318/4462 4015/6879/4940
f 3377/1910/1618 3389/3134/2669 3399/7544/6227 3398/7545/6228 3387/7546/6229
f 3910/4122/3504 3900/7326/6070 3875/5412/4547 3897/5419/4551
f 3964/4980/1067 3967/5453/4581 3956/5452/1068
f 3853/6082/5085 3833/7578/6254 3855/5921/4963
f 3715/6288/5256 3644/7588/6261 3621/7152/5943 3620/7151/5942 3619/6289/5257
f 3981/5461/4584 3958/5425/4557 3968/5460/4583 3972/5476/4595
f 3639/5633/4735 3517/3716/3155 3612/5363/4502 3664/5365/4504
f 3637/5228/4374 3974/5227/4383 3992/5252/4406 3650/5251/4391
f 3355/7419/6133 3315/7418/6132 3305/7612/6276 3329/7613/6277
f 3770/7615/5439 3802/7616/6278 3788/7617/6279
f 3303/5255/4409 3344/4516/3813 3342/4515/3812 3327/340/301
f 3494/7620/6281 3479/7621/6282 3496/7622/4227 3511/5095/4284
f 3282/4969/4167 3286/4972/4170 3289/6845/5719 3283/5812/4876
f 3941/6429/5373 3939/5558/4669 3940/7628/6287
f 3764/1474/1270 3751/7633/6289 3776/7449/6156 3777/1472/1268
f 3831/6659/5558 3842/6658/5557 3793/7265/6024 3742/7636/6290 3728/7637/6291 3792/7638/6292 3813/6656/5555
f 3564/5141/4323 3557/5125/4322 3580/5161/2641 3584/7647/2640
f 3782/7648/6296 3771/6768/5654 3788/7617/6279 3804/7649/6297
f 3942/6960/5808 3938/7375/6110 3927/5429/4561 3929/7650/6298
f 3510/6948/5799 3522/6947/5798 3496/5032/4227 3488/5035/4230
f 3844/2873/2456 3825/7658/6306 3804/7659/6297 3820/7660/6307
f 3338/7670/4251 3369/7671/291 3340/1041/899 3324/4987/4186
f 3833/7578/6254 3853/6082/5085 3832/7673/4525
f 3304/7684/6331 3328/7685/6332 3329/7686/6277 3305/7687/6276
f 3818/5837/4900 3806/5385/4524 3832/5387/4525 3843/6692/5578
f 3547/7693/4094 3588/6026/5042 3512/7694/6336 3523/7695/6337
f 3448/6579/5497 3449/6578/5496 3455/3513/2991 3475/6898/5758
f 3277/7708/5379 3293/1190/1029 3296/1189/1028
f 3759/7710/6347 3657/5244/4399 3696/5281/4431 3735/7711/6348 3769/7712/6349 3768/7713/6350
f 3284/4970/4168 3283/5812/4876 3287/4974/4172 3285/4973/4171
f 3641/5063/4254 3573/5062/4253 3615/5827/4889
f 3782/7648/6296 3774/7421/6135 3749/5049/4242 3771/6768/5654
f 3847/7720/6357 3861/52/53 3829/57/58 3828/7721/6358
f 3495/5086/4276 3523/7695/6337 3512/7694/6336 3480/5087/4277
f 3866/6081/5084 3888/7727/623 3876/7728/6365 3853/6082/5085
f 3462/6713/5601 3447/6712/5600 3432/7729/6366 3430/7497/6196
f 3901/4477/3783 3902/4476/3782 3904/3520/2255 3880/3519/2996 3879/6704/5591
f 3903/7737/5328 3918/7170/5332 3916/5436/4568 3891/7069/5656
f 3668/5276/4427 3713/5975/4998 3677/5275/4426
f 3363/7420/6134 3375/7738/6370 3396/7739/6371 3417/7740/6372 3426/6959/5807 3397/6958/5806 3364/7417/6131
f 3535/5100/4289 3516/7486/6184 3525/7048/5872 3550/5114/4303
f 3571/5113/4336 3542/5108/6378 3955/5151/4334
f 3597/5192/4360 3636/5210/4232 3948/5209/4370 3946/5193/4361
f 3515/7053/5877 3489/7052/5876 3534/7148/5939 3574/7153/5944 3624/6978/5824 3549/6977/5823
f 3480/5087/4277 3512/7694/6336 3533/7771/6394 3500/7331/6074
f 3987/5480/4599 3984/5477/4596 3983/3556/3031 3999/5478/4597
f 3966/5823/4885 3954/5459/4578 3967/5453/4581
f 3726/6271/5242 3727/5327/4471 3695/5312/4456 3716/5326/6404 3694/5301/4445
f 3789/5147/4329 3772/1475/1271 3775/5361/4500 3790/5148/4330
f 3731/5337/4481 3747/2100/1781 3721/5345/4487 3710/5336/4480
f 3298/4986/4185 3297/5427/4559 3299/342/303
f 3469/5056/4247 3492/5650/4748 3468/5057/2990
f 3439/6192/5170 3357/6191/5169 3335/7801/6410 3336/7312/6059 3420/1269/1093
f 3414/7802/6411 3370/7803/6412 3404/3966/3376 3424/7804/6413
f 3281/4971/4169 3282/4969/4167 3277/6437/5379
f 3843/6692/5578 3853/7808/5085 3876/7809/6365 3877/6693/5579
f 3824/6972/1450 3854/6974/5818 3844/2873/2456 3820/7660/6307
f 3522/7817/5798 3531/6901/5761 3530/5096/4285 3511/5095/4284 3496/7622/4227
f 3379/6912/5770 3388/6942/5793 3390/7485/6183 3365/6913/5771
f 3310/5421/4553 3349/7340/6080 3367/6190/5168 3438/7322/6066 3402/7499/6198
f 3862/7825/6430 3851/55/56 3882/54/55 3893/6790/5670 3907/7300/6050 3883/7203/5985
f 3453/1180/1019 3418/1185/1024 3387/7546/6229 3398/7545/6228 3437/7833/6434 3460/7224/5995
f 3914/5430/4562 3927/5429/4561 3911/6989/5829 3915/718/624
f 3426/6959/5807 3417/7740/6372 3443/5542/4655 3459/5541/4654
f 3282/4969/4167 3278/4968/4166 3277/6437/5379
f 3467/7225/5996 3460/7224/5995 3437/7833/6434 3419/7838/6436 3555/5118/4307 3591/5180/4352 3502/7177/5965
f 3390/7485/6183 3407/7484/6182 3408/7839/6437 3380/7840/6438 3365/6913/5771
f 3416/7055/5878 3376/7841/5652 3362/6789/5669 3378/1911/1619 3385/7842/6439
f 3299/342/303 3312/341/4183 3298/4986/4185
f 3457/7849/6444 3435/7850/6445 3405/7056/5653 3458/5034/4229 3465/5033/4228
f 3373/5012/4209 3383/5011/4208 3353/5002/4198 3354/4997/4193
f 3821/5380/4519 3855/5921/4963 3807/5383/4522
f 3979/5473/4592 3981/5461/4584 3972/5476/4595 3980/5475/4594
f 3599/7501/6200 3728/7637/6291 3742/7636/6290 3729/5364/4503 3612/5363/4502 3543/7502/6201
f 3952/7871/6136 3707/5317/4461 4018/5316/4460 4003/7872/4463
f 3813/6656/5555 3792/7638/6292 3800/7877/6462 3814/2024/1711
f 3454/7878/6463 3503/7169/5960 3781/7168/5959 3814/2024/1711 3800/7877/6462 3526/7500/6199 3446/7323/6067 3400/6195/5173 3401/6194/5172 3429/6193/5171
f 3972/5476/4595 3968/5460/4583 3987/5480/4599 3989/5474/4593
f 3452/1184/1023 3471/1183/1022 3458/5034/4229 3416/7055/5878 3385/7842/6439
f 3382/6652/5551 3410/5025/4222 3391/1270/1094 3359/6649/5550
f 3781/7168/5959 3760/6769/5655 3815/2025/1712 3814/2024/1711
f 3507/7129/5924 3546/5099/4288 3521/4872/4095 3509/7887/6471 3486/5064/4255
f 3953/5150/4333 3569/5149/4332 3945/7935/1069 3956/7936/1068
f 3826/6921/5725 3791/6181/5159 3811/6183/5161 3838/6922/5779
f 3607/7334/6076 3619/6289/5257 3620/7151/5942 3548/7150/5941
f 3290/6661/5559 3296/1189/1028 3292/1188/1027 3291/7197/5979 3310/5421/4553 3321/5420/4552
f 3311/6660/23 3321/5420/4552 3338/5060/4251 3324/7957/4186
f 4002/5489/4607 3999/5478/4597 3988/5479/4598 4001/6883/5743
f 3350/1039/897 3340/1041/899 3369/7671/291
f 3394/4407/3719 3383/5011/4208 3415/5013/4210 3413/6351/5304
f 3402/7499/6198 3409/7498/6197 3430/7497/6196 3337/5422/4554 3310/5421/4553
f 3913/5431/4563 3914/5430/4562 3889/7065/5884 3916/5436/4568
f 3388/6942/5793 3379/6912/5770 3347/6915/5773 3364/7417/6131
f 3776/7449/6156 3751/7633/6289 3723/7979/4497 3763/7980/4498 3774/7981/6135
f 3695/5312/4456 3696/5281/4431 3682/5304/4448
f 3369/7671/291 3392/7988/290 3404/7989/3376 3370/7990/6412 3350/1039/897
f 3374/7993/6524 3343/7994/6525 3341/7995/6526 3351/1040/898 3372/7996/6527
f 3939/5558/4669 3943/6166/5144 3931/322/284 3930/321/283
f 3768/7713/6350 3769/7712/6349 3812/8000/6530 3850/5372/4511 3797/5371/4510 3784/8001/6531
f 3787/5595/4700 3806/5385/4524 3761/5836/4899 3762/7518/4499
f 3865/2871/2454 3887/5411/4546 3867/2872/2455
f 3691/6290/5258 3714/6025/5041 3751/7633/6289 3764/1474/1270
f 3890/7068/5012 3889/7065/5884 3878/7064/4540 3869/8011/4539
f 3794/5379/4518 3773/1476/1272 3772/1475/1271 3789/5147/4329 3809/5146/4328
f 3469/5056/4247 3450/5058/4248 3479/7621/6282 3494/7620/6281 3493/7103/5906
f 3333/4007/3408 3365/6913/5771 3380/7840/6438 3366/3133/2668 3356/3132/2667 3348/3131/2666
f 3858/8025/5592 3837/6892/5750 3846/8026/5593
f 3727/5327/4471 3812/8000/6530 3769/7712/6349 3735/7711/6348 3696/5281/4431
f 3924/801/701 3937/8029/6550 3936/8030/6551 3923/802/702
f 3340/1041/899 3351/1040/898 3341/7995/6526
f 3770/7615/5439 3788/7617/6279 3771/6768/5654 3748/2299/1959 3745/2298/1958
f 4019/5510/4473 4017/5506/4623 4015/5889/4940
f 3413/6351/5304 3415/5013/4210 3435/8047/6445 3441/6352/5305
f 3530/5096/4285 3605/6923/5780 3587/5169/4346 3529/5094/4283
f 3894/6387/5333 3924/801/701 3909/803/703 3863/2029/1716 3895/2028/1715
f 3364/7417/6131 3397/6958/5806 3427/6957/5805 3445/6944/5795 3386/6943/5794 3388/6942/5793
f 3348/3131/2666 3317/3130/2665 3308/8049/5717 3320/4006/3407
f 3606/4873/4096 3521/4872/4095 3573/5062/4253
f 3954/5459/4578 3966/5823/4885 3960/8069/6577 3959/5458/4579
f 3517/3716/3155 3491/6714/5602 3462/6713/5601 3543/7502/6201 3612/5363/4502
f 3955/5151/4334 3542/5108/6378 3540/5111/6579 3954/5447/4578
f 3385/7842/6439 3378/1911/1619 3377/1910/1618 3387/7546/6229 3418/1185/1024
f 3627/5220/4377 3645/8071/6580 3608/7178/5966 3609/5181/4354
f 3286/4972/4170 3304/7684/6331 3305/7687/6276 3289/6845/5719
f 3773/1476/1272 3803/5381/4520 3787/8076/4700 3762/5360/4499
f 3290/6661/5559 3311/6660/23 3295/8077/22 3296/1189/1028
f 3583/5191/2639 3946/5193/4361 3945/8086/6592 3584/8087/2640
f 3569/7456/6158 3564/7455/4323 3584/8087/2640 3945/8086/6592
f 3300/24/21 3313/27/24 3340/1041/899 3341/7995/6526 3328/7685/6332 3301/8088/6593
f 3979/5473/4592 3996/5490/4608 3991/8092/4601 3990/5469/4590
f 3693/5303/4447 3681/5286/4435 3680/5280/4430 3694/5301/4445
f 3298/8094/4185 3323/8095/4184 3322/8096/6594
f 3333/4007/3408 3320/4006/3407 3308/8049/5717 3316/8097/5720 3319/8098/6595
f 3501/8099/6596 3472/8100/6597 3500/7331/6074 3533/7771/6394
f 3559/5127/4324 3565/5142/4294 3566/5144/4327 3561/5133/4326
f 3695/5312/4456 3700/5311/4455 3716/5326/4470
f 3652/6686/5574 3651/6733/5618 3600/6732/5617
f 3504/8101/6598 3483/8102/6599 3527/8103/6599 3498/8104/6600 3600/6732/5617 3611/6731/5616
f 3393/8109/3720 3410/5025/4222 3382/6652/5551
f 3870/5990/5011 3838/6922/5779 3839/8111/6605 3859/6773/5657
f 3614/5198/4363 3604/5170/4347 3616/5239/4394
f 3796/8113/6608 3828/7721/6358 3829/57/58 3798/1736/1474 3780/7067/5886
f 3505/6747/5631 3484/6899/5759 3506/8114/4747 3544/6748/5632
f 3572/1510/1301 3613/1645/1399 3603/5019/4216
f 3880/8133/2996 3871/2650/2254 3858/8025/5592
f 3682/5304/4448 3671/5261/4415 3685/5288/4438
f 3802/7616/6278 3820/8161/6307 3804/7649/6297 3788/7617/6279
f 3413/6351/5304 3434/5029/4226 3412/5031/4221 3393/4408/3720 3394/4407/3719
f 3758/7119/5917 3759/7710/6347 3768/7713/6350 3784/8001/6531
f 3418/1185/1024 3452/1184/1023 3385/7842/6439
f 3912/4121/3503 3901/4477/3783 3887/5411/4546 3900/7326/6070
f 3820/7660/6307 3802/8166/6278 3819/8167/1451 3824/6972/1450
f 3447/6712/5600 3474/6715/5603 3476/8174/674
f 3602/8175/4345 3614/8176/4363 3640/6749/4393 3544/6748/5632 3528/8177/4348
f 3939/5558/4669 3941/6429/5373 3943/6166/5144
f 3827/8182/6638 3848/5370/4509 3860/6842/5716 3839/8111/6605 3838/6922/5779 3811/6183/5161
f 3560/5134/4316 3537/5103/4292 3536/5102/4291
f 3440/770/676 3463/769/675 3433/5789/4856 3423/8198/6647
f 3968/5460/4583 3961/5456/4582 3962/8207/6654 3984/5477/4596 3987/5480/4599
f 3419/7838/6436 3437/7833/6434 3398/7545/6228 3399/7544/6227
f 3280/4976/4174 3300/24/21 3301/8088/6593
f 3730/1074/932 3748/2299/1959 3736/5050/4243 3712/6403/5345
f 3890/5991/5012 3870/5990/5011 3859/6773/5657 3891/6772/5656
f 4011/5320/4464 4014/5890/4941 4006/6884/5744
f 3844/2873/2456 3867/2872/2455 3845/6751/5637 3825/7658/6306
f 3801/3996/3397 3755/5607/4711 3786/7264/6023
f 3408/7839/6437 3399/7544/6227 3389/3134/2669 3366/3133/2668 3380/7840/6438
f 3442/8217/6661 3424/7804/6413 3433/5789/4856 3464/4176/3543
f 3482/7051/5875 3444/6956/5804 3472/8100/6597 3501/8099/6596 3489/7052/5876
f 3642/6902/4909 3643/8225/6669 3605/6923/5780 3530/5096/4285
f 3766/7415/6129 3741/8227/6671 3752/7120/5918 3779/6182/5160 3791/6181/5159
f 3938/7375/6110 3937/8228/6550 3924/8229/701 3926/7374/5334
f 3809/5146/4328 3835/6207/5186 3834/5920/4962 3821/5380/4519
f 3546/5099/4288 3573/5062/4253 3521/4872/4095
f 3408/7839/6437 3407/7484/6182 3537/5103/4292 3554/5121/4310 3555/5118/4307 3419/7838/6436 3399/7544/6227
f 3497/7049/5873 3525/7048/5872 3516/7486/6184 3428/6945/5796 3445/6944/5795 3466/7050/5874
f 3896/6691/5577 3894/6387/5333 3895/2028/1715 3874/2027/1714
f 3742/7636/6290 3793/7265/6024 3786/7264/6023 3755/5607/4711 3743/8245/6681 3729/5364/4503
f 3634/5038/4233 3636/5037/4232 3597/5190/4360 3594/5184/4356
f 3883/7203/5985 3907/7300/6050 3922/7299/6049 3919/6384/5330 3921/6383/5329
f 3658/5264/2176 3659/5263/4417 3630/5223/4380 3629/5224/4378
f 3842/6658/5557 3884/6657/5556 3885/6595/5511 3886/5017/4214 3873/5016/4213
f 3922/8268/6049 3906/6866/5733 3931/322/284 3934/6167/5145
f 3810/6893/5751 3796/8113/6608 3780/7067/5886 3753/6287/5255 3778/1473/1269
f 3811/6183/5161 3779/6182/5160 3758/7119/5917 3784/8001/6531 3797/5371/4510 3848/5370/4509 3827/8182/6638
f 3617/7007/5043 3606/4873/4096 3641/5063/4254 3669/5278/4429
f 3888/717/623 3899/716/622 3877/8281/5579 3876/8282/6365
f 3975/7186/4591 3947/5444/4575 3949/5445/4576
f 3825/7658/6306 3845/6751/5637 3868/6703/5590 3846/6706/5593 3822/8283/4843
f 3736/5050/4243 3749/5049/4242 3723/5358/4497 3732/5835/4898
f 3702/7084/5895 3707/7122/5920 3703/7082/4318
f 3936/8030/6551 3925/2372/2019 3923/802/702
f 3630/5223/6715 3635/5039/4234 3634/5038/4233 3631/5204/4368
f 3910/4122/3504 3897/5419/4551 3908/8300/2020 3925/8301/2019
f 3992/5481/4600 3991/5483/4601 4004/5494/4610 3993/5493/4611
f 3962/8207/6654 3960/8069/6577 3969/3554/3029 3984/5477/4596
f 3534/7148/5939 3489/7052/5876 3501/8099/6596 3514/7149/5940
f 3836/6785/5668 3835/6207/5186 3823/6206/5185 3826/6854/5725 3857/6786/5010
f 3341/7995/6526 3343/7994/6525 3329/7686/6277 3328/7685/6332
f 3837/6892/5750 3795/5776/4844 3822/5775/4843 3846/8026/5593
f 3343/8314/6525 3375/7738/6370 3363/7420/6134 3355/7419/6133 3329/7613/6277
f 3421/8316/6723 3403/8317/6724 3381/327/289 3430/7497/6196 3432/7729/6366
f 3875/8321/4547 3852/8322/5817 3864/5018/4215 3886/5017/4214
f 3512/7694/6336 3588/6026/5042 3607/7334/6076 3548/7150/5941 3533/7771/6394
f 3451/5568/4675 3436/8339/6173 3442/8217/6661 3478/4175/3542
f 3545/1511/1302 3603/5019/4216 3573/5062/4253 3546/5099/4288
f 3403/8317/6724 3421/8316/6723 3411/8353/3377 3392/328/290
f 3598/5197/4362 3963/8361/6748 3970/5229/4384 3637/5228/4374
f 3308/6843/5717 3317/8362/2665 3318/7062/5883 3307/7061/5882 3306/6844/5718
f 3875/5412/4547 3865/2871/2454 3854/6974/5818 3852/6973/5817
f 3283/5812/4876 3289/6845/5719 3306/6844/5718 3287/4974/4172
f 3856/5406/4541 3834/5920/4962 3835/6207/5186 3836/6785/5668
f 3396/7739/6371 3375/7738/6370 3343/8314/6525 3374/8376/6524 3384/8377/6758
f 3941/6429/5373 3932/6428/5372 3934/6167/5145 3943/6166/5144
f 3539/5110/4331 3953/5150/4333 3954/5447/4578 3540/5111/6579
f 3381/327/289 3403/8317/6724 3392/328/290
f 3321/5420/4552 3337/5422/4554 3358/5059/4250 3338/5060/4251
f 3481/1182/1021 3488/5035/4230 3471/1183/1022
f 3479/7621/6282 3450/5058/4248 3457/8395/6444
f 3942/6960/5808 3929/7650/6298 3913/5431/4563 3933/5435/4567 3944/6430/5374
f 3411/3968/3377 3423/8198/6647 3424/7804/6413 3404/3966/3376
f 3959/5458/4579 3960/8069/6577 3962/8207/6654 3961/5456/4582
f 3350/1039/897 3370/7990/6412 3351/1040/898
f 3361/4514/3811 3373/5012/4209 3354/4997/4193 3342/4515/3812
f 3720/5932/4930 3664/5365/4504 3729/5364/4503 3743/8245/6681
f 3507/7129/5924 3485/2451/2087 3519/1512/1303 3546/5099/4288
f 3336/7312/6059 3309/6937/5791 3294/6936/5790 3322/8096/6594
f 3939/5558/4669 3935/5557/4668 3936/8426/6551 3940/7628/6287
f 3395/8428/6784 3436/8339/6173 3425/8429/6172
f 3770/7615/5439 3745/2298/1958 3755/8433/4711
f 3436/8339/6173 3414/7802/6411 3424/7804/6413 3442/8217/6661
f 3775/5361/4500 3750/5362/4501 3757/8436/6792 3783/7507/6128
f 4001/6883/5743 3988/5479/4598 3995/5369/4508
f 3912/4121/3503 3900/7326/6070 3910/4122/3504
f 3928/4123/3505 3939/5558/4669 3930/321/283
f 3724/7121/5919 3679/8439/6793 3734/8440/6794 3733/8441/6794 3758/7119/5917
f 3526/7500/6199 3800/7877/6462 3792/7638/6292 3728/7637/6291 3599/7501/6200
f 3575/7179/5967 3608/7178/5966 3645/8071/6580 3679/8439/6793 3623/7459/6161
f 3659/5263/4417 3672/5262/4416 3673/5270/4423 3662/5269/4422
f 3314/5254/4408 3344/4516/3813 3303/5255/4409
f 3741/8445/6671 3757/8436/6792 3750/5362/4501 3737/6828/5702
f 3856/5406/4541 3878/5405/4540 3866/6081/5084 3834/5920/4962
f 3395/8428/6784 3372/8453/6527 3414/7802/6411 3436/8339/6173
f 3472/8100/6597 3444/6956/5804 3426/6959/5807 3459/5541/4654 3500/7331/6074
f 3840/56/57 3851/55/56 3862/7825/6430 3830/8475/6810 3785/6270/5241 3799/1735/1473
f 3774/7421/6135 3782/7648/6296 3804/7649/6297 3808/8488/4845
f 3710/5336/4480 3666/5240/4395 3677/5275/4426
f 3971/4979/4176 3966/5823/4885 3967/5453/4581 3964/4980/1067
f 3825/7658/6306 3822/8283/4843 3808/8499/4845 3804/7659/6297
f 3649/5236/3008 3647/8537/3007 3628/8538/4376 3632/5225/6821
f 3421/8543/6723 3440/770/676 3423/8198/6647 3411/3968/3377
f 3457/7849/6444 3465/5033/4228 3496/5032/4227 3479/8546/6282
f 3859/6773/5657 3839/8111/6605 3860/6842/5716 3872/2110/1791
f 3371/4409/3721 3353/5002/4198 3383/5011/4208 3394/4407/3719
f 3750/5362/4501 3772/1475/1271 3740/3402/2900
f 3298/8094/4185 3322/8096/6594 3294/6936/5790 3297/8559/4559
f 3969/3554/3029 3960/8069/6577 3966/5823/4885 3986/3555/3030
f 3911/6989/5829 3926/7374/5334 3898/6988/5828
f 3288/4975/4173 3302/343/304 3285/4973/4171
f 3738/7066/5885 3725/7330/6073 3644/7588/6261 3715/6288/5256 3753/6287/5255
f 3679/8439/6793 3724/7121/5919 3690/7181/5969 3589/6737/5622 3622/7460/6162 3623/7459/6161
f 3610/5207/4358 3632/5225/6821 3628/8538/4376 3609/8594/4351
f 3950/8595/6844 3635/5226/4382 3662/5273/4422 3951/5272/4425
f 3952/7123/5921 3951/5272/4425 3675/5274/4424 3687/7124/4319
f 3454/7878/6463 3429/6193/5171 3439/6192/5170 3504/8101/6598 3611/6731/5616 3503/7169/5960
f 3309/6937/5791 3336/7312/6059 3335/7801/6410 3334/7196/5978
f 4016/5498/4614 4017/5506/4623 4005/5491/4609 4008/5486/4604
f 3517/3716/3155 3518/3718/1300 3499/8599/4274 3474/6715/5603 3491/6714/5602
f 3372/7996/6527 3351/1040/898 3370/7990/6412 3414/8600/6411
f 3509/7887/6471 3521/4872/4095 3547/4871/4094 3523/8609/6337 3495/8610/4276
f 3487/5567/4275 3509/7887/6471 3495/8610/4276
f 3932/6428/5372 3944/6430/5374 3933/5435/4567 3920/7171/5331
f 3704/7083/5894 3705/5076/4267 3717/5075/4266 3718/5335/4479
f 3980/5475/4594 3998/5488/4606 3996/5490/4608 3979/5473/4592
f 3585/5196/4344 3586/6630/5536 3963/8361/6748 3598/5197/4362
f 3862/7825/6430 3883/7203/5985 3841/7348/6085 3830/8475/6810
f 3657/5244/4399 3759/7710/6347 3758/7119/5917 3733/8441/6794 3734/8440/6794 3679/8439/6793 3645/8071/6580 3627/5220/4377
f 3644/7588/6261 3725/7330/6073 3692/7329/6072 3646/6979/5825 3624/6978/5824 3574/7153/5944 3621/7152/5943
f 3850/5372/4511 3812/8000/6530 3830/8475/6810 3841/7348/6085 3849/2111/1792
f 3928/4123/3505 3910/4122/3504 3925/8301/2019 3935/5557/4668
f 3854/6974/5818 3865/2871/2454 3844/2873/2456
f 3315/7418/6132 3331/6914/5772 3333/4007/3408 3319/8098/6595
f 3486/5064/4255 3509/7887/6471 3487/5567/4275 3478/4175/3542
f 3665/6687/5575 3638/6750/5633 3640/6749/4393 3666/7466/4395
f 3982/4659/3924 3971/4979/4176 3978/5484/4602 3988/5479/4598
f 3731/5337/4481 3677/5275/4426 3713/5975/4998
f 3464/4176/3543 3478/4175/3542 3442/8217/6661
f 3323/8095/4184 3339/6650/505 3368/7313/6060 3336/7312/6059 3322/8096/6594
f 3395/8677/6784 3384/8678/6758 3374/7993/6524 3372/7996/6527
f 3832/5387/4525 3807/5386/4522 3833/8679/6254
f 3722/5609/931 3720/5932/4930 3743/8245/6681 3755/5607/4711
f 3997/82/79 4011/5320/4464 4006/6884/5744 3995/5369/4508
f 3843/6692/5578 3874/2027/1714 3816/2026/1713 3818/5837/4900
f 3861/52/53 3847/7720/6357 3858/8025/5592 3871/2650/2254 3881/53/54
f 3630/5223/6715 3659/5263/4417 3662/5269/4422 3635/5039/4234
f 4005/8694/4609 4013/5501/4618 4010/5495/4612 4004/5494/4610
f 3741/8227/6671 3766/7415/6129 3783/7414/6128 3757/8695/6792
f 3915/718/624 3888/717/623 3889/7065/5884 3914/5430/4562
f 3405/6767/5653 3435/8047/6445 3415/5013/4210
f 3571/5113/4336 3957/5152/4335 3570/5450/4556 3586/5449/4580
f 3833/7578/6254 3807/5383/4522 3855/5921/4963
f 3941/6429/5373 3940/7628/6287 3938/7375/6110 3942/6960/5808
f 3431/1271/1095 3461/8720/6888 3498/8104/6600 3527/8103/6599 3483/8102/6599 3504/8101/6598 3439/6192/5170 3420/1269/1093
f 3475/6898/5758 3455/3513/2991 3468/3512/2990 3484/6899/5759
f 3762/5360/4499 3756/1477/1273 3773/1476/1272
f 3405/7056/5653 3376/7841/5652 3416/7055/5878
f 3514/7149/5940 3501/8099/6596 3533/7771/6394 3548/7150/5941
f 3423/8198/6647 3433/5789/4856 3424/7804/6413
f 3492/5650/4748 3506/5649/4747 3484/8726/5759 3468/5057/2990
f 3391/1270/1094 3368/7313/6060 3339/6650/505 3359/6649/5550
f 3698/5302/4446 3716/5326/4470 3700/5311/4455
f 3334/7196/5978 3335/7801/6410 3357/6191/5169 3367/6190/5168 3349/7340/6080
f 3819/8732/1451 3802/7616/6278 3770/7615/5439 3801/8733/3397
f 3828/7721/6358 3796/8113/6608 3810/6893/5751 3837/6892/5750 3858/8025/5592 3847/7720/6357
f 3925/8301/2019 3936/8426/6551 3935/5557/4668
f 3639/8736/4735 3664/8737/4504 3709/1646/1400 3613/1645/1399 3572/1510/1301
f 3934/6167/5145 3932/6428/5372 3920/7171/5331 3919/8738/5330 3922/8268/6049
f 3417/7740/6372 3396/7739/6371 3384/8377/6758 3395/8744/6784 3425/7473/6172 3443/5542/4655
f 3319/8750/6595 3316/6846/5720 3289/6845/5719 3305/7687/6276 3315/8751/6132
f 3477/8756/2086 3476/8174/674 3474/6715/5603 3499/8599/4274
f 3301/8088/6593 3328/7685/6332 3304/7684/6331 3286/4972/4170
f 3648/5235/4392 3650/5237/4391 3676/7424/4407 3660/5249/6137
f 3346/3129/2664 3332/1909/1617 3330/6788/5626 3318/8765/5883 3317/3130/2665
f 3688/7093/4440 3689/7092/4617 3708/5074/4265 3706/5077/4268
f 3812/8000/6530 3727/5327/4471 3726/6271/5242 3785/6270/5241 3830/8475/6810
f 3852/8322/5817 3824/1709/1450 3817/1708/1449 3864/5018/4215
f 3441/7454/5305 3435/8774/6445 3457/8395/6444 3450/5058/4248
f 3643/8225/6669 3668/5276/4427 3616/5239/4394 3605/6923/5780
f 3362/8777/5669 3376/6766/5652 3373/5012/4209 3361/4514/3811 3345/4513/3810
f 3440/8778/676 3421/8316/6723 3432/7729/6366 3447/6712/5600 3476/8174/674
f 3913/5431/4563 3929/7650/6298 3927/5429/4561
f 3808/8488/4845 3776/8782/6156 3774/7421/6135
f 3615/5827/4889 3603/5019/4216 3613/1645/1399 3667/1647/1401
f 3879/6704/5591 3867/2872/2455 3887/5411/4546 3901/4477/3783
f 3970/5467/4588 3963/8791/4555 3965/8792/4558 3981/5465/4584
f 3723/7979/4497 3751/7633/6289 3714/6025/5041
f 3451/7475/4675 3487/5085/4275 3470/5088/4278 3443/5542/4655
f 3654/6826/4908 3678/6825/5701 3668/5276/4427 3643/8225/6669 3642/6902/4909
f 3936/8426/6551 3937/8228/6550 3938/7375/6110 3940/7628/6287
f 3280/4976/4174 3301/8088/6593 3286/4972/4170 3281/4971/4169
f 3638/6750/5633 3665/6687/5575 3652/6686/5574 3600/6732/5617 3498/8104/6600 3601/6746/5630
f 3737/8797/5702 3655/5849/4910 3690/7181/5969 3752/7120/5918 3741/8227/6671
f 3532/6739/5624 3510/6948/5799 3488/5035/4230 3481/1182/1021 3513/6740/5625
f 3832/5387/4525 3853/7808/5085 3843/6692/5578
f 3493/7103/5906 3508/5648/4746 3492/5650/4748 3469/5056/4247
f 3448/6579/5497 3475/6898/5758 3505/6747/5631 3601/6746/5630 3498/8104/6600 3461/8720/6888 3431/1271/1095
f 3950/8595/6844 3949/5211/4371 3635/5226/4382
f 3493/7103/5906 3494/7620/6281 3511/5095/4284 3529/5094/4283
f 3532/6739/5624 3618/6738/5623 3655/5849/4910 3642/5848/4909 3510/6948/5799
f 3899/8821/622 3898/8822/5828 3877/6693/5579
f 3976/4981/4177 3977/80/77 3978/5484/4602 3971/4979/4176
f 3894/6387/5333 3896/6691/5577 3877/6693/5579 3898/8822/5828 3926/6388/5334
usemtl Volume80.002
f 4361/28/25 4377/29/26 4332/30/27
f 4838/107/103 4837/108/104 4868/109/105
f 4463/280/248 4443/281/248 4349/282/248 4301/283/249 4303/284/250 4396/285/251 4444/286/252 4491/287/253 4476/288/254
f 4201/371/330 4086/372/331 4047/373/332
f 4988/462/415 5017/463/416 4963/464/417
f 4049/496/443 4097/497/444 4021/498/445
f 4468/518/459 4457/519/460 4469/520/461
f 4536/729/635 4571/730/636 4528/731/637
f 4241/733/639 4254/734/640 4229/735/641
f 4485/843/737 4530/844/738 4511/845/739 4484/846/740
f 4932/847/741 4973/848/742 4943/849/743
f 4369/970/839 4345/971/840 4384/972/841
f 4572/1054/913 4571/1055/636 4536/1056/635
f 4622/1069/927 4564/1070/928 4565/1071/929 4632/1072/930
f 4517/1133/984 4501/1134/985 4475/1135/986 4476/1136/987 4527/1137/988
f 5041/1139/990 5104/1140/991 5103/1141/992
f 4508/1211/1047 4509/1212/1048 4561/1213/1049
f 4569/1214/1050 4556/1215/1051 4599/1216/1052 4612/1217/1053
f 4678/1249/1080 4685/1250/1081 4619/1251/1082
f 4170/1323/1140 4172/1324/1141 4206/1325/1142
f 4779/1338/1158 4766/1339/1159 4729/1340/1160
f 4874/1407/1214 4905/1408/1215 4919/1409/1216
f 4521/1416/1223 4544/1417/1224 4579/1418/1225
f 4513/1456/1254 4471/1457/1255 4448/1458/1256 4436/1459/1257 4447/1460/1258 4470/1461/1259 4494/1462/1260 4550/1463/1261
f 5156/1515/1306 5182/1516/1307 5181/1517/1308
f 4351/1718/1458 4258/1719/1459 4350/1720/1460
f 4497/1721/1461 4530/1722/738 4485/1723/737 4459/1724/1462 4460/1725/1463
f 5208/1732/1470 5174/1733/1471 5176/1734/1472
f 4020/1737/1475 4032/1738/1476 4106/1739/1477 4073/1740/1478
f 4460/1746/1463 4439/1747/1484 4486/1748/1485
f 4768/1946/1646 4800/1947/1647 4761/1948/1648
f 4548/1958/1658 4468/518/1659 4510/1959/1660
f 4593/2092/1773 4582/2093/1774 4630/2094/1775 4629/2095/1776
f 4877/2096/1777 4840/2097/1778 4800/2098/1779
f 5060/2101/1782 5066/2102/1783 5092/2103/1784
f 5048/2115/1796 5062/2116/1797 5032/2117/1798
f 5142/2149/1830 4077/2150/1831 5097/2151/1832
f 4268/2183/1861 4326/2184/1862 4353/2185/1863
f 4242/2263/1925 4230/2264/1926 4226/2265/1927 4240/2266/1928
f 4673/2274/1936 4668/2275/1937 4652/2276/1938
f 4099/2277/1939 5055/2278/1940 5075/2279/1941
f 4887/2284/1946 4877/2096/1777 5131/2285/1947
f 4750/2289/1949 4738/2290/1950 4737/2291/1951
f 4448/1458/1256 4471/1457/1255 4437/2374/2021 4406/2375/2022
f 4468/518/459 4492/2384/2031 4510/1959/2032
f 4859/2441/2077 4846/2442/2078 4845/2443/2079
f 4854/2623/2224 4872/2624/2225 4808/2625/2226
f 4922/2632/2233 4895/2633/2234 4871/2634/2235 4857/2635/2236 4924/2636/2237
f 4168/2665/2269 4128/2666/2270 4203/2667/2271 4171/2668/2272
f 4349/2671/2275 4325/2672/2276 4301/2673/2277
f 4050/2781/2370 4070/2782/2371 4048/2783/2372 4028/2784/2373
f 5133/2785/2374 5114/2786/2375 5059/2787/2376
f 4863/2796/2385 4833/2797/2386 4796/2798/2387 4818/2799/2388 4851/2800/2389
f 4625/2830/2419 4599/1216/1052 4634/2831/2420
f 4917/2931/2496 4897/2932/2497 4880/2933/2498
f 4932/2956/741 4943/2957/743 4931/2958/2518
f 4926/3147/2681 4915/3148/2682 4927/3149/2683
f 4517/3305/2813 4516/3306/2813 4501/3307/2813
f 4594/3308/2814 4630/2094/1775 4582/2093/1774
f 4242/2263/1925 4240/2266/1928 4265/3326/2831 4255/3327/2832
f 4267/3336/2841 4268/2183/1861 4259/3337/2842
f 4571/1055/636 4572/1054/913 4637/3354/2855 4636/3355/2856
f 4750/2289/2933 4799/3445/2934 4786/3446/2935
f 4081/3447/2936 4076/3448/2937 4048/3449/2938
f 4971/3450/2939 4983/3451/2940 4958/3452/2941
f 4421/3493/2972 4408/3494/2973 4384/972/841
f 5244/3505/2984 5243/3506/2985 5238/3507/2986 5237/3508/2987 5051/3509/2985 5241/3510/2988
f 4434/3515/2993 4416/3516/2994 4376/3517/2995
f 4892/3533/3009 4911/3534/3010 4893/3535/3011
f 4580/3586/3059 4538/3587/3060 4547/3588/3061 4605/3589/3062 4606/3590/3063
f 5145/3591/3064 5121/3592/3065 5146/3593/3066
f 4919/1409/1216 4905/1408/1215 4949/3617/3082
f 4367/3634/3096 4347/3635/3097 4320/3636/3098 4317/3637/3099 4343/3638/3100
f 4618/3735/3171 4633/3736/3172 4644/3737/3173
f 4271/3815/3237 4309/3816/3238 4373/3817/3239 4352/3818/3240 4303/3819/3241 4272/3820/3242
f 4969/3881/3297 4878/3882/3298 4844/3883/3299 4792/3884/3300 4823/3885/3301 4856/3886/3302 4879/3887/3303 4923/3888/3304 4968/3889/3305
f 5118/3940/3353 5094/3941/3354 5136/3942/3355
f 5166/3960/3372 5090/3961/3373 5165/3962/3374
f 4696/4015/3416 4736/4016/3417 4695/4017/3418
f 4741/4018/3419 4792/3884/3300 4777/4019/3420
f 4619/4049/1082 4627/4050/3444 4678/4051/1080
f 4670/4075/3466 4740/4076/3467 4718/4077/3468
f 4253/4163/3531 4239/4164/3532 4252/4165/3533
f 4442/4166/3534 4450/4167/3535 4423/4168/3536
f 4747/4323/3652 4731/4324/3653 4730/4325/3654
f 4999/4386/3703 5043/4387/3704 5028/4388/3705
f 4311/4396/3710 4334/4397/3711 4313/4398/3712 4340/4399/3713
f 4462/4442/3752 4520/4443/3753 4452/4444/3754
f 4866/4468/3773 4885/4469/3774 4851/2800/3775
f 4870/4470/3776 4892/4471/3777 4869/4472/3778
f 5039/4588/3872 5025/4589/3873 4995/4590/3874
f 5144/4661/3925 5054/4662/3926 5145/4663/3064
f 4653/4691/3949 4683/4692/3950 4697/4693/3951
f 4086/372/331 4201/371/330 4155/4730/3982
f 4243/4796/4038 4260/4797/4039 4269/4798/4040
f 4635/4802/4044 4663/4803/4045 4620/4804/4046
f 4220/4805/4047 4219/4806/4048 4218/4807/4049
f 4038/4843/4074 4037/4844/4075 4055/4845/4076
f 4463/4995/4191 4476/1136/987 4475/1135/986
f 5215/4998/4194 5228/4999/4195 5213/5000/4196
f 4624/5004/4201 4598/5005/4202 4597/5006/4203
f 4955/5007/4204 4894/5008/4205 4939/5009/4206 4965/5010/4207
f 4100/5021/4218 4085/5022/4219 4084/5023/4220
f 4733/5026/4223 4674/5027/4224 4708/5028/4225
f 4422/5044/4237 4440/5045/4238 4461/5046/4239
f 4235/5051/4244 4242/2263/1925 4234/5052/4245
f 4185/5065/4256 4175/5066/4257 4142/5067/4258 4139/5068/4259
f 4163/5071/4262 4164/5072/4263 4204/5073/4264
f 4361/5172/4349 4376/3517/4349 4377/5173/4349
f 4285/5199/4364 4287/5200/4365 4284/5201/4366
f 4499/5230/4385 4515/5231/4386 4525/5232/4387
f 4034/5241/4396 4094/5242/4397 4043/5243/4398
f 4959/5245/4400 4974/5246/4401 4945/5247/4402
f 4280/5256/4410 4279/5257/4411 4307/5258/4412
f 4111/5298/4442 4109/5299/4443 4080/5300/4444
f 4044/5321/4465 4024/5322/4466 4023/5323/4467 4034/5324/4468 4043/5325/4469
f 5244/5338/4482 5050/5339/4483 5239/5340/4484
f 4564/5347/928 4563/5348/4489 4532/5349/4490
f 4121/5353/4492 4084/5023/4220 4153/5354/4493 4124/5355/4494 4131/5356/4495 4137/5357/4496
f 4056/5366/4505 4107/5367/4506 4060/5368/4507
f 4224/5373/4512 4223/5374/4513 4222/5375/4514
f 4167/5388/4526 4027/5389/4527 4033/5390/4528
f 4503/5392/4530 4504/5393/4531 4480/5394/4532
f 4149/5399/4534 4067/5400/4535 4095/5401/4536
f 4206/5402/4537 5118/3940/3353 4119/5403/4538
f 4627/4050/3444 4619/4049/1082 4601/5407/4542
f 4870/4470/4564 4844/5432/3299 4878/5433/4565
f 4283/5437/4569 4344/5438/4570 4316/5439/4571
f 4839/5440/4572 4800/2098/4572 4840/2097/4572
f 4259/5462/2842 4245/5463/4585 4244/5464/4586
f 4188/5503/4620 4189/5504/4621 4190/5505/4622
f 4054/5512/4626 4036/5513/4627 4053/5514/4628
f 4022/5515/4629 4021/498/4630 4026/5516/4631
f 4020/5517/1475 4029/5518/4632 4030/5519/4633
f 4046/5520/4634 4021/498/445 4045/5521/4635
f 4021/498/4630 4022/5515/4629 4045/5521/4636
f 4035/5522/4637 4050/2781/2370 4024/5322/4466
f 4603/5525/4638 4795/5526/4639 4742/5527/4640
f 4031/5528/4641 4059/5529/4642 4195/5530/4643
f 4042/5531/4644 4022/5515/4645 4026/5516/4646
f 4658/5532/4647 4849/5533/4648 4815/5534/4649
f 4057/5535/4650 4037/4844/4075 4051/5536/4651
f 4036/5537/4652 4038/5538/4074 4053/5539/4653
f 4058/5543/4656 4195/5530/4643 4059/5529/4642
f 4089/5544/4657 4030/5545/4633 4029/5546/4632
f 4042/5547/4658 4060/5548/4659 4061/5549/4660
f 4071/5551/4662 4081/3447/2936 4048/3449/2372
f 4770/5552/4663 4704/5553/4664 4705/5554/4665
f 4082/5556/4667 4081/3447/2936 4071/5551/4662
f 4089/5562/4657 4090/5563/4673 4091/5564/4674
f 4063/5569/4676 4062/5570/4677 4103/5571/4678
f 5059/2787/2376 5061/5572/4679 5029/5573/4680
f 4160/5574/4681 4103/5571/4678 4062/5570/4677
f 4197/5576/4682 4105/5577/4683 4065/5578/4684
f 4435/5580/4686 4417/5581/4687 4379/5582/4688
f 4116/5586/4691 4070/5587/4692 4050/5588/4693
f 4609/5589/4694 4563/5348/4489 4564/5347/928
f 4133/5592/4697 4134/5593/4698 4123/5594/4699
f 4146/5597/4701 4145/5598/4702 4203/5599/4703
f 4146/5597/4701 4096/5600/4704 4145/5598/4702
f 4152/5601/4705 4093/5602/4706 4151/5603/4707
f 4084/5604/4708 4154/5605/4709 4153/5606/4710
f 4140/5610/4712 4091/5564/4674 4090/5563/4673
f 4098/5611/4713 4166/5612/4714 4058/5543/4656
f 4063/5569/4715 4068/5613/4716 4032/1738/1476
f 4187/5614/4717 4147/5615/4718 4139/5068/4259
f 4181/5616/4719 4191/5617/4720 4143/5618/4721
f 4182/5619/4722 4179/5620/4723 4194/5621/4724
f 4189/5504/4621 4210/5622/4725 4186/5623/4726
f 4677/5624/4727 4610/5625/4728 4645/5626/4729
f 4041/5630/4733 4031/5631/4641 4040/5632/4734
f 4098/5611/4713 4058/5543/4656 4059/5529/4642
f 4051/5634/4651 4037/5635/4075 4038/5538/4074
f 4127/5636/4736 4074/5637/4737 4057/5638/4650 4159/5639/4738
f 4908/5640/4739 4909/5641/4740 4875/5642/4741 4876/5643/4742
f 4142/5644/4743 4143/5645/4721 4139/5646/4744
f 4202/5647/4745 4143/5618/4721 4197/5576/4682
f 4906/5651/4749 4950/5652/4750 4998/5653/4751 5026/5654/4752 4996/5655/4753 4960/5656/4754 4904/5657/4755
f 4606/3590/3063 4605/3589/3062 4638/5660/4757
f 4155/4730/3982 4180/5661/4758 4154/5662/4709
f 4600/5664/4759 4611/5665/4760 4610/5625/4761
f 4123/5666/4762 4182/5667/4722 4133/5668/4763
f 4216/5671/4765 4217/5672/4765 4215/5673/4765
f 4217/5674/4766 4216/5675/4766 4215/5676/4766
f 4227/5677/4767 4218/4807/4049 4219/4806/4048
f 4221/5678/4768 4222/5679/4514 4223/5680/4513
f 4225/5681/4769 4231/5682/4770 4224/5683/4771
f 4235/5051/4244 4222/5679/4514 4230/2264/1926
f 4221/5678/4768 4230/2264/1926 4222/5679/4514
f 4231/5682/4770 4225/5681/4769 4232/5684/4772
f 4246/5686/4774 4239/5687/3532 4238/5688/4775
f 4244/5464/4586 4245/5463/4585 4239/5687/3532
f 4131/5356/4495 4124/5355/4494 4120/5693/4777 4137/5357/4496
f 4239/4164/3532 4245/5694/4585 4252/4165/3533
f 4236/5696/4778 4256/5697/4779 4257/5698/4780
f 4269/5699/4040 4260/5700/4039 4258/5701/4781
f 4261/5703/4783 4270/5704/4784 4271/3815/3237 4272/3820/3242
f 4852/5705/4785 4905/5706/1215 4874/5707/1214
f 4122/5708/4786 4187/5614/4717 4140/5610/4787
f 4258/5709/4781 4302/5710/4788 4269/5711/4040
f 4780/5712/4789 4760/5713/4790 4804/5714/4791
f 4304/5715/4792 4275/5716/4793 4273/5717/4794
f 4275/5718/4795 4281/5719/4796 4276/5720/4797
f 4263/5721/4798 4273/5722/4794 4275/5723/4793
f 4276/5720/4797 4277/5724/4799 4275/5718/4795
f 4275/5725/4793 4277/5726/4800 4263/5727/4798
f 4263/5727/4798 4277/5726/4800 4280/5256/4410
f 4279/5257/4411 4280/5256/4410 4277/5726/4800
f 4282/5728/4801 4283/5729/4569 4316/5730/4571
f 4285/5199/4364 4284/5201/4366 4283/5729/4569
f 4282/5728/4801 4285/5199/4364 4283/5729/4569
f 4414/5731/4802 4454/5732/4803 4402/5733/4804
f 4290/5734/4805 4288/5735/4806 4286/5736/4807
f 4293/5737/4808 4294/5738/4809 4291/5739/4810
f 4294/5738/4809 4293/5737/4808 4295/5740/4811
f 4778/5741/4812 4789/5742/4813 4808/2625/2226
f 4300/5743/4814 4266/5744/4815 4299/5745/4816
f 4378/5747/4817 4364/5748/4818 4363/5749/4819
f 4305/5750/4820 4331/5751/4821 4274/5752/4822
f 4276/5753/4823 4281/5754/4824 4274/5755/4825
f 4278/5756/4826 4276/5753/4823 4310/5757/4827
f 4314/5758/4828 4313/4398/3712 4339/5759/4829
f 4312/5760/4830 4314/5761/4831 4339/5762/4832
f 4313/4398/3712 4314/5758/4828 4340/4399/3713
f 4314/5758/4828 4315/5763/4833 4340/4399/3713
f 4312/5760/4830 4287/5764/4365 4314/5761/4831
f 4638/5765/4834 4605/5766/4835 4692/5767/4836
f 4970/5768/4837 5008/5769/4838 5007/5770/4839 4984/5771/4840
f 4331/5778/4846 4328/5779/4847 4354/5780/4848
f 4333/5781/4849 4361/28/25 4332/30/27
f 4333/5781/4849 4332/30/27 4334/4397/3711
f 4333/5782/4850 4334/5783/4851 4335/5784/4852
f 4311/4396/3710 4335/5785/4852 4334/4397/4851
f 4132/5787/4854 4173/5788/4855 4040/5632/4734 4031/5631/4641
f 4343/3638/3100 4317/3637/3099 4316/5730/4571
f 4299/5791/4858 4390/5792/4859 4389/5793/4860
f 4350/1720/1460 4393/5794/4861 4351/1718/1458
f 4509/1212/1048 4482/5797/4863 4467/5798/4864
f 4329/5803/4867 4310/5757/4827 4360/5804/4868
f 4348/5805/4869 4266/5806/4870 4255/3327/2832 4265/3326/2831 4297/5807/4871
f 4049/496/443 4021/498/445 4046/5520/4634
f 4393/5794/4861 4350/1720/1460 4392/5808/4872
f 4850/5809/4873 4899/5810/4874 4883/5811/4875
f 5240/5813/4877 5068/5814/4878 5239/5340/4484
f 4336/5815/4879 4362/5816/4880 4364/5817/4881
f 4364/5817/4818 4378/5818/4817 4379/5582/4688
f 4378/5747/4817 4404/5819/4882 4379/5820/4688
f 5057/5824/4886 5043/4387/3704 5085/5825/4887
f 4384/972/841 4385/5826/4888 4421/3493/2972
f 4397/5828/4890 4395/5829/4891 4373/3817/4892
f 4398/5830/4893 4374/5831/4894 4432/5832/4895
f 4357/5833/4896 4360/5804/4868 4375/5834/4897
f 4426/5838/4901 4452/4444/4902 4389/5839/4860
f 4426/5840/4901 4389/5793/4860 4390/5792/4859
f 4392/5808/4872 4427/5841/4903 4393/5794/4861
f 4672/5842/4904 4668/2275/1937 4673/2274/1936
f 4833/2797/2386 4834/5843/4905 4816/5844/4906
f 4685/1250/1081 4678/1249/1080 4723/5846/4907
f 4436/5850/1257 4448/5851/1256 4418/5852/4911
f 4408/3494/2973 4421/3493/2972 4439/1747/1484
f 4411/5853/4912 4412/5854/4913 4425/5855/4914
f 4347/5856/4915 4386/5857/4916 4322/5858/4917
f 4428/5859/4918 4453/5860/4919 4430/5861/4920
f 4395/5829/4921 4429/5862/4922 4444/5863/4923
f 4562/5864/4924 4531/5865/4925 4513/1456/1254
f 4467/5798/4926 4446/5866/4926 4434/3515/4926
f 4470/1461/1259 4447/1460/1258 4483/5867/4927
f 4449/5868/4928 4437/5869/2021 4471/5870/1255
f 4440/5871/4238 4473/5872/4929 4461/5873/4239
f 4451/5876/4931 4462/5877/4932 4426/5878/4933
f 4462/5877/4934 4452/5879/4902 4426/5878/4901
f 4458/5881/4935 4459/5882/1462 4484/5883/740
f 4079/5884/4936 4025/5885/4937 4028/5886/4938
f 4461/5046/4239 4473/5887/4929 4472/5888/4939
f 4479/5891/4942 4433/5892/4943 4480/5893/4944
f 4460/1746/1463 4486/1748/1485 4497/5894/1461
f 4464/5895/4945 4489/5896/4946 4465/5897/4947
f 4453/5898/4919 4477/5899/4948 4490/5900/4949
f 4480/5394/4532 4431/5903/4952 4503/5392/4530
f 4469/5904/461 4492/5905/2031 4468/5906/459
f 4493/5907/4953 4494/5908/1260 4483/5909/4927
f 4483/5910/4927 4494/5911/1260 4470/5912/1259
f 4424/5913/4954 4411/5853/4955 4425/5855/4956
f 4488/5914/4957 4515/5231/4386 4500/5915/4958
f 4518/5916/4959 4520/5917/4960 4462/5877/4932
f 4509/1212/1048 4508/1211/1047 4482/5797/4863
f 4485/843/737 4484/846/740 4459/5919/1462
f 4499/5230/4385 4500/5915/4958 4515/5231/4386
f 4202/5647/4745 4181/5616/4719 4143/5618/4721
f 4520/4443/3753 4489/5896/4946 4464/5895/4945
f 4507/5922/4964 4466/5923/4965 4523/5924/4966
f 4531/5927/4925 4512/5928/4968 4495/5929/4969
f 4496/5930/4970 4495/5929/4969 4512/5928/4968
f 4522/5933/4971 4504/5393/4531 4503/5392/4530
f 4510/5934/2032 4492/5905/2031 4524/5935/4972
f 4792/5936/3300 4807/5937/4973 4777/5938/3420
f 4040/5632/4734 4102/5939/4974 4041/5630/4733
f 4556/5941/4975 4519/5942/4976 4534/5943/4977
f 4535/5944/4978 4455/5945/4979 4557/5946/4980
f 4512/5928/4968 4531/5927/4925 4553/5947/4981
f 4934/5949/4982 4906/5950/4749 4907/5951/4983
f 4510/1959/2032 4524/5952/4972 4548/1958/4984
f 4530/1722/738 4552/5953/4985 4551/5954/4986
f 4551/5954/4986 4511/5955/739 4530/1722/738
f 4538/5956/3060 4561/1213/1049 4547/5957/3061
f 4141/5958/4987 4529/5959/4988 4122/5960/4989
f 4549/5961/4990 4548/5962/4984 4524/5963/4972
f 4997/5964/4991 4976/5965/4992 4949/5966/3082
f 4549/5967/4990 4574/5968/4993 4548/1958/4984
f 4385/5826/4888 4384/972/841 4345/971/840
f 4587/5971/4996 4555/5972/4996 4526/5973/4996
f 4546/5977/5000 4560/5978/5001 4591/5979/5002
f 4574/5968/4993 4549/5967/4990 4575/5980/5003
f 4506/5981/5004 4507/5982/5005 4523/5983/5006 4536/5984/635
f 5102/5985/5007 5154/5986/5008 5153/5987/5009
f 4589/5992/5013 4559/5993/5014 4570/5994/5015
f 4605/5766/4835 4547/5957/5016 4561/1213/5017
f 4455/5945/4979 4478/5995/5018 4429/5996/5019
f 4607/5998/5022 4575/5980/5003 4581/5999/5023
f 4563/5348/4489 4609/5589/4694 4641/6000/5024
f 5035/6004/5028 5010/6005/5028 5063/6006/5028
f 4644/6007/5029 4697/6008/3951 4709/6009/5030
f 4792/5936/3300 4829/6010/5031 4807/5937/4973
f 4607/5998/5022 4593/6013/1773 4592/6014/5034
f 4609/5589/4694 4622/6015/927 4641/6000/5024
f 4645/6019/4729 4610/6020/4728 4611/6021/5037
f 4652/2276/1938 4668/2275/1937 4630/2094/1775
f 4628/6029/5044 4657/6030/5045 4648/6031/5046
f 4662/6032/5047 4677/6033/4727 4645/6019/4729
f 4593/6013/1773 4607/5998/5022 4581/5999/5023
f 4639/6034/5048 4694/6035/5049 4667/6036/5050
f 4639/6034/5048 4667/6036/5050 4651/6037/5051
f 4622/1069/927 4660/6038/5052 4669/6039/5053
f 4156/6040/5054 4047/373/332 4027/5389/4527 4167/5388/4526
f 4636/3355/2856 4671/6041/5055 4689/6042/5056
f 4629/2095/1776 4650/6043/5057 4592/6044/5034
f 4679/6045/5058 4659/6046/5059 4650/6047/5060
f 4698/6048/5061 4699/6049/5062 4654/6050/5063
f 4696/6051/3416 4695/6052/3418 4669/6039/5053
f 4722/6053/5064 4684/6054/5064 4686/6055/5064
f 5040/6056/5065 5015/6057/5066 4997/5964/4991 5014/6058/5067
f 4689/6042/5056 4671/6041/5055 4705/6059/4665
f 4714/6061/5068 4691/6062/5069 4692/5767/4836
f 4707/6063/5070 4672/5842/4904 4673/2274/1936
f 4707/6063/5070 4673/2274/1936 4732/6064/5071
f 4717/6065/5072 4682/6066/5073 4643/6067/5074
f 4662/6032/5047 4720/6068/5075 4710/6069/5076
f 4710/6069/5076 4677/6033/4727 4662/6032/5047
f 4697/6008/3951 4711/6070/5077 4709/6009/5030
f 4711/6070/5077 4697/6008/3951 4683/6071/3950
f 4700/6072/5078 4699/6073/5062 4698/6074/5061
f 4723/6075/4907 4678/4051/1080 4756/6076/5079
f 4680/6077/5080 4715/6078/5081 4659/6079/5082
f 4680/6077/5080 4659/6079/5082 4679/6080/5083
f 4738/6083/1950 4681/6084/5086 4737/6085/1951
f 4659/6079/5082 4715/6078/5081 4729/1340/1160
f 4684/6086/5087 4722/6087/5087 4712/6088/5087
f 4704/6089/4664 4689/6090/5056 4705/6091/4665
f 4736/6092/3417 4696/6051/3416 4735/6093/5088
f 4740/6094/5089 4720/6068/5075 4718/6095/5090
f 4741/4018/3419 4711/6096/5091 4683/4692/5092
f 4700/6097/5093 4698/6098/5093 4746/6099/5093
f 4725/6100/5094 4757/6101/5095 4726/6102/5096
f 4758/6103/5097 4688/6104/5098 4713/6105/5099
f 4659/6046/5082 4729/6106/1160 4744/6107/5100
f 4723/5846/4907 4756/6108/5079 4755/6109/5101
f 4742/6111/5103 4705/6112/5104 4727/6113/5105
f 4710/6069/5076 4720/6068/5075 4751/6114/5106
f 4741/6115/3419 5052/6116/5107 4711/6070/5091
f 4746/6117/5108 4752/6118/5109 4700/6119/5110
f 4751/6114/5111 4769/6120/5111 4788/6121/5111
f 4763/6122/5112 4757/6123/5095 4725/6124/5094
f 4705/6112/5104 4742/6111/5103 4770/6125/5113
f 4760/6126/5114 4745/6127/5115 4734/6128/5116
f 4755/6129/5101 4756/6076/5079 4762/6130/5117
f 5112/6131/5118 5113/6132/5119 5088/6133/5120
f 4763/6134/5112 4793/6135/5121 4757/6136/5095
f 4435/6138/4686 4379/5820/4688 4404/5819/4882
f 4736/6092/3417 4735/6093/5088 4775/6139/5122
f 4738/6083/1950 4750/6140/1949 4786/6141/5123
f 4768/6142/1646 4761/6143/1648 4740/4076/5124
f 4567/6144/5125 4643/6067/5074 4623/6145/5126
f 4773/6146/5127 4774/6147/5128 4748/6148/5129
f 4735/6093/5088 4767/6149/5130 4775/6139/5122
f 4791/6150/5131 4712/6151/5132 4754/6152/5133
f 4781/6157/5138 4782/6158/5139 4752/6159/5109
f 4752/6118/5109 4746/6117/5108 4781/6160/5138
f 4782/6158/5140 4753/6161/5141 4752/6159/5142
f 4454/6162/4803 4414/6163/4802 4481/6164/5143
f 4765/6168/5146 4810/6169/5147 4758/6170/5148
f 4250/6171/5149 4249/6172/5150 4253/4163/3531
f 4814/6175/5153 4771/6176/5154 4658/6177/5155
f 4785/6178/5156 4775/6139/5122 4805/6179/5157
f 4814/6175/5162 4784/6184/5163 4771/6176/5164
f 4814/6185/5162 4815/5534/4649 4784/6186/5163
f 4817/6187/5165 4825/6188/5166 4798/6189/5167
f 4824/6196/5174 4809/6197/5175 4783/6198/5176
f 4842/6199/5177 4795/5526/4639 4603/5525/4638
f 4801/6200/5179 4831/6201/5180 4823/3885/3301
f 4438/6202/5181 4437/5869/2021 4449/5868/4928
f 4803/6203/5182 4826/6204/5183 4835/6205/5184
f 4834/6208/5187 4861/6209/5188 4816/6210/5189
f 4838/6211/103 4806/6212/5190 4837/6213/104
f 4861/6209/5188 4834/6208/5187 4862/6214/5191
f 4862/6215/5192 4834/5843/4905 4833/2797/2386
f 4852/5705/4785 4826/6216/5183 4804/5714/4791
f 4874/1407/1214 4826/6204/5183 4852/6218/4785
f 4142/5067/4258 4175/5066/4257 4104/6219/5194
f 4937/6220/5195 4891/6221/5196 4836/6222/5197
f 4870/4470/4564 4829/6010/5031 4844/5432/3299
f 4849/5533/4648 4658/5532/4647 4860/6226/5201
f 4863/2796/2385 4861/6227/5188 4862/6215/5192
f 4877/2096/1777 4887/2284/1946 4840/2097/1778
f 4850/5809/4873 4883/5811/4875 4860/6226/5201
f 4852/5705/4785 4864/6228/5202 4890/6229/5203
f 4893/6230/3011 4869/4472/5204 4892/4471/3009
f 5108/6231/5205 5109/6232/5206 5045/6233/5207
f 4455/5945/4979 4429/5996/5019 4397/6234/4890
f 4581/6238/5210 4551/6239/5211 4582/2093/1774 4593/2092/1773
f 4893/3535/3011 4911/3534/3010 4953/6240/5212
f 4888/6241/5213 4894/5008/4205 4912/6242/5214
f 4898/6246/5215 4899/5810/4874 4850/5809/4873
f 4907/5951/4983 4867/6247/5216 4886/6248/5217
f 4910/6249/5218 4887/2284/1946 5131/2285/1947
f 4969/3881/3297 4913/6250/5219 4878/3882/3298
f 5168/6251/5220 5169/6252/5221 5170/6253/5222
f 4355/6254/5223 4327/6255/5224 4399/6256/5225
f 4895/6257/5226 4923/3888/3304 4879/3887/3303
f 4268/2183/1861 4267/3336/2841 4326/2184/1862
f 4894/5008/4205 4955/5007/4204 4912/6242/5214
f 4895/2633/5226 4922/2632/5228 4923/6259/3304
f 4915/3148/2682 4926/3147/2681 4896/6260/5229
f 4898/6261/5230 4932/2956/5231 4931/2958/5232
f 4903/6262/5233 4947/6263/5234 4918/6264/5235
f 5131/2285/1947 4938/6267/5238 4910/6249/5218
f 4394/6268/5239 4353/2185/1863 4372/6269/5240
f 4931/6273/2518 4943/6274/743 4899/5810/4874
f 4945/6275/5244 4933/6276/5245 4901/6277/5246
f 4947/6263/5234 4946/6278/5247 4918/6264/5235
f 4906/5950/4749 4934/5949/4982 4950/6279/4750
f 4952/6280/5248 4938/6267/5238 5131/2285/1947
f 4911/3534/3010 4964/6281/5249 4953/6240/5212
f 4920/6282/5250 4914/6283/5251 4956/6284/5252
f 4967/6291/5259 4923/3888/3304 4922/6292/5228
f 4984/6293/5260 5007/6294/5261 4942/6295/5262
f 4933/6276/5245 4974/6296/5263 4986/6297/5264
f 4933/6276/5245 4986/6297/5264 4900/6298/5265
f 4933/6276/5245 4945/6275/5244 4974/6296/5263
f 4979/6300/5267 4965/6301/5268 4939/6302/5269
f 4941/6303/5270 4930/6304/5271 4985/6305/5272
f 4959/5245/4400 4986/6306/5273 4974/5246/4401
f 4994/6307/5274 4946/6308/5247 4975/6309/5275
f 4988/6310/415 4963/6311/417 4951/6312/5276
f 4989/6313/5277 4979/6314/5277 4952/6280/5277
f 4983/6317/2940 4971/6318/2939 5009/6319/5280
f 4993/6320/5281 4986/6306/5273 4959/5245/4400
f 4977/6322/5282 4997/6323/4991 4949/6324/3082
f 5006/6325/5283 4991/6326/5284 4940/6327/5285
f 5004/6328/5286 4966/6329/5287 5005/6330/5288
f 4900/6331/5289 4993/6320/5281 5012/6332/5290
f 5013/6333/5291 4994/6307/5274 4975/6309/5275
f 4994/6307/5274 5013/6333/5291 5024/6334/5292
f 5014/6335/5067 4997/6323/4991 4977/6322/5282
f 4998/6336/4751 4987/6337/5293 5016/6338/5294
f 5006/6339/5295 5005/6340/5296 4991/6341/5297
f 5047/6342/5298 5021/6343/5299 4967/6344/5300
f 5011/6345/5301 4973/6346/5301 4944/6347/5301
f 4900/6298/5289 5012/6348/5290 4992/6349/5302
f 5023/6350/5303 5024/6334/5292 5013/6333/5291
f 4999/4386/3703 5028/4388/3705 5000/6353/5306
f 5001/6354/5307 5002/6355/5308 5044/6356/5309
f 5045/6357/5310 4965/5010/4207 5020/6358/5311
f 5005/6330/5288 5029/5573/4680 5004/6328/5286
f 5033/6360/5312 5008/5769/5313 5032/6361/1798
f 5038/6362/5314 4992/6349/5302 5037/6363/5315
f 4992/6349/5302 5038/6362/5314 4099/6364/5316
f 5027/6365/5317 5041/6366/990 5026/6367/4752
f 5020/6368/5318 4989/6369/5319 5018/6370/5320
f 5031/6371/5321 5060/6372/1782 5089/6373/5322
f 5021/6374/5299 5047/6375/5298 5090/6376/5323
f 5049/6378/5325 5036/6379/5326 5065/5859/5327
f 4777/5938/3420 5052/6116/5107 4741/6115/3419
f 5038/6380/5314 5055/2278/1940 4099/2277/1939
f 5037/6363/5315 5055/6381/1940 5038/6362/5314
f 4654/6389/5063 4699/6390/5062 4634/6391/5335
f 5028/4388/3705 5043/4387/3704 5057/5824/4886
f 4057/6392/4650 4051/5634/4651 4159/6393/5336
f 5030/6397/5337 5006/6325/5283 5109/6398/5338
f 5062/6399/1797 5033/6360/5312 5032/6361/1798
f 5010/6005/5339 5095/6400/5340 5063/6006/5341
f 4944/6347/5342 5072/6401/5343 5071/6402/5344
f 5040/6056/5065 5079/6404/5346 5015/6057/5066
f 5044/6356/5351 5087/6409/5352 5001/6354/5353
f 5030/6397/5337 5088/6133/5354 5058/6410/5355
f 5088/6411/5356 5059/6412/5357 5058/6413/5358
f 4863/2796/2385 4862/6215/5192 4833/2797/2386
f 5118/3940/3353 5093/6416/5361 5094/3941/3354
f 5002/6355/5308 5019/6417/5362 5044/6356/5309
f 5120/6418/5363 5096/6419/5364 5072/6420/5343
f 5054/4662/5365 5073/6421/5366 5145/4663/5367
f 5074/6422/5368 5075/6423/1941 5121/6424/3065
f 5098/6425/5369 5078/6426/5370 5100/6427/5371
f 4793/6431/5121 4811/6432/5375 4810/6433/5376 4765/6434/5377 4758/6103/5097 4757/6435/5378
f 4892/4471/3777 4870/4470/3776 4878/5433/5380
f 4801/6200/5179 4823/3885/3301 4791/6439/5382
f 4077/2150/1831 5120/6418/5363 5072/6420/5343
f 5154/5986/5008 5102/5985/5007 5077/6441/5384 5123/6442/5385
f 4815/6443/4649 4814/6175/5162 4658/6177/4647
f 5124/6444/5386 5123/6445/5387 5099/6446/5388
f 4330/6447/5389 4308/6448/5390 4306/6449/5391
f 5059/2787/2376 5114/2786/2375 5061/5572/4679
f 4126/6451/5393 4037/4844/4075 4057/5535/4650 4074/6452/4737
f 5109/6232/5206 5108/6231/5205 5160/6453/5394
f 5030/6397/5337 5111/6457/5397 5088/6133/5354
f 5088/6133/5398 5111/6457/5398 5112/6131/5398
f 5136/3942/5400 5168/6459/5401 5191/6460/5402
f 5197/6461/5403 5191/6460/5402 5173/6462/5404
f 5120/6418/5363 4077/2150/1831 5142/2149/1830
f 5054/4662/5405 5143/6463/5405 5097/6464/5405
f 5145/3591/3064 5146/3593/3066 5144/6469/3925
f 5147/6472/5411 5148/6473/5412 5124/6444/5386
f 5126/6474/5413 5153/6475/5009 5179/6476/5414
f 5110/6478/5416 5081/6479/5417 5082/6480/5418
f 5112/6131/5118 5111/6457/5397 5113/6132/5119
f 5111/6457/5397 5162/6481/5419 5113/6132/5119
f 5113/6132/5119 5162/6481/5419 5164/6482/5420
f 4790/6484/5421 4783/6198/5176 4809/6197/5175
f 5196/6488/5425 5141/6489/5426 5197/6461/5403
f 5141/6489/5426 5138/6490/5427 5067/6491/5428
f 5178/6492/5429 5177/6493/5430 5150/6494/5431
f 5153/5987/5009 5154/5986/5008 5155/6495/5432
f 5183/6496/5433 5181/6497/1308 5182/6498/5434
f 4723/5846/5435 4722/6499/5436 4686/6500/5437 4685/1250/5438
f 5207/6507/5445 5107/6508/5446 5070/6509/5447
f 4913/6510/5448 4990/6511/5448 4954/6512/5448
f 5191/6513/5449 5168/6251/5220 5170/6253/5222 5192/6514/5450 5173/6515/5451
f 5197/6516/5452 5173/6515/5451 5192/6514/5450
f 5192/6517/5453 5193/6518/5454 5194/6519/5455
f 5195/6520/5456 5194/6521/5455 5193/6522/5454
f 4879/6523/3303 4856/6524/5457 4871/6525/5458
f 5180/6526/5459 5201/6527/5460 5199/6528/5461
f 5202/6529/5462 5201/6527/5460 5181/6497/1308
f 5106/6530/5463 5203/6531/5464 5205/6532/5465
f 5129/6533/5466 5106/6530/5463 5205/6532/5465
f 5186/6534/5467 5131/6535/5467 5187/6536/5467
f 5176/6537/5468 5160/6453/5394 5208/6538/1470
f 5151/6539/5469 5177/6493/5430 5178/6492/5429 5152/6540/5470
f 5062/2116/1797 5048/2115/1796 5115/6541/5471
f 5224/6543/5473 5222/6544/5474 5221/6545/5475
f 5228/4999/4195 5231/6546/5476 5226/6547/5477
f 4405/6548/5478 4382/6549/5479 4420/6550/5480 4419/6551/5481
f 4703/6552/5482 4688/6104/5483 4657/6553/5484 4663/6554/5485
f 5215/6555/4194 5231/6556/5476 5228/6557/4195
f 5224/6558/5473 5236/6559/5486 5222/6560/5474
f 5224/6561/5473 5229/6562/5487 5236/6563/5486
f 5240/6564/4877 5239/6565/4484 5050/6566/4483
f 5242/6567/5488 5241/6568/5489 5218/6569/5490
f 4717/6570/5491 4776/6571/5492 4749/6572/5493
f 4817/6187/5165 4798/6189/5167 4797/6577/5495
f 4296/6580/5498 4321/6581/5499 4346/6582/5500 4290/5734/4805
f 5129/6533/5466 5206/6584/5502 5184/6585/5503 5084/6586/5504
f 4354/6587/5505 4328/6588/5506 4355/6589/5507 4399/6590/5508 4400/6591/5509
f 4441/6592/5510 4806/6593/5190 4776/6594/5492 4717/6065/5491
f 4262/6600/5515 4303/284/250 4301/283/249 4256/6601/5515 4236/6602/5515 4225/6603/5515 4224/5373/5516 4235/6604/5517 4260/6605/5518 4237/6606/5515 4251/6607/5515
f 4805/6179/5157 4827/6608/5519 4785/6178/5156
f 4428/6609/4918 4430/6610/4920 4394/6268/5239
f 4061/6615/4660 4108/6616/5524 4196/6617/5525
f 4606/3590/3063 4649/6618/5526 4617/6619/5527 4576/6620/5528 4580/3586/3059
f 4456/6621/5529 4415/6622/5530 4398/6623/5531 4433/5892/4943 4479/5891/4942
f 4210/5622/4725 4189/5504/4621 4191/5617/5532 4211/6624/5533
f 4257/5698/5539 4325/2672/2276 4298/6635/5540 4254/6636/5541 4241/6637/5542
f 4179/6640/4723 4182/5667/4722 4123/5666/4762 4124/6641/5545
f 4762/6130/5117 4756/6076/5079 4783/6198/5176 4790/6484/5421
f 4233/6653/5552 4236/5696/5553 4257/5698/5539 4241/6637/5542
f 4272/3820/3242 4303/3819/3241 4262/6654/5554
f 4407/6662/5560 4367/3634/3096 4383/6663/5561 4406/6664/5562
f 4587/6674/5566 4653/6675/5567 4633/6676/5568 4618/6677/5569
f 4315/6678/4833 4314/5761/4831 4287/5764/4365 4289/6679/5570 4369/6680/839 4382/6681/5479 4366/6682/5571
f 4796/2798/2387 4816/5844/4906 4766/1339/1159 4779/1338/1158
f 4632/6694/930 4623/6145/5581 4643/6067/5074 4676/6695/5582
f 4743/6698/5585 4771/6699/5586 4772/6700/5587
f 4554/6702/5589 4520/5917/4960 4518/5916/4959
f 4387/6707/5594 4388/6708/5595 4321/6581/5596 4323/6709/5597
f 4474/6710/5598 4514/6711/5599 4486/1748/1485 4450/4167/3535
f 4346/6582/5500 4345/971/840 4319/6721/5609
f 5134/6724/5612 5165/3962/3374 5090/3961/3373 5089/6725/5322
f 4473/5872/4929 4440/5871/5614 4438/6202/5181 4449/5868/4928 4496/6729/4970
f 5015/6057/5066 5056/6742/5627 5017/6743/5628
f 4563/5348/4489 4641/6000/5024 4652/6744/5629 4594/6745/2814 4552/5953/4985
f 5120/6418/5363 5142/2149/1830 5147/6472/5634 5124/6444/5635 5099/6446/5636
f 4973/848/742 5011/6756/5638 5013/6333/5639 4975/6309/5640
f 4092/6760/5645 4115/6761/5646 4114/6762/5647 4078/6763/5648
f 4416/6764/2994 4436/5850/5649 4381/6765/5650 4377/29/26
f 4630/2094/1775 4594/3308/2814 4652/2276/1938
f 4202/5647/4745 4197/5576/4682 4199/6776/5660 4205/6777/5661
f 4122/5708/4786 4140/5610/4787 4125/6778/5662 4141/6779/5663
f 4966/6781/5665 4921/6782/5666 4956/6783/5667 4991/6341/5297 5005/6340/5296
f 4525/6791/5671 4543/6792/5672 4578/6793/5673 4554/6702/5674 4518/5916/4959
f 4214/6794/5675 4162/6795/5676 4160/6796/4681 4161/6797/5677
f 4204/5073/4264 4102/5939/4974 4207/6798/5678 4208/6799/5679 4163/5071/4262
f 4034/6800/4396 4023/6801/5680 4025/5885/4937 4094/6802/4397
f 4758/6103/5097 4713/6105/5099 4726/6803/5681 4757/6435/5378
f 4293/6804/4808 4291/6805/4810 4292/6806/5682
f 4585/6809/5684 4596/6810/5685 4586/6811/5686
f 5225/6812/5687 5212/6813/5688 5220/6814/5689 5223/6815/5690 5226/6547/5477
f 4164/5072/5691 4102/5939/4974 4204/5073/5692
f 4901/6277/5246 4861/6209/5188 4902/6818/5694
f 4882/6819/5695 4972/6820/5696 4957/6821/5697 4924/6822/5698
f 4362/5816/5703 4336/5815/5704 4337/6829/5705
f 4688/6830/5706 4648/6031/5046 4657/6030/5045
f 4270/5704/4784 4249/6832/5150 4250/6833/5149 4264/6834/5708
f 4803/6203/5182 4780/6835/4789 4804/6836/4791 4826/6204/5183
f 5086/6837/5709 5131/6535/5710 5186/6534/5711 5160/6453/5394 5108/6231/5205
f 4566/6839/5713 4487/6840/5714 4512/5928/4968 4553/5947/4981
f 4646/6841/5715 4612/1217/1053 4599/1216/1052 4625/2830/2419 4634/2831/2420
f 4476/288/5723 4502/6850/5723 4526/5973/5723 4527/6851/5723
f 4419/6551/5481 4420/6550/5480 4459/5919/1462 4458/6855/4935
f 5149/6860/5727 5147/6472/5411 5150/6494/5431 5177/6493/5430
f 4239/5687/3532 4246/5686/4774 4243/6869/5734 4244/5464/4586
f 4585/6870/5735 4566/6839/5713 4553/5947/4981 4577/6871/5736 4584/6872/5737
f 4152/5601/4705 4174/6880/5741 4176/6881/5742 4093/5602/4706
f 4318/6885/5745 4380/6886/5746 4368/6887/5747 4344/5438/4570 4283/5437/4569
f 4230/2264/1926 4221/5678/4768 4218/6888/5748 4227/6889/5749 4226/2265/1927
f 4030/5545/4633 4089/5544/4657 4098/6890/4713 4059/6891/4642
f 4913/6510/5752 4954/6512/5753 4911/6894/5754 4892/4471/3777 4878/5433/5380
f 4733/5026/4223 4708/5028/4225 4734/6128/5116 4745/6127/5115
f 4541/6903/5762 4472/5888/4939 4487/6904/5714 4566/6905/5763
f 4888/6916/5774 4821/6917/5775 4839/6918/5776 4840/6919/5777 4887/6920/5778
f 4837/108/104 4806/6593/5190 4441/6592/5510
f 4649/6925/5526 4638/5765/4757 4692/5767/4836
f 4872/2624/2225 4889/6926/5782 4921/6927/5783 4925/6928/5784
f 5057/6929/5785 5080/6930/5786 5027/6365/5317 5028/6931/5787
f 4247/6950/5800 4248/6951/5801 4238/5688/4775 4239/5687/3532
f 5227/6961/5809 5236/6962/5486 5229/6963/5487 5214/6964/5810 5230/6965/5811
f 4854/6966/5812 4822/6967/5813 4830/6968/5814 4853/6969/5815 4889/6970/5816
f 5040/6056/5065 5102/6971/5007 5126/6474/5413 5079/6404/5346
f 4496/5930/4970 4512/5928/4968 4487/6840/5714 4473/6982/4929
f 5200/6990/5830 5205/6991/5831 5203/6992/5832 5199/6528/5461
f 4899/5810/4874 4943/6274/743 4947/6263/5234 4903/6262/5233
f 4091/6993/4674 4140/6994/4712 4188/6995/4620 4190/6996/4622 4166/6997/5833 4098/6890/4713 4089/5544/4657
f 4175/5066/4257 4072/7002/5837 4064/7003/5838 4104/6219/5194
f 4924/2636/2237 4857/2635/2236 4882/7004/5839
f 5158/7005/5840 5083/7006/5841 5079/6404/5346 5126/6474/5413
f 5008/5769/4838 5033/6360/5842 5034/7009/5843 5007/5770/4839
f 4946/7013/5247 4977/6322/5282 4949/6324/3082 4905/5706/1215 4852/5705/4785 4890/6229/5203 4918/7014/5235
f 4531/5927/4925 4495/5929/4969 4513/7015/1254
f 4356/7016/5847 4330/7017/5848 4360/7018/5849 4357/7019/5850 4375/7020/5851
f 4647/7021/5852 4690/7022/5852 4664/7023/5852
f 4432/5832/4895 4433/7029/5855 4398/5830/4893
f 4290/5734/4805 4286/5736/4807 4291/6805/5858 4294/7033/5859 4296/6580/5498
f 4938/7037/5863 4952/7038/5863 4979/6300/5267 4939/6302/5269 4894/7039/5863 4888/6916/5774 4887/6920/5778 4910/7040/5863
f 4381/6765/5650 4365/7041/5865 4377/29/26
f 4443/7042/5866 4412/7043/5867 4371/7044/5868 4349/2671/2275
f 5137/7045/5869 5170/7046/5870 5169/7047/5871
f 4180/7059/4758 4179/6640/4723 4124/6641/5545 4153/5606/4710 4154/5605/4709
f 4782/6158/5140 4830/6968/5814 4822/6967/5813 4789/7060/5881 4753/6161/5141
f 5097/2151/1832 5143/7070/5887 5150/6494/5888 5147/6472/5634 5142/2149/1830
f 4748/6148/5129 4729/1340/5890 4715/6078/5081 4716/7075/5891
f 5212/7076/5688 5167/7077/5892 5211/7078/5893
f 4372/7079/5240 4428/7080/4918 4394/7081/5239
f 4699/7088/5897 4702/7089/5898 4646/6841/5715 4634/2831/2420
f 4196/6617/5900 4206/1325/1142 4119/7091/5901 4061/6615/5902
f 4023/5323/4467 4024/5322/4466 4050/2781/2370 4028/2784/2373
f 4649/6618/5526 4692/7095/4836 4691/7096/5069 4665/7097/5903
f 5128/7099/5904 5057/7100/4886 5085/7101/4887 5130/7102/5905
f 4731/7109/3653 4798/7110/5167 4804/5714/4791 4760/5713/4790 4734/7111/5912
f 4667/7125/5050 4693/7126/5922 4731/7109/3653 4734/7111/5912 4708/7127/4225 4640/7128/5923
f 4882/7004/5839 4857/2635/2236 4809/7132/5175 4824/7133/5174
f 4139/5646/4744 4143/5645/4721 4191/7143/4720 4187/7144/5935
f 4118/7145/5936 4160/5574/4681 4135/7146/5937 4117/7147/5938
f 4285/5199/4364 4282/5728/4801 4292/6806/5945 4291/6805/5858 4286/5736/4807
f 4662/6032/5047 4670/7154/5946 4718/6095/5090 4720/6068/5075
f 4133/5592/4697 4080/5300/4444 4109/5299/4443
f 4466/7161/5953 4507/5982/5005 4506/5981/5004 4481/7162/5143
f 5045/6357/5310 5109/6398/5338 4980/7163/5954 4965/5010/4207
f 4320/7174/5962 4347/5856/4915 4322/5858/4917
f 4181/5616/4719 4202/5647/4745 4205/6777/5661 4211/6624/5533
f 4493/7189/5972 4483/7190/5973 4482/7191/5974 4508/7192/5975
f 5164/7198/5980 5210/7199/5981 5211/7200/5982 5189/7201/5983 5163/7202/5984
f 4896/7209/5987 4926/7210/5988 4897/7211/5989 4917/7212/5990 4880/7213/5991
f 4559/7227/5014 4522/5933/4971 4503/5392/4530 4570/7228/5015
f 5206/7230/5998 5202/6529/5462 5183/6496/5433 5184/7231/5999
f 5227/7233/6000 5228/4999/4195 5226/6547/5477 5236/7234/6001
f 4835/6205/5184 4874/1407/1214 4876/7238/6006 4828/7239/6007
f 4037/4844/4075 4126/6451/5393 4087/7240/6008 4055/4845/6009
f 5046/7254/6015 5044/7255/6016 5019/7256/6017 5003/7257/6018
f 4214/7261/6020 4161/7262/6021 4212/7263/6022
f 4595/7266/6025 4562/5864/4924 4583/7267/6026
f 4268/2183/1861 4245/5694/4585 4259/3337/2842
f 4586/6811/5686 4541/6903/5762 4566/6905/5763 4585/6809/5684
f 4180/5661/4758 4155/4730/3982 4209/7280/6033 4184/7281/6034
f 4724/7283/6036 4687/7284/6037 4701/7285/6038
f 4701/7286/6039 4778/7287/6039 4724/7288/6039
f 5171/7289/6040 5215/6555/4194 5140/7290/6041 5092/2103/1784 5066/2102/1783 5049/7291/6042 5064/7292/6043 5117/7293/6043
f 4682/7294/6044 4739/7295/6045 4735/6093/5088 4696/6051/3416 4675/7296/6046 4676/7297/6047
f 4706/7302/6051 4694/6035/5049 4665/7097/6052 4691/7096/6053 4728/7303/6054 4730/4325/3654
f 4171/2668/2272 4116/5586/4691 4177/7304/6055 4168/2665/2269
f 4041/7305/4733 4032/7306/6056 4020/7307/1475 4031/7308/4641
f 5035/7318/6062 5009/7319/6063 4971/7320/6064 4985/6305/5272
f 4947/7327/5234 4975/6309/5275 4946/6308/5247
f 5241/3510/2988 5242/7332/6075 5050/6566/4483 5244/3505/2984
f 4160/6796/4681 4164/7333/5691 4161/6797/5677
f 4987/6337/5293 4962/7337/6077 4978/7338/6078 5000/7339/6079
f 4764/7341/6081 4813/7342/6081 4846/2442/2078 4916/7343/6082 4882/6819/5695 4824/6196/5174 4783/6198/5176 4756/6076/5079 4704/7344/6083
f 4699/7088/5897 4700/7349/6086 4721/7350/6087 4701/7351/6088 4702/7089/5898
f 5213/7354/4196 5140/7290/6041 5215/6555/4194
f 4220/7356/6091 4218/6888/5748 4221/5678/4768 4223/5680/4513 4224/5683/6092
f 4391/7359/6094 4300/5743/4814 4299/5745/4816 4389/5839/6095
f 4258/7362/6098 4351/7363/6099 4302/7364/6100
f 5230/7368/6103 5190/7369/6104 5213/5000/6105 5228/4999/4195 5227/7233/6000
f 5002/7372/6108 4964/7373/6109 4954/6512/5753 4990/6511/6108 5003/7257/6018 5019/7256/6017
f 4342/7379/6112 4405/6548/5478 4404/5819/4882 4378/5747/4817 4363/5749/4819
f 5089/6373/5322 5090/7387/3373 5047/6342/5298 5031/6371/5321
f 4169/7388/6117 4192/7389/6118 4193/7390/6118 4183/7391/6118 4184/7392/6118 4209/7393/6118 4110/7394/6118 4156/7395/6118 4167/7396/6118 4119/5403/4538 5118/3940/3353 5136/3942/5400 5191/6460/5402 5197/6461/5403 5141/6489/5426 5067/6491/5428 5095/6400/5340 5010/6005/5339 4930/7397/6119 4941/7398/6118 4928/7399/6118 4881/7400/6118 4848/7401/6118 4842/6199/5177 4603/5525/4638
f 4637/7405/6122 4604/7406/6123 4647/7407/6124 4664/7408/6125 4671/7409/6126
f 4785/6178/5156 4867/6247/5216 4819/7412/6127
f 5088/6411/5356 5113/7425/6138 5133/7426/6139 5059/6412/5357
f 4588/7427/6140 4626/7428/6140 4613/7429/6140 4558/7430/6141 4545/7431/6142
f 4631/7432/6143 4584/6872/5737 4595/7433/6025 4621/7434/6144
f 4642/7439/6148 4596/7440/6149 4585/6870/5735 4584/6872/5737 4631/7432/6143
f 4391/7359/6094 4465/5897/4947 4427/5841/4903
f 4867/6247/5216 4827/6608/5519 4886/6248/5217
f 4978/7450/6157 4937/7451/5195 4836/7452/5197 4936/7453/6157 4999/4386/3703 5000/6353/5306
f 5102/6971/5007 5153/6475/5009 5126/6474/5413
f 4799/3445/2934 4750/2289/2933 4745/6127/5115 4780/6835/4789 4803/6203/5182
f 4713/6105/5099 4688/6104/5483 4703/6552/5482 4726/6803/5681
f 4617/6619/5527 4649/6618/5526 4665/7097/6052 4694/6035/5049 4639/6034/5048
f 4423/4168/3536 4388/6708/5595 4387/6707/5594 4410/7477/6174 4442/4166/3534
f 4035/7479/6177 4024/7480/6178 4129/7481/6179 4200/7482/6180 4178/7483/6181
f 5208/6538/1470 5160/6453/5394 5186/6534/5711 5187/6536/6186 5216/7489/6187
f 4787/7490/6188 5053/7491/6189 5052/6116/5107 4777/5938/3420 4807/5937/6190 4820/7492/6191
f 5233/7503/6202 5234/7504/6203 5219/7505/6204 5068/7506/6205 5240/6564/4877
f 4736/4016/3417 4775/7508/5122 4785/7509/6207
f 5099/6446/5636 5076/7510/6208 5023/6350/6209 5071/7511/6210 5096/6419/5364 5120/6418/5363
f 4958/7524/2941 4916/7343/6082 4859/2441/2077 4929/7525/6216 4971/7526/2939
f 4346/6582/5500 4385/5826/4888 4345/971/840
f 5058/6410/5355 5006/6325/5283 5030/6397/5337
f 4326/7533/1862 4372/7079/5240 4353/7534/1863
f 4321/6581/5499 4388/6708/6220 4385/5826/4888 4346/6582/5500
f 4637/3354/2855 4671/6041/5055 4636/3355/2856
f 4315/5763/4833 4366/7537/5571 4342/7379/6221 4341/7538/6222 4340/4399/3713
f 5233/7542/6225 5207/6507/5445 5234/7543/6226
f 4123/5594/4699 4134/5593/4698 4144/7547/6230 4120/5693/4777 4124/5355/4494
f 4576/6620/5528 4539/7548/6231 4538/3587/3060 4580/3586/3059
f 5232/7550/6232 5237/3508/2987 5238/3507/2986 5235/7551/6233 5216/7489/6187 5217/7552/6232
f 4982/7570/6246 4981/7571/6247 4925/6928/5784 5004/6328/5286 5061/5572/4679 5114/2786/2375 5167/7077/5892 5212/7076/5688 5137/7572/6248 5116/7573/6249 5048/2115/1796 5032/2117/1798
f 4851/2800/3775 4818/2799/6252 4802/7577/6253 4866/4468/3773
f 4712/7583/6258 4722/7584/6258 4754/7585/6258
f 5017/6743/5628 4988/6310/415 4976/5965/4992 4997/5964/4991 5015/6057/5066
f 5041/6366/990 5027/6365/5317 5080/6930/5786 5104/7591/991
f 4830/6968/6264 4782/6158/5139 4781/6157/5138 4855/7592/6265 4853/6969/6266
f 5054/7597/3926 5144/6469/3925 5175/7598/6268 5143/7070/5887
f 4866/7605/3773 4802/7606/6253 4819/7607/6273 4867/7608/5216 4906/5651/4749 4904/5657/4755
f 5121/6424/3065 5073/6421/6274 5074/6422/5368
f 4043/5325/4469 4066/7610/6275 4095/7611/4536 4044/5321/4465
f 5189/7618/6280 5211/7078/5893 5167/7077/5892
f 4482/7623/5974 4446/7624/6283 4467/7625/6284
f 4817/6187/5165 4865/7629/6288 4864/7630/5202 4825/6188/5166
f 4408/7631/2973 4439/7632/1484 4460/1725/1463
f 4067/5400/4535 4149/5399/4534 4129/7634/6179 4044/7635/4465
f 4867/6247/5216 4907/5951/4983 4906/5950/4749
f 4395/5829/4921 4444/5863/4923 4413/7651/6299
f 4627/4050/3444 4601/5407/4542 4616/7654/6302
f 4425/5855/4956 4475/7655/6303 4501/3307/6304 4424/5913/4954
f 4416/6764/2994 4377/29/26 4376/7656/2995
f 4273/7661/6308 4263/5727/4798 4253/4163/3531 4252/4165/3533 4245/5694/4585 4268/2183/1861 4353/2185/1863 4394/6268/5239 4431/5903/6309 4432/5832/4895 4374/5831/4894 4327/6255/6308
f 5139/7662/6310 5091/7663/6311 5095/7664/6312 5067/7665/6313 5138/7666/6314 5172/7667/6315
f 4681/6084/5086 4596/6810/6316 4642/7668/6317 4661/7669/6318
f 4413/7651/6299 4352/3818/3240 4373/3817/3239 4395/5829/4921
f 4948/7676/6322 4961/7677/6323 4959/5245/4400 4945/5247/6324 4902/7678/6325
f 4139/5068/4259 4147/5615/4718 4185/5065/4256
f 4993/6320/5281 4900/6331/5289 4986/6306/5273
f 4850/7688/6333 4860/7689/6334 4658/6177/5155
f 4796/2798/2387 4779/1338/6335 4774/6147/5128 4818/2799/2388
f 5082/7696/5418 5188/7697/6338 5070/7698/6339 5107/7699/6340 5132/7700/6341
f 4740/6094/5089 4761/1948/6342 4769/6120/6343 4751/6114/5106 4720/6068/5075
f 4337/7705/5705 4363/5749/4819 4364/5748/4818 4362/7706/5703
f 4613/7715/6352 4626/7716/6353 4686/6500/5437 4684/7717/6352
f 4113/7718/6354 4089/5562/4657 4029/5518/4632 4112/7719/6355
f 4784/6186/6356 4772/6700/5587 4771/6699/5586
f 4365/7041/5865 4338/7722/6359 4332/30/27 4377/29/26
f 4491/287/253 4558/7430/6360 4613/7429/6360 4684/7723/6360 4712/7724/6360 4791/6439/5382 4823/3885/3301 4792/3884/3300 4683/4692/3950 4656/7725/6361 4502/6850/6362 4476/288/254
f 4794/7730/6367 4770/6125/5113 4742/6111/5103 4795/7731/6368
f 4111/5298/4442 4080/5300/4444 4052/7732/6369
f 4290/5734/4805 4346/6582/5500 4319/6721/5609 4288/5735/4806
f 4102/7735/4974 4063/7736/4676 4032/7306/6056 4041/7305/4733
f 4995/4590/3874 5025/4589/3873 5012/6332/5290 4993/6320/5281
f 4657/6553/5484 4628/7744/6375 4620/7745/4046 4663/6554/5485
f 4822/6967/6376 4854/6966/2224 4808/7746/2226
f 5034/7009/5843 5033/6360/5842 5062/6399/6379 5115/7749/6380 5094/7750/6381 5093/7751/6379
f 4858/7752/6382 4896/7209/5987 4880/7213/5991 4847/7753/6383
f 4116/5586/4691 4050/5588/4693 4178/7483/6181 4177/7304/6055
f 4615/7754/6384 4589/7755/5013 4570/7228/5015
f 4135/7146/5937 4160/5574/4681 4162/7763/6387 4165/7764/6388 4117/7147/5938
f 4929/7766/6390 4859/7767/6391 4881/7768/6392 4928/7769/6393 4941/6303/5270
f 4312/5760/4830 4318/6885/5745 4283/5437/4569 4284/7770/4366 4287/5764/4365
f 5178/6492/6395 5175/7598/6268 5144/6469/3925 5152/6540/5470
f 5018/6370/5320 5086/6837/5709 5108/6231/5205 5045/6233/6398 5020/6368/5318
f 4401/7796/6409 4414/7797/4802 4402/7798/4804
f 4872/7800/2225 4854/6966/2224 4889/6970/5782
f 4438/6202/5181 4407/6662/5560 4406/6664/5562 4437/5869/2021
f 4287/5200/4365 4285/5199/4364 4286/5736/4807 4288/5735/4806
f 4941/6303/5270 4985/6305/5272 4971/7320/6064 4929/7766/6390
f 4282/5728/4801 4316/5730/4571 4317/3637/3099
f 4669/7807/5053 4695/4017/3418 4641/6000/5024 4622/6015/927
f 4747/4323/6414 4730/4325/3654 4728/7303/6054 4743/6698/6415 4772/6700/5587
f 4085/5022/4219 4100/5021/4218 4049/496/443 4046/5520/4634 4045/5521/4635
f 4775/6139/5122 4767/6149/5130 4749/6572/6417 4776/6571/6418 4806/6212/6419 4805/6179/5157
f 5214/7810/5810 5166/3960/3372 5165/3962/3374 5190/7369/6104 5230/7368/5811
f 4051/5634/4651 4052/7823/6428 4080/7824/6429 4159/6393/5336
f 5078/7826/5370 5039/7827/3872 4996/5655/4753 5026/5654/4752 5041/1139/990 5103/1141/992
f 4635/7828/6431 4725/7829/6431 4726/6803/5681 4703/6552/5482 4663/6554/5485
f 4879/3887/3303 4871/7836/5458 4895/6257/5226
f 4719/7837/6435 4709/6009/5030 4711/6070/5077 5052/6116/5107 5053/7491/6189
f 4358/7843/6440 4402/7844/6441 4397/6234/4890 4359/7845/6442 4309/7846/6443 4264/7847/6440 4250/6171/5149 4253/4163/3531 4263/5727/4798 4280/5256/4410 4307/5258/4412 4308/6448/6440
f 5056/6742/5627 5015/6057/5066 5079/6404/5346 5083/7006/5841
f 4040/5632/4734 4173/5788/4855 4207/6798/5678 4102/5939/4974
f 4780/6835/4789 4745/6127/5115 4760/6126/5114
f 4311/4396/3710 4337/7705/5705 4336/7859/5704 4335/5785/4852
f 4230/2264/1926 4242/2263/1925 4235/5051/4244
f 4500/7865/6453 4499/7866/6454 4518/5916/4959
f 4499/7866/6454 4525/6791/5671 4518/5916/4959
f 4902/7678/6325 4945/5247/6324 4901/7869/6457
f 5155/7873/5432 5179/6476/5414 5153/6475/5009
f 4521/1416/1223 4490/5900/4949 4544/1417/1224
f 4559/5993/6458 4560/5978/5001 4546/5977/5000 4522/7874/6459
f 4423/4168/3536 4450/4167/3535 4486/1748/1485 4439/1747/1484 4421/3493/2972
f 4820/7879/6464 4841/7880/6465 4787/7881/6466
f 4977/6322/5282 4946/7013/5247 4994/7882/5274 5024/7883/5292 5077/6441/5384 5102/5985/5007 5040/7884/6467 5014/6335/5067
f 4693/7889/6473 4706/7302/6051 4730/4325/3654 4731/4324/3653
f 4762/7891/6474 4791/6150/5131 4754/6152/5133 4755/6109/6475
f 4240/7892/6476 4297/7893/6476 4265/7894/6476
f 4908/7899/6477 4919/1409/1216 4935/7900/6478 4951/7901/5276
f 4149/5399/4534 4095/5401/4536 4093/5602/4706 4176/6881/5742
f 5158/7005/5840 5126/6474/5413 5179/6476/5414 5185/7904/6481
f 4467/5798/6483 4141/5958/4987 4113/7906/6484 4112/7907/6484 4073/7908/6484 4106/7909/6484 4068/7910/6484 4118/7911/6484 4117/7912/6484 4165/7913/6484 4114/7914/6484 4115/7915/6484 4094/7916/6484 4025/7917/6484 4079/7918/6484 4076/7919/6484 4075/7920/6484 4136/7921/6484 4088/7922/6484 4056/7923/6484 4101/7924/6484 4097/7925/6484 4049/7926/6484 4100/7927/6484 4121/7928/6484 4137/7929/6484 4120/7930/6484 4144/7931/6485 4468/518/1659 4548/1958/1658 4574/5968/6484 4575/5980/6484 4607/5998/6484 4592/6014/6484 4650/6047/5060 4659/6046/5059 4744/6107/5100 4766/7932/1159 4816/6210/5189 4861/6209/5188 4901/6277/5246 4933/6276/5245 4900/6298/5265 4992/6349/5302 4099/6364/5316 5074/6422/6484 5073/6421/5366 5054/4662/5365 5097/6464/6484 4077/7933/6484 5072/6401/6484 4944/6347/6484 4973/6346/6484 4932/2956/5231 4898/6261/5230 4850/7688/6333 4658/6177/5155 4771/6176/5154 4743/7934/6484 4714/6061/5068 4692/5767/4836 4605/5766/4835 4561/1213/5017 4509/1212/6484
f 4071/7937/4662 4048/2783/2372 4070/2782/2371 4116/7938/6486 4171/7939/6487 4082/7940/4667
f 5158/7941/6488 5185/7942/6481 5159/7943/6489 5105/7944/6490
f 4588/7945/6491 4601/7946/6492 4619/1251/6493 4626/7716/6353
f 4671/7409/6126 4664/7408/6125 4690/7948/6495 4727/6113/5105 4705/6112/5104
f 4717/6570/5491 4749/6572/5493 4739/7295/6496 4682/7294/6496
f 5199/6528/5461 5203/6992/5832 5204/7949/6497 5198/7950/6498
f 4916/7343/6082 4846/2442/2078 4859/2441/2077
f 4259/5462/6500 4244/5464/4586 4243/6869/5734 4269/7953/6501
f 4798/6189/5167 4731/4324/3653 4747/4323/3652 4797/6577/5495
f 4943/849/743 4973/848/742 4975/6309/5640 4947/7327/5234
f 5107/6508/6504 5001/6354/5353 5087/6409/5352 5132/7958/6504
f 5221/7963/5475 5210/7964/6505 5162/6481/5419 5209/7965/6506 5243/7966/6507 5244/5338/4482 5239/5340/4484 5214/6964/6508 5229/6963/6509 5224/7967/6509
f 4863/2796/2385 4884/7968/6510 4861/6227/5188
f 4908/5640/4739 4951/7969/5276 4963/464/417 4909/5641/4740
f 4044/7635/4465 4095/5401/4536 4067/5400/4535
f 4914/7973/5251 4920/7974/5250 4853/6969/6266 4855/7592/6265
f 5140/7975/6513 5213/5000/6105 5190/7369/6104 5165/3962/3374 5134/6724/5612
f 4329/7976/6514 4360/7018/5849 4330/7017/5848 4306/7977/6515 4310/7978/6516
f 4267/7982/6517 4269/7953/6501 4302/7364/6100 4326/7533/6518
f 4411/5853/4912 4371/7983/6519 4412/5854/4913
f 4086/7985/331 4155/7986/3982 4154/5605/4709 4084/5604/4708 4085/7987/6520
f 5226/6547/5477 5223/6815/6521 5222/7991/6522 5236/7234/6001
f 4042/5531/4644 4026/5516/4646 4101/7998/6528
f 4233/7999/6529 4241/733/639 4229/735/641
f 4587/6674/5566 4618/6677/5569 4568/8002/6532 4555/8003/6533
f 4429/5996/5019 4395/8004/4891 4397/6234/4890
f 5131/2285/1947 5217/8006/6535 5187/8007/6536
f 5006/6339/5295 5058/6413/5358 5059/6412/5357 5029/8008/6537 5005/6340/5296
f 4650/6043/5057 4629/2095/1776 4666/8010/6538 4679/6080/5083
f 4575/5980/5003 4549/5967/4990 4581/5999/5023
f 4996/8012/4753 5039/4588/3872 4995/4590/3874
f 4496/5930/4970 4449/8014/4928 4471/8015/1255 4495/5929/4969
f 4435/5580/4686 4457/519/460 4417/5581/4687
f 5131/2285/1947 4989/6313/6541 4952/6280/5248
f 5137/8018/5869 5169/6252/5871 5135/8019/6542 5116/8020/6249
f 4080/7824/6429 4133/5668/4763 4182/5667/4722 4138/8022/6543 4159/6393/5336
f 4148/8023/6544 4146/8024/6545 4170/1323/1140
f 4891/6221/6547 4937/6220/6548 4934/5949/4982 4907/5951/4983 4886/6248/5217
f 4099/6364/1939 5075/6423/1941 5074/6422/5368
f 5064/8033/6553 5049/8034/5325 5065/8035/5327
f 4772/6700/5587 4784/6186/6356 4797/6577/6554 4747/4323/6414
f 5211/7200/5893 5220/6814/5689 5212/6813/5688
f 4689/6042/6557 4704/7344/6083 4756/6076/5079 4678/4051/1080 4627/4050/3444 4616/7654/6302 4636/3355/6558
f 4159/5639/4738 4138/8039/6560 4169/8040/6561 4127/5636/4736
f 5119/8042/6562 4710/8043/6563 4751/8044/6564 4788/8045/6564 4821/8046/6564 4888/6241/5213 4912/6242/5214
f 4258/1719/1459 4260/6605/5518 4235/6604/5517 4300/5743/4814 4391/7359/6094 4427/5841/4903 4392/5808/4872 4350/1720/1460
f 4064/7003/5838 4072/7002/5837 4054/5512/4626 4053/5514/4628
f 4582/8053/1774 4551/5954/4986 4552/5953/4985 4594/6745/2814
f 4396/8057/6570 4303/3819/3241 4352/3818/3240 4413/7651/6299
f 5207/8064/6573 5070/7698/6339 5188/7697/6338 5219/7505/6204 5234/7504/6203
f 4036/5513/4627 4054/5512/4626 4069/8067/6575 4039/8068/6576
f 5127/8070/6578 5156/1515/1306 5103/1141/992 5104/1140/991
f 4196/6617/5900 4108/6616/6581 4206/1325/1142
f 4959/5245/4400 4961/7677/6323 4995/4590/3874 4993/6320/5281
f 4534/8073/6582 4599/1216/1052 4556/1215/1051
f 4865/7629/6288 4849/5533/4648 4883/5811/6583 4899/5810/4874 4903/6262/5233
f 4754/6152/5133 4722/6499/5436 4723/5846/5435 4755/6109/6475
f 4656/7725/6361 4683/4692/3950 4653/4691/3949 4587/5971/6584
f 4325/2672/2276 4324/8082/6589 4298/6635/5540
f 5149/6860/5727 5148/6473/5412 5147/6472/5411
f 4132/5787/4854 4031/5631/4641 4195/8093/4643
f 5023/6350/5303 5076/7510/6601 5099/6446/5388 5077/8105/5384 5024/6334/5292
f 5125/8106/6602 5122/8107/6603 5100/6427/5371 5101/8108/6604
f 4617/6619/5527 4639/6034/5048 4651/6037/5051
f 5068/5814/6606 5069/8112/6607 5239/5340/4484
f 4334/4397/3711 4332/30/27 4338/7722/6359 4339/5759/4829 4313/4398/3712
f 4893/6230/3011 4841/8116/6610 4869/4472/5204
f 4237/8117/6611 4260/8118/6612 4243/6869/5734 4246/5686/4774 4238/5688/4775
f 4904/8119/4755 4960/8120/4754 4948/7676/6613 4885/4469/3774 4866/4468/3773
f 4172/8122/6614 4128/8123/6614 4168/8124/6614 4177/8125/6614 4178/8126/6614 4200/8127/6614 4129/8128/6614 4149/8129/6615 4942/6295/5262 5007/6294/5261 5034/8130/6614 5093/6416/5361 5118/3940/3353 4206/5402/4537
f 4489/8138/6616 4519/8139/6617 4544/8140/1224 4477/8141/4948
f 4615/8144/6384 4635/7828/4044 4620/7745/4046 4589/5992/5013
f 4488/8149/6623 4500/7865/6453 4462/5877/4932 4451/5876/4931
f 4666/8010/6538 4680/6077/5080 4679/6080/5083
f 4056/5366/4505 4088/8152/6624 4096/8153/6625 4107/5367/4506
f 5243/7966/6507 5209/7965/6506 5174/1733/1471 5238/8160/6627
f 4656/7725/6361 4587/5971/6584 4526/5973/6628 4502/6850/6362
f 5160/6453/5394 5176/6537/5468 5161/8163/6629
f 4749/6572/6417 4767/6149/5130 4735/6093/5088 4739/7295/6045
f 5123/6445/5387 5124/6444/5386 5148/6473/5412
f 4409/8169/6632 4347/3635/3097 4367/3634/3096 4407/6662/5560
f 5189/7201/6280 5133/7426/2374 5163/7202/6635
f 4551/6239/5211 4581/6238/5210 4549/5961/4990 4524/5963/4972 4511/8178/6636
f 4055/8179/4076 4065/8180/4684 4053/5539/4653 4038/5538/4074
f 4050/5588/4693 4035/7479/6177 4178/7483/6181
f 4987/8184/5293 4998/5653/4751 4950/5652/4750
f 4856/3886/5457 4823/3885/3301 4831/6201/5180 4871/7836/5458
f 4572/8199/6648 4573/8200/6649 4590/8201/6650 4604/7406/6123 4637/7405/6122
f 4557/8202/6651 4601/7946/6492 4588/7945/6491 4545/8203/6142 4535/8204/4978
f 4729/1340/5890 4748/6148/5129 4774/6147/5128 4779/1338/6335
f 4407/6662/5560 4438/6202/5181 4440/5871/5614 4422/8205/6653 4409/8169/6632
f 4249/6832/5150 4270/5704/4784 4261/5703/4783 4251/8208/6655
f 4983/8210/6656 5022/8211/6656 5049/7291/6042 5066/2102/1783 4972/6820/5696 4882/6819/5695 4916/7343/6082 4958/7524/2941
f 4886/6248/5217 4827/6608/5519 4838/6211/6657 4891/6221/6547
f 4589/5992/5013 4620/7745/4046 4628/7744/6375 4602/8212/6658 4591/5979/5002 4560/5978/5001 4559/5993/6458
f 4433/7029/5855 4432/5832/4895 4431/5903/4952 4480/5394/4532
f 5078/6426/5370 5098/6425/5369 5025/8213/3873 5039/8214/3872
f 5091/8215/6659 5117/7293/6660 5064/7292/6553 5065/8216/5327
f 4206/1325/1142 4108/6616/6581 4148/8023/6544 4170/1323/1140
f 5197/6516/5452 5192/6514/5450 5194/8218/6662 5196/8219/6663
f 4179/5620/6664 4180/5661/4758 4184/7281/6034 4183/8220/6665
f 4426/5878/4933 4390/8221/4859 4370/8222/6666 4451/5876/4931
f 4796/2798/2387 4833/2797/2386 4816/5844/4906
f 4339/5759/4832 4338/7722/6359 4318/8233/5745 4312/8234/4830
f 4469/5904/461 4458/6855/4935 4484/846/6674 4492/5905/2031
f 5171/8236/6040 5117/8237/6660 5139/7662/6310 5172/7667/6315
f 4737/2291/6677 4733/5026/4223 4745/6127/5115 4750/2289/2933
f 5050/6566/4483 5242/7332/6075 5233/7503/6202 5240/6564/4877
f 4212/7263/6022 4213/8243/6678 4151/5603/4707 4214/7261/6020
f 4788/6121/6679 4769/6120/6343 4761/1948/6342 4800/1947/6679 4839/6918/5776 4821/6917/5775
f 4247/6950/6682 4239/5687/3532 4253/8246/3531 4249/6832/5150
f 4825/8249/5166 4864/6228/5202 4852/5705/4785 4804/5714/4791 4798/7110/5167
f 5205/6532/5465 5206/6584/5502 5129/6533/5466
f 4075/8255/6684 4076/3448/2937 4081/3447/2936 4082/5556/4667
f 4136/8256/6685 4075/8255/6684 4082/5556/4667 4083/8257/6686 4145/8258/6687
f 4843/8259/6688 4786/6141/2935 4799/8260/2934 4828/8261/6689
f 4544/8140/1224 4519/8139/6617 4556/1215/1051 4569/1214/1050
f 5199/6528/5461 5198/7950/6498 5179/6476/5414 5155/7873/5432
f 4532/8263/4490 4514/8264/5599 4540/8265/6690 4564/1070/928
f 4999/4386/6691 4936/7453/6692 5043/4387/6693
f 4680/6077/5080 4666/8010/6538 4668/2275/1937 4672/5842/4904 4707/6063/5070
f 4090/5563/4673 4089/5562/4657 4113/7718/6354 4141/6779/5663 4125/6778/5662
f 4020/5517/1475 4073/8272/1478 4112/7719/6355 4029/5518/4632
f 4674/5027/4224 4661/8279/6699 4642/7439/6148 4631/7432/6143
f 4490/8280/4949 4477/8141/4948 4544/8140/1224
f 4100/5021/4218 4084/5023/4220 4121/5353/4492
f 4714/8287/6704 4743/6698/6415 4728/7303/6054 4691/7096/6053
f 4337/7705/5705 4311/4396/3710 4340/4399/3713 4341/7538/6707
f 4622/1069/927 4632/1072/930 4676/7297/6047 4675/7296/6046 4660/6038/5052
f 4115/6761/5646 4092/6760/5645 4066/8291/6708
f 4300/5743/4814 4235/6604/5517 4234/8292/6710 4266/5744/4815
f 4235/6604/5517 4224/5373/5516 4222/5375/6711
f 4446/7624/6283 4482/7623/5974 4483/8293/5973 4447/8294/6712
f 4088/8152/6624 4136/8256/6685 4145/8258/6687 4096/8153/6625
f 4592/6044/5034 4593/2092/1773 4629/2095/1776
f 4416/6764/2994 4434/8295/2993 4446/7624/6283
f 4199/6776/5660 4065/5578/4684 4055/4845/6009 4087/7240/6008
f 4189/8298/4621 4188/6995/4620 4140/6994/4712 4187/7144/5935 4191/7143/4720
f 4161/7262/6021 4164/5072/4263 4163/5071/4262 4212/7263/6022
f 4045/8303/4636 4047/8304/332 4086/7985/331 4085/7987/6520
f 4530/1722/738 4497/1721/1461 4532/5349/4490 4563/5348/4489 4552/5953/4985
f 4156/6040/5054 4201/371/330 4047/373/332
f 5148/8305/5412 5149/8306/5727 5180/8307/5459 5155/6495/5432 5154/5986/5008 5123/6442/5385
f 4611/5665/6717 4554/8310/6717 4578/8311/6717
f 5012/6348/5290 5037/6363/5315 4992/6349/5302
f 4363/5749/4819 4337/7705/5705 4341/7538/6707 4342/7379/6112
f 4171/7939/6487 4203/5599/4703 4145/5598/4702 4083/8318/6725 4082/7940/4667
f 5205/6991/5831 5200/6990/5830 5202/6529/5462 5206/7230/5998
f 4806/6212/6419 4838/6211/6657 4827/6608/5519 4805/6179/5157
f 4884/7968/6510 4863/2796/2385 4851/2800/2389 4885/4469/6727 4948/7676/6322 4902/7678/6325
f 4151/5603/4707 4213/8243/6678 4174/6880/5741 4152/5601/4705
f 4632/1072/930 4565/1071/929 4567/8328/6729 4623/8329/5581
f 4619/1251/6493 4685/1250/5438 4686/6500/5437 4626/7716/6353
f 4194/5621/6733 4193/8340/6734 4192/8341/6735 4182/5619/6736
f 5021/6374/6737 5090/6376/6737 5166/8343/6737 5214/6964/6508 5239/5340/4484 5069/8112/6607 5081/8344/6738 4968/3889/3305 4923/3888/3304 4967/6291/5259
f 4219/4806/4048 4220/4805/4047 4228/8348/6739 4229/735/6739
f 4232/5684/4772 4228/8350/6740 4220/7356/6091 4231/5682/4770
f 5181/6497/1308 5183/6496/5433 5202/6529/5462
f 4515/5231/4386 4488/5914/4957 4451/8351/6741 4370/8352/6742
f 4442/8354/6743 4498/8355/6744 4474/8356/6745 4450/8357/6743
f 4248/6951/5801 4247/6950/5800 4249/6832/5150 4251/8208/6655
f 4721/7350/6087 4700/7349/6086 4752/6159/5142 4753/6161/5141
f 4479/8365/4942 4480/8366/4944 4504/8367/6749 4505/8368/6750
f 4078/8369/6751 4150/8370/6752 4151/8371/4707 4093/8372/4706
f 4455/5945/4979 4616/7654/6302 4557/5946/4980
f 4248/6951/5801 4251/8208/6655 4237/8117/6611 4238/5688/4775
f 4158/8373/6754 4157/8374/6755 4166/5612/4714 4190/5505/4622
f 4255/3327/6756 4266/5806/6756 4234/5052/4245 4242/2263/1925
f 4562/5864/4924 4513/1456/1254 4550/1463/1261 4608/8375/6757 4583/7267/6026
f 5087/8382/6759 5044/7255/6016 5046/7254/6015
f 4351/7363/6099 4393/8385/6762 4372/7079/5240 4326/7533/6518 4302/7364/6100
f 4661/8279/6318 4737/2291/1951 4681/8386/5086
f 5116/7573/6249 5135/8387/6542 5115/6541/5471 5048/2115/1796
f 4348/5805/4869 4390/5792/4859 4299/5791/4858 4266/5806/4870
f 4296/6580/6763 4294/7033/4809 4295/8389/4811
f 4295/8389/4811 4321/6581/5596 4296/6580/6763
f 4271/8390/6764 4270/8391/4784 4264/7847/5708 4309/7846/6764
f 4308/6448/5390 4307/5258/4412 4279/5257/4411 4306/6449/5391
f 4288/8392/4806 4289/6679/5570 4287/5764/4365
f 4279/8393/6765 4278/8394/6766 4310/7978/6516 4306/7977/6515
f 4355/6589/5223 4304/8396/4792 4273/8397/4794 4327/8398/5224
f 4297/7893/6767 4370/8352/6742 4348/8400/6768
f 4970/8401/6769 4981/7571/6770 4982/7570/6771 5008/8402/5313
f 4358/8403/6772 4308/8404/5390 4330/7017/5389 4356/7016/5847
f 4380/8408/5746 4318/8233/5745 4338/7722/6359 4365/7041/5865 4381/6765/5650
f 4399/6256/5225 4327/6255/5224 4374/5831/4894 4398/5830/4893
f 4401/8409/6409 4402/8410/4804 4358/8403/6772 4356/7016/5847
f 4847/7753/6383 4810/6433/5376 4811/6432/5375 4858/7752/6382
f 4359/7845/6442 4397/6234/4890 4373/8411/4892 4309/7846/6443
f 4542/8414/6775 4474/8356/6745 4498/8355/6744 4533/8415/6776
f 4325/2672/2276 4257/5698/4780 4256/5697/4779 4301/2673/2277
f 4789/7060/4813 4822/6967/6376 4808/7746/2226
f 4795/7731/6368 4842/8416/6777 4845/8417/6778 4812/8418/6779 4794/7730/6367
f 4324/8082/6589 4325/2672/2276 4349/2671/2275 4371/7044/5868
f 4368/8419/5747 4383/6663/5561 4367/3634/3096 4343/3638/3100
f 4107/8420/6780 4096/5600/4704 4146/5597/4701 4148/8421/6781 4108/8422/5524
f 4347/3635/6782 4409/8169/6782 4422/8205/6782 4386/8423/6782
f 4390/5792/4859 4348/5805/4869 4370/8424/6666
f 4631/7432/6143 4621/7434/6144 4640/8425/5923 4674/5027/4224
f 4884/7968/6510 4902/7678/5694 4861/6227/5188
f 4565/1071/929 4564/1070/928 4540/8265/6690 4542/8427/6783
f 5235/7551/6233 5208/6538/1470 5216/7489/6187
f 4611/6021/5037 4578/6793/5673 4543/6792/5672 4598/8430/6785
f 4275/5718/4795 4304/8396/6786 4305/5750/4820 4274/5752/4822 4281/5719/4796
f 5075/2279/6787 5055/2278/6788 5025/8213/3873 5098/6425/5369 5100/6427/5371 5121/3592/3065
f 4146/8024/6545 4203/2667/2271 4128/2666/2270 4172/1324/1141 4170/1323/1140
f 4773/6146/5127 4748/6148/5129 4759/8432/6790
f 4444/286/252 4396/285/251 4413/8434/6791
f 4400/6591/5509 4399/6590/5508 4398/6623/5531 4415/6622/5530
f 4031/7308/4641 4020/7307/1475 4030/5545/4633 4059/6891/4642
f 4954/6512/5753 4964/7373/6109 4911/6894/5754
f 4129/7481/6179 4024/7480/6178 4044/8438/4465
f 4443/7042/5866 4463/4995/4191 4475/1135/986 4425/8442/6795 4412/7043/5867
f 5210/7199/5981 5222/7991/6522 5223/6815/6521 5220/6814/6796 5211/7200/5982
f 4528/8443/6797 4571/1055/6797 4636/3355/6558 4616/7654/6302 4455/5945/4979 4397/6234/4890 4402/7844/6441 4454/8444/6797
f 4225/6603/6798 4236/6602/6798 4232/8446/6798
f 4453/8447/4919 4428/8448/4918 4427/8449/6799 4465/8450/6800
f 4812/8418/6801 4813/8451/6802 4764/8452/6803 4794/7730/6804
f 5121/3592/3065 5145/3591/3064 5073/8454/6274
f 4800/2098/1779 4768/6142/6805 4740/4076/3467 4670/4075/3466 4624/5004/6805 4597/5006/6805 4525/5232/4387 4515/5231/4386 4370/8352/6742 4297/7893/6767 4240/7892/6805 4226/8455/6805 4227/5677/4767 4219/4806/4048 4229/735/641 4254/734/640 4298/8456/6805 4324/8457/6805 4371/7983/6805 4411/5853/4955 4424/5913/4954 4501/3307/6304 4516/3306/6805 4568/8458/6805 4618/3735/3171 4644/3737/3173 4709/8459/6805 4719/8460/6805 5053/8461/6805 4787/7881/6466 4841/7880/6465 4893/3535/6805 4953/6240/6805 4964/6281/6805 5002/6355/5308 5001/6354/5307 5107/6508/5446 5207/6507/5445 5233/7542/6225 5218/6569/5490 5241/6568/5489 5051/8462/6806 5232/8463/6807 5217/8006/6535 5131/2285/1947 4877/2096/1777
f 4514/8466/5599 4532/5349/4490 4497/1721/1461
f 5162/8470/6809 5210/7199/5981 5164/7198/5980
f 4695/4017/3418 4736/4016/3417 4759/8471/6790 4732/8472/5071 4673/8473/1936 4652/6744/5629 4641/6000/5024
f 5026/6367/4752 5016/6338/5294 5027/6365/5317
f 5185/7904/6481 5204/7949/6497 5159/8474/6489
f 5164/7198/5980 5163/7202/5984 5133/7426/6139 5113/7425/6138
f 4662/6032/5047 4645/6019/4729 4624/8476/6811 4670/7154/5946
f 4546/5977/5000 4505/8368/6750 4504/8367/6749 4522/7874/6459
f 4860/6226/5201 4883/5811/4875 4849/5533/4648
f 4874/1407/1214 4835/6205/5184 4826/6204/5183
f 4076/3448/2937 4079/5884/4936 4028/5886/4938 4048/3449/2938
f 4926/8480/5988 4970/5768/4837 4984/5771/4840 4942/8481/6813 4897/8482/5989
f 5225/8483/5687 5231/6556/5476 5215/6555/4194 5171/7289/6040 5195/8484/5456 5193/8485/6814 5137/7572/6248 5212/7076/5688
f 4045/8303/4636 4022/8486/4629 4027/8487/6815 4047/8304/332
f 4232/5684/4772 4236/5696/5553 4233/6653/5552 4229/8489/6816 4228/8350/6740
f 4542/8490/6783 4540/8491/6690 4514/6711/5599 4474/6710/5598
f 4545/8493/6142 4558/8494/6141 4491/8495/6817
f 4261/8496/6818 4272/8497/3242 4262/8498/5554
f 4262/6654/6819 4251/8208/6655 4261/5703/4783
f 4224/5683/6092 4231/5682/4770 4220/7356/6091
f 4130/8500/6820 4157/8501/6820 4158/8502/6820 4186/8503/6820 4210/8504/6820 4211/8505/6820 4205/8506/6820 4199/8507/6820 4087/8508/6820 4126/8509/6820 4074/8510/6820 4127/8511/6820 4169/7388/6117 4603/5525/4638 4742/5527/4640 4727/8512/6820 4690/7022/6820 4647/7021/6820 4604/8513/6820 4590/8514/6820 4573/8515/6820 4537/8516/6820 4523/5924/4966 4466/5923/4965 4445/8517/6820 4403/8518/6820 4375/5834/4897 4360/5804/4868 4310/5757/4827 4276/5753/4823 4274/5755/4825 4331/5778/4846 4354/5780/4848 4400/8519/6820 4415/8520/6820 4456/8521/6820 4479/8522/6820 4505/8523/6820 4546/8524/6820 4591/8525/6820 4602/8526/6820 4628/6029/6820 4648/6031/5046 4688/6830/5706 4758/6170/5148 4810/6169/5147 4847/8527/6820 4880/2933/2498 4897/2932/2497 4942/6295/5262 4149/8129/6615 4176/8528/6820 4174/8529/6820 4213/8530/6820 4212/8531/6820 4163/8532/6820 4208/8533/6820 4207/8534/6820 4173/8535/6820 4132/8536/6820
f 5194/8540/5455 5195/8484/5456 5171/7289/6040 5172/8541/6315
f 4554/8310/6822 4611/5665/4760 4600/5664/4759 4599/8542/6823 4534/5943/4977 4519/5942/4976 4489/5896/4946 4520/4443/3753
f 4464/5895/4945 4465/5897/4947 4391/7359/6094 4389/5839/6095 4452/4444/3754 4520/4443/3753
f 4500/7865/6453 4518/5916/4959 4462/5877/4932
f 4508/7192/1047 4561/8545/1049 4538/3587/3060
f 5177/8547/5430 5151/8548/5469 5181/1517/1308 5201/8549/5460 5180/8307/5459 5149/8306/5727
f 4477/8141/4948 4453/8447/4919 4465/8450/6800 4489/8138/6616
f 4481/7162/5143 4506/5981/5004 4536/5984/635 4528/8550/637 4454/8551/4803
f 4414/8553/6825 4401/8409/6409 4403/8554/6826 4445/8555/6827
f 4813/7342/6802 4812/8556/6801 4845/2443/2079 4846/2442/2078
f 4042/8557/4644 4101/8558/6528 4056/5366/4505 4060/5368/4507
f 4473/6982/4929 4487/6840/5714 4472/8560/4939
f 4965/5010/4207 4980/7163/5954 4955/5007/4204
f 4572/8199/6648 4536/8561/635 4523/8562/5006 4537/8563/6830 4573/8200/6649
f 5204/7949/6497 5185/7904/6481 5179/6476/5414 5198/7950/6498
f 4539/7548/6831 4576/6620/5528 4550/8566/1261
f 4595/7266/6025 4583/7267/6026 4621/8567/6832
f 5009/7319/5280 5036/8569/5326 5049/8570/5325 5022/8571/6833 4983/8572/2940
f 5114/2786/2375 5133/2785/2374 5189/7618/6280 5167/7077/5892
f 5000/7339/6079 5028/6931/5787 5027/6365/5317 5016/6338/5294 4987/6337/5293
f 4434/3515/6834 4376/3517/6834 4361/5172/6834 4333/5782/6834 4335/5784/6834 4336/5815/4879 4364/5817/4881 4379/5582/6834 4417/5581/6834 4457/519/6834 4468/518/1659 4144/7931/6485 4109/8573/6834 4111/8574/6834 4069/8575/6834 4054/8576/6834 4072/8577/6834 4175/8578/6834 4185/8579/6834 4122/5960/4989 4529/5959/4988 4141/5958/4987 4467/5798/6483
f 4803/6203/5182 4835/6205/5184 4828/7239/6007 4799/3445/2934
f 4569/1214/1050 4612/1217/1053 4614/8580/6835 4579/8581/1225 4544/8140/1224
f 5006/6325/5283 4940/6327/5285 4914/6283/6836 4855/8582/6837 4781/6160/5138 4746/6117/5108 5119/8042/6562 4912/6242/5214 4955/5007/4204 4980/7163/5954 5109/6398/5338
f 4564/1070/928 4622/1069/927 4609/8583/6838
f 4597/5006/4203 4598/5005/4202 4543/8584/6839 4525/5232/6839
f 4770/6125/4663 4794/7730/6804 4764/8452/6803 4704/8585/4664
f 4495/8586/4969 4471/1457/1255 4513/1456/1254
f 4785/7509/6207 4819/7607/6273 4802/7606/6253 4773/8588/5127 4759/8471/6790 4736/4016/3417
f 4950/6279/4750 4934/5949/4982 4962/7337/6077 4987/6337/5293
f 4595/7433/6025 4584/6872/5737 4577/6871/5736 4562/8589/4924
f 5161/8163/6629 5109/6232/5206 5160/6453/5394
f 4428/7080/4918 4372/7079/5240 4393/8385/6762 4427/8596/6799
f 4567/6144/5125 4533/8415/6845 4498/8355/6845 4442/8354/6845 4410/8601/6845 4387/8602/6845 4323/8603/6845 4295/5740/4811 4293/5737/4808 4322/5858/4917 4386/5857/4916 4422/5044/6845 4461/5046/6845 4472/5888/6845 4541/6903/6845 4586/6811/6845 4596/6810/6316 4681/6084/5086 4738/6083/1950 4786/6141/5123 4843/8259/6845 4875/5642/6845 4909/5641/6845 4963/464/6845 5017/463/6845 5042/8604/6845 5105/7944/6845 5159/7943/6845 5106/6530/5463 5129/6533/5466 5084/6586/6845 5130/8605/6845 5085/5825/6845 5043/4387/6693 4936/7453/6692 4836/7452/6845 4868/109/6845 4837/108/6845 4441/6592/6845 4717/6065/5072 4643/6067/5074
f 4612/1217/1053 4646/6841/5715 4655/8613/6846 4614/8580/6835
f 4610/5625/4761 4677/5624/6847 4710/8043/6563 5119/8042/6562 4746/6117/5108 4698/8614/6847 4654/6389/5063 4634/6391/5335 4599/8542/6823 4600/5664/4759
f 4052/8615/6369 4039/8068/6576 4069/8067/6575 4111/8616/4442
f 4150/8370/6752 4162/6795/5676 4214/6794/5675 4151/8371/4707
f 5080/8617/5786 5127/8618/6578 5104/8619/991
f 4615/7754/6848 4614/8620/6849 4655/8621/6850 4687/7284/6037 4724/7283/6036 4763/8622/6851 4725/8623/6850 4635/8624/6850
f 4611/6021/5037 4598/8430/6785 4624/8476/6811 4645/6019/4729
f 4516/8625/6852 4517/8626/984 4527/8627/988 4526/8628/6852 4555/8003/6533 4568/8002/6532
f 5184/6585/5503 5128/8629/5904 5130/8605/5905 5084/6586/5504
f 4989/6369/5319 5020/6368/5318 4965/8630/5268 4979/8631/5267
f 4576/6620/5528 4617/6619/5527 4608/8637/6757 4550/8566/1261
f 5011/6756/5638 5071/7511/6210 5023/6350/6209 5013/6333/5639
f 4669/6039/5053 4660/6038/5052 4675/7296/6046 4696/6051/3416
f 4606/3590/3063 4638/5660/4757 4649/6618/5526
f 4321/8642/5596 4295/5740/4811 4323/8603/5597
f 4066/7610/6275 4092/8644/6857 4078/8369/6751 4093/8372/4706 4095/7611/4536
f 4497/5894/1461 4486/1748/1485 4514/6711/5599
f 4388/6708/6220 4423/4168/3536 4421/3493/2972 4385/5826/4888
f 4832/8645/6858 4763/8622/6851 4724/7283/6036 4778/5741/4812 4808/2625/2226 4872/2624/2225 4925/6928/5784 4981/7571/6247 4927/3149/6859 4915/3148/2682 4873/8646/6860
f 5121/3592/3065 5100/6427/5371 5122/8107/6603 5146/3593/3066
f 4565/8647/929 4542/8414/6775 4533/8415/6776 4567/6144/6729
f 5217/8006/6861 5216/8648/6861 5187/8007/6861
f 4052/7823/6428 4051/5634/4651 4038/5538/4074 4036/5537/4652 4039/8649/6862
f 4118/7145/5936 4068/5613/4716 4063/5569/4715 4103/5571/4678 4160/5574/4681
f 4940/6327/5285 4991/6326/5284 4956/6284/6863
f 5071/7511/6210 5011/6756/5638 4944/8650/6864
f 4687/8651/6866 4655/8613/6846 4646/6841/5715 4702/7089/5898 4701/7351/6088
f 4693/7889/6473 4667/6036/5050 4694/6035/5049 4706/7302/6051
f 4267/7982/6517 4259/5462/6500 4269/7953/6501
f 4601/5407/4542 4557/5946/4980 4616/7654/6302
f 4508/7192/5975 4538/3587/3060 4539/7548/6231 4493/7189/5972
f 4815/5534/4649 4849/5533/4648 4865/7629/6288 4817/6187/6868
f 4790/8656/6869 4809/7132/6870 4831/8657/6871 4801/8658/6869 4791/6150/5131 4762/7891/6474
f 4511/845/6636 4524/5935/4972 4492/5905/2031 4484/846/6674
f 4119/8659/5901 4167/5388/4526 4033/5390/4528 4061/8660/5902
f 5128/7099/6872 5127/8618/6578 5080/8617/5786 5057/7100/5785
f 4068/5613/4716 4106/1739/1477 4032/1738/1476
f 4125/6778/5662 4140/5610/4787 4090/5563/4673
f 5128/7099/6872 5184/7231/5999 5183/6496/5433 5157/8665/6875 5127/8618/6578
f 4921/6927/5783 4966/6329/5287 4925/6928/5784
f 5199/6528/5461 5155/7873/5432 5180/6526/5459
f 4577/6871/5736 4553/5947/4981 4531/5927/4925 4562/8589/4924
f 5086/8668/6876 5018/8669/6876 4989/6313/6541 5131/2285/1947
f 4715/6078/5081 4680/6077/5080 4707/6063/5070 4716/7075/5891
f 4114/6762/5647 4165/7764/6388 4150/8670/6877 4078/6763/5648
f 4419/6551/5481 4458/6855/4935 4469/5904/461 4435/6138/4686
f 4763/8675/5112 4832/8676/6858 4858/7752/6879 4811/6432/5375 4793/6431/5121
f 4416/6764/2994 4446/7624/6283 4447/8294/6712 4436/5850/5649
f 4802/7577/6253 4818/2799/6252 4774/6147/5128 4773/6146/5127
f 4935/8684/6478 4976/5965/4992 4988/6310/415 4951/6312/5276
f 4130/8685/6880 4132/8686/4854 4195/5530/4643 4058/5543/4656
f 4133/5592/4697 4109/5299/4443 4144/7547/6230 4134/5593/4698
f 4827/6608/5519 4867/6247/5216 4785/6178/5156
f 5146/3593/3066 5122/8107/6603 5152/6540/5470 5144/6469/3925
f 4949/3617/3082 4976/8688/4992 4935/7900/6478 4919/1409/1216
f 4028/5886/4938 4025/5885/4937 4023/6801/5680
f 4288/5735/4806 4319/6721/5609 4289/8691/5570
f 4183/8220/6665 4193/8340/6734 4194/5621/6733 4179/5620/6664
f 4896/6260/5229 4858/8701/6879 4832/8645/6858 4873/8646/6860 4915/3148/2682
f 5231/6556/5476 5225/8483/5687 5226/8702/5477
f 5101/8703/6604 5078/7826/5370 5103/1141/992 5156/1515/1306 5181/1517/1308 5151/8548/5469 5125/8704/6602
f 4920/7974/6883 4956/8705/5667 4921/8706/5666 4889/6970/5816 4853/6969/5815
f 5201/6527/5460 5202/6529/5462 5200/6990/5830 5199/6528/5461
f 4876/7238/4742 4875/8707/4741 4843/8708/6688 4828/7239/6689
f 4320/3636/3098 4292/6806/5945 4282/5728/4801 4317/3637/3099
f 4401/8409/6409 4356/7016/5847 4375/7020/5851 4403/8554/6826
f 4667/7125/5050 4640/7128/5923 4621/8567/6832 4583/7267/6026 4608/8375/6757 4651/8710/5051
f 4848/8711/6884 4881/7768/6392 4859/7767/6391 4845/8417/6778 4842/8416/6777
f 5157/8665/6875 5183/6496/5433 5182/6498/5434 5156/8714/1306 5127/8618/6578
f 4865/7629/6288 4903/6262/5233 4918/6264/5235 4890/8719/6887 4864/7630/5202
f 4661/8279/6699 4674/5027/4224 4733/5026/4223 4737/2291/6677
f 4836/6222/5197 4891/6221/5196 4838/6211/103 4868/8723/105
f 4640/7128/5923 4708/7127/4225 4674/8729/4224
f 4430/6610/4920 4453/5898/4919 4490/5900/4949
f 4319/8730/5609 4345/8731/840 4369/6680/839 4289/6679/5570
f 4940/6327/5285 4956/6284/6863 4914/6283/6836
f 4898/6246/5215 4931/6273/2518 4899/5810/4874
f 4157/8374/6755 4130/8685/6880 4058/5543/4656 4166/5612/4714
f 4279/8393/6765 4277/5724/4799 4276/5720/4797 4278/8394/6766
f 4199/6776/5660 4197/5576/4682 4065/5578/4684
f 4922/2632/2233 4924/2636/2237 4957/8742/6891 4967/6344/5300
f 4985/8747/6892 4930/7397/6119 5010/6005/5339 5035/6004/6892
f 4732/6064/5071 4759/8432/6790 4748/6148/5129 4716/7075/6893 4707/6063/5070
f 4444/5863/4923 4429/5862/4922 4478/8748/5018 4491/8495/6817
f 5004/6328/5286 4925/6928/5784 4966/6329/5287
f 4165/7764/6388 4162/7763/6387 4150/8670/6877
f 4644/6007/5029 4633/6676/5568 4653/6675/5567 4697/6008/3951
f 4430/6610/4920 4490/5900/4949 4521/1416/1223 4579/1418/1225 4614/8620/6849 4615/7754/6848 4570/7228/6894 4503/5392/6894 4431/5903/6309 4394/6268/5239
f 4186/5623/4726 4158/8373/6754 4190/5505/4622 4189/5504/4621
f 4418/8754/4911 4448/1458/1256 4406/2375/2022 4383/8755/6896 4368/6887/5747 4380/6886/5746
f 5017/463/6897 5056/8757/6897 5083/8758/6898 5042/8604/6899
f 4404/5819/4882 4405/6548/5478 4419/6551/5481 4435/6138/4686
f 4797/6577/6554 4784/6186/6356 4815/5534/4649 4817/6187/6868
f 5110/8759/6900 5046/8760/6900 5003/8761/6900 4990/8762/6901 4968/3889/3305 5081/8344/6738
f 4972/6820/5696 5066/2102/1783 5060/2101/1782 5031/8764/6902 4957/6821/5697
f 4065/8180/4684 4105/8766/4683 4104/8767/6903 4064/8768/6904 4053/5539/4653
f 4962/7337/6077 4934/5949/4982 4937/6220/6548 4978/7338/6078
f 4539/7548/6831 4550/8566/1261 4494/8769/1260 4493/7189/4953
f 4617/6619/5527 4651/6037/5051 4608/8637/6757
f 4741/4018/6906 4683/4692/3950 4792/3884/3300
f 4792/3884/3300 4844/3883/3299 4829/8771/5031
f 4459/1724/1462 4420/8772/5480 4382/6681/5479 4369/6680/839 4384/8773/841 4408/7631/2973 4460/1725/1463
f 4156/6040/5054 4110/8775/6907 4201/371/330
f 5029/5573/4680 5061/5572/4679 5004/6328/5286
f 4201/371/330 4110/8775/6907 4209/7280/6033 4155/4730/3982
f 4535/8776/4978 4545/8493/6142 4491/8495/6817 4478/8748/5018
f 4629/2095/1776 4630/2094/1775 4668/2275/1937 4666/8010/6538
f 5096/6419/5364 5071/7511/5344 5072/6420/5343
f 5091/7663/6311 5065/8783/6908 5063/8784/6909 5095/7664/6312
f 5078/6426/5370 5101/8108/6604 5100/6427/5371
f 5136/8785/6910 5135/8019/6911 5169/6252/5221 5168/6251/5220
f 4960/8120/4754 4996/8012/4753 4995/4590/3874 4961/7677/6912 4948/7676/6613
f 5188/8786/6913 5082/8787/5418 5081/8344/5417 5069/8112/6914 5219/8788/6915
f 5036/8569/6916 5009/7319/6063 5035/7318/6062 5063/8789/6909 5065/8790/6908
f 4869/4472/3778 4841/8116/6917 4820/7492/6191 4807/5937/6190 4829/6010/6917 4870/4470/3776
f 5105/7944/6490 5042/8604/6899 5083/8758/6898 5158/7941/6488
f 4682/6066/5073 4676/6695/5582 4643/6067/5074
f 5110/6478/5416 5082/6480/5418 5132/8793/6341 5087/8382/6759 5046/7254/6015
f 4021/498/445 4097/497/444 4101/7998/6528 4026/5516/4646
f 4455/5945/4979 4535/5944/4978 4478/5995/5018
f 5092/2103/1784 5140/7290/6513 5134/8794/5612 5089/8795/5322 5060/2101/1782
f 4919/1409/1216 4908/7899/6477 4876/7238/6006 4874/1407/1214
f 5091/8215/6659 5139/8796/6310 5117/7293/6660
f 4982/7570/6771 5032/2117/1798 5008/8402/5313
f 4060/5548/4659 4107/8420/6780 4108/8422/5524 4061/5549/4660
f 4142/5644/4743 4104/8767/6903 4105/8766/4683 4197/8798/4682 4143/5645/4721
f 4436/5850/1257 4418/5852/4911 4380/8408/5746 4381/6765/5650
f 5122/8107/6603 5125/8106/6602 5151/6539/5469 5152/6540/5470
f 4729/6106/1160 4766/7932/1159 4744/6107/5100
f 4192/8341/6735 4169/8040/6561 4138/8039/6560 4182/5619/6736
f 5025/4589/3873 5055/8801/6788 5037/8802/6919 5012/6332/5290
f 4292/6806/5682 4320/3636/5962 4322/8803/4917 4293/6804/4808
f 5175/7598/6268 5178/6492/6395 5150/6494/5888 5143/7070/5887
f 4927/3149/2683 4981/7571/6770 4970/8401/6769 4926/3147/2681
f 5194/8218/6662 5172/7667/6315 5138/7666/6314 5141/8805/6920 5196/8219/6663
f 4147/5615/4718 4187/5614/4717 4122/5708/4786 4185/5065/4256
f 4331/5751/4821 4305/5750/4820 4304/8396/6786 4355/6589/5507 4328/6588/5506
f 4457/8807/460 4435/6138/4686 4469/5904/461
f 5162/6481/5419 5111/6457/5397 5030/6397/5337 5109/6398/5338 5161/8808/6922 5176/1734/1472 5174/1733/1471 5209/7965/6506
f 4831/8657/6871 4809/7132/6870 4857/2635/2236 4871/2634/2235
f 5170/6253/5222 5137/8018/6923 5193/8809/6923 5192/6514/5450
f 4990/8762/6901 4913/6250/5219 4969/3881/3297 4968/3889/3305
f 5135/8019/6911 5136/8785/6910 5094/7750/6381 5115/7749/6380
f 4721/8815/6924 4753/8816/6924 4789/5742/4813 4778/5741/4812 4701/7285/6924
f 4211/6624/5533 4191/5617/5532 4181/5616/4719
f 5106/8817/5463 5159/8474/6489 5204/7949/6497 5203/6992/5464
f 4344/8818/4570 4368/8419/5747 4343/3638/3100 4316/5730/4571
f 4967/6344/5300 4957/8742/6891 5031/6371/5321 5047/6342/5298
f 4043/5243/4398 4094/5242/4397 4115/6761/5646 4066/8291/6708
f 4466/7161/5953 4481/7162/5143 4414/8553/6825 4445/8555/6827
f 4062/8827/4677 4063/7736/4676 4102/7735/4974 4164/7333/5691 4160/6796/4681
f 5221/7963/5475 5222/8828/5474 5210/7964/6505
f 4022/8486/4629 4042/5547/4658 4061/5549/4660 4033/8829/6927 4027/8487/6815
f 5068/7506/6928 5219/7505/6915 5069/8832/6914
f 5232/8463/6807 5051/8462/6806 5237/8833/6929
f 5235/7551/6233 5238/3507/2986 5174/8834/1471 5208/6538/1470
f 5123/6445/5387 5077/8105/5384 5099/6446/5388
f 5233/7542/6931 5242/6567/5488 5218/6569/5490
f 5026/6367/4752 4998/6336/4751 5016/6338/5294
f 4382/6549/5479 4405/6548/5478 4342/7379/6221 4366/7537/5571
l 4186 4198
